apartment_id,apartment_name,gu,legal_dong,household_count,elementary_school_name,primary_market,fallback_level,fallback_market_name,school_premium_core_score,estimated_school_premium_pct,school_premium_confidence,representative_area_m2,recent_6m_market_price,recent_12m_market_price,transaction_count_6m,transaction_count_12m,comparable_apartment_count,comparable_transaction_count,local_fair_price_per_m2,local_fair_total_price,fair_price_lower,fair_price_upper,prediction_interval_width_pct,selected_model_type,local_model_rmse,local_model_mae,recent_local_residual,residual_volatility,model_confidence,low_sample_flag,fallback_flag,data_quality_flag,school_value_gap_pct,gap_confidence,gap_positive_probability,candidate_tier,residual_6m_median,residual_12m_median,residual_temporal_stability,fair_price_lower_per_m2,fair_price_upper_per_m2,observed_unit_price_6m,observed_unit_price_12m,observed_market_price_6m,observed_market_price_12m,has_6m_market_price,has_12m_market_price,local_value_gap_6m_pct,local_value_gap_12m_pct,local_value_gap_pct,fair_price_lower_gap_pct,fair_price_upper_gap_pct,local_gap_temporal_stability,local_gap_temporal_abs_diff,local_gap_interval_status,point_gap_status,local_gap_confidence,local_sign,school_sign,school_local_signal_agreement,strong_dual_positive,extreme_gap_flag,dong_bias_flag,residual_gap_direction_consistent,combined_candidate_class,phase154_audit_priority
A10020002,드파인 광안,수영구,광안동,1233.0,호암초등학교,수영구|광안동,1,수영구|광안동;수영구|남천동,64.94271523178807,,B,,,,0,0,9,2635,,,,,,INSUFFICIENT_FEATURES,,,,,LOW,True,True,INSUFFICIENT_MODEL_FEATURES,,LOW,,NOT_CANDIDATE,,,,,,,,,,False,False,,,,,,INSUFFICIENT,,INSUFFICIENT,MISSING,LOW,MISSING,MISSING,MIXED_OR_NEUTRAL,False,False,False,False,UNCERTAIN,LOW
A10020004,롯데캐슬인피니엘,남구,문현동,715.0,성동초등학교,남구|문현동,0,남구|문현동,57.40093818984548,,B,59.9665,8671508.258777818,8671508.258777818,5,5,7,1328,,,,,,INSUFFICIENT_FEATURES,,,,,LOW,False,False,INSUFFICIENT_MODEL_FEATURES,,LOW,,NOT_CANDIDATE,,,,,,8671508.258777818,8671508.258777818,520000000.00000006,520000000.00000006,True,True,,,,,,INSUFFICIENT,,INSUFFICIENT,MISSING,LOW,MISSING,MISSING,MIXED_OR_NEUTRAL,False,False,False,False,UNCERTAIN,LOW
A10020020,부산에코델타시티 디에트르 더 퍼스트아파트,강서구,강동동,972.0,,강서구|강동동,1,강서구|강동동;강서구|명지동,84.39039735099338,,C,,,,0,0,26,7557,,,,,,INSUFFICIENT_FEATURES,,,,,LOW,True,True,INSUFFICIENT_MODEL_FEATURES,,LOW,,NOT_CANDIDATE,,,,,,,,,,False,False,,,,,,INSUFFICIENT,,INSUFFICIENT,MISSING,LOW,MISSING,MISSING,MIXED_OR_NEUTRAL,False,False,False,False,UNCERTAIN,LOW
A10020213,가야역롯데캐슬스카이엘,부산진구,가야동,725.0,가남초등학교,부산진구|가야동,1,부산진구|가야동;부산진구|초읍동,46.08741721854304,-1.64615959918184,B,59.8682,9236957.182611136,9236957.182611136,1,1,5,1099,6302424.172176716,377314790.8247101,235252820.95344934,605163631.1866597,98.0377179025194,F_S,0.2410301317701672,0.1824645800248972,0.383291137306708,,MEDIUM,True,True,OK,-38.60890401562369,MEDIUM,0.0,NOT_CANDIDATE,0.38329113730670805,0.38329113730670805,STABLE_POSITIVE,3929512.17764104,10108265.00857984,9236957.182611136,9236957.182611136,553000000.0,553000000.0,True,True,-31.769477246887867,-31.769477246887867,-31.769477246887867,-57.45880272089523,9.432844699215126,STABLE_NEGATIVE,0.0,POTENTIAL_OVERVALUED_SIGNAL,NEGATIVE,LOW,NEGATIVE,NEGATIVE,DOUBLE_NEGATIVE,False,True,True,True,NEGATIVE_OR_FULLY_PRICED,LOW
A10020264,에코델타 더 베르힐 아파트,강서구,강동동,1120.0,,강서구|강동동,1,강서구|강동동;강서구|명지동,84.39039735099338,,C,,,,0,0,26,7557,,,,,,INSUFFICIENT_FEATURES,,,,,LOW,True,True,INSUFFICIENT_MODEL_FEATURES,,LOW,,NOT_CANDIDATE,,,,,,,,,,False,False,,,,,,INSUFFICIENT,,INSUFFICIENT,MISSING,LOW,MISSING,MISSING,MIXED_OR_NEUTRAL,False,False,False,False,UNCERTAIN,LOW
A10020289,두산위브더제니스 오션시티 ,남구,우암동,3048.0,우암초등학교,남구|우암동,2,남구|감만동;남구|대연동;남구|문현동;남구|용당동;남구|용호동;남구|우암동,62.45943708609272,,B,,,,0,0,33,10963,,,,,,INSUFFICIENT_FEATURES,,,,,LOW,True,True,INSUFFICIENT_MODEL_FEATURES,,LOW,,NOT_CANDIDATE,,,,,,,,,,False,False,,,,,,INSUFFICIENT,,INSUFFICIENT,MISSING,LOW,MISSING,MISSING,MIXED_OR_NEUTRAL,False,False,True,False,UNCERTAIN,LOW
A10020313,일광동원로얄듀크,기장군,일광읍,1134.0,일광초등학교,기장군|일광읍,1,기장군|일광읍;기장군|정관읍모전리,70.97770419426048,,B,,,,0,0,6,2297,,,,,,INSUFFICIENT_FEATURES,,,,,LOW,True,True,INSUFFICIENT_MODEL_FEATURES,,LOW,,NOT_CANDIDATE,,,,,,,,,,False,False,,,,,,INSUFFICIENT,,INSUFFICIENT,MISSING,LOW,MISSING,MISSING,MIXED_OR_NEUTRAL,False,False,False,False,UNCERTAIN,LOW
A10020378,에코델타시티 푸르지오린,강서구,강동동,895.0,,강서구|강동동,1,강서구|강동동;강서구|명지동,84.39039735099338,,C,,,,0,0,26,7557,,,,,,INSUFFICIENT_FEATURES,,,,,LOW,True,True,INSUFFICIENT_MODEL_FEATURES,,LOW,,NOT_CANDIDATE,,,,,,,,,,False,False,,,,,,INSUFFICIENT,,INSUFFICIENT,MISSING,LOW,MISSING,MISSING,MIXED_OR_NEUTRAL,False,False,False,False,UNCERTAIN,LOW
A10020498,시청앞 행복주택1단지,연제구,연산동,589.0,연산초등학교,연제구|연산동,0,연제구|연산동,32.301821192052984,,B,,,,0,0,16,5310,,,,,,INSUFFICIENT_FEATURES,,,,,LOW,False,False,INSUFFICIENT_MODEL_FEATURES,,LOW,,NOT_CANDIDATE,,,,,,,,,,False,False,,,,,,INSUFFICIENT,,INSUFFICIENT,MISSING,LOW,MISSING,MISSING,MIXED_OR_NEUTRAL,False,False,False,False,UNCERTAIN,LOW
A10020569,에코델타시티 푸르지오 센터파크,강서구,강동동,972.0,,강서구|강동동,1,강서구|강동동;강서구|명지동,84.39039735099338,,C,,,,0,0,26,7557,,,,,,INSUFFICIENT_FEATURES,,,,,LOW,True,True,INSUFFICIENT_MODEL_FEATURES,,LOW,,NOT_CANDIDATE,,,,,,,,,,False,False,,,,,,INSUFFICIENT,,INSUFFICIENT,MISSING,LOW,MISSING,MISSING,MIXED_OR_NEUTRAL,False,False,False,False,UNCERTAIN,LOW
A10020645,강서자이에코델타,강서구,강동동,856.0,,강서구|강동동,1,강서구|강동동;강서구|명지동,84.39039735099338,15.707645281770263,C,77.24765,,6830412.888191526,0,2,25,7555,7795190.794555312,602160170.1810306,375442156.3789366,965786245.3423461,98.0377179025194,F_S,0.2410301317701672,0.1824645800248972,-0.1190614267298624,0.1386688604713137,MEDIUM,True,True,OK,-2.0967809022376294,LOW,0.288,NOT_CANDIDATE,,-0.11906142672986242,INSUFFICIENT,4860240.491185643,12502467.65231494,,6830412.888191526,,527633344.1425081,False,True,,14.124737730448222,14.124737730448222,-28.844118639034743,83.04116979413219,INSUFFICIENT,,POTENTIAL_UNDERVALUED_SIGNAL,POSITIVE,LOW,POSITIVE,NEUTRAL,LOCAL_ONLY_POSITIVE,False,False,False,True,UNCERTAIN,LOW
A10020649,e편한세상 에코델타 센터포인트,강서구,강동동,953.0,,강서구|강동동,1,강서구|강동동;강서구|명지동,84.39039735099338,,C,,,,0,0,26,7557,,,,,,INSUFFICIENT_FEATURES,,,,,LOW,True,True,INSUFFICIENT_MODEL_FEATURES,,LOW,,NOT_CANDIDATE,,,,,,,,,,False,False,,,,,,INSUFFICIENT,,INSUFFICIENT,MISSING,LOW,MISSING,MISSING,MIXED_OR_NEUTRAL,False,False,False,False,UNCERTAIN,LOW
A10020721,백양산서희스타힐스,부산진구,부암동,1295.0,동양초등학교;동원초등학교,부산진구|부암동,0,부산진구|부암동,66.89039735099338,7.428485025184317,B,84.9897,5627356.335173492,5765404.513723427,10,25,11,2150,6652542.12977731,565397559.8471347,430761981.78870994,742113775.5789586,55.06776397733803,F_S,0.1387619583272264,0.1076887481608878,-0.1507604170370857,0.0667055452487574,HIGH,False,False,OK,-17.684890309951086,LOW,0.108,NOT_CANDIDATE,-0.21295932407744456,-0.15076041703708576,STABLE_NEGATIVE,5068402.192132811,8731808.390651558,5627356.335173492,5765404.513723427,478267326.7194946,490000000.0,True,True,18.21789368830171,15.387257111660135,15.387257111660135,-12.089391471691846,51.45179093448136,STABLE_POSITIVE,2.8306365766415755,POTENTIAL_UNDERVALUED_SIGNAL,POSITIVE,HIGH,POSITIVE,NEGATIVE,LOCAL_ONLY_POSITIVE,False,False,False,True,LOCAL_VALUE_CANDIDATE,LOW
A10020870,양정자이더샵SKVIEW아파트(2단지),부산진구,양정동,2276.0,양정초등학교,부산진구|양정동,0,부산진구|양정동,83.05761589403974,15.055263916615868,B,59.9794,11503949.689393358,11420587.735122392,13,14,4,1370,11172718.380794453,670132944.8490227,504021480.316249,890990129.0124555,57.74505665937502,F_S,0.1453353219443202,0.1089156649634835,0.0212167227065869,0.0821198763765913,MEDIUM,False,False,OK,-28.93937341168884,MEDIUM,0.158,NOT_CANDIDATE,0.026398448728208734,0.02121672270658692,STABLE_POSITIVE,8403243.118741585,14854935.678123748,11503949.689393358,11420587.735122392,690000000.0,685000000.0,True,True,-2.8792833552140906,-2.1703730147412004,-2.1703730147412004,-26.420221851642477,30.071551680650433,STABLE_NEGATIVE,0.7089103404728903,WITHIN_MODEL_RANGE,NEUTRAL_POINT_GAP,MEDIUM,NEUTRAL,NEGATIVE,MIXED_OR_NEUTRAL,False,False,False,True,UNCERTAIN,LOW
A10022002,래미안포레스티지3단지,동래구,온천동,4043.0,금정초등학교,동래구|온천동,0,동래구|온천동,83.79271523178808,15.414630457532642,B,84.9849,11341857.478447497,11294609.294757536,26,45,8,2390,10629560.68563434,903352151.9125658,663329725.2337784,1230225450.9662797,62.75467706943265,F_S,0.1575715651401062,0.1164932002547906,0.0650140334248057,0.1169995289381293,HIGH,False,False,OK,-18.11871260406384,MEDIUM,0.01,NOT_CANDIDATE,0.0599976112322409,0.06501403342480572,STABLE_POSITIVE,7805265.702892848,14475812.18506205,11341857.478447497,11294609.294757536,963886623.6201127,959871241.4540397,True,True,-6.280248135428501,-5.888194905793531,-5.888194905793531,-30.89388486845923,28.165674502623904,STABLE_NEGATIVE,0.39205322963496947,POTENTIAL_OVERVALUED_SIGNAL,NEGATIVE,HIGH,NEGATIVE,NEGATIVE,DOUBLE_NEGATIVE,False,False,False,True,NEGATIVE_OR_FULLY_PRICED,LOW
A10022267,오션라이프에일린의뜰1단지,영도구,동삼동,1228.0,동삼초등학교,영도구|동삼동,0,영도구|동삼동,64.43979028697572,6.3174051039238455,B,74.9694,5669007.658752818,5791612.302306747,30,62,5,1401,5294310.216861334,396911260.371964,256894658.7327727,613241822.1039621,89.78005890718238,F_S,0.2219625599599246,0.1831828139803903,0.1852111715300388,0.1897894717778104,HIGH,False,False,OK,-87.87295495155726,MEDIUM,0.0,NOT_CANDIDATE,0.16237243148118186,0.18521117153003885,STABLE_POSITIVE,3426660.1937960386,8179895.025223119,5669007.658752818,5791612.302306747,425002102.7721034,434193699.3365554,True,True,-6.60957727430409,-8.586591427180712,-8.586591427180712,-40.83408876607244,41.236923299668035,STABLE_NEGATIVE,1.977014152876622,POTENTIAL_OVERVALUED_SIGNAL,NEGATIVE,HIGH,NEGATIVE,NEGATIVE,DOUBLE_NEGATIVE,False,False,False,True,NEGATIVE_OR_FULLY_PRICED,LOW
A10022280,두산위브더제니스센트럴사하,사하구,장림동,1643.0,보림초등학교,사하구|장림동,0,사하구|장림동,77.03780353200882,12.1541589204482,B,59.9309,6120548.91907575,5873430.901254611,15,35,4,1566,4257034.125176896,255127886.4525641,194420241.18747526,334791470.5186859,55.01994755767705,F_S,0.1386443505106999,0.1003983453805428,0.3130335102239066,0.1123013542565416,MEDIUM,False,False,OK,-42.93260502517562,LOW,0.0,NOT_CANDIDATE,0.3216331012081426,0.3130335102239066,STABLE_POSITIVE,3244073.4443746926,5586291.387559437,6120548.91907575,5873430.901254611,366810005.21423686,352000000.0,True,True,-30.446857276001616,-27.520486803248833,-27.520486803248833,-44.76697693537635,-4.888786784464239,STABLE_NEGATIVE,2.926370472752783,STRONG_OVERVALUED_SIGNAL,NEGATIVE,MEDIUM,NEGATIVE,NEGATIVE,DOUBLE_NEGATIVE,False,False,False,True,NEGATIVE_OR_FULLY_PRICED,LOW
A10022365,연산포레서희스타힐스,연제구,연산동,612.0,연동초등학교,연제구|연산동,0,연제구|연산동,73.0110927152318,10.25452733524801,B,84.8526,6128274.207272376,6128274.207272376,14,16,15,5288,7516239.682589786,637772479.290918,430131491.110364,945649746.0599077,80.83105992950685,F_S,0.2009646168309107,0.1563076693282115,-0.1879791420056591,0.0734879814122161,HIGH,False,False,OK,25.6813631100681,MEDIUM,1.0,TIER_1,-0.18797914200565913,-0.18797914200565913,STABLE_NEGATIVE,5069161.005206252,11144617.207485778,6128274.207272376,6128274.207272376,520000000.0,520000000.0,True,True,22.64855370979193,22.64855370979193,22.64855370979193,-17.28240555569923,81.85572039613609,STABLE_POSITIVE,0.0,POTENTIAL_UNDERVALUED_SIGNAL,POSITIVE,HIGH,POSITIVE,POSITIVE,DOUBLE_POSITIVE,True,False,False,True,ROBUST_DUAL_POSITIVE,LOW
A10022405,드파인센텀,해운대구,반여동,750.0,무정초등학교,해운대구|반여동,0,해운대구|반여동,75.30364238410596,11.332075238285611,B,74.7417,9413902.215444213,9313879.50440512,11,12,12,3332,6490517.765646134,485112331.6845936,324942934.72642976,724231701.0234175,82.308517062517,F_S,0.2044545379514155,0.1594074158392314,0.3098813632111428,0.0822374787851395,HIGH,False,False,OK,-55.6920266942995,HIGH,0.0,NOT_CANDIDATE,0.31470493986769377,0.3098813632111428,STABLE_POSITIVE,4347545.4094090685,9689794.331991613,9413902.215444213,9313879.50440512,703611055.2160667,696135187.7543961,True,True,-31.05390711411945,-30.31348792330457,-30.31348792330457,-53.32186327563244,4.036071407287367,STABLE_NEGATIVE,0.7404191908148796,POTENTIAL_OVERVALUED_SIGNAL,NEGATIVE,HIGH,NEGATIVE,NEGATIVE,DOUBLE_NEGATIVE,False,True,False,True,NEGATIVE_OR_FULLY_PRICED,HIGH
A10022434,e편한세상송도더퍼스트비치,서구,암남동,1302.0,송도초등학교,서구|암남동,1,서구|서대신동1가;서구|서대신동2가;서구|암남동,73.16280353200882,10.325511339920102,B,84.804,6947715.496938295,6941298.644362967,107,114,4,846,7297569.890393678,618863116.9849455,385856313.0709331,992575589.9033723,98.03771790251936,F_S,0.2410301317701672,0.1824645800248972,-0.0662256947476365,0.0759584775676213,MEDIUM,True,True,OK,4.985651295670235,LOW,0.9,NOT_CANDIDATE,-0.05989459030289268,-0.06622569474763651,STABLE_NEGATIVE,4549977.749527535,11704348.73241088,6947715.496938295,6941298.644362967,589194065.0023552,588649890.2365571,True,True,5.0355313715646055,5.132631000108878,5.132631000108878,-34.45062685463657,68.61900534874678,STABLE_POSITIVE,0.09709962854427268,POTENTIAL_UNDERVALUED_SIGNAL,POSITIVE,MEDIUM,POSITIVE,POSITIVE,DOUBLE_POSITIVE,False,False,False,True,UNCERTAIN,LOW
A10022541,에코델타스마트시티수자인,강서구,강동동,554.0,,강서구|강동동,1,강서구|강동동;강서구|명지동,84.39039735099338,15.707645281770244,C,132.9686,6200712.047806775,6302556.01482424,2,3,25,7554,6503829.09905646,864805049.9407989,539199184.6613766,1387034319.9290814,98.03771790251965,F_S,0.2410301317701672,0.1824645800248972,-0.1121934741662631,0.1015076831974475,MEDIUM,True,True,OK,4.852893870474006,LOW,0.716,NOT_CANDIDATE,-0.03564492641694361,-0.11219347416626313,STABLE_NEGATIVE,4055086.5742842793,10431292.199279238,6200712.047806775,6302556.01482424,824500000.0,838042049.7127584,True,True,4.888423279660259,3.1935151985766685,3.1935151985766685,-35.65965039031289,65.50891693376148,STABLE_POSITIVE,1.6949080810835904,POTENTIAL_UNDERVALUED_SIGNAL,POSITIVE,MEDIUM,POSITIVE,POSITIVE,DOUBLE_POSITIVE,False,False,False,True,UNCERTAIN,LOW
A10022568,해운대경동리인뷰2차,해운대구,우동,632.0,해운대초등학교,해운대구|우동,0,해운대구|우동,81.58217439293598,14.337341114040411,B,84.9773,10620483.35261299,11179456.160645254,2,5,18,3922,11627771.889667915,988096660.1998774,594002536.8560009,1643654613.1028368,106.22969579054204,F_S,0.2596412943969097,0.2081108828451275,-0.065610612319336,0.0519806628406014,MEDIUM,False,False,OK,22.117697091821555,MEDIUM,0.998,TIER_1,-0.08571088786846559,-0.06561061231933607,STABLE_NEGATIVE,6990131.915888136,19342278.62150053,10620483.35261299,11179456.160645254,902499999.9999999,949999999.9999999,True,True,9.484394481980885,4.010174757881835,4.010174757881835,-37.473417173052525,73.01627506345653,STABLE_POSITIVE,5.474219724099051,POTENTIAL_UNDERVALUED_SIGNAL,POSITIVE,LOW,POSITIVE,POSITIVE,DOUBLE_POSITIVE,False,False,False,True,UNCERTAIN,LOW
A10022574,초읍하늘채포레스원,부산진구,초읍동,756.0,초읍초등학교,부산진구|초읍동,1,부산진구|가야동;부산진구|초읍동,61.15353200883003,4.84546555839156,B,59.994,8417508.417508418,8429472.765235096,11,18,5,1078,7545585.523805007,452689857.9151576,282248585.74662215,726055391.6228015,98.03771790251967,F_S,0.2410301317701672,0.1824645800248972,0.1158901333535142,0.0884365850592498,MEDIUM,True,True,OK,-16.994100679980853,HIGH,0.044,NOT_CANDIDATE,0.11513531484501804,0.11589013335351428,STABLE_POSITIVE,4704613.557132749,12102133.407054065,8417508.417508418,8429472.765235096,505000000.0,505717789.07751435,True,True,-10.358443977196508,-10.48567645980688,-10.48567645980688,-44.18851939903576,43.56928059564753,STABLE_NEGATIVE,0.12723248261037234,POTENTIAL_OVERVALUED_SIGNAL,NEGATIVE,MEDIUM,NEGATIVE,NEGATIVE,DOUBLE_NEGATIVE,False,False,False,True,NEGATIVE_OR_FULLY_PRICED,LOW
A10022591,사직하늘채리센티아,동래구,사직동,690.0,금강초등학교,동래구|사직동,0,동래구|사직동,77.53211920529802,12.389600394485466,B,84.8978,8680497.592831245,8668982.87433048,27,42,8,2944,8837349.752006717,750271551.7759159,532674377.40230644,1056757045.7384712,69.85239772128436,F_S,0.1747576003859271,0.129441481273205,-0.0145811810988769,0.1466019503832571,HIGH,False,False,OK,-23.653233623963025,MEDIUM,0.102,NOT_CANDIDATE,-0.010679019144607338,-0.01458118109887696,STABLE_NEGATIVE,6274301.3058325,12447402.00262517,8680497.592831245,8668982.87433048,736955148.5366684,735977574.2683343,True,True,1.806948939252151,1.94217568677848,1.94217568677848,-27.623558648256363,43.5854953582026,STABLE_POSITIVE,0.13522674752632913,WITHIN_MODEL_RANGE,NEUTRAL_POINT_GAP,HIGH,NEUTRAL,NEGATIVE,MIXED_OR_NEUTRAL,False,False,False,True,UNCERTAIN,LOW
A10022696,에코델타호반써밋스마트시티,강서구,강동동,526.0,,강서구|강동동,1,강서구|강동동;강서구|명지동,84.39039735099338,15.707645281770263,C,84.9146,,6925729.910377404,0,2,25,7551,7195134.944996691,610972005.800416,380936266.9668291,979919278.4768069,98.03771790251965,F_S,0.2410301317701672,0.1824645800248972,-0.0144897712328733,0.0755918976189701,MEDIUM,True,True,OK,-21.4727566923658,LOW,0.034,NOT_CANDIDATE,,-0.014489771232873316,INSUFFICIENT,4486110.362256069,11540056.462337537,,6925729.910377404,,588095585.0477331,False,True,,3.8899154039434114,3.8899154039434114,-35.22545030908364,66.6258518838007,INSUFFICIENT,,POTENTIAL_UNDERVALUED_SIGNAL,POSITIVE,LOW,POSITIVE,NEGATIVE,LOCAL_ONLY_POSITIVE,False,False,False,True,UNCERTAIN,LOW
A10022844,롯데캐슬라센트,부산진구,부암동,2195.0,동평초등학교,부산진구|부암동,0,부산진구|부암동,70.84387417218544,9.24547906344728,B,72.13,7031514.740765842,7179054.0540540535,45,70,11,2115,7828408.052957275,564663072.8598082,430202394.88433015,741149723.1139537,55.06776397733806,F_S,0.1387619583272264,0.1076887481608878,-0.0657616336574919,0.0753427846890337,HIGH,False,False,OK,-42.05620897088538,HIGH,0.0,NOT_CANDIDATE,-0.07712575501112973,-0.06576163365749199,STABLE_NEGATIVE,5964264.451467214,10275193.721252652,7031514.740765842,7179054.0540540535,507183158.2514401,517825168.91891885,True,True,11.333167056756244,9.045119231781351,9.045119231781351,-16.921304581915496,43.1274043054487,STABLE_POSITIVE,2.2880478249748926,POTENTIAL_UNDERVALUED_SIGNAL,POSITIVE,HIGH,POSITIVE,NEGATIVE,LOCAL_ONLY_POSITIVE,False,False,False,True,LOCAL_VALUE_CANDIDATE,LOW
A10022847,대연비치,남구,대연동,1384.0,남천초등학교,남구|대연동,0,남구|대연동,77.64387417218543,12.442897505507622,B,76.5966,17274633.234962106,16334854.506834053,24,78,11,4505,16414015.72401758,1257257796.806285,961657314.5625614,1643721878.5667126,54.250175718675,F_S,0.1367500567214909,0.1046307304852985,0.0199708688443021,0.2649628101300101,HIGH,False,False,OK,-77.17985567069705,HIGH,0.0,NOT_CANDIDATE,0.052813512455902156,0.019970868844302103,STABLE_POSITIVE,12554830.300072867,21459462.67284335,17274633.234962106,16334854.506834053,1323178172.0450983,1251194316.7181652,True,True,-4.981972695100245,0.4846153796497443,0.4846153796497443,-23.14085016906473,31.37223024462996,MIXED,5.466588074749989,WITHIN_MODEL_RANGE,NEUTRAL_POINT_GAP,LOW,NEUTRAL,NEGATIVE,MIXED_OR_NEUTRAL,False,False,False,False,UNCERTAIN,LOW
A10022890,레이카운티(5단지),연제구,거제동,4470.0,창신초등학교,연제구|거제동,0,연제구|거제동,80.79547461368652,13.956380261679737,B,84.8261,12225448.266436435,12252736.444472598,146,345,9,2205,11831302.69781136,1003603265.7748162,663740928.9122885,1517488934.612585,85.0682769591402,F_S,0.2109490625033537,0.1662387624603656,0.0148698098210964,0.1357657130844964,HIGH,False,False,OK,-12.447619499573891,LOW,0.002,NOT_CANDIDATE,0.0029394774646274158,0.014869809821096425,STABLE_POSITIVE,7824725.278095876,17889410.62494427,12225448.266436435,12252736.444472598,1037037097.1935637,1039351846.912477,True,True,-3.2239764140768346,-3.4395071547576928,-3.4395071547576928,-36.13895709292162,46.003390393779874,STABLE_NEGATIVE,0.2155307406808582,POTENTIAL_OVERVALUED_SIGNAL,NEGATIVE,HIGH,NEGATIVE,NEGATIVE,DOUBLE_NEGATIVE,False,False,False,True,NEGATIVE_OR_FULLY_PRICED,LOW
A10022905,포레나부산덕천2차,북구,덕천동,795.0,덕성초등학교,북구|덕천동,0,북구|덕천동,67.33973509933774,7.633466263367361,A,68.3,8010694.448463308,8016895.7080832785,30,47,5,1034,7457633.488998063,509356367.29856765,359527169.05090064,721625321.3699746,71.0893542451437,F_S,0.1777337525171167,0.1439222962375012,0.0504282012107175,0.208650843611165,HIGH,False,False,OK,-121.8319604066467,MEDIUM,0.002,NOT_CANDIDATE,0.0490359781711307,0.05042820121071756,STABLE_POSITIVE,5263940.981711576,10565524.471009878,8010694.448463308,8016895.7080832785,547130430.8300439,547553976.8620878,True,True,-6.904032640657509,-6.976044586950558,-6.976044586950558,-34.33941049770613,31.7907186987211,STABLE_NEGATIVE,0.07201194629304908,POTENTIAL_OVERVALUED_SIGNAL,NEGATIVE,HIGH,NEGATIVE,NEGATIVE,DOUBLE_NEGATIVE,False,False,False,True,NEGATIVE_OR_FULLY_PRICED,LOW
A10022985,경동포레스트힐 행복주택 아미,서구,아미동2가,767.0,아미초등학교,서구|아미동2가,1,서구|동대신동3가;서구|서대신동1가;서구|서대신동2가;서구|서대신동3가;서구|아미동2가,44.87897350993377,,B,,,,0,0,6,1134,,,,,,INSUFFICIENT_FEATURES,,,,,LOW,True,True,INSUFFICIENT_MODEL_FEATURES,,LOW,,NOT_CANDIDATE,,,,,,,,,,False,False,,,,,,INSUFFICIENT,,INSUFFICIENT,MISSING,LOW,MISSING,MISSING,MIXED_OR_NEUTRAL,False,False,False,False,UNCERTAIN,LOW
A10022999,대연푸르지오클라센트1단지,남구,대연동,1057.0,석포초등학교,남구|대연동,0,남구|대연동,45.4014348785872,-1.93197144512941,B,74.9183,8662178.45242301,8676117.851045739,50,92,11,4513,8849482.86527671,662988212.14566,507109572.35516363,866781842.4382836,54.25017571867463,F_S,0.1367500567214909,0.1046307304852985,0.0130644674624349,0.0795374704973525,HIGH,False,False,OK,8.179339443696893,MEDIUM,0.944,NOT_CANDIDATE,0.028564284702532916,0.013064467462434948,STABLE_POSITIVE,6768834.481764317,11569694.486370934,8662178.45242301,8676117.851045739,648955683.9521629,650000000.0,True,True,2.162324568611318,1.9981864839476948,1.9981864839476948,-21.98314271459021,33.35105268281286,STABLE_POSITIVE,0.16413808466362312,WITHIN_MODEL_RANGE,NEUTRAL_POINT_GAP,HIGH,NEUTRAL,POSITIVE,SCHOOL_ONLY_POSITIVE,True,False,False,False,ROBUST_DUAL_POSITIVE,LOW
A10023014,시청앞 행복주택2단지,연제구,연산동,999.0,연산초등학교,연제구|연산동,0,연제구|연산동,32.301821192052984,,B,,,,0,0,16,5310,,,,,,INSUFFICIENT_FEATURES,,,,,LOW,False,False,INSUFFICIENT_MODEL_FEATURES,,LOW,,NOT_CANDIDATE,,,,,,,,,,False,False,,,,,,INSUFFICIENT,,INSUFFICIENT,MISSING,LOW,MISSING,MISSING,MIXED_OR_NEUTRAL,False,False,False,False,UNCERTAIN,LOW
A10023021,서면비스타동원,부산진구,당감동,806.0,가야초등학교,부산진구|당감동,0,부산진구|당감동,62.1960816777042,5.310210775141577,B,84.999,7108357.02785676,6823601.661664653,24,57,9,2405,3805821.494491468,323491021.2102803,173312035.23151648,603803657.7429808,133.076838083747,F_S,0.3184069983246737,0.2679934126934249,0.4983432215794998,0.0805811204202856,MEDIUM,False,False,OK,-71.65976450555016,MEDIUM,0.0,NOT_CANDIDATE,0.5128340100524795,0.49834322157949984,STABLE_POSITIVE,2038989.1084779408,7103656.016458792,7108357.02785676,6823601.661664653,604203239.0107967,579999317.6398338,True,True,-46.45989952985013,-44.22562038061556,-44.22562038061556,-70.11857946027115,4.104201398031471,STABLE_NEGATIVE,2.234279149234567,POTENTIAL_OVERVALUED_SIGNAL,NEGATIVE,LOW,NEGATIVE,NEGATIVE,DOUBLE_NEGATIVE,False,True,False,True,NEGATIVE_OR_FULLY_PRICED,MEDIUM
A10023040,양정포레힐즈스위첸1단지,부산진구,양정동,1338.0,양동초등학교,부산진구|양정동,0,부산진구|양정동,64.81462472406182,6.486603777673561,B,84.971,9113463.40672183,8992940.791745849,54,141,4,1223,8578543.083796814,728927384.3732991,548242049.788574,969161580.9006342,57.7450566593748,F_S,0.1453353219443202,0.1089156649634835,0.0150514263363152,0.0874222711661143,MEDIUM,False,False,OK,-21.54267862406385,HIGH,0.028,NOT_CANDIDATE,0.03509875850833133,0.015051426336315288,STABLE_POSITIVE,6452107.775459556,11405792.339746904,9113463.40672183,8992940.791745849,774380099.1325607,764139172.0154365,True,True,-5.8695613188118445,-4.608033317970783,-4.608033317970783,-28.253638883271538,26.83050632575814,STABLE_NEGATIVE,1.2615280008410616,POTENTIAL_OVERVALUED_SIGNAL,NEGATIVE,MEDIUM,NEGATIVE,NEGATIVE,DOUBLE_NEGATIVE,False,False,False,True,NEGATIVE_OR_FULLY_PRICED,LOW
A10023104,사상중흥에스-클래스그랜드센트럴,사상구,덕포동,1572.0,사상초등학교;덕포초등학교,사상구|덕포동,1,사상구|괘법동;사상구|덕포동,49.122130242825605,-0.3717315158393908,B,79.8564,7657343.392313228,7682117.309093542,51,100,5,1059,5893978.105046309,470671873.14782,293460231.5998509,754896194.8430159,98.03771790251967,F_S,0.2410301317701672,0.1824645800248972,0.2817706952914278,0.0639172051594728,MEDIUM,True,True,OK,-27.72694819149032,LOW,0.0,NOT_CANDIDATE,0.2822572276549433,0.28177069529142784,STABLE_POSITIVE,3674849.249400811,9453170.877262386,7657343.392313228,7682117.309093542,611487876.873922,613466232.6818975,True,True,-23.028421175901048,-23.27664538434687,-23.27664538434687,-52.1635884803427,23.054237483101137,STABLE_NEGATIVE,0.24822420844582282,POTENTIAL_OVERVALUED_SIGNAL,NEGATIVE,MEDIUM,NEGATIVE,NEGATIVE,DOUBLE_NEGATIVE,False,False,True,True,NEGATIVE_OR_FULLY_PRICED,LOW
A10023208,두산위브더제니스하버시티,동구,범일동,2040.0,성남초등학교,동구|범일동,1,동구|범일동;동구|수정동,63.84878587196467,6.0511741695158605,B,75.6455,8738127.18535802,8244314.367484424,33,93,4,770,7350314.525220063,556018217.4175342,346673009.7250588,891780581.2034794,98.03771790251966,F_S,0.2410301317701672,0.1824645800248972,0.1549504155266454,0.0968256324388161,MEDIUM,True,True,OK,-14.381767353086538,LOW,0.0,NOT_CANDIDATE,0.1649956822777625,0.15495041552664546,STABLE_POSITIVE,4582863.616805478,11788944.23598865,8738127.18535802,8244314.367484424,661000000.0,623645282.485543,True,True,-15.882266653928257,-10.843834943877162,-10.843834943877162,-44.41182841255675,42.99484117786976,STABLE_NEGATIVE,5.0384317100510945,POTENTIAL_OVERVALUED_SIGNAL,NEGATIVE,MEDIUM,NEGATIVE,NEGATIVE,DOUBLE_NEGATIVE,False,False,False,True,NEGATIVE_OR_FULLY_PRICED,LOW
A10023283,금호센트럴베이 행복주택 일광,기장군,일광읍,999.0,해빛초등학교,기장군|일광읍,1,기장군|일광읍;기장군|정관읍모전리,75.63647902869756,,B,,,,0,0,6,2297,,,,,,INSUFFICIENT_FEATURES,,,,,LOW,True,True,INSUFFICIENT_MODEL_FEATURES,,LOW,,NOT_CANDIDATE,,,,,,,,,,False,False,,,,,,INSUFFICIENT,,INSUFFICIENT,MISSING,LOW,MISSING,MISSING,MIXED_OR_NEUTRAL,False,False,False,False,UNCERTAIN,LOW
A10023409,이진젠시티개금,부산진구,개금동,736.0,가평초등학교,부산진구|개금동,0,부산진구|개금동,71.48399558498896,9.542552216435162,B,74.1253,8047184.969234526,7865865.792786247,16,49,7,2601,6891372.924977802,510825085.475857,343996226.2581862,758561426.0650829,81.15599871543311,F_S,0.2017329316280527,0.1568068905229622,0.0802771746768424,0.1104189360857401,HIGH,False,False,OK,-73.94696785501705,MEDIUM,0.002,NOT_CANDIDATE,0.1712057796722508,0.08027717467684248,STABLE_POSITIVE,4640739.750910772,10233502.273381462,8047184.969234526,7865865.792786247,596500000.0,583059661.6500183,True,True,-14.362936215279632,-12.388882463544547,-12.388882463544547,-41.001539141860576,30.100138280601808,STABLE_NEGATIVE,1.9740537517350845,POTENTIAL_OVERVALUED_SIGNAL,NEGATIVE,HIGH,NEGATIVE,NEGATIVE,DOUBLE_NEGATIVE,False,False,False,True,NEGATIVE_OR_FULLY_PRICED,LOW
A10023417,더샵동래,동래구,온천동,603.0,온천초등학교,동래구|온천동,0,동래구|온천동,83.8975165562914,15.465955809686394,B,84.8828,8422345.04242008,8600093.305121886,12,35,8,2408,6181667.765286366,524717268.5872496,385298868.0665558,714583495.496032,62.75467706943266,F_S,0.1575715651401062,0.1164932002547906,0.3442981713972006,0.0698531815244123,HIGH,False,False,OK,7.766837260498594,MEDIUM,0.57,NOT_CANDIDATE,0.3529832526166903,0.34429817139720065,STABLE_POSITIVE,4539186.596890722,8418472.240501396,8422345.04242008,8600093.305121886,714912229.7667352,730000000.0,True,True,-26.603959655515098,-28.120922111335677,-28.120922111335677,-47.2193331415677,-2.1118499320504136,STABLE_NEGATIVE,1.516962455820579,STRONG_OVERVALUED_SIGNAL,NEGATIVE,HIGH,NEGATIVE,POSITIVE,SCHOOL_ONLY_POSITIVE,False,False,False,True,SCHOOL_VALUE_CANDIDATE,LOW
A10023420,남천자이,수영구,남천동,913.0,광남초등학교,수영구|남천동,0,수영구|남천동,53.67406181015453,1.57088074523708,B,84.9838,17355158.24747494,16734292.766118592,14,45,4,1605,15176085.960446494,1289721454.0453928,994182909.7983415,1673114084.5725858,52.64169039327688,F_S,0.1327858894560111,0.1022063269206534,0.1062137192030618,0.1547816524240439,MEDIUM,False,False,OK,-18.39643735004117,LOW,0.014,NOT_CANDIDATE,0.1400874481972565,0.10621371920306188,STABLE_POSITIVE,11698499.12334282,19687447.308458623,17355158.24747494,16734292.766118592,1474907297.4717607,1422143789.5772693,True,True,-12.555761554899602,-9.311458974991481,-9.311458974991481,-30.092658908009483,17.647322080555373,STABLE_NEGATIVE,3.244302579908121,POTENTIAL_OVERVALUED_SIGNAL,NEGATIVE,MEDIUM,NEGATIVE,NEGATIVE,DOUBLE_NEGATIVE,False,False,False,True,NEGATIVE_OR_FULLY_PRICED,LOW
A10023436,데시앙해링턴플레이스파크시티,남구,용호동,1725.0,운산초등학교,남구|용호동,0,남구|용호동,41.660761589403975,-3.475958164250126,B,59.9725,6294551.669515194,6302888.824044354,38,99,8,3746,7472337.704266384,448134772.9691157,316852734.54912823,633811082.7096013,70.72835389685706,F_S,0.1768657722144284,0.1369656201530042,-0.156236493973692,0.0677084424905496,HIGH,False,False,OK,-12.094524804033997,LOW,0.162,NOT_CANDIDATE,-0.14111384701333662,-0.156236493973692,STABLE_NEGATIVE,5283300.421845484,10568361.877687296,6294551.669515194,6302888.824044354,377500000.0,378000000.0,True,True,18.711198137514096,18.554172743152296,18.554172743152296,-16.176525251553375,67.67488960571461,STABLE_POSITIVE,0.1570253943617992,POTENTIAL_UNDERVALUED_SIGNAL,POSITIVE,HIGH,POSITIVE,NEGATIVE,LOCAL_ONLY_POSITIVE,False,False,False,True,LOCAL_VALUE_CANDIDATE,LOW
A10023440,힐스테이트사하역,사하구,괴정동,1314.0,사남초등학교,사하구|괴정동,1,사하구|괴정동;사하구|구평동,72.3003863134658,9.922602413621108,B,84.921,7110116.854637234,7183146.689275915,34,81,5,1122,7393640.388949035,627875335.469941,391475360.8082611,1007030010.9757792,98.0377179025194,F_S,0.2410301317701672,0.1824645800248972,-0.0349557441108228,0.0538366921555897,MEDIUM,True,True,OK,-23.40379349900545,LOW,0.014,NOT_CANDIDATE,-0.04940133854768991,-0.034955744110822806,STABLE_NEGATIVE,4609876.953972057,11858433.26121665,7110116.854637234,7183146.689275915,603798233.4126486,610000000.0,True,True,3.987607237803492,2.930382863924752,2.930382863924752,-35.82371134290801,65.0868870452097,STABLE_POSITIVE,1.0572243738787401,WITHIN_MODEL_RANGE,NEUTRAL_POINT_GAP,MEDIUM,NEUTRAL,NEGATIVE,MIXED_OR_NEUTRAL,False,False,False,True,UNCERTAIN,LOW
A10023526,힐스테이트연산,연제구,연산동,1651.0,연미초등학교,연제구|연산동,0,연제구|연산동,43.889845474613686,-2.5588411448523973,B,74.6718,7520336.685120326,7461492.110119384,39,145,15,4933,8288023.525605147,618881635.0992824,417390980.5923877,917639565.9522005,80.83105992950686,F_S,0.2009646168309107,0.1563076693282115,-0.0907422992812954,0.1240665746536035,HIGH,False,False,OK,2.775931762830059,LOW,0.674,NOT_CANDIDATE,-0.05678089562092481,-0.0907422992812954,STABLE_NEGATIVE,5589673.485738762,12288970.748692283,7520336.685120326,7461492.110119384,561557076.883968,557163046.5484127,True,True,10.208144563577303,11.077293968652825,11.077293968652825,-25.08638482431731,64.69856923155896,STABLE_POSITIVE,0.8691494050755217,POTENTIAL_UNDERVALUED_SIGNAL,POSITIVE,HIGH,POSITIVE,NEUTRAL,LOCAL_ONLY_POSITIVE,False,False,False,True,LOCAL_VALUE_CANDIDATE,LOW
A10023533,오션파라곤아파트,남구,문현동,662.0,성천초등학교,남구|문현동,0,남구|문현동,51.52516556291391,0.6491282497115725,B,72.9631,5640405.265485099,5644384.681471869,24,40,6,1222,6722505.690716452,490494854.96231353,386487365.2721517,622491766.5163227,48.115571214769226,F_S,0.1215895980584973,0.0913334857908068,-0.2108295775444144,0.132488835489714,HIGH,False,False,OK,8.146211345665002,LOW,0.87,NOT_CANDIDATE,-0.19042771066698005,-0.21082957754441445,STABLE_NEGATIVE,5297025.006779478,8531597.019813066,5640405.265485099,5644384.681471869,411541453.42611575,411831803.95270014,True,True,19.184799217406745,19.100771299015086,19.100771299015086,-6.154075143613557,51.15194128810347,STABLE_POSITIVE,0.08402791839165857,POTENTIAL_UNDERVALUED_SIGNAL,POSITIVE,HIGH,POSITIVE,POSITIVE,DOUBLE_POSITIVE,False,False,False,True,UNCERTAIN,LOW
A10023542,해운대센트럴푸르지오,해운대구,우동,548.0,해운대초등학교,해운대구|우동,0,해운대구|우동,81.58217439293598,14.337341114040411,B,84.5444,11412248.04815263,11501895.240147397,11,30,18,3881,11807970.58913099,998297788.675726,600135030.2015632,1660623734.1954956,106.2296957905421,F_S,0.2596412943969097,0.2081108828451275,-0.0402472518577479,0.0852735692521251,MEDIUM,False,False,OK,19.152644035670672,MEDIUM,0.98,TIER_1,-0.03326730656185006,-0.04024725185774791,STABLE_NEGATIVE,7098459.864894224,19642031.100764755,11412248.04815263,11501895.240147397,964841663.882235,972420831.9411175,True,True,3.4675248847436224,2.6610862174716754,2.6610862174716754,-38.28443298529592,70.77212659879035,STABLE_POSITIVE,0.806438667271947,WITHIN_MODEL_RANGE,NEUTRAL_POINT_GAP,LOW,NEUTRAL,POSITIVE,SCHOOL_ONLY_POSITIVE,False,False,False,True,SCHOOL_VALUE_CANDIDATE,LOW
A10023544,센트럴스타힐스,사상구,괘법동,874.0,창진초등학교,사상구|괘법동,1,사상구|괘법동;사상구|주례동,49.17135761589404,-0.3509229405541436,B,59.9926,6706684.856965987,6610386.810008301,18,52,11,2742,6683352.316685878,400951682.1940092,249990237.848885,643074116.9636539,98.0377179025194,F_S,0.2410301317701672,0.1824645800248972,0.0085186130359735,0.1395060781849107,MEDIUM,True,True,OK,-1.6313016603251684,LOW,0.122,NOT_CANDIDATE,0.034067210956639116,0.008518613035973566,STABLE_POSITIVE,4167017.8963553,10719223.987019297,6706684.856965987,6610386.810008301,402351461.9500177,396574291.73810405,True,True,-0.347899756403125,1.1038008633186713,1.1038008633186713,-36.962570933877515,62.15728814522785,MIXED,1.4517006197217963,WITHIN_MODEL_RANGE,NEUTRAL_POINT_GAP,LOW,NEUTRAL,NEUTRAL,MIXED_OR_NEUTRAL,False,False,False,False,UNCERTAIN,LOW
A10023571,주례롯데캐슬골드스마트,사상구,주례동,998.0,주감초등학교,사상구|주례동,0,사상구|주례동,58.16153421633554,3.5230580408076806,A,84.8758,6833514.382191391,6880642.067585814,27,58,8,2126,6491168.135890861,550943088.4682455,399616959.3000975,759573085.3429133,65.33453882570346,F_S,0.163839300784278,0.1276785728344529,0.0669781441887744,0.0621988132271775,HIGH,False,False,OK,-81.79217035670663,MEDIUM,0.0,NOT_CANDIDATE,0.06126906307387614,0.06697814418877446,STABLE_POSITIVE,4708255.584042773,8949230.350028079,6833514.382191391,6880642.067585814,580000000.0,584000000.0,True,True,-5.009812333061115,-5.660430056807275,-5.660430056807275,-31.5724384760107,30.063884476526237,STABLE_NEGATIVE,0.6506177237461603,POTENTIAL_OVERVALUED_SIGNAL,NEGATIVE,HIGH,NEGATIVE,NEGATIVE,DOUBLE_NEGATIVE,False,False,False,True,NEGATIVE_OR_FULLY_PRICED,LOW
A10023607,더샵남천프레스티지,수영구,남천동,975.0,남천초등학교,수영구|남천동,0,수영구|남천동,77.64387417218543,12.442897505507666,B,84.1286,15207506.425171465,14054742.961708114,25,66,4,1544,13159632.65050743,1107101471.4014795,853410136.6055198,1436207065.5200994,52.64169039327689,F_S,0.1327858894560111,0.1022063269206534,0.0841535753984459,0.1030578905697205,MEDIUM,False,False,OK,11.87248370825614,LOW,1.0,NOT_CANDIDATE,0.14169764760953996,0.08415357539844592,STABLE_POSITIVE,10144114.327416832,17071567.40418953,15207506.425171465,14054742.961708114,1279386225.0406802,1182405848.7283573,True,True,-13.46620358005829,-6.368741951662827,-6.368741951662827,-27.824262919255915,21.464814053879877,STABLE_NEGATIVE,7.097461628395463,POTENTIAL_OVERVALUED_SIGNAL,NEGATIVE,MEDIUM,NEGATIVE,POSITIVE,SCHOOL_ONLY_POSITIVE,False,False,False,True,UNCERTAIN,LOW
A10023616,래미안어반파크2단지,부산진구,연지동,2616.0,연지초등학교,부산진구|연지동,0,부산진구|연지동,67.58669977924946,7.74629440984449,B,84.86,9072699.926481169,9041676.47751354,62,139,5,1092,8656278.010307426,734571751.9546882,542169630.3359271,995252460.8127656,61.679860309246806,F_S,0.1549534466481837,0.1225896450890765,0.0462524829468193,0.1101627915407452,HIGH,False,False,OK,-89.14135068349422,MEDIUM,0.0,NOT_CANDIDATE,0.05224745341131065,0.046252482946819384,STABLE_POSITIVE,6388989.2804139415,11728169.46515161,9072699.926481169,9041676.47751354,769909315.761192,767276665.8817991,True,True,-4.589834553640426,-4.262466901625961,-4.262466901625961,-29.338444078338522,29.712332600257497,STABLE_NEGATIVE,0.3273676520144644,POTENTIAL_OVERVALUED_SIGNAL,NEGATIVE,HIGH,NEGATIVE,NEGATIVE,DOUBLE_NEGATIVE,False,False,False,True,NEGATIVE_OR_FULLY_PRICED,LOW
A10023625,e편한세상시민공원2단지,부산진구,전포동,1401.0,성전초등학교,부산진구|전포동,0,부산진구|전포동,53.49387417218543,1.4932674751597652,B,74.5149,9179738.236356556,8991490.292545518,56,127,6,1593,8651573.71897094,644671150.5117476,531223831.2051555,782346099.4949937,38.95354524403556,F_S,0.0987535114774411,0.0728117414555861,0.0461402293369062,0.0886224435362989,HIGH,False,False,OK,-52.36422562147128,MEDIUM,0.0,NOT_CANDIDATE,0.06943402469526205,0.0461402293369062,STABLE_POSITIVE,7129095.405149246,10499190.08808968,9179738.236356556,8991490.292545518,684027276.7082851,670000000.0,True,True,-5.753590176393153,-3.7804252967540863,-3.7804252967540863,-20.71286101415589,16.768074551491587,STABLE_NEGATIVE,1.973164879639067,POTENTIAL_OVERVALUED_SIGNAL,NEGATIVE,HIGH,NEGATIVE,NEGATIVE,DOUBLE_NEGATIVE,False,False,False,True,NEGATIVE_OR_FULLY_PRICED,LOW
A10023627,가야롯데캐슬골드아너,부산진구,가야동,935.0,가야초등학교,부산진구|가야동,1,부산진구|가야동;부산진구|초읍동,62.1960816777042,5.310210775141577,B,59.9937,10388383.701001458,9998630.948223056,32,82,5,948,7067481.591199758,424004370.3379609,264363408.6025972,680047617.0888822,98.03771790251967,F_S,0.2410301317701672,0.1824645800248972,0.3659513239025873,0.0776743313867249,MEDIUM,True,True,OK,-44.51331950598772,HIGH,0.0,NOT_CANDIDATE,0.4045480775976875,0.36595132390258733,STABLE_POSITIVE,4406519.494590219,11335317.159783147,10388383.701001458,9998630.948223056,623237575.2427711,599854865.5184095,True,True,-31.96745716546414,-29.315507014930052,-29.315507014930052,-55.928771474725345,13.368692358803846,STABLE_NEGATIVE,2.6519501505340877,POTENTIAL_OVERVALUED_SIGNAL,NEGATIVE,MEDIUM,NEGATIVE,NEGATIVE,DOUBLE_NEGATIVE,False,False,True,True,NEGATIVE_OR_FULLY_PRICED,LOW
A10023647,센텀KCC스위첸,해운대구,반여동,638.0,무정초등학교,해운대구|반여동,0,해운대구|반여동,75.30364238410596,11.332075238285611,B,84.91,7761158.874101991,7771622.037550015,17,39,12,3261,6606418.096168612,560950960.5456768,375741945.63215804,837452362.7052495,82.308517062517,F_S,0.2044545379514155,0.1594074158392314,0.1680838530669159,0.0408315161371136,HIGH,False,False,OK,-39.9764961036735,HIGH,0.0,NOT_CANDIDATE,0.18103680764509278,0.16808385306691598,STABLE_POSITIVE,4425178.961631822,9862823.727537977,7761158.874101991,7771622.037550015,659000000.0,659888427.2083718,True,True,-14.878458187302456,-14.993059823953182,-14.993059823953182,-43.059776450131515,26.908175408993618,STABLE_NEGATIVE,0.11460163665072542,POTENTIAL_OVERVALUED_SIGNAL,NEGATIVE,HIGH,NEGATIVE,NEGATIVE,DOUBLE_NEGATIVE,False,False,False,True,NEGATIVE_OR_FULLY_PRICED,LOW
A10023684,포레나부산덕천1차,북구,덕천동,636.0,덕성초등학교,북구|덕천동,0,북구|덕천동,67.33973509933774,7.633466263367361,A,74.5539,8018998.416445564,7965587.083893242,36,60,5,1035,7152656.294013378,533258422.078244,376398339.4949113,755488308.2081798,71.0893542451441,F_S,0.1777337525171167,0.1439222962375012,0.09130262270489,0.0563787591464408,HIGH,False,False,OK,-124.42471754127044,MEDIUM,0.0,NOT_CANDIDATE,0.10430210979319376,0.09130262270489009,STABLE_POSITIVE,5048674.039787473,10133451.210576238,8018998.416445564,7965587.083893242,597847606.0398409,593865582.8938683,True,True,-10.803620071248176,-10.205535151622968,-10.205535151622968,-36.61893358750532,27.215371621088824,STABLE_NEGATIVE,0.598084919625208,POTENTIAL_OVERVALUED_SIGNAL,NEGATIVE,HIGH,NEGATIVE,NEGATIVE,DOUBLE_NEGATIVE,False,False,False,True,NEGATIVE_OR_FULLY_PRICED,LOW
A10023692,웨이브리즈,기장군,기장읍청강리,728.0,대청초등학교,기장군|기장읍청강리,1,기장군|기장읍서부리;기장군|기장읍청강리,65.05954746136865,6.597306290749505,B,55.99,4509733.881050187,4600766.794465744,20,39,4,806,6243264.594794103,349560384.66252184,217948165.7893322,560649189.6037369,98.0377179025194,F_S,0.2410301317701672,0.1824645800248972,-0.3119368113631537,0.0680311618421224,MEDIUM,True,True,OK,-1.861028168431928,LOW,0.066,NOT_CANDIDATE,-0.32576860149748654,-0.31193681136315377,STABLE_NEGATIVE,3892626.643853049,10013380.77520516,4509733.881050187,4600766.794465744,252500000.0,257596932.822137,True,True,38.43975630198884,35.700522841195024,35.700522841195024,-15.391785375092592,117.64591040020203,STABLE_POSITIVE,2.7392334607938125,POTENTIAL_UNDERVALUED_SIGNAL,POSITIVE,MEDIUM,POSITIVE,NEUTRAL,LOCAL_ONLY_POSITIVE,False,True,True,True,LOCAL_VALUE_CANDIDATE,HIGH
A10023704,대신해모로센트럴아파트,서구,서대신동2가,733.0,대신초등학교,서구|서대신동2가,1,서구|동대신동3가;서구|서대신동1가;서구|서대신동2가;서구|서대신동3가;서구|아미동2가,66.23658940397351,7.130924553026441,B,76.5236,7556859.493649121,7448682.497948345,32,61,5,1034,7298980.553007265,558544268.2461067,348247982.65944755,895832036.7232567,98.03771790251936,F_S,0.2410301317701672,0.1824645800248972,0.0385400799969009,0.0587883597792632,MEDIUM,True,True,OK,-3.6971216048315103,LOW,0.052,NOT_CANDIDATE,0.042805324933292255,0.0385400799969009,STABLE_POSITIVE,4550857.286633764,11706611.250950774,7556859.493649121,7448682.497948345,578278093.1482079,570000000.0,True,True,-3.412514694213664,-2.00977750068303,-2.00977750068303,-38.90386269132499,57.163515214606434,STABLE_NEGATIVE,1.4027371935306343,WITHIN_MODEL_RANGE,NEUTRAL_POINT_GAP,MEDIUM,NEUTRAL,NEGATIVE,MIXED_OR_NEUTRAL,False,False,False,True,UNCERTAIN,LOW
A10023725,백양산베스티움에코포레,북구,만덕동,593.0,백양초등학교,북구|만덕동,0,북구|만덕동,40.07654525386313,-4.122503747164741,A,84.9543,3760845.536953397,3766980.5817151433,12,19,12,3341,4846625.635330155,411741688.2115285,305755986.18602437,554465735.6541026,60.40431576127065,F_S,0.1518412394338459,0.1186202251525578,-0.269378466993448,0.0657999241641656,HIGH,False,False,OK,-17.180458516893353,LOW,0.078,NOT_CANDIDATE,-0.27352357055581056,-0.26937846699344803,STABLE_NEGATIVE,3599064.275569622,6526635.328101139,3760845.536953397,3766980.5817151433,319500000.0,320021198.4332028,True,True,28.870637937880584,28.66075442107634,28.66075442107634,-4.457583534159526,73.25906482718042,STABLE_POSITIVE,0.20988351680424344,POTENTIAL_UNDERVALUED_SIGNAL,POSITIVE,HIGH,POSITIVE,NEGATIVE,LOCAL_ONLY_POSITIVE,False,False,False,True,LOCAL_VALUE_CANDIDATE,LOW
A10023750,e편한세상서면더센트럴,부산진구,범천동,998.0,선암초등학교,부산진구|범천동,0,부산진구|범천동,67.25629139072848,7.59537092725393,B,69.9964,7273942.806564909,7050331.389178945,43,82,4,915,6658699.788084323,466085013.84666544,366218804.36193913,593184286.4020432,48.69615527152995,F_S,0.1230291172112557,0.0885500114316533,0.0652987305674264,0.1119637003680378,MEDIUM,False,False,OK,0.4546860054816077,LOW,0.75,NOT_CANDIDATE,0.09804499027156055,0.06529873056742641,STABLE_POSITIVE,5231966.277721985,8474497.065592563,7273942.806564909,7050331.389178945,509149810.26544,493497816.049525,True,True,-8.458177838919978,-5.554797065223194,-5.554797065223194,-25.791200598710006,20.199982068920463,STABLE_NEGATIVE,2.9033807736967843,POTENTIAL_OVERVALUED_SIGNAL,NEGATIVE,MEDIUM,NEGATIVE,NEUTRAL,MIXED_OR_NEUTRAL,False,False,False,True,UNCERTAIN,LOW
A10023778,이지더원2차포레온아파트,기장군,일광읍,786.0,해빛초등학교,기장군|일광읍,1,기장군|일광읍;기장군|정관읍모전리,75.63647902869756,,B,,,,0,0,6,2297,,,,,,INSUFFICIENT_FEATURES,,,,,LOW,True,True,INSUFFICIENT_MODEL_FEATURES,,LOW,,NOT_CANDIDATE,,,,,,,,,,False,False,,,,,,INSUFFICIENT,,INSUFFICIENT,MISSING,LOW,MISSING,MISSING,MIXED_OR_NEUTRAL,False,False,False,False,UNCERTAIN,LOW
A10023781,힐스테이트명륜트라디움,동래구,명륜동,874.0,교동초등학교,동래구|명륜동,0,동래구|명륜동,75.1171633554084,11.244033972227909,B,84.9309,12098886.031553611,11267983.737367673,7,35,4,1449,10864922.730198478,922767665.906214,747672402.1182401,1138867989.281945,42.39372505315593,F_S,0.1073533518444826,0.0797401060133864,0.0067286686268204,0.059988948995415,MEDIUM,False,False,OK,-37.175000850082014,HIGH,0.0,NOT_CANDIDATE,0.1033834105292577,0.006728668626820422,STABLE_POSITIVE,8803302.474343734,13409347.94382192,12098886.031553611,11267983.737367673,1027569279.6572765,957000000.0,True,True,-10.198982766983534,-3.577046404784323,-3.577046404784323,-21.873312213350037,19.00396962193782,STABLE_NEGATIVE,6.621936362199211,POTENTIAL_OVERVALUED_SIGNAL,NEGATIVE,MEDIUM,NEGATIVE,NEGATIVE,DOUBLE_NEGATIVE,False,False,False,True,NEGATIVE_OR_FULLY_PRICED,LOW
A10023790,힐스테이트이진베이시티아파트,서구,암남동,1368.0,송도초등학교,서구|암남동,1,서구|서대신동1가;서구|서대신동2가;서구|암남동,73.16280353200882,10.325511339920102,B,92.9051,8717297.107278658,8317735.115040312,29,45,4,918,7692488.823843979,714671443.4281073,445592055.2540531,1146239628.8919642,98.03771790251938,F_S,0.2410301317701672,0.1824645800248972,0.1265854707030023,0.1110023049510484,MEDIUM,True,True,OK,-18.40574095783925,LOW,0.0,NOT_CANDIDATE,0.1265854707030023,0.1265854707030023,STABLE_POSITIVE,4796206.615719192,12337747.108522182,8717297.107278658,8317735.115040312,809881359.4814345,772760012.6363317,True,True,-11.75603252731856,-7.517025759401119,-7.517025759401119,-42.337588906304724,48.33060848755326,STABLE_NEGATIVE,4.239006767917441,POTENTIAL_OVERVALUED_SIGNAL,NEGATIVE,MEDIUM,NEGATIVE,NEGATIVE,DOUBLE_NEGATIVE,False,False,False,True,NEGATIVE_OR_FULLY_PRICED,LOW
A10023837,부산오션시티푸르지오,영도구,동삼동,846.0,태종대초등학교,영도구|동삼동,0,영도구|동삼동,42.04061810154525,-3.320285339656304,B,84.9133,4678301.279069357,4714757.190004715,12,25,5,1399,5052420.865389546,429017728.6690822,277675072.4921938,662847442.0135517,89.78005890718237,F_S,0.2219625599599246,0.1831828139803903,-0.120479926719117,0.1091529523552946,HIGH,False,False,OK,-67.61421053425858,MEDIUM,0.01,NOT_CANDIDATE,-0.14240824216470394,-0.120479926719117,STABLE_NEGATIVE,3270101.061814743,7806167.491000251,4678301.279069357,4714757.190004715,397250000.00000006,400345591.7020274,True,True,7.996910929913703,7.161846554912277,7.161846554912277,-30.641156478909302,65.56881248411533,STABLE_POSITIVE,0.8350643750014264,POTENTIAL_UNDERVALUED_SIGNAL,POSITIVE,HIGH,POSITIVE,NEGATIVE,LOCAL_ONLY_POSITIVE,False,False,False,True,LOCAL_VALUE_CANDIDATE,LOW
A10023872,대연양우내안애퍼스트,남구,문현동,560.0,연포초등학교,남구|문현동,0,남구|문현동,63.7098233995585,5.988672335950129,B,84.9684,7414521.163161834,7402752.081950466,35,94,6,1105,6897165.919687954,586041152.7304139,461773449.3407376,743750497.5305945,48.11557121476925,F_S,0.1215895980584973,0.0913334857908068,0.0826876984303419,0.1048219920295347,HIGH,False,False,OK,-20.68987849154517,MEDIUM,0.114,NOT_CANDIDATE,0.09619554727300894,0.08268769843034196,STABLE_POSITIVE,5434649.226544663,8753260.006432915,7414521.163161834,7402752.081950466,630000000.0,629000000.0,True,True,-6.977594804696208,-6.829705448264878,-6.829705448264878,-26.586097084143468,18.24332234190691,STABLE_NEGATIVE,0.14788935643132994,POTENTIAL_OVERVALUED_SIGNAL,NEGATIVE,HIGH,NEGATIVE,NEGATIVE,DOUBLE_NEGATIVE,False,False,False,True,NEGATIVE_OR_FULLY_PRICED,LOW
A10023912,일광한신더휴센트럴포레2단지,기장군,일광읍삼성리,1298.0,해빛초등학교,기장군|일광읍삼성리,0,기장군|일광읍삼성리,75.63647902869756,11.489388683813283,B,75.9504,5592373.650619105,5617160.425098677,15,35,5,957,5558025.789123192,422134281.8942221,350829657.1962118,507931266.057956,37.21602712691088,F_S,0.0943993206264634,0.0619701548317781,-0.0257830023432124,0.0801946453559625,HIGH,False,False,OK,17.666905514815163,MEDIUM,1.0,TIER_1,-0.01137660742212887,-0.025783002343212402,STABLE_NEGATIVE,4619194.33204054,6687670.71744133,5592373.650619105,5617160.425098677,424743015.71398133,426625581.1504146,True,True,-0.6141911045609683,-1.0527496368317957,-1.0527496368317957,-17.766380475782938,19.057855060706164,STABLE_NEGATIVE,0.4385585322708274,WITHIN_MODEL_RANGE,NEUTRAL_POINT_GAP,HIGH,NEUTRAL,POSITIVE,SCHOOL_ONLY_POSITIVE,False,False,False,False,SCHOOL_VALUE_CANDIDATE,LOW
A10023928,사하코오롱하늘채,사하구,신평동,969.0,신평초등학교,사하구|신평동,0,사하구|신평동,45.64525386313466,-1.830480488666797,B,59.9513,4087352.684043217,4095692.786759921,36,72,4,824,4199791.910834415,251782984.78400728,207561401.90351656,305426109.3120396,38.868673946524446,F_S,0.0985409879147782,0.0775313000225692,0.0180734579405692,0.0788420652960416,MEDIUM,False,False,OK,-55.43546499728886,MEDIUM,0.0,NOT_CANDIDATE,0.003963506556011964,0.01807345794056925,STABLE_POSITIVE,3462166.823797258,5094570.248051995,4087352.684043217,4095692.786759921,245042106.96688014,245542106.96688005,True,True,2.7509059159527283,2.541673155052404,2.541673155052404,-15.46810261283883,24.388485985109277,STABLE_POSITIVE,0.20923276090032417,WITHIN_MODEL_RANGE,NEUTRAL_POINT_GAP,MEDIUM,NEUTRAL,NEGATIVE,MIXED_OR_NEUTRAL,False,False,False,False,UNCERTAIN,LOW
A10023963,부산항일동미라주더오션(1지구),동구,좌천동,546.0,수정초등학교,동구|좌천동,1,동구|범일동;동구|좌천동,36.20816777041942,-5.683114306935899,B,73.6399,6246613.588557291,6231019.096718961,9,23,4,736,6378826.618145295,469736154.2775577,292876818.2028636,753395424.0196401,98.03771790251967,F_S,0.2410301317701672,0.1824645800248972,-0.006290106017694,0.048593668325605,MEDIUM,True,True,OK,2.527257965011165,LOW,0.564,NOT_CANDIDATE,0.004641460605963488,-0.006290106017694086,MIXED,3977148.5051291976,10230804.550517317,6246613.588557291,6231019.096718961,460000000.0,458851623.18047464,True,True,2.116555277729937,2.3721243528873615,2.3721243528873615,-36.171781158182846,64.19151332571751,STABLE_POSITIVE,0.25556907515742466,WITHIN_MODEL_RANGE,NEUTRAL_POINT_GAP,MEDIUM,NEUTRAL,NEUTRAL,MIXED_OR_NEUTRAL,False,False,False,True,UNCERTAIN,LOW
A10023969,괴정한신더휴,사하구,괴정동,835.0,괴정초등학교,사하구|괴정동,1,사하구|괴정동;사하구|구평동,35.42522075055188,-5.995872370493071,B,59.9476,5955200.87543121,5962074.110772695,23,50,5,1161,5997928.010874793,359561389.22471774,224183713.91211423,576689494.3666226,98.0377179025194,F_S,0.2410301317701672,0.1824645800248972,0.0021367688309306,0.0660106026172331,MEDIUM,True,True,OK,-13.19188757399888,LOW,0.416,NOT_CANDIDATE,-0.0009195287085432824,0.002136768830930613,MIXED,3739661.20265222,9619892.94594984,5955200.87543121,5962074.110772695,357000000.0,357412033.96295726,True,True,0.7174759733102887,0.6013662265169417,0.6013662265169417,-37.27583500018665,61.35144862704638,STABLE_POSITIVE,0.11610974679334696,WITHIN_MODEL_RANGE,NEUTRAL_POINT_GAP,MEDIUM,NEUTRAL,NEGATIVE,MIXED_OR_NEUTRAL,False,False,False,False,UNCERTAIN,LOW
A10023975,동래래미안아이파크,동래구,온천동,3853.0,온샘초등학교,동래구|온천동,0,동래구|온천동,65.3701986754967,6.737882959286323,B,84.9856,12453658.212523265,11567949.601798791,71,255,8,1667,10908201.166057734,927040021.0181162,680723681.3691474,1262484652.863467,62.75467706943266,F_S,0.1575715651401062,0.1164932002547906,0.0509545116185634,0.0828409363431346,HIGH,False,False,OK,-40.15555302047442,MEDIUM,0.0,NOT_CANDIDATE,0.13271698092878736,0.05095451161856346,STABLE_POSITIVE,8009870.864818832,14855277.280662453,12453658.212523265,11567949.601798791,1058381615.3862172,983109137.6786314,True,True,-12.409663249882962,-5.703244381687722,-5.703244381687722,-30.758076058929973,28.417548416294004,STABLE_NEGATIVE,6.70641886819524,POTENTIAL_OVERVALUED_SIGNAL,NEGATIVE,HIGH,NEGATIVE,NEGATIVE,DOUBLE_NEGATIVE,False,False,False,True,NEGATIVE_OR_FULLY_PRICED,LOW
A10024005,동래3차SKVIEW,동래구,온천동,999.0,온천초등학교,동래구|온천동,0,동래구|온천동,83.8975165562914,15.465955809686193,B,84.816,6921454.742521884,6815423.946466229,38,108,8,2120,7179399.406389311,608927940.0523158,447134600.06366175,829265362.4290426,62.75467706943291,F_S,0.1575715651401062,0.1164932002547906,-0.0371182138456793,0.1183851733160943,HIGH,False,False,OK,32.954245223919784,MEDIUM,1.0,TIER_1,-0.02907801719712655,-0.03711821384567937,STABLE_NEGATIVE,5271818.997166357,9777227.910170753,6921454.742521884,6815423.946466229,587050105.4417361,578056997.4434797,True,True,3.72674059808189,5.340466899521368,5.340466899521368,-22.64870038055703,43.457369445670494,STABLE_POSITIVE,1.6137263014394776,POTENTIAL_UNDERVALUED_SIGNAL,POSITIVE,HIGH,POSITIVE,POSITIVE,DOUBLE_POSITIVE,True,False,False,True,ROBUST_DUAL_POSITIVE,LOW
A10024185,부산사하중흥S-클래스,사하구,구평동,665.0,구평초등학교,사하구|구평동,1,사하구|괴정동;사하구|구평동,36.72902869757174,,B,,,,0,0,6,1290,,,,,,INSUFFICIENT_FEATURES,,,,,LOW,True,True,INSUFFICIENT_MODEL_FEATURES,,LOW,,NOT_CANDIDATE,,,,,,,,,,False,False,,,,,,INSUFFICIENT,,INSUFFICIENT,MISSING,LOW,MISSING,MISSING,MIXED_OR_NEUTRAL,False,False,False,False,UNCERTAIN,LOW
A10024201,리버파크반도유보라,북구,구포동,790.0,구포초등학교,북구|구포동,0,북구|구포동,52.61782560706401,1.1167662544392831,B,59.9466,6529633.654066706,6450048.610767814,17,41,4,1194,6277766.84051887,376330777.68184847,296105873.04188675,478291270.5368421,48.41097467956118,F_S,0.1223221504927091,0.0963435857849885,0.011354434182877,0.0717851861255438,MEDIUM,False,False,OK,-41.164272642654566,LOW,0.0,NOT_CANDIDATE,0.022069317316054438,0.011354434182877071,STABLE_POSITIVE,4939494.033721458,7978622.149326936,6529633.654066706,6450048.610767814,391429336.80687517,386658484.0502538,True,True,-3.857288584497709,-2.671015067411031,-2.671015067411031,-23.41927430631471,23.69863594527486,STABLE_NEGATIVE,1.1862735170866778,WITHIN_MODEL_RANGE,NEUTRAL_POINT_GAP,MEDIUM,NEUTRAL,NEGATIVE,MIXED_OR_NEUTRAL,False,False,False,True,UNCERTAIN,LOW
A10024226,삼한골든뷰에듀스테이션,금정구,부곡동,610.0,부곡초등학교,금정구|부곡동,0,금정구|부곡동,65.36490066225166,6.735483935817554,B,84.6678,7423128.98173804,7279530.807853537,18,66,7,1723,7361861.936886053,623312654.0998809,431276832.3775414,900856794.5076348,75.33618306020257,F_S,0.1879071729456638,0.1520975021008835,-0.0124673907664982,0.0896125915818587,HIGH,False,False,OK,-35.353637588910715,LOW,0.0,NOT_CANDIDATE,0.02453834690089085,-0.012467390766498276,MIXED,5093752.670761983,10639898.456173832,7423128.98173804,7279530.807853537,628500000.0,616341858.5331817,True,True,-0.8253533651740752,1.1309949941237019,1.1309949941237019,-30.02636014306612,46.16187137631118,MIXED,1.956348359297777,WITHIN_MODEL_RANGE,NEUTRAL_POINT_GAP,LOW,NEUTRAL,NEGATIVE,MIXED_OR_NEUTRAL,False,False,False,True,UNCERTAIN,LOW
A10024249,해운대센텀트루엘1단지,해운대구,반여동,531.0,삼어초등학교,해운대구|반여동,0,해운대구|반여동,37.38101545253864,-5.212657545926758,B,74.9884,5177189.303926898,5286345.277603318,15,42,12,3153,5075906.42813134,380634101.59528416,254960251.37069854,568254535.8280102,82.3085170625167,F_S,0.2044545379514155,0.1594074158392314,-0.0144545066290575,0.1082956131466464,HIGH,False,False,OK,4.015099544061572,MEDIUM,0.668,NOT_CANDIDATE,-0.018924615732549555,-0.014454506629057562,STABLE_NEGATIVE,3399995.8843060867,7577899.192781953,5177189.303926898,5286345.277603318,388229142.3985918,396414574.21502864,True,True,-1.956329387429112,-3.9808003151732274,-3.9808003151732274,-35.68343144911733,43.3485479067603,STABLE_NEGATIVE,2.0244709277441153,POTENTIAL_OVERVALUED_SIGNAL,NEGATIVE,HIGH,NEGATIVE,POSITIVE,SCHOOL_ONLY_POSITIVE,False,False,False,False,SCHOOL_VALUE_CANDIDATE,LOW
A10024303,영도센트럴에일린의뜰,영도구,봉래동4가,1216.0,대교초등학교,영도구|봉래동4가,2,영도구|동삼동;영도구|봉래동2가;영도구|봉래동4가;영도구|영선동4가;영도구|청학동,42.63222958057395,-3.0773309101863933,B,84.8813,5964211.198461853,6008390.540672681,24,59,10,2149,6092769.660265142,517162209.3638636,322446592.6115493,829460620.5261307,98.0377179025194,F_S,0.2410301317701672,0.1824645800248972,-0.0354462677275062,0.0797345073744575,MEDIUM,True,True,OK,7.846981777739025,LOW,1.0,NOT_CANDIDATE,-0.06035229375695739,-0.03544626772750625,STABLE_NEGATIVE,3798794.229253668,9772006.561234698,5964211.198461853,6008390.540672681,506250000.00000006,510000000.00000006,True,True,2.1554981459483535,1.404354777228134,1.404354777228134,-36.775177919304056,62.639337358064815,STABLE_POSITIVE,0.7511433687202196,WITHIN_MODEL_RANGE,NEUTRAL_POINT_GAP,MEDIUM,NEUTRAL,POSITIVE,SCHOOL_ONLY_POSITIVE,False,False,False,True,UNCERTAIN,LOW
A10024318,이편한세상금정산,북구,만덕동,1969.0,상학초등학교,북구|만덕동,0,북구|만덕동,40.05496688741722,-4.131280282847715,B,84.9378,5110323.804700237,5162601.338862085,40,87,12,3134,4961509.447257144,421419697.1292378,312942795.8914121,567498480.4255474,60.40431576127065,F_S,0.1518412394338459,0.1186202251525578,0.04883895727591,0.0482758255138387,HIGH,False,False,OK,-52.81049754121193,HIGH,0.0,NOT_CANDIDATE,0.05080641532623442,0.04883895727591003,STABLE_POSITIVE,3684376.04801881,6681341.8810652895,5110323.804700237,5162601.338862085,434059661.25886774,438499999.99999994,True,True,-2.9120338188006967,-3.8951659910518077,-3.8951659910518077,-28.633341871969876,29.418125524640224,STABLE_NEGATIVE,0.983132172251111,POTENTIAL_OVERVALUED_SIGNAL,NEGATIVE,HIGH,NEGATIVE,NEGATIVE,DOUBLE_NEGATIVE,False,False,False,True,NEGATIVE_OR_FULLY_PRICED,LOW
A10024328,동대신역비스타동원아파트,서구,동대신동1가,503.0,화랑초등학교,서구|동대신동1가,1,서구|동대신동1가;서구|동대신동3가;서구|서대신동2가;서구|서대신동3가;서구|아미동2가,48.52251655629139,-0.6248416972477022,B,59.997,6850342.517125856,6833675.017084188,22,37,5,737,7016426.225158521,420964524.2308358,262468088.33062363,675172101.0657332,98.03771790251938,F_S,0.2410301317701672,0.1824645800248972,-0.0043799323247633,0.0748890163282522,MEDIUM,True,True,OK,-0.2723285564362521,LOW,0.086,NOT_CANDIDATE,-0.003915530059869887,-0.004379932324763303,STABLE_NEGATIVE,4374686.873187386,11253431.022646686,6850342.517125856,6833675.017084188,411000000.0,410000000.0,True,True,2.4244584503250177,2.674274202642879,2.674274202642879,-35.983393090091795,64.67612221115444,STABLE_POSITIVE,0.24981575231786124,WITHIN_MODEL_RANGE,NEUTRAL_POINT_GAP,MEDIUM,NEUTRAL,NEUTRAL,MIXED_OR_NEUTRAL,False,False,False,True,UNCERTAIN,LOW
A10024341,화명푸르지오헤리센트,북구,화명동,886.0,화명초등학교,북구|화명동,0,북구|화명동,45.28443708609271,-1.9806351409914933,B,84.9205,7689544.92731437,7571787.730877703,31,69,17,6961,5989778.7269055545,508655004.3781832,364398287.98134166,710019563.7917414,67.94807341626614,F_S,0.1701645553832526,0.1326223031155248,0.2507537269883979,0.0855795923020854,HIGH,False,False,OK,-53.60529796936822,HIGH,0.0,NOT_CANDIDATE,0.264524782214437,0.25075372698839793,STABLE_POSITIVE,4291052.077900409,8360991.324730086,7689544.92731437,7571787.730877703,653000000.0,643000000.0,True,True,-22.104899788945907,-20.893467437296554,-20.893467437296554,-43.3284155550013,10.422949267766924,STABLE_NEGATIVE,1.2114323516493535,POTENTIAL_OVERVALUED_SIGNAL,NEGATIVE,HIGH,NEGATIVE,NEGATIVE,DOUBLE_NEGATIVE,False,False,False,True,NEGATIVE_OR_FULLY_PRICED,LOW
A10024383,사하역비스타동원,사하구,괴정동,513.0,사하초등학교,사하구|괴정동,1,사하구|괴정동;사하구|구평동,62.49724061810154,5.4448437547776285,B,74.9786,6883551.488965137,6668569.43181121,12,29,5,1164,6473410.91011912,485367287.2654575,302622707.36364734,778465719.2440674,98.0377179025194,F_S,0.2410301317701672,0.1824645800248972,0.054912839059904,0.1048661368353634,MEDIUM,True,True,OK,-23.441990386245543,MEDIUM,0.01,NOT_CANDIDATE,0.06909208105210052,0.05491283905990407,STABLE_POSITIVE,4036121.071394336,10382505.398127832,6883551.488965137,6668569.43181121,516119053.67052144,500000000.0,True,True,-5.958269935272565,-2.926542546908495,-2.926542546908495,-39.47545852727053,55.69314384881348,STABLE_NEGATIVE,3.03172738836407,WITHIN_MODEL_RANGE,NEUTRAL_POINT_GAP,MEDIUM,NEUTRAL,NEGATIVE,MIXED_OR_NEUTRAL,False,False,False,True,UNCERTAIN,LOW
A10024476,일광신도시비스타동원2차,기장군,일광읍이천리,917.0,일광초등학교,기장군|일광읍이천리,1,기장군|일광읍이천리;기장군|정관읍용수리,70.97770419426048,9.307521388987071,B,96.1765,6212536.32644149,6429572.193539719,18,33,6,1839,6906534.281801005,664246294.3536344,414152369.2008259,1065364277.4371804,98.03771790251936,F_S,0.2410301317701672,0.1824645800248972,-0.063920235511274,0.1068567831849983,MEDIUM,True,True,OK,-16.63002453180467,LOW,0.002,NOT_CANDIDATE,-0.09021812532924312,-0.06392023551127402,STABLE_NEGATIVE,4306170.106011613,11077178.702044474,6212536.32644149,6429572.193539719,597500000.0,618373750.0719728,True,True,11.17092792529446,7.418255428262022,7.418255428262022,-33.02555790044087,72.28484833212634,STABLE_POSITIVE,3.7526724970324388,POTENTIAL_UNDERVALUED_SIGNAL,POSITIVE,MEDIUM,POSITIVE,NEGATIVE,LOCAL_ONLY_POSITIVE,False,False,False,True,LOCAL_VALUE_CANDIDATE,LOW
A10024535,대신푸르지오2차,서구,서대신동2가,815.0,대신초등학교,서구|서대신동2가,1,서구|동대신동3가;서구|서대신동1가;서구|서대신동2가;서구|서대신동3가;서구|아미동2가,66.23658940397351,7.130924553026441,B,84.9287,7100073.355650092,7064749.607612032,29,59,5,944,7109276.408032178,603781603.2748425,376453107.2310693,968386812.1969681,98.0377179025194,F_S,0.2410301317701672,0.1824645800248972,-0.0070473989579529,0.0964101215670316,MEDIUM,True,True,OK,3.919096105966047,MEDIUM,0.75,NOT_CANDIDATE,-0.007646174585756782,-0.007047398957952922,STABLE_NEGATIVE,4432578.235991712,11402350.58580866,7100073.355650092,7064749.607612032,603000000.0,600000000.0000001,True,True,0.12961911688931238,0.630267212473723,0.630267212473723,-37.257815461488455,61.39780203282798,STABLE_POSITIVE,0.5006480955844106,WITHIN_MODEL_RANGE,NEUTRAL_POINT_GAP,MEDIUM,NEUTRAL,POSITIVE,SCHOOL_ONLY_POSITIVE,True,False,False,True,ROBUST_DUAL_POSITIVE,LOW
A10024591,롯데캐슬스타,해운대구,중동,828.0,해운대초등학교,해운대구|중동,0,해운대구|중동,81.58217439293598,14.337341114040502,B,84.9953,12987370.035582865,12330093.546349034,16,57,4,1223,12576249.023013476,1068922058.5857372,797808989.7196281,1432165320.3390317,59.34542425466491,F_S,0.1492534644072632,0.1091487213275323,-0.0024350790538818,0.0755175367422005,MEDIUM,False,False,OK,-27.772775252105145,HIGH,0.0,NOT_CANDIDATE,0.04204006987716724,-0.00243507905388185,MIXED,9386507.132978272,16849935.47100877,12987370.035582865,12330093.546349034,1103865412.3853762,1048000000.0,True,True,-3.165544767285433,1.9963796360436215,1.9963796360436215,-23.873188003852285,36.65699621555647,MIXED,5.161924403329055,WITHIN_MODEL_RANGE,NEUTRAL_POINT_GAP,LOW,NEUTRAL,NEGATIVE,MIXED_OR_NEUTRAL,False,False,False,True,UNCERTAIN,LOW
A10024602,서면아이파크1단지,부산진구,전포동,2144.0,성북초등학교,부산진구|전포동,0,부산진구|전포동,47.90739514348786,-0.8838298478144102,B,72.5835,8998972.979663659,8775990.227356223,71,170,6,1215,8411589.468420269,610542604.1810826,503101125.35606205,740929114.9098531,38.95354524403557,F_S,0.0987535114774411,0.0728117414555861,0.0381904888824546,0.0712440676671907,HIGH,False,False,OK,-54.56127639897348,MEDIUM,0.0,NOT_CANDIDATE,0.05690882001172781,0.03819048888245469,STABLE_POSITIVE,6931342.872086109,10207955.18140973,8998972.979663659,8775990.227356223,653176955.2694172,636992086.6673105,True,True,-6.527228302282817,-4.152246635371782,-4.152246635371782,-21.019250335079477,16.316847637202603,STABLE_NEGATIVE,2.374981666911035,POTENTIAL_OVERVALUED_SIGNAL,NEGATIVE,HIGH,NEGATIVE,NEGATIVE,DOUBLE_NEGATIVE,False,False,False,True,NEGATIVE_OR_FULLY_PRICED,LOW
A10024606,일광대성베르힐,기장군,일광읍삼성리,518.0,해빛초등학교,기장군|일광읍삼성리,0,기장군|일광읍삼성리,75.63647902869756,11.489388683813262,B,84.5535,5006671.612112708,5025436.728894038,14,28,5,952,5002431.899158982,422973125.5855389,351526807.9780563,508940601.1355133,37.21602712691088,F_S,0.0943993206264634,0.0619701548317781,-0.0085553136563918,0.0529739057642512,HIGH,False,False,OK,23.0159009363874,MEDIUM,1.0,TIER_1,-0.008555313656391839,-0.008555313656391839,STABLE_NEGATIVE,4157448.337183633,6019154.749779883,5006671.612112708,5025436.728894038,423331608.15477186,424918264.4565421,True,True,-0.08468126696126177,-0.4577677717598094,-0.4577677717598094,-17.27189970813593,19.77376444065857,STABLE_NEGATIVE,0.37308650479854766,WITHIN_MODEL_RANGE,NEUTRAL_POINT_GAP,HIGH,NEUTRAL,POSITIVE,SCHOOL_ONLY_POSITIVE,False,False,False,False,SCHOOL_VALUE_CANDIDATE,LOW
A10024627,연산롯데캐슬골드포레,연제구,연산동,1230.0,양동초등학교,연제구|연산동,0,연제구|연산동,64.81462472406182,6.486603777673539,B,72.8346,9149071.619285654,8819981.51439965,36,108,15,4921,7587067.514661825,552601027.6033882,372689496.1921721,819362763.9853362,80.83105992950661,F_S,0.2009646168309107,0.1563076693282115,0.1564106484986744,0.0712872483426144,HIGH,False,False,OK,-9.726422470797491,MEDIUM,0.0,NOT_CANDIDATE,0.2086612684630449,0.15641064849867448,STABLE_POSITIVE,5116929.264280605,11249636.353949033,9149071.619285654,8819981.51439965,666368971.7620229,642399825.6086926,True,True,-17.072815359005656,-13.97864607454049,-13.97864607454049,-41.984807383931354,27.547164759729803,STABLE_NEGATIVE,3.094169284465165,POTENTIAL_OVERVALUED_SIGNAL,NEGATIVE,HIGH,NEGATIVE,NEGATIVE,DOUBLE_NEGATIVE,False,False,False,True,NEGATIVE_OR_FULLY_PRICED,LOW
A10024664,더샵명지퍼스트월드3단지,강서구,명지동,1530.0,명원초등학교,강서구|명지동,0,강서구|명지동,44.80794701986755,-2.1785756172302606,B,84.997,6981373.102403374,7047307.552031248,49,104,22,7201,6967831.110504556,592244740.8995558,445866631.62973505,786678814.3376043,57.54583522180581,F_S,0.1448469837005644,0.1143422649591636,0.014693468219086,0.081550744302016,HIGH,False,False,OK,-27.05363380055781,MEDIUM,0.0,NOT_CANDIDATE,0.003352637329840036,0.014693468219086014,STABLE_POSITIVE,5245674.925347189,9255371.534731865,6981373.102403374,7047307.552031248,593395769.5849797,599000000.0,True,True,-0.1939731869387784,-1.1277561102577938,-1.1277561102577938,-25.564836121914013,31.332022426979012,STABLE_NEGATIVE,0.9337829233190154,WITHIN_MODEL_RANGE,NEUTRAL_POINT_GAP,HIGH,NEUTRAL,NEGATIVE,MIXED_OR_NEUTRAL,False,False,False,True,UNCERTAIN,LOW
A10024695,광안자이,수영구,광안동,971.0,호암초등학교,수영구|광안동,1,수영구|광안동;수영구|남천동,64.94271523178807,6.544484998210787,B,84.48,11537939.459752953,11411684.685562,30,58,8,2382,9251958.21268197,781605429.8073728,487324872.24477977,1253592998.630106,98.03771790251936,F_S,0.2410301317701672,0.1824645800248972,0.181693600754059,0.1916075681900692,MEDIUM,True,True,OK,-10.957362352794371,MEDIUM,0.148,NOT_CANDIDATE,0.20724001482149035,0.18169360075405905,STABLE_POSITIVE,5768523.582442942,14838932.275451064,11537939.459752953,11411684.685562,974725125.5599295,964059122.2362778,True,True,-19.812733937849337,-18.925570872217534,-18.925570872217534,-49.450727553476426,30.032792565896948,STABLE_NEGATIVE,0.8871630656318032,POTENTIAL_OVERVALUED_SIGNAL,NEGATIVE,MEDIUM,NEGATIVE,NEGATIVE,DOUBLE_NEGATIVE,False,False,False,True,NEGATIVE_OR_FULLY_PRICED,LOW
A10024697,더샵명지퍼스트월드2단지,강서구,명지동,1406.0,명문초등학교,강서구|명지동,0,강서구|명지동,55.55849889624725,2.386140016171568,B,84.997,6941421.461933951,7041424.991470287,39,74,22,7253,7274029.729883503,618270704.9509081,465460066.7843768,821249107.8801235,57.54583522180581,F_S,0.1448469837005644,0.1143422649591636,-0.0238442586316818,0.0837634989417175,HIGH,False,False,OK,-20.16945908441412,HIGH,0.0,NOT_CANDIDATE,-0.0298658736479549,-0.023844258631681825,STABLE_NEGATIVE,5476194.063136073,9662095.22548,6941421.461933951,7041424.991470287,590000000.0,598500000.0,True,True,4.791644906933579,3.3033759316471345,3.3033759316471345,-22.22889443870062,37.21789605348764,STABLE_POSITIVE,1.4882689752864442,POTENTIAL_UNDERVALUED_SIGNAL,POSITIVE,HIGH,POSITIVE,NEGATIVE,LOCAL_ONLY_POSITIVE,False,False,False,True,LOCAL_VALUE_CANDIDATE,LOW
A10024704,문현경동리인아파트,남구,문현동,600.0,문현초등학교,남구|문현동,0,남구|문현동,43.80700883002207,-2.5930781985222584,B,79.6226,5332003.317690953,5309392.4409069065,25,48,6,1215,5140120.479830906,409269756.9173843,322485727.2941776,519408208.6442746,48.11557121476924,F_S,0.1215895980584973,0.0913334857908068,0.0495469826881578,0.0915612756705149,HIGH,False,False,OK,8.879430913759313,MEDIUM,0.896,NOT_CANDIDATE,0.04357518355045187,0.049546982688157826,STABLE_POSITIVE,4050178.307342106,6523376.637340084,5332003.317690953,5309392.4409069065,424547967.3631797,422747630.5653543,True,True,-3.5987006464043736,-3.188160659811523,-3.188160659811523,-23.716727433124383,22.864842068931978,STABLE_NEGATIVE,0.4105399865928505,POTENTIAL_OVERVALUED_SIGNAL,NEGATIVE,HIGH,NEGATIVE,POSITIVE,SCHOOL_ONLY_POSITIVE,False,False,False,True,SCHOOL_VALUE_CANDIDATE,LOW
A10024875,브라운스톤하이포레,서구,동대신동3가,554.0,구덕초등학교,서구|동대신동3가,1,서구|동대신동1가;서구|동대신동3가;서구|서대신동2가;서구|서대신동3가;서구|아미동2가,57.267218543046354,3.131034552652268,B,74.9,6063103.367082647,5709240.729841083,9,32,5,728,6246486.713899065,467861854.87104,291708207.1825246,750389292.6344894,98.0377179025194,F_S,0.2410301317701672,0.1824645800248972,-0.0562322998005146,0.1146772594894235,MEDIUM,True,True,OK,2.214606503668604,LOW,1.0,NOT_CANDIDATE,-0.02225974217666149,-0.056232299800514696,STABLE_NEGATIVE,3894635.6099135457,10018548.633304264,6063103.367082647,5709240.729841083,454126442.1944903,427622130.6650972,True,True,3.0245789278808832,9.410112648603208,9.410112648603208,-31.783650502648307,75.47952709261796,STABLE_POSITIVE,6.385533720722325,POTENTIAL_UNDERVALUED_SIGNAL,POSITIVE,MEDIUM,POSITIVE,NEUTRAL,LOCAL_ONLY_POSITIVE,False,False,False,True,LOCAL_VALUE_CANDIDATE,LOW
A10024909,일광자이푸르지오2단지,기장군,일광읍삼성리,1059.0,일광초등학교,기장군|일광읍삼성리,0,기장군|일광읍삼성리,70.97770419426048,9.307521388987071,B,84.9677,6427653.7193984,6386935.186632512,30,64,5,820,6353895.427716136,539875880.5335563,448682986.00669277,649603340.15771,37.21602712691088,F_S,0.0943993206264634,0.0619701548317781,-0.0078370448877986,0.1124349382193233,HIGH,False,False,OK,-5.699392736848218,MEDIUM,0.092,NOT_CANDIDATE,-0.007591784569796367,-0.007837044887798683,STABLE_NEGATIVE,5280630.004186212,7645297.450180599,6427653.7193984,6386935.186632512,546142952.9337274,542683192.8572353,True,True,-1.1475150171774806,-0.5173022420131401,-0.5173022420131401,-17.321377939793937,19.702129844401185,STABLE_NEGATIVE,0.6302127751643405,WITHIN_MODEL_RANGE,NEUTRAL_POINT_GAP,HIGH,NEUTRAL,NEGATIVE,MIXED_OR_NEUTRAL,False,False,False,False,UNCERTAIN,LOW
A10024919,일광신도시비스타동원1차,기장군,일광읍삼성리,701.0,일광초등학교,기장군|일광읍삼성리,0,기장군|일광읍삼성리,70.97770419426048,9.307521388987071,B,104.2061,6332855.253406212,6342505.705655747,16,51,5,922,6162745.349169605,642195658.1301029,533719463.82486737,772719174.1624104,37.21602712691089,F_S,0.0943993206264634,0.0619701548317781,0.029639019540097,0.0958771523111458,HIGH,False,False,OK,-5.103244949461061,MEDIUM,0.06,NOT_CANDIDATE,0.030361112190828266,0.029639019540097067,STABLE_POSITIVE,5121767.956241212,7415296.937150612,6332855.253406212,6342505.705655747,659922147.8219731,660927783.8141334,True,True,-2.6861486237998333,-2.8342167091130133,-2.8342167091130133,-19.246931828945424,16.914312438666524,STABLE_NEGATIVE,0.14806808531317994,WITHIN_MODEL_RANGE,NEUTRAL_POINT_GAP,HIGH,NEUTRAL,NEGATIVE,MIXED_OR_NEUTRAL,False,False,False,True,UNCERTAIN,LOW
A10024933,이지더원1차오션포레,기장군,일광읍삼성리,653.0,일광초등학교,기장군|일광읍삼성리,0,기장군|일광읍삼성리,70.97770419426048,9.30752138898705,B,59.6231,5450907.450300303,5434135.427376302,29,53,5,859,5312998.976153162,316777469.2550776,263269143.76049295,381161132.6504044,37.21602712691088,F_S,0.0943993206264634,0.0619701548317781,0.0092094797972244,0.0874962544611098,HIGH,False,False,OK,13.994423855989574,MEDIUM,1.0,NOT_CANDIDATE,0.011354944552271817,0.009209479797224418,STABLE_POSITIVE,4415556.114333085,6392843.254550743,5450907.450300303,5434135.427376302,325000000.0,324000000.0,True,True,-2.5300094599761236,-2.229176155840251,-2.229176155840251,-18.744091431946618,17.642324892100113,STABLE_NEGATIVE,0.3008333041358724,WITHIN_MODEL_RANGE,NEUTRAL_POINT_GAP,HIGH,NEUTRAL,POSITIVE,SCHOOL_ONLY_POSITIVE,False,False,False,True,SCHOOL_VALUE_CANDIDATE,LOW
A10024953,포레나부산초읍,부산진구,초읍동,1113.0,연학초등학교,부산진구|초읍동,1,부산진구|가야동;부산진구|초읍동,45.55816777041942,-1.866742592811532,B,72.9082,6482501.877804801,6465616.229756674,34,121,5,702,6596951.134381622,480971832.69572216,299882175.8179774,771415984.346787,98.03771790251936,F_S,0.2410301317701672,0.1824645800248972,0.0238746581645425,0.1152012747193124,MEDIUM,True,True,OK,-1.8303326207128656,LOW,0.47,NOT_CANDIDATE,0.03857220680217566,0.023874658164542595,STABLE_POSITIVE,4113147.434965854,10580647.77825796,6482501.877804801,6465616.229756674,472627543.40736794,471396441.2023455,True,True,1.7655105811643423,2.0312820921926544,2.0312820921926544,-36.38429364186611,63.644846868001494,STABLE_POSITIVE,0.2657715110283121,WITHIN_MODEL_RANGE,NEUTRAL_POINT_GAP,MEDIUM,NEUTRAL,NEUTRAL,MIXED_OR_NEUTRAL,False,False,False,False,UNCERTAIN,LOW
A10024982,쌍용더플래티넘사직아시아드아파트,동래구,사직동,914.0,여고초등학교,동래구|사직동,0,동래구|사직동,89.16280353200884,18.074170017914582,B,84.5907,13218640.739546992,12594227.339982418,20,51,8,2684,11954721.648841595,1011258272.5806648,717968540.1436131,1424356690.6960466,69.8523977212841,F_S,0.1747576003859271,0.129441481273205,0.0550888942931351,0.2396529885718295,HIGH,False,False,OK,-86.58337765709842,MEDIUM,0.0,NOT_CANDIDATE,0.08885300029253784,0.05508889429313513,STABLE_POSITIVE,8487558.799532492,16838218.51215378,13218640.739546992,12594227.339982418,1118174073.2067976,1065354506.6482507,True,True,-9.561641893512196,-5.07776836067273,-5.07776836067273,-32.60754653374123,33.69790823688026,STABLE_NEGATIVE,4.483873532839466,POTENTIAL_OVERVALUED_SIGNAL,NEGATIVE,HIGH,NEGATIVE,NEGATIVE,DOUBLE_NEGATIVE,False,False,False,True,NEGATIVE_OR_FULLY_PRICED,LOW
A10024998,범양레우스센트럴베이,동구,초량동,856.0,동일중앙초등학교,동구|초량동,1,동구|범일동;동구|초량동,67.08349889624725,7.516527218613,B,73.9,6592322.534088782,6630581.867388362,17,49,5,911,7415087.012187094,547974930.2006264,341658083.0549949,878880199.3016124,98.03771790251938,F_S,0.2410301317701672,0.1824645800248972,-0.0909625919552041,0.1104294575410522,MEDIUM,True,True,OK,9.905295497850542,LOW,0.942,NOT_CANDIDATE,-0.0646124958667027,-0.09096259195520418,STABLE_NEGATIVE,4623248.7558186045,11892830.84305294,6592322.534088782,6630581.867388362,487172635.26916105,490000000.0,True,True,12.480646598278721,11.8316184082911,11.8316184082911,-30.27386060102145,79.3633059799209,STABLE_POSITIVE,0.6490281899876216,POTENTIAL_UNDERVALUED_SIGNAL,POSITIVE,MEDIUM,POSITIVE,POSITIVE,DOUBLE_POSITIVE,False,False,False,True,UNCERTAIN,LOW
A10025042,e편한세상일광,기장군,일광읍삼성리,913.0,일광초등학교,기장군|일광읍삼성리,0,기장군|일광읍삼성리,70.97770419426048,9.30752138898705,B,79.9871,5953865.776802986,6001672.466060542,31,77,5,830,5985090.157882611,478730004.9675722,397865538.84860635,576029827.3619998,37.21602712691087,F_S,0.0943993206264634,0.0619701548317781,-0.0033658924778148,0.1006012207012089,HIGH,False,False,OK,2.816874681005821,MEDIUM,0.918,NOT_CANDIDATE,0.0044522307123138205,-0.0033658924778148247,MIXED,4974121.312669247,7201534.089396913,5953865.776802986,6001672.466060542,476232457.2757181,480056375.71003115,True,True,0.52443878062014,-0.27629478735641255,-0.27629478735641255,-17.121080152275823,19.992121031622247,MIXED,0.8007335679765526,WITHIN_MODEL_RANGE,NEUTRAL_POINT_GAP,LOW,NEUTRAL,NEUTRAL,MIXED_OR_NEUTRAL,False,False,False,False,UNCERTAIN,LOW
A10025075,e편한세상오션테라스3단지,수영구,민락동,1038.0,민락초등학교,수영구|민락동,0,수영구|민락동,42.56953642384106,-3.103105722016919,B,84.9776,8861065.023908567,9148980.012363488,27,43,4,977,9537921.904067548,810509712.3950905,595602828.8454912,1102959828.3811886,62.59727573608414,F_S,0.1571884050749235,0.1197908928878013,-0.0663087936749846,0.2080511388400692,MEDIUM,False,False,OK,9.33594070269553,MEDIUM,0.966,NOT_CANDIDATE,-0.06762089184397269,-0.06630879367498466,STABLE_NEGATIVE,7008939.1656800285,12979418.43946156,8861065.023908567,9148980.012363488,752992039.1756926,777458363.8986195,True,True,7.638549974892572,4.251204955945509,4.251204955945509,-23.39103204719556,41.867382177267885,STABLE_POSITIVE,3.3873450189470633,POTENTIAL_UNDERVALUED_SIGNAL,POSITIVE,MEDIUM,POSITIVE,POSITIVE,DOUBLE_POSITIVE,True,False,False,True,ROBUST_DUAL_POSITIVE,LOW
A10025135,시청역비스타동원,연제구,연산동,740.0,연산초등학교,연제구|연산동,0,연제구|연산동,32.301821192052984,-7.233266548593676,B,84.989,7443102.920755961,7412366.432875415,26,68,15,5086,6988759.030958584,593967641.2821391,400588290.5139499,880698630.600594,80.83105992950686,F_S,0.2009646168309107,0.1563076693282115,0.0687570031360422,0.0848268623086109,HIGH,False,False,OK,-14.673112903501355,MEDIUM,0.13,NOT_CANDIDATE,0.10057354411882002,0.06875700313604227,STABLE_POSITIVE,4713413.388955628,10362501.389598584,7443102.920755961,7412366.432875415,632581874.1321284,629969610.7636487,True,True,-6.1042268880950985,-5.714873998107328,-5.714873998107328,-36.41148974974253,39.80017695345839,STABLE_NEGATIVE,0.3893528899877703,POTENTIAL_OVERVALUED_SIGNAL,NEGATIVE,HIGH,NEGATIVE,NEGATIVE,DOUBLE_NEGATIVE,False,False,False,True,NEGATIVE_OR_FULLY_PRICED,LOW
A10025154,명지화전우방아이유쉘,강서구,화전동,1515.0,녹명초등학교,강서구|화전동,1,강서구|명지동;강서구|지사동;강서구|화전동,10.338024282560706,-15.486632573628622,B,59.8736,3089842.6017476814,2956227.786536971,3,8,26,9010,3199678.0254257405,191576242.2231306,119446288.63380687,307263264.5527674,98.03771790251965,F_S,0.2410301317701672,0.1824645800248972,-0.0912599622773697,0.0631591527597518,MEDIUM,True,True,OK,-0.5347641022393042,MEDIUM,0.604,NOT_CANDIDATE,0.002873079182181826,-0.09125996227736977,MIXED,1994974.2229264127,5131865.539282211,3089842.6017476814,2956227.786536971,185000000.0,177000000.0,True,True,3.5547255260165445,8.235165097813901,8.235165097813901,-32.51622111084358,73.59506471907761,STABLE_POSITIVE,4.680439571797357,POTENTIAL_UNDERVALUED_SIGNAL,POSITIVE,MEDIUM,POSITIVE,NEUTRAL,LOCAL_ONLY_POSITIVE,False,False,False,True,LOCAL_VALUE_CANDIDATE,LOW
A10025181,엘시티,해운대구,중동,882.0,해운대초등학교,해운대구|중동,0,해운대구|중동,81.58217439293598,14.337341114040411,B,161.9826,20102815.50329132,18541200.526176903,11,32,4,1223,18936372.577446315,3067362864.6634555,2289380828.568962,4109720334.033533,59.34542425466491,F_S,0.1492534644072632,0.1091487213275323,0.0084271706246763,0.2082688203427816,MEDIUM,False,False,OK,-89.03339443397924,LOW,0.0,NOT_CANDIDATE,0.02761891753636192,0.00842717062467635,STABLE_POSITIVE,14133498.465692995,25371369.110222537,20102815.50329132,18541200.526176903,3256306322.5434365,3003351868.351503,True,True,-5.802385868059279,2.1313185773029986,2.1313185773029986,-23.77247392508921,36.83779038149466,MIXED,7.933704445362277,WITHIN_MODEL_RANGE,NEUTRAL_POINT_GAP,LOW,NEUTRAL,NEGATIVE,MIXED_OR_NEUTRAL,False,False,False,False,UNCERTAIN,LOW
A10025214,해운대비스타동원,해운대구,우동,504.0,해동초등학교,해운대구|우동,0,해운대구|우동,69.79343267108167,8.75972574928998,B,84.9483,11504055.996411934,11095075.324846543,2,26,18,3842,11298178.648160774,959761069.257556,576968360.3619237,1596519624.5502787,106.22969579054208,F_S,0.2596412943969097,0.2081108828451275,-0.0280183802695397,0.1259148557830642,MEDIUM,False,False,OK,14.63772548244838,MEDIUM,0.89,TIER_1,0.07483714023749855,-0.028018380269539733,MIXED,6791994.193667486,18794015.00148065,11504055.996411934,11095075.324846543,977250000.0,942507787.2176616,True,True,-1.7896066249622922,1.8305718291014905,1.8305718291014905,-38.78370362698348,69.39060304884042,MIXED,3.6201784540637827,WITHIN_MODEL_RANGE,NEUTRAL_POINT_GAP,LOW,NEUTRAL,POSITIVE,SCHOOL_ONLY_POSITIVE,False,False,False,True,SCHOOL_VALUE_CANDIDATE,LOW
A10025235,더 래디언트 금정산,북구,만덕동,1677.0,만덕초등학교,북구|만덕동,0,북구|만덕동,34.79254966887417,-6.247843024410149,A,59.98,5217971.195710566,5168389.463154385,38,80,12,3071,4814716.539964167,288786698.0670507,214450623.27411038,388890252.25107896,60.40431576127065,F_S,0.1518412394338459,0.1186202251525578,0.1167517620919191,0.1001045831563771,HIGH,False,False,OK,-60.97624729741087,HIGH,0.0,NOT_CANDIDATE,0.11153397676447696,0.11675176209191918,STABLE_POSITIVE,3575368.844183234,6483665.425993314,5217971.195710566,5168389.463154385,312973912.31871974,310000000.0,True,True,-7.728188612422682,-6.843000623532037,-6.843000623532037,-30.82237958899665,25.44846846808999,STABLE_NEGATIVE,0.8851879888906451,POTENTIAL_OVERVALUED_SIGNAL,NEGATIVE,HIGH,NEGATIVE,NEGATIVE,DOUBLE_NEGATIVE,False,False,False,True,NEGATIVE_OR_FULLY_PRICED,LOW
A10025258,아시아드코오롱하늘채,연제구,거제동,660.0,창신초등학교,연제구|거제동,0,연제구|거제동,80.79547461368652,13.956380261679936,B,84.549,,10523764.196735268,0,13,9,2532,10484513.71723495,886455150.2784979,586264099.5201283,1340356221.8776033,85.06827695914019,F_S,0.2109490625033537,0.1662387624603656,0.0319231210938468,0.0987717346311114,HIGH,False,False,OK,-12.882817398774648,MEDIUM,0.0,NOT_CANDIDATE,,0.03192312109384687,INSUFFICIENT,6934015.772157308,15853010.93895378,,10523764.196735268,,889773739.0697703,False,True,,-0.372969963660863,-0.372969963660863,-34.110878555142754,50.64011928233603,INSUFFICIENT,,WITHIN_MODEL_RANGE,NEUTRAL_POINT_GAP,LOW,NEUTRAL,NEGATIVE,MIXED_OR_NEUTRAL,False,False,False,True,UNCERTAIN,LOW
A10025342,e편한세상동래명장1단지,동래구,명장동,1384.0,명동초등학교,동래구|명장동,1,동래구|명장동;동래구|온천동,37.76501103752759,-5.058118537149547,B,84.9,6968163.58432671,6889207.640519864,42,86,10,2703,6264884.993465288,531888735.94520295,331628466.7531214,853080045.2543555,98.03771790251936,F_S,0.2410301317701672,0.1824645800248972,0.0865184817431021,0.1109749520216801,MEDIUM,True,True,OK,-2.7298172133267515,LOW,0.448,NOT_CANDIDATE,0.11317388144228069,0.08651848174310217,STABLE_POSITIVE,3906106.793322984,10048057.070133751,6968163.58432671,6889207.640519864,591597088.3093377,584893728.6801364,True,True,-10.092739390379514,-9.062328784845041,-9.062328784845041,-43.30107325625292,45.85214431678124,STABLE_NEGATIVE,1.0304106055344722,POTENTIAL_OVERVALUED_SIGNAL,NEGATIVE,MEDIUM,NEGATIVE,NEUTRAL,MIXED_OR_NEUTRAL,False,False,False,True,UNCERTAIN,LOW
A10025359,e편한세상부산항,동구,초량동,752.0,동일중앙초등학교,동구|초량동,1,동구|범일동;동구|초량동,67.08349889624725,7.516527218613,B,84.6836,7481810.9517217,7578021.45009015,19,37,5,912,7014022.248717282,593972654.5014749,370337304.39047873,952654539.8287406,98.03771790251938,F_S,0.2410301317701672,0.1824645800248972,0.0820608860308151,0.107681566811122,MEDIUM,True,True,OK,-9.647276943130125,LOW,0.304,NOT_CANDIDATE,0.06923345001573189,0.08206088603081518,STABLE_POSITIVE,4373188.012678709,11249575.358496103,7481810.9517217,7578021.45009015,633586685.9112197,641734137.2708542,True,True,-6.252345936337389,-7.44256538579946,-7.44256538579946,-42.291163445747635,48.450033199131084,STABLE_NEGATIVE,1.190219449462071,POTENTIAL_OVERVALUED_SIGNAL,NEGATIVE,MEDIUM,NEGATIVE,NEGATIVE,DOUBLE_NEGATIVE,False,False,False,True,NEGATIVE_OR_FULLY_PRICED,LOW
A10025380,협성휴포레부산진역오션뷰,동구,수정동,788.0,수정초등학교,동구|수정동,1,동구|범일동;동구|수정동,36.20816777041942,-5.68311430693591,B,69.5108,7736458.506262133,8044418.59802543,16,29,4,736,7923225.4533197135,550749739.840616,343388155.1626628,883330631.4564667,98.03771790251966,F_S,0.2410301317701672,0.1824645800248972,0.0254346610747635,0.1405475099753023,MEDIUM,True,True,OK,0.0449595829114413,LOW,0.588,NOT_CANDIDATE,0.013719570401454995,0.025434661074763554,STABLE_POSITIVE,4940069.099516374,12707818.518222587,7736458.506262133,8044418.59802543,537767419.9370859,559173972.2836261,True,True,2.4141142475773147,-1.5065494569795779,-1.5065494569795779,-38.59010394201818,57.97062725380586,MIXED,3.9206637045568926,WITHIN_MODEL_RANGE,NEUTRAL_POINT_GAP,LOW,NEUTRAL,NEUTRAL,MIXED_OR_NEUTRAL,False,False,False,True,UNCERTAIN,LOW
A10025433,수영SKVIEW1단지,수영구,망미동,1147.0,배산초등학교,수영구|망미동,1,수영구|남천동;수영구|망미동,49.82687637969095,-0.0734183471936211,B,59.9694,8496229.410218403,8084074.373484236,36,87,8,2130,7801340.832485918,467841728.919681,291695658.8092652,750357013.2378114,98.0377179025194,F_S,0.2410301317701672,0.1824645800248972,0.0436075173434815,0.1194216204091893,MEDIUM,True,True,OK,-12.315914706011355,LOW,0.006,NOT_CANDIDATE,0.09694342802735356,0.04360751734348156,STABLE_POSITIVE,4864074.991733537,12512331.509700138,8496229.410218403,8084074.373484236,509513779.9931515,484797089.7332256,True,True,-8.178787838482126,-3.4974139021492046,-3.4974139021492046,-39.831392352256145,54.77754077499068,STABLE_NEGATIVE,4.681373936332921,POTENTIAL_OVERVALUED_SIGNAL,NEGATIVE,MEDIUM,NEGATIVE,NEGATIVE,DOUBLE_NEGATIVE,False,False,False,True,NEGATIVE_OR_FULLY_PRICED,LOW
A10025434,서면2차봄여름가을겨울,부산진구,당감동,535.0,부전초등학교,부산진구|당감동,0,부산진구|당감동,43.63923841059604,-2.662382217190873,B,81.6857,5452042.927312227,5361517.258653699,22,50,9,2300,4050789.256672395,330891555.98376423,177276911.09915417,617616931.2884591,133.07683808374696,F_S,0.3184069983246737,0.2679934126934249,0.2532037575290253,0.1006097605859805,MEDIUM,False,False,OK,-47.98189416792659,MEDIUM,0.0,NOT_CANDIDATE,0.2926339324900171,0.25320375752902535,STABLE_POSITIVE,2170231.890026702,7560894.150242443,5452042.927312227,5361517.258653699,445353942.9475484,437959290.3352085,True,True,-25.701442364296067,-24.44696041714196,-24.44696041714196,-59.52205718402076,41.02153896900849,STABLE_NEGATIVE,1.2544819471541082,POTENTIAL_OVERVALUED_SIGNAL,NEGATIVE,LOW,NEGATIVE,NEGATIVE,DOUBLE_NEGATIVE,False,False,False,True,NEGATIVE_OR_FULLY_PRICED,LOW
A10025463,동래효성해링턴플레이스,동래구,온천동,762.0,금강초등학교,동래구|온천동,0,동래구|온천동,77.53211920529802,12.389600394485644,B,84.5742,8099396.742741876,7302559.257048026,15,58,8,2180,6595907.978865221,557843640.586143,409623498.4883635,759696473.6905642,62.75467706943266,F_S,0.1575715651401062,0.1164932002547906,0.1128232905629937,0.1093172263158935,HIGH,False,False,OK,-3.117038154312713,LOW,0.992,NOT_CANDIDATE,0.15348421299714232,0.11282329056299378,STABLE_POSITIVE,4843362.378696618,8982603.13063043,8099396.742741876,7302559.257048026,685000000.0,617608107.1174312,True,True,-18.562972177205395,-9.67676198588575,-9.67676198588575,-33.675822294463785,23.00623403994866,STABLE_NEGATIVE,8.886210191319645,POTENTIAL_OVERVALUED_SIGNAL,NEGATIVE,HIGH,NEGATIVE,NEGATIVE,DOUBLE_NEGATIVE,False,False,False,True,NEGATIVE_OR_FULLY_PRICED,LOW
A10025508,베스티움,남구,문현동,743.0,성동초등학교,남구|문현동,0,남구|문현동,57.40093818984548,3.1895560646846066,B,59.9574,7878806.00229422,7801963.494146027,34,68,6,1012,7879973.256844718,472462708.5499415,372278864.02772003,599606995.0232948,48.11557121476923,F_S,0.1215895980584973,0.0913334857908068,0.0177333111341404,0.1030891923306695,HIGH,False,False,OK,-33.69321821932482,MEDIUM,0.0,NOT_CANDIDATE,0.031629350853631166,0.01773331113414045,STABLE_POSITIVE,6209056.163671541,10000550.307773432,7878806.00229422,7801963.494146027,472392723.00195545,467785446.00391096,True,True,0.014815119831079748,0.9998734646377683,0.9998734646377683,-20.416749343542516,28.17991670016209,STABLE_POSITIVE,0.9850583448066885,WITHIN_MODEL_RANGE,NEUTRAL_POINT_GAP,HIGH,NEUTRAL,NEGATIVE,MIXED_OR_NEUTRAL,False,False,False,False,UNCERTAIN,LOW
A10025540,삼한골든뷰센트럴파크,부산진구,범전동,1272.0,성지초등학교,부산진구|범전동,1,부산진구|가야동;부산진구|범전동,41.84972406181016,-3.398548906762,B,84.9929,9914862.294971855,9471340.371307733,20,72,4,680,9257539.575665068,786825135.4005436,490579317.8567739,1261964724.486875,98.03771790251938,F_S,0.2410301317701672,0.1824645800248972,0.0280048289618228,0.1107964775951854,MEDIUM,True,True,OK,-49.406296391695,HIGH,0.0,NOT_CANDIDATE,0.05802607621442668,0.02800482896182288,STABLE_POSITIVE,5772003.518608894,14847884.052513504,9914862.294971855,9471340.371307733,842692899.5503135,804996685.0445211,True,True,-6.62967068781316,-2.2573446551487963,-2.2573446551487963,-39.05821887581538,56.76644984160164,STABLE_NEGATIVE,4.372326032664364,WITHIN_MODEL_RANGE,NEUTRAL_POINT_GAP,MEDIUM,NEUTRAL,NEGATIVE,MIXED_OR_NEUTRAL,False,False,False,True,UNCERTAIN,LOW
A10025559,연산더샵,연제구,연산동,1071.0,양동초등학교,연제구|연산동,0,연제구|연산동,64.81462472406182,6.486603777673561,B,84.7741,7876000.442333862,7884031.776178222,36,90,15,4921,7463614.748085758,632721223.0156969,426724783.4454972,938160054.408024,80.83105992950685,F_S,0.2009646168309107,0.1563076693282115,0.0690537736738461,0.1215559165659178,HIGH,False,False,OK,-17.35370472046439,HIGH,0.64,NOT_CANDIDATE,0.0777435014221437,0.06905377367384613,STABLE_POSITIVE,5033669.286320907,11066588.196253618,7876000.442333862,7884031.776178222,667680849.0984551,668361698.1969103,True,True,-5.235978556216326,-5.332513110395665,-5.332513110395665,-36.15361493683662,40.36711812465752,STABLE_NEGATIVE,0.09653455417933898,POTENTIAL_OVERVALUED_SIGNAL,NEGATIVE,HIGH,NEGATIVE,NEGATIVE,DOUBLE_NEGATIVE,False,False,False,True,NEGATIVE_OR_FULLY_PRICED,LOW
A10025593,대연자이,남구,대연동,965.0,대천초등학교,남구|대연동,0,남구|대연동,59.75827814569536,4.226700272368311,B,59.8922,10744303.932732476,10017999.004878763,24,77,11,4190,9390605.804848988,562424040.9851766,430189571.52075946,735305602.0392897,54.25017571867487,F_S,0.1367500567214909,0.1046307304852985,0.1120315649772969,0.1245571050813904,HIGH,False,False,OK,-28.68142335242596,HIGH,0.0,NOT_CANDIDATE,0.14945630017655454,0.11203156497729694,STABLE_POSITIVE,7182731.165673651,12277151.315852309,10744303.932732476,10017999.004878763,643500000.0,599999999.9999999,True,True,-12.59921663012019,-6.262659835803886,-6.262659835803886,-28.301738079873406,22.550933673214967,STABLE_NEGATIVE,6.336556794316305,POTENTIAL_OVERVALUED_SIGNAL,NEGATIVE,HIGH,NEGATIVE,NEGATIVE,DOUBLE_NEGATIVE,False,False,False,True,NEGATIVE_OR_FULLY_PRICED,LOW
A10025662,포레나동래,동래구,낙민동,732.0,낙민초등학교,동래구|낙민동,0,동래구|낙민동,57.23300220750552,3.116065335004325,B,84.6439,7273481.734365846,7308847.123673946,17,33,5,867,7737334.783690517,654918191.6972218,491068100.1938502,873438607.897038,58.38446886202288,F_S,0.1469017931393727,0.1148459979524165,-0.0121810434843343,0.1199389391058923,HIGH,False,False,OK,-18.685123724842114,LOW,0.0,NOT_CANDIDATE,-0.030379047861821107,-0.012181043484334353,STABLE_NEGATIVE,5801576.961763933,10318978.779298188,7273481.734365846,7308847.123673946,615655860.5754893,618649325.0515451,True,True,6.377317854983411,5.862588897620591,5.862588897620591,-20.622543287679985,41.184766963782614,STABLE_POSITIVE,0.51472895736282,POTENTIAL_UNDERVALUED_SIGNAL,POSITIVE,HIGH,POSITIVE,NEGATIVE,LOCAL_ONLY_POSITIVE,False,False,False,True,LOCAL_VALUE_CANDIDATE,LOW
A10025687,명륜자이,동래구,명륜동,671.0,명륜초등학교,동래구|명륜동,0,동래구|명륜동,78.46087196467991,12.83330083599834,B,84.9348,11534744.887930537,10888288.555939622,13,44,4,1340,9913931.551177684,842037793.5129663,682261031.688738,1039232218.7142859,42.39372505315594,F_S,0.1073533518444826,0.0797401060133864,0.0527952131803992,0.0870113620637752,MEDIUM,False,False,OK,-48.37988451380009,LOW,0.0,NOT_CANDIDATE,0.09492009031196602,0.05279521318039926,STABLE_POSITIVE,8032761.973757965,12235646.85752231,11534744.887930537,10888288.555939622,979701250.1074024,924794610.8410206,True,True,-14.051575067332456,-8.948669937943754,-8.948669937943754,-26.225669603731717,12.374380920017924,STABLE_NEGATIVE,5.102905129388702,POTENTIAL_OVERVALUED_SIGNAL,NEGATIVE,MEDIUM,NEGATIVE,NEGATIVE,DOUBLE_NEGATIVE,False,False,False,True,NEGATIVE_OR_FULLY_PRICED,LOW
A10025749,부산정관 행복주택,기장군,정관읍,856.0,모전초등학교,기장군|정관읍,1,기장군|기장읍;기장군|일광읍;기장군|정관읍;기장군|정관읍매학리;기장군|정관읍모전리;기장군|철마면,62.76445916114791,,B,,,,0,0,7,2799,,,,,,INSUFFICIENT_FEATURES,,,,,LOW,True,True,INSUFFICIENT_MODEL_FEATURES,,LOW,,NOT_CANDIDATE,,,,,,,,,,False,False,,,,,,INSUFFICIENT,,INSUFFICIENT,MISSING,LOW,MISSING,MISSING,MIXED_OR_NEUTRAL,False,False,False,False,UNCERTAIN,LOW
A10025776,더힐시그니처,강서구,명지동,1210.0,명원초등학교,강서구|명지동,0,강서구|명지동,44.80794701986755,-2.1785756172302606,B,91.6395,6502791.573794341,6570572.466371604,20,58,22,7199,7159945.578350004,656133832.8272052,493965014.35643744,871542708.6297013,57.54583522180605,F_S,0.1448469837005644,0.1143422649591636,-0.054811484963233,0.1380383664556784,HIGH,False,False,OK,-26.16551825317985,MEDIUM,0.002,NOT_CANDIDATE,-0.08472955327921117,-0.05481148496323307,STABLE_NEGATIVE,5390306.738430889,9510557.22291917,6502791.573794341,6570572.466371604,595912568.4267265,602123975.5320606,True,True,10.105721475126694,8.969889838287749,8.969889838287749,-17.962905576056766,44.74472767166788,STABLE_POSITIVE,1.1358316368389456,POTENTIAL_UNDERVALUED_SIGNAL,POSITIVE,HIGH,POSITIVE,NEGATIVE,LOCAL_ONLY_POSITIVE,False,False,False,True,LOCAL_VALUE_CANDIDATE,LOW
A10025901,부산전포동 사랑으로 부영아파트,부산진구,전포동,500.0,전포초등학교,부산진구|전포동,0,부산진구|전포동,34.5128587196468,,B,,,,0,0,7,1839,,,,,,INSUFFICIENT_FEATURES,,,,,LOW,False,False,INSUFFICIENT_MODEL_FEATURES,,LOW,,NOT_CANDIDATE,,,,,,,,,,False,False,,,,,,INSUFFICIENT,,INSUFFICIENT,MISSING,LOW,MISSING,MISSING,MIXED_OR_NEUTRAL,False,False,False,False,UNCERTAIN,LOW
A10025923,스위트팰리스,강서구,명지동,908.0,명일초등학교,강서구|명지동,0,강서구|명지동,35.94221854304636,-5.789467605407362,A,84.88,4712535.3440150805,4712535.3440150805,1,1,22,7545,6065624.683266472,514850223.1156581,387600798.99692744,683875660.0301648,57.54583522180605,F_S,0.1448469837005644,0.1143422649591636,-0.2524114823551926,,HIGH,False,False,OK,2.9609753055893524,LOW,0.886,NOT_CANDIDATE,-0.2524114823551926,-0.2524114823551926,STABLE_NEGATIVE,4566456.161603764,8056970.547009482,4712535.3440150805,4712535.3440150805,400000000.0,400000000.0,True,True,28.712555778914517,28.712555778914517,28.712555778914517,-3.0998002507681366,70.96891500754121,STABLE_POSITIVE,0.0,POTENTIAL_UNDERVALUED_SIGNAL,POSITIVE,LOW,POSITIVE,NEUTRAL,LOCAL_ONLY_POSITIVE,False,False,False,True,UNCERTAIN,LOW
A10025932,명지금강펜테리움센트럴파크3차,강서구,명지동,870.0,명일초등학교,강서구|명지동,0,강서구|명지동,35.94221854304636,,A,,,,0,0,23,7546,,,,,,INSUFFICIENT_FEATURES,,,,,LOW,False,False,INSUFFICIENT_MODEL_FEATURES,,LOW,,NOT_CANDIDATE,,,,,,,,,,False,False,,,,,,INSUFFICIENT,,INSUFFICIENT,MISSING,LOW,MISSING,MISSING,MIXED_OR_NEUTRAL,False,False,False,False,UNCERTAIN,LOW
A10025950,거제센트럴자이,연제구,거제동,878.0,거학초등학교,연제구|거제동,0,연제구|거제동,53.12224061810154,1.3333788399028768,B,74.9761,9838785.316526096,9355737.430001227,27,94,9,2251,10067359.02814126,754811317.2298219,499200413.08837473,1141305394.948374,85.06827695914019,F_S,0.2109490625033537,0.1662387624603656,-0.0469864577509291,0.1339967563588081,HIGH,False,False,OK,-23.03498039795486,MEDIUM,0.014,NOT_CANDIDATE,0.0035957054104542863,-0.046986457750929134,MIXED,6658127.231055959,15222256.09158617,9838785.316526096,9355737.430001227,737673751.7703923,701456705.125515,True,True,2.323190355939886,7.606258763291729,7.606258763291729,-28.83375275469775,62.70503747542835,STABLE_POSITIVE,5.283068407351843,POTENTIAL_UNDERVALUED_SIGNAL,POSITIVE,HIGH,POSITIVE,NEGATIVE,LOCAL_ONLY_POSITIVE,False,False,False,True,LOCAL_VALUE_CANDIDATE,LOW
A10025994,연제롯데캐슬데시앙,연제구,연산동,1168.0,연산초등학교,연제구|연산동,0,연제구|연산동,32.301821192052984,-7.233266548593653,B,84.82,8892815.07656066,8605446.186490629,31,89,15,4883,7938897.693257183,673377302.3420742,454144373.6460632,998442384.4538801,80.83105992950661,F_S,0.2009646168309107,0.1563076693282115,0.0909087498792455,0.1044676396499543,HIGH,False,False,OK,-22.714041243227623,MEDIUM,0.0,NOT_CANDIDATE,0.13378332138913507,0.09090874987924558,STABLE_POSITIVE,5354213.318156841,11771308.470335772,8892815.07656066,8605446.186490629,754288574.7938751,729913945.538135,True,True,-10.726832561915922,-7.745658723423732,-7.745658723423732,-37.781107427500714,36.7890544573402,STABLE_NEGATIVE,2.9811738384921895,POTENTIAL_OVERVALUED_SIGNAL,NEGATIVE,HIGH,NEGATIVE,NEGATIVE,DOUBLE_NEGATIVE,False,False,False,True,NEGATIVE_OR_FULLY_PRICED,LOW
A10026034,대신푸르지오1차,서구,서대신동1가,959.0,부민초등학교,서구|서대신동1가,1,서구|서대신동1가;서구|서대신동2가;서구|아미동2가;서구|암남동,62.26407284768212,5.340591167984665,B,84.6565,7246958.401986658,7146725.830526017,29,68,4,680,7395695.63320165,626093707.3721355,390364529.6240858,1004172512.263005,98.03771790251936,F_S,0.2410301317701672,0.1824645800248972,-0.0276827061547511,0.1054119065612101,MEDIUM,True,True,OK,-5.856990315195167,LOW,0.646,NOT_CANDIDATE,0.013010584087540522,-0.027682706154751102,MIXED,4611158.382688698,11861729.604495876,7246958.401986658,7146725.830526017,613502133.9577835,605016795.2719257,True,True,2.0524090654945537,3.4836904140383096,3.4836904140383096,-35.478728413045815,65.97432007018553,STABLE_POSITIVE,1.4312813485437559,POTENTIAL_UNDERVALUED_SIGNAL,POSITIVE,MEDIUM,POSITIVE,NEGATIVE,LOCAL_ONLY_POSITIVE,False,False,False,True,LOCAL_VALUE_CANDIDATE,LOW
A10026094,대연SKVIEWHills(2단지),남구,대연동,994.0,대연초등학교,남구|대연동,0,남구|대연동,69.53151214128036,8.638943216159657,B,84.9639,10984721.700992092,10488432.7234395,26,72,11,4246,9744330.922839072,827916358.0950067,633260595.9020619,1082406674.9722567,54.25017571867488,F_S,0.1367500567214909,0.1046307304852985,0.059043936706935,0.1103385809491881,HIGH,False,False,OK,-33.091741663954025,HIGH,0.002,NOT_CANDIDATE,0.11587598402932464,0.059043936706935085,STABLE_POSITIVE,7453290.113825542,12739606.762074912,10984721.700992092,10488432.7234395,933304796.130922,891138149.0710412,True,True,-11.291963619260304,-7.094499437818868,-7.094499437818868,-28.93799950521716,21.463397802080575,STABLE_NEGATIVE,4.197464181441436,POTENTIAL_OVERVALUED_SIGNAL,NEGATIVE,HIGH,NEGATIVE,NEGATIVE,DOUBLE_NEGATIVE,False,False,False,True,NEGATIVE_OR_FULLY_PRICED,LOW
A10026157,명지더웨스턴,강서구,명지동,1201.0,명문초등학교,강서구|명지동,0,강서구|명지동,55.55849889624725,2.386140016171568,B,74.62,5065666.041275797,5144147.542009357,23,52,22,7109,5929717.002998006,442475482.7637112,333114064.9369754,587740277.1450715,57.54583522180605,F_S,0.1448469837005644,0.1143422649591636,-0.1601606784395306,0.1466383517160546,HIGH,False,False,OK,8.783992102169929,LOW,0.932,NOT_CANDIDATE,-0.18487759463413767,-0.16016067843953063,STABLE_NEGATIVE,4464139.170959199,7876444.346623847,5065666.041275797,5144147.542009357,378000000.0,383856289.58473825,True,True,17.057006022145814,15.271130047755133,15.271130047755133,-13.21906818373526,53.11466637185966,STABLE_POSITIVE,1.785875974390681,POTENTIAL_UNDERVALUED_SIGNAL,POSITIVE,HIGH,POSITIVE,POSITIVE,DOUBLE_POSITIVE,False,False,False,True,UNCERTAIN,LOW
A10026184,대연파크푸르지오,남구,대연동,1422.0,석포초등학교,남구|대연동,0,남구|대연동,45.4014348785872,-1.9319714451294208,B,84.9624,7311306.909451866,6940003.691299263,43,134,11,4000,6513656.057199114,553415851.394174,423299344.68489546,723528416.5212342,54.25017571867462,F_S,0.1367500567214909,0.1046307304852985,0.0496709729984266,0.1140995117357374,HIGH,False,False,OK,14.945569806950122,MEDIUM,1.0,NOT_CANDIDATE,0.10110799855802455,0.0496709729984266,STABLE_POSITIVE,4982196.179544074,8515866.036284687,7311306.909451866,6940003.691299263,621186182.1636132,589639369.6216445,True,True,-10.909825864669553,-6.143334399586342,-6.143334399586342,-28.210467873521562,22.706938138391706,STABLE_NEGATIVE,4.766491465083211,POTENTIAL_OVERVALUED_SIGNAL,NEGATIVE,HIGH,NEGATIVE,POSITIVE,SCHOOL_ONLY_POSITIVE,False,False,False,True,SCHOOL_VALUE_CANDIDATE,LOW
A10026316,동래삼정그린코아포레스트,동래구,온천동,582.0,달북초등학교,동래구|온천동,0,동래구|온천동,39.60292494481236,-4.314954014960759,B,84.7932,6184329.223011792,5963691.158739287,16,50,8,2178,6335640.115028215,537219199.4016104,394479011.5072107,731609185.2466829,62.754677069432674,F_S,0.1575715651401062,0.1164932002547906,-0.0457875383997858,0.1121221396264123,HIGH,False,False,OK,6.176190296085699,MEDIUM,1.0,NOT_CANDIDATE,-0.017683883727594107,-0.04578753839978589,STABLE_NEGATIVE,4652248.193336384,8628158.687803773,6184329.223011792,5963691.158739287,524389064.6726835,505680457.16121215,True,True,2.446682357294261,6.236891656333787,6.236891656333787,-21.990457428049304,44.67816085948604,STABLE_POSITIVE,3.7902092990395264,POTENTIAL_UNDERVALUED_SIGNAL,POSITIVE,HIGH,POSITIVE,POSITIVE,DOUBLE_POSITIVE,True,False,False,True,ROBUST_DUAL_POSITIVE,LOW
A10026360,동래동일스위트,동래구,명장동,702.0,명장초등학교,동래구|명장동,1,동래구|명장동;동래구|온천동,37.07008830022075,-5.33760584522216,B,67.8923,5081577.734146582,5007931.680028515,18,46,10,2752,5915296.269677611,401603068.9298333,250396372.38392225,644118856.1892138,98.03771790251966,F_S,0.2410301317701672,0.1824645800248972,-0.1704814136796955,0.1108414532422951,MEDIUM,True,True,OK,17.95913006236299,MEDIUM,1.0,NOT_CANDIDATE,-0.17299039294377927,-0.1704814136796955,STABLE_NEGATIVE,3688140.958310769,9487362.428275574,5081577.734146582,5007931.680028515,345000000.0,340000000.0,True,True,16.406686646328495,18.11854968524509,18.11854968524509,-26.354008122375806,89.44672240859228,STABLE_POSITIVE,1.7118630389165936,POTENTIAL_UNDERVALUED_SIGNAL,POSITIVE,MEDIUM,POSITIVE,POSITIVE,DOUBLE_POSITIVE,True,False,False,True,ROBUST_DUAL_POSITIVE,LOW
A10026363,개금역금강펜테리움더스퀘어아파트,부산진구,개금동,620.0,개금초등학교,부산진구|개금동,0,부산진구|개금동,73.65309050772626,10.555224458259316,B,84.4932,6950707.791949989,7106509.397888049,16,35,7,2440,6049099.260319302,511107753.6220108,344186578.64753634,758981180.6114931,81.15599871543284,F_S,0.2017329316280527,0.1568068905229622,0.1626201457350351,0.1284869422013455,HIGH,False,False,OK,-56.896563614853136,MEDIUM,0.01,NOT_CANDIDATE,0.20834878262676604,0.16262014573503514,STABLE_POSITIVE,4073541.760136157,8982748.678136148,6950707.791949989,7106509.397888049,587287543.6067889,600451719.8576344,True,True,-12.971463606553746,-14.879458794256905,-14.879458794256905,-42.67872548868007,26.401699838822278,STABLE_NEGATIVE,1.9079951877031593,POTENTIAL_OVERVALUED_SIGNAL,NEGATIVE,HIGH,NEGATIVE,NEGATIVE,DOUBLE_NEGATIVE,False,False,False,True,NEGATIVE_OR_FULLY_PRICED,LOW
A10026391,더블유,남구,용호동,1488.0,분포초등학교,남구|용호동,0,남구|용호동,82.85033112582782,14.954131427687113,B,121.9186,16869126.415056694,16869126.415056694,33,73,8,3596,13557036.078906238,1652854858.889738,1168647499.461328,2337684533.4582596,70.72835389685707,F_S,0.1768657722144284,0.1369656201530042,0.1531280999438209,0.2040830366899592,HIGH,False,False,OK,-175.50110532276938,MEDIUM,0.0,NOT_CANDIDATE,0.1281031634647043,0.15312809994382093,STABLE_POSITIVE,9585473.41801274,19174141.87382614,16869126.415056694,16869126.415056694,2056660275.746731,2056660275.746731,True,True,-19.63403589882532,-19.63403589882532,-19.63403589882532,-43.17741664762713,13.664106854472813,STABLE_NEGATIVE,0.0,POTENTIAL_OVERVALUED_SIGNAL,NEGATIVE,HIGH,NEGATIVE,NEGATIVE,DOUBLE_NEGATIVE,False,False,False,True,NEGATIVE_OR_FULLY_PRICED,LOW
A10026445,부산명지중흥S-클래스에듀오션,강서구,명지동,750.0,명지초등학교,강서구|명지동,0,강서구|명지동,53.05883002207506,1.306122740881288,A,75.4517,5610340.03385102,5632742.535953464,19,47,22,7182,6030857.746255788,455038469.41316783,342572007.1587918,604427694.9631215,57.54583522180603,F_S,0.1448469837005644,0.1143422649591636,-0.0850596037588289,0.1251773494466979,HIGH,False,False,OK,-5.446459942605214,LOW,0.122,NOT_CANDIDATE,-0.07917500847827164,-0.08505960375882893,STABLE_NEGATIVE,4540282.156118308,8010789.617240189,5610340.03385102,5632742.535953464,423309693.13211703,425000000.0,True,True,7.495405088951768,7.067875156039483,7.067875156039483,-19.394821844990172,42.21828116779329,STABLE_POSITIVE,0.427529932912285,POTENTIAL_UNDERVALUED_SIGNAL,POSITIVE,HIGH,POSITIVE,NEGATIVE,LOCAL_ONLY_POSITIVE,False,False,False,True,LOCAL_VALUE_CANDIDATE,LOW
A10026452,대연롯데캐슬레전드1단지,남구,대연동,3149.0,연포초등학교,남구|대연동,0,남구|대연동,63.7098233995585,5.988672335950285,B,84.95,9202165.215344789,8697374.938088162,101,289,11,3237,8900828.640867973,756125393.0417343,578348781.6040258,988548135.9826877,54.25017571867487,F_S,0.1367500567214909,0.1046307304852985,-0.0180335534211284,0.1212281230870144,HIGH,False,False,OK,-7.640319831856735,HIGH,0.666,NOT_CANDIDATE,0.039875187375571386,-0.018033553421128445,MIXED,6808108.082448803,11636823.260537818,9202165.215344789,8697374.938088162,781723935.0435398,738842000.9905894,True,True,-3.2746268668848777,2.3392541338977058,2.3392541338977058,-21.72226527070539,33.796959926115356,MIXED,5.613881000782584,WITHIN_MODEL_RANGE,NEUTRAL_POINT_GAP,LOW,NEUTRAL,NEGATIVE,MIXED_OR_NEUTRAL,False,False,False,True,UNCERTAIN,LOW
A10026484,해운대자이2차1단지,해운대구,우동,813.0,해림초등학교,해운대구|우동,0,해운대구|우동,72.85044150110376,10.179409993571674,B,84.9188,13627486.577623423,12670281.336365834,18,56,18,3700,10980406.844388103,932442972.7372243,560545859.1140485,1551077192.473089,106.22969579054204,F_S,0.2596412943969097,0.2081108828451275,0.1482265488518859,0.1397608645750848,MEDIUM,False,False,OK,-5.398565379916189,LOW,0.28,NOT_CANDIDATE,0.19126081668106742,0.1482265488518859,STABLE_POSITIVE,6600963.0271983165,18265415.814555656,13627486.577623423,12670281.336365834,1157229807.187888,1075945086.746583,True,True,-19.42456312950528,-13.337308360529521,-13.337308360529521,-47.90200113195241,44.15951256055261,STABLE_NEGATIVE,6.087254768975759,POTENTIAL_OVERVALUED_SIGNAL,NEGATIVE,LOW,NEGATIVE,NEGATIVE,DOUBLE_NEGATIVE,False,False,False,True,NEGATIVE_OR_FULLY_PRICED,LOW
A10026557,센텀리슈빌2단지,해운대구,재송동,753.0,송수초등학교,해운대구|재송동,0,해운대구|재송동,40.814403973509926,-3.82191165134097,B,84.6823,8836167.33888996,8589084.097722597,24,67,10,2880,8219200.392815424,696020793.4245136,421320713.088059,1149824658.1056082,104.66698005288238,F_S,0.256114899500908,0.1895901232928625,0.0790727357072249,0.181911771878722,MEDIUM,False,False,OK,-27.22689748496356,HIGH,0.048,NOT_CANDIDATE,0.14522039952539156,0.07907273570722495,STABLE_POSITIVE,4975310.22525438,13578099.06090893,8836167.33888996,8589084.097722597,748266973.4420812,727343396.2885743,True,True,-6.982291330757451,-4.306439437532683,-4.306439437532683,-42.07403061085887,58.0855293349517,STABLE_NEGATIVE,2.6758518932247677,POTENTIAL_OVERVALUED_SIGNAL,NEGATIVE,LOW,NEGATIVE,NEGATIVE,DOUBLE_NEGATIVE,False,False,False,True,NEGATIVE_OR_FULLY_PRICED,LOW
A10026651,e편한세상사하2차,사하구,구평동,946.0,구평초등학교,사하구|구평동,1,사하구|괴정동;사하구|구평동,36.72902869757174,-5.474473670460467,B,84.6031,4189426.1019925126,4119818.445486562,27,48,5,938,3906256.7581413984,330481431.1347125,206052587.48866054,530049040.6647198,98.03771790251966,F_S,0.2410301317701672,0.1824645800248972,0.0391517241014911,0.1302902728919623,MEDIUM,True,True,OK,0.8213801496154192,LOW,0.638,NOT_CANDIDATE,0.06870957449303638,0.03915172410149115,STABLE_POSITIVE,2435520.5363474926,6265125.517442266,4189426.1019925126,4119818.445486562,354438435.44948274,348549411.9253441,True,True,-6.75914402014246,-5.183764531641666,-5.183764531641666,-40.88281878014042,52.07285467411753,STABLE_NEGATIVE,1.5753794885007943,POTENTIAL_OVERVALUED_SIGNAL,NEGATIVE,MEDIUM,NEGATIVE,NEUTRAL,MIXED_OR_NEUTRAL,False,False,False,True,UNCERTAIN,LOW
A10026746,오션브릿지,동구,범일동,652.0,성남초등학교,동구|범일동,1,동구|범일동;동구|수정동,63.84878587196467,6.051174169515838,B,59.95,6060249.470463638,5942574.723464345,19,47,4,688,5831499.581109025,349598399.88748604,217971867.98476553,560710161.0581807,98.03771790251936,F_S,0.2410301317701672,0.1824645800248972,0.0630089484979823,0.133282682514049,MEDIUM,True,True,OK,-14.49031740364439,LOW,0.006,NOT_CANDIDATE,0.06992639130967149,0.06300894849798233,STABLE_POSITIVE,3635894.378394754,9352963.487209018,6060249.470463638,5942574.723464345,363311955.7542951,356257354.6716875,True,True,-3.7745952616223377,-1.8691417024465529,-1.8691417024465529,-38.81617737109184,57.38907666198463,STABLE_NEGATIVE,1.9054535591757849,WITHIN_MODEL_RANGE,NEUTRAL_POINT_GAP,MEDIUM,NEUTRAL,NEGATIVE,MIXED_OR_NEUTRAL,False,False,False,True,UNCERTAIN,LOW
A10026760,센텀비스타동원,수영구,민락동,840.0,민안초등학교,수영구|민락동,0,수영구|민락동,58.72201986754967,3.769506311669724,B,84.9316,10188401.44097346,10020465.326832213,14,53,4,849,10301626.658617998,874933634.7190803,642944729.6206249,1190629349.453471,62.59727573608416,F_S,0.1571884050749235,0.1197908928878013,-0.0344136226425426,0.1247007227709066,MEDIUM,False,False,OK,-11.45253488889896,HIGH,0.328,NOT_CANDIDATE,-0.0068009369115209495,-0.03441362264254266,STABLE_NEGATIVE,7570147.384726355,14018685.029523415,10188401.44097346,10020465.326832213,865317235.8241816,851054152.9523828,True,True,1.1113148446349363,2.8058710111286578,2.8058710111286578,-24.453135280499804,39.900539269219415,STABLE_POSITIVE,1.6945561664937214,WITHIN_MODEL_RANGE,NEUTRAL_POINT_GAP,MEDIUM,NEUTRAL,NEGATIVE,MIXED_OR_NEUTRAL,False,False,False,True,UNCERTAIN,LOW
A10026780,래미안장전,금정구,장전동,1938.0,금정초등학교,금정구|장전동,0,금정구|장전동,83.79271523178808,15.414630457532642,B,84.8952,11043027.167613717,10530630.70703644,44,156,4,1293,10163445.711780222,862827756.3907243,694564943.9115869,1071853314.4008161,43.72696261736594,F_S,0.1106782727328208,0.0835774651848149,0.0100441717015993,0.1045408368359694,MEDIUM,False,False,OK,-24.94735200206284,LOW,0.0,NOT_CANDIDATE,0.07783363000556598,0.010044171701599325,STABLE_POSITIVE,8181439.5149736,12625605.62200002,11043027.167613717,10530630.70703644,937500000.0,894000000.0,True,True,-7.9650393183227415,-3.4868281442142823,-3.4868281442142823,-22.308171821970145,19.894106756243414,STABLE_NEGATIVE,4.478211174108459,POTENTIAL_OVERVALUED_SIGNAL,NEGATIVE,MEDIUM,NEGATIVE,NEGATIVE,DOUBLE_NEGATIVE,False,False,False,True,NEGATIVE_OR_FULLY_PRICED,LOW
A10026813,정관 엘에이치 7단지,기장군,정관읍,1934.0,모전초등학교,기장군|정관읍,1,기장군|기장읍;기장군|일광읍;기장군|정관읍;기장군|정관읍매학리;기장군|정관읍모전리;기장군|철마면,62.76445916114791,,B,,,,0,0,7,2799,,,,,,INSUFFICIENT_FEATURES,,,,,LOW,True,True,INSUFFICIENT_MODEL_FEATURES,,LOW,,NOT_CANDIDATE,,,,,,,,,,False,False,,,,,,INSUFFICIENT,,INSUFFICIENT,MISSING,LOW,MISSING,MISSING,MIXED_OR_NEUTRAL,False,False,False,False,UNCERTAIN,LOW
A10026861,서면동일파크스위트3차,부산진구,부암동,727.0,부암초등학교,부산진구|부암동,0,부산진구|부암동,57.03956953642385,3.03148181914954,B,67.882,5613158.089831712,5524292.154031997,19,53,11,1926,5089497.749338011,345485286.22056293,263216428.82832047,453467450.82069093,55.06776397733806,F_S,0.1387619583272264,0.1076887481608878,0.0886200807188313,0.1254549289801015,HIGH,False,False,OK,-10.855567733423063,MEDIUM,0.0,NOT_CANDIDATE,0.09968704482129453,0.08862008071883132,STABLE_POSITIVE,3877558.540236299,6680231.148473688,5613158.089831712,5524292.154031997,381032397.4539563,375000000.0,True,True,-9.329157171652014,-7.870590341183215,-7.870590341183215,-29.80895231244788,20.924653552184246,STABLE_NEGATIVE,1.4585668304687989,POTENTIAL_OVERVALUED_SIGNAL,NEGATIVE,HIGH,NEGATIVE,NEGATIVE,DOUBLE_NEGATIVE,False,False,False,True,NEGATIVE_OR_FULLY_PRICED,LOW
A10026865,동부산관광단지삼정그린코아더베스트,기장군,기장읍내리,549.0,내리초등학교,기장군|기장읍내리,1,기장군|기장읍교리;기장군|기장읍내리;기장군|일광읍삼성리,28.77825607064017,-8.609653015434604,B,84.9887,5312470.9520206805,5165392.575718891,6,16,7,1291,5782962.238795506,491486442.8243196,306437952.9943019,788280045.3395354,98.03771790251936,F_S,0.2410301317701672,0.1824645800248972,-0.1104724767267644,0.1704479080697454,MEDIUM,True,True,OK,-14.036339612716269,LOW,0.086,NOT_CANDIDATE,-0.0969633246641326,-0.11047247672676441,STABLE_NEGATIVE,3605631.725091711,9275115.931171266,5312470.9520206805,5165392.575718891,451500000.0,439000000.00000006,True,True,8.856354999849291,11.955909527179841,11.955909527179841,-30.196366060523495,79.56265269693286,STABLE_POSITIVE,3.0995545273305503,POTENTIAL_UNDERVALUED_SIGNAL,POSITIVE,MEDIUM,POSITIVE,NEGATIVE,LOCAL_ONLY_POSITIVE,False,False,False,True,LOCAL_VALUE_CANDIDATE,LOW
A10026902,연산동일동미라주더스타,연제구,연산동,624.0,연서초등학교,연제구|연산동,0,연제구|연산동,38.8735651214128,-4.6105659291555074,B,77.3526,6153639.30882737,6082536.333620331,24,56,15,5001,7224733.218009862,558851898.7194296,376905257.4568647,828631170.6279525,80.83105992950661,F_S,0.2009646168309107,0.1563076693282115,-0.1594643565063815,0.1077970250219397,HIGH,False,False,OK,9.2132883738834,MEDIUM,1.0,NOT_CANDIDATE,-0.14595988047132202,-0.15946435650638158,STABLE_NEGATIVE,4872560.941156015,10712389.378352538,6153639.30882737,6082536.333620331,476000000.0,470500000.0,True,True,17.40586107551043,18.778299409017983,18.778299409017983,-19.89261265528911,76.11714572326301,STABLE_POSITIVE,1.372438333507553,POTENTIAL_UNDERVALUED_SIGNAL,POSITIVE,HIGH,POSITIVE,POSITIVE,DOUBLE_POSITIVE,True,False,False,True,ROBUST_DUAL_POSITIVE,LOW
A10026975,주례경동리인,사상구,주례동,839.0,주감초등학교,사상구|주례동,0,사상구|주례동,58.16153421633554,3.5230580408076584,A,74.5274,4241167.768122884,4406481.383304669,12,27,8,1950,4723819.067980178,352053953.2069859,255356194.19656852,485369020.9420114,65.33453882570367,F_S,0.163839300784278,0.1276785728344529,-0.0817409321417841,0.0967318946269022,HIGH,False,False,OK,-16.76080565623576,LOW,0.048,NOT_CANDIDATE,-0.08847073266665273,-0.08174093214178413,STABLE_NEGATIVE,3426339.7649263027,6512625.1679518055,4241167.768122884,4406481.383304669,316083206.72200143,328403600.64610034,True,True,11.380151086805789,7.2016118320127775,7.2016118320127775,-22.243180740350766,47.796497963815774,STABLE_POSITIVE,4.178539254793011,POTENTIAL_UNDERVALUED_SIGNAL,POSITIVE,HIGH,POSITIVE,NEGATIVE,LOCAL_ONLY_POSITIVE,False,False,False,True,LOCAL_VALUE_CANDIDATE,LOW
A10027026,지사과학삼정그린코아,강서구,지사동,1013.0,녹산초등학교,강서구|지사동,1,강서구|명지동;강서구|지사동;강서구|화전동,24.00115894039736,-10.443144251528912,A,59.9971,2333446.1165623004,2316778.644301141,21,36,26,8652,2684847.8246175637,161083083.4183624,100434042.61789098,258356221.52826557,98.03771790251967,F_S,0.2410301317701672,0.1824645800248972,-0.1355577018220666,0.1218393686289072,MEDIUM,True,True,OK,22.11664219378489,MEDIUM,0.91,NOT_CANDIDATE,-0.14697585801409474,-0.1355577018220666,STABLE_NEGATIVE,1673981.6194097877,4306145.155820291,2333446.1165623004,2316778.644301141,140000000.0,139000000.0,True,True,15.059345298830284,15.887110372922585,15.887110372922585,-27.745293080653965,85.8677852721335,STABLE_POSITIVE,0.8277650740923015,POTENTIAL_UNDERVALUED_SIGNAL,POSITIVE,MEDIUM,POSITIVE,POSITIVE,DOUBLE_POSITIVE,True,False,True,True,UNCERTAIN,LOW
A10027052,서면DS·협성엘리시안아파트,부산진구,범천동,630.0,부산진초등학교,부산진구|범천동,0,부산진구|범천동,31.81804635761589,-7.423460939328185,B,59.8084,5309160.545974088,5285356.309387809,22,42,4,798,5353077.858390796,320159021.7857801,251559802.78449634,407464937.1491112,48.696155271529946,F_S,0.1230291172112557,0.0885500114316533,-0.0061826119532355,0.1158544171138118,MEDIUM,False,False,OK,1.8209295533516483,LOW,0.604,NOT_CANDIDATE,0.007218813410746705,-0.006182611953235551,MIXED,4206094.84260566,6812837.948333532,5309160.545974088,5285356.309387809,317532397.5978366,316108704.2943898,True,True,0.8271988017015452,1.2813052713721795,1.2813052713721795,-20.419843121364835,28.900258554614823,STABLE_POSITIVE,0.4541064696706343,WITHIN_MODEL_RANGE,NEUTRAL_POINT_GAP,MEDIUM,NEUTRAL,NEUTRAL,MIXED_OR_NEUTRAL,False,False,False,True,UNCERTAIN,LOW
A10027054,사직롯데캐슬더클래식,동래구,사직동,1064.0,여고초등학교,동래구|사직동,0,동래구|사직동,89.16280353200884,18.074170017914604,B,84.8577,14632033.360129973,13958797.39954083,16,41,8,2734,10551318.012894996,895360578.5428396,635684023.4671762,1261114855.830511,69.85239772128413,F_S,0.1747576003859271,0.129441481273205,0.2573531549928489,0.1396716158616933,HIGH,False,False,OK,-79.85039098181113,MEDIUM,0.0,NOT_CANDIDATE,0.293049592346323,0.25735315499284894,STABLE_POSITIVE,7491176.681281442,14861525.304486347,14632033.360129973,13958797.39954083,1241640697.2639012,1184511442.0910158,True,True,-27.888915004488002,-24.410981040228595,-24.410981040228595,-46.333652772065726,6.467089385330671,STABLE_NEGATIVE,3.4779339642594067,POTENTIAL_OVERVALUED_SIGNAL,NEGATIVE,HIGH,NEGATIVE,NEGATIVE,DOUBLE_NEGATIVE,False,False,False,True,NEGATIVE_OR_FULLY_PRICED,LOW
A10027085,센텀리버SKVIEW,연제구,연산동,529.0,과정초등학교,연제구|연산동,0,연제구|연산동,41.013907284768216,-3.740475395032372,B,64.0118,6788183.459328637,6588452.325488369,16,49,15,5051,7140753.406815671,457092478.92640334,308275875.6767608,677748571.2510293,80.83105992950658,F_S,0.2009646168309107,0.1563076693282115,-0.0551801059557472,0.1359634158995545,HIGH,False,False,OK,-3.554211174456645,HIGH,0.336,NOT_CANDIDATE,-0.030119274361060988,-0.055180105955747294,STABLE_NEGATIVE,4815922.6217160085,10587869.287397468,6788183.459328637,6588452.325488369,434523841.96185285,421738692.5686963,True,True,5.193877708218331,8.382865262463035,8.382865262463035,-26.903582453121434,60.703436320496465,STABLE_POSITIVE,3.1889875542447044,POTENTIAL_UNDERVALUED_SIGNAL,POSITIVE,HIGH,POSITIVE,NEGATIVE,LOCAL_ONLY_POSITIVE,False,False,False,True,LOCAL_VALUE_CANDIDATE,LOW
A10027139,명지국제신도시호반베르디움2차,강서구,명지동,694.0,명지초등학교,강서구|명지동,0,강서구|명지동,53.05883002207506,1.306122740881288,A,84.8015,5466032.211454939,5530562.549011515,15,34,22,7271,6294354.600792455,533770711.67910135,401844934.7772772,709007748.9823943,57.54583522180605,F_S,0.1448469837005644,0.1143422649591636,-0.0952523343706932,0.1389296542909485,HIGH,False,False,OK,-3.235581938842369,LOW,0.094,NOT_CANDIDATE,-0.0537336742272192,-0.09525233437069325,STABLE_NEGATIVE,4738653.617887386,8360792.54473558,5466032.211454939,5530562.549011515,463527730.57969606,469000000.00000006,True,True,15.153997585334999,13.810386285522668,13.810386285522668,-14.318777232989955,51.17436012417789,STABLE_POSITIVE,1.3436112998123306,POTENTIAL_UNDERVALUED_SIGNAL,POSITIVE,HIGH,POSITIVE,NEGATIVE,LOCAL_ONLY_POSITIVE,False,False,False,True,LOCAL_VALUE_CANDIDATE,LOW
A10027159,브라운스톤연제2단지,연제구,연산동,521.0,연산초등학교,연제구|연산동,0,연제구|연산동,32.301821192052984,-7.233266548593653,B,84.9558,6597724.564797072,6534945.042608696,16,44,15,5111,7146323.380563256,607121619.8544558,409459699.3643833,900202539.7539297,80.8310599295066,F_S,0.2009646168309107,0.1563076693282115,-0.0715520344570528,0.1000724114504966,HIGH,False,False,OK,-3.084981129838887,MEDIUM,0.692,NOT_CANDIDATE,-0.04915454616681991,-0.07155203445705283,STABLE_NEGATIVE,4819679.166865397,10596128.101364825,6597724.564797072,6534945.042608696,560514968.581987,555181484.0508559,True,True,8.314969962421559,9.355523787396724,9.355523787396724,-26.247594502471582,62.145634466344916,STABLE_POSITIVE,1.0405538249751647,POTENTIAL_UNDERVALUED_SIGNAL,POSITIVE,HIGH,POSITIVE,NEGATIVE,LOCAL_ONLY_POSITIVE,False,False,False,True,LOCAL_VALUE_CANDIDATE,LOW
A10027236,사하뷰웰,사하구,신평동,900.0,신평초등학교,사하구|신평동,0,사하구|신평동,45.64525386313466,-1.8304804886667856,B,84.74,2944640.753828033,2991503.422232712,13,28,4,768,3188664.970242011,270207469.578308,222749925.84819725,327775986.17774403,38.86867394652446,F_S,0.0985409879147782,0.0775313000225692,-0.0805346245026656,0.0779897465552228,MEDIUM,False,False,OK,-17.51778032721186,LOW,0.064,NOT_CANDIDATE,-0.0841380412115349,-0.08053462450266569,STABLE_NEGATIVE,2628627.871704004,3868019.662234412,2944640.753828033,2991503.422232712,249528857.4793875,253500000.0,True,True,8.287062389418697,6.590717782370015,6.590717782370015,-12.130206765997142,29.300191786092313,STABLE_POSITIVE,1.6963446070486823,POTENTIAL_UNDERVALUED_SIGNAL,POSITIVE,MEDIUM,POSITIVE,NEGATIVE,LOCAL_ONLY_POSITIVE,False,False,False,True,LOCAL_VALUE_CANDIDATE,LOW
A10027280,명지협성휴포레,강서구,명지동,1664.0,명일초등학교,강서구|명지동,0,강서구|명지동,35.94221854304636,-5.789467605407372,A,59.9566,4917830.553230932,4917830.553230932,52,113,22,6739,5254920.436273626,315067162.6294833,237195748.37486085,418503778.619643,57.54583522180605,F_S,0.1448469837005644,0.1143422649591636,-0.0585715002206761,0.1173555871000671,HIGH,False,False,OK,3.7977236139067614,LOW,0.86,NOT_CANDIDATE,-0.049424516359361625,-0.05857150022067614,STABLE_NEGATIVE,3956124.069324492,6980111.924619524,4917830.553230932,4917830.553230932,294856399.34784573,294856399.34784573,True,True,6.854442815668604,6.854442815668604,6.854442815668604,-19.555502644852517,41.934778945031105,STABLE_POSITIVE,0.0,POTENTIAL_UNDERVALUED_SIGNAL,POSITIVE,HIGH,POSITIVE,POSITIVE,DOUBLE_POSITIVE,False,False,False,True,UNCERTAIN,LOW
A10027282,부산명지중흥S-클래스프라디움,강서구,명지동,1033.0,신명초등학교,강서구|명지동,0,강서구|명지동,43.40231788079471,-2.760167371194133,B,59.9911,5167213.539433857,5167433.169253439,36,71,22,6981,5764859.631374928,345840270.63177645,260363032.20573148,459379704.47414166,57.54583522180605,F_S,0.1448469837005644,0.1143422649591636,-0.1021315769860464,0.1271536424984115,HIGH,False,False,OK,0.3341538861220741,LOW,0.38,NOT_CANDIDATE,-0.10496135874747647,-0.10213157698604647,STABLE_NEGATIVE,4340027.640862253,7657464.265101684,5167213.539433857,5167433.169253439,309986824.1655305,310000000.0,True,True,11.566119483549553,11.561377623153701,11.561377623153701,-16.011925094925328,48.187001443271505,STABLE_POSITIVE,0.00474186039585156,POTENTIAL_UNDERVALUED_SIGNAL,POSITIVE,HIGH,POSITIVE,NEUTRAL,LOCAL_ONLY_POSITIVE,False,False,False,True,LOCAL_VALUE_CANDIDATE,LOW
A10027306,e편한세상사하,사하구,구평동,1068.0,구평초등학교,사하구|구평동,1,사하구|괴정동;사하구|구평동,36.72902869757174,-5.474473670460444,B,72.9641,3706113.440014495,3719295.8313808255,31,54,5,899,3911976.9950618567,285433880.6653928,177965792.10545576,457798654.8304082,98.03771790251967,F_S,0.2410301317701672,0.1824645800248972,-0.040794042553931,0.1388700836835563,MEDIUM,True,True,OK,7.76161322696306,HIGH,0.926,NOT_CANDIDATE,-0.0425935387432812,-0.04079404255393104,STABLE_NEGATIVE,2439087.0593272,6274300.030157409,3706113.440014495,3719295.8313808255,270413231.6485616,271375072.9704537,True,True,5.554701937201267,5.1805818202284915,5.1805818202284915,-34.420729893334,68.69591219981051,STABLE_POSITIVE,0.3741201169727759,POTENTIAL_UNDERVALUED_SIGNAL,POSITIVE,MEDIUM,POSITIVE,POSITIVE,DOUBLE_POSITIVE,True,False,False,True,ROBUST_DUAL_POSITIVE,LOW
A10027325,구서SKVIEW1단지,금정구,구서동,532.0,장서초등학교,금정구|구서동,0,금정구|구서동,68.62759381898455,8.223137901907073,B,84.959,7607208.416359091,7642881.717403309,14,36,6,1387,7110421.324323298,604094285.2931831,429118117.39113694,850418313.1267136,69.74080139346269,F_S,0.1744888134111295,0.134339593052308,0.0397017324797968,0.1152449168369369,HIGH,False,False,OK,-32.76319360250404,MEDIUM,0.0,NOT_CANDIDATE,0.05822452587289817,0.0397017324797968,STABLE_POSITIVE,5050884.749009957,10009749.563044688,7607208.416359091,7642881.717403309,646300819.8454521,649331587.8288678,True,True,-6.530478262794359,-6.966749097628533,-6.966749097628533,-33.91386998036639,30.968264761338315,STABLE_NEGATIVE,0.4362708348341737,POTENTIAL_OVERVALUED_SIGNAL,NEGATIVE,HIGH,NEGATIVE,NEGATIVE,DOUBLE_NEGATIVE,False,False,False,True,NEGATIVE_OR_FULLY_PRICED,LOW
A10027340,전포LH아파트,부산진구,전포동,794.0,양성초등학교,부산진구|전포동,0,부산진구|전포동,13.76583885209713,,B,,,,0,0,7,1839,,,,,,INSUFFICIENT_FEATURES,,,,,LOW,False,False,INSUFFICIENT_MODEL_FEATURES,,LOW,,NOT_CANDIDATE,,,,,,,,,,False,False,,,,,,INSUFFICIENT,,INSUFFICIENT,MISSING,LOW,MISSING,MISSING,MIXED_OR_NEUTRAL,False,False,False,False,UNCERTAIN,LOW
A10027341,사직KCC스위첸1단지,동래구,사직동,999.0,사직초등학교,동래구|사직동,0,동래구|사직동,80.76136865342164,13.939893124115454,B,84.9859,8703476.444082225,8412546.577858413,15,71,8,2636,7539232.017602032,640728418.3247246,454901442.6939426,902465605.775424,69.85239772128439,F_S,0.1747576003859271,0.129441481273205,0.1074459672912091,0.110085594212894,HIGH,False,False,OK,2.621964587398772,LOW,0.556,NOT_CANDIDATE,0.14932402944869239,0.10744596729120914,STABLE_POSITIVE,5352669.592178733,10619003.926244518,8703476.444082225,8412546.577858413,739672778.7291275,714947842.2112173,True,True,-13.376774602197028,-10.381096284862423,-10.381096284862423,-36.37277912651551,26.228173930037315,STABLE_NEGATIVE,2.9956783173346047,POTENTIAL_OVERVALUED_SIGNAL,NEGATIVE,HIGH,NEGATIVE,NEUTRAL,MIXED_OR_NEUTRAL,False,False,False,True,UNCERTAIN,LOW
A10027503,정관양우내안愛,기장군,정관읍용수리,830.0,가동초등학교,기장군|정관읍용수리,0,기장군|정관읍용수리,63.0385761589404,5.687280488702173,B,59.8986,3152485.2091732314,3212310.813925687,17,32,5,1633,4048949.510346727,242526407.14045447,175128506.44295874,335862272.53993905,66.27474838395409,F_S,0.1661176392355014,0.1271221236427736,-0.209988143724515,0.2299535073305687,HIGH,False,False,OK,18.74508548142361,MEDIUM,1.0,NOT_CANDIDATE,-0.23710094425850592,-0.20998814372451502,STABLE_NEGATIVE,2923749.5775019573,5607180.677677592,3152485.2091732314,3212310.813925687,188829450.5501837,192412920.51900917,True,True,28.436748840721826,26.04476169597685,26.04476169597685,-8.98297995240025,74.55286871276297,STABLE_POSITIVE,2.391987144744977,POTENTIAL_UNDERVALUED_SIGNAL,POSITIVE,HIGH,POSITIVE,POSITIVE,DOUBLE_POSITIVE,True,False,False,True,ROBUST_DUAL_POSITIVE,LOW
A10027581,명지대방노블랜드오션뷰2차,강서구,명지동,600.0,신명초등학교,강서구|명지동,0,강서구|명지동,43.40231788079471,-2.760167371194122,B,84.9985,5882456.749236751,5941281.316729118,16,37,22,7283,5598749.744746955,475885330.1788741,358266396.5687197,632118584.5182023,57.54583522180605,F_S,0.1448469837005644,0.1143422649591636,0.0549813600305739,0.1343004676724234,HIGH,False,False,OK,-23.05896847528642,MEDIUM,0.0,NOT_CANDIDATE,0.04706055007334875,0.05498136003057397,STABLE_POSITIVE,4214973.165040791,7436820.467634161,5882456.749236751,5941281.316729118,500000000.00000006,505000000.0,True,True,-4.822933964225196,-5.765281152698199,-5.765281152698199,-29.056159095303038,25.171996934297482,STABLE_NEGATIVE,0.9423471884730032,POTENTIAL_OVERVALUED_SIGNAL,NEGATIVE,HIGH,NEGATIVE,NEGATIVE,DOUBLE_NEGATIVE,False,False,False,True,NEGATIVE_OR_FULLY_PRICED,LOW
A10027621,명지2차금강펜테리움센트럴파크,강서구,명지동,670.0,명일초등학교,강서구|명지동,0,강서구|명지동,35.94221854304636,-5.78946760540735,A,66.6612,4629008.691854013,4700224.210190228,27,41,22,7264,5194838.190782644,346294147.60339993,260704729.7887353,459982589.35134566,57.54583522180605,F_S,0.1448469837005644,0.1143422649591636,-0.1289704270504064,0.1483895466046658,HIGH,False,False,OK,2.6069518222540458,LOW,0.802,NOT_CANDIDATE,-0.13433969369789445,-0.1289704270504064,STABLE_NEGATIVE,3910891.639945505,6900304.665252736,4629008.691854013,4700224.210190228,308575274.2094187,313322586.12033284,True,True,12.22355663156045,10.523199712900432,10.523199712900432,-16.793508882691732,46.807989505961565,STABLE_POSITIVE,1.7003569186600185,POTENTIAL_UNDERVALUED_SIGNAL,POSITIVE,HIGH,POSITIVE,NEUTRAL,LOCAL_ONLY_POSITIVE,False,False,False,True,LOCAL_VALUE_CANDIDATE,LOW
A10027656,명지대방노블랜드오션뷰1차,강서구,명지동,737.0,신명초등학교,강서구|명지동,0,강서구|명지동,43.40231788079471,-2.7601673711941443,B,84.9341,5652744.819789317,5674988.0201238375,19,41,22,7204,5478097.732809146,465277300.6481853,350280227.898158,618027936.6536298,57.54583522180605,F_S,0.1448469837005644,0.1143422649591636,0.0242214735800256,0.1452331317297666,HIGH,False,False,OK,-16.57551464841135,MEDIUM,0.0,NOT_CANDIDATE,0.027245578416447813,0.024221473580025688,STABLE_POSITIVE,4124141.280100195,7276558.374712039,5652744.819789317,5674988.0201238375,480110793.7984679,482000000.00000006,True,True,-3.0895979307037025,-3.469439699546628,-3.469439699546628,-27.32775354810001,28.22156362108501,STABLE_NEGATIVE,0.37984176884292564,POTENTIAL_OVERVALUED_SIGNAL,NEGATIVE,HIGH,NEGATIVE,NEGATIVE,DOUBLE_NEGATIVE,False,False,False,True,NEGATIVE_OR_FULLY_PRICED,LOW
A10027690,명륜2차아이파크1단지,동래구,명륜동,2058.0,교동초등학교,동래구|명륜동,0,동래구|명륜동,75.1171633554084,11.24403397222775,B,84.9138,8015596.305926632,7795024.114701379,52,139,4,848,7525825.410438604,639046433.7369015,517787304.248397,788702892.3288174,42.39372505315593,F_S,0.1073533518444826,0.0797401060133864,0.0068892058812917,0.1142654566018331,MEDIUM,False,False,OK,5.243000961627397,HIGH,1.0,NOT_CANDIDATE,0.09647448680446846,0.006889205881291716,STABLE_POSITIVE,6097799.229906058,9288276.962387944,8015596.305926632,7795024.114701379,680634741.6021928,661905118.6709299,True,True,-6.110224078100046,-3.4534685242995855,-3.4534685242995855,-21.77318324896985,19.156487853197234,STABLE_NEGATIVE,2.6567555538004606,POTENTIAL_OVERVALUED_SIGNAL,NEGATIVE,MEDIUM,NEGATIVE,POSITIVE,SCHOOL_ONLY_POSITIVE,False,False,False,True,SCHOOL_VALUE_CANDIDATE,LOW
A10027698,명지국제신도시호반베르디움1차,강서구,명지동,642.0,명지초등학교,강서구|명지동,0,강서구|명지동,53.05883002207506,1.306122740881288,A,74.9342,5538192.173933931,5538192.173933931,19,34,22,7327,5511951.881660072,413033704.6906922,310949062.0047949,548632757.1166216,57.54583522180605,F_S,0.1448469837005644,0.1143422649591636,0.0276677343351385,0.1355821335400801,HIGH,False,False,OK,-6.900006102889367,HIGH,0.008,NOT_CANDIDATE,0.017132508522738732,0.027667734335138583,STABLE_POSITIVE,4149628.100450727,7321526.847776069,5538192.173933931,5538192.173933931,415000000.0,415000000.0,True,True,-0.4738060986283932,-0.4738060986283932,-0.4738060986283932,-25.0725151795675,32.20066436545099,STABLE_NEGATIVE,0.0,WITHIN_MODEL_RANGE,NEUTRAL_POINT_GAP,HIGH,NEUTRAL,NEGATIVE,MIXED_OR_NEUTRAL,False,False,False,True,UNCERTAIN,LOW
A10027790,e편한세상화명힐스,북구,화명동,800.0,화잠초등학교,북구|화명동,0,북구|화명동,61.624392935982335,5.055110262506979,B,84.98,6644755.644469848,6535947.7124183,21,41,17,6882,7173278.704450639,609585224.3042153,436704269.50134563,850905685.2462845,67.94807341626615,F_S,0.1701645553832526,0.1326223031155248,-0.0556478353628921,0.1278541927036596,HIGH,False,False,OK,-20.350809823724305,MEDIUM,0.0,NOT_CANDIDATE,-0.038110120215025134,-0.055647835362892195,STABLE_NEGATIVE,5138906.442708232,10013011.123161737,6644755.644469848,6535947.7124183,564671334.6670477,555424836.6013072,True,True,7.953987900528103,9.751164178094784,9.751164178094784,-21.374731426564033,53.1990701843746,STABLE_POSITIVE,1.797176277566681,POTENTIAL_UNDERVALUED_SIGNAL,POSITIVE,HIGH,POSITIVE,NEGATIVE,LOCAL_ONLY_POSITIVE,False,False,False,True,LOCAL_VALUE_CANDIDATE,LOW
A10027832,백양디이스트(1단지),북구,만덕동,3790.0,백양초등학교,북구|만덕동,0,북구|만덕동,40.07654525386313,-4.122503747164751,A,84.9913,4231358.0797924,4268401.128077441,84,163,12,2408,4226834.404673663,359244150.93794066,266771747.42422774,483770718.7106772,60.40431576127067,F_S,0.1518412394338459,0.1186202251525578,-0.0310617908332666,0.134489354781558,HIGH,False,False,OK,-25.411408108181305,LOW,0.016,NOT_CANDIDATE,-0.04282431669097786,-0.031061790833266656,STABLE_NEGATIVE,3138812.412849642,5692002.813354746,4231358.0797924,4268401.128077441,359628623.9670598,362776960.7967682,True,True,-0.10690835030816581,-0.9738242062198199,-0.9738242062198199,-26.46397752538747,33.35210638739849,STABLE_NEGATIVE,0.8669158559116541,WITHIN_MODEL_RANGE,NEUTRAL_POINT_GAP,HIGH,NEUTRAL,NEGATIVE,MIXED_OR_NEUTRAL,False,False,False,False,UNCERTAIN,LOW
A10027918,명지1차 금강펜테리움 센트럴파크,강서구,명지동,850.0,명지초등학교,강서구|명지동,0,강서구|명지동,53.05883002207506,1.306122740881288,A,84.2591,4935949.882910172,5011762.132300725,30,57,22,7205,5451999.349145946,459380558.3596232,345840913.47250956,610195292.6271509,57.54583522180605,F_S,0.1448469837005644,0.1143422649591636,-0.0715321299522386,0.1388000695610069,HIGH,False,False,OK,3.410796780488512,LOW,0.83,NOT_CANDIDATE,-0.09994076397831808,-0.07153212995223868,STABLE_NEGATIVE,4104493.324430353,7241891.886183817,4935949.882910172,5011762.132300725,415898694.7791165,422286566.68174005,True,True,10.454917057049151,8.784080433664233,8.784080433664233,-18.102790673624348,44.49791700028902,STABLE_POSITIVE,1.6708366233849183,POTENTIAL_UNDERVALUED_SIGNAL,POSITIVE,HIGH,POSITIVE,POSITIVE,DOUBLE_POSITIVE,False,False,False,True,UNCERTAIN,LOW
A10027937,더샵파크시티,연제구,연산동,1758.0,연신초등학교,연제구|연산동,0,연제구|연산동,30.970750551876385,-7.755633259813144,B,84.96,8000941.28721026,7990813.802850077,23,73,15,4647,7335203.196659445,623198863.5881864,420302639.5110369,924040886.4180077,80.83105992950658,F_S,0.2009646168309107,0.1563076693282115,0.0917151889533247,0.1146884467115815,HIGH,False,False,OK,-12.914896378050202,MEDIUM,0.0,NOT_CANDIDATE,0.10269623093082281,0.09171518895332476,STABLE_POSITIVE,4947064.965996197,10876187.457839075,8000941.28721026,7990813.802850077,679759971.7613837,678899540.6901425,True,True,-8.320747105281445,-8.204553658311953,-8.204553658311953,-38.090598929589234,36.10863331541869,STABLE_NEGATIVE,0.11619344696949163,POTENTIAL_OVERVALUED_SIGNAL,NEGATIVE,HIGH,NEGATIVE,NEGATIVE,DOUBLE_NEGATIVE,False,False,False,True,NEGATIVE_OR_FULLY_PRICED,LOW
A10027953,에일린의 뜰,강서구,명지동,980.0,명지초등학교,강서구|명지동,0,강서구|명지동,53.05883002207506,1.306122740881288,A,84.9898,5317959.87999294,5415872.999099116,29,65,22,7111,5287772.136035738,449406696.28725016,338332172.61008507,596947009.5313083,57.54583522180605,F_S,0.1448469837005644,0.1143422649591636,0.0559454918085684,0.1334557604199983,HIGH,False,False,OK,0.0499541058937458,LOW,0.284,NOT_CANDIDATE,0.05371314909705305,0.05594549180856845,STABLE_POSITIVE,3980856.204039603,7023748.844347302,5317959.87999294,5415872.999099116,451972346.60862404,460293963.01883405,True,True,-0.5676564817792995,-2.3652855797151595,-2.3652855797151595,-26.496500108075203,29.688211771502804,STABLE_NEGATIVE,1.79762909793586,WITHIN_MODEL_RANGE,NEUTRAL_POINT_GAP,HIGH,NEUTRAL,NEUTRAL,MIXED_OR_NEUTRAL,False,False,False,True,UNCERTAIN,LOW
A10027972,안락경동리인,동래구,안락동,693.0,안진초등학교,동래구|안락동,0,동래구|안락동,62.64050772626931,5.508951659373595,B,78.942,6815130.095513162,6789555.058749948,21,34,5,1468,6810854.124203037,537662446.2728361,409649086.42297137,705679362.4424386,55.0587600215707,F_S,0.1387398130203221,0.110142683536243,-0.0126877779766738,0.1189935453984745,HIGH,False,False,OK,-24.14763116190794,MEDIUM,0.0,NOT_CANDIDATE,-0.007074771598746921,-0.012687777976673864,STABLE_NEGATIVE,5189241.296432462,8939213.124096662,6815130.095513162,6789555.058749948,538000000.0,535981055.4478383,True,True,-0.06274232846912309,0.3137034057281829,0.3137034057281829,-23.570230279745697,31.661250947164365,MIXED,0.376445734197306,WITHIN_MODEL_RANGE,NEUTRAL_POINT_GAP,LOW,NEUTRAL,NEGATIVE,MIXED_OR_NEUTRAL,False,False,False,True,UNCERTAIN,LOW
A10027989,신화명리버뷰자이,북구,금곡동,792.0,신금초등학교,북구|금곡동,0,북구|금곡동,21.752097130242827,-11.293572649989148,B,84.965,4872617.537186075,4684303.815942168,23,43,12,2855,4782719.180828382,406363735.1990835,295572393.3957285,558683723.4283371,64.74773884625962,F_S,0.1624157474876138,0.1284751339314172,-0.008837305384592,0.1137944880276381,HIGH,False,False,OK,-68.17111945323981,HIGH,0.0,NOT_CANDIDATE,-0.007597724952750795,-0.008837305384592042,STABLE_NEGATIVE,3478754.703651251,6575457.22860398,4872617.537186075,4684303.815942168,414001949.0470149,398001873.7215263,True,True,-1.8449705044900622,2.100960329500312,2.100960329500312,-25.73592917240023,40.37213398126778,MIXED,3.9459308339903743,WITHIN_MODEL_RANGE,NEUTRAL_POINT_GAP,LOW,NEUTRAL,NEGATIVE,MIXED_OR_NEUTRAL,False,False,False,True,UNCERTAIN,LOW
A10028028,부산센텀푸르지오,연제구,연산동,560.0,과정초등학교,연제구|연산동,0,연제구|연산동,41.013907284768216,-3.7404753950323832,B,74.6236,5882996.610217353,5882996.610217353,17,33,15,5112,6947780.34627028,518468381.44793487,349669490.68376476,768752978.8074892,80.83105992950685,F_S,0.2009646168309107,0.1563076693282115,-0.1595198761726788,0.1451783899290257,HIGH,False,False,OK,8.010279327192004,MEDIUM,1.0,NOT_CANDIDATE,-0.15230299123511948,-0.15951987617267882,STABLE_NEGATIVE,4685776.224730042,10301740.72019427,5882996.610217353,5882996.610217353,439010385.84221566,439010385.84221566,True,True,18.099343015150705,18.099343015150705,18.099343015150705,-20.350519723367277,75.11043100556304,STABLE_POSITIVE,0.0,POTENTIAL_UNDERVALUED_SIGNAL,POSITIVE,HIGH,POSITIVE,POSITIVE,DOUBLE_POSITIVE,True,False,False,True,ROBUST_DUAL_POSITIVE,LOW
A10028037,해운대힐스테이트위브,해운대구,중동,2369.0,동백초등학교,해운대구|중동,0,해운대구|중동,64.0762693156733,6.153570078727055,B,105.8829,7844445.268008253,7921293.636731787,35,80,4,686,7982865.018302244,845248898.4463947,630866548.51464,1132483093.3055336,59.34542425466478,F_S,0.1492534644072632,0.1091487213275323,-0.0724553686137943,0.1675648597986894,MEDIUM,False,False,OK,28.259825413803668,HIGH,0.906,NOT_CANDIDATE,-0.05850285875520633,-0.07245536861379431,STABLE_NEGATIVE,5958153.285512958,10695618.398301648,7844445.268008253,7921293.636731787,830592613.8679911,838729542.0087081,True,True,1.764557538039102,0.7772894730848634,0.7772894730848634,-24.78307762908273,35.02363236107114,STABLE_POSITIVE,0.9872680649542387,WITHIN_MODEL_RANGE,NEUTRAL_POINT_GAP,MEDIUM,NEUTRAL,POSITIVE,SCHOOL_ONLY_POSITIVE,True,False,False,True,ROBUST_DUAL_POSITIVE,LOW
A10028069,협성·DS엘리시안,강서구,지사동,1277.0,녹산초등학교,강서구|지사동,1,강서구|명지동;강서구|지사동;강서구|화전동,24.00115894039736,-10.443144251528912,A,59.9588,2250258.7797596725,2269208.1798280743,46,82,26,8392,2627128.1801423063,157519453.1275165,98212147.00408734,252640624.1028337,98.03771790251967,F_S,0.2410301317701672,0.1824645800248972,-0.1475208018946245,0.1266338872782625,MEDIUM,True,True,OK,23.196460863966912,MEDIUM,0.96,NOT_CANDIDATE,-0.15424166323380284,-0.14752080189462458,STABLE_NEGATIVE,1637993.8725272578,4213570.386712771,2250258.7797596725,2269208.1798280743,134922816.12385425,136058999.41267553,True,True,16.747824906737318,15.772902790318245,15.772902790318245,-27.816500615145856,85.68461122998468,STABLE_POSITIVE,0.9749221164190729,POTENTIAL_UNDERVALUED_SIGNAL,POSITIVE,MEDIUM,POSITIVE,POSITIVE,DOUBLE_POSITIVE,True,False,True,True,UNCERTAIN,LOW
A10028081,정관이지더원3차아파트,기장군,정관읍,1035.0,모전초등학교,기장군|정관읍,1,기장군|기장읍;기장군|일광읍;기장군|정관읍;기장군|정관읍매학리;기장군|정관읍모전리;기장군|철마면,62.76445916114791,,B,,,,0,0,7,2799,,,,,,INSUFFICIENT_FEATURES,,,,,LOW,True,True,INSUFFICIENT_MODEL_FEATURES,,LOW,,NOT_CANDIDATE,,,,,,,,,,False,False,,,,,,INSUFFICIENT,,INSUFFICIENT,MISSING,LOW,MISSING,MISSING,MIXED_OR_NEUTRAL,False,False,False,False,UNCERTAIN,LOW
A10028117,명지오션시티삼정그린코아,강서구,명지동,610.0,남명초등학교,강서구|명지동,0,강서구|명지동,58.46859823399559,3.658003003169563,B,79.1779,4423548.086348057,4417172.56688204,8,24,22,7367,4817315.202833788,381424901.3984533,287152631.7784137,506646777.03210396,57.54583522180605,F_S,0.1448469837005644,0.1143422649591636,-0.0931442174987431,0.127599587915939,HIGH,False,False,OK,13.921764613522036,MEDIUM,0.976,NOT_CANDIDATE,-0.09314421749874313,-0.09314421749874313,STABLE_NEGATIVE,3626676.531941536,6398840.80067928,4423548.086348057,4417172.56688204,350247248.0260578,349742447.7833295,True,True,8.901612660230217,9.058795641171802,9.058795641171802,-17.89597356615148,44.862821268403486,STABLE_POSITIVE,0.15718298094158456,POTENTIAL_UNDERVALUED_SIGNAL,POSITIVE,HIGH,POSITIVE,POSITIVE,DOUBLE_POSITIVE,True,False,False,True,ROBUST_DUAL_POSITIVE,LOW
A10028138,동원역삼정그린코아,북구,금곡동,529.0,금곡초등학교,북구|금곡동,0,북구|금곡동,45.7257174392936,-1.7969640492763173,B,71.0496,4050283.798181315,4067021.692351881,8,20,12,2957,4267996.343929636,303239433.0376631,220563985.49195135,416904661.67405576,64.74773884625962,F_S,0.1624157474876138,0.1284751339314172,-0.1879555329809878,0.1222502097085981,HIGH,False,False,OK,-36.682687441901344,LOW,0.954,NOT_CANDIDATE,-0.23789703958999375,-0.18795553298098788,STABLE_NEGATIVE,3104366.322849831,5867797.449585301,4050283.798181315,4067021.692351881,287771043.74726313,288960264.4329242,True,True,5.3752417508639905,4.941568223146997,4.941568223146997,-23.669786942920513,44.27750559137207,STABLE_POSITIVE,0.4336735277169934,POTENTIAL_UNDERVALUED_SIGNAL,POSITIVE,HIGH,POSITIVE,NEGATIVE,LOCAL_ONLY_POSITIVE,False,False,False,True,LOCAL_VALUE_CANDIDATE,LOW
A10028142,가화만사성정관타운,기장군,정관읍방곡리,560.0,방곡초등학교,기장군|정관읍방곡리,1,기장군|기장읍서부리;기장군|기장읍청강리;기장군|정관읍방곡리,58.230187637969095,3.553213800820476,B,59.9567,2885415.6416213703,2885415.6416213703,11,21,5,886,3113301.6385802445,186663292.35386413,116383102.81641132,299383534.80184823,98.03771790251966,F_S,0.2410301317701672,0.1824645800248972,-0.0692377488257349,0.1019785997609748,MEDIUM,True,True,OK,11.54457215491686,MEDIUM,1.0,NOT_CANDIDATE,-0.07432161461823128,-0.06923774882573497,STABLE_NEGATIVE,1941119.2213115685,4993329.099197391,2885415.6416213703,2885415.6416213703,173000000.0,173000000.0,True,True,7.897856851944596,7.897856851944596,7.897856851944596,-32.726530163924096,73.05406635944985,STABLE_POSITIVE,0.0,POTENTIAL_UNDERVALUED_SIGNAL,POSITIVE,MEDIUM,POSITIVE,POSITIVE,DOUBLE_POSITIVE,True,False,False,True,ROBUST_DUAL_POSITIVE,LOW
A10028145,대연롯데캐슬,남구,대연동,564.0,용소초등학교,남구|대연동,0,남구|대연동,76.50546357615895,11.901158122276346,B,84.5739,9783685.61263188,9212072.539166072,20,49,11,4421,9917642.542874483,838773708.6568124,641565217.7632688,1096601428.5916355,54.25017571867488,F_S,0.1367500567214909,0.1046307304852985,-0.063452601509006,0.0952279799757819,HIGH,False,False,OK,-16.996164380797005,HIGH,0.038,NOT_CANDIDATE,0.0035751184020114124,-0.063452601509006,MIXED,7585853.528846001,12966192.035505464,9783685.61263188,9212072.539166072,827444448.6341673,779100901.7201774,True,True,1.3691867824294324,7.659188534486794,7.659188534486794,-17.653128581066134,40.75217037619241,STABLE_POSITIVE,6.2900017520573615,POTENTIAL_UNDERVALUED_SIGNAL,POSITIVE,HIGH,POSITIVE,NEGATIVE,LOCAL_ONLY_POSITIVE,False,False,False,True,LOCAL_VALUE_CANDIDATE,LOW
A10028147,서면동일파크스위트1차,부산진구,부암동,751.0,부암초등학교,부산진구|부암동,0,부산진구|부암동,57.03956953642385,3.031481819149562,B,84.9955,4800333.19959856,4623774.199810578,21,36,11,1967,4629997.898494546,393528986.3814933,299819698.7458282,516527312.1487997,55.06776397733806,F_S,0.1387619583272264,0.1076887481608878,-0.0225784017849086,0.1336616862870429,HIGH,False,False,OK,2.5024630593590835,MEDIUM,0.368,NOT_CANDIDATE,-0.0059918177081002,-0.022578401784908664,STABLE_NEGATIVE,3527477.322279746,6077113.637178435,4800333.19959856,4623774.199810578,408006720.4664794,393000000.0,True,True,-3.5484057881285835,0.13460213269549381,0.13460213269549381,-23.710000319127676,31.431886042951575,MIXED,3.6830079208240774,WITHIN_MODEL_RANGE,NEUTRAL_POINT_GAP,LOW,NEUTRAL,NEUTRAL,MIXED_OR_NEUTRAL,False,False,False,True,UNCERTAIN,LOW
A10028182,대신롯데캐슬,서구,서대신동3가,753.0,대신초등학교,서구|서대신동3가,1,서구|남부민동;서구|동대신동3가;서구|부민동3가;서구|서대신동2가;서구|서대신동3가,66.23658940397351,7.130924553026441,B,84.7855,5107823.726570899,5426312.120442767,7,18,5,695,5348147.315161154,453445344.189596,282719625.5297825,727267092.9084879,98.03771790251965,F_S,0.2410301317701672,0.1824645800248972,-0.0059900942125343,0.1136634530179111,MEDIUM,True,True,OK,20.06700248657759,MEDIUM,0.998,TIER_1,-0.02742753294965361,-0.00599009421253438,STABLE_NEGATIVE,3334528.021062357,8577729.598911228,5107823.726570899,5426312.120442767,433069388.5691769,460072586.2878002,True,True,4.705009441498387,-1.4404775019693283,-1.4404775019693283,-38.548908594843745,58.07659803784595,MIXED,6.145486943467715,WITHIN_MODEL_RANGE,NEUTRAL_POINT_GAP,LOW,NEUTRAL,POSITIVE,SCHOOL_ONLY_POSITIVE,False,False,False,False,SCHOOL_VALUE_CANDIDATE,LOW
A10028191,감전엘에이치,사상구,감전동,622.0,감전초등학교,사상구|감전동,1,사상구|감전동;사상구|괘법동;사상구|덕포동,71.6083885209713,,B,,,,0,0,6,1191,,,,,,INSUFFICIENT_FEATURES,,,,,LOW,True,True,INSUFFICIENT_MODEL_FEATURES,,LOW,,NOT_CANDIDATE,,,,,,,,,,False,False,,,,,,INSUFFICIENT,,INSUFFICIENT,MISSING,LOW,MISSING,MISSING,MIXED_OR_NEUTRAL,False,False,False,False,UNCERTAIN,LOW
A60106001,한성기린,동구,범일동,547.0,성남초등학교,동구|범일동,1,동구|범일동;동구|수정동,63.84878587196467,6.051174169515838,B,60.0,2883333.333333333,2575000.0,7,16,4,797,3752818.46536429,225169107.9218574,140391177.6540925,361141832.4821431,98.03771790251966,F_S,0.2410301317701672,0.1824645800248972,-0.3243884604839513,0.1101723360804162,MEDIUM,True,True,OK,26.44650620330039,LOW,1.0,NOT_CANDIDATE,-0.30721537946534205,-0.3243884604839513,STABLE_NEGATIVE,2339852.9609015416,6019030.541369052,2883333.333333333,2575000.0,172999999.99999997,154500000.0,True,True,30.155553712056317,45.740522926768534,45.740522926768534,-9.131923848483826,133.74875888811852,STABLE_POSITIVE,15.584969214712217,POTENTIAL_UNDERVALUED_SIGNAL,POSITIVE,MEDIUM,POSITIVE,POSITIVE,DOUBLE_POSITIVE,False,True,False,True,UNCERTAIN,HIGH
A60106002,두산위브포세이돈2,동구,범일동,690.0,성남초등학교,동구|범일동,1,동구|범일동;동구|수정동,63.84878587196467,6.0511741695158605,B,84.99,4515572.0831396505,4541710.789504648,4,23,4,749,4740893.320621523,402928523.3196232,251222782.82906187,646244711.8699422,98.03771790251965,F_S,0.2410301317701672,0.1824645800248972,0.014475840118175,0.1495708550768155,MEDIUM,True,True,OK,-3.128279827833925,LOW,0.486,NOT_CANDIDATE,0.0012798614220619342,0.014475840118175043,STABLE_POSITIVE,2955909.9050366147,7603773.524766941,4515572.0831396505,4541710.789504648,383778471.3460389,386000000.0,True,True,4.989871345940444,4.385627803011194,4.385627803011194,-34.91637750542439,67.42090981086587,STABLE_POSITIVE,0.6042435429292503,POTENTIAL_UNDERVALUED_SIGNAL,POSITIVE,MEDIUM,POSITIVE,NEGATIVE,LOCAL_ONLY_POSITIVE,False,False,False,False,LOCAL_VALUE_CANDIDATE,LOW
A60270501,부민e편한세상,서구,부민동3가,613.0,부민초등학교,서구|부민동3가,1,서구|남부민동;서구|동대신동3가;서구|부민동3가;서구|서대신동2가;서구|서대신동3가,62.26407284768212,5.340591167984687,B,85.0,2823529.411764706,3000000.0,9,24,5,737,3326911.113046385,282787444.6089427,176315759.923065,453554117.13252425,98.03771790251965,F_S,0.2410301317701672,0.1824645800248972,-0.1027194068580144,0.1012897701344483,MEDIUM,True,True,OK,14.81444702367074,LOW,0.926,NOT_CANDIDATE,-0.1359975141826144,-0.1027194068580144,STABLE_NEGATIVE,2074303.0579184117,5335930.789794403,2823529.411764706,3000000.0,240000000.0,255000000.0,True,True,17.82810192039279,10.897037101546147,10.897037101546147,-30.85656473605294,77.86435965981345,STABLE_POSITIVE,6.931064818846643,POTENTIAL_UNDERVALUED_SIGNAL,POSITIVE,MEDIUM,POSITIVE,POSITIVE,DOUBLE_POSITIVE,False,False,False,True,UNCERTAIN,LOW
A60275104,남성한빛가든,서구,서대신동3가,564.0,구덕초등학교,서구|서대신동3가,1,서구|남부민동;서구|동대신동3가;서구|부민동3가;서구|서대신동2가;서구|서대신동3가,57.267218543046354,3.131034552652268,B,59.34,2822716.5487023927,2822716.5487023927,6,10,5,807,3616197.840475192,214585179.85379785,133792181.28467602,344166594.57035685,98.03771790251966,F_S,0.2410301317701672,0.1824645800248972,-0.2249867675494163,0.0858307902847633,MEDIUM,True,True,OK,15.924119504301212,LOW,1.0,NOT_CANDIDATE,-0.22498676754941638,-0.22498676754941638,STABLE_NEGATIVE,2254671.069846242,5799908.907488318,2822716.5487023927,2822716.5487023927,167500000.0,167500000.0,True,True,28.11055513659573,28.11055513659573,28.11055513659573,-20.124070874820287,105.47259377334738,STABLE_POSITIVE,0.0,POTENTIAL_UNDERVALUED_SIGNAL,POSITIVE,MEDIUM,POSITIVE,POSITIVE,DOUBLE_POSITIVE,False,False,False,True,UNCERTAIN,LOW
A60275201,남부민풀리페,서구,남부민동,782.0,천마초등학교,서구|남부민동,1,서구|남부민동;서구|부민동3가;서구|서대신동2가;서구|서대신동3가;서구|아미동2가,32.5098233995585,,B,,,,0,0,5,832,,,,,,INSUFFICIENT_FEATURES,,,,,LOW,True,True,INSUFFICIENT_MODEL_FEATURES,,LOW,,NOT_CANDIDATE,,,,,,,,,,False,False,,,,,,INSUFFICIENT,,INSUFFICIENT,MISSING,LOW,MISSING,MISSING,MIXED_OR_NEUTRAL,False,False,False,False,UNCERTAIN,LOW
A60402003,하단동에스케이뷰,사하구,하단동,1828.0,을숙도초등학교,사하구|하단동,1,사하구|신평동;사하구|하단동,32.74519867549669,-7.058611090542111,B,74.2056,4352765.067467858,4357188.942795137,27,78,8,2212,4253364.730916909,315623481.8765278,196788772.3359833,506218831.1322039,98.03771790251965,F_S,0.2410301317701672,0.1824645800248972,0.0391908423067244,0.1172244288913223,MEDIUM,True,True,OK,-27.697581325287832,LOW,0.0,NOT_CANDIDATE,0.04318294945856671,0.03919084230672443,STABLE_POSITIVE,2651939.64250654,6821841.358768123,4352765.067467858,4357188.942795137,322999543.4904929,323327819.8134788,True,True,-2.283613634327686,-2.382825561189106,-2.382825561189106,-39.13645523929654,56.56519486143541,STABLE_NEGATIVE,0.09921192686142,WITHIN_MODEL_RANGE,NEUTRAL_POINT_GAP,MEDIUM,NEUTRAL,NEGATIVE,MIXED_OR_NEUTRAL,False,False,False,True,UNCERTAIN,LOW
A60403002,신평럭키무지개타운,사하구,신평동,505.0,신평초등학교,사하구|신평동,0,사하구|신평동,45.64525386313466,-1.8304804886667856,B,84.95,1634973.4580419485,1858054.5603621367,2,10,4,927,1694077.688719216,143911899.6566974,118636117.0075367,174572764.05534786,38.86867394652446,F_S,0.0985409879147782,0.0775313000225692,0.0101903994953502,0.1061990907229809,MEDIUM,False,False,OK,16.2515770063439,MEDIUM,0.958,NOT_CANDIDATE,-0.08046191947056247,0.010190399495350277,MIXED,1396540.5180404554,2055006.051269545,1634973.4580419485,1858054.5603621367,138890995.26066354,157841734.90276352,True,True,3.614996340555332,-8.825191420157308,-8.825191420157308,-24.838562449518797,10.59987661874806,MIXED,12.44018776071264,POTENTIAL_OVERVALUED_SIGNAL,NEGATIVE,LOW,NEGATIVE,POSITIVE,SCHOOL_ONLY_POSITIVE,False,False,False,True,SCHOOL_VALUE_CANDIDATE,LOW
A60405001,다대동롯데캐슬몰운대,사하구,다대동,3462.0,몰운대초등학교,사하구|다대동,0,사하구|다대동,39.043377483443706,-4.5418220917956,B,84.9902,2782927.518629224,2765024.673432937,56,127,14,4666,3219477.510665776,273624037.5269864,187188676.16342586,399971384.2049078,77.76462549292515,F_S,0.1936928401600276,0.151583628531502,-0.1164333955923879,0.1458204842628694,HIGH,False,False,OK,8.562434941252805,LOW,0.862,NOT_CANDIDATE,-0.11633668196355007,-0.11643339559238797,STABLE_NEGATIVE,2202473.651826044,4706088.280824234,2782927.518629224,2765024.673432937,236521566.39380148,235000000.0,True,True,15.686718001609389,16.43576064978145,16.43576064978145,-20.345244185776224,70.20058902336501,STABLE_POSITIVE,0.7490426481720611,POTENTIAL_UNDERVALUED_SIGNAL,POSITIVE,HIGH,POSITIVE,POSITIVE,DOUBLE_POSITIVE,False,False,False,True,UNCERTAIN,LOW
A60405002,다대롯데캐슬블루,사하구,다대동,1326.0,다선초등학교,사하구|다대동,0,사하구|다대동,40.872958057395145,-3.798017312054647,B,84.9669,4631631.848754311,4634157.536640739,32,54,14,5303,4264294.978490804,362323925.0079303,247869070.5595694,529628913.91325337,77.76462549292515,F_S,0.1936928401600276,0.151583628531502,0.117793182312349,0.1316404811912818,HIGH,False,False,OK,-47.78281647780225,HIGH,0.0,NOT_CANDIDATE,0.11779318231234903,0.11779318231234903,STABLE_POSITIVE,2917242.721101622,6233355.741038609,4631631.848754311,4634157.536640739,393535400.1299226,393750000.0,True,True,-7.931046384057982,-7.981225394811354,-7.981225394811354,-37.04912493725222,34.50893051765165,STABLE_NEGATIVE,0.0501790107533715,POTENTIAL_OVERVALUED_SIGNAL,NEGATIVE,HIGH,NEGATIVE,NEGATIVE,DOUBLE_NEGATIVE,False,False,False,True,NEGATIVE_OR_FULLY_PRICED,LOW
A60471810,당리푸르지오,사하구,당리동,542.0,낙동초등학교,사하구|당리동,1,사하구|감천동;사하구|괴정동;사하구|당리동,68.6908940397351,8.2522043131531,B,84.9835,6236504.7332717525,6000762.449817154,7,19,4,616,6131633.122305375,521087643.44943887,324894070.06155854,835756503.9714055,98.0377179025194,F_S,0.2410301317701672,0.1824645800248972,-0.0209723963954537,0.1072579184308551,MEDIUM,True,True,OK,-15.67690911225892,LOW,0.084,NOT_CANDIDATE,-0.0019324844196901836,-0.020972396395453785,STABLE_NEGATIVE,3823025.293869498,9834338.477132684,6236504.7332717525,6000762.449817154,530000000.0,509965795.6540361,True,True,-1.681576707653043,2.1809007369090194,2.1809007369090194,-36.29100758711107,63.88481562759314,MIXED,3.8624774445620624,WITHIN_MODEL_RANGE,NEUTRAL_POINT_GAP,LOW,NEUTRAL,NEGATIVE,MIXED_OR_NEUTRAL,False,False,False,True,UNCERTAIN,LOW
A60472901,다대푸르지오,사하구,다대동,972.0,다대초등학교,사하구|다대동,0,사하구|다대동,36.21616997792494,-5.679912358118699,B,104.0084,3845843.2203552793,3845843.2203552793,10,21,14,5507,3685196.102438041,383291350.3008167,262213075.6353071,560278158.7435131,77.76462549292515,F_S,0.1936928401600276,0.151583628531502,0.0476914589114549,0.1285612739294191,HIGH,False,False,OK,-28.718582027827487,HIGH,0.0,NOT_CANDIDATE,0.04663873635439675,0.04769145891145499,STABLE_POSITIVE,2521075.9480513795,5386854.8957921965,3845843.2203552793,3845843.2203552793,400000000.0,400000000.0,True,True,-4.177162424795822,-4.177162424795822,-4.177162424795822,-34.44673109117322,40.069539685878276,STABLE_NEGATIVE,0.0,POTENTIAL_OVERVALUED_SIGNAL,NEGATIVE,HIGH,NEGATIVE,NEGATIVE,DOUBLE_NEGATIVE,False,False,False,True,NEGATIVE_OR_FULLY_PRICED,LOW
A60474002,동원로얄듀크,사하구,장림동,1973.0,보림초등학교,사하구|장림동,0,사하구|장림동,77.03780353200882,12.15415892044822,B,59.9942,2225215.1041267323,2196725.709784525,46,86,4,841,2359148.16697251,141535206.95898217,107856924.05522604,185729520.69970772,55.01994755767706,F_S,0.1386443505106999,0.1003983453805428,-0.0767079789277733,0.1004822468160773,MEDIUM,False,False,OK,26.92892007375822,LOW,1.0,NOT_CANDIDATE,-0.07022680728492858,-0.07670797892777337,STABLE_NEGATIVE,1797789.187208531,3095791.2714847056,2225215.1041267323,2196725.709784525,133500000.0,131790801.57795475,True,True,6.0188816172151105,7.393843321655158,7.393843321655158,-18.16050683064685,40.927529445101676,STABLE_POSITIVE,1.3749617044400475,POTENTIAL_UNDERVALUED_SIGNAL,POSITIVE,MEDIUM,POSITIVE,POSITIVE,DOUBLE_POSITIVE,False,False,False,True,UNCERTAIN,LOW
A60474307,다대해송,사하구,다대동,714.0,다송초등학교,사하구|다대동,0,사하구|다대동,24.5848233995585,-10.221116310375844,B,52.11,2590673.5751295337,2590673.5751295337,6,19,14,5491,1830679.6528357835,95396716.70927268,65261755.7745998,139446655.25611243,77.76462549292515,F_S,0.1936928401600276,0.151583628531502,0.3903819577602547,0.1892110969334708,HIGH,False,False,OK,-16.33544522841096,HIGH,0.0,NOT_CANDIDATE,0.362557624939444,0.39038195776025475,STABLE_POSITIVE,1252384.4900134292,2676005.6660163584,2590673.5751295337,2590673.5751295337,135000000.0,135000000.0,True,True,-29.335765400538747,-29.335765400538747,-29.335765400538747,-51.65795868548163,3.293818708231422,STABLE_NEGATIVE,0.0,POTENTIAL_OVERVALUED_SIGNAL,NEGATIVE,HIGH,NEGATIVE,NEGATIVE,DOUBLE_NEGATIVE,False,True,False,True,NEGATIVE_OR_FULLY_PRICED,HIGH
A60474516,신세대지큐빌,사하구,장림동,990.0,장림초등학교,사하구|장림동,0,사하구|장림동,35.53813465783665,-5.950831566458703,B,49.14,1895895.0486669487,1880672.1483403663,19,36,4,1165,2038382.0129116904,100166092.11448048,76331584.36141798,131442915.7133796,55.01994755767705,F_S,0.1386443505106999,0.1003983453805428,-0.116234829547162,0.1001172312140319,MEDIUM,False,False,OK,-2.278619107398427,LOW,0.414,NOT_CANDIDATE,-0.11589495990874887,-0.11623482954716202,STABLE_NEGATIVE,1553349.295104151,2674866.0096332845,1895895.0486669487,1880672.1483403663,93164282.69149385,92416229.3694456,True,True,7.515551261391207,8.385824435720934,8.385824435720934,-17.40456748535716,42.229256279132386,STABLE_POSITIVE,0.8702731743297276,POTENTIAL_UNDERVALUED_SIGNAL,POSITIVE,MEDIUM,POSITIVE,NEUTRAL,LOCAL_ONLY_POSITIVE,False,False,False,True,LOCAL_VALUE_CANDIDATE,LOW
A60474905,한신혜성,사하구,하단동,533.0,당리초등학교,사하구|하단동,1,사하구|신평동;사하구|하단동,33.8287527593819,-6.630391950093606,B,59.91,2153229.8447671505,2244470.3090672046,6,16,8,2577,3147559.714845981,188570302.51642272,117572108.73729825,302442129.9662767,98.03771790251967,F_S,0.2410301317701672,0.1824645800248972,-0.3261729444353465,0.0897227547728924,MEDIUM,True,True,OK,11.73361349351077,LOW,0.94,NOT_CANDIDATE,-0.3974530315554352,-0.3261729444353465,STABLE_NEGATIVE,1962478.863917514,5048274.577971569,2153229.8447671505,2244470.3090672046,128999999.99999997,134466216.2162162,True,True,46.178529082498265,40.2361930175899,40.2361930175899,-12.56383049535128,124.92053281246646,STABLE_POSITIVE,5.942336064908368,POTENTIAL_UNDERVALUED_SIGNAL,POSITIVE,MEDIUM,POSITIVE,POSITIVE,DOUBLE_POSITIVE,False,True,False,True,UNCERTAIN,HIGH
A60475305,신다대,사하구,다대동,570.0,다송초등학교,사하구|다대동,0,사하구|다대동,24.5848233995585,-10.221116310375834,B,39.78,1432880.8446455505,1508295.6259426847,17,23,14,5426,2152148.796254327,85612479.11499713,58568270.43941528,125144494.19840156,77.76462549292515,F_S,0.1936928401600276,0.151583628531502,-0.3162838048698173,0.20164941870828,HIGH,False,False,OK,27.81073885361189,HIGH,1.0,NOT_CANDIDATE,-0.40278951872375757,-0.31628380486981733,STABLE_NEGATIVE,1472304.435379972,3145914.886837646,1432880.8446455505,1508295.6259426847,57000000.0,60000000.0,True,True,50.19733178069672,42.687465191661886,42.687465191661886,-2.386215934307856,108.57415699733592,STABLE_POSITIVE,7.509866589034836,POTENTIAL_UNDERVALUED_SIGNAL,POSITIVE,HIGH,POSITIVE,POSITIVE,DOUBLE_POSITIVE,True,True,False,True,UNCERTAIN,HIGH
A60475309,3지구도개공아파트,사하구,다대동,750.0,다송초등학교,사하구|다대동,0,사하구|다대동,24.5848233995585,,B,,,,0,0,15,5676,,,,,,INSUFFICIENT_FEATURES,,,,,LOW,False,False,INSUFFICIENT_MODEL_FEATURES,,LOW,,NOT_CANDIDATE,,,,,,,,,,False,False,,,,,,INSUFFICIENT,,INSUFFICIENT,MISSING,LOW,MISSING,MISSING,MIXED_OR_NEUTRAL,False,False,False,False,UNCERTAIN,LOW
A60475408,국제그린,사하구,다대동,996.0,다송초등학교,사하구|다대동,0,사하구|다대동,24.5848233995585,-10.22111631037582,B,45.5,1538461.5384615385,1538461.5384615385,24,45,14,5274,1863167.8146693064,84774135.56745344,57994752.044419125,123919041.08331394,77.76462549292515,F_S,0.1936928401600276,0.151583628531502,-0.1674236451567239,0.1349924772307215,HIGH,False,False,OK,21.033478353713008,MEDIUM,0.986,NOT_CANDIDATE,-0.17205218786952692,-0.16742364515672392,STABLE_NEGATIVE,1274609.9350421785,2723495.408424482,1538461.5384615385,1538461.5384615385,70000000.0,70000000.0,True,True,21.10590795350491,21.10590795350491,21.10590795350491,-17.15035422225839,77.02720154759135,STABLE_POSITIVE,0.0,POTENTIAL_UNDERVALUED_SIGNAL,POSITIVE,HIGH,POSITIVE,POSITIVE,DOUBLE_POSITIVE,True,False,False,True,ROBUST_DUAL_POSITIVE,LOW
A60475411,도개공다대4지구영구임대아파트,사하구,다대동,1920.0,다선초등학교,사하구|다대동,0,사하구|다대동,40.872958057395145,,B,,,,0,0,15,5676,,,,,,INSUFFICIENT_FEATURES,,,,,LOW,False,False,INSUFFICIENT_MODEL_FEATURES,,LOW,,NOT_CANDIDATE,,,,,,,,,,False,False,,,,,,INSUFFICIENT,,INSUFFICIENT,MISSING,LOW,MISSING,MISSING,MIXED_OR_NEUTRAL,False,False,False,False,UNCERTAIN,LOW
A60475412,다송,사하구,다대동,500.0,다송초등학교,사하구|다대동,0,사하구|다대동,24.5848233995585,-10.22111631037582,B,41.27,1381148.5340440995,1356917.8580082385,15,23,14,5445,2002895.2289331087,82659486.0980694,56548101.237343535,120827941.03588374,77.76462549292515,F_S,0.1936928401600276,0.151583628531502,-0.366814096839839,0.1311591826265926,HIGH,False,False,OK,35.34219583986583,HIGH,1.0,NOT_CANDIDATE,-0.3793629066939914,-0.366814096839839,STABLE_NEGATIVE,1370198.7215251643,2927742.695320662,1381148.5340440995,1356917.8580082385,56999999.99999999,56000000.00000001,True,True,45.016642277314745,47.60622517512392,47.60622517512392,0.978752209542022,115.76418042122091,STABLE_POSITIVE,2.589582897809173,STRONG_UNDERVALUED_SIGNAL,POSITIVE,HIGH,POSITIVE,POSITIVE,DOUBLE_POSITIVE,True,True,False,True,UNCERTAIN,HIGH
A60475507,대우,사하구,다대동,546.0,중현초등학교,사하구|다대동,0,사하구|다대동,35.72958057395144,-5.874415409224465,B,134.96,3160332.0593641484,3352682.145716573,2,5,14,5590,3187254.699132298,430151894.19489497,294270797.0807978,628776806.6521815,77.76462549292515,F_S,0.1936928401600276,0.151583628531502,0.0116191363061091,0.1946790064853996,HIGH,False,False,OK,-28.772801640108828,HIGH,0.0,NOT_CANDIDATE,-0.01828283554328891,0.011619136306109112,MIXED,2180429.7353348974,4658986.415620787,3160332.0593641484,3352682.145716573,426518414.7317855,452477982.3859087,True,True,0.8518927524839404,-4.934182227671869,-4.934182227671869,-34.964615177712545,38.96296198472511,MIXED,5.786074980155809,POTENTIAL_OVERVALUED_SIGNAL,NEGATIVE,LOW,NEGATIVE,NEGATIVE,DOUBLE_NEGATIVE,False,False,False,True,NEGATIVE_OR_FULLY_PRICED,LOW
A60475509,다대푸른,사하구,다대동,640.0,중현초등학교,사하구|다대동,0,사하구|다대동,35.72958057395144,-5.874415409224499,B,48.51,2123273.5518449806,2061430.6328592044,15,30,14,5287,2626469.797483192,127410049.8759096,87162366.22243169,186242314.3487819,77.76462549292513,F_S,0.1936928401600276,0.151583628531502,-0.220383806635902,0.1457908299516001,HIGH,False,False,OK,11.531023049053411,HIGH,0.966,NOT_CANDIDATE,-0.19794384602034398,-0.22038380663590207,STABLE_NEGATIVE,1796791.717634131,3839256.119331724,2123273.5518449806,2061430.6328592044,103000000.0,100000000.0,True,True,23.699077549426796,27.410049875909603,27.410049875909603,-12.837633777568314,86.24231434878192,STABLE_POSITIVE,3.710972326482807,POTENTIAL_UNDERVALUED_SIGNAL,POSITIVE,HIGH,POSITIVE,POSITIVE,DOUBLE_POSITIVE,True,False,False,True,ROBUST_DUAL_POSITIVE,LOW
A60475612,다대포현대,사하구,다대동,2181.0,다선초등학교,사하구|다대동,0,사하구|다대동,40.872958057395145,-3.798017312054647,B,84.88,2333606.0600263607,2551904.502005237,20,46,14,5153,2868264.139752834,243458260.18222052,166551995.34531438,355876399.60760945,77.76462549292515,F_S,0.1936928401600276,0.151583628531502,-0.0631100644183364,0.1764132721251871,HIGH,False,False,OK,6.593346043943825,LOW,0.62,NOT_CANDIDATE,-0.12032040893854301,-0.06311006441833644,STABLE_NEGATIVE,1962205.4117025728,4192700.2781292354,2333606.0600263607,2551904.502005237,198076482.3750375,216605654.13020453,True,True,22.911239771139158,12.397001435555577,12.397001435555577,-23.108195852912605,64.29691137872489,STABLE_POSITIVE,10.514238335583581,POTENTIAL_UNDERVALUED_SIGNAL,POSITIVE,HIGH,POSITIVE,POSITIVE,DOUBLE_POSITIVE,False,False,False,True,UNCERTAIN,LOW
A60475710,삼환,사하구,다대동,1669.0,다선초등학교,사하구|다대동,0,사하구|다대동,40.872958057395145,-3.798017312054647,B,59.76,3002503.13927575,2932218.6670641704,26,44,14,5228,3229595.0796472174,193000601.9597177,132033455.48916091,282119650.80222654,77.76462549292515,F_S,0.1936928401600276,0.151583628531502,-0.042249988984107,0.1376387357272961,HIGH,False,False,OK,-10.75674647480569,HIGH,0.028,NOT_CANDIDATE,-0.035561139310781975,-0.042249988984107034,STABLE_NEGATIVE,2209395.172174714,4720877.69080031,3002503.13927575,2932218.6670641704,179429587.60311884,175229387.54375482,True,True,7.563420580677382,10.141686086487866,10.141686086487866,-24.65107745914359,61.00019223760695,STABLE_POSITIVE,2.5782655058104833,POTENTIAL_UNDERVALUED_SIGNAL,POSITIVE,HIGH,POSITIVE,NEGATIVE,LOCAL_ONLY_POSITIVE,False,False,False,True,LOCAL_VALUE_CANDIDATE,LOW
A60475903,신익강변타운,사하구,신평동,937.0,신남초등학교,사하구|신평동,0,사하구|신평동,41.98118101545254,-3.3446604095298205,B,84.95,2029019.700365696,2038310.9431261008,6,22,4,876,2213980.062762655,188077606.33168757,155044836.21222985,228148107.78372133,38.86867394652445,F_S,0.0985409879147782,0.0775313000225692,-0.0806144736414911,0.1419165760992404,MEDIUM,False,False,OK,8.636794156088778,LOW,0.488,NOT_CANDIDATE,-0.10086480932720132,-0.0806144736414911,STABLE_NEGATIVE,1825130.502792582,2685675.194628856,2029019.700365696,2038310.9431261008,172365223.5460659,173154514.61856228,True,True,9.115749953715246,8.618367096000345,8.618367096000345,-10.458681049250018,31.759837903333366,STABLE_POSITIVE,0.49738285771490176,POTENTIAL_UNDERVALUED_SIGNAL,POSITIVE,MEDIUM,POSITIVE,POSITIVE,DOUBLE_POSITIVE,False,False,False,True,UNCERTAIN,LOW
A60476101,가락타운1,사하구,하단동,1746.0,하단초등학교;을숙도초등학교,사하구|하단동,1,사하구|신평동;사하구|하단동,38.00830573951434,-4.960074229298894,B,84.93,3414576.710231956,3414576.710231956,21,45,8,2374,3316454.7382093016,281666500.916116,175616860.2979242,451756269.891964,98.03771790251967,F_S,0.2410301317701672,0.1824645800248972,0.0258178188684166,0.2188836587901697,MEDIUM,True,True,OK,-17.305205754092846,HIGH,0.002,NOT_CANDIDATE,0.045516792814144225,0.02581781886841661,STABLE_POSITIVE,2067783.5899908652,5319160.130601248,3414576.710231956,3414576.710231956,290000000.00000006,290000000.00000006,True,True,-2.8736203737531274,-2.8736203737531274,-2.8736203737531274,-39.442461966233054,55.77802410067723,STABLE_NEGATIVE,0.0,WITHIN_MODEL_RANGE,NEUTRAL_POINT_GAP,MEDIUM,NEUTRAL,NEGATIVE,MIXED_OR_NEUTRAL,False,False,False,True,UNCERTAIN,LOW
A60476206,가락타운2,사하구,하단동,2980.0,하남초등학교,사하구|하단동,1,사하구|신평동;사하구|하단동,39.19249448123621,-4.4814153487028,B,84.96,3049033.9003007463,3024952.919020716,48,97,8,2086,3497762.335994928,297169888.0661291,185283100.9279355,476621677.48144054,98.03771790251965,F_S,0.2410301317701672,0.1824645800248972,-0.1450649534705448,0.1870201553871608,MEDIUM,True,True,OK,3.2538930139456523,LOW,1.0,NOT_CANDIDATE,-0.13460261522828532,-0.14506495347054482,STABLE_NEGATIVE,2180827.459132951,5609953.8309962405,3049033.9003007463,3024952.919020716,259045920.1695514,257000000.00000003,True,True,14.717069418281014,15.630306640517144,15.630306640517144,-27.905408199246896,85.45590563480174,STABLE_POSITIVE,0.9132372222361305,POTENTIAL_UNDERVALUED_SIGNAL,POSITIVE,MEDIUM,POSITIVE,POSITIVE,DOUBLE_POSITIVE,False,False,False,True,UNCERTAIN,LOW
A60476511,자유,사하구,다대동,987.0,중현초등학교,사하구|다대동,0,사하구|다대동,35.72958057395144,-5.874415409224476,B,84.97,2883370.601388725,2979320.0140203293,7,13,14,5472,2720767.595377846,231183622.5792556,158154804.86434937,337933883.16408503,77.76462549292515,F_S,0.1936928401600276,0.151583628531502,0.1029387812068147,0.1972532447188735,HIGH,False,False,OK,-16.719586583131097,HIGH,0.008,NOT_CANDIDATE,0.05829994831351293,0.10293878120681477,STABLE_POSITIVE,1861301.6931193287,3977096.424197776,2883370.601388725,2979320.0140203293,244999999.99999997,253152821.59130737,True,True,-5.639337722752802,-8.678235886905927,-8.678235886905927,-37.52595611212417,33.49007174395595,STABLE_NEGATIVE,3.0388981641531254,POTENTIAL_OVERVALUED_SIGNAL,NEGATIVE,HIGH,NEGATIVE,NEGATIVE,DOUBLE_NEGATIVE,False,False,False,True,NEGATIVE_OR_FULLY_PRICED,LOW
A60476604,다대코오롱맨션,사하구,다대동,520.0,다선초등학교,사하구|다대동,0,사하구|다대동,40.872958057395145,-3.798017312054658,B,47.68,3176887.732622789,3187959.247485539,2,8,14,5567,2685814.450968211,128059633.0221643,87606751.92152618,187191845.94882652,77.76462549292513,F_S,0.1936928401600276,0.151583628531502,0.1678686907600406,0.2034583693598226,HIGH,False,False,OK,-41.35741913972392,HIGH,0.0,NOT_CANDIDATE,0.15869784522204622,0.16786869076004063,STABLE_POSITIVE,1837389.9312400625,3926003.480470355,3176887.732622789,3187959.247485539,151474007.0914546,152001896.9201105,True,True,-15.45768446935819,-15.751292834542596,-15.751292834542596,-42.36469827243621,23.150993337412906,STABLE_NEGATIVE,0.29360836518440614,POTENTIAL_OVERVALUED_SIGNAL,NEGATIVE,HIGH,NEGATIVE,NEGATIVE,DOUBLE_NEGATIVE,False,False,False,True,NEGATIVE_OR_FULLY_PRICED,LOW
A60476805,현대,사하구,신평동,992.0,,사하구|신평동,0,사하구|신평동,,,C,81.78,2620013.52265044,2604548.789435069,17,33,5,1053,1653426.9842729142,135217258.77383894,111645803.27975367,163765287.48239094,38.54499394179485,F_NS,0.0977303161807743,0.0764613458187529,,,HIGH,False,False,MISSING_SCHOOL_USED_NS,,LOW,,NOT_CANDIDATE,,,,1365196.9097548749,2002510.2406748708,2620013.52265044,2604548.789435069,214264705.882353,212999999.99999994,True,True,-36.89242555510608,-36.51771888552161,-36.51771888552161,-47.584129915608585,-23.11488850591973,STABLE_NEGATIVE,0.3747066695844694,STRONG_OVERVALUED_SIGNAL,NEGATIVE,HIGH,NEGATIVE,MISSING,MIXED_OR_NEUTRAL,False,True,False,False,NEGATIVE_OR_FULLY_PRICED,MEDIUM
A60477315,장림현대(372-4),사하구,장림동,828.0,효림초등학교,사하구|장림동,0,사하구|장림동,29.150275938189846,-8.465302955365573,B,66.03,2226260.79054975,1968802.059669847,1,3,4,1470,2568970.410699579,169629116.2184932,129265891.49536018,222595742.28132617,55.01994755767704,F_S,0.1386443505106999,0.1003983453805428,-0.256694365536271,0.2514850897060125,MEDIUM,False,False,OK,-10.2592990394355,LOW,0.252,NOT_CANDIDATE,-0.14502706752202954,-0.256694365536271,STABLE_NEGATIVE,1957684.25708557,3371130.4298247187,2226260.79054975,1968802.059669847,147000000.0,130000000.0,True,True,15.39395661121985,30.48393555268707,30.48393555268707,-0.5646988497229333,71.22749406255859,STABLE_POSITIVE,15.08997894146722,POTENTIAL_UNDERVALUED_SIGNAL,POSITIVE,MEDIUM,POSITIVE,NEGATIVE,LOCAL_ONLY_POSITIVE,False,True,False,True,LOCAL_VALUE_CANDIDATE,MEDIUM
A60480608,부영벽산파라빌,사하구,감천동,634.0,옥천초등학교,사하구|감천동,1,사하구|감천동;사하구|구평동;사하구|신평동,35.70402869757175,-5.884618099391403,B,84.9939,2470765.54905705,2602034.9522943376,7,20,8,1920,2829514.2933453843,240491454.89716825,149944541.15116262,385716875.28291374,98.03771790251967,F_S,0.2410301317701672,0.1824645800248972,-0.1021054570028123,0.0993506278809851,MEDIUM,True,True,OK,9.902518784191544,HIGH,0.94,NOT_CANDIDATE,-0.09748571995740818,-0.10210545700281237,STABLE_NEGATIVE,1764180.031168856,4538171.272090277,2470765.54905705,2602034.9522943376,210000000.0,221157098.5318097,True,True,14.51974042722297,8.742363005172837,8.742363005172837,-32.199987182597425,74.40854390094782,STABLE_POSITIVE,5.777377422050133,POTENTIAL_UNDERVALUED_SIGNAL,POSITIVE,MEDIUM,POSITIVE,POSITIVE,DOUBLE_POSITIVE,True,False,False,True,ROBUST_DUAL_POSITIVE,LOW
A60481703,구평1차자유,사하구,구평동,584.0,구평초등학교,사하구|구평동,1,사하구|괴정동;사하구|구평동,36.72902869757174,-5.474473670460456,B,59.97,1800720.2881152462,1800720.2881152462,9,16,5,1166,2573719.46099814,154345956.07605845,96233496.41365819,247550749.42545128,98.03771790251965,F_S,0.2410301317701672,0.1824645800248972,-0.3441072308141812,0.1001717709544204,MEDIUM,True,True,OK,18.78795965716197,MEDIUM,1.0,NOT_CANDIDATE,-0.3480606370037975,-0.34410723081418126,STABLE_NEGATIVE,1604693.9538712387,4127909.778646845,1800720.2881152462,1800720.2881152462,107989195.67827131,107989195.67827131,True,True,42.92722073409669,42.92722073409669,42.92722073409669,-10.885995761683876,129.23658970752143,STABLE_POSITIVE,0.0,POTENTIAL_UNDERVALUED_SIGNAL,POSITIVE,MEDIUM,POSITIVE,POSITIVE,DOUBLE_POSITIVE,True,True,False,True,UNCERTAIN,HIGH
A60482013,몰운대,사하구,다대동,2960.0,응봉초등학교,사하구|다대동,0,사하구|다대동,36.75921633554084,-5.462367304453563,B,49.08,2093520.782396088,2037489.8125509373,48,109,14,4491,2154300.6129485057,105733074.08351263,72332951.23945446,154555880.32265517,77.76462549292515,F_S,0.1936928401600276,0.151583628531502,-0.034032033695615,0.1656830043148509,HIGH,False,False,OK,19.42863393863969,HIGH,0.994,NOT_CANDIDATE,-0.00043977378679738166,-0.03403203369561503,STABLE_NEGATIVE,1473776.5126213217,3149060.3162725177,2093520.782396088,2037489.8125509373,102749999.99999999,100000000.0,True,True,2.9032351177738613,5.733074083512624,5.733074083512624,-27.667048760545534,54.55588032265517,STABLE_POSITIVE,2.8298389657387624,POTENTIAL_UNDERVALUED_SIGNAL,POSITIVE,HIGH,POSITIVE,POSITIVE,DOUBLE_POSITIVE,True,False,False,True,ROBUST_DUAL_POSITIVE,LOW
A60482708,성원,사하구,다대동,546.0,중현초등학교,사하구|다대동,0,사하구|다대동,35.72958057395144,-5.874415409224499,B,134.96,3778022.4179343474,3678861.880257021,8,10,14,5564,3228370.3914115843,435700868.02490747,298066900.2108201,636888048.4998134,77.76462549292515,F_S,0.1936928401600276,0.151583628531502,0.1041552888048951,0.2197167371502274,HIGH,False,False,OK,-44.46558337717899,HIGH,0.0,NOT_CANDIDATE,0.10415528880489511,0.10415528880489511,STABLE_POSITIVE,2208557.3518881155,4719087.496293816,3778022.4179343474,3678861.880257021,509881905.52441955,496499199.3594876,True,True,-14.548670328517744,-12.24540370115671,-12.24540370115671,-39.96628784188505,28.2757453227388,STABLE_NEGATIVE,2.303266627361035,POTENTIAL_OVERVALUED_SIGNAL,NEGATIVE,HIGH,NEGATIVE,NEGATIVE,DOUBLE_NEGATIVE,False,False,False,True,NEGATIVE_OR_FULLY_PRICED,LOW
A60482712,5지구몰운대영구임대아파트,사하구,다대동,2107.0,중현초등학교,사하구|다대동,0,사하구|다대동,35.72958057395144,,B,,,,0,0,15,5676,,,,,,INSUFFICIENT_FEATURES,,,,,LOW,False,False,INSUFFICIENT_MODEL_FEATURES,,LOW,,NOT_CANDIDATE,,,,,,,,,,False,False,,,,,,INSUFFICIENT,,INSUFFICIENT,MISSING,LOW,MISSING,MISSING,MIXED_OR_NEUTRAL,False,False,False,False,UNCERTAIN,LOW
A60483404,한신,사하구,신평동,937.0,신남초등학교,사하구|신평동,0,사하구|신평동,41.98118101545254,-3.3446604095298205,B,84.96,1718455.7438794728,1712955.817301148,11,30,4,817,1765534.6116608174,149999820.60670304,123654793.73878983,181957734.93078083,38.86867394652445,F_S,0.0985409879147782,0.0775313000225692,-0.005205427515138,0.0900274028487609,MEDIUM,False,False,OK,23.418503619975173,MEDIUM,1.0,NOT_CANDIDATE,9.537194243591784e-05,-0.0052054275151380835,MIXED,1455447.195607225,2141687.0872267047,1718455.7438794728,1712955.817301148,146000000.0,145532726.23790553,True,True,2.7396031552760602,3.0694775561993293,3.0694775561993293,-15.032998463418712,25.0287407062866,STABLE_POSITIVE,0.32987440092326903,POTENTIAL_UNDERVALUED_SIGNAL,POSITIVE,MEDIUM,POSITIVE,POSITIVE,DOUBLE_POSITIVE,True,False,False,True,ROBUST_DUAL_POSITIVE,LOW
A60484514,협성르네상스,사하구,장림동,650.0,효림초등학교,사하구|장림동,0,사하구|장림동,29.150275938189846,-8.465302955365573,B,59.9971,2933475.117964035,2961473.298530283,13,21,4,1406,3285184.086353041,197101518.14733207,150201239.1881229,258646391.10817033,55.01994755767705,F_S,0.1386443505106999,0.1003983453805428,-0.0931486638452199,0.1182649201243588,MEDIUM,False,False,OK,-37.05721128893901,MEDIUM,0.004,NOT_CANDIDATE,-0.1175421268118857,-0.09314866384521991,STABLE_NEGATIVE,2503474.98775979,4310981.549244385,2933475.117964035,2961473.298530283,176000000.0,177679809.63925123,True,True,11.989498947347776,10.93073464425325,10.93073464425325,-15.465218308663719,45.5688137179503,STABLE_POSITIVE,1.0587643030945273,POTENTIAL_UNDERVALUED_SIGNAL,POSITIVE,MEDIUM,POSITIVE,NEGATIVE,LOCAL_ONLY_POSITIVE,False,False,False,True,LOCAL_VALUE_CANDIDATE,LOW
A60607003,신영도롯데낙천대,영도구,청학동,528.0,청동초등학교,영도구|청학동,2,영도구|동삼동;영도구|봉래동2가;영도구|봉래동4가;영도구|영선동4가;영도구|청학동,38.849889624724064,-4.620146366030276,B,74.4694,2501354.900571143,2501354.900571143,7,10,10,2130,3412535.190852399,254129448.1416636,158447723.271055,407590434.74740916,98.03771790251966,F_S,0.2410301317701672,0.1824645800248972,-0.2825075160090238,0.1144941235494097,MEDIUM,True,True,OK,35.908175590319765,LOW,1.0,NOT_CANDIDATE,-0.27122607678982824,-0.2825075160090238,STABLE_NEGATIVE,2127689.0007312405,5473260.624463326,2501354.900571143,2501354.900571143,186274398.63259265,186274398.63259265,True,True,36.42746937162749,36.42746937162749,36.42746937162749,-14.938539899099567,118.81183766500301,STABLE_POSITIVE,0.0,POTENTIAL_UNDERVALUED_SIGNAL,POSITIVE,MEDIUM,POSITIVE,POSITIVE,DOUBLE_POSITIVE,False,True,True,True,UNCERTAIN,HIGH
A60607004,영도신도브래뉴,영도구,청학동,508.0,봉학초등학교,영도구|청학동,2,영도구|동삼동;영도구|봉래동2가;영도구|봉래동4가;영도구|영선동4가;영도구|청학동,38.334768211920526,-4.828355393331751,B,84.961,3815970.8065597634,3837054.648603477,13,19,10,2134,3523302.347264664,299343290.7259532,186638200.4873081,480107531.40933734,98.03771790251965,F_S,0.2410301317701672,0.1824645800248972,0.0936904627505761,0.1133048627102332,MEDIUM,True,True,OK,6.277252318884502,LOW,0.556,NOT_CANDIDATE,0.06534464622391134,0.09369046275057613,STABLE_POSITIVE,2196751.456401268,5650916.672465453,3815970.8065597634,3837054.648603477,324208695.6961241,326000000.0,True,True,-7.669567565663571,-8.17690468529042,-8.17690468529042,-42.74901825542696,47.272248898569735,STABLE_NEGATIVE,0.5073371196268495,POTENTIAL_OVERVALUED_SIGNAL,NEGATIVE,MEDIUM,NEGATIVE,POSITIVE,SCHOOL_ONLY_POSITIVE,False,False,True,True,UNCERTAIN,LOW
A60608002,조양비취맨션,영도구,동삼동,630.0,중리초등학교,영도구|동삼동,0,영도구|동삼동,64.44094922737307,6.317927830150016,B,53.85,1671309.192200557,1667853.1132738297,2,6,5,1382,2122363.43685201,114289271.07448074,73971958.52287278,176580933.41813096,89.78005890718238,F_S,0.2219625599599246,0.1831828139803903,-0.3369384556112873,0.2708352967831127,HIGH,False,False,OK,28.48128657701507,MEDIUM,1.0,NOT_CANDIDATE,-0.2854846163942524,-0.3369384556112873,STABLE_NEGATIVE,1373666.8249372845,3279125.96876752,1671309.192200557,1667853.1132738297,90000000.0,89813890.14979573,True,True,26.98807897164528,27.251220144082232,27.251220144082232,-17.638620931017524,96.60759947444785,STABLE_POSITIVE,0.2631411724369528,POTENTIAL_UNDERVALUED_SIGNAL,POSITIVE,HIGH,POSITIVE,POSITIVE,DOUBLE_POSITIVE,True,False,False,True,ROBUST_DUAL_POSITIVE,LOW
A60608303,동삼그린힐,영도구,동삼동,2088.0,상리초등학교,영도구|동삼동,0,영도구|동삼동,59.38355408388521,4.061141130872925,B,49.94,1623494.5499429968,1661994.3932719263,24,55,5,835,2047142.759530576,102234309.41095696,66169571.511515655,157955594.7240239,89.78005890718237,F_S,0.2219625599599246,0.1831828139803903,-0.2494226760051656,0.2258822296704647,HIGH,False,False,OK,39.128643595864354,MEDIUM,1.0,NOT_CANDIDATE,-0.29786049517413726,-0.24942267600516566,STABLE_NEGATIVE,1324981.407919817,3162907.383340487,1623494.5499429968,1661994.3932719263,81077317.82415326,83000000.0,True,True,26.09483410969591,23.17386676018911,23.17386676018911,-20.2776246849209,90.30794545063121,STABLE_POSITIVE,2.9209673495067996,POTENTIAL_UNDERVALUED_SIGNAL,POSITIVE,HIGH,POSITIVE,POSITIVE,DOUBLE_POSITIVE,True,False,False,True,ROBUST_DUAL_POSITIVE,LOW
A60670101,도시공사동삼2지구영구임대아파트,영도구,동삼동,1120.0,봉삼초등학교,영도구|동삼동,0,영도구|동삼동,,,C,,,,0,0,6,1497,,,,,,INSUFFICIENT_FEATURES,,,,,LOW,False,False,INSUFFICIENT_MODEL_FEATURES,,LOW,,NOT_CANDIDATE,,,,,,,,,,False,False,,,,,,INSUFFICIENT,,INSUFFICIENT,MISSING,LOW,MISSING,MISSING,MIXED_OR_NEUTRAL,False,False,False,False,UNCERTAIN,LOW
A60675110,함지그린,영도구,동삼동,1000.0,절영초등학교,영도구|동삼동,0,영도구|동삼동,26.710706401766004,-9.407759354244194,B,57.09,2566123.66438956,2767559.9929935187,18,35,5,1103,2841200.050401139,162204110.87740105,104984095.61334303,250611041.90894508,89.78005890718237,F_S,0.2219625599599246,0.1831828139803903,-0.0930206446138264,0.2453497581306877,HIGH,False,False,OK,-18.596900355300995,MEDIUM,0.17,NOT_CANDIDATE,-0.13325373282454933,-0.09302064461382642,STABLE_NEGATIVE,1838922.6767094592,4389753.755630497,2566123.66438956,2767559.9929935187,146500000.0,158000000.0,True,True,10.719529609147482,2.6608296692411715,2.6608296692411715,-33.55436986497276,58.6145834866741,STABLE_POSITIVE,8.058699939906312,WITHIN_MODEL_RANGE,NEUTRAL_POINT_GAP,HIGH,NEUTRAL,NEGATIVE,MIXED_OR_NEUTRAL,False,False,False,True,UNCERTAIN,LOW
A60675801,미광마린타워,영도구,봉래동2가,676.0,대교초등학교,영도구|봉래동2가,1,영도구|동삼동;영도구|봉래동2가;영도구|영선동4가;영도구|청학동,42.63222958057395,-3.077330910186382,B,84.92,3951403.632932295,3951403.632932295,5,9,9,2017,4141936.1154495454,351733214.9239754,219302908.4627978,564134125.479428,98.03771790251967,F_S,0.2410301317701672,0.1824645800248972,0.0040435245305019,0.1677993457293455,MEDIUM,True,True,OK,-11.214755878092443,LOW,0.454,NOT_CANDIDATE,0.004043524530501941,0.004043524530501941,STABLE_POSITIVE,2582464.772289187,6643124.416856194,3951403.632932295,3951403.632932295,335553196.5086105,335553196.5086105,True,True,4.821893691884327,4.821893691884327,4.821893691884327,-34.644369135917216,68.1206233018114,STABLE_POSITIVE,0.0,POTENTIAL_UNDERVALUED_SIGNAL,POSITIVE,MEDIUM,POSITIVE,NEGATIVE,LOCAL_ONLY_POSITIVE,False,False,False,False,LOCAL_VALUE_CANDIDATE,LOW
A60676104,부산동삼1,영도구,동삼동,976.0,상리초등학교,영도구|동삼동,0,영도구|동삼동,59.38355408388521,,B,,,,0,0,6,1497,,,,,,INSUFFICIENT_FEATURES,,,,,LOW,False,False,INSUFFICIENT_MODEL_FEATURES,,LOW,,NOT_CANDIDATE,,,,,,,,,,False,False,,,,,,INSUFFICIENT,,INSUFFICIENT,MISSING,LOW,MISSING,MISSING,MIXED_OR_NEUTRAL,False,False,False,False,UNCERTAIN,LOW
A60676205,부산동삼2주공,영도구,동삼동,1968.0,상리초등학교,영도구|동삼동,0,영도구|동삼동,59.38355408388521,,B,,,,0,0,6,1497,,,,,,INSUFFICIENT_FEATURES,,,,,LOW,False,False,INSUFFICIENT_MODEL_FEATURES,,LOW,,NOT_CANDIDATE,,,,,,,,,,False,False,,,,,,INSUFFICIENT,,INSUFFICIENT,MISSING,LOW,MISSING,MISSING,MIXED_OR_NEUTRAL,False,False,False,False,UNCERTAIN,LOW
A60680909,국제마마뉴비치타운,영도구,동삼동,522.0,중리초등학교,영도구|동삼동,0,영도구|동삼동,64.44094922737307,6.317927830149972,B,85.76,2028917.9104477607,1977599.723760272,9,14,5,1365,2027756.0061483392,173900355.08728158,112554308.31513584,268682149.5522966,89.78005890718237,F_S,0.2219625599599246,0.1831828139803903,-0.0766540929078454,0.1314531252306942,HIGH,False,False,OK,23.102295179934178,MEDIUM,1.0,NOT_CANDIDATE,-0.06355703804598001,-0.07665409290784542,STABLE_NEGATIVE,1312433.6324059682,3132954.169219876,2028917.9104477607,1977599.723760272,173999999.99999997,169598952.30968094,True,True,-0.05726719121745827,2.536220135220213,2.536220135220213,-33.635021453660784,58.42205738493813,MIXED,2.593487326437671,WITHIN_MODEL_RANGE,NEUTRAL_POINT_GAP,LOW,NEUTRAL,POSITIVE,SCHOOL_ONLY_POSITIVE,False,False,False,True,SCHOOL_VALUE_CANDIDATE,LOW
A60680912,절영아파트(215동-217동),영도구,동삼동,1340.0,봉삼초등학교,영도구|동삼동,0,영도구|동삼동,,,C,46.27,2009941.6468554137,2053166.198400692,17,37,6,1497,2522077.5656770323,116696528.96387628,75240745.10422896,180993421.2287779,90.62195513740168,F_NS,0.2239203511188243,0.1838402956321302,,,HIGH,False,False,MISSING_SCHOOL_USED_NS,,LOW,,NOT_CANDIDATE,,,,1626123.7325314232,3911679.732629736,2009941.6468554137,2053166.198400692,93000000.0,95000000.00000003,True,True,25.48013867083472,22.838451540922367,22.838451540922367,-20.79921567975902,90.51939076713455,STABLE_POSITIVE,2.641687129912352,POTENTIAL_UNDERVALUED_SIGNAL,POSITIVE,HIGH,POSITIVE,MISSING,MIXED_OR_NEUTRAL,False,False,False,False,LOCAL_VALUE_CANDIDATE,LOW
A60681702,반도보라,영도구,영선동4가,868.0,남항초등학교,영도구|영선동4가,1,영도구|봉래동2가;영도구|봉래동4가;영도구|영선동4가;영도구|청학동,52.83443708609272,1.2097296448581485,B,84.81,3685092.127303182,3768844.221105528,6,19,4,583,3829250.9399490473,324758772.2170787,202484554.41265738,520870643.38252336,98.03771790251966,F_S,0.2410301317701672,0.1824645800248972,-0.0328383270554795,0.1185859164610176,MEDIUM,True,True,OK,5.413427063450149,LOW,0.796,NOT_CANDIDATE,-0.021616995769494274,-0.03283832705547951,STABLE_NEGATIVE,2387508.010997021,6141618.2452838505,3685092.127303182,3768844.221105528,312532663.31658286,319635678.39195985,True,True,3.9119459613446095,1.6027916066480241,1.6027916066480241,-36.65145410821238,62.957604108198154,STABLE_POSITIVE,2.3091543546965854,WITHIN_MODEL_RANGE,NEUTRAL_POINT_GAP,MEDIUM,NEUTRAL,POSITIVE,SCHOOL_ONLY_POSITIVE,False,False,False,True,UNCERTAIN,LOW
A60701003,동래센트럴파크하이츠2차,동래구,명륜동,680.0,명륜초등학교,동래구|명륜동,0,동래구|명륜동,78.46087196467991,12.833300835998362,B,84.972,7590735.771783647,6770943.115834939,5,29,4,1357,6965212.910314444,591848071.4152389,479544836.2503136,730451280.3784959,42.39372505315595,F_S,0.1073533518444826,0.0797401060133864,0.0067230979360779,0.1079677038194857,MEDIUM,False,False,OK,0.766013845317925,LOW,0.972,NOT_CANDIDATE,0.1077565887220473,0.006723097936077949,STABLE_POSITIVE,5643563.011937033,8596376.22250266,7590735.771783647,6770943.115834939,645000000.0,575340578.4387264,True,True,-8.240609082908701,2.869168905365238,2.869168905365238,-16.65026695116292,26.95980567904419,MIXED,11.10977798827394,WITHIN_MODEL_RANGE,NEUTRAL_POINT_GAP,LOW,NEUTRAL,NEUTRAL,MIXED_OR_NEUTRAL,False,False,False,False,UNCERTAIN,LOW
A60701004,명륜아이파크1단지,동래구,명륜동,1409.0,명륜초등학교,동래구|명륜동,0,동래구|명륜동,78.46087196467991,12.83330083599834,B,84.9949,9588573.71436639,9447625.681070276,25,59,4,1174,8926117.024281874,758674423.8671355,614715870.3933878,936346219.696236,42.393725053155926,F_S,0.1073533518444826,0.0797401060133864,0.0545635313133985,0.1131326234458715,MEDIUM,False,False,OK,-22.539644219963964,HIGH,0.006,NOT_CANDIDATE,0.08317440105951945,0.05456353131339853,STABLE_POSITIVE,7232385.359514368,11016498.86871137,9588573.71436639,9447625.681070276,814979863.9951998,803000000.0,True,True,-6.9088136548605465,-5.519997027753987,-5.519997027753987,-23.44758774677611,16.606004943491403,STABLE_NEGATIVE,1.3888166271065598,POTENTIAL_OVERVALUED_SIGNAL,NEGATIVE,MEDIUM,NEGATIVE,NEGATIVE,DOUBLE_NEGATIVE,False,False,False,True,NEGATIVE_OR_FULLY_PRICED,LOW
A60702002,우성베스토피아,동래구,복천동,744.0,내성초등학교,동래구|복천동,1,동래구|복천동;동래구|안락동,26.39878587196468,-9.5275589627971,B,84.87,3725435.6975430753,3784796.9702487625,8,20,6,1720,3944042.2924459446,334730869.35988736,208702078.98554757,536864584.4212456,98.03771790251965,F_S,0.2410301317701672,0.1824645800248972,-0.0374334282372235,0.1884375384879049,MEDIUM,True,True,OK,8.503178685770807,MEDIUM,0.506,NOT_CANDIDATE,-0.04401282252653704,-0.03743342823722351,STABLE_NEGATIVE,2459079.521451014,6325728.578075239,3725435.6975430753,3784796.9702487625,316177727.6504808,321215718.86501247,True,True,5.8679470711852755,4.207499727170738,4.207499727170738,-35.02743896750196,67.13521564829064,STABLE_POSITIVE,1.6604473440145373,POTENTIAL_UNDERVALUED_SIGNAL,POSITIVE,MEDIUM,POSITIVE,POSITIVE,DOUBLE_POSITIVE,False,False,False,True,UNCERTAIN,LOW
A60710004,안락뜨란채2단지,동래구,안락동,1420.0,안남초등학교,동래구|안락동,0,동래구|안락동,63.739624724061805,6.002073120502582,B,59.98,5826942.314104702,5767829.579946299,34,68,5,1319,6307994.567122659,378353514.136017,288270405.5028786,496587158.8842087,55.05876002157093,F_S,0.1387398130203221,0.110142683536243,-0.0554577296992837,0.1232249852763246,HIGH,False,False,OK,-9.93841104561809,MEDIUM,0.298,NOT_CANDIDATE,-0.03630982668861282,-0.05545772969928375,STABLE_NEGATIVE,4806108.794646192,8279212.385531989,5826942.314104702,5767829.579946299,349500000.0,345954418.205179,True,True,8.255654974539928,9.365134314204004,9.365134314204004,-16.67387657644802,43.541210272878295,STABLE_POSITIVE,1.1094793396640767,POTENTIAL_UNDERVALUED_SIGNAL,POSITIVE,HIGH,POSITIVE,NEGATIVE,LOCAL_ONLY_POSITIVE,False,False,False,True,LOCAL_VALUE_CANDIDATE,LOW
A60712001,사직2차삼정그린코아,동래구,사직동,560.0,사직초등학교,동래구|사직동,0,동래구|사직동,80.76136865342164,13.939893124115454,B,112.4493,3742559.71380753,3708337.890942852,12,29,8,2877,4262916.117989643,479361933.4266527,340335201.0801974,675181005.3418213,69.85239772128439,F_S,0.1747576003859271,0.129441481273205,-0.1730207332640621,0.1404417471900443,HIGH,False,False,OK,48.0926280153876,MEDIUM,1.0,TIER_1,-0.11736933418022932,-0.1730207332640621,STABLE_NEGATIVE,3026565.759681896,6004314.880944758,3742559.71380753,3708337.890942852,420848220.02585703,417000000.0,True,True,13.90375689297214,14.954900102314795,14.954900102314795,-18.384843865660095,61.91391015391399,STABLE_POSITIVE,1.051143209342655,POTENTIAL_UNDERVALUED_SIGNAL,POSITIVE,HIGH,POSITIVE,POSITIVE,DOUBLE_POSITIVE,True,False,False,True,ROBUST_DUAL_POSITIVE,LOW
A60712204,한신,동래구,사직동,710.0,사직초등학교,동래구|사직동,0,동래구|사직동,80.76136865342164,13.9398931241155,B,84.94,2758274.82447342,2758274.82447342,11,27,8,2841,3376626.984363815,286810696.0518624,203628551.0094589,403972699.12279,69.8523977212844,F_S,0.1747576003859271,0.129441481273205,-0.2233118212863818,0.1417043230088914,HIGH,False,False,OK,64.68696006174879,MEDIUM,1.0,TIER_1,-0.243501634794697,-0.22331182128638183,STABLE_NEGATIVE,2397322.23933905,4755977.150021073,2758274.82447342,2758274.82447342,234287863.5907723,234287863.5907723,True,True,22.418076487662674,22.418076487662674,22.418076487662674,-13.086171904689714,72.42578976621856,STABLE_POSITIVE,0.0,POTENTIAL_UNDERVALUED_SIGNAL,POSITIVE,HIGH,POSITIVE,POSITIVE,DOUBLE_POSITIVE,True,False,False,True,ROBUST_DUAL_POSITIVE,LOW
A60775306,동래럭키,동래구,온천동,1536.0,내산초등학교,동래구|온천동,0,동래구|온천동,68.33162251655628,8.087336312462568,B,132.49,9216735.10322726,9240630.985467974,14,36,8,2238,8384147.119214429,1110815651.8247197,815669769.0377442,1512758544.177063,62.75467706943291,F_S,0.1575715651401062,0.1164932002547906,-0.0755487588792878,0.2041593764958438,HIGH,False,False,OK,-74.20847702487093,MEDIUM,0.0,NOT_CANDIDATE,-0.03949229842351265,-0.0755487588792878,STABLE_NEGATIVE,6156462.895597736,11417907.345286911,9216735.10322726,9240630.985467974,1221125233.8265798,1224291199.264652,True,True,-9.033437271309875,-9.26867296833379,-9.26867296833379,-33.37616332391663,23.56198795561657,STABLE_NEGATIVE,0.23523569702391534,POTENTIAL_OVERVALUED_SIGNAL,NEGATIVE,HIGH,NEGATIVE,NEGATIVE,DOUBLE_NEGATIVE,False,False,False,False,NEGATIVE_OR_FULLY_PRICED,LOW
A60775407,동원로얄듀크,동래구,낙민동,632.0,안민초등학교,동래구|낙민동,0,동래구|낙민동,61.6733995584989,5.076953894670111,B,59.955,5087148.694854475,5003752.814610958,7,15,5,902,4610453.676496589,276419750.17435294,207263935.09150413,368650138.06052995,58.38446886202262,F_S,0.1469017931393727,0.1148459979524165,0.0972248628415179,0.1342970408981083,HIGH,False,False,OK,-1.4324523180768276,LOW,0.568,NOT_CANDIDATE,0.12434353250941754,0.09722486284151799,STABLE_POSITIVE,3456991.661938189,6148780.553090317,5087148.694854475,5003752.814610958,305000000.0,300000000.0,True,True,-9.370573713326902,-7.86008327521569,-7.86008327521569,-30.91202163616529,22.88337935350999,STABLE_NEGATIVE,1.510490438111212,POTENTIAL_OVERVALUED_SIGNAL,NEGATIVE,HIGH,NEGATIVE,NEUTRAL,MIXED_OR_NEUTRAL,False,False,False,True,UNCERTAIN,LOW
A60775605,동래우성,동래구,낙민동,531.0,안민초등학교,동래구|낙민동,0,동래구|낙민동,61.6733995584989,5.076953894670111,B,59.64,4149899.396378269,3829690.967195972,9,22,5,894,4244764.89801802,253157778.51779476,189821737.9240289,337626562.294539,58.38446886202263,F_S,0.1469017931393727,0.1148459979524165,-0.0817358951626339,0.1372769968118992,HIGH,False,False,OK,15.742035259546544,MEDIUM,0.994,NOT_CANDIDATE,-0.030697570204772262,-0.08173589516263391,STABLE_NEGATIVE,3182792.3863854613,5661075.826534859,4149899.396378269,3829690.967195972,247499999.99999997,228402769.28356776,True,True,2.2859711183009335,10.838313962600443,10.838313962600443,-16.891665315861182,47.82069558682414,STABLE_POSITIVE,8.55234284429951,POTENTIAL_UNDERVALUED_SIGNAL,POSITIVE,HIGH,POSITIVE,POSITIVE,DOUBLE_POSITIVE,True,False,False,True,ROBUST_DUAL_POSITIVE,LOW
A60776006,한양,동래구,낙민동,552.0,낙민초등학교,동래구|낙민동,0,동래구|낙민동,57.23300220750552,3.116065335004304,B,96.4,5095887.106501025,5126040.284646002,8,9,5,960,6116464.319849172,589627160.4334602,442111844.147117,786362530.0324188,58.38446886202262,F_S,0.1469017931393727,0.1148459979524165,-0.1952855561832187,0.2332100881406764,HIGH,False,False,OK,-36.80156485889557,LOW,0.0,NOT_CANDIDATE,-0.19693460550761088,-0.19528555618321874,STABLE_NEGATIVE,4586222.44965889,8157287.655937954,5095887.106501025,5126040.284646002,491243517.06669885,494150283.4398746,True,True,20.02746905531241,19.321425119692904,19.321425119692904,-10.530893340889747,59.13428695383902,STABLE_POSITIVE,0.7060439356195047,POTENTIAL_UNDERVALUED_SIGNAL,POSITIVE,HIGH,POSITIVE,NEGATIVE,LOCAL_ONLY_POSITIVE,False,False,False,True,LOCAL_VALUE_CANDIDATE,LOW
A60776402,사직2차쌍용예가,동래구,사직동,625.0,사직초등학교,동래구|사직동,0,동래구|사직동,80.76136865342164,13.939893124115454,B,84.995,6000352.961938937,5583732.4515468525,11,44,8,2784,5700150.487720388,484484290.7037944,343971948.95764935,682395842.5972074,69.85239772128439,F_S,0.1747576003859271,0.129441481273205,-0.0010507619184538,0.1348521764056726,HIGH,False,False,OK,21.69593067947674,LOW,0.942,NOT_CANDIDATE,0.06431092654814918,-0.0010507619184538797,MIXED,4046966.8681410593,8028658.657535236,6000352.961938937,5583732.4515468525,510000000.0,474589339.71922475,True,True,-5.003080254157954,2.084950115066575,2.084950115066575,-27.522192310272054,43.786593057679,MIXED,7.088030369224529,WITHIN_MODEL_RANGE,NEUTRAL_POINT_GAP,LOW,NEUTRAL,POSITIVE,SCHOOL_ONLY_POSITIVE,False,False,False,True,UNCERTAIN,LOW
A60777205,안락SKVIEW,동래구,안락동,1898.0,안남초등학교,동래구|안락동,0,동래구|안락동,63.739624724061805,6.002073120502582,B,84.93,4731638.418079097,4650888.967384905,34,77,5,1233,4774401.005228243,405489877.3740347,308945806.0006379,532203504.49576986,55.05876002157092,F_S,0.1387398130203221,0.110142683536243,-0.029774784705598,0.1432381596942056,HIGH,False,False,OK,18.433401258738435,MEDIUM,0.904,NOT_CANDIDATE,-0.031119766889617928,-0.029774784705598023,STABLE_NEGATIVE,3637652.2548055793,6266378.246741667,4731638.418079097,4650888.967384905,401858050.8474577,395000000.0,True,True,0.9037585582565955,2.655665157983478,2.655665157983478,-21.785871898572683,34.73506442930883,STABLE_POSITIVE,1.7519065997268823,WITHIN_MODEL_RANGE,NEUTRAL_POINT_GAP,HIGH,NEUTRAL,POSITIVE,SCHOOL_ONLY_POSITIVE,True,False,False,True,ROBUST_DUAL_POSITIVE,LOW
A60777206,부산안락4휴먼시아,동래구,안락동,619.0,충렬초등학교,동래구|안락동,0,동래구|안락동,27.80695364238411,,B,,,,0,0,6,1720,,,,,,INSUFFICIENT_FEATURES,,,,,LOW,False,False,INSUFFICIENT_MODEL_FEATURES,,LOW,,NOT_CANDIDATE,,,,,,,,,,False,False,,,,,,INSUFFICIENT,,INSUFFICIENT,MISSING,LOW,MISSING,MISSING,MIXED_OR_NEUTRAL,False,False,False,False,UNCERTAIN,LOW
A60777604,안락현대,동래구,안락동,738.0,반안초등학교,동래구|안락동,0,동래구|안락동,64.27847682119204,6.244671660872081,B,84.83,4008685.4852179727,4008016.032064128,19,31,5,1551,4430585.123378594,375846536.01620615,286360319.9025505,493296762.2171006,55.05876002157092,F_S,0.1387398130203221,0.110142683536243,-0.1080643678024433,0.1345802054234512,HIGH,False,False,OK,28.311521033985947,MEDIUM,0.942,NOT_CANDIDATE,-0.10401210165974639,-0.10806436780244333,STABLE_NEGATIVE,3375696.332695397,5815121.56332784,4008685.4852179727,4008016.032064128,340056789.7110406,340000000.0,True,True,10.524638056948499,10.543098828295916,10.543098828295916,-15.776376499249844,45.0872830050296,STABLE_POSITIVE,0.018460771347417193,POTENTIAL_UNDERVALUED_SIGNAL,POSITIVE,HIGH,POSITIVE,POSITIVE,DOUBLE_POSITIVE,True,False,False,True,ROBUST_DUAL_POSITIVE,LOW
A60778502,강변뜨란채,동래구,안락동,814.0,안진초등학교,동래구|안락동,0,동래구|안락동,62.64050772626931,5.508951659373573,B,59.69,6156810.185960798,6031160.99849221,14,37,5,1482,5814912.746916265,347092141.8634319,264452129.40684932,455556758.84916675,55.05876002157092,F_S,0.1387398130203221,0.110142683536243,0.0778246131192883,0.1259558333992741,HIGH,False,False,OK,-21.39910750983106,MEDIUM,0.048,NOT_CANDIDATE,0.1001041772462985,0.07782461311928834,STABLE_POSITIVE,4430426.024574457,7632044.879362821,6156810.185960798,6031160.99849221,367500000.0,360000000.0,True,True,-5.553158676617176,-3.585516149046708,-3.585516149046708,-26.541075164764074,26.543544124768538,STABLE_NEGATIVE,1.9676425275704683,POTENTIAL_OVERVALUED_SIGNAL,NEGATIVE,HIGH,NEGATIVE,NEGATIVE,DOUBLE_NEGATIVE,False,False,False,True,NEGATIVE_OR_FULLY_PRICED,LOW
A60778608,사직쌍용예가,동래구,사직동,2947.0,예원초등학교,동래구|사직동,0,동래구|사직동,84.42207505518763,15.723196080114745,B,84.965,6390866.827517212,6237862.649326193,59,193,8,1994,5987148.653986546,508698085.3859669,361163148.5657691,716500958.3701335,69.85239772128438,F_S,0.1747576003859271,0.129441481273205,0.0387924451542147,0.1520481523492678,HIGH,False,False,OK,12.118787738666985,LOW,0.742,NOT_CANDIDATE,0.06972417381089713,0.03879244515421476,STABLE_POSITIVE,4250728.518398977,8432895.408346184,6390866.827517212,6237862.649326193,543000000.0,530000000.0,True,True,-6.317111346967419,-4.019229172459071,-4.019229172459071,-31.856009704571875,35.1888600698365,STABLE_NEGATIVE,2.2978821745083478,POTENTIAL_OVERVALUED_SIGNAL,NEGATIVE,HIGH,NEGATIVE,POSITIVE,SCHOOL_ONLY_POSITIVE,False,False,False,True,UNCERTAIN,LOW
A60780104,중앙하이츠2,동래구,낙민동,511.0,안민초등학교,동래구|낙민동,0,동래구|낙민동,61.6733995584989,5.076953894670111,B,59.9,3973288.814691152,3839732.888146912,11,27,5,869,4072788.693849109,243960042.76156163,182925129.03278196,325359904.23468304,58.38446886202263,F_S,0.1469017931393727,0.1148459979524165,-0.0059124794583453,0.1591170356569903,HIGH,False,False,OK,18.72676062169515,MEDIUM,1.0,NOT_CANDIDATE,-0.002866144121840719,-0.005912479458345388,STABLE_NEGATIVE,3053841.8870247407,5431717.933801052,3973288.814691152,3839732.888146912,238000000.0,230000000.00000003,True,True,2.504219647714967,6.069583809374612,6.069583809374612,-20.467335203138294,41.460827928123045,STABLE_POSITIVE,3.5653641616596454,POTENTIAL_UNDERVALUED_SIGNAL,POSITIVE,HIGH,POSITIVE,POSITIVE,DOUBLE_POSITIVE,True,False,False,True,ROBUST_DUAL_POSITIVE,LOW
A60780108,한일유앤아이,동래구,낙민동,935.0,안민초등학교,동래구|낙민동,0,동래구|낙민동,61.6733995584989,5.076953894670089,B,84.9854,5607785.304127092,5390943.450415679,14,37,5,803,5714098.892459698,485614980.0152444,364121853.21004,647645580.0063578,58.38446886202262,F_S,0.1469017931393727,0.1148459979524165,-0.0151153095596239,0.1186052372919443,HIGH,False,False,OK,2.729132944599,LOW,0.61,NOT_CANDIDATE,0.008371924999742042,-0.015115309559623924,MIXED,4284522.438089836,7620668.726703148,5607785.304127092,5390943.450415679,476579877.1853625,458151485.51095665,True,True,1.8958213014033332,5.994413501390028,5.994413501390028,-20.523699098355962,41.360576247846616,STABLE_POSITIVE,4.098592199986695,POTENTIAL_UNDERVALUED_SIGNAL,POSITIVE,HIGH,POSITIVE,NEUTRAL,LOCAL_ONLY_POSITIVE,False,False,False,True,LOCAL_VALUE_CANDIDATE,LOW
A60782005,삼정그린코아,동래구,사직동,874.0,사직초등학교,동래구|사직동,0,동래구|사직동,80.76136865342164,13.939893124115477,B,75.29,3097271.0530721582,3096378.401884666,13,42,8,2802,3395993.515565673,255684351.78693956,181529610.94851455,360131261.26981544,69.8523977212844,F_S,0.1747576003859271,0.129441481273205,-0.0576902057990631,0.1241883671165716,HIGH,False,False,OK,51.52297063412474,MEDIUM,1.0,TIER_1,-0.10160075229735277,-0.05769020579906314,STABLE_NEGATIVE,2411072.0009100083,4783254.89799197,3097271.0530721582,3096378.401884666,233193537.58580282,233126329.87789655,True,True,9.64469874850684,9.676308086202923,9.676308086202923,-22.13251457113684,54.4790163592588,STABLE_POSITIVE,0.03160933769608221,POTENTIAL_UNDERVALUED_SIGNAL,POSITIVE,HIGH,POSITIVE,POSITIVE,DOUBLE_POSITIVE,True,False,False,True,ROBUST_DUAL_POSITIVE,LOW
A60782701,화목,동래구,안락동,793.0,명장초등학교,동래구|안락동,0,동래구|안락동,37.07008830022075,-5.337605845222148,B,134.82,2472042.377869335,2560329.6056503826,8,16,5,1547,2760333.893185649,372148215.4792892,283542541.49948436,488442734.38478494,55.05876002157093,F_S,0.1387398130203221,0.110142683536243,-0.1999949091265316,0.1810000048209578,HIGH,False,False,OK,35.77953033604092,MEDIUM,1.0,NOT_CANDIDATE,-0.28498964347015754,-0.19999490912653162,STABLE_NEGATIVE,2103119.281260083,3622924.895303256,2472042.377869335,2560329.6056503826,333280753.38434374,345183637.43378454,True,True,11.662078202914694,7.811661713159035,7.811661713159035,-17.857479106646412,41.50228499126971,STABLE_POSITIVE,3.850416489755659,POTENTIAL_UNDERVALUED_SIGNAL,POSITIVE,HIGH,POSITIVE,POSITIVE,DOUBLE_POSITIVE,True,False,False,True,ROBUST_DUAL_POSITIVE,LOW
A60783306,벽산아스타,동래구,온천동,648.0,온천초등학교,동래구|온천동,0,동래구|온천동,83.8975165562914,15.465955809686172,B,117.908,5818364.40438963,5173525.121280999,6,19,8,2286,5357071.782149706,631641619.6897075,463813210.7704832,860197869.4428931,62.75467706943265,F_S,0.1575715651401062,0.1164932002547906,0.0157825478576771,0.174040458303652,HIGH,False,False,OK,35.64267554086719,MEDIUM,1.0,TIER_1,0.09280207210370861,0.015782547857677187,STABLE_POSITIVE,3933687.372955891,7295500.47022164,5818364.40438963,5173525.121280999,686031710.1927725,610000000.0,True,True,-7.928218141371568,3.547806506509432,3.547806506509432,-23.96504741467489,41.01604417096609,MIXED,11.476024647881001,POTENTIAL_UNDERVALUED_SIGNAL,POSITIVE,LOW,POSITIVE,POSITIVE,DOUBLE_POSITIVE,False,False,False,False,UNCERTAIN,LOW
A60784207,반도보라스카이뷰,동래구,온천동,1149.0,금강초등학교,동래구|온천동,0,동래구|온천동,77.53211920529802,12.389600394485466,B,84.9501,6300343.308262734,6114078.849922046,16,41,8,2117,7271554.20287245,617719256.689435,453590046.743007,841237771.4741617,62.75467706943266,F_S,0.1575715651401062,0.1164932002547906,-0.167525129479042,0.1473041200669643,HIGH,False,False,OK,18.860124832765823,MEDIUM,0.998,TIER_1,-0.12040021839233805,-0.16752512947904208,STABLE_NEGATIVE,5339488.084687445,9902728.44262881,6300343.308262734,6114078.849922046,535214794.0712501,519391609.7087628,True,True,15.415205919588537,18.931312162668014,18.931312162668014,-12.668969181587775,61.96599170053343,STABLE_POSITIVE,3.516106243079477,POTENTIAL_UNDERVALUED_SIGNAL,POSITIVE,HIGH,POSITIVE,POSITIVE,DOUBLE_POSITIVE,True,False,False,True,ROBUST_DUAL_POSITIVE,LOW
A60802001,대연힐스테이트푸르지오,남구,대연동,2304.0,용소초등학교,남구|대연동,0,남구|대연동,76.50546357615895,11.901158122276325,B,84.92,11772346.2038021,11400808.154469725,45,112,11,3889,9566639.029285109,812398986.3668915,621391594.919897,1062119472.5606693,54.25017571867489,F_S,0.1367500567214909,0.1046307304852985,0.1805642098142019,0.1273006326960696,HIGH,False,False,OK,-32.94303444525361,HIGH,0.0,NOT_CANDIDATE,0.22894190367378542,0.18056420981420196,STABLE_POSITIVE,7317376.294393511,12507294.778152017,11772346.2038021,11400808.154469725,999707639.6268743,968156628.4775691,True,True,-18.736343090255158,-16.088062357803324,-16.088062357803324,-35.81703862348821,9.705334996348402,STABLE_NEGATIVE,2.648280732451834,POTENTIAL_OVERVALUED_SIGNAL,NEGATIVE,HIGH,NEGATIVE,NEGATIVE,DOUBLE_NEGATIVE,False,False,False,True,NEGATIVE_OR_FULLY_PRICED,LOW
A60804003,삼성,남구,문현동,916.0,성동초등학교,남구|문현동,0,남구|문현동,57.40093818984548,3.1895560646846066,B,84.85,4855627.578078963,4995971.843817685,14,28,6,1087,4874897.02216477,413635012.3306807,325925347.6008056,524948196.52799386,48.11557121476925,F_S,0.1215895980584973,0.0913334857908068,0.0191507973164588,0.1326002668294306,HIGH,False,False,OK,9.789483761137529,MEDIUM,0.678,NOT_CANDIDATE,0.003924719597094395,0.019150797316458856,STABLE_POSITIVE,3841194.432537485,6186778.9808838405,4855627.578078963,4995971.843817685,412000000.0,423908210.9479305,True,True,0.3968476530778364,-2.423448839143072,-2.423448839143072,-23.114169722737543,23.83534523998034,MIXED,2.8202964922209084,WITHIN_MODEL_RANGE,NEUTRAL_POINT_GAP,LOW,NEUTRAL,POSITIVE,SCHOOL_ONLY_POSITIVE,False,False,False,True,SCHOOL_VALUE_CANDIDATE,LOW
A60809002,GS하이츠자이,남구,용호동,1149.0,용문초등학교,남구|용호동,0,남구|용호동,76.70408388520971,11.995487935087311,B,130.1762,9037468.76242652,8598188.96228104,21,55,8,3640,8246610.496519315,1073512417.3169976,759024662.9283053,1518302324.574979,70.7283538968573,F_S,0.1768657722144284,0.1369656201530042,-0.0005418916250903,0.1372934647505816,HIGH,False,False,OK,-63.3575637801265,MEDIUM,0.006,NOT_CANDIDATE,0.03668413583292818,-0.0005418916250903294,MIXED,5830748.346689374,11663440.203162936,9037468.76242652,8598188.96228104,1176463341.111387,1119279565.9916892,True,True,-8.750882428442964,-4.088982776536398,-4.088982776536398,-32.18632002311198,35.64996366477513,STABLE_NEGATIVE,4.661899651906565,POTENTIAL_OVERVALUED_SIGNAL,NEGATIVE,HIGH,NEGATIVE,NEGATIVE,DOUBLE_NEGATIVE,False,False,False,False,NEGATIVE_OR_FULLY_PRICED,LOW
A60809003,오륙도에스케이뷰,남구,용호동,3000.0,오륙도초등학교,남구|용호동,0,남구|용호동,60.247626931567325,4.443299114637944,B,123.307,4707898.441214826,4851581.932782942,48,92,8,3236,5270482.020208294,649887326.465824,459501446.7973673,919156054.9909381,70.72835389685706,F_S,0.1768657722144284,0.1369656201530042,-0.1770203718656402,0.1812218422610719,HIGH,False,False,OK,19.507946747690845,MEDIUM,0.996,NOT_CANDIDATE,-0.19073632157816522,-0.17702037186564024,STABLE_NEGATIVE,3726483.0609565335,7454208.236279677,4707898.441214826,4851581.932782942,580516833.0908766,598234013.3856663,True,True,11.949781543042338,8.634298940615093,8.634298940615093,-23.190350846678054,53.64490056140983,STABLE_POSITIVE,3.3154826024272452,POTENTIAL_UNDERVALUED_SIGNAL,POSITIVE,HIGH,POSITIVE,POSITIVE,DOUBLE_POSITIVE,True,False,False,True,ROBUST_DUAL_POSITIVE,LOW
A60809004,엘지메트로시티4-2(230~238),남구,용호동,7374.0,용문초등학교,남구|용호동,0,남구|용호동,76.70408388520971,11.99548793508729,B,85.0,5793081.761006289,5696449.473273508,124,281,8,2273,5917998.441955674,503029867.5662323,355666193.99390155,711450938.9330378,70.72835389685707,F_S,0.1768657722144284,0.1369656201530042,-0.0080241576749138,0.1636366861501138,HIGH,False,False,OK,-2.145083741895405,LOW,0.496,NOT_CANDIDATE,0.008252242278190991,-0.008024157674913823,MIXED,4184308.164634136,8370011.046271033,5793081.761006289,5696449.473273508,492411949.6855346,484198205.2282482,True,True,2.156307922153111,3.889246621454734,3.889246621454734,-26.54532995919665,46.93382405200448,STABLE_POSITIVE,1.7329386993016227,POTENTIAL_UNDERVALUED_SIGNAL,POSITIVE,HIGH,POSITIVE,NEUTRAL,LOCAL_ONLY_POSITIVE,False,False,False,True,LOCAL_VALUE_CANDIDATE,LOW
A60871104,현대아이파크,남구,용당동,748.0,용당초등학교,남구|용당동,1,남구|문현동;남구|용당동,47.220916114790285,-1.1720652336846382,B,77.4806,3236729.702468036,3308068.378775834,7,17,8,1673,3625824.684432245,280931072.044621,175158326.14862236,450576738.0602522,98.03771790251966,F_S,0.2410301317701672,0.1824645800248972,-0.0800022763160051,0.1098574192550549,MEDIUM,True,True,OK,15.209003417277533,HIGH,0.468,NOT_CANDIDATE,-0.10622046696457055,-0.0800022763160051,STABLE_NEGATIVE,2260673.331758174,5815349.107521783,3236729.702468036,3308068.378775834,250783759.3850449,256311122.8285789,True,True,12.0212380313228,9.605493879603477,9.605493879603477,-31.661831833272245,75.79289306207689,STABLE_POSITIVE,2.4157441517193234,POTENTIAL_UNDERVALUED_SIGNAL,POSITIVE,MEDIUM,POSITIVE,POSITIVE,DOUBLE_POSITIVE,False,False,False,True,UNCERTAIN,LOW
A60872101,시티프라자,남구,문현동,521.0,성동초등학교,남구|문현동,0,남구|문현동,57.40093818984548,3.1895560646846066,B,59.4,3272625.122899012,3325810.666349923,16,27,6,1174,4142300.258035785,246052635.3273256,193878149.35028058,312267780.3270164,48.11557121476924,F_S,0.1215895980584973,0.0913334857908068,-0.0901478040831751,0.0897237909187666,HIGH,False,False,OK,34.83456862652005,MEDIUM,1.0,NOT_CANDIDATE,-0.10117831236184571,-0.09014780408317513,STABLE_NEGATIVE,3263941.908253882,5257033.33883866,3272625.122899012,3325810.666349923,194393932.30020133,197553153.5811854,True,True,26.57423635391463,24.55009240144026,24.55009240144026,-1.8602609800377423,58.06772742743816,STABLE_POSITIVE,2.0241439524743683,POTENTIAL_UNDERVALUED_SIGNAL,POSITIVE,HIGH,POSITIVE,POSITIVE,DOUBLE_POSITIVE,True,False,False,True,ROBUST_DUAL_POSITIVE,LOW
A60874408,부산대연동푸르지오,남구,대연동,678.0,용소초등학교,남구|대연동,0,남구|대연동,76.50546357615895,11.901158122276325,B,73.13,6602167.182662539,6602167.182662539,9,19,11,4463,7220410.134663596,528028593.1479488,403881018.0289082,690337457.6565171,54.25017571867487,F_S,0.1367500567214909,0.1046307304852985,0.1301983897583181,0.1156924246404101,HIGH,False,False,OK,1.7336641124637246,LOW,0.408,NOT_CANDIDATE,0.13532264090753365,0.1301983897583181,STABLE_POSITIVE,5522781.594816193,9439866.780480202,6602167.182662539,6602167.182662539,482816486.0681115,482816486.0681115,True,True,9.364242602407579,9.364242602407579,9.364242602407579,-16.348958727989206,42.98133505721478,STABLE_POSITIVE,0.0,POTENTIAL_UNDERVALUED_SIGNAL,POSITIVE,HIGH,POSITIVE,NEUTRAL,LOCAL_ONLY_POSITIVE,False,False,False,False,LOCAL_VALUE_CANDIDATE,LOW
A60875305,감만현대1차,남구,감만동,885.0,동항초등학교,남구|감만동,1,남구|감만동;남구|문현동;남구|용당동,34.4992825607064,-6.3644118022507135,B,59.92,1969292.3898531373,2253004.0053404537,5,19,10,2047,2803608.909403435,167992245.85145384,104741851.35567637,269437615.441632,98.03771790251966,F_S,0.2410301317701672,0.1824645800248972,-0.260737028663609,0.1277196281364854,MEDIUM,True,True,OK,26.266361856440312,LOW,1.0,NOT_CANDIDATE,-0.31064805258871075,-0.26073702866360904,STABLE_NEGATIVE,1748028.2268971356,4496622.420587983,1969292.3898531373,2253004.0053404537,117999999.99999999,135000000.0,True,True,42.36631004360496,24.438700630706546,24.438700630706546,-22.41344344023972,99.58341884565331,STABLE_POSITIVE,17.927609412898416,POTENTIAL_UNDERVALUED_SIGNAL,POSITIVE,MEDIUM,POSITIVE,POSITIVE,DOUBLE_POSITIVE,False,False,True,True,UNCERTAIN,LOW
A60875509,대우그린1,남구,대연동,691.0,대남초등학교,남구|대연동,0,남구|대연동,38.21296909492274,-4.877519399907715,B,84.6,2264080.542087677,2432751.998707011,4,20,11,4408,2632185.929852215,222682929.6654974,170326776.80346984,291132657.4424948,54.25017571867464,F_S,0.1367500567214909,0.1046307304852985,-0.1186782525586949,0.1379740677446624,HIGH,False,False,OK,57.395463972505,HIGH,1.0,NOT_CANDIDATE,-0.08755723694096851,-0.11867825255869491,STABLE_NEGATIVE,2013318.8747455063,3441284.366932563,2264080.542087677,2432751.998707011,191541213.86061746,205810819.0906131,True,True,16.258493499754813,8.197873488592421,8.197873488592421,-17.24109667505894,41.45643981637173,STABLE_POSITIVE,8.060620011162392,POTENTIAL_UNDERVALUED_SIGNAL,POSITIVE,HIGH,POSITIVE,POSITIVE,DOUBLE_POSITIVE,True,False,False,True,ROBUST_DUAL_POSITIVE,LOW
A60876301,일신프리빌리지,남구,용호동,518.0,용호초등학교,남구|용호동,0,남구|용호동,50.4907284768212,0.2084016529988908,B,84.93,3752501.667778519,3659588.750520677,11,24,8,3808,4020596.535188088,341469263.7335244,241435113.95376858,482950703.2562078,70.72835389685706,F_S,0.1768657722144284,0.1369656201530042,-0.107113040938632,0.1502094445509669,HIGH,False,False,OK,17.41994564855499,MEDIUM,1.0,NOT_CANDIDATE,-0.10142757071111852,-0.10711304093863205,STABLE_NEGATIVE,2842754.1970301257,5686455.943202729,3752501.667778519,3659588.750520677,318699966.6444296,310808872.5817211,True,True,7.144430333279028,9.864709104706048,9.864709104706048,-22.320391966838738,55.38510829649026,STABLE_POSITIVE,2.7202787714270196,POTENTIAL_UNDERVALUED_SIGNAL,POSITIVE,HIGH,POSITIVE,POSITIVE,DOUBLE_POSITIVE,True,False,False,True,ROBUST_DUAL_POSITIVE,LOW
A60876402,현대비치,남구,용호동,648.0,용호초등학교,남구|용호동,0,남구|용호동,50.4907284768212,0.208401652998913,B,59.62,4511908.755451191,4465480.971505068,19,31,8,3803,4563606.102571151,272082195.83529204,192375135.72392446,384814394.08464944,70.72835389685706,F_S,0.1768657722144284,0.1369656201530042,-0.02784766289213,0.1296868985480965,HIGH,False,False,OK,3.268546061267746,LOW,0.738,NOT_CANDIDATE,-0.027847662892130032,-0.027847662892130032,STABLE_NEGATIVE,3226687.952430803,6454451.427115892,4511908.755451191,4465480.971505068,269000000.0,266231975.52113217,True,True,1.1457977082869997,2.1974146053299615,2.1974146053299615,-27.741536174472525,44.54101290102352,STABLE_POSITIVE,1.0516168970429618,WITHIN_MODEL_RANGE,NEUTRAL_POINT_GAP,HIGH,NEUTRAL,POSITIVE,SCHOOL_ONLY_POSITIVE,False,False,False,True,UNCERTAIN,LOW
A60877107,일신보라,남구,우암동,661.0,우암초등학교,남구|우암동,2,남구|감만동;남구|대연동;남구|문현동;남구|용당동;남구|용호동;남구|우암동,62.45943708609272,5.427934259152578,B,59.96,2468312.2081387592,2567394.094993581,10,17,32,10842,3092847.5097204195,185447136.68283635,115624839.2675521,297432979.9869713,98.03771790251967,F_S,0.2410301317701672,0.1824645800248972,-0.1720241636381931,0.1520972741349036,MEDIUM,True,True,OK,30.795460647287925,MEDIUM,0.996,NOT_CANDIDATE,-0.19792497995669311,-0.17202416363819317,STABLE_NEGATIVE,1928366.2319471664,4960523.348681976,2468312.2081387592,2567394.094993581,148000000.0,153940949.93581513,True,True,25.30211938029483,20.466410503610355,20.466410503610355,-24.890135265657864,93.21238443116302,STABLE_POSITIVE,4.835708876684475,POTENTIAL_UNDERVALUED_SIGNAL,POSITIVE,MEDIUM,POSITIVE,POSITIVE,DOUBLE_POSITIVE,True,False,True,True,UNCERTAIN,LOW
A60877710,삼익그린,남구,대연동,725.0,대남초등학교,남구|대연동,0,남구|대연동,38.21296909492274,-4.877519399907726,B,59.99,2728488.795359358,2706519.180983761,14,21,11,4400,3340974.59200046,200425065.7741076,153302076.1636607,262033026.53038332,54.250175718674654,F_S,0.1367500567214909,0.1046307304852985,-0.1533971641746223,0.1086173343745175,HIGH,False,False,OK,53.80778165635131,HIGH,1.0,NOT_CANDIDATE,-0.14526795076661436,-0.15339716417462235,STABLE_NEGATIVE,2555460.512813147,4367945.09968967,2728488.795359358,2706519.180983761,163682042.8336079,162364085.66721582,True,True,22.44780325588376,23.441748186173527,23.441748186173527,-5.581289400495115,61.3860759007079,STABLE_POSITIVE,0.9939449302897678,POTENTIAL_UNDERVALUED_SIGNAL,POSITIVE,HIGH,POSITIVE,POSITIVE,DOUBLE_POSITIVE,True,False,False,True,ROBUST_DUAL_POSITIVE,LOW
A60877907,청구,남구,대연동,604.0,대남초등학교,남구|대연동,0,남구|대연동,38.21296909492274,-4.877519399907692,B,84.91,2615597.8046214767,3010033.444816054,4,19,11,4438,3117987.013356196,264748277.3040746,202501919.68109846,346128325.3307229,54.25017571867464,F_S,0.1367500567214909,0.1046307304852985,-0.0745642247548303,0.1213749254280557,HIGH,False,False,OK,52.23700083460064,HIGH,1.0,NOT_CANDIDATE,-0.09815378717026402,-0.07456422475483038,STABLE_NEGATIVE,2384900.7146519665,4076414.148283158,2615597.8046214767,3010033.444816054,222090409.59040958,255581939.79933113,True,True,19.20743349176437,3.5864574437225016,3.5864574437225016,-20.768298479895797,35.427536704073795,STABLE_POSITIVE,15.620976048041868,POTENTIAL_UNDERVALUED_SIGNAL,POSITIVE,HIGH,POSITIVE,POSITIVE,DOUBLE_POSITIVE,True,False,False,True,ROBUST_DUAL_POSITIVE,LOW
A60879704,현대,남구,문현동,693.0,문현초등학교,남구|문현동,0,남구|문현동,43.80700883002207,-2.593078198522269,B,84.846,3283514.8704775563,3287163.750025772,10,24,6,1153,3383114.280872029,287043714.2748682,226177232.49421227,364289955.2536552,48.11557121476923,F_S,0.1215895980584973,0.0913334857908068,-0.0599237205902474,0.1023116073476688,HIGH,False,False,OK,30.90462560447407,MEDIUM,1.0,NOT_CANDIDATE,-0.05992372059024742,-0.05992372059024742,STABLE_NEGATIVE,2665738.308160812,4293543.069250821,3283514.8704775563,3287163.750025772,278593102.70053875,278902695.5346867,True,True,3.033316866933733,2.918945879879109,2.918945879879109,-18.9046086268166,30.615430071506445,STABLE_POSITIVE,0.1143709870546239,WITHIN_MODEL_RANGE,NEUTRAL_POINT_GAP,HIGH,NEUTRAL,POSITIVE,SCHOOL_ONLY_POSITIVE,True,False,False,True,ROBUST_DUAL_POSITIVE,LOW
A60880104,동일스위트,남구,감만동,548.0,동천초등학교,남구|감만동,1,남구|감만동;남구|문현동;남구|용당동,40.825386313465785,-3.817430507406772,B,59.9925,3208734.425136476,3208734.425136476,6,12,10,2142,3354276.2552859243,201231418.2452408,125466215.36670497,322748905.51721364,98.03771790251965,F_S,0.2410301317701672,0.1824645800248972,-0.0559420163519197,0.1092223137398371,MEDIUM,True,True,OK,13.682212726826377,MEDIUM,0.676,NOT_CANDIDATE,-0.037416598795089406,-0.055942016351919754,STABLE_NEGATIVE,2091365.0100713416,5379820.902899756,3208734.425136476,3208734.425136476,192500000.00000003,192500000.00000003,True,True,4.535801685839358,4.535801685839358,4.535801685839358,-34.822745264049374,67.66176909985123,STABLE_POSITIVE,0.0,POTENTIAL_UNDERVALUED_SIGNAL,POSITIVE,MEDIUM,POSITIVE,POSITIVE,DOUBLE_POSITIVE,False,False,True,True,UNCERTAIN,LOW
A60883003,신대연코오롱하늘채,남구,용당동,712.0,석포초등학교,남구|용당동,1,남구|문현동;남구|용당동,45.4014348785872,-1.931971445129399,B,84.6588,3743263.055908758,3838939.3660198334,10,22,8,1552,3711029.2588594174,314171283.8199277,195883338.2058991,503889695.1680043,98.03771790251967,F_S,0.2410301317701672,0.1824645800248972,0.0391301092402782,0.1044930184739598,MEDIUM,True,True,OK,6.448207597427491,LOW,0.86,NOT_CANDIDATE,0.03578568096262469,0.039130109240278266,STABLE_POSITIVE,2313797.7174953944,5952006.113575958,3743263.055908758,3838939.3660198334,316900158.3975684,324999999.9999999,True,True,-0.8611149301532395,-3.331912670791448,-3.331912670791448,-39.728203628954105,55.042983128616754,STABLE_NEGATIVE,2.4707977406382087,POTENTIAL_OVERVALUED_SIGNAL,NEGATIVE,MEDIUM,NEGATIVE,POSITIVE,SCHOOL_ONLY_POSITIVE,False,False,False,True,UNCERTAIN,LOW
A60883203,용호동일신님(林)Ⅱ,남구,용호동,710.0,용호초등학교,남구|용호동,0,남구|용호동,50.4907284768212,0.2084016529988908,B,84.975,4499047.984468947,4375234.373424238,9,28,8,3746,5323788.90023234,452388961.7972431,319860649.67820793,639827915.5684795,70.72835389685706,F_S,0.1768657722144284,0.1369656201530042,-0.2209067709734542,0.1300723270140824,HIGH,False,False,OK,14.814645120605231,MEDIUM,0.994,NOT_CANDIDATE,-0.17814020419097076,-0.22090677097345424,STABLE_NEGATIVE,3764173.57667794,7529601.830755864,4499047.984468947,4375234.373424238,382306602.48024875,371785540.88172454,True,True,18.33145409007553,21.680084901731234,21.680084901731234,-13.96635573303142,72.0959653382612,STABLE_POSITIVE,3.348630811655706,POTENTIAL_UNDERVALUED_SIGNAL,POSITIVE,HIGH,POSITIVE,POSITIVE,DOUBLE_POSITIVE,True,False,False,True,ROBUST_DUAL_POSITIVE,LOW
A60931004,구서동쌍용예가2단지,금정구,구서동,809.0,장서초등학교,금정구|구서동,0,금정구|구서동,68.62759381898455,8.223137901907073,B,132.3946,6428516.262101738,6420201.428154925,8,23,6,1376,6410090.60322018,848661381.3770944,602846249.5756868,1194709498.064905,69.74080139346293,F_S,0.1744888134111295,0.134339593052308,-0.030798925811192,0.1185690660358084,HIGH,False,False,OK,-16.189777017671595,MEDIUM,0.066,NOT_CANDIDATE,-0.02834144629393265,-0.030798925811192035,STABLE_NEGATIVE,4553405.120569018,9023853.677301832,6428516.262101738,6420201.428154925,851100839.1144547,850000000.0,True,True,-0.2866238200280202,-0.15748454387124466,-0.15748454387124466,-29.076911814625085,40.554058595871176,STABLE_NEGATIVE,0.12913927615677556,WITHIN_MODEL_RANGE,NEUTRAL_POINT_GAP,HIGH,NEUTRAL,NEGATIVE,MIXED_OR_NEUTRAL,False,False,False,False,UNCERTAIN,LOW
A60931207,구서동롯데캐슬골드2단지(1049),금정구,구서동,1926.0,두실초등학교,금정구|구서동,0,금정구|구서동,72.37748344370861,9.958561114440824,B,84.98,5648387.85596611,5648387.85596611,28,65,6,1193,5874091.990444842,499180337.3480027,354592539.3045012,702724906.9695888,69.74080139346268,F_S,0.1744888134111295,0.134339593052308,-0.0540044647920066,0.1441057661288384,HIGH,False,False,OK,6.760723069443386,LOW,0.6,NOT_CANDIDATE,-0.05515718471454978,-0.0540044647920066,STABLE_NEGATIVE,4172658.735049437,8269297.563774873,5648387.85596611,5648387.85596611,480000000.00000006,480000000.00000006,True,True,3.9959036141672177,3.9959036141672177,3.9959036141672177,-26.126554311562266,46.40102228533096,STABLE_POSITIVE,0.0,POTENTIAL_UNDERVALUED_SIGNAL,POSITIVE,HIGH,POSITIVE,POSITIVE,DOUBLE_POSITIVE,False,False,False,True,UNCERTAIN,LOW
A60932003,부곡동푸르지오,금정구,부곡동,540.0,현곡초등학교,금정구|부곡동,0,금정구|부곡동,62.96931567328919,5.656231160664249,B,84.81,4946350.666195024,4946350.666195024,12,24,7,1701,5885207.174643387,499124420.4815057,345349637.31547475,721370924.4275955,75.33618306020227,F_S,0.1879071729456638,0.1520975021008835,-0.1478114873430671,0.1057351196388954,HIGH,False,False,OK,-0.6565150452423394,LOW,0.74,NOT_CANDIDATE,-0.14077066704533614,-0.14781148734306715,STABLE_NEGATIVE,4072039.114673679,8505729.565235179,4946350.666195024,4946350.666195024,419500000.0,419500000.0,True,True,18.98079153313603,18.98079153313603,18.98079153313603,-17.675890985584086,71.9596959302969,STABLE_POSITIVE,0.0,POTENTIAL_UNDERVALUED_SIGNAL,POSITIVE,HIGH,POSITIVE,NEUTRAL,LOCAL_ONLY_POSITIVE,False,False,False,True,LOCAL_VALUE_CANDIDATE,LOW
A60939002,장전동금정산SKVIEW,금정구,장전동,1306.0,금빛초등학교,금정구|장전동,0,금정구|장전동,60.48051876379692,4.54654129164298,B,84.997,6782592.3267880045,6576702.70715437,26,53,4,1735,6480881.577716247,550855491.4611479,443431392.53026336,684303767.3571869,43.72696261736594,F_S,0.1106782727328208,0.0835774651848149,0.0128282133858164,0.1234041898440891,MEDIUM,False,False,OK,-3.5595118699917387,LOW,0.438,NOT_CANDIDATE,0.01901349887221837,0.012828213385816412,STABLE_POSITIVE,5217024.042381065,8050916.707144804,6782592.3267880045,6576702.70715437,576500000.0,559000000.0,True,True,-4.448310240911035,-1.4569782717087865,-1.4569782717087865,-20.674169493691707,22.415700779460977,STABLE_NEGATIVE,2.991331969202249,WITHIN_MODEL_RANGE,NEUTRAL_POINT_GAP,MEDIUM,NEUTRAL,NEGATIVE,MIXED_OR_NEUTRAL,False,False,False,True,UNCERTAIN,LOW
A60939003,벽산블루밍장전디자인시티2단지,금정구,장전동,1539.0,금빛초등학교,금정구|장전동,0,금정구|장전동,60.48051876379692,4.54654129164298,B,84.99,6000705.965407696,5937360.843105239,41,89,4,1527,5952614.887327661,505912739.2739779,407253070.8189966,628473345.1978209,43.726962617365935,F_S,0.1106782727328208,0.0835774651848149,-0.0264549654106645,0.1178107063983388,MEDIUM,False,False,OK,12.265866769794291,HIGH,1.0,NOT_CANDIDATE,-0.0034324129450507,-0.0264549654106645,STABLE_NEGATIVE,4791776.33626305,7394674.022800576,6000705.965407696,5937360.843105239,510000000.0,504616298.0555142,True,True,-0.8014236717690415,0.25691623981614065,0.25691623981614065,-19.294507056489564,24.544797229018723,MIXED,1.0583399115851821,WITHIN_MODEL_RANGE,NEUTRAL_POINT_GAP,LOW,NEUTRAL,POSITIVE,SCHOOL_ONLY_POSITIVE,False,False,False,True,SCHOOL_VALUE_CANDIDATE,LOW
A60939004,금정산쌍용예가,금정구,장전동,514.0,장전초등학교,금정구|장전동,0,금정구|장전동,29.61887417218544,-8.283154328757059,B,84.9024,5878808.038631856,5892057.506481263,12,35,4,1885,6062610.447763087,514730177.2801607,414350991.91489035,639426864.1144875,43.72696261736593,F_S,0.1106782727328208,0.0835774651848149,-0.044231819299723,0.1044134156552386,MEDIUM,False,False,OK,-0.9075959554307902,LOW,0.292,NOT_CANDIDATE,-0.04114715292354365,-0.044231819299723085,STABLE_NEGATIVE,4880321.309113645,7531316.713243531,5878808.038631856,5892057.506481263,499124911.61913735,500249823.23827475,True,True,3.126525103786282,2.8946245194351183,2.8946245194351183,-17.17118674172321,27.82150725716921,STABLE_POSITIVE,0.23190058435116345,WITHIN_MODEL_RANGE,NEUTRAL_POINT_GAP,MEDIUM,NEUTRAL,NEUTRAL,MIXED_OR_NEUTRAL,False,False,False,True,UNCERTAIN,LOW
A60939005,금정산2차쌍용예가,금정구,장전동,565.0,장전초등학교,금정구|장전동,0,금정구|장전동,29.61887417218544,-8.28315432875707,B,84.964,6449328.67753225,6337978.437926652,7,30,4,1852,6043910.71818376,513514830.25976497,413372653.6210628,637917091.4833803,43.72696261736593,F_S,0.1106782727328208,0.0835774651848149,0.0236779209967235,0.0896781009782817,MEDIUM,False,False,OK,-10.65626794341498,MEDIUM,0.094,NOT_CANDIDATE,0.03933263810159815,0.0236779209967235,STABLE_POSITIVE,4865268.273869672,7508086.854236857,6449328.67753225,6337978.437926652,547960761.75785,538500000.0,True,True,-6.2862040317600565,-4.6397715395051105,-4.6397715395051105,-23.236276022086756,18.461855428668585,STABLE_NEGATIVE,1.646432492254946,POTENTIAL_OVERVALUED_SIGNAL,NEGATIVE,MEDIUM,NEGATIVE,NEGATIVE,DOUBLE_NEGATIVE,False,False,False,True,NEGATIVE_OR_FULLY_PRICED,LOW
A60970301,대우,금정구,부곡동,1270.0,부곡초등학교,금정구|부곡동,0,금정구|부곡동,65.36490066225166,6.735483935817577,B,84.95,5414185.165132647,5304532.331559359,15,43,7,1525,5235999.215967638,444798133.3964509,307760686.0006488,642854622.0245618,75.33618306020227,F_S,0.1879071729456638,0.1520975021008835,0.0440315863391589,0.1444125447717198,HIGH,False,False,OK,-12.40901512924777,MEDIUM,0.178,NOT_CANDIDATE,0.032039357103556654,0.044031586339158935,STABLE_POSITIVE,3622845.038265436,7567446.992637572,5414185.165132647,5304532.331559359,459935029.7780184,450620021.56596756,True,True,-3.2910944810777165,-1.29197281321074,-1.29197281321074,-31.70283802944721,42.66002202710659,STABLE_NEGATIVE,1.9991216678669765,WITHIN_MODEL_RANGE,NEUTRAL_POINT_GAP,HIGH,NEUTRAL,NEGATIVE,MIXED_OR_NEUTRAL,False,False,False,True,UNCERTAIN,LOW
A60971101,구서동롯데캐슬골드1단지(1051),금정구,구서동,1728.0,두실초등학교,금정구|구서동,0,금정구|구서동,72.37748344370861,9.9585611144408,B,84.98,5927006.626516677,6016042.780748663,32,81,6,1212,5334092.003715148,453291138.4757133,321995166.49686515,638124039.1153783,69.74080139346268,F_S,0.1744888134111295,0.134339593052308,0.0819954246855285,0.1431675268264655,HIGH,False,False,OK,-2.38495862073922,LOW,0.412,NOT_CANDIDATE,0.07935106636802303,0.08199542468552856,STABLE_POSITIVE,3789069.975251414,7509108.485706969,5927006.626516677,6016042.780748663,503677023.12138724,511243315.50802135,True,True,-10.003609919194357,-11.335537360468194,-11.335537360468194,-37.01723685582093,24.818069940195862,STABLE_NEGATIVE,1.3319274412738373,POTENTIAL_OVERVALUED_SIGNAL,NEGATIVE,HIGH,NEGATIVE,NEUTRAL,MIXED_OR_NEUTRAL,False,False,False,True,UNCERTAIN,LOW
A60975204,선경1,금정구,구서동,616.0,구서초등학교,금정구|구서동,0,금정구|구서동,66.87472406181016,7.421342152450361,B,85.0,4253974.188545475,4693440.722361339,4,14,6,1499,5223720.619643696,444016252.66971415,315406755.3283064,625067248.2573872,69.74080139346269,F_S,0.1744888134111295,0.134339593052308,-0.1118945847440882,0.2253006675755391,HIGH,False,False,OK,8.960534332905457,LOW,0.084,NOT_CANDIDATE,-0.19939448947744598,-0.1118945847440882,STABLE_NEGATIVE,3710667.709744781,7353732.332439849,4253974.188545475,4693440.722361339,361587806.02636534,398942461.40071386,True,True,22.79624624214747,11.298318837945498,11.298318837945498,-20.939286778125343,56.681052716909086,STABLE_POSITIVE,11.49792740420197,POTENTIAL_UNDERVALUED_SIGNAL,POSITIVE,HIGH,POSITIVE,POSITIVE,DOUBLE_POSITIVE,False,False,False,True,UNCERTAIN,LOW
A60975303,경남한신,금정구,부곡동,1408.0,금양초등학교,금정구|부곡동,0,금정구|부곡동,37.02941501103752,-5.35393851055116,B,72.47,4150691.781963661,4234039.006501083,34,61,7,1522,4423344.401998127,320559768.8128042,221798804.77624598,463296299.0264215,75.3361830602023,F_S,0.1879071729456638,0.1520975021008835,-0.0664637198767668,0.1372936163650363,HIGH,False,False,OK,5.214133584891135,LOW,0.628,NOT_CANDIDATE,-0.10446758853520954,-0.0664637198767668,STABLE_NEGATIVE,3060560.29772659,6392939.13379911,4150691.781963661,4234039.006501083,300800633.4389065,306840806.8011335,True,True,6.568847660990995,4.471035699160475,4.471035699160475,-27.71534950369364,50.98914119551521,STABLE_POSITIVE,2.09781196183052,POTENTIAL_UNDERVALUED_SIGNAL,POSITIVE,HIGH,POSITIVE,POSITIVE,DOUBLE_POSITIVE,False,False,False,True,UNCERTAIN,LOW
A60975404,뉴그린1,금정구,부곡동,990.0,서동초등학교,금정구|부곡동,0,금정구|부곡동,52.94050772626932,1.2552832680640114,B,57.15,2313296.903460838,2497746.893084148,9,16,7,1632,3299011.489370997,188538506.6175525,130451851.69974189,272489566.1841128,75.33618306020227,F_S,0.1879071729456638,0.1520975021008835,-0.27948891819244,0.2426626226980864,HIGH,False,False,OK,49.31748030239528,MEDIUM,1.0,NOT_CANDIDATE,-0.2927227641901098,-0.27948891819244004,STABLE_NEGATIVE,2282622.07698586,4767971.4117955,2313296.903460838,2497746.893084148,132204918.03278688,142746234.93975905,True,True,42.61081162713998,32.079495264529,32.079495264529,-8.612754826917545,90.8908955105592,STABLE_POSITIVE,10.53131636261098,POTENTIAL_UNDERVALUED_SIGNAL,POSITIVE,HIGH,POSITIVE,POSITIVE,DOUBLE_POSITIVE,True,True,False,True,UNCERTAIN,HIGH
A60975502,에스케이아파트,금정구,부곡동,1084.0,금양초등학교,금정구|부곡동,0,금정구|부곡동,37.02941501103752,-5.3539385105511705,B,59.91,5015632.053232575,5257886.830245368,11,30,7,1599,5156584.232059341,308930961.3426751,213752705.89303297,446489500.4597934,75.33618306020229,F_S,0.1879071729456638,0.1520975021008835,0.0597100720398486,0.1363680574445157,HIGH,False,False,OK,-27.790819996445126,MEDIUM,0.002,NOT_CANDIDATE,0.02911005907857067,0.05971007203984868,STABLE_POSITIVE,3567896.943632665,7452670.680350416,5015632.053232575,5257886.830245368,300486516.3091636,315000000.0,True,True,2.8102575573884403,-1.9266789388333039,-1.9266789388333039,-32.14199812919588,41.74269855866457,MIXED,4.736936496221745,WITHIN_MODEL_RANGE,NEUTRAL_POINT_GAP,LOW,NEUTRAL,NEGATIVE,MIXED_OR_NEUTRAL,False,False,False,True,UNCERTAIN,LOW
A60976105,선경3,금정구,구서동,795.0,남산초등학교,금정구|구서동,0,금정구|구서동,60.11037527593818,4.382502486431306,B,84.96,3183211.5067201136,3146179.47288223,3,10,6,1426,3547425.62117119,301389280.7747043,214091746.79601845,424283046.5222905,69.74080139346268,F_S,0.1744888134111295,0.134339593052308,-0.0387378326421288,0.1797034986993941,HIGH,False,False,OK,32.23974858970552,MEDIUM,0.994,NOT_CANDIDATE,-0.09443651137651443,-0.03873783264212882,STABLE_NEGATIVE,2519912.273964436,4993915.331006245,3183211.5067201136,3146179.47288223,270445649.6109408,267299408.01607424,True,True,11.441718958422342,12.75344117356969,12.75344117356969,-19.905641248878524,58.72951222427547,STABLE_POSITIVE,1.3117222151473484,POTENTIAL_UNDERVALUED_SIGNAL,POSITIVE,HIGH,POSITIVE,POSITIVE,DOUBLE_POSITIVE,True,False,False,True,ROBUST_DUAL_POSITIVE,LOW
A60976501,부곡시영,금정구,부곡동,553.0,동현초등학교,금정구|부곡동,0,금정구|부곡동,49.04194260485652,,B,,,,0,0,8,1870,,,,,,INSUFFICIENT_FEATURES,,,,,LOW,False,False,INSUFFICIENT_MODEL_FEATURES,,LOW,,NOT_CANDIDATE,,,,,,,,,,False,False,,,,,,INSUFFICIENT,,INSUFFICIENT,MISSING,LOW,MISSING,MISSING,MIXED_OR_NEUTRAL,False,False,False,False,UNCERTAIN,LOW
A60976502,부곡늘푸른아파트,금정구,부곡동,885.0,동현초등학교,금정구|부곡동,0,금정구|부곡동,49.04194260485652,-0.4056177952864392,B,45.72,2140044.512925869,2361813.274459261,11,26,7,1662,2808242.070669997,128392827.47103225,88836399.46579665,185562655.0055432,75.33618306020229,F_S,0.1879071729456638,0.1520975021008835,-0.2359563473160575,0.2313090976990602,HIGH,False,False,OK,47.418928488184,MEDIUM,1.0,NOT_CANDIDATE,-0.27634600492449657,-0.23595634731605752,STABLE_NEGATIVE,1943053.3566447212,4058675.743778285,2140044.512925869,2361813.274459261,97842835.13097072,107982102.9082774,True,True,31.223535478267618,18.901951354005586,18.901951354005586,-17.730441366513837,71.84575036769249,STABLE_POSITIVE,12.321584124262031,POTENTIAL_UNDERVALUED_SIGNAL,POSITIVE,HIGH,POSITIVE,POSITIVE,DOUBLE_POSITIVE,True,False,False,True,ROBUST_DUAL_POSITIVE,LOW
A60976902,경동,금정구,청룡동,612.0,청룡초등학교,금정구|청룡동,1,금정구|구서동;금정구|청룡동,50.54679911699779,0.232241258076038,B,84.62,2481682.8173008743,2570314.346490192,7,14,7,1576,3365398.068961858,284779984.59555244,177558093.0202858,456749890.96091247,98.03771790251967,F_S,0.2410301317701672,0.1824645800248972,-0.2555550544353044,0.145676851466068,MEDIUM,True,True,OK,40.58012368662183,HIGH,1.0,NOT_CANDIDATE,-0.2765502687458774,-0.25555505443530446,STABLE_NEGATIVE,2098299.373910255,5397658.839055926,2481682.8173008743,2570314.346490192,210000000.0,217500000.0000001,True,True,35.6095164740726,30.933326250828653,30.933326250828653,-18.364095163087025,109.9999498670861,STABLE_POSITIVE,4.676190223243946,POTENTIAL_UNDERVALUED_SIGNAL,POSITIVE,MEDIUM,POSITIVE,POSITIVE,DOUBLE_POSITIVE,True,True,True,True,UNCERTAIN,HIGH
A60980506,구서우성,금정구,구서동,1118.0,구서초등학교,금정구|구서동,0,금정구|구서동,66.87472406181016,7.421342152450339,B,84.97,2659762.2690361305,2706837.7074261503,9,21,6,1363,3607077.722356056,306493394.06859404,217717451.4930295,431468400.7344905,69.74080139346266,F_S,0.1744888134111295,0.134339593052308,-0.2912118885554324,0.2135298378142678,HIGH,False,False,OK,51.71688562541383,MEDIUM,1.0,TIER_1,-0.32339223266408723,-0.29121188855543245,STABLE_NEGATIVE,2562286.11854807,5077891.029004243,2659762.2690361305,2706837.7074261503,226000000.0,230000000.0,True,True,35.616546048050466,33.25799742112785,33.25799742112785,-5.3402384812915145,87.59495684108283,STABLE_POSITIVE,2.3585486269226195,POTENTIAL_UNDERVALUED_SIGNAL,POSITIVE,HIGH,POSITIVE,POSITIVE,DOUBLE_POSITIVE,True,True,False,True,UNCERTAIN,HIGH
A60982103,우신뉴타운,금정구,부곡동,552.0,부곡초등학교,금정구|부곡동,0,금정구|부곡동,65.36490066225166,6.735483935817554,B,59.82,3741992.346085876,4055457.5828345176,2,16,7,1726,3449190.972308366,206330603.9634865,142762398.15541786,298203999.66657096,75.33618306020227,F_S,0.1879071729456638,0.1520975021008835,0.2096832770860972,0.1300690586561931,HIGH,False,False,OK,12.642168759364203,MEDIUM,0.9,NOT_CANDIDATE,0.20924488829138976,0.20968327708609724,STABLE_POSITIVE,2386532.90129418,4985021.726288381,3741992.346085876,4055457.5828345176,223845982.1428571,242597472.60516083,True,True,-7.824745394890497,-14.949400854105532,-14.949400854105532,-41.15256163951444,22.921313426835432,STABLE_NEGATIVE,7.124655459215035,POTENTIAL_OVERVALUED_SIGNAL,NEGATIVE,HIGH,NEGATIVE,POSITIVE,SCHOOL_ONLY_POSITIVE,False,False,False,True,SCHOOL_VALUE_CANDIDATE,LOW
A61175110,주공,연제구,연산동,2038.0,토현초등학교,연제구|연산동,0,연제구|연산동,46.31578366445916,-1.5508269283849851,B,75.24,5685510.071474983,5880532.342927885,13,31,15,4935,5649555.364508793,425072545.6256415,286680742.4542928,630271386.5528344,80.8310599295066,F_S,0.2009646168309107,0.1563076693282115,0.0081994456340588,0.1930403074545515,HIGH,False,False,OK,-9.95496548365113,LOW,0.0,NOT_CANDIDATE,-0.0046837146477614056,0.008199445634058833,MIXED,3810217.204336693,8376812.68677345,5685510.071474983,5880532.342927885,427777777.77777773,442451253.4818941,True,True,-0.6323919316682081,-3.927824301432048,-3.927824301432048,-35.20625375151655,42.44990416297381,STABLE_NEGATIVE,3.29543236976384,POTENTIAL_OVERVALUED_SIGNAL,NEGATIVE,HIGH,NEGATIVE,NEGATIVE,DOUBLE_NEGATIVE,False,False,False,True,NEGATIVE_OR_FULLY_PRICED,LOW
A61175209,한양(1차),연제구,연산동,1452.0,연천초등학교,연제구|연산동,0,연제구|연산동,69.14166666666668,8.459417486960707,B,62.94,4559898.315856371,4796443.612540945,17,41,15,5099,4480687.501353422,282014471.3351844,190198399.9136653,418153686.2484894,80.8310599295066,F_S,0.2009646168309107,0.1563076693282115,0.0334974421726528,0.2339535887053902,HIGH,False,False,OK,10.048298352178458,LOW,0.99,NOT_CANDIDATE,-0.017254021890849458,0.033497442172652825,MIXED,3021900.221062366,6643687.420535262,4559898.315856371,4796443.612540945,287000000.0,301888160.9733271,True,True,-1.7371180016779064,-6.583129849831582,-6.583129849831582,-36.997065635021706,38.51278066033028,STABLE_NEGATIVE,4.846011848153675,POTENTIAL_OVERVALUED_SIGNAL,NEGATIVE,HIGH,NEGATIVE,POSITIVE,SCHOOL_ONLY_POSITIVE,False,False,False,True,UNCERTAIN,LOW
A61175804,현대,연제구,거제동,618.0,연제초등학교,연제구|거제동,0,연제구|거제동,44.049558498896246,-2.4927964914782663,B,84.96,5355464.6285138,5284839.924670434,8,17,9,2526,5457645.989360652,463681603.2560809,306659482.44710594,701105432.9135704,85.06827695914016,F_S,0.2109490625033537,0.1662387624603656,-0.0365220766565315,0.1611945324493309,HIGH,False,False,OK,-0.1362934414905758,LOW,0.628,NOT_CANDIDATE,-0.03613963785324348,-0.03652207665653151,STABLE_NEGATIVE,3609457.1851118873,8252182.590790613,5355464.6285138,5284839.924670434,455000274.8385324,449000000.0,True,True,1.90798311509357,3.269844823180601,3.269844823180601,-31.70167428794968,56.14820332150789,STABLE_POSITIVE,1.361861708087031,POTENTIAL_UNDERVALUED_SIGNAL,POSITIVE,HIGH,POSITIVE,NEUTRAL,LOCAL_ONLY_POSITIVE,False,False,False,True,LOCAL_VALUE_CANDIDATE,LOW
A61175901,연산자이,연제구,연산동,1598.0,연동초등학교,연제구|연산동,0,연제구|연산동,73.0110927152318,10.254527335247989,B,84.867,6951371.165357443,6791969.647573554,24,77,15,4810,5441664.016153735,461817700.0589191,311462696.177098,684754838.0767919,80.8310599295066,F_S,0.2009646168309107,0.1563076693282115,0.2322870214539634,0.1442793261871936,HIGH,False,False,OK,7.063048429757501,HIGH,0.998,NOT_CANDIDATE,0.267472128985486,0.2322870214539634,STABLE_POSITIVE,3670009.499300057,8068564.201359678,6951371.165357443,6791969.647573554,589942016.6903901,576414088.0806248,True,True,-21.71812025701375,-19.880913806825063,-19.880913806825063,-45.965460834896746,18.79564574088153,STABLE_NEGATIVE,1.8372064501886882,POTENTIAL_OVERVALUED_SIGNAL,NEGATIVE,HIGH,NEGATIVE,POSITIVE,SCHOOL_ONLY_POSITIVE,False,False,False,True,SCHOOL_VALUE_CANDIDATE,LOW
A61176308,선경,연제구,연산동,576.0,토현초등학교,연제구|연산동,0,연제구|연산동,46.31578366445916,-1.550826928384963,B,134.62,4271386.430678466,3900120.4745883634,5,10,15,5210,4003568.054470183,538960331.492776,363489831.5024002,799137180.0475935,80.8310599295066,F_S,0.2009646168309107,0.1563076693282115,-0.071979218151176,0.1631945817822577,HIGH,False,False,OK,16.40555747752387,LOW,1.0,NOT_CANDIDATE,-0.029568567737083384,-0.07197921815117603,STABLE_NEGATIVE,2700117.601414353,5936244.094841728,4271386.430678466,3900120.4745883634,575014041.2979351,525034218.2890855,True,True,-6.270057288301656,2.6524201125540214,2.6524201125540214,-30.76835397759512,52.206685242672314,MIXED,8.922477400855676,WITHIN_MODEL_RANGE,NEUTRAL_POINT_GAP,LOW,NEUTRAL,POSITIVE,SCHOOL_ONLY_POSITIVE,False,False,False,True,UNCERTAIN,LOW
A61176411,연산엘지,연제구,연산동,2302.0,연천초등학교,연제구|연산동,0,연제구|연산동,69.14166666666668,8.459417486960685,B,84.99,3846401.2858249694,3859277.5620661257,32,71,15,4642,5499692.77723573,467418889.1372646,315240293.8133874,693059936.2137638,80.8310599295066,F_S,0.2009646168309107,0.1563076693282115,-0.3057195837761952,0.1514259564596197,HIGH,False,False,OK,46.648956889678985,HIGH,1.0,TIER_1,-0.29904070200637367,-0.30571958377619524,STABLE_NEGATIVE,3709145.709064448,8154605.6737706065,3846401.2858249694,3859277.5620661257,326905645.2822641,328000000.0,True,True,42.98281350683786,42.50575888331238,42.50575888331238,-3.8901543251867676,111.29876104078167,STABLE_POSITIVE,0.47705462352547556,POTENTIAL_UNDERVALUED_SIGNAL,POSITIVE,HIGH,POSITIVE,POSITIVE,DOUBLE_POSITIVE,True,True,False,True,UNCERTAIN,HIGH
A61176513,거제1차현대홈타운,연제구,거제동,1127.0,남문초등학교,연제구|거제동,0,연제구|거제동,89.40375275938192,18.194926423582803,B,59.93,8324502.531496526,7925913.565826798,27,73,9,2204,7374781.8677838845,441970677.3362882,292300790.4928467,668277630.367468,85.06827695914018,F_S,0.2109490625033537,0.1662387624603656,0.0853560803173962,0.1543686713732493,HIGH,False,False,OK,3.494882573201416,LOW,0.646,NOT_CANDIDATE,0.11575773615863127,0.08535608031739628,STABLE_POSITIVE,4877370.106671896,11150969.97109074,8324502.531496526,7925913.565826798,498887436.71258676,475000000.0,True,True,-11.408737760836573,-6.953541613413005,-6.953541613413005,-38.462991475190165,40.69002744578274,STABLE_NEGATIVE,4.4551961474235675,POTENTIAL_OVERVALUED_SIGNAL,NEGATIVE,HIGH,NEGATIVE,POSITIVE,SCHOOL_ONLY_POSITIVE,False,False,False,True,UNCERTAIN,LOW
A61176612,거제2차현대홈타운,연제구,거제동,1110.0,남문초등학교,연제구|거제동,0,연제구|거제동,89.40375275938192,18.194926423582803,B,59.676,9407793.004945878,9132649.641396876,35,76,9,2224,7640087.4268442495,455929857.2843574,301532804.15955406,689384477.8936238,85.06827695914018,F_S,0.2109490625033537,0.1662387624603656,0.2354928787502208,0.1611100121750654,HIGH,False,False,OK,-20.79578004342304,LOW,0.008,NOT_CANDIDATE,0.26986057543111386,0.23549287875022085,STABLE_POSITIVE,5052832.028948892,11552122.761137204,9407793.004945878,9132649.641396876,561419455.3631502,545000000.0,True,True,-18.789800936014522,-16.343145452411477,-16.343145452411477,-44.672879970724026,26.49256475112365,STABLE_NEGATIVE,2.4466554836030454,POTENTIAL_OVERVALUED_SIGNAL,NEGATIVE,HIGH,NEGATIVE,NEGATIVE,DOUBLE_NEGATIVE,False,False,False,True,NEGATIVE_OR_FULLY_PRICED,LOW
A61176709,쌍용,연제구,거제동,502.0,남문초등학교,연제구|거제동,0,연제구|거제동,89.40375275938192,18.194926423582803,B,59.991,8834658.53211315,8791234.656529874,15,33,9,2459,7344958.109928665,440631381.9727305,291415036.9495784,666252561.3350277,85.06827695914019,F_S,0.2109490625033537,0.1662387624603656,0.2435587518845867,0.154258298478154,HIGH,False,False,OK,-21.83659676077992,LOW,0.0,NOT_CANDIDATE,0.27198434494142454,0.24355875188458675,STABLE_POSITIVE,4857645.929382381,11105875.236869326,8834658.53211315,8791234.656529874,529999999.99999994,527394958.2798836,True,True,-16.862003401371595,-16.45134731475921,-16.45134731475921,-44.74444012509367,26.328959136817076,STABLE_NEGATIVE,0.4106560866123843,POTENTIAL_OVERVALUED_SIGNAL,NEGATIVE,HIGH,NEGATIVE,NEGATIVE,DOUBLE_NEGATIVE,False,False,False,True,NEGATIVE_OR_FULLY_PRICED,LOW
A61176911,거제동롯데캐슬,연제구,거제동,540.0,연서초등학교,연제구|거제동,0,연제구|거제동,38.8735651214128,-4.6105659291555305,B,84.937,5021368.779212829,4827107.150005298,14,32,9,2446,6661739.951618987,565828206.270662,374214943.3371117,855555248.9603736,85.06827695914019,F_S,0.2109490625033537,0.1662387624603656,-0.2998353749858502,0.1327719574484738,HIGH,False,False,OK,21.84797896796309,MEDIUM,0.998,NOT_CANDIDATE,-0.27397605228772726,-0.2998353749858502,STABLE_NEGATIVE,4405794.216149755,10072821.608490689,5021368.779212829,4827107.150005298,426500000.0,409999999.99999994,True,True,32.667809207658124,38.00687957821025,38.00687957821025,-8.728062600704444,108.67201194155456,STABLE_POSITIVE,5.339070370552129,POTENTIAL_UNDERVALUED_SIGNAL,POSITIVE,HIGH,POSITIVE,POSITIVE,DOUBLE_POSITIVE,True,True,False,True,UNCERTAIN,HIGH
A61177214,거제동월드메르디앙,연제구,거제동,1156.0,연서초등학교,연제구|거제동,0,연제구|거제동,38.8735651214128,-4.610565929155519,B,84.9953,7157248.675173661,6889071.812391143,15,43,9,2346,5909145.267411376,502249574.7472101,332166714.335218,759421773.6072772,85.0682769591399,F_S,0.2109490625033537,0.1662387624603656,0.2287844514156436,0.1289462482408469,HIGH,False,False,OK,-6.825596218326784,LOW,0.29,NOT_CANDIDATE,0.2583828971892981,0.22878445141564363,STABLE_POSITIVE,3908059.790779231,8934867.852778649,7157248.675173661,6889071.812391143,608332498.3209878,585538725.4157289,True,True,-17.438312742878136,-14.22436246370965,-14.22436246370965,-43.27160614366169,29.696250759177765,STABLE_NEGATIVE,3.213950279168486,POTENTIAL_OVERVALUED_SIGNAL,NEGATIVE,HIGH,NEGATIVE,NEGATIVE,DOUBLE_NEGATIVE,False,False,False,True,NEGATIVE_OR_FULLY_PRICED,LOW
A61180503,유림아시아드,연제구,거제동,1330.0,거제초등학교,연제구|거제동,0,연제구|거제동,79.81103752759383,13.481452234165236,B,84.9706,3824852.360698877,3824852.360698877,29,61,9,2333,6033970.716469176,512710112.1608158,339084873.1900201,775238531.4005011,85.06827695914016,F_S,0.2109490625033537,0.1662387624603656,-0.413814877323075,0.1794996176550812,HIGH,False,False,OK,60.45873394525846,MEDIUM,1.0,TIER_1,-0.4735461299791801,-0.413814877323075,STABLE_NEGATIVE,3990614.085225008,9123609.005944422,3824852.360698877,3824852.360698877,325000000.0,325000000.0,True,True,57.756957587943326,57.756957587943326,57.756957587943326,4.333807135390799,138.53493273861574,STABLE_POSITIVE,0.0,STRONG_UNDERVALUED_SIGNAL,POSITIVE,HIGH,POSITIVE,POSITIVE,DOUBLE_POSITIVE,True,True,False,True,UNCERTAIN,HIGH
A61201007,롯데캐슬마린,해운대구,중동,792.0,해운대초등학교,해운대구|중동,0,해운대구|중동,81.58217439293598,14.337341114040411,B,84.9702,8591247.28434204,8179338.1679694755,13,46,4,1155,7952209.103207448,675700797.9413575,504321308.2079948,905318813.438447,59.34542425466455,F_S,0.1492534644072632,0.1091487213275323,0.0357687647780133,0.1168177378317924,MEDIUM,False,False,OK,-7.486711394352575,LOW,0.23,NOT_CANDIDATE,0.07604839950217368,0.035768764778013384,STABLE_POSITIVE,5935272.698051726,10654544.92796824,8591247.28434204,8179338.1679694755,730000000.0,695000000.0,True,True,-7.438246857348285,-2.776863605560076,-2.776863605560076,-27.435782991655422,30.26169977531612,STABLE_NEGATIVE,4.661383251788209,WITHIN_MODEL_RANGE,NEUTRAL_POINT_GAP,MEDIUM,NEUTRAL,NEGATIVE,MIXED_OR_NEUTRAL,False,False,False,True,UNCERTAIN,LOW
A61202004,대우트럼프월드센텀,해운대구,우동,564.0,강동초등학교,해운대구|우동,0,해운대구|우동,65.61307947019867,6.847921108681909,B,97.58,16829469.22443215,17122686.66362746,4,30,18,3826,10001659.254787777,975961910.0821912,586707630.7558618,1623468998.867737,106.22969579054208,F_S,0.2596412943969097,0.2081108828451275,0.5144252748630631,0.1292775216982646,MEDIUM,False,False,OK,-65.63874836836254,HIGH,0.0,NOT_CANDIDATE,0.5830914258161197,0.5144252748630631,STABLE_POSITIVE,6012580.761998993,16637312.962366644,16829469.22443215,17122686.66362746,1642219606.9200892,1670831764.6367676,True,True,-40.57056035808969,-41.58825976747207,-41.58825976747207,-64.88529586439783,-2.8346819094217435,STABLE_NEGATIVE,1.0176994093823737,STRONG_OVERVALUED_SIGNAL,NEGATIVE,LOW,NEGATIVE,NEGATIVE,DOUBLE_NEGATIVE,False,True,False,True,NEGATIVE_OR_FULLY_PRICED,MEDIUM
A61202007,해운대두산위브더제니스,해운대구,우동,1788.0,해원초등학교,해운대구|우동,0,해운대구|우동,76.8108719646799,12.046237162333128,B,127.6584,14118215.761108208,14002467.749918887,24,53,18,3417,12589101.413686758,1607104543.9089897,966124281.6888378,2673346549.719336,106.22969579054208,F_S,0.2596412943969097,0.2081108828451275,0.1145890147878034,0.1910992097948577,MEDIUM,False,False,OK,-15.670418666833164,HIGH,0.0,NOT_CANDIDATE,0.11787986362344505,0.11458901478780348,STABLE_POSITIVE,7568043.165893022,20941407.300415296,14118215.761108208,14002467.749918887,1802308834.9178562,1787532629.0062454,True,True,-10.830790329991547,-10.09369463636377,-10.09369463636377,-45.952075726531405,49.55511895777516,STABLE_NEGATIVE,0.7370956936277775,POTENTIAL_OVERVALUED_SIGNAL,NEGATIVE,LOW,NEGATIVE,NEGATIVE,DOUBLE_NEGATIVE,False,False,False,True,NEGATIVE_OR_FULLY_PRICED,LOW
A61202008,쌍용예가,남구,용호동,773.0,백운초등학교,남구|용호동,0,남구|용호동,24.534823399558498,-10.240158018244928,B,59.992,4502709.129993212,4502709.129993212,17,32,8,3672,4078182.682125361,244658335.46606463,172985153.79435438,346027967.14095235,70.72835389685706,F_S,0.1768657722144284,0.1369656201530042,0.1188031069755775,0.1197660601982247,HIGH,False,False,OK,7.435312134560327,MEDIUM,0.92,NOT_CANDIDATE,0.11479202378625786,0.1188031069755775,STABLE_POSITIVE,2883470.3592871446,5767901.839261107,4502709.129993212,4502709.129993212,270126526.12655276,270126526.12655276,True,True,-9.428244987890022,-9.428244987890022,-9.428244987890022,-35.96143397138576,28.098477444173774,STABLE_NEGATIVE,0.0,POTENTIAL_OVERVALUED_SIGNAL,NEGATIVE,HIGH,NEGATIVE,POSITIVE,SCHOOL_ONLY_POSITIVE,False,False,False,True,SCHOOL_VALUE_CANDIDATE,LOW
A61202009,해운대자이1단지,해운대구,우동,1059.0,해림초등학교,해운대구|우동,0,해운대구|우동,72.85044150110376,10.179409993571674,B,84.5368,13334075.018310647,12420626.283464717,12,63,18,3639,10855153.32344057,917659925.4730308,551658907.1273704,1526486254.3490858,106.22969579054204,F_S,0.2596412943969097,0.2081108828451275,0.0614652906972423,0.1271012827745269,MEDIUM,False,False,OK,-17.43534007557609,MEDIUM,0.35,NOT_CANDIDATE,0.1899871046452457,0.06146529069724238,STABLE_POSITIVE,6525665.829879655,18057062.182967488,13334075.018310647,12420626.283464717,1127220033.0079236,1050000000.0000001,True,True,-18.590878568374393,-12.603816621616126,-12.603816621616126,-47.46105646405997,45.37964327134149,STABLE_NEGATIVE,5.987061946758267,POTENTIAL_OVERVALUED_SIGNAL,NEGATIVE,LOW,NEGATIVE,NEGATIVE,DOUBLE_NEGATIVE,False,False,False,True,NEGATIVE_OR_FULLY_PRICED,LOW
A61202011,센텀두산위브,해운대구,우동,581.0,강동초등학교,해운대구|우동,0,해운대구|우동,65.61307947019867,6.847921108681909,B,84.9988,8826436.943934472,8614602.457280045,9,35,18,3777,9992831.47008414,849378683.5593878,510611069.85588557,1412903461.510734,106.22969579054208,F_S,0.2596412943969097,0.2081108828451275,-0.1692283721413581,0.1419296247153097,MEDIUM,False,False,OK,26.042009088189005,MEDIUM,1.0,TIER_1,-0.10898737308282236,-0.1692283721413581,STABLE_NEGATIVE,6007273.865700287,16622628.33723222,8826436.943934472,8614602.457280045,750236548.5100975,732230871.3458551,True,True,13.21478342346527,15.998753507648832,15.998753507648832,-30.26638320815782,92.95873976383828,STABLE_POSITIVE,2.7839700841835615,POTENTIAL_UNDERVALUED_SIGNAL,POSITIVE,LOW,POSITIVE,POSITIVE,DOUBLE_POSITIVE,False,False,False,True,UNCERTAIN,LOW
A61203012,영남,해운대구,좌동,512.0,좌산초등학교,해운대구|좌동,0,해운대구|좌동,62.41092715231788,5.406239769200183,B,84.9,5261391.289754133,4950910.464042963,4,17,27,6696,6426202.489943677,545584591.3962182,391132213.606782,761027949.1533475,67.79805393696269,F_S,0.1698021528110204,0.1313117722129474,-0.200267459590167,0.1557561274654785,HIGH,False,False,OK,12.121017830422543,LOW,1.0,NOT_CANDIDATE,-0.18585243296499332,-0.200267459590167,STABLE_NEGATIVE,4606975.425286007,8963815.65551646,5261391.289754133,4950910.464042963,446692120.5001259,420332298.3972476,True,True,22.13884381604274,29.798398428235263,29.798398428235263,-6.9469048421468615,81.0538833335418,STABLE_POSITIVE,7.659554612192522,POTENTIAL_UNDERVALUED_SIGNAL,POSITIVE,HIGH,POSITIVE,POSITIVE,DOUBLE_POSITIVE,False,True,False,True,UNCERTAIN,HIGH
A61203013,두산2,해운대구,좌동,632.0,신곡초등학교,해운대구|좌동,0,해운대구|좌동,75.86605960264902,11.598028228028756,B,59.94,7340674.007340674,7321691.538417097,11,22,27,6654,6317378.439182136,378663663.6445772,271465798.90522933,528192393.8226587,67.79805393696267,F_S,0.1698021528110204,0.1313117722129474,0.1480896596755556,0.1445774625589281,HIGH,False,False,OK,-24.37346569910208,HIGH,0.0,NOT_CANDIDATE,0.14308862104608622,0.14808965967555565,STABLE_POSITIVE,4528958.9406945165,8812018.582293272,7340674.007340674,7321691.538417097,440000000.0,438862190.8127208,True,True,-13.940076444414274,-13.716954531139503,-13.716954531139503,-38.143270350424395,20.354955355007686,STABLE_NEGATIVE,0.22312191327477038,POTENTIAL_OVERVALUED_SIGNAL,NEGATIVE,HIGH,NEGATIVE,NEGATIVE,DOUBLE_NEGATIVE,False,False,False,True,NEGATIVE_OR_FULLY_PRICED,LOW
A61203014,경남,해운대구,좌동,655.0,양운초등학교,해운대구|좌동,0,해운대구|좌동,61.9123068432671,5.183506659607939,B,58.804,5781919.597306306,5467617.093096999,7,18,27,6675,5962878.502556752,350641107.46434724,251376293.8082388,489104140.9720802,67.79805393696266,F_S,0.1698021528110204,0.1313117722129474,-0.0921063795985066,0.1577164664234393,HIGH,False,False,OK,-1.1756193975196618,LOW,0.842,NOT_CANDIDATE,-0.014253673963654734,-0.09210637959850665,STABLE_NEGATIVE,4274816.233729658,8317531.817088636,5781919.597306306,5467617.093096999,340000000.0,321517755.54247594,True,True,3.129737489513884,9.058085104112944,9.058085104112944,-21.815735064426544,52.1235242970786,STABLE_POSITIVE,5.92834761459906,POTENTIAL_UNDERVALUED_SIGNAL,POSITIVE,HIGH,POSITIVE,NEUTRAL,LOCAL_ONLY_POSITIVE,False,False,False,True,LOCAL_VALUE_CANDIDATE,LOW
A61203015,한일,해운대구,좌동,662.0,신도초등학교,해운대구|좌동,0,해운대구|좌동,67.07527593818985,7.5127765950223635,B,58.2,5469507.3322967,5369415.8075601375,12,29,27,6659,6209275.931118443,361379859.1910934,259074956.4913378,504083468.34303504,67.79805393696266,F_S,0.1698021528110204,0.1313117722129474,-0.1078168372721659,0.1370552677137058,HIGH,False,False,OK,3.7842149175865103,LOW,0.816,NOT_CANDIDATE,-0.10731290179689257,-0.10781683727216596,STABLE_NEGATIVE,4451459.733528141,8661227.978402663,5469507.3322967,5369415.8075601375,318325326.73966795,312500000.0,True,True,13.525324199741151,15.641554941149893,15.641554941149893,-17.096013922771903,61.306709869771204,STABLE_POSITIVE,2.1162307414087422,POTENTIAL_UNDERVALUED_SIGNAL,POSITIVE,HIGH,POSITIVE,POSITIVE,DOUBLE_POSITIVE,False,False,False,True,UNCERTAIN,LOW
A61203016,동신,해운대구,좌동,676.0,부흥초등학교,해운대구|좌동,0,해운대구|좌동,82.6453642384106,14.854217222538546,B,55.68,5859375.0,5533969.151065583,6,19,27,6649,6755351.404141589,376137966.18260366,269655114.2657041,524669335.4555801,67.79805393696266,F_S,0.1698021528110204,0.1313117722129474,-0.1552830458088419,0.1534881804413825,HIGH,False,False,OK,8.861271060769088,LOW,0.992,NOT_CANDIDATE,-0.13999823985308435,-0.1552830458088419,STABLE_NEGATIVE,4842943.862530605,9422940.651141884,5859375.0,5533969.151065583,326250000.0,308131402.3313317,True,True,15.29133063068311,22.0706371816479,22.0706371816479,-12.486973990484184,70.27454244712345,STABLE_POSITIVE,6.77930655096479,POTENTIAL_UNDERVALUED_SIGNAL,POSITIVE,HIGH,POSITIVE,POSITIVE,DOUBLE_POSITIVE,False,False,False,True,UNCERTAIN,LOW
A61203017,동부,해운대구,좌동,679.0,상당초등학교,해운대구|좌동,0,해운대구|좌동,78.09409492273733,12.657868618893332,B,58.44,5971937.029431896,5903490.759753593,6,27,27,6664,6470579.118705298,378140643.6971376,271090843.3932361,527462840.96459824,67.79805393696243,F_S,0.1698021528110204,0.1313117722129474,-0.0702586403893814,0.1647976039979107,HIGH,False,False,OK,-5.132088301728562,LOW,0.774,NOT_CANDIDATE,-0.032776770745113204,-0.07025864038938145,STABLE_NEGATIVE,4638789.243552979,9025715.964486623,5971937.029431896,5903490.759753593,349000000.0,345000000.0,True,True,8.34975464101364,9.605983680329743,9.605983680329743,-21.422943943989537,52.88777998973862,STABLE_POSITIVE,1.2562290393161035,POTENTIAL_UNDERVALUED_SIGNAL,POSITIVE,HIGH,POSITIVE,NEGATIVE,LOCAL_ONLY_POSITIVE,False,False,False,True,LOCAL_VALUE_CANDIDATE,LOW
A61203018,대림2,해운대구,좌동,682.0,좌동초등학교,해운대구|좌동,0,해운대구|좌동,59.09834437086093,3.935307150387124,B,59.816,6496281.364954346,6436404.975257456,14,31,27,6661,5855971.685526426,350280802.3414487,251117989.3353568,488601556.6376378,67.79805393696266,F_S,0.1698021528110204,0.1313117722129474,0.0908817883503658,0.1377037142828253,HIGH,False,False,OK,-15.317064222787366,HIGH,0.0,NOT_CANDIDATE,0.09123388938120414,0.09088178835036587,STABLE_POSITIVE,4198174.223207115,8168409.065093583,6496281.364954346,6436404.975257456,388581566.1261092,385000000.0,True,True,-9.856557058661508,-9.017973417805525,-9.017973417805525,-34.774548224582645,26.90949523055528,STABLE_NEGATIVE,0.8385836408559832,POTENTIAL_OVERVALUED_SIGNAL,NEGATIVE,HIGH,NEGATIVE,NEGATIVE,DOUBLE_NEGATIVE,False,False,False,True,NEGATIVE_OR_FULLY_PRICED,LOW
A61203019,삼성,해운대구,좌동,728.0,상당초등학교,해운대구|좌동,0,해운대구|좌동,78.09409492273733,12.657868618893351,B,59.944,7310478.35230497,6968321.2604733445,15,32,27,6611,6662464.261648322,399374757.7002471,286313681.6936371,557081995.3298635,67.79805393696242,F_S,0.1698021528110204,0.1313117722129474,0.0400096474219964,0.1598717286585109,HIGH,False,False,OK,-23.307041079292524,HIGH,0.0,NOT_CANDIDATE,0.06889095030532033,0.04000964742199642,STABLE_POSITIVE,4776352.624009693,9293373.737652868,7310478.35230497,6968321.2604733445,438219314.3505691,417709049.63781416,True,True,-8.864181787123815,-4.389249395832884,-4.389249395832884,-31.456193744930104,33.366034519217735,STABLE_NEGATIVE,4.474932391290931,POTENTIAL_OVERVALUED_SIGNAL,NEGATIVE,HIGH,NEGATIVE,NEGATIVE,DOUBLE_NEGATIVE,False,False,False,True,NEGATIVE_OR_FULLY_PRICED,LOW
A61203020,건영1,해운대구,좌동,788.0,부흥초등학교,해운대구|좌동,0,해운대구|좌동,82.6453642384106,14.854217222538658,B,59.88,6003077.583738906,5819973.279893119,12,32,27,6607,6350865.774260587,380289842.562724,272631614.38097006,530460726.958436,67.79805393696266,F_S,0.1698021528110204,0.1313117722129474,-0.0696161272418818,0.1425091407019302,HIGH,False,False,OK,5.714488470816667,LOW,0.99,NOT_CANDIDATE,-0.028818351278768972,-0.06961612724188182,STABLE_NEGATIVE,4552966.172026888,8858729.575124182,6003077.583738906,5819973.279893119,359464285.71428573,348500000.0,True,True,5.793498179396628,9.121906043823236,9.121906043823236,-21.76998152626397,52.21254719036901,STABLE_POSITIVE,3.328407864426608,POTENTIAL_UNDERVALUED_SIGNAL,POSITIVE,HIGH,POSITIVE,POSITIVE,DOUBLE_POSITIVE,False,False,False,True,UNCERTAIN,LOW
A61203021,해운대 센트럴파크,해운대구,좌동,799.0,양운초등학교,해운대구|좌동,0,해운대구|좌동,61.9123068432671,5.183506659607939,B,59.99,4750791.798633105,4817469.578263043,9,37,27,6612,5242299.75981981,314485562.5915904,225456210.0609127,438671301.41071963,67.79805393696266,F_S,0.1698021528110204,0.1313117722129474,-0.0564542264908656,0.1460194655834059,HIGH,False,False,OK,21.00800562864656,HIGH,1.0,NOT_CANDIDATE,-0.07285521822300467,-0.05645422649086562,STABLE_NEGATIVE,3758229.872660655,7312407.091360554,4750791.798633105,4817469.578263043,285000000.0,289000000.0,True,True,10.345811435645746,8.818533768716396,8.818533768716396,-21.98747056715824,51.78937765076803,STABLE_POSITIVE,1.5272776669293506,POTENTIAL_UNDERVALUED_SIGNAL,POSITIVE,HIGH,POSITIVE,POSITIVE,DOUBLE_POSITIVE,True,False,False,True,ROBUST_DUAL_POSITIVE,LOW
A61203022,롯데3차,해운대구,좌동,824.0,부흥초등학교,해운대구|좌동,0,해운대구|좌동,82.6453642384106,14.854217222538637,B,59.6,6585570.469798658,6291946.308724832,16,42,27,6555,5975208.237801358,356122410.97296095,255305866.61616614,496749930.8892261,67.79805393696266,F_S,0.1698021528110204,0.1313117722129474,0.0687201489078672,0.1352363848542264,HIGH,False,False,OK,-4.169990445384608,LOW,0.446,NOT_CANDIDATE,0.08984251594318415,0.06872014890786726,STABLE_POSITIVE,4283655.480137016,8334730.384047417,6585570.469798658,6291946.308724832,392500000.0,375000000.0,True,True,-9.268175548290202,-5.034023740543747,-5.034023740543747,-31.918435569022364,32.46664823712695,STABLE_NEGATIVE,4.234151807746455,POTENTIAL_OVERVALUED_SIGNAL,NEGATIVE,HIGH,NEGATIVE,NEGATIVE,DOUBLE_NEGATIVE,False,False,False,True,NEGATIVE_OR_FULLY_PRICED,LOW
A61203023,롯데4,해운대구,좌동,842.0,부흥초등학교,해운대구|좌동,0,해운대구|좌동,82.6453642384106,14.854217222538658,B,59.6,5855704.697986577,5788590.604026846,12,39,27,6543,5845181.175427649,348372798.0554879,249750131.90003365,485940109.4273993,67.79805393696266,F_S,0.1698021528110204,0.1313117722129474,-0.0093376741801183,0.1412428041155841,HIGH,False,False,OK,13.781700992141444,HIGH,1.0,NOT_CANDIDATE,-0.009346127025394502,-0.009337674180118327,STABLE_NEGATIVE,4190438.454698551,8153357.540728176,5855704.697986577,5788590.604026846,349000000.0,345000000.0,True,True,-0.17971402421550486,0.9776226247790953,0.9776226247790953,-27.608657420280103,40.85220563113023,MIXED,1.1573366489946002,WITHIN_MODEL_RANGE,NEUTRAL_POINT_GAP,LOW,NEUTRAL,POSITIVE,SCHOOL_ONLY_POSITIVE,False,False,False,True,SCHOOL_VALUE_CANDIDATE,LOW
A61203024,대우,해운대구,좌동,852.0,해송초등학교,해운대구|좌동,0,해운대구|좌동,61.5385761589404,5.016870245024108,B,59.946,6322356.787775665,6172221.666166216,30,58,27,6580,5875017.0627465695,352183772.84340584,252482238.02675426,491255982.29635656,67.79805393696266,F_S,0.1698021528110204,0.1313117722129474,0.053783100940052,0.1310416262151167,HIGH,False,False,OK,-12.31449568220021,HIGH,0.014,NOT_CANDIDATE,0.06734056998794102,0.05378310094005201,STABLE_POSITIVE,4211827.945596942,8194975.18260362,6322356.787775665,6172221.666166216,379000000.0,370000000.0,True,True,-7.075521677201624,-4.8151965288092295,-4.8151965288092295,-31.76155729006641,32.7718871071234,STABLE_NEGATIVE,2.2603251483923943,POTENTIAL_OVERVALUED_SIGNAL,NEGATIVE,HIGH,NEGATIVE,NEGATIVE,DOUBLE_NEGATIVE,False,False,False,True,NEGATIVE_OR_FULLY_PRICED,LOW
A61203025,벽산1,해운대구,좌동,880.0,신곡초등학교,해운대구|좌동,0,해운대구|좌동,75.86605960264902,11.598028228028737,B,59.73,8454712.874602377,8434640.787650794,17,36,27,6589,6540824.295356752,390683435.1616588,280082830.8277999,544958596.92148,67.79805393696266,F_S,0.1698021528110204,0.1313117722129474,0.2358212503526244,0.1629301009583199,HIGH,False,False,OK,-46.58421806266741,HIGH,0.0,NOT_CANDIDATE,0.23079297996851444,0.23582125035262447,STABLE_POSITIVE,4689148.3480294645,9123699.931717394,8454712.874602377,8434640.787650794,505000000.0,503801094.2463819,True,True,-22.636943532344787,-22.452841086804654,-22.452841086804654,-44.40606937411166,8.169395252438694,STABLE_NEGATIVE,0.18410244554013389,POTENTIAL_OVERVALUED_SIGNAL,NEGATIVE,HIGH,NEGATIVE,NEGATIVE,DOUBLE_NEGATIVE,False,False,False,True,NEGATIVE_OR_FULLY_PRICED,LOW
A61203026,화목,해운대구,좌동,896.0,신곡초등학교,해운대구|좌동,0,해운대구|좌동,75.86605960264902,11.598028228028737,B,56.345,7809033.632088029,7720294.613541574,11,21,27,6609,6352096.608556973,357908883.4091426,256586597.28475606,499241855.10366744,67.79805393696267,F_S,0.1698021528110204,0.1313117722129474,0.1724469334629681,0.1891893412929551,HIGH,False,False,OK,-30.286049128905955,HIGH,0.0,NOT_CANDIDATE,0.17058146754778747,0.17244693346296813,STABLE_POSITIVE,4553848.563044744,8860446.447842177,7809033.632088029,7720294.613541574,440000000.0,435000000.0,True,True,-18.657071952467586,-17.72209576801319,-17.72209576801319,-41.01457533683769,14.768242552567234,STABLE_NEGATIVE,0.9349761844543956,POTENTIAL_OVERVALUED_SIGNAL,NEGATIVE,HIGH,NEGATIVE,NEGATIVE,DOUBLE_NEGATIVE,False,False,False,True,NEGATIVE_OR_FULLY_PRICED,LOW
A61203027,LH뜨란채아파트,해운대구,좌동,928.0,양운초등학교,해운대구|좌동,0,해운대구|좌동,61.9123068432671,5.183506659607939,B,59.98,4859953.317772592,4751583.861287096,20,41,27,6568,5008207.079136891,300392260.60663074,215352654.18830383,419012761.05684876,67.79805393696266,F_S,0.1698021528110204,0.1313117722129474,-0.0313101036963807,0.1419087246479828,HIGH,False,False,OK,17.02775450696209,HIGH,1.0,NOT_CANDIDATE,-0.02926445274815581,-0.031310103696380764,STABLE_NEGATIVE,3590407.705706966,6985874.642494978,4859953.317772592,4751583.861287096,291500000.00000006,285000000.0,True,True,3.0505182183981683,5.400793195309039,5.400793195309039,-24.43766519708638,47.022021423455705,STABLE_POSITIVE,2.350274976910871,POTENTIAL_UNDERVALUED_SIGNAL,POSITIVE,HIGH,POSITIVE,POSITIVE,DOUBLE_POSITIVE,True,False,False,True,ROBUST_DUAL_POSITIVE,LOW
A61203028,코오롱,해운대구,좌동,928.0,신도초등학교,해운대구|좌동,0,해운대구|좌동,67.07527593818985,7.512776595022341,B,59.985,6325389.820535452,6003531.489111242,9,33,27,6612,5997181.860081776,359740953.87700534,257900017.40123135,501797383.34410745,67.79805393696267,F_S,0.1698021528110204,0.1313117722129474,0.0364580964081628,0.1422713534710781,HIGH,False,False,OK,-6.971336144983308,LOW,0.036,NOT_CANDIDATE,0.048377365124414595,0.03645809640816289,STABLE_POSITIVE,4299408.475472724,8365381.067668708,6325389.820535452,6003531.489111242,379428508.3848191,360121836.37433785,True,True,-5.18873887247463,-0.10576489922610177,-0.10576489922610177,-28.38534313893962,39.34100425459937,STABLE_NEGATIVE,5.082973973248528,WITHIN_MODEL_RANGE,NEUTRAL_POINT_GAP,HIGH,NEUTRAL,NEGATIVE,MIXED_OR_NEUTRAL,False,False,False,True,UNCERTAIN,LOW
A61203029,건영2,해운대구,좌동,938.0,부흥초등학교,해운대구|좌동,0,해운대구|좌동,82.6453642384106,14.85421722253857,B,84.64,6689061.763319189,6420610.256196037,22,48,27,6574,6517378.888876582,551630949.1545138,395466876.5198394,769461924.9605945,67.79805393696243,F_S,0.1698021528110204,0.1313117722129474,0.0166130829619568,0.1463609109942537,HIGH,False,False,OK,-7.510472659222135,LOW,0.396,NOT_CANDIDATE,0.030441972912280235,0.01661308296195685,STABLE_POSITIVE,4672340.223533074,9090996.277889822,6689061.763319189,6420610.256196037,566162187.6473361,543440452.0844326,True,True,-2.5666211573058706,1.5071563109933406,1.5071563109933406,-27.229032177678782,41.590844407925246,MIXED,4.073777468299211,WITHIN_MODEL_RANGE,NEUTRAL_POINT_GAP,LOW,NEUTRAL,NEGATIVE,MIXED_OR_NEUTRAL,False,False,False,False,UNCERTAIN,LOW
A61203031,상록,해운대구,좌동,1000.0,해송초등학교,해운대구|좌동,0,해운대구|좌동,61.5385761589404,5.016870245024108,B,59.85,4845446.9507101085,4954051.796157059,25,48,27,6542,5178080.527828325,309908119.5905252,222174619.19141307,432286293.2664241,67.79805393696267,F_S,0.1698021528110204,0.1313117722129474,-0.0322745278407081,0.1654276884986313,HIGH,False,False,OK,20.232746865958333,HIGH,1.0,NOT_CANDIDATE,-0.05941455528816597,-0.03227452784070817,STABLE_NEGATIVE,3712190.796849007,7222828.626005416,4845446.9507101085,4954051.796157059,290000000.0,296500000.0,True,True,6.864868824319048,4.522131396467177,4.522131396467177,-25.067582060231675,45.79638896000813,STABLE_POSITIVE,2.342737427851871,POTENTIAL_UNDERVALUED_SIGNAL,POSITIVE,HIGH,POSITIVE,POSITIVE,DOUBLE_POSITIVE,True,False,False,True,ROBUST_DUAL_POSITIVE,LOW
A61203032,대우2,해운대구,좌동,1002.0,좌산초등학교,해운대구|좌동,0,해운대구|좌동,62.41092715231788,5.406239769200183,B,59.946,5947018.983752044,5888633.103126147,20,46,27,6543,5805894.163648417,348040131.534068,249511641.6732792,485476077.7730224,67.79805393696267,F_S,0.1698021528110204,0.1313117722129474,0.0162791197281606,0.1672737321622917,HIGH,False,False,OK,1.295256589365695,LOW,0.16,NOT_CANDIDATE,0.02118821940133575,0.01627911972816065,STABLE_POSITIVE,4162273.4072878794,8098556.6638812,5947018.983752044,5888633.103126147,356500000.0,353000000.0,True,True,-2.3730346328000085,-1.4050618883660104,-1.4050618883660104,-29.31681539000589,37.52863393003467,STABLE_NEGATIVE,0.9679727444339981,WITHIN_MODEL_RANGE,NEUTRAL_POINT_GAP,HIGH,NEUTRAL,NEUTRAL,MIXED_OR_NEUTRAL,False,False,False,True,UNCERTAIN,LOW
A61203033,벽산2,해운대구,좌동,1070.0,좌산초등학교,해운대구|좌동,0,해운대구|좌동,62.41092715231788,5.406239769200183,B,59.73,5231876.7788381055,5198665.824335534,23,52,27,6529,5876863.9305902,351025082.57415265,251651567.4084037,489639742.22429544,67.79805393696266,F_S,0.1698021528110204,0.1313117722129474,-0.0850821089673186,0.154026951835651,HIGH,False,False,OK,10.588935081427618,LOW,0.97,NOT_CANDIDATE,-0.08451468940372031,-0.0850821089673186,STABLE_NEGATIVE,4213151.974023166,8197551.351486614,5231876.7788381055,5198665.824335534,312500000.0,310516309.68756145,True,True,12.328026423728854,13.045618417709125,13.045618417709125,-18.957053282768587,57.685676065442834,STABLE_POSITIVE,0.7175919939802711,POTENTIAL_UNDERVALUED_SIGNAL,POSITIVE,HIGH,POSITIVE,POSITIVE,DOUBLE_POSITIVE,False,False,False,True,UNCERTAIN,LOW
A61203034,대동타운,해운대구,좌동,1240.0,좌동초등학교,해운대구|좌동,0,해운대구|좌동,59.09834437086093,3.935307150387146,B,59.95,6005004.1701417845,5734058.329214038,21,57,27,6503,5851627.184402178,350805049.7049106,251493824.7877907,489332821.6003147,67.79805393696266,F_S,0.1698021528110204,0.1313117722129474,0.0332626490611751,0.1572994373821478,HIGH,False,False,OK,-0.6538062162728959,LOW,0.658,NOT_CANDIDATE,0.04943003531387724,0.033262649061175154,STABLE_POSITIVE,4195059.629487751,8162348.98415871,6005004.1701417845,5734058.329214038,360000000.0,343756796.8363816,True,True,-2.554152859747061,2.0503602934966114,2.0503602934966114,-26.839606634019653,42.34855168062992,MIXED,4.604513153243673,WITHIN_MODEL_RANGE,NEUTRAL_POINT_GAP,LOW,NEUTRAL,NEUTRAL,MIXED_OR_NEUTRAL,False,False,False,False,UNCERTAIN,LOW
A61203035,경남선경,해운대구,좌동,1358.0,좌산초등학교,해운대구|좌동,0,해운대구|좌동,62.41092715231788,5.406239769200183,B,59.85,4477861.319966583,4477861.319966583,25,53,27,6510,5954957.957083298,356404233.73143536,255507906.70510042,497143041.3239575,67.79805393696267,F_S,0.1698021528110204,0.1313117722129474,-0.2421107317767798,0.1575057156720666,HIGH,False,False,OK,24.369635438918465,HIGH,1.0,NOT_CANDIDATE,-0.26285950784076206,-0.24211073177677989,STABLE_NEGATIVE,4269137.9566432815,8306483.564310066,4477861.319966583,4477861.319966583,267999999.99999997,267999999.99999997,True,True,32.98665437740127,32.98665437740127,32.98665437740127,-4.661228841380427,85.50113482237222,STABLE_POSITIVE,0.0,POTENTIAL_UNDERVALUED_SIGNAL,POSITIVE,HIGH,POSITIVE,POSITIVE,DOUBLE_POSITIVE,True,True,False,True,UNCERTAIN,HIGH
A61203036,두산1차아파트,해운대구,좌동,1422.0,양운초등학교,해운대구|좌동,0,해운대구|좌동,61.9123068432671,5.1835066596079615,B,59.94,6352051.095327379,5705705.705705706,20,49,27,6480,5728070.775748604,343340562.2983713,246142497.9196912,478920717.53421193,67.79805393696267,F_S,0.1698021528110204,0.1313117722129474,0.0268988290179557,0.16704316159719,HIGH,False,False,OK,-7.607391102831795,MEDIUM,0.238,NOT_CANDIDATE,0.06767257348424227,0.026898829017955705,STABLE_POSITIVE,4106481.446774962,7990001.960864397,6352051.095327379,5705705.705705706,380741942.6539231,342000000.0,True,True,-9.823288733268853,0.3919772802255306,0.3919772802255306,-28.028509380207247,40.03529752462338,MIXED,10.215266013494384,WITHIN_MODEL_RANGE,NEUTRAL_POINT_GAP,LOW,NEUTRAL,NEGATIVE,MIXED_OR_NEUTRAL,False,False,False,False,UNCERTAIN,LOW
A61203037,대림,해운대구,좌동,1424.0,좌동초등학교,해운대구|좌동,0,해운대구|좌동,59.09834437086093,3.9353071503871018,B,59.816,6937943.025277518,6478199.812759128,21,52,27,6489,5671802.20987927,339264520.9861384,243220364.3287729,473235107.25593305,67.79805393696266,F_S,0.1698021528110204,0.1313117722129474,0.1767414554528068,0.1511495437520196,HIGH,False,False,OK,-19.67867759392248,MEDIUM,0.0,NOT_CANDIDATE,0.20971474723462435,0.17674145545280684,STABLE_POSITIVE,4066142.2416873896,7911513.763139177,6937943.025277518,6478199.812759128,415000000.0,387500000.00000006,True,True,-18.24951301538834,-12.447865551964298,-12.447865551964298,-37.23345436676829,22.125188969273026,STABLE_NEGATIVE,5.801647463424043,POTENTIAL_OVERVALUED_SIGNAL,NEGATIVE,HIGH,NEGATIVE,NEGATIVE,DOUBLE_NEGATIVE,False,False,False,True,NEGATIVE_OR_FULLY_PRICED,LOW
A61203038,SKVIEW,해운대구,좌동,1721.0,좌산초등학교,해운대구|좌동,0,해운대구|좌동,62.41092715231788,5.406239769200183,B,59.91,4334055.675945991,4182585.964206717,30,89,27,6291,4892354.971490487,293100986.34199506,210125504.65344828,408842269.46336365,67.79805393696266,F_S,0.1698021528110204,0.1313117722129474,-0.1216267952645306,0.1642475277861455,HIGH,False,False,OK,32.09802977224911,MEDIUM,1.0,NOT_CANDIDATE,-0.10761048698814601,-0.12162679526453068,STABLE_NEGATIVE,3507352.7733842144,6824274.2357430095,4334055.675945991,4182585.964206717,259653275.54592428,250578725.1156244,True,True,12.88168259219782,16.96962150587591,16.96962150587591,-16.14391662480915,63.15921045360567,STABLE_POSITIVE,4.087938913678091,POTENTIAL_UNDERVALUED_SIGNAL,POSITIVE,HIGH,POSITIVE,POSITIVE,DOUBLE_POSITIVE,True,False,False,True,ROBUST_DUAL_POSITIVE,LOW
A61203039,엘지,해운대구,좌동,1848.0,상당초등학교,해운대구|좌동,0,해운대구|좌동,78.09409492273733,12.657868618893332,B,59.94,6221151.916516155,5819787.276740919,15,65,27,6407,6178767.144025406,370355302.6128828,265509494.98276207,516603182.8066457,67.79805393696266,F_S,0.1698021528110204,0.1313117722129474,0.0233614536323383,0.1615503136738657,HIGH,False,False,OK,5.255058633154143,MEDIUM,0.678,NOT_CANDIDATE,0.03118844421459599,0.023361453632338325,STABLE_POSITIVE,4429587.837550252,8618671.718495924,6221151.916516155,5819787.276740919,372895845.8759783,348838049.36785066,True,True,-0.681301036520654,6.168264409236546,6.168264409236546,-23.88746139823136,48.092555769879986,MIXED,6.8495654457572,POTENTIAL_UNDERVALUED_SIGNAL,POSITIVE,LOW,POSITIVE,POSITIVE,DOUBLE_POSITIVE,False,False,False,False,UNCERTAIN,LOW
A61204001,송정1단지주공아파트,해운대구,송정동,828.0,송정초등학교,해운대구|송정동,1,해운대구|송정동;해운대구|우동,33.210596026490066,,B,,,,0,0,19,3929,,,,,,INSUFFICIENT_FEATURES,,,,,LOW,True,True,INSUFFICIENT_MODEL_FEATURES,,LOW,,NOT_CANDIDATE,,,,,,,,,,False,False,,,,,,INSUFFICIENT,,INSUFFICIENT,MISSING,LOW,MISSING,MISSING,MIXED_OR_NEUTRAL,False,False,False,False,UNCERTAIN,LOW
A61204002,부산송정2휴먼시아,해운대구,송정동,890.0,송정초등학교,해운대구|송정동,1,해운대구|송정동;해운대구|우동,33.210596026490066,,B,,,,0,0,19,3929,,,,,,INSUFFICIENT_FEATURES,,,,,LOW,True,True,INSUFFICIENT_MODEL_FEATURES,,LOW,,NOT_CANDIDATE,,,,,,,,,,False,False,,,,,,INSUFFICIENT,,INSUFFICIENT,MISSING,LOW,MISSING,MISSING,MIXED_OR_NEUTRAL,False,False,False,False,UNCERTAIN,LOW
A61205002,센텀동부센트레빌,해운대구,재송동,703.0,재송초등학교,해운대구|재송동,0,해운대구|재송동,26.85298013245033,-9.353063482901526,B,84.9926,6236486.454735808,6377333.40393112,10,21,10,3015,5765665.413892211,490038894.2567752,296634149.89848334,809543061.6015878,104.6669800528824,F_S,0.256114899500908,0.1895901232928625,0.1665536876166555,0.1461565173529024,MEDIUM,False,False,OK,7.216000733884275,LOW,0.33,NOT_CANDIDATE,0.15986133411671588,0.16655368761665557,STABLE_POSITIVE,3490117.3737299875,9524865.242404489,6236486.454735808,6377333.40393112,530055198.6527786,542026147.0669562,True,True,-7.549459848278328,-9.591281360040927,-9.591281360040927,-45.27309217393892,49.35498333101363,STABLE_NEGATIVE,2.041821511762599,POTENTIAL_OVERVALUED_SIGNAL,NEGATIVE,LOW,NEGATIVE,POSITIVE,SCHOOL_ONLY_POSITIVE,False,False,False,True,UNCERTAIN,LOW
A61205003,더샵센텀스타,해운대구,재송동,629.0,센텀초등학교,해운대구|재송동,0,해운대구|재송동,89.52671081677705,18.256596836535067,A,135.65,11057869.517139696,10689273.866568374,6,25,10,3021,9721163.579509553,1318675839.5604708,798231102.1515023,2178449280.106439,104.66698005288238,F_S,0.256114899500908,0.1895901232928625,0.1350133323452702,0.2011716107834139,MEDIUM,False,False,OK,-45.49114452492064,HIGH,0.002,NOT_CANDIDATE,0.16828577138943146,0.13501333234527024,STABLE_POSITIVE,5884490.248075947,16059338.592749275,11057869.517139696,10689273.866568374,1499999999.9999998,1450000000.0,True,True,-12.088277362635269,-9.056838651002009,-9.056838651002009,-44.94957916196536,50.237881386650976,STABLE_NEGATIVE,3.0314387116332604,POTENTIAL_OVERVALUED_SIGNAL,NEGATIVE,LOW,NEGATIVE,NEGATIVE,DOUBLE_NEGATIVE,False,False,False,True,NEGATIVE_OR_FULLY_PRICED,LOW
A61206110,센텀롯데캐슬3차아파트,해운대구,반여동,517.0,무정초등학교,해운대구|반여동,0,해운대구|반여동,75.30364238410596,11.332075238285563,B,59.9399,4842327.235413592,4696166.418720261,12,27,12,3171,5144966.49798354,308388777.3924836,206568144.7730382,460398374.2320173,82.3085170625167,F_S,0.2044545379514155,0.1594074158392314,-0.0650726164844428,0.1395650301857241,HIGH,False,False,OK,-3.0382692362161965,LOW,0.566,NOT_CANDIDATE,-0.014672998508428847,-0.06507261648444285,STABLE_NEGATIVE,3446254.411052374,7681000.038905925,4842327.235413592,4696166.418720261,290248610.2579672,281487745.5214506,True,True,6.249872176267712,9.556732859257998,9.556732859257998,-26.615581651565424,63.558940507032816,STABLE_POSITIVE,3.306860682990286,POTENTIAL_UNDERVALUED_SIGNAL,POSITIVE,HIGH,POSITIVE,NEGATIVE,LOCAL_ONLY_POSITIVE,False,False,False,True,LOCAL_VALUE_CANDIDATE,LOW
A61206113,우방신세계타운,해운대구,반여동,998.0,반안초등학교,해운대구|반여동,0,해운대구|반여동,64.27847682119204,6.244671660872059,B,77.67,3476245.654692932,3532736.693358455,21,37,12,3086,4478075.781704413,347812145.96498173,232975111.250811,519254130.75790364,82.30851706251671,F_S,0.2044545379514155,0.1594074158392314,-0.25142807045418,0.1457426987476853,HIGH,False,False,OK,31.646294728720324,MEDIUM,1.0,NOT_CANDIDATE,-0.24741977158984163,-0.25142807045418003,STABLE_NEGATIVE,2999550.807915682,6685388.576772288,3476245.654692932,3532736.693358455,270000000.00000006,274387658.9731512,True,True,28.819313320363584,26.759398460779572,26.759398460779572,-15.092715130600098,89.24106597983423,STABLE_POSITIVE,2.059914859584012,POTENTIAL_UNDERVALUED_SIGNAL,POSITIVE,HIGH,POSITIVE,POSITIVE,DOUBLE_POSITIVE,True,False,False,True,ROBUST_DUAL_POSITIVE,LOW
A61206114,센텀롯데캐슬2차,해운대구,반여동,1165.0,무정초등학교,해운대구|반여동,0,해운대구|반여동,75.30364238410596,11.332075238285633,B,84.97,4077909.850535483,4095563.1399317407,24,53,12,3022,5237966.052135882,445069975.44998586,298121351.56227666,664451848.2456672,82.30851706251671,F_S,0.2044545379514155,0.1594074158392314,-0.2288282768478264,0.1536912514404007,HIGH,False,False,OK,26.053881424513325,MEDIUM,1.0,TIER_1,-0.22768516087459378,-0.22882827684782647,STABLE_NEGATIVE,3508548.3295548623,7819840.511305958,4077909.850535483,4095563.1399317407,346500000.0,348000000.0,True,True,28.44732336218929,27.893671106317775,27.893671106317775,-14.332944953368775,90.9344391510538,STABLE_POSITIVE,0.5536522558715156,POTENTIAL_UNDERVALUED_SIGNAL,POSITIVE,HIGH,POSITIVE,POSITIVE,DOUBLE_POSITIVE,True,False,False,True,ROBUST_DUAL_POSITIVE,LOW
A61206118,메가센텀한화꿈에그린,해운대구,반여동,1564.0,장산초등학교,해운대구|반여동,0,해운대구|반여동,72.56655629139073,10.046795965102053,B,84.9914,5892181.998993595,5956102.024915839,28,68,12,2923,5713427.253852217,485592181.10305536,325264352.40245605,724948075.6399114,82.30851706251671,F_S,0.2044545379514155,0.1594074158392314,0.0675109408625314,0.136472382159888,HIGH,False,False,OK,-12.493737499882984,MEDIUM,0.0,NOT_CANDIDATE,0.056029168805412866,0.0675109408625314,STABLE_POSITIVE,3827026.6450776905,8529663.891169123,5892181.998993595,5956102.024915839,500784797.1492642,506217449.640432,True,True,-3.0337614345909425,-4.074389089516139,-4.074389089516139,-35.746120045152054,43.20882777842694,STABLE_NEGATIVE,1.040627654925197,POTENTIAL_OVERVALUED_SIGNAL,NEGATIVE,HIGH,NEGATIVE,NEGATIVE,DOUBLE_NEGATIVE,False,False,False,True,NEGATIVE_OR_FULLY_PRICED,LOW
A61270515,센텀롯데캐슬아파트,해운대구,반여동,1198.0,인지초등학교,해운대구|반여동,0,해운대구|반여동,62.44166666666668,5.4199864989022295,B,59.9675,4855074.96157555,4902936.909409455,24,51,12,2996,5055525.726477319,303167239.00252867,203070600.18923697,452603058.83159405,82.3085170625167,F_S,0.2044545379514155,0.1594074158392314,-0.0069734174134694,0.1434522592530977,HIGH,False,False,OK,-7.895795532956496,MEDIUM,0.3,NOT_CANDIDATE,-0.01694246986637804,-0.006973417413469463,STABLE_NEGATIVE,3386344.272968474,7547472.52814598,4855074.96157555,4902936.909409455,291146707.7582818,294016869.1150115,True,True,4.128685272383925,3.112192138859138,3.112192138859138,-30.932330243336757,53.93778601681112,STABLE_POSITIVE,1.0164931335247873,POTENTIAL_UNDERVALUED_SIGNAL,POSITIVE,HIGH,POSITIVE,NEGATIVE,LOCAL_ONLY_POSITIVE,False,False,False,True,LOCAL_VALUE_CANDIDATE,LOW
A61271101,센텀삼환Nauville,해운대구,우동,926.0,강동초등학교,해운대구|우동,0,해운대구|우동,65.61307947019867,6.847921108681931,B,59.86,8561643.835616438,8219178.082191781,25,59,18,3727,10894803.900615215,652162961.4908267,392053195.9805541,1084843926.0308492,106.22969579054204,F_S,0.2596412943969097,0.2081108828451275,-0.240086437508479,0.1731388373629244,MEDIUM,False,False,OK,12.29723553694091,LOW,0.998,NOT_CANDIDATE,-0.21039707183664014,-0.24008643750847902,STABLE_NEGATIVE,6549502.104586604,18123019.145186257,8561643.835616438,8219178.082191781,512499999.99999994,492000000.0,True,True,27.25130955918571,32.5534474574851,32.5534474574851,-20.31439106086299,120.49673293309944,STABLE_POSITIVE,5.302137898299389,POTENTIAL_UNDERVALUED_SIGNAL,POSITIVE,LOW,POSITIVE,POSITIVE,DOUBLE_POSITIVE,False,True,False,True,UNCERTAIN,MEDIUM
A61271204,더샵센텀파크1차,해운대구,재송동,2752.0,센텀초등학교,해운대구|재송동,0,해운대구|재송동,89.52671081677705,18.25659683653531,A,100.945,13587133.103100346,13563345.179589808,45,132,10,2594,14481883.930866256,1461873773.4012942,884912787.7685509,2415011918.572802,104.66698005288238,F_S,0.256114899500908,0.1895901232928625,-0.0033836942682672,0.1395045629674313,MEDIUM,False,False,OK,-69.63432390207761,HIGH,0.0,NOT_CANDIDATE,0.04521421322712982,-0.0033836942682672344,MIXED,8766286.470538916,23924037.03574028,13587133.103100346,13563345.179589808,1371553151.0924644,1369151879.153693,True,True,6.585280507495317,6.772213927421622,6.772213927421622,-35.36781410141747,76.38743775201779,STABLE_POSITIVE,0.18693341992630508,POTENTIAL_UNDERVALUED_SIGNAL,POSITIVE,LOW,POSITIVE,NEGATIVE,LOCAL_ONLY_POSITIVE,False,False,False,True,UNCERTAIN,LOW
A61271302,더샵센텀파크2차,해운대구,재송동,998.0,센텀초등학교,해운대구|재송동,0,해운대구|재송동,89.52671081677705,18.25659683653509,A,100.945,12110270.809285091,11931087.926211538,10,37,10,2888,9752072.893226895,984422998.2067888,595898575.8803363,1626264399.0494227,104.6669800528824,F_S,0.256114899500908,0.1895901232928625,0.2268921778315835,0.1413462732608915,MEDIUM,False,False,OK,-49.635544410093736,MEDIUM,0.0,NOT_CANDIDATE,0.2893502585251575,0.22689217783158355,STABLE_POSITIVE,5903200.513946568,16110400.703842912,12110270.809285091,11931087.926211538,1222471286.8432834,1204383670.7114236,True,True,-19.47271000950811,-18.26333898853886,-18.26333898853886,-50.52252945871128,35.02876521804686,STABLE_NEGATIVE,1.2093710209692503,POTENTIAL_OVERVALUED_SIGNAL,NEGATIVE,LOW,NEGATIVE,NEGATIVE,DOUBLE_NEGATIVE,False,False,False,True,NEGATIVE_OR_FULLY_PRICED,LOW
A61271919,아시아선수촌아파트,해운대구,반여동,2290.0,인지초등학교,해운대구|반여동,0,해운대구|반여동,62.44166666666668,5.419986498902207,B,84.8,5424528.301886792,5472831.700128473,44,76,12,2850,4985525.976542146,422772602.810774,283185895.93921685,631163755.8593687,82.30851706251671,F_S,0.2044545379514155,0.1594074158392314,0.1118206900704903,0.1729237081671817,HIGH,False,False,OK,-19.976894498276376,MEDIUM,0.044,NOT_CANDIDATE,0.10769696300847365,0.11182069007049034,STABLE_POSITIVE,3339456.3200379345,7442968.81909633,5424528.301886792,5472831.700128473,460000000.0,464096128.1708945,True,True,-8.092912432440425,-8.904087505100645,-8.904087505100645,-38.981198344550926,35.99849633456857,STABLE_NEGATIVE,0.8111750726602196,POTENTIAL_OVERVALUED_SIGNAL,NEGATIVE,HIGH,NEGATIVE,NEGATIVE,DOUBLE_NEGATIVE,False,False,False,True,NEGATIVE_OR_FULLY_PRICED,LOW
A61272011,현대그린맨션,해운대구,반여동,600.0,장산초등학교,해운대구|반여동,0,해운대구|반여동,72.56655629139073,10.046795965102053,B,73.805,3673870.333988213,3749557.835160948,3,7,12,3240,3313708.4784207963,244568254.2498469,163819225.12853068,365119728.4072651,82.3085170625167,F_S,0.2044545379514155,0.1594074158392314,0.0842793008010733,0.2529284973025824,HIGH,False,False,OK,8.653214257986846,LOW,0.86,NOT_CANDIDATE,0.10114757516637951,0.08427930080107338,STABLE_POSITIVE,2219622.3173027663,4947086.62566581,3673870.333988213,3749557.835160948,271150000.00000006,276736116.0240538,True,True,-9.803336068653202,-11.624020108532163,-11.624020108532163,-40.80309159419887,31.937866893936253,STABLE_NEGATIVE,1.8206840398789605,POTENTIAL_OVERVALUED_SIGNAL,NEGATIVE,HIGH,NEGATIVE,POSITIVE,SCHOOL_ONLY_POSITIVE,False,False,False,True,UNCERTAIN,LOW
A61273009,부산도시공사 반송영구임대아파트,해운대구,반송동,1050.0,송운초등학교,해운대구|반송동,1,해운대구|반송동;해운대구|좌동,38.63543046357616,,B,,,,0,0,31,7280,,,,,,INSUFFICIENT_FEATURES,,,,,LOW,True,True,INSUFFICIENT_MODEL_FEATURES,,LOW,,NOT_CANDIDATE,,,,,,,,,,False,False,,,,,,INSUFFICIENT,,INSUFFICIENT,MISSING,LOW,MISSING,MISSING,MIXED_OR_NEUTRAL,False,False,True,False,UNCERTAIN,LOW
A61273306,벽산삼협,해운대구,반송동,764.0,송운초등학교,해운대구|반송동,1,해운대구|반송동;해운대구|좌동,38.63543046357616,-4.706884776418052,B,59.916,1965251.3518926497,2006976.4336738104,10,26,30,7101,2436486.0457504992,145984497.91718692,91020192.64981872,234140062.8992801,98.03771790251967,F_S,0.2410301317701672,0.1824645800248972,-0.1908685141796073,0.1424635894992393,MEDIUM,True,True,OK,40.34837555898675,HIGH,1.0,NOT_CANDIDATE,-0.20252140063038038,-0.19086851417960737,STABLE_NEGATIVE,1519129.9928202603,3907805.309087391,1965251.3518926497,2006976.4336738104,117749999.99999999,120250000.00000001,True,True,23.978342180201228,21.400829868762482,21.400829868762482,-24.307532099942865,94.71107101811234,STABLE_POSITIVE,2.5775123114387455,POTENTIAL_UNDERVALUED_SIGNAL,POSITIVE,MEDIUM,POSITIVE,POSITIVE,DOUBLE_POSITIVE,True,False,True,True,UNCERTAIN,LOW
A61273507,삼한2,해운대구,반송동,848.0,송운초등학교,해운대구|반송동,1,해운대구|반송동;해운대구|좌동,38.63543046357616,-4.70688477641803,B,59.98,1919225.634178905,2000666.888962988,15,25,30,7099,2594335.7904427066,155608260.71075353,97020533.48041497,249575321.14904097,98.03771790251967,F_S,0.2410301317701672,0.1824645800248972,-0.2618039347148819,0.1311885210420153,MEDIUM,True,True,OK,43.9849174421912,HIGH,1.0,NOT_CANDIDATE,-0.2986070614425227,-0.26180393471488195,STABLE_NEGATIVE,1617548.0740315935,4160975.6777099194,1919225.634178905,2000666.888962988,115115153.53805073,120000000.00000001,True,True,35.176174402893025,29.673550592294596,29.673550592294596,-19.14955543298753,107.97943429086745,STABLE_POSITIVE,5.502623810598429,POTENTIAL_UNDERVALUED_SIGNAL,POSITIVE,MEDIUM,POSITIVE,POSITIVE,DOUBLE_POSITIVE,True,True,True,True,UNCERTAIN,HIGH
A61273609,부산반송주공,해운대구,반송동,1710.0,운봉초등학교,해운대구|반송동,1,해운대구|반송동;해운대구|좌동,22.90789183222958,,B,,,,0,0,31,7280,,,,,,INSUFFICIENT_FEATURES,,,,,LOW,True,True,INSUFFICIENT_MODEL_FEATURES,,LOW,,NOT_CANDIDATE,,,,,,,,,,False,False,,,,,,INSUFFICIENT,,INSUFFICIENT,MISSING,LOW,MISSING,MISSING,MIXED_OR_NEUTRAL,False,False,True,False,UNCERTAIN,LOW
A61274011,경남마리나,해운대구,우동,624.0,해강초등학교,해운대구|우동,0,해운대구|우동,82.99199779249447,15.0232397777873,B,59.83,13229149.256225972,13069586.718474036,12,25,18,3824,11569598.482875336,692209077.2304313,416127251.9901578,1151458848.9665635,106.2296957905421,F_S,0.2596412943969097,0.2081108828451275,0.1671965219703004,0.1771740601365507,MEDIUM,False,False,OK,-34.676004426260434,HIGH,0.0,NOT_CANDIDATE,0.1590618282568279,0.16719652197030044,STABLE_POSITIVE,6955160.48788497,19245509.76043061,13229149.256225972,13069586.718474036,791499999.9999999,781953373.3663015,True,True,-12.544652276635325,-11.476937013459242,-11.476937013459242,-46.7836234021558,47.2541571129164,STABLE_NEGATIVE,1.0677152631760833,POTENTIAL_OVERVALUED_SIGNAL,NEGATIVE,LOW,NEGATIVE,NEGATIVE,DOUBLE_NEGATIVE,False,False,False,True,NEGATIVE_OR_FULLY_PRICED,LOW
A61274013,해운대 I PARK,해운대구,우동,1631.0,해원초등학교,해운대구|우동,0,해운대구|우동,76.8108719646799,12.046237162333153,B,112.135,11996704.301610729,12681689.388353089,27,64,18,3383,12167136.666100198,1364361870.053146,820197501.565512,2269554965.6051197,106.22969579054204,F_S,0.2596412943969097,0.2081108828451275,0.0291093872275478,0.2302677005504426,MEDIUM,False,False,OK,2.048005982495516,LOW,0.536,NOT_CANDIDATE,0.05601616178982738,0.029109387227547856,STABLE_POSITIVE,7314375.543456654,20239487.8102744,11996704.301610729,12681689.388353089,1345250436.861119,1422061239.5629737,True,True,1.4206598762844136,-4.057446184776115,-4.057446184776115,-42.32333469565811,59.59614835593135,MIXED,5.4781060610605286,POTENTIAL_OVERVALUED_SIGNAL,NEGATIVE,LOW,NEGATIVE,NEUTRAL,MIXED_OR_NEUTRAL,False,False,False,True,UNCERTAIN,LOW
A61274114,경동,해운대구,우동,892.0,해강초등학교,해운대구|우동,0,해운대구|우동,82.99199779249447,15.023239777787278,B,59.55,8534432.018834608,8298999.411418481,17,45,18,3707,11808232.722590243,703180258.6302489,422722669.0645165,1169708918.6665769,106.22969579054204,F_S,0.2596412943969097,0.2081108828451275,-0.2982428514839359,0.204181256763632,MEDIUM,False,False,OK,16.689503228048792,LOW,0.982,NOT_CANDIDATE,-0.22778741759272414,-0.2982428514839359,STABLE_NEGATIVE,7098617.44860649,19642467.148053348,8534432.018834608,8298999.411418481,508225426.7216009,494205414.9499705,True,True,38.35991307366085,42.28501699064415,42.28501699064415,-14.464176984521782,136.68476372016062,STABLE_POSITIVE,3.9251039169833035,POTENTIAL_UNDERVALUED_SIGNAL,POSITIVE,LOW,POSITIVE,POSITIVE,DOUBLE_POSITIVE,False,True,False,True,UNCERTAIN,MEDIUM
A61274213,롯데,해운대구,우동,852.0,해림초등학교,해운대구|우동,0,해운대구|우동,72.85044150110376,10.179409993571698,B,84.84,7690947.6661951905,7413955.681282414,16,34,18,3748,9716935.243207024,824384786.0336838,495585780.1912247,1371327230.538318,106.22969579054204,F_S,0.2596412943969097,0.2081108828451275,-0.2564267333636012,0.2192623590858718,MEDIUM,False,False,OK,17.948951430305893,LOW,1.0,NOT_CANDIDATE,-0.2288083414201738,-0.2564267333636012,STABLE_NEGATIVE,5841416.551051682,16163687.30007447,7690947.6661951905,7413955.681282414,652500000.0,629000000.0,True,True,26.34249594385958,31.062764075307435,31.062764075307435,-21.210527791538205,118.0170477803367,STABLE_POSITIVE,4.720268131447856,POTENTIAL_UNDERVALUED_SIGNAL,POSITIVE,LOW,POSITIVE,POSITIVE,DOUBLE_POSITIVE,False,True,False,True,UNCERTAIN,MEDIUM
A61274508,동부올림픽타운,해운대구,우동,1680.0,해림초등학교,해운대구|우동,0,해운대구|우동,72.85044150110376,10.179409993571742,B,84.96,10916902.07156309,10706631.96215886,38,88,18,3576,10719301.946588136,910711893.382128,547482039.7677355,1514928513.635856,106.22969579054208,F_S,0.2596412943969097,0.2081108828451275,-0.0416527737827632,0.1497818202551362,MEDIUM,False,False,OK,-7.565565107843273,LOW,0.648,NOT_CANDIDATE,0.027884918070050446,-0.04165277378276322,MIXED,6443997.6432172265,17831079.491947457,10916902.07156309,10706631.96215886,927500000.0,909635451.5050167,True,True,-1.810038449366258,0.11833772258220687,0.11833772258220687,-39.8130274208298,66.54237817241679,MIXED,1.928376171948465,WITHIN_MODEL_RANGE,NEUTRAL_POINT_GAP,LOW,NEUTRAL,NEGATIVE,MIXED_OR_NEUTRAL,False,False,False,True,UNCERTAIN,LOW
A61274707,삼호가든맨션,해운대구,우동,1076.0,강동초등학교,해운대구|우동,0,해운대구|우동,65.61307947019867,6.847921108681931,B,84.99,11825396.825396825,11512303.40528031,7,31,18,3689,9355388.23702115,795114446.2644275,477989671.65457785,1322637329.107932,106.22969579054208,F_S,0.2596412943969097,0.2081108828451275,0.1643168658726992,0.1955685735739666,MEDIUM,False,False,OK,-46.532863430877626,LOW,0.0,NOT_CANDIDATE,0.2026224105739871,0.16431686587269922,STABLE_POSITIVE,5624069.55706057,15562270.021272294,11825396.825396825,11512303.40528031,1005040476.1904761,978430666.4147736,True,True,-20.8873209486802,-18.735739428738952,-18.735739428738952,-51.14731293060781,35.17946386067619,STABLE_NEGATIVE,2.151581519941246,POTENTIAL_OVERVALUED_SIGNAL,NEGATIVE,LOW,NEGATIVE,NEGATIVE,DOUBLE_NEGATIVE,False,False,False,True,NEGATIVE_OR_FULLY_PRICED,LOW
A61274815,센텀삼익아파트,해운대구,재송동,936.0,신재초등학교,해운대구|재송동,0,해운대구|재송동,20.46280353200883,-11.777441304741751,B,53.246,2975262.8148819814,2975304.969356548,9,26,10,2784,4323881.416030657,230229389.87796837,139364242.61114332,380338392.19058996,104.66698005288266,F_S,0.256114899500908,0.1895901232928625,-0.2149110668463176,0.2736325873791782,MEDIUM,False,False,OK,29.72631700519869,HIGH,0.974,NOT_CANDIDATE,-0.2222673453471593,-0.21491106684631767,STABLE_NEGATIVE,2617365.4849405275,7143041.584167636,2975262.8148819814,2975304.969356548,158420843.84120598,158423088.39835876,True,True,45.32771338394086,45.32565436361833,45.32565436361833,-12.03034606880754,140.0776275956821,STABLE_POSITIVE,0.002059020322533911,POTENTIAL_UNDERVALUED_SIGNAL,POSITIVE,LOW,POSITIVE,POSITIVE,DOUBLE_POSITIVE,False,True,False,True,UNCERTAIN,MEDIUM
A61275302,현대,해운대구,좌동,957.0,해송초등학교,해운대구|좌동,0,해운대구|좌동,61.5385761589404,5.016870245024108,B,59.445,6278876.910318683,5999039.475915015,15,54,27,6539,5981724.555564409,355583616.2055263,254919602.05996385,495998373.9659889,67.79805393696266,F_S,0.1698021528110204,0.1313117722129474,0.0180542287373368,0.1416513512797088,HIGH,False,False,OK,-13.259720492893642,HIGH,0.0,NOT_CANDIDATE,0.05969773848877402,0.018054228737336864,STABLE_POSITIVE,4288327.059634348,8343819.900176447,6278876.910318683,5999039.475915015,373247837.9338941,356612901.64576805,True,True,-4.73257174807703,-0.2886282115682315,-0.2886282115682315,-28.516438725713446,39.0859309006929,STABLE_NEGATIVE,4.443943536508798,WITHIN_MODEL_RANGE,NEUTRAL_POINT_GAP,HIGH,NEUTRAL,NEGATIVE,MIXED_OR_NEUTRAL,False,False,False,True,UNCERTAIN,LOW
A61278214,센텀우신골든빌,해운대구,재송동,846.0,신재초등학교,해운대구|재송동,0,해운대구|재송동,20.46280353200883,-11.777441304741744,B,75.7921,3271515.6680435,3378818.0973178493,15,25,10,2924,6105462.462803467,462745821.5270467,280112895.1120046,764454971.8252666,104.66698005288264,F_S,0.256114899500908,0.1895901232928625,-0.4379599825256921,0.1548581339511615,MEDIUM,False,False,OK,42.86102090628866,HIGH,0.956,NOT_CANDIDATE,-0.42406413042771085,-0.4379599825256921,STABLE_NEGATIVE,3695805.9627851,10086209.140863843,3271515.6680435,3378818.0973178493,247955042.66391975,256087719.11372417,True,True,86.62488834891577,80.69816980233604,80.69816980233604,9.381619736169867,198.512937079105,STABLE_POSITIVE,5.926718546579735,STRONG_UNDERVALUED_SIGNAL,POSITIVE,LOW,POSITIVE,POSITIVE,DOUBLE_POSITIVE,False,True,False,True,UNCERTAIN,MEDIUM
A61278912,대우마리나3,해운대구,우동,750.0,해강초등학교,해운대구|우동,0,해운대구|우동,82.99199779249447,15.023239777787255,B,84.51,11909207.071036868,11815004.616141358,16,28,18,3803,10418464.21310096,880464410.649162,529298513.6001079,1464613178.5767016,106.22969579054204,F_S,0.2596412943969097,0.2081108828451275,0.0740949632927154,0.1626927802960531,MEDIUM,False,False,OK,-34.099827491928124,MEDIUM,0.0,NOT_CANDIDATE,0.0872006039490767,0.07409496329271548,STABLE_POSITIVE,6263146.534139249,17330649.373762887,11909207.071036868,11815004.616141358,1006447089.5733258,998486040.1101062,True,True,-12.517566023025905,-11.82005803986299,-11.82005803986299,-46.98989346493613,46.683390627593965,STABLE_NEGATIVE,0.6975079831629145,POTENTIAL_OVERVALUED_SIGNAL,NEGATIVE,LOW,NEGATIVE,NEGATIVE,DOUBLE_NEGATIVE,False,False,False,True,NEGATIVE_OR_FULLY_PRICED,LOW
A61279802,일동미라주,해운대구,반여동,564.0,삼어초등학교,해운대구|반여동,0,해운대구|반여동,37.38101545253864,-5.212657545926758,B,56.9704,3510594.975636471,3598359.850027383,11,16,12,3199,4068906.6344949706,231807238.52983227,155271510.2441198,346068610.72159564,82.3085170625167,F_S,0.2044545379514155,0.1594074158392314,-0.117126493257289,0.1364818542766824,HIGH,False,False,OK,15.244712527785312,HIGH,1.0,NOT_CANDIDATE,-0.1351637987194696,-0.11712649325728908,STABLE_NEGATIVE,2725476.918612469,6074533.630123637,3510594.975636471,3598359.850027383,200000000.0,205000000.0,True,True,15.903619264916147,13.07670172186941,13.07670172186941,-24.257799880917176,68.81395644955886,STABLE_POSITIVE,2.8269175430467364,POTENTIAL_UNDERVALUED_SIGNAL,POSITIVE,HIGH,POSITIVE,POSITIVE,DOUBLE_POSITIVE,True,False,False,True,ROBUST_DUAL_POSITIVE,LOW
A61279804,센텀SKVIEW아파트,해운대구,반여동,1374.0,반안초등학교,해운대구|반여동,0,해운대구|반여동,64.27847682119204,6.244671660872081,B,76.56,3922550.492405275,3853187.042842215,19,49,12,2985,4453257.721410235,340941411.15116763,228372884.94505024,508996704.51559436,82.30851706251673,F_S,0.2044545379514155,0.1594074158392314,-0.1429568021772507,0.1464050506677095,HIGH,False,False,OK,12.730960909909628,MEDIUM,1.0,NOT_CANDIDATE,-0.13205048097407257,-0.1429568021772507,STABLE_NEGATIVE,2982926.919344961,6648337.310809748,3922550.492405275,3853187.042842215,300310465.69854784,295000000.0,True,True,13.52964684667539,15.573359712260215,15.573359712260215,-22.585462730491447,72.54125576799808,STABLE_POSITIVE,2.0437128655848245,POTENTIAL_UNDERVALUED_SIGNAL,POSITIVE,HIGH,POSITIVE,POSITIVE,DOUBLE_POSITIVE,True,False,False,True,ROBUST_DUAL_POSITIVE,LOW
A61280805,삼한그린타운1,해운대구,반송동,560.0,송운초등학교,해운대구|반송동,1,해운대구|반송동;해운대구|좌동,38.63543046357616,-4.706884776418052,B,84.87,2061977.1415105453,2150347.590432426,7,16,30,7173,2211258.538284089,187669512.14417064,117010472.985631,300997379.8905679,98.03771790251965,F_S,0.2410301317701672,0.1824645800248972,-0.0437652948926778,0.0921319060379024,MEDIUM,True,True,OK,34.71110612144123,HIGH,1.0,NOT_CANDIDATE,-0.08884525491794015,-0.043765294892677886,STABLE_NEGATIVE,1378702.4035069046,3546569.81136524,2061977.1415105453,2150347.590432426,175000000.0,182500000.0,True,True,7.23972122524037,2.83260939406611,2.83260939406611,-35.88467233664054,64.93007117291391,STABLE_POSITIVE,4.40711183117426,WITHIN_MODEL_RANGE,NEUTRAL_POINT_GAP,MEDIUM,NEUTRAL,POSITIVE,SCHOOL_ONLY_POSITIVE,True,False,True,True,SCHOOL_VALUE_CANDIDATE,LOW
A61281117,센텀대림,해운대구,반여동,1500.0,장산초등학교,해운대구|반여동,0,해운대구|반여동,72.56655629139073,10.046795965102053,B,59.99,3950658.4430738455,4000666.777796299,28,62,12,2922,4592939.271804904,275530426.91557616,184558626.28242642,411343634.73265857,82.30851706251671,F_S,0.2044545379514155,0.1594074158392314,-0.1138029351466061,0.1688819029540172,HIGH,False,False,OK,19.88333767057941,HIGH,1.0,TIER_1,-0.12311897037978436,-0.11380293514660611,STABLE_NEGATIVE,3076489.853015943,6856870.057220513,3950658.4430738455,4000666.777796299,237000000.0,240000000.0,True,True,16.257564099399225,14.804344548156735,14.804344548156735,-23.100572382322326,71.39318113860773,STABLE_POSITIVE,1.4532195512424906,POTENTIAL_UNDERVALUED_SIGNAL,POSITIVE,HIGH,POSITIVE,POSITIVE,DOUBLE_POSITIVE,True,False,False,True,ROBUST_DUAL_POSITIVE,LOW
A61281512,센텀피오레1차,해운대구,재송동,774.0,송수초등학교,해운대구|재송동,0,해운대구|재송동,40.814403973509926,-3.821911651340981,B,84.9446,6033349.676356749,5786124.132669999,26,64,10,2947,6316235.263025581,536530077.9236027,324776554.320687,886346383.9587001,104.66698005288266,F_S,0.256114899500908,0.1895901232928625,-0.0229134933913899,0.1378215379777742,MEDIUM,False,False,OK,16.353341850149363,MEDIUM,0.756,NOT_CANDIDATE,0.018055469734210128,-0.022913493391389927,MIXED,3823392.591414722,10434405.294258848,6033349.676356749,5786124.132669999,512500474.9182534,491500000.0,True,True,4.6886986805587005,9.16176559991917,9.16176559991917,-33.9213521219355,80.33497130390641,STABLE_POSITIVE,4.473066919360469,POTENTIAL_UNDERVALUED_SIGNAL,POSITIVE,LOW,POSITIVE,POSITIVE,DOUBLE_POSITIVE,False,False,False,True,UNCERTAIN,LOW
A61282215,대우마리나1,해운대구,우동,1164.0,해강초등학교,해운대구|우동,0,해운대구|우동,82.99199779249447,15.023239777787278,B,84.2249,11288115.025892114,11665196.396790024,9,34,18,3767,10625137.94901554,894901181.242039,537977298.4817836,1488628100.9411693,106.22969579054208,F_S,0.2596412943969097,0.2081108828451275,0.0652343408257696,0.1931023272840536,MEDIUM,False,False,OK,-49.0430534485139,MEDIUM,0.0,NOT_CANDIDATE,0.11572148581734254,0.06523434082576962,STABLE_POSITIVE,6387390.17181123,17674441.89237588,11288115.025892114,11665196.396790024,950740359.2442608,982500000.0000001,True,True,-5.873231051914962,-8.915910306153807,-8.915910306153807,-45.24404086699404,51.51431052836326,STABLE_NEGATIVE,3.0426792542388448,POTENTIAL_OVERVALUED_SIGNAL,NEGATIVE,LOW,NEGATIVE,NEGATIVE,DOUBLE_NEGATIVE,False,False,False,True,NEGATIVE_OR_FULLY_PRICED,LOW
A61282705,센텀센시빌,해운대구,우동,800.0,강동초등학교,해운대구|우동,0,해운대구|우동,65.61307947019867,6.847921108681931,B,84.9402,6825183.515063651,6797325.958769873,13,36,18,3710,10065410.757211218,854958002.7996724,513965124.08575016,1422184409.5967362,106.22969579054208,F_S,0.2596412943969097,0.2081108828451275,-0.4034899523425395,0.1474640670021482,MEDIUM,False,False,OK,38.89249758252501,MEDIUM,1.0,TIER_1,-0.3631856002877907,-0.4034899523425395,STABLE_NEGATIVE,6050905.508649028,16743360.736103,6825183.515063651,6797325.958769873,579732452.8062096,577366226.4031048,True,True,47.47458050023361,48.07897720757206,48.07897720757206,-10.981089543864197,146.3227574734857,STABLE_POSITIVE,0.6043967073384522,POTENTIAL_UNDERVALUED_SIGNAL,POSITIVE,LOW,POSITIVE,POSITIVE,DOUBLE_POSITIVE,False,True,False,True,UNCERTAIN,MEDIUM
A61283211,재송그린,해운대구,재송동,560.0,재송초등학교,해운대구|재송동,0,해운대구|재송동,26.85298013245033,-9.353063482901511,B,47.79,1987676.4062810573,2573760.200878845,1,5,10,2961,3951949.7818516777,188863680.07469168,114324429.84066409,312002340.1915817,104.66698005288266,F_S,0.256114899500908,0.1895901232928625,-0.3473959811336904,0.3179954271881882,MEDIUM,False,False,OK,41.37626144559998,HIGH,1.0,NOT_CANDIDATE,-0.6129248612555127,-0.3473959811336904,STABLE_NEGATIVE,2392224.939122496,6528611.428993131,1987676.4062810573,2573760.200878845,94991055.45617172,123000000.0,True,True,98.82259352495795,53.547707377798126,53.547707377798126,-7.05330907263082,153.66043918014776,STABLE_POSITIVE,45.274886147159826,POTENTIAL_UNDERVALUED_SIGNAL,POSITIVE,LOW,POSITIVE,POSITIVE,DOUBLE_POSITIVE,False,True,False,True,UNCERTAIN,MEDIUM
A61283410,장산동국,해운대구,재송동,536.0,반산초등학교,해운대구|재송동,0,해운대구|재송동,47.1682119205298,-1.1941597297085993,B,84.93,1638116.9102115142,1559356.1368209256,6,15,10,3055,4270767.714598325,362716302.0008358,219562249.36292776,599206448.8266962,104.66698005288264,F_S,0.256114899500908,0.1895901232928625,-0.8572362292437905,0.2027470040719217,MEDIUM,False,False,OK,69.5316519622852,MEDIUM,1.0,NOT_CANDIDATE,-0.8162699724966567,-0.8572362292437905,STABLE_NEGATIVE,2585214.286623428,7055297.878567009,1638116.9102115142,1559356.1368209256,139125269.1842639,132436116.70020123,True,True,160.7120217107631,173.88020053617646,173.88020053617646,65.78729038088305,352.4494252448779,STABLE_POSITIVE,13.16817882541335,STRONG_UNDERVALUED_SIGNAL,POSITIVE,LOW,POSITIVE,POSITIVE,DOUBLE_POSITIVE,False,True,False,True,UNCERTAIN,MEDIUM
A61286403,센텀이편한세상,해운대구,재송동,1190.0,송수초등학교,해운대구|재송동,0,해운대구|재송동,40.814403973509926,-3.821911651340981,B,84.842,8514406.375587493,8160207.070363054,31,81,10,2821,7531910.50371299,639022350.9560175,386817973.15182763,1055663369.7604244,104.66698005288266,F_S,0.256114899500908,0.1895901232928625,0.1272023217083333,0.1276047519865606,MEDIUM,False,False,OK,-18.404600705616545,MEDIUM,0.114,NOT_CANDIDATE,0.17786569675761754,0.12720232170833334,STABLE_POSITIVE,4559274.570988751,12442697.835511,8514406.375587493,8160207.070363054,722379265.717594,692328288.2637422,True,True,-11.539217515991663,-7.699517441560588,-7.699517441560588,-44.12795494433568,52.48017272382055,STABLE_NEGATIVE,3.8397000744310743,POTENTIAL_OVERVALUED_SIGNAL,NEGATIVE,LOW,NEGATIVE,NEGATIVE,DOUBLE_NEGATIVE,False,False,False,True,NEGATIVE_OR_FULLY_PRICED,LOW
A61286810,반도보라빌,해운대구,우동,548.0,해림초등학교,해운대구|우동,0,해운대구|우동,72.85044150110376,10.179409993571786,B,84.9073,7537632.217724506,7537632.217724506,14,24,18,3784,10084175.626514792,856220125.1731795,514723859.4624433,1424283893.7313101,106.22969579054202,F_S,0.2596412943969097,0.2081108828451275,-0.2609096753296134,0.1716490376307719,MEDIUM,False,False,OK,34.177990646184504,HIGH,1.0,TIER_1,-0.2454382289074175,-0.2609096753296134,STABLE_NEGATIVE,6062186.166118146,16774575.257148797,7537632.217724506,7537632.217724506,640000000.0,640000000.0,True,True,33.7843945583093,33.7843945583093,33.7843945583093,-19.574396958993233,122.54435839551721,STABLE_POSITIVE,0.0,POTENTIAL_UNDERVALUED_SIGNAL,POSITIVE,LOW,POSITIVE,POSITIVE,DOUBLE_POSITIVE,False,True,False,True,UNCERTAIN,MEDIUM
A61288603,해운대래미안,해운대구,중동,747.0,해송초등학교,해운대구|중동,0,해운대구|중동,61.5385761589404,5.016870245024108,B,84.9843,9631028.087209668,9531172.228282165,10,39,4,1133,9516691.653083725,808769378.4531631,603639409.9618409,1083607028.8466861,59.34542425466478,F_S,0.1492534644072632,0.1091487213275323,0.001401324620037,0.1011531755019385,MEDIUM,False,False,OK,-12.52422855482952,HIGH,0.032,NOT_CANDIDATE,0.01784155237117524,0.0014013246200370588,STABLE_POSITIVE,7102952.074228308,12750673.110759117,9631028.087209668,9531172.228282165,818486180.2718526,810000000.0,True,True,-1.187167487111651,-0.15192858602923742,-0.15192858602923742,-25.476616054093714,33.77864553662793,STABLE_NEGATIVE,1.0352389010824137,WITHIN_MODEL_RANGE,NEUTRAL_POINT_GAP,MEDIUM,NEUTRAL,NEGATIVE,MIXED_OR_NEUTRAL,False,False,False,True,UNCERTAIN,LOW
A61301003,삼익비치,수영구,남천동,3060.0,광남초등학교,수영구|남천동,0,수영구|남천동,53.67406181015453,1.5708807452370577,B,73.92,14372401.552177291,14251550.4781393,90,242,4,701,13990727.795486616,1034194598.6423708,797209810.0337662,1341627328.7150753,52.641690393276896,F_S,0.1327858894560111,0.1022063269206534,0.0008641800462498,0.13030020710388,MEDIUM,False,False,OK,-19.1192455239596,LOW,0.0,NOT_CANDIDATE,0.03254950981438931,0.000864180046249885,STABLE_POSITIVE,10784764.746127788,18149720.355993982,14372401.552177291,14251550.4781393,1062407922.7369454,1053474611.3440571,True,True,-2.6556018164748063,-1.8301354863301533,-1.8301354863301533,-24.32567415965915,27.3526019771263,STABLE_NEGATIVE,0.825466330144653,WITHIN_MODEL_RANGE,NEUTRAL_POINT_GAP,MEDIUM,NEUTRAL,NEGATIVE,MIXED_OR_NEUTRAL,False,False,False,True,UNCERTAIN,LOW
A61310007,쌍용예가디오션,수영구,광안동,928.0,광안초등학교,수영구|광안동,1,수영구|광안동;수영구|남천동,56.86467991169978,2.95506646271948,B,84.98,12498169.910834484,12295607.58538976,14,33,8,2374,8367974.862999901,711110503.8577316,443371837.2834175,1140528347.0306468,98.03771790251967,F_S,0.2410301317701672,0.1824645800248972,0.4138476282597381,0.1342376319646822,MEDIUM,True,True,OK,-47.99112137721965,HIGH,0.0,NOT_CANDIDATE,0.4264403810129007,0.4138476282597381,STABLE_POSITIVE,5217366.877893828,13421138.468235428,12498169.910834484,12295607.58538976,1062094479.0227145,1044880732.6064218,True,True,-33.04639861116128,-31.943380553693533,-31.943380553693533,-57.56723007252316,9.153926514238142,STABLE_NEGATIVE,1.1030180574677466,POTENTIAL_OVERVALUED_SIGNAL,NEGATIVE,MEDIUM,NEGATIVE,NEGATIVE,DOUBLE_NEGATIVE,False,True,False,True,NEGATIVE_OR_FULLY_PRICED,HIGH
A61313001,삼성,수영구,망미동,672.0,수미초등학교,수영구|망미동,1,수영구|남천동;수영구|망미동,51.00756070640177,0.4283585974127923,B,84.95,2928890.1418883465,3004949.328305444,4,19,8,2370,4152139.998213592,352724292.84824467,219920837.79697368,565723684.993193,98.03771790251965,F_S,0.2410301317701672,0.1824645800248972,-0.2422286444033687,0.2032523295161164,MEDIUM,True,True,OK,21.13988536772774,LOW,1.0,NOT_CANDIDATE,-0.25170906976823115,-0.24222864440336878,STABLE_NEGATIVE,2588826.8133840337,6659490.11175036,2928890.1418883465,3004949.328305444,248809217.55341506,255270445.4395475,True,True,41.76496205271045,38.17670597976684,38.17670597976684,-13.847904555384671,121.61738466005315,STABLE_POSITIVE,3.588256072943615,POTENTIAL_UNDERVALUED_SIGNAL,POSITIVE,MEDIUM,POSITIVE,POSITIVE,DOUBLE_POSITIVE,False,True,False,True,UNCERTAIN,HIGH
A61313002,더샵파크리치,수영구,망미동,862.0,수미초등학교,수영구|망미동,1,수영구|남천동;수영구|망미동,51.00756070640177,0.4283585974128145,B,127.3894,6942810.072958343,6334463.050099226,7,21,8,2351,5621731.897643806,716149053.4017059,446513333.5156294,1148609522.2511585,98.03771790251966,F_S,0.2410301317701672,0.1824645800248972,0.0914215288202893,0.1667860191434165,MEDIUM,True,True,OK,5.95744054363485,LOW,0.94,NOT_CANDIDATE,0.15541214950475357,0.09142152882028931,STABLE_POSITIVE,3505105.8684288445,9016523.527476843,6942810.072958343,6334463.050099226,884440409.5081195,806943447.2743102,True,True,-19.028003955632087,-11.251642748855485,-11.251642748855485,-44.666093389337256,42.340770735660136,STABLE_NEGATIVE,7.776361206776603,POTENTIAL_OVERVALUED_SIGNAL,NEGATIVE,MEDIUM,NEGATIVE,POSITIVE,SCHOOL_ONLY_POSITIVE,False,False,False,True,UNCERTAIN,LOW
A61313203,이편한세상3차,수영구,망미동,530.0,망미초등학교,수영구|망미동,1,수영구|남천동;수영구|망미동,38.459216335540845,-4.778095874259081,B,84.977,5324970.286077409,5686173.349234712,8,18,8,2369,5155978.755637599,438139606.7178163,273176617.92825466,702718689.5814764,98.03771790251966,F_S,0.2410301317701672,0.1824645800248972,0.0814804677748934,0.1658758685106203,MEDIUM,True,True,OK,16.220976456041754,LOW,0.896,NOT_CANDIDATE,0.06821877288497191,0.08148046777489348,STABLE_POSITIVE,3214712.42722448,8269516.334790313,5324970.286077409,5686173.349234712,452500000.0,483193952.6979182,True,True,-3.1735675761731974,-9.324277700194816,-9.324277700194816,-43.46439635616912,45.43201247818598,STABLE_NEGATIVE,6.150710124021619,POTENTIAL_OVERVALUED_SIGNAL,NEGATIVE,MEDIUM,NEGATIVE,POSITIVE,SCHOOL_ONLY_POSITIVE,False,False,False,True,UNCERTAIN,LOW
A61375202,광원,수영구,광안동,589.0,수영초등학교,수영구|광안동,1,수영구|광안동;수영구|남천동,71.04155629139072,9.337135028665957,B,59.94,4324038.122132016,4070737.404070738,14,22,8,2496,5747196.623425168,344486965.6081045,214784928.69008705,552512088.2439095,98.03771790251936,F_S,0.2410301317701672,0.1824645800248972,-0.3307891050570246,0.1405035715483966,MEDIUM,True,True,OK,43.495351170341536,MEDIUM,0.998,TIER_1,-0.30869987159319834,-0.33078910505702463,STABLE_NEGATIVE,3583332.143645096,9217752.55662178,4324038.122132016,4070737.404070738,259182845.04059306,244000000.0,True,True,32.91271864623262,41.18318262627234,41.18318262627234,-11.973389881111862,126.43938042783174,STABLE_POSITIVE,8.270463980039722,POTENTIAL_UNDERVALUED_SIGNAL,POSITIVE,MEDIUM,POSITIVE,POSITIVE,DOUBLE_POSITIVE,True,True,False,True,UNCERTAIN,HIGH
A61375603,비치-그린아파트,수영구,광안동,1038.0,수영초등학교,수영구|광안동,1,수영구|광안동;수영구|남천동,71.04155629139072,9.337135028665957,B,59.76,4400937.081659974,4400937.081659974,17,42,8,2370,6086076.755175132,363703946.8892659,226766566.21540496,583333615.6670334,98.03771790251965,F_S,0.2410301317701672,0.1824645800248972,-0.3025071443703302,0.1480895885185693,MEDIUM,True,True,OK,30.494482823493573,LOW,1.0,NOT_CANDIDATE,-0.29469760515443433,-0.3025071443703302,STABLE_NEGATIVE,3794621.255277861,9761272.01584728,4400937.081659974,4400937.081659974,263000000.0,263000000.0,True,True,38.29047410238247,38.29047410238247,38.29047410238247,-13.776971020758566,121.7998538657922,STABLE_POSITIVE,0.0,POTENTIAL_UNDERVALUED_SIGNAL,POSITIVE,MEDIUM,POSITIVE,POSITIVE,DOUBLE_POSITIVE,False,True,False,True,UNCERTAIN,HIGH
A61375702,현대,수영구,수영동,1180.0,민안초등학교,수영구|수영동,1,수영구|망미동;수영구|수영동,58.72201986754967,3.769506311669701,B,84.13,10406171.45118842,10518263.530311724,8,25,5,889,8398302.237353701,706549167.2285669,440527879.57112145,1133212558.9812658,98.03771790251966,F_S,0.2410301317701672,0.1824645800248972,0.217559938734615,0.2239133120413435,MEDIUM,True,True,OK,-17.095549988821812,LOW,0.0,NOT_CANDIDATE,0.20157672293456397,0.217559938734615,STABLE_POSITIVE,5236275.75860123,13469779.614659049,10406171.45118842,10518263.530311724,875471204.1884818,884901510.8051254,True,True,-19.294984935169534,-20.155050183413636,-20.155050183413636,-50.217298287771214,28.060868372822114,STABLE_NEGATIVE,0.8600652482441014,POTENTIAL_OVERVALUED_SIGNAL,NEGATIVE,MEDIUM,NEGATIVE,NEGATIVE,DOUBLE_NEGATIVE,False,False,False,True,NEGATIVE_OR_FULLY_PRICED,LOW
A61377105,센텀비치푸르지오,수영구,민락동,1082.0,민락초등학교,수영구|민락동,0,수영구|민락동,42.56953642384106,-3.103105722016919,B,84.97,6544311.441086264,6567245.861266931,18,45,4,858,6511734.9492666405,553302118.6391864,406593902.612066,752945955.4702317,62.59727573608392,F_S,0.1571884050749235,0.1197908928878013,0.0288424676747709,0.1834259595775561,MEDIUM,False,False,OK,12.174285790971046,MEDIUM,0.742,NOT_CANDIDATE,0.03434390820250943,0.028842467674770944,STABLE_POSITIVE,4785146.5530430265,8861315.23443841,6544311.441086264,6567245.861266931,556070143.1490998,558018880.8318511,True,True,-0.49778333615211334,-0.8452692829377662,-0.8452692829377662,-27.136174674601076,34.93198551772987,STABLE_NEGATIVE,0.3474859467856528,WITHIN_MODEL_RANGE,NEUTRAL_POINT_GAP,MEDIUM,NEUTRAL,POSITIVE,SCHOOL_ONLY_POSITIVE,False,False,False,True,SCHOOL_VALUE_CANDIDATE,LOW
A61377106,부산더샵센텀포레,수영구,민락동,1006.0,민안초등학교,수영구|민락동,0,수영구|민락동,58.72201986754967,3.769506311669724,B,84.9112,10890437.489477484,10284742.981620664,23,65,4,830,10261984.250202289,871357397.0657765,640316732.4105271,1185762724.898557,62.59727573608417,F_S,0.1571884050749235,0.1197908928878013,0.0234540954006376,0.1176086327404021,MEDIUM,False,False,OK,-18.612180249610866,HIGH,0.082,NOT_CANDIDATE,0.06656523250708801,0.023454095400637698,STABLE_POSITIVE,7541016.172313278,13964738.749405934,10890437.489477484,10284742.981620664,924720115.7565204,873289868.2609885,True,True,-5.770688642053335,-0.22128634093284694,-0.22128634093284694,-26.677640989284424,35.78111552579972,STABLE_NEGATIVE,5.549402301120487,WITHIN_MODEL_RANGE,NEUTRAL_POINT_GAP,MEDIUM,NEUTRAL,NEGATIVE,MIXED_OR_NEUTRAL,False,False,False,True,UNCERTAIN,LOW
A61377204,롯데캐슬자이언트,수영구,민락동,591.0,민락초등학교,수영구|민락동,0,수영구|민락동,42.56953642384106,-3.103105722016919,B,121.1904,6569397.204827447,6592943.431368047,9,13,4,1014,6089032.776611961,737932317.8107142,542269351.3268179,1004194879.0524658,62.59727573608392,F_S,0.1571884050749235,0.1197908928878013,-0.0002821917565114,0.1738791705369925,MEDIUM,False,False,OK,5.352023036558496,LOW,0.464,NOT_CANDIDATE,-0.0002821917565114518,-0.0002821917565114518,STABLE_NEGATIVE,4474523.983144027,8286092.619980344,6569397.204827447,6592943.431368047,796147875.0119202,799001451.6248661,True,True,-7.31215381317627,-7.6431818352720615,-7.6431818352720615,-32.13161875688117,25.68123337076722,STABLE_NEGATIVE,0.33102802209579174,POTENTIAL_OVERVALUED_SIGNAL,NEGATIVE,MEDIUM,NEGATIVE,POSITIVE,SCHOOL_ONLY_POSITIVE,False,False,False,False,UNCERTAIN,LOW
A61381805,코오롱하늘채골든비치,수영구,남천동,987.0,광남초등학교,수영구|남천동,0,수영구|남천동,53.67406181015453,1.57088074523708,B,125.5,10096218.99986448,10121219.2538543,15,37,4,1509,9019911.898773108,1131998943.296025,872602374.5706275,1468505753.555685,52.64169039327673,F_S,0.1327858894560111,0.1022063269206534,0.0821152867762204,0.1321461901056465,MEDIUM,False,False,OK,14.44233050249532,LOW,0.828,NOT_CANDIDATE,0.139958752584171,0.08211528677622049,STABLE_POSITIVE,6953006.968690258,11701241.064188726,10096218.99986448,10121219.2538543,1267075484.4829922,1270213016.3587148,True,True,-10.660496777118434,-10.881172786191751,-10.881172786191751,-31.30267417097543,15.610982933036755,STABLE_NEGATIVE,0.2206760090733173,POTENTIAL_OVERVALUED_SIGNAL,NEGATIVE,MEDIUM,NEGATIVE,POSITIVE,SCHOOL_ONLY_POSITIVE,False,False,False,True,UNCERTAIN,LOW
A61381903,뉴비치,수영구,남천동,990.0,남천초등학교,수영구|남천동,0,수영구|남천동,77.64387417218543,12.442897505507643,B,75.42,10828625.235404896,10728578.154425614,15,54,4,1509,10482199.782232264,790567507.5759574,609409654.0059775,1025577753.6939578,52.641690393276754,F_S,0.1327858894560111,0.1022063269206534,-0.0081049675733684,0.1542016500091995,MEDIUM,False,False,OK,12.716109565598744,LOW,0.978,NOT_CANDIDATE,0.023775666030640963,-0.008104967573368427,MIXED,8080212.861389254,13598220.017156692,10828625.235404896,10728578.154425614,816694915.2542373,809149364.4067798,True,True,-3.1991637501681325,-2.2964680747720068,-2.2964680747720068,-24.685147042936816,26.747643736438008,STABLE_NEGATIVE,0.9026956753961257,WITHIN_MODEL_RANGE,NEUTRAL_POINT_GAP,MEDIUM,NEUTRAL,POSITIVE,SCHOOL_ONLY_POSITIVE,False,False,False,False,UNCERTAIN,LOW
A61383101,수영협성르네상스타운,수영구,수영동,684.0,망미초등학교,수영구|수영동,1,수영구|망미동;수영구|수영동,38.459216335540845,-4.778095874259069,B,84.9468,8534753.51631845,8593613.885396507,3,10,5,940,10662438.551926712,905740035.182808,564721827.7913256,1452688688.4140265,98.03771790251938,F_S,0.2410301317701672,0.1824645800248972,-0.2209175374043743,0.2070005415714677,MEDIUM,True,True,OK,-7.27493437819694,LOW,0.18,NOT_CANDIDATE,-0.22009553345091426,-0.22091753740437436,STABLE_NEGATIVE,6647947.042046618,17101158.471114,8534753.51631845,8593613.885396507,725000000.0,729999999.9999999,True,True,24.929660025214908,24.073977422302484,24.073977422302484,-22.64084550803758,98.9984504676749,STABLE_POSITIVE,0.8556826029124238,POTENTIAL_UNDERVALUED_SIGNAL,POSITIVE,MEDIUM,POSITIVE,NEGATIVE,LOCAL_ONLY_POSITIVE,False,False,False,True,LOCAL_VALUE_CANDIDATE,LOW
A61402003,서면베르빌2,부산진구,범천동,606.0,성서초등학교,부산진구|범천동,0,부산진구|범천동,43.54536423841059,-2.701139034926392,B,23.88,2093802.3450586265,1758793.9698492463,5,19,4,882,2505836.0972709456,59839366.00283018,47017819.53998288,76157290.12222016,48.69615527152994,F_S,0.1230291172112557,0.0885500114316533,-0.3270967453594036,0.1218266596797411,MEDIUM,False,False,OK,36.371744426976726,LOW,1.0,NOT_CANDIDATE,-0.17732524416583928,-0.3270967453594036,STABLE_NEGATIVE,1968920.4162471893,3189166.253024295,2093802.3450586265,1758793.9698492463,50000000.0,42000000.0,True,True,19.67873200566035,42.47468095911946,42.47468095911946,11.947189380911617,81.32688124338132,STABLE_POSITIVE,22.79594895345911,STRONG_UNDERVALUED_SIGNAL,POSITIVE,MEDIUM,POSITIVE,POSITIVE,DOUBLE_POSITIVE,False,True,False,True,UNCERTAIN,HIGH
A61403001,더샵센트럴스타,부산진구,부전동,1360.0,성북초등학교,부산진구|부전동,2,부산진구|가야동;부산진구|개금동;부산진구|당감동;부산진구|범전동;부산진구|범천동;부산진구|부암동;부산진구|부전동;부산진구|양정동;부산진구|연지동;부산진구|전포동;부산진구|초읍동,47.90739514348786,-0.8838298478144324,B,130.257,5266575.854531631,5263420.239507541,17,40,61,14743,4787062.964406774,623548460.5547333,388777588.140801,1000090268.8849546,98.03771790251967,F_S,0.2410301317701672,0.1824645800248972,0.0725786183789747,0.1829682709688136,MEDIUM,True,True,OK,-8.020026878371,LOW,0.002,NOT_CANDIDATE,0.07473275576054128,0.07257861837897472,STABLE_POSITIVE,2984696.3168259747,7677823.601687084,5266575.854531631,5263420.239507541,686008371.0837266,685597330.1375338,True,True,-9.104832121847418,-9.050337108278006,-9.050337108278006,-43.293596539704936,45.87137739937408,STABLE_NEGATIVE,0.054495013569411554,POTENTIAL_OVERVALUED_SIGNAL,NEGATIVE,MEDIUM,NEGATIVE,NEGATIVE,DOUBLE_NEGATIVE,False,False,True,True,NEGATIVE_OR_FULLY_PRICED,LOW
A61404006,서면한신,부산진구,전포동,705.0,성전초등학교,부산진구|전포동,0,부산진구|전포동,53.49387417218543,1.4932674751597652,B,84.98,5073677.160080375,4971758.060720169,15,34,6,1662,4808785.651518931,408650604.6660788,336737481.8350303,495921380.0136562,38.95354524403556,F_S,0.0987535114774411,0.0728117414555861,0.0149712700329818,0.1175237068088242,HIGH,False,False,OK,-0.3626855294503346,LOW,0.586,NOT_CANDIDATE,0.03589228651080134,0.01497127003298182,STABLE_POSITIVE,3962549.7980116536,5835742.29246477,5073677.160080375,4971758.060720169,431161085.0636303,422500000.0,True,True,-5.2208979839239,-3.2779633926440677,-3.2779633926440677,-20.29882086744844,17.37784142335057,STABLE_NEGATIVE,1.942934591279832,POTENTIAL_OVERVALUED_SIGNAL,NEGATIVE,HIGH,NEGATIVE,NEUTRAL,MIXED_OR_NEUTRAL,False,False,False,True,UNCERTAIN,LOW
A61404007,서면롯데캐슬스카이,부산진구,전포동,1395.0,성전초등학교,부산진구|전포동,0,부산진구|전포동,53.49387417218543,1.4932674751597652,B,59.9438,6192536.577986594,6495470.37042113,34,64,6,1434,7229210.446346549,433346345.1537083,357087339.0697971,525891103.6926214,38.95354524403557,F_S,0.0987535114774411,0.0728117414555861,0.0084756438678326,0.1054694381770156,HIGH,False,False,OK,-34.06729560927978,MEDIUM,0.052,NOT_CANDIDATE,0.0024080776102062273,0.008475643867832616,STABLE_POSITIVE,5957035.407661795,8773069.169665944,6192536.577986594,6495470.37042113,371204174.1235128,389363176.79045016,True,True,16.740698343957348,11.29618078571648,11.29618078571648,-8.289391407452861,35.064416729794836,STABLE_POSITIVE,5.444517558240868,POTENTIAL_UNDERVALUED_SIGNAL,POSITIVE,HIGH,POSITIVE,NEGATIVE,LOCAL_ONLY_POSITIVE,False,False,False,False,LOCAL_VALUE_CANDIDATE,LOW
A61404203,서면대우디오빌2,부산진구,전포동,751.0,성전초등학교,부산진구|전포동,0,부산진구|전포동,53.49387417218543,1.4932674751597874,B,28.58,2379286.2141357595,2453987.730061349,9,18,6,1669,2902247.596545003,82946236.30925618,68349603.36176592,100660103.05071668,38.95354524403557,F_S,0.0987535114774411,0.0728117414555861,-0.1373969296355852,0.1063246238867424,HIGH,False,False,OK,54.80354907673871,MEDIUM,1.0,NOT_CANDIDATE,-0.18002732125249032,-0.13739692963558525,STABLE_NEGATIVE,2391518.6620631884,3522046.992677281,2379286.2141357595,2453987.730061349,68000000.0,70134969.32515335,True,True,21.97975927831792,18.266589559208903,18.266589559208903,-2.5456145209250436,43.523414951599236,STABLE_POSITIVE,3.7131697191090183,POTENTIAL_UNDERVALUED_SIGNAL,POSITIVE,HIGH,POSITIVE,POSITIVE,DOUBLE_POSITIVE,True,False,False,True,ROBUST_DUAL_POSITIVE,LOW
A61409002,쌍용스윗닷홈스카이,부산진구,부암동,544.0,부암초등학교,부산진구|부암동,0,부산진구|부암동,57.03956953642385,3.03148181914954,B,84.98,4724940.513496321,4738455.820867788,12,27,11,2005,4436338.88537862,377000078.4794752,287226745.3439751,494832258.7554317,55.06776397733806,F_S,0.1387619583272264,0.1076887481608878,0.1480333547839407,0.1559209780357747,HIGH,False,False,OK,-9.705929667636692,LOW,0.032,NOT_CANDIDATE,0.12882107350123917,0.14803335478394075,STABLE_POSITIVE,3379933.45897829,5822926.085613458,4724940.513496321,4738455.820867788,401525444.83691734,402673975.65734464,True,True,-6.108047864165444,-6.375852111117464,-6.375852111117464,-28.670149374542476,22.88657541070127,STABLE_NEGATIVE,0.26780424695201965,POTENTIAL_OVERVALUED_SIGNAL,NEGATIVE,HIGH,NEGATIVE,NEGATIVE,DOUBLE_NEGATIVE,False,False,False,True,NEGATIVE_OR_FULLY_PRICED,LOW
A61409003,일성인포,부산진구,부암동,546.0,부암초등학교,부산진구|부암동,0,부산진구|부암동,57.03956953642385,3.03148181914954,B,76.2,2946194.225721785,2716535.433070866,4,10,11,2072,2776201.318024051,211546540.4334327,161171914.18775937,277665863.7758661,55.067763977338046,F_S,0.1387619583272264,0.1076887481608878,-0.0207718394203695,0.0871220083692024,HIGH,False,False,OK,29.509207755897904,HIGH,1.0,NOT_CANDIDATE,0.05066614846740514,-0.02077183942036953,MIXED,2115116.9840913303,3643908.973436563,2946194.225721785,2716535.433070866,224500000.00000003,207000000.0,True,True,-5.769915174417517,2.196396344653473,2.196396344653473,-22.139171889971323,34.138098442447394,MIXED,7.96631151907099,WITHIN_MODEL_RANGE,NEUTRAL_POINT_GAP,LOW,NEUTRAL,POSITIVE,SCHOOL_ONLY_POSITIVE,False,False,False,True,SCHOOL_VALUE_CANDIDATE,LOW
A61409004,타워베르빌,부산진구,부암동,704.0,성지초등학교,부산진구|부암동,0,부산진구|부암동,41.84972406181016,-3.398548906761833,B,84.935,3655056.9481453537,3496791.6642138106,5,19,11,2033,3327601.129429328,282629801.9280799,215328438.31870538,370966350.57407844,55.067763977338046,F_S,0.1387619583272264,0.1076887481608878,0.0272037416233317,0.1136774690119913,HIGH,False,False,OK,12.6292933725625,MEDIUM,0.68,NOT_CANDIDATE,0.07211341263246851,0.027203741623331723,STABLE_POSITIVE,2535214.438319955,4367649.974381332,3655056.9481453537,3496791.6642138106,310442261.8907256,297000000.0,True,True,-8.958979938251954,-4.838450529266025,-4.838450529266025,-27.498842316934212,24.904495142787365,STABLE_NEGATIVE,4.120529408985929,POTENTIAL_OVERVALUED_SIGNAL,NEGATIVE,HIGH,NEGATIVE,POSITIVE,SCHOOL_ONLY_POSITIVE,False,False,False,True,SCHOOL_VALUE_CANDIDATE,LOW
A61409005,부산서면동문굿모닝힐,부산진구,부암동,559.0,성지초등학교,부산진구|부암동,0,부산진구|부암동,41.84972406181016,-3.398548906761833,B,100.7192,4765724.9064726485,4729722.709797932,15,30,11,2024,4226437.990871444,425683453.2901792,324317367.0638342,558731726.4122521,55.067763977338046,F_S,0.1387619583272264,0.1076887481608878,-0.004344073411584,0.1231401333694148,HIGH,False,False,OK,-8.63626698284432,MEDIUM,0.026,NOT_CANDIDATE,-0.014669972345162208,-0.0043440734115840485,STABLE_NEGATIVE,3220015.320453639,5547420.217915274,4765724.9064726485,4729722.709797932,480000000.0,476373887.55267984,True,True,-11.315947231212665,-10.640892707809268,-10.640892707809268,-31.919575035907165,17.288487260012687,STABLE_NEGATIVE,0.6750545234033964,POTENTIAL_OVERVALUED_SIGNAL,NEGATIVE,HIGH,NEGATIVE,NEGATIVE,DOUBLE_NEGATIVE,False,False,False,False,NEGATIVE_OR_FULLY_PRICED,LOW
A61409302,당감뜨란채,부산진구,부암동,630.0,동양초등학교,부산진구|부암동,0,부산진구|부암동,51.35524282560706,0.5765990743589411,B,59.98,2834278.092697566,2834278.092697566,30,42,11,1956,3072357.590898122,184280008.30206937,140398238.7219735,241877118.75117606,55.067763977338046,F_S,0.1387619583272264,0.1076887481608878,-0.0722554881352675,0.1152632360442811,HIGH,False,False,OK,34.00095199226136,HIGH,1.0,NOT_CANDIDATE,-0.0722554881352675,-0.0722554881352675,STABLE_NEGATIVE,2340750.8956647804,4032629.522360388,2834278.092697566,2834278.092697566,170000000.0,170000000.0,True,True,8.400004883570222,8.400004883570222,8.400004883570222,-17.41280075178029,42.28065808892709,STABLE_POSITIVE,0.0,POTENTIAL_UNDERVALUED_SIGNAL,POSITIVE,HIGH,POSITIVE,POSITIVE,DOUBLE_POSITIVE,True,False,False,True,ROBUST_DUAL_POSITIVE,LOW
A61410304,"삼익(10,11동)",부산진구,당감동,1074.0,당감초등학교,부산진구|당감동,0,부산진구|당감동,48.909823399558505,-0.4614245595795707,B,79.93,4189944.134078213,3975396.647479722,7,14,9,2411,2826016.467556752,225883496.25181115,121018284.56983434,421616899.1347638,133.07683808374696,F_S,0.3184069983246737,0.2679934126934249,0.3089205914981248,0.2265360210037408,MEDIUM,False,False,OK,-55.86702944969298,MEDIUM,0.0,NOT_CANDIDATE,0.311602104612831,0.3089205914981248,STABLE_POSITIVE,1514053.3538075106,5274826.712558035,4189944.134078213,3975396.647479722,334902234.6368716,317753454.0330542,True,True,-32.552406974312206,-28.912339619032522,-28.912339619032522,-61.91440784236275,32.68680286034129,STABLE_NEGATIVE,3.640067355279683,POTENTIAL_OVERVALUED_SIGNAL,NEGATIVE,LOW,NEGATIVE,NEGATIVE,DOUBLE_NEGATIVE,False,False,False,True,NEGATIVE_OR_FULLY_PRICED,LOW
A61473002,네오스포,부산진구,부전동,782.0,부전초등학교,부산진구|부전동,2,부산진구|가야동;부산진구|개금동;부산진구|당감동;부산진구|범전동;부산진구|범천동;부산진구|부암동;부산진구|부전동;부산진구|양정동;부산진구|연지동;부산진구|전포동;부산진구|초읍동,43.63923841059604,-2.662382217190884,B,81.705,2540020.083879733,2504131.817498873,19,33,61,14856,3607243.012330653,294729790.322476,183761719.06972146,472708079.4807582,98.03771790251965,F_S,0.2410301317701672,0.1824645800248972,-0.3422844085944483,0.1269791486924012,MEDIUM,True,True,OK,29.609793722421426,HIGH,1.0,NOT_CANDIDATE,-0.3335667144675174,-0.3422844085944483,STABLE_NEGATIVE,2249087.804537317,5785546.533024395,2540020.083879733,2504131.817498873,207532340.95339358,204600090.14874542,True,True,42.01631850173402,44.05164245441231,44.05164245441231,-10.184927613606787,131.04001524979617,STABLE_POSITIVE,2.03532395267829,POTENTIAL_UNDERVALUED_SIGNAL,POSITIVE,MEDIUM,POSITIVE,POSITIVE,DOUBLE_POSITIVE,True,True,True,True,UNCERTAIN,HIGH
A61475202,태화현대1,부산진구,당감동,668.0,가야초등학교,부산진구|당감동,0,부산진구|당감동,62.1960816777042,5.310210775141555,B,84.77,3779903.106420339,3866469.98688198,8,22,9,2362,2650218.190145178,224658995.9786068,120362252.03546406,419331340.3544862,133.076838083747,F_S,0.3184069983246737,0.2679934126934249,0.311617202620023,0.1521722561044244,MEDIUM,False,False,OK,-36.59481700767678,MEDIUM,0.196,NOT_CANDIDATE,0.268754860324143,0.311617202620023,STABLE_POSITIVE,1419868.49162987,4946695.061395379,3779903.106420339,3866469.98688198,320422386.33125216,327760660.78798544,True,True,-29.886610436027816,-31.456387890330372,-31.456387890330372,-63.27739523526243,27.938276468674196,STABLE_NEGATIVE,1.5697774543025567,POTENTIAL_OVERVALUED_SIGNAL,NEGATIVE,LOW,NEGATIVE,NEGATIVE,DOUBLE_NEGATIVE,False,True,False,True,NEGATIVE_OR_FULLY_PRICED,MEDIUM
A61475403,현대1차,부산진구,양정동,1733.0,양성초등학교,부산진구|양정동,0,부산진구|양정동,13.76583885209713,-14.248657021528544,B,59.95,4153461.217681401,4164462.2532225912,49,96,4,883,4815590.915600809,288694675.3902685,217133508.758332,383840412.63504136,57.74505665937502,F_S,0.1453353219443202,0.1089156649634835,-0.0403597692048283,0.1549254081067141,MEDIUM,False,False,OK,-26.349200699583875,MEDIUM,0.0,NOT_CANDIDATE,-0.03177034462069983,-0.04035976920482831,STABLE_NEGATIVE,3621910.071031393,6402675.773728796,4153461.217681401,4164462.2532225912,249000000.0,249659512.08069435,True,True,15.941636702919082,15.635359928508263,15.635359928508263,-13.028145032923621,53.74555907606571,STABLE_POSITIVE,0.3062767744108186,POTENTIAL_UNDERVALUED_SIGNAL,POSITIVE,MEDIUM,POSITIVE,NEGATIVE,LOCAL_ONLY_POSITIVE,False,False,False,True,LOCAL_VALUE_CANDIDATE,LOW
A61475512,개금주공2,부산진구,개금동,2544.0,개포초등학교,부산진구|개금동,0,부산진구|개금동,34.290342163355405,-6.447373694027347,B,49.94,3147699.7578692497,3342708.586865983,29,82,7,1974,3436053.281573182,171596500.8817647,115555305.36925134,254816159.42058447,81.15599871543311,F_S,0.2017329316280527,0.1568068905229622,-0.097376595132868,0.197367372909572,HIGH,False,False,OK,-0.143382832090877,LOW,0.34,NOT_CANDIDATE,-0.08444875517005457,-0.097376595132868,STABLE_NEGATIVE,2313882.766705073,5102446.123760202,3147699.7578692497,3342708.586865983,157196125.90799034,166934866.82808718,True,True,9.160769637671073,2.792486759808055,2.792486759808055,-30.778208552289755,52.64406068206182,STABLE_POSITIVE,6.3682828778630185,WITHIN_MODEL_RANGE,NEUTRAL_POINT_GAP,HIGH,NEUTRAL,NEUTRAL,MIXED_OR_NEUTRAL,False,False,False,True,UNCERTAIN,LOW
A61475903,태화현대2,부산진구,당감동,820.0,가야초등학교,부산진구|당감동,0,부산진구|당감동,62.1960816777042,5.310210775141577,B,84.94,4179420.7676006593,4072852.303733378,11,28,9,2336,2661699.967567643,226084795.2451956,121126131.57623033,421992628.4766502,133.07683808374696,F_S,0.3184069983246737,0.2679934126934249,0.3419482291134619,0.1704164919803899,MEDIUM,False,False,OK,-17.7907062496372,LOW,0.066,NOT_CANDIDATE,0.365855733560009,0.3419482291134619,STABLE_POSITIVE,1426019.9149544423,4968126.0710695805,4179420.7676006593,4072852.303733378,355000000.0,345948074.67911315,True,True,-36.314142184451946,-34.64776601086671,-34.64776601086671,-64.98719303797779,21.981493571852575,STABLE_NEGATIVE,1.6663761735852347,POTENTIAL_OVERVALUED_SIGNAL,NEGATIVE,LOW,NEGATIVE,NEGATIVE,DOUBLE_NEGATIVE,False,True,False,True,NEGATIVE_OR_FULLY_PRICED,MEDIUM
A61476002,경남,부산진구,범천동,950.0,부산진초등학교,부산진구|범천동,0,부산진구|범천동,31.81804635761589,-7.423460939328219,B,59.9425,4345831.421779204,4087250.2815197897,12,29,4,863,4085959.982916854,244922656.27599356,192444038.48619097,311711955.4815043,48.69615527152993,F_S,0.1230291172112557,0.0885500114316533,0.0167886632704625,0.1375451694286036,MEDIUM,False,False,OK,-23.7417566578174,MEDIUM,0.064,NOT_CANDIDATE,0.06273553624118655,0.016788663270462578,STABLE_POSITIVE,3210477.348895875,5200182.766509644,4345831.421779204,4087250.2815197897,260499999.99999997,245000000.0,True,True,-5.9797864583517875,-0.031568866941400486,-0.031568866941400486,-21.451412862779197,27.229369584287475,STABLE_NEGATIVE,5.948217591410387,WITHIN_MODEL_RANGE,NEUTRAL_POINT_GAP,MEDIUM,NEUTRAL,NEGATIVE,MIXED_OR_NEUTRAL,False,False,False,True,UNCERTAIN,LOW
A61476004,범천LH,부산진구,범천동,533.0,부산진초등학교,부산진구|범천동,0,부산진구|범천동,31.81804635761589,,B,,,,0,0,5,1099,,,,,,INSUFFICIENT_FEATURES,,,,,LOW,False,False,INSUFFICIENT_MODEL_FEATURES,,LOW,,NOT_CANDIDATE,,,,,,,,,,False,False,,,,,,INSUFFICIENT,,INSUFFICIENT,MISSING,LOW,MISSING,MISSING,MIXED_OR_NEUTRAL,False,False,False,False,UNCERTAIN,LOW
A61476403,벽산1,부산진구,가야동,1772.0,가평초등학교,부산진구|가야동,1,부산진구|가야동;부산진구|초읍동,71.48399558498896,9.542552216435162,B,84.99,2647370.278856336,2622321.2078629453,17,30,5,835,3822899.385376815,324908218.7631755,202577733.1652691,521110336.11841255,98.03771790251967,F_S,0.2410301317701672,0.1824645800248972,-0.3476711299587833,0.1726309039978263,MEDIUM,True,True,OK,33.897658503068484,HIGH,1.0,TIER_1,-0.34476172771698543,-0.34767112995878335,STABLE_NEGATIVE,2383547.866399213,6131431.181532093,2647370.278856336,2622321.2078629453,225000000.0,222871079.4562717,True,True,44.40365278363354,45.783032754110174,45.783032754110174,-9.10541930362223,133.81693909759016,STABLE_POSITIVE,1.3793799704766343,POTENTIAL_UNDERVALUED_SIGNAL,POSITIVE,MEDIUM,POSITIVE,POSITIVE,DOUBLE_POSITIVE,True,True,True,True,UNCERTAIN,HIGH
A61477009,개금우드빌,부산진구,개금동,980.0,개원초등학교,부산진구|개금동,0,부산진구|개금동,37.058388520971306,-5.342304268359732,B,44.87,2102322.7909224867,2074542.897327708,18,35,7,2395,2391841.739231945,107321938.83933736,72271983.12129246,159370174.427123,81.15599871543313,F_S,0.2017329316280527,0.1568068905229622,-0.2049381883371097,0.1219866589825076,HIGH,False,False,OK,33.479438709836934,MEDIUM,0.986,NOT_CANDIDATE,-0.12167507373186304,-0.20493818833710975,STABLE_NEGATIVE,1610697.1945908729,3551820.2457571435,2102322.7909224867,2074542.897327708,94331223.62869197,93084739.80309425,True,True,13.771384183226164,15.294879769078818,15.294879769078818,-22.358935230229815,71.20977591412394,STABLE_POSITIVE,1.523495585852654,POTENTIAL_UNDERVALUED_SIGNAL,POSITIVE,HIGH,POSITIVE,POSITIVE,DOUBLE_POSITIVE,True,False,False,True,ROBUST_DUAL_POSITIVE,LOW
A61477105,개금아이파크,부산진구,개금동,1424.0,주례초등학교,부산진구|개금동,0,부산진구|개금동,52.17086092715231,0.925211716849339,B,84.99,3441581.362513237,3478359.267237752,22,48,7,2343,3724911.900409236,316580262.41578096,213189247.50417715,470113121.20364314,81.15599871543311,F_S,0.2017329316280527,0.1568068905229622,-0.0421409821973046,0.137928719957538,HIGH,False,False,OK,8.80554827843632,LOW,0.632,NOT_CANDIDATE,-0.021521668952793505,-0.042140982197304666,STABLE_NEGATIVE,2508403.9005080266,5531393.354555162,3441581.362513237,3478359.267237752,292500000.0,295625754.12253654,True,True,8.23256834727555,7.0881876835936275,7.0881876835936275,-27.88542793338281,59.02306028749504,STABLE_POSITIVE,1.1443806636819218,POTENTIAL_UNDERVALUED_SIGNAL,POSITIVE,HIGH,POSITIVE,POSITIVE,DOUBLE_POSITIVE,False,False,False,True,UNCERTAIN,LOW
A61477302,서면노르웨이아침,부산진구,전포동,512.0,성북초등학교,부산진구|전포동,0,부산진구|전포동,47.90739514348786,-0.8838298478144213,B,30.49,1803870.1213512628,1769990.6162311868,5,8,6,1743,2145161.830297508,65405984.20577101,53896032.86257249,79373982.51247424,38.95354524403555,F_S,0.0987535114774411,0.0728117414555861,-0.1822388141906215,0.1345257050437532,HIGH,False,False,OK,61.18427827017758,MEDIUM,1.0,NOT_CANDIDATE,-0.15528301126809652,-0.1822388141906215,STABLE_NEGATIVE,1767662.6061847324,2603279.1903074533,1803870.1213512628,1769990.6162311868,55000000.0,53967013.88888888,True,True,18.919971283220004,21.196226162213616,21.196226162213616,-0.13152668862229655,47.07870010353923,STABLE_POSITIVE,2.276254878993612,POTENTIAL_UNDERVALUED_SIGNAL,POSITIVE,HIGH,POSITIVE,POSITIVE,DOUBLE_POSITIVE,True,False,False,True,ROBUST_DUAL_POSITIVE,LOW
A61477403,시영(1~5동),부산진구,개금동,633.0,주례초등학교,부산진구|개금동,0,부산진구|개금동,52.17086092715231,0.925211716849339,B,39.67,1499873.960171414,1487269.9773128307,14,19,7,2372,2324393.0539915278,92208672.45184387,62094513.86312276,136927382.8936591,81.1559987154331,F_S,0.2017329316280527,0.1568068905229622,-0.4705851163927264,0.3284878879902626,HIGH,False,False,OK,42.54583634330404,MEDIUM,1.0,NOT_CANDIDATE,-0.4283483328970572,-0.4705851163927264,STABLE_NEGATIVE,1565276.3766857262,3451660.7737247064,1499873.960171414,1487269.9773128307,59500000.0,59000000.0,True,True,54.97255874259474,56.28588551159979,56.28588551159979,5.244938751055517,132.08030998925273,STABLE_POSITIVE,1.3133267690050445,STRONG_UNDERVALUED_SIGNAL,POSITIVE,HIGH,POSITIVE,POSITIVE,DOUBLE_POSITIVE,True,True,False,True,UNCERTAIN,HIGH
A61477806,국제백양,부산진구,당감동,1153.0,개원초등학교,부산진구|당감동,0,부산진구|당감동,37.058388520971306,-5.342304268359732,B,84.9825,1918825.3451799944,1892741.0917463216,21,34,9,2276,2715299.9532372537,230752978.2759849,123627135.4645992,430705902.73835546,133.07683808374696,F_S,0.3184069983246737,0.2679934126934249,-0.417269627298074,0.1337222038031234,MEDIUM,False,False,OK,41.70825093948672,MEDIUM,1.0,NOT_CANDIDATE,-0.3641594376755872,-0.41726962729807404,STABLE_NEGATIVE,1454736.3923701844,5068171.714627782,1918825.3451799944,1892741.0917463216,163066574.89675888,160849869.8293318,True,True,41.50844734555798,43.45860430028521,43.45860430028521,-23.141289703390743,167.76888485850304,STABLE_POSITIVE,1.9501569547272268,POTENTIAL_UNDERVALUED_SIGNAL,POSITIVE,LOW,POSITIVE,POSITIVE,DOUBLE_POSITIVE,False,True,False,True,UNCERTAIN,MEDIUM
A61478807,화인,부산진구,연지동,654.0,연지초등학교,부산진구|연지동,0,부산진구|연지동,67.58669977924946,7.74629440984449,B,59.72,3415941.058271936,3348985.494986658,8,20,5,1141,3079083.160605361,183882846.35135216,135719478.13966632,249138160.9018477,61.67986030924703,F_S,0.1549534466481837,0.1225896450890765,0.1193883784750644,0.1244951269114778,HIGH,False,False,OK,25.562401904063925,MEDIUM,0.974,TIER_1,0.11938837847506445,0.11938837847506445,STABLE_POSITIVE,2272596.7538457187,4171770.946112654,3415941.058271936,3348985.494986658,204000000.00000003,200001413.76060322,True,True,-9.861349827768562,-8.059226735539271,-8.059226735539271,-32.14074061390426,24.56819990285666,STABLE_NEGATIVE,1.8021230922292908,POTENTIAL_OVERVALUED_SIGNAL,NEGATIVE,HIGH,NEGATIVE,POSITIVE,SCHOOL_ONLY_POSITIVE,False,False,False,True,SCHOOL_VALUE_CANDIDATE,LOW
A61478901,연지자이2차,부산진구,연지동,1011.0,연지초등학교,부산진구|연지동,0,부산진구|연지동,67.58669977924946,7.7462944098444675,B,84.9215,5558074.221486903,5475645.154642818,43,75,5,946,5722162.038284541,485934583.53418064,358656554.4088888,658380326.7270929,61.67986030924705,F_S,0.1549534466481837,0.1225896450890765,-0.0442882931309274,0.127217335574068,HIGH,False,False,OK,-28.55940960844957,MEDIUM,0.306,NOT_CANDIDATE,-0.016764686613580437,-0.044288293130927414,STABLE_NEGATIVE,4223389.299634237,7752810.851516905,5558074.221486903,5475645.154642818,472000000.0,465000000.0,True,True,2.9522422741908194,4.502060975092603,4.502060975092603,-22.86955819163682,41.587167038084495,STABLE_POSITIVE,1.5498187009017839,POTENTIAL_UNDERVALUED_SIGNAL,POSITIVE,HIGH,POSITIVE,NEGATIVE,LOCAL_ONLY_POSITIVE,False,False,False,True,LOCAL_VALUE_CANDIDATE,LOW
A61479104,현대2차,부산진구,양정동,1901.0,양성초등학교,부산진구|양정동,0,부산진구|양정동,13.76583885209713,-14.248657021528544,B,59.95,4706436.051300153,4706436.051300153,58,87,4,899,4903244.846078564,293949528.52241,221085797.44203955,390827119.23727083,57.745056659375,F_S,0.1453353219443202,0.1089156649634835,8.071493612682445e-05,0.1617477995161595,MEDIUM,False,False,OK,-32.431634569911594,MEDIUM,0.0,NOT_CANDIDATE,0.01217930615278462,8.071493612682445e-05,STABLE_POSITIVE,3687836.487773804,6519218.002289755,4706436.051300153,4706436.051300153,282150841.2754442,282150841.2754442,True,True,4.181694867054286,4.181694867054286,4.181694867054286,-21.642694226026116,38.51708450365157,STABLE_POSITIVE,0.0,POTENTIAL_UNDERVALUED_SIGNAL,POSITIVE,MEDIUM,POSITIVE,NEGATIVE,LOCAL_ONLY_POSITIVE,False,False,False,False,LOCAL_VALUE_CANDIDATE,LOW
A61479403,쌍용스윗닷홈,부산진구,부암동,718.0,동양초등학교,부산진구|부암동,0,부산진구|부암동,51.35524282560706,0.5765990743589633,B,94.412,3198745.922128543,2955132.8220988857,10,25,11,2031,3469307.073762293,327544219.4480456,249547587.59663454,429918865.28369856,55.06776397733807,F_S,0.1387619583272264,0.1076887481608878,-0.1683201177122484,0.1106582742981669,HIGH,False,False,OK,23.614564600191656,MEDIUM,1.0,NOT_CANDIDATE,-0.12205979902274056,-0.16832011771224842,STABLE_NEGATIVE,2643176.5834495034,4553646.414478017,3198745.922128543,2955132.8220988857,302000000.0,279000000.0,True,True,8.458350810611126,17.399361809335346,17.399361809335346,-10.55642021626002,54.092783255805934,STABLE_POSITIVE,8.94101099872422,POTENTIAL_UNDERVALUED_SIGNAL,POSITIVE,HIGH,POSITIVE,POSITIVE,DOUBLE_POSITIVE,True,False,False,True,ROBUST_DUAL_POSITIVE,LOW
A61479502,반도보라빌,부산진구,가야동,1048.0,가평초등학교,부산진구|가야동,1,부산진구|가야동;부산진구|초읍동,71.48399558498896,9.542552216435183,B,84.8598,4840239.076813169,4884332.0396831045,20,43,5,838,4987344.793962233,423225081.7466763,263877528.26105046,678797739.9965652,98.03771790251966,F_S,0.2410301317701672,0.1824645800248972,-0.0183344648183485,0.1089446014265839,MEDIUM,True,True,OK,-4.0679344148077945,LOW,0.328,NOT_CANDIDATE,-0.013846584715346388,-0.01833446481834855,STABLE_NEGATIVE,3109570.4710717024,7999049.491002397,4840239.076813169,4884332.0396831045,410741720.0105502,414483440.02110034,True,True,3.039224195634538,2.109044869230714,2.109044869230714,-36.33580915859579,63.76956820325783,STABLE_POSITIVE,0.9301793264038238,WITHIN_MODEL_RANGE,NEUTRAL_POINT_GAP,MEDIUM,NEUTRAL,NEGATIVE,MIXED_OR_NEUTRAL,False,False,True,True,UNCERTAIN,LOW
A61479605,동일스위트,부산진구,당감동,1090.0,개원초등학교,부산진구|당감동,0,부산진구|당감동,37.058388520971306,-5.342304268359721,B,80.2373,2953738.473253711,2991127.567851859,19,43,9,2198,3618075.89171084,290304640.7459702,155532255.38254726,541860492.0976653,133.076838083747,F_S,0.3184069983246737,0.2679934126934249,-0.2177122224033869,0.1276789496940626,MEDIUM,False,False,OK,20.413602271836226,MEDIUM,0.878,NOT_CANDIDATE,-0.18392815403033147,-0.21771222240338695,STABLE_NEGATIVE,1938403.4031871369,6753224.399346256,2953738.473253711,2991127.567851859,237000000.0,240000000.0,True,True,22.49140959745577,20.960266977487585,20.960266977487585,-35.19489359060531,125.77520504069386,STABLE_POSITIVE,1.5311426199681861,POTENTIAL_UNDERVALUED_SIGNAL,POSITIVE,LOW,POSITIVE,POSITIVE,DOUBLE_POSITIVE,False,False,False,True,UNCERTAIN,LOW
A61479902,대원칸타빌멤버스,부산진구,양정동,840.0,양정초등학교,부산진구|양정동,0,부산진구|양정동,83.05761589403974,15.055263916615868,B,84.8502,5185609.462323012,4981353.819961494,11,28,4,1165,4885082.80143909,414500252.71866703,311754604.17602617,551108009.9616731,57.74505665937502,F_S,0.1453353219443202,0.1089156649634835,0.032708714334217,0.120773301405209,MEDIUM,False,False,OK,6.566607945015537,LOW,0.918,NOT_CANDIDATE,0.034601430187615634,0.03270871433421707,STABLE_POSITIVE,3674176.421222651,6495070.252771038,5185609.462323012,4981353.819961494,440000000.0,422668867.89449674,True,True,-5.795397109393852,-1.9326275948643334,-1.9326275948643334,-26.2414083797996,30.38765137990631,STABLE_NEGATIVE,3.8627695145295182,WITHIN_MODEL_RANGE,NEUTRAL_POINT_GAP,MEDIUM,NEUTRAL,POSITIVE,SCHOOL_ONLY_POSITIVE,False,False,False,True,UNCERTAIN,LOW
A61480908,동원화인패밀리,부산진구,개금동,894.0,개원초등학교,부산진구|개금동,0,부산진구|개금동,37.058388520971306,-5.342304268359721,B,84.98,2182866.5568369026,2188750.294186868,16,31,7,2462,1937790.834542448,164673465.11941722,110893243.4537142,244535638.69068763,81.15599871543313,F_S,0.2017329316280527,0.1568068905229622,0.1159112853953487,0.1139396701175056,HIGH,False,False,OK,34.59594494865854,MEDIUM,0.992,NOT_CANDIDATE,0.18679746689275056,0.11591128539534878,STABLE_POSITIVE,1304933.436734693,2877566.9415237424,2182866.5568369026,2188750.294186868,185500000.0,186000000.00000003,True,True,-11.227242523225222,-11.465878968055277,-11.465878968055277,-40.379976637788076,31.470773489616978,STABLE_NEGATIVE,0.23863644483005508,POTENTIAL_OVERVALUED_SIGNAL,NEGATIVE,HIGH,NEGATIVE,POSITIVE,SCHOOL_ONLY_POSITIVE,False,False,False,True,SCHOOL_VALUE_CANDIDATE,LOW
A61480910,개금2지구도개공임대아파트,부산진구,개금동,990.0,개원초등학교,부산진구|개금동,0,부산진구|개금동,37.058388520971306,,B,,,,0,0,8,2692,,,,,,INSUFFICIENT_FEATURES,,,,,LOW,False,False,INSUFFICIENT_MODEL_FEATURES,,LOW,,NOT_CANDIDATE,,,,,,,,,,False,False,,,,,,INSUFFICIENT,,INSUFFICIENT,MISSING,LOW,MISSING,MISSING,MIXED_OR_NEUTRAL,False,False,False,False,UNCERTAIN,LOW
A61481111,엘지신개금(2-1),부산진구,개금동,2510.0,개림초등학교,부산진구|개금동,0,부산진구|개금동,40.102041942604856,-4.112132482732034,B,60.0,3976938.463348629,3929153.429815272,23,62,7,2257,3568326.8886957243,214099613.32174343,144177451.57798734,317932131.01512873,81.15599871543311,F_S,0.2017329316280527,0.1568068905229622,0.043439702974954,0.1677749683553993,HIGH,False,False,OK,-8.313798727498384,LOW,0.088,NOT_CANDIDATE,0.09567783682182274,0.04343970297495403,STABLE_POSITIVE,2402957.526299789,5298868.850252146,3976938.463348629,3929153.429815272,238616307.80091774,235749205.78891632,True,True,-10.274525955547464,-9.18331512283328,-9.18331512283328,-38.84286859185432,34.86031902045805,STABLE_NEGATIVE,1.091210832714184,POTENTIAL_OVERVALUED_SIGNAL,NEGATIVE,HIGH,NEGATIVE,NEGATIVE,DOUBLE_NEGATIVE,False,False,False,True,NEGATIVE_OR_FULLY_PRICED,LOW
A61482207,개금주공3단지,부산진구,당감동,2716.0,당평초등학교,부산진구|당감동,0,부산진구|당감동,39.86026490066225,-4.210434801629315,B,49.94,2943532.238686424,3004206.00874896,27,66,9,1862,3223205.665570961,160966890.93861377,86238867.98801246,300448516.8108331,133.07683808374696,F_S,0.3184069983246737,0.2679934126934249,-0.1061332437013451,0.2552109561047443,MEDIUM,False,False,OK,6.547596681406997,LOW,0.652,NOT_CANDIDATE,-0.07130285574704587,-0.10613324370134514,STABLE_NEGATIVE,1726849.5792553558,6016189.763933382,2943532.238686424,3004206.00874896,147000000.00000003,150030048.07692307,True,True,9.501286352798456,7.289768284339404,7.289768284339404,-42.518935977547464,100.2588952426302,STABLE_POSITIVE,2.2115180684590516,POTENTIAL_UNDERVALUED_SIGNAL,POSITIVE,LOW,POSITIVE,POSITIVE,DOUBLE_POSITIVE,False,False,False,True,UNCERTAIN,LOW
A61482302,"백양뜨란채,주공아파트(1단지)",부산진구,당감동,851.0,동양초등학교;동원초등학교,부산진구|당감동,0,부산진구|당감동,66.89039735099338,7.428485025184317,B,59.91,2328880.140492366,2268963.853266393,16,36,9,2231,2886011.3931540404,172900942.56385854,92632599.62232785,322723707.00330627,133.07683808374696,F_S,0.3184069983246737,0.2679934126934249,-0.2544758974216137,0.1252993013302512,MEDIUM,False,False,OK,44.22911075239124,MEDIUM,1.0,TIER_1,-0.20309746395259953,-0.2544758974216137,STABLE_NEGATIVE,1546195.9543035864,5386808.663049679,2328880.140492366,2268963.853266393,139523209.21689764,135933624.44918957,True,True,23.9227104467423,27.195124285446326,27.195124285446326,-31.8545356252508,137.41271397051338,STABLE_POSITIVE,3.2724138387040256,POTENTIAL_UNDERVALUED_SIGNAL,POSITIVE,LOW,POSITIVE,POSITIVE,DOUBLE_POSITIVE,False,False,False,True,UNCERTAIN,LOW
A61482303,백양푸른채,부산진구,당감동,1116.0,동양초등학교;동원초등학교,부산진구|당감동,0,부산진구|당감동,66.89039735099338,7.428485025184339,B,59.89,2187724.2428667126,2169921.548990152,22,43,9,2200,2857024.160444743,171107176.96903566,91671580.16403215,319375601.00878614,133.076838083747,F_S,0.3184069983246737,0.2679934126934249,-0.338587932732235,0.1658943364926934,MEDIUM,False,False,OK,51.3186949207654,MEDIUM,1.0,TIER_1,-0.3164579905168088,-0.338587932732235,STABLE_NEGATIVE,1530665.8901992345,5332703.306207817,2187724.2428667126,2169921.548990152,131022804.90528741,129956601.5690202,True,True,30.5934314966956,31.66485957864966,31.66485957864966,-29.459851167818364,145.75558082685407,STABLE_POSITIVE,1.0714280819540605,POTENTIAL_UNDERVALUED_SIGNAL,POSITIVE,LOW,POSITIVE,POSITIVE,DOUBLE_POSITIVE,False,True,False,True,UNCERTAIN,MEDIUM
A61483202,서면이-편한세상,부산진구,범천동,623.0,부전초등학교,부산진구|범천동,0,부산진구|범천동,43.63923841059604,-2.662382217190884,B,84.915,5372670.07564154,5284995.546449504,15,26,4,938,5315860.965601681,451396333.8940668,354677410.302731,574490069.9457794,48.69615527152995,F_S,0.1230291172112557,0.0885500114316533,0.0304709438113937,0.1286103528906759,MEDIUM,False,False,OK,-24.78633270161843,HIGH,0.0,NOT_CANDIDATE,0.03723356252655741,0.030470943811393703,STABLE_POSITIVE,4176852.26759384,6765472.177421886,5372670.07564154,5284995.546449504,456220279.4731014,448775396.82675964,True,True,-1.0573720187550317,0.5840197760036636,0.5840197760036636,-20.96772398607075,28.012826462398376,MIXED,1.6413917947586953,WITHIN_MODEL_RANGE,NEUTRAL_POINT_GAP,LOW,NEUTRAL,NEGATIVE,MIXED_OR_NEUTRAL,False,False,False,False,UNCERTAIN,LOW
A61484004,협성피닉스타운,부산진구,부암동,774.0,동평초등학교,부산진구|부암동,0,부산진구|부암동,70.84387417218544,9.245479063447458,B,125.85,1752997.747884838,1861996.5972364568,5,8,11,2087,2283303.5796622704,287353755.5004967,218927498.07284063,377166785.9318713,55.06776397733806,F_S,0.1387619583272264,0.1076887481608878,-0.2146115458603388,0.1520670457718324,HIGH,False,False,OK,55.3848339189516,HIGH,1.0,TIER_1,-0.26410545556062104,-0.21461154586033881,STABLE_NEGATIVE,1739590.7673646456,2996954.993499176,1752997.747884838,1861996.5972364568,220614766.57130685,234332271.76220807,True,True,30.251369827331366,22.626624723756738,22.626624723756738,-6.573901910104663,60.9538383661498,STABLE_POSITIVE,7.624745103574629,POTENTIAL_UNDERVALUED_SIGNAL,POSITIVE,HIGH,POSITIVE,POSITIVE,DOUBLE_POSITIVE,True,False,False,True,ROBUST_DUAL_POSITIVE,LOW
A61484005,화승,부산진구,부암동,1811.0,동평초등학교,부산진구|부암동,0,부산진구|부암동,70.84387417218544,9.245479063447458,B,84.76,3678929.765886288,3595317.7257525087,41,81,11,1735,3534059.955140546,299546921.7977127,228217160.51830316,393170952.415249,55.06776397733806,F_S,0.1387619583272264,0.1076887481608878,0.0182816142722845,0.1273617802302227,HIGH,False,False,OK,24.63392320005933,HIGH,0.812,TIER_1,0.021452755476001784,0.018281614272284585,STABLE_POSITIVE,2692510.152410372,4638637.947324787,3678929.765886288,3595317.7257525087,311826086.9565218,304739130.4347827,True,True,-3.9378248557251805,-1.7038207826025054,-1.7038207826025054,-25.110647853888267,29.018860116289403,STABLE_NEGATIVE,2.234004073122675,WITHIN_MODEL_RANGE,NEUTRAL_POINT_GAP,HIGH,NEUTRAL,POSITIVE,SCHOOL_ONLY_POSITIVE,False,False,False,True,SCHOOL_VALUE_CANDIDATE,LOW
A61485906,연지2청구,부산진구,연지동,554.0,연지초등학교,부산진구|연지동,0,부산진구|연지동,67.58669977924946,7.746294409844512,B,59.895,2803352.2190745985,2773843.248347497,18,28,5,1136,3605291.9883790486,215938963.64396316,159379322.41803995,292570173.5468722,61.67986030924706,F_S,0.1549534466481837,0.1225896450890765,-0.2029229715074381,0.1075760976442503,HIGH,False,False,OK,47.84342965649007,MEDIUM,1.0,TIER_1,-0.17427757230593066,-0.2029229715074381,STABLE_NEGATIVE,2660978.753118623,4884717.815291296,2803352.2190745985,2773843.248347497,167906781.1614731,166139341.35977334,True,True,28.606457791778126,29.974611598073665,29.974611598073665,-4.068885121612842,76.09927374956543,STABLE_POSITIVE,1.3681538062955383,POTENTIAL_UNDERVALUED_SIGNAL,POSITIVE,HIGH,POSITIVE,POSITIVE,DOUBLE_POSITIVE,True,True,False,True,UNCERTAIN,HIGH
A61486005,연지자이,부산진구,연지동,547.0,연지초등학교,부산진구|연지동,0,부산진구|연지동,67.58669977924946,7.746294409844512,B,84.8984,5180078.9193160925,5268330.617867118,6,16,5,1161,4219274.194004829,358209628.2322996,264385856.39140606,485329054.6993615,61.67986030924703,F_S,0.1549534466481837,0.1225896450890765,0.208956602536122,0.1194396764783278,HIGH,False,False,OK,-24.287849101357114,MEDIUM,0.256,NOT_CANDIDATE,0.19093339790518993,0.20895660253612203,STABLE_POSITIVE,3114144.158092568,5716586.587018855,5180078.9193160925,5268330.617867118,439780412.12366533,447272840.1279297,True,True,-18.54807118340418,-19.912501700339334,-19.912501700339334,-40.88935596541342,8.508501110987844,STABLE_NEGATIVE,1.3644305169351547,POTENTIAL_OVERVALUED_SIGNAL,NEGATIVE,HIGH,NEGATIVE,NEGATIVE,DOUBLE_NEGATIVE,False,False,False,True,NEGATIVE_OR_FULLY_PRICED,LOW
A61486008,세동한신,부산진구,연지동,789.0,연지초등학교,부산진구|연지동,0,부산진구|연지동,67.58669977924946,7.74629440984449,B,84.98,3430145.2178267404,3329994.992488733,14,30,5,1124,3458762.0119798854,293925595.77805066,216939367.9857741,398232264.8747979,61.67986030924705,F_S,0.1549534466481837,0.1225896450890765,-0.0486504749766529,0.1272072721848558,HIGH,False,False,OK,26.961008433070766,MEDIUM,0.964,TIER_1,-0.05746380233946713,-0.04865047497665298,STABLE_NEGATIVE,2552828.5241912697,4686188.101609766,3430145.2178267404,3329994.992488733,291493740.61091644,282982974.4616926,True,True,0.8342735463332751,3.8668832770500705,3.8668832770500705,-23.338367476541876,40.72658103631128,STABLE_POSITIVE,3.0326097307167954,POTENTIAL_UNDERVALUED_SIGNAL,POSITIVE,HIGH,POSITIVE,POSITIVE,DOUBLE_POSITIVE,True,False,False,True,ROBUST_DUAL_POSITIVE,LOW
A61486301,한라비발디,부산진구,전포동,511.0,성북초등학교,부산진구|전포동,0,부산진구|전포동,47.90739514348786,-0.8838298478144213,B,84.9706,4526912.365529137,4471743.031531918,6,18,6,1718,4757019.261631038,404206780.8723463,333075668.98822737,490528540.2547965,38.95354524403557,F_S,0.0987535114774411,0.0728117414555861,-0.0103661180757788,0.1357583592830352,HIGH,False,False,OK,15.441033973722195,MEDIUM,0.73,NOT_CANDIDATE,-0.059151911789598444,-0.010366118075778807,STABLE_NEGATIVE,3919893.104064551,5772920.754411484,4526912.365529137,4471743.031531918,384654459.84643006,379966688.435086,True,True,5.083087047456125,6.379530936539313,6.379530936539313,-12.340823781153532,29.097774932604125,STABLE_POSITIVE,1.2964438890831875,POTENTIAL_UNDERVALUED_SIGNAL,POSITIVE,HIGH,POSITIVE,POSITIVE,DOUBLE_POSITIVE,False,False,False,True,UNCERTAIN,LOW
A61609002,구포동원로얄듀크비스타,북구,구포동,1079.0,구포초등학교,북구|구포동,0,북구|구포동,52.61782560706401,1.1167662544392831,B,84.9869,5353766.28633354,5441641.427575145,25,44,4,1066,5182022.847839333,440404057.5670366,346520230.84681815,559724127.6433563,48.41097467956118,F_S,0.1223221504927091,0.0963435857849885,0.0407955796211938,0.1177141458506174,MEDIUM,False,False,OK,-13.946369517494272,HIGH,0.018,NOT_CANDIDATE,0.03547005646247747,0.040795579621193845,STABLE_POSITIVE,4077336.987780683,6586004.756537258,5353766.28633354,5441641.427575145,455000000.0,462468235.8411861,True,True,-3.2078994358161306,-4.770960806425295,-4.770960806425295,-25.071560814002602,21.029745237588248,STABLE_NEGATIVE,1.5630613706091645,POTENTIAL_OVERVALUED_SIGNAL,NEGATIVE,MEDIUM,NEGATIVE,NEGATIVE,DOUBLE_NEGATIVE,False,False,False,True,NEGATIVE_OR_FULLY_PRICED,LOW
A61609206,구포유림노르웨이숲2차,북구,구포동,1176.0,신천초등학교,북구|구포동,0,북구|구포동,37.17687637969095,-5.294710872923258,B,59.8889,2454544.999156772,2473064.2089904128,29,51,4,946,2692209.117100424,161233442.59311557,126862250.2168686,204916931.2856066,48.41097467956118,F_S,0.1223221504927091,0.0963435857849885,-0.1003356158792883,0.1068417215608382,MEDIUM,False,False,OK,14.4151682719485,LOW,0.98,NOT_CANDIDATE,-0.12881242609720722,-0.1003356158792883,STABLE_NEGATIVE,2118293.2098747613,3421617.883875085,2454544.999156772,2473064.2089904128,147000000.0,148109095.10580593,True,True,9.682614008922164,8.86127045603371,8.86127045603371,-14.345401863240781,38.355400213078326,STABLE_POSITIVE,0.8213435528884538,POTENTIAL_UNDERVALUED_SIGNAL,POSITIVE,MEDIUM,POSITIVE,POSITIVE,DOUBLE_POSITIVE,False,False,False,True,UNCERTAIN,LOW
A61610003,롯데,북구,덕천동,705.0,덕양초등학교,북구|덕천동,0,북구|덕천동,35.35176600441501,-6.025161527512535,B,84.7504,2459788.708319089,2477864.411259416,19,36,5,946,2757397.216382011,233690517.047262,164949523.40272743,331078602.9037634,71.08935424514372,F_S,0.1777337525171167,0.1439222962375012,-0.1306610335752474,0.1276468280702376,HIGH,False,False,OK,37.23970899525324,MEDIUM,1.0,NOT_CANDIDATE,-0.14467987985113062,-0.1306610335752474,STABLE_NEGATIVE,1946297.8747324783,3906513.749832018,2459788.708319089,2477864.411259416,208468076.94552612,210000000.0,True,True,12.098946021518042,11.281198593934283,11.281198593934283,-21.45260790346313,57.65647757322068,STABLE_POSITIVE,0.8177474275837593,POTENTIAL_UNDERVALUED_SIGNAL,POSITIVE,HIGH,POSITIVE,POSITIVE,DOUBLE_POSITIVE,True,False,False,True,ROBUST_DUAL_POSITIVE,LOW
A61612010,화명2차현대,북구,화명동,743.0,용수초등학교,북구|화명동,0,북구|화명동,66.68863134657838,7.3365694010254945,B,84.9943,4882680.367977617,4853266.630821126,13,22,17,7000,4964319.311011495,421938844.8159043,302275199.025517,588974515.072773,67.94807341626615,F_S,0.1701645553832526,0.1326223031155248,-0.0231243892743409,0.1147636029324179,HIGH,False,False,OK,-9.61514099506885,MEDIUM,0.302,NOT_CANDIDATE,-0.023714399491144178,-0.023124389274340906,STABLE_NEGATIVE,3556417.3012251058,6929576.631289074,4882680.367977617,4853266.630821126,415000000.0,412500000.0,True,True,1.6720107990130906,2.288204803855587,2.288204803855587,-26.721163872601938,42.78170062370255,STABLE_POSITIVE,0.6161940048424963,WITHIN_MODEL_RANGE,NEUTRAL_POINT_GAP,HIGH,NEUTRAL,NEGATIVE,MIXED_OR_NEUTRAL,False,False,False,True,UNCERTAIN,LOW
A61612011,대우이안,북구,화명동,989.0,명진초등학교,북구|화명동,0,북구|화명동,69.87522075055188,8.797469166139994,B,83.7711,5628871.603528999,5648068.831132155,18,37,17,6934,5135725.510494874,430225375.3122172,308211634.3307254,600541488.2032772,67.94807341626615,F_S,0.1701645553832526,0.1326223031155248,0.1156889748168445,0.1123902902472056,HIGH,False,False,OK,-14.429937069415995,MEDIUM,0.01,NOT_CANDIDATE,0.12166367607636364,0.11568897481684459,STABLE_POSITIVE,3679211.9756183857,7168838.515947352,5628871.603528999,5648068.831132155,471536765.98638815,473144938.8596549,True,True,-8.761011580455113,-9.071123882436494,-9.071123882436494,-34.858938769680535,26.925480731267193,STABLE_NEGATIVE,0.3101123019813805,POTENTIAL_OVERVALUED_SIGNAL,NEGATIVE,HIGH,NEGATIVE,NEGATIVE,DOUBLE_NEGATIVE,False,False,False,True,NEGATIVE_OR_FULLY_PRICED,LOW
A61612013,코오롱하늘채1차,북구,화명동,1280.0,학사초등학교,북구|화명동,0,북구|화명동,63.8310706401766,6.04320425334226,B,69.337,6158050.614954587,5674091.377844548,20,52,17,6852,5154902.411278255,357425468.4908004,256058089.8210131,498921809.5595753,67.94807341626614,F_S,0.1701645553832526,0.1326223031155248,0.1397912363673512,0.1211126815924243,HIGH,False,False,OK,-55.15234035238373,MEDIUM,0.002,NOT_CANDIDATE,0.20255221584750327,0.13979123636735125,STABLE_POSITIVE,3692950.2260122746,7195607.100964497,6158050.614954587,5674091.377844548,426980755.48910624,393424473.86560744,True,True,-16.290028556118486,-9.150169286902122,-9.150169286902122,-34.91556656221603,26.815143109273222,STABLE_NEGATIVE,7.139859269216364,POTENTIAL_OVERVALUED_SIGNAL,NEGATIVE,HIGH,NEGATIVE,NEGATIVE,DOUBLE_NEGATIVE,False,False,False,True,NEGATIVE_OR_FULLY_PRICED,LOW
A61612016,수정강변타운,북구,화명동,1780.0,용수초등학교,북구|화명동,0,북구|화명동,66.68863134657838,7.336569401025472,B,59.4,4516258.530710558,4505897.541321868,44,92,17,6636,4747852.389817341,282022431.95515007,202039674.22363764,393668483.33886224,67.94807341626614,F_S,0.1701645553832526,0.1326223031155248,-0.00256694005032,0.1149358019377594,HIGH,False,False,OK,5.899675427705114,LOW,0.836,NOT_CANDIDATE,0.00979781759763565,-0.002566940050320099,MIXED,3401341.3168962565,6627415.54442529,4516258.530710558,4505897.541321868,268265756.72420716,267650313.95451894,True,True,5.128002693644418,5.369737023014798,5.369737023014798,-24.513567259267376,47.08313901165728,STABLE_POSITIVE,0.24173432937037997,POTENTIAL_UNDERVALUED_SIGNAL,POSITIVE,HIGH,POSITIVE,POSITIVE,DOUBLE_POSITIVE,False,False,False,True,UNCERTAIN,LOW
A61612017,대림쌍용강변타운,북구,화명동,1895.0,용수초등학교,북구|화명동,0,북구|화명동,66.68863134657838,7.336569401025472,B,84.97,6311571.213892136,6296339.884665176,47,95,17,6656,5464926.488795963,464354803.752993,332661812.126192,648181955.0922343,67.94807341626614,F_S,0.1701645553832526,0.1326223031155248,0.131560262582612,0.1276166342112674,HIGH,False,False,OK,-13.868360718446016,MEDIUM,0.0,NOT_CANDIDATE,0.136234228569311,0.131560262582612,STABLE_POSITIVE,3915050.16036474,7628362.423116797,6311571.213892136,6296339.884665176,536294206.04441476,535000000.0,True,True,-13.414167350796236,-13.204709578879815,-13.204709578879815,-37.820222032487486,21.155505624716685,STABLE_NEGATIVE,0.209457771916421,POTENTIAL_OVERVALUED_SIGNAL,NEGATIVE,HIGH,NEGATIVE,NEGATIVE,DOUBLE_NEGATIVE,False,False,False,True,NEGATIVE_OR_FULLY_PRICED,LOW
A61612018,롯데낙천대,북구,화명동,1950.0,명진초등학교,북구|화명동,0,북구|화명동,69.87522075055188,8.797469166139994,B,84.769,6352558.128561148,6134317.970012622,36,86,17,6624,5541500.109586199,469747422.7895125,336525061.5343946,655709385.2424307,67.94807341626614,F_S,0.1701645553832526,0.1326223031155248,0.1213913348542785,0.1242980921741682,HIGH,False,False,OK,-19.746325872899217,MEDIUM,0.0,NOT_CANDIDATE,0.16045918411134696,0.12139133485427855,STABLE_POSITIVE,3969907.1775577697,7735249.740381869,6352558.128561148,6134317.970012622,538500000.0,520000000.0,True,True,-12.767423808818478,-9.66395715586298,-9.66395715586298,-35.283642012616426,26.09795870046745,STABLE_NEGATIVE,3.1034666529554986,POTENTIAL_OVERVALUED_SIGNAL,NEGATIVE,HIGH,NEGATIVE,NEGATIVE,DOUBLE_NEGATIVE,False,False,False,True,NEGATIVE_OR_FULLY_PRICED,LOW
A61612019,대림타운,북구,화명동,3382.0,와석초등학교,북구|화명동,0,북구|화명동,50.83890728476821,0.3565289198819821,B,59.8,3348908.6459512645,3244147.157190636,76,143,17,6217,3947030.1984018977,236032405.86443347,169092614.57136625,329472086.9943108,67.94807341626615,F_S,0.1701645553832526,0.1326223031155248,-0.1190171570604547,0.1371766965130257,HIGH,False,False,OK,25.709382050249445,HIGH,0.986,NOT_CANDIDATE,-0.08570051049767358,-0.11901715706045479,STABLE_NEGATIVE,2827635.6951733488,5509566.672145666,3348908.6459512645,3244147.157190636,200264737.02788562,194000000.0,True,True,17.86019314601923,21.66618858991416,21.66618858991416,-12.838858468367908,69.83097267747979,STABLE_POSITIVE,3.805995443894929,POTENTIAL_UNDERVALUED_SIGNAL,POSITIVE,HIGH,POSITIVE,POSITIVE,DOUBLE_POSITIVE,True,False,False,True,ROBUST_DUAL_POSITIVE,LOW
A61670501,덕천삼정그린코아,북구,덕천동,560.0,덕성초등학교,북구|덕천동,0,북구|덕천동,67.33973509933774,7.633466263367361,A,84.3659,4591268.405039396,4399900.700565208,9,14,5,1008,4407143.031088905,371812588.24654347,262442438.83459866,526761606.8212229,71.0893542451441,F_S,0.1777337525171167,0.1439222962375012,-0.0029069857638406,0.1153161575165281,HIGH,False,False,OK,-36.01792618876991,LOW,0.294,NOT_CANDIDATE,0.013276732064587904,-0.0029069857638406305,MIXED,3110764.4064082606,6243773.927869233,4591268.405039396,4399900.700565208,387346491.1327132,371201582.5138143,True,True,-4.0103378349301995,0.16460213574289728,0.16460213574289728,-29.29921336614133,41.90715547437609,MIXED,4.174939970673097,WITHIN_MODEL_RANGE,NEUTRAL_POINT_GAP,LOW,NEUTRAL,NEGATIVE,MIXED_OR_NEUTRAL,False,False,False,True,UNCERTAIN,LOW
A61673103,쌍용스윗닷홈,북구,만덕동,600.0,백산초등학교,북구|만덕동,0,북구|만덕동,49.15954746136866,-0.3559155286136817,B,84.9876,3660591.164554392,3673591.386430088,8,21,12,3230,4013618.499379024,341107803.5778247,253303845.2620942,459347680.0215783,60.40431576127065,F_S,0.1518412394338459,0.1186202251525578,-0.1462722979054138,0.1055539759027507,HIGH,False,False,OK,-28.314585953919792,MEDIUM,0.02,NOT_CANDIDATE,-0.13937942142230764,-0.14627229790541385,STABLE_NEGATIVE,2980480.03781839,5404878.829636068,3660591.164554392,3673591.386430088,311104857.65668285,312209715.31336576,True,True,9.643997894192747,9.25598623202799,9.25598623202799,-18.86740455598813,47.127926355696445,STABLE_POSITIVE,0.38801166216475735,POTENTIAL_UNDERVALUED_SIGNAL,POSITIVE,HIGH,POSITIVE,NEGATIVE,LOCAL_ONLY_POSITIVE,False,False,False,True,LOCAL_VALUE_CANDIDATE,LOW
A61673302,삼한힐파크,북구,화명동,807.0,화잠초등학교,북구|화명동,0,북구|화명동,61.624392935982335,5.055110262507001,B,84.994,2764901.051838953,2859025.342965386,21,39,17,6935,4744588.106249461,403261521.5025667,288894843.812509,562903278.5026249,67.94807341626615,F_S,0.1701645553832526,0.1326223031155248,-0.5006380402620838,0.1172872465803203,HIGH,False,False,OK,43.18334450923915,MEDIUM,1.0,NOT_CANDIDATE,-0.5296587683255733,-0.5006380402620838,STABLE_NEGATIVE,3399002.797991729,6622859.007725544,2764901.051838953,2859025.342965386,234999999.99999997,243000000.0,True,True,71.60064744790074,65.95124341669411,65.95124341669411,18.88676700103251,131.64743971301434,STABLE_POSITIVE,5.649404031206629,STRONG_UNDERVALUED_SIGNAL,POSITIVE,HIGH,POSITIVE,POSITIVE,DOUBLE_POSITIVE,True,True,False,True,UNCERTAIN,HIGH
A61673304,동원로얄듀크,북구,화명동,1627.0,명덕초등학교,북구|화명동,0,북구|화명동,61.55711920529801,5.025131860740384,B,84.9949,4447325.663069196,4406363.102318851,43,90,17,6621,5061697.233118964,430218450.1592231,308206673.1804893,600531821.5450006,67.94807341626613,F_S,0.1701645553832526,0.1326223031155248,-0.1314078629458741,0.109727031378165,HIGH,False,False,OK,23.224530126264813,MEDIUM,0.942,NOT_CANDIDATE,-0.1345236643748855,-0.13140786294587414,STABLE_NEGATIVE,3626178.431652832,7065504.183721618,4447325.663069196,4406363.102318851,378000000.0,374518391.24528056,True,True,13.81440480402727,14.872449582179081,14.872449582179081,-17.705864281939153,60.347752095223186,STABLE_POSITIVE,1.058044778151812,POTENTIAL_UNDERVALUED_SIGNAL,POSITIVE,HIGH,POSITIVE,POSITIVE,DOUBLE_POSITIVE,True,False,False,True,ROBUST_DUAL_POSITIVE,LOW
A61673305,화명유림,북구,화명동,506.0,화잠초등학교,북구|화명동,0,북구|화명동,61.624392935982335,5.055110262507001,B,59.921,2787002.887134728,2728592.646985197,18,31,17,7032,4053674.2242830936,242900213.1932673,174012682.61605623,339058697.80488443,67.94807341626613,F_S,0.1701645553832526,0.1326223031155248,-0.3734837489668781,0.0968984832401314,HIGH,False,False,OK,38.862316401059694,HIGH,1.0,NOT_CANDIDATE,-0.3311783444084666,-0.3734837489668781,STABLE_NEGATIVE,2904035.0230479506,5658428.561020084,2787002.887134728,2728592.646985197,167000000.00000003,163500000.0,True,True,45.44922945704626,48.56282152493412,48.56282152493412,6.4297753003402125,107.37535033937884,STABLE_POSITIVE,3.113592067887865,STRONG_UNDERVALUED_SIGNAL,POSITIVE,HIGH,POSITIVE,POSITIVE,DOUBLE_POSITIVE,True,True,False,True,UNCERTAIN,HIGH
A61673308,화명롯데캐슬카이저,북구,화명동,5239.0,명덕초등학교,북구|화명동,0,북구|화명동,61.55711920529801,5.025131860740384,B,115.03,6883649.640941484,6869698.233903491,84,163,17,6174,7239265.23380839,832732679.844979,596566160.3046253,1162391972.9669344,67.9480734162664,F_S,0.1701645553832526,0.1326223031155248,-0.0310518125321266,0.104285519990176,HIGH,False,False,OK,-27.44364231373372,HIGH,0.0,NOT_CANDIDATE,-0.019987701820879167,-0.031051812532126633,STABLE_NEGATIVE,5186178.912497829,10105120.168364204,6883649.640941484,6869698.233903491,791826218.1974989,790221387.8459185,True,True,5.166090829954961,5.379668616024547,5.379668616024547,-24.50645230815407,47.09700228888054,STABLE_POSITIVE,0.21357778606958533,POTENTIAL_UNDERVALUED_SIGNAL,POSITIVE,HIGH,POSITIVE,NEGATIVE,LOCAL_ONLY_POSITIVE,False,False,False,True,LOCAL_VALUE_CANDIDATE,LOW
A61673902,율리역벽산블루밍1단지,북구,금곡동,589.0,신금초등학교,북구|금곡동,0,북구|금곡동,21.752097130242827,-11.29357264998918,B,84.987,4512454.846035277,4471272.07690588,4,21,12,2948,4528723.158351472,384882595.0588165,279947888.9083456,529150666.4217351,64.74773884625965,F_S,0.1624157474876138,0.1284751339314172,-0.0105679765570965,0.10184532167149,HIGH,False,False,OK,-63.71172806080445,HIGH,0.0,NOT_CANDIDATE,0.02761029231651424,-0.010567976557096515,MIXED,3294008.3649069336,6226254.208546426,4512454.846035277,4471272.07690588,383500000.0,380000000.0,True,True,0.36052022394172933,1.2848934365306652,1.2848934365306652,-26.329502918856427,39.25017537414082,STABLE_POSITIVE,0.9243732125889359,WITHIN_MODEL_RANGE,NEUTRAL_POINT_GAP,HIGH,NEUTRAL,NEGATIVE,MIXED_OR_NEUTRAL,False,False,False,True,UNCERTAIN,LOW
A61674824,부산율리마을,북구,금곡동,840.0,금명초등학교,북구|금곡동,0,북구|금곡동,42.66324503311259,,B,,,,0,0,13,3111,,,,,,INSUFFICIENT_FEATURES,,,,,LOW,False,False,INSUFFICIENT_MODEL_FEATURES,,LOW,,NOT_CANDIDATE,,,,,,,,,,False,False,,,,,,INSUFFICIENT,,INSUFFICIENT,MISSING,LOW,MISSING,MISSING,MIXED_OR_NEUTRAL,False,False,False,False,UNCERTAIN,LOW
A61674912,화명뜨란채,북구,금곡동,981.0,금명초등학교,북구|금곡동,0,북구|금곡동,42.66324503311259,-3.064577104009547,B,59.77,4341537.19777046,4285062.565172054,34,62,12,2803,4073848.581994211,243493929.745794,177107545.1824866,334764358.9207882,64.74773884625964,F_S,0.1624157474876138,0.1284751339314172,0.1797633264409235,0.1211929490326521,HIGH,False,False,OK,-28.41403386007993,MEDIUM,0.0,NOT_CANDIDATE,0.1948636402152708,0.17976332644092352,STABLE_POSITIVE,2963151.1658438444,5600876.006705508,4341537.19777046,4285062.565172054,259493678.31074038,256118189.52033368,True,True,-6.165756587637128,-4.929075829476536,-4.929075829476536,-30.849290511470794,30.706983189185276,STABLE_NEGATIVE,1.2366807581605919,POTENTIAL_OVERVALUED_SIGNAL,NEGATIVE,HIGH,NEGATIVE,NEGATIVE,DOUBLE_NEGATIVE,False,False,False,True,NEGATIVE_OR_FULLY_PRICED,LOW
A61675601,상록한신휴플러스,북구,만덕동,882.0,신덕초등학교,북구|만덕동,0,북구|만덕동,31.29028697571744,-7.63050299242779,B,59.941,2603558.196201476,2441508.8114758627,13,30,12,3179,3147363.248205994,188656100.46071547,140094466.25851926,254050892.88370982,60.40431576127065,F_S,0.1518412394338459,0.1186202251525578,-0.1694278578405885,0.1236717173522542,HIGH,False,False,OK,2.8236136078590377,LOW,0.796,NOT_CANDIDATE,-0.1654125296038167,-0.16942785784058856,STABLE_NEGATIVE,2337206.02356516,4238349.258165693,2603558.196201476,2441508.8114758627,156059881.83851266,146346479.6686747,True,True,20.88699429872225,28.910583218556972,28.910583218556972,-4.272062726968128,73.5954930100646,STABLE_POSITIVE,8.023588919834722,POTENTIAL_UNDERVALUED_SIGNAL,POSITIVE,HIGH,POSITIVE,NEUTRAL,LOCAL_ONLY_POSITIVE,False,False,False,True,LOCAL_VALUE_CANDIDATE,LOW
A61675806,삼성,북구,만덕동,600.0,백산초등학교,북구|만덕동,0,북구|만덕동,49.15954746136866,-0.3559155286136817,B,68.7,2883211.6788321165,2911208.151382824,5,13,12,3274,2570692.00021683,176606540.41489622,131146562.21965387,237824534.54692382,60.40431576127065,F_S,0.1518412394338459,0.1186202251525578,0.1829476059184536,0.1992892055695178,HIGH,False,False,OK,-28.62765662394101,MEDIUM,0.054,NOT_CANDIDATE,0.18807536410708714,0.1829476059184536,STABLE_POSITIVE,1908974.7047984551,3461783.617859153,2883211.6788321165,2911208.151382824,198076642.3357664,200000000.0,True,True,-10.83929011906184,-11.696729792551885,-11.696729792551885,-34.426718890173056,18.912267273461914,STABLE_NEGATIVE,0.8574396734900454,POTENTIAL_OVERVALUED_SIGNAL,NEGATIVE,HIGH,NEGATIVE,NEGATIVE,DOUBLE_NEGATIVE,False,False,False,True,NEGATIVE_OR_FULLY_PRICED,LOW
A61676006,벽산삼협한솔,북구,금곡동,532.0,금창초등학교,북구|금곡동,0,북구|금곡동,23.34448123620309,-10.692290331843925,B,85.995,2500250.0250025005,2622245.4793883367,5,10,12,3014,3259267.0173713085,280280667.15884566,203864716.3583765,385340110.7669401,64.74773884625962,F_S,0.1624157474876138,0.1284751339314172,-0.1833269469563649,0.1167947675400642,HIGH,False,False,OK,0.6532168749875229,LOW,0.478,NOT_CANDIDATE,-0.1446136990324689,-0.18332694695636498,STABLE_NEGATIVE,2370657.786596622,4480959.483306472,2500250.0250025005,2622245.4793883367,215009000.90009004,225500000.00000003,True,True,30.35764362678284,24.29297878441048,24.29297878441048,-9.594360816684489,70.88253249088253,STABLE_POSITIVE,6.064664842372359,POTENTIAL_UNDERVALUED_SIGNAL,POSITIVE,HIGH,POSITIVE,NEUTRAL,LOCAL_ONLY_POSITIVE,False,False,False,True,LOCAL_VALUE_CANDIDATE,LOW
A61676118,금곡주공1단지,북구,금곡동,1099.0,금창초등학교,북구|금곡동,0,북구|금곡동,23.34448123620309,,B,,,,0,0,13,3111,,,,,,INSUFFICIENT_FEATURES,,,,,LOW,False,False,INSUFFICIENT_MODEL_FEATURES,,LOW,,NOT_CANDIDATE,,,,,,,,,,False,False,,,,,,INSUFFICIENT,,INSUFFICIENT,MISSING,LOW,MISSING,MISSING,MIXED_OR_NEUTRAL,False,False,False,False,UNCERTAIN,LOW
A61676215,금곡주공2단지,북구,금곡동,1460.0,금곡초등학교,북구|금곡동,0,북구|금곡동,45.7257174392936,,B,,,,0,0,13,3111,,,,,,INSUFFICIENT_FEATURES,,,,,LOW,False,False,INSUFFICIENT_MODEL_FEATURES,,LOW,,NOT_CANDIDATE,,,,,,,,,,False,False,,,,,,INSUFFICIENT,,INSUFFICIENT,MISSING,LOW,MISSING,MISSING,MIXED_OR_NEUTRAL,False,False,False,False,UNCERTAIN,LOW
A61676316,금곡3단지주공,북구,금곡동,1484.0,금창초등학교,북구|금곡동,0,북구|금곡동,23.34448123620309,-10.692290331843925,B,41.85,1457586.6188769415,1553166.0692951016,16,41,12,2627,1949769.0582324667,81597835.08702873,59350934.45473732,112183687.6210883,64.74773884625962,F_S,0.1624157474876138,0.1284751339314172,-0.2793134317660755,0.1242393802194331,HIGH,False,False,OK,40.56260692628448,HIGH,1.0,NOT_CANDIDATE,-0.29406779183722165,-0.2793134317660755,STABLE_NEGATIVE,1418182.4242470087,2680613.802176542,1457586.6188769415,1553166.0692951016,61000000.00000001,65000000.0,True,True,33.76694276562085,25.535130903121118,25.535130903121118,-8.690870069634894,72.59028864782815,STABLE_POSITIVE,8.231811862499729,POTENTIAL_UNDERVALUED_SIGNAL,POSITIVE,HIGH,POSITIVE,POSITIVE,DOUBLE_POSITIVE,True,False,False,True,ROBUST_DUAL_POSITIVE,LOW
A61676422,금곡주공4단지,북구,금곡동,1937.0,신금초등학교,북구|금곡동,0,북구|금곡동,21.752097130242827,,B,,,,0,0,13,3111,,,,,,INSUFFICIENT_FEATURES,,,,,LOW,False,False,INSUFFICIENT_MODEL_FEATURES,,LOW,,NOT_CANDIDATE,,,,,,,,,,False,False,,,,,,INSUFFICIENT,,INSUFFICIENT,MISSING,LOW,MISSING,MISSING,MIXED_OR_NEUTRAL,False,False,False,False,UNCERTAIN,LOW
A61676509,금곡5단지주공,북구,금곡동,713.0,신금초등학교,북구|금곡동,0,북구|금곡동,21.752097130242827,-11.293572649989148,B,42.75,2076023.3918128656,2058479.5321637427,10,21,12,2877,1916282.049282996,81921057.60684808,59586033.32185349,112628065.7612294,64.74773884625962,F_S,0.1624157474876138,0.1284751339314172,0.058199420767723,0.1255583521800365,HIGH,False,False,OK,17.916854738022792,HIGH,0.886,NOT_CANDIDATE,0.07519455485546711,0.058199420767723,STABLE_POSITIVE,1393825.34086207,2634574.6376895765,2076023.3918128656,2058479.5321637427,88750000.0,88000000.0,True,True,-7.6945829781993496,-6.907889083127183,-6.907889083127183,-32.28859849789376,27.986438365033408,STABLE_NEGATIVE,0.7866938950721662,POTENTIAL_OVERVALUED_SIGNAL,NEGATIVE,HIGH,NEGATIVE,POSITIVE,SCHOOL_ONLY_POSITIVE,False,False,False,True,SCHOOL_VALUE_CANDIDATE,LOW
A61676605,금곡6단지주공,북구,금곡동,504.0,신금초등학교,북구|금곡동,0,북구|금곡동,21.752097130242827,-11.293572649989148,B,49.32,2004499.897729597,2106770.3006749847,5,15,12,2919,2349583.403518001,115881453.46150784,84287439.01818247,159318059.8766895,64.74773884625965,F_S,0.1624157474876138,0.1284751339314172,-0.1268305549889099,0.117731345174392,HIGH,False,False,OK,19.149046126798503,HIGH,0.86,NOT_CANDIDATE,-0.12683055498890994,-0.12683055498890994,STABLE_NEGATIVE,1708991.058762824,3230293.1848477186,2004499.897729597,2106770.3006749847,98861934.95602372,103905911.22929025,True,True,17.215441426525622,11.525371454364164,11.525371454364164,-18.880997220471407,53.32915903612132,STABLE_POSITIVE,5.690069972161458,POTENTIAL_UNDERVALUED_SIGNAL,POSITIVE,HIGH,POSITIVE,POSITIVE,DOUBLE_POSITIVE,True,False,False,True,ROBUST_DUAL_POSITIVE,LOW
A61676723,금곡주공7단지,북구,금곡동,802.0,신금초등학교,북구|금곡동,0,북구|금곡동,21.752097130242827,,B,,,,0,0,13,3111,,,,,,INSUFFICIENT_FEATURES,,,,,LOW,False,False,INSUFFICIENT_MODEL_FEATURES,,LOW,,NOT_CANDIDATE,,,,,,,,,,False,False,,,,,,INSUFFICIENT,,INSUFFICIENT,MISSING,LOW,MISSING,MISSING,MIXED_OR_NEUTRAL,False,False,False,False,UNCERTAIN,LOW
A61676814,금곡9단지주공,북구,금곡동,1366.0,금곡초등학교,북구|금곡동,0,북구|금곡동,45.7257174392936,-1.7969640492763062,B,39.43,1643496.9536591023,1623129.596753741,26,38,12,2665,1888679.7590058644,74470642.89760123,54166905.78498317,102384963.16545261,64.74773884625962,F_S,0.1624157474876138,0.1284751339314172,-0.1613055070246014,0.1422855327974678,HIGH,False,False,OK,43.95250287556435,HIGH,1.0,NOT_CANDIDATE,-0.18086149915271665,-0.16130550702460145,STABLE_NEGATIVE,1373748.5616277752,2596625.999631058,1643496.9536591023,1623129.596753741,64803084.882778406,64000000.00000001,True,True,14.918360803826491,16.360379527501912,16.360379527501912,-15.364209710963806,59.976504946019695,STABLE_POSITIVE,1.442018723675421,POTENTIAL_UNDERVALUED_SIGNAL,POSITIVE,HIGH,POSITIVE,POSITIVE,DOUBLE_POSITIVE,True,False,False,True,ROBUST_DUAL_POSITIVE,LOW
A61677013,화명한일유앤아이,북구,금곡동,1026.0,금명초등학교,북구|금곡동,0,북구|금곡동,42.66324503311259,-3.064577104009558,B,83.5,4331828.064893795,4351831.073749749,19,50,12,2825,3606391.885389093,301133722.4299893,219032377.55010584,414009653.72709566,64.74773884625962,F_S,0.1624157474876138,0.1284751339314172,0.1621176966450521,0.1248410987699366,HIGH,False,False,OK,-16.646673853660275,MEDIUM,0.0,NOT_CANDIDATE,0.1601726396110763,0.16211769664505216,STABLE_POSITIVE,2623142.246109052,4958199.445833481,4331828.064893795,4351831.073749749,361707643.4186319,363377894.65810406,True,True,-16.746652190187696,-17.129322708713268,-17.129322708713268,-39.72325208274169,13.933637629947238,STABLE_NEGATIVE,0.3826705185255719,POTENTIAL_OVERVALUED_SIGNAL,NEGATIVE,HIGH,NEGATIVE,NEGATIVE,DOUBLE_NEGATIVE,False,False,False,True,NEGATIVE_OR_FULLY_PRICED,LOW
A61677404,덕천주공2단지,북구,덕천동,1507.0,양천초등학교;양덕초등학교,북구|덕천동,0,북구|덕천동,32.859354304635765,,B,,,,0,0,6,1118,,,,,,INSUFFICIENT_FEATURES,,,,,LOW,False,False,INSUFFICIENT_MODEL_FEATURES,,LOW,,NOT_CANDIDATE,,,,,,,,,,False,False,,,,,,INSUFFICIENT,,INSUFFICIENT,MISSING,LOW,MISSING,MISSING,MIXED_OR_NEUTRAL,False,False,False,False,UNCERTAIN,LOW
A61677608,기비골마을,북구,덕천동,825.0,만덕초등학교,북구|덕천동,0,북구|덕천동,34.79254966887417,-6.2478430244101375,A,44.87,2211945.6206819704,2402725.479648557,8,17,5,855,2826206.3687143666,126811879.76421362,89509661.72358893,179659408.15409645,71.08935424514371,F_S,0.1777337525171167,0.1439222962375012,-0.1514296996801931,0.1602115155484273,HIGH,False,False,OK,35.401459588483135,MEDIUM,0.97,NOT_CANDIDATE,-0.22485864768534203,-0.15142969968019315,STABLE_NEGATIVE,1994866.541644505,4003998.3987986734,2211945.6206819704,2402725.479648557,99250000.0,107810292.27183075,True,True,27.770155933716502,17.625021778507598,17.625021778507598,-16.974845501855217,66.64402291119549,STABLE_POSITIVE,10.145134155208904,POTENTIAL_UNDERVALUED_SIGNAL,POSITIVE,HIGH,POSITIVE,POSITIVE,DOUBLE_POSITIVE,True,False,False,True,ROBUST_DUAL_POSITIVE,LOW
A61678209,그린코아,북구,만덕동,1468.0,신덕초등학교,북구|만덕동,0,북구|만덕동,31.29028697571744,-7.630502992427779,B,84.69,1829765.1677902064,1829765.1677902064,17,29,12,3147,2008617.150134674,170109786.44490555,126322126.23472643,229075778.77973035,60.40431576127065,F_S,0.1518412394338459,0.1186202251525578,-0.1088945740052356,0.1464067364532914,HIGH,False,False,OK,22.55422387113812,MEDIUM,0.962,NOT_CANDIDATE,-0.10889457400523561,-0.10889457400523561,STABLE_NEGATIVE,1491582.5508882564,2704873.9966906407,1829765.1677902064,1829765.1677902064,154962812.06015256,154962812.06015256,True,True,9.774586678817698,9.774586678817698,9.774586678817698,-18.482296135868104,47.82629182723468,STABLE_POSITIVE,0.0,POTENTIAL_UNDERVALUED_SIGNAL,POSITIVE,HIGH,POSITIVE,POSITIVE,DOUBLE_POSITIVE,True,False,False,True,ROBUST_DUAL_POSITIVE,LOW
A61678706,럭키,북구,만덕동,900.0,덕양초등학교,북구|만덕동,0,북구|만덕동,35.35176600441501,-6.025161527512523,B,84.28,1637399.1457047935,1542477.4560987186,11,19,12,3238,1972268.008439515,166222747.75128233,123435643.31803566,223841356.73678067,60.40431576127067,F_S,0.1518412394338459,0.1186202251525578,-0.2241246337407663,0.1744994367293999,HIGH,False,False,OK,28.657950664234136,MEDIUM,1.0,NOT_CANDIDATE,-0.18741973765815345,-0.2241246337407663,STABLE_NEGATIVE,1464589.9776700956,2655924.9731464246,1637399.1457047935,1542477.4560987186,138000000.0,130000000.0,True,True,20.45126648643647,27.86365211637103,27.86365211637103,-5.049505139972565,72.18565902829282,STABLE_POSITIVE,7.412385629934558,POTENTIAL_UNDERVALUED_SIGNAL,POSITIVE,HIGH,POSITIVE,POSITIVE,DOUBLE_POSITIVE,True,False,False,True,ROBUST_DUAL_POSITIVE,LOW
A61678804,럭키2,북구,만덕동,714.0,백산초등학교,북구|만덕동,0,북구|만덕동,49.15954746136866,-0.3559155286136484,B,84.94,2178008.005651048,2178008.005651048,11,21,12,3277,2566204.7775619486,217973433.8061119,161865276.51652974,293530637.74845785,60.40431576127065,F_S,0.1518412394338459,0.1186202251525578,-0.1626969711242818,0.1388797487483533,HIGH,False,False,OK,13.618277258814809,MEDIUM,0.704,NOT_CANDIDATE,-0.16269697112428183,-0.16269697112428183,STABLE_NEGATIVE,1905642.5302157963,3455740.967135129,2178008.005651048,2178008.005651048,185000000.0,185000000.0,True,True,17.823477733033457,17.823477733033457,17.823477733033457,-12.50525593701095,58.665209593761006,STABLE_POSITIVE,0.0,POTENTIAL_UNDERVALUED_SIGNAL,POSITIVE,HIGH,POSITIVE,POSITIVE,DOUBLE_POSITIVE,False,False,False,True,UNCERTAIN,LOW
A61679206,벽산강변타운,북구,화명동,1044.0,화명초등학교,북구|화명동,0,북구|화명동,45.28443708609271,-1.9806351409914933,B,84.89,2856638.002120391,2738990.3329752954,11,39,17,6940,2841030.6712131463,241175093.679284,172776814.3122986,336650644.02724713,67.94807341626615,F_S,0.1701645553832526,0.1326223031155248,-0.0286608241263408,0.1151058454181145,HIGH,False,False,OK,31.7893919582674,MEDIUM,1.0,NOT_CANDIDATE,0.008601806988265182,-0.028660824126340856,MIXED,2035302.3243291152,3965727.930583663,2856638.002120391,2738990.3329752954,242500000.0,232512889.36627284,True,True,-0.5463531219447426,3.7254727411544897,3.7254727411544897,-25.691511217631124,44.787949151897635,MIXED,4.271825863099233,POTENTIAL_UNDERVALUED_SIGNAL,POSITIVE,LOW,POSITIVE,POSITIVE,DOUBLE_POSITIVE,False,False,False,True,UNCERTAIN,LOW
A61679207,도시화명그린(295),북구,화명동,720.0,대천리초등학교,북구|화명동,0,북구|화명동,33.73923841059603,-6.665842541556377,B,49.42,2023472.2784297853,1983002.8328611893,17,39,17,6975,2324820.524270788,114892630.30946234,82308593.10550211,160375921.89805484,67.94807341626615,F_S,0.1701645553832526,0.1326223031155248,-0.1307213925514911,0.1366306312533538,HIGH,False,False,OK,41.2356218141121,HIGH,1.0,NOT_CANDIDATE,-0.12957019658322366,-0.13072139255149118,STABLE_NEGATIVE,1665491.564255405,3245162.3208833435,2023472.2784297853,1983002.8328611893,99999999.99999999,97999999.99999997,True,True,14.892630309462351,17.237377866798333,17.237377866798333,-16.011639688263124,63.648899895974374,STABLE_POSITIVE,2.3447475573359817,POTENTIAL_UNDERVALUED_SIGNAL,POSITIVE,HIGH,POSITIVE,POSITIVE,DOUBLE_POSITIVE,True,False,False,True,ROBUST_DUAL_POSITIVE,LOW
A61679208,경남아너스빌,북구,화명동,570.0,화명초등학교,북구|화명동,0,북구|화명동,45.28443708609271,-1.9806351409915048,B,84.91,4275114.827464374,4164158.137668072,7,17,17,7062,3627662.6547903614,308024836.0182496,220667686.22083747,429964627.9388511,67.94807341626613,F_S,0.1701645553832526,0.1326223031155248,0.1667239100701785,0.0973379686561136,HIGH,False,False,OK,-3.5063971126660207,LOW,0.344,NOT_CANDIDATE,0.2066948442512846,0.1667239100701785,STABLE_POSITIVE,2598842.141335973,5063769.025307397,4275114.827464374,4164158.137668072,362999999.99999994,353578667.46939594,True,True,-15.144673273209474,-12.883648150263271,-12.883648150263271,-37.59021498661612,21.603667725815722,STABLE_NEGATIVE,2.2610251229462026,POTENTIAL_OVERVALUED_SIGNAL,NEGATIVE,HIGH,NEGATIVE,NEGATIVE,DOUBLE_NEGATIVE,False,False,False,True,NEGATIVE_OR_FULLY_PRICED,LOW
A61679609,부산만덕3단지 주공아파트,북구,만덕동,1350.0,신덕초등학교,북구|만덕동,0,북구|만덕동,31.29028697571744,,B,,,,0,0,13,3394,,,,,,INSUFFICIENT_FEATURES,,,,,LOW,False,False,INSUFFICIENT_MODEL_FEATURES,,LOW,,NOT_CANDIDATE,,,,,,,,,,False,False,,,,,,INSUFFICIENT,,INSUFFICIENT,MISSING,LOW,MISSING,MISSING,MIXED_OR_NEUTRAL,False,False,False,False,UNCERTAIN,LOW
A61680705,삼정그린코아,북구,구포동,668.0,구남초등학교,북구|구포동,0,북구|구포동,41.49266004415011,-3.5447695190751416,B,75.29,3480415.290231241,3684459.573681779,13,28,4,1181,3670575.7121101846,276357645.36477584,217444670.2356017,351232099.95817477,48.41097467956118,F_S,0.1223221504927091,0.0963435857849885,-0.0116844896985108,0.0913525726905733,MEDIUM,False,False,OK,-9.86446645966656,LOW,0.084,NOT_CANDIDATE,-0.020648822509402365,-0.01168448969851088,STABLE_NEGATIVE,2888094.969260216,4665056.447844,3480415.290231241,3684459.573681779,262040467.20151016,277402961.3025012,True,True,5.463727918121797,-0.37682219858694577,-0.37682219858694577,-21.6141496058207,26.614401774595574,MIXED,5.840550116708743,WITHIN_MODEL_RANGE,NEUTRAL_POINT_GAP,LOW,NEUTRAL,NEGATIVE,MIXED_OR_NEUTRAL,False,False,False,False,UNCERTAIN,LOW
A61680707,구포현대,북구,구포동,1741.0,구남초등학교,북구|구포동,0,북구|구포동,41.49266004415011,-3.544769519075164,B,78.18,2622154.0035814783,2708750.441644094,29,54,4,1009,2842244.8054489307,222206698.88999745,174837436.83117816,282409865.56710356,48.41097467956117,F_S,0.1223221504927091,0.0963435857849885,-0.0667349596036306,0.167249943954706,MEDIUM,False,False,OK,15.921439438424244,HIGH,0.976,NOT_CANDIDATE,-0.10141248860591645,-0.06673495960363063,STABLE_NEGATIVE,2236344.804696574,3612303.2177935983,2622154.0035814783,2708750.441644094,205000000.0,211770109.5277353,True,True,8.393511653657292,4.928263665508137,4.928263665508137,-17.439983753571276,33.356811401241046,STABLE_POSITIVE,3.465247988149155,POTENTIAL_UNDERVALUED_SIGNAL,POSITIVE,MEDIUM,POSITIVE,POSITIVE,DOUBLE_POSITIVE,True,False,False,True,ROBUST_DUAL_POSITIVE,LOW
A61681107,금곡화목타운,북구,금곡동,576.0,금곡초등학교,북구|금곡동,0,북구|금곡동,45.7257174392936,-1.796964049276284,B,68.12,2128596.594245449,1959776.864357017,10,17,12,2988,2466929.7026478373,168047251.3443707,122230711.01336119,231037506.45213187,64.74773884625965,F_S,0.1624157474876138,0.1284751339314172,-0.2069591072133985,0.1019656273593747,HIGH,False,False,OK,28.11230003139213,HIGH,1.0,NOT_CANDIDATE,-0.15313964692758475,-0.2069591072133985,STABLE_NEGATIVE,1794343.9667257953,3391625.168117027,2128596.594245449,1959776.864357017,145000000.0,133500000.0,True,True,15.894656099565996,25.87809089465969,25.87809089465969,-8.441414971265026,73.06180258586656,STABLE_POSITIVE,9.983434795093693,POTENTIAL_UNDERVALUED_SIGNAL,POSITIVE,HIGH,POSITIVE,POSITIVE,DOUBLE_POSITIVE,True,False,False,True,ROBUST_DUAL_POSITIVE,LOW
A61681108,협진태양·조성아파트,북구,금곡동,576.0,금곡초등학교,북구|금곡동,0,북구|금곡동,45.7257174392936,-1.7969640492763173,B,67.97,1993526.555833456,2008238.928939238,10,16,12,2969,2282101.275435352,155114423.6913409,112823900.09085663,213256982.0554067,64.74773884625962,F_S,0.1624157474876138,0.1284751339314172,-0.120677895264575,0.083648552253457,HIGH,False,False,OK,32.472595626809635,HIGH,1.0,NOT_CANDIDATE,-0.11900398054114891,-0.12067789526457506,STABLE_NEGATIVE,1659907.3133861502,3137516.287412192,1993526.555833456,2008238.928939238,135500000.0,136500000.0,True,True,14.475589440103986,13.636940433216772,13.636940433216772,-17.34512813856658,56.23222128601222,STABLE_POSITIVE,0.8386490068872146,POTENTIAL_UNDERVALUED_SIGNAL,POSITIVE,HIGH,POSITIVE,POSITIVE,DOUBLE_POSITIVE,True,False,False,True,ROBUST_DUAL_POSITIVE,LOW
A61681409,부산도시공사 덕천2지구 아파트,북구,덕천동,990.0,만덕초등학교,북구|덕천동,0,북구|덕천동,34.79254966887417,,A,,,,0,0,6,1118,,,,,,INSUFFICIENT_FEATURES,,,,,LOW,False,False,INSUFFICIENT_MODEL_FEATURES,,LOW,,NOT_CANDIDATE,,,,,,,,,,False,False,,,,,,INSUFFICIENT,,INSUFFICIENT,MISSING,LOW,MISSING,MISSING,MIXED_OR_NEUTRAL,False,False,False,False,UNCERTAIN,LOW
A61682303,덕천주공1,북구,덕천동,1320.0,양덕초등학교,북구|덕천동,0,북구|덕천동,38.36120309050773,-4.817681643998051,B,41.3,2242691.2294753706,2201218.0662343465,12,24,5,712,2812188.610428806,116143389.61070968,81979350.31650987,164544935.98918515,71.0893542451441,F_S,0.1777337525171167,0.1439222962375012,-0.2201307786135746,0.2166596563904491,HIGH,False,False,OK,32.47154535710053,MEDIUM,1.0,NOT_CANDIDATE,-0.19028621708346805,-0.22013077861357466,STABLE_NEGATIVE,1984972.162627358,3984138.885936687,2242691.2294753706,2201218.0662343465,92623147.7773328,90910306.1354785,True,True,25.393481432870146,27.756020794416592,27.756020794416592,-9.82392007970947,80.99701011233327,STABLE_POSITIVE,2.362539361546446,POTENTIAL_UNDERVALUED_SIGNAL,POSITIVE,HIGH,POSITIVE,POSITIVE,DOUBLE_POSITIVE,True,False,False,True,ROBUST_DUAL_POSITIVE,LOW
A61682607,대성타워,북구,만덕동,816.0,백산초등학교,북구|만덕동,0,북구|만덕동,49.15954746136866,-0.3559155286136595,B,84.92,2591163.5648358297,2624439.7263505543,13,29,12,3210,2585439.80601899,219555548.32713264,163040141.7281024,295661168.41101277,60.40431576127065,F_S,0.1518412394338459,0.1186202251525578,0.0354950734474641,0.1376769172417041,HIGH,False,False,OK,-11.474184977619096,MEDIUM,0.062,NOT_CANDIDATE,0.0330407314551433,0.035495073447464165,STABLE_POSITIVE,1919926.3039107677,3481643.5281560617,2591163.5648358297,2624439.7263505543,220041609.92585865,222867421.56168908,True,True,-0.22089531106856963,-1.4860284250382105,-1.4860284250382105,-26.844336159301175,32.66235429980715,STABLE_NEGATIVE,1.265133113969641,WITHIN_MODEL_RANGE,NEUTRAL_POINT_GAP,HIGH,NEUTRAL,NEGATIVE,MIXED_OR_NEUTRAL,False,False,False,True,UNCERTAIN,LOW
A61682907,동원,북구,만덕동,988.0,백산초등학교,북구|만덕동,0,북구|만덕동,49.15954746136866,-0.3559155286136706,B,59.84,2439839.5721925134,2291803.6988153164,14,32,12,3112,2611835.607892461,156292242.77628487,116061332.12029344,210468591.9572523,60.40431576127067,F_S,0.1518412394338459,0.1186202251525578,-0.0900188208594174,0.135351272703977,HIGH,False,False,OK,8.336897706080247,HIGH,0.986,NOT_CANDIDATE,-0.0697821091720936,-0.09001882085941748,STABLE_NEGATIVE,1939527.6089621228,3517189.036718788,2439839.5721925134,2291803.6988153164,146000000.0,137141533.33710855,True,True,7.04948135361978,13.96419375894087,13.96419375894087,-15.371128427591463,53.4681630253455,STABLE_POSITIVE,6.914712405321089,POTENTIAL_UNDERVALUED_SIGNAL,POSITIVE,HIGH,POSITIVE,POSITIVE,DOUBLE_POSITIVE,True,False,False,True,ROBUST_DUAL_POSITIVE,LOW
A61682908,벽산라인타운,북구,만덕동,1166.0,덕양초등학교,북구|만덕동,0,북구|만덕동,35.35176600441501,-6.025161527512523,B,59.85,2529709.3775738324,2513826.043237808,9,26,12,3107,2931207.9058041032,175432793.16237557,130274947.1779843,236243925.50860247,60.40431576127065,F_S,0.1518412394338459,0.1186202251525578,-0.1102324866990791,0.1048216808945534,HIGH,False,False,OK,-1.3587989100929505,LOW,0.854,NOT_CANDIDATE,-0.06698392901690653,-0.11023248669907915,STABLE_NEGATIVE,2176690.8467499465,3947266.925791186,2529709.3775738324,2513826.043237808,151403106.24779388,150452488.68778282,True,True,15.871330192693334,16.603450492887205,16.603450492887205,-13.411238116287139,57.02227830797335,STABLE_POSITIVE,0.7321203001938716,POTENTIAL_UNDERVALUED_SIGNAL,POSITIVE,HIGH,POSITIVE,NEUTRAL,LOCAL_ONLY_POSITIVE,False,False,False,True,LOCAL_VALUE_CANDIDATE,LOW
A61683305,그린숲속아파트,북구,화명동,900.0,대천리초등학교,북구|화명동,0,북구|화명동,33.73923841059603,-6.665842541556344,B,59.82,2006018.054162488,2056168.5055165496,17,40,17,6938,2290821.0297481017,137036913.99953145,98172664.02936706,191286606.9611542,67.94807341626614,F_S,0.1701645553832526,0.1326223031155248,-0.075036774413971,0.1147804558911457,HIGH,False,False,OK,44.5954243990881,HIGH,1.0,NOT_CANDIDATE,-0.10455934418156332,-0.07503677441397105,STABLE_NEGATIVE,1641134.470567821,3197703.2256963253,2006018.054162488,2056168.5055165496,120000000.00000004,123000000.0,True,True,14.197428332942842,11.412125202871092,11.412125202871092,-20.184825992384503,55.51756663508471,STABLE_POSITIVE,2.7853031300717497,POTENTIAL_UNDERVALUED_SIGNAL,POSITIVE,HIGH,POSITIVE,POSITIVE,DOUBLE_POSITIVE,True,False,False,True,ROBUST_DUAL_POSITIVE,LOW
A61684110,화명리버빌2차,북구,금곡동,722.0,금명초등학교,북구|금곡동,0,북구|금곡동,42.66324503311259,-3.064577104009558,B,82.63,3831246.804730882,3838286.608109734,12,28,12,2885,3620190.260333508,299136321.2113578,217579549.43670836,411263553.4889467,64.74773884625964,F_S,0.1624157474876138,0.1284751339314172,0.0444557282046291,0.1131626555111217,HIGH,False,False,OK,-2.1482629997828857,LOW,0.006,NOT_CANDIDATE,0.04453419913974521,0.044455728204629175,STABLE_POSITIVE,2633178.620800053,4977169.95629852,3831246.804730882,3838286.608109734,316575923.47491276,317157622.4281073,True,True,-5.508821413873887,-5.6821277315618035,-5.6821277315618035,-31.39702972580176,29.671659895915358,STABLE_NEGATIVE,0.17330631768791616,POTENTIAL_OVERVALUED_SIGNAL,NEGATIVE,HIGH,NEGATIVE,NEUTRAL,MIXED_OR_NEUTRAL,False,False,False,True,UNCERTAIN,LOW
A61685214,코오롱하늘채2차,북구,화명동,1344.0,학사초등학교,북구|화명동,0,북구|화명동,63.8310706401766,6.043204253342238,B,84.935,6605050.921292754,6240065.93277212,20,49,17,6842,5046555.841325219,428629220.3829575,307068155.7085377,598313453.0579189,67.94807341626615,F_S,0.1701645553832526,0.1326223031155248,0.2076386493367863,0.1037001641473257,HIGH,False,False,OK,-46.107708421411445,HIGH,0.0,NOT_CANDIDATE,0.2632948088872453,0.20763864933678633,STABLE_POSITIVE,3615331.202784926,7044368.670841454,6605050.921292754,6240065.93277212,561000000.0000001,530000000.00000006,True,True,-23.595504388064626,-19.126562191894813,-19.126562191894813,-42.06261213046459,12.889330765645068,STABLE_NEGATIVE,4.468942196169813,POTENTIAL_OVERVALUED_SIGNAL,NEGATIVE,HIGH,NEGATIVE,NEGATIVE,DOUBLE_NEGATIVE,False,False,False,True,NEGATIVE_OR_FULLY_PRICED,LOW
A61701002,한일유엔아이,사상구,주례동,988.0,주양초등학교,사상구|주례동,0,사상구|주례동,33.309713024282566,-6.835761397410256,B,84.36,3130755.0644567222,3176477.05333079,15,28,8,1901,3321204.8489628145,280176841.05850303,203221384.62865734,386273631.6306551,65.33453882570369,F_S,0.163839300784278,0.1276785728344529,-0.0023687439442801,0.1055954266505029,HIGH,False,False,OK,-10.403806473073962,MEDIUM,0.054,NOT_CANDIDATE,-0.03427990356256139,-0.002368743944280105,STABLE_NEGATIVE,2408978.0065037617,4578871.8780305255,3130755.0644567222,3176477.05333079,264110497.2375691,267967604.21898544,True,True,6.083190175694586,4.556236144702064,4.556236144702064,-24.161957852717496,44.1493768459373,STABLE_POSITIVE,1.5269540309925222,POTENTIAL_UNDERVALUED_SIGNAL,POSITIVE,HIGH,POSITIVE,NEGATIVE,LOCAL_ONLY_POSITIVE,False,False,False,True,LOCAL_VALUE_CANDIDATE,LOW
A61775202,백양그린,사상구,모라동,1080.0,모산초등학교,사상구|모라동,0,사상구|모라동,61.79635761589404,5.131779760166655,B,49.94,1815980.629539952,1849119.669996248,11,26,5,1345,2303658.181723099,115044689.59525158,87871550.84113336,150620769.49109957,54.54334213141827,F_S,0.1374717139961386,0.1074529879844291,-0.2288092997822159,0.16820370253999,HIGH,False,False,OK,29.34682699021083,MEDIUM,1.0,NOT_CANDIDATE,-0.27592515926041905,-0.22880929978221598,STABLE_NEGATIVE,1759542.467784008,3016034.631379647,1815980.629539952,1849119.669996248,90690072.6392252,92345036.31961262,True,True,26.854777206885295,24.581346415928486,24.581346415928486,-4.844316117864977,63.10651388970228,STABLE_POSITIVE,2.273430790956809,POTENTIAL_UNDERVALUED_SIGNAL,POSITIVE,HIGH,POSITIVE,POSITIVE,DOUBLE_POSITIVE,True,False,False,True,ROBUST_DUAL_POSITIVE,LOW
A61775307,부산모라주공3,사상구,모라동,2385.0,모동초등학교,사상구|모라동,0,사상구|모라동,40.76456953642384,,B,,,,0,0,6,1659,,,,,,INSUFFICIENT_FEATURES,,,,,LOW,False,False,INSUFFICIENT_MODEL_FEATURES,,LOW,,NOT_CANDIDATE,,,,,,,,,,False,False,,,,,,INSUFFICIENT,,INSUFFICIENT,MISSING,LOW,MISSING,MISSING,MIXED_OR_NEUTRAL,False,False,False,False,UNCERTAIN,LOW
A61775401,주공4,사상구,모라동,900.0,모동초등학교,사상구|모라동,0,사상구|모라동,40.76456953642384,-3.8422430634247218,B,49.94,2032438.9267120543,1895451.2970043472,10,26,5,1414,2112645.6816937174,105505525.34378424,80585502.61540689,138131742.27121735,54.54334213141826,F_S,0.1374717139961386,0.1074529879844291,-0.0873029311549133,0.1069900207014221,HIGH,False,False,OK,13.469843992970889,MEDIUM,1.0,NOT_CANDIDATE,-0.03954630175131513,-0.08730293115491339,STABLE_NEGATIVE,1613646.428021764,2765953.990212602,2032438.9267120543,1895451.2970043472,101499999.99999999,94658837.7723971,True,True,3.9463303879647915,11.458716192425179,11.458716192425179,-14.867428639710234,45.92588026841074,STABLE_POSITIVE,7.512385804460387,POTENTIAL_UNDERVALUED_SIGNAL,POSITIVE,HIGH,POSITIVE,POSITIVE,DOUBLE_POSITIVE,True,False,False,True,ROBUST_DUAL_POSITIVE,LOW
A61775706,우성,사상구,모라동,796.0,모산초등학교,사상구|모라동,0,사상구|모라동,61.79635761589404,5.131779760166655,B,84.54,2485501.2427506214,2485501.2427506214,3,15,5,1489,2515038.790607836,212621379.35798648,162400980.10519874,278371786.49296606,54.543342131418285,F_S,0.1374717139961386,0.1074529879844291,0.0145607943190793,0.1274688016654055,HIGH,False,False,OK,-14.367417627294769,MEDIUM,0.118,NOT_CANDIDATE,-0.017496688595874943,0.014560794319079307,MIXED,1920995.7429051185,3292781.955204235,2485501.2427506214,2485501.2427506214,210124275.06213754,210124275.06213754,True,True,1.188394008788607,1.188394008788607,1.188394008788607,-22.711937943784054,32.479593997717075,STABLE_POSITIVE,0.0,WITHIN_MODEL_RANGE,NEUTRAL_POINT_GAP,HIGH,NEUTRAL,NEGATIVE,MIXED_OR_NEUTRAL,False,False,False,False,UNCERTAIN,LOW
A61776003,괘법한신2,사상구,괘법동,1094.0,창진초등학교,사상구|괘법동,1,사상구|괘법동;사상구|주례동,49.17135761589404,-0.3509229405541547,B,73.4,4157996.3392650336,4161096.256684492,22,43,11,2579,4108884.508744416,301592122.9418402,188040329.78492212,483714364.49086374,98.03771790251967,F_S,0.2410301317701672,0.1824645800248972,0.0365354074115114,0.0991496763040526,MEDIUM,True,True,OK,-30.45727012812068,LOW,0.0,NOT_CANDIDATE,0.005786100015675366,0.0365354074115114,STABLE_POSITIVE,2561857.3540180125,6590113.957641195,4157996.3392650336,4161096.256684492,305196931.3020535,305424465.2406417,True,True,-1.1811417450477757,-1.254759436439401,-1.254759436439401,-38.43311483355909,58.3744655523089,STABLE_NEGATIVE,0.07361769139162533,WITHIN_MODEL_RANGE,NEUTRAL_POINT_GAP,MEDIUM,NEUTRAL,NEGATIVE,MIXED_OR_NEUTRAL,False,False,False,True,UNCERTAIN,LOW
A61776104,반도보라,사상구,주례동,1206.0,주양초등학교;개림초등학교,사상구|주례동,0,사상구|주례동,36.705877483443714,-5.48375711830118,B,59.88,2400282.3861630782,2416518.119649318,17,38,8,1880,3149381.093937834,188584939.9049975,136786796.73457837,259997897.5162389,65.33453882570367,F_S,0.163839300784278,0.1276785728344529,-0.2446092451933657,0.1246020734680826,HIGH,False,False,OK,13.432908639516882,MEDIUM,0.992,NOT_CANDIDATE,-0.24737729023926214,-0.2446092451933657,STABLE_NEGATIVE,2284348.6428620303,4341982.256450215,2400282.3861630782,2416518.119649318,143728909.28344512,144701105.00460118,True,True,31.20877410479239,30.327228599257005,30.327228599257005,-5.469417990810199,79.67927577883496,STABLE_POSITIVE,0.8815455055353851,POTENTIAL_UNDERVALUED_SIGNAL,POSITIVE,HIGH,POSITIVE,POSITIVE,DOUBLE_POSITIVE,True,True,False,True,UNCERTAIN,HIGH
A61776303,럭키주례1,사상구,주례동,2293.0,동주초등학교,사상구|주례동,0,사상구|주례동,43.32251655629139,-2.793081968244504,B,59.86,4172335.600907029,4296010.165910227,15,32,8,1926,3820207.82838391,228677640.60706085,165867337.86493668,315272819.75306,65.33453882570369,F_S,0.163839300784278,0.1276785728344529,0.0269621005772986,0.2131293209797644,HIGH,False,False,OK,-53.85374121594401,MEDIUM,0.0,NOT_CANDIDATE,0.0008381520666276288,0.026962100577298642,STABLE_POSITIVE,2770921.1136808665,5266836.280538924,4172335.600907029,4296010.165910227,249756009.07029477,257159168.5313862,True,True,-8.43958411318998,-11.075447197539523,-11.075447197539523,-35.50012670666548,22.59831976964144,STABLE_NEGATIVE,2.635863084349543,POTENTIAL_OVERVALUED_SIGNAL,NEGATIVE,HIGH,NEGATIVE,NEGATIVE,DOUBLE_NEGATIVE,False,False,False,True,NEGATIVE_OR_FULLY_PRICED,LOW
A61776508,엄궁대림,사상구,엄궁동,741.0,엄궁초등학교,사상구|엄궁동,0,사상구|엄궁동,31.78956953642384,-7.434644342161423,B,59.85,2506265.664160401,2514619.883040936,6,16,4,1026,2791430.493632424,167067115.04390055,134192882.20532867,207994794.28711137,44.175008386533534,F_S,0.1117946090560629,0.0894561502409888,-0.0743236227502261,0.1033782070386192,MEDIUM,False,False,OK,1.199998945394093,LOW,0.736,NOT_CANDIDATE,-0.09115258996752829,-0.07432362275022619,STABLE_NEGATIVE,2242153.4203062435,3475268.074972621,2506265.664160401,2514619.883040936,150000000.0,150500000.00000003,True,True,11.378076695933693,11.008049863056812,11.008049863056812,-10.835294215728474,38.202521121004196,STABLE_POSITIVE,0.37002683287688143,POTENTIAL_UNDERVALUED_SIGNAL,POSITIVE,MEDIUM,POSITIVE,NEUTRAL,LOCAL_ONLY_POSITIVE,False,False,False,True,LOCAL_VALUE_CANDIDATE,LOW
A61776509,롯데캐슬,사상구,엄궁동,1852.0,엄궁초등학교,사상구|엄궁동,0,사상구|엄궁동,31.78956953642384,-7.434644342161423,B,84.9932,3560454.03701092,4222850.954090319,15,40,4,844,4315067.250144825,366751373.8050092,294584747.5173413,456597197.653431,44.17500838653352,F_S,0.1117946090560629,0.0894561502409888,-0.019523415681582,0.1358604650095896,MEDIUM,False,False,OK,-0.1386168898694588,LOW,0.108,NOT_CANDIDATE,-0.07835626076322555,-0.019523415681582,STABLE_NEGATIVE,3465980.190383952,5372161.51001999,3560454.03701092,4222850.954090319,302614382.0584765,358913615.71118927,True,True,21.194297280338436,2.1837449878543413,2.1837449878543413,-17.92321755929486,27.21646035876382,STABLE_POSITIVE,19.010552292484093,WITHIN_MODEL_RANGE,NEUTRAL_POINT_GAP,MEDIUM,NEUTRAL,NEUTRAL,MIXED_OR_NEUTRAL,False,False,False,True,UNCERTAIN,LOW
A61776710,엄궁2차한신,사상구,엄궁동,1016.0,동궁초등학교,사상구|엄궁동,0,사상구|엄궁동,52.09056291390729,0.8908370694531875,B,59.995,2334111.370456819,2354231.710404185,19,31,4,982,2754571.0107846637,165260487.79202586,132741749.71922539,205745584.06097907,44.17500838653354,F_S,0.1117946090560629,0.0894561502409888,-0.1139152334950068,0.1043429079512407,MEDIUM,False,False,OK,16.146707475299127,HIGH,1.0,NOT_CANDIDATE,-0.14913469327074225,-0.11391523349500687,STABLE_NEGATIVE,2212546.874226609,3429378.8492537555,2334111.370456819,2354231.710404185,140035011.67055684,141242131.46569908,True,True,18.01369230490293,17.005093364906987,17.005093364906987,-6.018304636345717,45.66870517027335,STABLE_POSITIVE,1.0085989399959416,POTENTIAL_UNDERVALUED_SIGNAL,POSITIVE,MEDIUM,POSITIVE,POSITIVE,DOUBLE_POSITIVE,True,False,False,True,ROBUST_DUAL_POSITIVE,LOW
A61776811,코오롱,사상구,엄궁동,1158.0,동궁초등학교,사상구|엄궁동,0,사상구|엄궁동,52.09056291390729,0.8908370694532097,B,59.94,2466325.1754885223,2502502.5025025024,13,29,4,948,2776747.9702021563,166438273.33391723,133687779.32202685,207211900.52568638,44.175008386533534,F_S,0.1117946090560629,0.0894561502409888,-0.0992723672350148,0.0910687900908059,MEDIUM,False,False,OK,13.778685264769386,HIGH,1.0,NOT_CANDIDATE,-0.12624029897431832,-0.09927236723501487,STABLE_NEGATIVE,2230360.0153824966,3456988.664092199,2466325.1754885223,2502502.5025025024,147831531.01878202,150000000.0,True,True,12.586450391812033,10.958848889278162,10.958848889278162,-10.874813785315428,38.14126701712426,STABLE_POSITIVE,1.6276015025338708,POTENTIAL_UNDERVALUED_SIGNAL,POSITIVE,MEDIUM,POSITIVE,POSITIVE,DOUBLE_POSITIVE,True,False,False,True,ROBUST_DUAL_POSITIVE,LOW
A61776907,금강,사상구,학장동,730.0,학진초등학교,사상구|학장동,0,사상구|학장동,40.93316777041943,-3.773441164822522,B,84.81,1491569.3904020754,1621271.0765239948,8,16,9,1779,1825431.801001376,154814871.04292667,117393371.80497476,204165226.09006742,56.04878504277069,F_S,0.1411732526174239,0.1126202114643215,-0.117771285018005,0.1106906692441008,HIGH,False,False,OK,36.7098570905033,MEDIUM,1.0,NOT_CANDIDATE,-0.18542065423153353,-0.11777128501800505,STABLE_NEGATIVE,1384192.569331149,2407324.915576788,1491569.3904020754,1621271.0765239948,126500000.00000001,137500000.0,True,True,22.38329726713568,12.592633485764848,12.592633485764848,-14.62300232365472,48.4838007927763,STABLE_POSITIVE,9.790663781370833,POTENTIAL_UNDERVALUED_SIGNAL,POSITIVE,HIGH,POSITIVE,POSITIVE,DOUBLE_POSITIVE,True,False,False,True,ROBUST_DUAL_POSITIVE,LOW
A61777010,학장무학,사상구,학장동,893.0,학진초등학교,사상구|학장동,0,사상구|학장동,40.93316777041943,-3.773441164822511,B,59.99,2545697.709717214,2833805.6342723784,4,16,9,1729,2473379.183247608,148378017.203024,112512419.66522552,195676495.57807374,56.04878504277069,F_S,0.1411732526174239,0.1126202114643215,0.0932467785163195,0.1173082732933158,HIGH,False,False,OK,-4.303457603716948,LOW,0.016,NOT_CANDIDATE,0.021478658054639332,0.09324677851631957,STABLE_POSITIVE,1875519.5810172616,3261818.5627283505,2545697.709717214,2833805.6342723784,152716405.6059357,170000000.0,True,True,-2.840813588886004,-12.718813409985884,-12.718813409985884,-33.816223726337924,15.103820928278665,STABLE_NEGATIVE,9.87799982109988,POTENTIAL_OVERVALUED_SIGNAL,NEGATIVE,HIGH,NEGATIVE,NEGATIVE,DOUBLE_NEGATIVE,False,False,False,True,NEGATIVE_OR_FULLY_PRICED,LOW
A61777105,학장벽산,사상구,학장동,526.0,구학초등학교,사상구|학장동,0,사상구|학장동,38.87693156732892,-4.609203597751899,B,119.24,2084418.9682126103,2176283.1264676284,5,10,9,1803,2141726.9673233554,255379523.58363688,193649764.78983384,336786885.00647837,56.048785042770696,F_S,0.1411732526174239,0.1126202114643215,0.0170167601624404,0.1124494750641176,HIGH,False,False,OK,11.806243598978016,MEDIUM,0.756,NOT_CANDIDATE,-0.004590175183400547,0.01701676016244047,MIXED,1624033.5859596934,2824445.5300778127,2084418.9682126103,2176283.1264676284,248546117.76967165,259500000.0,True,True,2.7493512573379952,-1.5878521835696047,-1.5878521835696047,-25.37581318310834,29.783000002496472,MIXED,4.3372034409076,WITHIN_MODEL_RANGE,NEUTRAL_POINT_GAP,LOW,NEUTRAL,POSITIVE,SCHOOL_ONLY_POSITIVE,False,False,False,True,SCHOOL_VALUE_CANDIDATE,LOW
A61777312,반도보라타운,사상구,학장동,998.0,학진초등학교,사상구|학장동,0,사상구|학장동,40.93316777041943,-3.7734411648225,B,59.88,2496659.9866399467,2496659.9866399467,20,22,9,1727,2433388.914232252,145711328.18422723,110490316.6633437,192159745.78028738,56.04878504277069,F_S,0.1411732526174239,0.1126202114643215,0.0245249515427943,0.1272875491897183,HIGH,False,False,OK,-6.259874204063787,LOW,0.398,NOT_CANDIDATE,0.024524951542794327,0.024524951542794327,STABLE_POSITIVE,1845195.669060516,3209080.5908531626,2496659.9866399467,2496659.9866399467,149500000.0,149500000.0,True,True,-2.5342286393128854,-2.5342286393128854,-2.5342286393128854,-26.093433670004217,28.534947010225675,STABLE_NEGATIVE,0.0,WITHIN_MODEL_RANGE,NEUTRAL_POINT_GAP,HIGH,NEUTRAL,NEGATIVE,MIXED_OR_NEUTRAL,False,False,False,True,UNCERTAIN,LOW
A61777409,학장대림,사상구,학장동,825.0,구학초등학교,사상구|학장동,0,사상구|학장동,38.87693156732892,-4.609203597751899,B,75.61,1718867.1720700113,1719349.292421637,4,12,9,1739,1955233.7780805612,147835225.96067125,112100830.68997566,194960678.70616663,56.048785042770696,F_S,0.1411732526174239,0.1126202114643215,-0.1702035117895874,0.0997884997226537,HIGH,False,False,OK,25.690931112584444,MEDIUM,1.0,NOT_CANDIDATE,-0.13941546156490325,-0.17020351178958748,STABLE_NEGATIVE,1482619.1071283647,2578503.884488383,1718867.1720700113,1719349.292421637,129963546.88021354,129999999.99999999,True,True,13.751301429877017,13.719404585131745,13.719404585131745,-13.768591776941786,49.96975285089742,STABLE_POSITIVE,0.031896844745272546,POTENTIAL_UNDERVALUED_SIGNAL,POSITIVE,HIGH,POSITIVE,POSITIVE,DOUBLE_POSITIVE,True,False,False,True,ROBUST_DUAL_POSITIVE,LOW
A61777410,학장1지구도개공임대,사상구,학장동,720.0,구학초등학교,사상구|학장동,0,사상구|학장동,38.87693156732892,,B,,,,0,0,10,1915,,,,,,INSUFFICIENT_FEATURES,,,,,LOW,False,False,INSUFFICIENT_MODEL_FEATURES,,LOW,,NOT_CANDIDATE,,,,,,,,,,False,False,,,,,,INSUFFICIENT,,INSUFFICIENT,MISSING,LOW,MISSING,MISSING,MIXED_OR_NEUTRAL,False,False,False,False,UNCERTAIN,LOW
A61777411,학장동삼정그린코아아파트,사상구,학장동,511.0,학장초등학교,사상구|학장동,0,사상구|학장동,35.99950331125828,-5.766569521433363,B,59.999,4507194.814747068,4416718.195045609,10,17,9,1757,4548980.603444221,272934287.22604984,206961230.80946976,359937582.7648168,56.04878504277069,F_S,0.1411732526174239,0.1126202114643215,-0.0242969533557744,0.0884652029191094,HIGH,False,False,OK,-63.3189576389545,MEDIUM,0.0,NOT_CANDIDATE,-0.012318834050844885,-0.02429695335577442,STABLE_NEGATIVE,3449411.3370134463,5999059.697075231,4507194.814747068,4416718.195045609,270427181.69000936,264998674.9845415,True,True,0.9270908051374649,2.9945856302757923,2.9945856302757923,-21.901031836652507,35.82618206895318,STABLE_POSITIVE,2.0674948251383274,WITHIN_MODEL_RANGE,NEUTRAL_POINT_GAP,HIGH,NEUTRAL,NEGATIVE,MIXED_OR_NEUTRAL,False,False,False,True,UNCERTAIN,LOW
A61777711,목화,사상구,학장동,999.0,학장초등학교,사상구|학장동,0,사상구|학장동,35.99950331125828,-5.766569521433373,B,49.965,2251576.103272291,2201541.0787551287,6,18,9,1603,2402123.9685009965,120022124.0861523,91010648.67186895,158281591.00468394,56.04878504277069,F_S,0.1411732526174239,0.1126202114643215,-0.0971250635556604,0.1645291777874944,HIGH,False,False,OK,5.351826370707613,MEDIUM,0.794,NOT_CANDIDATE,0.007138990321251981,-0.09712506355566042,MIXED,1821488.0150479125,3167849.3146139085,2251576.103272291,2201541.0787551287,112500000.00000003,110000000.00000001,True,True,6.686332521024241,9.11102189650208,9.11102189650208,-17.26304666193733,43.892355458803564,STABLE_POSITIVE,2.42468937547784,POTENTIAL_UNDERVALUED_SIGNAL,POSITIVE,HIGH,POSITIVE,POSITIVE,DOUBLE_POSITIVE,True,False,False,True,ROBUST_DUAL_POSITIVE,LOW
A61777806,학장동2차삼성,사상구,학장동,549.0,학장초등학교,사상구|학장동,0,사상구|학장동,35.99950331125828,-5.766569521433396,B,74.13,2706009.6945738625,2885930.670937177,7,15,9,1778,2623902.164367517,194509867.44456404,147493383.77399588,256513801.26497778,56.04878504277069,F_S,0.1411732526174239,0.1126202114643215,0.0498696715649931,0.0873987579630051,HIGH,False,False,OK,-6.074162455663512,LOW,0.06,NOT_CANDIDATE,0.04986967156499311,0.04986967156499311,STABLE_POSITIVE,1989658.488789908,3460323.7726288657,2706009.6945738625,2885930.670937177,200596498.6587604,213934040.6365729,True,True,-3.0342659293123964,-9.079514944985434,-9.079514944985434,-31.05660822601166,19.903219002317908,STABLE_NEGATIVE,6.045249015673037,POTENTIAL_OVERVALUED_SIGNAL,NEGATIVE,HIGH,NEGATIVE,NEGATIVE,DOUBLE_NEGATIVE,False,False,False,True,NEGATIVE_OR_FULLY_PRICED,LOW
A61777903,덕포경동메르빌,사상구,덕포동,517.0,덕상초등학교,사상구|덕포동,1,사상구|괘법동;사상구|덕포동,58.5157284768212,3.6787308258989793,A,74.0038,3302976.1992299976,3383261.247313691,12,23,5,1030,4497912.755842996,332862636.0008539,207537250.09837005,533868182.18377805,98.03771790251966,F_S,0.2410301317701672,0.1824645800248972,-0.2746899641154652,0.0729081829985477,MEDIUM,True,True,OK,25.715462634553745,MEDIUM,0.88,NOT_CANDIDATE,-0.30147678158857705,-0.2746899641154652,STABLE_NEGATIVE,2804413.423342721,7214064.442417526,3302976.1992299976,3383261.247313691,244432790.0525769,250374188.69395292,True,True,36.17757090988323,32.94606674002305,32.94606674002305,-17.109167210500676,113.22812266257864,STABLE_POSITIVE,3.2315041698601803,POTENTIAL_UNDERVALUED_SIGNAL,POSITIVE,MEDIUM,POSITIVE,POSITIVE,DOUBLE_POSITIVE,True,True,True,True,UNCERTAIN,HIGH
A61778507,쌍용스윗닷홈,사상구,엄궁동,607.0,동궁초등학교,사상구|엄궁동,0,사상구|엄궁동,52.09056291390729,0.8908370694532097,B,59.9349,3387008.237270772,3446220.308680368,5,14,4,1052,3556809.055596957,213176995.06629807,171229600.6326595,265400556.08135682,44.17500838653353,F_S,0.1117946090560629,0.0894561502409888,-0.027615916581106,0.1016264379021001,MEDIUM,False,False,OK,-16.2930911282887,LOW,0.002,NOT_CANDIDATE,-0.07931054727944797,-0.02761591658110607,STABLE_NEGATIVE,2856926.4424009966,4428147.1410039365,3387008.237270772,3446220.308680368,203000000.0,206548869.57872698,True,True,5.0132980622157985,3.208986571114947,3.208986571114947,-17.099715441727646,28.492863031718628,STABLE_POSITIVE,1.8043114911008518,POTENTIAL_UNDERVALUED_SIGNAL,POSITIVE,MEDIUM,POSITIVE,NEGATIVE,LOCAL_ONLY_POSITIVE,False,False,False,True,LOCAL_VALUE_CANDIDATE,LOW
A61778608,주례청구,사상구,주례동,831.0,주감초등학교,사상구|주례동,0,사상구|주례동,58.16153421633554,3.5230580408076806,A,84.91,2376758.35070961,2550425.0708451406,6,15,8,2027,2773449.878081542,235493629.1479037,170811196.26397514,324669872.83167094,65.3345388257037,F_S,0.163839300784278,0.1276785728344529,-0.1013775601654245,0.0958778092673415,HIGH,False,False,OK,30.19295754862676,MEDIUM,1.0,NOT_CANDIDATE,-0.10940034417052225,-0.10137756016542454,STABLE_NEGATIVE,2011673.4926860812,3823694.1800926975,2376758.35070961,2550425.0708451406,201810551.55875298,216556592.76546088,True,True,16.690444245351866,8.744613193537077,8.744613193537077,-21.12399161683789,49.923799910954884,STABLE_POSITIVE,7.945831051814789,POTENTIAL_UNDERVALUED_SIGNAL,POSITIVE,HIGH,POSITIVE,POSITIVE,DOUBLE_POSITIVE,True,False,False,True,ROBUST_DUAL_POSITIVE,LOW
A61780802,사상강변동원,사상구,괘법동,600.0,창진초등학교,사상구|괘법동,1,사상구|괘법동;사상구|주례동,49.17135761589404,-0.3509229405541436,B,74.12,4319906.596614127,4155423.6373448456,13,28,11,2716,4016874.874386792,297730765.689549,185632803.73929578,477521251.9150276,98.03771790251965,F_S,0.2410301317701672,0.1824645800248972,0.0450816826032669,0.0931571548656625,MEDIUM,True,True,OK,-36.81153713118486,HIGH,0.0,NOT_CANDIDATE,0.07745876834677468,0.04508168260326695,STABLE_POSITIVE,2504490.0666391766,6442542.52448769,4319906.596614127,4155423.6373448456,320191476.94103914,308000000.0,True,True,-7.014774867235484,-3.3341669839126564,-3.3341669839126564,-39.729609175553314,55.0393675048791,STABLE_NEGATIVE,3.680607883322828,POTENTIAL_OVERVALUED_SIGNAL,NEGATIVE,MEDIUM,NEGATIVE,NEGATIVE,DOUBLE_NEGATIVE,False,False,False,True,NEGATIVE_OR_FULLY_PRICED,LOW
A61781005,자유,사상구,덕포동,780.0,모덕초등학교,사상구|덕포동,1,사상구|괘법동;사상구|덕포동,30.155077262693155,-8.074282327073512,B,54.0,1991341.9913419911,1970848.3006355343,11,22,5,968,2258011.1778976205,121932603.60647152,76024024.66630946,195563966.62121952,98.03771790251967,F_S,0.2410301317701672,0.1824645800248972,-0.1229881143060316,0.135925025671789,MEDIUM,True,True,OK,5.707454505621124,LOW,0.996,NOT_CANDIDATE,-0.11964481314809916,-0.12298811430603163,STABLE_NEGATIVE,1407852.3086353603,3621554.937429991,1991341.9913419911,1970848.3006355343,107532467.53246751,106425808.23431885,True,True,13.391430890076194,14.570521595674602,14.570521595674602,-28.566175885715104,83.7561488756977,STABLE_POSITIVE,1.1790907055984086,POTENTIAL_UNDERVALUED_SIGNAL,POSITIVE,MEDIUM,POSITIVE,POSITIVE,DOUBLE_POSITIVE,False,False,True,True,UNCERTAIN,LOW
A61781706,모라주공1단지,사상구,모라동,2529.0,모산초등학교,사상구|모라동,0,사상구|모라동,61.79635761589404,,B,,,,0,0,6,1659,,,,,,INSUFFICIENT_FEATURES,,,,,LOW,False,False,INSUFFICIENT_MODEL_FEATURES,,LOW,,NOT_CANDIDATE,,,,,,,,,,False,False,,,,,,INSUFFICIENT,,INSUFFICIENT,MISSING,LOW,MISSING,MISSING,MIXED_OR_NEUTRAL,False,False,False,False,UNCERTAIN,LOW
A61781805,모라벽산,사상구,모라동,780.0,모산초등학교,사상구|모라동,0,사상구|모라동,61.79635761589404,5.131779760166655,B,84.9,2626619.5524146054,2462447.672986949,7,21,5,1448,2597572.478176878,220533903.39721692,168444594.64178506,288731156.0875005,54.54334213141826,F_S,0.1374717139961386,0.1074529879844291,-0.0373812586711004,0.0894067060100167,HIGH,False,False,OK,-2.6353865731428403,LOW,0.8,NOT_CANDIDATE,-0.026191706682972438,-0.037381258671100426,STABLE_NEGATIVE,1984035.2725769735,3400838.116460548,2626619.5524146054,2462447.672986949,223000000.0,209061807.43659198,True,True,-1.1058729160462244,5.487418338763006,5.487418338763006,-19.428327580649107,38.108035909462835,MIXED,6.59329125480923,POTENTIAL_UNDERVALUED_SIGNAL,POSITIVE,LOW,POSITIVE,NEUTRAL,LOCAL_ONLY_POSITIVE,False,False,False,True,UNCERTAIN,LOW
A61781807,모라동원타운,사상구,모라동,1110.0,모덕초등학교,사상구|모라동,0,사상구|모라동,30.155077262693155,-8.074282327073501,B,67.45,2812095.5406518416,2763819.095477387,15,33,5,1387,2622137.4247261216,176863169.2977769,135088729.6714914,231555813.20604742,54.54334213141827,F_S,0.1374717139961386,0.1074529879844291,0.0321803728963399,0.1238448624659443,HIGH,False,False,OK,-28.727681753154886,MEDIUM,0.0,NOT_CANDIDATE,0.013324421482909798,0.032180372896339904,STABLE_POSITIVE,2002798.0677760032,3432999.454500332,2812095.5406518416,2763819.095477387,189675844.21696672,186419597.98994976,True,True,-6.7550377709317715,-5.12630045081851,-5.12630045081851,-27.535124456831895,24.212162081012025,STABLE_NEGATIVE,1.6287373201132613,POTENTIAL_OVERVALUED_SIGNAL,NEGATIVE,HIGH,NEGATIVE,NEGATIVE,DOUBLE_NEGATIVE,False,False,False,True,NEGATIVE_OR_FULLY_PRICED,LOW
A61781808,우신모라,사상구,모라동,1620.0,모덕초등학교,사상구|모라동,0,사상구|모라동,30.155077262693155,-8.074282327073512,B,59.99,2130898.02130898,2219685.438863521,23,53,5,1212,2433311.890820302,145974380.33030993,111495760.71547066,191115066.40324932,54.54334213141826,F_S,0.1374717139961386,0.1074529879844291,-0.038617616038314,0.1470127348807581,HIGH,False,False,OK,8.710446933414808,MEDIUM,0.64,NOT_CANDIDATE,-0.08738410441185351,-0.03861761603831404,STABLE_NEGATIVE,1858572.4406646215,3185782.070399222,2130898.02130898,2219685.438863521,127832572.29832572,133158929.47742262,True,True,14.191850876352753,9.624176841298638,9.624176841298638,-16.268656444572127,43.52403338872839,STABLE_POSITIVE,4.5676740350541145,POTENTIAL_UNDERVALUED_SIGNAL,POSITIVE,HIGH,POSITIVE,POSITIVE,DOUBLE_POSITIVE,False,False,False,True,UNCERTAIN,LOW
A61783202,엘지신주례2,사상구,주례동,874.0,주양초등학교;개림초등학교,사상구|주례동,0,사상구|주례동,36.705877483443714,-5.48375711830118,B,59.97,2751375.687843922,2701350.675337669,13,27,8,1965,2549856.258102524,152914879.79840836,110914140.8174719,210820372.32964113,65.33453882570367,F_S,0.163839300784278,0.1276785728344529,0.0798681103054512,0.1358503703824895,HIGH,False,False,OK,7.326220718042891,MEDIUM,0.91,NOT_CANDIDATE,0.08119011909872142,0.07986811030545127,STABLE_POSITIVE,1849493.7605047843,3515430.587454413,2751375.687843922,2701350.675337669,165000000.0,162000000.0,True,True,-7.324315273691906,-5.608098889871382,-5.608098889871382,-31.534480976869194,30.136032302247617,STABLE_NEGATIVE,1.716216383820524,POTENTIAL_OVERVALUED_SIGNAL,NEGATIVE,HIGH,NEGATIVE,POSITIVE,SCHOOL_ONLY_POSITIVE,False,False,False,True,SCHOOL_VALUE_CANDIDATE,LOW
A61783203,엘지신주례1,사상구,주례동,953.0,개림초등학교,사상구|주례동,0,사상구|주례동,40.102041942604856,-4.112132482732022,B,59.97,2751375.687843922,2751375.687843922,16,24,8,1997,2721250.948146714,163193419.36035842,118369500.20352396,224991168.13651085,65.3345388257037,F_S,0.163839300784278,0.1276785728344529,0.0158865047831646,0.1415218868471943,HIGH,False,False,OK,8.99827606755656,MEDIUM,0.956,NOT_CANDIDATE,0.013491234289346288,0.015886504783164668,STABLE_POSITIVE,1973811.9093467395,3751728.666608485,2751375.687843922,2751375.687843922,165000000.0,165000000.0,True,True,-1.0948973573585374,-1.0948973573585374,-1.0948973573585374,-28.26090896756124,36.358283719097486,STABLE_NEGATIVE,0.0,WITHIN_MODEL_RANGE,NEUTRAL_POINT_GAP,HIGH,NEUTRAL,POSITIVE,SCHOOL_ONLY_POSITIVE,False,False,False,True,SCHOOL_VALUE_CANDIDATE,LOW
A61783402,현대무지개타운,사상구,주례동,977.0,동주초등학교,사상구|주례동,0,사상구|주례동,43.32251655629139,-2.793081968244504,B,84.99,1764359.9294256028,1944558.747882713,7,22,8,2060,2592615.148907126,220346361.5056166,159824389.88848433,303786668.9973968,65.3345388257037,F_S,0.163839300784278,0.1276785728344529,-0.1951891882028054,0.1231056052415829,HIGH,False,False,OK,35.379804222390135,MEDIUM,1.0,NOT_CANDIDATE,-0.2863344766338596,-0.1951891882028054,STABLE_NEGATIVE,1880508.176120536,3574381.3271843377,1764359.9294256028,1944558.747882713,149952950.40188196,165268047.98255178,True,True,46.94366527305833,33.32665581484917,33.32665581484917,-3.293835778009657,83.81451993035532,STABLE_POSITIVE,13.61700945820916,POTENTIAL_UNDERVALUED_SIGNAL,POSITIVE,HIGH,POSITIVE,POSITIVE,DOUBLE_POSITIVE,True,True,False,True,UNCERTAIN,HIGH
A61784208,신구덕우성,사상구,학장동,763.0,구학초등학교,사상구|학장동,0,사상구|학장동,38.87693156732892,-4.609203597751899,B,75.65,2667555.8519506506,2668873.762062569,7,18,9,1729,2853150.583858414,215840841.66888905,163668283.3247257,284644452.70622826,56.04878504277068,F_S,0.1411732526174239,0.1126202114643215,-0.1018409875007853,0.0904839217109275,HIGH,False,False,OK,-11.464514666028764,LOW,0.148,NOT_CANDIDATE,-0.14396842742878313,-0.1018409875007853,STABLE_NEGATIVE,2163493.500657312,3762649.738350671,2667555.8519506506,2668873.762062569,201800600.20006675,201900300.10003337,True,True,6.957482512392277,6.904666096062617,6.904666096062617,-18.936087146163374,40.98267935471047,STABLE_POSITIVE,0.05281641632965961,POTENTIAL_UNDERVALUED_SIGNAL,POSITIVE,HIGH,POSITIVE,NEGATIVE,LOCAL_ONLY_POSITIVE,False,False,False,True,LOCAL_VALUE_CANDIDATE,LOW
A61784213,구학마을,사상구,학장동,1110.0,구학초등학교,사상구|학장동,0,사상구|학장동,38.87693156732892,-4.609203597751899,B,46.32,1597582.0379965457,1662348.877374784,15,24,9,1591,2062065.382321712,95514868.5091417,72427231.28767061,125962154.6222445,56.04878504277069,F_S,0.1411732526174239,0.1126202114643215,-0.1993108515502903,0.1580653177136857,HIGH,False,False,OK,30.752291037701653,MEDIUM,0.998,NOT_CANDIDATE,-0.23729804103940033,-0.19931085155029038,STABLE_NEGATIVE,1563627.618473027,2719390.212051911,1597582.0379965457,1662348.877374784,74000000.0,77000000.0,True,True,29.074146633975275,24.045283778106107,24.045283778106107,-5.938660665362838,63.587213795122736,STABLE_POSITIVE,5.028862855869168,POTENTIAL_UNDERVALUED_SIGNAL,POSITIVE,HIGH,POSITIVE,POSITIVE,DOUBLE_POSITIVE,True,False,False,True,ROBUST_DUAL_POSITIVE,LOW
A61820001,롯데캐슬,강서구,명지동,1122.0,남명초등학교,강서구|명지동,0,강서구|명지동,58.46859823399559,3.658003003169563,B,84.94,3828032.979976443,3726159.642100306,11,30,22,7273,3889063.260792316,330337033.3716993,248691546.24874678,438786751.1494273,57.54583522180605,F_S,0.1448469837005644,0.1143422649591636,-0.0583324025639679,0.1509317695321369,HIGH,False,False,OK,19.10872533658633,HIGH,1.0,NOT_CANDIDATE,-0.06128071220180864,-0.05833240256396799,STABLE_NEGATIVE,2927849.614418964,5165843.550146307,3828032.979976443,3726159.642100306,325153121.3191991,316500000.0,True,True,1.5942987203900083,4.371890480789653,4.371890480789653,-21.42447195932171,38.63720415463738,STABLE_POSITIVE,2.7775917603996447,POTENTIAL_UNDERVALUED_SIGNAL,POSITIVE,HIGH,POSITIVE,POSITIVE,DOUBLE_POSITIVE,True,False,False,True,ROBUST_DUAL_POSITIVE,LOW
A61823001,지사휴먼시아,강서구,지사동,961.0,녹산초등학교,강서구|지사동,1,강서구|명지동;강서구|지사동;강서구|화전동,24.00115894039736,,A,,,,0,0,27,9029,,,,,,INSUFFICIENT_FEATURES,,,,,LOW,True,True,INSUFFICIENT_MODEL_FEATURES,,LOW,,NOT_CANDIDATE,,,,,,,,,,False,False,,,,,,INSUFFICIENT,,INSUFFICIENT,MISSING,LOW,MISSING,MISSING,MIXED_OR_NEUTRAL,False,False,True,False,UNCERTAIN,LOW
A61823002,지사금강펜테리움,강서구,지사동,1111.0,녹산초등학교,강서구|지사동,1,강서구|명지동;강서구|지사동;강서구|화전동,24.00115894039736,-10.443144251528924,A,59.9843,1918444.4251673217,1960198.789181037,37,61,26,8579,2519191.8947401773,151111962.3716632,94217126.63329057,242363846.0201834,98.03771790251967,F_S,0.2410301317701672,0.1824645800248972,-0.2472422283827082,0.1453467605169698,MEDIUM,True,True,OK,31.41224752707164,MEDIUM,1.0,NOT_CANDIDATE,-0.2702100017902467,-0.24724222838270826,STABLE_NEGATIVE,1570696.4427907064,4040454.6859792215,1918444.4251673217,1960198.789181037,115076545.93256417,117581152.22987208,True,True,31.314301404402677,28.517164108273185,28.517164108273185,-19.87055336122634,106.1247414435608,STABLE_POSITIVE,2.797137296129492,POTENTIAL_UNDERVALUED_SIGNAL,POSITIVE,MEDIUM,POSITIVE,POSITIVE,DOUBLE_POSITIVE,True,False,True,True,UNCERTAIN,LOW
A61829001,부산신호윌더하임,강서구,신호동,671.0,신호초등학교,강서구|신호동,1,강서구|명지동;강서구|신호동,23.84431567328918,-10.50271430525428,A,84.998,2437933.671465137,2437920.582773247,10,30,25,7574,2585687.03697268,219778226.76860383,137030005.41921747,352495563.38978124,98.03771790251966,F_S,0.2410301317701672,0.1824645800248972,-0.0204364351107368,0.1317307874373713,MEDIUM,True,True,OK,16.89582163038239,LOW,1.0,NOT_CANDIDATE,-0.01851515131364856,-0.020436435110736895,STABLE_NEGATIVE,1612155.643888297,4147104.207037592,2437933.671465137,2437920.582773247,207219486.20719373,207218373.69456044,True,True,6.060598253222627,6.0611676706606055,6.0611676706606055,-33.871691502994096,70.10825686208655,STABLE_POSITIVE,0.0005694174379788919,POTENTIAL_UNDERVALUED_SIGNAL,POSITIVE,MEDIUM,POSITIVE,POSITIVE,DOUBLE_POSITIVE,False,False,False,True,UNCERTAIN,LOW
A61870404,퀸덤1차아인슈타인타운,강서구,명지동,1112.0,명호초등학교,강서구|명지동,0,강서구|명지동,59.18261589403974,3.9724717394391096,B,101.4,3915187.376725838,3848417.088384136,13,37,22,7228,4083690.709461182,414086237.93936384,311741453.0922206,550030837.2529826,57.54583522180603,F_S,0.1448469837005644,0.1143422649591636,-0.030550778526754,0.1570662952945594,HIGH,False,False,OK,23.423793609409373,HIGH,1.0,NOT_CANDIDATE,0.001901761528724677,-0.03055077852675403,MIXED,3074373.304657008,5424367.231291741,3915187.376725838,3848417.088384136,397000000.0,390229492.7621514,True,True,4.303838271880056,6.113516692023402,6.113516692023402,-20.113302845044068,40.95060661861139,STABLE_POSITIVE,1.8096784201433458,POTENTIAL_UNDERVALUED_SIGNAL,POSITIVE,HIGH,POSITIVE,POSITIVE,DOUBLE_POSITIVE,True,False,False,True,ROBUST_DUAL_POSITIVE,LOW
A61870405,퀸덤1차링컨타운,강서구,명지동,1102.0,명호초등학교,강서구|명지동,0,강서구|명지동,59.18261589403974,3.972471739439088,B,101.4,3946691.161085677,3890018.505403121,10,22,22,7248,4069372.92032783,412634414.121242,310648459.35027087,548102379.3689456,57.54583522180603,F_S,0.1448469837005644,0.1143422649591636,-0.0162537478832165,0.1549313759792893,HIGH,False,False,OK,21.56515763456786,HIGH,1.0,NOT_CANDIDATE,-0.009699048583036607,-0.01625374788321654,STABLE_NEGATIVE,3063594.2736713104,5405348.90896396,3946691.161085677,3890018.505403121,400194483.73408765,394447876.4478765,True,True,3.1084712290587513,4.6106314063953935,4.6106314063953935,-21.244737797106417,38.95432377650876,STABLE_POSITIVE,1.5021601773366422,POTENTIAL_UNDERVALUED_SIGNAL,POSITIVE,HIGH,POSITIVE,POSITIVE,DOUBLE_POSITIVE,True,False,False,True,ROBUST_DUAL_POSITIVE,LOW
A61870406,퀸덤1차에디슨타운,강서구,명지동,652.0,명호초등학교,강서구|명지동,0,강서구|명지동,59.18261589403974,3.972471739439088,B,101.4,3579881.656804733,3742497.352006592,5,9,22,7395,4250080.547114695,430958167.4774301,324443347.8879527,572441824.8194295,57.54583522180605,F_S,0.1448469837005644,0.1143422649591636,-0.0745772300326432,0.1528314458368201,HIGH,False,False,OK,22.530594681305946,HIGH,0.998,NOT_CANDIDATE,-0.1272442646905212,-0.07457723003264327,STABLE_NEGATIVE,3199638.539328922,5645382.887765577,3579881.656804733,3742497.352006592,362999999.99999994,379489231.49346846,True,True,18.72125825824522,13.562686820231296,13.562686820231296,-14.505255758874725,50.845340872151226,STABLE_POSITIVE,5.158571438013926,POTENTIAL_UNDERVALUED_SIGNAL,POSITIVE,HIGH,POSITIVE,POSITIVE,DOUBLE_POSITIVE,True,False,False,True,ROBUST_DUAL_POSITIVE,LOW
A61870410,명지두산위브포세이돈,강서구,명지동,1256.0,오션초등학교,강서구|명지동,0,강서구|명지동,42.43294701986755,-3.159237499840306,B,84.9807,3824343.772026749,3824343.772026749,29,51,22,7126,4370869.091832257,371439515.0322695,279635214.9452148,493383186.2143602,57.54583522180607,F_S,0.1448469837005644,0.1143422649591636,-0.1243730480004146,0.1554449724146152,HIGH,False,False,OK,23.105495207759045,HIGH,1.0,NOT_CANDIDATE,-0.09553580397342287,-0.1243730480004146,STABLE_NEGATIVE,3290573.2118612207,5805826.337207862,3824343.772026749,3824343.772026749,324995410.78747356,324995410.78747356,True,True,14.290695407747588,14.290695407747588,14.290695407747588,-13.95718042059414,51.812354832604555,STABLE_POSITIVE,0.0,POTENTIAL_UNDERVALUED_SIGNAL,POSITIVE,HIGH,POSITIVE,POSITIVE,DOUBLE_POSITIVE,True,False,False,True,ROBUST_DUAL_POSITIVE,LOW
A61870411,명지오션시티한신휴플러스,강서구,명지동,841.0,오션초등학교,강서구|명지동,0,강서구|명지동,42.43294701986755,-3.159237499840306,B,84.99,3706318.390398871,3795735.946871177,18,40,22,7276,4667984.6801484525,396732017.965817,298676469.86853814,526979223.1992931,57.54583522180605,F_S,0.1448469837005644,0.1143422649591636,-0.1883000771761782,0.1394839243093615,HIGH,False,False,OK,20.88001859175689,HIGH,1.0,NOT_CANDIDATE,-0.2201142926251638,-0.18830007717617825,STABLE_NEGATIVE,3514254.26366088,6200485.035878258,3706318.390398871,3795735.946871177,315000000.00000006,322599598.1245813,True,True,25.9466723701006,22.979699997210567,22.979699997210567,-7.415734053953937,63.353961462712235,STABLE_POSITIVE,2.9669723728900337,POTENTIAL_UNDERVALUED_SIGNAL,POSITIVE,HIGH,POSITIVE,POSITIVE,DOUBLE_POSITIVE,True,False,False,True,ROBUST_DUAL_POSITIVE,LOW
A61872201,부산신호사랑으로부영1차,강서구,신호동,1064.0,,강서구|신호동,1,강서구|명지동;강서구|신호동,26.9021523178808,-9.334151995235176,C,147.1006,,2379324.081614896,0,1,25,7799,2705146.691821488,397928701.4549559,248105433.00199354,638225650.7875628,98.03771790251966,F_S,0.2410301317701672,0.1824645800248972,-0.1807831625496838,0.053660789029867,MEDIUM,True,True,OK,15.444741788978511,LOW,1.0,NOT_CANDIDATE,,-0.18078316254968385,INSUFFICIENT,1686637.8043460976,4338701.88692339,,2379324.081614896,,350000000.0000002,False,True,,13.693914701415899,13.693914701415899,-29.11273342800188,82.35018593930359,INSUFFICIENT,,POTENTIAL_UNDERVALUED_SIGNAL,POSITIVE,LOW,POSITIVE,POSITIVE,DOUBLE_POSITIVE,False,False,False,True,UNCERTAIN,LOW
A61872202,부산신호사랑으로부영2차,강서구,신호동,1388.0,,강서구|신호동,1,강서구|명지동;강서구|신호동,26.9021523178808,-9.334151995235196,C,147.1006,2617256.489776385,2627453.592983305,1,4,25,7781,2872347.70423679,422524070.7018544,263440453.357484,677673409.8624107,98.03771790251966,F_S,0.2410301317701672,0.1824645800248972,-0.0768992543899544,0.0598940361594338,MEDIUM,True,True,OK,7.680175013375123,LOW,0.944,NOT_CANDIDATE,-0.07032247424274018,-0.07689925438995449,STABLE_NEGATIVE,1790886.327842878,4606870.467302042,2617256.489776385,2627453.592983305,385000000.00000006,386499999.99999994,True,True,9.746511870611506,9.320587503713963,9.320587503713963,-31.8394687302758,75.33594045599243,STABLE_POSITIVE,0.42592436689754365,POTENTIAL_UNDERVALUED_SIGNAL,POSITIVE,MEDIUM,POSITIVE,POSITIVE,DOUBLE_POSITIVE,False,False,False,True,UNCERTAIN,LOW
A61872203,부산신호사랑으로부영5차,강서구,신호동,1109.0,신호초등학교,강서구|신호동,1,강서구|명지동;강서구|신호동,23.84431567328918,,A,,,,0,0,26,7804,,,,,,INSUFFICIENT_FEATURES,,,,,LOW,True,True,INSUFFICIENT_MODEL_FEATURES,,LOW,,NOT_CANDIDATE,,,,,,,,,,False,False,,,,,,INSUFFICIENT,,INSUFFICIENT,MISSING,LOW,MISSING,MISSING,MIXED_OR_NEUTRAL,False,False,False,False,UNCERTAIN,LOW
A61872204,부산신호3사랑으로부영3차,강서구,신호동,1278.0,,강서구|신호동,1,강서구|명지동;강서구|신호동,26.9021523178808,,C,,,,0,0,26,7804,,,,,,INSUFFICIENT_FEATURES,,,,,LOW,True,True,INSUFFICIENT_MODEL_FEATURES,,LOW,,NOT_CANDIDATE,,,,,,,,,,False,False,,,,,,INSUFFICIENT,,INSUFFICIENT,MISSING,LOW,MISSING,MISSING,MIXED_OR_NEUTRAL,False,False,False,False,UNCERTAIN,LOW
A61881402,극동스타클래스,강서구,명지동,1124.0,명호초등학교,강서구|명지동,0,강서구|명지동,59.18261589403974,3.972471739439088,B,101.92,3481757.5519811693,3571222.04232709,21,40,22,7225,4034306.2898874874,411176497.0653327,309550878.3638589,546165827.8358694,57.54583522180605,F_S,0.1448469837005644,0.1143422649591636,-0.0637081242882171,0.1483713633151861,HIGH,False,False,OK,29.762465753046747,HIGH,1.0,NOT_CANDIDATE,-0.1248997224235957,-0.06370812428821715,STABLE_NEGATIVE,3037194.6464271867,5358769.896348797,3481757.5519811693,3571222.04232709,354860729.6979208,363978950.553977,True,True,15.869822342796658,12.967108795583071,12.967108795583071,-14.95363182603786,50.054234456306745,STABLE_POSITIVE,2.9027135472135868,POTENTIAL_UNDERVALUED_SIGNAL,POSITIVE,HIGH,POSITIVE,POSITIVE,DOUBLE_POSITIVE,True,False,False,True,ROBUST_DUAL_POSITIVE,LOW
A61970112,현대,기장군,기장읍청강리,930.0,기장초등학교,기장군|기장읍청강리,1,기장군|기장읍서부리;기장군|기장읍청강리,64.57853200883002,6.380001166851623,B,84.6,3002502.085070892,3026073.737570907,10,22,4,632,3391651.606539142,286933725.9132114,178900933.88659745,460204210.6645806,98.03771790251966,F_S,0.2410301317701672,0.1824645800248972,-0.1048997060269671,0.2006232886038703,MEDIUM,True,True,OK,9.50184032319995,LOW,1.0,NOT_CANDIDATE,-0.1205130803497747,-0.10489970602696719,STABLE_NEGATIVE,2114668.249250561,5439766.083505681,3002502.085070892,3026073.737570907,254011676.39699742,256005838.19849873,True,True,12.96084100667867,12.08093062734459,12.08093062734459,-30.118416382409453,79.7631702085454,STABLE_POSITIVE,0.8799103793340812,POTENTIAL_UNDERVALUED_SIGNAL,POSITIVE,MEDIUM,POSITIVE,POSITIVE,DOUBLE_POSITIVE,False,False,True,True,UNCERTAIN,LOW
A61970210,우신네오빌,기장군,기장읍청강리,524.0,대청초등학교,기장군|기장읍청강리,1,기장군|기장읍서부리;기장군|기장읍청강리,65.05954746136865,6.597306290749527,B,84.9888,2975585.1984223565,2833890.665164149,6,17,4,716,4040038.395190299,343358015.16114926,214081036.91637105,550701399.2157493,98.03771790251966,F_S,0.2410301317701672,0.1824645800248972,-0.3341920178026978,0.112667443367907,MEDIUM,True,True,OK,17.827359987561625,MEDIUM,1.0,NOT_CANDIDATE,-0.31051816677938415,-0.3341920178026978,STABLE_NEGATIVE,2518932.3406892563,6479693.785719404,2975585.1984223565,2833890.665164149,252891415.31167796,240848966.96350282,True,True,35.77290266574491,42.56154779903216,42.56154779903216,-11.113989976626337,128.65009809205455,STABLE_POSITIVE,6.788645133287254,POTENTIAL_UNDERVALUED_SIGNAL,POSITIVE,MEDIUM,POSITIVE,POSITIVE,DOUBLE_POSITIVE,True,True,True,True,UNCERTAIN,HIGH
A61970311,서부주공,기장군,기장읍서부리,702.0,기장초등학교,기장군|기장읍서부리,1,기장군|기장읍서부리;기장군|기장읍청강리,64.57853200883002,6.380001166851623,B,59.83,3392181.527314404,3471295.060080107,10,19,4,660,3512914.2741829297,210177661.02436468,131044127.76744375,337097510.1766244,98.03771790251965,F_S,0.2410301317701672,0.1824645800248972,0.0315789779093247,0.1108502703512089,MEDIUM,True,True,OK,0.7387868193300617,LOW,0.44,NOT_CANDIDATE,-0.03168929008739951,0.031578977909324735,MIXED,2190274.574083967,5634255.5603647735,3392181.527314404,3471295.060080107,202954220.7792208,207687583.44459277,True,True,3.559147583829625,1.1989535139620866,1.1989535139620866,-36.90324400042725,62.30990056589292,STABLE_POSITIVE,2.3601940698675383,WITHIN_MODEL_RANGE,NEUTRAL_POINT_GAP,MEDIUM,NEUTRAL,NEUTRAL,MIXED_OR_NEUTRAL,False,False,False,False,UNCERTAIN,LOW
A61970415,부산기장교리,기장군,기장읍,875.0,,기장군|기장읍,1,기장군|기장읍;기장군|기장읍청강리;기장군|정관읍;기장군|정관읍매학리;기장군|철마면,50.171467991169976,,C,,,,0,0,5,1162,,,,,,INSUFFICIENT_FEATURES,,,,,LOW,True,True,INSUFFICIENT_MODEL_FEATURES,,LOW,,NOT_CANDIDATE,,,,,,,,,,False,False,,,,,,INSUFFICIENT,,INSUFFICIENT,MISSING,LOW,MISSING,MISSING,MIXED_OR_NEUTRAL,False,False,False,False,UNCERTAIN,LOW
A61987101,고촌휴먼시아,기장군,철마면,1084.0,신진초등학교,기장군|철마면,1,기장군|기장읍;기장군|일광읍;기장군|정관읍;기장군|정관읍매학리;기장군|정관읍모전리;기장군|철마면,21.331456953642384,,B,,,,0,0,7,2799,,,,,,INSUFFICIENT_FEATURES,,,,,LOW,True,True,INSUFFICIENT_MODEL_FEATURES,,LOW,,NOT_CANDIDATE,,,,,,,,,,False,False,,,,,,INSUFFICIENT,,INSUFFICIENT,MISSING,LOW,MISSING,MISSING,MIXED_OR_NEUTRAL,False,False,False,False,UNCERTAIN,LOW
A61990108,이진캐스빌블루1차,기장군,기장읍교리,620.0,,기장군|기장읍교리,1,기장군|기장읍교리;기장군|기장읍내리;기장군|정관읍용수리,50.171467991169976,0.0727693978885168,C,84.922,4043389.7548869248,4084301.5353460377,17,30,7,1997,4338851.933314389,368463983.8809245,229734412.04960313,590968093.1391693,98.03771790251965,F_S,0.2410301317701672,0.1824645800248972,-0.0670728629482892,0.130613577424045,MEDIUM,True,True,OK,10.665178796698417,LOW,0.768,NOT_CANDIDATE,-0.08654767538673624,-0.06707286294828929,STABLE_NEGATIVE,2705240.2445727037,6958951.663163484,4043389.7548869248,4084301.5353460377,343372744.7645074,346847054.9846562,True,True,7.307289090060198,6.2324095262174195,6.2324095262174195,-33.76492354540358,70.38290642695885,STABLE_POSITIVE,1.0748795638427788,POTENTIAL_UNDERVALUED_SIGNAL,POSITIVE,MEDIUM,POSITIVE,POSITIVE,DOUBLE_POSITIVE,False,False,False,True,UNCERTAIN,LOW
A61990110,이지더원,기장군,정관읍모전리,978.0,모전초등학교,기장군|정관읍모전리,0,기장군|정관읍모전리,62.76445916114791,5.564447803630412,B,84.7808,2935568.187393016,2807239.37495282,20,49,5,1915,3260053.410695331,276389936.2014787,212135574.63850018,360106488.33245397,53.537012138563576,F_S,0.1349934222817045,0.1115448165755494,-0.1326297644911029,0.1284855956261772,HIGH,False,False,OK,16.480288876010807,MEDIUM,1.0,NOT_CANDIDATE,-0.1310843557884951,-0.13262976449110297,STABLE_NEGATIVE,2502165.2855186574,4247500.475726273,2935568.187393016,2807239.37495282,248879819.3817298,238000000.00000006,True,True,11.053574728593851,16.13022529473893,16.13022529473893,-10.867405614075576,51.30524719851004,STABLE_POSITIVE,5.07665056614508,POTENTIAL_UNDERVALUED_SIGNAL,POSITIVE,HIGH,POSITIVE,POSITIVE,DOUBLE_POSITIVE,True,False,False,True,ROBUST_DUAL_POSITIVE,LOW
A61990213,내리 휴먼시아1단지,기장군,기장읍,1002.0,내리초등학교,기장군|기장읍,1,기장군|기장읍;기장군|기장읍청강리;기장군|정관읍;기장군|정관읍매학리;기장군|철마면,28.77825607064017,,B,,,,0,0,5,1162,,,,,,INSUFFICIENT_FEATURES,,,,,LOW,True,True,INSUFFICIENT_MODEL_FEATURES,,LOW,,NOT_CANDIDATE,,,,,,,,,,False,False,,,,,,INSUFFICIENT,,INSUFFICIENT,MISSING,LOW,MISSING,MISSING,MIXED_OR_NEUTRAL,False,False,False,False,UNCERTAIN,LOW
A61990514,한신,기장군,기장읍동부리,1131.0,기장초등학교,기장군|기장읍동부리,1,기장군|기장읍;기장군|기장읍동부리;기장군|기장읍서부리;기장군|기장읍청강리;기장군|정관읍;기장군|철마면,64.57853200883002,6.380001166851623,B,59.85,2565158.557392481,2588692.122139201,19,37,5,886,2858814.209653435,171100030.44775808,106679530.74427979,274422095.92577815,98.03771790251967,F_S,0.2410301317701672,0.1824645800248972,-0.0754790330314367,0.1445286319376508,MEDIUM,True,True,OK,7.054653185460147,LOW,0.83,NOT_CANDIDATE,-0.09193600531266277,-0.07547903303143677,STABLE_NEGATIVE,1782448.299820882,4585164.510038064,2565158.557392481,2588692.122139201,153524739.65993997,154933223.5100312,True,True,11.447855783209725,10.434693457907795,10.434693457907795,-31.144832381691977,77.12282085708404,STABLE_POSITIVE,1.0131623253019306,POTENTIAL_UNDERVALUED_SIGNAL,POSITIVE,MEDIUM,POSITIVE,POSITIVE,DOUBLE_POSITIVE,False,False,False,True,UNCERTAIN,LOW
A61990609,청강주공,기장군,기장읍청강리,520.0,대청초등학교,기장군|기장읍청강리,1,기장군|기장읍서부리;기장군|기장읍청강리,65.05954746136865,6.597306290749527,B,39.69,2519526.3290501386,2738184.546136534,7,10,4,730,2623713.0232536546,104135169.89293754,64927463.946573436,167019208.04352114,98.03771790251965,F_S,0.2410301317701672,0.1824645800248972,0.0504825800136767,0.2488126866462067,MEDIUM,True,True,OK,4.191623200579708,LOW,0.182,NOT_CANDIDATE,-0.01539653945126851,0.05048258001367678,MIXED,1635864.548918454,4208092.921227542,2519526.3290501386,2738184.546136534,100000000.0,108678544.63615902,True,True,4.13516989293754,-4.180562739804882,-4.180562739804882,-40.25733030936166,53.681859287570255,MIXED,8.315732632742423,POTENTIAL_OVERVALUED_SIGNAL,NEGATIVE,LOW,NEGATIVE,POSITIVE,SCHOOL_ONLY_POSITIVE,False,False,True,True,UNCERTAIN,LOW
A61996005,정관신도시롯데캐슬,기장군,정관읍용수리,761.0,신정초등학교,기장군|정관읍용수리,0,기장군|정관읍용수리,67.0814017660044,7.515570671308236,B,101.74,3488509.133765469,3476723.62993518,13,29,5,1587,3217611.22526926,327359766.05889446,236386740.62494567,453343601.8907788,66.27474838395409,F_S,0.1661176392355014,0.1271221236427736,0.0148315246156354,0.1651859662072662,HIGH,False,False,OK,4.835667802301691,MEDIUM,0.698,NOT_CANDIDATE,-0.08496885549014266,0.014831524615635416,MIXED,2323439.5579412784,4455903.301462343,3488509.133765469,3476723.62993518,354920919.2692988,353721862.1096052,True,True,-7.765434978345731,-7.452775435899439,-7.452775435899439,-33.17157746057035,28.16386275562026,STABLE_NEGATIVE,0.31265954244629146,POTENTIAL_OVERVALUED_SIGNAL,NEGATIVE,HIGH,NEGATIVE,POSITIVE,SCHOOL_ONLY_POSITIVE,False,False,False,True,SCHOOL_VALUE_CANDIDATE,LOW
A61996102,정관센트럴파크,기장군,정관읍달산리,588.0,달산초등학교;방곡초등학교,기장군|정관읍달산리,1,기장군|일광읍삼성리;기장군|정관읍달산리,48.791114790286976,-0.5115400562642147,B,84.41,3294505.2359101074,3267471.5548679894,5,16,7,1457,3431495.8226802265,289652562.39243793,180596107.16631743,464564869.18203545,98.03771790251965,F_S,0.2410301317701672,0.1824645800248972,-0.0544682738672346,0.1363385494251283,MEDIUM,True,True,OK,-1.3893593508637891,LOW,0.638,NOT_CANDIDATE,-0.030249704388021215,-0.05446827386723463,STABLE_NEGATIVE,2139510.806377413,5503671.0008534,3294505.2359101074,3267471.5548679894,278089186.96317214,275807273.94640696,True,True,4.158153560568745,5.019914176999296,5.019914176999296,-34.5209049122433,68.43822229007151,STABLE_POSITIVE,0.8617606164305514,POTENTIAL_UNDERVALUED_SIGNAL,POSITIVE,MEDIUM,POSITIVE,NEUTRAL,LOCAL_ONLY_POSITIVE,False,False,False,True,LOCAL_VALUE_CANDIDATE,LOW
A61996103,정관신도시휴먼시아2단지,기장군,정관읍,1301.0,정원초등학교,기장군|정관읍,1,기장군|기장읍;기장군|일광읍;기장군|정관읍;기장군|정관읍매학리;기장군|정관읍모전리;기장군|철마면,57.36440397350993,,B,,,,0,0,7,2799,,,,,,INSUFFICIENT_FEATURES,,,,,LOW,True,True,INSUFFICIENT_MODEL_FEATURES,,LOW,,NOT_CANDIDATE,,,,,,,,,,False,False,,,,,,INSUFFICIENT,,INSUFFICIENT,MISSING,LOW,MISSING,MISSING,MIXED_OR_NEUTRAL,False,False,False,False,UNCERTAIN,LOW
A61996105,정관LH4단지,기장군,정관읍,964.0,방곡초등학교,기장군|정관읍,1,기장군|기장읍;기장군|일광읍;기장군|정관읍;기장군|정관읍매학리;기장군|정관읍모전리;기장군|철마면,58.230187637969095,,B,,,,0,0,7,2799,,,,,,INSUFFICIENT_FEATURES,,,,,LOW,True,True,INSUFFICIENT_MODEL_FEATURES,,LOW,,NOT_CANDIDATE,,,,,,,,,,False,False,,,,,,INSUFFICIENT,,INSUFFICIENT,MISSING,LOW,MISSING,MISSING,MIXED_OR_NEUTRAL,False,False,False,False,UNCERTAIN,LOW
A61996106,이지더원2차,기장군,정관읍모전리,756.0,모전초등학교,기장군|정관읍모전리,0,기장군|정관읍모전리,62.76445916114791,5.564447803630412,B,59.9984,3389349.428569043,3255779.007738736,13,23,5,2013,3513347.317561617,210795217.69798893,161790133.36004153,274643594.6465254,53.53701213856359,F_S,0.1349934222817045,0.1115448165755494,-0.0419555886429545,0.1309140163691408,HIGH,False,False,OK,3.1361032548908208,MEDIUM,0.942,NOT_CANDIDATE,-0.03309158684509228,-0.04195558864295457,STABLE_NEGATIVE,2696574.1313108606,4577515.311183722,3389349.428569043,3255779.007738736,203355542.75505686,195341531.21791178,True,True,3.6584569282644086,7.911111571475238,7.911111571475238,-17.17576270068357,40.59662220019602,STABLE_POSITIVE,4.252654643210829,POTENTIAL_UNDERVALUED_SIGNAL,POSITIVE,HIGH,POSITIVE,POSITIVE,DOUBLE_POSITIVE,True,False,False,True,ROBUST_DUAL_POSITIVE,LOW
A61996107,정관동일스위트1차,기장군,정관읍용수리,1758.0,신정초등학교,기장군|정관읍용수리,0,기장군|정관읍용수리,67.0814017660044,7.515570671308236,B,74.258,3677423.129319928,3611578.758093382,36,86,5,1111,3904022.5924511184,289904909.6702352,209340559.81634334,401474309.2530211,66.27474838395409,F_S,0.1661176392355014,0.1271221236427736,-0.0397953656376124,0.1218143429200568,HIGH,False,False,OK,3.8349733727091326,LOW,0.984,NOT_CANDIDATE,-0.06023064804241418,-0.039795365637612434,STABLE_NEGATIVE,2819097.7378375847,5406478.887837285,3677423.129319928,3611578.758093382,273078086.7370392,268188615.41849837,True,True,6.1619089009508965,8.097396012820823,8.097396012820823,-21.942786613191924,49.698490603911495,STABLE_POSITIVE,1.9354871118699268,POTENTIAL_UNDERVALUED_SIGNAL,POSITIVE,HIGH,POSITIVE,POSITIVE,DOUBLE_POSITIVE,False,False,False,True,UNCERTAIN,LOW
A61996108,정관1차동원로얄듀크,기장군,정관읍달산리,1028.0,달산초등학교,기장군|정관읍달산리,1,기장군|일광읍삼성리;기장군|정관읍달산리,39.352041942604856,-4.416740932690377,B,59.997,3504633.275927692,3519071.642380733,27,42,7,1255,3848553.7357901647,230901678.4862025,143965390.5642973,370336126.75078344,98.03771790251966,F_S,0.2410301317701672,0.1824645800248972,-0.0952823057956226,0.1201617053694836,MEDIUM,True,True,OK,19.23682973326325,HIGH,1.0,NOT_CANDIDATE,-0.09293696252059114,-0.09528230579562269,STABLE_NEGATIVE,2399543.1532292827,6172577.408050126,3504633.275927692,3519071.642380733,210267482.65583375,211133741.32791683,True,True,9.813308063493032,9.362756058769218,9.362756058769218,-31.813176966015476,75.40357330930144,STABLE_POSITIVE,0.4505520047238143,POTENTIAL_UNDERVALUED_SIGNAL,POSITIVE,MEDIUM,POSITIVE,POSITIVE,DOUBLE_POSITIVE,True,False,False,True,ROBUST_DUAL_POSITIVE,LOW
A61996109,정관롯데캐슬2차,기장군,정관읍모전리,911.0,정원초등학교,기장군|정관읍모전리,0,기장군|정관읍모전리,57.36440397350993,3.173563812215141,B,101.8124,3535915.075177484,3535915.075177484,17,30,5,2016,3601875.762293276,366715615.8609079,281462592.19386506,477791175.97132754,53.53701213856359,F_S,0.1349934222817045,0.1115448165755494,-0.0063252543977716,0.1398487827353118,HIGH,False,False,OK,-6.709346457914643,MEDIUM,0.0,NOT_CANDIDATE,-0.006701486667548551,-0.006325254397771651,STABLE_NEGATIVE,2764521.730102277,4692858.394177208,3535915.075177484,3535915.075177484,360000000.00000006,360000000.00000006,True,True,1.8654488502521716,1.8654488502521716,1.8654488502521716,-21.815946612815274,32.71977110314652,STABLE_POSITIVE,0.0,WITHIN_MODEL_RANGE,NEUTRAL_POINT_GAP,HIGH,NEUTRAL,NEGATIVE,MIXED_OR_NEUTRAL,False,False,False,True,UNCERTAIN,LOW
A61996110,정관동일스위트2차,기장군,정관읍모전리,1638.0,정원초등학교;신정초등학교,기장군|정관읍모전리,0,기장군|정관읍모전리,62.22290286975717,5.322194201711206,B,78.5355,3170169.7041897965,3167657.491590734,23,48,5,1731,3365459.2007956505,264308021.0640868,202862429.43781567,344365046.75809306,53.5370121385636,F_S,0.1349934222817045,0.1115448165755494,-0.0652966022809575,0.125177073953384,HIGH,False,False,OK,9.823847704753142,MEDIUM,1.0,NOT_CANDIDATE,-0.06620843410609645,-0.06529660228095757,STABLE_NEGATIVE,2583066.6314955107,4384832.932343883,3170169.7041897965,3167657.491590734,248970862.80339774,248773564.9308241,True,True,6.160222159329609,6.244415936067127,6.244415936067127,-18.45498958290638,38.42509627333188,STABLE_POSITIVE,0.08419377673751782,POTENTIAL_UNDERVALUED_SIGNAL,POSITIVE,HIGH,POSITIVE,POSITIVE,DOUBLE_POSITIVE,True,False,False,True,ROBUST_DUAL_POSITIVE,LOW
A61996111,정관2차동원로얄듀크,기장군,정관읍매학리,1249.0,정관초등학교,기장군|정관읍매학리,1,기장군|일광읍;기장군|정관읍;기장군|정관읍매학리;기장군|정관읍모전리,72.22753863134659,9.88863649337599,B,84.999,4329447.418978744,4235328.996827032,25,61,6,2297,4413986.87918087,375184470.7434948,233924583.04487363,601746876.0864425,98.03771790251966,F_S,0.2410301317701672,0.1824645800248972,-0.0426832423781053,0.1451313535279997,MEDIUM,True,True,OK,11.05743446217044,HIGH,0.828,NOT_CANDIDATE,-0.03669377092369608,-0.04268324237810539,STABLE_NEGATIVE,2752086.295660815,7079458.300526388,4329447.418978744,4235328.996827032,367998701.1657743,359998729.4013009,True,True,1.952661668358302,4.218276372099616,4.218276372099616,-35.020719813677125,67.15249997887021,STABLE_POSITIVE,2.2656147037413144,POTENTIAL_UNDERVALUED_SIGNAL,POSITIVE,MEDIUM,POSITIVE,POSITIVE,DOUBLE_POSITIVE,True,False,False,True,ROBUST_DUAL_POSITIVE,LOW
A61996112,정관신도시LH5단지,기장군,정관읍,1128.0,달산초등학교,기장군|정관읍,1,기장군|기장읍;기장군|일광읍;기장군|정관읍;기장군|정관읍매학리;기장군|정관읍모전리;기장군|철마면,39.352041942604856,,B,,,,0,0,7,2799,,,,,,INSUFFICIENT_FEATURES,,,,,LOW,True,True,INSUFFICIENT_MODEL_FEATURES,,LOW,,NOT_CANDIDATE,,,,,,,,,,False,False,,,,,,INSUFFICIENT,,INSUFFICIENT,MISSING,LOW,MISSING,MISSING,MIXED_OR_NEUTRAL,False,False,False,False,UNCERTAIN,LOW
A61996114,동일스위트3차,기장군,정관읍모전리,1500.0,모전초등학교,기장군|정관읍모전리,0,기장군|정관읍모전리,62.76445916114791,5.564447803630412,B,84.9174,3294357.941402785,3364268.4383126525,33,63,5,1761,3543606.5346331126,300913853.54405385,230958240.0703627,392058526.3688623,53.53701213856359,F_S,0.1349934222817045,0.1115448165755494,-0.036340562096246,0.1281898267563412,HIGH,False,False,OK,8.679803447530732,MEDIUM,0.966,NOT_CANDIDATE,-0.03260733816280137,-0.03634056209624603,STABLE_NEGATIVE,2719798.7699854528,4616939.830574915,3294357.941402785,3364268.4383126525,279748311.05327684,285684928.68357086,True,True,7.565923244035644,5.330671425565736,5.330671425565736,-19.156309317886453,37.234585028849196,STABLE_POSITIVE,2.2352518184699077,POTENTIAL_UNDERVALUED_SIGNAL,POSITIVE,HIGH,POSITIVE,POSITIVE,DOUBLE_POSITIVE,True,False,False,True,ROBUST_DUAL_POSITIVE,LOW
A61996115,이진캐스빌,기장군,정관읍용수리,539.0,가동초등학교,기장군|정관읍용수리,0,기장군|정관읍용수리,63.0385761589404,5.687280488702173,B,84.9281,5063106.321700356,4942217.243395962,13,24,5,1619,4550648.39732528,386477922.1528812,279076006.92989564,535213277.3962516,66.2747483839541,F_S,0.1661176392355014,0.1271221236427736,0.1081065587811078,0.1254995352394796,HIGH,False,False,OK,-37.74319098886343,MEDIUM,0.0,NOT_CANDIDATE,0.10461763009929115,0.10810655878110786,STABLE_POSITIVE,3286026.732375923,6301957.507541693,5063106.321700356,4942217.243395962,430000000.0,419733120.2688566,True,True,-10.121413452818329,-7.922938769919807,-7.922938769919807,-33.51108276822763,27.512757881347348,STABLE_NEGATIVE,2.1984746828985218,POTENTIAL_OVERVALUED_SIGNAL,NEGATIVE,HIGH,NEGATIVE,NEGATIVE,DOUBLE_NEGATIVE,False,False,False,True,NEGATIVE_OR_FULLY_PRICED,LOW
A61996204,정관현진에버빌,기장군,정관읍모전리,690.0,정원초등학교,기장군|정관읍모전리,0,기장군|정관읍모전리,57.36440397350993,3.173563812215164,B,116.024,3353555.1353870137,3270725.6139569515,10,23,5,2049,3331362.143590756,386517961.3479738,296661343.62751573,503591511.5121089,53.53701213856357,F_S,0.1349934222817045,0.1115448165755494,-0.0569827895992656,0.1611750912336799,HIGH,False,False,OK,-8.378958962403825,LOW,0.67,NOT_CANDIDATE,-0.05692320647743365,-0.056982789599265615,STABLE_NEGATIVE,2556896.3630586406,4340408.118252335,3353555.1353870137,3270725.6139569515,389092881.02814287,379482668.6337413,True,True,-0.6617750685556256,1.8539167386910638,1.8539167386910638,-21.824797771241776,32.7047459967537,MIXED,2.5156918072466894,WITHIN_MODEL_RANGE,NEUTRAL_POINT_GAP,LOW,NEUTRAL,NEGATIVE,MIXED_OR_NEUTRAL,False,False,False,True,UNCERTAIN,LOW
A61996303,정관신동아파밀리에,기장군,정관읍용수리,655.0,가동초등학교,기장군|정관읍용수리,0,기장군|정관읍용수리,63.0385761589404,5.687280488702173,B,110.33,3408142.446443476,3213642.9856885765,8,23,5,1667,3779918.2570739016,417038381.3029636,301143738.15252274,577534876.025577,66.2747483839541,F_S,0.1661176392355014,0.1271221236427736,-0.0579770154502536,0.1392005600638842,HIGH,False,False,OK,2.373410274540639,LOW,0.61,NOT_CANDIDATE,-0.09892101109321949,-0.05797701545025369,STABLE_NEGATIVE,2729481.9011377026,5234613.215132575,3408142.446443476,3213642.9856885765,376020356.11610866,354561230.6110206,True,True,10.908458683069089,17.620976378120968,17.620976378120968,-15.065801854997718,62.88720428635204,STABLE_POSITIVE,6.712517695051879,POTENTIAL_UNDERVALUED_SIGNAL,POSITIVE,HIGH,POSITIVE,NEUTRAL,LOCAL_ONLY_POSITIVE,False,False,False,True,LOCAL_VALUE_CANDIDATE,LOW
A61996306,정관신도시한진해모로,기장군,정관읍용수리,763.0,정관초등학교,기장군|정관읍용수리,0,기장군|정관읍용수리,72.22753863134659,9.88863649337599,B,122.9131,3318097.1229148526,3318097.1229148526,15,30,5,1578,3678311.400634802,452112657.0173655,326470899.8123845,626107425.662653,66.2747483839541,F_S,0.1661176392355014,0.1271221236427736,-0.0774807523033835,0.1624448688822806,HIGH,False,False,OK,5.166582454149365,LOW,0.878,NOT_CANDIDATE,-0.10932723379052156,-0.07748075230338358,STABLE_NEGATIVE,2656111.5114042726,5093903.136953286,3318097.1229148526,3318097.1229148526,407837603.47854555,407837603.47854555,True,True,10.856049849544846,10.856049849544846,10.856049849544846,-19.95076054100082,53.51880756517578,STABLE_POSITIVE,0.0,POTENTIAL_UNDERVALUED_SIGNAL,POSITIVE,HIGH,POSITIVE,POSITIVE,DOUBLE_POSITIVE,False,False,False,True,UNCERTAIN,LOW
A61996308,정관신도시휴먼시아1단지,기장군,정관읍,1533.0,신정초등학교,기장군|정관읍,1,기장군|기장읍;기장군|일광읍;기장군|정관읍;기장군|정관읍매학리;기장군|정관읍모전리;기장군|철마면,67.0814017660044,,B,,,,0,0,7,2799,,,,,,INSUFFICIENT_FEATURES,,,,,LOW,True,True,INSUFFICIENT_MODEL_FEATURES,,LOW,,NOT_CANDIDATE,,,,,,,,,,False,False,,,,,,INSUFFICIENT,,INSUFFICIENT,MISSING,LOW,MISSING,MISSING,MIXED_OR_NEUTRAL,False,False,False,False,UNCERTAIN,LOW
