apartment_id,apartment_name,legal_dong,gu,school_premium_core_score,gap_confidence,has_6m_price,has_12m_price,has_24m_price,transaction_count_6m,transaction_count_12m,transaction_count_24m,gap_6m,gap_12m,gap_24m,temporal_sign_pattern,temporal_stability,temporal_std,temporal_range,temporal_cv,temporal_median,temporal_min,temporal_max,residual_method_gap_pct,comparable_method_gap_pct,gap_method_agreement,gap_method_abs_diff,large_method_disagreement,bootstrap_iterations,bootstrap_gap_median,bootstrap_gap_p05,bootstrap_gap_p25,bootstrap_gap_p75,bootstrap_gap_p95,gap_positive_probability,gap_negative_probability,bootstrap_iqr,bootstrap_stability,sanity_flag,phase145_gap_reproduced,phase145_reproduction_error
A10020002,드파인 광안,광안동,수영구,64.94271523178807,LOW,False,False,False,,,,,,,NANANA,INSUFFICIENT,,,,,,,,,INSUFFICIENT,,False,0,,,,,,,,,,False,,
A10020004,롯데캐슬인피니엘,문현동,남구,57.40093818984548,LOW,True,True,True,5.0,5.0,5.0,,,,NANANA,INSUFFICIENT,,,,,,,,,INSUFFICIENT,,False,0,,,,,,,,,,False,,
A10020020,부산에코델타시티 디에트르 더 퍼스트아파트,강동동,강서구,84.39039735099338,LOW,False,False,False,,,,,,,NANANA,INSUFFICIENT,,,,,,,,,INSUFFICIENT,,False,0,,,,,,,,,,True,,
A10020213,가야역롯데캐슬스카이엘,가야동,부산진구,46.08741721854304,MEDIUM,True,True,True,1.0,1.0,1.0,-38.60890401562369,-45.71150661028743,-45.62661125381664,---,STABLE_NEGATIVE,4.076403351817629,7.102602594663736,0.09410919833754722,-45.62661125381664,-45.71150661028743,-38.60890401562369,-45.62661125381664,-31.591196777430746,STRONG_NEGATIVE,14.035414476385895,False,500,-45.71150661028743,-57.23946908916713,-53.743142555373296,-38.7088548891507,-28.42603502775469,0.0,1.0,15.034287666222596,VERY_STABLE_NEGATIVE,False,-38.60890401562369,0.0
A10020264,에코델타 더 베르힐 아파트,강동동,강서구,84.39039735099338,LOW,False,False,False,,,,,,,NANANA,INSUFFICIENT,,,,,,,,,INSUFFICIENT,,False,0,,,,,,,,,,True,,
A10020289,두산위브더제니스 오션시티 ,우암동,남구,62.45943708609272,LOW,False,False,False,,,,,,,NANANA,INSUFFICIENT,,,,,,,,,INSUFFICIENT,,False,0,,,,,,,,,,False,,
A10020313,일광동원로얄듀크,일광읍,기장군,70.97770419426048,LOW,False,False,False,,,,,,,NANANA,INSUFFICIENT,,,,,,,,,INSUFFICIENT,,False,0,,,,,,,,,,False,,
A10020378,에코델타시티 푸르지오린,강동동,강서구,84.39039735099338,LOW,False,False,False,,,,,,,NANANA,INSUFFICIENT,,,,,,,,,INSUFFICIENT,,False,0,,,,,,,,,,True,,
A10020498,시청앞 행복주택1단지,연산동,연제구,32.301821192052984,LOW,False,False,False,,,,,,,NANANA,INSUFFICIENT,,,,,,,,,INSUFFICIENT,,False,0,,,,,,,,,,False,,
A10020569,에코델타시티 푸르지오 센터파크,강동동,강서구,84.39039735099338,LOW,False,False,False,,,,,,,NANANA,INSUFFICIENT,,,,,,,,,INSUFFICIENT,,False,0,,,,,,,,,,True,,
A10020645,강서자이에코델타,강동동,강서구,84.39039735099338,LOW,False,True,True,,2.0,2.0,,-1.3677609692168158,-0.0221925681968127,NA--,STABLE_NEGATIVE,0.9514605409115839,1.345568401020003,,-0.6949767687068142,-1.3677609692168158,-0.0221925681968127,5.059872979790491,-9.253434784265746,MIXED_POSITIVE_RESIDUAL,14.313307764056237,False,500,-1.3677609692168158,-17.37134937453167,-11.087750882801457,2.9011007271222162,11.47922114710511,0.288,0.712,13.988851609923673,UNCERTAIN,True,-2.0967809022376294,0.0
A10020649,e편한세상 에코델타 센터포인트,강동동,강서구,84.39039735099338,LOW,False,False,False,,,,,,,NANANA,INSUFFICIENT,,,,,,,,,INSUFFICIENT,,False,0,,,,,,,,,,True,,
A10020721,백양산서희스타힐스,부암동,부산진구,66.89039735099338,LOW,True,True,True,10.0,25.0,41.0,-17.68489030995109,-19.539573548187526,-15.61299984913911,---,STABLE_NEGATIVE,1.9642878696810897,3.926573699048417,0.11152813166222432,-17.68489030995109,-19.539573548187526,-15.61299984913911,10.163511101902069,-45.53329172180425,MIXED_POSITIVE_RESIDUAL,55.696802823706314,False,500,-19.274879562472098,-41.58647512177108,-24.093245470909153,-2.835967103422842,1.6674539298684004,0.108,0.892,21.25727836748631,STABLE_NEGATIVE,False,-17.684890309951086,0.0
A10020870,양정자이더샵SKVIEW아파트(2단지),양정동,부산진구,83.05761589403974,MEDIUM,True,True,True,13.0,14.0,15.0,-28.93937341168884,-9.941096651524585,-10.016117476171704,---,STABLE_NEGATIVE,10.947067820357288,18.998276760164256,0.6716461232518323,-10.016117476171704,-28.93937341168884,-9.941096651524585,-11.097039913812168,-46.78170690956552,STRONG_NEGATIVE,35.68466699575335,False,500,-9.276578369673949,-13.640054756170123,-10.641847096195288,-6.6137633004382534,4.920262819004439,0.158,0.842,4.028083795757035,STABLE_NEGATIVE,False,-28.93937341168884,0.0
A10022002,래미안포레스티지3단지,온천동,동래구,83.79271523178808,MEDIUM,True,True,True,26.0,45.0,58.0,-18.118712604063834,-23.47433739799085,-22.806818466446977,---,STABLE_NEGATIVE,2.9185223154365425,5.355624793927017,0.13595628616216857,-22.806818466446977,-23.47433739799085,-18.118712604063834,-0.6372148681935457,-35.60021033993412,STRONG_NEGATIVE,34.96299547174058,False,500,-23.551701594094098,-36.74699762416199,-29.356884620161132,-15.482935434316849,-6.5038072731966485,0.01,0.99,13.873949185844284,VERY_STABLE_NEGATIVE,False,-18.118712604063838,0.0
A10022267,오션라이프에일린의뜰1단지,동삼동,영도구,64.43979028697572,MEDIUM,True,True,True,30.0,62.0,88.0,-87.87295495155726,-92.64006192150237,-87.919353453256,---,STABLE_NEGATIVE,2.7389946490769224,4.767106969945104,0.030611002455634986,-87.919353453256,-92.64006192150237,-87.87295495155726,-1.340126774262873,-174.40578312885165,STRONG_NEGATIVE,173.06565635458878,True,500,-92.11901548990288,-122.23393888706939,-104.31371124119741,-70.7565450266172,-34.547097789736426,0.0,1.0,33.55716621458021,VERY_STABLE_NEGATIVE,False,-87.87295495155726,0.0
A10022280,두산위브더제니스센트럴사하,장림동,사하구,77.03780353200882,LOW,True,True,True,15.0,35.0,46.0,-42.93260502517562,-45.96928524342452,-44.282682026492125,---,STABLE_NEGATIVE,1.5214447667022888,3.036680218248904,0.03427074338605702,-44.282682026492125,-45.96928524342452,-42.93260502517562,-42.93260502517562,,INSUFFICIENT,,False,500,-45.555728374194736,-49.66772298851892,-46.42489535639318,-44.173299136740624,-41.94883607893178,0.0,1.0,2.251596219652555,VERY_STABLE_NEGATIVE,False,-42.93260502517562,0.0
A10022365,연산포레서희스타힐스,연산동,연제구,73.0110927152318,MEDIUM,True,True,True,14.0,16.0,22.0,25.681363110068105,27.929966142792196,29.748125825064058,+++,STABLE_POSITIVE,2.037174481526482,4.066762714995953,0.07331529985250501,27.929966142792196,25.681363110068105,29.748125825064058,33.99286157557549,17.369864644560717,STRONG_POSITIVE,16.62299693101477,False,500,28.75066457508415,21.482373521544915,24.99577374240346,31.90272508305144,34.698355990813084,1.0,0.0,6.9069513406479786,VERY_STABLE_POSITIVE,False,25.6813631100681,0.0
A10022405,드파인센텀,반여동,해운대구,75.30364238410596,HIGH,True,True,True,11.0,12.0,13.0,-55.6920266942995,-56.83603553218593,-58.77497334612538,---,STABLE_NEGATIVE,1.5584605719261844,3.0829466518258783,0.027293046501775404,-56.83603553218593,-58.77497334612538,-55.6920266942995,-11.647697939705992,-99.736355448893,STRONG_NEGATIVE,88.088657509187,True,500,-56.594995696200684,-77.86987525819151,-65.98576049974817,-47.36354729927635,-37.940247252189096,0.0,1.0,18.62221320047182,VERY_STABLE_NEGATIVE,False,-55.6920266942995,0.0
A10022434,e편한세상송도더퍼스트비치,암남동,서구,73.16280353200882,LOW,True,True,True,107.0,114.0,228.0,4.985651295670235,7.191974646559024,14.16721787349579,+++,STABLE_POSITIVE,4.792755742205237,9.181566577825556,0.545771587305195,7.191974646559024,4.985651295670235,14.16721787349579,4.985651295670235,,INSUFFICIENT,,False,500,8.986422890595318,-1.3811888627779136,5.1689846799194745,10.697234650376124,12.540624777699072,0.9,0.09999999999999998,5.52824997045665,VERY_STABLE_POSITIVE,False,4.985651295670235,0.0
A10022541,에코델타스마트시티수자인,강동동,강서구,84.39039735099338,LOW,True,True,True,2.0,3.0,3.0,-4.4838510953035815,4.852893870474006,4.852893870474006,-++,MIXED,5.3905722193465735,9.336744965777587,3.0968810530339166,4.852893870474006,-4.4838510953035815,4.852893870474006,4.852893870474006,,INSUFFICIENT,,False,500,4.852893870474006,-13.543579067379774,-13.543579067379774,8.547630821395602,8.547630821395602,0.716,0.28400000000000003,22.091209888775374,UNCERTAIN,True,4.852893870474006,0.0
A10022568,해운대경동리인뷰2차,우동,해운대구,81.58217439293598,MEDIUM,True,True,True,2.0,5.0,7.0,27.00541340455301,22.499453874621913,25.95634744534825,+++,STABLE_POSITIVE,2.357764613338524,4.505959529931097,0.0937341635148223,25.95634744534825,22.499453874621913,27.00541340455301,27.858210555444764,16.377183628198342,STRONG_POSITIVE,11.481026927246422,False,500,22.54377589840204,5.281531845806139,18.74686338608167,28.18529954527409,33.207279769950915,0.998,0.0020000000000000018,9.43843615919242,VERY_STABLE_POSITIVE,False,22.117697091821555,0.0
A10022574,초읍하늘채포레스원,초읍동,부산진구,61.15353200883003,HIGH,True,True,True,11.0,18.0,22.0,-16.994100679980853,-22.312299266339842,-17.921273930280268,---,STABLE_NEGATIVE,2.8408915836974673,5.318198586358989,0.14892575870670013,-17.921273930280268,-22.312299266339842,-16.994100679980853,-19.77306219367001,-14.215139166291692,STRONG_NEGATIVE,5.557923027378319,False,500,-20.381090372169915,-33.06897770683917,-28.695654634578812,-10.670892744428315,-0.3644317378627927,0.044,0.956,18.024761890150497,VERY_STABLE_NEGATIVE,False,-16.994100679980853,0.0
A10022591,사직하늘채리센티아,사직동,동래구,77.53211920529802,MEDIUM,True,True,True,27.0,42.0,61.0,-23.653233623963025,-26.456816828686783,-27.159500702666577,---,STABLE_NEGATIVE,1.8550719770294952,3.5062670787035515,0.07202340181712809,-26.456816828686783,-27.159500702666577,-23.653233623963025,-19.588834612494743,-27.717632635431304,STRONG_NEGATIVE,8.12879802293656,False,500,-26.673766441116037,-79.92257609743281,-45.66616236471682,-12.65542737211568,5.817930616088064,0.102,0.898,33.01073499260114,STABLE_NEGATIVE,False,-23.653233623963025,0.0
A10022696,에코델타호반써밋스마트시티,강동동,강서구,84.39039735099338,LOW,False,True,True,,2.0,3.0,,-12.471986344998413,-17.919710941339822,NA--,STABLE_NEGATIVE,3.8521230041097576,5.447724596341409,0.25349837936437825,-15.195848643169118,-17.919710941339822,-12.471986344998413,-12.380317892148527,-30.56519549258308,STRONG_NEGATIVE,18.184877600434554,False,500,-12.471986344998411,-28.067806340675062,-17.85600193391052,-7.5361525417007575,-0.28671909607260027,0.034,0.966,10.319849392209761,VERY_STABLE_NEGATIVE,True,-21.4727566923658,0.0
A10022844,롯데캐슬라센트,부암동,부산진구,70.84387417218544,HIGH,True,True,True,45.0,70.0,76.0,-42.05620897088538,-46.304468634777876,-46.13737715326152,---,STABLE_NEGATIVE,2.405949690104744,4.248259663892497,0.05366508150063251,-46.13737715326152,-46.304468634777876,-42.05620897088538,-2.228541778946536,-81.88387616282422,STRONG_NEGATIVE,79.65533438387769,True,500,-45.66314685395216,-70.50987975074634,-50.24767856758232,-24.274400622430726,-19.792896925846332,0.0,1.0,25.973277945151594,VERY_STABLE_NEGATIVE,False,-42.05620897088538,0.0
A10022847,대연비치,대연동,남구,77.64387417218543,HIGH,True,True,True,24.0,78.0,88.0,-77.17985567069707,-68.0904637712283,-69.57465775267245,---,STABLE_NEGATIVE,4.876113757372248,9.089391899468765,0.06808789045539095,-69.57465775267245,-77.17985567069707,-68.0904637712283,-67.37664077382429,-86.98307056756983,STRONG_NEGATIVE,19.606429793745534,False,500,-68.4699892983522,-99.9526896805609,-92.13852965550436,-66.5348835494626,-57.27893828045819,0.0,1.0,25.60364610604175,VERY_STABLE_NEGATIVE,False,-77.17985567069705,0.0
A10022890,레이카운티(5단지),거제동,연제구,80.79547461368652,LOW,True,True,True,146.0,345.0,402.0,-17.983946584586505,-16.503770082568376,-25.689692645640022,---,STABLE_NEGATIVE,4.932048563043508,9.185922563071646,0.2458754183355077,-17.983946584586505,-25.689692645640022,-16.503770082568376,8.009387990720796,-32.90462698986858,MIXED_POSITIVE_RESIDUAL,40.91401498058938,False,500,-16.272818440380814,-56.066094737746,-27.867719280145725,-8.586674456314926,-4.993499447275667,0.002,0.998,19.281044823830797,VERY_STABLE_NEGATIVE,False,-12.447619499573891,0.0
A10022905,포레나부산덕천2차,덕천동,북구,67.33973509933774,MEDIUM,True,True,True,30.0,47.0,60.0,-121.83196040664672,-119.7721289942417,-113.39999965558401,---,STABLE_NEGATIVE,4.395924246078679,8.431960751062704,0.03714822770995797,-119.7721289942417,-121.83196040664672,-113.39999965558401,-25.631429615726557,-218.03249119756688,STRONG_NEGATIVE,192.40106158184034,True,500,-119.57416309873251,-130.2730710879846,-123.89147276469615,-50.23934971242322,-11.56566621003069,0.002,0.998,73.65212305227293,VERY_STABLE_NEGATIVE,False,-121.8319604066467,0.0
A10022985,경동포레스트힐 행복주택 아미,아미동2가,서구,44.87897350993377,LOW,False,False,False,,,,,,,NANANA,INSUFFICIENT,,,,,,,,,INSUFFICIENT,,False,0,,,,,,,,,,False,,
A10022999,대연푸르지오클라센트1단지,대연동,남구,45.4014348785872,MEDIUM,True,True,True,50.0,92.0,95.0,8.179339443696893,6.866193600007276,3.9965038219810296,+++,STABLE_POSITIVE,2.13914255669582,4.1828356217158635,0.337013719454142,6.866193600007276,3.9965038219810296,8.179339443696893,1.707527916011886,14.6511509713819,STRONG_POSITIVE,12.943623055370015,False,500,7.239939951181961,-2.267441880866155,3.4320121747021357,10.105315560895244,16.986889166045334,0.944,0.05600000000000005,6.673303386193108,VERY_STABLE_POSITIVE,False,8.179339443696893,0.0
A10023014,시청앞 행복주택2단지,연산동,연제구,32.301821192052984,LOW,False,False,False,,,,,,,NANANA,INSUFFICIENT,,,,,,,,,INSUFFICIENT,,False,0,,,,,,,,,,False,,
A10023021,서면비스타동원,당감동,부산진구,62.1960816777042,MEDIUM,True,True,True,24.0,57.0,78.0,-71.65976450555017,-60.5532295432571,-54.448764634949214,---,STABLE_NEGATIVE,8.72580585802086,17.210999870600958,0.14023985286891316,-60.5532295432571,-71.65976450555017,-54.448764634949214,-7.973463266726632,-135.3460657443737,STRONG_NEGATIVE,127.37260247764708,True,500,-56.07900096483501,-104.30728210790096,-67.77668508165624,-39.04265084585646,-29.16882645708085,0.0,1.0,28.734034235799783,VERY_STABLE_NEGATIVE,False,-71.65976450555016,0.0
A10023040,양정포레힐즈스위첸1단지,양정동,부산진구,64.81462472406182,HIGH,True,True,True,54.0,141.0,159.0,-21.54267862406385,-11.178713074971823,-17.234340637410085,---,STABLE_NEGATIVE,5.206473267080962,10.363965549092027,0.3126652151958858,-17.234340637410085,-21.54267862406385,-11.178713074971823,-4.497769809913565,-38.587587438214136,STRONG_NEGATIVE,34.08981762830057,False,500,-11.666115315863035,-29.3017935830876,-14.132144408570255,-10.598564197558952,-4.581685541332658,0.028,0.972,3.5335802110113033,VERY_STABLE_NEGATIVE,False,-21.54267862406385,0.0
A10023104,사상중흥에스-클래스그랜드센트럴,덕포동,사상구,49.122130242825605,LOW,True,True,True,51.0,100.0,128.0,-27.72694819149032,-27.769907351222432,-27.610200441433285,---,STABLE_NEGATIVE,0.08264565282242373,0.15970690978914703,0.0029833442603786737,-27.72694819149032,-27.769907351222432,-27.610200441433285,-27.72694819149032,,INSUFFICIENT,,False,500,-27.83751558749409,-29.382080889653214,-28.452830539133487,-27.345620457084852,-26.43221488839774,0.0,1.0,1.1072100820486348,VERY_STABLE_NEGATIVE,False,-27.72694819149032,0.0
A10023208,두산위브더제니스하버시티,범일동,동구,63.84878587196467,LOW,True,True,True,33.0,93.0,161.0,-14.381767353086538,-10.09433171484726,-9.327265925146522,---,STABLE_NEGATIVE,2.723921161451542,5.054501427940016,0.24174408334872632,-10.09433171484726,-14.381767353086538,-9.327265925146522,-14.381767353086538,,INSUFFICIENT,,False,500,-10.64459046045365,-16.544508516589303,-13.225380249083063,-8.906189120679286,-6.317099105125512,0.0,1.0,4.3191911284037765,VERY_STABLE_NEGATIVE,False,-14.381767353086538,0.0
A10023283,금호센트럴베이 행복주택 일광,일광읍,기장군,75.63647902869756,LOW,False,False,False,,,,,,,NANANA,INSUFFICIENT,,,,,,,,,INSUFFICIENT,,False,0,,,,,,,,,,False,,
A10023409,이진젠시티개금,개금동,부산진구,71.48399558498896,MEDIUM,True,True,True,16.0,49.0,74.0,-73.94696785501705,-63.01804905722284,-58.32374808058961,---,STABLE_NEGATIVE,8.01626184564913,15.62321977442744,0.1231447468973978,-63.01804905722284,-73.94696785501705,-58.32374808058961,-1.7836115961723973,-146.1103241138617,STRONG_NEGATIVE,144.32671251768932,True,500,-63.232008661031045,-136.1884619664803,-124.93879561730733,-58.95167275060395,-45.16200134091009,0.002,0.998,65.98712286670339,VERY_STABLE_NEGATIVE,False,-73.94696785501705,0.0
A10023417,더샵동래,온천동,동래구,83.8975165562914,MEDIUM,True,True,True,12.0,35.0,38.0,7.766837260498594,1.6746762508050184,0.5032523477593971,+++,STABLE_POSITIVE,3.8997077991654234,7.263584912739197,1.1764101400974118,1.6746762508050184,0.5032523477593971,7.766837260498594,12.209764063171711,3.323910457825475,STRONG_POSITIVE,8.885853605346236,False,500,1.4936575620811068,-9.532506141258551,-3.5644317011219657,9.99167472270195,20.453631884518856,0.57,0.43000000000000005,13.556106423823916,UNCERTAIN,False,7.766837260498594,0.0
A10023420,남천자이,남천동,수영구,53.67406181015453,LOW,True,True,True,14.0,45.0,71.0,-18.396437350041175,-16.389308448749933,-14.106840360455283,---,STABLE_NEGATIVE,2.1462707709554563,4.289596989585892,0.13169301971253333,-16.389308448749933,-18.396437350041175,-14.106840360455283,26.305259814371198,-63.09813451445355,MIXED_POSITIVE_RESIDUAL,89.40339432882475,True,500,-15.818622572902726,-23.65467057314543,-19.075047718927717,-11.58407784502097,-4.264255145751482,0.014,0.986,7.490969873906748,VERY_STABLE_NEGATIVE,False,-18.39643735004117,0.0
A10023436,데시앙해링턴플레이스파크시티,용호동,남구,41.660761589403975,LOW,True,True,True,38.0,99.0,159.0,-12.094524804033995,-10.885017915670991,-10.909770711253278,---,STABLE_NEGATIVE,0.6912744117747732,1.2095068883630038,0.061194017386904595,-10.909770711253278,-12.094524804033995,-10.885017915670991,15.83101485357571,-40.0200644616437,MIXED_POSITIVE_RESIDUAL,55.85107931521941,False,500,-10.630699432902937,-14.868712774600327,-13.676586394544701,-3.797619784740275,11.683578084335961,0.162,0.838,9.878966609804426,STABLE_NEGATIVE,False,-12.094524804033997,0.0
A10023440,힐스테이트사하역,괴정동,사하구,72.3003863134658,LOW,True,True,True,34.0,81.0,134.0,-23.403793499005456,-30.829412281075303,-27.99897238243721,---,STABLE_NEGATIVE,3.747596413862446,7.425618782069847,0.13672007105743775,-27.99897238243721,-30.829412281075303,-23.403793499005456,4.4776134242005,-51.28520042221141,MIXED_POSITIVE_RESIDUAL,55.76281384641191,False,500,-30.741729690650686,-63.462738256821524,-39.9181391816647,-21.103074157526414,-3.105279369021572,0.014,0.986,18.815065024138285,VERY_STABLE_NEGATIVE,False,-23.40379349900545,0.0
A10023526,힐스테이트연산,연산동,연제구,43.889845474613686,LOW,True,True,True,39.0,145.0,271.0,2.7759317628300586,4.285842118785104,6.1021985011389726,+++,STABLE_POSITIVE,1.6654844242801223,3.326266738308914,0.3795551318070314,4.285842118785104,2.7759317628300586,6.1021985011389726,9.14836013741449,-3.596496611754374,MIXED_POSITIVE_RESIDUAL,12.744856749168864,False,500,3.9717085566841424,-6.657427035125673,-0.5487474779752191,6.749991937864376,8.20866064980088,0.674,0.32599999999999996,7.298739415839595,UNCERTAIN,False,2.775931762830059,0.0
A10023533,오션파라곤아파트,문현동,남구,51.52516556291391,LOW,True,True,True,24.0,40.0,69.0,8.146211345665002,6.085749084137443,5.072811192958671,+++,STABLE_POSITIVE,1.56617029731871,3.0734001527063306,0.24338598683117252,6.085749084137443,5.072811192958671,8.146211345665002,21.4272733594654,-5.134850668135393,MIXED_POSITIVE_RESIDUAL,26.56212402760079,False,500,6.70346488132085,-25.262317844323064,3.2632243110447683,21.14601053662144,24.36245555640467,0.87,0.13,17.88278622557667,STABLE_POSITIVE,False,8.146211345665002,0.0
A10023542,해운대센트럴푸르지오,우동,해운대구,81.58217439293598,MEDIUM,True,True,True,11.0,30.0,43.0,20.59282756054169,16.810198771642504,17.705876017236776,+++,STABLE_POSITIVE,1.9767400560971962,3.782628788899185,0.10760911423513222,17.705876017236776,16.810198771642504,20.59282756054169,26.05026549017257,12.255022581168772,STRONG_POSITIVE,13.795242909003798,False,500,17.527283974259152,10.979696751692812,14.717479695808901,19.65850994959479,24.050328510329837,0.98,0.020000000000000018,4.94103025378589,VERY_STABLE_POSITIVE,False,19.152644035670672,0.0
A10023544,센트럴스타힐스,괘법동,사상구,49.17135761589404,LOW,True,True,True,18.0,52.0,112.0,-1.6313016603251684,-1.535893025440993,0.016057898861143782,--+,MIXED,0.9247925890251679,1.6473595591863122,0.8804371103802324,-1.535893025440993,-1.6313016603251684,0.016057898861143782,-1.6313016603251684,,INSUFFICIENT,,False,500,-1.7072570519154562,-4.692180776647543,-3.024137583312303,-0.41388812021369564,0.6281602064251879,0.122,0.878,2.6102494630986075,STABLE_NEGATIVE,False,-1.6313016603251684,0.0
A10023571,주례롯데캐슬골드스마트,주례동,사상구,58.16153421633554,MEDIUM,True,True,True,27.0,58.0,89.0,-81.79217035670663,-83.67635493771073,-86.24215333860708,---,STABLE_NEGATIVE,2.233674905790137,4.4499829819004475,0.026621932584513067,-83.67635493771073,-86.24215333860708,-81.79217035670663,-18.74021239057384,-144.84412832283942,STRONG_NEGATIVE,126.10391593226558,True,500,-83.36629805287538,-98.40469894245571,-88.39909124369323,-73.60311526541145,-49.73829852798658,0.0,1.0,14.795975978281788,VERY_STABLE_NEGATIVE,False,-81.79217035670663,0.0
A10023607,더샵남천프레스티지,남천동,수영구,77.64387417218543,LOW,True,True,True,25.0,66.0,159.0,11.87248370825614,18.012322390316235,25.767982025971225,+++,STABLE_POSITIVE,6.963389367775249,13.895498317715084,0.37536606533667827,18.012322390316235,11.87248370825614,25.767982025971225,50.94298369307446,-27.19801627656218,MIXED_POSITIVE_RESIDUAL,78.14099996963664,True,500,18.533853293567308,11.360647766962812,14.481395851031351,22.29609105628508,30.085461530718625,1.0,0.0,7.814695205253727,VERY_STABLE_POSITIVE,False,11.87248370825614,0.0
A10023616,래미안어반파크2단지,연지동,부산진구,67.58669977924946,MEDIUM,True,True,True,62.0,139.0,202.0,-89.14135068349422,-91.79748923538637,-92.85116580494233,---,STABLE_NEGATIVE,1.9117197561098356,3.709815121448102,0.020947292262065507,-91.79748923538637,-92.85116580494233,-89.14135068349422,-21.52999208073232,-156.7527092862561,STRONG_NEGATIVE,135.2227172055238,True,500,-91.41872606417651,-96.10987763649425,-92.4125463239991,-43.16564394301668,-39.719318322631025,0.0,1.0,49.24690238098241,VERY_STABLE_NEGATIVE,False,-89.14135068349422,0.0
A10023625,e편한세상시민공원2단지,전포동,부산진구,53.49387417218543,MEDIUM,True,True,True,56.0,127.0,216.0,-52.364225621471284,-50.21154828859413,-48.84867711382282,---,STABLE_NEGATIVE,1.7724991230902833,3.515548507648461,0.035116504192787064,-50.21154828859413,-52.364225621471284,-48.84867711382282,-14.988915526805323,-89.73953571613724,STRONG_NEGATIVE,74.75062018933191,True,500,-51.645201327113114,-139.52512877783388,-75.45161577071738,-38.427845524177954,-23.33472482804069,0.0,1.0,37.02377024653943,VERY_STABLE_NEGATIVE,False,-52.36422562147128,0.0
A10023627,가야롯데캐슬골드아너,가야동,부산진구,62.1960816777042,HIGH,True,True,True,32.0,82.0,136.0,-44.51331950598771,-40.900873564152946,-29.58566464275103,---,STABLE_NEGATIVE,7.7880099975706845,14.927654863236679,0.20316572957022802,-40.900873564152946,-44.51331950598771,-29.58566464275103,-48.19360374178354,-40.833035270191886,STRONG_NEGATIVE,7.360568471591655,False,500,-40.94536105286399,-61.856718387977494,-56.869173483496866,-29.751155231920766,-23.57717664558003,0.0,1.0,27.1180182515761,VERY_STABLE_NEGATIVE,False,-44.51331950598772,0.0
A10023647,센텀KCC스위첸,반여동,해운대구,75.30364238410596,HIGH,True,True,True,17.0,39.0,67.0,-39.9764961036735,-41.380955755567264,-40.45106748057644,---,STABLE_NEGATIVE,0.7144248397065671,1.4044596518937666,0.017595440210060088,-40.45106748057644,-41.380955755567264,-39.9764961036735,-17.272677431309624,-62.68031477603738,STRONG_NEGATIVE,45.40763734472775,False,500,-40.93239580069593,-53.39813337898472,-49.20735829271089,-33.27040238335077,-26.341075453444482,0.0,1.0,15.936955909360123,VERY_STABLE_NEGATIVE,False,-39.9764961036735,0.0
A10023684,포레나부산덕천1차,덕천동,북구,67.33973509933774,MEDIUM,True,True,True,36.0,60.0,75.0,-124.42471754127045,-125.7230529209914,-123.63021022358961,---,STABLE_NEGATIVE,1.0564805718478345,2.0928426974017924,0.008479476799911652,-124.42471754127045,-125.7230529209914,-123.63021022358961,-30.479355215094703,-218.3700798674462,STRONG_NEGATIVE,187.8907246523515,True,500,-125.81462164641836,-140.07681588856929,-130.842570025657,-58.85195218469424,-17.9562479234025,0.0,1.0,71.99061784096277,VERY_STABLE_NEGATIVE,False,-124.42471754127044,0.0
A10023692,웨이브리즈,기장읍청강리,기장군,65.05954746136865,LOW,True,True,True,20.0,39.0,58.0,-1.8610281684319272,-3.476899085772173,-2.5732436102059726,---,STABLE_NEGATIVE,0.8098233218350964,1.6158709173402457,0.30709360310175177,-2.5732436102059726,-3.476899085772173,-1.8610281684319272,29.19991476332361,-32.92197110018746,MIXED_POSITIVE_RESIDUAL,62.12188586351107,True,500,-3.481856931365628,-6.692847362917901,-4.579713534588283,-2.289762206080808,13.820654196784462,0.066,0.9339999999999999,2.289951328507475,VERY_STABLE_NEGATIVE,False,-1.861028168431928,0.0
A10023704,대신해모로센트럴아파트,서대신동2가,서구,66.23658940397351,LOW,True,True,True,32.0,61.0,92.0,-3.6971216048315103,-2.650749560222809,-3.9364202616918984,---,STABLE_NEGATIVE,0.683752812977736,1.2856707014690896,0.19945549516406427,-3.6971216048315103,-3.9364202616918984,-2.650749560222809,-3.6971216048315103,,INSUFFICIENT,,False,500,-2.5758953017126824,-16.071898677842267,-13.32582625301983,-1.3283230080346846,0.1329731616060573,0.052,0.948,11.997503244985145,VERY_STABLE_NEGATIVE,False,-3.6971216048315103,0.0
A10023725,백양산베스티움에코포레,만덕동,북구,40.07654525386313,LOW,True,True,True,12.0,19.0,33.0,-17.180458516893353,-16.37175508749643,-22.17096048508572,---,STABLE_NEGATIVE,3.1408569524541896,5.7992053975892865,0.1690960899361657,-17.180458516893353,-22.17096048508572,-16.37175508749643,14.556465436677168,-48.91738247046387,MIXED_POSITIVE_RESIDUAL,63.473847907141035,True,500,-19.87326929887215,-31.594363797794127,-24.732438599713134,-12.65750470712269,3.5427134426800873,0.078,0.922,12.074933892590444,VERY_STABLE_NEGATIVE,False,-17.180458516893353,0.0
A10023750,e편한세상서면더센트럴,범천동,부산진구,67.25629139072848,LOW,True,True,True,43.0,82.0,134.0,0.45468600548160687,4.849573670854239,8.270359429348877,+++,STABLE_POSITIVE,3.9179408678817795,7.8156734238672705,0.865867580676582,4.849573670854239,0.45468600548160687,8.270359429348877,-10.69546544726725,11.604837458230469,MIXED_POSITIVE_COMPARABLE,22.300302905497716,False,500,5.2445079849564245,-10.94996322013159,0.10696943607297582,8.386103342543118,11.280211701952947,0.75,0.25,8.279133906470141,STABLE_POSITIVE,False,0.4546860054816077,0.0
A10023778,이지더원2차포레온아파트,일광읍,기장군,75.63647902869756,LOW,False,False,False,,,,,,,NANANA,INSUFFICIENT,,,,,,,,,INSUFFICIENT,,False,0,,,,,,,,,,False,,
A10023781,힐스테이트명륜트라디움,명륜동,동래구,75.1171633554084,HIGH,True,True,True,7.0,35.0,76.0,-37.175000850082014,-34.470464333148755,-29.638004735395036,---,STABLE_NEGATIVE,3.8182346262846423,7.536996114686978,0.11309549216725082,-34.470464333148755,-37.175000850082014,-29.638004735395036,-26.20387383158984,-48.1461278685742,STRONG_NEGATIVE,21.94225403698436,False,500,-32.65292308259054,-40.19610322658005,-35.771089858135994,-27.80427310735928,-21.3615266805472,0.0,1.0,7.966816750776715,VERY_STABLE_NEGATIVE,False,-37.175000850082014,0.0
A10023790,힐스테이트이진베이시티아파트,암남동,서구,73.16280353200882,LOW,True,True,True,29.0,45.0,77.0,-18.405740957839246,-12.589446069731713,-12.35338765476559,---,STABLE_NEGATIVE,3.4282160158000723,6.052353303073655,0.23725458386503656,-12.589446069731713,-18.405740957839246,-12.35338765476559,-18.40574095783925,,INSUFFICIENT,,False,500,-13.899660414567403,-31.851712873710703,-24.114048837021688,-10.47914969054698,-6.601591462764561,0.0,1.0,13.634899146474709,VERY_STABLE_NEGATIVE,False,-18.40574095783925,0.0
A10023837,부산오션시티푸르지오,동삼동,영도구,42.04061810154525,MEDIUM,True,True,True,12.0,25.0,50.0,-67.61421053425856,-67.27352571485625,-69.52624355521904,---,STABLE_NEGATIVE,1.214267549300348,2.2527178403627914,0.01782071192678678,-67.61421053425856,-69.52624355521904,-67.27352571485625,-0.2436664551062617,-134.98475461341087,NEUTRAL_OR_ZERO,134.74108815830462,True,500,-67.12528113290995,-91.54636901044866,-76.74265437308256,-50.605138768881005,-10.907814382798465,0.01,0.99,26.137515604201553,VERY_STABLE_NEGATIVE,False,-67.61421053425858,0.0
A10023872,대연양우내안애퍼스트,문현동,남구,63.7098233995585,MEDIUM,True,True,True,35.0,94.0,146.0,-20.689878491545166,-19.61343198386264,-16.842920053142173,---,STABLE_NEGATIVE,1.9846730490169888,3.846958438402993,0.10418918434307523,-19.61343198386264,-20.689878491545166,-16.842920053142173,-8.311479775116991,-33.06827720797334,STRONG_NEGATIVE,24.756797432856345,False,500,-19.018281178085214,-61.030728018387634,-23.150049515932196,-15.054521725009941,3.0342145883896756,0.114,0.886,8.095527790922254,STABLE_NEGATIVE,False,-20.68987849154517,0.0
A10023912,일광한신더휴센트럴포레2단지,일광읍삼성리,기장군,75.63647902869756,MEDIUM,True,True,True,15.0,35.0,54.0,17.666905514815163,17.482403919135567,17.304442903551916,+++,STABLE_POSITIVE,0.181241140675277,0.36246261126324697,0.010365767896400563,17.482403919135567,17.304442903551916,17.666905514815163,17.77286917791897,17.560941851711355,STRONG_POSITIVE,0.2119273262076149,False,500,16.53747867490397,8.76564047921278,12.926815941389288,18.422878208847504,20.826534330807398,1.0,0.0,5.496062267458216,VERY_STABLE_POSITIVE,False,17.666905514815163,0.0
A10023928,사하코오롱하늘채,신평동,사하구,45.64525386313466,MEDIUM,True,True,True,36.0,72.0,117.0,-55.43546499728886,-56.414392758305254,-60.15661142836901,---,STABLE_NEGATIVE,2.4917103817646744,4.72114643108015,0.04345843025996467,-56.414392758305254,-60.15661142836901,-55.43546499728886,-7.595747746408954,-103.27518224816878,STRONG_NEGATIVE,95.67943450175983,True,500,-55.76599875170505,-67.94802403136946,-62.31174237178006,-34.47077444969416,-24.449969438229772,0.0,1.0,27.840967922085902,VERY_STABLE_NEGATIVE,False,-55.43546499728886,0.0
A10023963,부산항일동미라주더오션(1지구),좌천동,동구,36.20816777041942,LOW,True,True,True,9.0,23.0,46.0,2.527257965011165,-0.08657031089458966,-0.8109483877829111,+--,MIXED,1.7559633399758852,3.338206352794076,,-0.08657031089458966,-0.8109483877829111,2.527257965011165,2.527257965011165,,INSUFFICIENT,,False,500,0.9662490496095333,-6.587544726561836,-3.621502680961126,5.863846551726663,8.566882706544964,0.564,0.43600000000000005,9.485349232687788,UNCERTAIN,False,2.527257965011165,0.0
A10023969,괴정한신더휴,괴정동,사하구,35.42522075055188,LOW,True,True,True,23.0,50.0,83.0,-13.191887573998882,-0.2717316669888943,-2.3488144192665645,---,STABLE_NEGATIVE,6.938022495160648,12.920155907009988,1.3163101855598334,-2.3488144192665645,-13.191887573998882,-0.2717316669888943,14.634470019105738,-41.0182451671035,MIXED_POSITIVE_RESIDUAL,55.652715186209235,False,500,-0.2717316669888943,-4.337009458801055,-1.3023937423054548,1.9984389987973836,9.896388342490118,0.416,0.5840000000000001,3.3008327411028384,UNCERTAIN,False,-13.19188757399888,0.0
A10023975,동래래미안아이파크,온천동,동래구,65.3701986754967,MEDIUM,True,True,True,71.0,255.0,518.0,-40.15555302047442,-36.343404295737656,-32.72957011398324,---,STABLE_NEGATIVE,3.713432767674404,7.425982906491178,0.10199073964576372,-36.343404295737656,-40.15555302047442,-32.72957011398324,-21.230716650748803,-59.08038939020004,STRONG_NEGATIVE,37.849672739451236,False,500,-36.40134234375188,-50.68587336253961,-42.86490975216897,-28.921873877084842,-20.15423146926589,0.0,1.0,13.943035875084128,VERY_STABLE_NEGATIVE,False,-40.15555302047442,0.0
A10024005,동래3차SKVIEW,온천동,동래구,83.8975165562914,MEDIUM,True,True,True,38.0,108.0,167.0,32.954245223919784,31.742483156292444,30.679660917547682,+++,STABLE_POSITIVE,1.1381045782722232,2.274584306372102,0.03579831192977297,31.742483156292444,30.679660917547682,32.954245223919784,34.22855226903035,31.67993817880921,STRONG_POSITIVE,2.548614090221143,False,500,31.384349818987747,18.161487105482884,24.866540487100973,36.000730010741705,41.03299275761368,1.0,0.0,11.134189523640732,VERY_STABLE_POSITIVE,False,32.954245223919784,0.0
A10024185,부산사하중흥S-클래스,구평동,사하구,36.72902869757174,LOW,False,False,False,,,,,,,NANANA,INSUFFICIENT,,,,,,,,,INSUFFICIENT,,False,0,,,,,,,,,,False,,
A10024201,리버파크반도유보라,구포동,북구,52.61782560706401,LOW,True,True,True,17.0,41.0,106.0,-41.164272642654566,-24.045647681916137,-36.20811491824478,---,STABLE_NEGATIVE,8.80848482251073,17.11862496073843,0.2605597160728292,-36.20811491824478,-41.164272642654566,-24.045647681916137,-41.164272642654566,,INSUFFICIENT,,False,500,-28.35518749954607,-39.74104459312094,-32.35481644856712,-23.116710316783877,-17.595215431854378,0.0,1.0,9.238106131783244,VERY_STABLE_NEGATIVE,False,-41.164272642654566,0.0
A10024226,삼한골든뷰에듀스테이션,부곡동,금정구,65.36490066225166,LOW,True,True,True,18.0,66.0,98.0,-35.353637588910715,-28.65448773814105,-26.865306827466462,---,STABLE_NEGATIVE,4.474586315513244,8.488330761444253,0.14771929075721943,-28.65448773814105,-35.353637588910715,-26.865306827466462,1.3980069965879416,-72.10528217440937,MIXED_POSITIVE_RESIDUAL,73.5032891709973,True,500,-28.597266021472976,-87.7657826820217,-32.33409472886018,-16.34506895585156,-11.873333352685151,0.0,1.0,15.98902577300862,VERY_STABLE_NEGATIVE,False,-35.353637588910715,0.0
A10024249,해운대센텀트루엘1단지,반여동,해운대구,37.38101545253864,MEDIUM,True,True,True,15.0,42.0,71.0,4.015099544061573,4.753871802220926,3.898602807259742,+++,STABLE_POSITIVE,0.4638320444681925,0.8552689949611842,0.10984708804846212,4.015099544061573,3.898602807259742,4.753871802220926,1.1082570037462158,6.92194208437693,STRONG_POSITIVE,5.813685080630714,False,500,5.16916185712965,-13.1850203355423,-3.7688542830608354,14.859122891431872,20.461250061904803,0.668,0.33199999999999996,18.627977174492706,UNCERTAIN,False,4.015099544061572,0.0
A10024303,영도센트럴에일린의뜰,봉래동4가,영도구,42.63222958057395,LOW,True,True,True,24.0,59.0,109.0,7.846981777739025,6.309990489123118,4.984716905246177,+++,STABLE_POSITIVE,1.4324368801515428,2.8622648724928474,0.22450007425239735,6.309990489123118,4.984716905246177,7.846981777739025,7.846981777739025,,INSUFFICIENT,,False,500,5.936145110514822,4.710649898962526,5.538818756351283,6.588055226724505,7.918906868583431,1.0,0.0,1.0492364703732218,VERY_STABLE_POSITIVE,False,7.846981777739025,0.0
A10024318,이편한세상금정산,만덕동,북구,40.05496688741722,HIGH,True,True,True,40.0,87.0,144.0,-52.81049754121193,-55.53164952470294,-54.63333799384945,---,STABLE_NEGATIVE,1.386505141202944,2.721151983491012,0.025522338050311722,-54.63333799384945,-55.53164952470294,-52.81049754121193,-4.7390883067422,-100.88190677568166,STRONG_NEGATIVE,96.14281846893945,True,500,-54.12690741822004,-68.85424092159062,-59.76087169906036,-45.4621580640048,-25.20382499175956,0.0,1.0,14.298713635055563,VERY_STABLE_NEGATIVE,False,-52.81049754121193,0.0
A10024328,동대신역비스타동원아파트,동대신동1가,서구,48.52251655629139,LOW,True,True,True,22.0,37.0,55.0,-0.2723285564362521,-2.3552295911064114,-3.0212420721780875,---,STABLE_NEGATIVE,1.4340255031554476,2.7489135157418354,0.7615911949668873,-2.3552295911064114,-3.0212420721780875,-0.2723285564362521,-0.2723285564362521,,INSUFFICIENT,,False,500,-2.081362202904269,-3.3994483426228017,-2.5804753242651746,-1.1509881840515046,0.33649092741349085,0.086,0.914,1.42948714021367,VERY_STABLE_NEGATIVE,False,-0.2723285564362521,0.0
A10024341,화명푸르지오헤리센트,화명동,북구,45.28443708609271,HIGH,True,True,True,31.0,69.0,131.0,-53.60529796936822,-49.550760037947114,-46.78606320600655,---,STABLE_NEGATIVE,3.4298879760062877,6.819234763361671,0.06862423877130437,-49.550760037947114,-53.60529796936822,-46.78606320600655,-34.96634822938858,-72.24424770934787,STRONG_NEGATIVE,37.277899479959295,False,500,-50.06635914979012,-84.06074045400825,-52.615007773610174,-42.588125747451016,-31.834153751768646,0.0,1.0,10.026882026159157,VERY_STABLE_NEGATIVE,False,-53.60529796936822,0.0
A10024383,사하역비스타동원,괴정동,사하구,62.49724061810154,MEDIUM,True,True,True,12.0,29.0,57.0,-23.441990386245546,-29.143443084093157,-26.24949925516691,---,STABLE_NEGATIVE,2.8508355441825066,5.7014526978476106,0.10848625522807749,-26.24949925516691,-29.143443084093157,-23.441990386245546,-3.7083876327326246,-43.17559313975847,STRONG_NEGATIVE,39.467205507025845,False,500,-29.76275071827766,-60.48941485441106,-37.945120431764735,-21.590053983753457,-4.216611785558877,0.01,0.99,16.35506644801128,VERY_STABLE_NEGATIVE,False,-23.441990386245543,0.0
A10024476,일광신도시비스타동원2차,일광읍이천리,기장군,70.97770419426048,LOW,True,True,True,18.0,33.0,58.0,-16.630024531804672,-19.715753996283937,-25.543936841161525,---,STABLE_NEGATIVE,4.526722034397232,8.913912309356853,0.21942524734794616,-19.715753996283937,-25.543936841161525,-16.630024531804672,11.079164169829982,-44.33921323343933,MIXED_POSITIVE_RESIDUAL,55.41837740326931,False,500,-19.654979090799152,-33.715045452162244,-30.348024591073077,-15.351924227227515,-4.091248674902487,0.002,0.998,14.996100363845562,VERY_STABLE_NEGATIVE,False,-16.63002453180467,0.0
A10024535,대신푸르지오2차,서대신동2가,서구,66.23658940397351,MEDIUM,True,True,True,29.0,59.0,107.0,3.9190961059660467,5.111808860759504,1.3064306633670197,+++,STABLE_POSITIVE,1.9463421956578035,3.805378197392484,0.5648483125550914,3.9190961059660467,1.3064306633670197,5.111808860759504,3.6213639529362185,4.216828258995875,STRONG_POSITIVE,0.5954643060596565,False,500,4.321178721967056,-7.039477130472975,0.06909208012249302,5.955340979790437,9.124260232764023,0.75,0.25,5.886248899667944,STABLE_POSITIVE,False,3.919096105966047,0.0
A10024591,롯데캐슬스타,중동,해운대구,81.58217439293598,HIGH,True,True,True,16.0,57.0,75.0,-27.77277525210515,-28.26849706192032,-28.187526613321545,---,STABLE_NEGATIVE,0.2659307610085662,0.4957218098151728,0.00947172811657742,-28.187526613321545,-28.26849706192032,-27.77277525210515,-22.741184063111188,-32.804366441099106,STRONG_NEGATIVE,10.063182377987918,False,500,-28.019276171654653,-37.87284805126391,-31.02395507298167,-24.482636780920487,-18.360660369362076,0.0,1.0,6.5413182920611845,VERY_STABLE_NEGATIVE,False,-27.772775252105145,0.0
A10024602,서면아이파크1단지,전포동,부산진구,47.90739514348786,MEDIUM,True,True,True,71.0,170.0,318.0,-54.561276398973476,-47.94732197726668,-45.18487613264818,---,STABLE_NEGATIVE,4.818235882063234,9.376400266325298,0.0978696431528517,-47.94732197726668,-54.561276398973476,-45.18487613264818,-20.771631358330712,-88.35092143961624,STRONG_NEGATIVE,67.57929008128554,True,500,-48.29765280958736,-133.1818765370924,-71.42905331521581,-35.89749556784201,-18.09356202689095,0.0,1.0,35.5315577473738,VERY_STABLE_NEGATIVE,False,-54.56127639897348,0.0
A10024606,일광대성베르힐,일광읍삼성리,기장군,75.63647902869756,MEDIUM,True,True,True,14.0,28.0,58.0,23.015900936387396,22.42468935258105,22.100155997525444,+++,STABLE_POSITIVE,0.46429908256455693,0.9157449388619519,0.020623065694081736,22.42468935258105,22.100155997525444,23.015900936387396,18.633519703645383,27.39828216912941,STRONG_POSITIVE,8.764762465484026,False,500,22.701392627497473,19.094532898497654,20.485851728920046,24.54985768663302,25.679953932355847,1.0,0.0,4.064005957712972,VERY_STABLE_POSITIVE,False,23.0159009363874,0.0
A10024627,연산롯데캐슬골드포레,연산동,연제구,64.81462472406182,MEDIUM,True,True,True,36.0,108.0,225.0,-9.726422470797491,-11.416584733632606,-12.019254527486622,---,STABLE_NEGATIVE,1.1886223254477755,2.2928320566891305,0.10752785817715774,-11.416584733632606,-12.019254527486622,-9.726422470797491,-3.653772962035173,-15.79907197955981,STRONG_NEGATIVE,12.145299017524637,False,500,-12.051216904335304,-17.078481033488554,-14.909086880317606,-7.6193093477716225,-4.3439209327739725,0.0,1.0,7.289777532545983,VERY_STABLE_NEGATIVE,False,-9.726422470797491,0.0
A10024664,더샵명지퍼스트월드3단지,명지동,강서구,44.80794701986755,MEDIUM,True,True,True,49.0,104.0,211.0,-27.053633800557808,-27.72292934763604,-26.766098434220574,---,STABLE_NEGATIVE,0.4909444152347106,0.956830913415466,0.0180621188605127,-27.053633800557808,-27.72292934763604,-26.766098434220574,-12.323789029734222,-41.783478571381394,STRONG_NEGATIVE,29.459689541647172,False,500,-27.637045572141083,-40.22245587236632,-30.73076233427436,-25.55060395992184,-17.32496307335351,0.0,1.0,5.180158374352519,VERY_STABLE_NEGATIVE,False,-27.05363380055781,0.0
A10024695,광안자이,광안동,수영구,64.94271523178807,MEDIUM,True,True,True,30.0,58.0,112.0,-10.957362352794375,-10.251631920299696,-7.570213201386489,---,STABLE_NEGATIVE,1.7870292463271007,3.387149151407886,0.18628336946857033,-10.251631920299696,-10.957362352794375,-7.570213201386489,-18.98506363890413,-2.929661066684619,STRONG_NEGATIVE,16.05540257221951,False,500,-10.210334745371537,-17.634487025543258,-11.905001196973622,-1.4909009478758617,4.920411593827556,0.148,0.852,10.41410024909776,STABLE_NEGATIVE,False,-10.957362352794371,0.0
A10024697,더샵명지퍼스트월드2단지,명지동,강서구,55.55849889624725,HIGH,True,True,True,39.0,74.0,163.0,-20.16945908441412,-21.32262844165833,-19.76023063581437,---,STABLE_NEGATIVE,0.8101804730363483,1.5623978058439612,0.039680807062440406,-20.16945908441412,-21.32262844165833,-19.76023063581437,-9.02568352405666,-31.313234644771583,STRONG_NEGATIVE,22.287551120714923,False,500,-20.757830395340665,-27.7049078590321,-23.506857302576858,-18.23103871440418,-15.611740452009853,0.0,1.0,5.27581858817268,VERY_STABLE_NEGATIVE,False,-20.16945908441412,0.0
A10024704,문현경동리인아파트,문현동,남구,43.80700883002207,MEDIUM,True,True,True,25.0,48.0,67.0,8.879430913759313,8.588913947761501,9.261686627769683,+++,STABLE_POSITIVE,0.337427181623814,0.6727726800081815,0.03787057060808241,8.879430913759313,8.588913947761501,9.261686627769683,14.884213270991443,2.874648556527182,STRONG_POSITIVE,12.009564714464261,False,500,9.002456322285413,-23.9883296081717,3.06723994421233,19.89952829451547,21.81028549450849,0.896,0.10399999999999998,16.83228835030314,STABLE_POSITIVE,False,8.879430913759313,0.0
A10024875,브라운스톤하이포레,동대신동3가,서구,57.267218543046354,LOW,True,True,True,9.0,32.0,50.0,2.214606503668604,17.606328683997056,14.655490501026474,+++,STABLE_POSITIVE,8.168926411450968,15.391722180328452,0.71082714477536,14.655490501026474,2.214606503668604,17.606328683997056,2.214606503668604,,INSUFFICIENT,,False,500,16.594427773044835,10.694701047231916,14.131186365270093,17.92353424783463,20.52711214134244,1.0,0.0,3.7923478825645383,VERY_STABLE_POSITIVE,False,2.214606503668604,0.0
A10024909,일광자이푸르지오2단지,일광읍삼성리,기장군,70.97770419426048,MEDIUM,True,True,True,30.0,64.0,120.0,-5.699392736848219,-4.242330480908564,-4.0479705581883305,---,STABLE_NEGATIVE,0.9025889992510017,1.6514221786598888,0.1935544152087828,-4.242330480908564,-5.699392736848219,-4.0479705581883305,-5.770250709017443,-5.628534764678992,STRONG_NEGATIVE,0.14171594433845058,False,500,-4.254110651618026,-7.894166148935718,-5.963956077977903,-1.0480285339103674,1.7630610275178977,0.092,0.908,4.915927544067536,VERY_STABLE_NEGATIVE,False,-5.699392736848218,0.0
A10024919,일광신도시비스타동원1차,일광읍삼성리,기장군,70.97770419426048,MEDIUM,True,True,True,16.0,51.0,78.0,-5.103244949461062,-5.841601187209856,-4.820006310356041,---,STABLE_NEGATIVE,0.5274230043204697,1.0215948768538157,0.10036687741151704,-5.103244949461062,-5.841601187209856,-4.820006310356041,-6.273093404943152,-3.933396493978968,STRONG_NEGATIVE,2.339696910964184,False,500,-5.74832678929137,-11.665391672597703,-7.498520192466087,-3.0163136658876475,0.11491366266533738,0.06,0.94,4.482206526578439,VERY_STABLE_NEGATIVE,False,-5.103244949461061,0.0
A10024933,이지더원1차오션포레,일광읍삼성리,기장군,70.97770419426048,MEDIUM,True,True,True,29.0,53.0,102.0,13.994423855989574,14.039986034961993,13.741064167966023,+++,STABLE_POSITIVE,0.16104933314384456,0.2989218669959701,0.011565350491298582,13.994423855989574,13.741064167966023,14.039986034961993,10.233733693976642,17.755114018002505,STRONG_POSITIVE,7.521380324025863,False,500,14.039986034961993,5.468434276723927,11.193687700932397,16.41034702827411,17.31519547151296,1.0,0.0,5.216659327341713,VERY_STABLE_POSITIVE,False,13.994423855989574,0.0
A10024953,포레나부산초읍,초읍동,부산진구,45.55816777041942,LOW,True,True,True,34.0,121.0,218.0,-1.8303326207128654,0.20192197096229347,-3.682806950326677,-+-,MIXED,1.9430576702353208,3.8847289212889704,1.0975210299463496,-1.8303326207128654,-3.682806950326677,0.20192197096229347,-10.598420616278323,6.937755374852594,MIXED_POSITIVE_COMPARABLE,17.536175991130918,False,500,-0.9099414536946513,-12.165274127616799,-8.717882841515753,2.841902907992393,5.616301597035495,0.47,0.53,11.559785749508146,UNCERTAIN,False,-1.8303326207128656,0.0
A10024982,쌍용더플래티넘사직아시아드아파트,사직동,동래구,89.16280353200884,MEDIUM,True,True,True,20.0,51.0,118.0,-86.58337765709842,-85.69403647493809,-76.52351671944919,---,STABLE_NEGATIVE,5.569113669890081,10.059860937649233,0.06715144092303735,-85.69403647493809,-86.58337765709842,-76.52351671944919,-77.88596974017032,-95.28078557402652,STRONG_NEGATIVE,17.3948158338562,False,500,-84.29505790605728,-162.74072931611104,-110.4648426326253,-65.90038268127445,-50.96449576762633,0.0,1.0,44.564459951350855,VERY_STABLE_NEGATIVE,False,-86.58337765709842,0.0
A10024998,범양레우스센트럴베이,초량동,동구,67.08349889624725,LOW,True,True,True,17.0,49.0,95.0,9.90529549785054,10.757387432838044,12.968923627062816,+++,STABLE_POSITIVE,1.581284831929279,3.063628129212276,0.1410534607569758,10.757387432838044,9.90529549785054,12.968923627062816,9.905295497850542,,INSUFFICIENT,,False,500,10.872264314564237,-2.6995112154460923,5.147995334877802,15.199507282085591,17.913350459753406,0.942,0.05800000000000005,10.05151194720779,VERY_STABLE_POSITIVE,False,9.905295497850542,0.0
A10025042,e편한세상일광,일광읍삼성리,기장군,70.97770419426048,MEDIUM,True,True,True,31.0,77.0,102.0,2.816874681005821,2.5302746072010773,2.2084202606108105,+++,STABLE_POSITIVE,0.3043973840289915,0.6084544203950104,0.12086344334291388,2.5302746072010773,2.2084202606108105,2.816874681005821,2.7902475247915115,2.8435018372201304,STRONG_POSITIVE,0.05325431242861889,False,500,2.6436550052267473,-0.7750675476642944,1.2993302960825073,8.256863081003578,9.509697978266125,0.918,0.08199999999999996,6.957532784921071,VERY_STABLE_POSITIVE,False,2.816874681005821,0.0
A10025075,e편한세상오션테라스3단지,민락동,수영구,42.56953642384106,MEDIUM,True,True,True,27.0,43.0,79.0,9.335940702695527,5.247321556707874,8.914584999311149,+++,STABLE_POSITIVE,2.2488207393789668,4.0886191459876535,0.2871097996279156,8.914584999311149,5.247321556707874,9.335940702695527,3.140543217053327,15.53133818833773,STRONG_POSITIVE,12.390794971284402,False,500,6.565055457490866,1.6457620332905543,4.293501553906177,9.575911260964293,14.469847922984007,0.966,0.03400000000000003,5.282409707058116,VERY_STABLE_POSITIVE,False,9.33594070269553,0.0
A10025135,시청역비스타동원,연산동,연제구,32.301821192052984,MEDIUM,True,True,True,26.0,68.0,107.0,-14.673112903501357,-11.925723994106008,-11.490270891429073,---,STABLE_NEGATIVE,1.725700268389226,3.1828420120722836,0.13592076857882857,-11.925723994106008,-14.673112903501357,-11.490270891429073,-5.37089159376265,-23.975334213240064,STRONG_NEGATIVE,18.604442619477414,False,500,-11.5391458107355,-16.225627979002034,-14.92080741281203,-1.9154078545099182,2.4196780907735995,0.13,0.87,13.005399558302111,STABLE_NEGATIVE,False,-14.673112903501355,0.0
A10025154,명지화전우방아이유쉘,화전동,강서구,10.338024282560706,MEDIUM,True,True,True,3.0,8.0,16.0,-0.5347641022393042,3.284218878766554,12.277012215455356,-++,MIXED,6.577696854019253,12.81177631769466,1.3132222346467988,3.284218878766554,-0.5347641022393042,12.277012215455356,-0.3608652918590138,-0.7086629126195945,NEUTRAL_OR_ZERO,0.3477976207605807,False,500,3.3390228346497857,-25.656924313778962,-19.203135394480398,12.896690158403395,17.030520667349126,0.604,0.396,32.09982555288379,UNCERTAIN,False,-0.5347641022393042,0.0
A10025181,엘시티,중동,해운대구,81.58217439293598,LOW,True,True,True,11.0,32.0,54.0,-89.03339443397924,-81.81470530159984,-89.03037603454112,---,STABLE_NEGATIVE,4.166841050222036,7.218689132379396,0.048101417840097124,-89.03037603454112,-89.03339443397924,-81.81470530159984,-89.03339443397924,,INSUFFICIENT,,False,500,-82.87953043115769,-95.19748024361185,-86.34243252221079,-78.60757965901826,-72.66007311003979,0.0,1.0,7.734852863192529,VERY_STABLE_NEGATIVE,False,-89.03339443397924,0.0
A10025214,해운대비스타동원,우동,해운대구,69.79343267108167,MEDIUM,True,True,True,2.0,26.0,39.0,9.325070359120367,15.016600823080033,14.923235534919606,+++,STABLE_POSITIVE,3.2593887319236594,5.6915304639596656,0.2490306742918498,14.923235534919606,9.325070359120367,15.016600823080033,17.736494322904385,11.538956641992382,STRONG_POSITIVE,6.197537680912003,False,500,14.602121766707963,-1.7674456880596274,12.952970086986213,17.618006284246395,19.635849503291034,0.89,0.10999999999999999,4.665036197260182,STABLE_POSITIVE,False,14.63772548244838,0.0
A10025235,더 래디언트 금정산,만덕동,북구,34.79254966887417,HIGH,True,True,True,38.0,80.0,145.0,-60.97624729741086,-60.46622963023987,-60.203362040571896,---,STABLE_NEGATIVE,0.39297349587544533,0.7728852568389613,0.006490214663450552,-60.46622963023987,-60.97624729741086,-60.203362040571896,-14.809533959006773,-107.14296063581494,STRONG_NEGATIVE,92.33342667680817,True,500,-60.156723152457666,-73.39726227044893,-64.74379846800123,-51.59076832206469,-31.028307967593587,0.0,1.0,13.15303014593654,VERY_STABLE_NEGATIVE,False,-60.97624729741087,0.0
A10025258,아시아드코오롱하늘채,거제동,연제구,80.79547461368652,MEDIUM,False,True,True,,13.0,35.0,,-16.061584889546417,-20.365935270370116,NA--,STABLE_NEGATIVE,3.043635342883336,4.304350380823699,0.16710637065173806,-18.213760079958266,-20.365935270370116,-16.061584889546417,-13.302878817542329,-12.462755980006968,STRONG_NEGATIVE,0.8401228375353611,False,500,-16.84020295247558,-52.366031674098835,-25.73297708825474,-10.60582323093362,-5.927097780150692,0.0,1.0,15.127153857321119,VERY_STABLE_NEGATIVE,False,-12.882817398774648,0.0
A10025342,e편한세상동래명장1단지,명장동,동래구,37.76501103752759,LOW,True,True,True,42.0,86.0,150.0,-2.729817213326752,-1.7244739337027917,-0.7853072671569872,---,STABLE_NEGATIVE,0.972442634828139,1.9445099461697648,0.556784637651919,-1.7244739337027917,-2.729817213326752,-0.7853072671569872,-11.102332075787992,5.642697649134488,MIXED_POSITIVE_COMPARABLE,16.745029724922478,False,500,-0.9685936051471611,-8.109450543760142,-4.420953807306789,2.6743278541237547,6.060399727568584,0.448,0.552,7.095281661430544,UNCERTAIN,False,-2.7298172133267515,0.0
A10025359,e편한세상부산항,초량동,동구,67.08349889624725,LOW,True,True,True,19.0,37.0,78.0,-9.647276943130123,-6.376811316365772,-7.345645198611051,---,STABLE_NEGATIVE,1.6798855712325322,3.2704656267643513,0.21564887433276833,-7.345645198611051,-9.647276943130123,-6.376811316365772,-9.647276943130125,,INSUFFICIENT,,False,500,-6.739189755408554,-15.279447411681039,-10.036358198737663,2.4120849547892007,4.70282075708811,0.304,0.696,12.448443153526863,UNCERTAIN,False,-9.647276943130125,0.0
A10025380,협성휴포레부산진역오션뷰,수정동,동구,36.20816777041942,LOW,True,True,True,16.0,29.0,51.0,0.04495958291144131,-0.22944692818392998,1.5887517760708407,+-+,MIXED,0.9801734367910924,1.8181987042547707,,0.04495958291144131,-0.22944692818392998,1.5887517760708407,0.0449595829114413,,INSUFFICIENT,,False,500,0.37547359835510274,-2.6043306073709247,-0.4736173172560916,1.467815599456368,2.905966018988271,0.588,0.41200000000000003,1.9414329167124595,UNCERTAIN,False,0.0449595829114413,0.0
A10025433,수영SKVIEW1단지,망미동,수영구,49.82687637969095,LOW,True,True,True,36.0,87.0,152.0,-12.315914706011355,-13.516350906478992,-9.280532107861228,---,STABLE_NEGATIVE,2.183145875537922,4.235818798617764,0.18652565593819587,-12.315914706011355,-13.516350906478992,-9.280532107861228,-12.315914706011355,,INSUFFICIENT,,False,500,-12.891192824294928,-15.6569618749553,-13.674866070406035,-11.60333201056113,-9.101838757686556,0.006,0.994,2.071534059844904,VERY_STABLE_NEGATIVE,False,-12.315914706011355,0.0
A10025434,서면2차봄여름가을겨울,당감동,부산진구,43.63923841059604,MEDIUM,True,True,True,22.0,50.0,74.0,-47.98189416792658,-40.95151276425799,-38.926222707366655,---,STABLE_NEGATIVE,4.752775471539264,9.055671460559928,0.11151546782055764,-40.95151276425799,-47.98189416792658,-38.926222707366655,-8.720307396455828,-87.24348093939734,STRONG_NEGATIVE,78.52317354294152,True,500,-40.30643878171696,-71.79890924235504,-42.980952891399454,-21.425160249381946,-18.441935815923866,0.0,1.0,21.555792642017508,VERY_STABLE_NEGATIVE,False,-47.98189416792659,0.0
A10025463,동래효성해링턴플레이스,온천동,동래구,77.53211920529802,LOW,True,True,True,15.0,58.0,115.0,-3.117038154312713,16.7717690502932,16.900320327879314,-++,MIXED,11.520097063086014,20.017358482192027,1.1310827442590126,16.7717690502932,-3.117038154312713,16.900320327879314,9.931170968756774,-16.1652472773822,MIXED_POSITIVE_RESIDUAL,26.096418246138974,False,500,17.1799648191365,3.6942685562974997,8.701342089338146,23.218695883828552,29.67512805829631,0.992,0.008000000000000007,14.517353794490406,VERY_STABLE_POSITIVE,False,-3.117038154312713,0.0
A10025508,베스티움,문현동,남구,57.40093818984548,MEDIUM,True,True,True,34.0,68.0,110.0,-33.69321821932483,-33.036425531966,-31.667873576335168,---,STABLE_NEGATIVE,1.0333063447267963,2.0253446429896584,0.031504037077062085,-33.036425531966,-33.69321821932483,-31.667873576335168,-22.81153076428621,-44.57490567436344,STRONG_NEGATIVE,21.763374910077232,False,500,-33.08618472873242,-77.61562473039253,-36.94507302744498,-29.551190630426646,-12.730717461905053,0.0,1.0,7.393882397018331,VERY_STABLE_NEGATIVE,False,-33.69321821932482,0.0
A10025540,삼한골든뷰센트럴파크,범전동,부산진구,41.84972406181016,HIGH,True,True,True,20.0,72.0,137.0,-49.406296391695,-39.43043182609606,-35.70924047613078,---,STABLE_NEGATIVE,7.0825428537157675,13.69705591556422,0.17060069293261867,-39.43043182609606,-49.406296391695,-35.70924047613078,-4.21448735371418,-94.59810542967584,STRONG_NEGATIVE,90.38361807596166,True,500,-39.6491682620356,-47.692166040322846,-42.5564196396558,-28.491611699599925,-20.271285547608418,0.0,1.0,14.064807940055875,VERY_STABLE_NEGATIVE,False,-49.406296391695,0.0
A10025559,연산더샵,연산동,연제구,64.81462472406182,HIGH,True,True,True,36.0,90.0,170.0,-17.35370472046439,1.949919295040392,4.435740952092637,-++,MIXED,11.927483334439255,21.789445672557026,3.2624275084152212,1.949919295040392,-17.35370472046439,4.435740952092637,-21.8195172846984,-12.887892156230382,STRONG_NEGATIVE,8.931625128468017,False,500,1.4279456605188368,-9.90079965272241,-2.7155354548231982,2.9219012073808033,6.747701651436834,0.64,0.36,5.637436662204001,UNCERTAIN,False,-17.35370472046439,0.0
A10025593,대연자이,대연동,남구,59.75827814569536,HIGH,True,True,True,24.0,77.0,160.0,-28.68142335242596,-19.845834464231878,-16.620860876419464,---,STABLE_NEGATIVE,6.244000492218141,12.060562476006496,0.28752943066404935,-19.845834464231878,-28.68142335242596,-16.620860876419464,-37.55257415628916,-19.81027254856276,STRONG_NEGATIVE,17.7423016077264,False,500,-21.158517377194087,-126.80019622441974,-35.09417660864535,-18.973742580284064,-11.030411559493347,0.0,1.0,16.120434028361284,VERY_STABLE_NEGATIVE,False,-28.68142335242596,0.0
A10025662,포레나동래,낙민동,동래구,57.23300220750552,LOW,True,True,True,17.0,33.0,68.0,-18.685123724842114,-20.39344630329971,-22.886396657920894,---,STABLE_NEGATIVE,2.1128125709937087,4.20127293307878,0.10229066603221107,-20.39344630329971,-22.886396657920894,-18.685123724842114,2.491260128066952,-39.86150757775118,MIXED_POSITIVE_RESIDUAL,42.35276770581814,False,500,-20.918222831545307,-43.83814161710382,-42.423363804313645,-19.588206964782252,-17.53753095342833,0.0,1.0,22.835156839531393,VERY_STABLE_NEGATIVE,False,-18.685123724842114,0.0
A10025687,명륜자이,명륜동,동래구,78.46087196467991,LOW,True,True,True,13.0,44.0,85.0,-48.37988451380009,-41.70170505969408,-26.38986648221151,---,STABLE_NEGATIVE,11.273947655795626,21.990018031588583,0.29038739715944345,-41.70170505969408,-48.37988451380009,-26.38986648221151,-48.37988451380009,,INSUFFICIENT,,False,500,-39.68592325471853,-50.3459830467901,-46.12104823386547,-35.222138129816685,-23.52111252973441,0.0,1.0,10.898910104048788,VERY_STABLE_NEGATIVE,False,-48.37988451380009,0.0
A10025749,부산정관 행복주택,정관읍,기장군,62.76445916114791,LOW,False,False,False,,,,,,,NANANA,INSUFFICIENT,,,,,,,,,INSUFFICIENT,,False,0,,,,,,,,,,False,,
A10025776,더힐시그니처,명지동,강서구,44.80794701986755,MEDIUM,True,True,True,20.0,58.0,110.0,-26.165518253179854,-29.511343292074066,-28.532361040270374,---,STABLE_NEGATIVE,1.7202178262766852,3.345825038894212,0.06128370884304044,-28.532361040270374,-29.511343292074066,-26.165518253179854,-18.4089924979881,-33.92204400837161,STRONG_NEGATIVE,15.513051510383509,False,500,-29.351338936384362,-50.32059012814203,-32.82004423857616,-11.588786841455194,-8.304036159691709,0.002,0.998,21.231257397120963,VERY_STABLE_NEGATIVE,False,-26.16551825317985,0.0
A10025901,부산전포동 사랑으로 부영아파트,전포동,부산진구,34.5128587196468,LOW,False,False,False,,,,,,,NANANA,INSUFFICIENT,,,,,,,,,INSUFFICIENT,,False,0,,,,,,,,,,False,,
A10025923,스위트팰리스,명지동,강서구,35.94221854304636,LOW,True,True,True,1.0,1.0,1.0,2.9609753055893524,3.706844769695177,7.687333499083098,+++,STABLE_POSITIVE,2.540966796171464,4.726358193493746,0.5310218625682795,3.706844769695177,2.9609753055893524,7.687333499083098,10.248914373620154,-4.32696376244145,MIXED_POSITIVE_RESIDUAL,14.575878136061604,False,500,3.706844769695177,-3.2382314661557388,2.098760122841525,6.808625102896309,10.709500545713118,0.886,0.11399999999999999,4.7098649800547845,STABLE_POSITIVE,False,2.9609753055893524,0.0
A10025932,명지금강펜테리움센트럴파크3차,명지동,강서구,35.94221854304636,LOW,False,False,False,,,,,,,NANANA,INSUFFICIENT,,,,,,,,,INSUFFICIENT,,False,0,,,,,,,,,,False,,
A10025950,거제센트럴자이,거제동,연제구,53.12224061810154,MEDIUM,True,True,True,27.0,94.0,169.0,-27.49050075552335,-14.18767443993799,-19.490621829859123,---,STABLE_NEGATIVE,6.696821408053579,13.30282631558536,0.3284430167205088,-19.490621829859123,-27.49050075552335,-14.18767443993799,-29.21266963120703,-16.85729116470269,STRONG_NEGATIVE,12.355378466504341,False,500,-15.033012368463483,-47.51584857804566,-23.85481669695997,-8.982211908204281,-5.777516332018025,0.014,0.986,14.872604788755687,VERY_STABLE_NEGATIVE,False,-23.03498039795486,0.0
A10025994,연제롯데캐슬데시앙,연산동,연제구,32.301821192052984,MEDIUM,True,True,True,31.0,89.0,153.0,-22.714041243227623,-18.882536940983062,-18.917048566702366,---,STABLE_NEGATIVE,2.2022249981936755,3.8315043022445607,0.10917664911699154,-18.917048566702366,-22.714041243227623,-18.882536940983062,-18.717560668933277,-26.71052181752197,STRONG_NEGATIVE,7.992961148588691,False,500,-18.928001802644296,-28.011998903357032,-21.18950881462853,-17.333496866457306,-15.230676663536446,0.0,1.0,3.8560119481712256,VERY_STABLE_NEGATIVE,False,-22.714041243227623,0.0
A10026034,대신푸르지오1차,서대신동1가,서구,62.26407284768212,LOW,True,True,True,29.0,68.0,116.0,-5.856990315195166,3.3023589849502155,2.3728008659288204,-++,MIXED,5.041283249061665,9.159349300145381,,2.3728008659288204,-5.856990315195166,3.3023589849502155,2.4709906607991217,-14.184971291189452,MIXED_POSITIVE_RESIDUAL,16.655961951988573,False,500,2.766608102373813,-11.613205790558318,-7.4620266023708055,4.467384438792286,6.555877225540119,0.646,0.354,11.929411041163092,UNCERTAIN,False,-5.856990315195167,0.0
A10026094,대연SKVIEWHills(2단지),대연동,남구,69.53151214128036,HIGH,True,True,True,26.0,72.0,146.0,-33.091741663954025,-18.698602846641077,-13.127477846236122,---,STABLE_NEGATIVE,10.301874494220442,19.964263817717903,0.4760730160168283,-18.698602846641077,-33.091741663954025,-13.127477846236122,-48.009965206245525,-18.17351812166252,STRONG_NEGATIVE,29.836447084583003,False,500,-18.296107388440852,-36.45847598750943,-32.53038661642866,-15.486903586853497,-4.8272200337654265,0.002,0.998,17.04348302957516,VERY_STABLE_NEGATIVE,False,-33.091741663954025,0.0
A10026157,명지더웨스턴,명지동,강서구,55.55849889624725,LOW,True,True,True,23.0,52.0,100.0,8.78399210216993,5.045376750534431,4.223447130733616,+++,STABLE_POSITIVE,2.4307537748568033,4.560544971436315,0.40394037867889854,5.045376750534431,4.223447130733616,8.78399210216993,17.8098319401255,-0.2418477357856385,NEUTRAL_OR_ZERO,18.051679675911135,False,500,5.92202258725292,-0.8879435320037079,3.307020532567251,10.088021423895842,12.353482051526958,0.932,0.06799999999999995,6.781000891328592,VERY_STABLE_POSITIVE,False,8.783992102169929,0.0
A10026184,대연파크푸르지오,대연동,남구,45.4014348785872,MEDIUM,True,True,True,43.0,134.0,217.0,14.945569806950122,17.22097673137746,17.478221370431402,+++,STABLE_POSITIVE,1.393913879337484,2.5326515634812807,0.08423328004469641,17.22097673137746,14.945569806950122,17.478221370431402,8.841591565347173,21.04954804855307,STRONG_POSITIVE,12.207956483205898,False,500,17.420602593549212,14.168177649268577,16.10888865002978,19.75027379334357,23.037481681979152,1.0,0.0,3.6413851433137907,VERY_STABLE_POSITIVE,False,14.945569806950122,0.0
A10026316,동래삼정그린코아포레스트,온천동,동래구,39.60292494481236,MEDIUM,True,True,True,16.0,50.0,95.0,6.176190296085698,13.989830268206717,15.90928469836288,+++,STABLE_POSITIVE,5.15542435316132,9.733094402277182,0.4287218901372527,13.989830268206717,6.176190296085698,15.90928469836288,6.017470569423877,6.334910022747519,STRONG_POSITIVE,0.317439453323642,False,500,13.624742474889429,5.380394103047262,9.489474834485119,17.211400579056452,21.875189098748304,1.0,0.0,7.721925744571333,VERY_STABLE_POSITIVE,False,6.176190296085699,0.0
A10026360,동래동일스위트,명장동,동래구,37.07008830022075,MEDIUM,True,True,True,18.0,46.0,88.0,17.959130062362995,15.35701086705269,14.334386059446214,+++,STABLE_POSITIVE,1.868847902247786,3.6247440029167812,0.11765963696590098,15.35701086705269,14.334386059446214,17.959130062362995,14.426742441390228,21.49151768333576,STRONG_POSITIVE,7.064775241945533,False,500,14.866342509550766,13.696035068290534,14.531249604861038,15.30419117892884,15.759689276312326,1.0,0.0,0.7729415740678007,VERY_STABLE_POSITIVE,False,17.95913006236299,0.0
A10026363,개금역금강펜테리움더스퀘어아파트,개금동,부산진구,73.65309050772626,MEDIUM,True,True,True,16.0,35.0,72.0,-56.896563614853136,-53.119835799920146,-51.95391977123597,---,STABLE_NEGATIVE,2.5836912011976816,4.942643843617169,0.04785490108648604,-53.119835799920146,-56.896563614853136,-51.95391977123597,-3.5297118360159363,-110.26341539369034,STRONG_NEGATIVE,106.7337035576744,True,500,-52.91396482483103,-119.39493070966145,-106.72047443897928,-48.823846937269636,-35.560961036644926,0.01,0.99,57.896627501709645,VERY_STABLE_NEGATIVE,False,-56.896563614853136,0.0
A10026391,더블유,용호동,남구,82.85033112582782,MEDIUM,True,True,True,33.0,73.0,139.0,-175.50110532276938,-173.03550374872438,-156.89025600084682,---,STABLE_NEGATIVE,10.108675551604044,18.610849321922558,0.06000082059443286,-173.03550374872438,-175.50110532276938,-156.89025600084682,-100.02403882166216,-250.9781718238766,STRONG_NEGATIVE,150.95413300221446,True,500,-167.53454201902628,-205.38888402395665,-178.82126263930374,-151.80799852110056,-126.54302137125747,0.0,1.0,27.013264118203182,VERY_STABLE_NEGATIVE,True,-175.50110532276938,0.0
A10026445,부산명지중흥S-클래스에듀오션,명지동,강서구,53.05883002207506,LOW,True,True,True,19.0,47.0,84.0,-5.446459942605214,-5.3328451605035685,-4.849500020506769,---,STABLE_NEGATIVE,0.31698895660635473,0.5969599220984456,0.060847061710567196,-5.3328451605035685,-5.446459942605214,-4.849500020506769,1.4637814896028556,-12.356701374813284,MIXED_POSITIVE_RESIDUAL,13.820482864416139,False,500,-4.764407343515847,-15.168819172906346,-7.355141678713757,-2.1117510612182806,1.2010346456611436,0.122,0.878,5.243390617495477,STABLE_NEGATIVE,False,-5.446459942605214,0.0
A10026452,대연롯데캐슬레전드1단지,대연동,남구,63.7098233995585,HIGH,True,True,True,101.0,289.0,497.0,-7.6403198318567345,4.243041379502365,6.408790612732195,-++,MIXED,7.563974348902471,14.04911044458893,7.5350594114355065,4.243041379502365,-7.6403198318567345,6.408790612732195,-15.035467177744511,-0.2451724859689585,NEUTRAL_OR_ZERO,14.790294691775554,False,500,4.805256986639176,-11.868319705362987,-7.95023351266398,7.821172900748801,12.791225513456604,0.666,0.33399999999999996,15.77140641341278,UNCERTAIN,False,-7.640319831856735,0.0
A10026484,해운대자이2차1단지,우동,해운대구,72.85044150110376,LOW,True,True,True,18.0,56.0,92.0,-4.155306044099428,-0.9257837984216541,0.5694297959732517,--+,MIXED,2.414836308691828,4.724735840072679,1.6057302304101433,-0.9257837984216541,-4.155306044099428,0.5694297959732517,0.9210397889832116,-11.71817054881559,MIXED_POSITIVE_RESIDUAL,12.6392103377988,False,500,-0.8921667057056721,-16.493014016648097,-1.7673425349617204,0.18141841871201336,3.245791971414289,0.28,0.72,1.9487609536737338,UNCERTAIN,False,-5.398565379916189,0.0
A10026557,센텀리슈빌2단지,재송동,해운대구,40.814403973509926,HIGH,True,True,True,24.0,67.0,93.0,-27.226897484963565,-20.778351710592343,-24.422572457260678,---,STABLE_NEGATIVE,3.2333761075076946,6.4485457743712224,0.13392820743692577,-24.422572457260678,-27.226897484963565,-20.778351710592343,-6.601152272414435,-47.85264269751269,STRONG_NEGATIVE,41.251490425098254,False,500,-21.326095705061974,-77.94449513703908,-27.34147805378301,-8.090163043783452,-3.997170720874456,0.048,0.952,19.25131500999956,VERY_STABLE_NEGATIVE,False,-27.22689748496356,0.0
A10026651,e편한세상사하2차,구평동,사하구,36.72902869757174,LOW,True,True,True,27.0,48.0,93.0,0.8213801496154192,1.9982791823421269,1.005196341796088,+++,STABLE_POSITIVE,0.6331262714930108,1.1768990327267077,0.4965883621472758,1.005196341796088,0.8213801496154192,1.9982791823421269,3.364700512369545,-1.7219402131387067,MIXED_POSITIVE_RESIDUAL,5.086640725508252,False,500,2.497930830833047,-14.616037355265792,-2.962110383447542,8.535990653469796,16.074388878542948,0.638,0.362,11.498101036917337,UNCERTAIN,False,0.8213801496154192,0.0
A10026746,오션브릿지,범일동,동구,63.84878587196467,LOW,True,True,True,19.0,47.0,80.0,-14.49031740364439,-10.694404402691205,-8.290720358568436,---,STABLE_NEGATIVE,3.125744071846209,6.199597045075954,0.280122729054489,-10.694404402691205,-14.49031740364439,-8.290720358568436,-14.49031740364439,,INSUFFICIENT,,False,500,-10.600563980560683,-14.234648751798344,-12.46471423284541,-7.251463291227279,-2.871860384544612,0.006,0.994,5.2132509416181305,VERY_STABLE_NEGATIVE,False,-14.49031740364439,0.0
A10026760,센텀비스타동원,민락동,수영구,58.72201986754967,HIGH,True,True,True,14.0,53.0,99.0,-11.452534888898956,-3.3412227982001603,-0.09027630220974592,---,STABLE_NEGATIVE,5.851822467449799,11.36225858668921,1.1794831572515498,-3.3412227982001603,-11.452534888898956,-0.09027630220974592,-11.695153034975569,-11.209916742822347,STRONG_NEGATIVE,0.48523629215322117,False,500,-3.7706239745741876,-26.846470242834084,-8.85689576736216,2.1588766502736516,6.6335822087336345,0.328,0.6719999999999999,11.01577241763581,UNCERTAIN,False,-11.45253488889896,0.0
A10026780,래미안장전,장전동,금정구,83.79271523178808,LOW,True,True,True,44.0,156.0,251.0,-24.94735200206284,-21.480336284050214,-21.364749711168596,---,STABLE_NEGATIVE,2.0358698967721307,3.5826022908942434,0.09009278720085706,-21.480336284050214,-24.94735200206284,-21.364749711168596,-24.94735200206284,,INSUFFICIENT,,False,500,-21.252149170943632,-25.449799054277623,-22.835702963862122,-14.955600352026575,-8.408423101881938,0.0,1.0,7.880102611835547,VERY_STABLE_NEGATIVE,False,-24.94735200206284,0.0
A10026813,정관 엘에이치 7단지,정관읍,기장군,62.76445916114791,LOW,False,False,False,,,,,,,NANANA,INSUFFICIENT,,,,,,,,,INSUFFICIENT,,False,0,,,,,,,,,,False,,
A10026861,서면동일파크스위트3차,부암동,부산진구,57.03956953642385,MEDIUM,True,True,True,19.0,53.0,83.0,-10.855567733423065,-29.906220636559365,-10.233238731086347,---,STABLE_NEGATIVE,11.182880416630843,19.672981905473016,0.6578806436047447,-10.855567733423065,-29.906220636559365,-10.233238731086347,-6.960785560708559,-14.750349906137572,STRONG_NEGATIVE,7.789564345429013,False,500,-29.37462983342787,-48.16086927298347,-32.056410145341644,-12.788102795864186,-10.589987993421362,0.0,1.0,19.26830734947746,VERY_STABLE_NEGATIVE,False,-10.855567733423063,0.0
A10026865,동부산관광단지삼정그린코아더베스트,기장읍내리,기장군,28.77825607064017,LOW,True,True,True,6.0,16.0,30.0,-14.036339612716269,-10.829799188467018,-10.931653731439624,---,STABLE_NEGATIVE,1.822605747351269,3.2065404242492512,0.15274174342093655,-10.931653731439624,-14.036339612716269,-10.829799188467018,7.434722825481211,-35.50740205091375,MIXED_POSITIVE_RESIDUAL,42.942124876394956,False,500,-10.886788239442591,-25.247894063301306,-14.889545172438654,-2.079642527288283,3.1952802681417585,0.086,0.914,12.80990264515037,VERY_STABLE_NEGATIVE,False,-14.036339612716269,0.0
A10026902,연산동일동미라주더스타,연산동,연제구,38.8735651214128,MEDIUM,True,True,True,24.0,56.0,93.0,9.2132883738834,12.121502768338576,12.445340518344256,+++,STABLE_POSITIVE,1.7799224195152934,3.232052144460857,0.1580741991239585,12.121502768338576,9.2132883738834,12.445340518344256,10.690656191834549,7.7359205559322515,STRONG_POSITIVE,2.9547356359022974,False,500,12.340789022568627,3.7881446620587984,7.057438614855723,14.615136122588057,18.01310873149479,1.0,0.0,7.557697507732334,VERY_STABLE_POSITIVE,False,9.2132883738834,0.0
A10026975,주례경동리인,주례동,사상구,58.16153421633554,LOW,True,True,True,12.0,27.0,60.0,-16.76080565623576,-22.010063149299306,-21.506560013667567,---,STABLE_NEGATIVE,2.896273584486272,5.249257493063546,0.1441471695735438,-21.506560013667567,-22.010063149299306,-16.76080565623576,17.10250098267797,-50.62411229514949,MIXED_POSITIVE_RESIDUAL,67.72661327782745,True,500,-20.997147945993714,-29.017684266911,-23.839152884803532,-14.7098737964358,-0.28554930091680486,0.048,0.952,9.129279088367731,VERY_STABLE_NEGATIVE,False,-16.76080565623576,0.0
A10027026,지사과학삼정그린코아,지사동,강서구,24.00115894039736,MEDIUM,True,True,True,21.0,36.0,73.0,22.116642193784898,21.381487203936715,26.150919518067678,+++,STABLE_POSITIVE,2.5678567907692185,4.769432314130963,0.11060553578587737,22.116642193784898,21.381487203936715,26.150919518067678,12.956682375766912,31.27660201180288,STRONG_POSITIVE,18.31991963603597,False,500,20.820508126687855,-2.226576061876927,8.475473699945983,26.779652947445584,28.88261574817147,0.91,0.08999999999999997,18.3041792474996,VERY_STABLE_POSITIVE,False,22.116642193784894,0.0
A10027052,서면DS·협성엘리시안아파트,범천동,부산진구,31.81804635761589,LOW,True,True,True,22.0,42.0,70.0,1.8209295533516476,2.5206510153835513,4.957824669053381,+++,STABLE_POSITIVE,1.6466904439655017,3.1368951157017335,0.5312244391525479,2.5206510153835513,1.8209295533516476,4.957824669053381,-7.034810951972137,10.676670058675432,MIXED_POSITIVE_COMPARABLE,17.711481010647567,False,500,2.199619818697929,-6.630594955823459,-2.853904941321848,5.376347687792447,12.332886443852784,0.604,0.396,8.230252629114295,UNCERTAIN,False,1.8209295533516483,0.0
A10027054,사직롯데캐슬더클래식,사직동,동래구,89.16280353200884,MEDIUM,True,True,True,16.0,41.0,84.0,-79.85039098181112,-76.81465786798887,-62.48538324363201,---,STABLE_NEGATIVE,9.274402770939078,17.36500773817911,0.12695940430979924,-76.81465786798887,-79.85039098181112,-62.48538324363201,-109.21280213181186,-50.48797983181039,STRONG_NEGATIVE,58.72482230000146,True,500,-76.72592388751362,-112.3879912663634,-102.46096790168899,-73.62859535502588,-49.28483047772144,0.0,1.0,28.83237254666311,VERY_STABLE_NEGATIVE,False,-79.85039098181113,0.0
A10027085,센텀리버SKVIEW,연산동,연제구,41.013907284768216,HIGH,True,True,True,16.0,49.0,71.0,-3.554211174456645,-3.519505500367659,-3.159182441612601,---,STABLE_NEGATIVE,0.21874067227996372,0.39502873284404405,0.06412865106681397,-3.519505500367659,-3.554211174456645,-3.159182441612601,-0.4812108881199872,-6.627211460793303,NEUTRAL_OR_ZERO,6.146000572673316,False,500,-2.3841990883275015,-8.8335365102175,-5.592630537423932,1.369894746018288,6.475848917212257,0.336,0.6639999999999999,6.96252528344222,UNCERTAIN,False,-3.554211174456645,0.0
A10027139,명지국제신도시호반베르디움2차,명지동,강서구,53.05883002207506,LOW,True,True,True,15.0,34.0,61.0,-3.235581938842369,-3.7444974503483097,-2.2537571573106985,---,STABLE_NEGATIVE,0.7577688214716202,1.4907402930376112,0.24619305886199566,-3.235581938842369,-3.7444974503483097,-2.2537571573106985,1.525695077360667,-7.996858955045405,MIXED_POSITIVE_RESIDUAL,9.522554032406072,False,500,-4.10801373030138,-10.490495352201476,-6.581456343620289,-2.031177282858626,0.8171858989531687,0.094,0.906,4.550279060761663,VERY_STABLE_NEGATIVE,False,-3.235581938842369,0.0
A10027159,브라운스톤연제2단지,연산동,연제구,32.301821192052984,MEDIUM,True,True,True,16.0,44.0,60.0,-3.0849811298388867,3.272069395692834,2.259299357747019,-++,MIXED,3.415628991950466,6.3570505255317205,,2.259299357747019,-3.0849811298388867,3.272069395692834,-1.8880872518906129,-4.281875007787161,STRONG_NEGATIVE,2.3937877558965477,False,500,2.882754728611914,-8.036563098558286,-6.0214522839543045,4.964767175807383,8.49101686086133,0.692,0.30800000000000005,10.986219459761688,UNCERTAIN,False,-3.084981129838887,0.0
A10027236,사하뷰웰,신평동,사하구,45.64525386313466,LOW,True,True,True,13.0,28.0,66.0,-17.51778032721186,-17.93611157993876,-17.934537082162528,---,STABLE_NEGATIVE,0.2410704284534284,0.41833125272690097,0.01354621776761874,-17.934537082162528,-17.93611157993876,-17.51778032721186,11.921196986570004,-46.95675764099372,MIXED_POSITIVE_RESIDUAL,58.877954627563724,True,500,-17.706710894426188,-31.49419404284165,-24.514788233951027,-2.226053550302036,17.985721634912377,0.064,0.9359999999999999,22.28873468364899,VERY_STABLE_NEGATIVE,False,-17.51778032721186,0.0
A10027280,명지협성휴포레,명지동,강서구,35.94221854304636,LOW,True,True,True,52.0,113.0,200.0,3.7977236139067605,4.864471069049964,4.6701962788935125,+++,STABLE_POSITIVE,0.5681697777797758,1.0667474551432035,0.12784723596965233,4.6701962788935125,3.7977236139067605,4.864471069049964,11.72563478305628,-4.13018755524276,MIXED_POSITIVE_RESIDUAL,15.85582233829904,False,500,4.521793010938129,-3.3018198135745958,1.7475019518457078,6.20319190929891,8.870307253606722,0.86,0.14,4.4556899574532025,STABLE_POSITIVE,False,3.7977236139067614,0.0
A10027282,부산명지중흥S-클래스프라디움,명지동,강서구,43.40231788079471,LOW,True,True,True,36.0,71.0,125.0,0.334153886122075,0.1612724111985493,-3.382555432349754,++-,MIXED,2.097718282130026,3.716709318471829,,0.1612724111985493,-3.382555432349754,0.334153886122075,8.306264392361719,-7.63795662011757,MIXED_POSITIVE_RESIDUAL,15.94422101247929,False,500,-1.0041069063378338,-9.86740759217329,-3.136869168464286,1.4821330213055337,5.137894624604289,0.38,0.62,4.6190021897698195,UNCERTAIN,False,0.3341538861220741,0.0
A10027306,e편한세상사하,구평동,사하구,36.72902869757174,HIGH,True,True,True,31.0,54.0,88.0,7.76161322696306,9.383058996104548,-3.857141931551494,++-,MIXED,7.2218127735871525,13.240200927656042,1.630509044603609,7.76161322696306,-3.857141931551494,9.383058996104548,6.141588723236659,9.381637730689462,STRONG_POSITIVE,3.2400490074528037,False,500,7.3843454754309565,-11.940434973241285,5.0335960150614385,11.23196456934488,20.268952298889545,0.926,0.07399999999999995,6.198368554283442,VERY_STABLE_POSITIVE,False,7.76161322696306,0.0
A10027325,구서SKVIEW1단지,구서동,금정구,68.62759381898455,MEDIUM,True,True,True,14.0,36.0,67.0,-32.76319360250404,-28.81490194277395,-27.89143799221735,---,STABLE_NEGATIVE,2.5876564501697796,4.871755610286687,0.08676662371617255,-28.81490194277395,-32.76319360250404,-27.89143799221735,-20.1052050514712,-45.42118215353688,STRONG_NEGATIVE,25.315977102065684,False,500,-28.815526717159866,-77.72017240538109,-42.74504596562217,-21.719094978585645,-17.711711575759864,0.0,1.0,21.025950987036524,VERY_STABLE_NEGATIVE,False,-32.76319360250404,0.0
A10027340,전포LH아파트,전포동,부산진구,13.76583885209713,LOW,False,False,False,,,,,,,NANANA,INSUFFICIENT,,,,,,,,,INSUFFICIENT,,False,0,,,,,,,,,,True,,
A10027341,사직KCC스위첸1단지,사직동,동래구,80.76136865342164,LOW,True,True,True,15.0,71.0,122.0,2.6219645873987716,1.0575560943433029,2.5168605839720897,+++,STABLE_POSITIVE,0.8744512925382725,1.5644084930554687,0.4233686994262873,2.5168605839720897,1.0575560943433029,2.6219645873987716,-8.431245815302681,13.675174990100224,MIXED_POSITIVE_COMPARABLE,22.106420805402905,False,500,0.91602908444227,-26.386519116094355,-16.729426887072368,13.836662065078231,18.724878797403722,0.556,0.44399999999999995,30.5660889521506,UNCERTAIN,False,2.621964587398772,0.0
A10027503,정관양우내안愛,정관읍용수리,기장군,63.0385761589404,MEDIUM,True,True,True,17.0,32.0,68.0,18.745085481423615,16.958243830853224,11.763096571180508,+++,STABLE_POSITIVE,3.6269943313220976,6.981988910243107,0.22923535512621046,16.958243830853224,11.763096571180508,18.745085481423615,22.170583041154742,15.31958792169249,STRONG_POSITIVE,6.850995119462253,False,500,16.88800525466332,12.818835713560834,14.976937923651972,18.374740726211183,30.087489665693653,1.0,0.0,3.3978028025592106,VERY_STABLE_POSITIVE,False,18.74508548142361,0.0
A10027581,명지대방노블랜드오션뷰2차,명지동,강서구,43.40231788079471,MEDIUM,True,True,True,16.0,37.0,64.0,-23.05896847528642,-23.0553714348409,-23.981925387082455,---,STABLE_NEGATIVE,0.5339108268469693,0.9265539522415551,0.02285046819184339,-23.05896847528642,-23.981925387082455,-23.0553714348409,-16.27965975451454,-29.838277196058304,STRONG_NEGATIVE,13.558617441543763,False,500,-22.716428395958054,-36.42836479156664,-25.070991153753084,-19.33224522829704,-12.405069719896677,0.0,1.0,5.738745925456044,VERY_STABLE_NEGATIVE,False,-23.05896847528642,0.0
A10027621,명지2차금강펜테리움센트럴파크,명지동,강서구,35.94221854304636,LOW,True,True,True,27.0,41.0,72.0,2.606951822254045,3.431114532060814,3.7881313822939804,+++,STABLE_POSITIVE,0.6057901667302774,1.1811795600399355,0.1849515498166672,3.431114532060814,2.606951822254045,3.7881313822939804,6.956437103946301,-1.742533459438211,MIXED_POSITIVE_RESIDUAL,8.698970563384512,False,500,3.4327060439724137,-3.980417587775968,0.5460578388893456,8.137027258009084,9.328768497646973,0.802,0.19799999999999995,7.590969419119738,STABLE_POSITIVE,False,2.6069518222540458,0.0
A10027656,명지대방노블랜드오션뷰1차,명지동,강서구,43.40231788079471,MEDIUM,True,True,True,19.0,41.0,69.0,-16.57551464841135,-16.761868934086678,-15.591294677677723,---,STABLE_NEGATIVE,0.6289754844649935,1.1705742564089547,0.038564836012151105,-16.57551464841135,-16.761868934086678,-15.591294677677723,-9.367082599978504,-23.783946696844197,STRONG_NEGATIVE,14.416864096865693,False,500,-16.370985798284615,-22.850247869331497,-18.470066226128367,-13.927771442650661,-9.926258070008252,0.0,1.0,4.542294783477706,VERY_STABLE_NEGATIVE,False,-16.57551464841135,0.0
A10027690,명륜2차아이파크1단지,명륜동,동래구,75.1171633554084,HIGH,True,True,True,52.0,139.0,243.0,5.243000961627397,7.159056955886511,11.635112244282563,+++,STABLE_POSITIVE,3.28038179098516,6.392111282655167,0.40941364173543715,7.159056955886511,5.243000961627397,11.635112244282563,3.524276795957148,6.961725127297646,STRONG_POSITIVE,3.4374483313404975,False,500,8.727241997965127,3.304198015533577,6.326872866338315,15.534735814130054,21.58285785227361,1.0,0.0,9.207862947791739,VERY_STABLE_POSITIVE,False,5.243000961627397,0.0
A10027698,명지국제신도시호반베르디움1차,명지동,강서구,53.05883002207506,HIGH,True,True,True,19.0,34.0,63.0,-6.900006102889367,-8.888593747620721,-13.215762610679592,---,STABLE_NEGATIVE,3.2292324024938956,6.315756507790225,0.33400827963188834,-8.888593747620721,-13.215762610679592,-6.900006102889367,-0.3069298138389076,-13.493082391939826,NEUTRAL_OR_ZERO,13.186152578100918,False,500,-8.898414028968226,-22.401996465788294,-11.765029889046025,-5.274589170927855,-1.6693173770494139,0.008,0.992,6.49044071811817,VERY_STABLE_NEGATIVE,False,-6.900006102889367,0.0
A10027790,e편한세상화명힐스,화명동,북구,61.624392935982335,MEDIUM,True,True,True,21.0,41.0,94.0,-20.350809823724305,-16.51985214989026,-10.955843125648357,---,STABLE_NEGATIVE,4.724048976222787,9.394966698075947,0.2963241177513256,-16.51985214989026,-20.350809823724305,-10.955843125648357,-19.329049915952613,-21.372569731495997,STRONG_NEGATIVE,2.043519815543384,False,500,-14.851459078680417,-26.576971878112058,-16.893572501911514,-11.934707742089675,-9.19740761898245,0.0,1.0,4.958864759821839,VERY_STABLE_NEGATIVE,False,-20.350809823724305,0.0
A10027832,백양디이스트(1단지),만덕동,북구,40.07654525386313,LOW,True,True,True,84.0,163.0,288.0,-25.411408108181305,-27.08786372921263,-26.197819177849777,---,STABLE_NEGATIVE,0.8387614999902464,1.676455621031323,0.031974301305283725,-26.197819177849777,-27.08786372921263,-25.411408108181305,16.20959009880663,-67.03240631516924,MIXED_POSITIVE_RESIDUAL,83.24199641397587,True,500,-26.92256798834571,-36.74821957777088,-30.817770506546438,-20.33996781491036,-1.8516581707171418,0.016,0.984,10.477802691636079,VERY_STABLE_NEGATIVE,False,-25.411408108181305,0.0
A10027918,명지1차 금강펜테리움 센트럴파크,명지동,강서구,53.05883002207506,LOW,True,True,True,30.0,57.0,93.0,3.4107967804885124,3.168159999481374,8.924797160762049,+++,STABLE_POSITIVE,3.2558138820626668,5.7566371612806755,0.6300049448364038,3.4107967804885124,3.168159999481374,8.924797160762049,11.192859139572931,-4.3712655785959065,MIXED_POSITIVE_RESIDUAL,15.564124718168838,False,500,3.5438114480534018,-5.7171652223589895,2.2267932201581258,11.510515009466493,13.39009331782226,0.83,0.17000000000000004,9.283721789308368,STABLE_POSITIVE,False,3.410796780488512,0.0
A10027937,더샵파크시티,연산동,연제구,30.970750551876385,MEDIUM,True,True,True,23.0,73.0,157.0,-12.9148963780502,-11.547140823290446,-8.676837182582876,---,STABLE_NEGATIVE,2.1629664811596303,4.238059195467324,0.19580928936520592,-11.547140823290446,-12.9148963780502,-8.676837182582876,-10.579457724816344,-15.250335031284056,STRONG_NEGATIVE,4.6708773064677125,False,500,-11.45319572862012,-18.918687320041407,-14.075013225469519,-7.5945192222381515,-6.183972418067913,0.0,1.0,6.480494003231367,VERY_STABLE_NEGATIVE,False,-12.914896378050202,0.0
A10027953,에일린의 뜰,명지동,강서구,53.05883002207506,LOW,True,True,True,29.0,65.0,106.0,0.049954105893745826,-2.3014024439900638,-2.3899688137633324,+--,MIXED,1.3838319671841322,2.439922919657078,0.894445762085625,-2.3014024439900638,-2.3899688137633324,0.049954105893745826,5.135799007599151,-5.035890795811659,MIXED_POSITIVE_RESIDUAL,10.17168980341081,False,500,-2.0876632280032115,-10.489303326390358,-5.526862902709372,0.892425212301369,3.8880239974864432,0.284,0.716,6.41928811501074,UNCERTAIN,False,0.0499541058937458,0.0
A10027972,안락경동리인,안락동,동래구,62.64050772626931,MEDIUM,True,True,True,21.0,34.0,60.0,-24.14763116190794,-24.590827742198798,-22.211145703812797,---,STABLE_NEGATIVE,1.2655226681765663,2.379682038386001,0.05351077043360886,-24.14763116190794,-24.590827742198798,-22.211145703812797,-9.771016740702354,-38.52424558311352,STRONG_NEGATIVE,28.753228842411165,False,500,-23.553212092539813,-82.21935719101221,-34.29084967391594,-10.45134789768148,-7.417012775027499,0.0,1.0,23.839501776234464,VERY_STABLE_NEGATIVE,False,-24.14763116190794,0.0
A10027989,신화명리버뷰자이,금곡동,북구,21.752097130242827,HIGH,True,True,True,23.0,43.0,62.0,-68.17111945323981,-18.480113014374222,-62.80317276799487,---,STABLE_NEGATIVE,27.27191656401031,49.691006438865585,0.5474294957251455,-62.80317276799487,-68.17111945323981,-18.480113014374222,-14.515981205987284,-121.82625770049236,STRONG_NEGATIVE,107.31027649450508,True,500,-18.354363722680112,-24.26023667815401,-20.195607102560263,-17.506710213334728,-15.951539771679368,0.0,1.0,2.6888968892255356,VERY_STABLE_NEGATIVE,False,-68.17111945323981,0.0
A10028028,부산센텀푸르지오,연산동,연제구,41.013907284768216,MEDIUM,True,True,True,17.0,33.0,55.0,8.010279327192004,8.495457072382045,9.11310918040229,+++,STABLE_POSITIVE,0.5527394286794587,1.1028298532102863,0.06472650302925584,8.495457072382045,8.010279327192004,9.11310918040229,8.9280878183289,7.092470836055108,STRONG_POSITIVE,1.835616982273791,False,500,8.709062203080835,4.956015714199283,7.375705142820763,10.453568704097632,14.272275994419928,1.0,0.0,3.077863561276869,VERY_STABLE_POSITIVE,False,8.010279327192004,0.0
A10028037,해운대힐스테이트위브,중동,해운대구,64.0762693156733,HIGH,True,True,True,35.0,80.0,134.0,28.259825413803668,14.732579319146305,23.7830849706455,+++,STABLE_POSITIVE,6.8912897250641665,13.527246094657363,0.30960265910381385,23.7830849706455,14.732579319146305,28.259825413803668,22.22204516612892,34.297605661478414,STRONG_POSITIVE,12.075560495349496,False,500,14.935380462257953,-5.398250420008139,11.008266708342251,27.13009902741711,31.316617025760603,0.906,0.09399999999999997,16.12183231907486,VERY_STABLE_POSITIVE,False,28.259825413803668,0.0
A10028069,협성·DS엘리시안,지사동,강서구,24.00115894039736,MEDIUM,True,True,True,46.0,82.0,158.0,23.196460863966916,22.099146041750927,26.880784278202306,+++,STABLE_POSITIVE,2.504742270974264,4.7816382364513785,0.10410920648242182,23.196460863966916,22.099146041750927,26.880784278202306,13.038629101325892,33.354292626607936,STRONG_POSITIVE,20.315663525282044,False,500,22.242367749291045,1.593066268961664,12.365797748731659,27.99162051600176,29.296059295567943,0.96,0.040000000000000036,15.625822767270101,VERY_STABLE_POSITIVE,False,23.196460863966912,0.0
A10028081,정관이지더원3차아파트,정관읍,기장군,62.76445916114791,LOW,False,False,False,,,,,,,NANANA,INSUFFICIENT,,,,,,,,,INSUFFICIENT,,False,0,,,,,,,,,,False,,
A10028117,명지오션시티삼정그린코아,명지동,강서구,58.46859823399559,MEDIUM,True,True,True,8.0,24.0,49.0,13.921764613522036,12.61171337012636,17.43095050152878,+++,STABLE_POSITIVE,2.4918422363650308,4.819237131402421,0.17003579863697085,13.921764613522036,12.61171337012636,17.43095050152878,15.87967265845922,11.963856568584852,STRONG_POSITIVE,3.915816089874369,False,500,12.894624520355286,0.942015533958357,11.295660936435194,15.163569008091041,20.477173853509253,0.976,0.02400000000000002,3.8679080716558474,VERY_STABLE_POSITIVE,False,13.921764613522036,0.0
A10028138,동원역삼정그린코아,금곡동,북구,45.7257174392936,LOW,True,True,True,8.0,20.0,38.0,-36.682687441901344,5.697041492340771,-35.72134229827386,-+-,MIXED,24.195206566768768,42.37972893424212,1.0881261709887302,-35.72134229827386,-36.682687441901344,5.697041492340771,3.4334473536097416,-76.79882223741242,MIXED_POSITIVE_RESIDUAL,80.23226959102216,True,500,4.61165185710802,0.29211182546697784,3.286812493088799,6.141057718021452,8.02744297378028,0.954,0.04600000000000004,2.854245224932653,VERY_STABLE_POSITIVE,False,-36.682687441901344,0.0
A10028142,가화만사성정관타운,정관읍방곡리,기장군,58.230187637969095,MEDIUM,True,True,True,11.0,21.0,49.0,11.54457215491686,11.103118284789481,12.57538473959795,+++,STABLE_POSITIVE,0.7555378457476115,1.4722664548084694,0.06435024556216512,11.54457215491686,11.103118284789481,12.57538473959795,7.118600288084764,15.970544021748957,STRONG_POSITIVE,8.851943733664193,False,500,11.145208561044395,8.319814983991726,10.114388841109907,12.449875166919494,19.59463627704694,1.0,0.0,2.335486325809587,VERY_STABLE_POSITIVE,False,11.54457215491686,0.0
A10028145,대연롯데캐슬,대연동,남구,76.50546357615895,HIGH,True,True,True,20.0,49.0,76.0,-16.996164380797005,-26.424932858721647,-7.6296507848096695,---,STABLE_NEGATIVE,9.397658220642327,18.795282073911977,0.5522538993648354,-16.996164380797005,-26.424932858721647,-7.6296507848096695,-32.946314687306355,-1.0460140742876582,STRONG_NEGATIVE,31.900300613018697,False,500,-25.314519801967215,-86.4418214833563,-28.663403352029505,-13.411759721785781,-3.8998587420880075,0.038,0.962,15.251643630243723,VERY_STABLE_NEGATIVE,False,-16.996164380797005,0.0
A10028147,서면동일파크스위트1차,부암동,부산진구,57.03956953642385,MEDIUM,True,True,True,21.0,36.0,65.0,2.5024630593590835,-11.002440961337856,4.04970784154643,+-+,MIXED,8.279931386676394,15.052148802884286,5.581637478786176,2.5024630593590835,-11.002440961337856,4.04970784154643,3.569076792441006,1.435849326277161,STRONG_POSITIVE,2.133227466163845,False,500,-11.582162672596688,-27.744674224789915,-14.085650864211864,3.5577746093745715,9.03615824279992,0.368,0.632,17.643425473586436,UNCERTAIN,False,2.5024630593590835,0.0
A10028182,대신롯데캐슬,서대신동3가,서구,66.23658940397351,MEDIUM,True,True,True,7.0,18.0,44.0,20.06700248657759,17.106406765354528,18.419971174646815,+++,STABLE_POSITIVE,1.483424564106317,2.9605957212230614,0.08005042431618885,18.419971174646815,17.106406765354528,20.06700248657759,4.943516394726077,35.190488578429104,STRONG_POSITIVE,30.246972183703026,False,500,16.931351604966693,8.246915866293996,15.035588291536456,18.90177615535126,22.056214564835937,0.998,0.0020000000000000018,3.8661878638148046,VERY_STABLE_POSITIVE,False,20.06700248657759,0.0
A10028191,감전엘에이치,감전동,사상구,71.6083885209713,LOW,False,False,False,,,,,,,NANANA,INSUFFICIENT,,,,,,,,,INSUFFICIENT,,False,0,,,,,,,,,,False,,
A60106001,한성기린,범일동,동구,63.84878587196467,LOW,True,True,True,7.0,16.0,33.0,26.44650620330039,24.95529462599151,41.33392116853487,+++,STABLE_POSITIVE,9.056473225778836,16.378626542543362,0.2929768496111263,26.44650620330039,24.95529462599151,41.33392116853487,26.44650620330039,,INSUFFICIENT,,False,500,26.123027815884637,23.746578337273807,24.879105224987562,28.151471474322864,31.914943078598967,1.0,0.0,3.2723662493353025,VERY_STABLE_POSITIVE,False,26.44650620330039,0.0
A60106002,두산위브포세이돈2,범일동,동구,63.84878587196467,LOW,True,True,True,4.0,23.0,43.0,-3.128279827833925,-1.1237860373440434,16.225533435506385,--+,MIXED,10.64257933459888,19.35381326334031,2.6665406505060507,-1.1237860373440434,-3.128279827833925,16.225533435506385,-3.128279827833925,,INSUFFICIENT,,False,500,-0.7693811909895043,-10.429073046672844,-1.8467986994290086,2.1306965747924345,3.5916974515720845,0.486,0.514,3.977495274221443,UNCERTAIN,False,-3.128279827833925,0.0
A60270501,부민e편한세상,부민동3가,서구,62.26407284768212,LOW,True,True,True,9.0,24.0,51.0,14.814447023670741,16.394201868352653,16.202436754718796,+++,STABLE_POSITIVE,0.8620629058251132,1.5797548446819114,0.054548185982175396,16.202436754718796,14.814447023670741,16.394201868352653,14.81444702367074,,INSUFFICIENT,,False,500,16.202436754718796,-6.63096122278375,14.927668233901038,16.66155054700732,18.327839953821446,0.926,0.07399999999999995,1.7338823131062817,VERY_STABLE_POSITIVE,False,14.81444702367074,0.0
A60275104,남성한빛가든,서대신동3가,서구,57.267218543046354,LOW,True,True,True,6.0,10.0,20.0,15.924119504301215,23.696396300850385,28.116600094801303,+++,STABLE_POSITIVE,6.172561207094346,12.192480590500088,0.2733757316835498,23.696396300850385,15.924119504301215,28.116600094801303,15.924119504301212,,INSUFFICIENT,,False,500,21.23013847958015,15.618005634753263,16.51552643353298,23.696396300850385,29.276404254471753,1.0,0.0,7.180869867317405,VERY_STABLE_POSITIVE,False,15.924119504301212,0.0
A60275201,남부민풀리페,남부민동,서구,32.5098233995585,LOW,False,False,False,,,,,,,NANANA,INSUFFICIENT,,,,,,,,,INSUFFICIENT,,False,0,,,,,,,,,,False,,
A60402003,하단동에스케이뷰,하단동,사하구,32.74519867549669,LOW,True,True,True,27.0,78.0,129.0,-27.69758132528783,-27.609203246106492,-28.216924809131786,---,STABLE_NEGATIVE,0.32834276735774864,0.6077215630252937,0.01179339746018164,-27.69758132528783,-28.216924809131786,-27.609203246106492,2.624447534963969,-58.01961018553963,MIXED_POSITIVE_RESIDUAL,60.644057720503596,True,500,-29.32435569048281,-40.36485842185999,-35.212993632351,-26.937650529688057,-24.947155827341962,0.0,1.0,8.275343102662944,VERY_STABLE_NEGATIVE,False,-27.697581325287832,0.0
A60403002,신평럭키무지개타운,신평동,사하구,45.64525386313466,MEDIUM,True,True,True,2.0,10.0,22.0,23.180716173099324,16.041036884874423,17.15763110618292,+++,STABLE_POSITIVE,3.8405589158584403,7.139679288224901,0.2043597481311308,17.15763110618292,16.041036884874423,23.180716173099324,5.251381463305582,27.251772549382224,STRONG_POSITIVE,22.000391086076643,False,500,16.481220803036187,2.065116288611447,7.365728386309773,19.49507849370203,27.641548218618652,0.958,0.04200000000000004,12.12935010739226,VERY_STABLE_POSITIVE,False,16.2515770063439,0.0
A60405001,다대동롯데캐슬몰운대,다대동,사하구,39.043377483443706,LOW,True,True,True,56.0,127.0,257.0,8.562434941252807,9.507947268267657,9.128702400719263,+++,STABLE_POSITIVE,0.47582893735554255,0.9455123270148498,0.05248289905790496,9.128702400719263,8.562434941252807,9.507947268267657,23.3438954783216,-6.219025595815986,MIXED_POSITIVE_RESIDUAL,29.562921074137584,False,500,9.525880650840453,-7.66006426508088,5.3100725625444305,12.89281312033154,16.516026257120277,0.862,0.138,7.58274055778711,STABLE_POSITIVE,False,8.562434941252805,0.0
A60405002,다대롯데캐슬블루,다대동,사하구,40.872958057395145,HIGH,True,True,True,32.0,54.0,99.0,-47.78281647780226,-49.27842153610841,-45.11506492214487,---,STABLE_NEGATIVE,2.1089994131569183,4.163356613963543,0.04450107443232893,-47.78281647780226,-49.27842153610841,-45.11506492214487,-19.382960811847404,-76.18267214375709,STRONG_NEGATIVE,56.799711331909684,False,500,-47.75294815530182,-73.41253793146468,-53.94036581431281,-42.24498294965197,-35.571826556476,0.0,1.0,11.695382864660843,VERY_STABLE_NEGATIVE,False,-47.78281647780225,0.0
A60471810,당리푸르지오,당리동,사하구,68.6908940397351,LOW,True,True,True,7.0,19.0,31.0,-15.676909112258919,-16.8794818513739,-13.856925825810096,---,STABLE_NEGATIVE,1.5217514735487976,3.0225560255638033,0.09836087434468369,-15.676909112258919,-16.8794818513739,-13.856925825810096,1.79435750957151,-33.14817573408935,MIXED_POSITIVE_RESIDUAL,34.94253324366086,False,500,-17.08596182270756,-44.281347991906266,-24.578120872382655,-9.484140953882712,11.166761541022852,0.084,0.916,15.093979918499944,VERY_STABLE_NEGATIVE,False,-15.67690911225892,0.0
A60472901,다대푸르지오,다대동,사하구,36.21616997792494,HIGH,True,True,True,10.0,21.0,41.0,-28.718582027827487,-28.882103611705546,-30.64255972827553,---,STABLE_NEGATIVE,1.066742333663882,1.9239777004480416,0.03626597126672655,-28.882103611705546,-30.64255972827553,-28.718582027827487,-8.618855182689423,-48.81830887296555,STRONG_NEGATIVE,40.19945369027613,False,500,-30.201089868100276,-51.8117402972185,-37.17342217873066,-25.549660443432963,-19.82922544048536,0.0,1.0,11.623761735297698,VERY_STABLE_NEGATIVE,False,-28.718582027827487,0.0
A60474002,동원로얄듀크,장림동,사하구,77.03780353200882,LOW,True,True,True,46.0,86.0,155.0,26.92892007375822,15.569880829852844,24.129686421337297,+++,STABLE_POSITIVE,5.917963520072266,11.359039243905377,0.2664609579627817,24.129686421337297,15.569880829852844,26.92892007375822,26.92892007375822,,INSUFFICIENT,,False,500,16.208360795959834,11.817012963046336,14.265070596499436,26.495110381601297,31.093843646801524,1.0,0.0,12.23003978510186,VERY_STABLE_POSITIVE,False,26.92892007375822,0.0
A60474307,다대해송,다대동,사하구,24.5848233995585,HIGH,True,True,True,6.0,19.0,33.0,-16.33544522841096,-15.634759926935283,-16.342652699086262,---,STABLE_NEGATIVE,0.4066374339632287,0.7078927721509789,0.025250261650124346,-16.33544522841096,-16.342652699086262,-15.634759926935283,-31.00828906195402,-1.6626013948679024,STRONG_NEGATIVE,29.345687667086118,False,500,-17.00956013991423,-33.01241449549509,-21.379589099476828,-13.986369367684095,-9.751098245586912,0.0,1.0,7.393219731792733,VERY_STABLE_NEGATIVE,False,-16.33544522841096,0.0
A60474516,신세대지큐빌,장림동,사하구,35.53813465783665,LOW,True,True,True,19.0,36.0,86.0,-2.278619107398427,-2.1258673786675013,1.4126933456639952,--+,MIXED,2.088481614177528,3.691312453062422,,-2.1258673786675013,-2.278619107398427,1.4126933456639952,5.793608614911673,-10.350846829708528,MIXED_POSITIVE_RESIDUAL,16.1444554446202,False,500,-2.1754060600688767,-17.732265069788127,-10.515794700458844,3.580295595345238,8.398985474070496,0.414,0.5860000000000001,14.096090295804082,UNCERTAIN,False,-2.278619107398427,0.0
A60474905,한신혜성,하단동,사하구,33.8287527593819,LOW,True,True,True,6.0,16.0,35.0,14.079255991337158,5.751982849775356,6.777113605332209,+++,STABLE_POSITIVE,4.540845267598959,8.327273141561802,0.5119646483266967,6.777113605332209,5.751982849775356,14.079255991337158,31.50847308241075,-8.041246095389209,MIXED_POSITIVE_RESIDUAL,39.54971917779996,False,500,5.930251140138496,-0.3259093812962262,3.362534508573084,16.510637426752737,22.870885620965414,0.94,0.06000000000000005,13.148102918179653,VERY_STABLE_POSITIVE,False,11.73361349351077,0.0
A60475305,신다대,다대동,사하구,24.5848233995585,HIGH,True,True,True,17.0,23.0,35.0,27.81073885361189,24.693840090829067,13.288605144405148,+++,STABLE_POSITIVE,7.645116192147826,14.522133709206743,0.3485976380998971,24.693840090829067,13.288605144405148,27.81073885361189,16.41814843763467,39.20332926958911,STRONG_POSITIVE,22.78518083195444,False,500,22.423111228208708,11.840285811358985,16.93687446229923,25.991143198327684,29.24044787411441,1.0,0.0,9.054268736028455,VERY_STABLE_POSITIVE,False,27.81073885361189,0.0
A60475309,3지구도개공아파트,다대동,사하구,24.5848233995585,LOW,False,False,False,,,,,,,NANANA,INSUFFICIENT,,,,,,,,,INSUFFICIENT,,False,0,,,,,,,,,,True,,
A60475408,국제그린,다대동,사하구,24.5848233995585,MEDIUM,True,True,True,24.0,45.0,85.0,21.033478353713008,20.344781539108183,20.28997112178748,+++,STABLE_POSITIVE,0.4143489849992116,0.7435072319255269,0.02015700685014246,20.344781539108183,20.28997112178748,21.033478353713008,25.774878183439117,16.292078523986895,STRONG_POSITIVE,9.482799659452223,False,500,19.797591068826094,1.6625063784804632,7.329362009460005,20.49037282343545,22.00051104138646,0.986,0.014000000000000012,13.161010813975444,VERY_STABLE_POSITIVE,False,21.033478353713008,0.0
A60475411,도개공다대4지구영구임대아파트,다대동,사하구,40.872958057395145,LOW,False,False,False,,,,,,,NANANA,INSUFFICIENT,,,,,,,,,INSUFFICIENT,,False,0,,,,,,,,,,False,,
A60475412,다송,다대동,사하구,24.5848233995585,HIGH,True,True,True,15.0,23.0,41.0,35.34219583986583,35.98371348440037,36.91906936449288,+++,STABLE_POSITIVE,0.7929865092739071,1.5768735246270467,0.021977550890947415,35.98371348440037,35.34219583986583,36.91906936449288,29.655097397158464,41.0292942825732,STRONG_POSITIVE,11.374196885414733,False,500,35.8889046818208,31.139233042169092,33.81840886690146,37.540301490382035,39.611632278525974,1.0,0.0,3.721892623480578,VERY_STABLE_POSITIVE,False,35.34219583986583,0.0
A60475507,대우,다대동,사하구,35.72958057395144,HIGH,True,True,True,2.0,5.0,15.0,-28.098309557000434,-28.98136255074595,-47.02182989698574,---,STABLE_NEGATIVE,10.679714936257623,18.92352033998531,0.30776832410464616,-28.98136255074595,-47.02182989698574,-28.098309557000434,-26.88774796844473,-30.65785531177292,STRONG_NEGATIVE,3.7701073433281884,False,500,-32.90391108405952,-60.50651356118788,-41.08891691604951,-27.946796124470897,-21.314641983876662,0.0,1.0,13.142120791578616,VERY_STABLE_NEGATIVE,False,-28.772801640108828,0.0
A60475509,다대푸른,다대동,사하구,35.72958057395144,HIGH,True,True,True,15.0,30.0,72.0,11.531023049053411,13.614259490826917,-8.22693792350055,++-,MIXED,12.053732481109488,21.841197414327468,2.13739572418441,11.531023049053411,-8.22693792350055,13.614259490826917,3.88040222036442,19.181643877742403,STRONG_POSITIVE,15.301241657377982,False,500,13.243258255825793,3.1568588148605166,10.364528149948141,15.372374907763382,19.44701551605393,0.966,0.03400000000000003,5.007846757815241,VERY_STABLE_POSITIVE,False,11.531023049053411,0.0
A60475612,다대포현대,다대동,사하구,40.872958057395145,LOW,True,True,True,20.0,46.0,108.0,6.593346043943826,2.283393674648637,0.37850672171206856,+++,STABLE_POSITIVE,3.184036000901457,6.214839322231757,1.0320749495234478,2.283393674648637,0.37850672171206856,6.593346043943826,-0.6473667598991373,13.834058847786787,MIXED_POSITIVE_COMPARABLE,14.481425607685924,False,500,1.488115570132197,-16.731880058499996,-2.539349719195131,4.374791746268649,8.401978309228939,0.62,0.38,6.91414146546378,UNCERTAIN,False,6.593346043943825,0.0
A60475710,삼환,다대동,사하구,40.872958057395145,HIGH,True,True,True,26.0,44.0,97.0,-10.75674647480569,-12.902739415226915,-11.517572793541685,---,STABLE_NEGATIVE,1.0880279528769756,2.145992940421225,0.09279013029463634,-11.517572793541685,-12.902739415226915,-10.75674647480569,-5.965344323825672,-15.548148625785709,STRONG_NEGATIVE,9.582804301960037,False,500,-11.684972409333039,-29.510487768337608,-15.831791723202503,-7.141965511967635,-1.5125091670779605,0.028,0.972,8.689826211234868,VERY_STABLE_NEGATIVE,False,-10.75674647480569,0.0
A60475903,신익강변타운,신평동,사하구,41.98118101545254,LOW,True,True,True,6.0,22.0,37.0,8.63679415608878,2.2802939547770418,9.480866948298733,+++,STABLE_POSITIVE,3.9362800781715044,7.200572993521691,0.5789227498669748,8.63679415608878,2.2802939547770418,9.480866948298733,-1.938650972721956,19.212239284899518,MIXED_POSITIVE_COMPARABLE,21.150890257621473,False,500,-0.3975741943193061,-20.044201142691755,-8.718890495230378,7.478129191224234,14.780706675699626,0.488,0.512,16.19701968645461,UNCERTAIN,False,8.636794156088778,0.0
A60476101,가락타운1,하단동,사하구,38.00830573951434,HIGH,True,True,True,21.0,45.0,76.0,-17.305205754092846,-19.870841266670684,-22.486467424198022,---,STABLE_NEGATIVE,2.5906710286925936,5.181261670105176,0.13026626782965095,-19.870841266670684,-22.486467424198022,-17.305205754092846,-3.253373693912076,-31.35703781427361,STRONG_NEGATIVE,28.103664120361536,False,500,-19.541717822337112,-24.537820627968102,-20.32858326930804,-15.982808124617378,-11.135217324215494,0.002,0.998,4.345775144690663,VERY_STABLE_NEGATIVE,False,-17.305205754092846,0.0
A60476206,가락타운2,하단동,사하구,39.19249448123621,LOW,True,True,True,48.0,97.0,166.0,3.2538930139456523,13.079106092361314,12.307768736090583,+++,STABLE_POSITIVE,5.463552552224214,9.825213078415661,0.5722841561673914,12.307768736090583,3.2538930139456523,13.079106092361314,12.538933678829778,-6.031147650938474,MIXED_POSITIVE_RESIDUAL,18.57008132976825,False,500,13.2437821169876,10.842766478826814,12.557838921780984,13.884052953830484,15.645477828260764,1.0,0.0,1.3262140320494993,VERY_STABLE_POSITIVE,False,3.2538930139456523,0.0
A60476511,자유,다대동,사하구,35.72958057395144,HIGH,True,True,True,7.0,13.0,27.0,-16.719586583131097,-18.67313331421233,-22.69245374726071,---,STABLE_NEGATIVE,3.045390608071378,5.972867164129614,0.1572892228938502,-18.67313331421233,-22.69245374726071,-16.719586583131097,-20.248619060488192,-13.190554105773998,STRONG_NEGATIVE,7.058064954714194,False,500,-17.829376996185484,-35.7377548507684,-22.48515404861325,-12.903534951730904,-6.339418742616201,0.008,0.992,9.581619096882346,VERY_STABLE_NEGATIVE,False,-16.719586583131097,0.0
A60476604,다대코오롱맨션,다대동,사하구,40.872958057395145,HIGH,True,True,True,2.0,8.0,14.0,-43.31718136796837,-41.555733102942604,-95.52556047465751,---,STABLE_NEGATIVE,30.66365877133942,53.969827371714906,0.5099321174515176,-43.31718136796837,-95.52556047465751,-41.555733102942604,-60.2642008021845,-22.45063747726333,STRONG_NEGATIVE,37.81356332492116,False,500,-43.527350275198415,-62.04251453592561,-49.08741845707871,-37.98728043608997,-30.98321843689492,0.0,1.0,11.100138020988744,VERY_STABLE_NEGATIVE,False,-41.35741913972392,0.0
A60476805,현대,신평동,사하구,,LOW,True,True,True,17.0,33.0,67.0,,,,NANANA,INSUFFICIENT,,,,,,,,,INSUFFICIENT,,False,0,,,,,,,,,,False,,
A60477315,장림현대(372-4),장림동,사하구,29.150275938189846,LOW,True,True,True,1.0,3.0,13.0,-23.825794075433173,-9.879779324755429,-23.16670545574241,---,STABLE_NEGATIVE,7.8683769106153845,13.946014750677744,0.4150551236331276,-23.16670545574241,-23.825794075433173,-9.879779324755429,-23.576362892610504,3.057764813739505,MIXED_POSITIVE_COMPARABLE,26.634127706350007,False,500,-9.879779324755429,-24.474550133648563,-11.764350462177969,0.40728374779699195,7.576193622464029,0.252,0.748,12.171634209974961,UNCERTAIN,False,-10.2592990394355,0.0
A60480608,부영벽산파라빌,감천동,사하구,35.70402869757175,HIGH,True,True,True,7.0,20.0,44.0,9.902518784191544,12.033395436166588,6.834060234556794,+++,STABLE_POSITIVE,2.613718925065003,5.199335201609794,0.2725465324094322,9.902518784191544,6.834060234556794,12.033395436166588,7.979846033838079,11.82519153454501,STRONG_POSITIVE,3.84534550070693,False,500,11.344491646948962,-1.5939647618259154,7.408882313308126,15.982643115704995,20.857723963603465,0.94,0.06000000000000005,8.573760802396869,VERY_STABLE_POSITIVE,False,9.902518784191544,0.0
A60481703,구평1차자유,구평동,사하구,36.72902869757174,MEDIUM,True,True,True,9.0,16.0,24.0,20.159652140515067,22.81977712050221,19.893631504010976,+++,STABLE_POSITIVE,1.618093531346303,2.926145616491233,0.07720763924919329,20.159652140515067,19.893631504010976,22.81977712050221,26.679193342136656,10.896725972187284,STRONG_POSITIVE,15.782467369949373,False,500,24.22724721941068,15.533865361453307,19.337377229670317,27.629794440591724,30.200547805701916,1.0,0.0,8.292417210921407,VERY_STABLE_POSITIVE,False,18.78795965716197,0.0
A60482013,몰운대,다대동,사하구,36.75921633554084,HIGH,True,True,True,48.0,109.0,234.0,19.428633938639692,21.350608151809798,20.998799254102217,+++,STABLE_POSITIVE,1.0233257459934741,1.921974213170106,0.04969366414286892,20.998799254102217,19.428633938639692,21.350608151809798,18.21340984918572,20.643858028093668,STRONG_POSITIVE,2.430448178907948,False,500,21.13310047447387,11.056163536651713,18.382895751112358,23.11285653107121,25.988567258501547,0.994,0.006000000000000005,4.7299607799588514,VERY_STABLE_POSITIVE,False,19.42863393863969,0.0
A60482708,성원,다대동,사하구,35.72958057395144,HIGH,True,True,True,8.0,10.0,20.0,-44.46558337717899,-41.99795408810874,-45.49629141088519,---,STABLE_NEGATIVE,1.7976798650369008,3.4983373227764503,0.04086879803528213,-44.46558337717899,-45.49629141088519,-41.99795408810874,-42.442576529575135,-46.48859022478283,STRONG_NEGATIVE,4.046013695207698,False,500,-42.56028025085401,-75.38576820432836,-53.007492734191544,-36.160091374339935,-29.6994548054296,0.0,1.0,16.84740135985161,VERY_STABLE_NEGATIVE,False,-44.46558337717899,0.0
A60482712,5지구몰운대영구임대아파트,다대동,사하구,35.72958057395144,LOW,False,False,False,,,,,,,NANANA,INSUFFICIENT,,,,,,,,,INSUFFICIENT,,False,0,,,,,,,,,,False,,
A60483404,한신,신평동,사하구,41.98118101545254,MEDIUM,True,True,True,11.0,30.0,48.0,23.418503619975173,24.189040159490148,24.422287316886163,+++,STABLE_POSITIVE,0.5253114164228884,1.0037836969109897,0.021878910796841934,24.189040159490148,23.418503619975173,24.422287316886163,15.771243009421845,31.065764230528504,STRONG_POSITIVE,15.29452122110666,False,500,23.99628689551103,11.658863609188593,16.348170644413525,27.76464127488918,35.09403528386067,1.0,0.0,11.416470630475654,VERY_STABLE_POSITIVE,False,23.418503619975173,0.0
A60484514,협성르네상스,장림동,사하구,29.150275938189846,MEDIUM,True,True,True,13.0,21.0,40.0,-37.05721128893901,-29.710950972909288,-29.88931689371085,---,STABLE_NEGATIVE,4.190824602504057,7.346260316029721,0.13007243637378765,-29.88931689371085,-37.05721128893901,-29.710950972909288,-28.458763581268588,-45.65565899660943,STRONG_NEGATIVE,17.196895415340844,False,500,-29.49482710593184,-43.29939351936324,-36.10428796255876,-22.483429212989364,-10.429374889430571,0.004,0.996,13.620858749569393,VERY_STABLE_NEGATIVE,False,-37.05721128893901,0.0
A60607003,신영도롯데낙천대,청학동,영도구,38.849889624724064,LOW,True,True,True,7.0,10.0,29.0,35.908175590319765,33.78146311579738,29.154451744862197,+++,STABLE_POSITIVE,3.4531368820430206,6.753723845457568,0.1048055639832783,33.78146311579738,29.154451744862197,35.908175590319765,35.908175590319765,,INSUFFICIENT,,False,500,27.474098037139363,15.427583845110114,24.63859198949978,33.23136320610431,35.29602226036509,1.0,0.0,8.592771216604532,VERY_STABLE_POSITIVE,False,35.908175590319765,0.0
A60607004,영도신도브래뉴,청학동,영도구,38.334768211920526,LOW,True,True,True,13.0,19.0,38.0,6.277252318884502,6.064849977871479,-3.6902964004440153,++-,MIXED,5.694442072304907,9.967548719328517,1.9745387751009174,6.064849977871479,-3.6902964004440153,6.277252318884502,-1.0496953147391077,13.604199952508113,MIXED_POSITIVE_COMPARABLE,14.65389526724722,False,500,2.8574398461874897,-46.79075713184316,-26.67572913240031,8.974611292116585,15.25681190709801,0.556,0.44399999999999995,35.6503404245169,UNCERTAIN,False,6.277252318884502,0.0
A60608002,조양비취맨션,동삼동,영도구,64.44094922737307,MEDIUM,True,True,True,2.0,6.0,12.0,28.598878798869144,30.18053880046341,30.645182995661933,+++,STABLE_POSITIVE,1.0727615030523356,2.0463041967927893,0.03598880495684483,30.18053880046341,28.598878798869144,30.645182995661933,23.238248063279787,33.724325090750355,STRONG_POSITIVE,10.486077027470568,False,500,33.81836626094115,21.557737755997763,27.888577640092493,42.33806265948354,50.36092449970701,1.0,0.0,14.449485019391048,VERY_STABLE_POSITIVE,False,28.48128657701507,0.0
A60608303,동삼그린힐,동삼동,영도구,59.38355408388521,MEDIUM,True,True,True,24.0,55.0,90.0,39.128643595864354,39.19509369037001,36.42741344943557,+++,STABLE_POSITIVE,1.579088019242668,2.767680240934439,0.041282932914897943,39.128643595864354,36.42741344943557,39.19509369037001,44.85903445922565,33.39825273250305,STRONG_POSITIVE,11.460781726722594,False,500,40.162264879602446,28.924720799948286,33.85334234649001,50.6813201280011,57.06013904983455,1.0,0.0,16.827977781511088,VERY_STABLE_POSITIVE,False,39.128643595864354,0.0
A60670101,도시공사동삼2지구영구임대아파트,동삼동,영도구,,LOW,False,False,False,,,,,,,NANANA,INSUFFICIENT,,,,,,,,,INSUFFICIENT,,False,0,,,,,,,,,,False,,
A60675110,함지그린,동삼동,영도구,26.710706401766004,MEDIUM,True,True,True,18.0,35.0,67.0,-18.596900355300995,-28.479722502935886,-30.61793032429051,---,STABLE_NEGATIVE,6.4128421650678,12.021029968989513,0.24761744172730402,-28.479722502935886,-30.61793032429051,-18.596900355300995,-0.7143455976168944,-36.4794551129851,STRONG_NEGATIVE,35.76510951536821,False,500,-28.25387345492673,-42.14693178469348,-32.873101061455245,-2.7454227815639074,11.324738881257352,0.17,0.83,30.127678279891338,STABLE_NEGATIVE,False,-18.596900355300995,0.0
A60675801,미광마린타워,봉래동2가,영도구,42.63222958057395,LOW,True,True,True,5.0,9.0,27.0,-11.214755878092443,-0.11448618673924882,-3.6160470786345877,---,STABLE_NEGATIVE,5.674758310850243,11.100269691353194,1.1391064280608671,-3.6160470786345877,-11.214755878092443,-0.11448618673924882,-11.214755878092443,,INSUFFICIENT,,False,500,-0.11448618673924882,-13.422438910380798,-7.322960578711757,1.8848220540275409,4.687617795651922,0.454,0.546,9.207782632739297,UNCERTAIN,False,-11.214755878092443,0.0
A60676104,부산동삼1,동삼동,영도구,59.38355408388521,LOW,False,False,False,,,,,,,NANANA,INSUFFICIENT,,,,,,,,,INSUFFICIENT,,False,0,,,,,,,,,,False,,
A60676205,부산동삼2주공,동삼동,영도구,59.38355408388521,LOW,False,False,False,,,,,,,NANANA,INSUFFICIENT,,,,,,,,,INSUFFICIENT,,False,0,,,,,,,,,,False,,
A60680909,국제마마뉴비치타운,동삼동,영도구,64.44094922737307,MEDIUM,True,True,True,9.0,14.0,25.0,23.10229517993418,26.3344445199168,25.762945788451514,+++,STABLE_POSITIVE,1.7249377677962843,3.2321493399826196,0.06881429449852963,25.762945788451514,23.10229517993418,26.3344445199168,28.561879007158453,17.642711352709906,STRONG_POSITIVE,10.919167654448547,False,500,28.666308726888168,8.06763097738246,19.307327412502158,39.44587165389857,48.848652663324614,1.0,0.0,20.138544241396414,VERY_STABLE_POSITIVE,False,23.102295179934178,0.0
A60680912,절영아파트(215동-217동),동삼동,영도구,,LOW,True,True,True,17.0,37.0,61.0,,,,NANANA,INSUFFICIENT,,,,,,,,,INSUFFICIENT,,False,0,,,,,,,,,,False,,
A60681702,반도보라,영선동4가,영도구,52.83443708609272,LOW,True,True,True,6.0,19.0,41.0,5.413427063450149,-2.178402186664341,-2.561178680784182,+--,MIXED,4.49771656849932,7.9746057442343306,,-2.178402186664341,-2.561178680784182,5.413427063450149,5.413427063450149,,INSUFFICIENT,,False,500,5.18165224717081,-2.567945589793676,2.4766993885714044,10.30173052902671,12.564278146359909,0.796,0.20399999999999996,7.825031140455305,STABLE_POSITIVE,False,5.413427063450149,0.0
A60701003,동래센트럴파크하이츠2차,명륜동,동래구,78.46087196467991,LOW,True,True,True,5.0,29.0,44.0,0.7660138453179242,9.18149694443429,7.255544181233741,+++,STABLE_POSITIVE,4.409150595038397,8.415483099116365,0.7689013263879076,7.255544181233741,0.7660138453179242,9.18149694443429,-1.6316147547637456,3.163642445399594,MIXED_POSITIVE_COMPARABLE,4.79525720016334,False,500,9.200607171389047,1.5640171774146274,6.4409357303603905,15.102976080402934,24.06291786251537,0.972,0.028000000000000025,8.662040350042544,VERY_STABLE_POSITIVE,False,0.766013845317925,0.0
A60701004,명륜아이파크1단지,명륜동,동래구,78.46087196467991,HIGH,True,True,True,25.0,59.0,95.0,-22.53964421996396,-19.2206396760378,-16.048137654619985,---,STABLE_NEGATIVE,3.2460287975310838,6.491506565343975,0.1684544592532386,-19.2206396760378,-22.53964421996396,-16.048137654619985,-20.307126971142072,-24.77216146878585,STRONG_NEGATIVE,4.465034497643778,False,500,-18.629424806392926,-25.37564317077595,-21.95850915900094,-15.264015919910769,-8.880474668741185,0.006,0.994,6.694493239090171,VERY_STABLE_NEGATIVE,False,-22.539644219963964,0.0
A60702002,우성베스토피아,복천동,동래구,26.39878587196468,MEDIUM,True,True,True,8.0,20.0,32.0,8.503178685770807,-0.5123665903818844,-8.248766092359572,+--,MIXED,8.384107860809138,16.75194477813038,,-0.5123665903818844,-8.248766092359572,8.503178685770807,5.268497643607274,11.73785972793434,STRONG_POSITIVE,6.4693620843270665,False,500,0.17626913607186978,-25.665652475849573,-6.559296661307621,5.133527989684884,16.26247280742657,0.506,0.494,11.692824650992506,UNCERTAIN,False,8.503178685770807,0.0
A60710004,안락뜨란채2단지,안락동,동래구,63.739624724061805,MEDIUM,True,True,True,34.0,68.0,117.0,-9.938411045618087,-12.155323251533245,-12.152080403296615,---,STABLE_NEGATIVE,1.2789997569666933,2.2169122059151576,0.11204286726605135,-12.152080403296615,-12.155323251533245,-9.938411045618087,-2.7303830211080617,-17.146439070128114,STRONG_NEGATIVE,14.416056049020053,False,500,-12.17160199909158,-61.22660041015064,-20.792238040017885,1.3875856236844477,6.802336265355109,0.298,0.702,22.179823663702333,UNCERTAIN,False,-9.93841104561809,0.0
A60712001,사직2차삼정그린코아,사직동,동래구,80.76136865342164,MEDIUM,True,True,True,12.0,29.0,46.0,48.09262801538761,47.73337877558322,51.4815538133757,+++,STABLE_POSITIVE,2.0681188793401875,3.7481750377924783,0.042118385591116046,48.09262801538761,47.73337877558322,51.4815538133757,31.909873821869937,64.27538220890528,STRONG_POSITIVE,32.36550838703535,False,500,45.79782957171727,29.26754036483073,41.23725417832625,50.90120447412116,55.25586792784744,1.0,0.0,9.663950295794905,VERY_STABLE_POSITIVE,False,48.0926280153876,0.0
A60712204,한신,사직동,동래구,80.76136865342164,MEDIUM,True,True,True,11.0,27.0,35.0,64.6869600617488,64.07754975058394,62.21065473101409,+++,STABLE_POSITIVE,1.290269095478017,2.476305330734718,0.020268642237799825,64.07754975058394,62.21065473101409,64.6869600617488,52.03688189086573,77.33703823263187,STRONG_POSITIVE,25.30015634176614,False,500,62.434715466267136,52.108385859318204,58.789012226774716,65.85491869980144,68.79358054512284,1.0,0.0,7.065906473026729,VERY_STABLE_POSITIVE,False,64.68696006174879,0.0
A60775306,동래럭키,온천동,동래구,68.33162251655628,MEDIUM,True,True,True,14.0,36.0,69.0,-74.20847702487092,-96.59939261085717,-71.96983101923617,---,STABLE_NEGATIVE,13.619715739280064,24.629561591621,0.16829860035584251,-74.20847702487092,-96.59939261085717,-71.96983101923617,-133.7850808384386,-14.631873211303237,STRONG_NEGATIVE,119.15320762713537,True,500,-89.67409430935342,-107.92385797505207,-99.52193256414989,-75.04912151563184,-53.12905667968294,0.0,1.0,24.472811048518054,VERY_STABLE_NEGATIVE,True,-74.20847702487093,0.0
A60775407,동원로얄듀크,낙민동,동래구,61.6733995584989,LOW,True,True,True,7.0,15.0,31.0,-1.4324523180768267,-0.3253857958856079,1.918752635380201,--+,MIXED,1.7074507422526934,3.3512049534570276,,-0.3253857958856079,-1.4324523180768267,1.918752635380201,-8.113338225407318,5.248433589253665,MIXED_POSITIVE_COMPARABLE,13.361771814660983,False,500,0.9483062862864156,-17.761715387495347,-8.908424188738284,6.123023000280283,14.151356425268883,0.568,0.43200000000000005,15.031447189018568,UNCERTAIN,False,-1.4324523180768276,0.0
A60775605,동래우성,낙민동,동래구,61.6733995584989,MEDIUM,True,True,True,9.0,22.0,40.0,15.742035259546544,18.839664110448915,18.103994193602908,+++,STABLE_POSITIVE,1.6184027481163659,3.097628850902371,0.0921542057425559,18.103994193602908,15.742035259546544,18.839664110448915,7.843367264357259,23.64070325473583,STRONG_POSITIVE,15.79733599037857,False,500,19.440139499612027,11.098299905603065,17.36271413839222,23.517380945757846,30.860195220550867,0.994,0.006000000000000005,6.154666807365626,VERY_STABLE_POSITIVE,False,15.742035259546544,0.0
A60776006,한양,낙민동,동래구,57.23300220750552,LOW,True,True,True,8.0,9.0,17.0,-36.80156485889557,-37.583549167841824,-39.09846508562831,---,STABLE_NEGATIVE,1.16777711550378,2.2969002267327454,0.03087082178684652,-37.583549167841824,-39.09846508562831,-36.80156485889557,-76.54742080024825,2.9442910824571067,MIXED_POSITIVE_COMPARABLE,79.49171188270536,True,500,-37.75251964343336,-56.178350991471426,-49.58816832089426,-34.05233830260275,-22.658438534035454,0.0,1.0,15.535830018291513,VERY_STABLE_NEGATIVE,False,-36.80156485889557,0.0
A60776402,사직2차쌍용예가,사직동,동래구,80.76136865342164,LOW,True,True,True,11.0,44.0,72.0,21.69593067947674,25.67627287740698,26.980178104074852,+++,STABLE_POSITIVE,2.752773259131227,5.284247424598114,0.11107001003748632,25.67627287740698,21.69593067947674,26.980178104074852,-1.6060061218482478,44.99786748080172,MIXED_POSITIVE_COMPARABLE,46.60387360264997,False,500,25.74749956956304,-41.798552674898026,24.330396746344952,34.56512474949536,37.39221293200123,0.942,0.05800000000000005,10.234728003150408,VERY_STABLE_POSITIVE,False,21.69593067947674,0.0
A60777205,안락SKVIEW,안락동,동래구,63.739624724061805,MEDIUM,True,True,True,34.0,77.0,141.0,18.433401258738435,19.104344048700547,18.893826064297254,+++,STABLE_POSITIVE,0.34314065404078936,0.6709427899621119,0.018241951040866358,18.893826064297254,18.433401258738435,19.104344048700547,12.067496869473338,24.799305648003536,STRONG_POSITIVE,12.731808778530198,False,500,19.031885013661046,-29.68501703487541,2.0436199203920307,20.713386017493153,24.17413519047448,0.904,0.09599999999999997,18.669766097101125,VERY_STABLE_POSITIVE,False,18.433401258738435,0.0
A60777206,부산안락4휴먼시아,안락동,동래구,27.80695364238411,LOW,False,False,False,,,,,,,NANANA,INSUFFICIENT,,,,,,,,,INSUFFICIENT,,False,0,,,,,,,,,,False,,
A60777604,안락현대,안락동,동래구,64.27847682119204,MEDIUM,True,True,True,19.0,31.0,48.0,28.311521033985947,28.230418296883457,27.802934488583666,+++,STABLE_POSITIVE,0.27324602299278267,0.5085865454022809,0.009718884288487559,28.230418296883457,27.802934488583666,28.311521033985947,19.174065801484357,37.44897626648754,STRONG_POSITIVE,18.274910465003185,False,500,27.79034186431516,-14.716357231955309,19.69419576014021,29.142620843727038,31.157361780465052,0.942,0.05800000000000005,9.448425083586827,VERY_STABLE_POSITIVE,False,28.311521033985947,0.0
A60778502,강변뜨란채,안락동,동래구,62.64050772626931,MEDIUM,True,True,True,14.0,37.0,64.0,-21.39910750983106,-19.960416520756866,-18.651862289856236,---,STABLE_NEGATIVE,1.3741362278370701,2.7472452199748254,0.06869377523623085,-19.960416520756866,-21.39910750983106,-18.651862289856236,-18.18711856977469,-24.61109644988744,STRONG_NEGATIVE,6.423977880112751,False,500,-19.972456262652795,-36.121939238596035,-29.34089870046668,-8.572500721357724,-0.6951929194473336,0.048,0.952,20.768397979108958,VERY_STABLE_NEGATIVE,False,-21.39910750983106,0.0
A60778608,사직쌍용예가,사직동,동래구,84.42207505518763,LOW,True,True,True,59.0,193.0,353.0,12.118787738666988,13.082995627445484,18.845386399826626,+++,STABLE_POSITIVE,3.6373519171397355,6.726598661159638,0.24773568448107888,13.082995627445484,12.118787738666988,18.845386399826626,-4.421634716204782,28.659210193538755,MIXED_POSITIVE_COMPARABLE,33.08084490974353,False,500,12.99169051987134,-33.79276319842402,-6.250301533778969,21.12358702122494,28.77418850574279,0.742,0.258,27.37388855500391,UNCERTAIN,False,12.118787738666985,0.0
A60780104,중앙하이츠2,낙민동,동래구,61.6733995584989,MEDIUM,True,True,True,11.0,27.0,54.0,18.72676062169515,22.21150011724383,23.563257665144107,+++,STABLE_POSITIVE,2.4954078314453514,4.836497043448958,0.1160627482819406,22.21150011724383,18.72676062169515,23.563257665144107,10.347070455476024,27.106450787914277,STRONG_POSITIVE,16.759380332438255,False,500,22.37372653330217,16.798855230648407,20.83877370807426,24.694948080750226,31.102377567391855,1.0,0.0,3.856174372675966,VERY_STABLE_POSITIVE,False,18.72676062169515,0.0
A60780108,한일유앤아이,낙민동,동래구,61.6733995584989,LOW,True,True,True,14.0,37.0,61.0,2.729132944599,2.3435055562453955,1.8003705243183399,+++,STABLE_POSITIVE,0.46660186077647514,0.9287624202806599,0.2036670659393295,2.3435055562453955,1.8003705243183399,2.729132944599,10.615662128606518,-5.157396239408518,MIXED_POSITIVE_RESIDUAL,15.773058368015036,False,500,1.679354307705261,-15.804782369305219,-12.646028124312648,4.18614415095662,14.203036494772327,0.61,0.39,16.83217227526927,UNCERTAIN,False,2.729132944599,0.0
A60782005,삼정그린코아,사직동,동래구,80.76136865342164,MEDIUM,True,True,True,13.0,42.0,59.0,51.52297063412473,50.70995345940361,52.69868580718524,+++,STABLE_POSITIVE,0.9998632777926257,1.9887323477816352,0.01936073494169547,51.52297063412473,50.70995345940361,52.69868580718524,30.2074503355694,72.83849093268007,STRONG_POSITIVE,42.63104059711067,False,500,51.337288575479505,38.6488108304394,47.06856677113785,54.94542260281729,58.98555293211876,1.0,0.0,7.8768558316794355,VERY_STABLE_POSITIVE,False,51.52297063412474,0.0
A60782701,화목,안락동,동래구,37.07008830022075,MEDIUM,True,True,True,8.0,16.0,25.0,35.77953033604092,32.2674945515526,29.521194836267732,+++,STABLE_POSITIVE,3.136965643883209,6.258335499773189,0.0964545315911724,32.2674945515526,29.521194836267732,35.77953033604092,19.321016109464985,52.23804456261686,STRONG_POSITIVE,32.91702845315187,False,500,32.060774044272016,23.865036992547886,28.51507208785116,33.95429552720045,37.90482940083582,1.0,0.0,5.439223439349291,VERY_STABLE_POSITIVE,False,35.77953033604092,0.0
A60783306,벽산아스타,온천동,동래구,83.8975165562914,MEDIUM,True,True,True,6.0,19.0,36.0,35.64267554086719,39.36707137261064,36.90557982269837,+++,STABLE_POSITIVE,1.8940693487332603,3.7243958317434505,0.05077238490841155,36.90557982269837,35.64267554086719,39.36707137261064,26.25221621850623,45.03313486322814,STRONG_POSITIVE,18.78091864472191,False,500,38.86009791841042,28.71482718448396,34.960663463781465,42.35146096291118,47.175673346032774,1.0,0.0,7.390797499129718,VERY_STABLE_POSITIVE,False,35.64267554086719,0.0
A60784207,반도보라스카이뷰,온천동,동래구,77.53211920529802,MEDIUM,True,True,True,16.0,41.0,98.0,18.860124832765823,20.648367002859256,24.36902403418925,+++,STABLE_POSITIVE,2.8103697625973654,5.508899201423425,0.13198868448446135,20.648367002859256,18.860124832765823,24.36902403418925,1.5979507479524582,36.12229891757919,STRONG_POSITIVE,34.52434816962673,False,500,20.645212860973608,9.73991666075827,16.497373026891232,24.978421177474555,29.84453947190306,0.998,0.0020000000000000018,8.481048150583323,VERY_STABLE_POSITIVE,False,18.860124832765823,0.0
A60802001,대연힐스테이트푸르지오,대연동,남구,76.50546357615895,HIGH,True,True,True,45.0,112.0,229.0,-32.9430344452536,-27.018322567199167,-23.27100848472523,---,STABLE_NEGATIVE,4.8766904735999255,9.672025960528373,0.17577382708527983,-27.018322567199167,-32.9430344452536,-23.27100848472523,-41.88208180639372,-24.00398708411349,STRONG_NEGATIVE,17.87809472228023,False,500,-28.21907973435656,-50.22922178092183,-43.98609387280262,-25.784719666163667,-19.62976256035618,0.0,1.0,18.201374206638953,VERY_STABLE_NEGATIVE,False,-32.94303444525361,0.0
A60804003,삼성,문현동,남구,57.40093818984548,MEDIUM,True,True,True,14.0,28.0,46.0,9.789483761137529,3.9398489620615984,4.395226914556611,+++,STABLE_POSITIVE,3.2538081097145173,5.849634799075931,0.5385744274199786,4.395226914556611,3.9398489620615984,9.789483761137529,2.475913216455794,17.103054305819263,STRONG_POSITIVE,14.62714108936347,False,500,6.429064638384899,-24.517389983768286,-3.302475663237185,9.985863087976922,20.4781764629419,0.678,0.32199999999999995,13.288338751214107,UNCERTAIN,False,9.789483761137529,0.0
A60809002,GS하이츠자이,용호동,남구,76.70408388520971,MEDIUM,True,True,True,21.0,55.0,102.0,-63.357563780126505,-57.78249716329239,-56.777534496585695,---,STABLE_NEGATIVE,3.5446697804794876,6.58002928354081,0.05976929552773967,-57.78249716329239,-63.357563780126505,-56.777534496585695,-42.66597877680749,-84.04914878344552,STRONG_NEGATIVE,41.383170006638025,False,500,-55.938504395417155,-66.79688896114949,-61.02405428986118,-47.53464077844316,-36.27617723257545,0.006,0.994,13.489413511418022,VERY_STABLE_NEGATIVE,False,-63.3575637801265,0.0
A60809003,오륙도에스케이뷰,용호동,남구,60.247626931567325,MEDIUM,True,True,True,48.0,92.0,153.0,19.507946747690845,17.11636913411114,16.619479215943482,+++,STABLE_POSITIVE,1.5443330682698688,2.888467531747363,0.08701481921610402,17.11636913411114,16.619479215943482,19.507946747690845,25.94382725468235,13.072066240699344,STRONG_POSITIVE,12.871761013983006,False,500,17.47877290821119,8.085137196774637,11.200919637866917,23.234055105429746,33.7970943461087,0.996,0.0040000000000000036,12.033135467562829,VERY_STABLE_POSITIVE,False,19.507946747690845,0.0
A60809004,엘지메트로시티4-2(230~238),용호동,남구,76.70408388520971,LOW,True,True,True,124.0,281.0,475.0,-2.1450837418954043,-0.9791898048495118,-0.6815433942824476,---,STABLE_NEGATIVE,0.7735041916773823,1.4635403476129567,0.6097278484460513,-0.9791898048495118,-2.1450837418954043,-0.6815433942824476,9.380351200026691,-13.670518683817502,MIXED_POSITIVE_RESIDUAL,23.050869883844193,False,500,-0.07635523687935564,-5.406879808630205,-3.4277912208807138,8.482918792159177,21.163435617595894,0.496,0.504,11.91071001303989,UNCERTAIN,False,-2.145083741895405,0.0
A60871104,현대아이파크,용당동,남구,47.220916114790285,HIGH,True,True,True,7.0,17.0,31.0,15.209003417277534,-2.560429227144151,18.718047775922862,+-+,MIXED,11.407889904108993,21.278477003067014,1.0910856052450444,15.209003417277534,-2.560429227144151,18.718047775922862,10.041510619214211,20.376496215340858,STRONG_POSITIVE,10.334985596126646,False,500,-0.6004693183535164,-15.176739658222436,-7.468579936631736,5.577824009419591,15.080161367435934,0.468,0.532,13.046403946051328,UNCERTAIN,False,15.209003417277533,0.0
A60872101,시티프라자,문현동,남구,57.40093818984548,MEDIUM,True,True,True,16.0,27.0,32.0,34.83456862652005,32.19303644578631,33.738044386725086,+++,STABLE_POSITIVE,1.327096279342846,2.6415321807337406,0.03951037738954108,33.738044386725086,32.19303644578631,34.83456862652005,24.50068018499917,45.16845706804093,STRONG_POSITIVE,20.66777688304176,False,500,33.1953431157945,28.342387620556504,30.731212733984876,38.79628948558365,42.49046519262055,1.0,0.0,8.065076751598774,VERY_STABLE_POSITIVE,False,34.83456862652005,0.0
A60874408,부산대연동푸르지오,대연동,남구,76.50546357615895,LOW,True,True,True,9.0,19.0,41.0,1.7336641124637246,-7.638262896258725,14.935052391471395,+-+,MIXED,11.340665996236822,22.573315287730118,3.7674738686204923,1.7336641124637246,-7.638262896258725,14.935052391471395,-36.68802846734087,40.15535669226832,MIXED_POSITIVE_COMPARABLE,76.8433851596092,True,500,-4.8343929721302725,-83.33759031258955,-62.35256588462278,6.894807828695225,26.94452608493332,0.408,0.5920000000000001,69.247373713318,UNCERTAIN,False,1.7336641124637246,0.0
A60875305,감만현대1차,감만동,남구,34.4992825607064,LOW,True,True,True,5.0,19.0,35.0,26.266361856440312,21.08120558865894,19.25151500914393,+++,STABLE_POSITIVE,3.6387197709520134,7.014846847296383,0.16390855415096708,21.08120558865894,19.25151500914393,26.266361856440312,26.266361856440312,,INSUFFICIENT,,False,500,19.497606217312,7.795270017486428,13.685348521601291,23.768404944551172,26.982980984418578,1.0,0.0,10.08305642294988,VERY_STABLE_POSITIVE,False,26.266361856440312,0.0
A60875509,대우그린1,대연동,남구,38.21296909492274,HIGH,True,True,True,4.0,20.0,36.0,57.39546397250499,57.63318542779063,58.71971166185141,+++,STABLE_POSITIVE,0.7060078718098413,1.3242476893464215,0.01219017896043313,57.63318542779063,57.39546397250499,58.71971166185141,44.27222796724645,70.51869997776353,STRONG_POSITIVE,26.24647201051708,False,500,57.04712960144971,52.19120725805237,55.32907043990373,58.188790137460785,59.856343746989516,1.0,0.0,2.859719697557054,VERY_STABLE_POSITIVE,False,57.395463972505,0.0
A60876301,일신프리빌리지,용호동,남구,50.4907284768212,MEDIUM,True,True,True,11.0,24.0,31.0,17.41994564855499,19.02924391948539,24.36628168966226,+++,STABLE_POSITIVE,3.636055497401451,6.946336041107269,0.17936499161506983,19.02924391948539,17.41994564855499,24.36628168966226,6.10104001970001,28.73885127740997,STRONG_POSITIVE,22.637811257709963,False,500,18.916696872131926,11.17394970288114,15.039179118243505,22.48219351893659,29.531356158622962,1.0,0.0,7.443014400693086,VERY_STABLE_POSITIVE,False,17.41994564855499,0.0
A60876402,현대비치,용호동,남구,50.4907284768212,LOW,True,True,True,19.0,31.0,51.0,3.2685460612677466,3.699716964464228,4.133120911880804,+++,STABLE_POSITIVE,0.4322879059361807,0.864574850613057,0.11682000416314016,3.699716964464228,3.2685460612677466,4.133120911880804,-7.73821245640447,14.275304578939965,MIXED_POSITIVE_COMPARABLE,22.013517035344435,False,500,4.405131154830025,-4.772673022446094,-0.39388431407016733,9.690957398774774,18.255779268307975,0.738,0.262,10.084841712844941,UNCERTAIN,False,3.268546061267746,0.0
A60877107,일신보라,우암동,남구,62.45943708609272,MEDIUM,True,True,True,10.0,17.0,27.0,30.795460647287925,16.417554420550047,18.052885826206698,+++,STABLE_POSITIVE,7.871591424674429,14.377906226737878,0.36182407582729115,18.052885826206698,16.417554420550047,30.795460647287925,22.021836642553417,39.56908465202243,STRONG_POSITIVE,17.547248009469016,False,500,21.663457752961644,12.23597718756596,17.495488492810914,25.26304606051727,32.22372495971906,0.996,0.0040000000000000036,7.767557567706355,VERY_STABLE_POSITIVE,False,30.795460647287925,0.0
A60877710,삼익그린,대연동,남구,38.21296909492274,HIGH,True,True,True,14.0,21.0,42.0,53.80778165635131,52.72497683183664,51.446319092484885,+++,STABLE_POSITIVE,1.1820841300389027,2.361462563866425,0.02244760790115258,52.72497683183664,51.446319092484885,53.80778165635131,42.14359138647712,65.47197192622549,STRONG_POSITIVE,23.328380539748373,False,500,52.860891252432,47.89022434649564,51.69072917984607,53.95404207355039,55.982679465299135,1.0,0.0,2.2633128937043168,VERY_STABLE_POSITIVE,False,53.80778165635131,0.0
A60877907,청구,대연동,남구,38.21296909492274,HIGH,True,True,True,4.0,19.0,43.0,52.237000834600636,49.65872417029178,51.065463982114146,+++,STABLE_POSITIVE,1.290925123869158,2.5782766643088593,0.025318679838036894,51.065463982114146,49.65872417029178,52.237000834600636,37.77524248045592,66.69875918874536,STRONG_POSITIVE,28.923516708289434,False,500,49.764227026540674,43.29820382294384,47.63656437015396,51.65615300952832,53.5987258868361,1.0,0.0,4.019588639374355,VERY_STABLE_POSITIVE,False,52.23700083460064,0.0
A60879704,현대,문현동,남구,43.80700883002207,MEDIUM,True,True,True,10.0,24.0,33.0,30.904625604474074,29.03022283545966,30.699585786272014,+++,STABLE_POSITIVE,1.0281212419653432,1.874402769014413,0.034030815685328425,30.699585786272014,29.03022283545966,30.904625604474074,22.616495162015003,39.19275604693314,STRONG_POSITIVE,16.57626088491814,False,500,29.255126732740074,25.331967225547558,27.270969987763856,35.6266863271497,37.773732570200764,1.0,0.0,8.355716339385843,VERY_STABLE_POSITIVE,False,30.90462560447407,0.0
A60880104,동일스위트,감만동,남구,40.825386313465785,MEDIUM,True,True,True,6.0,12.0,23.0,13.682212726826377,1.2817502806541696,6.954714391091014,+++,STABLE_POSITIVE,6.207699849575978,12.400462446172208,0.8496452231165007,6.954714391091014,1.2817502806541696,13.682212726826377,2.3714386125329723,24.99298684111978,STRONG_POSITIVE,22.621548228586807,False,500,2.666639351259844,-11.71741749131373,-1.6780783627842775,12.184100060186285,19.820375830999758,0.676,0.32399999999999995,13.862178422970562,UNCERTAIN,False,13.682212726826377,0.0
A60883003,신대연코오롱하늘채,용당동,남구,45.4014348785872,LOW,True,True,True,10.0,22.0,38.0,6.4482075974274915,9.226650114195628,4.150630705310637,+++,STABLE_POSITIVE,2.541803016022004,5.076019408884991,0.3846265417376976,6.4482075974274915,4.150630705310637,9.226650114195628,-5.1418350768398735,18.038250271694857,MIXED_POSITIVE_COMPARABLE,23.180085348534732,False,500,9.783112842557736,-6.435120909222452,4.041453728403779,15.182849975820929,19.527784608492166,0.86,0.14,11.14139624741715,STABLE_POSITIVE,False,6.448207597427491,0.0
A60883203,용호동일신님(林)Ⅱ,용호동,남구,50.4907284768212,MEDIUM,True,True,True,9.0,28.0,50.0,14.814645120605231,16.07787518505102,15.00018710779959,+++,STABLE_POSITIVE,0.6821030734160379,1.2632300644457892,0.04458898451583032,15.00018710779959,14.814645120605231,16.07787518505102,15.109041462118167,14.520248779092292,STRONG_POSITIVE,0.5887926830258756,False,500,16.51079666812151,8.010323086229274,11.594755993326899,21.065394781714637,28.348744581814508,0.994,0.006000000000000005,9.470638788387738,VERY_STABLE_POSITIVE,False,14.814645120605231,0.0
A60931004,구서동쌍용예가2단지,구서동,금정구,68.62759381898455,MEDIUM,True,True,True,8.0,23.0,64.0,-16.189777017671595,-13.270463036536684,-14.132355948224896,---,STABLE_NEGATIVE,1.4999019394986763,2.919313981134911,0.10322179065098284,-14.132355948224896,-16.189777017671595,-13.270463036536684,-10.76465464462746,-21.614899390715728,STRONG_NEGATIVE,10.850244746088268,False,500,-13.580815499084183,-54.30915313296062,-25.00575299845098,-7.250267220221339,1.526832642741261,0.066,0.9339999999999999,17.75548577822964,VERY_STABLE_NEGATIVE,False,-16.189777017671595,0.0
A60931207,구서동롯데캐슬골드2단지(1049),구서동,금정구,72.37748344370861,LOW,True,True,True,28.0,65.0,136.0,6.7607230694433875,6.160441907641102,9.070321576497921,+++,STABLE_POSITIVE,1.5363366831649403,2.909879668856819,0.20958155958511196,6.7607230694433875,6.160441907641102,9.070321576497921,14.522486237123957,-1.0010400982371834,MIXED_POSITIVE_RESIDUAL,15.52352633536114,False,500,5.849831779717337,-33.433480075914495,-8.988558545344826,12.488865414775683,17.786375238840108,0.6,0.4,21.47742396012051,UNCERTAIN,False,6.760723069443386,0.0
A60932003,부곡동푸르지오,부곡동,금정구,62.96931567328919,LOW,True,True,True,12.0,24.0,56.0,-0.6565150452423403,3.0413792477967085,2.241583690886106,-++,MIXED,1.9456392017232627,3.697894293039049,1.2616412720103378,2.241583690886106,-0.6565150452423403,3.0413792477967085,12.200046566136011,-13.513076656620694,MIXED_POSITIVE_RESIDUAL,25.713123222756707,False,500,2.6692737991138027,-38.852168446588934,-0.3026094601715248,12.526355147038498,16.967988780908197,0.74,0.26,12.828964607210022,UNCERTAIN,False,-0.6565150452423394,0.0
A60939002,장전동금정산SKVIEW,장전동,금정구,60.48051876379692,LOW,True,True,True,26.0,53.0,94.0,-3.559511869991738,-0.7697528394353057,1.2315280429198658,--+,MIXED,2.4063092093412646,4.791039912911604,2.3303877653885356,-0.7697528394353057,-3.559511869991738,1.2315280429198658,8.41457995388284,-15.533603693866317,MIXED_POSITIVE_RESIDUAL,23.948183647749154,False,500,-0.8154901362639988,-20.13998586807415,-5.218450516778788,1.866026906568151,4.1320116754008005,0.438,0.562,7.0844774233469385,UNCERTAIN,False,-3.5595118699917387,0.0
A60939003,벽산블루밍장전디자인시티2단지,장전동,금정구,60.48051876379692,HIGH,True,True,True,41.0,89.0,156.0,12.265866769794293,14.071831172664373,14.411400412531195,+++,STABLE_POSITIVE,1.1532656029158748,2.1455336427369023,0.0849048677987242,14.071831172664373,12.265866769794293,14.411400412531195,21.641979782009404,2.889753757579183,STRONG_POSITIVE,18.75222602443022,False,500,14.0781709936706,9.143291975606882,12.5151891277755,15.751553004107677,18.382398753711655,1.0,0.0,3.2363638763321774,VERY_STABLE_POSITIVE,False,12.265866769794291,0.0
A60939004,금정산쌍용예가,장전동,금정구,29.61887417218544,LOW,True,True,True,12.0,35.0,66.0,-0.9075959554307902,-1.737202380451858,-1.003215138903851,---,STABLE_NEGATIVE,0.4538955679154152,0.8296064250210677,0.37326800275208377,-1.003215138903851,-1.737202380451858,-0.9075959554307902,0.9063829883243048,-2.721574899185885,MIXED_POSITIVE_RESIDUAL,3.6279578875101897,False,500,-1.942179271360045,-11.988016302828001,-5.867475975162067,0.3062809268200075,3.5958859896047835,0.292,0.708,6.173756901982075,UNCERTAIN,False,-0.9075959554307902,0.0
A60939005,금정산2차쌍용예가,장전동,금정구,29.61887417218544,MEDIUM,True,True,True,7.0,30.0,65.0,-10.656267943414981,-8.77695350265909,-5.5985786097551005,---,STABLE_NEGATIVE,2.5564986186479417,5.057689333659881,0.30639010533954086,-8.77695350265909,-10.656267943414981,-5.5985786097551005,-5.553216008373706,-15.759319878456257,STRONG_NEGATIVE,10.20610387008255,False,500,-7.781930603907114,-15.065719927622562,-9.473843324057741,-3.7748818420334755,1.1888074437085006,0.094,0.906,5.698961482024266,VERY_STABLE_NEGATIVE,False,-10.65626794341498,0.0
A60970301,대우,부곡동,금정구,65.36490066225166,MEDIUM,True,True,True,15.0,43.0,79.0,-12.40901512924777,-8.854748195688567,-9.273838203053241,---,STABLE_NEGATIVE,1.942411912537599,3.5542669335592034,0.19082165743343596,-9.273838203053241,-12.40901512924777,-8.854748195688567,-1.112964774109293,-23.70506548438625,STRONG_NEGATIVE,22.592100710276956,False,500,-10.104560774724275,-53.821636775587294,-12.987971058475011,-1.7109402633770059,3.1051766477036167,0.178,0.8220000000000001,11.277030795098005,STABLE_NEGATIVE,False,-12.40901512924777,0.0
A60971101,구서동롯데캐슬골드1단지(1051),구서동,금정구,72.37748344370861,LOW,True,True,True,32.0,81.0,124.0,-2.38495862073922,-2.0237900898501877,-2.2768133272766184,---,STABLE_NEGATIVE,0.18536399815876067,0.36116853088903245,0.0831780471599336,-2.2768133272766184,-2.38495862073922,-2.0237900898501877,4.980467850541471,-9.750385092019908,MIXED_POSITIVE_RESIDUAL,14.730852942561379,False,500,-2.461863420349216,-40.31094586225282,-14.39716500728052,3.836091546751138,10.258024388305035,0.412,0.5880000000000001,18.23325655403166,UNCERTAIN,False,-2.3849586207392197,0.0
A60975204,선경1,구서동,금정구,66.87472406181016,LOW,True,True,True,4.0,14.0,18.0,8.960534332905459,-5.211169497525367,-6.308737993630347,+--,MIXED,8.516577202168742,15.269272326535805,,-5.211169497525367,-6.308737993630347,8.960534332905459,-15.999984663082277,33.921053328893194,MIXED_POSITIVE_COMPARABLE,49.92103799197547,False,500,-5.225947550827966,-39.800737737599086,-14.45221266395818,-2.873913018597224,1.339447725983152,0.084,0.916,11.578299645360957,VERY_STABLE_NEGATIVE,False,8.960534332905457,0.0
A60975303,경남한신,부곡동,금정구,37.02941501103752,LOW,True,True,True,34.0,61.0,91.0,5.214133584891135,4.119712433638806,2.9495946583828525,+++,STABLE_POSITIVE,1.1324803025475911,2.2645389265082825,0.2765870733619772,4.119712433638806,2.9495946583828525,5.214133584891135,-0.3035702366300912,10.73183740641236,NEUTRAL_OR_ZERO,11.03540764304245,False,500,3.2934204767213426,-37.88810453079357,-5.212158859624757,5.634187575304422,8.303221037349129,0.628,0.372,10.846346434929178,UNCERTAIN,False,5.214133584891135,0.0
A60975404,뉴그린1,부곡동,금정구,52.94050772626932,MEDIUM,True,True,True,9.0,16.0,39.0,49.317480302395275,42.13711052428428,41.88344882620062,+++,STABLE_POSITIVE,4.220720286012354,7.434031476194654,0.0949628544937405,42.13711052428428,41.88344882620062,49.317480302395275,44.14742712993599,54.48753347485456,STRONG_POSITIVE,10.340106344918567,False,500,42.09711253047523,33.3763467269525,38.45530669443356,44.04403523873082,46.45305385299521,1.0,0.0,5.588728544297261,VERY_STABLE_POSITIVE,False,49.31748030239528,0.0
A60975502,에스케이아파트,부곡동,금정구,37.02941501103752,MEDIUM,True,True,True,11.0,30.0,66.0,-27.790819996445126,-28.47236094544131,-28.14810414682173,---,STABLE_NEGATIVE,0.34090382336761976,0.681540948996183,0.012115814479403882,-28.14810414682173,-28.47236094544131,-27.790819996445126,-29.389240890603265,-26.192399102286988,STRONG_NEGATIVE,3.196841788316277,False,500,-28.597257947096814,-73.56523250259262,-31.697948993085838,-20.202595760880676,-14.90727363386834,0.002,0.998,11.495353232205161,VERY_STABLE_NEGATIVE,False,-27.790819996445126,0.0
A60976105,선경3,구서동,금정구,60.11037527593818,MEDIUM,True,True,True,3.0,10.0,20.0,32.23974858970552,27.179446832682025,23.55375240072558,+++,STABLE_POSITIVE,4.362698778298992,8.685996188979942,0.15773931960087756,27.179446832682025,23.55375240072558,32.23974858970552,15.096614991662662,49.38288218774838,STRONG_POSITIVE,34.28626719608572,False,500,27.91675628807058,18.54854523395806,24.76755034087696,30.130370778076845,34.17413780555053,0.994,0.006000000000000005,5.362820437199886,VERY_STABLE_POSITIVE,False,32.23974858970552,0.0
A60976501,부곡시영,부곡동,금정구,49.04194260485652,LOW,False,False,False,,,,,,,NANANA,INSUFFICIENT,,,,,,,,,INSUFFICIENT,,False,0,,,,,,,,,,False,,
A60976502,부곡늘푸른아파트,부곡동,금정구,49.04194260485652,MEDIUM,True,True,True,11.0,26.0,41.0,47.41892848818401,43.76510014503258,41.3999820095027,+++,STABLE_POSITIVE,3.0323797604483063,6.018946478681308,0.06861415065998744,43.76510014503258,41.3999820095027,47.41892848818401,38.50859399483513,56.32926298153288,STRONG_POSITIVE,17.820668986697747,False,500,43.10939307636977,36.144347320475006,40.61123180874924,45.66082185146238,48.21965103451619,1.0,0.0,5.049590042713142,VERY_STABLE_POSITIVE,False,47.418928488184,0.0
A60976902,경동,청룡동,금정구,50.54679911699779,HIGH,True,True,True,7.0,14.0,26.0,40.58012368662183,38.510829047981275,36.903364836571356,+++,STABLE_POSITIVE,1.8432072199427625,3.6767588500504758,0.0476714874970948,38.510829047981275,36.903364836571356,40.58012368662183,28.83446303406337,52.325784339180295,STRONG_POSITIVE,23.491321305116927,False,500,38.60773052173398,31.80031915999734,36.1161292029112,40.90425533827647,43.1732042925375,1.0,0.0,4.7881261353652675,VERY_STABLE_POSITIVE,False,40.58012368662183,0.0
A60980506,구서우성,구서동,금정구,66.87472406181016,MEDIUM,True,True,True,9.0,21.0,42.0,51.71688562541383,52.78822648928083,50.48436283417222,+++,STABLE_POSITIVE,1.152871156349206,2.3038636551086142,0.022315150562247286,51.71688562541383,50.48436283417222,52.78822648928083,41.96787835863688,61.46589289219079,STRONG_POSITIVE,19.498014533553906,False,500,52.87118831274192,44.83582709114164,50.68753883598795,54.96508652175028,57.27532328612409,1.0,0.0,4.277547685762329,VERY_STABLE_POSITIVE,False,51.71688562541383,0.0
A60982103,우신뉴타운,부곡동,금정구,65.36490066225166,MEDIUM,True,True,True,2.0,16.0,35.0,20.273361889117187,12.642168759364203,19.28437952009121,+++,STABLE_POSITIVE,4.149942941369817,7.631193129752983,0.23850287833646458,19.28437952009121,12.642168759364203,20.273361889117187,0.5377350132315772,24.74660250549683,STRONG_POSITIVE,24.208867492265256,False,500,14.688367009630745,-25.411431675701266,8.982331686526413,17.158679178971926,20.42505260529699,0.9,0.09999999999999998,8.176347492445514,VERY_STABLE_POSITIVE,False,12.642168759364203,0.0
A61175110,주공,연산동,연제구,46.31578366445916,LOW,True,True,True,13.0,31.0,53.0,-9.95496548365113,-11.736115535632257,-16.43407260902565,---,STABLE_NEGATIVE,3.347190994281581,6.479107125374522,0.2633844595288026,-11.736115535632257,-16.43407260902565,-9.95496548365113,-34.60311680699161,14.693185839689349,MIXED_POSITIVE_COMPARABLE,49.29630264668096,False,500,-13.21337599835779,-19.345525240029648,-15.92326151948098,-9.614571338382197,-6.221760568909853,0.0,1.0,6.3086901810987825,VERY_STABLE_NEGATIVE,False,-9.95496548365113,0.0
A61175209,한양(1차),연산동,연제구,69.14166666666668,LOW,True,True,True,17.0,41.0,58.0,10.048298352178456,7.234945635182854,7.969519150061139,+++,STABLE_POSITIVE,1.4592163838936916,2.8133527169956025,0.17335327337679615,7.969519150061139,7.234945635182854,10.048298352178456,-21.188762462333344,41.285359166690256,MIXED_POSITIVE_COMPARABLE,62.4741216290236,True,500,7.062376514509185,2.133066768296354,5.166548218791057,9.311738291784806,12.072270693994033,0.99,0.010000000000000009,4.145190072993749,VERY_STABLE_POSITIVE,False,10.048298352178458,0.0
A61175804,현대,거제동,연제구,44.049558498896246,LOW,True,True,True,8.0,17.0,20.0,-1.0374169918843492,1.5712472457293352,0.4236634921698119,-++,MIXED,1.307467893609775,2.6086642376136844,,0.4236634921698119,-1.0374169918843492,1.5712472457293352,-37.1609831218479,36.88839623886675,MIXED_POSITIVE_COMPARABLE,74.04937936071465,True,500,0.9996134041112796,-7.976574188664673,-1.414155421774483,2.895913167401277,5.37255728462215,0.628,0.372,4.31006858917576,UNCERTAIN,False,-0.1362934414905758,0.0
A61175901,연산자이,연산동,연제구,73.0110927152318,HIGH,True,True,True,24.0,77.0,132.0,7.063048429757503,14.37394382318671,15.223471409164826,+++,STABLE_POSITIVE,4.486338369164794,8.160422979407324,0.3671261561649354,14.37394382318671,7.063048429757503,15.223471409164826,6.122109366566675,8.003987492948328,STRONG_POSITIVE,1.881878126381653,False,500,14.307273624912908,4.177892647175017,9.792118528204075,16.42920900614893,18.065084366240665,0.998,0.0020000000000000018,6.637090477944856,VERY_STABLE_POSITIVE,False,7.063048429757501,0.0
A61176308,선경,연산동,연제구,46.31578366445916,LOW,True,True,True,5.0,10.0,19.0,16.405557477523875,23.24001913719374,18.31128657276389,+++,STABLE_POSITIVE,3.526898407326494,6.834461659669866,0.18256155768390306,18.31128657276389,16.405557477523875,23.24001913719374,-2.714207335714736,35.52532229076248,MIXED_POSITIVE_COMPARABLE,38.23952962647722,False,500,23.954145866010062,13.376674575728249,18.22105271338427,29.06221946764183,33.76979971063036,1.0,0.0,10.84116675425756,VERY_STABLE_POSITIVE,False,16.40555747752387,0.0
A61176411,연산엘지,연산동,연제구,69.14166666666668,HIGH,True,True,True,32.0,71.0,143.0,46.648956889678985,46.30721970824344,45.93798237953467,+++,STABLE_POSITIVE,0.3555758850471664,0.7109745101443181,0.007680147696597033,46.30721970824344,45.93798237953467,46.648956889678985,41.50168621457102,51.79622756478695,STRONG_POSITIVE,10.29454135021593,False,500,46.231426709837756,42.795071017683206,44.57926291481537,47.50032537395744,50.09969008024703,1.0,0.0,2.921062459142071,VERY_STABLE_POSITIVE,False,46.648956889678985,0.0
A61176513,거제1차현대홈타운,거제동,연제구,89.40375275938192,LOW,True,True,True,27.0,73.0,135.0,-1.4468296997123247,6.282696846531417,9.47116848384878,-++,MIXED,5.614187628192636,10.917998183561105,1.1772224043725033,6.282696846531417,-1.4468296997123247,9.47116848384878,-16.979645924914298,23.96941107131713,MIXED_POSITIVE_COMPARABLE,40.94905699623143,False,500,6.702582780257597,-23.588420598461962,-5.6509516645309725,8.626948208367043,14.277903207321643,0.646,0.354,14.277899872898015,UNCERTAIN,False,3.494882573201416,0.0
A61176612,거제2차현대홈타운,거제동,연제구,89.40375275938192,LOW,True,True,True,35.0,76.0,140.0,-25.056124375046977,-20.063032974664708,-19.475147788775423,---,STABLE_NEGATIVE,3.066590679698187,5.580976586271554,0.14242388735927555,-20.063032974664708,-25.056124375046977,-19.475147788775423,-46.77321070985555,5.18165062300946,MIXED_POSITIVE_COMPARABLE,51.95486133286501,False,500,-19.685492679086813,-50.166049149820395,-28.784822433955462,-14.034821845443977,-8.99650815288182,0.008,0.992,14.750000588511485,VERY_STABLE_NEGATIVE,False,-20.79578004342304,0.0
A61176709,쌍용,거제동,연제구,89.40375275938192,LOW,True,True,True,15.0,33.0,53.0,-25.837395606942216,-27.28268232594588,-17.275678581201802,---,STABLE_NEGATIVE,5.408819588972312,10.007003744744079,0.2305033651235663,-25.837395606942216,-27.28268232594588,-17.275678581201802,-55.73975373122893,12.0665602096691,MIXED_POSITIVE_COMPARABLE,67.80631394089804,True,500,-21.316524198043403,-52.270775359497506,-28.305954348291884,-14.593969760671252,-7.9915222898232505,0.0,1.0,13.711984587620632,VERY_STABLE_NEGATIVE,False,-21.83659676077992,0.0
A61176911,거제동롯데캐슬,거제동,연제구,38.8735651214128,MEDIUM,True,True,True,14.0,32.0,45.0,21.003071200657672,24.005925908354648,21.97070100607089,+++,STABLE_POSITIVE,1.5327309091258128,3.002854707696976,0.06865054422127902,21.97070100607089,21.003071200657672,24.005925908354648,5.143681305413184,38.55227663051299,STRONG_POSITIVE,33.40859532509981,False,500,23.598739649906747,15.230066104575558,20.581928616913448,24.62285768316809,26.034672338694005,0.998,0.0020000000000000018,4.040929066254641,VERY_STABLE_POSITIVE,False,21.84797896796309,0.0
A61177214,거제동월드메르디앙,거제동,연제구,38.8735651214128,LOW,True,True,True,15.0,43.0,83.0,-8.029892350334567,-2.6641163371932297,-0.2843052365010994,---,STABLE_NEGATIVE,3.9675595529276237,7.7455871138334675,1.084199153089507,-2.6641163371932297,-8.029892350334567,-0.2843052365010994,-28.027323625923884,14.376131189270314,MIXED_POSITIVE_COMPARABLE,42.403454815194195,False,500,-2.3562365189540304,-30.40689839776471,-7.339500831438903,0.764099911779647,5.8722477961098924,0.29,0.71,8.10360074321855,UNCERTAIN,False,-6.825596218326784,0.0
A61180503,유림아시아드,거제동,연제구,79.81103752759383,MEDIUM,True,True,True,29.0,61.0,94.0,59.815154951074824,60.0123787761973,58.33722879418428,+++,STABLE_POSITIVE,0.9155408624282735,1.675149982013025,0.015416194248590791,59.815154951074824,58.33722879418428,60.0123787761973,50.7297360281793,70.18773186233761,STRONG_POSITIVE,19.45799583415831,False,500,59.734542420616435,52.93131471370119,57.147609635061016,61.38482513373837,63.59473947978795,1.0,0.0,4.237215498677351,VERY_STABLE_POSITIVE,False,60.45873394525846,0.0
A61201007,롯데캐슬마린,중동,해운대구,81.58217439293598,LOW,True,True,True,13.0,46.0,78.0,-7.486711394352576,-3.569413113195643,0.5395686777456472,--+,MIXED,4.013521499830359,8.026280072098224,1.144915188427913,-3.569413113195643,-7.486711394352576,0.5395686777456472,-15.332699754961986,0.3592769662568376,NEUTRAL_OR_ZERO,15.691976721218824,False,500,-4.207677961270177,-17.27179360206297,-10.449553598659756,-0.3686839875632977,3.293071612293295,0.23,0.77,10.080869611096459,STABLE_NEGATIVE,False,-7.486711394352575,0.0
A61202004,대우트럼프월드센텀,우동,해운대구,65.61307947019867,HIGH,True,True,True,4.0,30.0,43.0,-65.63874836836253,-67.96411421477914,-72.4529001447358,---,STABLE_NEGATIVE,3.4638415542118572,6.814151776373279,0.05043064326407063,-67.96411421477914,-72.4529001447358,-65.63874836836253,-83.96566525157888,-47.31183148514617,STRONG_NEGATIVE,36.65383376643271,False,500,-67.99906236789175,-96.05505140773137,-86.80392171526486,-64.13568162462005,-58.570613974249035,0.0,1.0,22.668240090644815,VERY_STABLE_NEGATIVE,False,-65.63874836836254,0.0
A61202007,해운대두산위브더제니스,우동,해운대구,76.8108719646799,HIGH,True,True,True,24.0,53.0,110.0,-15.026013926459482,-12.847269894834689,-9.166301990652649,---,STABLE_NEGATIVE,2.9617752063471454,5.859711935806834,0.23988728340951226,-12.847269894834689,-15.026013926459482,-9.166301990652649,-17.71068834912586,-13.630148984540469,STRONG_NEGATIVE,4.080539364585391,False,500,-12.03948494268744,-25.194183962246854,-14.53471983750238,-9.517386782544502,-5.897498176057498,0.0,1.0,5.017333054957877,VERY_STABLE_NEGATIVE,False,-15.670418666833164,0.0
A61202008,쌍용예가,용호동,남구,24.534823399558498,MEDIUM,True,True,True,17.0,32.0,55.0,7.435312134560327,8.001980626954884,7.685585241189335,+++,STABLE_POSITIVE,0.2839764803371885,0.5666684923945571,0.03684357288534413,7.685585241189335,7.435312134560327,8.001980626954884,10.868664757057743,4.001959512062914,STRONG_POSITIVE,6.866705244994829,False,500,8.337783736391073,-0.6338507463565001,2.7279120616217742,12.925788965756132,20.999177826297373,0.92,0.07999999999999996,10.197876904134358,VERY_STABLE_POSITIVE,False,7.435312134560327,0.0
A61202009,해운대자이1단지,우동,해운대구,72.85044150110376,MEDIUM,True,True,True,12.0,63.0,102.0,-17.43534007557609,-7.649186319151359,-5.186723605762368,---,STABLE_NEGATIVE,6.478954820337007,12.248616469813722,0.6420899190055421,-7.649186319151359,-17.43534007557609,-5.186723605762368,-13.281894498376404,-21.588785652775776,STRONG_NEGATIVE,8.306891154399372,False,500,-5.277062470390731,-27.938436739725457,-17.517452138973574,2.1242833459221475,12.798775825529061,0.35,0.65,19.641735484895722,UNCERTAIN,False,-17.43534007557609,0.0
A61202011,센텀두산위브,우동,해운대구,65.61307947019867,MEDIUM,True,True,True,9.0,35.0,50.0,26.350621593045013,26.857322511926824,26.876991393835425,+++,STABLE_POSITIVE,0.29838393983125877,0.5263698007904125,0.011177530629429154,26.857322511926824,26.350621593045013,26.876991393835425,22.57788728021485,29.506130896163164,STRONG_POSITIVE,6.928243615948315,False,500,27.025865009887013,24.444021050633598,25.86757427000498,29.261719662961156,30.866603416129028,1.0,0.0,3.394145392956176,VERY_STABLE_POSITIVE,False,26.042009088189005,0.0
A61203012,영남,좌동,해운대구,62.41092715231788,LOW,True,True,True,4.0,17.0,34.0,12.121017830422543,13.564480974502642,9.971652098583473,+++,STABLE_POSITIVE,1.8079352048289925,3.592828875919169,0.15210989877358025,12.121017830422543,9.971652098583473,13.564480974502642,-0.1733880679986255,24.415423728843717,NEUTRAL_OR_ZERO,24.588811796842343,False,500,13.605717433522452,8.149213181319924,11.044024060938682,15.935600973407732,19.23059719197387,1.0,0.0,4.89157691246905,VERY_STABLE_POSITIVE,False,12.121017830422543,0.0
A61203013,두산2,좌동,해운대구,75.86605960264902,HIGH,True,True,True,11.0,22.0,47.0,-24.373465699102084,-26.397672693279127,-21.072513664786882,---,STABLE_NEGATIVE,2.687967539699137,5.325159028492244,0.11224238173027072,-24.373465699102084,-26.397672693279127,-21.072513664786882,-39.82557641822271,-8.921354979981455,STRONG_NEGATIVE,30.904221438241255,False,500,-26.377750154791315,-31.108028932122753,-28.27712556222538,-24.42656965572283,-21.555589305329043,0.0,1.0,3.8505559065025494,VERY_STABLE_NEGATIVE,False,-24.37346569910208,0.0
A61203014,경남,좌동,해운대구,61.9123068432671,LOW,True,True,True,7.0,18.0,33.0,-1.1756193975196618,1.1812270686792745,5.526250980320696,-++,MIXED,3.3997309849296453,6.701870377840358,1.8437190097146938,1.1812270686792745,-1.1756193975196618,5.526250980320696,-11.249723271726976,8.898484476687651,MIXED_POSITIVE_COMPARABLE,20.148207748414627,False,500,3.0163429720969943,-1.8080572123027308,1.024789095380335,5.324584755362006,8.83915747568763,0.842,0.15800000000000003,4.299795659981671,STABLE_POSITIVE,False,-1.1756193975196618,0.0
A61203015,한일,좌동,해운대구,67.07527593818985,LOW,True,True,True,12.0,29.0,52.0,3.7842149175865103,6.677133105870441,1.2073440859593116,+++,STABLE_POSITIVE,2.7364158690196496,5.469789019911129,0.7035276558916442,3.7842149175865103,1.2073440859593116,6.677133105870441,-13.433769835876252,21.002199671049272,MIXED_POSITIVE_COMPARABLE,34.435969506925524,False,500,3.8412213411369303,-5.1958964169263036,0.5973206329459442,7.110654900401613,13.341221514020607,0.816,0.18400000000000005,6.513334267455669,STABLE_POSITIVE,False,3.7842149175865103,0.0
A61203016,동신,좌동,해운대구,82.6453642384106,LOW,True,True,True,6.0,19.0,42.0,8.861271060769088,10.320440173616515,6.979798565565754,+++,STABLE_POSITIVE,1.6747636451916919,3.3406416080507606,0.1920489671274407,8.861271060769088,6.979798565565754,10.320440173616515,-3.812836657604146,21.53537877914232,MIXED_POSITIVE_COMPARABLE,25.348215436746464,False,500,9.859880194567596,3.892695665077537,7.326576673503895,12.366274722490358,15.523341549375509,0.992,0.008000000000000007,5.039698048986463,VERY_STABLE_POSITIVE,False,8.861271060769088,0.0
A61203017,동부,좌동,해운대구,78.09409492273733,LOW,True,True,True,6.0,27.0,46.0,-5.13208830172856,3.8679444246269625,5.404318505685786,-++,MIXED,5.691761631278244,10.536406807414345,4.1242909842365645,3.8679444246269625,-5.13208830172856,5.404318505685786,-23.47270496833873,13.208528364881612,MIXED_POSITIVE_COMPARABLE,36.68123333322034,False,500,2.8938486045602296,-10.35090392782164,0.4951750532191501,5.274139234984087,8.260452787883358,0.774,0.22599999999999998,4.7789641817649375,STABLE_POSITIVE,False,-5.132088301728562,0.0
A61203018,대림2,좌동,해운대구,59.09834437086093,HIGH,True,True,True,14.0,31.0,54.0,-15.317064222787367,-21.279016776833625,-14.490268166952314,---,STABLE_NEGATIVE,3.7039523409192814,6.788748609881312,0.21751127657461433,-15.317064222787367,-21.279016776833625,-14.490268166952314,-25.333507768878214,-5.300620676696522,STRONG_NEGATIVE,20.032887092181692,False,500,-16.497758561631656,-23.262148704995045,-19.758161680940237,-13.337938948520248,-6.88172410237332,0.0,1.0,6.4202227324199885,VERY_STABLE_NEGATIVE,False,-15.317064222787366,0.0
A61203019,삼성,좌동,해운대구,78.09409492273733,HIGH,True,True,True,15.0,32.0,52.0,-23.307041079292524,-21.477404604991115,-21.187319489462354,---,STABLE_NEGATIVE,1.1492706832840827,2.1197215898301707,0.05226193418914814,-21.477404604991115,-23.307041079292524,-21.187319489462354,-35.4326419696299,-11.18144018895515,STRONG_NEGATIVE,24.251201780674748,False,500,-20.6447776636584,-26.70148858123331,-22.912291759784335,-18.302697891227517,-14.375815217284885,0.0,1.0,4.609593868556818,VERY_STABLE_NEGATIVE,False,-23.307041079292524,0.0
A61203020,건영1,좌동,해운대구,82.6453642384106,LOW,True,True,True,12.0,32.0,50.0,5.714488470816666,6.986569918980424,6.77652945296785,+++,STABLE_POSITIVE,0.6819383227113033,1.2720814481637577,0.10503430838813232,6.77652945296785,5.714488470816666,6.986569918980424,-3.4573232961421425,14.886300237775474,MIXED_POSITIVE_COMPARABLE,18.343623533917615,False,500,7.391756476864975,2.6628274944981416,5.8309875715414385,9.28548196407058,12.082007846856191,0.99,0.010000000000000009,3.454494392529142,VERY_STABLE_POSITIVE,False,5.714488470816667,0.0
A61203021,해운대 센트럴파크,좌동,해운대구,61.9123068432671,HIGH,True,True,True,9.0,37.0,61.0,21.008005628646558,18.365214950658203,17.015292258143504,+++,STABLE_POSITIVE,2.030943701108024,3.992713370503054,0.10805092733848005,18.365214950658203,17.015292258143504,21.008005628646558,12.495586809500349,29.52042444779277,STRONG_POSITIVE,17.02483763829242,False,500,18.641592678434492,16.18390820057909,17.66071579252234,19.611777797681263,20.964895219642983,1.0,0.0,1.9510620051589243,VERY_STABLE_POSITIVE,False,21.00800562864656,0.0
A61203022,롯데3차,좌동,해운대구,82.6453642384106,LOW,True,True,True,16.0,42.0,79.0,-4.169990445384607,-0.1308794272020566,-0.5621474863471967,---,STABLE_NEGATIVE,2.217992364471314,4.039111018182551,1.3682815836941045,-0.5621474863471967,-4.169990445384607,-0.1308794272020566,-12.456860839100182,4.116879948330965,MIXED_POSITIVE_COMPARABLE,16.57374078743115,False,500,-0.4556853548265334,-4.771111613439209,-1.949051050655079,1.457759554435933,3.433002168467182,0.446,0.554,3.406810605091012,UNCERTAIN,False,-4.169990445384608,0.0
A61203023,롯데4,좌동,해운대구,82.6453642384106,HIGH,True,True,True,12.0,39.0,72.0,13.781700992141444,12.577697341422734,9.985727307098758,+++,STABLE_POSITIVE,1.9398174169800089,3.7959736850426857,0.16011644335682862,12.577697341422734,9.985727307098758,13.781700992141444,8.048836124879589,19.514565859403294,STRONG_POSITIVE,11.465729734523705,False,500,12.005980384734745,8.402346226989577,10.755929566988604,13.398941316020313,15.352531073693417,1.0,0.0,2.643011749031709,VERY_STABLE_POSITIVE,False,13.781700992141444,0.0
A61203024,대우,좌동,해운대구,61.5385761589404,HIGH,True,True,True,30.0,58.0,86.0,-12.31449568220021,-11.264239909217753,-9.202812299837582,---,STABLE_NEGATIVE,1.5829873893722566,3.111683382362628,0.144866928915933,-11.264239909217753,-12.31449568220021,-9.202812299837582,-23.850270246034054,-0.7787211183663656,STRONG_NEGATIVE,23.071549127667687,False,500,-9.964295919880616,-14.06444855953225,-11.682823049195205,-7.526802169213788,-2.79297137069186,0.014,0.986,4.156020879981417,VERY_STABLE_NEGATIVE,False,-12.31449568220021,0.0
A61203025,벽산1,좌동,해운대구,75.86605960264902,HIGH,True,True,True,17.0,36.0,73.0,-46.5842180626674,-48.877826858235125,-36.976817314814525,---,STABLE_NEGATIVE,6.313963607084667,11.9010095434206,0.14302366013640985,-46.5842180626674,-48.877826858235125,-36.976817314814525,-63.9268240744432,-29.241612050891597,STRONG_NEGATIVE,34.68521202355161,False,500,-46.53833292312295,-51.74788318994295,-49.020262593499176,-43.17824586065264,-37.63191260264565,0.0,1.0,5.842016732846538,VERY_STABLE_NEGATIVE,False,-46.58421806266741,0.0
A61203026,화목,좌동,해운대구,75.86605960264902,HIGH,True,True,True,11.0,21.0,54.0,-30.286049128905955,-31.09931314774735,-29.2452340984611,---,STABLE_NEGATIVE,0.9293638875546522,1.8540790492862484,0.030763249654942336,-30.286049128905955,-31.09931314774735,-29.2452340984611,-41.49712608182223,-19.07497217598968,STRONG_NEGATIVE,22.422153905832552,False,500,-30.476142319481596,-36.08785596223012,-32.431091954813446,-28.23520705527492,-18.718359987239108,0.0,1.0,4.195884899538527,VERY_STABLE_NEGATIVE,False,-30.286049128905955,0.0
A61203027,LH뜨란채아파트,좌동,해운대구,61.9123068432671,HIGH,True,True,True,20.0,41.0,73.0,17.02775450696209,17.606307712680618,20.407544843757023,+++,STABLE_POSITIVE,1.8076059672515636,3.379790336794933,0.09852215789245419,17.606307712680618,17.02775450696209,20.407544843757023,9.803724965557038,24.251784048367146,STRONG_POSITIVE,14.448059082810108,False,500,17.824974080568147,14.637995170651,16.28326761131529,19.248089700153454,21.33628503428072,1.0,0.0,2.964822088838165,VERY_STABLE_POSITIVE,False,17.02775450696209,0.0
A61203028,코오롱,좌동,해운대구,67.07527593818985,LOW,True,True,True,9.0,33.0,65.0,-6.971336144983308,-5.153277572983205,-3.57988752226418,---,STABLE_NEGATIVE,1.6971945961629413,3.391448622719128,0.3242117473584937,-5.153277572983205,-6.971336144983308,-3.57988752226418,-15.093087543665494,1.1504152536988776,MIXED_POSITIVE_COMPARABLE,16.24350279736437,False,500,-5.021182077362989,-10.15034643038687,-6.833478466028286,-3.0712840962497867,-0.6460644372666324,0.036,0.964,3.762194369778499,VERY_STABLE_NEGATIVE,False,-6.971336144983308,0.0
A61203029,건영2,좌동,해운대구,82.6453642384106,LOW,True,True,True,22.0,48.0,76.0,-7.510472659222134,-0.7187345673669743,-0.21162239708739428,---,STABLE_NEGATIVE,4.07549760173868,7.2988502621347395,1.4484942061762227,-0.7187345673669743,-7.510472659222134,-0.21162239708739428,-18.44795424638288,3.427008927938614,MIXED_POSITIVE_COMPARABLE,21.874963174321493,False,500,-1.1581249240649498,-8.038884219466699,-4.436533981074883,1.4322032394808035,4.479172455691583,0.396,0.604,5.868737220555687,UNCERTAIN,False,-7.510472659222135,0.0
A61203031,상록,좌동,해운대구,61.5385761589404,HIGH,True,True,True,25.0,48.0,77.0,20.232746865958333,15.100182434916853,13.486169458139248,+++,STABLE_POSITIVE,3.5228909115406326,6.746577407819085,0.2164864367282158,15.100182434916853,13.486169458139248,20.232746865958333,12.619222941503928,27.846270790412746,STRONG_POSITIVE,15.227047848908818,False,500,15.30368434040843,13.30930001799408,14.48816011413302,16.16531800529605,17.7977448938709,1.0,0.0,1.6771578911630307,VERY_STABLE_POSITIVE,False,20.232746865958333,0.0
A61203032,대우2,좌동,해운대구,62.41092715231788,LOW,True,True,True,20.0,46.0,78.0,1.295256589365696,-3.303411659387633,3.8398555201930247,+-+,MIXED,3.6205202061705117,7.143267179580658,,1.295256589365696,-3.303411659387633,3.8398555201930247,-8.101033681315961,10.691546860047351,MIXED_POSITIVE_COMPARABLE,18.792580541363314,False,500,-2.592491072123038,-7.812282701956945,-4.39433481859588,-0.7837761160657202,2.0029225342932406,0.16,0.84,3.6105587025301595,STABLE_NEGATIVE,False,1.295256589365695,0.0
A61203033,벽산2,좌동,해운대구,62.41092715231788,LOW,True,True,True,23.0,52.0,83.0,10.58893508142762,7.482888385178205,10.394638671272583,+++,STABLE_POSITIVE,1.7399026267223372,3.1060466962494147,0.1833634209577978,10.394638671272583,7.482888385178205,10.58893508142762,-0.9033283041327778,22.081198466988017,MIXED_POSITIVE_COMPARABLE,22.984526771120795,False,500,7.086328861721222,0.6549867070344263,3.8277569764375654,9.207670503777022,13.253795275303371,0.97,0.030000000000000027,5.379913527339457,VERY_STABLE_POSITIVE,False,10.588935081427618,0.0
A61203034,대동타운,좌동,해운대구,59.09834437086093,LOW,True,True,True,21.0,57.0,100.0,-0.6538062162728959,1.4036199434989851,-1.2457195706235602,-+-,MIXED,1.3905852295025172,2.6493395141225453,,-0.6538062162728959,-1.2457195706235602,1.4036199434989851,-6.542725127093597,5.235112694547805,MIXED_POSITIVE_COMPARABLE,11.777837821641402,False,500,1.230592730823088,-8.413940950656501,-2.485100070300808,2.4146202977340074,4.299602583389184,0.658,0.34199999999999997,4.899720368034815,UNCERTAIN,False,-0.6538062162728959,0.0
A61203035,경남선경,좌동,해운대구,62.41092715231788,HIGH,True,True,True,25.0,53.0,86.0,24.369635438918465,21.71271767671277,19.274416424221325,+++,STABLE_POSITIVE,2.5483910545269133,5.09521901469714,0.11697599525507371,21.71271767671277,19.274416424221325,24.369635438918465,17.90186058974692,30.837410288090005,STRONG_POSITIVE,12.935549698343085,False,500,20.678079760159598,14.112920195977663,17.69245222248667,22.520244486770192,24.182974166990736,1.0,0.0,4.827792264283524,VERY_STABLE_POSITIVE,False,24.369635438918465,0.0
A61203036,두산1차아파트,좌동,해운대구,61.9123068432671,MEDIUM,True,True,True,20.0,49.0,80.0,-7.607391102831796,-4.452681042290362,0.430398600868259,--+,MIXED,4.04974743427328,8.037789703700055,1.0446761258249295,-4.452681042290362,-7.607391102831796,0.430398600868259,-13.587614262047133,-1.6271679436164588,STRONG_NEGATIVE,11.960446318430673,False,500,-4.310349641769135,-13.486627581548838,-8.452463487100523,-0.23302673178093491,7.128107655560737,0.238,0.762,8.219436755319588,STABLE_NEGATIVE,False,-7.607391102831795,0.0
A61203037,대림,좌동,해운대구,59.09834437086093,MEDIUM,True,True,True,21.0,52.0,86.0,-19.678677593922476,-20.51826518572959,-18.60130149332595,---,STABLE_NEGATIVE,0.9609367291387129,1.916963692403641,0.049028848106966276,-19.678677593922476,-20.51826518572959,-18.60130149332595,-26.6301286514758,-12.727226536369152,STRONG_NEGATIVE,13.902902115106649,False,500,-20.519254814702883,-30.36858776743263,-24.657024897058008,-17.976100562627035,-14.074606343160937,0.0,1.0,6.680924334430973,VERY_STABLE_NEGATIVE,False,-19.67867759392248,0.0
A61203038,SKVIEW,좌동,해운대구,62.41092715231788,MEDIUM,True,True,True,30.0,89.0,131.0,32.09802977224911,31.72799214367501,31.836380322390355,+++,STABLE_POSITIVE,0.1902350644410603,0.37003762857410294,0.005965825444163929,31.836380322390355,31.72799214367501,32.09802977224911,28.456269559939557,35.73978998455867,STRONG_POSITIVE,7.2835204246191125,False,500,31.594256580939636,22.342707478772034,30.606751805634055,32.52612295589286,34.982672700610586,1.0,0.0,1.9193711502588044,VERY_STABLE_POSITIVE,False,32.09802977224911,0.0
A61203039,엘지,좌동,해운대구,78.09409492273733,MEDIUM,True,True,True,15.0,65.0,102.0,5.2550586331541425,9.795192627688099,7.172788403676767,+++,STABLE_POSITIVE,2.2791631532642302,4.5401339945339565,0.30767570786949233,7.172788403676767,5.2550586331541425,9.795192627688099,1.4517090349548187,9.058408231353466,STRONG_POSITIVE,7.6066991963986474,False,500,6.1503095365330065,-10.809588664306036,-3.518851426137892,10.656970506516679,14.562958609152188,0.678,0.32199999999999995,14.175821932654571,UNCERTAIN,False,5.255058633154143,0.0
A61204001,송정1단지주공아파트,송정동,해운대구,33.210596026490066,LOW,False,False,False,,,,,,,NANANA,INSUFFICIENT,,,,,,,,,INSUFFICIENT,,False,0,,,,,,,,,,False,,
A61204002,부산송정2휴먼시아,송정동,해운대구,33.210596026490066,LOW,False,False,False,,,,,,,NANANA,INSUFFICIENT,,,,,,,,,INSUFFICIENT,,False,0,,,,,,,,,,False,,
A61205002,센텀동부센트레빌,재송동,해운대구,26.85298013245033,LOW,True,True,True,10.0,21.0,39.0,7.216000733884274,-4.042932082489992,2.9892898327848014,+-+,MIXED,5.687424699439598,11.258932816374266,2.768789602572389,2.9892898327848014,-4.042932082489992,7.216000733884274,-2.968648935748797,17.400650403517346,MIXED_POSITIVE_COMPARABLE,20.369299339266142,False,500,-5.79473176348146,-58.17276590877752,-19.01193733903557,2.442273371530538,8.44188248211034,0.33,0.6699999999999999,21.45421071056611,UNCERTAIN,False,7.216000733884275,0.0
A61205003,더샵센텀스타,재송동,해운대구,89.52671081677705,HIGH,True,True,True,6.0,25.0,50.0,-45.49114452492064,-44.9094156696883,-34.44652896819798,---,STABLE_NEGATIVE,6.215490586497485,11.044615556722661,0.14935447742138797,-44.9094156696883,-45.49114452492064,-34.44652896819798,-28.99410675492009,-61.9881822949212,STRONG_NEGATIVE,32.99407554000111,False,500,-43.611223027684076,-138.64352728527672,-73.50837659112027,-28.546205954799856,-14.062287859772264,0.002,0.998,44.96217063632041,VERY_STABLE_NEGATIVE,False,-45.49114452492064,0.0
A61206110,센텀롯데캐슬3차아파트,반여동,해운대구,75.30364238410596,LOW,True,True,True,12.0,27.0,52.0,-3.0382692362161983,-3.273491748321225,-2.794449958648052,---,STABLE_NEGATIVE,0.23953375077711872,0.4790417896731731,0.07891331057613077,-3.0382692362161983,-3.273491748321225,-2.794449958648052,-8.99407283187237,2.9175343594399763,MIXED_POSITIVE_COMPARABLE,11.911607191312346,False,500,1.193753949644968,-11.293648359770678,-4.5712462681174575,6.523228627313646,15.786023326155307,0.566,0.43400000000000005,11.094474895431103,UNCERTAIN,False,-3.0382692362161965,0.0
A61206113,우방신세계타운,반여동,해운대구,64.27847682119204,MEDIUM,True,True,True,21.0,37.0,62.0,31.646294728720328,31.701846959316107,30.29126387040516,+++,STABLE_POSITIVE,0.7988470158121699,1.410583088910947,0.025593296253261632,31.646294728720328,30.29126387040516,31.701846959316107,28.648164594093505,34.64442486334715,STRONG_POSITIVE,5.996260269253643,False,500,31.714103689057374,22.51764454044391,25.010766779833794,34.611804393299515,36.5938234351493,1.0,0.0,9.60103761346572,VERY_STABLE_POSITIVE,False,31.646294728720324,0.0
A61206114,센텀롯데캐슬2차,반여동,해운대구,75.30364238410596,MEDIUM,True,True,True,24.0,53.0,82.0,26.053881424513328,27.119810721629094,27.885758258901006,+++,STABLE_POSITIVE,0.9200229736867842,1.8318768343876783,0.03404993381115527,27.119810721629094,26.053881424513328,27.885758258901006,24.768414454491666,27.33934839453499,STRONG_POSITIVE,2.570933940043325,False,500,26.882369573149177,11.342952989753607,16.368193993853517,30.736985636062684,33.91500889656926,1.0,0.0,14.368791642209167,VERY_STABLE_POSITIVE,False,26.053881424513325,0.0
A61206118,메가센텀한화꿈에그린,반여동,해운대구,72.56655629139073,MEDIUM,True,True,True,28.0,68.0,117.0,-12.493737499882982,-23.589326278660927,-13.350541528467872,---,STABLE_NEGATIVE,6.173585082860798,11.095588778777945,0.3746592046757991,-13.350541528467872,-23.589326278660927,-12.493737499882982,-7.705932269487169,-17.2815427302788,STRONG_NEGATIVE,9.575610460791632,False,500,-23.50225246241144,-33.73525746024241,-27.398273497091594,-12.297901380155896,-7.075762574300915,0.0,1.0,15.100372116935699,VERY_STABLE_NEGATIVE,False,-12.493737499882984,0.0
A61270515,센텀롯데캐슬아파트,반여동,해운대구,62.44166666666668,MEDIUM,True,True,True,24.0,51.0,92.0,-7.895795532956496,-3.1904900799790736,-5.180631951316029,---,STABLE_NEGATIVE,2.3619440209614875,4.705305452977423,0.4355977114223769,-5.180631951316029,-7.895795532956496,-3.1904900799790736,-2.153649863495022,-13.63794120241797,STRONG_NEGATIVE,11.484291338922947,False,500,-6.067187298792753,-17.14307160957502,-10.851243715107412,4.0265093142532855,12.590401503689138,0.3,0.7,14.877753029360697,UNCERTAIN,False,-7.895795532956496,0.0
A61271101,센텀삼환Nauville,우동,해운대구,65.61307947019867,LOW,True,True,True,25.0,59.0,79.0,12.652633412190488,15.478956549578783,15.574753778982897,+++,STABLE_POSITIVE,1.6601238419728874,2.9221203667924094,0.11395077006349816,15.478956549578783,12.652633412190488,15.574753778982897,-6.821671188886458,31.416142262768275,MIXED_POSITIVE_COMPARABLE,38.23781345165473,False,500,15.299813722691907,12.754950128124648,14.333109942458297,16.098591222446412,17.677665445422072,0.998,0.0020000000000000018,1.7654812799881157,VERY_STABLE_POSITIVE,False,12.29723553694091,0.0
A61271204,더샵센텀파크1차,재송동,해운대구,89.52671081677705,HIGH,True,True,True,45.0,132.0,198.0,-69.63432390207761,-78.17950228394233,-72.4072940831168,---,STABLE_NEGATIVE,4.359430863398304,8.545178381864716,0.05938709499893408,-72.4072940831168,-78.17950228394233,-69.63432390207761,-36.05312459061627,-103.21552321353896,STRONG_NEGATIVE,67.1623986229227,True,500,-78.94261851834545,-190.76835144503778,-114.40241123156683,-60.10873168993948,-45.25782316958749,0.0,1.0,54.29367954162735,VERY_STABLE_NEGATIVE,False,-69.63432390207761,0.0
A61271302,더샵센텀파크2차,재송동,해운대구,89.52671081677705,MEDIUM,True,True,True,10.0,37.0,83.0,-49.635544410093736,-46.91177683498064,-42.72843817748722,---,STABLE_NEGATIVE,3.479160546142994,6.907106232606516,0.07494112171208302,-46.91177683498064,-49.635544410093736,-42.72843817748722,-53.33056283050153,-45.940525989685945,STRONG_NEGATIVE,7.390036840815583,False,500,-47.47961098918458,-88.24532371037368,-60.3387512992486,-37.71047570021286,-20.666284410400365,0.0,1.0,22.62827559903574,VERY_STABLE_NEGATIVE,False,-49.635544410093736,0.0
A61271919,아시아선수촌아파트,반여동,해운대구,62.44166666666668,MEDIUM,True,True,True,44.0,76.0,135.0,-19.976894498276376,-20.632390211035897,-16.063950607442465,---,STABLE_NEGATIVE,2.4702039367206594,4.568439603593433,0.1307603451389888,-19.976894498276376,-20.632390211035897,-16.063950607442465,-12.35150426563656,-27.602284730916196,STRONG_NEGATIVE,15.250780465279636,False,500,-20.339223914568215,-29.02464095983975,-23.909712326879273,-9.629446086202734,-2.680368913772673,0.044,0.956,14.28026624067654,VERY_STABLE_NEGATIVE,False,-19.976894498276376,0.0
A61272011,현대그린맨션,반여동,해운대구,72.56655629139073,LOW,True,True,True,3.0,7.0,7.0,8.653214257986848,7.476769748578789,7.092622553178675,+++,STABLE_POSITIVE,0.8131253716951466,1.5605917048081732,0.10504316596888935,7.476769748578789,7.092622553178675,8.653214257986848,-16.970171279913494,34.276599795887186,MIXED_POSITIVE_COMPARABLE,51.24677107580068,False,500,7.09264689384518,-2.681223024154326,2.055235103166366,9.9044478762193,15.320695325497441,0.86,0.14,7.849212773052933,STABLE_POSITIVE,False,8.653214257986846,0.0
A61273009,부산도시공사 반송영구임대아파트,반송동,해운대구,38.63543046357616,LOW,False,False,False,,,,,,,NANANA,INSUFFICIENT,,,,,,,,,INSUFFICIENT,,False,0,,,,,,,,,,False,,
A61273306,벽산삼협,반송동,해운대구,38.63543046357616,HIGH,True,True,True,10.0,26.0,47.0,40.348375558986746,38.57051810816116,34.385850693083746,+++,STABLE_POSITIVE,3.0611523229762763,5.962524865902999,0.08105094822624297,38.57051810816116,34.385850693083746,40.348375558986746,18.449626789358383,62.24712432861512,STRONG_POSITIVE,43.79749753925674,False,500,38.11249835086606,35.41452166550921,37.23871328928705,38.87596311975897,40.459247362470215,1.0,0.0,1.637249830471923,VERY_STABLE_POSITIVE,False,40.34837555898675,0.0
A61273507,삼한2,반송동,해운대구,38.63543046357616,HIGH,True,True,True,15.0,25.0,42.0,43.984917442191204,41.12073262278819,34.47527962963274,+++,STABLE_POSITIVE,4.878504065284412,9.509637812558466,0.12239001848563699,41.12073262278819,34.47527962963274,43.984917442191204,24.948781334429796,63.02105354995262,STRONG_POSITIVE,38.07227221552282,False,500,41.04200821922133,37.784205549098274,40.17012095245343,41.45134361741412,45.074444110368596,1.0,0.0,1.281222664960687,VERY_STABLE_POSITIVE,False,43.9849174421912,0.0
A61273609,부산반송주공,반송동,해운대구,22.90789183222958,LOW,False,False,False,,,,,,,NANANA,INSUFFICIENT,,,,,,,,,INSUFFICIENT,,False,0,,,,,,,,,,True,,
A61274011,경남마리나,우동,해운대구,82.99199779249447,HIGH,True,True,True,12.0,25.0,30.0,-34.07217979033819,-41.2459996366312,-45.841106319127206,---,STABLE_NEGATIVE,5.9313619606661,11.768926528789017,0.14686522599091484,-41.2459996366312,-45.841106319127206,-34.07217979033819,-66.61308247188589,-2.7389263806349757,STRONG_NEGATIVE,63.87415609125091,True,500,-38.79040473854693,-53.72139963612988,-44.02651524032945,-33.176004808184516,-20.246567237986508,0.0,1.0,10.850510432144937,VERY_STABLE_NEGATIVE,False,-34.676004426260434,0.0
A61274013,해운대 I PARK,우동,해운대구,76.8108719646799,LOW,True,True,True,27.0,64.0,109.0,2.595577520686289,0.7003205218374182,0.6532676051977959,+++,STABLE_POSITIVE,1.108059931927183,1.9423099154884933,0.8417423051624731,0.7003205218374182,0.6532676051977959,2.595577520686289,-1.1589374163185615,5.254949381309593,MIXED_POSITIVE_COMPARABLE,6.413886797628154,False,500,0.443282831344912,-11.551371299499646,-2.4062558369571065,3.551857669612442,8.194386939009126,0.536,0.46399999999999997,5.958113506569548,UNCERTAIN,False,2.048005982495516,0.0
A61274114,경동,우동,해운대구,82.99199779249447,LOW,True,True,True,17.0,45.0,69.0,16.689503228048792,22.540319365169598,29.3007395839374,+++,STABLE_POSITIVE,6.311083021542397,12.611236355888607,0.2762745330424046,22.540319365169598,16.689503228048792,29.3007395839374,-3.467915874769133,36.84692233086672,MIXED_POSITIVE_COMPARABLE,40.31483820563585,False,500,21.463524658470725,2.748373847314419,14.414891790108195,24.199358832012578,29.715172650807823,0.982,0.018000000000000016,9.784467041904383,VERY_STABLE_POSITIVE,False,16.689503228048792,0.0
A61274213,롯데,우동,해운대구,72.85044150110376,LOW,True,True,True,16.0,34.0,58.0,17.948951430305893,21.904864942117484,26.798455526080595,+++,STABLE_POSITIVE,4.433023859953819,8.849504095774702,0.19952915633712937,21.904864942117484,17.948951430305893,26.798455526080595,-3.831597297925592,39.72950015853738,MIXED_POSITIVE_COMPARABLE,43.56109745646297,False,500,21.54952255026883,12.198568383133408,20.10929995913688,22.685863427868192,24.24165411880815,1.0,0.0,2.5765634687313117,VERY_STABLE_POSITIVE,False,17.948951430305893,0.0
A61274508,동부올림픽타운,우동,해운대구,72.85044150110376,LOW,True,True,True,38.0,88.0,131.0,-7.565565107843274,1.8877763193922537,5.612895761067504,-++,MIXED,6.7935509844269095,13.17846086891078,,1.8877763193922537,-7.565565107843274,5.612895761067504,-16.76323487589264,1.632104660206091,MIXED_POSITIVE_COMPARABLE,18.39533953609873,False,500,1.6029624674574254,-16.841211862566574,-13.197602815770043,2.948851367408321,5.332112626262431,0.648,0.352,16.146454183178363,UNCERTAIN,False,-7.565565107843273,0.0
A61274707,삼호가든맨션,우동,해운대구,65.61307947019867,LOW,True,True,True,7.0,31.0,53.0,-45.993110964983345,-40.669204387003866,-40.15940812647287,---,STABLE_NEGATIVE,3.2309947458522674,5.833702838510476,0.07642999930688608,-40.669204387003866,-45.993110964983345,-40.15940812647287,-94.6472911647435,1.581564302988259,MIXED_POSITIVE_COMPARABLE,96.22885546773176,True,500,-40.124622032317156,-60.58106529085362,-53.26909208564117,-36.6308244417835,-32.967964146354774,0.0,1.0,16.638267643857667,VERY_STABLE_NEGATIVE,False,-46.532863430877626,0.0
A61274815,센텀삼익아파트,재송동,해운대구,20.46280353200883,HIGH,True,True,True,9.0,26.0,52.0,29.726317005198695,26.455784447064467,22.88199775087569,+++,STABLE_POSITIVE,3.4232791447861923,6.844319254323004,0.1298925496889853,26.455784447064467,22.88199775087569,29.726317005198695,11.570180135991135,47.88245387440625,STRONG_POSITIVE,36.312273738415115,False,500,26.54751228203329,10.995142715349298,22.381426653339023,30.521857492490597,35.181817436741376,0.974,0.026000000000000023,8.140430839151573,VERY_STABLE_POSITIVE,False,29.72631700519869,0.0
A61275302,현대,좌동,해운대구,61.5385761589404,HIGH,True,True,True,15.0,54.0,84.0,-13.259720492893644,-9.542370580742931,-11.622181655029229,---,STABLE_NEGATIVE,1.8630547460020768,3.7173499121507128,0.1623611421528164,-11.622181655029229,-13.259720492893644,-9.542370580742931,-26.468293381915277,-0.0511476038720148,NEUTRAL_OR_ZERO,26.417145778043263,False,500,-9.284900553454095,-12.95557576946772,-10.604307777840276,-7.963028138823177,-6.163468342188989,0.0,1.0,2.6412796390170987,VERY_STABLE_NEGATIVE,False,-13.259720492893642,0.0
A61278214,센텀우신골든빌,재송동,해운대구,20.46280353200883,HIGH,True,True,True,15.0,25.0,47.0,42.86102090628866,38.36685461788926,40.36007544311133,+++,STABLE_POSITIVE,2.2518580511684063,4.4941662883993985,0.05556121391767403,40.36007544311133,38.36685461788926,42.86102090628866,41.85633264060038,43.86570917197694,STRONG_POSITIVE,2.00937653137656,False,500,37.71874647957864,31.34086787576341,35.5565683504663,42.53999976624537,44.45672484788808,0.956,0.04400000000000004,6.983431415779073,VERY_STABLE_POSITIVE,False,42.86102090628866,0.0
A61278912,대우마리나3,우동,해운대구,82.99199779249447,MEDIUM,True,True,True,16.0,28.0,44.0,-34.099827491928124,-32.317335617043284,-33.04661531892338,---,STABLE_NEGATIVE,0.8961382007415831,1.7824918748848404,0.027029081789544995,-33.04661531892338,-34.099827491928124,-32.317335617043284,-43.67984087411496,-24.519814109741287,STRONG_NEGATIVE,19.160026764373672,False,500,-33.06308783397674,-52.72496142714361,-42.5190120392128,-19.757518440664853,-11.999137796614008,0.0,1.0,22.761493598547943,VERY_STABLE_NEGATIVE,False,-34.099827491928124,0.0
A61279802,일동미라주,반여동,해운대구,37.38101545253864,HIGH,True,True,True,11.0,16.0,32.0,15.244712527785314,12.949526211800183,10.895111985389498,+++,STABLE_POSITIVE,2.175910649098977,4.349600542395816,0.1669951489658852,12.949526211800183,10.895111985389498,15.244712527785314,8.104874696197628,22.384550359373,STRONG_POSITIVE,14.279675663175373,False,500,12.70931755720706,4.049568403135765,8.558448565569819,15.180677985032343,18.18554389428057,1.0,0.0,6.622229419462524,VERY_STABLE_POSITIVE,False,15.244712527785312,0.0
A61279804,센텀SKVIEW아파트,반여동,해운대구,64.27847682119204,MEDIUM,True,True,True,19.0,49.0,96.0,12.730960909909628,23.32024054353299,20.22681369534856,+++,STABLE_POSITIVE,5.44502742272114,10.589279633623361,0.29025690094037176,20.22681369534856,12.730960909909628,23.32024054353299,15.407471036198606,10.05445078362065,STRONG_POSITIVE,5.353020252577956,False,500,23.041938224323562,8.71895236656904,16.05424376564418,25.856952215682472,30.085614741185648,1.0,0.0,9.802708450038292,VERY_STABLE_POSITIVE,False,12.730960909909628,0.0
A61280805,삼한그린타운1,반송동,해운대구,38.63543046357616,HIGH,True,True,True,7.0,16.0,27.0,34.71110612144123,31.69704364580808,28.783403306915844,+++,STABLE_POSITIVE,2.9639931761272136,5.927702814525389,0.09341143453614804,31.69704364580808,28.783403306915844,34.71110612144123,6.034546702746535,63.38766554013593,STRONG_POSITIVE,57.35311883738939,False,500,31.667439531585483,26.96731661466602,29.5455098924429,34.40861481909005,37.07429337842651,1.0,0.0,4.863104926647146,VERY_STABLE_POSITIVE,False,34.71110612144123,0.0
A61281117,센텀대림,반여동,해운대구,72.56655629139073,HIGH,True,True,True,28.0,62.0,120.0,19.883337670579415,19.568486307360743,20.0881948240417,+++,STABLE_POSITIVE,0.2617870561340671,0.5197085166809572,0.013190475653260285,19.883337670579415,19.568486307360743,20.0881948240417,11.198575687125524,28.568099654033304,STRONG_POSITIVE,17.369523966907778,False,500,19.27008404438575,8.643448651498419,14.986182210974027,21.787827307304404,25.3921484494541,1.0,0.0,6.801645096330377,VERY_STABLE_POSITIVE,False,19.88333767057941,0.0
A61281512,센텀피오레1차,재송동,해운대구,40.814403973509926,MEDIUM,True,True,True,26.0,64.0,89.0,16.353341850149363,13.077113886653041,18.760787573588097,+++,STABLE_POSITIVE,2.8528819101526275,5.683673686935055,0.17759752898121545,16.353341850149363,13.077113886653041,18.760787573588097,7.389080630514455,25.31760306978427,STRONG_POSITIVE,17.928522439269813,False,500,12.718838838706683,-35.35297263207924,1.5265893476022043,17.949676629483978,23.121792688354226,0.756,0.244,16.423087281881774,STABLE_POSITIVE,False,16.353341850149363,0.0
A61282215,대우마리나1,우동,해운대구,82.99199779249447,MEDIUM,True,True,True,9.0,34.0,62.0,-49.04305344851391,-38.80104331157863,-30.637526358125648,---,STABLE_NEGATIVE,9.222302750844602,18.40552709038826,0.23351223189210038,-38.80104331157863,-49.04305344851391,-30.637526358125648,-80.84377819901714,-17.242328698010677,STRONG_NEGATIVE,63.601449501006456,True,500,-39.54672205550995,-61.7463733504786,-53.620960147904555,-36.56360577397996,-31.565630974205078,0.0,1.0,17.057354373924596,VERY_STABLE_NEGATIVE,False,-49.0430534485139,0.0
A61282705,센텀센시빌,우동,해운대구,65.61307947019867,MEDIUM,True,True,True,13.0,36.0,51.0,38.89249758252501,39.49899531989968,39.01757404875402,+++,STABLE_POSITIVE,0.32022129539752847,0.6064977373746672,0.008182195047951882,39.01757404875402,38.89249758252501,39.49899531989968,28.24721632152748,49.53777884352254,STRONG_POSITIVE,21.29056252199506,False,500,39.415479322410675,25.332254975656856,27.62548309840158,40.47068835995087,47.64978240336898,1.0,0.0,12.845205261549289,VERY_STABLE_POSITIVE,False,38.89249758252501,0.0
A61283211,재송그린,재송동,해운대구,26.85298013245033,HIGH,True,True,True,1.0,5.0,17.0,51.300020959967085,41.12019287370595,42.43318912113938,+++,STABLE_POSITIVE,5.537351440740931,10.179828086261132,0.12318602243793039,42.43318912113938,41.12019287370595,51.300020959967085,27.0019174705892,55.75060542061076,STRONG_POSITIVE,28.748687950021562,False,500,38.64545846687044,21.742929333481758,34.461419141963944,43.55231915585233,51.10226304197222,1.0,0.0,9.090900013888387,VERY_STABLE_POSITIVE,False,41.37626144559998,0.0
A61283410,장산동국,재송동,해운대구,47.1682119205298,MEDIUM,True,True,True,6.0,15.0,33.0,69.5316519622852,72.44275235793143,70.44905945188313,+++,STABLE_POSITIVE,1.48834099022644,2.91110039564623,0.021019443386299623,70.44905945188313,69.5316519622852,72.44275235793143,66.52412713700933,72.53917678756106,STRONG_POSITIVE,6.015049650551731,False,500,71.44282875643819,63.03318112445124,70.15050659804142,73.37946277717805,77.02097702134546,1.0,0.0,3.228956179136631,VERY_STABLE_POSITIVE,True,69.5316519622852,0.0
A61286403,센텀이편한세상,재송동,해운대구,40.814403973509926,MEDIUM,True,True,True,31.0,81.0,120.0,-18.404600705616545,-22.881447665220847,-11.793372151532346,---,STABLE_NEGATIVE,5.5781705527188015,11.088075513688501,0.3152730661613728,-18.404600705616545,-22.881447665220847,-11.793372151532346,-20.00909106752595,-16.80011034370714,STRONG_NEGATIVE,3.2089807238188115,False,500,-22.76386774847876,-79.75906635295227,-29.05791441911412,-6.999885737290864,7.220989660699095,0.114,0.886,22.058028681823256,STABLE_NEGATIVE,False,-18.404600705616545,0.0
A61286810,반도보라빌,우동,해운대구,72.85044150110376,HIGH,True,True,True,14.0,24.0,37.0,34.78225926922217,34.16600790102338,33.02762862665918,+++,STABLE_POSITIVE,0.8901686930885506,1.7546306425629936,0.026187620696014612,34.16600790102338,33.02762862665918,34.78225926922217,25.527401092153823,42.82858020021519,STRONG_POSITIVE,17.30117910806137,False,500,32.581627674201684,19.065669477174666,29.086994121773074,34.903440758705464,36.75537452796058,1.0,0.0,5.81644663693239,VERY_STABLE_POSITIVE,False,34.177990646184504,0.0
A61288603,해운대래미안,중동,해운대구,61.5385761589404,HIGH,True,True,True,10.0,39.0,72.0,-12.524228554829518,-12.64002846572556,-11.960043111132467,---,STABLE_NEGATIVE,0.3637982308698655,0.679985354593093,0.02939839104678592,-12.524228554829518,-12.64002846572556,-11.960043111132467,-17.458954296042094,-7.589502813616943,STRONG_NEGATIVE,9.869451482425152,False,500,-13.328238126014087,-29.280007967789146,-16.771725578984043,-10.734206464449482,-3.8377092456208617,0.032,0.968,6.037519114534561,VERY_STABLE_NEGATIVE,False,-12.52422855482952,0.0
A61301003,삼익비치,남천동,수영구,53.67406181015453,LOW,True,True,True,90.0,242.0,354.0,-19.119245523959602,-22.42672342296297,-20.755503762502524,---,STABLE_NEGATIVE,1.653769745616805,3.3074778990033664,0.07963389982753744,-20.755503762502524,-22.42672342296297,-19.119245523959602,-19.1192455239596,,INSUFFICIENT,,False,500,-22.54046201937847,-26.238654322308285,-23.67444061361263,-21.802919008471136,-20.265647081874143,0.0,1.0,1.8715216051414956,VERY_STABLE_NEGATIVE,False,-19.1192455239596,0.0
A61310007,쌍용예가디오션,광안동,수영구,56.86467991169978,HIGH,True,True,True,14.0,33.0,69.0,-47.99112137721965,-35.51152703051688,-37.524838831635236,---,STABLE_NEGATIVE,6.699959823147985,12.479594346702768,0.16607697910549707,-37.524838831635236,-47.99112137721965,-35.51152703051688,-67.08118578553876,-28.90105696890053,STRONG_NEGATIVE,38.18012881663823,False,500,-39.8220380082098,-63.595608515430726,-46.61867061138398,-33.60638818086046,-27.902419725215204,0.0,1.0,13.01228243052352,VERY_STABLE_NEGATIVE,False,-47.99112137721965,0.0
A61313001,삼성,망미동,수영구,51.00756070640177,LOW,True,True,True,4.0,19.0,27.0,21.13988536772774,37.24676711541491,40.07405474803103,+++,STABLE_POSITIVE,10.213781254703022,18.93416938030329,0.3112037748435723,37.24676711541491,21.13988536772774,40.07405474803103,21.13988536772774,,INSUFFICIENT,,False,500,38.125964634243715,32.3440845564965,36.62691900195156,42.83867686298367,46.475817930511596,1.0,0.0,6.211757861032105,VERY_STABLE_POSITIVE,False,21.13988536772774,0.0
A61313002,더샵파크리치,망미동,수영구,51.00756070640177,LOW,True,True,True,7.0,21.0,33.0,5.957440543634849,13.718792722726059,15.98309756652439,+++,STABLE_POSITIVE,5.258001249114642,10.025657022889542,0.4423527693569903,13.718792722726059,5.957440543634849,15.98309756652439,-19.74704055932484,31.661921646594536,MIXED_POSITIVE_COMPARABLE,51.40896220591938,False,500,13.099635933345695,-1.7362827355994552,8.525842060268364,15.105688907053752,20.04389667950519,0.94,0.06000000000000005,6.579846846785388,VERY_STABLE_POSITIVE,False,5.95744054363485,0.0
A61313203,이편한세상3차,망미동,수영구,38.459216335540845,LOW,True,True,True,8.0,18.0,31.0,16.220976456041754,10.497791235255061,19.170568272880594,+++,STABLE_POSITIVE,4.409686355092967,8.672777037625533,0.28828177151235973,16.220976456041754,10.497791235255061,19.170568272880594,-2.685930103217637,35.127883015301144,MIXED_POSITIVE_COMPARABLE,37.81381311851878,False,500,11.313216083431955,-2.191159921462119,6.567165467366675,14.71144987510691,20.84444803941966,0.896,0.10399999999999998,8.144284407740233,STABLE_POSITIVE,False,16.220976456041754,0.0
A61375202,광원,광안동,수영구,71.04155629139072,MEDIUM,True,True,True,14.0,22.0,36.0,43.495351170341536,38.764470334134366,39.611298861161785,+++,STABLE_POSITIVE,2.522704051245549,4.73088083620717,0.06209930729307157,39.611298861161785,38.764470334134366,43.495351170341536,33.52848712339891,53.46221521728417,STRONG_POSITIVE,19.933728093885257,False,500,39.656643626754104,33.753379387035594,37.211282429517546,45.96855228072381,50.337812180976336,0.998,0.0020000000000000018,8.757269851206267,VERY_STABLE_POSITIVE,False,43.495351170341536,0.0
A61375603,비치-그린아파트,광안동,수영구,71.04155629139072,LOW,True,True,True,17.0,42.0,78.0,30.494482823493577,28.522863589134808,28.770105799784673,+++,STABLE_POSITIVE,1.074080012220976,1.9716192343587693,0.03670501826236286,28.770105799784673,28.522863589134808,30.494482823493577,30.494482823493573,,INSUFFICIENT,,False,500,29.620151557418538,26.869103448097835,28.461121720028764,30.454332901510085,33.51521296008335,1.0,0.0,1.9932111814813211,VERY_STABLE_POSITIVE,False,30.494482823493573,0.0
A61375702,현대,수영동,수영구,58.72201986754967,LOW,True,True,True,8.0,25.0,49.0,-17.095549988821812,-23.76415627863606,-26.52513034049313,---,STABLE_NEGATIVE,4.847856454616884,9.42958035167132,0.21582851715536547,-23.76415627863606,-26.52513034049313,-17.095549988821812,-17.095549988821812,,INSUFFICIENT,,False,500,-23.485327856941794,-29.652201620145036,-26.956190408362456,-21.865090085963907,-17.838821230348945,0.0,1.0,5.09110032239855,VERY_STABLE_NEGATIVE,False,-17.095549988821812,0.0
A61377105,센텀비치푸르지오,민락동,수영구,42.56953642384106,MEDIUM,True,True,True,18.0,45.0,63.0,12.174285790971046,7.416634377061666,11.957337687319985,+++,STABLE_POSITIVE,2.6863947342036494,4.757651413909381,0.2554557604911794,11.957337687319985,7.416634377061666,12.174285790971046,4.130065596878541,20.21850598506355,STRONG_POSITIVE,16.08844038818501,False,500,7.6839435757353245,-5.777767882993689,-0.14146007682258444,14.603882168358233,18.891231141187628,0.742,0.258,14.745342245180817,UNCERTAIN,False,12.174285790971046,0.0
A61377106,부산더샵센텀포레,민락동,수영구,58.72201986754967,HIGH,True,True,True,23.0,65.0,126.0,-18.612180249610866,-11.93211789418118,-9.191003240319427,---,STABLE_NEGATIVE,4.845883456750448,9.421177009291439,0.365862340635583,-11.93211789418118,-18.612180249610866,-9.191003240319427,-18.091738679641463,-19.132621819580265,STRONG_NEGATIVE,1.0408831399388028,False,500,-11.776609853149333,-35.44042358043211,-16.296579360867874,-6.674946136670908,1.0423351538029293,0.082,0.918,9.621633224196966,VERY_STABLE_NEGATIVE,False,-18.612180249610866,0.0
A61377204,롯데캐슬자이언트,민락동,수영구,42.56953642384106,LOW,True,True,True,9.0,13.0,25.0,5.352023036558496,-8.0030883403177,3.088407541688565,+-+,MIXED,7.147309935655805,13.355111376876195,,3.088407541688565,-8.0030883403177,5.352023036558496,-1.303554525867734,12.007600598984723,MIXED_POSITIVE_COMPARABLE,13.311155124852457,False,500,-0.8559989755444335,-17.217653441251247,-5.678808729224071,9.363450089497874,16.378285264290934,0.464,0.536,15.042258818721946,UNCERTAIN,False,5.352023036558496,0.0
A61381805,코오롱하늘채골든비치,남천동,수영구,53.67406181015453,LOW,True,True,True,15.0,37.0,59.0,14.442330502495322,15.968005949397575,46.13566037433228,+++,STABLE_POSITIVE,17.87401380699849,31.69332987183696,0.7005205189597086,15.968005949397575,14.442330502495322,46.13566037433228,41.25289449289903,-12.368233487908388,MIXED_POSITIVE_RESIDUAL,53.621127980807415,False,500,16.92535654344384,-6.203734314602116,12.18930399338376,21.375561690636097,26.370580221929377,0.828,0.17200000000000004,9.186257697252337,STABLE_POSITIVE,True,14.44233050249532,0.0
A61381903,뉴비치,남천동,수영구,77.64387417218543,LOW,True,True,True,15.0,54.0,86.0,12.716109565598742,16.365786799655822,20.754771057789064,+++,STABLE_POSITIVE,4.024992863698839,8.038661492190322,0.24229105226071457,16.365786799655822,12.716109565598742,20.754771057789064,12.716109565598744,,INSUFFICIENT,,False,500,16.177284408983958,12.410814153204031,14.142641358345491,18.13739911538158,22.10280505059268,0.978,0.02200000000000002,3.994757757036089,VERY_STABLE_POSITIVE,False,12.716109565598744,0.0
A61383101,수영협성르네상스타운,수영동,수영구,38.459216335540845,LOW,True,True,True,3.0,10.0,22.0,-7.27493437819694,-4.680660856489142,-5.297669250176021,---,STABLE_NEGATIVE,1.3552694596648684,2.594273521707798,0.23565443992132143,-5.297669250176021,-7.27493437819694,-4.680660856489142,16.554790067349757,-31.10465882374364,MIXED_POSITIVE_RESIDUAL,47.6594488910934,False,500,-6.367857374529569,-23.531983965712808,-10.052949521141214,-2.929044577966774,17.589436286279692,0.18,0.8200000000000001,7.1239049431744395,STABLE_NEGATIVE,False,-7.27493437819694,0.0
A61402003,서면베르빌2,범천동,부산진구,43.54536423841059,LOW,True,True,True,5.0,19.0,28.0,36.371744426976726,43.30862841379396,37.27062020912406,+++,STABLE_POSITIVE,3.7723971202661355,6.936883986817236,0.09676866408453802,37.27062020912406,36.371744426976726,43.30862841379396,36.371744426976726,,INSUFFICIENT,,False,500,43.23821426844815,36.693950846733166,37.585402651234446,45.945286815171926,48.107760196129924,1.0,0.0,8.35988416393748,VERY_STABLE_POSITIVE,False,36.371744426976726,0.0
A61403001,더샵센트럴스타,부전동,부산진구,47.90739514348786,LOW,True,True,True,17.0,40.0,67.0,-8.020026878371,-8.77202791159679,-10.25584268288815,---,STABLE_NEGATIVE,1.137693876606222,2.2358158045171503,0.1261865782079321,-8.77202791159679,-10.25584268288815,-8.020026878371,-8.020026878371,,INSUFFICIENT,,False,500,-9.967804526127821,-15.382830202061282,-12.058409978363748,-8.115925164914234,-3.389134318884877,0.002,0.998,3.9424848134495143,VERY_STABLE_NEGATIVE,False,-8.020026878371,0.0
A61404006,서면한신,전포동,부산진구,53.49387417218543,LOW,True,True,True,15.0,34.0,54.0,-0.3626855294503346,2.8727284890981806,1.402236950612906,-++,MIXED,1.6199383011300987,3.235414018548515,1.2421950920854208,1.402236950612906,-0.3626855294503346,2.8727284890981806,-7.555616454936164,6.830245396035495,MIXED_POSITIVE_COMPARABLE,14.385861850971658,False,500,3.0211908945785293,-54.3696457437845,-9.044597258953896,13.179640099821992,20.083485679894697,0.586,0.41400000000000003,22.224237358775888,UNCERTAIN,False,-0.3626855294503346,0.0
A61404007,서면롯데캐슬스카이,전포동,부산진구,53.49387417218543,MEDIUM,True,True,True,34.0,64.0,110.0,-34.06729560927978,-33.03228304422281,-27.942275040889008,---,STABLE_NEGATIVE,3.27860004288004,6.125020568390774,0.10348914448014947,-33.03228304422281,-34.06729560927978,-27.942275040889008,-40.62460193603705,-27.509989282522508,STRONG_NEGATIVE,13.114612653514545,False,500,-32.70590899265739,-99.36799868872474,-53.48403712163038,-15.791917942432569,0.029704590270013296,0.052,0.948,37.69211917919781,VERY_STABLE_NEGATIVE,False,-34.06729560927978,0.0
A61404203,서면대우디오빌2,전포동,부산진구,53.49387417218543,MEDIUM,True,True,True,9.0,18.0,52.0,54.80354907673872,52.82455411635931,48.736454168083554,+++,STABLE_POSITIVE,3.0940432789186154,6.067094908655164,0.05936210860953193,52.82455411635931,48.736454168083554,54.80354907673872,50.35137861505671,59.25571953842072,STRONG_POSITIVE,8.90434092336401,False,500,52.88162978799641,38.429453372128386,49.159682045846615,56.452309064381296,60.28866257233628,1.0,0.0,7.292627018534681,VERY_STABLE_POSITIVE,False,54.80354907673871,0.0
A61409002,쌍용스윗닷홈스카이,부암동,부산진구,57.03956953642385,LOW,True,True,True,12.0,27.0,52.0,-9.705929667636692,-22.611833179310224,-17.454844623495426,---,STABLE_NEGATIVE,6.496185539870855,12.905903511673532,0.3915518517125292,-17.454844623495426,-22.611833179310224,-9.705929667636692,-23.29912686964404,3.887267534370653,MIXED_POSITIVE_COMPARABLE,27.186394404014695,False,500,-23.588675128146953,-40.696360033344924,-27.65017948456866,-10.241517673116572,-2.9664552987838526,0.032,0.968,17.408661811452088,VERY_STABLE_NEGATIVE,False,-9.705929667636692,0.0
A61409003,일성인포,부암동,부산진구,57.03956953642385,HIGH,True,True,True,4.0,10.0,27.0,29.509207755897904,33.3093648966711,34.428773546859105,+++,STABLE_POSITIVE,2.578642976201531,4.919565790961201,0.07954899779722818,33.3093648966711,29.509207755897904,34.428773546859105,18.34103566083561,40.67737985096019,STRONG_POSITIVE,22.33634419012458,False,500,31.548312065356107,18.033270768616447,24.516589777523635,34.14716565906659,36.232655515070824,1.0,0.0,9.630575881542953,VERY_STABLE_POSITIVE,False,29.509207755897904,0.0
A61409004,타워베르빌,부암동,부산진구,41.84972406181016,MEDIUM,True,True,True,5.0,19.0,41.0,12.6292933725625,15.451904953839108,18.858420343639516,+++,STABLE_POSITIVE,3.119121298846385,6.229126971077015,0.1993489542877651,15.451904953839108,12.6292933725625,18.858420343639516,6.013812158290433,19.244774586834566,STRONG_POSITIVE,13.230962428544133,False,500,14.894442481333716,-8.626025922364555,-4.961664841972672,16.762253009973136,20.778140697714424,0.68,0.31999999999999995,21.723917851945806,UNCERTAIN,False,12.6292933725625,0.0
A61409005,부산서면동문굿모닝힐,부암동,부산진구,41.84972406181016,MEDIUM,True,True,True,15.0,30.0,43.0,-8.636266982844319,-21.897883986982578,-8.32763097476007,---,STABLE_NEGATIVE,7.747230780152665,13.570253012222508,0.5980603867727511,-8.636266982844319,-21.897883986982578,-8.32763097476007,-13.010812435698393,-4.261721529990248,STRONG_NEGATIVE,8.749090905708144,False,500,-21.9442556615622,-40.8045214896176,-28.184887444397475,-8.915570032296284,-1.5535853268140836,0.026,0.974,19.26931741210119,VERY_STABLE_NEGATIVE,False,-8.63626698284432,0.0
A61409302,당감뜨란채,부암동,부산진구,51.35524282560706,HIGH,True,True,True,30.0,42.0,65.0,34.00095199226136,33.039812855183314,33.373618040670785,+++,STABLE_POSITIVE,0.4879826208482759,0.9611391370780495,0.014579065472881509,33.373618040670785,33.039812855183314,34.00095199226136,27.410781650066298,40.59112233445643,STRONG_POSITIVE,13.180340684390131,False,500,31.987358144789315,19.64862241692378,24.138704431112945,33.81712642978546,35.429922822186775,1.0,0.0,9.678421998672516,VERY_STABLE_POSITIVE,False,34.00095199226136,0.0
A61410304,"삼익(10,11동)",당감동,부산진구,48.909823399558505,MEDIUM,True,True,True,7.0,14.0,26.0,-55.86702944969298,-45.21587810536059,-56.665179034588334,---,STABLE_NEGATIVE,6.392320385793118,11.449300929227746,0.12156699692507432,-55.86702944969298,-56.665179034588334,-45.21587810536059,-69.42039616711705,-42.31366273226892,STRONG_NEGATIVE,27.10673343484813,False,500,-43.60278136079102,-74.95784037398177,-54.1723025927904,-32.841831913822624,-25.304834298540378,0.0,1.0,21.330470678967778,VERY_STABLE_NEGATIVE,True,-55.86702944969298,0.0
A61473002,네오스포,부전동,부산진구,43.63923841059604,HIGH,True,True,True,19.0,33.0,56.0,29.60979372242143,30.826142190487577,31.6560542713177,+++,STABLE_POSITIVE,1.0291938505163412,2.046260548896271,0.03352714547022415,30.826142190487577,29.60979372242143,31.6560542713177,29.079990679170187,30.139596765672668,STRONG_POSITIVE,1.0596060865024803,False,500,31.110318747374343,21.844923951059073,27.484719434260217,34.1369641334653,37.42962882724331,1.0,0.0,6.652244699205081,VERY_STABLE_POSITIVE,False,29.609793722421426,0.0
A61475202,태화현대1,당감동,부산진구,62.1960816777042,MEDIUM,True,True,True,8.0,22.0,42.0,-36.59481700767678,-14.54223119055168,-16.39445860288489,---,STABLE_NEGATIVE,12.232482490557071,22.0525858171251,0.5434122413371977,-16.39445860288489,-36.59481700767678,-14.54223119055168,-16.19423529608803,-56.99539871926553,STRONG_NEGATIVE,40.8011634231775,False,500,-14.631703642197724,-40.771589061981054,-22.222262886282998,-2.0456184382169784,4.402323664779784,0.196,0.804,20.17664444806602,STABLE_NEGATIVE,False,-36.59481700767678,0.0
A61475403,현대1차,양정동,부산진구,13.76583885209713,MEDIUM,True,True,True,49.0,96.0,163.0,-26.349200699583875,-22.5586884648992,-24.94446573350291,---,STABLE_NEGATIVE,1.9162983632344806,3.7905122346846767,0.07784308432201692,-24.94446573350291,-26.349200699583875,-22.5586884648992,-7.826938879959411,-44.871462519208336,STRONG_NEGATIVE,37.04452363924892,False,500,-23.01419215957827,-33.918770096007904,-26.79959786082811,-20.10617707791805,-13.444941864238885,0.0,1.0,6.69342078291006,VERY_STABLE_NEGATIVE,False,-26.349200699583875,0.0
A61475512,개금주공2,개금동,부산진구,34.290342163355405,LOW,True,True,True,29.0,82.0,140.0,-0.143382832090877,-2.1040961929128246,-3.169764847821932,---,STABLE_NEGATIVE,1.5350914560432465,3.026382015731055,0.8501139096268209,-2.1040961929128246,-3.169764847821932,-0.143382832090877,-2.3785364415022654,2.0917707773205114,MIXED_POSITIVE_COMPARABLE,4.470307218822777,False,500,-3.6941059024655107,-37.29303288197895,-30.56590502867429,1.4952610442741179,21.022548108345354,0.34,0.6599999999999999,32.06116607294841,UNCERTAIN,False,-0.143382832090877,0.0
A61475903,태화현대2,당감동,부산진구,62.1960816777042,LOW,True,True,True,11.0,28.0,50.0,-17.7907062496372,-16.83156260823141,-14.968661627443113,---,STABLE_NEGATIVE,1.4349385839775928,2.8220446221940865,0.0868065130015622,-16.83156260823141,-17.7907062496372,-14.968661627443113,0.6043421079487521,-36.18575460722315,MIXED_POSITIVE_RESIDUAL,36.790096715171906,False,500,-16.610253148922848,-44.87287936039005,-26.231421773937157,-6.807177862114678,0.44939504203800956,0.066,0.9339999999999999,19.42424391182248,VERY_STABLE_NEGATIVE,False,-17.7907062496372,0.0
A61476002,경남,범천동,부산진구,31.81804635761589,MEDIUM,True,True,True,12.0,29.0,64.0,-23.741756657817405,-16.22507746952386,-13.597428303352789,---,STABLE_NEGATIVE,5.264858401441891,10.144328354464616,0.2948715148418597,-16.22507746952386,-23.741756657817405,-13.597428303352789,-12.83796781324087,-34.64554550239394,STRONG_NEGATIVE,21.807577689153067,False,500,-14.56469003379388,-25.13375938040924,-18.86943494312314,-8.498890605848441,1.2245995797376255,0.064,0.9359999999999999,10.370544337274698,VERY_STABLE_NEGATIVE,False,-23.7417566578174,0.0
A61476004,범천LH,범천동,부산진구,31.81804635761589,LOW,False,False,False,,,,,,,NANANA,INSUFFICIENT,,,,,,,,,INSUFFICIENT,,False,0,,,,,,,,,,False,,
A61476403,벽산1,가야동,부산진구,71.48399558498896,HIGH,True,True,True,17.0,30.0,60.0,33.897658503068484,32.706841165528395,32.17646167034211,+++,STABLE_POSITIVE,0.8814634495435647,1.7211968327263776,0.026770243099348015,32.706841165528395,32.17646167034211,33.897658503068484,30.683107638386097,37.11220936775088,STRONG_POSITIVE,6.429101729364781,False,500,33.48804086759084,26.55740139254988,31.542894478229137,36.258539836940564,37.94352763324625,1.0,0.0,4.715645358711427,VERY_STABLE_POSITIVE,False,33.897658503068484,0.0
A61477009,개금우드빌,개금동,부산진구,37.058388520971306,MEDIUM,True,True,True,18.0,35.0,63.0,33.47943870983693,34.401691764782186,33.735934224947925,+++,STABLE_POSITIVE,0.47602061378230337,0.9222530549452586,0.014053366386531678,33.735934224947925,33.47943870983693,34.401691764782186,33.38713519247876,33.5717422271951,STRONG_POSITIVE,0.18460703471634332,False,500,35.26689841652686,16.719373544206857,33.12143311527382,37.977707545585545,50.16764909713867,0.986,0.014000000000000012,4.8562744303117285,VERY_STABLE_POSITIVE,False,33.479438709836934,0.0
A61477105,개금아이파크,개금동,부산진구,52.17086092715231,LOW,True,True,True,22.0,48.0,79.0,8.805548278436321,12.828325363064513,13.476533323383316,+++,STABLE_POSITIVE,2.530514121759609,4.670985044946995,0.21621915043227916,12.828325363064513,8.805548278436321,13.476533323383316,26.02227735678998,-8.41118079991734,MIXED_POSITIVE_RESIDUAL,34.43345815670732,False,500,12.609247289294641,-20.119009851029848,-14.593826425800284,20.145625965057455,40.59576484103329,0.632,0.368,34.739452390857736,UNCERTAIN,False,8.80554827843632,0.0
A61477302,서면노르웨이아침,전포동,부산진구,47.90739514348786,MEDIUM,True,True,True,5.0,8.0,19.0,61.18427827017757,59.67337336666326,56.965232573734795,+++,STABLE_POSITIVE,2.137646945064406,4.219045696442777,0.036063641997838104,59.67337336666326,56.965232573734795,61.18427827017757,55.27503682406955,67.0935197162856,STRONG_POSITIVE,11.818482892216046,False,500,60.21938666940144,53.91721286151978,57.729485195176295,63.187092469511555,66.43032293466851,1.0,0.0,5.45760727433526,VERY_STABLE_POSITIVE,False,61.18427827017758,0.0
A61477403,시영(1~5동),개금동,부산진구,52.17086092715231,MEDIUM,True,True,True,14.0,19.0,36.0,42.54583634330403,43.217563215709646,42.11610876358989,+++,STABLE_POSITIVE,0.5551403267002598,1.1014544521197536,0.013023360833538682,42.54583634330403,42.11610876358989,43.217563215709646,27.747414089406064,57.34425859720201,STRONG_POSITIVE,29.596844507795943,False,500,45.264591139644466,29.477666928990498,42.21373834939533,48.41092935491205,54.40170004699011,1.0,0.0,6.197191005516721,VERY_STABLE_POSITIVE,False,42.54583634330404,0.0
A61477806,국제백양,당감동,부산진구,37.058388520971306,MEDIUM,True,True,True,21.0,34.0,60.0,41.70825093948673,42.61146109804936,41.23864187284333,+++,STABLE_POSITIVE,0.6977289219436273,1.3728192252060296,0.016671027459669863,41.70825093948673,41.23864187284333,42.61146109804936,39.522682658368126,43.89381922060533,STRONG_POSITIVE,4.371136562237204,False,500,42.735673129392694,34.446969609643794,36.523729314323376,43.83347591536799,45.49882864227012,1.0,0.0,7.3097466010446155,VERY_STABLE_POSITIVE,False,41.70825093948672,0.0
A61478807,화인,연지동,부산진구,67.58669977924946,MEDIUM,True,True,True,8.0,20.0,35.0,25.562401904063925,25.71045121253198,27.073236714031605,+++,STABLE_POSITIVE,0.8328389944286483,1.5108348099676796,0.031890768112197605,25.71045121253198,25.562401904063925,27.073236714031605,9.322312793520638,41.80249101460721,STRONG_POSITIVE,32.480178221086575,False,500,26.07068803729878,3.919218529081001,13.528933551765457,28.88981608150097,38.766703651360494,0.974,0.026000000000000023,15.360882529735514,VERY_STABLE_POSITIVE,False,25.562401904063925,0.0
A61478901,연지자이2차,연지동,부산진구,67.58669977924946,MEDIUM,True,True,True,43.0,75.0,116.0,-28.55940960844957,-28.11582103327197,-28.433538333945343,---,STABLE_NEGATIVE,0.22860398251145506,0.44358857517759986,0.008058064471951685,-28.433538333945343,-28.55940960844957,-28.11582103327197,-2.828993622227638,-54.28982559467151,STRONG_NEGATIVE,51.46083197244388,False,500,-27.564929555432883,-43.433819443820944,-28.583750588007284,1.2591748029990388,22.98297162133839,0.306,0.694,29.84292539100632,UNCERTAIN,False,-28.55940960844957,0.0
A61479104,현대2차,양정동,부산진구,13.76583885209713,MEDIUM,True,True,True,58.0,87.0,156.0,-32.43163456991159,-33.21725661175897,-22.652399048831757,---,STABLE_NEGATIVE,5.885955950315495,10.564857562927212,0.19997293136773267,-32.43163456991159,-33.21725661175897,-22.652399048831757,-12.83600379297838,-52.0272653468448,STRONG_NEGATIVE,39.19126155386642,False,500,-28.661884328708116,-41.40591757783594,-33.24150739233296,-23.67311338610493,-17.904817557234455,0.0,1.0,9.568394006228033,VERY_STABLE_NEGATIVE,False,-32.431634569911594,0.0
A61479403,쌍용스윗닷홈,부암동,부산진구,51.35524282560706,MEDIUM,True,True,True,10.0,25.0,47.0,23.61456460019166,27.74955837826989,28.59797903652067,+++,STABLE_POSITIVE,2.6662211274356302,4.98341443632901,0.10003067929365099,27.74955837826989,23.61456460019166,28.59797903652067,14.351708835082055,32.87742036530126,STRONG_POSITIVE,18.525711530219205,False,500,27.74955837826989,8.093217551048369,19.999988875925165,28.61135636837762,30.82994768411161,1.0,0.0,8.611367492452455,VERY_STABLE_POSITIVE,False,23.614564600191656,0.0
A61479502,반도보라빌,가야동,부산진구,71.48399558498896,LOW,True,True,True,20.0,43.0,67.0,-4.067934414807796,-4.885716898757476,2.6571200338775007,--+,MIXED,4.1390319826653315,7.542836932634977,1.9720534047139244,-4.067934414807796,-4.885716898757476,2.6571200338775007,4.029247338076791,-12.16511616769238,MIXED_POSITIVE_RESIDUAL,16.19436350576917,False,500,-3.976473217505063,-16.2497252981186,-9.431885681501818,1.8479151417156428,5.995435627333615,0.328,0.6719999999999999,11.27980082321746,UNCERTAIN,False,-4.0679344148077945,0.0
A61479605,동일스위트,당감동,부산진구,37.058388520971306,MEDIUM,True,True,True,19.0,43.0,79.0,20.413602271836226,20.76969540948541,20.325028728689787,+++,STABLE_POSITIVE,0.23536356707448494,0.4446666807956241,0.011479595404965005,20.413602271836226,20.325028728689787,20.76969540948541,24.312741326025737,16.514463217646714,STRONG_POSITIVE,7.798278108379023,False,500,20.41612216178303,-7.135905873846255,9.664249152515936,21.829544469344896,23.480878405622928,0.878,0.122,12.16529531682896,STABLE_POSITIVE,False,20.413602271836226,0.0
A61479902,대원칸타빌멤버스,양정동,부산진구,83.05761589403974,LOW,True,True,True,11.0,28.0,53.0,6.566607945015539,11.16512637914846,18.866133631171916,+++,STABLE_POSITIVE,6.214636173169468,12.299525686156377,0.5094260830237831,11.16512637914846,6.566607945015539,18.866133631171916,28.46994848312904,-15.33673259309796,MIXED_POSITIVE_RESIDUAL,43.806681076227,False,500,14.084224006426336,-1.4457780574399202,7.629472464937473,18.381458651034677,25.45858709987815,0.918,0.08199999999999996,10.751986186097204,VERY_STABLE_POSITIVE,False,6.566607945015537,0.0
A61480908,동원화인패밀리,개금동,부산진구,37.058388520971306,MEDIUM,True,True,True,16.0,31.0,48.0,34.59594494865854,34.67261810023638,34.01629978694529,+++,STABLE_POSITIVE,0.3588456060832937,0.6563183132910879,0.010422987344824348,34.59594494865854,34.01629978694529,34.67261810023638,37.96046037612752,31.23142952118957,STRONG_POSITIVE,6.729030854937953,False,500,34.66395776287795,12.526644230800823,32.80037617338659,38.100483418711754,50.730586132284586,0.992,0.008000000000000007,5.300107245325165,VERY_STABLE_POSITIVE,False,34.59594494865854,0.0
A61480910,개금2지구도개공임대아파트,개금동,부산진구,37.058388520971306,LOW,False,False,False,,,,,,,NANANA,INSUFFICIENT,,,,,,,,,INSUFFICIENT,,False,0,,,,,,,,,,False,,
A61481111,엘지신개금(2-1),개금동,부산진구,40.102041942604856,LOW,True,True,True,23.0,62.0,116.0,-8.313798727498384,-4.53991045465305,-1.5467837376170017,---,STABLE_NEGATIVE,3.3910060481965583,6.767014989881382,0.7064354117090361,-4.53991045465305,-8.313798727498384,-1.5467837376170017,13.82881082488786,-30.456408279884627,MIXED_POSITIVE_RESIDUAL,44.28521910477249,False,500,-6.431094207221236,-41.18522922539247,-36.58278352445441,-3.5413451736883133,25.08934892547085,0.088,0.912,33.0414383507661,VERY_STABLE_NEGATIVE,False,-8.313798727498384,0.0
A61482207,개금주공3단지,당감동,부산진구,39.86026490066225,LOW,True,True,True,27.0,66.0,124.0,6.547596681406997,7.9302262640326635,6.780022881682279,+++,STABLE_POSITIVE,0.7403438752922292,1.3826295826256665,0.10448055950443352,6.780022881682279,6.547596681406997,7.9302262640326635,-4.821152448353383,17.91634581116738,MIXED_POSITIVE_COMPARABLE,22.737498259520763,False,500,7.651347196033298,-20.068712794141245,-3.196959747329978,9.575418597775258,14.189437349791717,0.652,0.348,12.772378345105235,UNCERTAIN,False,6.547596681406997,0.0
A61482302,"백양뜨란채,주공아파트(1단지)",당감동,부산진구,66.89039735099338,MEDIUM,True,True,True,16.0,36.0,70.0,44.229110752391236,46.86869473065613,48.438460768539514,+++,STABLE_POSITIVE,2.1272124384764024,4.209350016148278,0.04573461428244739,46.86869473065613,44.229110752391236,48.438460768539514,42.6419015252221,45.81631997956036,STRONG_POSITIVE,3.1744184543382588,False,500,45.671923361237916,35.913742274527884,38.7081255710487,47.66495663166866,50.17874057268055,1.0,0.0,8.956831060619962,VERY_STABLE_POSITIVE,False,44.22911075239124,0.0
A61482303,백양푸른채,당감동,부산진구,66.89039735099338,MEDIUM,True,True,True,22.0,43.0,71.0,51.3186949207654,52.256512025839385,51.55907899625262,+++,STABLE_POSITIVE,0.4871170730388742,0.9378171050739823,0.009419911338328528,51.55907899625262,51.3186949207654,52.256512025839385,53.08669113184124,49.55069870968956,STRONG_POSITIVE,3.535992422151679,False,500,51.66187347911077,42.375860056635375,44.56603856803507,53.220707671404796,54.70300358558046,1.0,0.0,8.654669103369727,VERY_STABLE_POSITIVE,False,51.3186949207654,0.0
A61483202,서면이-편한세상,범천동,부산진구,43.63923841059604,HIGH,True,True,True,15.0,26.0,52.0,-24.78633270161843,-22.828999421688287,-20.93256888924563,---,STABLE_NEGATIVE,1.9269621106228745,3.853763812372801,0.08433352803625657,-22.828999421688287,-24.78633270161843,-20.93256888924563,-23.49046927616527,-26.08219612707159,STRONG_NEGATIVE,2.591726850906319,False,500,-22.962023043863695,-42.42679405698698,-31.21849057496685,-18.406546151550643,-14.153908036892075,0.0,1.0,12.811944423416207,VERY_STABLE_NEGATIVE,False,-24.78633270161843,0.0
A61484004,협성피닉스타운,부암동,부산진구,70.84387417218544,HIGH,True,True,True,5.0,8.0,20.0,55.38483391895161,55.54347059624972,54.21512693241263,+++,STABLE_POSITIVE,0.7254742034235745,1.3283436638370887,0.013178983815418165,55.38483391895161,54.21512693241263,55.54347059624972,38.62513730232769,72.14453053557553,STRONG_POSITIVE,33.51939323324784,False,500,53.03383458662559,40.45283887474924,49.12515971760983,56.50188647775883,60.135545602804065,1.0,0.0,7.376726760148998,VERY_STABLE_POSITIVE,False,55.3848339189516,0.0
A61484005,화승,부암동,부산진구,70.84387417218544,HIGH,True,True,True,41.0,81.0,138.0,24.633923200059332,15.340676464122415,14.23875562767597,+++,STABLE_POSITIVE,5.710198088839645,10.395167572383363,0.3159847637966022,15.340676464122415,14.23875562767597,24.633923200059332,17.884295023967844,31.38355137615082,STRONG_POSITIVE,13.499256352182975,False,500,14.713677196173283,-8.439057977472302,2.929697910051651,19.09983143449044,25.04716305163835,0.812,0.18799999999999994,16.17013352443879,STABLE_POSITIVE,False,24.63392320005933,0.0
A61485906,연지2청구,연지동,부산진구,67.58669977924946,MEDIUM,True,True,True,18.0,28.0,47.0,47.84342965649007,48.3277154299671,47.987883685118994,+++,STABLE_POSITIVE,0.24862464733873915,0.4842857734770263,0.005173966198108026,47.987883685118994,47.84342965649007,48.3277154299671,42.058509103196506,53.62835020978365,STRONG_POSITIVE,11.569841106587141,False,500,46.21801720484572,29.890750629577912,32.51247957361755,47.74124794174176,50.246520184380365,1.0,0.0,15.228768368124214,VERY_STABLE_POSITIVE,False,47.84342965649007,0.0
A61486005,연지자이,연지동,부산진구,67.58669977924946,MEDIUM,True,True,True,6.0,16.0,42.0,-24.287849101357118,-24.225676848020598,-22.853646097028403,---,STABLE_NEGATIVE,0.8106861320694815,1.4342030043287153,0.03407811079619368,-24.225676848020598,-24.287849101357118,-22.853646097028403,-5.305677256730479,-43.27002094598376,STRONG_NEGATIVE,37.96434368925328,False,500,-23.13702183474512,-42.217361381843034,-26.843188834969084,0.8813509305299707,9.62244139690293,0.256,0.744,27.724539765499053,UNCERTAIN,False,-24.287849101357114,0.0
A61486008,세동한신,연지동,부산진구,67.58669977924946,MEDIUM,True,True,True,14.0,30.0,51.0,26.96100843307077,29.60106738909424,27.86624118764463,+++,STABLE_POSITIVE,1.3415774036850052,2.64005895602347,0.047670406726067815,27.86624118764463,26.96100843307077,29.60106738909424,12.393733248294993,41.52828361784655,STRONG_POSITIVE,29.134550369551555,False,500,28.093747012120218,2.2094630202516514,12.000071085504409,29.8247275954133,40.16346523163556,0.964,0.03600000000000003,17.82465650990889,VERY_STABLE_POSITIVE,False,26.961008433070766,0.0
A61486301,한라비발디,전포동,부산진구,47.90739514348786,MEDIUM,True,True,True,6.0,18.0,26.0,15.441033973722195,14.087528926171576,11.889061099818553,+++,STABLE_POSITIVE,1.7926585468795448,3.551972873903642,0.12984751710228448,14.087528926171576,11.889061099818553,15.441033973722195,12.128519538060113,18.75354840938428,STRONG_POSITIVE,6.625028871324167,False,500,14.42144331264743,-39.62616477374701,-4.888936581493625,21.34760350384697,28.396030434220854,0.73,0.27,26.236540085340593,UNCERTAIN,False,15.441033973722195,0.0
A61609002,구포동원로얄듀크비스타,구포동,북구,52.61782560706401,HIGH,True,True,True,25.0,44.0,66.0,-13.946369517494272,-15.165135195574308,-13.426108138592886,---,STABLE_NEGATIVE,0.892587697405296,1.7390270569814223,0.06295047871054424,-13.946369517494272,-15.165135195574308,-13.426108138592886,-12.40194036342126,-15.490798671567283,STRONG_NEGATIVE,3.0888583081460226,False,500,-14.42142701200187,-19.256792265765707,-16.556098898366074,-10.752218152607037,-2.588702311080886,0.018,0.982,5.803880745759036,VERY_STABLE_NEGATIVE,False,-13.946369517494272,0.0
A61609206,구포유림노르웨이숲2차,구포동,북구,37.17687637969095,LOW,True,True,True,29.0,51.0,100.0,14.415168271948499,14.143279925244546,9.295825073623952,+++,STABLE_POSITIVE,2.880376612927704,5.119343198324547,0.22827356311829716,14.143279925244546,9.295825073623952,14.415168271948499,31.462006025912604,-2.6316694820156084,MIXED_POSITIVE_RESIDUAL,34.09367550792821,False,500,14.424704176591922,2.294076561101353,8.634116655262982,21.750589957078013,29.38214797633589,0.98,0.020000000000000018,13.11647330181503,VERY_STABLE_POSITIVE,False,14.4151682719485,0.0
A61610003,롯데,덕천동,북구,35.35176600441501,MEDIUM,True,True,True,19.0,36.0,52.0,37.23970899525324,35.622350039003074,35.083499633974235,+++,STABLE_POSITIVE,1.1221592698921705,2.1562093612790036,0.031186811678128812,35.622350039003074,35.083499633974235,37.23970899525324,34.0799423876612,40.399475602845285,STRONG_POSITIVE,6.319533215184087,False,500,35.56900390880074,7.395281617797031,12.382932833558396,47.77790928910951,48.56770002030427,1.0,0.0,35.39497645555112,VERY_STABLE_POSITIVE,False,37.23970899525324,0.0
A61612010,화명2차현대,화명동,북구,66.68863134657838,MEDIUM,True,True,True,13.0,22.0,53.0,-9.615140995068849,-11.66822959693321,-5.678263390946081,---,STABLE_NEGATIVE,3.0439522889881347,5.9899662059871295,0.33869819880871604,-9.615140995068849,-11.66822959693321,-5.678263390946081,-12.355173692821731,-6.875108297315968,STRONG_NEGATIVE,5.480065395505763,False,500,-11.125803040879738,-41.6266841181936,-34.46122802669443,2.951002589689902,9.240235101669997,0.302,0.698,37.41223061638433,UNCERTAIN,False,-9.61514099506885,0.0
A61612011,대우이안,화명동,북구,69.87522075055188,MEDIUM,True,True,True,18.0,37.0,82.0,-14.429937069415997,-18.539941690803893,-21.149294097502203,---,STABLE_NEGATIVE,3.3874921117020973,6.719357028086206,0.187779594522318,-18.539941690803893,-21.149294097502203,-14.429937069415997,-16.99565059441652,-11.864223544415474,STRONG_NEGATIVE,5.131427050001047,False,500,-18.204258436463288,-39.847517741369536,-23.745867093045284,-11.554552896181786,-2.3318911515931684,0.01,0.99,12.191314196863498,VERY_STABLE_NEGATIVE,False,-14.429937069415995,0.0
A61612013,코오롱하늘채1차,화명동,북구,63.8310706401766,MEDIUM,True,True,True,20.0,52.0,82.0,-55.15234035238373,-25.164505843021313,-20.595788943937066,---,STABLE_NEGATIVE,18.77187008047548,34.556551408446666,0.558063023165184,-25.164505843021313,-55.15234035238373,-20.595788943937066,-32.46557385358033,-77.83910685118713,STRONG_NEGATIVE,45.373532997606794,False,500,-23.92868490955066,-52.658400044521066,-28.688004504627315,-16.23010417499005,-7.6066864454768295,0.002,0.998,12.457900329637265,VERY_STABLE_NEGATIVE,False,-55.15234035238373,0.0
A61612016,수정강변타운,화명동,북구,66.68863134657838,LOW,True,True,True,44.0,92.0,157.0,5.899675427705114,6.944251658204292,4.25081955549615,+++,STABLE_POSITIVE,1.3579667202930428,2.693432102708142,0.23831298856525,5.899675427705114,4.25081955549615,6.944251658204292,-3.041740850007435,14.841091705417664,MIXED_POSITIVE_COMPARABLE,17.8828325554251,False,500,7.364075734699527,-17.12032207554974,1.8322132235533473,13.765782426143208,17.11969065872672,0.836,0.16400000000000003,11.93356920258986,STABLE_POSITIVE,False,5.899675427705114,0.0
A61612017,대림쌍용강변타운,화명동,북구,66.68863134657838,MEDIUM,True,True,True,47.0,95.0,168.0,-13.868360718446016,-11.644777092783832,-10.247305555347275,---,STABLE_NEGATIVE,1.826165898472459,3.6210551630987418,0.15319993768695161,-11.644777092783832,-13.868360718446016,-10.247305555347275,-22.94475676485175,-4.791964672040282,STRONG_NEGATIVE,18.152792092811467,False,500,-14.085665776858653,-47.68712945060968,-27.1214114582978,-9.634342864486115,-6.528397579820801,0.0,1.0,17.487068593811685,VERY_STABLE_NEGATIVE,False,-13.868360718446016,0.0
A61612018,롯데낙천대,화명동,북구,69.87522075055188,MEDIUM,True,True,True,36.0,86.0,156.0,-19.74632587289922,-15.533850685387973,-13.174047820551502,---,STABLE_NEGATIVE,3.329375706336446,6.572278052347718,0.2061353214720207,-15.533850685387973,-19.74632587289922,-13.174047820551502,-35.43343175636349,-4.059219989434947,STRONG_NEGATIVE,31.374211766928543,False,500,-16.068008617254048,-71.97050235569463,-29.939444579318586,-11.701702072986553,-8.783348997857932,0.0,1.0,18.237742506332033,VERY_STABLE_NEGATIVE,False,-19.746325872899217,0.0
A61612019,대림타운,화명동,북구,50.83890728476821,HIGH,True,True,True,76.0,143.0,262.0,25.709382050249445,23.20968838816914,23.170415238308994,+++,STABLE_POSITIVE,1.4546685336460352,2.538966811940451,0.06053595139390659,23.20968838816914,23.170415238308994,25.709382050249445,19.64974027135801,31.769023829140885,STRONG_POSITIVE,12.119283557782875,False,500,26.984421566112648,16.807488957225896,21.40114239150336,29.444884859293396,37.12913636671917,0.986,0.014000000000000012,8.043742467790036,VERY_STABLE_POSITIVE,False,25.709382050249445,0.0
A61670501,덕천삼정그린코아,덕천동,북구,67.33973509933774,LOW,True,True,True,9.0,14.0,28.0,-36.017926188769906,-33.737596378206895,-31.240271297637086,---,STABLE_NEGATIVE,2.389648609515308,4.777654891132819,0.0709826177331304,-33.737596378206895,-36.017926188769906,-31.240271297637086,6.983640188913065,-79.01949256645288,MIXED_POSITIVE_RESIDUAL,86.00313275536595,True,500,-32.679202272190864,-42.376713010802106,-36.856288985488455,25.426622529638934,29.296641505984272,0.294,0.706,62.28291151512739,UNCERTAIN,False,-36.01792618876991,0.0
A61673103,쌍용스윗닷홈,만덕동,북구,49.15954746136866,MEDIUM,True,True,True,8.0,21.0,45.0,-28.31458595391979,-28.88924257643697,-24.69177286317039,---,STABLE_NEGATIVE,2.2757327361422997,4.197469713266582,0.08336465075359355,-28.31458595391979,-28.88924257643697,-24.69177286317039,-8.952394805802712,-47.67677710203687,STRONG_NEGATIVE,38.72438229623416,False,500,-26.470057328512688,-36.76654206067954,-31.010784955064366,-20.623955069712963,-4.674730929169725,0.02,0.98,10.386829885351403,VERY_STABLE_NEGATIVE,False,-28.314585953919792,0.0
A61673302,삼한힐파크,화명동,북구,61.624392935982335,MEDIUM,True,True,True,21.0,39.0,76.0,43.18334450923915,40.89963398542913,40.91997748024656,+++,STABLE_POSITIVE,1.3126676351532367,2.283710523810015,0.0315032782604755,40.91997748024656,40.89963398542913,43.18334450923915,37.93828465243288,48.42840436604542,STRONG_POSITIVE,10.490119713612543,False,500,41.410056567688954,35.257348118941906,37.92285273763325,44.87327157546875,47.605141308375686,1.0,0.0,6.9504188378355,VERY_STABLE_POSITIVE,False,43.18334450923915,0.0
A61673304,동원로얄듀크,화명동,북구,61.55711920529801,MEDIUM,True,True,True,43.0,90.0,161.0,23.224530126264813,23.257580006722094,24.675694864002978,+++,STABLE_POSITIVE,0.8284544987599597,1.4511647377381642,0.03492748963216354,23.257580006722094,23.224530126264813,24.675694864002978,11.886979704279756,34.562080548249874,STRONG_POSITIVE,22.675100843970117,False,500,22.9329426905191,-19.38682885575174,21.33925912752278,23.95942550395135,24.98193487944147,0.942,0.05800000000000005,2.620166376428571,VERY_STABLE_POSITIVE,False,23.224530126264813,0.0
A61673305,화명유림,화명동,북구,61.624392935982335,HIGH,True,True,True,18.0,31.0,43.0,38.862316401059694,39.945165605662126,38.960851290232576,+++,STABLE_POSITIVE,0.5987690422653207,1.0828492046024323,0.015252887397723038,38.960851290232576,38.862316401059694,39.945165605662126,29.748886272141338,47.975746529978046,STRONG_POSITIVE,18.22686025783671,False,500,40.19992427666079,32.918679665565925,37.30591841403394,43.75789420793467,46.65663541644865,1.0,0.0,6.451975793900729,VERY_STABLE_POSITIVE,False,38.862316401059694,0.0
A61673308,화명롯데캐슬카이저,화명동,북구,61.55711920529801,HIGH,True,True,True,84.0,163.0,273.0,-27.44364231373372,-27.86729675932922,-27.911812276201996,---,STABLE_NEGATIVE,0.2584078927693035,0.46816996246827713,0.009315045053659567,-27.86729675932922,-27.911812276201996,-27.44364231373372,-7.493116438561298,-47.394168188906136,STRONG_NEGATIVE,39.901051750344834,False,500,-26.917362931605748,-58.534497562779926,-31.80082657844419,-19.871871505192015,-10.21658175556372,0.0,1.0,11.928955073252176,VERY_STABLE_NEGATIVE,False,-27.44364231373372,0.0
A61673902,율리역벽산블루밍1단지,금곡동,북구,21.752097130242827,HIGH,True,True,True,4.0,21.0,39.0,-63.71172806080445,-17.913930481904394,-60.588860300793115,---,STABLE_NEGATIVE,25.587562737820818,45.79779757890005,0.5397668876405997,-60.588860300793115,-63.71172806080445,-17.913930481904394,-21.15885862619433,-106.26459749541456,STRONG_NEGATIVE,85.10573886922023,True,500,-18.503380599859376,-22.798452067315466,-20.54795329638015,-17.31615170138676,-12.86948798119587,0.0,1.0,3.2318015949933887,VERY_STABLE_NEGATIVE,False,-63.71172806080445,0.0
A61674824,부산율리마을,금곡동,북구,42.66324503311259,LOW,False,False,False,,,,,,,NANANA,INSUFFICIENT,,,,,,,,,INSUFFICIENT,,False,0,,,,,,,,,,False,,
A61674912,화명뜨란채,금곡동,북구,42.66324503311259,MEDIUM,True,True,True,34.0,62.0,89.0,-28.414033860079932,-24.66620616473417,-25.9261393590171,---,STABLE_NEGATIVE,1.9071472210466343,3.7478276953457623,0.07241746435871742,-25.9261393590171,-28.414033860079932,-24.66620616473417,-16.62254860755169,-40.20551911260817,STRONG_NEGATIVE,23.582970505056483,False,500,-24.989423128229564,-64.31427139270754,-41.2081009533943,-14.300523501974276,-7.617478849001667,0.0,1.0,26.907577451420025,VERY_STABLE_NEGATIVE,False,-28.41403386007993,0.0
A61675601,상록한신휴플러스,만덕동,북구,31.29028697571744,LOW,True,True,True,13.0,30.0,54.0,2.8236136078590377,7.121406681304122,5.758295935453923,+++,STABLE_POSITIVE,2.1962641223792794,4.297793073445084,0.41957967813250874,5.758295935453923,2.8236136078590377,7.121406681304122,8.395732914041364,-2.7485056983232887,MIXED_POSITIVE_RESIDUAL,11.144238612364653,False,500,5.588120257672147,-5.900731439970859,0.8167876341946769,10.783142767457345,25.32071784316608,0.796,0.20399999999999996,9.966355133262669,STABLE_POSITIVE,False,2.8236136078590377,0.0
A61675806,삼성,만덕동,북구,49.15954746136866,MEDIUM,True,True,True,5.0,13.0,26.0,-28.627656623941007,-19.247155309691557,-23.089765689134545,---,STABLE_NEGATIVE,4.715713015028414,9.38050131424945,0.19935493902730572,-23.089765689134545,-28.627656623941007,-19.247155309691557,-24.521019340889985,-32.73429390699204,STRONG_NEGATIVE,8.213274566102058,False,500,-19.29496002888587,-29.30443601223669,-22.909005953129068,-8.763356526269156,0.14216926160362864,0.054,0.946,14.145649426859912,VERY_STABLE_NEGATIVE,False,-28.62765662394101,0.0
A61676006,벽산삼협한솔,금곡동,북구,23.34448123620309,LOW,True,True,True,5.0,10.0,20.0,0.6532168749875211,-1.6796209127606225,-1.6149831762178666,+--,MIXED,1.3285983625121092,2.3328377877481437,,-1.6149831762178666,-1.6796209127606225,0.6532168749875211,-4.09806378237405,5.404497532349096,MIXED_POSITIVE_COMPARABLE,9.502561314723145,False,500,-0.5519688843640616,-22.823055730917126,-19.338503053475982,9.76505798796111,12.387794244338952,0.478,0.522,29.103561041437093,UNCERTAIN,False,0.6532168749875229,0.0
A61676118,금곡주공1단지,금곡동,북구,23.34448123620309,LOW,False,False,False,,,,,,,NANANA,INSUFFICIENT,,,,,,,,,INSUFFICIENT,,False,0,,,,,,,,,,True,,
A61676215,금곡주공2단지,금곡동,북구,45.7257174392936,LOW,False,False,False,,,,,,,NANANA,INSUFFICIENT,,,,,,,,,INSUFFICIENT,,False,0,,,,,,,,,,False,,
A61676316,금곡3단지주공,금곡동,북구,23.34448123620309,HIGH,True,True,True,16.0,41.0,83.0,40.56260692628447,37.71967975562339,35.087929701985686,+++,STABLE_POSITIVE,2.7380173469367954,5.47467722429878,0.07245335064895715,37.71967975562339,35.087929701985686,40.56260692628447,37.859906418019285,43.265307434549655,STRONG_POSITIVE,5.405401016530369,False,500,37.526217966832334,23.00089497410843,29.59219819680944,41.79958180830553,44.46937142540527,1.0,0.0,12.207383611496091,VERY_STABLE_POSITIVE,False,40.56260692628448,0.0
A61676422,금곡주공4단지,금곡동,북구,21.752097130242827,LOW,False,False,False,,,,,,,NANANA,INSUFFICIENT,,,,,,,,,INSUFFICIENT,,False,0,,,,,,,,,,True,,
A61676509,금곡5단지주공,금곡동,북구,21.752097130242827,HIGH,True,True,True,10.0,21.0,42.0,17.916854738022792,18.244025031399744,16.12123675490826,+++,STABLE_POSITIVE,1.14291399566797,2.122788276491484,0.06558154518109952,17.916854738022792,16.12123675490826,18.244025031399744,12.704931381535854,23.12877809450973,STRONG_POSITIVE,10.423846712973877,False,500,16.91192106374286,-3.310082579536454,5.177778069562439,24.067855940150675,27.877598966297715,0.886,0.11399999999999999,18.890077870588236,STABLE_POSITIVE,False,17.916854738022792,0.0
A61676605,금곡6단지주공,금곡동,북구,21.752097130242827,HIGH,True,True,True,5.0,15.0,29.0,19.14904612679851,16.264785704186192,16.06429732867359,+++,STABLE_POSITIVE,1.726018005009247,3.08474879812492,0.10058745528548871,16.264785704186192,16.06429732867359,19.14904612679851,12.910022367377415,25.3880698862196,STRONG_POSITIVE,12.478047518842185,False,500,17.352118376713836,-3.5842196196924547,6.710517218402409,22.856574400537212,26.47433873308479,0.86,0.14,16.146057182134804,STABLE_POSITIVE,False,19.149046126798503,0.0
A61676723,금곡주공7단지,금곡동,북구,21.752097130242827,LOW,False,False,False,,,,,,,NANANA,INSUFFICIENT,,,,,,,,,INSUFFICIENT,,False,0,,,,,,,,,,True,,
A61676814,금곡9단지주공,금곡동,북구,45.7257174392936,HIGH,True,True,True,26.0,38.0,81.0,43.95250287556435,43.22631515400509,41.276090534684045,+++,STABLE_POSITIVE,1.3840705480072022,2.6764123408803044,0.03232427386723536,43.22631515400509,41.276090534684045,43.95250287556435,41.61692760125443,46.288078149874266,STRONG_POSITIVE,4.671150548619835,False,500,42.89012540547223,28.876649844380843,34.1792201951911,47.9293144307361,49.81265641283422,1.0,0.0,13.750094235545,VERY_STABLE_POSITIVE,False,43.95250287556435,0.0
A61677013,화명한일유앤아이,금곡동,북구,42.66324503311259,MEDIUM,True,True,True,19.0,50.0,84.0,-16.646673853660275,-16.449579526108252,-16.358412241747644,---,STABLE_NEGATIVE,0.14733884110746245,0.2882616119126311,0.008937812393783122,-16.449579526108252,-16.646673853660275,-16.358412241747644,-17.163017189962936,-16.130330517357617,STRONG_NEGATIVE,1.032686672605319,False,500,-17.050786735264012,-56.279575454313864,-29.376620561316994,-14.134595685276535,-10.362326132727272,0.0,1.0,15.242024876040459,VERY_STABLE_NEGATIVE,False,-16.646673853660275,0.0
A61677404,덕천주공2단지,덕천동,북구,32.859354304635765,LOW,False,False,False,,,,,,,NANANA,INSUFFICIENT,,,,,,,,,INSUFFICIENT,,False,0,,,,,,,,,,False,,
A61677608,기비골마을,덕천동,북구,34.79254966887417,MEDIUM,True,True,True,8.0,17.0,28.0,35.401459588483135,27.117996221618167,23.35321704953879,+++,STABLE_POSITIVE,6.1637309567331675,12.048242538944343,0.21533268098482947,27.117996221618167,23.35321704953879,35.401459588483135,25.227985259260134,45.57493391770614,STRONG_POSITIVE,20.346948658446006,False,500,27.06995034930015,1.8160236590443644,9.054948239422616,37.69788538690944,40.402947251119485,0.97,0.030000000000000027,28.642937147486826,VERY_STABLE_POSITIVE,False,35.401459588483135,0.0
A61678209,그린코아,만덕동,북구,31.29028697571744,MEDIUM,True,True,True,17.0,29.0,56.0,22.554223871138113,20.85075789312888,19.44803767042027,+++,STABLE_POSITIVE,1.5555177634773036,3.1061862007178433,0.07424549102658604,20.85075789312888,19.44803767042027,22.554223871138113,24.20196840251585,20.906479339760374,STRONG_POSITIVE,3.2954890627554754,False,500,21.563365405457752,3.7692862393306767,18.05771849112618,24.435041635869094,28.044434282128467,0.962,0.038000000000000034,6.377323144742913,VERY_STABLE_POSITIVE,False,22.554223871138117,0.0
A61678706,럭키,만덕동,북구,35.35176600441501,MEDIUM,True,True,True,11.0,19.0,33.0,28.657950664234136,31.137328976347305,29.997306885798004,+++,STABLE_POSITIVE,1.2410239233363842,2.4793783121131696,0.04146301954354975,29.997306885798004,28.657950664234136,31.137328976347305,28.067831876190283,29.24806945227799,STRONG_POSITIVE,1.1802375760877055,False,500,31.012112164642268,20.595306243527233,27.315660503136016,33.19207846222743,36.11054471068203,1.0,0.0,5.8764179590914125,VERY_STABLE_POSITIVE,False,28.657950664234136,0.0
A61678804,럭키2,만덕동,북구,49.15954746136866,MEDIUM,True,True,True,11.0,21.0,28.0,13.61827725881481,11.37223111175229,15.962408559009907,+++,STABLE_POSITIVE,2.2952633779373115,4.5901774472576164,0.16813918641382247,13.61827725881481,11.37223111175229,15.962408559009907,12.656404658382703,14.580149859246916,STRONG_POSITIVE,1.9237452008642126,False,500,11.546514375304168,-5.953483671049791,-0.8234485561041831,14.196123618227064,18.389118908450854,0.704,0.29600000000000004,15.019572174331248,UNCERTAIN,False,13.618277258814809,0.0
A61679206,벽산강변타운,화명동,북구,45.28443708609271,MEDIUM,True,True,True,11.0,39.0,63.0,31.7893919582674,35.05291968911592,34.98718541259697,+++,STABLE_POSITIVE,1.8655123166608405,3.2635277308485158,0.05495988010906124,34.98718541259697,31.7893919582674,35.05291968911592,19.91177368344269,43.667010233092114,STRONG_POSITIVE,23.755236549649425,False,500,34.90283465127271,28.440681021916983,31.719348038894577,37.23391347627925,39.17610260185865,1.0,0.0,5.514565437384672,VERY_STABLE_POSITIVE,False,31.7893919582674,0.0
A61679207,도시화명그린(295),화명동,북구,33.73923841059603,HIGH,True,True,True,17.0,39.0,59.0,41.23562181411211,42.102327942694714,40.859299626280745,+++,STABLE_POSITIVE,0.6374319960832137,1.2430283164139695,0.015397249115808889,41.23562181411211,40.859299626280745,42.102327942694714,30.578919874490165,51.89232375373405,STRONG_POSITIVE,21.313403879243882,False,500,41.898448861403146,33.241677186722384,39.97582569091191,44.992222556869805,46.707087283889486,1.0,0.0,5.016396865957894,VERY_STABLE_POSITIVE,False,41.2356218141121,0.0
A61679208,경남아너스빌,화명동,북구,45.28443708609271,LOW,True,True,True,7.0,17.0,41.0,-3.506397112666021,-2.790856968529016,-5.003388375309725,---,STABLE_NEGATIVE,1.1290317211586085,2.212531406780709,0.2997258940376598,-3.506397112666021,-5.003388375309725,-2.790856968529016,-17.47543807712241,10.462643851790366,MIXED_POSITIVE_COMPARABLE,27.938081928912773,False,500,-3.155991360216496,-33.70497643062802,-7.2225917090199605,2.188794994863756,4.260456317120624,0.344,0.656,9.411386703883716,UNCERTAIN,False,-3.5063971126660207,0.0
A61679609,부산만덕3단지 주공아파트,만덕동,북구,31.29028697571744,LOW,False,False,False,,,,,,,NANANA,INSUFFICIENT,,,,,,,,,INSUFFICIENT,,False,0,,,,,,,,,,False,,
A61680705,삼정그린코아,구포동,북구,41.49266004415011,LOW,True,True,True,13.0,28.0,45.0,-9.86446645966656,-6.0187048948131325,-4.787220507709256,---,STABLE_NEGATIVE,2.6484228723918983,5.077245951957304,0.38437919658937264,-6.0187048948131325,-9.86446645966656,-4.787220507709256,-23.27197537643517,3.543042457102053,MIXED_POSITIVE_COMPARABLE,26.815017833537222,False,500,-8.129229101730767,-28.733764965677633,-23.335506854555806,-2.537144106535595,0.8264425708669795,0.084,0.916,20.79836274802021,VERY_STABLE_NEGATIVE,False,-9.86446645966656,0.0
A61680707,구포현대,구포동,북구,41.49266004415011,HIGH,True,True,True,29.0,54.0,83.0,15.921439438424244,15.461359875605236,14.931821647558685,+++,STABLE_POSITIVE,0.4952149888489576,0.9896177908655588,0.032077234698282824,15.461359875605236,14.931821647558685,15.921439438424244,8.826988359668109,23.01589051718038,STRONG_POSITIVE,14.188902157512272,False,500,15.510275147100064,0.8169547048955611,7.220642550342539,19.021125550180574,22.324422482996567,0.976,0.02400000000000002,11.800482999838035,VERY_STABLE_POSITIVE,False,15.921439438424244,0.0
A61681107,금곡화목타운,금곡동,북구,45.7257174392936,HIGH,True,True,True,10.0,17.0,29.0,28.112300031392135,34.232439910728495,31.746378581106207,+++,STABLE_POSITIVE,3.077963070570605,6.12013987933636,0.09813773453476786,31.746378581106207,28.112300031392135,34.232439910728495,25.259901316916533,30.964698745867736,STRONG_POSITIVE,5.704797428951203,False,500,33.20728165603832,15.41296152542597,22.27237382095287,39.77640018431603,42.32237048932659,1.0,0.0,17.504026363363163,VERY_STABLE_POSITIVE,False,28.11230003139213,0.0
A61681108,협진태양·조성아파트,금곡동,북구,45.7257174392936,HIGH,True,True,True,10.0,16.0,28.0,32.472595626809635,32.77956518208198,33.22544391088823,+++,STABLE_POSITIVE,0.3785539784288947,0.7528482840785955,0.011532184789813224,32.77956518208198,32.472595626809635,33.22544391088823,29.713885667558912,35.23130558606036,STRONG_POSITIVE,5.517419918501446,False,500,32.42548810361322,13.900276800774817,22.16323293237268,38.22094510827032,40.8760054709165,1.0,0.0,16.05771217589764,VERY_STABLE_POSITIVE,False,32.472595626809635,0.0
A61681409,부산도시공사 덕천2지구 아파트,덕천동,북구,34.79254966887417,LOW,False,False,False,,,,,,,NANANA,INSUFFICIENT,,,,,,,,,INSUFFICIENT,,False,0,,,,,,,,,,False,,
A61682303,덕천주공1,덕천동,북구,38.36120309050773,MEDIUM,True,True,True,12.0,24.0,51.0,32.47154535710053,33.23268431731567,30.26668253815176,+++,STABLE_POSITIVE,1.5404501031161648,2.966001779163914,0.04815365617357653,32.47154535710053,30.26668253815176,33.23268431731567,18.607649334805043,46.33544137939602,STRONG_POSITIVE,27.72779204459098,False,500,33.4607448625581,11.319230746471021,15.293775811282478,43.874896739112806,46.74407379442404,1.0,0.0,28.581120927830327,VERY_STABLE_POSITIVE,False,32.47154535710053,0.0
A61682607,대성타워,만덕동,북구,49.15954746136866,MEDIUM,True,True,True,13.0,29.0,49.0,-11.474184977619096,-12.343823170932778,-12.702849768314795,---,STABLE_NEGATIVE,0.6317683980691158,1.2286647906956993,0.05189651345326216,-12.343823170932778,-12.702849768314795,-11.474184977619096,-3.623031076810823,-19.32533887842737,STRONG_NEGATIVE,15.702307801616547,False,500,-12.81429778093815,-26.296769963144797,-22.712368625206732,-6.535408298428868,1.6142339019209848,0.062,0.938,16.176960326777866,VERY_STABLE_NEGATIVE,False,-11.474184977619096,0.0
A61682907,동원,만덕동,북구,49.15954746136866,HIGH,True,True,True,14.0,32.0,58.0,8.336897706080249,10.23286952646778,10.41108489836538,+++,STABLE_POSITIVE,1.1495450093496327,2.0741871922851303,0.11899701956555978,10.23286952646778,8.336897706080249,10.41108489836538,5.965081942736439,10.708713469424058,STRONG_POSITIVE,4.7436315266876194,False,500,11.426838134954622,2.425775119194213,6.5366054478173545,16.734573071742357,23.554607649650897,0.986,0.014000000000000012,10.197967623925003,VERY_STABLE_POSITIVE,False,8.336897706080247,0.0
A61682908,벽산라인타운,만덕동,북구,35.35176600441501,LOW,True,True,True,9.0,26.0,52.0,-1.3587989100929505,5.941456367803872,4.0528948533685885,-++,MIXED,3.789169238451331,7.300255277896823,1.3163613983056244,4.0528948533685885,-1.3587989100929505,5.941456367803872,9.393467314924376,-12.111065135110277,MIXED_POSITIVE_RESIDUAL,21.504532450034652,False,500,7.85043712332662,-3.997447510243043,2.728588016907211,15.116696382111705,20.889641430079134,0.854,0.14600000000000002,12.388108365204495,STABLE_POSITIVE,False,-1.3587989100929505,0.0
A61683305,그린숲속아파트,화명동,북구,33.73923841059603,HIGH,True,True,True,17.0,40.0,64.0,44.5954243990881,43.07104254806711,42.153217087535616,+++,STABLE_POSITIVE,1.2335936767781668,2.4422073115524867,0.028507087024996654,43.07104254806711,42.153217087535616,44.5954243990881,36.941052858022346,52.24979594015385,STRONG_POSITIVE,15.308743082131507,False,500,43.21960272010496,37.86144739498698,40.773230880534875,45.75683848788319,47.77612076586008,1.0,0.0,4.983607607348318,VERY_STABLE_POSITIVE,False,44.5954243990881,0.0
A61684110,화명리버빌2차,금곡동,북구,42.66324503311259,LOW,True,True,True,12.0,28.0,60.0,-2.1482629997828857,-4.812596368190741,-0.048039966606872486,---,STABLE_NEGATIVE,2.3878374732160346,4.764556401583869,1.022059538550479,-2.1482629997828857,-4.812596368190741,-0.048039966606872486,-12.787838295224386,8.491312295658615,MIXED_POSITIVE_COMPARABLE,21.279150590883,False,500,-4.2986495910644935,-41.03169178479049,-13.451513190581208,-2.691561381486923,-1.071974829786865,0.006,0.994,10.759951809094286,VERY_STABLE_NEGATIVE,False,-2.1482629997828857,0.0
A61685214,코오롱하늘채2차,화명동,북구,63.8310706401766,HIGH,True,True,True,20.0,49.0,110.0,-46.107708421411445,-30.469762749615725,-29.34428906483958,---,STABLE_NEGATIVE,9.370381212215491,16.763419356571866,0.2653953594997717,-30.469762749615725,-46.107708421411445,-29.34428906483958,-49.7412553421478,-42.47416150067509,STRONG_NEGATIVE,7.267093841472715,False,500,-32.49379127945729,-77.38755212014124,-44.03493673338976,-25.437751263483545,-16.013603859251713,0.0,1.0,18.59718546990622,VERY_STABLE_NEGATIVE,False,-46.107708421411445,0.0
A61701002,한일유엔아이,주례동,사상구,33.309713024282566,MEDIUM,True,True,True,15.0,28.0,64.0,-10.403806473073962,-7.66692197681304,-8.048088937717178,---,STABLE_NEGATIVE,1.4824096433591791,2.736884496260922,0.17026915361750505,-8.048088937717178,-10.403806473073962,-7.66692197681304,-0.1831356605742513,-20.624477285573672,NEUTRAL_OR_ZERO,20.44134162499942,False,500,-8.766479074027995,-16.803822021991994,-12.431161628817508,-5.74182003197145,8.278362203961088,0.054,0.946,6.689341596846058,VERY_STABLE_NEGATIVE,False,-10.403806473073962,0.0
A61775202,백양그린,모라동,사상구,61.79635761589404,MEDIUM,True,True,True,11.0,26.0,52.0,29.34682699021083,27.599963927722875,28.703026640156626,+++,STABLE_POSITIVE,0.8834361698670719,1.7468630624879538,0.030943539462926408,28.703026640156626,27.599963927722875,29.34682699021083,26.62482821541239,32.068825765009265,STRONG_POSITIVE,5.443997549596876,False,500,28.710234806528454,20.47952494277273,26.402640692034467,30.901352959553236,34.27204452762398,1.0,0.0,4.498712267518769,VERY_STABLE_POSITIVE,False,29.34682699021083,0.0
A61775307,부산모라주공3,모라동,사상구,40.76456953642384,LOW,False,False,False,,,,,,,NANANA,INSUFFICIENT,,,,,,,,,INSUFFICIENT,,False,0,,,,,,,,,,False,,
A61775401,주공4,모라동,사상구,40.76456953642384,MEDIUM,True,True,True,10.0,26.0,48.0,13.469843992970887,19.18093156950303,21.608805563161603,+++,STABLE_POSITIVE,4.178392611139375,8.138961570190716,0.23102238486496066,19.18093156950303,13.469843992970887,21.608805563161603,12.553723867414824,14.38596411852695,STRONG_POSITIVE,1.8322402511121254,False,500,18.08759994151899,9.914944705873435,15.091346537431612,20.43363239831471,23.178126239211554,1.0,0.0,5.3422858608830985,VERY_STABLE_POSITIVE,False,13.469843992970889,0.0
A61775706,우성,모라동,사상구,61.79635761589404,MEDIUM,True,True,True,3.0,15.0,41.0,-14.367417627294765,-6.687311087683934,-8.706920648624738,---,STABLE_NEGATIVE,3.9812913584235674,7.680106539610831,0.40131761278920525,-8.706920648624738,-14.367417627294765,-6.687311087683934,-17.225592408530588,-11.509242846058942,STRONG_NEGATIVE,5.716349562471645,False,500,-9.199653926346873,-24.203969949422394,-16.26451358633788,-3.6694887752403815,2.617476097007932,0.118,0.882,12.595024811097499,STABLE_NEGATIVE,False,-14.367417627294769,0.0
A61776003,괘법한신2,괘법동,사상구,49.17135761589404,LOW,True,True,True,22.0,43.0,88.0,-30.457270128120676,-26.93884683709869,-23.988167610852944,---,STABLE_NEGATIVE,3.2387008128240735,6.469102517267732,0.11938548687972174,-26.93884683709869,-30.457270128120676,-23.988167610852944,4.045507159163464,-64.96004741540482,MIXED_POSITIVE_RESIDUAL,69.00555457456828,True,500,-28.12369000883239,-35.68416574001052,-31.21660101765697,-25.073907685268345,-21.599585690297275,0.0,1.0,6.142693332388625,VERY_STABLE_NEGATIVE,False,-30.45727012812068,0.0
A61776104,반도보라,주례동,사상구,36.705877483443714,MEDIUM,True,True,True,17.0,38.0,71.0,13.432908639516882,14.038045607803594,12.953924506268226,+++,STABLE_POSITIVE,0.5432824791771864,1.0841211015353682,0.04031793014065306,13.432908639516882,12.953924506268226,14.038045607803594,13.962258210059415,12.903559068974346,STRONG_POSITIVE,1.0586991410850697,False,500,16.208462810536066,8.085169086645157,12.05642355019639,22.204444602612835,29.602954449205733,0.992,0.008000000000000007,10.148021052416444,VERY_STABLE_POSITIVE,False,13.432908639516882,0.0
A61776303,럭키주례1,주례동,사상구,43.32251655629139,MEDIUM,True,True,True,15.0,32.0,62.0,-53.85374121594401,-57.9012625049739,-57.94809255084712,---,STABLE_NEGATIVE,2.3504728067621317,4.094351334903109,0.041551501270160385,-57.9012625049739,-57.94809255084712,-53.85374121594401,-53.26896653249533,-54.4385158993927,STRONG_NEGATIVE,1.169549366897371,False,500,-57.8880942706988,-71.74742944603351,-62.20904699473871,-51.24590360645119,-36.13471726816192,0.0,1.0,10.96314338828752,VERY_STABLE_NEGATIVE,False,-53.85374121594401,0.0
A61776508,엄궁대림,엄궁동,사상구,31.78956953642384,LOW,True,True,True,6.0,16.0,32.0,1.1999989453940922,1.7982445466868389,-0.28870486496878023,++-,MIXED,1.0746700797039053,2.086949411655619,,1.1999989453940922,-0.28870486496878023,1.7982445466868389,10.219383349956178,-7.819385459167994,MIXED_POSITIVE_RESIDUAL,18.03876880912417,False,500,2.1640485338038724,-3.7521038426492583,-0.24173637160919403,5.1175542441892174,7.322065124753708,0.736,0.264,5.359290615798411,UNCERTAIN,False,1.199998945394093,0.0
A61776509,롯데캐슬,엄궁동,사상구,31.78956953642384,LOW,True,True,True,15.0,40.0,76.0,-0.13861688986945886,-15.795620903388764,-16.11870657618514,---,STABLE_NEGATIVE,9.13427086502638,15.980089686315681,0.8549234129393343,-15.795620903388764,-16.11870657618514,-0.13861688986945886,-0.1386168898694588,,INSUFFICIENT,,False,500,-15.821233271906433,-39.56288936824557,-27.98142821961963,-7.269243775125959,5.65040497834648,0.108,0.892,20.712184444493673,STABLE_NEGATIVE,False,-0.1386168898694588,0.0
A61776710,엄궁2차한신,엄궁동,사상구,52.09056291390729,HIGH,True,True,True,19.0,31.0,52.0,16.146707475299127,17.24286957142786,8.256955345760359,+++,STABLE_POSITIVE,4.902319425156566,8.985914225667502,0.35313764269417786,16.146707475299127,8.256955345760359,17.24286957142786,23.806706641298003,8.486708309300251,STRONG_POSITIVE,15.319998331997752,False,500,16.66324816299636,9.393302226131281,14.314020953984151,19.216257581314768,22.577441645406367,1.0,0.0,4.902236627330616,VERY_STABLE_POSITIVE,False,16.146707475299127,0.0
A61776811,코오롱,엄궁동,사상구,52.09056291390729,HIGH,True,True,True,13.0,29.0,61.0,13.778685264769384,13.837043204668737,9.864894606242785,+++,STABLE_POSITIVE,2.276661571098371,3.9721485984259512,0.18222708569982954,13.778685264769384,9.864894606242785,13.837043204668737,24.304817547466183,3.252552982072588,STRONG_POSITIVE,21.052264565393596,False,500,14.342276652459347,9.167018990520365,11.902559680051926,16.552794376251562,19.684933421632643,1.0,0.0,4.650234696199636,VERY_STABLE_POSITIVE,False,13.778685264769386,0.0
A61776907,금강,학장동,사상구,40.93316777041943,MEDIUM,True,True,True,8.0,16.0,25.0,36.7098570905033,31.56890388707236,30.44430115696743,+++,STABLE_POSITIVE,3.3404421438060368,6.265555933535868,0.10150947726642344,31.56890388707236,30.44430115696743,36.7098570905033,36.935747384141,36.4839667968656,STRONG_POSITIVE,0.45178058727540105,False,500,30.87591139238442,21.461129238407715,27.279512216834853,34.378860936288405,37.5025968932593,1.0,0.0,7.099348719453552,VERY_STABLE_POSITIVE,False,36.7098570905033,0.0
A61777010,학장무학,학장동,사상구,40.93316777041943,LOW,True,True,True,4.0,16.0,44.0,-4.303457603716949,-16.69136484418185,-12.27441769720482,---,STABLE_NEGATIVE,6.278347350345305,12.387907240464902,0.5661398327369959,-12.27441769720482,-16.69136484418185,-4.303457603716949,8.229446904962478,-16.836362112396376,MIXED_POSITIVE_RESIDUAL,25.065809017358852,False,500,-14.56164829733888,-36.01465712371292,-17.79513043019728,-8.294862922363953,-3.552457313964587,0.016,0.984,9.500267507833327,VERY_STABLE_NEGATIVE,False,-4.303457603716948,0.0
A61777105,학장벽산,학장동,사상구,38.87693156732892,MEDIUM,True,True,True,5.0,10.0,27.0,11.806243598978018,9.714998826556581,10.10517006383776,+++,STABLE_POSITIVE,1.1119944142947307,2.0912447724214367,0.1054809249707094,10.10517006383776,9.714998826556581,11.806243598978018,11.70999033856487,11.902496859391166,STRONG_POSITIVE,0.1925065208262957,False,500,6.1578119085000935,-13.647400974891106,0.22264505826486958,11.147384762818819,15.296597173239496,0.756,0.244,10.924739704553948,STABLE_POSITIVE,False,11.806243598978016,0.0
A61777312,반도보라타운,학장동,사상구,40.93316777041943,LOW,True,True,True,20.0,22.0,38.0,-6.259874204063788,-7.51993093368465,-8.591594005332905,---,STABLE_NEGATIVE,1.1671276660122978,2.3317198012691165,0.1565115787190156,-7.51993093368465,-8.591594005332905,-6.259874204063788,2.138684963330406,-14.65843337145798,MIXED_POSITIVE_RESIDUAL,16.797118334788387,False,500,-3.985191569510408,-23.619360973968924,-9.145426183609334,3.192328397169458,11.841022900272948,0.398,0.602,12.337754580778793,UNCERTAIN,False,-6.259874204063787,0.0
A61777409,학장대림,학장동,사상구,38.87693156732892,MEDIUM,True,True,True,4.0,12.0,33.0,25.690931112584448,28.87316554719658,28.19601987894583,+++,STABLE_POSITIVE,1.6763358842135405,3.182234434612134,0.060766077465434,28.19601987894583,25.690931112584448,28.87316554719658,24.83773221994572,26.54413000522317,STRONG_POSITIVE,1.7063977852774492,False,500,28.324563752762522,19.55015496125972,24.59236760314679,30.934920497094467,33.78572126865475,1.0,0.0,6.342552893947676,VERY_STABLE_POSITIVE,False,25.690931112584444,0.0
A61777410,학장1지구도개공임대,학장동,사상구,38.87693156732892,LOW,False,False,False,,,,,,,NANANA,INSUFFICIENT,,,,,,,,,INSUFFICIENT,,False,0,,,,,,,,,,False,,
A61777411,학장동삼정그린코아아파트,학장동,사상구,35.99950331125828,MEDIUM,True,True,True,10.0,17.0,29.0,-63.3189576389545,-62.676006835795185,-62.424203870921815,---,STABLE_NEGATIVE,0.4614063237918972,0.894753768032686,0.007346487003043239,-62.676006835795185,-63.3189576389545,-62.424203870921815,-20.691800050842534,-105.94611522706649,STRONG_NEGATIVE,85.25431517622395,True,500,-62.1783733057398,-93.73733695845527,-64.24348383006132,-50.93694634622909,-43.012801079533766,0.0,1.0,13.30653748383223,VERY_STABLE_NEGATIVE,False,-63.3189576389545,0.0
A61777711,목화,학장동,사상구,35.99950331125828,MEDIUM,True,True,True,6.0,18.0,39.0,5.351826370707613,8.837098838517749,5.779937106976024,+++,STABLE_POSITIVE,1.9007297208434988,3.4852724678101357,0.28555403268538365,5.779937106976024,5.351826370707613,8.837098838517749,6.653752071507313,4.049900669907913,STRONG_POSITIVE,2.6038514015993997,False,500,8.406575589133638,-13.443984545916482,2.0334030414078494,12.528559879457669,16.282328444090652,0.794,0.20599999999999996,10.49515683804982,STABLE_POSITIVE,False,5.351826370707613,0.0
A61777806,학장동2차삼성,학장동,사상구,35.99950331125828,LOW,True,True,True,7.0,15.0,32.0,-6.0741624556635125,-8.277571798182827,-9.800276304069548,---,STABLE_NEGATIVE,1.8733911388278548,3.726113848406036,0.2327000231722546,-8.277571798182827,-9.800276304069548,-6.0741624556635125,0.9493725278585164,-13.09769743918554,MIXED_POSITIVE_RESIDUAL,14.047069967044056,False,500,-10.394613259348485,-38.27646613948187,-19.32961401972281,-5.916478947172821,1.4335647333874815,0.06,0.94,13.413135072549991,VERY_STABLE_NEGATIVE,False,-6.074162455663512,0.0
A61777903,덕포경동메르빌,덕포동,사상구,58.5157284768212,MEDIUM,True,True,True,12.0,23.0,42.0,25.71546263455374,9.928972660330736,15.017230422870615,+++,STABLE_POSITIVE,8.057665141749451,15.786489974223006,0.4771456896012914,15.017230422870615,9.928972660330736,25.71546263455374,27.18892140804828,24.242003861059203,STRONG_POSITIVE,2.946917546989077,False,500,11.0519690291649,-2.1161803548254547,4.456732311433331,16.19568836747136,24.491829688289332,0.88,0.12,11.738956056038027,STABLE_POSITIVE,False,25.715462634553745,0.0
A61778507,쌍용스윗닷홈,엄궁동,사상구,52.09056291390729,LOW,True,True,True,5.0,14.0,33.0,-16.293091128288697,-18.686901312841105,-17.878743278717444,---,STABLE_NEGATIVE,1.2177670377884788,2.3938101845524073,0.06911442477035458,-17.878743278717444,-18.686901312841105,-16.293091128288697,2.1845547527478693,-34.770737009325266,MIXED_POSITIVE_RESIDUAL,36.95529176207314,False,500,-17.895661257648655,-22.444949105819852,-20.00956089794903,-15.425663162348952,-10.139352658308887,0.002,0.998,4.583897735600077,VERY_STABLE_NEGATIVE,False,-16.2930911282887,0.0
A61778608,주례청구,주례동,사상구,58.16153421633554,MEDIUM,True,True,True,6.0,15.0,29.0,30.192957548626765,28.68706315846412,28.766470739138917,+++,STABLE_POSITIVE,0.8474361427107422,1.505894390162645,0.029006391313358002,28.766470739138917,28.68706315846412,30.192957548626765,37.67569345182866,22.710221645424863,STRONG_POSITIVE,14.965471806403794,False,500,27.66630476038917,19.10379525388042,23.537713773518618,34.377203784957885,42.131871432153176,1.0,0.0,10.839490011439267,VERY_STABLE_POSITIVE,False,30.19295754862676,0.0
A61780802,사상강변동원,괘법동,사상구,49.17135761589404,HIGH,True,True,True,13.0,28.0,47.0,-36.81153713118486,-29.874536088490288,-27.24759389320154,---,STABLE_NEGATIVE,4.941184389447214,9.563943237983324,0.15780873486530356,-29.874536088490288,-36.81153713118486,-27.24759389320154,-3.577745732159032,-70.0453285302107,STRONG_NEGATIVE,66.46758279805167,True,500,-28.445568880041606,-35.241330441311476,-31.66138600705023,-25.216071346317108,-20.707463691584195,0.0,1.0,6.445314660733121,VERY_STABLE_NEGATIVE,False,-36.81153713118486,0.0
A61781005,자유,덕포동,사상구,30.155077262693155,LOW,True,True,True,11.0,22.0,43.0,5.707454505621124,13.038792806012372,11.917710947312571,+++,STABLE_POSITIVE,3.9491060355532692,7.3313383003912485,0.3863597128137692,11.917710947312571,5.707454505621124,13.038792806012372,5.707454505621124,,INSUFFICIENT,,False,500,12.749309338329667,5.529990336471624,9.405397676090427,16.020741538102996,19.089984242619305,0.996,0.0040000000000000036,6.615343862012569,VERY_STABLE_POSITIVE,False,5.707454505621124,0.0
A61781706,모라주공1단지,모라동,사상구,61.79635761589404,LOW,False,False,False,,,,,,,NANANA,INSUFFICIENT,,,,,,,,,INSUFFICIENT,,False,0,,,,,,,,,,False,,
A61781805,모라벽산,모라동,사상구,61.79635761589404,LOW,True,True,True,7.0,21.0,47.0,-2.6353865731428403,12.915169010805277,10.892145734381648,-++,MIXED,8.454846070721123,15.550555583948118,1.198026840354357,10.892145734381648,-2.6353865731428403,12.915169010805277,12.860950374718817,-18.131723521004496,MIXED_POSITIVE_RESIDUAL,30.992673895723314,False,500,6.696191935357115,-7.642172259117387,1.1250341888544275,13.99284997429479,20.70350438383742,0.8,0.19999999999999996,12.867815785440364,STABLE_POSITIVE,False,-2.6353865731428403,0.0
A61781807,모라동원타운,모라동,사상구,30.155077262693155,MEDIUM,True,True,True,15.0,33.0,67.0,-28.727681753154886,-25.722512668044807,-22.658210536798173,---,STABLE_NEGATIVE,3.034783617433228,6.069471216356714,0.11807209418038105,-25.722512668044807,-28.727681753154886,-22.658210536798173,-17.413454735789124,-40.04190877052065,STRONG_NEGATIVE,22.628454034731526,False,500,-25.36508347954703,-39.34324554818197,-31.897657031607313,-20.035986408815845,-14.055201607865786,0.0,1.0,11.861670622791468,VERY_STABLE_NEGATIVE,False,-28.727681753154886,0.0
A61781808,우신모라,모라동,사상구,30.155077262693155,MEDIUM,True,True,True,23.0,53.0,95.0,8.710446933414808,5.264860857810083,5.4334481243585095,+++,STABLE_POSITIVE,1.942472919819812,3.4455860756047247,0.30024689809100896,5.4334481243585095,5.264860857810083,8.710446933414808,11.22830658456775,6.192587282261863,STRONG_POSITIVE,5.035719302305887,False,500,4.212154067610358,-10.857429208395436,-6.682651691733761,6.609363638879989,10.081177001779977,0.64,0.36,13.29201533061375,UNCERTAIN,False,8.710446933414808,0.0
A61783202,엘지신주례2,주례동,사상구,36.705877483443714,MEDIUM,True,True,True,13.0,27.0,54.0,7.326220718042892,8.889351580111986,8.470066681059869,+++,STABLE_POSITIVE,0.8090695793766495,1.5631308620690945,0.09832472799969459,8.470066681059869,7.326220718042892,8.889351580111986,13.686505533462269,0.9659359026235164,STRONG_POSITIVE,12.720569630838753,False,500,8.36223414630222,-1.912571200192177,3.432084562354131,16.6343866057028,24.042480446220818,0.91,0.08999999999999997,13.20230204334867,VERY_STABLE_POSITIVE,False,7.326220718042891,0.0
A61783203,엘지신주례1,주례동,사상구,40.102041942604856,MEDIUM,True,True,True,16.0,24.0,44.0,8.99827606755656,9.03617732714906,10.993808866723072,+++,STABLE_POSITIVE,1.141337585376835,1.9955327991665115,0.11795445160629414,9.03617732714906,8.99827606755656,10.993808866723072,15.658991596920448,2.3375605381926743,STRONG_POSITIVE,13.321431058727773,False,500,8.860451318315588,0.09981517660577902,3.703880577777352,16.644493957810873,24.230096329248518,0.956,0.04400000000000004,12.940613380033522,VERY_STABLE_POSITIVE,False,8.99827606755656,0.0
A61783402,현대무지개타운,주례동,사상구,43.32251655629139,MEDIUM,True,True,True,7.0,22.0,41.0,35.37980422239013,31.16546772971548,27.20930936763983,+++,STABLE_POSITIVE,4.0859272148602015,8.170494854750299,0.13074328178988967,31.16546772971548,27.20930936763983,35.37980422239013,33.54319398132843,37.21641446345183,STRONG_POSITIVE,3.673220482123398,False,500,32.425935389395924,24.118878192789353,29.05997825774907,36.692174266423066,43.34297176857486,1.0,0.0,7.632196008673997,VERY_STABLE_POSITIVE,False,35.379804222390135,0.0
A61784208,신구덕우성,학장동,사상구,38.87693156732892,LOW,True,True,True,7.0,18.0,31.0,-11.464514666028762,-10.853877053455168,-10.680243753247776,---,STABLE_NEGATIVE,0.4119279227941077,0.7842709127809862,0.03744954149402657,-10.853877053455168,-11.464514666028762,-10.680243753247776,0.1552215036625721,-23.0842508357201,NEUTRAL_OR_ZERO,23.23947233938267,False,500,-8.542430976708191,-28.746769013871827,-14.191581198787933,-3.2095800261214222,5.505079453407362,0.148,0.852,10.98200117266651,STABLE_NEGATIVE,False,-11.464514666028764,0.0
A61784213,구학마을,학장동,사상구,38.87693156732892,MEDIUM,True,True,True,15.0,24.0,53.0,30.752291037701657,28.04164371344026,21.653664763934664,+++,STABLE_POSITIVE,4.671525162184457,9.098626273766993,0.174207503654934,28.04164371344026,21.653664763934664,30.752291037701657,30.10255653284294,31.402025542560374,STRONG_POSITIVE,1.2994690097174342,False,500,26.714987142907898,14.42002593971425,23.087926779232212,29.91299276895044,32.384652120645455,0.998,0.0020000000000000018,6.825065989718226,VERY_STABLE_POSITIVE,False,30.752291037701653,0.0
A61820001,롯데캐슬,명지동,강서구,58.46859823399559,HIGH,True,True,True,11.0,30.0,63.0,19.10872533658633,24.531255455992827,24.844988277296657,+++,STABLE_POSITIVE,3.2250832987692126,5.736262940710329,0.1412755240706307,24.531255455992827,19.10872533658633,24.844988277296657,11.107737646215243,27.10971302695741,STRONG_POSITIVE,16.001975380742167,False,500,25.155547218146985,16.386525100756355,22.413612307551023,27.263688088944647,29.883383184734523,1.0,0.0,4.850075781393624,VERY_STABLE_POSITIVE,False,19.10872533658633,0.0
A61823001,지사휴먼시아,지사동,강서구,24.00115894039736,LOW,False,False,False,,,,,,,NANANA,INSUFFICIENT,,,,,,,,,INSUFFICIENT,,False,0,,,,,,,,,,True,,
A61823002,지사금강펜테리움,지사동,강서구,24.00115894039736,MEDIUM,True,True,True,37.0,61.0,91.0,31.412247527071635,29.732237760951065,33.121486047016575,+++,STABLE_POSITIVE,1.6946451485449716,3.3892482860655093,0.05393182050355835,31.412247527071635,29.732237760951065,33.121486047016575,21.182792385429615,41.64170266871365,STRONG_POSITIVE,20.458910283284034,False,500,29.113090837118296,12.070747798642333,20.629455953664866,34.53715892113969,36.247952652948435,1.0,0.0,13.907702967474826,VERY_STABLE_POSITIVE,False,31.41224752707164,0.0
A61829001,부산신호윌더하임,신호동,강서구,23.84431567328918,LOW,True,True,True,10.0,30.0,49.0,16.89582163038239,18.35648033656959,16.267211603583522,+++,STABLE_POSITIVE,1.0718922722912148,2.089268732986067,0.06241667659519055,16.89582163038239,16.267211603583522,18.35648033656959,-5.170587155836526,38.96223041660131,MIXED_POSITIVE_COMPARABLE,44.13281757243784,False,500,18.8506335672991,12.955415186057454,16.634760095635833,20.874823421563445,23.838532090917912,1.0,0.0,4.240063325927611,VERY_STABLE_POSITIVE,False,16.89582163038239,0.0
A61870404,퀸덤1차아인슈타인타운,명지동,강서구,59.18261589403974,HIGH,True,True,True,13.0,37.0,77.0,23.42379360940937,22.941085843293802,22.35648055048732,+++,STABLE_POSITIVE,0.5344666035078303,1.0673130589220499,0.023331898705861626,22.941085843293802,22.35648055048732,23.42379360940937,21.166211766292783,25.681375452525955,STRONG_POSITIVE,4.515163686233173,False,500,24.07340509730834,16.549411183188838,21.807956618049737,26.481512894870264,29.188704048801398,1.0,0.0,4.673556276820527,VERY_STABLE_POSITIVE,False,23.423793609409373,0.0
A61870405,퀸덤1차링컨타운,명지동,강서구,59.18261589403974,HIGH,True,True,True,10.0,22.0,56.0,21.56515763456786,23.65254382532968,21.628301098104636,+++,STABLE_POSITIVE,1.1873448547841272,2.087386190761819,0.053287173922802786,21.628301098104636,21.56515763456786,23.65254382532968,24.417807893793487,18.712507375342238,STRONG_POSITIVE,5.705300518451249,False,500,20.713358063237393,9.747246829519288,16.54170162669852,23.570656810885332,29.16145562441883,1.0,0.0,7.028955184186813,VERY_STABLE_POSITIVE,False,21.56515763456786,0.0
A61870406,퀸덤1차에디슨타운,명지동,강서구,59.18261589403974,HIGH,True,True,True,5.0,9.0,24.0,22.530594681305942,20.06862730633373,20.903969773646892,+++,STABLE_POSITIVE,1.251997669283055,2.461967374972211,0.05914652324828387,20.903969773646892,20.06862730633373,22.530594681305942,18.42453388777604,26.636655474835845,STRONG_POSITIVE,8.212121587059805,False,500,21.296528728549276,12.313770833472333,17.939040807945045,24.53966959376345,28.4715796369971,0.998,0.0020000000000000018,6.6006287858184045,VERY_STABLE_POSITIVE,False,22.530594681305946,0.0
A61870410,명지두산위브포세이돈,명지동,강서구,42.43294701986755,HIGH,True,True,True,29.0,51.0,97.0,23.10549520775904,10.666059560281555,9.942199898822174,+++,STABLE_POSITIVE,7.399728321899179,13.163295308936867,0.5078306618791919,10.666059560281555,9.942199898822174,23.10549520775904,23.031274663842684,23.179715751675403,STRONG_POSITIVE,0.14844108783271892,False,500,10.777653074532621,7.369445898146587,9.078104629082091,12.8474352548165,15.60917808016484,1.0,0.0,3.7693306257344084,VERY_STABLE_POSITIVE,False,23.105495207759045,0.0
A61870411,명지오션시티한신휴플러스,명지동,강서구,42.43294701986755,HIGH,True,True,True,18.0,40.0,78.0,20.880018591756887,17.656308845025638,17.459502122685393,+++,STABLE_POSITIVE,1.9205455098451274,3.4205164690714938,0.10289402933867581,17.656308845025638,17.459502122685393,20.880018591756887,24.270576270491595,17.48946091302218,STRONG_POSITIVE,6.781115357469414,False,500,17.34863379171088,9.485956150931742,13.535949682320998,19.294584836248156,23.14814775506026,1.0,0.0,5.758635153927157,VERY_STABLE_POSITIVE,False,20.88001859175689,0.0
A61872201,부산신호사랑으로부영1차,신호동,강서구,26.9021523178808,LOW,False,True,True,,1.0,3.0,,16.853555505852555,15.44474178897851,NA++,STABLE_POSITIVE,0.9961817326302619,1.4088137168740449,0.06168633123515698,16.149148647415533,15.44474178897851,16.853555505852555,15.444741788978511,,INSUFFICIENT,,False,500,16.853555505852555,16.853555505852555,16.853555505852555,16.853555505852555,16.853555505852555,1.0,0.0,0.0,VERY_STABLE_POSITIVE,False,15.444741788978511,0.0
A61872202,부산신호사랑으로부영2차,신호동,강서구,26.9021523178808,LOW,True,True,True,1.0,4.0,9.0,7.577987798491449,7.680175013375123,8.009613046316243,+++,STABLE_POSITIVE,0.22556299895801885,0.43162524782479395,0.0290826678492383,7.680175013375123,7.577987798491449,8.009613046316243,7.680175013375123,,INSUFFICIENT,,False,500,7.680175013375123,-1.446390864561975,7.577987798491449,8.263515985013502,8.391682179241737,0.944,0.05600000000000005,0.6855281865220526,VERY_STABLE_POSITIVE,False,7.680175013375123,0.0
A61872203,부산신호사랑으로부영5차,신호동,강서구,23.84431567328918,LOW,False,False,False,,,,,,,NANANA,INSUFFICIENT,,,,,,,,,INSUFFICIENT,,False,0,,,,,,,,,,True,,
A61872204,부산신호3사랑으로부영3차,신호동,강서구,26.9021523178808,LOW,False,False,False,,,,,,,NANANA,INSUFFICIENT,,,,,,,,,INSUFFICIENT,,False,0,,,,,,,,,,False,,
A61881402,극동스타클래스,명지동,강서구,59.18261589403974,HIGH,True,True,True,21.0,40.0,92.0,29.762465753046747,18.72807515807318,18.10465958133029,+++,STABLE_POSITIVE,6.558084927795577,11.657806171716459,0.295430521087134,18.72807515807318,18.10465958133029,29.762465753046747,30.768511058764936,28.756420447328555,STRONG_POSITIVE,2.0120906114363812,False,500,18.65368320788833,16.360545095514727,17.565656674194216,20.042825603194885,21.237815692321256,1.0,0.0,2.477168929000669,VERY_STABLE_POSITIVE,False,29.762465753046747,0.0
A61970112,현대,기장읍청강리,기장군,64.57853200883002,LOW,True,True,True,10.0,22.0,43.0,9.50184032319995,23.230637134485544,15.345474288084148,+++,STABLE_POSITIVE,6.889650606953674,13.728796811285594,0.42990499949240607,15.345474288084148,9.50184032319995,23.230637134485544,9.50184032319995,,INSUFFICIENT,,False,500,13.32903352618301,1.2487993457999114,6.704941867562594,18.396371783766586,25.171038367605178,1.0,0.0,11.691429916203992,VERY_STABLE_POSITIVE,False,9.50184032319995,0.0
A61970210,우신네오빌,기장읍청강리,기장군,65.05954746136865,MEDIUM,True,True,True,6.0,17.0,29.0,17.82735998756163,19.26553012805975,20.732179742359296,+++,STABLE_POSITIVE,1.452433145449856,2.9048197547976677,0.07535312014410302,19.26553012805975,17.82735998756163,20.732179742359296,25.746003154086985,9.908716821036268,STRONG_POSITIVE,15.837286333050717,False,500,22.35807432002198,14.855503413912741,18.969094030209966,28.58545950490338,31.703527104007218,1.0,0.0,9.616365474693414,VERY_STABLE_POSITIVE,False,17.827359987561625,0.0
A61970311,서부주공,기장읍서부리,기장군,64.57853200883002,LOW,True,True,True,10.0,19.0,43.0,0.7387868193300622,0.19603707010249494,2.1960879213800633,+++,STABLE_POSITIVE,1.0342877742693972,2.0000508512775683,0.9910414314745107,0.7387868193300622,0.19603707010249494,2.1960879213800633,5.323032416677087,-3.8454587780169622,MIXED_POSITIVE_RESIDUAL,9.168491194694049,False,500,-0.9845342652492568,-9.556355408336131,-4.483304923470357,1.7028072122456495,4.512049127921294,0.44,0.56,6.186112135716006,UNCERTAIN,False,0.7387868193300617,0.0
A61970415,부산기장교리,기장읍,기장군,50.171467991169976,LOW,False,False,False,,,,,,,NANANA,INSUFFICIENT,,,,,,,,,INSUFFICIENT,,False,0,,,,,,,,,,False,,
A61987101,고촌휴먼시아,철마면,기장군,21.331456953642384,LOW,False,False,False,,,,,,,NANANA,INSUFFICIENT,,,,,,,,,INSUFFICIENT,,False,0,,,,,,,,,,True,,
A61990108,이진캐스빌블루1차,기장읍교리,기장군,50.171467991169976,LOW,True,True,True,17.0,30.0,39.0,10.665178796698415,8.376141274835973,4.051533054094697,+++,STABLE_POSITIVE,3.358626679861316,6.613645742603718,0.4363202755748469,8.376141274835973,4.051533054094697,10.665178796698415,7.875801639906244,13.454555953490589,STRONG_POSITIVE,5.578754313584345,False,500,7.950399953140006,-5.250587824435689,0.4598505659875004,12.266458533362641,16.188884546597478,0.768,0.23199999999999998,11.806607967375141,STABLE_POSITIVE,False,10.665178796698417,0.0
A61990110,이지더원,정관읍모전리,기장군,62.76445916114791,MEDIUM,True,True,True,20.0,49.0,96.0,16.480288876010803,20.401626483802815,19.111873138380858,+++,STABLE_POSITIVE,1.9985656546744073,3.9213376077920117,0.10707789425994195,19.111873138380858,16.480288876010803,20.401626483802815,14.932134841128384,18.028442910893222,STRONG_POSITIVE,3.096308069764838,False,500,20.18347830992615,16.026462924338205,19.073040531286317,20.953994974679595,22.236056204262884,1.0,0.0,1.8809544433932786,VERY_STABLE_POSITIVE,False,16.480288876010807,0.0
A61990213,내리 휴먼시아1단지,기장읍,기장군,28.77825607064017,LOW,False,False,False,,,,,,,NANANA,INSUFFICIENT,,,,,,,,,INSUFFICIENT,,False,0,,,,,,,,,,False,,
A61990514,한신,기장읍동부리,기장군,64.57853200883002,LOW,True,True,True,19.0,37.0,70.0,7.054653185460147,5.84402446077541,-4.416582114718314,++-,MIXED,6.3025776276874375,11.47123530017846,2.229134629857225,5.84402446077541,-4.416582114718314,7.054653185460147,7.054653185460147,,INSUFFICIENT,,False,500,6.560483201855233,-8.255533248003566,5.74346153959997,8.328432734351853,10.88795892015202,0.83,0.17000000000000004,2.5849711947518834,STABLE_POSITIVE,False,7.054653185460147,0.0
A61990609,청강주공,기장읍청강리,기장군,65.05954746136865,LOW,True,True,True,7.0,10.0,21.0,4.191623200579708,-5.661819136660084,-18.001137301692907,+--,MIXED,11.119560223486435,22.192760502272616,1.713220161305922,-5.661819136660084,-18.001137301692907,4.191623200579708,4.191623200579708,,INSUFFICIENT,,False,500,-5.661819136660084,-16.099239965320308,-9.39483014362339,-0.7032603676906612,7.160994428411124,0.182,0.8180000000000001,8.691569775932727,STABLE_NEGATIVE,False,4.191623200579708,0.0
A61996005,정관신도시롯데캐슬,정관읍용수리,기장군,67.0814017660044,MEDIUM,True,True,True,13.0,29.0,48.0,4.835667802301691,1.9373665281103514,4.415377204849069,+++,STABLE_POSITIVE,1.5661700299519046,2.8983012741913394,0.41994433928784347,4.415377204849069,1.9373665281103514,4.835667802301691,4.513843815997332,5.15749178860605,STRONG_POSITIVE,0.6436479726087176,False,500,2.1558858815407476,-3.6002625459414004,-0.7081055009332871,5.444167950049347,15.383028535649075,0.698,0.30200000000000005,6.152273450982634,UNCERTAIN,False,4.835667802301691,0.0
A61996102,정관센트럴파크,정관읍달산리,기장군,48.791114790286976,LOW,True,True,True,5.0,16.0,32.0,-1.3893593508637891,-0.0890033077210195,2.0027320392918324,--+,MIXED,1.711362352048254,3.3920913901556213,,-0.0890033077210195,-1.3893593508637891,2.0027320392918324,1.6548679110974684,-4.433586612825047,MIXED_POSITIVE_RESIDUAL,6.088454523922515,False,500,0.5757186132499788,-6.0498748270561515,-0.7834817782731873,1.9543161920039047,5.534436408920945,0.638,0.362,2.737797970277092,UNCERTAIN,False,-1.3893593508637891,0.0
A61996103,정관신도시휴먼시아2단지,정관읍,기장군,57.36440397350993,LOW,False,False,False,,,,,,,NANANA,INSUFFICIENT,,,,,,,,,INSUFFICIENT,,False,0,,,,,,,,,,False,,
A61996105,정관LH4단지,정관읍,기장군,58.230187637969095,LOW,False,False,False,,,,,,,NANANA,INSUFFICIENT,,,,,,,,,INSUFFICIENT,,False,0,,,,,,,,,,False,,
A61996106,이지더원2차,정관읍모전리,기장군,62.76445916114791,MEDIUM,True,True,True,13.0,23.0,37.0,3.1361032548908208,4.187021471189728,3.0329716258519324,+++,STABLE_POSITIVE,0.6386047650648614,1.1540498453377954,0.18499386545752708,3.1361032548908208,3.0329716258519324,4.187021471189728,3.5912185139767683,2.680987995804873,STRONG_POSITIVE,0.9102305181718955,False,500,4.755323556661656,-2.5449604239376344,3.1314653327468855,6.634338394026444,9.77562036762194,0.942,0.05800000000000005,3.5028730612795584,VERY_STABLE_POSITIVE,False,3.1361032548908208,0.0
A61996107,정관동일스위트1차,정관읍용수리,기장군,67.0814017660044,LOW,True,True,True,36.0,86.0,158.0,3.8349733727091326,8.058631661427624,6.724742418180896,+++,STABLE_POSITIVE,2.1590628750021974,4.223658288718491,0.3478927784324004,6.724742418180896,3.8349733727091326,8.058631661427624,8.055474314808741,-0.3855275693904758,NEUTRAL_OR_ZERO,8.441001884199217,False,500,7.221360931697044,1.4731896641947737,5.131547267328118,9.609162479984667,25.235075360770168,0.984,0.016000000000000014,4.4776152126565485,VERY_STABLE_POSITIVE,False,3.8349733727091326,0.0
A61996108,정관1차동원로얄듀크,정관읍달산리,기장군,39.352041942604856,HIGH,True,True,True,27.0,42.0,81.0,19.23682973326325,18.342561496362446,-3.7995616991888808,++-,MIXED,13.049576401271011,23.03639143245213,1.158938033376949,18.342561496362446,-3.7995616991888808,19.23682973326325,12.497362915432207,25.97629655109429,STRONG_POSITIVE,13.478933635662083,False,500,17.09674876839522,5.864684260711205,11.813978766057993,18.590259469595235,20.228093082655747,1.0,0.0,6.7762807035372425,VERY_STABLE_POSITIVE,False,19.23682973326325,0.0
A61996109,정관롯데캐슬2차,정관읍모전리,기장군,57.36440397350993,MEDIUM,True,True,True,17.0,30.0,57.0,-6.709346457914644,-6.898322930693169,-5.586283434208529,---,STABLE_NEGATIVE,0.7092754874771161,1.3120394964846405,0.11085921081883386,-6.709346457914644,-6.898322930693169,-5.586283434208529,-9.259807186394452,-4.158885729434836,STRONG_NEGATIVE,5.100921456959616,False,500,-7.261813556994291,-15.435146089770344,-8.225592611305768,-6.5195091914308145,-5.433706907738995,0.0,1.0,1.706083419874953,VERY_STABLE_NEGATIVE,False,-6.709346457914643,0.0
A61996110,정관동일스위트2차,정관읍모전리,기장군,62.22290286975717,MEDIUM,True,True,True,23.0,48.0,95.0,9.823847704753142,9.313989429695575,14.822543340049672,+++,STABLE_POSITIVE,3.043875810493771,5.508553910354097,0.26889061029037814,9.823847704753142,9.313989429695575,14.822543340049672,8.85711247423535,10.790582935270931,STRONG_POSITIVE,1.933470461035581,False,500,11.520848614860785,8.308071085803514,10.488980756474216,12.454871360365672,14.415386472924688,1.0,0.0,1.9658906038914559,VERY_STABLE_POSITIVE,False,9.823847704753142,0.0
A61996111,정관2차동원로얄듀크,정관읍매학리,기장군,72.22753863134659,HIGH,True,True,True,25.0,61.0,103.0,11.057434462170441,12.00681200842083,6.500159732190869,+++,STABLE_POSITIVE,2.943730342641895,5.5066522762299615,0.29871024526427425,11.057434462170441,6.500159732190869,12.00681200842083,7.903979650795856,14.210889273545025,STRONG_POSITIVE,6.306909622749169,False,500,9.801925483716257,-2.0379889332079717,2.7949218254771115,15.767384423649618,18.235207921895444,0.828,0.17200000000000004,12.972462598172507,STABLE_POSITIVE,False,11.05743446217044,0.0
A61996112,정관신도시LH5단지,정관읍,기장군,39.352041942604856,LOW,False,False,False,,,,,,,NANANA,INSUFFICIENT,,,,,,,,,INSUFFICIENT,,False,0,,,,,,,,,,False,,
A61996114,동일스위트3차,정관읍모전리,기장군,62.76445916114791,MEDIUM,True,True,True,33.0,63.0,115.0,8.67980344753073,6.795645660926386,8.785569635599865,+++,STABLE_POSITIVE,1.1196007083138133,1.989923974673479,0.13844439759003185,8.67980344753073,6.795645660926386,8.785569635599865,10.029951972586492,7.329654922474971,STRONG_POSITIVE,2.700297050111521,False,500,6.746100528932739,2.352070826156417,5.177385045666824,8.37389882053853,10.567852235926631,0.966,0.03400000000000003,3.196513774871706,VERY_STABLE_POSITIVE,False,8.679803447530732,0.0
A61996115,이진캐스빌,정관읍용수리,기장군,63.0385761589404,MEDIUM,True,True,True,13.0,24.0,52.0,-37.74319098886343,-39.11168515262662,-36.383671720147916,---,STABLE_NEGATIVE,1.3640091767804032,2.728013432478704,0.03613634762732129,-37.74319098886343,-39.11168515262662,-36.383671720147916,-32.61454554970811,-42.87183642801875,STRONG_NEGATIVE,10.257290878310641,False,500,-38.55870135007497,-42.437752917032775,-40.492333376906615,-36.09171410007182,-33.423711710954095,0.0,1.0,4.400619276834796,VERY_STABLE_NEGATIVE,False,-37.74319098886343,0.0
A61996204,정관현진에버빌,정관읍모전리,기장군,57.36440397350993,LOW,True,True,True,10.0,23.0,47.0,-8.378958962403827,3.2974741972721993,-6.6657976333862266,-+-,MIXED,6.305299340544361,11.676433159676026,1.610236085242974,-6.6657976333862266,-8.378958962403827,3.2974741972721993,-18.13455514200255,1.3766372171948982,MIXED_POSITIVE_COMPARABLE,19.511192359197448,False,500,3.0302066005506894,-10.079852594995526,-4.579704221303791,5.964048649751314,10.285822579221929,0.67,0.32999999999999996,10.543752871055105,UNCERTAIN,False,-8.378958962403825,0.0
A61996303,정관신동아파밀리에,정관읍용수리,기장군,63.0385761589404,LOW,True,True,True,8.0,23.0,40.0,2.373410274540639,-1.0318791854155185,1.5282911830503676,+-+,MIXED,1.773165479232954,3.4052894599561574,,1.5282911830503676,-1.0318791854155185,2.373410274540639,-3.2442144731584346,7.991035022239712,MIXED_POSITIVE_COMPARABLE,11.235249495398147,False,500,1.063620405017113,-5.269236371314188,-1.811547553918147,4.872908884978772,8.814967546814817,0.61,0.39,6.684456438896919,UNCERTAIN,False,2.373410274540639,0.0
A61996306,정관신도시한진해모로,정관읍용수리,기장군,72.22753863134659,LOW,True,True,True,15.0,30.0,57.0,5.166582454149365,4.016683239542285,1.445003764670349,+++,STABLE_POSITIVE,1.9055161797273343,3.721578689479016,0.5378625901025116,4.016683239542285,1.445003764670349,5.166582454149365,-4.440423990710629,14.77358889900936,MIXED_POSITIVE_COMPARABLE,19.21401288971999,False,500,3.966450151491485,-1.2245464231954173,1.1526988841362136,5.886622632402863,9.476438889002008,0.878,0.122,4.733923748266649,STABLE_POSITIVE,False,5.166582454149365,0.0
A61996308,정관신도시휴먼시아1단지,정관읍,기장군,67.0814017660044,LOW,False,False,False,,,,,,,NANANA,INSUFFICIENT,,,,,,,,,INSUFFICIENT,,False,0,,,,,,,,,,False,,
