apartment_id,apartment_name,legal_dong,gu,household_count,elementary_school_name,school_premium_core_score,school_premium_confidence,representative_area_m2,recent_market_price,baseline_expected_price,school_adjusted_expected_price,estimated_school_premium_pct,estimated_school_premium_amount,model_uncertainty_pct,transaction_count,price_window_used,as_of_date,data_quality_flag
A61205003,더샵센텀스타,재송동,해운대구,629.0,센텀초등학교,89.52671081677705,A,135.65,1500000000.0,1018670854.1384815,1204645485.0698323,18.256596836535067,185974630.93135083,9.287325284287434,6.0,6M,2026-08-28,OK
A61271204,더샵센텀파크1차,재송동,해운대구,2752.0,센텀초등학교,89.52671081677705,A,100.945,1297000000.0,840517362.0978272,993967228.2371092,18.25659683653531,153449866.139282,9.287325284287434,45.0,6M,2026-08-28,OK
A61271302,더샵센텀파크2차,재송동,해운대구,998.0,센텀초등학교,89.52671081677705,A,84.64585,1112500000.0,648358538.1090267,766726742.4668443,18.25659683653509,118368204.35781765,9.287325284287434,10.0,6M,2026-08-28,OK
A61176513,거제1차현대홈타운,거제동,연제구,1127.0,남문초등학교,89.40375275938192,B,59.93,510000000.0,377289893.4609948,445937511.9798367,18.194926423582803,68647618.51884192,9.016353630210448,27.0,6M,2026-08-28,OK
A61176612,거제2차현대홈타운,거제동,연제구,1110.0,남문초등학교,89.40375275938192,B,59.676,620000000.0,375830151.67256117,444212171.2470233,18.194926423582803,68382019.57446212,9.016353630210448,35.0,6M,2026-08-28,OK
A61176709,쌍용,거제동,연제구,502.0,남문초등학교,89.40375275938192,B,59.991,600000000.0,344957083.58216196,407721771.13287336,18.194926423582803,62764687.55071139,9.016353630210448,15.0,6M,2026-08-28,OK
A10024982,쌍용더플래티넘사직아시아드아파트,사직동,동래구,914.0,여고초등학교,89.16280353200884,B,76.82715,965000000.0,492447087.0409175,581452810.8009608,18.074170017914582,89005723.76004326,9.016353630210448,20.0,6M,2026-08-28,OK
A10027054,사직롯데캐슬더클래식,사직동,동래구,1064.0,여고초등학교,89.16280353200884,B,84.8577,1138500000.0,500908604.32159185,591443677.1010395,18.074170017914604,90535072.77944767,9.016353630210448,16.0,6M,2026-08-28,OK
A60778608,사직쌍용예가,사직동,동래구,2947.0,예원초등학교,84.42207505518763,B,84.965,550000000.0,457780826.985732,529758604.0298695,15.723196080114743,71977777.04413748,7.693640332217551,59.0,6M,2026-08-28,OK
A10020020,부산에코델타시티 디에트르 더 퍼스트아파트,강동동,강서구,972.0,,84.39039735099338,C,,,,,,,,,,2026-08-28,MIDDLE_OPTION_MISSING
A10020264,에코델타 더 베르힐 아파트,강동동,강서구,1120.0,,84.39039735099338,C,,,,,,,,,,2026-08-28,MIDDLE_OPTION_MISSING
A10020378,에코델타시티 푸르지오린,강동동,강서구,895.0,,84.39039735099338,C,,,,,,,,,,2026-08-28,MIDDLE_OPTION_MISSING
A10020569,에코델타시티 푸르지오 센터파크,강동동,강서구,972.0,,84.39039735099338,C,,,,,,,,,,2026-08-28,MIDDLE_OPTION_MISSING
A10020645,강서자이에코델타,강동동,강서구,856.0,,84.39039735099338,C,77.24765,532000000.0,480804980.463652,556328121.2919673,15.707645281770265,75523140.82831526,7.693640332217551,2.0,24M,2026-08-28,MIDDLE_OPTION_MISSING
A10020649,e편한세상 에코델타 센터포인트,강동동,강서구,953.0,,84.39039735099338,C,,,,,,,,,,2026-08-28,MIDDLE_OPTION_MISSING
A10022541,에코델타스마트시티수자인,강동동,강서구,554.0,,84.39039735099338,C,132.9686,749000000.0,675658905.4275539,781789009.6068056,15.707645281770244,106130104.17925167,7.693640332217551,3.0,12M,2026-08-28,MIDDLE_OPTION_MISSING
A10022696,에코델타호반써밋스마트시티,강동동,강서구,526.0,,84.39039735099338,C,84.9146,629000000.0,491068781.49505675,568204123.7818117,15.707645281770265,77135342.28675497,7.693640332217551,3.0,24M,2026-08-28,MIDDLE_OPTION_MISSING
A10023417,더샵동래,온천동,동래구,603.0,온천초등학교,83.8975165562914,B,84.89314999999999,715000000.0,692452421.4056482,799546806.9033492,15.465955809686394,107094385.49770093,7.693640332217551,12.0,6M,2026-08-28,OK
A10024005,동래3차SKVIEW,온천동,동래구,999.0,온천초등학교,83.8975165562914,B,74.865,504000000.0,620403875.5962573,716355264.8375549,15.465955809686193,95951389.2412976,7.693640332217551,38.0,6M,2026-08-28,OK
A60783306,벽산아스타,온천동,동래구,648.0,온천초등학교,83.8975165562914,B,101.44200000000001,544000000.0,609771546.9532702,704078544.9451027,15.465955809686172,94306997.9918325,7.693640332217551,6.0,6M,2026-08-28,OK
A10022002,래미안포레스티지3단지,온천동,동래구,4043.0,금정초등학교,83.79271523178808,B,84.9849,946500000.0,815583756.8488723,941302979.0387876,15.414630457532642,125719222.1899153,7.693640332217551,26.0,6M,2026-08-28,OK
A10026780,래미안장전,장전동,금정구,1938.0,금정초등학교,83.79271523178808,B,59.9383,766000000.0,545731818.9563904,629854362.137689,15.414630457532642,84122543.18129861,7.693640332217551,44.0,6M,2026-08-28,OK
A10020870,양정자이더샵SKVIEW아파트(2단지),양정동,부산진구,2276.0,양정초등학교,83.05761589403974,B,59.9794,717000000.0,568360607.1624187,653928796.5688012,15.055263916615868,85568189.40638244,7.435426614099689,13.0,6M,2026-08-28,OK
A61479902,대원칸타빌멤버스,양정동,부산진구,840.0,양정초등학교,83.05761589403974,B,84.8502,445000000.0,513943961.2503813,591319581.0001361,15.055263916615868,77375619.74975485,7.435426614099689,11.0,6M,2026-08-28,OK
A61274011,경남마리나,우동,해운대구,624.0,해강초등학교,82.99199779249447,B,59.83,800000000.0,440440540.79686666,506608979.319363,15.0232397777873,66168438.52249634,7.435426614099689,12.0,6M,2026-08-28,OK
A61274114,경동,우동,해운대구,892.0,해강초등학교,82.99199779249447,B,84.95,725000000.0,611860012.6796538,703781209.4889178,15.023239777787278,91921196.80926406,7.435426614099689,17.0,6M,2026-08-28,OK
A61278912,대우마리나3,우동,해운대구,750.0,해강초등학교,82.99199779249447,B,84.51,946000000.0,596081686.703327,685632467.7682464,15.023239777787257,89550781.06491947,7.435426614099689,16.0,6M,2026-08-28,OK
A61282215,대우마리나1,우동,해운대구,1164.0,해강초등학교,82.99199779249447,B,84.2249,1130000000.0,576922042.1448498,663594423.8671775,15.023239777787278,86672381.72232771,7.435426614099689,9.0,6M,2026-08-28,OK
A10026391,더블유,용호동,남구,1488.0,분포초등학교,82.85033112582782,B,123.4663,1935000000.0,900091389.6306908,1034692239.0053595,14.954131427687113,134600849.37466872,7.435426614099689,33.0,6M,2026-08-28,OK
A61203016,동신,좌동,해운대구,676.0,부흥초등학교,82.6453642384106,B,55.68,326250000.0,274928878.17837155,315767410.9504752,14.854217222538546,40838532.77210367,7.435426614099689,6.0,6M,2026-08-28,OK
A61203020,건영1,좌동,해운대구,788.0,부흥초등학교,82.6453642384106,B,84.93,507500000.0,428952237.26705533,492669734.3716431,14.854217222538658,63717497.10458779,7.435426614099689,12.0,6M,2026-08-28,OK
A61203022,롯데3차,좌동,해운대구,824.0,부흥초등학교,82.6453642384106,B,59.6,392500000.0,308299957.8481046,354095503.2838571,14.854217222538635,45795545.43575251,7.435426614099689,16.0,6M,2026-08-28,OK
A61203023,롯데4,좌동,해운대구,842.0,부흥초등학교,82.6453642384106,B,59.6,349000000.0,326762562.3477592,375300583.16082865,14.854217222538658,48538020.81306946,7.435426614099689,12.0,6M,2026-08-28,OK
A61203029,건영2,좌동,해운대구,938.0,부흥초등학교,82.6453642384106,B,84.64,567500000.0,425724497.768072,488962539.43610275,14.85421722253857,63238041.66803074,7.435426614099689,22.0,6M,2026-08-28,OK
A10022568,해운대경동리인뷰2차,우동,해운대구,632.0,해운대초등학교,81.58217439293598,B,84.9773,950000000.0,1098530933.2594512,1256031060.4041102,14.337341114040413,157500127.14465904,7.179289615135408,5.0,12M,2026-08-28,OK
A10023542,해운대센트럴푸르지오,우동,해운대구,548.0,해운대초등학교,81.58217439293598,B,84.5444,970000000.0,1098688560.1835098,1256211286.8379588,14.337341114040413,157522726.654449,7.179289615135408,11.0,6M,2026-08-28,OK
A10024591,롯데캐슬스타,중동,해운대구,828.0,해운대초등학교,81.58217439293598,B,84.9953,1170000000.0,853525377.8722564,975898222.792705,14.337341114040502,122372844.92044866,7.179289615135408,16.0,6M,2026-08-28,OK
A10025181,엘시티,중동,해운대구,882.0,해운대초등학교,81.58217439293598,B,161.9826,3080000000.0,1514475517.6797569,1731611038.738133,14.337341114040413,217135521.05837607,7.179289615135408,11.0,6M,2026-08-28,OK
A61201007,롯데캐슬마린,중동,해운대구,792.0,해운대초등학교,81.58217439293598,B,84.9702,771000000.0,594586070.0228308,679833903.0985713,14.337341114040413,85247833.07574046,7.179289615135408,13.0,6M,2026-08-28,OK
A10022890,레이카운티(5단지),거제동,연제구,4470.0,창신초등학교,80.79547461368652,B,84.8261,894500000.0,844290131.1557014,962122472.3716257,13.956380261679735,117832341.21592426,6.925215402570213,146.0,6M,2026-08-28,OK
A10025258,아시아드코오롱하늘채,거제동,연제구,660.0,창신초등학교,80.79547461368652,B,84.5705,890000000.0,699359721.5947576,796965023.7375481,13.956380261679936,97605302.14279056,6.925215402570213,13.0,12M,2026-08-28,OK
A10027341,사직KCC스위첸1단지,사직동,동래구,999.0,사직초등학교,80.76136865342164,B,73.2931,580000000.0,473967967.4691421,540038595.5768828,13.939893124115454,66070628.10774076,6.925215402570213,15.0,6M,2026-08-28,OK
A60712001,사직2차삼정그린코아,사직동,동래구,560.0,사직초등학교,80.76136865342164,B,112.4493,405000000.0,493721692.9179894,562545969.2413306,13.939893124115454,68824276.32334125,6.925215402570213,12.0,6M,2026-08-28,OK
A60712204,한신,사직동,동래구,710.0,사직초등학교,80.76136865342164,B,84.94,205000000.0,331163211.4753878,377327009.22144544,13.9398931241155,46163797.74605763,6.925215402570213,11.0,6M,2026-08-28,OK
A60776402,사직2차쌍용예가,사직동,동래구,625.0,사직초등학교,80.76136865342164,B,84.995,510000000.0,441383037.6743687,502911361.39414996,13.939893124115454,61528323.71978128,6.925215402570213,11.0,6M,2026-08-28,OK
A60782005,삼정그린코아,사직동,동래구,874.0,사직초등학교,80.76136865342164,B,59.76,215000000.0,256770246.80021667,292563744.7786944,13.939893124115477,35793497.97847772,6.925215402570213,13.0,6M,2026-08-28,OK
A61180503,유림아시아드,거제동,연제구,1330.0,거제초등학교,79.81103752759383,B,84.9706,320000000.0,509946212.3865785,578694367.4294099,13.481452234165236,68748155.04283136,6.673190132267226,29.0,6M,2026-08-28,OK
A10025687,명륜자이,명륜동,동래구,671.0,명륜초등학교,78.46087196467991,B,59.9933,755000000.0,468323976.33097446,528425401.1006381,12.83330083599834,60101424.76966363,6.175231481671329,13.0,6M,2026-08-28,OK
A60701003,동래센트럴파크하이츠2차,명륜동,동래구,680.0,명륜초등학교,78.46087196467991,B,84.972,660000000.0,576595891.0585746,650592176.3661268,12.833300835998362,73996285.30755222,6.175231481671329,5.0,6M,2026-08-28,OK
A60701004,명륜아이파크1단지,명륜동,동래구,1409.0,명륜초등학교,78.46087196467991,B,84.9949,815000000.0,612135632.5973071,690692839.852861,12.83330083599834,78557207.25555396,6.175231481671329,25.0,6M,2026-08-28,OK
A61203017,동부,좌동,해운대구,679.0,상당초등학교,78.09409492273733,B,71.02,491500000.0,361050414.35460365,406751701.4515794,12.657868618893332,45701287.096975744,6.175231481671329,6.0,6M,2026-08-28,OK
A61203019,삼성,좌동,해운대구,728.0,상당초등학교,78.09409492273733,B,59.944,460000000.0,310620848.1366727,349938826.99670494,12.657868618893353,39317978.86003226,6.175231481671329,15.0,6M,2026-08-28,OK
A61203039,엘지,좌동,해운대구,1848.0,상당초등학교,78.09409492273733,B,59.94,380000000.0,341707690.8524799,384960601.421241,12.657868618893332,43252910.56876111,6.175231481671329,15.0,6M,2026-08-28,OK
A10022847,대연비치,대연동,남구,1384.0,남천초등학교,77.64387417218543,B,59.9372,1042500000.0,579747901.6882911,651885338.8856962,12.442897505507622,72137437.1974051,6.175231481671329,24.0,6M,2026-08-28,OK
A10023607,더샵남천프레스티지,남천동,수영구,975.0,남천초등학교,77.64387417218543,B,84.1286,1200000000.0,1951222246.6845157,2194010830.9441338,12.442897505507666,242788584.25961804,6.175231481671329,25.0,6M,2026-08-28,OK
A61381903,뉴비치,남천동,수영구,990.0,남천초등학교,77.64387417218543,B,84.96,920000000.0,922520437.0909376,1037308709.5455241,12.442897505507645,114788272.4545865,6.175231481671329,15.0,6M,2026-08-28,OK
A10022591,사직하늘채리센티아,사직동,동래구,690.0,금강초등학교,77.53211920529802,B,84.8978,720000000.0,545543671.5565841,613134352.4398491,12.389600394485466,67590680.88326502,6.175231481671329,27.0,6M,2026-08-28,OK
A10025463,동래효성해링턴플레이스,온천동,동래구,762.0,금강초등학교,77.53211920529802,B,84.5742,690000000.0,673443858.0284644,756880860.9193984,12.389600394485644,83437002.89093399,6.175231481671329,15.0,6M,2026-08-28,OK
A60784207,반도보라스카이뷰,온천동,동래구,1149.0,금강초등학교,77.53211920529802,B,84.9501,570000000.0,514479206.5273098,578221124.328763,12.389600394485466,63741917.80145323,6.175231481671329,16.0,6M,2026-08-28,OK
A10022280,두산위브더제니스센트럴사하,장림동,사하구,1643.0,보림초등학교,77.03780353200882,B,59.9309,375000000.0,241800132.04188183,271188904.36010575,12.1541589204482,29388772.318223923,5.929270851229026,15.0,6M,2026-08-28,OK
A60474002,동원로얄듀크,장림동,사하구,1973.0,보림초등학교,77.03780353200882,B,59.9942,136500000.0,160163822.1812991,179630387.66227826,12.154158920448221,19466565.480979174,5.929270851229026,46.0,6M,2026-08-28,OK
A61202007,해운대두산위브더제니스,우동,해운대구,1788.0,해원초등학교,76.8108719646799,B,123.01795,1780000000.0,1371795758.0944734,1537045528.4973593,12.046237162333128,165249770.4028859,5.929270851229026,24.0,6M,2026-08-28,OK
A61274013,해운대 I PARK,우동,해운대구,1631.0,해원초등학교,76.8108719646799,B,111.023,1400000000.0,1236692585.1320693,1385667506.9060671,12.046237162333151,148974921.77399778,5.929270851229026,27.0,6M,2026-08-28,OK
A60809002,GS하이츠자이,용호동,남구,1149.0,용문초등학교,76.70408388520971,B,130.1762,1055000000.0,682135002.615271,763960424.5549933,11.995487935087311,81825421.9397223,5.929270851229026,21.0,6M,2026-08-28,OK
A60809004,엘지메트로시티4-2(230~238),용호동,남구,7374.0,용문초등학교,76.70408388520971,B,85.0,527500000.0,514056714.03229606,575720325.1435463,11.99548793508729,61663611.11125028,5.929270851229026,124.0,6M,2026-08-28,OK
A10028145,대연롯데캐슬,대연동,남구,564.0,용소초등학교,76.50546357615895,B,84.53059999999999,832500000.0,574742509.3804772,643143524.2177868,11.901158122276346,68401014.8373096,5.929270851229026,20.0,6M,2026-08-28,OK
A60802001,대연힐스테이트푸르지오,대연동,남구,2304.0,용소초등학교,76.50546357615895,B,84.92,1045000000.0,679527886.448944,760399574.7001951,11.901158122276323,80871688.2512511,5.929270851229026,45.0,6M,2026-08-28,OK
A60874408,부산대연동푸르지오,대연동,남구,678.0,용소초등학교,76.50546357615895,B,84.96,700000000.0,471097538.1629239,527163601.08984447,11.901158122276323,56066062.92692059,5.929270851229026,9.0,6M,2026-08-28,OK
A61203013,두산2,좌동,해운대구,632.0,신곡초등학교,75.86605960264902,B,59.94,465000000.0,307085543.9522197,342701412.0239938,11.598028228028756,35615868.071774065,5.68530466166037,11.0,6M,2026-08-28,OK
A61203025,벽산1,좌동,해운대구,880.0,신곡초등학교,75.86605960264902,B,84.99,730000000.0,415895521.58803856,464131201.5809266,11.598028228028735,48235679.99288803,5.68530466166037,17.0,6M,2026-08-28,OK
A61203026,화목,좌동,해운대구,896.0,신곡초등학교,75.86605960264902,B,56.345,455000000.0,297200784.734911,331670215.64238894,11.598028228028735,34469430.907477915,5.68530466166037,11.0,6M,2026-08-28,OK
A10023283,금호센트럴베이 행복주택 일광,일광읍,기장군,999.0,해빛초등학교,75.63647902869756,B,,,,,,,,,,2026-08-28,OK
A10023778,이지더원2차포레온아파트,일광읍,기장군,786.0,해빛초등학교,75.63647902869756,B,,,,,,,,,,2026-08-28,OK
A10023912,일광한신더휴센트럴포레2단지,일광읍삼성리,기장군,1298.0,해빛초등학교,75.63647902869756,B,75.9504,428000000.0,456696431.1698333,509168059.25203925,11.489388683813285,52471628.08220595,5.68530466166037,15.0,6M,2026-08-28,OK
A10024606,일광대성베르힐,일광읍삼성리,기장군,518.0,해빛초등학교,75.63647902869756,B,84.52924999999999,422500000.0,455006242.0828105,507283677.77131695,11.489388683813262,52277435.688506424,5.68530466166037,14.0,6M,2026-08-28,OK
A10022405,드파인센텀,반여동,해운대구,750.0,무정초등학교,75.30364238410596,B,74.7417,625000000.0,508213654.8547885,565804808.5941743,11.332075238285611,57591153.73938578,5.443319503683487,11.0,6M,2026-08-28,OK
A10023647,센텀KCC스위첸,반여동,해운대구,638.0,무정초등학교,75.30364238410596,B,84.91,640000000.0,497648793.4658646,554042729.163837,11.332075238285611,56393935.69797236,5.443319503683487,17.0,6M,2026-08-28,OK
A61206110,센텀롯데캐슬3차아파트,반여동,해운대구,517.0,무정초등학교,75.30364238410596,B,59.9399,333500000.0,277163364.197072,308571725.16084766,11.332075238285565,31408360.963775635,5.443319503683487,12.0,6M,2026-08-28,OK
A61206114,센텀롯데캐슬2차,반여동,해운대구,1165.0,무정초등학교,75.30364238410596,B,84.97,335000000.0,386998420.54590774,430853372.733147,11.332075238285633,43854952.18723929,5.443319503683487,24.0,6M,2026-08-28,OK
A10023781,힐스테이트명륜트라디움,명륜동,동래구,874.0,교동초등학교,75.1171633554084,B,84.9665,1030000000.0,749374811.4886844,833634769.871791,11.244033972227907,84259958.38310659,5.443319503683487,7.0,6M,2026-08-28,OK
A10027690,명륜2차아이파크1단지,명륜동,동래구,2058.0,교동초등학교,75.1171633554084,B,84.9138,705000000.0,654476039.0114425,728065547.1779797,11.24403397222775,73589508.16653717,5.443319503683487,52.0,6M,2026-08-28,OK
A10026363,개금역금강펜테리움더스퀘어아파트,개금동,부산진구,620.0,개금초등학교,73.65309050772626,B,84.4932,581500000.0,509707958.726519,563508777.8517148,10.555224458259316,53800819.12519586,5.203302053364615,16.0,6M,2026-08-28,OK
A10022434,e편한세상송도더퍼스트비치,암남동,서구,1302.0,송도초등학교,73.16280353200882,B,59.991,461800000.0,438390557.7679833,483656624.5234554,10.325511339920102,45266066.755472064,4.96523907158497,107.0,6M,2026-08-28,OK
A10023790,힐스테이트이진베이시티아파트,암남동,서구,1368.0,송도초등학교,73.16280353200882,B,105.4798,880000000.0,683594686.0553589,754179332.8830962,10.325511339920102,70584646.82773733,4.96523907158497,29.0,6M,2026-08-28,OK
A10022365,연산포레서희스타힐스,연산동,연제구,612.0,연동초등학교,73.0110927152318,B,84.8526,519500000.0,681207255.0803286,751061839.2622335,10.25452733524801,69854584.18190491,4.96523907158497,14.0,6M,2026-08-28,OK
A61175901,연산자이,연산동,연제구,1598.0,연동초등학교,73.0110927152318,B,84.6588,612500000.0,588193390.6348112,648509842.6615798,10.254527335247987,60316452.026768684,4.96523907158497,24.0,6M,2026-08-28,OK
A10026484,해운대자이2차1단지,우동,해운대구,813.0,해림초등학교,72.85044150110376,B,84.7627,1020000000.0,933566918.5711172,1028598522.7768246,10.179409993571674,95031604.20570743,4.96523907158497,18.0,6M,2026-08-28,OK
A61202009,해운대자이1단지,우동,해운대구,1059.0,해림초등학교,72.85044150110376,B,84.67105000000001,1112500000.0,901092050.3213663,992817904.5430593,10.179409993571674,91725854.22169304,4.96523907158497,12.0,6M,2026-08-28,OK
A61274213,롯데,우동,해운대구,852.0,해림초등학교,72.85044150110376,B,84.84,681000000.0,597310747.6007605,658113457.53471,10.179409993571698,60802709.93394959,4.96523907158497,16.0,6M,2026-08-28,OK
A61274508,동부올림픽타운,우동,해운대구,1680.0,해림초등학교,72.85044150110376,B,84.96,920000000.0,724736750.9524002,798510676.205936,10.179409993571742,73773925.25353575,4.96523907158497,38.0,6M,2026-08-28,OK
A61286810,반도보라빌,우동,해운대구,548.0,해림초등학교,72.85044150110376,B,84.9073,620000000.0,732410261.7836571,806965305.1656079,10.179409993571786,74555043.38195086,4.96523907158497,14.0,6M,2026-08-28,OK
A61206118,메가센텀한화꿈에그린,반여동,해운대구,1564.0,장산초등학교,72.56655629139073,B,92.9883,554500000.0,470902040.4990656,518212607.703509,10.046795965102051,47310567.204443395,4.96523907158497,28.0,6M,2026-08-28,OK
A61272011,현대그린맨션,반여동,해운대구,600.0,장산초등학교,72.56655629139073,B,76.35,280500000.0,220836637.87918657,243023644.30309972,10.046795965102051,22187006.42391315,4.96523907158497,3.0,6M,2026-08-28,OK
A61281117,센텀대림,반여동,해운대구,1500.0,장산초등학교,72.56655629139073,B,59.99,242500000.0,245325610.63623846,269972974.187002,10.046795965102051,24647363.550763547,4.96523907158497,28.0,6M,2026-08-28,OK
A60931207,구서동롯데캐슬골드2단지(1049),구서동,금정구,1926.0,두실초등학교,72.37748344370861,B,84.98,489000000.0,512384861.41494167,563411020.9800916,9.958561114440823,51026159.5651499,4.729117403510921,28.0,6M,2026-08-28,OK
A60971101,구서동롯데캐슬골드1단지(1051),구서동,금정구,1728.0,두실초등학교,72.37748344370861,B,90.7,530500000.0,505343527.87909937,555668471.9408107,9.958561114440801,50324944.06171131,4.729117403510921,32.0,6M,2026-08-28,OK
A10023440,힐스테이트사하역,괴정동,사하구,1314.0,사남초등학교,72.3003863134658,B,84.921,604000000.0,572810529.7261683,629648241.1742529,9.922602413621107,56837711.44808459,4.729117403510921,34.0,6M,2026-08-28,OK
A61996111,정관2차동원로얄듀크,정관읍매학리,기장군,1249.0,정관초등학교,72.22753863134659,B,84.999,338000000.0,331422402.60878134,364195559.2603768,9.88863649337599,32773156.651595473,4.729117403510921,25.0,6M,2026-08-28,OK
A61996306,정관신도시한진해모로,정관읍용수리,기장군,763.0,정관초등학교,72.22753863134659,B,122.9131,410000000.0,358613985.16177577,394076018.56883305,9.88863649337599,35462033.407057285,4.729117403510921,15.0,6M,2026-08-28,OK
A10028191,감전엘에이치,감전동,사상구,622.0,감전초등학교,71.6083885209713,B,,,,,,,,,,2026-08-28,OK
A10023409,이진젠시티개금,개금동,부산진구,736.0,가평초등학교,71.48399558498896,B,74.1253,612500000.0,550185130.811662,602686834.2064269,9.542552216435162,52501703.3947649,4.494923978067426,16.0,6M,2026-08-28,OK
A61476403,벽산1,가야동,부산진구,1772.0,가평초등학교,71.48399558498896,B,84.99,234000000.0,296730469.32051957,325046129.2975033,9.542552216435162,28315659.976983726,4.494923978067426,17.0,6M,2026-08-28,OK
A61479502,반도보라빌,가야동,부산진구,1048.0,가평초등학교,71.48399558498896,B,84.8598,400000000.0,379099110.2602106,415274840.80883235,9.542552216435185,36175730.54862177,4.494923978067426,20.0,6M,2026-08-28,OK
A61375202,광원,광안동,수영구,589.0,수영초등학교,71.04155629139072,B,84.99,316500000.0,417498542.3767335,456480945.0211612,9.337135028665955,38982402.64442772,4.494923978067426,14.0,6M,2026-08-28,OK
A61375603,비치-그린아파트,광안동,수영구,1038.0,수영초등학교,71.04155629139072,B,59.76,263000000.0,333575790.0629657,364722212.00408405,9.337135028665955,31146421.94111836,4.494923978067426,17.0,6M,2026-08-28,OK
A10020313,일광동원로얄듀크,일광읍,기장군,1134.0,일광초등학교,70.97770419426048,B,,,,,,,,,,2026-08-28,OK
A10024476,일광신도시비스타동원2차,일광읍이천리,기장군,917.0,일광초등학교,70.97770419426048,B,104.206,615000000.0,626092115.7704742,684365773.3605728,9.307521388987073,58273657.59009862,4.494923978067426,18.0,6M,2026-08-28,OK
A10024909,일광자이푸르지오2단지,일광읍삼성리,기장군,1059.0,일광초등학교,70.97770419426048,B,84.9596,546000000.0,474461740.1308448,518622368.07608336,9.307521388987073,44160627.94523859,4.494923978067426,30.0,6M,2026-08-28,OK
A10024919,일광신도시비스타동원1차,일광읍삼성리,기장군,701.0,일광초등학교,70.97770419426048,B,104.2061,626500000.0,542045914.1154361,592496953.5098608,9.307521388987073,50451039.39442468,4.494923978067426,16.0,6M,2026-08-28,OK
A10024933,이지더원1차오션포레,일광읍삼성리,기장군,653.0,일광초등학교,70.97770419426048,B,59.6231,325000000.0,328038331.3904206,358570569.24866027,9.30752138898705,30532237.85823965,4.494923978067426,29.0,6M,2026-08-28,OK
A10025042,e편한세상일광,일광읍삼성리,기장군,913.0,일광초등학교,70.97770419426048,B,79.9871,480000000.0,450631134.82605386,492573724.0854239,9.30752138898705,41942589.25937003,4.494923978067426,31.0,6M,2026-08-28,OK
A10022844,롯데캐슬라센트,부암동,부산진구,2195.0,동평초등학교,70.84387417218544,B,59.2,440000000.0,394710800.485154,431203704.905174,9.24547906344728,36492904.420020044,4.494923978067426,45.0,6M,2026-08-28,OK
A61484004,협성피닉스타운,부암동,부산진구,774.0,동평초등학교,70.84387417218544,B,125.85,237000000.0,335597356.35615546,366624939.675547,9.245479063447458,31027583.31939155,4.494923978067426,5.0,6M,2026-08-28,OK
A61484005,화승,부암동,부산진구,1811.0,동평초등학교,70.84387417218544,B,84.76,260000000.0,284584753.0693637,310895976.8321554,9.245479063447458,26311223.762791693,4.494923978067426,41.0,6M,2026-08-28,OK
A61612011,대우이안,화명동,북구,989.0,명진초등학교,69.87522075055188,B,84.37795,425000000.0,337856315.837444,367579121.0490997,8.797469166139994,29722805.211655676,4.2626458074147635,18.0,6M,2026-08-28,OK
A61612018,롯데낙천대,화명동,북구,1950.0,명진초등학교,69.87522075055188,B,84.769,538500000.0,373359659.09922504,406205859.9872848,8.797469166139994,32846200.888059735,4.2626458074147635,36.0,6M,2026-08-28,OK
A10025214,해운대비스타동원,우동,해운대구,504.0,해동초등학교,69.79343267108167,B,84.9483,945000000.0,1038196496.86274,1129139662.7266521,8.75972574928998,90943165.8639121,4.2626458074147635,26.0,12M,2026-08-28,OK
A10026094,대연SKVIEWHills(2단지),대연동,남구,994.0,대연초등학교,69.53151214128036,B,59.9975,765000000.0,488353227.42062825,530541785.4317794,8.638943216159657,42188558.011151135,4.2626458074147635,26.0,6M,2026-08-28,OK
A61175209,한양(1차),연산동,연제구,1452.0,연천초등학교,69.14166666666668,B,58.14,287000000.0,221368321.64728183,240094792.15930343,8.459417486960707,18726470.5120216,4.032269986428494,17.0,6M,2026-08-28,OK
A61176411,연산엘지,연산동,연제구,2302.0,연천초등학교,69.14166666666668,B,84.99,314500000.0,469699307.3444912,509433132.6861243,8.459417486960685,39733825.34163314,4.032269986428494,32.0,6M,2026-08-28,OK
A60471810,당리푸르지오,당리동,사하구,542.0,낙동초등학교,68.6908940397351,B,84.9835,532000000.0,499728311.22684497,540966912.4799538,8.2522043131531,41238601.2531088,4.032269986428494,7.0,6M,2026-08-28,OK
A10027325,구서SKVIEW1단지,구서동,금정구,532.0,장서초등학교,68.62759381898455,B,84.90440000000001,642500000.0,500668819.69591117,541839507.1713564,8.223137901907073,41170687.47544527,4.032269986428494,14.0,6M,2026-08-28,OK
A60931004,구서동쌍용예가2단지,구서동,금정구,809.0,장서초등학교,68.62759381898455,B,132.2312,830000000.0,697550548.8728166,754911092.442138,8.223137901907073,57360543.569321394,4.032269986428494,8.0,6M,2026-08-28,OK
A60775306,동래럭키,온천동,동래구,1536.0,내산초등학교,68.33162251655628,B,108.606,870000000.0,359693763.4510089,388783407.7962456,8.087336312462568,29089644.34523666,3.8037836921826558,14.0,6M,2026-08-28,OK
A10023616,래미안어반파크2단지,연지동,부산진구,2616.0,연지초등학교,67.58669977924946,B,84.89,757000000.0,585567562.7371762,630927350.1153487,7.74629440984449,45359787.37817252,3.8037836921826558,62.0,6M,2026-08-28,OK
A61478807,화인,연지동,부산진구,654.0,연지초등학교,67.58669977924946,B,59.72,213000000.0,216410671.9745561,233174479.760028,7.74629440984449,16763807.785471916,3.8037836921826558,8.0,6M,2026-08-28,OK
A61478901,연지자이2차,연지동,부산진구,1011.0,연지초등학교,67.58669977924946,B,84.9215,470000000.0,425049763.25603384,457975369.3061932,7.7462944098444675,32925606.050159335,3.8037836921826558,43.0,6M,2026-08-28,OK
A61485906,연지2청구,연지동,부산진구,554.0,연지초등학교,67.58669977924946,B,80.64,206500000.0,314365903.85260093,338717612.28919214,7.746294409844512,24351708.436591208,3.8037836921826558,18.0,6M,2026-08-28,OK
A61486005,연지자이,연지동,부산진구,547.0,연지초등학교,67.58669977924946,B,84.9413,440000000.0,389201526.97353673,419350223.1005173,7.746294409844512,30148696.126980543,3.8037836921826558,6.0,6M,2026-08-28,OK
A61486008,세동한신,연지동,부산진구,789.0,연지초등학교,67.58669977924946,B,84.98,290000000.0,304134463.1621088,327693614.08044577,7.74629440984449,23559150.918336987,3.8037836921826558,14.0,6M,2026-08-28,OK
A10022905,포레나부산덕천2차,덕천동,북구,795.0,덕성초등학교,67.33973509933774,A,74.7172,582500000.0,437099354.7531675,470465186.535647,7.633466263367361,33365831.782479465,3.5771741834361666,30.0,6M,2026-08-28,OK
A10023684,포레나부산덕천1차,덕천동,북구,636.0,덕성초등학교,67.33973509933774,A,74.5539,551500000.0,399311225.4867687,429792513.17013997,7.633466263367361,30481287.683371246,3.5771741834361666,36.0,6M,2026-08-28,OK
A61670501,덕천삼정그린코아,덕천동,북구,560.0,덕성초등학교,67.33973509933774,A,78.1919,337000000.0,334824224.88312,360382919.13115424,7.633466263367361,25558694.24803424,3.5771741834361666,9.0,6M,2026-08-28,OK
A10023750,e편한세상서면더센트럴,범천동,부산진구,998.0,선암초등학교,67.25629139072848,B,69.9964,510000000.0,431140750.7385327,463887489.9756716,7.5953709272539305,32746739.237138867,3.5771741834361666,43.0,6M,2026-08-28,OK
A10024998,범양레우스센트럴베이,초량동,동구,856.0,동일중앙초등학교,67.08349889624725,B,84.9473,545000000.0,558337386.3768952,600304967.9956069,7.5165272186130005,41967581.61871171,3.5771741834361666,17.0,6M,2026-08-28,OK
A10025359,e편한세상부산항,초량동,동구,752.0,동일중앙초등학교,67.08349889624725,B,84.6836,620000000.0,529173667.95644325,568949150.742122,7.5165272186130005,39775482.785678804,3.5771741834361666,19.0,6M,2026-08-28,OK
A61996005,정관신도시롯데캐슬,정관읍용수리,기장군,761.0,신정초등학교,67.0814017660044,B,101.74,326000000.0,316499548.06868464,340286295.27815783,7.515570671308236,23786747.209473193,3.5771741834361666,13.0,6M,2026-08-28,OK
A61996107,정관동일스위트1차,정관읍용수리,기장군,1758.0,신정초등학교,67.0814017660044,B,59.8302,237000000.0,238286517.59044126,256195109.2201502,7.515570671308236,17908591.629708946,3.5771741834361666,36.0,6M,2026-08-28,OK
A61996308,정관신도시휴먼시아1단지,정관읍,기장군,1533.0,신정초등학교,67.0814017660044,B,,,,,,,,,,2026-08-28,OK
A61203015,한일,좌동,해운대구,662.0,신도초등학교,67.07527593818985,B,58.2,359000000.0,296825341.9332733,319125166.75013137,7.5127765950223635,22299824.816858053,3.5771741834361666,12.0,6M,2026-08-28,OK
A61203028,코오롱,좌동,해운대구,928.0,신도초등학교,67.07527593818985,B,59.985,385000000.0,314014344.0157971,337605540.15802884,7.512776595022341,23591196.142231762,3.5771741834361666,9.0,6M,2026-08-28,OK
A10020721,백양산서희스타힐스,부암동,부산진구,1295.0,동양초등학교;동원초등학교,66.89039735099338,B,65.0978,377500000.0,388115047.76401126,416946115.9676478,7.428485025184317,28831068.203636527,3.5771741834361666,10.0,6M,2026-08-28,OK
A61482302,"백양뜨란채,주공아파트(1단지)",당감동,부산진구,851.0,동양초등학교;동원초등학교,66.89039735099338,B,59.89,139500000.0,215322359.142586,231317548.3473666,7.428485025184317,15995189.204780608,3.5771741834361666,16.0,6M,2026-08-28,OK
A61482303,백양푸른채,당감동,부산진구,1116.0,동양초등학교;동원초등학교,66.89039735099338,B,59.89,120000000.0,220824509.83404154,237228425.47900003,7.428485025184339,16403915.644958496,3.5771741834361666,22.0,6M,2026-08-28,OK
A60975204,선경1,구서동,금정구,616.0,구서초등학교,66.87472406181016,B,102.845,397000000.0,321662398.4227314,345534065.58546036,7.421342152450361,23871667.162728965,3.5771741834361666,4.0,6M,2026-08-28,OK
A60980506,구서우성,구서동,금정구,1118.0,구서초등학교,66.87472406181016,B,84.97,225000000.0,343755680.6906017,369266965.92313594,7.421342152450339,25511285.23253423,3.5771741834361666,9.0,6M,2026-08-28,OK
A61612010,화명2차현대,화명동,북구,743.0,용수초등학교,66.68863134657838,B,84.9943,420000000.0,350901398.1613492,376645522.76662534,7.3365694010254945,25744124.605276167,3.5771741834361666,13.0,6M,2026-08-28,OK
A61612016,수정강변타운,화명동,북구,1780.0,용수초등학교,66.68863134657838,B,59.4,280000000.0,253673026.30670574,272283923.9333788,7.336569401025472,18610897.626673073,3.5771741834361666,44.0,6M,2026-08-28,OK
A61612017,대림쌍용강변타운,화명동,북구,1895.0,용수초등학교,66.68863134657838,B,84.92,478000000.0,366898322.32088214,393816072.3691518,7.336569401025472,26917750.04826963,3.5771741834361666,47.0,6M,2026-08-28,OK
A10023704,대신해모로센트럴아파트,서대신동2가,서구,733.0,대신초등학교,66.23658940397351,B,76.5236,562500000.0,507543008.74239266,543735517.769973,7.130924553026441,36192509.02758038,3.352428800122405,32.0,6M,2026-08-28,OK
A10024535,대신푸르지오2차,서대신동2가,서구,815.0,대신초등학교,66.23658940397351,B,72.5381,550000000.0,531351883.64379996,569242185.5775242,7.130924553026441,37890301.933724225,3.352428800122405,29.0,6M,2026-08-28,OK
A10028182,대신롯데캐슬,서대신동3가,서구,753.0,대신초등학교,66.23658940397351,B,84.7855,430000000.0,420795485.22639817,450802093.8004341,7.130924553026441,30006608.574035943,3.352428800122405,7.0,6M,2026-08-28,OK
A61202004,대우트럼프월드센텀,우동,해운대구,564.0,강동초등학교,65.61307947019867,B,84.97,1430000000.0,749422526.6014991,800742389.9938604,6.847921108681909,51319863.39236128,3.352428800122405,4.0,6M,2026-08-28,OK
A61202011,센텀두산위브,우동,해운대구,581.0,강동초등학교,65.61307947019867,B,84.9988,753000000.0,893556067.0744989,954746081.6096014,6.847921108681909,61190014.53510249,3.352428800122405,9.0,6M,2026-08-28,OK
A61271101,센텀삼환Nauville,우동,해운대구,926.0,강동초등학교,65.61307947019867,B,59.86,520000000.0,457466231.2843747,488793157.9015891,6.847921108681931,31326926.61721438,3.352428800122405,25.0,6M,2026-08-28,OK
A61274707,삼호가든맨션,우동,해운대구,1076.0,강동초등학교,65.61307947019867,B,63.0,790000000.0,392068869.0746577,418917435.92059165,6.847921108681931,26848566.845933974,3.352428800122405,7.0,6M,2026-08-28,OK
A61282705,센텀센시빌,우동,해운대구,800.0,강동초등학교,65.61307947019867,B,84.9402,580000000.0,737906869.3729935,788438149.6432006,6.847921108681931,50531280.27020717,3.352428800122405,13.0,6M,2026-08-28,OK
A10023975,동래래미안아이파크,온천동,동래구,3853.0,온샘초등학교,65.3701986754967,B,75.5206,895000000.0,699390321.3189615,746514422.5980097,6.737882959286323,47124101.279048204,3.1295349628419715,71.0,6M,2026-08-28,OK
A10024226,삼한골든뷰에듀스테이션,부곡동,금정구,610.0,부곡초등학교,65.36490066225166,B,84.6678,615000000.0,583837792.46469,623162093.187381,6.7354839358175544,39324300.72269106,3.1295349628419715,18.0,6M,2026-08-28,OK
A60970301,대우,부곡동,금정구,1270.0,부곡초등학교,65.36490066225166,B,84.95,433000000.0,401489316.8881943,428531565.3312224,6.735483935817577,27042248.443028092,3.1295349628419715,15.0,6M,2026-08-28,OK
A60982103,우신뉴타운,부곡동,금정구,552.0,부곡초등학교,65.36490066225166,B,84.87,350000000.0,329573840.8307848,351772233.93659925,6.7354839358175544,22198393.105814457,3.1295349628419715,16.0,12M,2026-08-28,OK
A10023692,웨이브리즈,기장읍청강리,기장군,728.0,대청초등학교,65.05954746136865,B,55.99,259500000.0,335282617.2546729,357402238.454605,6.597306290749505,22119621.1999321,3.1295349628419715,20.0,6M,2026-08-28,OK
A61970210,우신네오빌,기장읍청강리,기장군,524.0,대청초등학교,65.05954746136865,B,59.9882,193000000.0,238709819.7709604,254458237.7273468,6.597306290749527,15748417.956386417,3.1295349628419715,6.0,6M,2026-08-28,OK
A61990609,청강주공,기장읍청강리,기장군,520.0,대청초등학교,65.05954746136865,B,39.69,100000000.0,97650830.48364457,104093154.86611122,6.597306290749527,6442324.382466644,3.1295349628419715,7.0,6M,2026-08-28,OK
A10020002,드파인 광안,광안동,수영구,1233.0,호암초등학교,64.94271523178807,B,,,,,,,,,,2026-08-28,OK
A10024695,광안자이,광안동,수영구,971.0,호암초등학교,64.94271523178807,B,84.48,900000000.0,716962667.1738863,763884181.3698533,6.544484998210787,46921514.19596696,3.1295349628419715,30.0,6M,2026-08-28,OK
A10023040,양정포레힐즈스위첸1단지,양정동,부산진구,1338.0,양동초등학교,64.81462472406182,B,84.971,735000000.0,662255393.4765866,705213276.8476858,6.486603777673561,42957883.37109923,3.1295349628419715,54.0,6M,2026-08-28,OK
A10024627,연산롯데캐슬골드포레,연산동,연제구,1230.0,양동초등학교,64.81462472406182,B,84.9813,719500000.0,653257253.4233942,695631463.1018825,6.486603777673539,42374209.678488255,3.1295349628419715,36.0,6M,2026-08-28,OK
A10025559,연산더샵,연산동,연제구,1071.0,양동초등학교,64.81462472406182,B,59.8812,610000000.0,475425486.28951836,506264453.84319717,6.486603777673561,30838967.55367881,3.1295349628419715,36.0,6M,2026-08-28,OK
A61970112,현대,기장읍청강리,기장군,930.0,기장초등학교,64.57853200883002,B,59.95,189500000.0,195606520.9638192,208086219.28374875,6.380001166851623,12479698.31992954,3.1295349628419715,10.0,6M,2026-08-28,OK
A61970311,서부주공,기장읍서부리,기장군,702.0,기장초등학교,64.57853200883002,B,59.875,197500000.0,195434320.3072365,207903032.22326672,6.380001166851623,12468711.916030228,3.1295349628419715,10.0,6M,2026-08-28,OK
A61990514,한신,기장읍동부리,기장군,1131.0,기장초등학교,64.57853200883002,B,59.85,163000000.0,164107152.21510014,174577190.4413105,6.380001166851623,10470038.226210356,3.1295349628419715,19.0,6M,2026-08-28,OK
A60608002,조양비취맨션,동삼동,영도구,630.0,중리초등학교,64.44094922737307,B,53.85,90000000.0,108329738.6948877,115173933.40422079,6.317927830150016,6844194.709333092,2.9084801723585905,6.0,12M,2026-08-28,OK
A60680909,국제마마뉴비치타운,동삼동,영도구,522.0,중리초등학교,64.44094922737307,B,85.76,175000000.0,225062876.32796308,239282186.4268235,6.317927830149972,14219310.098860413,2.9084801723585905,9.0,6M,2026-08-28,OK
A10022267,오션라이프에일린의뜰1단지,동삼동,영도구,1228.0,동삼초등학교,64.43979028697572,B,74.9696,420000000.0,390125978.80771154,414771817.3046428,6.3174051039238455,24645838.496931255,2.9084801723585905,30.0,6M,2026-08-28,OK
A60777604,안락현대,안락동,동래구,738.0,반안초등학교,64.27847682119204,B,77.85,310000000.0,356032896.4525938,378265981.84075093,6.244671660872081,22233085.38815713,2.9084801723585905,19.0,6M,2026-08-28,OK
A61206113,우방신세계타운,반여동,해운대구,998.0,반안초등학교,64.27847682119204,B,77.67,275000000.0,354397395.4437647,376528349.16391015,6.244671660872059,22130953.720145464,2.9084801723585905,21.0,6M,2026-08-28,OK
A61279804,센텀SKVIEW아파트,반여동,해운대구,1374.0,반안초등학교,64.27847682119204,B,76.56,299000000.0,329160297.7016277,349715277.5310434,6.244671660872081,20554979.82941574,2.9084801723585905,19.0,6M,2026-08-28,OK
A10028037,해운대힐스테이트위브,중동,해운대구,2369.0,동백초등학교,64.0762693156733,B,102.3162,760000000.0,905500049.9412158,961220630.077257,6.153570078727055,55720580.13604128,2.9084801723585905,35.0,6M,2026-08-28,OK
A10023208,두산위브더제니스하버시티,범일동,동구,2040.0,성남초등학교,63.84878587196467,B,75.6455,640000000.0,531416065.9937773,563572977.71185,6.0511741695158605,32156911.718072772,2.9084801723585905,33.0,6M,2026-08-28,MIDDLE_SCORE_PARTIAL
A10026746,오션브릿지,범일동,동구,652.0,성남초등학교,63.84878587196467,B,59.95,415000000.0,344279794.9352768,365112764.9572624,6.051174169515838,20832970.02198559,2.9084801723585905,19.0,6M,2026-08-28,MIDDLE_SCORE_PARTIAL
A60106001,한성기린,범일동,동구,547.0,성남초등학교,63.84878587196467,B,60.0,176000000.0,221092562.15313295,234471258.1648641,6.051174169515838,13378696.011731148,2.9084801723585905,7.0,6M,2026-08-28,MIDDLE_SCORE_PARTIAL
A60106002,두산위브포세이돈2,범일동,동구,690.0,성남초등학교,63.84878587196467,B,117.78999999999999,545500000.0,499636131.18384105,529869983.69560605,6.0511741695158605,30233852.511765003,2.9084801723585905,4.0,6M,2026-08-28,MIDDLE_SCORE_PARTIAL
A61612013,코오롱하늘채1차,화명동,북구,1280.0,학사초등학교,63.8310706401766,B,69.337,400000000.0,288790360.77498126,306242552.1405774,6.04320425334226,17452191.365596116,2.9084801723585905,20.0,6M,2026-08-28,OK
A61685214,코오롱하늘채2차,화명동,북구,1344.0,학사초등학교,63.8310706401766,B,72.3715,490000000.0,314537150.4143187,333545272.86649823,6.043204253342238,19008122.45217955,2.9084801723585905,20.0,6M,2026-08-28,OK
A60710004,안락뜨란채2단지,안락동,동래구,1420.0,안남초등학교,63.739624724061805,B,74.65,430000000.0,395466096.56272084,419202260.8452127,6.002073120502582,23736164.282491863,2.9084801723585905,34.0,6M,2026-08-28,OK
A60777205,안락SKVIEW,안락동,동래구,1898.0,안남초등학교,63.739624724061805,B,84.93,374000000.0,398149451.3804251,422046672.5811581,6.002073120502582,23897221.200733006,2.9084801723585905,34.0,6M,2026-08-28,OK
A10023872,대연양우내안애퍼스트,문현동,남구,560.0,연포초등학교,63.7098233995585,B,84.9684,610000000.0,533682579.3610966,565643080.3530797,5.988672335950129,31960500.991983056,2.9084801723585905,35.0,6M,2026-08-28,MIDDLE_SCORE_PARTIAL
A10026452,대연롯데캐슬레전드1단지,대연동,남구,3149.0,연포초등학교,63.7098233995585,B,59.99,660000000.0,545345748.9159144,578004718.9165227,5.988672335950285,32658970.000608325,2.9084801723585905,101.0,6M,2026-08-28,MIDDLE_SCORE_PARTIAL
A10027503,정관양우내안愛,정관읍용수리,기장군,830.0,가동초등학교,63.0385761589404,B,59.8986,189000000.0,226302051.89650998,239172484.33955285,5.687280488702173,12870432.443042874,2.689252009098138,17.0,6M,2026-08-28,OK
A61996115,이진캐스빌,정관읍용수리,기장군,539.0,가동초등학교,63.0385761589404,B,84.9281,398000000.0,287776388.3532993,304143038.7392083,5.687280488702173,16366650.385908961,2.689252009098138,13.0,6M,2026-08-28,OK
A61996303,정관신동아파밀리에,정관읍용수리,기장군,655.0,가동초등학교,63.0385761589404,B,107.83,367500000.0,337367994.5627021,356555058.6925925,5.687280488702173,19187064.129890382,2.689252009098138,8.0,6M,2026-08-28,OK
A60932003,부곡동푸르지오,부곡동,금정구,540.0,현곡초등학교,62.96931567328919,B,84.81,442500000.0,473483913.2582221,500265257.9006662,5.656231160664249,26781344.642444074,2.689252009098138,12.0,6M,2026-08-28,OK
A10025749,부산정관 행복주택,정관읍,기장군,856.0,모전초등학교,62.76445916114791,B,,,,,,,,,,2026-08-28,OK
A10026813,정관 엘에이치 7단지,정관읍,기장군,1934.0,모전초등학교,62.76445916114791,B,,,,,,,,,,2026-08-28,OK
A10028081,정관이지더원3차아파트,정관읍,기장군,1035.0,모전초등학교,62.76445916114791,B,,,,,,,,,,2026-08-28,OK
A61990110,이지더원,정관읍모전리,기장군,978.0,모전초등학교,62.76445916114791,B,59.8832,181500000.0,200259702.16063374,211403048.75906792,5.564447803630412,11143346.59843418,2.689252009098138,20.0,6M,2026-08-28,OK
A61996106,이지더원2차,정관읍모전리,기장군,756.0,모전초등학교,62.76445916114791,B,59.9984,205000000.0,201033154.90549007,212219539.87819752,5.564447803630412,11186384.97270745,2.689252009098138,13.0,6M,2026-08-28,OK
A61996114,동일스위트3차,정관읍모전리,기장군,1500.0,모전초등학교,62.76445916114791,B,84.9174,274000000.0,286807396.2357833,302766644.0962749,5.564447803630412,15959247.860491633,2.689252009098138,33.0,6M,2026-08-28,OK
A10027972,안락경동리인,안락동,동래구,693.0,안진초등학교,62.64050772626931,B,78.942,538000000.0,466689926.67736155,492399649.1371835,5.508951659373595,25709722.45982194,2.689252009098138,21.0,6M,2026-08-28,OK
A60778502,강변뜨란채,안락동,동래구,814.0,안진초등학교,62.64050772626931,B,59.69,383500000.0,310034101.5600271,327113730.3425422,5.508951659373573,17079628.78251505,2.689252009098138,14.0,6M,2026-08-28,OK
A10024383,사하역비스타동원,괴정동,사하구,513.0,사하초등학교,62.49724061810154,B,79.9819,525000000.0,480975224.7610258,507163574.2484542,5.4448437547776285,26188349.487428427,2.471838132650782,12.0,6M,2026-08-28,OK
A10020289,두산위브더제니스 오션시티 ,우암동,남구,3048.0,우암초등학교,62.45943708609272,B,,,,,,,,,,2026-08-28,MIDDLE_SCORE_PARTIAL
A60877107,일신보라,우암동,남구,661.0,우암초등학교,62.45943708609272,B,84.87,192500000.0,230798473.37407306,243326062.77994552,5.427934259152578,12527589.405872464,2.471838132650782,10.0,6M,2026-08-28,MIDDLE_SCORE_PARTIAL
A61270515,센텀롯데캐슬아파트,반여동,해운대구,1198.0,인지초등학교,62.44166666666668,B,72.46875,360500000.0,335119284.0460807,353282703.9965961,5.4199864989022295,18163419.95051539,2.471838132650782,24.0,6M,2026-08-28,OK
A61271919,아시아선수촌아파트,반여동,해운대구,2290.0,인지초등학교,62.44166666666668,B,84.8,455000000.0,386341377.7360467,407281028.2490132,5.419986498902207,20939650.512966514,2.471838132650782,44.0,6M,2026-08-28,OK
A61203012,영남,좌동,해운대구,512.0,좌산초등학교,62.41092715231788,B,59.585,313500000.0,296932283.64416033,312985154.8501252,5.406239769200183,16052871.205964863,2.471838132650782,4.0,6M,2026-08-28,OK
A61203032,대우2,좌동,해운대구,1002.0,좌산초등학교,62.41092715231788,B,59.946,382500000.0,336982810.3277911,355200909.0351006,5.406239769200183,18218098.707309484,2.471838132650782,20.0,6M,2026-08-28,OK
A61203033,벽산2,좌동,해운대구,1070.0,좌산초등학교,62.41092715231788,B,59.73,345000000.0,324523941.02665997,342068483.38701904,5.406239769200183,17544542.360359073,2.471838132650782,23.0,6M,2026-08-28,OK
A61203035,경남선경,좌동,해운대구,1358.0,좌산초등학교,62.41092715231788,B,59.85,290000000.0,331411984.9993683,349328911.53229994,5.406239769200183,17916926.532931626,2.471838132650782,25.0,6M,2026-08-28,OK
A61203038,SKVIEW,좌동,해운대구,1721.0,좌산초등학교,62.41092715231788,B,59.91,248250000.0,322612210.6673981,340053400.30079484,5.406239769200183,17441189.633396745,2.471838132650782,30.0,6M,2026-08-28,OK
A10026034,대신푸르지오1차,서대신동1가,서구,959.0,부민초등학교,62.26407284768212,B,84.7252,603000000.0,586179004.3190455,617484428.452289,5.340591167984665,31305424.13324344,2.471838132650782,29.0,6M,2026-08-28,OK
A60270501,부민e편한세상,부민동3가,서구,613.0,부민초등학교,62.26407284768212,B,85.0,236000000.0,260698168.72325435,274620992.09718627,5.340591167984687,13922823.373931915,2.471838132650782,9.0,6M,2026-08-28,OK
A61996110,정관동일스위트2차,정관읍모전리,기장군,1638.0,정원초등학교;신정초등학교,62.22290286975717,B,59.9856,210000000.0,217695352.80473033,229281522.24909842,5.322194201711206,11586169.444368094,2.471838132650782,23.0,6M,2026-08-28,OK
A10023021,서면비스타동원,당감동,부산진구,806.0,가야초등학교,62.1960816777042,B,59.9998,445000000.0,392819180.48979735,413678706.9389894,5.310210775141577,20859526.449192047,2.471838132650782,24.0,6M,2026-08-28,OK
A10023627,가야롯데캐슬골드아너,가야동,부산진구,935.0,가야초등학교,62.1960816777042,B,59.9227,635000000.0,413670501.93399966,435637277.50128114,5.310210775141577,21966775.567281485,2.471838132650782,32.0,6M,2026-08-28,OK
A61475202,태화현대1,당감동,부산진구,668.0,가야초등학교,62.1960816777042,B,72.33,301000000.0,247727560.37548178,260882415.97953594,5.310210775141555,13154855.604054153,2.471838132650782,8.0,6M,2026-08-28,OK
A61475903,태화현대2,당감동,부산진구,820.0,가야초등학교,62.1960816777042,B,84.94,290000000.0,276966328.3361545,291673824.146975,5.310210775141577,14707495.81082046,2.471838132650782,11.0,6M,2026-08-28,OK
A61203014,경남,좌동,해운대구,655.0,양운초등학교,61.9123068432671,B,84.034,475000000.0,407959136.9921847,429105726.0266537,5.183506659607939,21146589.03446901,2.471838132650782,7.0,6M,2026-08-28,OK
A61203021,해운대 센트럴파크,좌동,해운대구,799.0,양운초등학교,61.9123068432671,B,59.99,278000000.0,299931210.5067997,315478164.7776624,5.183506659607939,15546954.270862699,2.471838132650782,9.0,6M,2026-08-28,OK
A61203027,LH뜨란채아파트,좌동,해운대구,928.0,양운초등학교,61.9123068432671,B,59.98,291500000.0,305620326.2605933,321462176.2254267,5.183506659607939,15841849.964833379,2.471838132650782,20.0,6M,2026-08-28,OK
A61203036,두산1차아파트,좌동,해운대구,1422.0,양운초등학교,61.9123068432671,B,59.94,397000000.0,334256338.50999254,351582538.0768197,5.1835066596079615,17326199.566827178,2.471838132650782,20.0,6M,2026-08-28,OK
A61775202,백양그린,모라동,사상구,1080.0,모산초등학교,61.79635761589404,B,41.3,82000000.0,104449349.244257,109809459.80839956,5.131779760166655,5360110.564142555,2.471838132650782,11.0,6M,2026-08-28,OK
A61775706,우성,모라동,사상구,796.0,모산초등학교,61.79635761589404,B,72.42,215000000.0,175714790.36308002,184732086.41055185,5.131779760166655,9017296.047471821,2.471838132650782,3.0,6M,2026-08-28,OK
A61781706,모라주공1단지,모라동,사상구,2529.0,모산초등학교,61.79635761589404,B,,,,,,,,,,2026-08-28,OK
A61781805,모라벽산,모라동,사상구,780.0,모산초등학교,61.79635761589404,B,59.88,188000000.0,203748033.10226855,214203933.42674842,5.131779760166655,10455900.324479878,2.471838132650782,7.0,6M,2026-08-28,OK
A60775407,동원로얄듀크,낙민동,동래구,632.0,안민초등학교,61.6733995584989,B,59.955,325000000.0,287127097.1323452,301704407.472859,5.076953894670111,14577310.340513825,2.471838132650782,7.0,6M,2026-08-28,OK
A60775605,동래우성,낙민동,동래구,531.0,안민초등학교,61.6733995584989,B,59.64,247500000.0,254541674.9265949,267464638.4053392,5.076953894670111,12922963.478744298,2.471838132650782,9.0,6M,2026-08-28,OK
A60780104,중앙하이츠2,낙민동,동래구,511.0,안민초등학교,61.6733995584989,B,59.9,238000000.0,251240676.49969104,263996049.81023762,5.076953894670111,12755373.310546577,2.471838132650782,11.0,6M,2026-08-28,OK
A60780108,한일유앤아이,낙민동,동래구,935.0,안민초등학교,61.6733995584989,B,84.9854,486500000.0,515025775.0072198,541173396.1500037,5.076953894670089,26147621.14278388,2.471838132650782,14.0,6M,2026-08-28,OK
A10027790,e편한세상화명힐스,화명동,북구,800.0,화잠초등학교,61.624392935982335,B,100.98,617000000.0,496043868.5398222,521119433.04491544,5.055110262506979,25075564.505093217,2.471838132650782,21.0,6M,2026-08-28,OK
A61673302,삼한힐파크,화명동,북구,807.0,화잠초등학교,61.624392935982335,B,84.994,235000000.0,350135748.91826665,367835497.0945397,5.055110262507001,17699748.176273048,2.471838132650782,21.0,6M,2026-08-28,OK
A61673305,화명유림,화명동,북구,506.0,화잠초등학교,61.624392935982335,B,59.921,167000000.0,221761218.5964406,232971492.71596986,5.055110262507001,11210274.119529247,2.471838132650782,18.0,6M,2026-08-28,OK
A61673304,동원로얄듀크,화명동,북구,1627.0,명덕초등학교,61.55711920529801,B,84.9949,355000000.0,381154222.81906956,400307725.108508,5.025131860740384,19153502.289438426,2.471838132650782,43.0,6M,2026-08-28,OK
A61673308,화명롯데캐슬카이저,화명동,북구,5239.0,명덕초등학교,61.55711920529801,B,115.03,729500000.0,648339279.2069689,680919182.8920928,5.025131860740384,32579903.68512392,2.471838132650782,84.0,6M,2026-08-28,OK
A61203024,대우,좌동,해운대구,852.0,해송초등학교,61.5385761589404,B,59.946,410000000.0,318157133.33722115,334118663.89203787,5.016870245024108,15961530.554816723,2.471838132650782,30.0,6M,2026-08-28,OK
A61203031,상록,좌동,해운대구,1000.0,해송초등학교,61.5385761589404,B,59.85,290000000.0,313860805.40272754,329606794.75977,5.016870245024108,15745989.357042432,2.471838132650782,25.0,6M,2026-08-28,OK
A61275302,현대,좌동,해운대구,957.0,해송초등학교,61.5385761589404,B,59.445,415000000.0,315624963.7240232,331459458.61496186,5.016870245024108,15834494.89093864,2.471838132650782,15.0,6M,2026-08-28,OK
A61288603,해운대래미안,중동,해운대구,747.0,해송초등학교,61.5385761589404,B,84.98575,827500000.0,675643542.7977371,709539702.6587836,5.016870245024108,33896159.86104643,2.471838132650782,10.0,6M,2026-08-28,OK
A10022574,초읍하늘채포레스원,초읍동,부산진구,756.0,초읍초등학교,61.15353200883003,B,59.994,550000000.0,441346892.7303238,462732204.410603,4.84546555839156,21385311.680279195,2.2562262812762146,11.0,6M,2026-08-28,OK
A60939002,장전동금정산SKVIEW,장전동,금정구,1306.0,금빛초등학교,60.48051876379692,B,84.997,571500000.0,594495308.3730725,621524283.0451345,4.54654129164298,27028974.67206204,2.0424042714119492,26.0,6M,2026-08-28,OK
A60939003,벽산블루밍장전디자인시티2단지,장전동,금정구,1539.0,금빛초등학교,60.48051876379692,B,84.99,495000000.0,597072092.2786385,624218221.4949634,4.54654129164298,27146129.216324925,2.0424042714119492,41.0,6M,2026-08-28,OK
A60809003,오륙도에스케이뷰,용호동,남구,3000.0,오륙도초등학교,60.247626931567325,B,110.34035,505000000.0,643316430.0785726,671900903.3205743,4.443299114637944,28584473.242001653,2.0424042714119492,48.0,6M,2026-08-28,OK
A60976105,선경3,구서동,금정구,795.0,남산초등학교,60.11037527593818,B,84.82,280000000.0,313599391.6355544,327342892.771416,4.382502486431306,13743501.135861635,2.0424042714119492,3.0,6M,2026-08-28,OK
A10025593,대연자이,대연동,남구,965.0,대천초등학교,59.75827814569536,B,59.8922,645000000.0,454932501.6644519,474161134.9513952,4.226700272368311,19228633.286943316,2.0424042714119492,24.0,6M,2026-08-28,OK
A60608303,동삼그린힐,동삼동,영도구,2088.0,상리초등학교,59.38355408388521,B,49.94,79000000.0,133441197.35157031,138860432.70274425,4.061141130872925,5419235.351173937,1.830359997184671,24.0,6M,2026-08-28,OK
A60676104,부산동삼1,동삼동,영도구,976.0,상리초등학교,59.38355408388521,B,,,,,,,,,,2026-08-28,OK
A60676205,부산동삼2주공,동삼동,영도구,1968.0,상리초등학교,59.38355408388521,B,,,,,,,,,,2026-08-28,OK
A61870404,퀸덤1차아인슈타인타운,명지동,강서구,1112.0,명호초등학교,59.18261589403974,B,84.97,340000000.0,410596976.73854655,426907825.60247666,3.9724717394391096,16310848.863930106,1.830359997184671,13.0,6M,2026-08-28,OK
A61870405,퀸덤1차링컨타운,명지동,강서구,1102.0,명호초등학교,59.18261589403974,B,101.4,377500000.0,474516491.87084377,493366525.4093908,3.9724717394390874,18850033.53854704,1.830359997184671,10.0,6M,2026-08-28,OK
A61870406,퀸덤1차에디슨타운,명지동,강서구,652.0,명호초등학교,59.18261589403974,B,101.4,375000000.0,438350718.22565275,455764076.6267951,3.9724717394390874,17413358.40114236,1.830359997184671,5.0,6M,2026-08-28,OK
A61881402,극동스타클래스,명지동,강서구,1124.0,명호초등학교,59.18261589403974,B,101.96,343500000.0,469236905.77125293,487877209.2440344,3.9724717394390874,18640303.47278148,1.830359997184671,21.0,6M,2026-08-28,OK
A61203018,대림2,좌동,해운대구,682.0,좌동초등학교,59.09834437086093,B,59.816,391000000.0,302470476.1501825,314373618.4259306,3.935307150387124,11903142.275748134,1.830359997184671,14.0,6M,2026-08-28,OK
A61203034,대동타운,좌동,해운대구,1240.0,좌동초등학교,59.09834437086093,B,59.95,350000000.0,316805063.21919906,329272315.5248527,3.935307150387146,12467252.305653632,1.830359997184671,21.0,6M,2026-08-28,OK
A61203037,대림,좌동,해운대구,1424.0,좌동초등학교,59.09834437086093,B,59.816,430000000.0,329336778.4200853,342297192.2101055,3.9353071503871018,12960413.790020168,1.830359997184671,21.0,6M,2026-08-28,OK
A10026760,센텀비스타동원,민락동,수영구,840.0,민안초등학교,58.72201986754967,B,84.9316,917500000.0,794615430.5496222,824568509.3576918,3.7695063116697236,29953078.808069587,1.830359997184671,14.0,6M,2026-08-28,OK
A61375702,현대,수영동,수영구,1180.0,민안초등학교,58.72201986754967,B,76.445,755000000.0,624663590.2133193,648210323.673113,3.7695063116697014,23546733.459793687,1.830359997184671,8.0,6M,2026-08-28,OK
A61377106,부산더샵센텀포레,민락동,수영구,1006.0,민안초등학교,58.72201986754967,B,84.9112,920000000.0,754957000.5341705,783415152.3196985,3.7695063116697236,28458151.785527945,1.830359997184671,23.0,6M,2026-08-28,OK
A61777903,덕포경동메르빌,덕포동,사상구,517.0,덕상초등학교,58.5157284768212,A,75.54435000000001,252000000.0,329455651.56708294,341575438.17894757,3.6787308258989793,12119786.611864626,1.830359997184671,12.0,6M,2026-08-28,OK
A10028117,명지오션시티삼정그린코아,명지동,강서구,610.0,남명초등학교,58.46859823399559,B,84.9456,358500000.0,408415150.5185286,423354988.9898958,3.658003003169563,14939838.47136724,1.6200814299246271,8.0,6M,2026-08-28,OK
A61820001,롯데캐슬,명지동,강서구,1122.0,남명초등학교,58.46859823399559,B,84.94,390000000.0,421392632.96093297,436807188.12977916,3.658003003169563,15414555.16884619,1.6200814299246271,11.0,6M,2026-08-28,OK
A10028142,가화만사성정관타운,정관읍방곡리,기장군,560.0,방곡초등학교,58.230187637969095,B,59.9567,173000000.0,179396166.6856814,185770496.03849992,3.553213800820476,6374329.352818519,1.6200814299246271,11.0,6M,2026-08-28,OK
A61996105,정관LH4단지,정관읍,기장군,964.0,방곡초등학교,58.230187637969095,B,,,,,,,,,,2026-08-28,OK
A10023571,주례롯데캐슬골드스마트,주례동,사상구,998.0,주감초등학교,58.16153421633554,A,84.8758,580000000.0,474386132.44483477,491099031.22840905,3.5230580408076806,16712898.783574283,1.6200814299246271,27.0,6M,2026-08-28,OK
A10026975,주례경동리인,주례동,사상구,839.0,주감초등학교,58.16153421633554,A,80.1666,327000000.0,378382194.1578641,391712818.4741272,3.5230580408076584,13330624.31626308,1.6200814299246271,12.0,6M,2026-08-28,OK
A61778608,주례청구,주례동,사상구,831.0,주감초등학교,58.16153421633554,A,79.985,190000000.0,288546096.2424009,298711742.6875055,3.5230580408076806,10165646.445104599,1.6200814299246271,6.0,6M,2026-08-28,OK
A10020004,롯데캐슬인피니엘,문현동,남구,715.0,성동초등학교,57.40093818984548,B,59.9665,540000000.0,,,,,,5.0,6M,2026-08-28,MIDDLE_SCORE_PARTIAL
A10025508,베스티움,문현동,남구,743.0,성동초등학교,57.40093818984548,B,59.9574,503500000.0,399599727.8050721,412345185.157742,3.1895560646846066,12745457.352669895,1.4115566176830163,34.0,6M,2026-08-28,MIDDLE_SCORE_PARTIAL
A60804003,삼성,문현동,남구,916.0,성동초등학교,57.40093818984548,B,84.85,390000000.0,387236514.3098969,399587640.0367415,3.1895560646846066,12351125.726844609,1.4115566176830163,14.0,6M,2026-08-28,MIDDLE_SCORE_PARTIAL
A60872101,시티프라자,문현동,남구,521.0,성동초등학교,57.40093818984548,B,59.4,194000000.0,246540566.03454876,254404115.61041147,3.1895560646846066,7863549.575862706,1.4115566176830163,16.0,6M,2026-08-28,MIDDLE_SCORE_PARTIAL
A61996103,정관신도시휴먼시아2단지,정관읍,기장군,1301.0,정원초등학교,57.36440397350993,B,,,,,,,,,,2026-08-28,OK
A61996109,정관롯데캐슬2차,정관읍모전리,기장군,911.0,정원초등학교,57.36440397350993,B,101.8124,368000000.0,327304960.0234355,337692191.79032445,3.173563812215141,10387231.766888976,1.4115566176830163,17.0,6M,2026-08-28,OK
A61996204,정관현진에버빌,정관읍모전리,기장군,690.0,정원초등학교,57.36440397350993,B,84.981,310000000.0,255547611.05231178,263657577.5596483,3.1735638122151633,8109966.507336527,1.4115566176830163,10.0,6M,2026-08-28,OK
A10024875,브라운스톤하이포레,동대신동3가,서구,554.0,구덕초등학교,57.267218543046354,B,84.94,510000000.0,505368659.8503585,521191927.20854896,3.1310345526522676,15823267.358190477,1.4115566176830163,9.0,6M,2026-08-28,OK
A60275104,남성한빛가든,서대신동3가,서구,564.0,구덕초등학교,57.267218543046354,B,59.34,183500000.0,210419093.36921293,217007387.88798064,3.1310345526522676,6588294.5187677145,1.4115566176830163,6.0,6M,2026-08-28,OK
A10025662,포레나동래,낙민동,동래구,732.0,낙민초등학교,57.23300220750552,B,84.6439,617000000.0,613168888.8551133,632275632.0457586,3.1160653350043255,19106743.190645337,1.4115566176830163,17.0,6M,2026-08-28,OK
A60776006,한양,낙민동,동래구,552.0,낙민초등학교,57.23300220750552,B,82.91,447500000.0,249076765.47204328,256838160.2184676,3.1160653350043033,7761394.746424317,1.4115566176830163,8.0,6M,2026-08-28,OK
A10026861,서면동일파크스위트3차,부암동,부산진구,727.0,부암초등학교,57.03956953642385,B,79.9368,417000000.0,379117559.74616945,390610439.64307797,3.0314818191495396,11492879.896908522,1.4115566176830163,19.0,6M,2026-08-28,OK
A10028147,서면동일파크스위트1차,부암동,부산진구,751.0,부암초등학교,57.03956953642385,B,84.9955,385000000.0,387080927.609398,398815215.5552724,3.031481819149562,11734287.945874393,1.4115566176830163,21.0,6M,2026-08-28,OK
A61409002,쌍용스윗닷홈스카이,부암동,부산진구,544.0,부암초등학교,57.03956953642385,B,96.305,488500000.0,386683801.3924122,398406050.5292195,3.0314818191495396,11722249.136807323,1.4115566176830163,12.0,6M,2026-08-28,OK
A61409003,일성인포,부암동,부산진구,546.0,부암초등학교,57.03956953642385,B,76.2,211000000.0,249142624.1934923,256695337.5496701,3.0314818191495396,7552713.356177807,1.4115566176830163,4.0,6M,2026-08-28,OK
A61310007,쌍용예가디오션,광안동,수영구,928.0,광안초등학교,56.86467991169978,B,84.98485,1202500000.0,707202131.369205,728100424.3769337,2.95506646271948,20898293.007728696,1.4115566176830163,14.0,6M,2026-08-28,OK
A10024697,더샵명지퍼스트월드2단지,명지동,강서구,1406.0,명문초등학교,55.55849889624725,B,84.997,590000000.0,529566774.20055395,542202978.9121023,2.3861400161715673,12636204.711548388,1.2047736847523869,39.0,6M,2026-08-28,MIDDLE_SCORE_PARTIAL
A10026157,명지더웨스턴,명지동,강서구,1201.0,명문초등학교,55.55849889624725,B,74.8,380000000.0,449298401.22404754,460019290.16767365,2.3861400161715673,10720888.943626106,1.2047736847523869,23.0,6M,2026-08-28,MIDDLE_SCORE_PARTIAL
A10023420,남천자이,남천동,수영구,913.0,광남초등학교,53.67406181015453,B,84.98855,1475000000.0,1959726076.4710083,1990511036.0656815,1.5708807452370799,30784959.594673157,0.7963863323441824,14.0,6M,2026-08-28,OK
A61301003,삼익비치,남천동,수영구,3060.0,광남초등학교,53.67406181015453,B,73.92,965000000.0,799568307.5578103,812128572.1462538,1.5708807452370577,12560264.588443518,0.7963863323441824,90.0,6M,2026-08-28,OK
A61381805,코오롱하늘채골든비치,남천동,수영구,987.0,광남초등학교,53.67406181015453,B,101.97,1040000000.0,1724195492.285168,1751280547.2837212,1.5708807452370799,27085054.998553276,0.7963863323441824,15.0,6M,2026-08-28,OK
A10023625,e편한세상시민공원2단지,전포동,부산진구,1401.0,성전초등학교,53.49387417218543,B,74.5918,678000000.0,582063267.1252066,590755028.5780396,1.4932674751597652,8691761.452833056,0.5947585383835456,56.0,6M,2026-08-28,OK
A61404006,서면한신,전포동,부산진구,705.0,성전초등학교,53.49387417218543,B,84.98,393000000.0,360388832.8210002,365770402.04562414,1.4932674751597652,5381569.2246239185,0.5947585383835456,15.0,6M,2026-08-28,OK
A61404007,서면롯데캐슬스카이,전포동,부산진구,1395.0,성전초등학교,53.49387417218543,B,59.9438,490000000.0,344784228.77439725,349932779.5221658,1.4932674751597652,5148550.747768521,0.5947585383835456,34.0,6M,2026-08-28,OK
A61404203,서면대우디오빌2,전포동,부산진구,751.0,성전초등학교,53.49387417218543,B,28.58,68000000.0,132963411.23811777,134948910.61199954,1.4932674751597874,1985499.3738817722,0.5947585383835456,9.0,6M,2026-08-28,OK
A10025950,거제센트럴자이,거제동,연제구,878.0,거학초등학교,53.12224061810154,B,59.9635,675000000.0,517058928.941368,523953283.2897006,1.3333788399028768,6894354.3483326435,0.5947585383835456,27.0,6M,2026-08-28,OK
A10026445,부산명지중흥S-클래스에듀오션,명지동,강서구,750.0,명지초등학교,53.05883002207506,A,75.4517,420000000.0,420663212.3569339,426157590.23604953,1.306122740881288,5494377.879115641,0.5947585383835456,19.0,6M,2026-08-28,OK
A10027139,명지국제신도시호반베르디움2차,명지동,강서구,694.0,명지초등학교,53.05883002207506,A,70.8009,396000000.0,396871419.84938216,402055047.71609336,1.306122740881288,5183627.866711199,0.5947585383835456,15.0,6M,2026-08-28,OK
A10027698,명지국제신도시호반베르디움1차,명지동,강서구,642.0,명지초등학교,53.05883002207506,A,74.9342,410000000.0,403491470.52659273,408761564.3806569,1.306122740881288,5270093.854064167,0.5947585383835456,19.0,6M,2026-08-28,OK
A10027918,명지1차 금강펜테리움 센트럴파크,명지동,강서구,850.0,명지초등학교,53.05883002207506,A,84.2591,392500000.0,435562961.89266115,441251948.78879726,1.306122740881288,5688986.896136105,0.5947585383835456,30.0,6M,2026-08-28,OK
A10027953,에일린의 뜰,명지동,강서구,980.0,명지초등학교,53.05883002207506,A,75.7034,405000000.0,421127832.6599203,426628279.05047196,1.306122740881288,5500446.390551686,0.5947585383835456,29.0,6M,2026-08-28,OK
A60975404,뉴그린1,부곡동,금정구,990.0,서동초등학교,52.94050772626932,B,57.15,127000000.0,222386215.46713698,225177792.42037672,1.2552832680640114,2791576.953239739,0.5947585383835456,9.0,6M,2026-08-28,OK
A60681702,반도보라,영선동4가,영도구,868.0,남항초등학교,52.83443708609272,B,59.7,227500000.0,237483069.6692806,240355972.76458898,1.2097296448581485,2872903.0953083932,0.5947585383835456,6.0,6M,2026-08-28,OK
A10024201,리버파크반도유보라,구포동,북구,790.0,구포초등학교,52.61782560706401,B,59.9466,455000000.0,319789624.48333204,323360927.09476,1.1167662544392831,3571302.611427963,0.5947585383835456,17.0,6M,2026-08-28,OK
A61609002,구포동원로얄듀크비스타,구포동,북구,1079.0,구포초등학교,52.61782560706401,B,84.9869,440000000.0,387601315.3331438,391929916.0245471,1.1167662544392831,4328600.691403329,0.5947585383835456,25.0,6M,2026-08-28,OK
A61477105,개금아이파크,개금동,부산진구,1424.0,주례초등학교,52.17086092715231,B,74.59,269000000.0,359131457.663479,362454183.9886733,0.925211716849339,3322726.325194359,0.39482587382922324,22.0,6M,2026-08-28,OK
A61477403,시영(1~5동),개금동,부산진구,633.0,주례초등학교,52.17086092715231,B,39.67,59500000.0,81308814.87158367,82061093.5536069,0.925211716849339,752278.6820232272,0.39482587382922324,14.0,6M,2026-08-28,OK
A61776710,엄궁2차한신,엄궁동,사상구,1016.0,동궁초등학교,52.09056291390729,B,59.98,147000000.0,190700730.72564346,192399563.5266656,0.8908370694531875,1698832.8010221422,0.39482587382922324,19.0,6M,2026-08-28,OK
A61776811,코오롱,엄궁동,사상구,1158.0,동궁초등학교,52.09056291390729,B,59.94,150000000.0,195858200.93044084,197602978.38789338,0.8908370694532097,1744777.4574525356,0.39482587382922324,13.0,6M,2026-08-28,OK
A61778507,쌍용스윗닷홈,엄궁동,사상구,607.0,동궁초등학교,52.09056291390729,B,59.9349,205000000.0,207686881.91724673,209537033.64975706,0.8908370694532097,1850151.7325103283,0.39482587382922324,5.0,6M,2026-08-28,OK
A10023533,오션파라곤아파트,문현동,남구,662.0,성천초등학교,51.52516556291391,B,66.468,365000000.0,460731449.04984915,463722187.04093724,0.6491282497115725,2990737.9910880923,0.39482587382922324,24.0,6M,2026-08-28,MIDDLE_SCORE_PARTIAL
A61409302,당감뜨란채,부암동,부산진구,630.0,동양초등학교,51.35524282560706,B,59.98,164000000.0,224148387.557751,225440825.08559948,0.5765990743589411,1292437.5278484821,0.19657683708994128,30.0,6M,2026-08-28,OK
A61479403,쌍용스윗닷홈,부암동,부산진구,718.0,동양초등학교,51.35524282560706,B,94.412,302000000.0,350246894.09512734,352266414.44445086,0.5765990743589633,2019520.3493235111,0.19657683708994128,10.0,6M,2026-08-28,OK
A61313001,삼성,망미동,수영구,672.0,수미초등학교,51.00756070640177,B,124.8275,374500000.0,472325906.58561176,474349155.2142792,0.42835859741279236,2023248.6286674142,0.19657683708994128,4.0,6M,2026-08-28,OK
A61313002,더샵파크리치,망미동,수영구,862.0,수미초등학교,51.00756070640177,B,84.98,640000000.0,532554919.3019829,534836164.0847578,0.42835859741281457,2281244.782774925,0.19657683708994128,7.0,6M,2026-08-28,OK
A61612019,대림타운,화명동,북구,3382.0,와석초등학교,50.83890728476821,B,67.83,247250000.0,306355889.1889101,307448136.5316302,0.3565289198819821,1092247.3427200913,0.19657683708994128,76.0,6M,2026-08-28,OK
A60976902,경동,청룡동,금정구,612.0,청룡초등학교,50.54679911699779,B,84.62,205000000.0,287123780.4582747,287790600.3382465,0.23224125807603802,666819.8799718022,0.19657683708994128,7.0,6M,2026-08-28,OK
A60876301,일신프리빌리지,용호동,남구,518.0,용호초등학교,50.4907284768212,B,84.99,300000000.0,318784837.6506267,319449190.52180046,0.2084016529988908,664352.8711737394,0.0,11.0,6M,2026-08-28,OK
A60876402,현대비치,용호동,남구,648.0,용호초등학교,50.4907284768212,B,59.62,269000000.0,249197255.71695074,249716586.91709277,0.208401652998913,519331.20014202595,0.0,19.0,6M,2026-08-28,OK
A60883203,용호동일신님(林)Ⅱ,용호동,남구,710.0,용호초등학교,50.4907284768212,B,84.9585,361000000.0,424210004.8581621,425094065.5204732,0.2084016529988908,884060.6623110771,0.0,9.0,6M,2026-08-28,OK
A61970415,부산기장교리,기장읍,기장군,875.0,,50.171467991169976,C,,,,,,,,,,2026-08-28,MIDDLE_OPTION_MISSING
A61990108,이진캐스빌블루1차,기장읍교리,기장군,620.0,,50.171467991169976,C,84.922,345000000.0,374198857.4999859,374471159.75549436,0.07276939788851688,272302.25550848246,0.0,17.0,6M,2026-08-28,MIDDLE_OPTION_MISSING
A10025433,수영SKVIEW1단지,망미동,수영구,1147.0,배산초등학교,49.82687637969095,B,59.9876,559000000.0,498028837.6810368,497663193.1398637,-0.07341834719362117,-365644.54117304087,0.0,36.0,6M,2026-08-28,OK
A10023544,센트럴스타힐스,괘법동,사상구,874.0,창진초등학교,49.17135761589404,B,59.9926,427500000.0,422095578.0416601,420614347.82724726,-0.35092294055414364,-1481230.2144128084,0.1949159926398778,18.0,6M,2026-08-28,OK
A61776003,괘법한신2,괘법동,사상구,1094.0,창진초등학교,49.17135761589404,B,73.4,277500000.0,290261127.5807394,289242534.6965474,-0.35092294055415474,-1018592.8841919899,0.1949159926398778,22.0,6M,2026-08-28,OK
A61780802,사상강변동원,괘법동,사상구,600.0,창진초등학교,49.17135761589404,B,74.12,306000000.0,296434581.36627454,295394324.41652465,-0.35092294055414364,-1040256.949749887,0.1949159926398778,13.0,6M,2026-08-28,OK
A61673103,쌍용스윗닷홈,만덕동,북구,600.0,백산초등학교,49.15954746136866,B,72.43725,263500000.0,242641383.72978437,241777785.36624697,-0.3559155286136817,-863598.363537401,0.1949159926398778,8.0,6M,2026-08-28,OK
A61675806,삼성,만덕동,북구,600.0,백산초등학교,49.15954746136866,B,82.2,237000000.0,190874885.71532738,190195532.3568429,-0.3559155286136817,-679353.3584844768,0.1949159926398778,5.0,6M,2026-08-28,OK
A61678804,럭키2,만덕동,북구,714.0,백산초등학교,49.15954746136866,B,84.94,185000000.0,212673795.1830561,211916856.1207076,-0.3559155286136484,-756939.062348485,0.1949159926398778,11.0,6M,2026-08-28,OK
A61682607,대성타워,만덕동,북구,816.0,백산초등학교,49.15954746136866,B,84.92,230000000.0,222723370.14453906,221930663.08434296,-0.3559155286136595,-792707.0601961017,0.1949159926398778,13.0,6M,2026-08-28,OK
A61682907,동원,만덕동,북구,988.0,백산초등학교,49.15954746136866,B,59.84,151500000.0,161722473.45787728,161146878.06158257,-0.3559155286136706,-575595.396294713,0.1949159926398778,14.0,6M,2026-08-28,OK
A10023104,사상중흥에스-클래스그랜드센트럴,덕포동,사상구,1572.0,사상초등학교;덕포초등학교,49.122130242825605,B,79.8564,597000000.0,468767605.74358207,467025048.81698745,-0.3717315158393908,-1742556.926594615,0.1949159926398778,51.0,6M,2026-08-28,OK
A60976501,부곡시영,부곡동,금정구,553.0,동현초등학교,49.04194260485652,B,,,,,,,,,,2026-08-28,OK
A60976502,부곡늘푸른아파트,부곡동,금정구,885.0,동현초등학교,49.04194260485652,B,45.72,97000000.0,158793072.56661335,158148979.60660106,-0.40561779528643926,-644092.9600122869,0.1949159926398778,11.0,6M,2026-08-28,OK
A61410304,"삼익(10,11동)",당감동,부산진구,1074.0,당감초등학교,48.909823399558505,B,64.44,270000000.0,159802109.01565108,159064742.83792675,-0.46142455957957074,-737366.1777243316,0.1949159926398778,7.0,6M,2026-08-28,OK
A61996102,정관센트럴파크,정관읍달산리,기장군,588.0,달산초등학교;방곡초등학교,48.791114790286976,B,59.83,210000000.0,214650199.01338366,213552177.26457936,-0.5115400562642147,-1098021.748804301,0.1949159926398778,5.0,6M,2026-08-28,OK
A10024328,동대신역비스타동원아파트,동대신동1가,서구,503.0,화랑초등학교,48.52251655629139,B,59.997,416500000.0,417973411.1995764,415361739.04299283,-0.6248416972477022,-2611672.1565835476,0.1949159926398778,22.0,6M,2026-08-28,OK
A10024602,서면아이파크1단지,전포동,부산진구,2144.0,성북초등학교,47.90739514348786,B,59.7846,595000000.0,496297365.12251234,491910940.87564313,-0.8838298478144102,-4386424.246869206,0.3881824235188512,71.0,6M,2026-08-28,OK
A61403001,더샵센트럴스타,부전동,부산진구,1360.0,성북초등학교,47.90739514348786,B,126.268,665000000.0,620705250.355614,615219272.0860198,-0.8838298478144324,-5485978.2695941925,0.3881824235188512,17.0,6M,2026-08-28,OK
A61477302,서면노르웨이아침,전포동,부산진구,512.0,성북초등학교,47.90739514348786,B,30.49,55000000.0,125452961.23703903,124344170.52065903,-0.8838298478144213,-1108790.71638,0.3881824235188512,5.0,6M,2026-08-28,OK
A61486301,한라비발디,전포동,부산진구,511.0,성북초등학교,47.90739514348786,B,84.9706,394000000.0,452937856.3720175,448934656.4053508,-0.8838298478144213,-4003199.9666666985,0.3881824235188512,6.0,6M,2026-08-28,OK
A60871104,현대아이파크,용당동,남구,748.0,용당초등학교,47.220916114790285,B,84.9623,275000000.0,309732036.898322,306101775.3762535,-1.1720652336846382,-3630261.5220685005,0.5798105032694318,7.0,6M,2026-08-28,OK
A61283410,장산동국,재송동,해운대구,536.0,반산초등학교,47.1682119205298,B,72.295,118500000.0,367080890.3813344,362697358.21294475,-1.1941597297085993,-4383532.168389678,0.5798105032694318,6.0,6M,2026-08-28,MIDDLE_SCORE_PARTIAL
A61175110,주공,연산동,연제구,2038.0,토현초등학교,46.31578366445916,B,75.75,430000000.0,323181209.7276346,318169228.4996981,-1.5508269283849851,-5011981.227936506,0.76981137091814,13.0,6M,2026-08-28,OK
A61176308,선경,연산동,연제구,576.0,토현초등학교,46.31578366445916,B,84.75,400000000.0,395399993.9399198,389268024.359067,-1.550826928384963,-6131969.580852807,0.76981137091814,5.0,6M,2026-08-28,OK
A10020213,가야역롯데캐슬스카이엘,가야동,부산진구,725.0,가남초등학교,46.08741721854304,B,59.8682,553000000.0,384079917.5477504,377757349.1165084,-1.64615959918184,-6322568.431241989,0.76981137091814,1.0,24M,2026-08-28,OK
A10028138,동원역삼정그린코아,금곡동,북구,529.0,금곡초등학교,45.7257174392936,B,59.7649,254000000.0,268018468.54037642,263202273.0152849,-1.7969640492763173,-4816195.525091529,0.76981137091814,8.0,6M,2026-08-28,OK
A61676215,금곡주공2단지,금곡동,북구,1460.0,금곡초등학교,45.7257174392936,B,,,,,,,,,,2026-08-28,OK
A61676814,금곡9단지주공,금곡동,북구,1366.0,금곡초등학교,45.7257174392936,B,40.86,65000000.0,114869182.37700234,112805024.46598998,-1.7969640492763062,-2064157.9110123664,0.76981137091814,26.0,6M,2026-08-28,OK
A61681107,금곡화목타운,금곡동,북구,576.0,금곡초등학교,45.7257174392936,B,68.12,145000000.0,198784986.0414367,195212891.3069132,-1.796964049276284,-3572094.734523505,0.76981137091814,10.0,6M,2026-08-28,OK
A61681108,협진태양·조성아파트,금곡동,북구,576.0,금곡초등학교,45.7257174392936,B,67.97,135500000.0,197841555.10731614,194286413.48750848,-1.7969640492763173,-3555141.6198076606,0.76981137091814,10.0,6M,2026-08-28,OK
A10023928,사하코오롱하늘채,신평동,사하구,969.0,신평초등학교,45.64525386313466,B,59.9513,265000000.0,250554843.63710302,245968486.11091626,-1.830480488666797,-4586357.526186764,0.76981137091814,36.0,6M,2026-08-28,OK
A10027236,사하뷰웰,신평동,사하구,900.0,신평초등학교,45.64525386313466,B,84.74,250000000.0,289860709.96131104,284554866.2211582,-1.8304804886667858,-5305843.740152836,0.76981137091814,13.0,6M,2026-08-28,OK
A60403002,신평럭키무지개타운,신평동,사하구,505.0,신평초등학교,45.64525386313466,B,74.125,130500000.0,140446206.45814815,137875366.05185908,-1.8304804886667858,-2570840.406289071,0.76981137091814,10.0,12M,2026-08-28,OK
A10024953,포레나부산초읍,초읍동,부산진구,1113.0,연학초등학교,45.55816777041942,B,59.9158,445000000.0,409264354.316282,401624442.29706484,-1.8667425928115322,-7639912.0192171335,0.76981137091814,34.0,6M,2026-08-28,OK
A10022999,대연푸르지오클라센트1단지,대연동,남구,1057.0,석포초등학교,45.4014348785872,B,74.9183,621500000.0,644973817.9850962,632513107.9930632,-1.93197144512941,-12460709.992033005,0.958196094333363,50.0,6M,2026-08-28,OK
A10026184,대연파크푸르지오,대연동,남구,1422.0,석포초등학교,45.4014348785872,B,74.9524,540000000.0,605201796.933127,593509471.0309689,-1.9319714451294212,-11692325.902158141,0.958196094333363,43.0,6M,2026-08-28,OK
A60883003,신대연코오롱하늘채,용당동,남구,712.0,석포초등학교,45.4014348785872,B,84.6588,330000000.0,319736882.1041732,313559656.8423735,-1.931971445129399,-6177225.261799693,0.958196094333363,10.0,6M,2026-08-28,OK
A10024341,화명푸르지오헤리센트,화명동,북구,886.0,화명초등학교,45.28443708609271,B,74.9588,593000000.0,445912561.7545295,437080660.8583239,-1.9806351409914935,-8831900.896205604,0.958196094333363,31.0,6M,2026-08-28,OK
A61679206,벽산강변타운,화명동,북구,1044.0,화명초등학교,45.28443708609271,B,84.89,234000000.0,299586757.80184805,293653037.1990676,-1.9806351409914935,-5933720.602780461,0.958196094333363,11.0,6M,2026-08-28,OK
A61679208,경남아너스빌,화명동,북구,570.0,화명초등학교,45.28443708609271,B,84.91,370000000.0,320360735.3697218,314015558.0670503,-1.9806351409915046,-6345177.302671492,0.958196094333363,7.0,6M,2026-08-28,OK
A10022985,경동포레스트힐 행복주택 아미,아미동2가,서구,767.0,아미초등학교,44.87897350993377,B,,,,,,,,,,2026-08-28,OK
A10024664,더샵명지퍼스트월드3단지,명지동,강서구,1530.0,명원초등학교,44.80794701986755,B,84.997,585000000.0,531117042.5619143,519546256.173706,-2.1785756172302606,-11570786.38820833,0.958196094333363,49.0,6M,2026-08-28,MIDDLE_SCORE_PARTIAL
A10025776,더힐시그니처,명지동,강서구,1210.0,명원초등학교,44.80794701986755,B,91.6395,622500000.0,535574092.14029586,523906205.556725,-2.1785756172302606,-11667886.583570838,0.958196094333363,20.0,6M,2026-08-28,MIDDLE_SCORE_PARTIAL
A61175804,현대,거제동,연제구,618.0,연제초등학교,44.049558498896246,B,72.77,397000000.0,294798652.8471385,287449922.37203985,-2.4927964914782663,-7348730.4750986695,1.1449756706704344,8.0,6M,2026-08-28,OK
A10023526,힐스테이트연산,연산동,연제구,1651.0,연미초등학교,43.889845474613686,B,74.6718,579000000.0,655772620.653955,638992441.0199847,-2.5588411448523973,-16780179.63397026,1.1449756706704344,39.0,6M,2026-08-28,OK
A10024704,문현경동리인아파트,문현동,남구,600.0,문현초등학교,43.80700883002207,B,79.6226,396000000.0,479867913.9981282,467424563.73853916,-2.5930781985222584,-12443350.259589016,1.1449756706704344,25.0,6M,2026-08-28,MIDDLE_SCORE_PARTIAL
A60879704,현대,문현동,남구,693.0,문현초등학교,43.80700883002207,B,84.846,260000000.0,347638075.7304205,338623548.5788926,-2.5930781985222695,-9014527.151527882,1.1449756706704344,10.0,6M,2026-08-28,MIDDLE_SCORE_PARTIAL
A10025434,서면2차봄여름가을겨울,당감동,부산진구,535.0,부전초등학교,43.63923841059604,B,64.4477,367500000.0,346508758.660733,337283371.0891408,-2.662382217190873,-9225387.571592212,1.1449756706704344,22.0,6M,2026-08-28,OK
A61473002,네오스포,부전동,부산진구,782.0,부전초등학교,43.63923841059604,B,84.645,205000000.0,300332737.45179915,292336732.05747986,-2.662382217190884,-7996005.394319296,1.1449756706704344,19.0,6M,2026-08-28,OK
A61483202,서면이-편한세상,범천동,부산진구,623.0,부전초등학교,43.63923841059604,B,84.915,470000000.0,388982405.8628024,378626207.4611099,-2.662382217190884,-10356198.40169251,1.1449756706704344,15.0,6M,2026-08-28,OK
A61402003,서면베르빌2,범천동,부산진구,606.0,성서초등학교,43.54536423841059,B,23.88,50000000.0,82065265.58455412,79848568.66173372,-2.701139034926392,-2216696.922820404,1.1449756706704344,5.0,6M,2026-08-28,OK
A10027282,부산명지중흥S-클래스프라디움,명지동,강서구,1033.0,신명초등학교,43.40231788079471,B,59.99395,310000000.0,348574791.439623,338953543.78209853,-2.7601673711941332,-9621247.657524467,1.330161026813949,36.0,6M,2026-08-28,MIDDLE_SCORE_PARTIAL
A10027581,명지대방노블랜드오션뷰2차,명지동,강서구,600.0,신명초등학교,43.40231788079471,B,84.9985,500000000.0,440452991.37847954,428295751.62500226,-2.760167371194122,-12157239.753477275,1.330161026813949,16.0,6M,2026-08-28,MIDDLE_SCORE_PARTIAL
A10027656,명지대방노블랜드오션뷰1차,명지동,강서구,737.0,신명초등학교,43.40231788079471,B,84.9341,480000000.0,450252217.66326636,437824502.86324686,-2.7601673711941443,-12427714.800019503,1.330161026813949,19.0,6M,2026-08-28,MIDDLE_SCORE_PARTIAL
A61776303,럭키주례1,주례동,사상구,2293.0,동주초등학교,43.32251655629139,B,58.68,257000000.0,170791486.45261165,166021140.241207,-2.793081968244504,-4770346.211404651,1.330161026813949,15.0,6M,2026-08-28,OK
A61783402,현대무지개타운,주례동,사상구,977.0,동주초등학교,43.32251655629139,B,84.99,165000000.0,259174282.46783996,251935332.31790364,-2.793081968244504,-7238950.149936318,1.330161026813949,7.0,6M,2026-08-28,OK
A61674824,부산율리마을,금곡동,북구,840.0,금명초등학교,42.66324503311259,B,,,,,,,,,,2026-08-28,OK
A61674912,화명뜨란채,금곡동,북구,981.0,금명초등학교,42.66324503311259,B,76.72,311000000.0,273868928.6910159,265476004.20735478,-3.064577104009547,-8392924.483661115,1.330161026813949,34.0,6M,2026-08-28,OK
A61677013,화명한일유앤아이,금곡동,북구,1026.0,금명초등학교,42.66324503311259,B,83.5,322000000.0,282212447.2143781,273563829.1723812,-3.064577104009558,-8648618.041996896,1.330161026813949,19.0,6M,2026-08-28,OK
A61684110,화명리버빌2차,금곡동,북구,722.0,금명초등학교,42.66324503311259,B,82.63,315000000.0,287085889.15439653,278287920.72652864,-3.064577104009558,-8797968.42786789,1.330161026813949,12.0,6M,2026-08-28,OK
A10024303,영도센트럴에일린의뜰,봉래동4가,영도구,1216.0,대교초등학교,42.63222958057395,B,84.8813,461000000.0,517537404.3254893,501611065.81040466,-3.0773309101863933,-15926338.515084624,1.330161026813949,24.0,6M,2026-08-28,OK
A60675801,미광마린타워,봉래동2가,영도구,676.0,대교초등학교,42.63222958057395,B,84.92,398000000.0,368050191.7981881,356724069.4809822,-3.077330910186382,-11326122.317205906,1.330161026813949,5.0,6M,2026-08-28,OK
A10025075,e편한세상오션테라스3단지,민락동,수영구,1038.0,민락초등학교,42.56953642384106,B,84.9776,800000000.0,853275528.4813733,826797486.7324977,-3.103105722016919,-26478041.748875618,1.330161026813949,27.0,6M,2026-08-28,OK
A61377105,센텀비치푸르지오,민락동,수영구,1082.0,민락초등학교,42.56953642384106,B,84.97,554500000.0,597735211.9108765,579186856.3475602,-3.103105722016919,-18548355.563316345,1.330161026813949,18.0,6M,2026-08-28,OK
A61377204,롯데캐슬자이언트,민락동,수영구,591.0,민락초등학교,42.56953642384106,B,84.9393,597000000.0,607940195.0519286,589075168.0728314,-3.103105722016919,-18865026.979097247,1.330161026813949,9.0,6M,2026-08-28,OK
A61870410,명지두산위브포세이돈,명지동,강서구,1256.0,오션초등학교,42.43294701986755,B,84.9807,325000000.0,440322795.2492145,426411952.38135624,-3.159237499840306,-13910842.867858231,1.513763019817333,29.0,6M,2026-08-28,OK
A61870411,명지오션시티한신휴플러스,명지동,강서구,841.0,오션초등학교,42.43294701986755,B,84.99,310000000.0,427172667.0494143,413677267.9629212,-3.159237499840306,-13495399.086493075,1.513763019817333,18.0,6M,2026-08-28,OK
A10023837,부산오션시티푸르지오,동삼동,영도구,846.0,태종대초등학교,42.04061810154525,B,84.87665000000001,397250000.0,409859824.7690276,396251309.09408057,-3.3202853396563037,-13608515.674947023,1.513763019817333,12.0,6M,2026-08-28,OK
A60475903,신익강변타운,신평동,사하구,937.0,신남초등학교,41.98118101545254,B,84.83500000000001,172000000.0,174452823.1563561,168617968.64693838,-3.3446604095298205,-5834854.509417713,1.513763019817333,6.0,6M,2026-08-28,OK
A60483404,한신,신평동,사하구,937.0,신남초등학교,41.98118101545254,B,84.96,151000000.0,186686884.54558355,180442842.22840276,-3.3446604095298205,-6244042.317180783,1.513763019817333,11.0,6M,2026-08-28,OK
A10025540,삼한골든뷰센트럴파크,범전동,부산진구,1272.0,성지초등학교,41.84972406181016,B,84.9764,842500000.0,835681354.5343435,807280314.9958026,-3.398548906762,-28401039.53854084,1.513763019817333,20.0,6M,2026-08-28,OK
A61409004,타워베르빌,부암동,부산진구,704.0,성지초등학교,41.84972406181016,B,84.814,310000000.0,342210045.0400472,330579869.2955095,-3.3985489067618335,-11630175.744537711,1.513763019817333,5.0,6M,2026-08-28,OK
A61409005,부산서면동문굿모닝힐,부암동,부산진구,559.0,성지초등학교,41.84972406181016,B,84.9222,415000000.0,378607271.33916366,365740118.0581457,-3.3985489067618335,-12867153.28101796,1.513763019817333,15.0,6M,2026-08-28,OK
A10023436,데시앙해링턴플레이스파크시티,용호동,남구,1725.0,운산초등학교,41.660761589403975,B,59.9725,378000000.0,468441963.4964291,452159116.8215014,-3.475958164250126,-16282846.674927711,1.513763019817333,38.0,6M,2026-08-28,OK
A61680705,삼정그린코아,구포동,북구,668.0,구남초등학교,41.49266004415011,B,84.76,315000000.0,263098096.83129415,253771875.68955162,-3.5447695190751416,-9326221.141742527,1.6957924373396855,13.0,6M,2026-08-28,OK
A61680707,구포현대,구포동,북구,1741.0,구남초등학교,41.49266004415011,B,78.18,210000000.0,239648764.960285,231153768.58713275,-3.544769519075164,-8494996.373152256,1.6957924373396855,29.0,6M,2026-08-28,OK
A10027085,센텀리버SKVIEW,연산동,연제구,529.0,과정초등학교,41.013907284768216,B,64.0118,450000000.0,465160821.5570717,447761595.47939897,-3.740475395032372,-17399226.07767272,1.6957924373396855,16.0,6M,2026-08-28,OK
A10028028,부산센텀푸르지오,연산동,연제구,560.0,과정초등학교,41.013907284768216,B,74.6236,440000000.0,503827735.108691,484982182.6436015,-3.7404753950323832,-18845552.4650895,1.6957924373396855,17.0,6M,2026-08-28,OK
A61776907,금강,학장동,사상구,730.0,학진초등학교,40.93316777041943,B,84.81,126500000.0,213355150.4932028,205304319.41722324,-3.773441164822522,-8050831.075979561,1.6957924373396855,8.0,6M,2026-08-28,OK
A61777010,학장무학,학장동,사상구,893.0,학진초등학교,40.93316777041943,B,59.99,160000000.0,181824149.10035452,174963121.81061348,-3.773441164822511,-6861027.289741039,1.6957924373396855,4.0,6M,2026-08-28,OK
A61777312,반도보라타운,학장동,사상구,998.0,학진초등학교,40.93316777041943,B,59.88,162500000.0,172710885.38076013,166193741.73567313,-3.7734411648224997,-6517143.645087004,1.6957924373396855,20.0,6M,2026-08-28,OK
A60405002,다대롯데캐슬블루,다대동,사하구,1326.0,다선초등학교,40.872958057395145,B,84.9669,417500000.0,361206215.4105293,347487540.81702,-3.7980173120546468,-13718674.593509316,1.6957924373396855,32.0,6M,2026-08-28,OK
A60475411,도개공다대4지구영구임대아파트,다대동,사하구,1920.0,다선초등학교,40.872958057395145,B,,,,,,,,,,2026-08-28,OK
A60475612,다대포현대,다대동,사하구,2181.0,다선초등학교,40.872958057395145,B,84.88,222500000.0,229738249.42398933,221012750.93845493,-3.7980173120546468,-8725498.4855344,1.6957924373396855,20.0,6M,2026-08-28,OK
A60475710,삼환,다대동,사하구,1669.0,다선초등학교,40.872958057395145,B,72.315,213000000.0,208481523.6239464,200563359.2642736,-3.7980173120546468,-7918164.359672785,1.6957924373396855,26.0,6M,2026-08-28,OK
A60476604,다대코오롱맨션,다대동,사하구,520.0,다선초등학교,40.872958057395145,B,62.0,197500000.0,126225357.83424324,121431296.89149573,-3.798017312054658,-4794060.9427475035,1.6957924373396855,8.0,12M,2026-08-28,OK
A60880104,동일스위트,감만동,남구,548.0,동천초등학교,40.825386313465785,B,59.9925,196500000.0,209463416.71462193,201467296.34310138,-3.8174305074067716,-7996120.371520549,1.6957924373396855,6.0,6M,2026-08-28,MIDDLE_SCORE_PARTIAL
A10026557,센텀리슈빌2단지,재송동,해운대구,753.0,송수초등학교,40.814403973509926,B,84.6823,730000000.0,710260161.0877475,683114645.2363017,-3.82191165134097,-27145515.851445794,1.6957924373396855,24.0,6M,2026-08-28,OK
A61281512,센텀피오레1차,재송동,해운대구,774.0,송수초등학교,40.814403973509926,B,84.9446,505000000.0,568764099.2712662,547026437.8925731,-3.821911651340981,-21737661.378693104,1.6957924373396855,26.0,6M,2026-08-28,OK
A61286403,센텀이편한세상,재송동,해운대구,1190.0,송수초등학교,40.814403973509926,B,84.842,675000000.0,580959107.0131202,558755363.2126592,-3.821911651340981,-22203743.800460935,1.6957924373396855,31.0,6M,2026-08-28,OK
A61775307,부산모라주공3,모라동,사상구,2385.0,모동초등학교,40.76456953642384,B,,,,,,,,,,2026-08-28,OK
A61775401,주공4,모라동,사상구,900.0,모동초등학교,40.76456953642384,B,49.94,101500000.0,121405626.34823528,116740927.09126288,-3.8422430634247218,-4664699.256972402,1.6957924373396855,10.0,6M,2026-08-28,OK
A61481111,엘지신개금(2-1),개금동,부산진구,2510.0,개림초등학교,40.102041942604856,B,84.99,310000000.0,377776704.35832125,362242025.78620815,-4.112132482732034,-15534678.572113097,1.8762599980799073,23.0,6M,2026-08-28,OK
A61783203,엘지신주례1,주례동,사상구,953.0,개림초등학교,40.102041942604856,B,59.97,165000000.0,205661612.6141597,197204534.63734233,-4.112132482732022,-8457077.97681737,1.8762599980799073,16.0,6M,2026-08-28,OK
A10023725,백양산베스티움에코포레,만덕동,북구,593.0,백양초등학교,40.07654525386313,A,84.9543,305000000.0,375056731.25259745,359595003.4527155,-4.122503747164741,-15461727.799881935,1.8762599980799073,12.0,6M,2026-08-28,OK
A10027832,백양디이스트(1단지),만덕동,북구,3790.0,백양초등학교,40.07654525386313,A,84.9913,320000000.0,401667390.8578911,385108637.61863565,-4.122503747164751,-16558753.239255428,1.8762599980799073,84.0,6M,2026-08-28,OK
A10024318,이편한세상금정산,만덕동,북구,1969.0,상학초등학교,40.05496688741722,B,84.9378,427500000.0,424917318.44358265,407362793.0483177,-4.131280282847715,-17554525.395264983,1.8762599980799073,40.0,6M,2026-08-28,OK
A61482207,개금주공3단지,당감동,부산진구,2716.0,당평초등학교,39.86026490066225,B,49.94,155000000.0,154059133.68420038,147572574.30447218,-4.210434801629315,-6486559.379728198,1.8762599980799073,27.0,6M,2026-08-28,OK
A10026316,동래삼정그린코아포레스트,온천동,동래구,582.0,달북초등학교,39.60292494481236,B,84.73615000000001,525000000.0,585495924.8832022,560232044.9650228,-4.314954014960759,-25263879.918179393,1.8762599980799073,16.0,6M,2026-08-28,OK
A61996108,정관1차동원로얄듀크,정관읍달산리,기장군,1028.0,달산초등학교,39.352041942604856,B,79.6089,260000000.0,312929163.7232043,299107893.25871587,-4.416740932690377,-13821270.464488447,2.055176352208134,27.0,6M,2026-08-28,OK
A61996112,정관신도시LH5단지,정관읍,기장군,1128.0,달산초등학교,39.352041942604856,B,,,,,,,,,,2026-08-28,OK
A60476206,가락타운2,하단동,사하구,2980.0,하남초등학교,39.19249448123621,B,84.945,259000000.0,312124716.07760316,298137111.1442064,-4.4814153487028,-13987604.933396757,2.055176352208134,48.0,6M,2026-08-28,OK
A60405001,다대동롯데캐슬몰운대,다대동,사하구,3462.0,몰운대초등학교,39.043377483443706,B,84.9902,239000000.0,331418398.6124819,316365964.568025,-4.5418220917956,-15052434.0444569,2.055176352208134,56.0,6M,2026-08-28,OK
A61777105,학장벽산,학장동,사상구,526.0,구학초등학교,38.87693156732892,B,119.24,240000000.0,286804120.6693849,273584734.8209909,-4.609203597751899,-13219385.848393977,2.055176352208134,5.0,6M,2026-08-28,OK
A61777409,학장대림,학장동,사상구,825.0,구학초등학교,38.87693156732892,B,67.775,121250000.0,171856462.09029502,163935247.85666,-4.609203597751899,-7921214.233635008,2.055176352208134,4.0,6M,2026-08-28,OK
A61777410,학장1지구도개공임대,학장동,사상구,720.0,구학초등학교,38.87693156732892,B,,,,,,,,,,2026-08-28,OK
A61784208,신구덕우성,학장동,사상구,763.0,구학초등학교,38.87693156732892,B,84.97,255000000.0,267757085.8070048,255415616.57475272,-4.609203597751899,-12341469.232252091,2.055176352208134,7.0,6M,2026-08-28,OK
A61784213,구학마을,학장동,사상구,1110.0,구학초등학교,38.87693156732892,B,46.32,74000000.0,113343536.5205446,108119302.15742043,-4.609203597751899,-5224234.363124177,2.055176352208134,15.0,6M,2026-08-28,OK
A10026902,연산동일동미라주더스타,연산동,연제구,624.0,연서초등학교,38.8735651214128,B,77.3526,454000000.0,536017179.19534504,511303753.75694406,-4.6105659291555074,-24713425.438400984,2.055176352208134,24.0,6M,2026-08-28,OK
A61176911,거제동롯데캐슬,거제동,연제구,540.0,연서초등학교,38.8735651214128,B,84.937,410000000.0,454315009.2234045,433368516.1971104,-4.6105659291555305,-20946493.026294112,2.055176352208134,14.0,6M,2026-08-28,OK
A61177214,거제동월드메르디앙,거제동,연제구,1156.0,연서초등학교,38.8735651214128,B,84.9953,700000000.0,567183916.5633253,541033528.1506068,-4.610565929155519,-26150388.412718534,2.055176352208134,15.0,6M,2026-08-28,OK
A60607003,신영도롯데낙천대,청학동,영도구,528.0,청동초등학교,38.849889624724064,B,84.97,181000000.0,304346549.4065139,290285293.36397034,-4.6201463660302755,-14061256.04254359,2.055176352208134,7.0,6M,2026-08-28,OK
A61273009,부산도시공사 반송영구임대아파트,반송동,해운대구,1050.0,송운초등학교,38.63543046357616,B,,,,,,,,,,2026-08-28,OK
A61273306,벽산삼협,반송동,해운대구,764.0,송운초등학교,38.63543046357616,B,59.916,117750000.0,153233543.1398219,146021016.82540762,-4.706884776418052,-7212526.314414263,2.055176352208134,10.0,6M,2026-08-28,OK
A61273507,삼한2,반송동,해운대구,848.0,송운초등학교,38.63543046357616,B,59.92,115000000.0,163481539.50994223,155786651.81449494,-4.70688477641803,-7694887.695447296,2.055176352208134,15.0,6M,2026-08-28,OK
A61280805,삼한그린타운1,반송동,해운대구,560.0,송운초등학교,38.63543046357616,B,84.87,175000000.0,196059608.50598916,186831308.64051592,-4.706884776418052,-9228299.86547324,2.055176352208134,7.0,6M,2026-08-28,OK
A61313203,이편한세상3차,망미동,수영구,530.0,망미초등학교,38.459216335540845,B,84.977,452500000.0,462169348.9223995,440086454.3294483,-4.778095874259081,-22082894.59295124,2.2325520817944913,8.0,6M,2026-08-28,OK
A61383101,수영협성르네상스타운,수영동,수영구,684.0,망미초등학교,38.459216335540845,B,84.9468,725000000.0,921604928.1557019,877569761.106526,-4.778095874259069,-44035167.04917586,2.2325520817944913,3.0,6M,2026-08-28,OK
A61682303,덕천주공1,덕천동,북구,1320.0,양덕초등학교,38.36120309050773,B,43.12,96000000.0,125367828.84876186,119328005.97083616,-4.817681643998051,-6039822.877925694,2.2325520817944913,12.0,6M,2026-08-28,OK
A60607004,영도신도브래뉴,청학동,영도구,508.0,봉학초등학교,38.334768211920526,B,84.961,292000000.0,303466985.84586614,288814521.267796,-4.828355393331751,-14652464.578070164,2.2325520817944913,13.0,6M,2026-08-28,OK
A60875509,대우그린1,대연동,남구,691.0,대남초등학교,38.21296909492274,B,97.385,221000000.0,434609443.5276196,413411283.605729,-4.877519399907715,-21198159.921890616,2.2325520817944913,4.0,6M,2026-08-28,OK
A60877710,삼익그린,대연동,남구,725.0,대남초등학교,38.21296909492274,B,59.99,172000000.0,324657618.4458721,308822380.1228963,-4.877519399907726,-15835238.322975814,2.2325520817944913,14.0,6M,2026-08-28,OK
A60877907,청구,대연동,남구,604.0,대남초등학교,38.21296909492274,B,112.52499999999999,302500000.0,527488349.7770755,501760003.18444574,-4.877519399907692,-25728346.59262979,2.2325520817944913,4.0,6M,2026-08-28,OK
A60476101,가락타운1,하단동,사하구,1746.0,하단초등학교;을숙도초등학교,38.00830573951434,B,84.93,290000000.0,295035370.24352676,280401396.876761,-4.960074229298894,-14633973.366765738,2.2325520817944913,21.0,6M,2026-08-28,OK
A10025342,e편한세상동래명장1단지,명장동,동래구,1384.0,명동초등학교,37.76501103752759,B,80.505,567000000.0,534682639.5137599,507637757.8095939,-5.058118537149547,-27044881.704165995,2.2325520817944913,42.0,6M,2026-08-28,OK
A10024249,해운대센텀트루엘1단지,반여동,해운대구,531.0,삼어초등학교,37.38101545253864,B,84.9882,433000000.0,462216297.1793705,438122544.48594683,-5.212657545926758,-24093752.69342369,2.408397701235192,15.0,6M,2026-08-28,OK
A61279802,일동미라주,반여동,해운대구,564.0,삼어초등학교,37.38101545253864,B,56.9704,200000000.0,230727164.52725682,218700147.57502392,-5.212657545926758,-12027016.952232897,2.408397701235192,11.0,6M,2026-08-28,OK
A61609206,구포유림노르웨이숲2차,구포동,북구,1176.0,신천초등학교,37.17687637969095,B,59.8889,150000000.0,237179337.70145923,224621377.5198527,-5.294710872923258,-12557960.181606531,2.408397701235192,29.0,6M,2026-08-28,OK
A10026360,동래동일스위트,명장동,동래구,702.0,명장초등학교,37.07008830022075,B,67.8923,345000000.0,429983420.8767765,407032600.6705715,-5.33760584522216,-22950820.20620501,2.408397701235192,18.0,6M,2026-08-28,OK
A60782701,화목,안락동,동래구,793.0,명장초등학교,37.07008830022075,B,84.95,230000000.0,305277134.5138792,288982644.3379397,-5.337605845222148,-16294490.1759395,2.408397701235192,8.0,6M,2026-08-28,OK
A61477009,개금우드빌,개금동,부산진구,980.0,개원초등학교,37.058388520971306,B,44.87,97500000.0,159130256.2634174,150629033.79080507,-5.342304268359732,-8501222.472612321,2.408397701235192,18.0,6M,2026-08-28,OK
A61477806,국제백양,당감동,부산진구,1153.0,개원초등학교,37.058388520971306,B,84.9825,157000000.0,284755532.3716955,269543025.41141194,-5.342304268359732,-15212506.960283577,2.408397701235192,21.0,6M,2026-08-28,OK
A61479605,동일스위트,당감동,부산진구,1090.0,개원초등학교,37.058388520971306,B,80.2373,240000000.0,341175855.5079034,322949203.2164919,-5.342304268359721,-18226652.29141152,2.408397701235192,19.0,6M,2026-08-28,OK
A61480908,동원화인패밀리,개금동,부산진구,894.0,개원초등학교,37.058388520971306,B,84.98,199000000.0,350987131.47509915,332236330.9689116,-5.342304268359721,-18750800.50618756,2.408397701235192,16.0,6M,2026-08-28,OK
A61480910,개금2지구도개공임대아파트,개금동,부산진구,990.0,개원초등학교,37.058388520971306,B,,,,,,,,,,2026-08-28,OK
A60975303,경남한신,부곡동,금정구,1408.0,금양초등학교,37.02941501103752,B,84.95,348500000.0,367036705.31908,347385785.8051436,-5.35393851055116,-19650919.5139364,2.408397701235192,34.0,6M,2026-08-28,OK
A60975502,에스케이아파트,부곡동,금정구,1084.0,금양초등학교,37.02941501103752,B,59.813,355000000.0,286208839.89322436,270885394.5935793,-5.3539385105511705,-15323445.299645066,2.408397701235192,11.0,6M,2026-08-28,OK
A60482013,몰운대,다대동,사하구,2960.0,응봉초등학교,36.75921633554084,B,49.08,102750000.0,134623054.34387964,127269448.63914281,-5.462367304453563,-7353605.704736829,2.408397701235192,48.0,6M,2026-08-28,OK
A10024185,부산사하중흥S-클래스,구평동,사하구,665.0,구평초등학교,36.72902869757174,B,,,,,,,,,,2026-08-28,OK
A10026651,e편한세상사하2차,구평동,사하구,946.0,구평초등학교,36.72902869757174,B,74.9785,300000000.0,329088725.67880523,311072850.0390652,-5.474473670460467,-18015875.63974005,2.408397701235192,27.0,6M,2026-08-28,OK
A10027306,e편한세상사하,구평동,사하구,1068.0,구평초등학교,36.72902869757174,B,72.9641,268000000.0,303222516.7357651,286622679.8941581,-5.474473670460444,-16599836.841606975,2.408397701235192,31.0,6M,2026-08-28,OK
A60481703,구평1차자유,구평동,사하구,584.0,구평초등학교,36.72902869757174,B,59.97,112000000.0,165078929.204317,156041726.6895486,-5.474473670460456,-9037202.514768392,2.408397701235192,9.0,6M,2026-08-28,OK
A61776104,반도보라,주례동,사상구,1206.0,주양초등학교;개림초등학교,36.705877483443714,B,59.88,170000000.0,211038598.14380082,199465753.99572712,-5.48375711830118,-11572844.148073703,2.408397701235192,17.0,6M,2026-08-28,OK
A61783202,엘지신주례2,주례동,사상구,874.0,주양초등학교;개림초등학교,36.705877483443714,B,59.97,165000000.0,204132792.47603515,192938645.9378436,-5.48375711830118,-11194146.538191557,2.408397701235192,13.0,6M,2026-08-28,OK
A60472901,다대푸르지오,다대동,사하구,972.0,다대초등학교,36.21616997792494,B,104.0084,386000000.0,374979564.9813734,353681054.3295767,-5.679912358118699,-21298510.65179676,2.582723657675981,10.0,6M,2026-08-28,OK
A10023963,부산항일동미라주더오션(1지구),좌천동,동구,546.0,수정초등학교,36.20816777041942,B,73.6399,460000000.0,501145947.9526943,472665250.88596517,-5.683114306935899,-28480697.06672913,2.582723657675981,9.0,6M,2026-08-28,OK
A10025380,협성휴포레부산진역오션뷰,수정동,동구,788.0,수정초등학교,36.20816777041942,B,69.36335,515000000.0,546292009.9863504,515245610.6091684,-5.68311430693591,-31046399.377182007,2.582723657675981,16.0,6M,2026-08-28,OK
A61777411,학장동삼정그린코아아파트,학장동,사상구,511.0,학장초등학교,35.99950331125828,B,59.9593,270000000.0,234935356.45413166,221387645.79377687,-5.766569521433363,-13547710.660354793,2.582723657675981,10.0,6M,2026-08-28,OK
A61777711,목화,학장동,사상구,999.0,학장초등학교,35.99950331125828,B,49.965,106000000.0,121032643.56295687,114053212.0282703,-5.766569521433373,-6979431.534686565,2.582723657675981,6.0,6M,2026-08-28,OK
A61777806,학장동2차삼성,학장동,사상구,549.0,학장초등학교,35.99950331125828,B,74.13,200000000.0,214398906.30152616,202035444.3164558,-5.766569521433396,-12363461.985070348,2.582723657675981,7.0,6M,2026-08-28,OK
A10025923,스위트팰리스,명지동,강서구,908.0,명일초등학교,35.94221854304636,A,84.88,400000000.0,476408160.5717572,448826664.4459382,-5.789467605407362,-27581496.125818968,2.582723657675981,1.0,24M,2026-08-28,OK
A10025932,명지금강펜테리움센트럴파크3차,명지동,강서구,870.0,명일초등학교,35.94221854304636,A,,,,,,,,,,2026-08-28,OK
A10027280,명지협성휴포레,명지동,강서구,1664.0,명일초등학교,35.94221854304636,A,59.9566,288500000.0,349760996.6841377,329511697.0847596,-5.789467605407372,-20249299.59937811,2.582723657675981,52.0,6M,2026-08-28,OK
A10027621,명지2차금강펜테리움센트럴파크,명지동,강서구,670.0,명일초등학교,35.94221854304636,A,84.2513,377000000.0,432071410.2234402,407056775.8963274,-5.78946760540735,-25014634.327112794,2.582723657675981,27.0,6M,2026-08-28,OK
A60475507,대우,다대동,사하구,546.0,중현초등학교,35.72958057395144,B,134.96,383000000.0,316494052.26698583,297901876.89133507,-5.874415409224465,-18592175.375650764,2.582723657675981,5.0,12M,2026-08-28,OK
A60475509,다대푸른,다대동,사하구,640.0,중현초등학교,35.72958057395144,B,48.51,103000000.0,114133516.37679318,107428839.50366507,-5.874415409224499,-6704676.873128101,2.582723657675981,15.0,6M,2026-08-28,OK
A60476511,자유,다대동,사하구,987.0,중현초등학교,35.72958057395144,B,84.97,245000000.0,214209141.72834373,201625606.8986864,-5.874415409224476,-12583534.829657316,2.582723657675981,7.0,6M,2026-08-28,OK
A60482708,성원,다대동,사하구,546.0,중현초등학교,35.72958057395144,B,134.96,446000000.0,326576850.95939946,307392370.1036804,-5.874415409224499,-19184480.85571909,2.582723657675981,8.0,6M,2026-08-28,OK
A60482712,5지구몰운대영구임대아파트,다대동,사하구,2107.0,중현초등학교,35.72958057395144,B,,,,,,,,,,2026-08-28,OK
A60480608,부영벽산파라빌,감천동,사하구,634.0,옥천초등학교,35.70402869757175,B,84.9939,210000000.0,243801815.22852066,229455009.48293835,-5.884618099391403,-14346805.745582312,2.582723657675981,7.0,6M,2026-08-28,OK
A60474516,신세대지큐빌,장림동,사하구,990.0,장림초등학교,35.53813465783665,B,49.14,96000000.0,108775016.7777369,102301998.74290659,-5.950831566458703,-6473018.034830317,2.582723657675981,19.0,6M,2026-08-28,OK
A10023969,괴정한신더휴,괴정동,사하구,835.0,괴정초등학교,35.42522075055188,B,74.9959,380000000.0,478772381.5885555,450065800.64333564,-5.995872370493071,-28706580.945219874,2.755540331432955,23.0,6M,2026-08-28,OK
A61610003,롯데,덕천동,북구,705.0,덕양초등학교,35.35176600441501,B,84.7504,192000000.0,320561537.878085,301247187.4258521,-6.025161527512535,-19314350.452232897,2.755540331432955,19.0,6M,2026-08-28,OK
A61678706,럭키,만덕동,북구,900.0,덕양초등학교,35.35176600441501,B,84.28,138000000.0,209385931.97730386,196770091.3597838,-6.025161527512523,-12615840.617520064,2.755540331432955,11.0,6M,2026-08-28,OK
A61682908,벽산라인타운,만덕동,북구,1166.0,덕양초등학교,35.35176600441501,B,74.6,200000000.0,236458687.37151158,222211669.51154214,-6.025161527512523,-14247017.859969437,2.755540331432955,9.0,6M,2026-08-28,OK
A10025235,더 래디언트 금정산,만덕동,북구,1677.0,만덕초등학교,34.79254966887417,A,59.98,327500000.0,301671793.41127205,282823813.3100129,-6.247843024410149,-18847980.101259172,2.755540331432955,38.0,6M,2026-08-28,OK
A61677608,기비골마을,덕천동,북구,825.0,만덕초등학교,34.79254966887417,A,50.32,109000000.0,159067956.99950743,149129640.74404198,-6.2478430244101375,-9938316.255465448,2.755540331432955,8.0,6M,2026-08-28,OK
A61681409,부산도시공사 덕천2지구 아파트,덕천동,북구,990.0,만덕초등학교,34.79254966887417,A,,,,,,,,,,2026-08-28,OK
A10025901,부산전포동 사랑으로 부영아파트,전포동,부산진구,500.0,전포초등학교,34.5128587196468,B,,,,,,,,,,2026-08-28,OK
A60875305,감만현대1차,감만동,남구,885.0,동항초등학교,34.4992825607064,B,59.92,118000000.0,175154156.29412627,164006624.49881023,-6.3644118022507135,-11147531.79531604,2.926858036410772,5.0,6M,2026-08-28,MIDDLE_SCORE_PARTIAL
A61475512,개금주공2,개금동,부산진구,2544.0,개포초등학교,34.290342163355405,B,41.3,136000000.0,141768322.3104473,132627988.79133962,-6.447373694027347,-9140333.519107684,2.926858036410772,29.0,6M,2026-08-28,OK
A60474905,한신혜성,하단동,사하구,533.0,당리초등학교,33.8287527593819,B,59.91,132500000.0,214189409.99000567,199987812.59207535,-6.630391950093606,-14201597.397930324,2.926858036410772,6.0,6M,2026-08-28,OK
A61679207,도시화명그린(295),화명동,북구,720.0,대천리초등학교,33.73923841059603,B,49.42,100000000.0,159349249.32157382,148727279.27064562,-6.665842541556377,-10621970.050928205,2.926858036410772,17.0,6M,2026-08-28,OK
A61683305,그린숲속아파트,화명동,북구,900.0,대천리초등학교,33.73923841059603,B,59.82,120000000.0,212791973.15039027,198607595.2791144,-6.665842541556344,-14184377.871275872,2.926858036410772,17.0,6M,2026-08-28,OK
A61701002,한일유엔아이,주례동,사상구,988.0,주양초등학교,33.309713024282566,B,59.73,227000000.0,243177702.4172569,226554654.90830886,-6.835761397410256,-16623047.508948028,3.0966870205182557,15.0,6M,2026-08-28,OK
A61204001,송정1단지주공아파트,송정동,해운대구,828.0,송정초등학교,33.210596026490066,B,,,,,,,,,,2026-08-28,OK
A61204002,부산송정2휴먼시아,송정동,해운대구,890.0,송정초등학교,33.210596026490066,B,,,,,,,,,,2026-08-28,OK
A61677404,덕천주공2단지,덕천동,북구,1507.0,양천초등학교;양덕초등학교,32.859354304635765,B,,,,,,,,,,2026-08-28,OK
A60402003,하단동에스케이뷰,하단동,사하구,1828.0,을숙도초등학교,32.74519867549669,B,74.2056,310000000.0,343235715.5614948,319008041.2761696,-7.058611090542111,-24227674.28532523,3.0966870205182557,27.0,6M,2026-08-28,OK
A60275201,남부민풀리페,남부민동,서구,782.0,천마초등학교,32.5098233995585,B,,,,,,,,,,2026-08-28,OK
A10020498,시청앞 행복주택1단지,연산동,연제구,589.0,연산초등학교,32.301821192052984,B,,,,,,,,,,2026-08-28,OK
A10023014,시청앞 행복주택2단지,연산동,연제구,999.0,연산초등학교,32.301821192052984,B,,,,,,,,,,2026-08-28,OK
A10025135,시청역비스타동원,연산동,연제구,740.0,연산초등학교,32.301821192052984,B,84.989,632500000.0,644503063.6403567,597884439.1333973,-7.233266548593676,-46618624.50695932,3.2650374660814316,26.0,6M,2026-08-28,OK
A10025994,연제롯데캐슬데시앙,연산동,연제구,1168.0,연산초등학교,32.301821192052984,B,84.83,715000000.0,641345945.3115492,594955683.5885671,-7.233266548593653,-46390261.72298205,3.2650374660814316,31.0,6M,2026-08-28,OK
A10027159,브라운스톤연제2단지,연산동,연제구,521.0,연산초등학교,32.301821192052984,B,84.9558,535000000.0,565211571.9251108,524328312.3642714,-7.233266548593653,-40883259.560839415,3.2650374660814316,16.0,6M,2026-08-28,OK
A10027052,서면DS·협성엘리시안아파트,범천동,부산진구,630.0,부산진초등학교,31.81804635761589,B,59.8084,324000000.0,325264139.0352342,301118282.7243115,-7.423460939328185,-24145856.310922742,3.2650374660814316,22.0,6M,2026-08-28,OK
A61476002,경남,범천동,부산진구,950.0,부산진초등학교,31.81804635761589,B,59.9425,265250000.0,251625708.70560366,232946372.50653535,-7.423460939328219,-18679336.199068308,3.2650374660814316,12.0,6M,2026-08-28,OK
A61476004,범천LH,범천동,부산진구,533.0,부산진초등학교,31.81804635761589,B,,,,,,,,,,2026-08-28,OK
A61776508,엄궁대림,엄궁동,사상구,741.0,엄궁초등학교,31.78956953642384,B,59.85,156500000.0,190051796.8442512,175922121.68299395,-7.434644342161423,-14129675.161257237,3.2650374660814316,6.0,6M,2026-08-28,OK
A61776509,롯데캐슬,엄궁동,사상구,1852.0,엄궁초등학교,31.78956953642384,B,101.1107,360000000.0,388332873.021956,359461705.04907626,-7.434644342161423,-28871167.972879767,3.2650374660814316,15.0,6M,2026-08-28,OK
A61675601,상록한신휴플러스,만덕동,북구,882.0,신덕초등학교,31.29028697571744,B,59.941,180000000.0,214352663.52894953,197996477.12402436,-7.63050299242779,-16356186.404925168,3.4319194902539882,13.0,6M,2026-08-28,OK
A61678209,그린코아,만덕동,북구,1468.0,신덕초등학교,31.29028697571744,B,84.69,157000000.0,230314936.17674506,212740748.0797704,-7.630502992427779,-17574188.09697467,3.4319194902539882,17.0,6M,2026-08-28,OK
A61679609,부산만덕3단지 주공아파트,만덕동,북구,1350.0,신덕초등학교,31.29028697571744,B,,,,,,,,,,2026-08-28,OK
A10027937,더샵파크시티,연산동,연제구,1758.0,연신초등학교,30.970750551876385,B,84.98,687500000.0,668619362.8539808,616763697.1669267,-7.755633259813144,-51855665.68705404,3.4319194902539882,23.0,6M,2026-08-28,OK
A61781005,자유,덕포동,사상구,780.0,모덕초등학교,30.155077262693155,B,46.2,100000000.0,115984707.09848487,106619774.39112394,-8.074282327073512,-9364932.707360938,3.5973431454251905,11.0,6M,2026-08-28,OK
A61781807,모라동원타운,모라동,사상구,1110.0,모덕초등학교,30.155077262693155,B,76.87,215000000.0,196635839.8948902,180758907.02556452,-8.074282327073501,-15876932.869325668,3.5973431454251905,15.0,6M,2026-08-28,OK
A61781808,우신모라,모라동,사상구,1620.0,모덕초등학교,30.155077262693155,B,59.67,133000000.0,164813217.92885414,151505733.40094352,-8.074282327073512,-13307484.52791062,3.5973431454251905,23.0,6M,2026-08-28,OK
A60939004,금정산쌍용예가,장전동,금정구,514.0,장전초등학교,29.61887417218544,B,84.9024,494000000.0,543990180.6523015,498930634.4555871,-8.283154328757059,-45059546.19671446,3.5973431454251905,12.0,6M,2026-08-28,OK
A60939005,금정산2차쌍용예가,장전동,금정구,565.0,장전초등학교,29.61887417218544,B,84.9428,542000000.0,557211531.1134613,511056840.05370307,-8.28315432875707,-46154691.05975819,3.5973431454251905,7.0,6M,2026-08-28,OK
A60477315,장림현대(372-4),장림동,사하구,828.0,효림초등학교,29.150275938189846,B,66.03,130000000.0,112934413.14055493,103374172.92734277,-8.465302955365573,-9560240.213212162,3.761318419625275,3.0,12M,2026-08-28,OK
A60484514,협성르네상스,장림동,사하구,650.0,효림초등학교,29.150275938189846,B,59.9971,180000000.0,150008174.66309774,137309528.22005257,-8.465302955365573,-12698646.44304517,3.761318419625275,13.0,6M,2026-08-28,OK
A10026865,동부산관광단지삼정그린코아더베스트,기장읍내리,기장군,549.0,내리초등학교,28.77825607064017,B,84.9887,449000000.0,534806339.0597963,488761368.9621991,-8.609653015434604,-46044970.09759718,3.761318419625275,6.0,6M,2026-08-28,OK
A61990213,내리 휴먼시아1단지,기장읍,기장군,1002.0,내리초등학교,28.77825607064017,B,,,,,,,,,,2026-08-28,OK
A60777206,부산안락4휴먼시아,안락동,동래구,619.0,충렬초등학교,27.80695364238411,B,,,,,,,,,,2026-08-28,OK
A61872201,부산신호사랑으로부영1차,신호동,강서구,1064.0,,26.9021523178808,C,147.1006,350000000.0,465294938.6252805,421863601.8278606,-9.334151995235175,-43431336.797419906,4.084963457852531,3.0,24M,2026-08-28,MIDDLE_OPTION_MISSING
A61872202,부산신호사랑으로부영2차,신호동,강서구,1388.0,,26.9021523178808,C,147.1006,386500000.0,465743044.63386345,422269880.9405025,-9.334151995235196,-43473163.693360925,4.084963457852531,4.0,12M,2026-08-28,MIDDLE_OPTION_MISSING
A61872204,부산신호3사랑으로부영3차,신호동,강서구,1278.0,,26.9021523178808,C,,,,,,,,,,2026-08-28,MIDDLE_OPTION_MISSING
A61205002,센텀동부센트레빌,재송동,해운대구,703.0,재송초등학교,26.85298013245033,B,84.99055,530000000.0,566145046.7208292,513193141.09572756,-9.353063482901526,-52951905.625101686,4.084963457852531,10.0,6M,2026-08-28,OK
A61283211,재송그린,재송동,해운대구,560.0,재송초등학교,26.85298013245033,B,50.31,123000000.0,193259428.37744525,175183751.3546102,-9.353063482901513,-18075677.022835046,4.084963457852531,5.0,12M,2026-08-28,OK
A60675110,함지그린,동삼동,영도구,1000.0,절영초등학교,26.710706401766004,B,57.09,140000000.0,153329574.30566692,138904696.93610275,-9.407759354244194,-14424877.369564176,4.084963457852531,18.0,6M,2026-08-28,OK
A60702002,우성베스토피아,복천동,동래구,744.0,내성초등학교,26.39878587196468,B,98.62,352500000.0,413713246.0778755,374296472.620904,-9.5275589627971,-39416773.45697147,4.244652879758288,8.0,6M,2026-08-28,OK
A60474307,다대해송,다대동,사하구,714.0,다송초등학교,24.5848233995585,B,52.11,135000000.0,111766834.941698,100343016.74588126,-10.221116310375844,-11423818.19581674,4.40293323724339,6.0,6M,2026-08-28,OK
A60475305,신다대,다대동,사하구,570.0,다송초등학교,24.5848233995585,B,39.78,57000000.0,77698239.80663307,69756612.34488237,-10.221116310375834,-7941627.461750701,4.40293323724339,17.0,6M,2026-08-28,OK
A60475309,3지구도개공아파트,다대동,사하구,750.0,다송초등학교,24.5848233995585,B,,,,,,,,,,2026-08-28,OK
A60475408,국제그린,다대동,사하구,996.0,다송초등학교,24.5848233995585,B,45.5,70000000.0,109368155.08091208,98189508.74357985,-10.221116310375821,-11178646.337332234,4.40293323724339,24.0,6M,2026-08-28,OK
A60475412,다송,다대동,사하구,500.0,다송초등학교,24.5848233995585,B,41.27,57000000.0,94804408.56257722,85114339.6960323,-10.221116310375821,-9690068.866544917,4.40293323724339,15.0,6M,2026-08-28,OK
A61202008,쌍용예가,용호동,남구,773.0,백운초등학교,24.534823399558498,B,59.9639,280000000.0,354919282.2950352,318574986.9508028,-10.240158018244927,-36344295.34423238,4.40293323724339,17.0,6M,2026-08-28,OK
A10027026,지사과학삼정그린코아,지사동,강서구,1013.0,녹산초등학교,24.00115894039736,A,59.9971,142000000.0,185378170.50241888,166018860.74600604,-10.443144251528913,-19359309.756412834,4.5598142025360895,21.0,6M,2026-08-28,OK
A10028069,협성·DS엘리시안,지사동,강서구,1277.0,녹산초등학교,24.00115894039736,A,59.9588,135000000.0,176428552.92835867,158003864.64516515,-10.443144251528913,-18424688.28319353,4.5598142025360895,46.0,6M,2026-08-28,OK
A61823001,지사휴먼시아,지사동,강서구,961.0,녹산초등학교,24.00115894039736,A,,,,,,,,,,2026-08-28,OK
A61823002,지사금강펜테리움,지사동,강서구,1111.0,녹산초등학교,24.00115894039736,A,59.9713,115000000.0,168192431.9597502,150627853.67003885,-10.443144251528924,-17564578.289711356,4.5598142025360895,37.0,6M,2026-08-28,OK
A61829001,부산신호윌더하임,신호동,강서구,671.0,신호초등학교,23.84431567328918,A,91.18700000000001,243500000.0,257215032.58483997,230200472.56228754,-10.50271430525428,-27014560.02255243,4.5598142025360895,10.0,6M,2026-08-28,OK
A61872203,부산신호사랑으로부영5차,신호동,강서구,1109.0,신호초등학교,23.84431567328918,A,,,,,,,,,,2026-08-28,OK
A61676006,벽산삼협한솔,금곡동,북구,532.0,금창초등학교,23.34448123620309,B,85.995,240000000.0,256943432.0107735,229470294.2715776,-10.692290331843923,-27473137.739195913,4.715305385885573,5.0,6M,2026-08-28,OK
A61676118,금곡주공1단지,금곡동,북구,1099.0,금창초등학교,23.34448123620309,B,,,,,,,,,,2026-08-28,OK
A61676316,금곡3단지주공,금곡동,북구,1484.0,금창초등학교,23.34448123620309,B,41.85,61000000.0,118566772.81908593,105889269.23217145,-10.692290331843923,-12677503.58691448,4.715305385885573,16.0,6M,2026-08-28,OK
A61273609,부산반송주공,반송동,해운대구,1710.0,운봉초등학교,22.90789183222958,B,,,,,,,,,,2026-08-28,MIDDLE_SCORE_PARTIAL
A10027989,신화명리버뷰자이,금곡동,북구,792.0,신금초등학교,21.752097130242827,B,84.9646,395000000.0,382668846.3539509,339451862.18209213,-11.293572649989148,-43216984.17185879,4.869416335950075,23.0,6M,2026-08-28,OK
A61673902,율리역벽산블루밍1단지,금곡동,북구,589.0,신금초등학교,21.752097130242827,B,84.987,383500000.0,349063852.6923411,309642072.89368033,-11.29357264998918,-39421779.798660755,4.869416335950075,4.0,6M,2026-08-28,OK
A61676422,금곡주공4단지,금곡동,북구,1937.0,신금초등학교,21.752097130242827,B,,,,,,,,,,2026-08-28,OK
A61676509,금곡5단지주공,금곡동,북구,713.0,신금초등학교,21.752097130242827,B,42.75,88750000.0,116774017.23357263,103586058.76098827,-11.293572649989148,-13187958.472584367,4.869416335950075,10.0,6M,2026-08-28,OK
A61676605,금곡6단지주공,금곡동,북구,504.0,신금초등학교,21.752097130242827,B,48.89,98000000.0,129293731.04496694,114691849.59752202,-11.293572649989148,-14601881.447444916,4.869416335950075,5.0,6M,2026-08-28,OK
A61676723,금곡주공7단지,금곡동,북구,802.0,신금초등학교,21.752097130242827,B,,,,,,,,,,2026-08-28,OK
A61987101,고촌휴먼시아,철마면,기장군,1084.0,신진초등학교,21.331456953642384,B,,,,,,,,,,2026-08-28,OK
A61274815,센텀삼익아파트,재송동,해운대구,936.0,신재초등학교,20.46280353200883,B,53.246,158000000.0,206125371.4101454,181849076.77813458,-11.777441304741753,-24276294.632010818,5.173535425213897,9.0,6M,2026-08-28,OK
A61278214,센텀우신골든빌,재송동,해운대구,846.0,신재초등학교,20.46280353200883,B,59.6054,200000000.0,431348455.58539546,380546644.4099155,-11.777441304741743,-50801811.17547995,5.173535425213897,15.0,6M,2026-08-28,OK
A10027340,전포LH아파트,전포동,부산진구,794.0,양성초등학교,13.76583885209713,B,,,,,,,,,,2026-08-28,OK
A61475403,현대1차,양정동,부산진구,1733.0,양성초등학교,13.76583885209713,B,59.95,300000000.0,320587206.8199035,274907835.2652371,-14.248657021528544,-45679371.5546664,6.053741355430762,49.0,6M,2026-08-28,OK
A61479104,현대2차,양정동,부산진구,1901.0,양성초등학교,13.76583885209713,B,59.95,326500000.0,331178402.3936751,283989927.70722264,-14.248657021528544,-47188474.68645245,6.053741355430762,58.0,6M,2026-08-28,OK
A10025154,명지화전우방아이유쉘,화전동,강서구,1515.0,녹명초등학교,10.338024282560706,B,59.8736,185000000.0,217969569.88603598,184213423.47546694,-15.486632573628622,-33756146.41056904,6.614482846049975,3.0,6M,2026-08-28,OK
A60476805,현대,신평동,사하구,992.0,,,C,81.78,210000000.0,,,,,,17.0,6M,2026-08-28,ELEMENTARY_DEMAND_MISSING
A60670101,도시공사동삼2지구영구임대아파트,동삼동,영도구,1120.0,봉삼초등학교,,C,,,,,,,,,,2026-08-28,ELEMENTARY_DEMAND_MISSING
A60680912,절영아파트(215동-217동),동삼동,영도구,1340.0,봉삼초등학교,,C,46.27,93000000.0,,,,,,17.0,6M,2026-08-28,ELEMENTARY_DEMAND_MISSING
