kapt_code,area_group_id,exclusive_area_sqm,supply_area_sqm,type_name,households,source,verified_at,valid_from,valid_to,verification_status,scope,notes
A60275104,exclusive_59_34,59.34,75.61,22평,244,KB부동산 단지 시세/평형정보 | https://kbland.kr/map?complex=5905,2026-09-18,,,verified,sale_apartment,
A60275104,exclusive_84_96,84.96,108.25,32평,228,KB부동산 단지 시세/평형정보 | https://kbland.kr/map?complex=5905,2026-09-18,,,verified,sale_apartment,
A60275104,exclusive_119_37,119.37,152.1,46평,92,KB부동산 단지 시세/평형정보 | https://kbland.kr/map?complex=5905,2026-09-18,,,verified,sale_apartment,
A60270501,exclusive_60,60.0,76.34,23평,202,KB부동산 단지 시세/평형정보 | https://kbland.kr/map?complex=12874,2026-09-18,,,verified,sale_apartment,
A60270501,exclusive_85,85.0,102.83,31평,299,KB부동산 단지 시세/평형정보 | https://kbland.kr/map?complex=12874,2026-09-18,,,verified,sale_apartment,
A60270501,exclusive_117_59,117.59,135.6,41평,112,KB부동산 단지 시세/평형정보 | https://kbland.kr/map?complex=12874,2026-09-18,,,verified,sale_apartment,
A10022434,exclusive_59_62,59.62,79.47,24평B,89,KB부동산 단지 시세/평형정보 | https://kbland.kr/map?complex=1097603,2026-09-18,,,verified,sale_apartment,
A10022434,exclusive_59_98,59.98,79.74,24평A,33,KB부동산 단지 시세/평형정보 | https://kbland.kr/map?complex=1097603,2026-09-18,,,verified,sale_apartment,
A10022434,exclusive_59_95,59.95,79.85,24평C,87,KB부동산 단지 시세/평형정보 | https://kbland.kr/map?complex=1097603,2026-09-18,,,verified,sale_apartment,
A10022434,exclusive_59_99,59.99,79.87,24평E,87,KB부동산 단지 시세/평형정보 | https://kbland.kr/map?complex=1097603,2026-09-18,,,verified,sale_apartment,
A10022434,exclusive_59_97,59.97,79.99,24평F,27,KB부동산 단지 시세/평형정보 | https://kbland.kr/map?complex=1097603,2026-09-18,,,verified,sale_apartment,
A10022434,exclusive_59_94,59.94,80.17,24평D,184,KB부동산 단지 시세/평형정보 | https://kbland.kr/map?complex=1097603,2026-09-18,,,verified,sale_apartment,
A10022434,exclusive_84_38,84.38,111.14,33평A,144,KB부동산 단지 시세/평형정보 | https://kbland.kr/map?complex=1097603,2026-09-18,,,verified,sale_apartment,
A10022434,exclusive_84_84,84.84,111.55,33평E,57,KB부동산 단지 시세/평형정보 | https://kbland.kr/map?complex=1097603,2026-09-18,,,verified,sale_apartment,
A10022434,exclusive_84_8,84.8,111.68,33평D,86,KB부동산 단지 시세/평형정보 | https://kbland.kr/map?complex=1097603,2026-09-18,,,verified,sale_apartment,
A10022434,exclusive_84_92,84.92,111.87,33평B,115,KB부동산 단지 시세/평형정보 | https://kbland.kr/map?complex=1097603,2026-09-18,,,verified,sale_apartment,
A10022434,exclusive_84_92_33평C,84.92,111.98,33평C,327,KB부동산 단지 시세/평형정보 | https://kbland.kr/map?complex=1097603,2026-09-18,,,verified,sale_apartment,
A10022434,exclusive_99_93,99.93,131.83,39평,63,KB부동산 단지 시세/평형정보 | https://kbland.kr/map?complex=1097603,2026-09-18,,,verified,sale_apartment,
A10022434,exclusive_110_14,110.14,146.65,44평,1,KB부동산 단지 시세/평형정보 | https://kbland.kr/map?complex=1097603,2026-09-18,,,verified,sale_apartment,
A10022434,exclusive_115_97,115.97,153.55,46평,2,KB부동산 단지 시세/평형정보 | https://kbland.kr/map?complex=1097603,2026-09-18,,,verified,sale_apartment,
A10023790,exclusive_84_86,84.86,119.46,36평B,216,KB부동산 단지 시세/평형정보 | https://kbland.kr/map?complex=39443,2026-09-18,,,verified,sale_apartment,
A10023790,exclusive_84_51,84.51,119.88,36평A,216,KB부동산 단지 시세/평형정보 | https://kbland.kr/map?complex=39443,2026-09-18,,,verified,sale_apartment,
A10023790,exclusive_92_75,92.75,131.82,39평C,162,KB부동산 단지 시세/평형정보 | https://kbland.kr/map?complex=39443,2026-09-18,,,verified,sale_apartment,
A10023790,exclusive_92_9,92.9,131.85,39평D,162,KB부동산 단지 시세/평형정보 | https://kbland.kr/map?complex=39443,2026-09-18,,,verified,sale_apartment,
A10023790,exclusive_105_47,105.47,149.04,45평F,126,KB부동산 단지 시세/평형정보 | https://kbland.kr/map?complex=39443,2026-09-18,,,verified,sale_apartment,
A10023790,exclusive_105_53,105.53,149.33,45평E,126,KB부동산 단지 시세/평형정보 | https://kbland.kr/map?complex=39443,2026-09-18,,,verified,sale_apartment,
A10023790,exclusive_116_55,116.55,164.4,49평G,126,KB부동산 단지 시세/평형정보 | https://kbland.kr/map?complex=39443,2026-09-18,,,verified,sale_apartment,
A10023790,exclusive_116_12,116.12,164.44,49평H,108,KB부동산 단지 시세/평형정보 | https://kbland.kr/map?complex=39443,2026-09-18,,,verified,sale_apartment,
A10023790,exclusive_138_86,138.86,195.19,59평I,126,KB부동산 단지 시세/평형정보 | https://kbland.kr/map?complex=39443,2026-09-18,,,verified,sale_apartment,
A10024998,exclusive_72_71,72.71,98.89,29평,214,KB부동산 단지 시세/평형정보 | https://kbland.kr/map?complex=33795,2026-09-18,,,verified,sale_apartment,
A10024998,exclusive_73_9,73.9,100.91,30평,214,KB부동산 단지 시세/평형정보 | https://kbland.kr/map?complex=33795,2026-09-18,,,verified,sale_apartment,
A10024998,exclusive_84_94,84.94,115.36,34평B,214,KB부동산 단지 시세/평형정보 | https://kbland.kr/map?complex=33795,2026-09-18,,,verified,sale_apartment,
A10024998,exclusive_84_96,84.96,116.54,35평A,214,KB부동산 단지 시세/평형정보 | https://kbland.kr/map?complex=33795,2026-09-18,,,verified,sale_apartment,
A10025359,exclusive_69_48,69.48,102.34,30평A,70,KB부동산 단지 시세/평형정보 | https://kbland.kr/map?complex=33044,2026-09-18,,,verified,sale_apartment,
A10025359,exclusive_69_93,69.93,102.92,31평C,105,KB부동산 단지 시세/평형정보 | https://kbland.kr/map?complex=33044,2026-09-18,,,verified,sale_apartment,
A10025359,exclusive_69_73,69.73,103.69,31평B,70,KB부동산 단지 시세/평형정보 | https://kbland.kr/map?complex=33044,2026-09-18,,,verified,sale_apartment,
A10025359,exclusive_84_68,84.68,123.91,37평A,350,KB부동산 단지 시세/평형정보 | https://kbland.kr/map?complex=33044,2026-09-18,,,verified,sale_apartment,
A10025359,exclusive_84_7,84.7,124.5,37평C,87,KB부동산 단지 시세/평형정보 | https://kbland.kr/map?complex=33044,2026-09-18,,,verified,sale_apartment,
A10025359,exclusive_84_87,84.87,125.13,37평B,70,KB부동산 단지 시세/평형정보 | https://kbland.kr/map?complex=33044,2026-09-18,,,verified,sale_apartment,
A10025380,exclusive_59_66,59.66,85.74,25평,263,KB부동산 단지 시세/평형정보 | https://kbland.kr/map?complex=31737,2026-09-18,,,verified,sale_apartment,
A10025380,exclusive_69_21,69.21,99.43,30평B,43,KB부동산 단지 시세/평형정보 | https://kbland.kr/map?complex=31737,2026-09-18,,,verified,sale_apartment,
A10025380,exclusive_69_51,69.51,100.1,30평A,350,KB부동산 단지 시세/평형정보 | https://kbland.kr/map?complex=31737,2026-09-18,,,verified,sale_apartment,
A10025380,exclusive_82_87,82.87,118.41,35평,132,KB부동산 단지 시세/평형정보 | https://kbland.kr/map?complex=31737,2026-09-18,,,verified,sale_apartment,
A10023208,exclusive_59_87,59.87,87.3,26평,392,KB부동산 단지 시세/평형정보 | https://kbland.kr/map?complex=45796,2026-09-18,,,verified,sale_apartment,
A10023208,exclusive_75_55,75.55,108.8,32평C,293,KB부동산 단지 시세/평형정보 | https://kbland.kr/map?complex=45796,2026-09-18,,,verified,sale_apartment,
A10023208,exclusive_75_64,75.64,108.98,32평A,490,KB부동산 단지 시세/평형정보 | https://kbland.kr/map?complex=45796,2026-09-18,,,verified,sale_apartment,
A10023208,exclusive_75_67,75.67,109.05,32평B,188,KB부동산 단지 시세/평형정보 | https://kbland.kr/map?complex=45796,2026-09-18,,,verified,sale_apartment,
A10023208,exclusive_84_63,84.63,119.92,36평A,390,KB부동산 단지 시세/평형정보 | https://kbland.kr/map?complex=45796,2026-09-18,,,verified,sale_apartment,
A10023208,exclusive_84_9,84.9,121.78,36평B,287,KB부동산 단지 시세/평형정보 | https://kbland.kr/map?complex=45796,2026-09-18,,,verified,sale_apartment,
A10026746,exclusive_59_92,59.92,84.52,25평A,164,KB부동산 단지 시세/평형정보 | https://kbland.kr/map?complex=29905,2026-09-18,,,verified,sale_apartment,
A10026746,exclusive_59_95,59.95,84.57,25평B,162,KB부동산 단지 시세/평형정보 | https://kbland.kr/map?complex=29905,2026-09-18,,,verified,sale_apartment,
A10026746,exclusive_84_98,84.98,119.42,36평A,164,KB부동산 단지 시세/평형정보 | https://kbland.kr/map?complex=29905,2026-09-18,,,verified,sale_apartment,
A10026746,exclusive_84_95,84.95,119.94,36평B,76,KB부동산 단지 시세/평형정보 | https://kbland.kr/map?complex=29905,2026-09-18,,,verified,sale_apartment,
A10026746,exclusive_118_89,118.89,166.9,50평,86,KB부동산 단지 시세/평형정보 | https://kbland.kr/map?complex=29905,2026-09-18,,,verified,sale_apartment,
A60106001,exclusive_60,60.0,83.17,25평,249,KB부동산 단지 시세/평형정보 | https://kbland.kr/map?complex=5407,2026-09-18,,,verified,sale_apartment,
A60106001,exclusive_84_21,84.21,116.72,35평,198,KB부동산 단지 시세/평형정보 | https://kbland.kr/map?complex=5407,2026-09-18,,,verified,sale_apartment,
A60106001,exclusive_98_68,98.68,136.77,41평,50,KB부동산 단지 시세/평형정보 | https://kbland.kr/map?complex=5407,2026-09-18,,,verified,sale_apartment,
A60106001,exclusive_115_04,115.04,159.45,48평,50,KB부동산 단지 시세/평형정보 | https://kbland.kr/map?complex=5407,2026-09-18,,,verified,sale_apartment,
A60106002,exclusive_84_95,84.95,107.07,32평F,23,KB부동산 단지 시세/평형정보 | https://kbland.kr/map?complex=14680,2026-09-18,,,verified,sale_apartment,
A60106002,exclusive_84_98,84.98,107.11,32평E,27,KB부동산 단지 시세/평형정보 | https://kbland.kr/map?complex=14680,2026-09-18,,,verified,sale_apartment,
A60106002,exclusive_84_99,84.99,107.13,32평A,85,KB부동산 단지 시세/평형정보 | https://kbland.kr/map?complex=14680,2026-09-18,,,verified,sale_apartment,
A60106002,exclusive_84_99_32평B,84.99,107.13,32평B,58,KB부동산 단지 시세/평형정보 | https://kbland.kr/map?complex=14680,2026-09-18,,,verified,sale_apartment,
A60106002,exclusive_84_99_32평B1,84.99,107.13,32평B1,11,KB부동산 단지 시세/평형정보 | https://kbland.kr/map?complex=14680,2026-09-18,,,verified,sale_apartment,
A60106002,exclusive_84_99_32평C,84.99,107.13,32평C,71,KB부동산 단지 시세/평형정보 | https://kbland.kr/map?complex=14680,2026-09-18,,,verified,sale_apartment,
A60106002,exclusive_84_99_32평D,84.99,107.13,32평D,51,KB부동산 단지 시세/평형정보 | https://kbland.kr/map?complex=14680,2026-09-18,,,verified,sale_apartment,
A60106002,exclusive_84_99_32평D1,84.99,107.13,32평D1,4,KB부동산 단지 시세/평형정보 | https://kbland.kr/map?complex=14680,2026-09-18,,,verified,sale_apartment,
A60106002,exclusive_127,127.0,160.08,48평B,56,KB부동산 단지 시세/평형정보 | https://kbland.kr/map?complex=14680,2026-09-18,,,verified,sale_apartment,
A60106002,exclusive_127_05,127.05,160.14,48평D,68,KB부동산 단지 시세/평형정보 | https://kbland.kr/map?complex=14680,2026-09-18,,,verified,sale_apartment,
A60106002,exclusive_127_24,127.24,160.38,48평A,88,KB부동산 단지 시세/평형정보 | https://kbland.kr/map?complex=14680,2026-09-18,,,verified,sale_apartment,
A60106002,exclusive_127_24_48평A1,127.24,160.38,48평A1,2,KB부동산 단지 시세/평형정보 | https://kbland.kr/map?complex=14680,2026-09-18,,,verified,sale_apartment,
A60106002,exclusive_127_29,127.29,160.44,48평C,56,KB부동산 단지 시세/평형정보 | https://kbland.kr/map?complex=14680,2026-09-18,,,verified,sale_apartment,
A60106002,exclusive_150_59,150.59,189.81,57평,86,KB부동산 단지 시세/평형정보 | https://kbland.kr/map?complex=14680,2026-09-18,,,verified,sale_apartment,
A60106002,exclusive_225_83,225.83,284.65,86평,2,KB부동산 단지 시세/평형정보 | https://kbland.kr/map?complex=14680,2026-09-18,,,verified,sale_apartment,
A60106002,exclusive_227_27,227.27,286.46,86평,2,KB부동산 단지 시세/평형정보 | https://kbland.kr/map?complex=14680,2026-09-18,,,verified,sale_apartment,
A60681702,exclusive_59_7,59.7,79.93,24평,336,KB부동산 단지 시세/평형정보 | https://kbland.kr/map?complex=6034,2026-09-18,,,verified,sale_apartment,
A60681702,exclusive_84_81,84.81,107.91,32평,292,KB부동산 단지 시세/평형정보 | https://kbland.kr/map?complex=6034,2026-09-18,,,verified,sale_apartment,
A60681702,exclusive_99_96,99.96,123.4,37평,96,KB부동산 단지 시세/평형정보 | https://kbland.kr/map?complex=6034,2026-09-18,,,verified,sale_apartment,
A60681702,exclusive_134_82,134.82,162.2,49평,96,KB부동산 단지 시세/평형정보 | https://kbland.kr/map?complex=6034,2026-09-18,,,verified,sale_apartment,
A60681702,exclusive_167_66,167.66,201.31,60평,48,KB부동산 단지 시세/평형정보 | https://kbland.kr/map?complex=6034,2026-09-18,,,verified,sale_apartment,
A60675801,exclusive_84_78,84.78,103.66,31평,230,KB부동산 단지 시세/평형정보 | https://kbland.kr/map?complex=6037,2026-09-18,,,verified,sale_apartment,
A60675801,exclusive_84_92,84.92,104.1,31평S,176,KB부동산 단지 시세/평형정보 | https://kbland.kr/map?complex=6037,2026-09-18,,,verified,sale_apartment,
A60675801,exclusive_122_74,122.74,144.28,43평,138,KB부동산 단지 시세/평형정보 | https://kbland.kr/map?complex=6037,2026-09-18,,,verified,sale_apartment,
A60675801,exclusive_149_22,149.22,172.19,52평,88,KB부동산 단지 시세/평형정보 | https://kbland.kr/map?complex=6037,2026-09-18,,,verified,sale_apartment,
A60675801,exclusive_189_85,189.85,215.46,65평,44,KB부동산 단지 시세/평형정보 | https://kbland.kr/map?complex=6037,2026-09-18,,,verified,sale_apartment,
A60607003,exclusive_59_96,59.96,81.22,24평,218,KB부동산 단지 시세/평형정보 | https://kbland.kr/map?complex=13741,2026-09-18,,,verified,sale_apartment,
A60607003,exclusive_74_46,74.46,97.42,29평,36,KB부동산 단지 시세/평형정보 | https://kbland.kr/map?complex=13741,2026-09-18,,,verified,sale_apartment,
A60607003,exclusive_84_97,84.97,108.41,32평,234,KB부동산 단지 시세/평형정보 | https://kbland.kr/map?complex=13741,2026-09-18,,,verified,sale_apartment,
A60607003,exclusive_101_79,101.79,129.38,39평,40,KB부동산 단지 시세/평형정보 | https://kbland.kr/map?complex=13741,2026-09-18,,,verified,sale_apartment,
A10023837,exclusive_84_82,84.82,116.37,35평D,82,KB부동산 단지 시세/평형정보 | https://kbland.kr/map?complex=44307,2026-09-18,,,verified,sale_apartment,
A10023837,exclusive_84_93,84.93,117.5,35평E,89,KB부동산 단지 시세/평형정보 | https://kbland.kr/map?complex=44307,2026-09-18,,,verified,sale_apartment,
A10023837,exclusive_84_91,84.91,118.2,35평A,357,KB부동산 단지 시세/평형정보 | https://kbland.kr/map?complex=44307,2026-09-18,,,verified,sale_apartment,
A10023837,exclusive_84_84,84.84,119.04,36평C,135,KB부동산 단지 시세/평형정보 | https://kbland.kr/map?complex=44307,2026-09-18,,,verified,sale_apartment,
A10023837,exclusive_84_8,84.8,119.84,36평B,135,KB부동산 단지 시세/평형정보 | https://kbland.kr/map?complex=44307,2026-09-18,,,verified,sale_apartment,
A10023837,exclusive_84_98,84.98,119.87,36평F,41,KB부동산 단지 시세/평형정보 | https://kbland.kr/map?complex=44307,2026-09-18,,,verified,sale_apartment,
A10023837,exclusive_115_84,115.84,163.61,49평A,6,KB부동산 단지 시세/평형정보 | https://kbland.kr/map?complex=44307,2026-09-18,,,verified,sale_apartment,
A10023837,exclusive_115_73,115.73,165.42,50평B,1,KB부동산 단지 시세/평형정보 | https://kbland.kr/map?complex=44307,2026-09-18,,,verified,sale_apartment,
A60675110,exclusive_45_5,45.5,62.48,18평,400,KB부동산 단지 시세/평형정보 | https://kbland.kr/map?complex=6054,2026-09-18,,,verified,sale_apartment,
A60675110,exclusive_57_09,57.09,78.3,23평,600,KB부동산 단지 시세/평형정보 | https://kbland.kr/map?complex=6054,2026-09-18,,,verified,sale_apartment,
A60680909,exclusive_85_76,85.76,104.61,31평,331,KB부동산 단지 시세/평형정보 | https://kbland.kr/map?complex=6056,2026-09-18,,,verified,sale_apartment,
A60680909,exclusive_116_63,116.63,137.8,41평,55,KB부동산 단지 시세/평형정보 | https://kbland.kr/map?complex=6056,2026-09-18,,,verified,sale_apartment,
A60680909,exclusive_121_26,121.26,142.79,43평,56,KB부동산 단지 시세/평형정보 | https://kbland.kr/map?complex=6056,2026-09-18,,,verified,sale_apartment,
A60680909,exclusive_146_99,146.99,170.44,51평,80,KB부동산 단지 시세/평형정보 | https://kbland.kr/map?complex=6056,2026-09-18,,,verified,sale_apartment,
A60680912,exclusive_46_27,46.27,65.78,19평,1340,KB부동산 단지 시세/평형정보 | https://kbland.kr/map?complex=6057,2026-09-18,,,verified,sale_apartment,
A61479902,exclusive_84_81,84.81,120.52,36평,156,KB부동산 단지 시세/평형정보 | https://kbland.kr/map?complex=14276,2026-09-18,,,verified,sale_apartment,
A61479902,exclusive_84_85,84.85,123.03,37평,68,KB부동산 단지 시세/평형정보 | https://kbland.kr/map?complex=14276,2026-09-18,,,verified,sale_apartment,
A61479902,exclusive_84_86,84.86,127.89,38평B,34,KB부동산 단지 시세/평형정보 | https://kbland.kr/map?complex=14276,2026-09-18,,,verified,sale_apartment,
A61479902,exclusive_84_85_38평A,84.85,128.6,38평A,136,KB부동산 단지 시세/평형정보 | https://kbland.kr/map?complex=14276,2026-09-18,,,verified,sale_apartment,
A61479902,exclusive_110_93,110.93,141.87,42평,140,KB부동산 단지 시세/평형정보 | https://kbland.kr/map?complex=14276,2026-09-18,,,verified,sale_apartment,
A61479902,exclusive_109_54,109.54,143.89,43평,72,KB부동산 단지 시세/평형정보 | https://kbland.kr/map?complex=14276,2026-09-18,,,verified,sale_apartment,
A61479902,exclusive_118_61,118.61,159.89,48평,166,KB부동산 단지 시세/평형정보 | https://kbland.kr/map?complex=14276,2026-09-18,,,verified,sale_apartment,
A61479902,exclusive_130_34,130.34,167.86,50평,68,KB부동산 단지 시세/평형정보 | https://kbland.kr/map?complex=14276,2026-09-18,,,verified,sale_apartment,
A61404006,exclusive_59_72,59.72,79.04,23평B,125,KB부동산 단지 시세/평형정보 | https://kbland.kr/map?complex=5515,2026-09-18,,,verified,sale_apartment,
A61404006,exclusive_59_84,59.84,79.17,23평A,176,KB부동산 단지 시세/평형정보 | https://kbland.kr/map?complex=5515,2026-09-18,,,verified,sale_apartment,
A61404006,exclusive_84_98,84.98,106.6,32평,324,KB부동산 단지 시세/평형정보 | https://kbland.kr/map?complex=5515,2026-09-18,,,verified,sale_apartment,
A61404006,exclusive_124_09,124.09,149.53,45평,80,KB부동산 단지 시세/평형정보 | https://kbland.kr/map?complex=5515,2026-09-18,,,verified,sale_apartment,
A61404007,exclusive_25_97,25.97,39.58,11평,24,KB부동산 단지 시세/평형정보 | https://kbland.kr/map?complex=13082,2026-09-18,,,verified,sale_apartment,
A61404007,exclusive_33_74,33.74,49.59,15평,316,KB부동산 단지 시세/평형정보 | https://kbland.kr/map?complex=13082,2026-09-18,,,verified,sale_apartment,
A61404007,exclusive_52_76,52.76,78.49,23평,96,KB부동산 단지 시세/평형정보 | https://kbland.kr/map?complex=13082,2026-09-18,,,verified,sale_apartment,
A61404007,exclusive_59_94,59.94,81.18,24평,177,KB부동산 단지 시세/평형정보 | https://kbland.kr/map?complex=13082,2026-09-18,,,verified,sale_apartment,
A61404007,exclusive_72_21,72.21,97.3,29평,185,KB부동산 단지 시세/평형정보 | https://kbland.kr/map?complex=13082,2026-09-18,,,verified,sale_apartment,
A61404007,exclusive_84_81,84.81,117.3,35평,369,KB부동산 단지 시세/평형정보 | https://kbland.kr/map?complex=13082,2026-09-18,,,verified,sale_apartment,
A61404007,exclusive_102_55,102.55,129.09,39평,47,KB부동산 단지 시세/평형정보 | https://kbland.kr/map?complex=13082,2026-09-18,,,verified,sale_apartment,
A61404007,exclusive_113_03,113.03,148.96,45평,134,KB부동산 단지 시세/평형정보 | https://kbland.kr/map?complex=13082,2026-09-18,,,verified,sale_apartment,
A61404007,exclusive_141_19,141.19,171.27,51평,47,KB부동산 단지 시세/평형정보 | https://kbland.kr/map?complex=13082,2026-09-18,,,verified,sale_apartment,
A61477302,exclusive_28_8,28.8,38.54,11평K,112,KB부동산 단지 시세/평형정보 | https://kbland.kr/map?complex=13167,2026-09-18,,,verified,sale_apartment,
A61477302,exclusive_30_49,30.49,40.83,12평J,270,KB부동산 단지 시세/평형정보 | https://kbland.kr/map?complex=13167,2026-09-18,,,verified,sale_apartment,
A61477302,exclusive_33_74,33.74,45.18,13평I,22,KB부동산 단지 시세/평형정보 | https://kbland.kr/map?complex=13167,2026-09-18,,,verified,sale_apartment,
A61477302,exclusive_38_53,38.53,51.6,15평H,22,KB부동산 단지 시세/평형정보 | https://kbland.kr/map?complex=13167,2026-09-18,,,verified,sale_apartment,
A61477302,exclusive_39_82,39.82,53.32,16평G,24,KB부동산 단지 시세/평형정보 | https://kbland.kr/map?complex=13167,2026-09-18,,,verified,sale_apartment,
A61477302,exclusive_41_76,41.76,55.91,16평F,8,KB부동산 단지 시세/평형정보 | https://kbland.kr/map?complex=13167,2026-09-18,,,verified,sale_apartment,
A61477302,exclusive_44_64,44.64,59.78,18평D,8,KB부동산 단지 시세/평형정보 | https://kbland.kr/map?complex=13167,2026-09-18,,,verified,sale_apartment,
A61477302,exclusive_45_15,45.15,60.46,18평E,20,KB부동산 단지 시세/평형정보 | https://kbland.kr/map?complex=13167,2026-09-18,,,verified,sale_apartment,
A61477302,exclusive_46_33,46.33,62.05,18평C,20,KB부동산 단지 시세/평형정보 | https://kbland.kr/map?complex=13167,2026-09-18,,,verified,sale_apartment,
A61477302,exclusive_60_99,60.99,81.67,24평B,4,KB부동산 단지 시세/평형정보 | https://kbland.kr/map?complex=13167,2026-09-18,,,verified,sale_apartment,
A61477302,exclusive_64_23,64.23,85.92,25평A,2,KB부동산 단지 시세/평형정보 | https://kbland.kr/map?complex=13167,2026-09-18,,,verified,sale_apartment,
A61486301,exclusive_84_98,84.98,110.6,33평C,132,KB부동산 단지 시세/평형정보 | https://kbland.kr/map?complex=14284,2026-09-18,,,verified,sale_apartment,
A61486301,exclusive_84_76,84.76,111.57,33평A2,28,KB부동산 단지 시세/평형정보 | https://kbland.kr/map?complex=14284,2026-09-18,,,verified,sale_apartment,
A61486301,exclusive_84_86,84.86,111.6,33평A1,90,KB부동산 단지 시세/평형정보 | https://kbland.kr/map?complex=14284,2026-09-18,,,verified,sale_apartment,
A61486301,exclusive_84_97,84.97,111.72,33평B,133,KB부동산 단지 시세/평형정보 | https://kbland.kr/map?complex=14284,2026-09-18,,,verified,sale_apartment,
A61486301,exclusive_126_72,126.72,161.8,48평,70,KB부동산 단지 시세/평형정보 | https://kbland.kr/map?complex=14284,2026-09-18,,,verified,sale_apartment,
A61486301,exclusive_128_91,128.91,164.96,49평,58,KB부동산 단지 시세/평형정보 | https://kbland.kr/map?complex=14284,2026-09-18,,,verified,sale_apartment,
A61473002,exclusive_59_9,59.9,89.91,27평,322,KB부동산 단지 시세/평형정보 | https://kbland.kr/map?complex=5514,2026-09-18,,,verified,sale_apartment,
A61473002,exclusive_71_02,71.02,106.61,32평,23,KB부동산 단지 시세/평형정보 | https://kbland.kr/map?complex=5514,2026-09-18,,,verified,sale_apartment,
A61473002,exclusive_78_76,78.76,118.23,35평,46,KB부동산 단지 시세/평형정보 | https://kbland.kr/map?complex=5514,2026-09-18,,,verified,sale_apartment,
A61473002,exclusive_84_64,84.64,127.05,38평,345,KB부동산 단지 시세/평형정보 | https://kbland.kr/map?complex=5514,2026-09-18,,,verified,sale_apartment,
A61473002,exclusive_122_84,122.84,151.62,45평,46,KB부동산 단지 시세/평형정보 | https://kbland.kr/map?complex=5514,2026-09-18,,,verified,sale_apartment,
A10023750,exclusive_59_99,59.99,79.88,24평,241,KB부동산 단지 시세/평형정보 | https://kbland.kr/map?complex=46959,2026-09-18,,,verified,sale_apartment,
A10023750,exclusive_69_99,69.99,92.73,28평,180,KB부동산 단지 시세/평형정보 | https://kbland.kr/map?complex=46959,2026-09-18,,,verified,sale_apartment,
A10023750,exclusive_84_96,84.96,112.06,33평B,218,KB부동산 단지 시세/평형정보 | https://kbland.kr/map?complex=46959,2026-09-18,,,verified,sale_apartment,
A10023750,exclusive_84_99,84.99,112.41,34평A,359,KB부동산 단지 시세/평형정보 | https://kbland.kr/map?complex=46959,2026-09-18,,,verified,sale_apartment,
A10027052,exclusive_30_14,30.14,58.43,17평F,48,KB부동산 단지 시세/평형정보 | https://kbland.kr/map?complex=29268,2026-09-18,,,verified,sale_apartment,
A10027052,exclusive_59_89,59.89,84.44,25평E,18,KB부동산 단지 시세/평형정보 | https://kbland.kr/map?complex=29268,2026-09-18,,,verified,sale_apartment,
A10027052,exclusive_59_8,59.8,84.61,25평C,245,KB부동산 단지 시세/평형정보 | https://kbland.kr/map?complex=29268,2026-09-18,,,verified,sale_apartment,
A10027052,exclusive_59_79,59.79,85.77,25평D,163,KB부동산 단지 시세/평형정보 | https://kbland.kr/map?complex=29268,2026-09-18,,,verified,sale_apartment,
A10027052,exclusive_62_76,62.76,88.89,26평B,108,KB부동산 단지 시세/평형정보 | https://kbland.kr/map?complex=29268,2026-09-18,,,verified,sale_apartment,
A10027052,exclusive_74_7,74.7,102.31,30평A,48,KB부동산 단지 시세/평형정보 | https://kbland.kr/map?complex=29268,2026-09-18,,,verified,sale_apartment,
A61476002,exclusive_59_94,59.94,78.57,23평,700,KB부동산 단지 시세/평형정보 | https://kbland.kr/map?complex=5508,2026-09-18,,,verified,sale_apartment,
A61476002,exclusive_84_93,84.93,105.72,31평,200,KB부동산 단지 시세/평형정보 | https://kbland.kr/map?complex=5508,2026-09-18,,,verified,sale_apartment,
A61476002,exclusive_119,119.0,142.93,43평,50,KB부동산 단지 시세/평형정보 | https://kbland.kr/map?complex=5508,2026-09-18,,,verified,sale_apartment,
A61483202,exclusive_84_87,84.87,106.18,32평D,71,KB부동산 단지 시세/평형정보 | https://kbland.kr/map?complex=14814,2026-09-18,,,verified,sale_apartment,
A61483202,exclusive_84_98,84.98,106.48,32평A,109,KB부동산 단지 시세/평형정보 | https://kbland.kr/map?complex=14814,2026-09-18,,,verified,sale_apartment,
A61483202,exclusive_84_78,84.78,106.55,32평B,57,KB부동산 단지 시세/평형정보 | https://kbland.kr/map?complex=14814,2026-09-18,,,verified,sale_apartment,
A61483202,exclusive_84_91,84.91,107.73,32평C,36,KB부동산 단지 시세/평형정보 | https://kbland.kr/map?complex=14814,2026-09-18,,,verified,sale_apartment,
A61483202,exclusive_84_65,84.65,111.02,33평E,72,KB부동산 단지 시세/평형정보 | https://kbland.kr/map?complex=14814,2026-09-18,,,verified,sale_apartment,
A61483202,exclusive_117_02,117.02,150.1,45평B,31,KB부동산 단지 시세/평형정보 | https://kbland.kr/map?complex=14814,2026-09-18,,,verified,sale_apartment,
A61483202,exclusive_119_73,119.73,151.29,45평C,34,KB부동산 단지 시세/평형정보 | https://kbland.kr/map?complex=14814,2026-09-18,,,verified,sale_apartment,
A61483202,exclusive_118_02,118.02,151.94,45평A,108,KB부동산 단지 시세/평형정보 | https://kbland.kr/map?complex=14814,2026-09-18,,,verified,sale_apartment,
A61483202,exclusive_141_4,141.4,177.65,53평,105,KB부동산 단지 시세/평형정보 | https://kbland.kr/map?complex=14814,2026-09-18,,,verified,sale_apartment,
A10025540,exclusive_84_99,84.99,116.95,35평D,318,KB부동산 단지 시세/평형정보 | https://kbland.kr/map?complex=31209,2026-09-18,,,verified,sale_apartment,
A10025540,exclusive_84_97,84.97,118.62,35평B,318,KB부동산 단지 시세/평형정보 | https://kbland.kr/map?complex=31209,2026-09-18,,,verified,sale_apartment,
A10025540,exclusive_84_99_35평C,84.99,118.8,35평C,318,KB부동산 단지 시세/평형정보 | https://kbland.kr/map?complex=31209,2026-09-18,,,verified,sale_apartment,
A10025540,exclusive_84_97_35평A,84.97,118.91,35평A,318,KB부동산 단지 시세/평형정보 | https://kbland.kr/map?complex=31209,2026-09-18,,,verified,sale_apartment,
A61478807,exclusive_39_34,39.34,56.55,17평,35,KB부동산 단지 시세/평형정보 | https://kbland.kr/map?complex=5535,2026-09-18,,,verified,sale_apartment,
A61478807,exclusive_59_72,59.72,77.1,23평,344,KB부동산 단지 시세/평형정보 | https://kbland.kr/map?complex=5535,2026-09-18,,,verified,sale_apartment,
A61478807,exclusive_84_88,84.88,105.14,31평,225,KB부동산 단지 시세/평형정보 | https://kbland.kr/map?complex=5535,2026-09-18,,,verified,sale_apartment,
A61478807,exclusive_134_85,134.85,156.44,47평,50,KB부동산 단지 시세/평형정보 | https://kbland.kr/map?complex=5535,2026-09-18,,,verified,sale_apartment,
A61485906,exclusive_59_89,59.89,85.46,25평,234,KB부동산 단지 시세/평형정보 | https://kbland.kr/map?complex=5537,2026-09-18,,,verified,sale_apartment,
A61485906,exclusive_76_56,76.56,89.96,27평,20,KB부동산 단지 시세/평형정보 | https://kbland.kr/map?complex=5537,2026-09-18,,,verified,sale_apartment,
A61485906,exclusive_84_72,84.72,106.03,32평,300,KB부동산 단지 시세/평형정보 | https://kbland.kr/map?complex=5537,2026-09-18,,,verified,sale_apartment,
A61486005,exclusive_59_96,59.96,79.85,24평A,62,KB부동산 단지 시세/평형정보 | https://kbland.kr/map?complex=15291,2026-09-18,,,verified,sale_apartment,
A61486005,exclusive_59_96_24평B,59.96,82.55,24평B,80,KB부동산 단지 시세/평형정보 | https://kbland.kr/map?complex=15291,2026-09-18,,,verified,sale_apartment,
A61486005,exclusive_84_98,84.98,113.22,34평A,107,KB부동산 단지 시세/평형정보 | https://kbland.kr/map?complex=15291,2026-09-18,,,verified,sale_apartment,
A61486005,exclusive_84_87,84.87,113.37,34평C,30,KB부동산 단지 시세/평형정보 | https://kbland.kr/map?complex=15291,2026-09-18,,,verified,sale_apartment,
A61486005,exclusive_84_98_34평A1,84.98,114.33,34평A1,35,KB부동산 단지 시세/평형정보 | https://kbland.kr/map?complex=15291,2026-09-18,,,verified,sale_apartment,
A61486005,exclusive_84_89,84.89,115.59,34평B,80,KB부동산 단지 시세/평형정보 | https://kbland.kr/map?complex=15291,2026-09-18,,,verified,sale_apartment,
A61486005,exclusive_121_84,121.84,151.55,45평,153,KB부동산 단지 시세/평형정보 | https://kbland.kr/map?complex=15291,2026-09-18,,,verified,sale_apartment,
A61486008,exclusive_59_91,59.91,91.6,27평,330,KB부동산 단지 시세/평형정보 | https://kbland.kr/map?complex=5531,2026-09-18,,,verified,sale_apartment,
A61486008,exclusive_84_98,84.98,118.83,35평,305,KB부동산 단지 시세/평형정보 | https://kbland.kr/map?complex=5531,2026-09-18,,,verified,sale_apartment,
A61486008,exclusive_134_93,134.93,181.05,54평,154,KB부동산 단지 시세/평형정보 | https://kbland.kr/map?complex=5531,2026-09-18,,,verified,sale_apartment,
A10020721,exclusive_59_94,59.94,78.38,23평A,442,KB부동산 단지 시세/평형정보 | https://kbland.kr/map?complex=429022,2026-09-18,,,verified,sale_apartment,
A10020721,exclusive_59_95,59.95,78.44,23평B,100,KB부동산 단지 시세/평형정보 | https://kbland.kr/map?complex=429022,2026-09-18,,,verified,sale_apartment,
A10020721,exclusive_59_94_23평C,59.94,78.67,23평C,13,KB부동산 단지 시세/평형정보 | https://kbland.kr/map?complex=429022,2026-09-18,,,verified,sale_apartment,
A10020721,exclusive_65_09,65.09,85.33,25평A,103,KB부동산 단지 시세/평형정보 | https://kbland.kr/map?complex=429022,2026-09-18,,,verified,sale_apartment,
A10020721,exclusive_65_09_25평B,65.09,85.62,25평B,17,KB부동산 단지 시세/평형정보 | https://kbland.kr/map?complex=429022,2026-09-18,,,verified,sale_apartment,
A10020721,exclusive_84_98,84.98,109.95,33평A,421,KB부동산 단지 시세/평형정보 | https://kbland.kr/map?complex=429022,2026-09-18,,,verified,sale_apartment,
A10020721,exclusive_84_9,84.9,110.02,33평B,126,KB부동산 단지 시세/평형정보 | https://kbland.kr/map?complex=429022,2026-09-18,,,verified,sale_apartment,
A10020721,exclusive_84_98_33평C,84.98,110.31,33평C,73,KB부동산 단지 시세/평형정보 | https://kbland.kr/map?complex=429022,2026-09-18,,,verified,sale_apartment,
A10026861,exclusive_39_86,39.86,53.85,16평,26,KB부동산 단지 시세/평형정보 | https://kbland.kr/map?complex=30157,2026-09-18,,,verified,sale_apartment,
A10026861,exclusive_67_88,67.88,90.11,27평,244,KB부동산 단지 시세/평형정보 | https://kbland.kr/map?complex=30157,2026-09-18,,,verified,sale_apartment,
A10026861,exclusive_79_93,79.93,105.57,31평A,145,KB부동산 단지 시세/평형정보 | https://kbland.kr/map?complex=30157,2026-09-18,,,verified,sale_apartment,
A10026861,exclusive_79_78,79.78,106.5,32평B,29,KB부동산 단지 시세/평형정보 | https://kbland.kr/map?complex=30157,2026-09-18,,,verified,sale_apartment,
A10026861,exclusive_84_97,84.97,112.69,34평,238,KB부동산 단지 시세/평형정보 | https://kbland.kr/map?complex=30157,2026-09-18,,,verified,sale_apartment,
A10026861,exclusive_110_82,110.82,144.84,43평,45,KB부동산 단지 시세/평형정보 | https://kbland.kr/map?complex=30157,2026-09-18,,,verified,sale_apartment,
A10028147,exclusive_67_8,67.8,87.97,26평A,78,KB부동산 단지 시세/평형정보 | https://kbland.kr/map?complex=26500,2026-09-18,,,verified,sale_apartment,
A10028147,exclusive_67_8_26평D,67.8,87.97,26평D,1,KB부동산 단지 시세/평형정보 | https://kbland.kr/map?complex=26500,2026-09-18,,,verified,sale_apartment,
A10028147,exclusive_67_96,67.96,88.17,26평C,1,KB부동산 단지 시세/평형정보 | https://kbland.kr/map?complex=26500,2026-09-18,,,verified,sale_apartment,
A10028147,exclusive_68_61,68.61,89.03,26평,1,KB부동산 단지 시세/평형정보 | https://kbland.kr/map?complex=26500,2026-09-18,,,verified,sale_apartment,
A10028147,exclusive_67_95,67.95,89.37,27평B,25,KB부동산 단지 시세/평형정보 | https://kbland.kr/map?complex=26500,2026-09-18,,,verified,sale_apartment,
A10028147,exclusive_79_42,79.42,102.79,31평A,88,KB부동산 단지 시세/평형정보 | https://kbland.kr/map?complex=26500,2026-09-18,,,verified,sale_apartment,
A10028147,exclusive_79_27,79.27,103.28,31평C,25,KB부동산 단지 시세/평형정보 | https://kbland.kr/map?complex=26500,2026-09-18,,,verified,sale_apartment,
A10028147,exclusive_79_7,79.7,103.48,31평B,49,KB부동산 단지 시세/평형정보 | https://kbland.kr/map?complex=26500,2026-09-18,,,verified,sale_apartment,
A10028147,exclusive_84_99,84.99,110.29,33평B,18,KB부동산 단지 시세/평형정보 | https://kbland.kr/map?complex=26500,2026-09-18,,,verified,sale_apartment,
A10028147,exclusive_84_99_33평A,84.99,110.43,33평A,418,KB부동산 단지 시세/평형정보 | https://kbland.kr/map?complex=26500,2026-09-18,,,verified,sale_apartment,
A10028147,exclusive_100_86,100.86,130.06,39평,1,KB부동산 단지 시세/평형정보 | https://kbland.kr/map?complex=26500,2026-09-18,,,verified,sale_apartment,
A10028147,exclusive_110_34,110.34,141.66,42평,46,KB부동산 단지 시세/평형정보 | https://kbland.kr/map?complex=26500,2026-09-18,,,verified,sale_apartment,
A61409002,exclusive_84_83,84.83,114.33,34평A,78,KB부동산 단지 시세/평형정보 | https://kbland.kr/map?complex=15228,2026-09-18,,,verified,sale_apartment,
A61409002,exclusive_84_98,84.98,114.83,34평B,77,KB부동산 단지 시세/평형정보 | https://kbland.kr/map?complex=15228,2026-09-18,,,verified,sale_apartment,
A61409002,exclusive_84_9,84.9,114.92,34평C,155,KB부동산 단지 시세/평형정보 | https://kbland.kr/map?complex=15228,2026-09-18,,,verified,sale_apartment,
A61409002,exclusive_107_63,107.63,144.73,43평A,156,KB부동산 단지 시세/평형정보 | https://kbland.kr/map?complex=15228,2026-09-18,,,verified,sale_apartment,
A61409002,exclusive_125_98,125.98,170.86,51평,78,KB부동산 단지 시세/평형정보 | https://kbland.kr/map?complex=15228,2026-09-18,,,verified,sale_apartment,
A61409005,exclusive_70_3,70.3,97.42,29평B,64,KB부동산 단지 시세/평형정보 | https://kbland.kr/map?complex=19701,2026-09-18,,,verified,sale_apartment,
A61409005,exclusive_70_3_29평A,70.3,98.13,29평A,32,KB부동산 단지 시세/평형정보 | https://kbland.kr/map?complex=19701,2026-09-18,,,verified,sale_apartment,
A61409005,exclusive_84_92,84.92,114.24,34평A,55,KB부동산 단지 시세/평형정보 | https://kbland.kr/map?complex=19701,2026-09-18,,,verified,sale_apartment,
A61409005,exclusive_84_92_35평B,84.92,118.18,35평B,68,KB부동산 단지 시세/평형정보 | https://kbland.kr/map?complex=19701,2026-09-18,,,verified,sale_apartment,
A61409005,exclusive_100_71,100.71,132.85,40평,56,KB부동산 단지 시세/평형정보 | https://kbland.kr/map?complex=19701,2026-09-18,,,verified,sale_apartment,
A61409005,exclusive_105_29,105.29,134.65,40평,26,KB부동산 단지 시세/평형정보 | https://kbland.kr/map?complex=19701,2026-09-18,,,verified,sale_apartment,
A61409005,exclusive_118_11,118.11,149.55,45평A,28,KB부동산 단지 시세/평형정보 | https://kbland.kr/map?complex=19701,2026-09-18,,,verified,sale_apartment,
A61409005,exclusive_115_73,115.73,154.09,46평,32,KB부동산 단지 시세/평형정보 | https://kbland.kr/map?complex=19701,2026-09-18,,,verified,sale_apartment,
A61409005,exclusive_118_11_46평B,118.11,154.37,46평B,32,KB부동산 단지 시세/평형정보 | https://kbland.kr/map?complex=19701,2026-09-18,,,verified,sale_apartment,
A61409005,exclusive_129_77,129.77,162.27,49평A,54,KB부동산 단지 시세/평형정보 | https://kbland.kr/map?complex=19701,2026-09-18,,,verified,sale_apartment,
A61409005,exclusive_129_77_49평B,129.77,164.79,49평B,56,KB부동산 단지 시세/평형정보 | https://kbland.kr/map?complex=19701,2026-09-18,,,verified,sale_apartment,
A61409005,exclusive_138_59,138.59,171.7,51평A,28,KB부동산 단지 시세/평형정보 | https://kbland.kr/map?complex=19701,2026-09-18,,,verified,sale_apartment,
A61409005,exclusive_138_59_52평B,138.59,174.21,52평B,28,KB부동산 단지 시세/평형정보 | https://kbland.kr/map?complex=19701,2026-09-18,,,verified,sale_apartment,
A61409302,exclusive_51_63,51.63,68.75,20평A,148,KB부동산 단지 시세/평형정보 | https://kbland.kr/map?complex=15049,2026-09-18,,,verified,sale_apartment,
A61409302,exclusive_59_98,59.98,79.87,24평A,383,KB부동산 단지 시세/평형정보 | https://kbland.kr/map?complex=15049,2026-09-18,,,verified,sale_apartment,
A61409302,exclusive_59_98_24평B,59.98,79.87,24평B,40,KB부동산 단지 시세/평형정보 | https://kbland.kr/map?complex=15049,2026-09-18,,,verified,sale_apartment,
A61409302,exclusive_59_99,59.99,79.89,24평C,15,KB부동산 단지 시세/평형정보 | https://kbland.kr/map?complex=15049,2026-09-18,,,verified,sale_apartment,
A61409302,exclusive_84_96,84.96,122.07,36평,10,KB부동산 단지 시세/평형정보 | https://kbland.kr/map?complex=15049,2026-09-18,,,verified,sale_apartment,
A61409302,exclusive_84_8,84.8,131.57,39평,34,KB부동산 단지 시세/평형정보 | https://kbland.kr/map?complex=15049,2026-09-18,,,verified,sale_apartment,
A61479403,exclusive_94_41,94.41,121.36,36평A,535,KB부동산 단지 시세/평형정보 | https://kbland.kr/map?complex=13083,2026-09-18,,,verified,sale_apartment,
A61479403,exclusive_95_04,95.04,122.01,36평B,53,KB부동산 단지 시세/평형정보 | https://kbland.kr/map?complex=13083,2026-09-18,,,verified,sale_apartment,
A61479403,exclusive_116_84,116.84,145.39,43평,130,KB부동산 단지 시세/평형정보 | https://kbland.kr/map?complex=13083,2026-09-18,,,verified,sale_apartment,
A61484004,exclusive_84_41,84.41,100.15,30평A,24,KB부동산 단지 시세/평형정보 | https://kbland.kr/map?complex=5550,2026-09-18,,,verified,sale_apartment,
A61484004,exclusive_84_78,84.78,100.8,30평B,216,KB부동산 단지 시세/평형정보 | https://kbland.kr/map?complex=5550,2026-09-18,,,verified,sale_apartment,
A61484004,exclusive_84_9,84.9,101.38,30평,90,KB부동산 단지 시세/평형정보 | https://kbland.kr/map?complex=5550,2026-09-18,,,verified,sale_apartment,
A61484004,exclusive_125_85,125.85,145.44,43평,90,KB부동산 단지 시세/평형정보 | https://kbland.kr/map?complex=5550,2026-09-18,,,verified,sale_apartment,
A61484004,exclusive_147_24,147.24,167.04,50평A,24,KB부동산 단지 시세/평형정보 | https://kbland.kr/map?complex=5550,2026-09-18,,,verified,sale_apartment,
A61484004,exclusive_148_35,148.35,168.39,50평B,60,KB부동산 단지 시세/평형정보 | https://kbland.kr/map?complex=5550,2026-09-18,,,verified,sale_apartment,
A61484004,exclusive_149_47,149.47,169.98,51평C,30,KB부동산 단지 시세/평형정보 | https://kbland.kr/map?complex=5550,2026-09-18,,,verified,sale_apartment,
A61484004,exclusive_158_95,158.95,179.73,54평,60,KB부동산 단지 시세/평형정보 | https://kbland.kr/map?complex=5550,2026-09-18,,,verified,sale_apartment,
A61484004,exclusive_164_29,164.29,185.57,56평,120,KB부동산 단지 시세/평형정보 | https://kbland.kr/map?complex=5550,2026-09-18,,,verified,sale_apartment,
A61484004,exclusive_174_19,174.19,195.75,59평,60,KB부동산 단지 시세/평형정보 | https://kbland.kr/map?complex=5550,2026-09-18,,,verified,sale_apartment,
A61484005,exclusive_59_8,59.8,80.92,24평A,452,KB부동산 단지 시세/평형정보 | https://kbland.kr/map?complex=5551,2026-09-18,,,verified,sale_apartment,
A61484005,exclusive_59_8_24평B,59.8,80.92,24평B,303,KB부동산 단지 시세/평형정보 | https://kbland.kr/map?complex=5551,2026-09-18,,,verified,sale_apartment,
A61484005,exclusive_84_76,84.76,107.84,32평,876,KB부동산 단지 시세/평형정보 | https://kbland.kr/map?complex=5551,2026-09-18,,,verified,sale_apartment,
A61484005,exclusive_134_67,134.67,161.79,48평,142,KB부동산 단지 시세/평형정보 | https://kbland.kr/map?complex=5551,2026-09-18,,,verified,sale_apartment,
A61484005,exclusive_172_47,172.47,203.04,61평,38,KB부동산 단지 시세/평형정보 | https://kbland.kr/map?complex=5551,2026-09-18,,,verified,sale_apartment,
A10023021,exclusive_59_99,59.99,85.85,25평,407,KB부동산 단지 시세/평형정보 | https://kbland.kr/map?complex=314859,2026-09-18,,,verified,sale_apartment,
A10023021,exclusive_84_99,84.99,111.92,33평A,200,KB부동산 단지 시세/평형정보 | https://kbland.kr/map?complex=314859,2026-09-18,,,verified,sale_apartment,
A10023021,exclusive_84_99_34평B,84.99,113.55,34평B,199,KB부동산 단지 시세/평형정보 | https://kbland.kr/map?complex=314859,2026-09-18,,,verified,sale_apartment,
A10025434,exclusive_59_79,59.79,88.15,26평,107,KB부동산 단지 시세/평형정보 | https://kbland.kr/map?complex=32588,2026-09-18,,,verified,sale_apartment,
A10025434,exclusive_62_21,62.21,90.35,27평B,1,KB부동산 단지 시세/평형정보 | https://kbland.kr/map?complex=32588,2026-09-18,,,verified,sale_apartment,
A10025434,exclusive_62_21_27평A,62.21,90.35,27평A,71,KB부동산 단지 시세/평형정보 | https://kbland.kr/map?complex=32588,2026-09-18,,,verified,sale_apartment,
A10025434,exclusive_64_44,64.44,94.67,28평,35,KB부동산 단지 시세/평형정보 | https://kbland.kr/map?complex=32588,2026-09-18,,,verified,sale_apartment,
A10025434,exclusive_81_68,81.68,117.68,35평A,72,KB부동산 단지 시세/평형정보 | https://kbland.kr/map?complex=32588,2026-09-18,,,verified,sale_apartment,
A10025434,exclusive_81_68_35평B,81.68,117.68,35평B,35,KB부동산 단지 시세/평형정보 | https://kbland.kr/map?complex=32588,2026-09-18,,,verified,sale_apartment,
A10025434,exclusive_82_66,82.66,118.94,35평A1,70,KB부동산 단지 시세/평형정보 | https://kbland.kr/map?complex=32588,2026-09-18,,,verified,sale_apartment,
A10025434,exclusive_82_66_35평B1,82.66,118.94,35평B1,72,KB부동산 단지 시세/평형정보 | https://kbland.kr/map?complex=32588,2026-09-18,,,verified,sale_apartment,
A10025434,exclusive_82_66_35평C,82.66,118.94,35평C,72,KB부동산 단지 시세/평형정보 | https://kbland.kr/map?complex=32588,2026-09-18,,,verified,sale_apartment,
A61410304,exclusive_44_76,44.76,58.1,17평,121,KB부동산 단지 시세/평형정보 | https://kbland.kr/map?complex=5560,2026-09-18,,,verified,sale_apartment,
A61410304,exclusive_64_44,64.44,83.65,25평A,160,KB부동산 단지 시세/평형정보 | https://kbland.kr/map?complex=5560,2026-09-18,,,verified,sale_apartment,
A61410304,exclusive_64_43,64.43,86.12,26평B,55,KB부동산 단지 시세/평형정보 | https://kbland.kr/map?complex=5560,2026-09-18,,,verified,sale_apartment,
A61410304,exclusive_79_95,79.95,103.8,31평,432,KB부동산 단지 시세/평형정보 | https://kbland.kr/map?complex=5560,2026-09-18,,,verified,sale_apartment,
A61410304,exclusive_92_74,92.74,110.89,33평,28,KB부동산 단지 시세/평형정보 | https://kbland.kr/map?complex=5560,2026-09-18,,,verified,sale_apartment,
A61410304,exclusive_107_56,107.56,128.61,38평,112,KB부동산 단지 시세/평형정보 | https://kbland.kr/map?complex=5560,2026-09-18,,,verified,sale_apartment,
A61410304,exclusive_108_26,108.26,140.58,42평,166,KB부동산 단지 시세/평형정보 | https://kbland.kr/map?complex=5560,2026-09-18,,,verified,sale_apartment,
A61475202,exclusive_59_72,59.72,73.44,22평,240,KB부동산 단지 시세/평형정보 | https://kbland.kr/map?complex=5563,2026-09-18,,,verified,sale_apartment,
A61475202,exclusive_84_77,84.77,104.24,31평,192,KB부동산 단지 시세/평형정보 | https://kbland.kr/map?complex=5563,2026-09-18,,,verified,sale_apartment,
A61475202,exclusive_84_94,84.94,104.45,31평S,144,KB부동산 단지 시세/평형정보 | https://kbland.kr/map?complex=5563,2026-09-18,,,verified,sale_apartment,
A61475202,exclusive_111_41,111.41,137.0,41평,92,KB부동산 단지 시세/평형정보 | https://kbland.kr/map?complex=5563,2026-09-18,,,verified,sale_apartment,
A61475903,exclusive_59_72,59.72,77.97,23평,328,KB부동산 단지 시세/평형정보 | https://kbland.kr/map?complex=5556,2026-09-18,,,verified,sale_apartment,
A61475903,exclusive_84_94,84.94,105.65,31평,320,KB부동산 단지 시세/평형정보 | https://kbland.kr/map?complex=5556,2026-09-18,,,verified,sale_apartment,
A61475903,exclusive_111_41,111.41,134.41,40평,172,KB부동산 단지 시세/평형정보 | https://kbland.kr/map?complex=5556,2026-09-18,,,verified,sale_apartment,
A61477806,exclusive_59_93,59.93,78.36,23평,150,KB부동산 단지 시세/평형정보 | https://kbland.kr/map?complex=5557,2026-09-18,,,verified,sale_apartment,
A61477806,exclusive_66_43,66.43,86.86,26평,30,KB부동산 단지 시세/평형정보 | https://kbland.kr/map?complex=5557,2026-09-18,,,verified,sale_apartment,
A61477806,exclusive_77_78,77.78,93.65,28평,195,KB부동산 단지 시세/평형정보 | https://kbland.kr/map?complex=5557,2026-09-18,,,verified,sale_apartment,
A61477806,exclusive_83_88,83.88,100.22,30평,15,KB부동산 단지 시세/평형정보 | https://kbland.kr/map?complex=5557,2026-09-18,,,verified,sale_apartment,
A61477806,exclusive_84_98,84.98,101.52,30평,748,KB부동산 단지 시세/평형정보 | https://kbland.kr/map?complex=5557,2026-09-18,,,verified,sale_apartment,
A61477806,exclusive_83_6,83.6,109.31,33평,15,KB부동산 단지 시세/평형정보 | https://kbland.kr/map?complex=5557,2026-09-18,,,verified,sale_apartment,
A61479605,exclusive_59_99,59.99,83.74,25평,250,KB부동산 단지 시세/평형정보 | https://kbland.kr/map?complex=13271,2026-09-18,,,verified,sale_apartment,
A61479605,exclusive_80_23,80.23,102.76,31평,248,KB부동산 단지 시세/평형정보 | https://kbland.kr/map?complex=13271,2026-09-18,,,verified,sale_apartment,
A61479605,exclusive_84_97,84.97,116.27,35평,492,KB부동산 단지 시세/평형정보 | https://kbland.kr/map?complex=13271,2026-09-18,,,verified,sale_apartment,
A61479605,exclusive_110_22,110.22,135.76,41평,50,KB부동산 단지 시세/평형정보 | https://kbland.kr/map?complex=13271,2026-09-18,,,verified,sale_apartment,
A61479605,exclusive_126_89,126.89,153.0,46평,50,KB부동산 단지 시세/평형정보 | https://kbland.kr/map?complex=13271,2026-09-18,,,verified,sale_apartment,
A61482207,exclusive_32_39,32.39,45.8,13평,180,KB부동산 단지 시세/평형정보 | https://kbland.kr/map?complex=5573,2026-09-18,,,verified,sale_apartment,
A61482207,exclusive_41_3,41.3,57.29,17평,810,KB부동산 단지 시세/평형정보 | https://kbland.kr/map?complex=5573,2026-09-18,,,verified,sale_apartment,
A61482207,exclusive_49_94,49.94,69.28,20평,630,KB부동산 단지 시세/평형정보 | https://kbland.kr/map?complex=5573,2026-09-18,,,verified,sale_apartment,
A61482207,exclusive_59_2,59.2,76.58,23평A,90,KB부동산 단지 시세/평형정보 | https://kbland.kr/map?complex=5573,2026-09-18,,,verified,sale_apartment,
A61482207,exclusive_59_28,59.28,76.68,23평B,90,KB부동산 단지 시세/평형정보 | https://kbland.kr/map?complex=5573,2026-09-18,,,verified,sale_apartment,
A61482207,exclusive_59_38,59.38,76.81,23평C,1,KB부동산 단지 시세/평형정보 | https://kbland.kr/map?complex=5573,2026-09-18,,,verified,sale_apartment,
A61482207,exclusive_59_39,59.39,76.82,23평D,83,KB부동산 단지 시세/평형정보 | https://kbland.kr/map?complex=5573,2026-09-18,,,verified,sale_apartment,
A61482207,exclusive_58_01,58.01,80.26,24평,352,KB부동산 단지 시세/평형정보 | https://kbland.kr/map?complex=5573,2026-09-18,,,verified,sale_apartment,
A61482207,exclusive_61_52,61.52,85.72,25평,180,KB부동산 단지 시세/평형정보 | https://kbland.kr/map?complex=5573,2026-09-18,,,verified,sale_apartment,
A61482207,exclusive_66_56,66.56,92.74,28평,180,KB부동산 단지 시세/평형정보 | https://kbland.kr/map?complex=5573,2026-09-18,,,verified,sale_apartment,
A61482207,exclusive_79_07,79.07,105.54,31평,120,KB부동산 단지 시세/평형정보 | https://kbland.kr/map?complex=5573,2026-09-18,,,verified,sale_apartment,
A61482302,exclusive_59_54,59.54,79.83,24평A,149,KB부동산 단지 시세/평형정보 | https://kbland.kr/map?complex=5566,2026-09-18,,,verified,sale_apartment,
A61482302,exclusive_59_55,59.55,81.04,24평B,29,KB부동산 단지 시세/평형정보 | https://kbland.kr/map?complex=5566,2026-09-18,,,verified,sale_apartment,
A61482302,exclusive_59_89,59.89,81.86,24평B,220,KB부동산 단지 시세/평형정보 | https://kbland.kr/map?complex=5566,2026-09-18,,,verified,sale_apartment,
A61482302,exclusive_59_91,59.91,81.89,24평A,395,KB부동산 단지 시세/평형정보 | https://kbland.kr/map?complex=5566,2026-09-18,,,verified,sale_apartment,
A61482302,exclusive_84_5,84.5,100.83,30평B,6,KB부동산 단지 시세/평형정보 | https://kbland.kr/map?complex=5566,2026-09-18,,,verified,sale_apartment,
A61482302,exclusive_84_5_30평C,84.5,100.83,30평C,26,KB부동산 단지 시세/평형정보 | https://kbland.kr/map?complex=5566,2026-09-18,,,verified,sale_apartment,
A61482302,exclusive_84_97,84.97,101.39,30평A,26,KB부동산 단지 시세/평형정보 | https://kbland.kr/map?complex=5566,2026-09-18,,,verified,sale_apartment,
A61482303,exclusive_49_61,49.61,68.51,20평A,32,KB부동산 단지 시세/평형정보 | https://kbland.kr/map?complex=5564,2026-09-18,,,verified,sale_apartment,
A61482303,exclusive_49_99,49.99,69.24,20평B,144,KB부동산 단지 시세/평형정보 | https://kbland.kr/map?complex=5564,2026-09-18,,,verified,sale_apartment,
A61482303,exclusive_49_99_21평C,49.99,70.66,21평C,50,KB부동산 단지 시세/평형정보 | https://kbland.kr/map?complex=5564,2026-09-18,,,verified,sale_apartment,
A61482303,exclusive_59_89,59.89,81.17,24평B,175,KB부동산 단지 시세/평형정보 | https://kbland.kr/map?complex=5564,2026-09-18,,,verified,sale_apartment,
A61482303,exclusive_59_54,59.54,82.46,24평,170,KB부동산 단지 시세/평형정보 | https://kbland.kr/map?complex=5564,2026-09-18,,,verified,sale_apartment,
A61482303,exclusive_59_91,59.91,82.98,25평A,491,KB부동산 단지 시세/평형정보 | https://kbland.kr/map?complex=5564,2026-09-18,,,verified,sale_apartment,
A61482303,exclusive_84_5,84.5,101.55,30평B,14,KB부동산 단지 시세/평형정보 | https://kbland.kr/map?complex=5564,2026-09-18,,,verified,sale_apartment,
A61482303,exclusive_84_97,84.97,102.11,30평A,40,KB부동산 단지 시세/평형정보 | https://kbland.kr/map?complex=5564,2026-09-18,,,verified,sale_apartment,
A10020213,exclusive_59_86,59.86,83.23,25평A,80,KB부동산 단지 시세/평형정보 | https://kbland.kr/map?complex=2136163,2026-09-18,,,verified,sale_apartment,
A10020213,exclusive_59_85,59.85,84.24,25평B,40,KB부동산 단지 시세/평형정보 | https://kbland.kr/map?complex=2136163,2026-09-18,,,verified,sale_apartment,
A10020213,exclusive_77_66,77.66,107.17,32평A,120,KB부동산 단지 시세/평형정보 | https://kbland.kr/map?complex=2136163,2026-09-18,,,verified,sale_apartment,
A10020213,exclusive_84_95,84.95,115.77,35평B,162,KB부동산 단지 시세/평형정보 | https://kbland.kr/map?complex=2136163,2026-09-18,,,verified,sale_apartment,
A10020213,exclusive_84_75,84.75,116.82,35평A,323,KB부동산 단지 시세/평형정보 | https://kbland.kr/map?complex=2136163,2026-09-18,,,verified,sale_apartment,
A61476403,exclusive_69_28,69.28,85.49,25평,234,KB부동산 단지 시세/평형정보 | https://kbland.kr/map?complex=5495,2026-09-18,,,verified,sale_apartment,
A61476403,exclusive_77_04,77.04,94.07,28평,364,KB부동산 단지 시세/평형정보 | https://kbland.kr/map?complex=5495,2026-09-18,,,verified,sale_apartment,
A61476403,exclusive_84_99,84.99,103.39,31평,254,KB부동산 단지 시세/평형정보 | https://kbland.kr/map?complex=5495,2026-09-18,,,verified,sale_apartment,
A61476403,exclusive_85,85.0,104.46,31평S,422,KB부동산 단지 시세/평형정보 | https://kbland.kr/map?complex=5495,2026-09-18,,,verified,sale_apartment,
A61476403,exclusive_122_57,122.57,143.37,43평S,150,KB부동산 단지 시세/평형정보 | https://kbland.kr/map?complex=5495,2026-09-18,,,verified,sale_apartment,
A61476403,exclusive_123_3,123.3,143.51,43평,78,KB부동산 단지 시세/평형정보 | https://kbland.kr/map?complex=5495,2026-09-18,,,verified,sale_apartment,
A61476403,exclusive_136_68,136.68,158.25,47평,180,KB부동산 단지 시세/평형정보 | https://kbland.kr/map?complex=5495,2026-09-18,,,verified,sale_apartment,
A61476403,exclusive_174_2,174.2,198.88,60평,90,KB부동산 단지 시세/평형정보 | https://kbland.kr/map?complex=5495,2026-09-18,,,verified,sale_apartment,
A61479502,exclusive_71_65,71.65,98.36,29평,277,KB부동산 단지 시세/평형정보 | https://kbland.kr/map?complex=13269,2026-09-18,,,verified,sale_apartment,
A61479502,exclusive_84_85,84.85,112.25,33평,567,KB부동산 단지 시세/평형정보 | https://kbland.kr/map?complex=13269,2026-09-18,,,verified,sale_apartment,
A61479502,exclusive_114_99,114.99,145.11,43평,82,KB부동산 단지 시세/평형정보 | https://kbland.kr/map?complex=13269,2026-09-18,,,verified,sale_apartment,
A61479502,exclusive_130_59,130.59,162.0,49평,122,KB부동산 단지 시세/평형정보 | https://kbland.kr/map?complex=13269,2026-09-18,,,verified,sale_apartment,
A10023409,exclusive_73_84,73.84,96.41,29평B,139,KB부동산 단지 시세/평형정보 | https://kbland.kr/map?complex=43586,2026-09-18,,,verified,sale_apartment,
A10023409,exclusive_74_12,74.12,97.41,29평A,233,KB부동산 단지 시세/평형정보 | https://kbland.kr/map?complex=43586,2026-09-18,,,verified,sale_apartment,
A10023409,exclusive_84_74,84.74,109.23,33평D,90,KB부동산 단지 시세/평형정보 | https://kbland.kr/map?complex=43586,2026-09-18,,,verified,sale_apartment,
A10023409,exclusive_84_92,84.92,110.21,33평C,184,KB부동산 단지 시세/평형정보 | https://kbland.kr/map?complex=43586,2026-09-18,,,verified,sale_apartment,
A10023409,exclusive_112,112.0,142.93,43평E,90,KB부동산 단지 시세/평형정보 | https://kbland.kr/map?complex=43586,2026-09-18,,,verified,sale_apartment,
A10026363,exclusive_74_92,74.92,105.49,31평,74,KB부동산 단지 시세/평형정보 | https://kbland.kr/map?complex=29812,2026-09-18,,,verified,sale_apartment,
A10026363,exclusive_84_39,84.39,117.1,35평E,72,KB부동산 단지 시세/평형정보 | https://kbland.kr/map?complex=29812,2026-09-18,,,verified,sale_apartment,
A10026363,exclusive_84_82,84.82,118.01,35평C,74,KB부동산 단지 시세/평형정보 | https://kbland.kr/map?complex=29812,2026-09-18,,,verified,sale_apartment,
A10026363,exclusive_84_49,84.49,118.12,35평B,144,KB부동산 단지 시세/평형정보 | https://kbland.kr/map?complex=29812,2026-09-18,,,verified,sale_apartment,
A10026363,exclusive_84_99,84.99,118.28,35평A,182,KB부동산 단지 시세/평형정보 | https://kbland.kr/map?complex=29812,2026-09-18,,,verified,sale_apartment,
A10026363,exclusive_84_32,84.32,118.55,35평D,74,KB부동산 단지 시세/평형정보 | https://kbland.kr/map?complex=29812,2026-09-18,,,verified,sale_apartment,
A61475512,exclusive_32_39,32.39,45.8,13평,270,KB부동산 단지 시세/평형정보 | https://kbland.kr/map?complex=5575,2026-09-18,,,verified,sale_apartment,
A61475512,exclusive_41_3,41.3,57.01,17평,720,KB부동산 단지 시세/평형정보 | https://kbland.kr/map?complex=5575,2026-09-18,,,verified,sale_apartment,
A61475512,exclusive_49_94,49.94,68.94,20평,450,KB부동산 단지 시세/평형정보 | https://kbland.kr/map?complex=5575,2026-09-18,,,verified,sale_apartment,
A61475512,exclusive_58_01,58.01,80.26,24평,264,KB부동산 단지 시세/평형정보 | https://kbland.kr/map?complex=5575,2026-09-18,,,verified,sale_apartment,
A61475512,exclusive_61_52,61.52,85.72,25평,360,KB부동산 단지 시세/평형정보 | https://kbland.kr/map?complex=5575,2026-09-18,,,verified,sale_apartment,
A61475512,exclusive_66_56,66.56,92.74,28평,360,KB부동산 단지 시세/평형정보 | https://kbland.kr/map?complex=5575,2026-09-18,,,verified,sale_apartment,
A61475512,exclusive_79_07,79.07,105.54,31평,120,KB부동산 단지 시세/평형정보 | https://kbland.kr/map?complex=5575,2026-09-18,,,verified,sale_apartment,
A61477009,exclusive_44_87,44.87,64.9,19평,640,KB부동산 단지 시세/평형정보 | https://kbland.kr/map?complex=36293,2026-09-18,,,verified,sale_apartment,
A61477009,exclusive_56_88,56.88,79.86,24평,340,KB부동산 단지 시세/평형정보 | https://kbland.kr/map?complex=36293,2026-09-18,,,verified,sale_apartment,
A61477105,exclusive_59_76,59.76,74.85,22평B,132,KB부동산 단지 시세/평형정보 | https://kbland.kr/map?complex=5583,2026-09-18,,,verified,sale_apartment,
A61477105,exclusive_59_76_22평A,59.76,74.85,22평A,152,KB부동산 단지 시세/평형정보 | https://kbland.kr/map?complex=5583,2026-09-18,,,verified,sale_apartment,
A61477105,exclusive_74_59,74.59,92.07,27평,304,KB부동산 단지 시세/평형정보 | https://kbland.kr/map?complex=5583,2026-09-18,,,verified,sale_apartment,
A61477105,exclusive_84_99,84.99,104.25,31평,570,KB부동산 단지 시세/평형정보 | https://kbland.kr/map?complex=5583,2026-09-18,,,verified,sale_apartment,
A61477105,exclusive_102_39,102.39,124.47,37평A,76,KB부동산 단지 시세/평형정보 | https://kbland.kr/map?complex=5583,2026-09-18,,,verified,sale_apartment,
A61477105,exclusive_102_61,102.61,124.73,37평B,76,KB부동산 단지 시세/평형정보 | https://kbland.kr/map?complex=5583,2026-09-18,,,verified,sale_apartment,
A61477105,exclusive_120_39,120.39,145.39,43평,76,KB부동산 단지 시세/평형정보 | https://kbland.kr/map?complex=5583,2026-09-18,,,verified,sale_apartment,
A61477105,exclusive_140_58,140.58,168.85,51평,38,KB부동산 단지 시세/평형정보 | https://kbland.kr/map?complex=5583,2026-09-18,,,verified,sale_apartment,
A61477403,exclusive_39_66,39.66,39.66,11평,4,KB부동산 단지 시세/평형정보 | https://kbland.kr/map?complex=5585,2026-09-18,,,verified,sale_apartment,
A61477403,exclusive_39_67,39.67,39.67,12평,629,KB부동산 단지 시세/평형정보 | https://kbland.kr/map?complex=5585,2026-09-18,,,verified,sale_apartment,
A61480908,exclusive_84_98,84.98,104.42,31평,546,KB부동산 단지 시세/평형정보 | https://kbland.kr/map?complex=5577,2026-09-18,,,verified,sale_apartment,
A61480908,exclusive_117_95,117.95,139.52,42평,200,KB부동산 단지 시세/평형정보 | https://kbland.kr/map?complex=5577,2026-09-18,,,verified,sale_apartment,
A61480908,exclusive_131_66,131.66,153.9,46평,148,KB부동산 단지 시세/평형정보 | https://kbland.kr/map?complex=5577,2026-09-18,,,verified,sale_apartment,
A10026360,exclusive_67_89,67.89,89.42,27평A,448,KB부동산 단지 시세/평형정보 | https://kbland.kr/map?complex=31355,2026-09-18,,,verified,sale_apartment,
A10026360,exclusive_67_91,67.91,90.86,27평B,24,KB부동산 단지 시세/평형정보 | https://kbland.kr/map?complex=31355,2026-09-18,,,verified,sale_apartment,
A10026360,exclusive_75_86,75.86,99.61,30평,80,KB부동산 단지 시세/평형정보 | https://kbland.kr/map?complex=31355,2026-09-18,,,verified,sale_apartment,
A10026360,exclusive_84_86,84.86,112.45,34평,150,KB부동산 단지 시세/평형정보 | https://kbland.kr/map?complex=31355,2026-09-18,,,verified,sale_apartment,
A10027972,exclusive_55_35,55.35,80.95,24평H2-1,1,KB부동산 단지 시세/평형정보 | https://kbland.kr/map?complex=29234,2026-09-18,,,verified,sale_apartment,
A10027972,exclusive_55_35_24평,55.35,80.95,24평,55,KB부동산 단지 시세/평형정보 | https://kbland.kr/map?complex=29234,2026-09-18,,,verified,sale_apartment,
A10027972,exclusive_55_35_24평H,55.35,82.38,24평H,49,KB부동산 단지 시세/평형정보 | https://kbland.kr/map?complex=29234,2026-09-18,,,verified,sale_apartment,
A10027972,exclusive_55_35_24평I,55.35,82.38,24평I,1,KB부동산 단지 시세/평형정보 | https://kbland.kr/map?complex=29234,2026-09-18,,,verified,sale_apartment,
A10027972,exclusive_72_77,72.77,98.77,29평G,62,KB부동산 단지 시세/평형정보 | https://kbland.kr/map?complex=29234,2026-09-18,,,verified,sale_apartment,
A10027972,exclusive_72_2,72.2,99.09,29평F,123,KB부동산 단지 시세/평형정보 | https://kbland.kr/map?complex=29234,2026-09-18,,,verified,sale_apartment,
A10027972,exclusive_79_16,79.16,106.02,32평E,58,KB부동산 단지 시세/평형정보 | https://kbland.kr/map?complex=29234,2026-09-18,,,verified,sale_apartment,
A10027972,exclusive_78_94,78.94,106.22,32평D,110,KB부동산 단지 시세/평형정보 | https://kbland.kr/map?complex=29234,2026-09-18,,,verified,sale_apartment,
A10027972,exclusive_84_98,84.98,112.83,34평C,62,KB부동산 단지 시세/평형정보 | https://kbland.kr/map?complex=29234,2026-09-18,,,verified,sale_apartment,
A10027972,exclusive_84_98_34평,84.98,112.96,34평,56,KB부동산 단지 시세/평형정보 | https://kbland.kr/map?complex=29234,2026-09-18,,,verified,sale_apartment,
A10027972,exclusive_96_79,96.79,126.03,38평,27,KB부동산 단지 시세/평형정보 | https://kbland.kr/map?complex=29234,2026-09-18,,,verified,sale_apartment,
A10027972,exclusive_96_79_38평B,96.79,126.48,38평B,62,KB부동산 단지 시세/평형정보 | https://kbland.kr/map?complex=29234,2026-09-18,,,verified,sale_apartment,
A10027972,exclusive_109_07,109.07,141.6,42평A,27,KB부동산 단지 시세/평형정보 | https://kbland.kr/map?complex=29234,2026-09-18,,,verified,sale_apartment,
A60710004,exclusive_51_86,51.86,66.28,20평,208,KB부동산 단지 시세/평형정보 | https://kbland.kr/map?complex=13826,2026-09-18,,,verified,sale_apartment,
A60710004,exclusive_59_91,59.91,81.56,24평B,116,KB부동산 단지 시세/평형정보 | https://kbland.kr/map?complex=13826,2026-09-18,,,verified,sale_apartment,
A60710004,exclusive_59_98,59.98,81.65,24평A,292,KB부동산 단지 시세/평형정보 | https://kbland.kr/map?complex=13826,2026-09-18,,,verified,sale_apartment,
A60710004,exclusive_74_65,74.65,101.02,30평,284,KB부동산 단지 시세/평형정보 | https://kbland.kr/map?complex=13826,2026-09-18,,,verified,sale_apartment,
A60710004,exclusive_84_92,84.92,114.15,34평,520,KB부동산 단지 시세/평형정보 | https://kbland.kr/map?complex=13826,2026-09-18,,,verified,sale_apartment,
A60777604,exclusive_59_87,59.87,78.15,23평,156,KB부동산 단지 시세/평형정보 | https://kbland.kr/map?complex=5494,2026-09-18,,,verified,sale_apartment,
A60777604,exclusive_77_85,77.85,97.34,29평,158,KB부동산 단지 시세/평형정보 | https://kbland.kr/map?complex=5494,2026-09-18,,,verified,sale_apartment,
A60777604,exclusive_84_83,84.83,104.62,31평,310,KB부동산 단지 시세/평형정보 | https://kbland.kr/map?complex=5494,2026-09-18,,,verified,sale_apartment,
A60777604,exclusive_118_53,118.53,141.53,42평,76,KB부동산 단지 시세/평형정보 | https://kbland.kr/map?complex=5494,2026-09-18,,,verified,sale_apartment,
A60777604,exclusive_141_69,141.69,167.64,50평,38,KB부동산 단지 시세/평형정보 | https://kbland.kr/map?complex=5494,2026-09-18,,,verified,sale_apartment,
A60778502,exclusive_59_69,59.69,82.3,24평,380,KB부동산 단지 시세/평형정보 | https://kbland.kr/map?complex=14533,2026-09-18,,,verified,sale_apartment,
A60778502,exclusive_74_65,74.65,102.15,30평,158,KB부동산 단지 시세/평형정보 | https://kbland.kr/map?complex=14533,2026-09-18,,,verified,sale_apartment,
A60778502,exclusive_84_92,84.92,115.56,34평,276,KB부동산 단지 시세/평형정보 | https://kbland.kr/map?complex=14533,2026-09-18,,,verified,sale_apartment,
A60782701,exclusive_84_95,84.95,103.73,31평,357,KB부동산 단지 시세/평형정보 | https://kbland.kr/map?complex=5485,2026-09-18,,,verified,sale_apartment,
A60782701,exclusive_134_82,134.82,157.16,47평,226,KB부동산 단지 시세/평형정보 | https://kbland.kr/map?complex=5485,2026-09-18,,,verified,sale_apartment,
A60782701,exclusive_146_69,146.69,167.17,50평,60,KB부동산 단지 시세/평형정보 | https://kbland.kr/map?complex=5485,2026-09-18,,,verified,sale_apartment,
A60782701,exclusive_151_55,151.55,172.42,52평,30,KB부동산 단지 시세/평형정보 | https://kbland.kr/map?complex=5485,2026-09-18,,,verified,sale_apartment,
A60782701,exclusive_182_99,182.99,207.29,62평,90,KB부동산 단지 시세/평형정보 | https://kbland.kr/map?complex=5485,2026-09-18,,,verified,sale_apartment,
A60782701,exclusive_187_85,187.85,212.52,64평,30,KB부동산 단지 시세/평형정보 | https://kbland.kr/map?complex=5485,2026-09-18,,,verified,sale_apartment,
A10025662,exclusive_84_82,84.82,113.98,34평A,366,KB부동산 단지 시세/평형정보 | https://kbland.kr/map?complex=31578,2026-09-18,,,verified,sale_apartment,
A10025662,exclusive_84_64,84.64,114.33,34평B,366,KB부동산 단지 시세/평형정보 | https://kbland.kr/map?complex=31578,2026-09-18,,,verified,sale_apartment,
A60775407,exclusive_59_95,59.95,80.23,24평,280,KB부동산 단지 시세/평형정보 | https://kbland.kr/map?complex=5417,2026-09-18,,,verified,sale_apartment,
A60775407,exclusive_84_86,84.86,107.17,32평,132,KB부동산 단지 시세/평형정보 | https://kbland.kr/map?complex=5417,2026-09-18,,,verified,sale_apartment,
A60775407,exclusive_84_98,84.98,107.73,32평,132,KB부동산 단지 시세/평형정보 | https://kbland.kr/map?complex=5417,2026-09-18,,,verified,sale_apartment,
A60775407,exclusive_121_79,121.79,147.52,44평,88,KB부동산 단지 시세/평형정보 | https://kbland.kr/map?complex=5417,2026-09-18,,,verified,sale_apartment,
A60775605,exclusive_40_3,40.3,58.2,17평,60,KB부동산 단지 시세/평형정보 | https://kbland.kr/map?complex=5414,2026-09-18,,,verified,sale_apartment,
A60775605,exclusive_52_44,52.44,76.44,23평,46,KB부동산 단지 시세/평형정보 | https://kbland.kr/map?complex=5414,2026-09-18,,,verified,sale_apartment,
A60775605,exclusive_59_64,59.64,81.4,24평,122,KB부동산 단지 시세/평형정보 | https://kbland.kr/map?complex=5414,2026-09-18,,,verified,sale_apartment,
A60775605,exclusive_84_87,84.87,107.81,32평,177,KB부동산 단지 시세/평형정보 | https://kbland.kr/map?complex=5414,2026-09-18,,,verified,sale_apartment,
A60775605,exclusive_134_88,134.88,162.94,49평,126,KB부동산 단지 시세/평형정보 | https://kbland.kr/map?complex=5414,2026-09-18,,,verified,sale_apartment,
A60776006,exclusive_82_91,82.91,102.97,31평,176,KB부동산 단지 시세/평형정보 | https://kbland.kr/map?complex=5418,2026-09-18,,,verified,sale_apartment,
A60776006,exclusive_96_4,96.4,117.67,35평,176,KB부동산 단지 시세/평형정보 | https://kbland.kr/map?complex=5418,2026-09-18,,,verified,sale_apartment,
A60776006,exclusive_113_39,113.39,136.45,41평,80,KB부동산 단지 시세/평형정보 | https://kbland.kr/map?complex=5418,2026-09-18,,,verified,sale_apartment,
A60776006,exclusive_133_42,133.42,158.69,48평,120,KB부동산 단지 시세/평형정보 | https://kbland.kr/map?complex=5418,2026-09-18,,,verified,sale_apartment,
A60780104,exclusive_59_9,59.9,83.6,25평,367,KB부동산 단지 시세/평형정보 | https://kbland.kr/map?complex=5416,2026-09-18,,,verified,sale_apartment,
A60780104,exclusive_84_83,84.83,105.98,32평,144,KB부동산 단지 시세/평형정보 | https://kbland.kr/map?complex=5416,2026-09-18,,,verified,sale_apartment,
A60780108,exclusive_71_01,71.01,91.9,27평,23,KB부동산 단지 시세/평형정보 | https://kbland.kr/map?complex=15051,2026-09-18,,,verified,sale_apartment,
A60780108,exclusive_76_61,76.61,98.8,29평,46,KB부동산 단지 시세/평형정보 | https://kbland.kr/map?complex=15051,2026-09-18,,,verified,sale_apartment,
A60780108,exclusive_84_95,84.95,109.05,32평,200,KB부동산 단지 시세/평형정보 | https://kbland.kr/map?complex=15051,2026-09-18,,,verified,sale_apartment,
A60780108,exclusive_84_93,84.93,111.02,33평A,74,KB부동산 단지 시세/평형정보 | https://kbland.kr/map?complex=15051,2026-09-18,,,verified,sale_apartment,
A60780108,exclusive_84_98,84.98,112.03,33평B,146,KB부동산 단지 시세/평형정보 | https://kbland.kr/map?complex=15051,2026-09-18,,,verified,sale_apartment,
A60780108,exclusive_105_18,105.18,137.4,41평,220,KB부동산 단지 시세/평형정보 | https://kbland.kr/map?complex=15051,2026-09-18,,,verified,sale_apartment,
A60780108,exclusive_112_17,112.17,143.21,43평,92,KB부동산 단지 시세/평형정보 | https://kbland.kr/map?complex=15051,2026-09-18,,,verified,sale_apartment,
A60780108,exclusive_124_97,124.97,159.48,48평,134,KB부동산 단지 시세/평형정보 | https://kbland.kr/map?complex=15051,2026-09-18,,,verified,sale_apartment,
A60702002,exclusive_84_87,84.87,106.03,32평,332,KB부동산 단지 시세/평형정보 | https://kbland.kr/map?complex=5411,2026-09-18,,,verified,sale_apartment,
A60702002,exclusive_112_37,112.37,132.88,40평,74,KB부동산 단지 시세/평형정보 | https://kbland.kr/map?complex=5411,2026-09-18,,,verified,sale_apartment,
A60702002,exclusive_124_7,124.7,145.33,43평,78,KB부동산 단지 시세/평형정보 | https://kbland.kr/map?complex=5411,2026-09-18,,,verified,sale_apartment,
A60702002,exclusive_134_77,134.77,156.22,47평,78,KB부동산 단지 시세/평형정보 | https://kbland.kr/map?complex=5411,2026-09-18,,,verified,sale_apartment,
A60702002,exclusive_152_71,152.71,176.24,53평,52,KB부동산 단지 시세/평형정보 | https://kbland.kr/map?complex=5411,2026-09-18,,,verified,sale_apartment,
A60702002,exclusive_174_16,174.16,199.27,60평,52,KB부동산 단지 시세/평형정보 | https://kbland.kr/map?complex=5411,2026-09-18,,,verified,sale_apartment,
A60702002,exclusive_201_4,201.4,229.06,69평,52,KB부동산 단지 시세/평형정보 | https://kbland.kr/map?complex=5411,2026-09-18,,,verified,sale_apartment,
A60702002,exclusive_234_08,234.08,267.81,81평,26,KB부동산 단지 시세/평형정보 | https://kbland.kr/map?complex=5411,2026-09-18,,,verified,sale_apartment,
A10023781,exclusive_84_93,84.93,116.56,35평B,373,KB부동산 단지 시세/평형정보 | https://kbland.kr/map?complex=45594,2026-09-18,,,verified,sale_apartment,
A10023781,exclusive_84_96,84.96,117.52,35평A,330,KB부동산 단지 시세/평형정보 | https://kbland.kr/map?complex=45594,2026-09-18,,,verified,sale_apartment,
A10023781,exclusive_109_98,109.98,144.5,43평,163,KB부동산 단지 시세/평형정보 | https://kbland.kr/map?complex=45594,2026-09-18,,,verified,sale_apartment,
A10023781,exclusive_137_32,137.32,187.45,56평B,4,KB부동산 단지 시세/평형정보 | https://kbland.kr/map?complex=45594,2026-09-18,,,verified,sale_apartment,
A10023781,exclusive_137_9,137.9,187.75,56평A,4,KB부동산 단지 시세/평형정보 | https://kbland.kr/map?complex=45594,2026-09-18,,,verified,sale_apartment,
A10025687,exclusive_39_59,39.59,54.58,16평,30,KB부동산 단지 시세/평형정보 | https://kbland.kr/map?complex=34200,2026-09-18,,,verified,sale_apartment,
A10025687,exclusive_45_95,45.95,67.35,20평A,19,KB부동산 단지 시세/평형정보 | https://kbland.kr/map?complex=34200,2026-09-18,,,verified,sale_apartment,
A10025687,exclusive_45_93,45.93,67.52,20평B,26,KB부동산 단지 시세/평형정보 | https://kbland.kr/map?complex=34200,2026-09-18,,,verified,sale_apartment,
A10025687,exclusive_59_94,59.94,81.29,24평A,15,KB부동산 단지 시세/평형정보 | https://kbland.kr/map?complex=34200,2026-09-18,,,verified,sale_apartment,
A10025687,exclusive_59_9,59.9,81.55,24평F,9,KB부동산 단지 시세/평형정보 | https://kbland.kr/map?complex=34200,2026-09-18,,,verified,sale_apartment,
A10025687,exclusive_59_99,59.99,86.97,26평B,63,KB부동산 단지 시세/평형정보 | https://kbland.kr/map?complex=34200,2026-09-18,,,verified,sale_apartment,
A10025687,exclusive_59_88,59.88,87.04,26평C,21,KB부동산 단지 시세/평형정보 | https://kbland.kr/map?complex=34200,2026-09-18,,,verified,sale_apartment,
A10025687,exclusive_59_88_26평D,59.88,87.04,26평D,26,KB부동산 단지 시세/평형정보 | https://kbland.kr/map?complex=34200,2026-09-18,,,verified,sale_apartment,
A10025687,exclusive_59_92,59.92,87.63,26평E,26,KB부동산 단지 시세/평형정보 | https://kbland.kr/map?complex=34200,2026-09-18,,,verified,sale_apartment,
A10025687,exclusive_84_93,84.93,112.8,34평A,235,KB부동산 단지 시세/평형정보 | https://kbland.kr/map?complex=34200,2026-09-18,,,verified,sale_apartment,
A10025687,exclusive_84_96,84.96,112.87,34평B,147,KB부동산 단지 시세/평형정보 | https://kbland.kr/map?complex=34200,2026-09-18,,,verified,sale_apartment,
A10025687,exclusive_84_96_34평C,84.96,112.92,34평C,54,KB부동산 단지 시세/평형정보 | https://kbland.kr/map?complex=34200,2026-09-18,,,verified,sale_apartment,
A10023417,exclusive_74_77,74.77,103.06,31평,94,KB부동산 단지 시세/평형정보 | https://kbland.kr/map?complex=43564,2026-09-18,,,verified,sale_apartment,
A10023417,exclusive_84_88,84.88,116.41,35평A,47,KB부동산 단지 시세/평형정보 | https://kbland.kr/map?complex=43564,2026-09-18,,,verified,sale_apartment,
A10023417,exclusive_84_88_35평B,84.88,116.94,35평B,138,KB부동산 단지 시세/평형정보 | https://kbland.kr/map?complex=43564,2026-09-18,,,verified,sale_apartment,
A10023417,exclusive_84_9,84.9,118.61,35평C,232,KB부동산 단지 시세/평형정보 | https://kbland.kr/map?complex=43564,2026-09-18,,,verified,sale_apartment,
A10023417,exclusive_84_74,84.74,118.84,35평D,92,KB부동산 단지 시세/평형정보 | https://kbland.kr/map?complex=43564,2026-09-18,,,verified,sale_apartment,
A10025463,exclusive_84_47,84.47,116.45,35평C,90,KB부동산 단지 시세/평형정보 | https://kbland.kr/map?complex=30915,2026-09-18,,,verified,sale_apartment,
A10025463,exclusive_84_57,84.57,116.45,35평B,180,KB부동산 단지 시세/평형정보 | https://kbland.kr/map?complex=30915,2026-09-18,,,verified,sale_apartment,
A10025463,exclusive_84_61,84.61,117.02,35평A,222,KB부동산 단지 시세/평형정보 | https://kbland.kr/map?complex=30915,2026-09-18,,,verified,sale_apartment,
A10025463,exclusive_84_37,84.37,118.94,35평D,90,KB부동산 단지 시세/평형정보 | https://kbland.kr/map?complex=30915,2026-09-18,,,verified,sale_apartment,
A10025463,exclusive_105_31,105.31,144.92,43평A,179,KB부동산 단지 시세/평형정보 | https://kbland.kr/map?complex=30915,2026-09-18,,,verified,sale_apartment,
A10025463,exclusive_105_31_43평B,105.31,144.93,43평B,1,KB부동산 단지 시세/평형정보 | https://kbland.kr/map?complex=30915,2026-09-18,,,verified,sale_apartment,
A10026316,exclusive_84_56,84.56,111.7,33평A,58,KB부동산 단지 시세/평형정보 | https://kbland.kr/map?complex=30755,2026-09-18,,,verified,sale_apartment,
A10026316,exclusive_84_91,84.91,111.84,33평D,210,KB부동산 단지 시세/평형정보 | https://kbland.kr/map?complex=30755,2026-09-18,,,verified,sale_apartment,
A10026316,exclusive_84_86,84.86,111.86,33평B,58,KB부동산 단지 시세/평형정보 | https://kbland.kr/map?complex=30755,2026-09-18,,,verified,sale_apartment,
A10026316,exclusive_84_79,84.79,112.34,33평E,54,KB부동산 단지 시세/평형정보 | https://kbland.kr/map?complex=30755,2026-09-18,,,verified,sale_apartment,
A10026316,exclusive_84_67,84.67,112.59,34평C,202,KB부동산 단지 시세/평형정보 | https://kbland.kr/map?complex=30755,2026-09-18,,,verified,sale_apartment,
A60775306,exclusive_84_72,84.72,108.87,32평B,300,KB부동산 단지 시세/평형정보 | https://kbland.kr/map?complex=5434,2026-09-18,,,verified,sale_apartment,
A60775306,exclusive_84_64,84.64,109.48,33평A,300,KB부동산 단지 시세/평형정보 | https://kbland.kr/map?complex=5434,2026-09-18,,,verified,sale_apartment,
A60775306,exclusive_132_49,132.49,154.9,46평A,84,KB부동산 단지 시세/평형정보 | https://kbland.kr/map?complex=5434,2026-09-18,,,verified,sale_apartment,
A60775306,exclusive_132_49_46평B,132.49,155.04,46평B,472,KB부동산 단지 시세/평형정보 | https://kbland.kr/map?complex=5434,2026-09-18,,,verified,sale_apartment,
A60775306,exclusive_163_96,163.96,189.5,57평A,56,KB부동산 단지 시세/평형정보 | https://kbland.kr/map?complex=5434,2026-09-18,,,verified,sale_apartment,
A60775306,exclusive_163_96_57평B,163.96,190.93,57평B,184,KB부동산 단지 시세/평형정보 | https://kbland.kr/map?complex=5434,2026-09-18,,,verified,sale_apartment,
A60775306,exclusive_190_55,190.55,218.4,66평,140,KB부동산 단지 시세/평형정보 | https://kbland.kr/map?complex=5434,2026-09-18,,,verified,sale_apartment,
A60783306,exclusive_84_81,84.81,111.37,33평A,45,KB부동산 단지 시세/평형정보 | https://kbland.kr/map?complex=15340,2026-09-18,,,verified,sale_apartment,
A60783306,exclusive_84_97,84.97,112.96,34평B,94,KB부동산 단지 시세/평형정보 | https://kbland.kr/map?complex=15340,2026-09-18,,,verified,sale_apartment,
A60783306,exclusive_119_3,119.3,154.41,46평B,45,KB부동산 단지 시세/평형정보 | https://kbland.kr/map?complex=15340,2026-09-18,,,verified,sale_apartment,
A60783306,exclusive_119_93,119.93,154.52,46평C,92,KB부동산 단지 시세/평형정보 | https://kbland.kr/map?complex=15340,2026-09-18,,,verified,sale_apartment,
A60783306,exclusive_117_9,117.9,154.62,46평A,94,KB부동산 단지 시세/평형정보 | https://kbland.kr/map?complex=15340,2026-09-18,,,verified,sale_apartment,
A60783306,exclusive_117_77,117.77,157.22,47평,92,KB부동산 단지 시세/평형정보 | https://kbland.kr/map?complex=15340,2026-09-18,,,verified,sale_apartment,
A60783306,exclusive_134_9,134.9,174.56,52평A,45,KB부동산 단지 시세/평형정보 | https://kbland.kr/map?complex=15340,2026-09-18,,,verified,sale_apartment,
A60783306,exclusive_135_81,135.81,175.66,53평B,46,KB부동산 단지 시세/평형정보 | https://kbland.kr/map?complex=15340,2026-09-18,,,verified,sale_apartment,
A60783306,exclusive_136_89,136.89,176.38,53평C,45,KB부동산 단지 시세/평형정보 | https://kbland.kr/map?complex=15340,2026-09-18,,,verified,sale_apartment,
A60783306,exclusive_171_48,171.48,221.0,66평,46,KB부동산 단지 시세/평형정보 | https://kbland.kr/map?complex=15340,2026-09-18,,,verified,sale_apartment,
A60783306,exclusive_196_97,196.97,293.91,88평,2,KB부동산 단지 시세/평형정보 | https://kbland.kr/map?complex=15340,2026-09-18,,,verified,sale_apartment,
A60783306,exclusive_222_89,222.89,329.39,99평A,1,KB부동산 단지 시세/평형정보 | https://kbland.kr/map?complex=15340,2026-09-18,,,verified,sale_apartment,
A60783306,exclusive_223_1,223.1,329.44,99평B,1,KB부동산 단지 시세/평형정보 | https://kbland.kr/map?complex=15340,2026-09-18,,,verified,sale_apartment,
A60784207,exclusive_84_88,84.88,108.66,32평B,263,KB부동산 단지 시세/평형정보 | https://kbland.kr/map?complex=13877,2026-09-18,,,verified,sale_apartment,
A60784207,exclusive_84_88_32평D,84.88,108.99,32평D,28,KB부동산 단지 시세/평형정보 | https://kbland.kr/map?complex=13877,2026-09-18,,,verified,sale_apartment,
A60784207,exclusive_84_95,84.95,111.11,33평C,56,KB부동산 단지 시세/평형정보 | https://kbland.kr/map?complex=13877,2026-09-18,,,verified,sale_apartment,
A60784207,exclusive_84_95_35평A,84.95,117.61,35평A,272,KB부동산 단지 시세/평형정보 | https://kbland.kr/map?complex=13877,2026-09-18,,,verified,sale_apartment,
A60784207,exclusive_101_4,101.4,131.61,39평,232,KB부동산 단지 시세/평형정보 | https://kbland.kr/map?complex=13877,2026-09-18,,,verified,sale_apartment,
A60784207,exclusive_128_53,128.53,154.85,46평T,227,KB부동산 단지 시세/평형정보 | https://kbland.kr/map?complex=13877,2026-09-18,,,verified,sale_apartment,
A60784207,exclusive_128_26,128.26,160.69,48평,56,KB부동산 단지 시세/평형정보 | https://kbland.kr/map?complex=13877,2026-09-18,,,verified,sale_apartment,
A60784207,exclusive_148_45,148.45,190.45,57평,6,KB부동산 단지 시세/평형정보 | https://kbland.kr/map?complex=13877,2026-09-18,,,verified,sale_apartment,
A60784207,exclusive_163_43,163.43,212.12,64평,1,KB부동산 단지 시세/평형정보 | https://kbland.kr/map?complex=13877,2026-09-18,,,verified,sale_apartment,
A60784207,exclusive_182_46,182.46,219.82,66평,8,KB부동산 단지 시세/평형정보 | https://kbland.kr/map?complex=13877,2026-09-18,,,verified,sale_apartment,
A10022591,exclusive_59_9,59.9,78.51,23평,137,KB부동산 단지 시세/평형정보 | https://kbland.kr/map?complex=550539,2026-09-18,,,verified,sale_apartment,
A10022591,exclusive_59_9_23평B,59.9,78.55,23평B,1,KB부동산 단지 시세/평형정보 | https://kbland.kr/map?complex=550539,2026-09-18,,,verified,sale_apartment,
A10022591,exclusive_84_91,84.91,109.02,32평C,183,KB부동산 단지 시세/평형정보 | https://kbland.kr/map?complex=550539,2026-09-18,,,verified,sale_apartment,
A10022591,exclusive_84_89,84.89,109.26,33평B,319,KB부동산 단지 시세/평형정보 | https://kbland.kr/map?complex=550539,2026-09-18,,,verified,sale_apartment,
A10022591,exclusive_84_89_33평A,84.89,111.46,33평A,50,KB부동산 단지 시세/평형정보 | https://kbland.kr/map?complex=550539,2026-09-18,,,verified,sale_apartment,
A10027341,exclusive_54_34,54.34,78.3,23평A-2,64,KB부동산 단지 시세/평형정보 | https://kbland.kr/map?complex=27382,2026-09-18,,,verified,sale_apartment,
A10027341,exclusive_59_99,59.99,86.19,26평A-2,62,KB부동산 단지 시세/평형정보 | https://kbland.kr/map?complex=27382,2026-09-18,,,verified,sale_apartment,
A10027341,exclusive_59_99_26평A-1,59.99,86.55,26평A-1,124,KB부동산 단지 시세/평형정보 | https://kbland.kr/map?complex=27382,2026-09-18,,,verified,sale_apartment,
A10027341,exclusive_73_29,73.29,97.35,29평A-2,12,KB부동산 단지 시세/평형정보 | https://kbland.kr/map?complex=27382,2026-09-18,,,verified,sale_apartment,
A10027341,exclusive_84_99,84.99,110.82,33평B-1,91,KB부동산 단지 시세/평형정보 | https://kbland.kr/map?complex=27382,2026-09-18,,,verified,sale_apartment,
A10027341,exclusive_84_99_33평A-1,84.99,111.01,33평A-1,38,KB부동산 단지 시세/평형정보 | https://kbland.kr/map?complex=27382,2026-09-18,,,verified,sale_apartment,
A10027341,exclusive_84_98,84.98,111.26,33평C-1,19,KB부동산 단지 시세/평형정보 | https://kbland.kr/map?complex=27382,2026-09-18,,,verified,sale_apartment,
A10027341,exclusive_84_9,84.9,111.37,33평C1-1,18,KB부동산 단지 시세/평형정보 | https://kbland.kr/map?complex=27382,2026-09-18,,,verified,sale_apartment,
A10027341,exclusive_84_99_33평B-2,84.99,111.59,33평B-2,212,KB부동산 단지 시세/평형정보 | https://kbland.kr/map?complex=27382,2026-09-18,,,verified,sale_apartment,
A10027341,exclusive_84_99_33평A-2,84.99,111.78,33평A-2,41,KB부동산 단지 시세/평형정보 | https://kbland.kr/map?complex=27382,2026-09-18,,,verified,sale_apartment,
A10027341,exclusive_84_98_33평D-1,84.98,111.83,33평D-1,64,KB부동산 단지 시세/평형정보 | https://kbland.kr/map?complex=27382,2026-09-18,,,verified,sale_apartment,
A10027341,exclusive_84_98_33평C-2,84.98,112.03,33평C-2,95,KB부동산 단지 시세/평형정보 | https://kbland.kr/map?complex=27382,2026-09-18,,,verified,sale_apartment,
A10027341,exclusive_84_9_33평C1-2,84.9,112.14,33평C1-2,92,KB부동산 단지 시세/평형정보 | https://kbland.kr/map?complex=27382,2026-09-18,,,verified,sale_apartment,
A10027341,exclusive_98_58,98.58,127.3,38평A-1,42,KB부동산 단지 시세/평형정보 | https://kbland.kr/map?complex=27382,2026-09-18,,,verified,sale_apartment,
A10027341,exclusive_102_06,102.06,133.76,40평A-2,25,KB부동산 단지 시세/평형정보 | https://kbland.kr/map?complex=27382,2026-09-18,,,verified,sale_apartment,
A60712001,exclusive_49_28,49.28,63.74,19평,20,KB부동산 단지 시세/평형정보 | https://kbland.kr/map?complex=14279,2026-09-18,,,verified,sale_apartment,
A60712001,exclusive_80_43,80.43,104.01,31평,21,KB부동산 단지 시세/평형정보 | https://kbland.kr/map?complex=14279,2026-09-18,,,verified,sale_apartment,
A60712001,exclusive_84_92,84.92,110.95,33평A,114,KB부동산 단지 시세/평형정보 | https://kbland.kr/map?complex=14279,2026-09-18,,,verified,sale_apartment,
A60712001,exclusive_84_92_33평B,84.92,110.95,33평B,20,KB부동산 단지 시세/평형정보 | https://kbland.kr/map?complex=14279,2026-09-18,,,verified,sale_apartment,
A60712001,exclusive_94_62,94.62,122.49,37평,20,KB부동산 단지 시세/평형정보 | https://kbland.kr/map?complex=14279,2026-09-18,,,verified,sale_apartment,
A60712001,exclusive_112_44,112.44,144.03,43평A,170,KB부동산 단지 시세/평형정보 | https://kbland.kr/map?complex=14279,2026-09-18,,,verified,sale_apartment,
A60712001,exclusive_112_44_43평B,112.44,144.71,43평B,40,KB부동산 단지 시세/평형정보 | https://kbland.kr/map?complex=14279,2026-09-18,,,verified,sale_apartment,
A60712001,exclusive_131_57,131.57,163.8,49평,119,KB부동산 단지 시세/평형정보 | https://kbland.kr/map?complex=14279,2026-09-18,,,verified,sale_apartment,
A60712001,exclusive_165_16,165.16,190.16,57평,36,KB부동산 단지 시세/평형정보 | https://kbland.kr/map?complex=14279,2026-09-18,,,verified,sale_apartment,
A60712204,exclusive_59_8,59.8,79.93,24평A,194,KB부동산 단지 시세/평형정보 | https://kbland.kr/map?complex=5474,2026-09-18,,,verified,sale_apartment,
A60712204,exclusive_59_82,59.82,80.08,24평B,80,KB부동산 단지 시세/평형정보 | https://kbland.kr/map?complex=5474,2026-09-18,,,verified,sale_apartment,
A60712204,exclusive_59_98,59.98,80.17,24평C,20,KB부동산 단지 시세/평형정보 | https://kbland.kr/map?complex=5474,2026-09-18,,,verified,sale_apartment,
A60712204,exclusive_84_94,84.94,107.83,32평,254,KB부동산 단지 시세/평형정보 | https://kbland.kr/map?complex=5474,2026-09-18,,,verified,sale_apartment,
A60712204,exclusive_126_65,126.65,152.17,46평,132,KB부동산 단지 시세/평형정보 | https://kbland.kr/map?complex=5474,2026-09-18,,,verified,sale_apartment,
A60712204,exclusive_164_93,164.93,204.92,61평,30,KB부동산 단지 시세/평형정보 | https://kbland.kr/map?complex=5474,2026-09-18,,,verified,sale_apartment,
A60776402,exclusive_84_99,84.99,107.26,32평B,313,KB부동산 단지 시세/평형정보 | https://kbland.kr/map?complex=16124,2026-09-18,,,verified,sale_apartment,
A60776402,exclusive_84_97,84.97,107.99,32평A,149,KB부동산 단지 시세/평형정보 | https://kbland.kr/map?complex=16124,2026-09-18,,,verified,sale_apartment,
A60776402,exclusive_120_42,120.42,151.24,45평,136,KB부동산 단지 시세/평형정보 | https://kbland.kr/map?complex=16124,2026-09-18,,,verified,sale_apartment,
A60776402,exclusive_159_52,159.52,198.32,59평,27,KB부동산 단지 시세/평형정보 | https://kbland.kr/map?complex=16124,2026-09-18,,,verified,sale_apartment,
A60778608,exclusive_59_93,59.93,79.38,24평,518,KB부동산 단지 시세/평형정보 | https://kbland.kr/map?complex=14653,2026-09-18,,,verified,sale_apartment,
A60778608,exclusive_84_96,84.96,105.89,32평,1464,KB부동산 단지 시세/평형정보 | https://kbland.kr/map?complex=14653,2026-09-18,,,verified,sale_apartment,
A60778608,exclusive_119,119.0,139.31,42평,486,KB부동산 단지 시세/평형정보 | https://kbland.kr/map?complex=14653,2026-09-18,,,verified,sale_apartment,
A60778608,exclusive_134_31,134.31,162.78,49평,336,KB부동산 단지 시세/평형정보 | https://kbland.kr/map?complex=14653,2026-09-18,,,verified,sale_apartment,
A60778608,exclusive_154_53,154.53,185.27,56평,143,KB부동산 단지 시세/평형정보 | https://kbland.kr/map?complex=14653,2026-09-18,,,verified,sale_apartment,
A10022847,exclusive_59_89,59.89,80.95,24평A,335,KB부동산 단지 시세/평형정보 | https://kbland.kr/map?complex=1072913,2026-09-18,,,verified,sale_apartment,
A10022847,exclusive_59_93,59.93,81.3,24평B,115,KB부동산 단지 시세/평형정보 | https://kbland.kr/map?complex=1072913,2026-09-18,,,verified,sale_apartment,
A10022847,exclusive_59_85,59.85,81.49,24평C,106,KB부동산 단지 시세/평형정보 | https://kbland.kr/map?complex=1072913,2026-09-18,,,verified,sale_apartment,
A10022847,exclusive_76_59,76.59,101.75,30평,156,KB부동산 단지 시세/평형정보 | https://kbland.kr/map?complex=1072913,2026-09-18,,,verified,sale_apartment,
A10022847,exclusive_84_92,84.92,113.25,34평A,315,KB부동산 단지 시세/평형정보 | https://kbland.kr/map?complex=1072913,2026-09-18,,,verified,sale_apartment,
A10022847,exclusive_84_98,84.98,113.28,34평B,123,KB부동산 단지 시세/평형정보 | https://kbland.kr/map?complex=1072913,2026-09-18,,,verified,sale_apartment,
A10022847,exclusive_100_19,100.19,132.15,39평A,57,KB부동산 단지 시세/평형정보 | https://kbland.kr/map?complex=1072913,2026-09-18,,,verified,sale_apartment,
A10022847,exclusive_100_16,100.16,133.25,40평B,59,KB부동산 단지 시세/평형정보 | https://kbland.kr/map?complex=1072913,2026-09-18,,,verified,sale_apartment,
A10022847,exclusive_114_98,114.98,151.26,45평A,59,KB부동산 단지 시세/평형정보 | https://kbland.kr/map?complex=1072913,2026-09-18,,,verified,sale_apartment,
A10022847,exclusive_114_68,114.68,153.7,46평B,59,KB부동산 단지 시세/평형정보 | https://kbland.kr/map?complex=1072913,2026-09-18,,,verified,sale_apartment,
A10026094,exclusive_59_99,59.99,80.61,24평A,200,KB부동산 단지 시세/평형정보 | https://kbland.kr/map?complex=31369,2026-09-18,,,verified,sale_apartment,
A10026094,exclusive_59_97,59.97,80.84,24평B,26,KB부동산 단지 시세/평형정보 | https://kbland.kr/map?complex=31369,2026-09-18,,,verified,sale_apartment,
A10026094,exclusive_74_29,74.29,98.86,29평,72,KB부동산 단지 시세/평형정보 | https://kbland.kr/map?complex=31369,2026-09-18,,,verified,sale_apartment,
A10026094,exclusive_84_99,84.99,112.28,33평A,425,KB부동산 단지 시세/평형정보 | https://kbland.kr/map?complex=31369,2026-09-18,,,verified,sale_apartment,
A10026094,exclusive_84_96,84.96,113.87,34평B,189,KB부동산 단지 시세/평형정보 | https://kbland.kr/map?complex=31369,2026-09-18,,,verified,sale_apartment,
A10026094,exclusive_99_51,99.51,131.15,39평,46,KB부동산 단지 시세/평형정보 | https://kbland.kr/map?complex=31369,2026-09-18,,,verified,sale_apartment,
A10026094,exclusive_111_97,111.97,147.29,44평,36,KB부동산 단지 시세/평형정보 | https://kbland.kr/map?complex=31369,2026-09-18,,,verified,sale_apartment,
A10026184,exclusive_39_78,39.78,59.39,17평,126,KB부동산 단지 시세/평형정보 | https://kbland.kr/map?complex=31111,2026-09-18,,,verified,sale_apartment,
A10026184,exclusive_59_98,59.98,84.0,25평A,128,KB부동산 단지 시세/평형정보 | https://kbland.kr/map?complex=31111,2026-09-18,,,verified,sale_apartment,
A10026184,exclusive_59_87,59.87,84.25,25평B,134,KB부동산 단지 시세/평형정보 | https://kbland.kr/map?complex=31111,2026-09-18,,,verified,sale_apartment,
A10026184,exclusive_74_95,74.95,98.73,29평,289,KB부동산 단지 시세/평형정보 | https://kbland.kr/map?complex=31111,2026-09-18,,,verified,sale_apartment,
A10026184,exclusive_84_98,84.98,109.16,33평A,513,KB부동산 단지 시세/평형정보 | https://kbland.kr/map?complex=31111,2026-09-18,,,verified,sale_apartment,
A10026184,exclusive_84_92,84.92,111.09,33평B,84,KB부동산 단지 시세/평형정보 | https://kbland.kr/map?complex=31111,2026-09-18,,,verified,sale_apartment,
A10026184,exclusive_84_96,84.96,111.94,33평C,71,KB부동산 단지 시세/평형정보 | https://kbland.kr/map?complex=31111,2026-09-18,,,verified,sale_apartment,
A10026184,exclusive_99_93,99.93,129.63,39평,77,KB부동산 단지 시세/평형정보 | https://kbland.kr/map?complex=31111,2026-09-18,,,verified,sale_apartment,
A10026452,exclusive_39_7,39.7,58.3,17평,138,KB부동산 단지 시세/평형정보 | https://kbland.kr/map?complex=30004,2026-09-18,,,verified,sale_apartment,
A10026452,exclusive_49_31,49.31,74.42,22평,130,KB부동산 단지 시세/평형정보 | https://kbland.kr/map?complex=30004,2026-09-18,,,verified,sale_apartment,
A10026452,exclusive_59_94,59.94,83.93,25평A,295,KB부동산 단지 시세/평형정보 | https://kbland.kr/map?complex=30004,2026-09-18,,,verified,sale_apartment,
A10026452,exclusive_59_99,59.99,84.06,25평C,87,KB부동산 단지 시세/평형정보 | https://kbland.kr/map?complex=30004,2026-09-18,,,verified,sale_apartment,
A10026452,exclusive_59_96,59.96,84.21,25평B,78,KB부동산 단지 시세/평형정보 | https://kbland.kr/map?complex=30004,2026-09-18,,,verified,sale_apartment,
A10026452,exclusive_59_94_25평D,59.94,85.05,25평D,56,KB부동산 단지 시세/평형정보 | https://kbland.kr/map?complex=30004,2026-09-18,,,verified,sale_apartment,
A10026452,exclusive_84_98,84.98,110.1,33평E,92,KB부동산 단지 시세/평형정보 | https://kbland.kr/map?complex=30004,2026-09-18,,,verified,sale_apartment,
A10026452,exclusive_84_98_33평C,84.98,110.14,33평C,511,KB부동산 단지 시세/평형정보 | https://kbland.kr/map?complex=30004,2026-09-18,,,verified,sale_apartment,
A10026452,exclusive_84_95,84.95,111.64,33평F,110,KB부동산 단지 시세/평형정보 | https://kbland.kr/map?complex=30004,2026-09-18,,,verified,sale_apartment,
A10026452,exclusive_84_95_33평D,84.95,112.23,33평D,116,KB부동산 단지 시세/평형정보 | https://kbland.kr/map?complex=30004,2026-09-18,,,verified,sale_apartment,
A10026452,exclusive_84_98_34평B,84.98,113.6,34평B,178,KB부동산 단지 시세/평형정보 | https://kbland.kr/map?complex=30004,2026-09-18,,,verified,sale_apartment,
A10026452,exclusive_84_95_34평A,84.95,113.79,34평A,627,KB부동산 단지 시세/평형정보 | https://kbland.kr/map?complex=30004,2026-09-18,,,verified,sale_apartment,
A10026452,exclusive_100_95,100.95,130.63,39평B,465,KB부동산 단지 시세/평형정보 | https://kbland.kr/map?complex=30004,2026-09-18,,,verified,sale_apartment,
A10026452,exclusive_100_99,100.99,131.62,39평A,30,KB부동산 단지 시세/평형정보 | https://kbland.kr/map?complex=30004,2026-09-18,,,verified,sale_apartment,
A10026452,exclusive_121_97,121.97,153.21,46평A,108,KB부동산 단지 시세/평형정보 | https://kbland.kr/map?complex=30004,2026-09-18,,,verified,sale_apartment,
A10026452,exclusive_121_97_46평B,121.97,154.72,46평B,128,KB부동산 단지 시세/평형정보 | https://kbland.kr/map?complex=30004,2026-09-18,,,verified,sale_apartment,
A60874408,exclusive_29_24,29.24,43.53,13평A,228,KB부동산 단지 시세/평형정보 | https://kbland.kr/map?complex=13192,2026-09-18,,,verified,sale_apartment,
A60874408,exclusive_29_24_13평B,29.24,43.53,13평B,60,KB부동산 단지 시세/평형정보 | https://kbland.kr/map?complex=13192,2026-09-18,,,verified,sale_apartment,
A60874408,exclusive_44_45,44.45,65.14,19평,6,KB부동산 단지 시세/평형정보 | https://kbland.kr/map?complex=13192,2026-09-18,,,verified,sale_apartment,
A60874408,exclusive_73_13,73.13,93.18,28평,98,KB부동산 단지 시세/평형정보 | https://kbland.kr/map?complex=13192,2026-09-18,,,verified,sale_apartment,
A60874408,exclusive_84_96,84.96,107.89,32평,100,KB부동산 단지 시세/평형정보 | https://kbland.kr/map?complex=13192,2026-09-18,,,verified,sale_apartment,
A60874408,exclusive_112_04,112.04,140.56,42평,19,KB부동산 단지 시세/평형정보 | https://kbland.kr/map?complex=13192,2026-09-18,,,verified,sale_apartment,
A60874408,exclusive_129_2,129.2,160.77,48평,125,KB부동산 단지 시세/평형정보 | https://kbland.kr/map?complex=13192,2026-09-18,,,verified,sale_apartment,
A60874408,exclusive_147_59,147.59,182.4,55평,19,KB부동산 단지 시세/평형정보 | https://kbland.kr/map?complex=13192,2026-09-18,,,verified,sale_apartment,
A60874408,exclusive_160_33,160.33,198.86,60평,19,KB부동산 단지 시세/평형정보 | https://kbland.kr/map?complex=13192,2026-09-18,,,verified,sale_apartment,
A60874408,exclusive_198_1,198.1,250.48,75평,1,KB부동산 단지 시세/평형정보 | https://kbland.kr/map?complex=13192,2026-09-18,,,verified,sale_apartment,
A60874408,exclusive_221_09,221.09,276.35,83평A,1,KB부동산 단지 시세/평형정보 | https://kbland.kr/map?complex=13192,2026-09-18,,,verified,sale_apartment,
A60874408,exclusive_221_38,221.38,277.24,83평B,1,KB부동산 단지 시세/평형정보 | https://kbland.kr/map?complex=13192,2026-09-18,,,verified,sale_apartment,
A60874408,exclusive_262_42,262.42,328.46,99평,1,KB부동산 단지 시세/평형정보 | https://kbland.kr/map?complex=13192,2026-09-18,,,verified,sale_apartment,
A60875509,exclusive_59_99,59.99,83.75,25평,263,KB부동산 단지 시세/평형정보 | https://kbland.kr/map?complex=5324,2026-09-18,,,verified,sale_apartment,
A60875509,exclusive_84_95,84.95,101.28,30평,286,KB부동산 단지 시세/평형정보 | https://kbland.kr/map?complex=5324,2026-09-18,,,verified,sale_apartment,
A60875509,exclusive_134_78,134.78,151.3,45평,142,KB부동산 단지 시세/평형정보 | https://kbland.kr/map?complex=5324,2026-09-18,,,verified,sale_apartment,
A60877710,exclusive_59_86,59.86,77.46,23평A,130,KB부동산 단지 시세/평형정보 | https://kbland.kr/map?complex=5328,2026-09-18,,,verified,sale_apartment,
A60877710,exclusive_59_99,59.99,77.6,23평B,160,KB부동산 단지 시세/평형정보 | https://kbland.kr/map?complex=5328,2026-09-18,,,verified,sale_apartment,
A60877710,exclusive_84_98,84.98,104.01,31평,289,KB부동산 단지 시세/평형정보 | https://kbland.kr/map?complex=5328,2026-09-18,,,verified,sale_apartment,
A60877710,exclusive_134_98,134.98,158.28,47평,96,KB부동산 단지 시세/평형정보 | https://kbland.kr/map?complex=5328,2026-09-18,,,verified,sale_apartment,
A60877710,exclusive_164_34,164.34,198.28,59평,50,KB부동산 단지 시세/평형정보 | https://kbland.kr/map?complex=5328,2026-09-18,,,verified,sale_apartment,
A60877907,exclusive_59_8,59.8,76.04,23평,108,KB부동산 단지 시세/평형정보 | https://kbland.kr/map?complex=5329,2026-09-18,,,verified,sale_apartment,
A60877907,exclusive_59_99,59.99,78.34,23평,80,KB부동산 단지 시세/평형정보 | https://kbland.kr/map?complex=5329,2026-09-18,,,verified,sale_apartment,
A60877907,exclusive_84_99,84.99,104.65,31평,80,KB부동산 단지 시세/평형정보 | https://kbland.kr/map?complex=5329,2026-09-18,,,verified,sale_apartment,
A60877907,exclusive_84_91,84.91,107.79,32평,160,KB부동산 단지 시세/평형정보 | https://kbland.kr/map?complex=5329,2026-09-18,,,verified,sale_apartment,
A60877907,exclusive_140_14,140.14,169.3,51평,100,KB부동산 단지 시세/평형정보 | https://kbland.kr/map?complex=5329,2026-09-18,,,verified,sale_apartment,
A60877907,exclusive_201_94,201.94,238.92,72평,76,KB부동산 단지 시세/평형정보 | https://kbland.kr/map?complex=5329,2026-09-18,,,verified,sale_apartment,
A10023436,exclusive_39_95,39.95,60.12,18평,87,KB부동산 단지 시세/평형정보 | https://kbland.kr/map?complex=47451,2026-09-18,,,verified,sale_apartment,
A10023436,exclusive_59_97,59.97,85.46,25평A,768,KB부동산 단지 시세/평형정보 | https://kbland.kr/map?complex=47451,2026-09-18,,,verified,sale_apartment,
A10023436,exclusive_59_74,59.74,85.77,25평B,225,KB부동산 단지 시세/평형정보 | https://kbland.kr/map?complex=47451,2026-09-18,,,verified,sale_apartment,
A10023436,exclusive_73_9,73.9,101.55,30평A,132,KB부동산 단지 시세/평형정보 | https://kbland.kr/map?complex=47451,2026-09-18,,,verified,sale_apartment,
A10023436,exclusive_73_86,73.86,102.48,31평C,68,KB부동산 단지 시세/평형정보 | https://kbland.kr/map?complex=47451,2026-09-18,,,verified,sale_apartment,
A10023436,exclusive_73_86_31평B,73.86,102.85,31평B,136,KB부동산 단지 시세/평형정보 | https://kbland.kr/map?complex=47451,2026-09-18,,,verified,sale_apartment,
A10023436,exclusive_84_99,84.99,112.61,34평A,126,KB부동산 단지 시세/평형정보 | https://kbland.kr/map?complex=47451,2026-09-18,,,verified,sale_apartment,
A10023436,exclusive_84_72,84.72,112.67,34평C,123,KB부동산 단지 시세/평형정보 | https://kbland.kr/map?complex=47451,2026-09-18,,,verified,sale_apartment,
A10023436,exclusive_84_94,84.94,113.06,34평B,60,KB부동산 단지 시세/평형정보 | https://kbland.kr/map?complex=47451,2026-09-18,,,verified,sale_apartment,
A60809002,exclusive_84_9,84.9,115.01,34평,116,KB부동산 단지 시세/평형정보 | https://kbland.kr/map?complex=15459,2026-09-18,,,verified,sale_apartment,
A60809002,exclusive_84_88,84.88,128.77,38평B,87,KB부동산 단지 시세/평형정보 | https://kbland.kr/map?complex=15459,2026-09-18,,,verified,sale_apartment,
A60809002,exclusive_84_78,84.78,128.83,38평A,87,KB부동산 단지 시세/평형정보 | https://kbland.kr/map?complex=15459,2026-09-18,,,verified,sale_apartment,
A60809002,exclusive_130_17,130.17,165.18,49평,403,KB부동산 단지 시세/평형정보 | https://kbland.kr/map?complex=15459,2026-09-18,,,verified,sale_apartment,
A60809002,exclusive_151_27,151.27,185.41,56평,228,KB부동산 단지 시세/평형정보 | https://kbland.kr/map?complex=15459,2026-09-18,,,verified,sale_apartment,
A60809002,exclusive_171_5,171.5,210.38,63평,228,KB부동산 단지 시세/평형정보 | https://kbland.kr/map?complex=15459,2026-09-18,,,verified,sale_apartment,
A60876301,exclusive_59_96,59.96,77.59,23평,185,KB부동산 단지 시세/평형정보 | https://kbland.kr/map?complex=5385,2026-09-18,,,verified,sale_apartment,
A60876301,exclusive_84_93,84.93,103.28,31평,89,KB부동산 단지 시세/평형정보 | https://kbland.kr/map?complex=5385,2026-09-18,,,verified,sale_apartment,
A60876301,exclusive_84_99,84.99,104.88,31평,194,KB부동산 단지 시세/평형정보 | https://kbland.kr/map?complex=5385,2026-09-18,,,verified,sale_apartment,
A60876301,exclusive_110_6,110.6,130.83,39평,50,KB부동산 단지 시세/평형정보 | https://kbland.kr/map?complex=5385,2026-09-18,,,verified,sale_apartment,
A60876402,exclusive_52_29,52.29,69.97,21평,229,KB부동산 단지 시세/평형정보 | https://kbland.kr/map?complex=5384,2026-09-18,,,verified,sale_apartment,
A60876402,exclusive_59_62,59.62,80.12,24평,231,KB부동산 단지 시세/평형정보 | https://kbland.kr/map?complex=5384,2026-09-18,,,verified,sale_apartment,
A60876402,exclusive_72_43,72.43,92.34,27평,142,KB부동산 단지 시세/평형정보 | https://kbland.kr/map?complex=5384,2026-09-18,,,verified,sale_apartment,
A60876402,exclusive_84_99,84.99,105.79,32평,46,KB부동산 단지 시세/평형정보 | https://kbland.kr/map?complex=5384,2026-09-18,,,verified,sale_apartment,
A61202008,exclusive_59_99,59.99,81.06,24평B,82,KB부동산 단지 시세/평형정보 | https://kbland.kr/map?complex=25692,2026-09-18,,,verified,sale_apartment,
A61202008,exclusive_59_99_24평C,59.99,81.51,24평C,23,KB부동산 단지 시세/평형정보 | https://kbland.kr/map?complex=25692,2026-09-18,,,verified,sale_apartment,
A61202008,exclusive_59_96,59.96,81.66,24평A,258,KB부동산 단지 시세/평형정보 | https://kbland.kr/map?complex=25692,2026-09-18,,,verified,sale_apartment,
A61202008,exclusive_74_93,74.93,101.31,30평B,72,KB부동산 단지 시세/평형정보 | https://kbland.kr/map?complex=25692,2026-09-18,,,verified,sale_apartment,
A61202008,exclusive_74_99,74.99,101.38,30평A,56,KB부동산 단지 시세/평형정보 | https://kbland.kr/map?complex=25692,2026-09-18,,,verified,sale_apartment,
A61202008,exclusive_84_99,84.99,114.21,34평A,71,KB부동산 단지 시세/평형정보 | https://kbland.kr/map?complex=25692,2026-09-18,,,verified,sale_apartment,
A61202008,exclusive_84_86,84.86,114.38,34평C,65,KB부동산 단지 시세/평형정보 | https://kbland.kr/map?complex=25692,2026-09-18,,,verified,sale_apartment,
A61202008,exclusive_84_99_34평B,84.99,114.51,34평B,146,KB부동산 단지 시세/평형정보 | https://kbland.kr/map?complex=25692,2026-09-18,,,verified,sale_apartment,
A60883003,exclusive_84_65,84.65,111.33,33평,474,KB부동산 단지 시세/평형정보 | https://kbland.kr/map?complex=14864,2026-09-18,,,verified,sale_apartment,
A60883003,exclusive_84_65_33평A,84.65,111.48,33평A,112,KB부동산 단지 시세/평형정보 | https://kbland.kr/map?complex=14864,2026-09-18,,,verified,sale_apartment,
A60883003,exclusive_126_13,126.13,154.39,46평,104,KB부동산 단지 시세/평형정보 | https://kbland.kr/map?complex=14864,2026-09-18,,,verified,sale_apartment,
A60883003,exclusive_153_97,153.97,186.72,56평,22,KB부동산 단지 시세/평형정보 | https://kbland.kr/map?complex=14864,2026-09-18,,,verified,sale_apartment,
A10020004,exclusive_36_2,36.2,74.45,22평A,8,KB부동산 단지 시세/평형정보 | https://kbland.kr/map?complex=961704,2026-09-18,,,verified,sale_apartment,
A10020004,exclusive_36_2_22평B,36.2,74.49,22평B,4,KB부동산 단지 시세/평형정보 | https://kbland.kr/map?complex=961704,2026-09-18,,,verified,sale_apartment,
A10020004,exclusive_59_96,59.96,83.57,25평A,518,KB부동산 단지 시세/평형정보 | https://kbland.kr/map?complex=961704,2026-09-18,,,verified,sale_apartment,
A10020004,exclusive_59_96_25평B,59.96,83.9,25평B,91,KB부동산 단지 시세/평형정보 | https://kbland.kr/map?complex=961704,2026-09-18,,,verified,sale_apartment,
A10020004,exclusive_84_95,84.95,115.65,34평,94,KB부동산 단지 시세/평형정보 | https://kbland.kr/map?complex=961704,2026-09-18,,,verified,sale_apartment,
A10023533,exclusive_59_95,59.95,79.65,24평A,185,KB부동산 단지 시세/평형정보 | https://kbland.kr/map?complex=45612,2026-09-18,,,verified,sale_apartment,
A10023533,exclusive_59_51,59.51,79.9,24평B,79,KB부동산 단지 시세/평형정보 | https://kbland.kr/map?complex=45612,2026-09-18,,,verified,sale_apartment,
A10023533,exclusive_72_94,72.94,96.44,29평B,19,KB부동산 단지 시세/평형정보 | https://kbland.kr/map?complex=45612,2026-09-18,,,verified,sale_apartment,
A10023533,exclusive_72_97,72.97,96.54,29평A,97,KB부동산 단지 시세/평형정보 | https://kbland.kr/map?complex=45612,2026-09-18,,,verified,sale_apartment,
A10023533,exclusive_74_94,74.94,99.45,30평A,106,KB부동산 단지 시세/평형정보 | https://kbland.kr/map?complex=45612,2026-09-18,,,verified,sale_apartment,
A10023533,exclusive_74_97,74.97,100.3,30평B,131,KB부동산 단지 시세/평형정보 | https://kbland.kr/map?complex=45612,2026-09-18,,,verified,sale_apartment,
A10023533,exclusive_74_9,74.9,104.6,31평E,8,KB부동산 단지 시세/평형정보 | https://kbland.kr/map?complex=45612,2026-09-18,,,verified,sale_apartment,
A10023533,exclusive_74_85,74.85,104.64,31평F,8,KB부동산 단지 시세/평형정보 | https://kbland.kr/map?complex=45612,2026-09-18,,,verified,sale_apartment,
A10023533,exclusive_74_85_31평C,74.85,104.64,31평C,21,KB부동산 단지 시세/평형정보 | https://kbland.kr/map?complex=45612,2026-09-18,,,verified,sale_apartment,
A10023533,exclusive_74_85_31평D,74.85,104.64,31평D,8,KB부동산 단지 시세/평형정보 | https://kbland.kr/map?complex=45612,2026-09-18,,,verified,sale_apartment,
A10023872,exclusive_59_9,59.9,80.94,24평A,97,KB부동산 단지 시세/평형정보 | https://kbland.kr/map?complex=43588,2026-09-18,,,verified,sale_apartment,
A10023872,exclusive_59_8,59.8,81.51,24평B,72,KB부동산 단지 시세/평형정보 | https://kbland.kr/map?complex=43588,2026-09-18,,,verified,sale_apartment,
A10023872,exclusive_84_99,84.99,112.91,34평C,22,KB부동산 단지 시세/평형정보 | https://kbland.kr/map?complex=43588,2026-09-18,,,verified,sale_apartment,
A10023872,exclusive_84_86,84.86,114.22,34평B,68,KB부동산 단지 시세/평형정보 | https://kbland.kr/map?complex=43588,2026-09-18,,,verified,sale_apartment,
A10023872,exclusive_84_96,84.96,114.31,34평A,301,KB부동산 단지 시세/평형정보 | https://kbland.kr/map?complex=43588,2026-09-18,,,verified,sale_apartment,
A10025508,exclusive_33_68,33.68,60.07,18평D,76,KB부동산 단지 시세/평형정보 | https://kbland.kr/map?complex=33363,2026-09-18,,,verified,sale_apartment,
A10025508,exclusive_59_98,59.98,82.09,24평A1,118,KB부동산 단지 시세/평형정보 | https://kbland.kr/map?complex=33363,2026-09-18,,,verified,sale_apartment,
A10025508,exclusive_59_95,59.95,82.25,24평A,297,KB부동산 단지 시세/평형정보 | https://kbland.kr/map?complex=33363,2026-09-18,,,verified,sale_apartment,
A10025508,exclusive_84_69,84.69,115.56,34평B,222,KB부동산 단지 시세/평형정보 | https://kbland.kr/map?complex=33363,2026-09-18,,,verified,sale_apartment,
A10025508,exclusive_84_77,84.77,115.67,34평C,30,KB부동산 단지 시세/평형정보 | https://kbland.kr/map?complex=33363,2026-09-18,,,verified,sale_apartment,
A60804003,exclusive_59_92,59.92,80.0,24평,295,KB부동산 단지 시세/평형정보 | https://kbland.kr/map?complex=5337,2026-09-18,,,verified,sale_apartment,
A60804003,exclusive_84_85,84.85,110.37,33평,333,KB부동산 단지 시세/평형정보 | https://kbland.kr/map?complex=5337,2026-09-18,,,verified,sale_apartment,
A60804003,exclusive_114_99,114.99,139.29,42평,50,KB부동산 단지 시세/평형정보 | https://kbland.kr/map?complex=5337,2026-09-18,,,verified,sale_apartment,
A60804003,exclusive_149_98,149.98,184.75,55평,188,KB부동산 단지 시세/평형정보 | https://kbland.kr/map?complex=5337,2026-09-18,,,verified,sale_apartment,
A60804003,exclusive_197_92,197.92,231.58,70평,50,KB부동산 단지 시세/평형정보 | https://kbland.kr/map?complex=5337,2026-09-18,,,verified,sale_apartment,
A60872101,exclusive_42_09,42.09,55.21,16평A,29,KB부동산 단지 시세/평형정보 | https://kbland.kr/map?complex=5338,2026-09-18,,,verified,sale_apartment,
A60872101,exclusive_42_49,42.49,55.74,16평B,29,KB부동산 단지 시세/평형정보 | https://kbland.kr/map?complex=5338,2026-09-18,,,verified,sale_apartment,
A60872101,exclusive_50_71,50.71,66.52,20평,104,KB부동산 단지 시세/평형정보 | https://kbland.kr/map?complex=5338,2026-09-18,,,verified,sale_apartment,
A60872101,exclusive_59,59.0,77.51,23평,1,KB부동산 단지 시세/평형정보 | https://kbland.kr/map?complex=5338,2026-09-18,,,verified,sale_apartment,
A60872101,exclusive_59_4,59.4,77.91,23평A,115,KB부동산 단지 시세/평형정보 | https://kbland.kr/map?complex=5338,2026-09-18,,,verified,sale_apartment,
A60872101,exclusive_59_63,59.63,78.22,23평B,29,KB부동산 단지 시세/평형정보 | https://kbland.kr/map?complex=5338,2026-09-18,,,verified,sale_apartment,
A60872101,exclusive_59_67,59.67,78.28,23평C,24,KB부동산 단지 시세/평형정보 | https://kbland.kr/map?complex=5338,2026-09-18,,,verified,sale_apartment,
A60872101,exclusive_75_91,75.91,99.58,30평,3,KB부동산 단지 시세/평형정보 | https://kbland.kr/map?complex=5338,2026-09-18,,,verified,sale_apartment,
A60872101,exclusive_84_76,84.76,111.19,33평A,29,KB부동산 단지 시세/평형정보 | https://kbland.kr/map?complex=5338,2026-09-18,,,verified,sale_apartment,
A60872101,exclusive_84_91,84.91,111.38,33평B,58,KB부동산 단지 시세/평형정보 | https://kbland.kr/map?complex=5338,2026-09-18,,,verified,sale_apartment,
A60872101,exclusive_92_7,92.7,121.6,36평,3,KB부동산 단지 시세/평형정보 | https://kbland.kr/map?complex=5338,2026-09-18,,,verified,sale_apartment,
A60872101,exclusive_106_79,106.79,140.09,42평,45,KB부동산 단지 시세/평형정보 | https://kbland.kr/map?complex=5338,2026-09-18,,,verified,sale_apartment,
A60872101,exclusive_130_11,130.11,170.68,51평,26,KB부동산 단지 시세/평형정보 | https://kbland.kr/map?complex=5338,2026-09-18,,,verified,sale_apartment,
A60872101,exclusive_133_83,133.83,175.56,53평,26,KB부동산 단지 시세/평형정보 | https://kbland.kr/map?complex=5338,2026-09-18,,,verified,sale_apartment,
A60877107,exclusive_59_96,59.96,79.77,24평A,150,KB부동산 단지 시세/평형정보 | https://kbland.kr/map?complex=5354,2026-09-18,,,verified,sale_apartment,
A60877107,exclusive_59_96_24평B,59.96,79.77,24평B,125,KB부동산 단지 시세/평형정보 | https://kbland.kr/map?complex=5354,2026-09-18,,,verified,sale_apartment,
A60877107,exclusive_84_87,84.87,105.85,32평,290,KB부동산 단지 시세/평형정보 | https://kbland.kr/map?complex=5354,2026-09-18,,,verified,sale_apartment,
A60877107,exclusive_116_85,116.85,140.99,42평,96,KB부동산 단지 시세/평형정보 | https://kbland.kr/map?complex=5354,2026-09-18,,,verified,sale_apartment,
A60875305,exclusive_59_92,59.92,78.02,23평,693,KB부동산 단지 시세/평형정보 | https://kbland.kr/map?complex=5357,2026-09-18,,,verified,sale_apartment,
A60875305,exclusive_72_36,72.36,90.93,27평,96,KB부동산 단지 시세/평형정보 | https://kbland.kr/map?complex=5357,2026-09-18,,,verified,sale_apartment,
A60875305,exclusive_84_99,84.99,104.49,31평,96,KB부동산 단지 시세/평형정보 | https://kbland.kr/map?complex=5357,2026-09-18,,,verified,sale_apartment,
A60880104,exclusive_59_99,59.99,84.26,25평,268,KB부동산 단지 시세/평형정보 | https://kbland.kr/map?complex=13601,2026-09-18,,,verified,sale_apartment,
A60880104,exclusive_59_91,59.91,84.8,25평,70,KB부동산 단지 시세/평형정보 | https://kbland.kr/map?complex=13601,2026-09-18,,,verified,sale_apartment,
A60880104,exclusive_74_07,74.07,96.84,29평,76,KB부동산 단지 시세/평형정보 | https://kbland.kr/map?complex=13601,2026-09-18,,,verified,sale_apartment,
A60880104,exclusive_80_16,80.16,103.07,31평,50,KB부동산 단지 시세/평형정보 | https://kbland.kr/map?complex=13601,2026-09-18,,,verified,sale_apartment,
A60880104,exclusive_84_97,84.97,116.45,35평,84,KB부동산 단지 시세/평형정보 | https://kbland.kr/map?complex=13601,2026-09-18,,,verified,sale_apartment,
A61674912,exclusive_59_77,59.77,82.58,24평,441,KB부동산 단지 시세/평형정보 | https://kbland.kr/map?complex=13527,2026-09-18,,,verified,sale_apartment,
A61674912,exclusive_76_72,76.72,104.97,31평,453,KB부동산 단지 시세/평형정보 | https://kbland.kr/map?complex=13527,2026-09-18,,,verified,sale_apartment,
A61674912,exclusive_84_68,84.68,115.51,34평,87,KB부동산 단지 시세/평형정보 | https://kbland.kr/map?complex=13527,2026-09-18,,,verified,sale_apartment,
A61676006,exclusive_85_99,85.99,106.81,32평,380,KB부동산 단지 시세/평형정보 | https://kbland.kr/map?complex=5667,2026-09-18,,,verified,sale_apartment,
A61676006,exclusive_99_99,99.99,121.65,36평,76,KB부동산 단지 시세/평형정보 | https://kbland.kr/map?complex=5667,2026-09-18,,,verified,sale_apartment,
A61676006,exclusive_125_77,125.77,148.74,44평,76,KB부동산 단지 시세/평형정보 | https://kbland.kr/map?complex=5667,2026-09-18,,,verified,sale_apartment,
A61676316,exclusive_41_85,41.85,57.11,17평,836,KB부동산 단지 시세/평형정보 | https://kbland.kr/map?complex=5665,2026-09-18,,,verified,sale_apartment,
A61676316,exclusive_42_66,42.66,58.91,17평,54,KB부동산 단지 시세/평형정보 | https://kbland.kr/map?complex=5665,2026-09-18,,,verified,sale_apartment,
A61676316,exclusive_49_77,49.77,67.92,20평,240,KB부동산 단지 시세/평형정보 | https://kbland.kr/map?complex=5665,2026-09-18,,,verified,sale_apartment,
A61676316,exclusive_58_65,58.65,80.74,24평,174,KB부동산 단지 시세/평형정보 | https://kbland.kr/map?complex=5665,2026-09-18,,,verified,sale_apartment,
A61676316,exclusive_59_97,59.97,82.56,24평,180,KB부동산 단지 시세/평형정보 | https://kbland.kr/map?complex=5665,2026-09-18,,,verified,sale_apartment,
A61676509,exclusive_41_85,41.85,57.11,17평,236,KB부동산 단지 시세/평형정보 | https://kbland.kr/map?complex=5668,2026-09-18,,,verified,sale_apartment,
A61676509,exclusive_42_75,42.75,62.72,18평,357,KB부동산 단지 시세/평형정보 | https://kbland.kr/map?complex=5668,2026-09-18,,,verified,sale_apartment,
A61676509,exclusive_49_77,49.77,67.92,20평,120,KB부동산 단지 시세/평형정보 | https://kbland.kr/map?complex=5668,2026-09-18,,,verified,sale_apartment,
A61676605,exclusive_48_89,48.89,67.85,20평A,111,KB부동산 단지 시세/평형정보 | https://kbland.kr/map?complex=5669,2026-09-18,,,verified,sale_apartment,
A61676605,exclusive_49_32,49.32,68.11,20평B,141,KB부동산 단지 시세/평형정보 | https://kbland.kr/map?complex=5669,2026-09-18,,,verified,sale_apartment,
A61676605,exclusive_49_32_20평D,49.32,68.13,20평D,141,KB부동산 단지 시세/평형정보 | https://kbland.kr/map?complex=5669,2026-09-18,,,verified,sale_apartment,
A61676605,exclusive_48_89_20평C,48.89,68.22,20평C,111,KB부동산 단지 시세/평형정보 | https://kbland.kr/map?complex=5669,2026-09-18,,,verified,sale_apartment,
A61677013,exclusive_59_79,59.79,86.92,26평A,234,KB부동산 단지 시세/평형정보 | https://kbland.kr/map?complex=5659,2026-09-18,,,verified,sale_apartment,
A61677013,exclusive_59_7,59.7,87.9,26평B,80,KB부동산 단지 시세/평형정보 | https://kbland.kr/map?complex=5659,2026-09-18,,,verified,sale_apartment,
A61677013,exclusive_83_5,83.5,112.5,34평,640,KB부동산 단지 시세/평형정보 | https://kbland.kr/map?complex=5659,2026-09-18,,,verified,sale_apartment,
A61677013,exclusive_84_76,84.76,118.95,35평,72,KB부동산 단지 시세/평형정보 | https://kbland.kr/map?complex=5659,2026-09-18,,,verified,sale_apartment,
A61681107,exclusive_68_12,68.12,86.84,26평,576,KB부동산 단지 시세/평형정보 | https://kbland.kr/map?complex=5666,2026-09-18,,,verified,sale_apartment,
A61684110,exclusive_59_89,59.89,80.35,24평B,70,KB부동산 단지 시세/평형정보 | https://kbland.kr/map?complex=12107,2026-09-18,,,verified,sale_apartment,
A61684110,exclusive_59_79,59.79,81.42,24평A,144,KB부동산 단지 시세/평형정보 | https://kbland.kr/map?complex=12107,2026-09-18,,,verified,sale_apartment,
A61684110,exclusive_82_63,82.63,104.06,31평,316,KB부동산 단지 시세/평형정보 | https://kbland.kr/map?complex=12107,2026-09-18,,,verified,sale_apartment,
A61684110,exclusive_83_11,83.11,109.53,33평B,1,KB부동산 단지 시세/평형정보 | https://kbland.kr/map?complex=12107,2026-09-18,,,verified,sale_apartment,
A61684110,exclusive_83_11_33평A,83.11,109.79,33평A,191,KB부동산 단지 시세/평형정보 | https://kbland.kr/map?complex=12107,2026-09-18,,,verified,sale_apartment,
A61612010,exclusive_59_93,59.93,80.67,24평,212,KB부동산 단지 시세/평형정보 | https://kbland.kr/map?complex=5650,2026-09-18,,,verified,sale_apartment,
A61612010,exclusive_84_99,84.99,108.56,32평,294,KB부동산 단지 시세/평형정보 | https://kbland.kr/map?complex=5650,2026-09-18,,,verified,sale_apartment,
A61612010,exclusive_99_91,99.91,124.02,37평,119,KB부동산 단지 시세/평형정보 | https://kbland.kr/map?complex=5650,2026-09-18,,,verified,sale_apartment,
A61612010,exclusive_119_34,119.34,142.42,43평,40,KB부동산 단지 시세/평형정보 | https://kbland.kr/map?complex=5650,2026-09-18,,,verified,sale_apartment,
A61612010,exclusive_134_94,134.94,158.78,48평,78,KB부동산 단지 시세/평형정보 | https://kbland.kr/map?complex=5650,2026-09-18,,,verified,sale_apartment,
A61612017,exclusive_59_89,59.89,79.43,24평,553,KB부동산 단지 시세/평형정보 | https://kbland.kr/map?complex=12816,2026-09-18,,,verified,sale_apartment,
A61612017,exclusive_84_97,84.97,106.74,32평B,69,KB부동산 단지 시세/평형정보 | https://kbland.kr/map?complex=12816,2026-09-18,,,verified,sale_apartment,
A61612017,exclusive_84_97_32평A,84.97,107.17,32평A,645,KB부동산 단지 시세/평형정보 | https://kbland.kr/map?complex=12816,2026-09-18,,,verified,sale_apartment,
A61612017,exclusive_84_92,84.92,107.2,32평C,68,KB부동산 단지 시세/평형정보 | https://kbland.kr/map?complex=12816,2026-09-18,,,verified,sale_apartment,
A61612017,exclusive_133_53,133.53,155.37,47평C,50,KB부동산 단지 시세/평형정보 | https://kbland.kr/map?complex=12816,2026-09-18,,,verified,sale_apartment,
A61612017,exclusive_128_32,128.32,156.01,47평B,172,KB부동산 단지 시세/평형정보 | https://kbland.kr/map?complex=12816,2026-09-18,,,verified,sale_apartment,
A61612017,exclusive_131_07,131.07,157.42,47평A,338,KB부동산 단지 시세/평형정보 | https://kbland.kr/map?complex=12816,2026-09-18,,,verified,sale_apartment,
A61612018,exclusive_59_8,59.8,87.22,26평A,313,KB부동산 단지 시세/평형정보 | https://kbland.kr/map?complex=5663,2026-09-18,,,verified,sale_apartment,
A61612018,exclusive_59_44,59.44,87.35,26평B,232,KB부동산 단지 시세/평형정보 | https://kbland.kr/map?complex=5663,2026-09-18,,,verified,sale_apartment,
A61612018,exclusive_84_76,84.76,116.33,35평,781,KB부동산 단지 시세/평형정보 | https://kbland.kr/map?complex=5663,2026-09-18,,,verified,sale_apartment,
A61612018,exclusive_116_81,116.81,151.82,45평,528,KB부동산 단지 시세/평형정보 | https://kbland.kr/map?complex=5663,2026-09-18,,,verified,sale_apartment,
A61612018,exclusive_142_18,142.18,186.58,56평,96,KB부동산 단지 시세/평형정보 | https://kbland.kr/map?complex=5663,2026-09-18,,,verified,sale_apartment,
A61612019,exclusive_59_8,59.8,78.1,23평B,1058,KB부동산 단지 시세/평형정보 | https://kbland.kr/map?complex=5647,2026-09-18,,,verified,sale_apartment,
A61612019,exclusive_59_8_24평A,59.8,80.01,24평A,326,KB부동산 단지 시세/평형정보 | https://kbland.kr/map?complex=5647,2026-09-18,,,verified,sale_apartment,
A61612019,exclusive_75_86,75.86,94.87,28평,100,KB부동산 단지 시세/평형정보 | https://kbland.kr/map?complex=5647,2026-09-18,,,verified,sale_apartment,
A61612019,exclusive_84_98,84.98,104.61,31평B,200,KB부동산 단지 시세/평형정보 | https://kbland.kr/map?complex=5647,2026-09-18,,,verified,sale_apartment,
A61612019,exclusive_84_98_31평C,84.98,104.61,31평C,50,KB부동산 단지 시세/평형정보 | https://kbland.kr/map?complex=5647,2026-09-18,,,verified,sale_apartment,
A61612019,exclusive_84_99,84.99,107.48,32평A,1100,KB부동산 단지 시세/평형정보 | https://kbland.kr/map?complex=5647,2026-09-18,,,verified,sale_apartment,
A61612019,exclusive_111_74,111.74,136.38,41평,348,KB부동산 단지 시세/평형정보 | https://kbland.kr/map?complex=5647,2026-09-18,,,verified,sale_apartment,
A61612019,exclusive_139_9,139.9,168.06,50평,200,KB부동산 단지 시세/평형정보 | https://kbland.kr/map?complex=5647,2026-09-18,,,verified,sale_apartment,
A61673302,exclusive_84_99,84.99,106.66,32평A,606,KB부동산 단지 시세/평형정보 | https://kbland.kr/map?complex=12837,2026-09-18,,,verified,sale_apartment,
A61673302,exclusive_84_99_32평B,84.99,106.66,32평B,201,KB부동산 단지 시세/평형정보 | https://kbland.kr/map?complex=12837,2026-09-18,,,verified,sale_apartment,
A61673305,exclusive_59_92,59.92,85.01,25평,506,KB부동산 단지 시세/평형정보 | https://kbland.kr/map?complex=5655,2026-09-18,,,verified,sale_apartment,
A61673308,exclusive_59_69,59.69,83.38,25평,236,KB부동산 단지 시세/평형정보 | https://kbland.kr/map?complex=22067,2026-09-18,,,verified,sale_apartment,
A61673308,exclusive_59_98,59.98,84.82,25평,84,KB부동산 단지 시세/평형정보 | https://kbland.kr/map?complex=22067,2026-09-18,,,verified,sale_apartment,
A61673308,exclusive_71_91,71.91,94.67,28평,126,KB부동산 단지 시세/평형정보 | https://kbland.kr/map?complex=22067,2026-09-18,,,verified,sale_apartment,
A61673308,exclusive_84_95,84.95,111.8,33평A,272,KB부동산 단지 시세/평형정보 | https://kbland.kr/map?complex=22067,2026-09-18,,,verified,sale_apartment,
A61673308,exclusive_84_77,84.77,112.34,33평B,790,KB부동산 단지 시세/평형정보 | https://kbland.kr/map?complex=22067,2026-09-18,,,verified,sale_apartment,
A61673308,exclusive_84_82,84.82,112.35,33평C,289,KB부동산 단지 시세/평형정보 | https://kbland.kr/map?complex=22067,2026-09-18,,,verified,sale_apartment,
A61673308,exclusive_98_07,98.07,128.62,38평,301,KB부동산 단지 시세/평형정보 | https://kbland.kr/map?complex=22067,2026-09-18,,,verified,sale_apartment,
A61673308,exclusive_115_03,115.03,144.33,43평B,528,KB부동산 단지 시세/평형정보 | https://kbland.kr/map?complex=22067,2026-09-18,,,verified,sale_apartment,
A61673308,exclusive_116_03,116.03,144.5,43평A,106,KB부동산 단지 시세/평형정보 | https://kbland.kr/map?complex=22067,2026-09-18,,,verified,sale_apartment,
A61673308,exclusive_115_95,115.95,144.89,43평C,522,KB부동산 단지 시세/평형정보 | https://kbland.kr/map?complex=22067,2026-09-18,,,verified,sale_apartment,
A61673308,exclusive_131_05,131.05,161.57,48평A,630,KB부동산 단지 시세/평형정보 | https://kbland.kr/map?complex=22067,2026-09-18,,,verified,sale_apartment,
A61673308,exclusive_131_78,131.78,161.66,48평B,287,KB부동산 단지 시세/평형정보 | https://kbland.kr/map?complex=22067,2026-09-18,,,verified,sale_apartment,
A61673308,exclusive_145_65,145.65,177.37,53평B,336,KB부동산 단지 시세/평형정보 | https://kbland.kr/map?complex=22067,2026-09-18,,,verified,sale_apartment,
A61673308,exclusive_145_49,145.49,177.6,53평A,352,KB부동산 단지 시세/평형정보 | https://kbland.kr/map?complex=22067,2026-09-18,,,verified,sale_apartment,
A61673308,exclusive_171_77,171.77,204.72,61평,380,KB부동산 단지 시세/평형정보 | https://kbland.kr/map?complex=22067,2026-09-18,,,verified,sale_apartment,
A61679206,exclusive_74_48,74.48,94.19,28평,360,KB부동산 단지 시세/평형정보 | https://kbland.kr/map?complex=5652,2026-09-18,,,verified,sale_apartment,
A61679206,exclusive_84_89,84.89,105.42,31평,684,KB부동산 단지 시세/평형정보 | https://kbland.kr/map?complex=5652,2026-09-18,,,verified,sale_apartment,
A61679207,exclusive_49_42,49.42,69.02,20평,720,KB부동산 단지 시세/평형정보 | https://kbland.kr/map?complex=389318,2026-09-18,,,verified,sale_apartment,
A61683305,exclusive_59_82,59.82,80.81,24평,900,KB부동산 단지 시세/평형정보 | https://kbland.kr/map?complex=5660,2026-09-18,,,verified,sale_apartment,
A10023725,exclusive_59_99,59.99,85.56,25평,352,KB부동산 단지 시세/평형정보 | https://kbland.kr/map?complex=45099,2026-09-18,,,verified,sale_apartment,
A10023725,exclusive_84_95,84.95,114.51,34평,241,KB부동산 단지 시세/평형정보 | https://kbland.kr/map?complex=45099,2026-09-18,,,verified,sale_apartment,
A10025235,exclusive_59_81,59.81,84.96,25평C,78,KB부동산 단지 시세/평형정보 | https://kbland.kr/map?complex=34695,2026-09-18,,,verified,sale_apartment,
A10025235,exclusive_59_98,59.98,85.2,25평A,565,KB부동산 단지 시세/평형정보 | https://kbland.kr/map?complex=34695,2026-09-18,,,verified,sale_apartment,
A10025235,exclusive_59_99,59.99,85.21,25평B,86,KB부동산 단지 시세/평형정보 | https://kbland.kr/map?complex=34695,2026-09-18,,,verified,sale_apartment,
A10025235,exclusive_74_85,74.85,101.38,30평A,338,KB부동산 단지 시세/평형정보 | https://kbland.kr/map?complex=34695,2026-09-18,,,verified,sale_apartment,
A10025235,exclusive_74_98,74.98,101.56,30평B,29,KB부동산 단지 시세/평형정보 | https://kbland.kr/map?complex=34695,2026-09-18,,,verified,sale_apartment,
A10025235,exclusive_74_4,74.4,105.36,31평E,2,KB부동산 단지 시세/평형정보 | https://kbland.kr/map?complex=34695,2026-09-18,,,verified,sale_apartment,
A10025235,exclusive_74_81,74.81,105.94,32평C,15,KB부동산 단지 시세/평형정보 | https://kbland.kr/map?complex=34695,2026-09-18,,,verified,sale_apartment,
A10025235,exclusive_74_95,74.95,106.14,32평D,1,KB부동산 단지 시세/평형정보 | https://kbland.kr/map?complex=34695,2026-09-18,,,verified,sale_apartment,
A10025235,exclusive_84_82,84.82,110.59,33평B,28,KB부동산 단지 시세/평형정보 | https://kbland.kr/map?complex=34695,2026-09-18,,,verified,sale_apartment,
A10025235,exclusive_84_95,84.95,110.76,33평A,515,KB부동산 단지 시세/평형정보 | https://kbland.kr/map?complex=34695,2026-09-18,,,verified,sale_apartment,
A10025235,exclusive_114_4,114.4,149.19,45평B,1,KB부동산 단지 시세/평형정보 | https://kbland.kr/map?complex=34695,2026-09-18,,,verified,sale_apartment,
A10025235,exclusive_114_92,114.92,149.87,45평A,19,KB부동산 단지 시세/평형정보 | https://kbland.kr/map?complex=34695,2026-09-18,,,verified,sale_apartment,
A61673103,exclusive_59_88,59.88,79.38,24평,200,KB부동산 단지 시세/평형정보 | https://kbland.kr/map?complex=13477,2026-09-18,,,verified,sale_apartment,
A61673103,exclusive_84_98,84.98,113.07,34평,300,KB부동산 단지 시세/평형정보 | https://kbland.kr/map?complex=13477,2026-09-18,,,verified,sale_apartment,
A61673103,exclusive_99_19,99.19,127.46,38평,100,KB부동산 단지 시세/평형정보 | https://kbland.kr/map?complex=13477,2026-09-18,,,verified,sale_apartment,
A61675601,exclusive_59_94,59.94,77.25,23평A,167,KB부동산 단지 시세/평형정보 | https://kbland.kr/map?complex=14200,2026-09-18,,,verified,sale_apartment,
A61675601,exclusive_59_91,59.91,84.65,25평,267,KB부동산 단지 시세/평형정보 | https://kbland.kr/map?complex=14200,2026-09-18,,,verified,sale_apartment,
A61675601,exclusive_84_99,84.99,109.92,33평,448,KB부동산 단지 시세/평형정보 | https://kbland.kr/map?complex=14200,2026-09-18,,,verified,sale_apartment,
A61675806,exclusive_57_78,57.78,80.51,24평,150,KB부동산 단지 시세/평형정보 | https://kbland.kr/map?complex=5635,2026-09-18,,,verified,sale_apartment,
A61675806,exclusive_68_7,68.7,95.73,28평,211,KB부동산 단지 시세/평형정보 | https://kbland.kr/map?complex=5635,2026-09-18,,,verified,sale_apartment,
A61675806,exclusive_82_2,82.2,114.54,34평,239,KB부동산 단지 시세/평형정보 | https://kbland.kr/map?complex=5635,2026-09-18,,,verified,sale_apartment,
A61678209,exclusive_75_57,75.57,91.6,27평,240,KB부동산 단지 시세/평형정보 | https://kbland.kr/map?complex=5634,2026-09-18,,,verified,sale_apartment,
A61678209,exclusive_84_69,84.69,101.41,30평A,630,KB부동산 단지 시세/평형정보 | https://kbland.kr/map?complex=5634,2026-09-18,,,verified,sale_apartment,
A61678209,exclusive_84_9,84.9,101.64,30평B,88,KB부동산 단지 시세/평형정보 | https://kbland.kr/map?complex=5634,2026-09-18,,,verified,sale_apartment,
A61678209,exclusive_106_2,106.2,124.53,37평,90,KB부동산 단지 시세/평형정보 | https://kbland.kr/map?complex=5634,2026-09-18,,,verified,sale_apartment,
A61678209,exclusive_116_06,116.06,135.67,41평,90,KB부동산 단지 시세/평형정보 | https://kbland.kr/map?complex=5634,2026-09-18,,,verified,sale_apartment,
A61678209,exclusive_119_69,119.69,139.44,42평,90,KB부동산 단지 시세/평형정보 | https://kbland.kr/map?complex=5634,2026-09-18,,,verified,sale_apartment,
A61678209,exclusive_134_99,134.99,156.73,47평,180,KB부동산 단지 시세/평형정보 | https://kbland.kr/map?complex=5634,2026-09-18,,,verified,sale_apartment,
A61678209,exclusive_148_26,148.26,170.18,51평,60,KB부동산 단지 시세/평형정보 | https://kbland.kr/map?complex=5634,2026-09-18,,,verified,sale_apartment,
A61678706,exclusive_79_19,79.19,96.12,29평,300,KB부동산 단지 시세/평형정보 | https://kbland.kr/map?complex=5630,2026-09-18,,,verified,sale_apartment,
A61678706,exclusive_84_28,84.28,101.68,30평,600,KB부동산 단지 시세/평형정보 | https://kbland.kr/map?complex=5630,2026-09-18,,,verified,sale_apartment,
A61678804,exclusive_84_94,84.94,102.94,31평,714,KB부동산 단지 시세/평형정보 | https://kbland.kr/map?complex=5631,2026-09-18,,,verified,sale_apartment,
A61682607,exclusive_84_78,84.78,104.67,31평A,192,KB부동산 단지 시세/평형정보 | https://kbland.kr/map?complex=5629,2026-09-18,,,verified,sale_apartment,
A61682607,exclusive_84_92,84.92,104.83,31평B,422,KB부동산 단지 시세/평형정보 | https://kbland.kr/map?complex=5629,2026-09-18,,,verified,sale_apartment,
A61682607,exclusive_132_18,132.18,154.12,46평A,126,KB부동산 단지 시세/평형정보 | https://kbland.kr/map?complex=5629,2026-09-18,,,verified,sale_apartment,
A61682607,exclusive_134_14,134.14,156.42,47평B,76,KB부동산 단지 시세/평형정보 | https://kbland.kr/map?complex=5629,2026-09-18,,,verified,sale_apartment,
A61682907,exclusive_59_84,59.84,73.97,22평,598,KB부동산 단지 시세/평형정보 | https://kbland.kr/map?complex=5637,2026-09-18,,,verified,sale_apartment,
A61682907,exclusive_77_82,77.82,94.2,28평,180,KB부동산 단지 시세/평형정보 | https://kbland.kr/map?complex=5637,2026-09-18,,,verified,sale_apartment,
A61682907,exclusive_84_96,84.96,101.88,30평,210,KB부동산 단지 시세/평형정보 | https://kbland.kr/map?complex=5637,2026-09-18,,,verified,sale_apartment,
A61682908,exclusive_59_67,59.67,79.28,23평A,400,KB부동산 단지 시세/평형정보 | https://kbland.kr/map?complex=5632,2026-09-18,,,verified,sale_apartment,
A61682908,exclusive_59_85,59.85,79.48,24평B,80,KB부동산 단지 시세/평형정보 | https://kbland.kr/map?complex=5632,2026-09-18,,,verified,sale_apartment,
A61682908,exclusive_74_6,74.6,95.44,28평,340,KB부동산 단지 시세/평형정보 | https://kbland.kr/map?complex=5632,2026-09-18,,,verified,sale_apartment,
A61682908,exclusive_84_99,84.99,106.69,32평,246,KB부동산 단지 시세/평형정보 | https://kbland.kr/map?complex=5632,2026-09-18,,,verified,sale_apartment,
A61682908,exclusive_113_82,113.82,137.9,41평,100,KB부동산 단지 시세/평형정보 | https://kbland.kr/map?complex=5632,2026-09-18,,,verified,sale_apartment,
A10022905,exclusive_59_99,59.99,78.09,23평A,228,KB부동산 단지 시세/평형정보 | https://kbland.kr/map?complex=383941,2026-09-18,,,verified,sale_apartment,
A10022905,exclusive_59_99_23평C,59.99,78.41,23평C,25,KB부동산 단지 시세/평형정보 | https://kbland.kr/map?complex=383941,2026-09-18,,,verified,sale_apartment,
A10022905,exclusive_59_99_23평D,59.99,78.41,23평D,25,KB부동산 단지 시세/평형정보 | https://kbland.kr/map?complex=383941,2026-09-18,,,verified,sale_apartment,
A10022905,exclusive_59_99_24평B,59.99,79.87,24평B,44,KB부동산 단지 시세/평형정보 | https://kbland.kr/map?complex=383941,2026-09-18,,,verified,sale_apartment,
A10022905,exclusive_74_95,74.95,97.89,29평A,145,KB부동산 단지 시세/평형정보 | https://kbland.kr/map?complex=383941,2026-09-18,,,verified,sale_apartment,
A10022905,exclusive_74_71,74.71,98.0,29평B,137,KB부동산 단지 시세/평형정보 | https://kbland.kr/map?complex=383941,2026-09-18,,,verified,sale_apartment,
A10022905,exclusive_84_83,84.83,109.92,33평A,142,KB부동산 단지 시세/평형정보 | https://kbland.kr/map?complex=383941,2026-09-18,,,verified,sale_apartment,
A10022905,exclusive_84_83_33평B,84.83,110.33,33평B,25,KB부동산 단지 시세/평형정보 | https://kbland.kr/map?complex=383941,2026-09-18,,,verified,sale_apartment,
A10022905,exclusive_84_83_33평C,84.83,110.33,33평C,24,KB부동산 단지 시세/평형정보 | https://kbland.kr/map?complex=383941,2026-09-18,,,verified,sale_apartment,
A10023684,exclusive_59_99,59.99,79.48,24평,243,KB부동산 단지 시세/평형정보 | https://kbland.kr/map?complex=48640,2026-09-18,,,verified,sale_apartment,
A10023684,exclusive_74_55,74.55,99.3,30평A,135,KB부동산 단지 시세/평형정보 | https://kbland.kr/map?complex=48640,2026-09-18,,,verified,sale_apartment,
A10023684,exclusive_74_71,74.71,99.72,30평B,107,KB부동산 단지 시세/평형정보 | https://kbland.kr/map?complex=48640,2026-09-18,,,verified,sale_apartment,
A10023684,exclusive_74_71_30평C,74.71,99.72,30평C,21,KB부동산 단지 시세/평형정보 | https://kbland.kr/map?complex=48640,2026-09-18,,,verified,sale_apartment,
A10023684,exclusive_84_97,84.97,112.07,33평,130,KB부동산 단지 시세/평형정보 | https://kbland.kr/map?complex=48640,2026-09-18,,,verified,sale_apartment,
A61610003,exclusive_59_96,59.96,81.16,24평,254,KB부동산 단지 시세/평형정보 | https://kbland.kr/map?complex=13084,2026-09-18,,,verified,sale_apartment,
A61610003,exclusive_84_75,84.75,107.51,32평,409,KB부동산 단지 시세/평형정보 | https://kbland.kr/map?complex=13084,2026-09-18,,,verified,sale_apartment,
A61610003,exclusive_122_06,122.06,152.24,46평,42,KB부동산 단지 시세/평형정보 | https://kbland.kr/map?complex=13084,2026-09-18,,,verified,sale_apartment,
A61670501,exclusive_59_61,59.61,78.44,23평B,40,KB부동산 단지 시세/평형정보 | https://kbland.kr/map?complex=15303,2026-09-18,,,verified,sale_apartment,
A61670501,exclusive_59_97,59.97,78.54,23평A,20,KB부동산 단지 시세/평형정보 | https://kbland.kr/map?complex=15303,2026-09-18,,,verified,sale_apartment,
A61670501,exclusive_78_19,78.19,98.39,29평,94,KB부동산 단지 시세/평형정보 | https://kbland.kr/map?complex=15303,2026-09-18,,,verified,sale_apartment,
A61670501,exclusive_84_36,84.36,104.58,31평,206,KB부동산 단지 시세/평형정보 | https://kbland.kr/map?complex=15303,2026-09-18,,,verified,sale_apartment,
A61670501,exclusive_102_01,102.01,123.28,37평,126,KB부동산 단지 시세/평형정보 | https://kbland.kr/map?complex=15303,2026-09-18,,,verified,sale_apartment,
A61670501,exclusive_121_81,121.81,143.61,43평,74,KB부동산 단지 시세/평형정보 | https://kbland.kr/map?complex=15303,2026-09-18,,,verified,sale_apartment,
A61677608,exclusive_44_87,44.87,65.87,19평,465,KB부동산 단지 시세/평형정보 | https://kbland.kr/map?complex=22234,2026-09-18,,,verified,sale_apartment,
A61677608,exclusive_55_77,55.77,75.03,22평,360,KB부동산 단지 시세/평형정보 | https://kbland.kr/map?complex=22234,2026-09-18,,,verified,sale_apartment,
A61682303,exclusive_38_64,38.64,49.67,15평,361,KB부동산 단지 시세/평형정보 | https://kbland.kr/map?complex=5607,2026-09-18,,,verified,sale_apartment,
A61682303,exclusive_36_16,36.16,52.55,15평A,150,KB부동산 단지 시세/평형정보 | https://kbland.kr/map?complex=5607,2026-09-18,,,verified,sale_apartment,
A61682303,exclusive_36_34,36.34,52.81,15평B,30,KB부동산 단지 시세/평형정보 | https://kbland.kr/map?complex=5607,2026-09-18,,,verified,sale_apartment,
A61682303,exclusive_41_3,41.3,57.15,17평A,180,KB부동산 단지 시세/평형정보 | https://kbland.kr/map?complex=5607,2026-09-18,,,verified,sale_apartment,
A61682303,exclusive_44_94,44.94,57.77,17평B,179,KB부동산 단지 시세/평형정보 | https://kbland.kr/map?complex=5607,2026-09-18,,,verified,sale_apartment,
A61682303,exclusive_41_3_18평,41.3,60.33,18평,60,KB부동산 단지 시세/평형정보 | https://kbland.kr/map?complex=5607,2026-09-18,,,verified,sale_apartment,
A61682303,exclusive_49_94,49.94,69.1,20평,180,KB부동산 단지 시세/평형정보 | https://kbland.kr/map?complex=5607,2026-09-18,,,verified,sale_apartment,
A61682303,exclusive_49_94_22평,49.94,72.95,22평,180,KB부동산 단지 시세/평형정보 | https://kbland.kr/map?complex=5607,2026-09-18,,,verified,sale_apartment,
A10024201,exclusive_39_79,39.79,59.9,18평,44,KB부동산 단지 시세/평형정보 | https://kbland.kr/map?complex=42482,2026-09-18,,,verified,sale_apartment,
A10024201,exclusive_48_73,48.73,68.39,20평,26,KB부동산 단지 시세/평형정보 | https://kbland.kr/map?complex=42482,2026-09-18,,,verified,sale_apartment,
A10024201,exclusive_59_72,59.72,84.36,25평B,28,KB부동산 단지 시세/평형정보 | https://kbland.kr/map?complex=42482,2026-09-18,,,verified,sale_apartment,
A10024201,exclusive_59_94,59.94,85.8,25평A,193,KB부동산 단지 시세/평형정보 | https://kbland.kr/map?complex=42482,2026-09-18,,,verified,sale_apartment,
A10024201,exclusive_74_9,74.9,101.25,30평,160,KB부동산 단지 시세/평형정보 | https://kbland.kr/map?complex=42482,2026-09-18,,,verified,sale_apartment,
A10024201,exclusive_84_96,84.96,111.48,33평A,200,KB부동산 단지 시세/평형정보 | https://kbland.kr/map?complex=42482,2026-09-18,,,verified,sale_apartment,
A10024201,exclusive_84_85,84.85,112.03,33평B,139,KB부동산 단지 시세/평형정보 | https://kbland.kr/map?complex=42482,2026-09-18,,,verified,sale_apartment,
A61609002,exclusive_73_11,73.11,97.54,29평A,178,KB부동산 단지 시세/평형정보 | https://kbland.kr/map?complex=25382,2026-09-18,,,verified,sale_apartment,
A61609002,exclusive_84_98,84.98,112.33,33평C,361,KB부동산 단지 시세/평형정보 | https://kbland.kr/map?complex=25382,2026-09-18,,,verified,sale_apartment,
A61609002,exclusive_84_98_34평B,84.98,113.05,34평B,361,KB부동산 단지 시세/평형정보 | https://kbland.kr/map?complex=25382,2026-09-18,,,verified,sale_apartment,
A61609002,exclusive_99_24,99.24,131.78,39평D,179,KB부동산 단지 시세/평형정보 | https://kbland.kr/map?complex=25382,2026-09-18,,,verified,sale_apartment,
A61680707,exclusive_59_26,59.26,71.78,21평,60,KB부동산 단지 시세/평형정보 | https://kbland.kr/map?complex=5590,2026-09-18,,,verified,sale_apartment,
A61680707,exclusive_61_2,61.2,74.45,22평,225,KB부동산 단지 시세/평형정보 | https://kbland.kr/map?complex=5590,2026-09-18,,,verified,sale_apartment,
A61680707,exclusive_72_87,72.87,86.76,26평,346,KB부동산 단지 시세/평형정보 | https://kbland.kr/map?complex=5590,2026-09-18,,,verified,sale_apartment,
A61680707,exclusive_78_18,78.18,93.14,28평,360,KB부동산 단지 시세/평형정보 | https://kbland.kr/map?complex=5590,2026-09-18,,,verified,sale_apartment,
A61680707,exclusive_84_73,84.73,100.93,30평,120,KB부동산 단지 시세/평형정보 | https://kbland.kr/map?complex=5590,2026-09-18,,,verified,sale_apartment,
A61680707,exclusive_84_91,84.91,101.13,30평NS,630,KB부동산 단지 시세/평형정보 | https://kbland.kr/map?complex=5590,2026-09-18,,,verified,sale_apartment,
A61273306,exclusive_59_91,59.91,78.84,23평,764,KB부동산 단지 시세/평형정보 | https://kbland.kr/map?complex=6216,2026-09-18,,,verified,sale_apartment,
A61280805,exclusive_84_87,84.87,104.21,31평,560,KB부동산 단지 시세/평형정보 | https://kbland.kr/map?complex=6225,2026-09-18,,,verified,sale_apartment,
A10023647,exclusive_39_94,39.94,53.14,16평,35,KB부동산 단지 시세/평형정보 | https://kbland.kr/map?complex=47519,2026-09-18,,,verified,sale_apartment,
A10023647,exclusive_59_87,59.87,79.83,24평,24,KB부동산 단지 시세/평형정보 | https://kbland.kr/map?complex=47519,2026-09-18,,,verified,sale_apartment,
A10023647,exclusive_64_98,64.98,86.35,26평,68,KB부동산 단지 시세/평형정보 | https://kbland.kr/map?complex=47519,2026-09-18,,,verified,sale_apartment,
A10023647,exclusive_84_61,84.61,111.43,33평B,165,KB부동산 단지 시세/평형정보 | https://kbland.kr/map?complex=47519,2026-09-18,,,verified,sale_apartment,
A10023647,exclusive_84_91,84.91,111.87,33평A,302,KB부동산 단지 시세/평형정보 | https://kbland.kr/map?complex=47519,2026-09-18,,,verified,sale_apartment,
A10023647,exclusive_102_92,102.92,135.51,40평,44,KB부동산 단지 시세/평형정보 | https://kbland.kr/map?complex=47519,2026-09-18,,,verified,sale_apartment,
A61206110,exclusive_59_93,59.93,81.87,24평A,116,KB부동산 단지 시세/평형정보 | https://kbland.kr/map?complex=13908,2026-09-18,,,verified,sale_apartment,
A61206110,exclusive_59_62,59.62,82.53,24평B,112,KB부동산 단지 시세/평형정보 | https://kbland.kr/map?complex=13908,2026-09-18,,,verified,sale_apartment,
A61206110,exclusive_84_97,84.97,109.08,32평,289,KB부동산 단지 시세/평형정보 | https://kbland.kr/map?complex=13908,2026-09-18,,,verified,sale_apartment,
A61206113,exclusive_59_97,59.97,79.27,23평A,92,KB부동산 단지 시세/평형정보 | https://kbland.kr/map?complex=6212,2026-09-18,,,verified,sale_apartment,
A61206113,exclusive_59_96,59.96,79.32,23평B,192,KB부동산 단지 시세/평형정보 | https://kbland.kr/map?complex=6212,2026-09-18,,,verified,sale_apartment,
A61206113,exclusive_77_67,77.67,98.55,29평,320,KB부동산 단지 시세/평형정보 | https://kbland.kr/map?complex=6212,2026-09-18,,,verified,sale_apartment,
A61206113,exclusive_84_92,84.92,108.43,32평,256,KB부동산 단지 시세/평형정보 | https://kbland.kr/map?complex=6212,2026-09-18,,,verified,sale_apartment,
A61206113,exclusive_126_84,126.84,151.47,45평,92,KB부동산 단지 시세/평형정보 | https://kbland.kr/map?complex=6212,2026-09-18,,,verified,sale_apartment,
A61206113,exclusive_154_91,154.91,190.26,57평,46,KB부동산 단지 시세/평형정보 | https://kbland.kr/map?complex=6212,2026-09-18,,,verified,sale_apartment,
A61206114,exclusive_59_96,59.96,82.18,24평,346,KB부동산 단지 시세/평형정보 | https://kbland.kr/map?complex=13213,2026-09-18,,,verified,sale_apartment,
A61206114,exclusive_84_97,84.97,109.12,33평,578,KB부동산 단지 시세/평형정보 | https://kbland.kr/map?complex=13213,2026-09-18,,,verified,sale_apartment,
A61206114,exclusive_101_79,101.79,130.88,39평,93,KB부동산 단지 시세/평형정보 | https://kbland.kr/map?complex=13213,2026-09-18,,,verified,sale_apartment,
A61206114,exclusive_122_98,122.98,155.17,46평,98,KB부동산 단지 시세/평형정보 | https://kbland.kr/map?complex=13213,2026-09-18,,,verified,sale_apartment,
A61206114,exclusive_142_65,142.65,175.74,53평,50,KB부동산 단지 시세/평형정보 | https://kbland.kr/map?complex=13213,2026-09-18,,,verified,sale_apartment,
A61206118,exclusive_84_93,84.93,109.66,33평B,184,KB부동산 단지 시세/평형정보 | https://kbland.kr/map?complex=15485,2026-09-18,,,verified,sale_apartment,
A61206118,exclusive_84_99,84.99,110.0,33평D,99,KB부동산 단지 시세/평형정보 | https://kbland.kr/map?complex=15485,2026-09-18,,,verified,sale_apartment,
A61206118,exclusive_84_97,84.97,110.72,33평C,81,KB부동산 단지 시세/평형정보 | https://kbland.kr/map?complex=15485,2026-09-18,,,verified,sale_apartment,
A61206118,exclusive_84_97_33평A,84.97,111.89,33평A,298,KB부동산 단지 시세/평형정보 | https://kbland.kr/map?complex=15485,2026-09-18,,,verified,sale_apartment,
A61206118,exclusive_100_99,100.99,131.16,39평,230,KB부동산 단지 시세/평형정보 | https://kbland.kr/map?complex=15485,2026-09-18,,,verified,sale_apartment,
A61206118,exclusive_119_35,119.35,153.52,46평A,244,KB부동산 단지 시세/평형정보 | https://kbland.kr/map?complex=15485,2026-09-18,,,verified,sale_apartment,
A61206118,exclusive_119_61,119.61,153.85,46평B,71,KB부동산 단지 시세/평형정보 | https://kbland.kr/map?complex=15485,2026-09-18,,,verified,sale_apartment,
A61206118,exclusive_129_74,129.74,164.86,49평,211,KB부동산 단지 시세/평형정보 | https://kbland.kr/map?complex=15485,2026-09-18,,,verified,sale_apartment,
A61206118,exclusive_135_19,135.19,174.73,52평,146,KB부동산 단지 시세/평형정보 | https://kbland.kr/map?complex=15485,2026-09-18,,,verified,sale_apartment,
A61270515,exclusive_59_96,59.96,81.13,24평A,298,KB부동산 단지 시세/평형정보 | https://kbland.kr/map?complex=12927,2026-09-18,,,verified,sale_apartment,
A61270515,exclusive_59_76,59.76,82.42,24평B,180,KB부동산 단지 시세/평형정보 | https://kbland.kr/map?complex=12927,2026-09-18,,,verified,sale_apartment,
A61270515,exclusive_84_97,84.97,108.11,32평,480,KB부동산 단지 시세/평형정보 | https://kbland.kr/map?complex=12927,2026-09-18,,,verified,sale_apartment,
A61270515,exclusive_101_79,101.79,128.73,38평,126,KB부동산 단지 시세/평형정보 | https://kbland.kr/map?complex=12927,2026-09-18,,,verified,sale_apartment,
A61270515,exclusive_127_36,127.36,157.68,47평,78,KB부동산 단지 시세/평형정보 | https://kbland.kr/map?complex=12927,2026-09-18,,,verified,sale_apartment,
A61270515,exclusive_154_06,154.06,187.76,56평,36,KB부동산 단지 시세/평형정보 | https://kbland.kr/map?complex=12927,2026-09-18,,,verified,sale_apartment,
A61271919,exclusive_59_92,59.92,80.67,24평,467,KB부동산 단지 시세/평형정보 | https://kbland.kr/map?complex=12115,2026-09-18,,,verified,sale_apartment,
A61271919,exclusive_75_57,75.57,101.75,30평,231,KB부동산 단지 시세/평형정보 | https://kbland.kr/map?complex=12115,2026-09-18,,,verified,sale_apartment,
A61271919,exclusive_84_8,84.8,114.17,34평,677,KB부동산 단지 시세/평형정보 | https://kbland.kr/map?complex=12115,2026-09-18,,,verified,sale_apartment,
A61271919,exclusive_101_55,101.55,136.73,41평A,327,KB부동산 단지 시세/평형정보 | https://kbland.kr/map?complex=12115,2026-09-18,,,verified,sale_apartment,
A61271919,exclusive_101_67,101.67,136.89,41평B,75,KB부동산 단지 시세/평형정보 | https://kbland.kr/map?complex=12115,2026-09-18,,,verified,sale_apartment,
A61271919,exclusive_118_72,118.72,159.85,48평A,368,KB부동산 단지 시세/평형정보 | https://kbland.kr/map?complex=12115,2026-09-18,,,verified,sale_apartment,
A61271919,exclusive_118_73,118.73,159.86,48평B,42,KB부동산 단지 시세/평형정보 | https://kbland.kr/map?complex=12115,2026-09-18,,,verified,sale_apartment,
A61271919,exclusive_134_58,134.58,181.2,54평A,69,KB부동산 단지 시세/평형정보 | https://kbland.kr/map?complex=12115,2026-09-18,,,verified,sale_apartment,
A61271919,exclusive_134_7,134.7,181.36,54평B,34,KB부동산 단지 시세/평형정보 | https://kbland.kr/map?complex=12115,2026-09-18,,,verified,sale_apartment,
A61272011,exclusive_57_09,57.09,79.12,23평A,90,KB부동산 단지 시세/평형정보 | https://kbland.kr/map?complex=6191,2026-09-18,,,verified,sale_apartment,
A61272011,exclusive_64_98,64.98,79.97,24평B,90,KB부동산 단지 시세/평형정보 | https://kbland.kr/map?complex=6191,2026-09-18,,,verified,sale_apartment,
A61272011,exclusive_73_8,73.8,88.99,26평,90,KB부동산 단지 시세/평형정보 | https://kbland.kr/map?complex=6191,2026-09-18,,,verified,sale_apartment,
A61272011,exclusive_76_35,76.35,92.32,27평,90,KB부동산 단지 시세/평형정보 | https://kbland.kr/map?complex=6191,2026-09-18,,,verified,sale_apartment,
A61272011,exclusive_84_81,84.81,101.02,30평A,120,KB부동산 단지 시세/평형정보 | https://kbland.kr/map?complex=6191,2026-09-18,,,verified,sale_apartment,
A61272011,exclusive_84_87,84.87,102.34,30평B,30,KB부동산 단지 시세/평형정보 | https://kbland.kr/map?complex=6191,2026-09-18,,,verified,sale_apartment,
A61272011,exclusive_101_53,101.53,118.53,35평,90,KB부동산 단지 시세/평형정보 | https://kbland.kr/map?complex=6191,2026-09-18,,,verified,sale_apartment,
A61279802,exclusive_56_97,56.97,81.54,24평,564,KB부동산 단지 시세/평형정보 | https://kbland.kr/map?complex=6196,2026-09-18,,,verified,sale_apartment,
A61281117,exclusive_59_99,59.99,75.55,22평,600,KB부동산 단지 시세/평형정보 | https://kbland.kr/map?complex=6200,2026-09-18,,,verified,sale_apartment,
A61281117,exclusive_84_98,84.98,104.02,31평,616,KB부동산 단지 시세/평형정보 | https://kbland.kr/map?complex=6200,2026-09-18,,,verified,sale_apartment,
A61281117,exclusive_126_93,126.93,149.18,45평,284,KB부동산 단지 시세/평형정보 | https://kbland.kr/map?complex=6200,2026-09-18,,,verified,sale_apartment,
A61205002,exclusive_84_99,84.99,109.13,33평B,35,KB부동산 단지 시세/평형정보 | https://kbland.kr/map?complex=13992,2026-09-18,,,verified,sale_apartment,
A61205002,exclusive_84_99_33평A,84.99,110.33,33평A,254,KB부동산 단지 시세/평형정보 | https://kbland.kr/map?complex=13992,2026-09-18,,,verified,sale_apartment,
A61205002,exclusive_84_97,84.97,113.54,34평C,35,KB부동산 단지 시세/평형정보 | https://kbland.kr/map?complex=13992,2026-09-18,,,verified,sale_apartment,
A61205002,exclusive_84_98,84.98,113.62,34평B,93,KB부동산 단지 시세/평형정보 | https://kbland.kr/map?complex=13992,2026-09-18,,,verified,sale_apartment,
A61205002,exclusive_84_98_34평A1,84.98,113.62,34평A1,19,KB부동산 단지 시세/평형정보 | https://kbland.kr/map?complex=13992,2026-09-18,,,verified,sale_apartment,
A61205002,exclusive_84_97_34평A,84.97,113.91,34평A,199,KB부동산 단지 시세/평형정보 | https://kbland.kr/map?complex=13992,2026-09-18,,,verified,sale_apartment,
A61205002,exclusive_117_41,117.41,148.86,45평,68,KB부동산 단지 시세/평형정보 | https://kbland.kr/map?complex=13992,2026-09-18,,,verified,sale_apartment,
A61205003,exclusive_98_51,98.51,130.44,39평,40,KB부동산 단지 시세/평형정보 | https://kbland.kr/map?complex=15822,2026-09-18,,,verified,sale_apartment,
A61205003,exclusive_109_14,109.14,143.33,43평,106,KB부동산 단지 시세/평형정보 | https://kbland.kr/map?complex=15822,2026-09-18,,,verified,sale_apartment,
A61205003,exclusive_115_93,115.93,148.88,45평,81,KB부동산 단지 시세/평형정보 | https://kbland.kr/map?complex=15822,2026-09-18,,,verified,sale_apartment,
A61205003,exclusive_135_65,135.65,180.62,54평,212,KB부동산 단지 시세/평형정보 | https://kbland.kr/map?complex=15822,2026-09-18,,,verified,sale_apartment,
A61205003,exclusive_164_32,164.32,214.48,64평,130,KB부동산 단지 시세/평형정보 | https://kbland.kr/map?complex=15822,2026-09-18,,,verified,sale_apartment,
A61205003,exclusive_209_89,209.89,275.63,83평,18,KB부동산 단지 시세/평형정보 | https://kbland.kr/map?complex=15822,2026-09-18,,,verified,sale_apartment,
A61205003,exclusive_215_64,215.64,285.23,86평,36,KB부동산 단지 시세/평형정보 | https://kbland.kr/map?complex=15822,2026-09-18,,,verified,sale_apartment,
A61205003,exclusive_244_67,244.67,319.35,96평A,3,KB부동산 단지 시세/평형정보 | https://kbland.kr/map?complex=15822,2026-09-18,,,verified,sale_apartment,
A61205003,exclusive_244_98,244.98,319.74,96평B,3,KB부동산 단지 시세/평형정보 | https://kbland.kr/map?complex=15822,2026-09-18,,,verified,sale_apartment,
A61271204,exclusive_84_63,84.63,113.65,34평B,772,KB부동산 단지 시세/평형정보 | https://kbland.kr/map?complex=13778,2026-09-18,,,verified,sale_apartment,
A61271204,exclusive_84_65,84.65,114.16,34평A,270,KB부동산 단지 시세/평형정보 | https://kbland.kr/map?complex=13778,2026-09-18,,,verified,sale_apartment,
A61271204,exclusive_100_94,100.94,133.82,40평,282,KB부동산 단지 시세/평형정보 | https://kbland.kr/map?complex=13778,2026-09-18,,,verified,sale_apartment,
A61271204,exclusive_125_41,125.41,166.76,50평B,470,KB부동산 단지 시세/평형정보 | https://kbland.kr/map?complex=13778,2026-09-18,,,verified,sale_apartment,
A61271204,exclusive_126_9,126.9,166.87,50평A,384,KB부동산 단지 시세/평형정보 | https://kbland.kr/map?complex=13778,2026-09-18,,,verified,sale_apartment,
A61271204,exclusive_151_91,151.91,197.66,59평,480,KB부동산 단지 시세/평형정보 | https://kbland.kr/map?complex=13778,2026-09-18,,,verified,sale_apartment,
A61271204,exclusive_175_12,175.12,228.49,69평,94,KB부동산 단지 시세/평형정보 | https://kbland.kr/map?complex=13778,2026-09-18,,,verified,sale_apartment,
A61271302,exclusive_84_63,84.63,115.1,34평B,336,KB부동산 단지 시세/평형정보 | https://kbland.kr/map?complex=13943,2026-09-18,,,verified,sale_apartment,
A61271302,exclusive_84_65,84.65,115.61,34평A,92,KB부동산 단지 시세/평형정보 | https://kbland.kr/map?complex=13943,2026-09-18,,,verified,sale_apartment,
A61271302,exclusive_100_94,100.94,135.52,40평,282,KB부동산 단지 시세/평형정보 | https://kbland.kr/map?complex=13943,2026-09-18,,,verified,sale_apartment,
A61271302,exclusive_127_48,127.48,170.24,51평,288,KB부동산 단지 시세/평형정보 | https://kbland.kr/map?complex=13943,2026-09-18,,,verified,sale_apartment,
A61274815,exclusive_49_96,49.96,55.37,16평A,289,KB부동산 단지 시세/평형정보 | https://kbland.kr/map?complex=6167,2026-09-18,,,verified,sale_apartment,
A61274815,exclusive_49_98,49.98,55.39,16평C,3,KB부동산 단지 시세/평형정보 | https://kbland.kr/map?complex=6167,2026-09-18,,,verified,sale_apartment,
A61274815,exclusive_49_99,49.99,55.4,16평D,7,KB부동산 단지 시세/평형정보 | https://kbland.kr/map?complex=6167,2026-09-18,,,verified,sale_apartment,
A61274815,exclusive_50_6,50.6,56.01,16평E,26,KB부동산 단지 시세/평형정보 | https://kbland.kr/map?complex=6167,2026-09-18,,,verified,sale_apartment,
A61274815,exclusive_53_24,53.24,57.12,17평B,299,KB부동산 단지 시세/평형정보 | https://kbland.kr/map?complex=6167,2026-09-18,,,verified,sale_apartment,
A61274815,exclusive_53_71,53.71,58.0,17평,13,KB부동산 단지 시세/평형정보 | https://kbland.kr/map?complex=6167,2026-09-18,,,verified,sale_apartment,
A61274815,exclusive_70_58,70.58,76.4,23평A,287,KB부동산 단지 시세/평형정보 | https://kbland.kr/map?complex=6167,2026-09-18,,,verified,sale_apartment,
A61274815,exclusive_71_2,71.2,77.01,23평B,12,KB부동산 단지 시세/평형정보 | https://kbland.kr/map?complex=6167,2026-09-18,,,verified,sale_apartment,
A61278214,exclusive_59_6,59.6,82.13,24평,327,KB부동산 단지 시세/평형정보 | https://kbland.kr/map?complex=661804,2026-09-18,,,verified,sale_apartment,
A61278214,exclusive_75_79,75.79,95.47,28평A,19,KB부동산 단지 시세/평형정보 | https://kbland.kr/map?complex=661804,2026-09-18,,,verified,sale_apartment,
A61278214,exclusive_76_06,76.06,95.73,28평,321,KB부동산 단지 시세/평형정보 | https://kbland.kr/map?complex=661804,2026-09-18,,,verified,sale_apartment,
A61278214,exclusive_84_84,84.84,103.45,31평,163,KB부동산 단지 시세/평형정보 | https://kbland.kr/map?complex=661804,2026-09-18,,,verified,sale_apartment,
A61278214,exclusive_84_4,84.4,104.14,31평C1,16,KB부동산 단지 시세/평형정보 | https://kbland.kr/map?complex=661804,2026-09-18,,,verified,sale_apartment,
A61281512,exclusive_74_22,74.22,98.76,29평,144,KB부동산 단지 시세/평형정보 | https://kbland.kr/map?complex=13558,2026-09-18,,,verified,sale_apartment,
A61281512,exclusive_84_94,84.94,109.6,33평,630,KB부동산 단지 시세/평형정보 | https://kbland.kr/map?complex=13558,2026-09-18,,,verified,sale_apartment,
A61283211,exclusive_36_33,36.33,43.53,13평,110,KB부동산 단지 시세/평형정보 | https://kbland.kr/map?complex=6180,2026-09-18,,,verified,sale_apartment,
A61283211,exclusive_47_79,47.79,54.27,16평,180,KB부동산 단지 시세/평형정보 | https://kbland.kr/map?complex=6180,2026-09-18,,,verified,sale_apartment,
A61283211,exclusive_50_31,50.31,57.51,17평,90,KB부동산 단지 시세/평형정보 | https://kbland.kr/map?complex=6180,2026-09-18,,,verified,sale_apartment,
A61283211,exclusive_58_59,58.59,65.07,19평,180,KB부동산 단지 시세/평형정보 | https://kbland.kr/map?complex=6180,2026-09-18,,,verified,sale_apartment,
A61283410,exclusive_59_64,59.64,74.38,22평,136,KB부동산 단지 시세/평형정보 | https://kbland.kr/map?complex=6163,2026-09-18,,,verified,sale_apartment,
A61283410,exclusive_84_78,84.78,105.67,31평A,34,KB부동산 단지 시세/평형정보 | https://kbland.kr/map?complex=6163,2026-09-18,,,verified,sale_apartment,
A61283410,exclusive_84_93,84.93,105.84,32평B,128,KB부동산 단지 시세/평형정보 | https://kbland.kr/map?complex=6163,2026-09-18,,,verified,sale_apartment,
A61283410,exclusive_84_95,84.95,105.87,32평C,238,KB부동산 단지 시세/평형정보 | https://kbland.kr/map?complex=6163,2026-09-18,,,verified,sale_apartment,
A61286403,exclusive_73_4,73.4,96.98,29평,361,KB부동산 단지 시세/평형정보 | https://kbland.kr/map?complex=13952,2026-09-18,,,verified,sale_apartment,
A61286403,exclusive_84_84,84.84,108.88,32평,329,KB부동산 단지 시세/평형정보 | https://kbland.kr/map?complex=13952,2026-09-18,,,verified,sale_apartment,
A61286403,exclusive_84_98,84.98,112.83,34평,414,KB부동산 단지 시세/평형정보 | https://kbland.kr/map?complex=13952,2026-09-18,,,verified,sale_apartment,
A61286403,exclusive_123_86,123.86,153.66,46평,86,KB부동산 단지 시세/평형정보 | https://kbland.kr/map?complex=13952,2026-09-18,,,verified,sale_apartment,
A10022568,exclusive_69_91,69.91,100.53,30평A,110,KB부동산 단지 시세/평형정보 | https://kbland.kr/map?complex=1037915,2026-09-18,,,verified,sale_apartment,
A10022568,exclusive_84_62,84.62,119.44,36평G,32,KB부동산 단지 시세/평형정보 | https://kbland.kr/map?complex=1037915,2026-09-18,,,verified,sale_apartment,
A10022568,exclusive_84_96,84.96,119.89,36평B,32,KB부동산 단지 시세/평형정보 | https://kbland.kr/map?complex=1037915,2026-09-18,,,verified,sale_apartment,
A10022568,exclusive_84_51,84.51,119.95,36평D,41,KB부동산 단지 시세/평형정보 | https://kbland.kr/map?complex=1037915,2026-09-18,,,verified,sale_apartment,
A10022568,exclusive_84_94,84.94,120.16,36평E,37,KB부동산 단지 시세/평형정보 | https://kbland.kr/map?complex=1037915,2026-09-18,,,verified,sale_apartment,
A10022568,exclusive_84_97,84.97,120.48,36평A,223,KB부동산 단지 시세/평형정보 | https://kbland.kr/map?complex=1037915,2026-09-18,,,verified,sale_apartment,
A10022568,exclusive_84_97_36평H,84.97,120.52,36평H,1,KB부동산 단지 시세/평형정보 | https://kbland.kr/map?complex=1037915,2026-09-18,,,verified,sale_apartment,
A10022568,exclusive_84_8,84.8,120.84,36평F,35,KB부동산 단지 시세/평형정보 | https://kbland.kr/map?complex=1037915,2026-09-18,,,verified,sale_apartment,
A10022568,exclusive_84_43,84.43,121.46,36평C,121,KB부동산 단지 시세/평형정보 | https://kbland.kr/map?complex=1037915,2026-09-18,,,verified,sale_apartment,
A10023542,exclusive_84_54,84.54,112.22,33평C,274,KB부동산 단지 시세/평형정보 | https://kbland.kr/map?complex=42014,2026-09-18,,,verified,sale_apartment,
A10023542,exclusive_84_43,84.43,114.06,34평B,94,KB부동산 단지 시세/평형정보 | https://kbland.kr/map?complex=42014,2026-09-18,,,verified,sale_apartment,
A10023542,exclusive_84_99,84.99,115.33,34평A,180,KB부동산 단지 시세/평형정보 | https://kbland.kr/map?complex=42014,2026-09-18,,,verified,sale_apartment,
A10025214,exclusive_84_94,84.94,117.69,35평B,168,KB부동산 단지 시세/평형정보 | https://kbland.kr/map?complex=32797,2026-09-18,,,verified,sale_apartment,
A10025214,exclusive_84_94_35평Z,84.94,117.69,35평Z,84,KB부동산 단지 시세/평형정보 | https://kbland.kr/map?complex=32797,2026-09-18,,,verified,sale_apartment,
A10025214,exclusive_84_94_35평C,84.94,118.12,35평C,167,KB부동산 단지 시세/평형정보 | https://kbland.kr/map?complex=32797,2026-09-18,,,verified,sale_apartment,
A10025214,exclusive_84_94_35평D,84.94,118.12,35평D,1,KB부동산 단지 시세/평형정보 | https://kbland.kr/map?complex=32797,2026-09-18,,,verified,sale_apartment,
A10025214,exclusive_104_74,104.74,146.11,44평A,84,KB부동산 단지 시세/평형정보 | https://kbland.kr/map?complex=32797,2026-09-18,,,verified,sale_apartment,
A61202004,exclusive_84_98,84.98,113.1,34평C,54,KB부동산 단지 시세/평형정보 | https://kbland.kr/map?complex=14223,2026-09-18,,,verified,sale_apartment,
A61202004,exclusive_84_97,84.97,113.22,34평B,68,KB부동산 단지 시세/평형정보 | https://kbland.kr/map?complex=14223,2026-09-18,,,verified,sale_apartment,
A61202004,exclusive_84_97_34평A,84.97,113.47,34평A,130,KB부동산 단지 시세/평형정보 | https://kbland.kr/map?complex=14223,2026-09-18,,,verified,sale_apartment,
A61202004,exclusive_97_58,97.58,127.83,38평,62,KB부동산 단지 시세/평형정보 | https://kbland.kr/map?complex=14223,2026-09-18,,,verified,sale_apartment,
A61202004,exclusive_108_51,108.51,140.48,42평A,64,KB부동산 단지 시세/평형정보 | https://kbland.kr/map?complex=14223,2026-09-18,,,verified,sale_apartment,
A61202004,exclusive_109_57,109.57,140.76,42평B,59,KB부동산 단지 시세/평형정보 | https://kbland.kr/map?complex=14223,2026-09-18,,,verified,sale_apartment,
A61202004,exclusive_125_09,125.09,160.56,48평,2,KB부동산 단지 시세/평형정보 | https://kbland.kr/map?complex=14223,2026-09-18,,,verified,sale_apartment,
A61202004,exclusive_131_48,131.48,171.02,51평B,60,KB부동산 단지 시세/평형정보 | https://kbland.kr/map?complex=14223,2026-09-18,,,verified,sale_apartment,
A61202004,exclusive_132_11,132.11,171.76,51평A,60,KB부동산 단지 시세/평형정보 | https://kbland.kr/map?complex=14223,2026-09-18,,,verified,sale_apartment,
A61202004,exclusive_168_55,168.55,222.14,67평,1,KB부동산 단지 시세/평형정보 | https://kbland.kr/map?complex=14223,2026-09-18,,,verified,sale_apartment,
A61202004,exclusive_203_16,203.16,262.51,79평,2,KB부동산 단지 시세/평형정보 | https://kbland.kr/map?complex=14223,2026-09-18,,,verified,sale_apartment,
A61202004,exclusive_205_78,205.78,265.89,80평,2,KB부동산 단지 시세/평형정보 | https://kbland.kr/map?complex=14223,2026-09-18,,,verified,sale_apartment,
A61202007,exclusive_99_4,99.4,148.11,44평AE-1,1,KB부동산 단지 시세/평형정보 | https://kbland.kr/map?complex=16104,2026-09-18,,,verified,sale_apartment,
A61202007,exclusive_99_4_44평AE,99.4,148.11,44평AE,29,KB부동산 단지 시세/평형정보 | https://kbland.kr/map?complex=16104,2026-09-18,,,verified,sale_apartment,
A61202007,exclusive_100_96,100.96,150.84,45평AW,30,KB부동산 단지 시세/평형정보 | https://kbland.kr/map?complex=16104,2026-09-18,,,verified,sale_apartment,
A61202007,exclusive_104_49,104.49,155.97,47평B,108,KB부동산 단지 시세/평형정보 | https://kbland.kr/map?complex=16104,2026-09-18,,,verified,sale_apartment,
A61202007,exclusive_111_07,111.07,162.69,49평C,336,KB부동산 단지 시세/평형정보 | https://kbland.kr/map?complex=16104,2026-09-18,,,verified,sale_apartment,
A61202007,exclusive_118_37,118.37,173.1,52평D,216,KB부동산 단지 시세/평형정보 | https://kbland.kr/map?complex=16104,2026-09-18,,,verified,sale_apartment,
A61202007,exclusive_127_65,127.65,187.12,56평E,372,KB부동산 단지 시세/평형정보 | https://kbland.kr/map?complex=16104,2026-09-18,,,verified,sale_apartment,
A61202007,exclusive_145_8,145.8,214.22,64평FS,204,KB부동산 단지 시세/평형정보 | https://kbland.kr/map?complex=16104,2026-09-18,,,verified,sale_apartment,
A61202007,exclusive_157_01,157.01,230.45,69평FN,204,KB부동산 단지 시세/평형정보 | https://kbland.kr/map?complex=16104,2026-09-18,,,verified,sale_apartment,
A61202007,exclusive_156_57,156.57,232.79,70평G,24,KB부동산 단지 시세/평형정보 | https://kbland.kr/map?complex=16104,2026-09-18,,,verified,sale_apartment,
A61202007,exclusive_159_54,159.54,233.9,70평I,24,KB부동산 단지 시세/평형정보 | https://kbland.kr/map?complex=16104,2026-09-18,,,verified,sale_apartment,
A61202007,exclusive_168_89,168.89,247.63,74평H,156,KB부동산 단지 시세/평형정보 | https://kbland.kr/map?complex=16104,2026-09-18,,,verified,sale_apartment,
A61202007,exclusive_204_9,204.9,300.27,90평J,24,KB부동산 단지 시세/평형정보 | https://kbland.kr/map?complex=16104,2026-09-18,,,verified,sale_apartment,
A61202007,exclusive_209_83,209.83,306.8,92평KN,30,KB부동산 단지 시세/평형정보 | https://kbland.kr/map?complex=16104,2026-09-18,,,verified,sale_apartment,
A61202007,exclusive_222_59,222.59,325.3,98평KS,30,KB부동산 단지 시세/평형정보 | https://kbland.kr/map?complex=16104,2026-09-18,,,verified,sale_apartment,
A61271101,exclusive_59_86,59.86,85.42,25평,506,KB부동산 단지 시세/평형정보 | https://kbland.kr/map?complex=6108,2026-09-18,,,verified,sale_apartment,
A61271101,exclusive_84_84,84.84,106.42,32평,294,KB부동산 단지 시세/평형정보 | https://kbland.kr/map?complex=6108,2026-09-18,,,verified,sale_apartment,
A61271101,exclusive_123_78,123.78,148.61,44평,126,KB부동산 단지 시세/평형정보 | https://kbland.kr/map?complex=6108,2026-09-18,,,verified,sale_apartment,
A61274011,exclusive_59_83,59.83,77.73,23평,284,KB부동산 단지 시세/평형정보 | https://kbland.kr/map?complex=6105,2026-09-18,,,verified,sale_apartment,
A61274011,exclusive_84_93,84.93,107.75,32평,250,KB부동산 단지 시세/평형정보 | https://kbland.kr/map?complex=6105,2026-09-18,,,verified,sale_apartment,
A61274011,exclusive_134_82,134.82,163.17,49평,60,KB부동산 단지 시세/평형정보 | https://kbland.kr/map?complex=6105,2026-09-18,,,verified,sale_apartment,
A61274011,exclusive_164_63,164.63,196.05,59평,30,KB부동산 단지 시세/평형정보 | https://kbland.kr/map?complex=6105,2026-09-18,,,verified,sale_apartment,
A61274013,exclusive_80_79,80.79,118.45,35평A,50,KB부동산 단지 시세/평형정보 | https://kbland.kr/map?complex=16105,2026-09-18,,,verified,sale_apartment,
A61274013,exclusive_83_01,83.01,121.05,36평B,56,KB부동산 단지 시세/평형정보 | https://kbland.kr/map?complex=16105,2026-09-18,,,verified,sale_apartment,
A61274013,exclusive_80_57,80.57,121.29,36평D,1,KB부동산 단지 시세/평형정보 | https://kbland.kr/map?complex=16105,2026-09-18,,,verified,sale_apartment,
A61274013,exclusive_85_94,85.94,122.5,37평F,31,KB부동산 단지 시세/평형정보 | https://kbland.kr/map?complex=16105,2026-09-18,,,verified,sale_apartment,
A61274013,exclusive_80_79_37평A-1,80.79,124.56,37평A-1,2,KB부동산 단지 시세/평형정보 | https://kbland.kr/map?complex=16105,2026-09-18,,,verified,sale_apartment,
A61274013,exclusive_83_01_38평B-1,83.01,127.13,38평B-1,2,KB부동산 단지 시세/평형정보 | https://kbland.kr/map?complex=16105,2026-09-18,,,verified,sale_apartment,
A61274013,exclusive_85_94_38평F-1,85.94,127.77,38평F-1,2,KB부동산 단지 시세/평형정보 | https://kbland.kr/map?complex=16105,2026-09-18,,,verified,sale_apartment,
A61274013,exclusive_83_01_39평C,83.01,129.22,39평C,8,KB부동산 단지 시세/평형정보 | https://kbland.kr/map?complex=16105,2026-09-18,,,verified,sale_apartment,
A61274013,exclusive_89_34,89.34,129.43,39평B-1,4,KB부동산 단지 시세/평형정보 | https://kbland.kr/map?complex=16105,2026-09-18,,,verified,sale_apartment,
A61274013,exclusive_89_49,89.49,129.62,39평B,46,KB부동산 단지 시세/평형정보 | https://kbland.kr/map?complex=16105,2026-09-18,,,verified,sale_apartment,
A61274013,exclusive_87_3,87.3,130.7,39평E-3,1,KB부동산 단지 시세/평형정보 | https://kbland.kr/map?complex=16105,2026-09-18,,,verified,sale_apartment,
A61274013,exclusive_88_78,88.78,132.58,40평B-3,1,KB부동산 단지 시세/평형정보 | https://kbland.kr/map?complex=16105,2026-09-18,,,verified,sale_apartment,
A61274013,exclusive_89_34_40평B-2,89.34,133.45,40평B-2,1,KB부동산 단지 시세/평형정보 | https://kbland.kr/map?complex=16105,2026-09-18,,,verified,sale_apartment,
A61274013,exclusive_90_99,90.99,135.15,40평A,46,KB부동산 단지 시세/평형정보 | https://kbland.kr/map?complex=16105,2026-09-18,,,verified,sale_apartment,
A61274013,exclusive_92_74,92.74,135.6,41평C-1,10,KB부동산 단지 시세/평형정보 | https://kbland.kr/map?complex=16105,2026-09-18,,,verified,sale_apartment,
A61274013,exclusive_92_15,92.15,135.69,41평A-1,4,KB부동산 단지 시세/평형정보 | https://kbland.kr/map?complex=16105,2026-09-18,,,verified,sale_apartment,
A61274013,exclusive_94_17,94.17,136.19,41평H-1,4,KB부동산 단지 시세/평형정보 | https://kbland.kr/map?complex=16105,2026-09-18,,,verified,sale_apartment,
A61274013,exclusive_93_04,93.04,136.19,41평C,46,KB부동산 단지 시세/평형정보 | https://kbland.kr/map?complex=16105,2026-09-18,,,verified,sale_apartment,
A61274013,exclusive_94_45,94.45,136.64,41평H,27,KB부동산 단지 시세/평형정보 | https://kbland.kr/map?complex=16105,2026-09-18,,,verified,sale_apartment,
A61274013,exclusive_90_84,90.84,138.1,41평D-7,1,KB부동산 단지 시세/평형정보 | https://kbland.kr/map?complex=16105,2026-09-18,,,verified,sale_apartment,
A61274013,exclusive_92_89,92.89,138.57,41평E-2,1,KB부동산 단지 시세/평형정보 | https://kbland.kr/map?complex=16105,2026-09-18,,,verified,sale_apartment,
A61274013,exclusive_92_15_42평A-2,92.15,139.78,42평A-2,2,KB부동산 단지 시세/평형정보 | https://kbland.kr/map?complex=16105,2026-09-18,,,verified,sale_apartment,
A61274013,exclusive_93_99,93.99,140.81,42평C-2,2,KB부동산 단지 시세/평형정보 | https://kbland.kr/map?complex=16105,2026-09-18,,,verified,sale_apartment,
A61274013,exclusive_94_17_42평H-2,94.17,141.47,42평H-2,2,KB부동산 단지 시세/평형정보 | https://kbland.kr/map?complex=16105,2026-09-18,,,verified,sale_apartment,
A61274013,exclusive_98_55,98.55,142.24,43평G-1,4,KB부동산 단지 시세/평형정보 | https://kbland.kr/map?complex=16105,2026-09-18,,,verified,sale_apartment,
A61274013,exclusive_94_11,94.11,142.55,43평D-6,1,KB부동산 단지 시세/평형정보 | https://kbland.kr/map?complex=16105,2026-09-18,,,verified,sale_apartment,
A61274013,exclusive_98_47,98.47,142.97,43평D,31,KB부동산 단지 시세/평형정보 | https://kbland.kr/map?complex=16105,2026-09-18,,,verified,sale_apartment,
A61274013,exclusive_99_79,99.79,144.56,43평G,27,KB부동산 단지 시세/평형정보 | https://kbland.kr/map?complex=16105,2026-09-18,,,verified,sale_apartment,
A61274013,exclusive_97_29,97.29,144.63,43평E-1,1,KB부동산 단지 시세/평형정보 | https://kbland.kr/map?complex=16105,2026-09-18,,,verified,sale_apartment,
A61274013,exclusive_96_81,96.81,146.22,44평D-5,1,KB부동산 단지 시세/평형정보 | https://kbland.kr/map?complex=16105,2026-09-18,,,verified,sale_apartment,
A61274013,exclusive_98_55_44평G-2,98.55,147.52,44평G-2,2,KB부동산 단지 시세/평형정보 | https://kbland.kr/map?complex=16105,2026-09-18,,,verified,sale_apartment,
A61274013,exclusive_103_03,103.03,147.65,44평B,31,KB부동산 단지 시세/평형정보 | https://kbland.kr/map?complex=16105,2026-09-18,,,verified,sale_apartment,
A61274013,exclusive_98_18,98.18,148.06,44평D-2,1,KB부동산 단지 시세/평형정보 | https://kbland.kr/map?complex=16105,2026-09-18,,,verified,sale_apartment,
A61274013,exclusive_98_47_44평D-1,98.47,148.35,44평D-1,1,KB부동산 단지 시세/평형정보 | https://kbland.kr/map?complex=16105,2026-09-18,,,verified,sale_apartment,
A61274013,exclusive_100_46,100.46,149.0,45평E,1,KB부동산 단지 시세/평형정보 | https://kbland.kr/map?complex=16105,2026-09-18,,,verified,sale_apartment,
A61274013,exclusive_98_92,98.92,149.12,45평D-4,1,KB부동산 단지 시세/평형정보 | https://kbland.kr/map?complex=16105,2026-09-18,,,verified,sale_apartment,
A61274013,exclusive_100_43,100.43,151.21,45평D-3,1,KB부동산 단지 시세/평형정보 | https://kbland.kr/map?complex=16105,2026-09-18,,,verified,sale_apartment,
A61274013,exclusive_102_42,102.42,151.75,45평B-2,1,KB부동산 단지 시세/평형정보 | https://kbland.kr/map?complex=16105,2026-09-18,,,verified,sale_apartment,
A61274013,exclusive_103_03_46평B-1,103.03,153.05,46평B-1,1,KB부동산 단지 시세/평형정보 | https://kbland.kr/map?complex=16105,2026-09-18,,,verified,sale_apartment,
A61274013,exclusive_107_97,107.97,156.57,47평A-1,10,KB부동산 단지 시세/평형정보 | https://kbland.kr/map?complex=16105,2026-09-18,,,verified,sale_apartment,
A61274013,exclusive_108_1,108.1,156.78,47평A,46,KB부동산 단지 시세/평형정보 | https://kbland.kr/map?complex=16105,2026-09-18,,,verified,sale_apartment,
A61274013,exclusive_110_15,110.15,158.77,48평C-1,10,KB부동산 단지 시세/평형정보 | https://kbland.kr/map?complex=16105,2026-09-18,,,verified,sale_apartment,
A61274013,exclusive_110_44,110.44,159.0,48평C,46,KB부동산 단지 시세/평형정보 | https://kbland.kr/map?complex=16105,2026-09-18,,,verified,sale_apartment,
A61274013,exclusive_106_87,106.87,159.17,48평A-3,1,KB부동산 단지 시세/평형정보 | https://kbland.kr/map?complex=16105,2026-09-18,,,verified,sale_apartment,
A61274013,exclusive_107_61,107.61,160.21,48평A-2,1,KB부동산 단지 시세/평형정보 | https://kbland.kr/map?complex=16105,2026-09-18,,,verified,sale_apartment,
A61274013,exclusive_110_12,110.12,160.81,48평D-1,10,KB부동산 단지 시세/평형정보 | https://kbland.kr/map?complex=16105,2026-09-18,,,verified,sale_apartment,
A61274013,exclusive_110_47,110.47,161.43,48평D,46,KB부동산 단지 시세/평형정보 | https://kbland.kr/map?complex=16105,2026-09-18,,,verified,sale_apartment,
A61274013,exclusive_111_9,111.9,161.45,48평E-1,4,KB부동산 단지 시세/평형정보 | https://kbland.kr/map?complex=16105,2026-09-18,,,verified,sale_apartment,
A61274013,exclusive_112_13,112.13,161.81,48평E,27,KB부동산 단지 시세/평형정보 | https://kbland.kr/map?complex=16105,2026-09-18,,,verified,sale_apartment,
A61274013,exclusive_112_6,112.6,163.51,49평F-1,4,KB부동산 단지 시세/평형정보 | https://kbland.kr/map?complex=16105,2026-09-18,,,verified,sale_apartment,
A61274013,exclusive_111_02,111.02,163.98,49평B,50,KB부동산 단지 시세/평형정보 | https://kbland.kr/map?complex=16105,2026-09-18,,,verified,sale_apartment,
A61274013,exclusive_108_76,108.76,164.5,49평B-2,1,KB부동산 단지 시세/평형정보 | https://kbland.kr/map?complex=16105,2026-09-18,,,verified,sale_apartment,
A61274013,exclusive_112_99,112.99,164.55,49평F,27,KB부동산 단지 시세/평형정보 | https://kbland.kr/map?complex=16105,2026-09-18,,,verified,sale_apartment,
A61274013,exclusive_110_15_49평C-2,110.15,164.99,49평C-2,2,KB부동산 단지 시세/평형정보 | https://kbland.kr/map?complex=16105,2026-09-18,,,verified,sale_apartment,
A61274013,exclusive_114_38,114.38,166.3,50평A-1,4,KB부동산 단지 시세/평형정보 | https://kbland.kr/map?complex=16105,2026-09-18,,,verified,sale_apartment,
A61274013,exclusive_111_61,111.61,166.34,50평E-3,1,KB부동산 단지 시세/평형정보 | https://kbland.kr/map?complex=16105,2026-09-18,,,verified,sale_apartment,
A61274013,exclusive_111_9_50평E-2,111.9,166.82,50평E-2,1,KB부동산 단지 시세/평형정보 | https://kbland.kr/map?complex=16105,2026-09-18,,,verified,sale_apartment,
A61274013,exclusive_110_12_50평D-2,110.12,167.02,50평D-2,2,KB부동산 단지 시세/평형정보 | https://kbland.kr/map?complex=16105,2026-09-18,,,verified,sale_apartment,
A61274013,exclusive_111_02_50평B-1,111.02,168.02,50평B-1,2,KB부동산 단지 시세/평형정보 | https://kbland.kr/map?complex=16105,2026-09-18,,,verified,sale_apartment,
A61274013,exclusive_115_68,115.68,168.25,50평A,46,KB부동산 단지 시세/평형정보 | https://kbland.kr/map?complex=16105,2026-09-18,,,verified,sale_apartment,
A61274013,exclusive_112_6_51평F-2,112.6,168.84,51평F-2,2,KB부동산 단지 시세/평형정보 | https://kbland.kr/map?complex=16105,2026-09-18,,,verified,sale_apartment,
A61274013,exclusive_114_38_51평A-2,114.38,170.49,51평A-2,2,KB부동산 단지 시세/평형정보 | https://kbland.kr/map?complex=16105,2026-09-18,,,verified,sale_apartment,
A61274013,exclusive_117_74,117.74,172.0,52평A,50,KB부동산 단지 시세/평형정보 | https://kbland.kr/map?complex=16105,2026-09-18,,,verified,sale_apartment,
A61274013,exclusive_119_85,119.85,173.39,52평C,56,KB부동산 단지 시세/평형정보 | https://kbland.kr/map?complex=16105,2026-09-18,,,verified,sale_apartment,
A61274013,exclusive_117_4,117.4,175.53,53평A-2,1,KB부동산 단지 시세/평형정보 | https://kbland.kr/map?complex=16105,2026-09-18,,,verified,sale_apartment,
A61274013,exclusive_117_74_53평A-1,117.74,176.16,53평A-1,1,KB부동산 단지 시세/평형정보 | https://kbland.kr/map?complex=16105,2026-09-18,,,verified,sale_apartment,
A61274013,exclusive_119_44,119.44,176.97,53평C-2,1,KB부동산 단지 시세/평형정보 | https://kbland.kr/map?complex=16105,2026-09-18,,,verified,sale_apartment,
A61274013,exclusive_117_63,117.63,177.08,53평B-1,1,KB부동산 단지 시세/평형정보 | https://kbland.kr/map?complex=16105,2026-09-18,,,verified,sale_apartment,
A61274013,exclusive_119_85_53평C-1,119.85,177.38,53평C-1,1,KB부동산 단지 시세/평형정보 | https://kbland.kr/map?complex=16105,2026-09-18,,,verified,sale_apartment,
A61274013,exclusive_126_13,126.13,180.1,54평E,56,KB부동산 단지 시세/평형정보 | https://kbland.kr/map?complex=16105,2026-09-18,,,verified,sale_apartment,
A61274013,exclusive_126_36,126.36,181.39,54평D-1,10,KB부동산 단지 시세/평형정보 | https://kbland.kr/map?complex=16105,2026-09-18,,,verified,sale_apartment,
A61274013,exclusive_127_66,127.66,183.15,55평D,46,KB부동산 단지 시세/평형정보 | https://kbland.kr/map?complex=16105,2026-09-18,,,verified,sale_apartment,
A61274013,exclusive_120_99,120.99,184.04,55평G-1,1,KB부동산 단지 시세/평형정보 | https://kbland.kr/map?complex=16105,2026-09-18,,,verified,sale_apartment,
A61274013,exclusive_125_73,125.73,184.23,55평B-1,4,KB부동산 단지 시세/평형정보 | https://kbland.kr/map?complex=16105,2026-09-18,,,verified,sale_apartment,
A61274013,exclusive_126_36_56평D-2,126.36,185.36,56평D-2,1,KB부동산 단지 시세/평형정보 | https://kbland.kr/map?complex=16105,2026-09-18,,,verified,sale_apartment,
A61274013,exclusive_126_6,126.6,185.55,56평B,46,KB부동산 단지 시세/평형정보 | https://kbland.kr/map?complex=16105,2026-09-18,,,verified,sale_apartment,
A61274013,exclusive_126_79,126.79,186.0,56평D-3,1,KB부동산 단지 시세/평형정보 | https://kbland.kr/map?complex=16105,2026-09-18,,,verified,sale_apartment,
A61274013,exclusive_124_01,124.01,187.13,56평A,5,KB부동산 단지 시세/평형정보 | https://kbland.kr/map?complex=16105,2026-09-18,,,verified,sale_apartment,
A61274013,exclusive_124_72,124.72,187.24,56평B-2,2,KB부동산 단지 시세/평형정보 | https://kbland.kr/map?complex=16105,2026-09-18,,,verified,sale_apartment,
A61274013,exclusive_126_65,126.65,187.27,56평E-1,2,KB부동산 단지 시세/평형정보 | https://kbland.kr/map?complex=16105,2026-09-18,,,verified,sale_apartment,
A61274013,exclusive_125_65,125.65,188.5,57평B,1,KB부동산 단지 시세/평형정보 | https://kbland.kr/map?complex=16105,2026-09-18,,,verified,sale_apartment,
A61274013,exclusive_127_26,127.26,190.68,57평C,3,KB부동산 단지 시세/평형정보 | https://kbland.kr/map?complex=16105,2026-09-18,,,verified,sale_apartment,
A61274013,exclusive_127_63,127.63,194.31,58평F,5,KB부동산 단지 시세/평형정보 | https://kbland.kr/map?complex=16105,2026-09-18,,,verified,sale_apartment,
A61274013,exclusive_135_23,135.23,195.84,59평E,46,KB부동산 단지 시세/평형정보 | https://kbland.kr/map?complex=16105,2026-09-18,,,verified,sale_apartment,
A61274013,exclusive_135_94,135.94,196.44,59평E-1,10,KB부동산 단지 시세/평형정보 | https://kbland.kr/map?complex=16105,2026-09-18,,,verified,sale_apartment,
A61274013,exclusive_135_94_59평E-2,135.94,196.5,59평E-2,2,KB부동산 단지 시세/평형정보 | https://kbland.kr/map?complex=16105,2026-09-18,,,verified,sale_apartment,
A61274013,exclusive_138_72,138.72,199.61,60평A-1,4,KB부동산 단지 시세/평형정보 | https://kbland.kr/map?complex=16105,2026-09-18,,,verified,sale_apartment,
A61274013,exclusive_139_31,139.31,200.34,60평A,46,KB부동산 단지 시세/평형정보 | https://kbland.kr/map?complex=16105,2026-09-18,,,verified,sale_apartment,
A61274013,exclusive_132_21,132.21,200.71,60평G,1,KB부동산 단지 시세/평형정보 | https://kbland.kr/map?complex=16105,2026-09-18,,,verified,sale_apartment,
A61274013,exclusive_135_94_61평D,135.94,201.87,61평D,4,KB부동산 단지 시세/평형정보 | https://kbland.kr/map?complex=16105,2026-09-18,,,verified,sale_apartment,
A61274013,exclusive_138_72_62평A-2,138.72,205.77,62평A-2,7,KB부동산 단지 시세/평형정보 | https://kbland.kr/map?complex=16105,2026-09-18,,,verified,sale_apartment,
A61274013,exclusive_136_15,136.15,206.59,62평D-4,1,KB부동산 단지 시세/평형정보 | https://kbland.kr/map?complex=16105,2026-09-18,,,verified,sale_apartment,
A61274013,exclusive_136_55,136.55,206.62,62평F,1,KB부동산 단지 시세/평형정보 | https://kbland.kr/map?complex=16105,2026-09-18,,,verified,sale_apartment,
A61274013,exclusive_139_44,139.44,208.94,63평B,4,KB부동산 단지 시세/평형정보 | https://kbland.kr/map?complex=16105,2026-09-18,,,verified,sale_apartment,
A61274013,exclusive_137_97,137.97,210.48,63평A-2,1,KB부동산 단지 시세/평형정보 | https://kbland.kr/map?complex=16105,2026-09-18,,,verified,sale_apartment,
A61274013,exclusive_142_61,142.61,214.33,64평C,5,KB부동산 단지 시세/평형정보 | https://kbland.kr/map?complex=16105,2026-09-18,,,verified,sale_apartment,
A61274013,exclusive_146_03,146.03,217.92,65평B-1,1,KB부동산 단지 시세/평형정보 | https://kbland.kr/map?complex=16105,2026-09-18,,,verified,sale_apartment,
A61274013,exclusive_146_2,146.2,218.13,65평G,5,KB부동산 단지 시세/평형정보 | https://kbland.kr/map?complex=16105,2026-09-18,,,verified,sale_apartment,
A61274013,exclusive_154_62,154.62,220.22,66평E,31,KB부동산 단지 시세/평형정보 | https://kbland.kr/map?complex=16105,2026-09-18,,,verified,sale_apartment,
A61274013,exclusive_146_27,146.27,220.53,66평D3,1,KB부동산 단지 시세/평형정보 | https://kbland.kr/map?complex=16105,2026-09-18,,,verified,sale_apartment,
A61274013,exclusive_150_53,150.53,222.85,67평D-3,1,KB부동산 단지 시세/평형정보 | https://kbland.kr/map?complex=16105,2026-09-18,,,verified,sale_apartment,
A61274013,exclusive_154_62_68평E-1,154.62,225.68,68평E-1,7,KB부동산 단지 시세/평형정보 | https://kbland.kr/map?complex=16105,2026-09-18,,,verified,sale_apartment,
A61274013,exclusive_156_5,156.5,226.72,68평B-1,4,KB부동산 단지 시세/평형정보 | https://kbland.kr/map?complex=16105,2026-09-18,,,verified,sale_apartment,
A61274013,exclusive_157_51,157.51,228.19,69평B,46,KB부동산 단지 시세/평형정보 | https://kbland.kr/map?complex=16105,2026-09-18,,,verified,sale_apartment,
A61274013,exclusive_150_11,150.11,228.73,69평A-1,1,KB부동산 단지 시세/평형정보 | https://kbland.kr/map?complex=16105,2026-09-18,,,verified,sale_apartment,
A61274013,exclusive_154_77,154.77,228.77,69평F,3,KB부동산 단지 시세/평형정보 | https://kbland.kr/map?complex=16105,2026-09-18,,,verified,sale_apartment,
A61274013,exclusive_156_5_69평C,156.5,231.18,69평C,5,KB부동산 단지 시세/평형정보 | https://kbland.kr/map?complex=16105,2026-09-18,,,verified,sale_apartment,
A61274013,exclusive_154_65,154.65,232.45,70평D-2A,1,KB부동산 단지 시세/평형정보 | https://kbland.kr/map?complex=16105,2026-09-18,,,verified,sale_apartment,
A61274013,exclusive_156_5_70평B-2,156.5,232.92,70평B-2,7,KB부동산 단지 시세/평형정보 | https://kbland.kr/map?complex=16105,2026-09-18,,,verified,sale_apartment,
A61274013,exclusive_161_66,161.66,233.24,70평E-1,4,KB부동산 단지 시세/평형정보 | https://kbland.kr/map?complex=16105,2026-09-18,,,verified,sale_apartment,
A61274013,exclusive_158_98,158.98,234.7,70평D-2B,1,KB부동산 단지 시세/평형정보 | https://kbland.kr/map?complex=16105,2026-09-18,,,verified,sale_apartment,
A61274013,exclusive_162_82,162.82,234.91,71평E,27,KB부동산 단지 시세/평형정보 | https://kbland.kr/map?complex=16105,2026-09-18,,,verified,sale_apartment,
A61274013,exclusive_155_24,155.24,235.92,71평A,1,KB부동산 단지 시세/평형정보 | https://kbland.kr/map?complex=16105,2026-09-18,,,verified,sale_apartment,
A61274013,exclusive_158_47,158.47,237.11,71평D-1,1,KB부동산 단지 시세/평형정보 | https://kbland.kr/map?complex=16105,2026-09-18,,,verified,sale_apartment,
A61274013,exclusive_161_49,161.49,237.27,71평E-3,1,KB부동산 단지 시세/평형정보 | https://kbland.kr/map?complex=16105,2026-09-18,,,verified,sale_apartment,
A61274013,exclusive_161_66_71평E-2,161.66,237.46,71평E-2,1,KB부동산 단지 시세/평형정보 | https://kbland.kr/map?complex=16105,2026-09-18,,,verified,sale_apartment,
A61274013,exclusive_160_65,160.65,237.9,71평C,3,KB부동산 단지 시세/평형정보 | https://kbland.kr/map?complex=16105,2026-09-18,,,verified,sale_apartment,
A61274013,exclusive_160_57,160.57,241.38,73평B-4,1,KB부동산 단지 시세/평형정보 | https://kbland.kr/map?complex=16105,2026-09-18,,,verified,sale_apartment,
A61274013,exclusive_166_38,166.38,242.43,73평B-1,4,KB부동산 단지 시세/평형정보 | https://kbland.kr/map?complex=16105,2026-09-18,,,verified,sale_apartment,
A61274013,exclusive_164_47,164.47,242.58,73평D-1,1,KB부동산 단지 시세/평형정보 | https://kbland.kr/map?complex=16105,2026-09-18,,,verified,sale_apartment,
A61274013,exclusive_161_6,161.6,243.35,73평A,3,KB부동산 단지 시세/평형정보 | https://kbland.kr/map?complex=16105,2026-09-18,,,verified,sale_apartment,
A61274013,exclusive_163_14,163.14,243.61,73평D,1,KB부동산 단지 시세/평형정보 | https://kbland.kr/map?complex=16105,2026-09-18,,,verified,sale_apartment,
A61274013,exclusive_168_5,168.5,245.21,74평B,46,KB부동산 단지 시세/평형정보 | https://kbland.kr/map?complex=16105,2026-09-18,,,verified,sale_apartment,
A61274013,exclusive_165_03,165.03,246.72,74평F,3,KB부동산 단지 시세/평형정보 | https://kbland.kr/map?complex=16105,2026-09-18,,,verified,sale_apartment,
A61274013,exclusive_165_66,165.66,247.63,74평B-3,1,KB부동산 단지 시세/평형정보 | https://kbland.kr/map?complex=16105,2026-09-18,,,verified,sale_apartment,
A61274013,exclusive_166_38_75평B-2,166.38,248.66,75평B-2,1,KB부동산 단지 시세/평형정보 | https://kbland.kr/map?complex=16105,2026-09-18,,,verified,sale_apartment,
A61274013,exclusive_165_76,165.76,248.92,75평SB,2,KB부동산 단지 시세/평형정보 | https://kbland.kr/map?complex=16105,2026-09-18,,,verified,sale_apartment,
A61274013,exclusive_169_34,169.34,249.44,75평D,1,KB부동산 단지 시세/평형정보 | https://kbland.kr/map?complex=16105,2026-09-18,,,verified,sale_apartment,
A61274013,exclusive_170_05,170.05,251.52,76평A-4,1,KB부동산 단지 시세/평형정보 | https://kbland.kr/map?complex=16105,2026-09-18,,,verified,sale_apartment,
A61274013,exclusive_168_01,168.01,251.83,76평B-3,1,KB부동산 단지 시세/평형정보 | https://kbland.kr/map?complex=16105,2026-09-18,,,verified,sale_apartment,
A61274013,exclusive_167_93,167.93,256.85,77평SA-1,1,KB부동산 단지 시세/평형정보 | https://kbland.kr/map?complex=16105,2026-09-18,,,verified,sale_apartment,
A61274013,exclusive_179_7,179.7,257.27,77평C-1,10,KB부동산 단지 시세/평형정보 | https://kbland.kr/map?complex=16105,2026-09-18,,,verified,sale_apartment,
A61274013,exclusive_180_19,180.19,258.42,78평C,46,KB부동산 단지 시세/평형정보 | https://kbland.kr/map?complex=16105,2026-09-18,,,verified,sale_apartment,
A61274013,exclusive_173_62,173.62,260.36,78평D,4,KB부동산 단지 시세/평형정보 | https://kbland.kr/map?complex=16105,2026-09-18,,,verified,sale_apartment,
A61274013,exclusive_174_36,174.36,260.87,78평B-2,1,KB부동산 단지 시세/평형정보 | https://kbland.kr/map?complex=16105,2026-09-18,,,verified,sale_apartment,
A61274013,exclusive_179_7_79평C-2,179.7,261.39,79평C-2,2,KB부동산 단지 시세/평형정보 | https://kbland.kr/map?complex=16105,2026-09-18,,,verified,sale_apartment,
A61274013,exclusive_177_75,177.75,262.28,79평A-3,1,KB부동산 단지 시세/평형정보 | https://kbland.kr/map?complex=16105,2026-09-18,,,verified,sale_apartment,
A61274013,exclusive_184_36,184.36,262.81,79평E-1,4,KB부동산 단지 시세/평형정보 | https://kbland.kr/map?complex=16105,2026-09-18,,,verified,sale_apartment,
A61274013,exclusive_184_62,184.62,263.23,79평E,27,KB부동산 단지 시세/평형정보 | https://kbland.kr/map?complex=16105,2026-09-18,,,verified,sale_apartment,
A61274013,exclusive_172_42,172.42,264.58,80평SA,1,KB부동산 단지 시세/평형정보 | https://kbland.kr/map?complex=16105,2026-09-18,,,verified,sale_apartment,
A61274013,exclusive_184_36_80평E-2,184.36,267.12,80평E-2,2,KB부동산 단지 시세/평형정보 | https://kbland.kr/map?complex=16105,2026-09-18,,,verified,sale_apartment,
A61274013,exclusive_179_47,179.47,268.05,81평B-1,1,KB부동산 단지 시세/평형정보 | https://kbland.kr/map?complex=16105,2026-09-18,,,verified,sale_apartment,
A61274013,exclusive_181_64,181.64,270.19,81평F,5,KB부동산 단지 시세/평형정보 | https://kbland.kr/map?complex=16105,2026-09-18,,,verified,sale_apartment,
A61274013,exclusive_182_03,182.03,271.83,82평A,3,KB부동산 단지 시세/평형정보 | https://kbland.kr/map?complex=16105,2026-09-18,,,verified,sale_apartment,
A61274013,exclusive_185_08,185.08,272.54,82평SD-1,1,KB부동산 단지 시세/평형정보 | https://kbland.kr/map?complex=16105,2026-09-18,,,verified,sale_apartment,
A61274013,exclusive_183_17,183.17,273.24,82평B,1,KB부동산 단지 시세/평형정보 | https://kbland.kr/map?complex=16105,2026-09-18,,,verified,sale_apartment,
A61274013,exclusive_185_54,185.54,273.56,82평A-2,1,KB부동산 단지 시세/평형정보 | https://kbland.kr/map?complex=16105,2026-09-18,,,verified,sale_apartment,
A61274013,exclusive_190_24,190.24,275.54,83평E-4,1,KB부동산 단지 시세/평형정보 | https://kbland.kr/map?complex=16105,2026-09-18,,,verified,sale_apartment,
A61274013,exclusive_191_18,191.18,277.06,83평E-3,1,KB부동산 단지 시세/평형정보 | https://kbland.kr/map?complex=16105,2026-09-18,,,verified,sale_apartment,
A61274013,exclusive_191_6,191.6,282.86,85평SA-1,1,KB부동산 단지 시세/평형정보 | https://kbland.kr/map?complex=16105,2026-09-18,,,verified,sale_apartment,
A61274013,exclusive_193_03,193.03,283.95,85평A-1,1,KB부동산 단지 시세/평형정보 | https://kbland.kr/map?complex=16105,2026-09-18,,,verified,sale_apartment,
A61274013,exclusive_197_54,197.54,285.83,86평E-2,1,KB부동산 단지 시세/평형정보 | https://kbland.kr/map?complex=16105,2026-09-18,,,verified,sale_apartment,
A61274013,exclusive_194_79,194.79,287.6,87평B,4,KB부동산 단지 시세/평형정보 | https://kbland.kr/map?complex=16105,2026-09-18,,,verified,sale_apartment,
A61274013,exclusive_194_79_87평SC,194.79,287.6,87평SC,2,KB부동산 단지 시세/평형정보 | https://kbland.kr/map?complex=16105,2026-09-18,,,verified,sale_apartment,
A61274013,exclusive_196_83,196.83,288.9,87평SD,1,KB부동산 단지 시세/평형정보 | https://kbland.kr/map?complex=16105,2026-09-18,,,verified,sale_apartment,
A61274013,exclusive_199_86,199.86,290.6,87평A,1,KB부동산 단지 시세/평형정보 | https://kbland.kr/map?complex=16105,2026-09-18,,,verified,sale_apartment,
A61274013,exclusive_200_62,200.62,290.79,87평D,5,KB부동산 단지 시세/평형정보 | https://kbland.kr/map?complex=16105,2026-09-18,,,verified,sale_apartment,
A61274013,exclusive_199_04,199.04,291.04,88평C-2,1,KB부동산 단지 시세/평형정보 | https://kbland.kr/map?complex=16105,2026-09-18,,,verified,sale_apartment,
A61274013,exclusive_202_64,202.64,292.92,88평E-1,1,KB부동산 단지 시세/평형정보 | https://kbland.kr/map?complex=16105,2026-09-18,,,verified,sale_apartment,
A61274013,exclusive_200_3,200.3,294.6,89평A,4,KB부동산 단지 시세/평형정보 | https://kbland.kr/map?complex=16105,2026-09-18,,,verified,sale_apartment,
A61274013,exclusive_203_81,203.81,296.84,89평C-1,1,KB부동산 단지 시세/평형정보 | https://kbland.kr/map?complex=16105,2026-09-18,,,verified,sale_apartment,
A61274013,exclusive_206_35,206.35,298.03,90평E,1,KB부동산 단지 시세/평형정보 | https://kbland.kr/map?complex=16105,2026-09-18,,,verified,sale_apartment,
A61274013,exclusive_205_21,205.21,300.07,90평C-2,1,KB부동산 단지 시세/평형정보 | https://kbland.kr/map?complex=16105,2026-09-18,,,verified,sale_apartment,
A61274013,exclusive_202_03,202.03,301.48,91평B-3,1,KB부동산 단지 시세/평형정보 | https://kbland.kr/map?complex=16105,2026-09-18,,,verified,sale_apartment,
A61274013,exclusive_207_4,207.4,302.13,91평C,1,KB부동산 단지 시세/평형정보 | https://kbland.kr/map?complex=16105,2026-09-18,,,verified,sale_apartment,
A61274013,exclusive_205_34,205.34,302.38,91평SA,1,KB부동산 단지 시세/평형정보 | https://kbland.kr/map?complex=16105,2026-09-18,,,verified,sale_apartment,
A61274013,exclusive_201_04,201.04,303.64,91평SC-1,1,KB부동산 단지 시세/평형정보 | https://kbland.kr/map?complex=16105,2026-09-18,,,verified,sale_apartment,
A61274013,exclusive_208_3,208.3,305.04,92평SE,2,KB부동산 단지 시세/평형정보 | https://kbland.kr/map?complex=16105,2026-09-18,,,verified,sale_apartment,
A61274013,exclusive_205_53,205.53,311.17,94평SC,1,KB부동산 단지 시세/평형정보 | https://kbland.kr/map?complex=16105,2026-09-18,,,verified,sale_apartment,
A61274013,exclusive_212_86,212.86,312.8,94평A-3,1,KB부동산 단지 시세/평형정보 | https://kbland.kr/map?complex=16105,2026-09-18,,,verified,sale_apartment,
A61274013,exclusive_214_96,214.96,313.79,94평C-1,1,KB부동산 단지 시세/평형정보 | https://kbland.kr/map?complex=16105,2026-09-18,,,verified,sale_apartment,
A61274013,exclusive_212_32,212.32,316.71,95평A-2,1,KB부동산 단지 시세/평형정보 | https://kbland.kr/map?complex=16105,2026-09-18,,,verified,sale_apartment,
A61274013,exclusive_213_92,213.92,319.31,96평B-2,1,KB부동산 단지 시세/평형정보 | https://kbland.kr/map?complex=16105,2026-09-18,,,verified,sale_apartment,
A61274013,exclusive_221_14,221.14,325.09,98평A-2,1,KB부동산 단지 시세/평형정보 | https://kbland.kr/map?complex=16105,2026-09-18,,,verified,sale_apartment,
A61274013,exclusive_221_49,221.49,326.04,98평SA-1,1,KB부동산 단지 시세/평형정보 | https://kbland.kr/map?complex=16105,2026-09-18,,,verified,sale_apartment,
A61274013,exclusive_223_77,223.77,326.12,98평C,1,KB부동산 단지 시세/평형정보 | https://kbland.kr/map?complex=16105,2026-09-18,,,verified,sale_apartment,
A61274013,exclusive_219_01,219.01,326.27,98평B-1,1,KB부동산 단지 시세/평형정보 | https://kbland.kr/map?complex=16105,2026-09-18,,,verified,sale_apartment,
A61274013,exclusive_221_44,221.44,329.14,99평A-1,1,KB부동산 단지 시세/평형정보 | https://kbland.kr/map?complex=16105,2026-09-18,,,verified,sale_apartment,
A61274013,exclusive_219_94,219.94,331.11,100평SG-1,1,KB부동산 단지 시세/평형정보 | https://kbland.kr/map?complex=16105,2026-09-18,,,verified,sale_apartment,
A61274013,exclusive_223_46,223.46,332.59,100평B,1,KB부동산 단지 시세/평형정보 | https://kbland.kr/map?complex=16105,2026-09-18,,,verified,sale_apartment,
A61274013,exclusive_232_91,232.91,333.89,101평SC-1,1,KB부동산 단지 시세/평형정보 | https://kbland.kr/map?complex=16105,2026-09-18,,,verified,sale_apartment,
A61274013,exclusive_229_85,229.85,337.16,101평A-1,1,KB부동산 단지 시세/평형정보 | https://kbland.kr/map?complex=16105,2026-09-18,,,verified,sale_apartment,
A61274013,exclusive_229_37,229.37,337.76,102평C-2,1,KB부동산 단지 시세/평형정보 | https://kbland.kr/map?complex=16105,2026-09-18,,,verified,sale_apartment,
A61274013,exclusive_224_26,224.26,338.41,102평SG,1,KB부동산 단지 시세/평형정보 | https://kbland.kr/map?complex=16105,2026-09-18,,,verified,sale_apartment,
A61274013,exclusive_237_33,237.33,339.03,102평A,1,KB부동산 단지 시세/평형정보 | https://kbland.kr/map?complex=16105,2026-09-18,,,verified,sale_apartment,
A61274013,exclusive_230_37,230.37,341.99,103평A,1,KB부동산 단지 시세/평형정보 | https://kbland.kr/map?complex=16105,2026-09-18,,,verified,sale_apartment,
A61274013,exclusive_238_55,238.55,342.07,103평C-1,1,KB부동산 단지 시세/평형정보 | https://kbland.kr/map?complex=16105,2026-09-18,,,verified,sale_apartment,
A61274013,exclusive_233_15,233.15,343.56,103평SF,2,KB부동산 단지 시세/평형정보 | https://kbland.kr/map?complex=16105,2026-09-18,,,verified,sale_apartment,
A61274013,exclusive_231_36,231.36,343.89,104평SA-1,1,KB부동산 단지 시세/평형정보 | https://kbland.kr/map?complex=16105,2026-09-18,,,verified,sale_apartment,
A61274013,exclusive_234_57,234.57,344.06,104평B,3,KB부동산 단지 시세/평형정보 | https://kbland.kr/map?complex=16105,2026-09-18,,,verified,sale_apartment,
A61274013,exclusive_235_25,235.25,345.74,104평SA,1,KB부동산 단지 시세/평형정보 | https://kbland.kr/map?complex=16105,2026-09-18,,,verified,sale_apartment,
A61274013,exclusive_240_22,240.22,345.77,104평SB-1,1,KB부동산 단지 시세/평형정보 | https://kbland.kr/map?complex=16105,2026-09-18,,,verified,sale_apartment,
A61274013,exclusive_244_99,244.99,348.26,105평SB,2,KB부동산 단지 시세/평형정보 | https://kbland.kr/map?complex=16105,2026-09-18,,,verified,sale_apartment,
A61274013,exclusive_244_99_105평A,244.99,348.34,105평A,8,KB부동산 단지 시세/평형정보 | https://kbland.kr/map?complex=16105,2026-09-18,,,verified,sale_apartment,
A61274013,exclusive_243_54,243.54,348.56,105평SC,1,KB부동산 단지 시세/평형정보 | https://kbland.kr/map?complex=16105,2026-09-18,,,verified,sale_apartment,
A61274013,exclusive_241_9,241.9,350.17,105평SA,1,KB부동산 단지 시세/평형정보 | https://kbland.kr/map?complex=16105,2026-09-18,,,verified,sale_apartment,
A61274013,exclusive_244_79,244.79,350.32,105평C,1,KB부동산 단지 시세/평형정보 | https://kbland.kr/map?complex=16105,2026-09-18,,,verified,sale_apartment,
A61274013,exclusive_250_75,250.75,360.92,109평SB,1,KB부동산 단지 시세/평형정보 | https://kbland.kr/map?complex=16105,2026-09-18,,,verified,sale_apartment,
A61274013,exclusive_285_86,285.86,411.1,124평SA,2,KB부동산 단지 시세/평형정보 | https://kbland.kr/map?complex=16105,2026-09-18,,,verified,sale_apartment,
A61274114,exclusive_58_69,58.69,79.91,24평A,148,KB부동산 단지 시세/평형정보 | https://kbland.kr/map?complex=6103,2026-09-18,,,verified,sale_apartment,
A61274114,exclusive_59_55,59.55,80.29,24평C,36,KB부동산 단지 시세/평형정보 | https://kbland.kr/map?complex=6103,2026-09-18,,,verified,sale_apartment,
A61274114,exclusive_59_53,59.53,80.8,24평B,131,KB부동산 단지 시세/평형정보 | https://kbland.kr/map?complex=6103,2026-09-18,,,verified,sale_apartment,
A61274114,exclusive_84_95,84.95,104.73,31평A,228,KB부동산 단지 시세/평형정보 | https://kbland.kr/map?complex=6103,2026-09-18,,,verified,sale_apartment,
A61274114,exclusive_84_77,84.77,107.01,32평B,36,KB부동산 단지 시세/평형정보 | https://kbland.kr/map?complex=6103,2026-09-18,,,verified,sale_apartment,
A61274114,exclusive_84_25,84.25,107.08,32평C,19,KB부동산 단지 시세/평형정보 | https://kbland.kr/map?complex=6103,2026-09-18,,,verified,sale_apartment,
A61274114,exclusive_84_88,84.88,108.04,32평A,38,KB부동산 단지 시세/평형정보 | https://kbland.kr/map?complex=6103,2026-09-18,,,verified,sale_apartment,
A61274114,exclusive_123_98,123.98,149.79,45평,112,KB부동산 단지 시세/평형정보 | https://kbland.kr/map?complex=6103,2026-09-18,,,verified,sale_apartment,
A61274114,exclusive_175_41,175.41,213.1,64평,108,KB부동산 단지 시세/평형정보 | https://kbland.kr/map?complex=6103,2026-09-18,,,verified,sale_apartment,
A61274114,exclusive_187_38,187.38,225.83,68평,18,KB부동산 단지 시세/평형정보 | https://kbland.kr/map?complex=6103,2026-09-18,,,verified,sale_apartment,
A61274114,exclusive_191_43,191.43,230.13,69평,18,KB부동산 단지 시세/평형정보 | https://kbland.kr/map?complex=6103,2026-09-18,,,verified,sale_apartment,
A61274508,exclusive_59_8,59.8,79.22,23평,360,KB부동산 단지 시세/평형정보 | https://kbland.kr/map?complex=6109,2026-09-18,,,verified,sale_apartment,
A61274508,exclusive_84_96,84.96,108.19,32평,920,KB부동산 단지 시세/평형정보 | https://kbland.kr/map?complex=6109,2026-09-18,,,verified,sale_apartment,
A61274508,exclusive_114_92,114.92,138.7,41평,400,KB부동산 단지 시세/평형정보 | https://kbland.kr/map?complex=6109,2026-09-18,,,verified,sale_apartment,
A61274707,exclusive_63,63.0,88.68,26평,272,KB부동산 단지 시세/평형정보 | https://kbland.kr/map?complex=6101,2026-09-18,,,verified,sale_apartment,
A61274707,exclusive_84_69,84.69,103.65,31평B,168,KB부동산 단지 시세/평형정보 | https://kbland.kr/map?complex=6101,2026-09-18,,,verified,sale_apartment,
A61274707,exclusive_84_99,84.99,105.65,31평C,348,KB부동산 단지 시세/평형정보 | https://kbland.kr/map?complex=6101,2026-09-18,,,verified,sale_apartment,
A61274707,exclusive_75_15,75.15,105.78,31평A,14,KB부동산 단지 시세/평형정보 | https://kbland.kr/map?complex=6101,2026-09-18,,,verified,sale_apartment,
A61274707,exclusive_114_39,114.39,140.01,42평,28,KB부동산 단지 시세/평형정보 | https://kbland.kr/map?complex=6101,2026-09-18,,,verified,sale_apartment,
A61274707,exclusive_128_6,128.6,152.64,46평,84,KB부동산 단지 시세/평형정보 | https://kbland.kr/map?complex=6101,2026-09-18,,,verified,sale_apartment,
A61274707,exclusive_128_27,128.27,153.28,46평,78,KB부동산 단지 시세/평형정보 | https://kbland.kr/map?complex=6101,2026-09-18,,,verified,sale_apartment,
A61274707,exclusive_163_94,163.94,190.3,57평,84,KB부동산 단지 시세/평형정보 | https://kbland.kr/map?complex=6101,2026-09-18,,,verified,sale_apartment,
A61278912,exclusive_59_81,59.81,76.91,23평,240,KB부동산 단지 시세/평형정보 | https://kbland.kr/map?complex=6102,2026-09-18,,,verified,sale_apartment,
A61278912,exclusive_84_51,84.51,103.65,31평,180,KB부동산 단지 시세/평형정보 | https://kbland.kr/map?complex=6102,2026-09-18,,,verified,sale_apartment,
A61278912,exclusive_84_93,84.93,103.94,31평S,180,KB부동산 단지 시세/평형정보 | https://kbland.kr/map?complex=6102,2026-09-18,,,verified,sale_apartment,
A61278912,exclusive_101_72,101.72,121.55,36평,60,KB부동산 단지 시세/평형정보 | https://kbland.kr/map?complex=6102,2026-09-18,,,verified,sale_apartment,
A61278912,exclusive_131_27,131.27,153.4,46평,60,KB부동산 단지 시세/평형정보 | https://kbland.kr/map?complex=6102,2026-09-18,,,verified,sale_apartment,
A61278912,exclusive_164_41,164.41,188.99,57평,30,KB부동산 단지 시세/평형정보 | https://kbland.kr/map?complex=6102,2026-09-18,,,verified,sale_apartment,
A61286810,exclusive_71_69,71.69,97.95,29평,122,KB부동산 단지 시세/평형정보 | https://kbland.kr/map?complex=14153,2026-09-18,,,verified,sale_apartment,
A61286810,exclusive_84_9,84.9,112.12,33평,376,KB부동산 단지 시세/평형정보 | https://kbland.kr/map?complex=14153,2026-09-18,,,verified,sale_apartment,
A61286810,exclusive_118_98,118.98,140.33,42평,50,KB부동산 단지 시세/평형정보 | https://kbland.kr/map?complex=14153,2026-09-18,,,verified,sale_apartment,
A10024591,exclusive_84_91,84.91,117.45,35평C,138,KB부동산 단지 시세/평형정보 | https://kbland.kr/map?complex=36116,2026-09-18,,,verified,sale_apartment,
A10024591,exclusive_84_99,84.99,117.56,35평A,230,KB부동산 단지 시세/평형정보 | https://kbland.kr/map?complex=36116,2026-09-18,,,verified,sale_apartment,
A10024591,exclusive_84_99_35평B,84.99,117.81,35평B,368,KB부동산 단지 시세/평형정보 | https://kbland.kr/map?complex=36116,2026-09-18,,,verified,sale_apartment,
A10024591,exclusive_95_91,95.91,131.5,39평,92,KB부동산 단지 시세/평형정보 | https://kbland.kr/map?complex=36116,2026-09-18,,,verified,sale_apartment,
A10028037,exclusive_44_63,44.63,61.31,18평VA,15,KB부동산 단지 시세/평형정보 | https://kbland.kr/map?complex=22942,2026-09-18,,,verified,sale_apartment,
A10028037,exclusive_52_73,52.73,72.0,21평VC,7,KB부동산 단지 시세/평형정보 | https://kbland.kr/map?complex=22942,2026-09-18,,,verified,sale_apartment,
A10028037,exclusive_59_95,59.95,82.2,24평,42,KB부동산 단지 시세/평형정보 | https://kbland.kr/map?complex=22942,2026-09-18,,,verified,sale_apartment,
A10028037,exclusive_59_96,59.96,96.55,29평T,79,KB부동산 단지 시세/평형정보 | https://kbland.kr/map?complex=22942,2026-09-18,,,verified,sale_apartment,
A10028037,exclusive_81_37,81.37,108.69,32평B,108,KB부동산 단지 시세/평형정보 | https://kbland.kr/map?complex=22942,2026-09-18,,,verified,sale_apartment,
A10028037,exclusive_80_94,80.94,110.04,33평A,264,KB부동산 단지 시세/평형정보 | https://kbland.kr/map?complex=22942,2026-09-18,,,verified,sale_apartment,
A10028037,exclusive_84_96,84.96,116.59,35평VB,6,KB부동산 단지 시세/평형정보 | https://kbland.kr/map?complex=22942,2026-09-18,,,verified,sale_apartment,
A10028037,exclusive_98_19,98.19,132.29,40평,306,KB부동산 단지 시세/평형정보 | https://kbland.kr/map?complex=22942,2026-09-18,,,verified,sale_apartment,
A10028037,exclusive_101_13,101.13,134.44,40평A,37,KB부동산 단지 시세/평형정보 | https://kbland.kr/map?complex=22942,2026-09-18,,,verified,sale_apartment,
A10028037,exclusive_98_55,98.55,134.7,40평VD,31,KB부동산 단지 시세/평형정보 | https://kbland.kr/map?complex=22942,2026-09-18,,,verified,sale_apartment,
A10028037,exclusive_84_58,84.58,135.39,40평T,24,KB부동산 단지 시세/평형정보 | https://kbland.kr/map?complex=22942,2026-09-18,,,verified,sale_apartment,
A10028037,exclusive_102_31,102.31,137.28,41평B,189,KB부동산 단지 시세/평형정보 | https://kbland.kr/map?complex=22942,2026-09-18,,,verified,sale_apartment,
A10028037,exclusive_106_34,106.34,141.71,42평A,68,KB부동산 단지 시세/평형정보 | https://kbland.kr/map?complex=22942,2026-09-18,,,verified,sale_apartment,
A10028037,exclusive_105_88,105.88,142.62,43평,348,KB부동산 단지 시세/평형정보 | https://kbland.kr/map?complex=22942,2026-09-18,,,verified,sale_apartment,
A10028037,exclusive_109_27,109.27,145.14,43평B,113,KB부동산 단지 시세/평형정보 | https://kbland.kr/map?complex=22942,2026-09-18,,,verified,sale_apartment,
A10028037,exclusive_115_49,115.49,154.17,46평P1,40,KB부동산 단지 시세/평형정보 | https://kbland.kr/map?complex=22942,2026-09-18,,,verified,sale_apartment,
A10028037,exclusive_114_75,114.75,155.26,46평VG,4,KB부동산 단지 시세/평형정보 | https://kbland.kr/map?complex=22942,2026-09-18,,,verified,sale_apartment,
A10028037,exclusive_114_75_46평VF,114.75,155.26,46평VF,4,KB부동산 단지 시세/평형정보 | https://kbland.kr/map?complex=22942,2026-09-18,,,verified,sale_apartment,
A10028037,exclusive_114_75_46평VE,114.75,155.26,46평VE,22,KB부동산 단지 시세/평형정보 | https://kbland.kr/map?complex=22942,2026-09-18,,,verified,sale_apartment,
A10028037,exclusive_114_75_46평VI,114.75,155.26,46평VI,4,KB부동산 단지 시세/평형정보 | https://kbland.kr/map?complex=22942,2026-09-18,,,verified,sale_apartment,
A10028037,exclusive_114_75_46평VH,114.75,155.26,46평VH,4,KB부동산 단지 시세/평형정보 | https://kbland.kr/map?complex=22942,2026-09-18,,,verified,sale_apartment,
A10028037,exclusive_116_53,116.53,155.58,47평P2,25,KB부동산 단지 시세/평형정보 | https://kbland.kr/map?complex=22942,2026-09-18,,,verified,sale_apartment,
A10028037,exclusive_125_07,125.07,166.55,50평P,15,KB부동산 단지 시세/평형정보 | https://kbland.kr/map?complex=22942,2026-09-18,,,verified,sale_apartment,
A10028037,exclusive_129_15,129.15,170.23,51평B,60,KB부동산 단지 시세/평형정보 | https://kbland.kr/map?complex=22942,2026-09-18,,,verified,sale_apartment,
A10028037,exclusive_129_87,129.87,173.55,52평A,173,KB부동산 단지 시세/평형정보 | https://kbland.kr/map?complex=22942,2026-09-18,,,verified,sale_apartment,
A10028037,exclusive_134_31,134.31,178.1,53평,175,KB부동산 단지 시세/평형정보 | https://kbland.kr/map?complex=22942,2026-09-18,,,verified,sale_apartment,
A10028037,exclusive_132_52,132.52,178.68,54평VJ-A,3,KB부동산 단지 시세/평형정보 | https://kbland.kr/map?complex=22942,2026-09-18,,,verified,sale_apartment,
A10028037,exclusive_132_74,132.74,179.26,54평VJ-B,1,KB부동산 단지 시세/평형정보 | https://kbland.kr/map?complex=22942,2026-09-18,,,verified,sale_apartment,
A10028037,exclusive_153_57,153.57,204.71,61평,175,KB부동산 단지 시세/평형정보 | https://kbland.kr/map?complex=22942,2026-09-18,,,verified,sale_apartment,
A10028037,exclusive_153_01,153.01,205.12,62평PA,4,KB부동산 단지 시세/평형정보 | https://kbland.kr/map?complex=22942,2026-09-18,,,verified,sale_apartment,
A10028037,exclusive_158_61,158.61,212.29,64평PB,14,KB부동산 단지 시세/평형정보 | https://kbland.kr/map?complex=22942,2026-09-18,,,verified,sale_apartment,
A10028037,exclusive_233_14,233.14,307.76,93평PC,5,KB부동산 단지 시세/평형정보 | https://kbland.kr/map?complex=22942,2026-09-18,,,verified,sale_apartment,
A10028037,exclusive_241_89,241.89,318.96,96평PD,4,KB부동산 단지 시세/평형정보 | https://kbland.kr/map?complex=22942,2026-09-18,,,verified,sale_apartment,
A61201007,exclusive_84_97,84.97,109.34,33평,496,KB부동산 단지 시세/평형정보 | https://kbland.kr/map?complex=12592,2026-09-18,,,verified,sale_apartment,
A61201007,exclusive_101_92,101.92,127.44,38평,180,KB부동산 단지 시세/평형정보 | https://kbland.kr/map?complex=12592,2026-09-18,,,verified,sale_apartment,
A61201007,exclusive_125_19,125.19,158.01,47평,116,KB부동산 단지 시세/평형정보 | https://kbland.kr/map?complex=12592,2026-09-18,,,verified,sale_apartment,
A61203012,exclusive_59_58,59.58,77.76,23평,230,KB부동산 단지 시세/평형정보 | https://kbland.kr/map?complex=6143,2026-09-18,,,verified,sale_apartment,
A61203012,exclusive_84_9,84.9,105.51,31평,102,KB부동산 단지 시세/평형정보 | https://kbland.kr/map?complex=6143,2026-09-18,,,verified,sale_apartment,
A61203012,exclusive_134_99,134.99,162.53,49평,180,KB부동산 단지 시세/평형정보 | https://kbland.kr/map?complex=6143,2026-09-18,,,verified,sale_apartment,
A61203013,exclusive_59_94,59.94,74.14,22평,284,KB부동산 단지 시세/평형정보 | https://kbland.kr/map?complex=6145,2026-09-18,,,verified,sale_apartment,
A61203013,exclusive_84_9,84.9,105.02,31평,132,KB부동산 단지 시세/평형정보 | https://kbland.kr/map?complex=6145,2026-09-18,,,verified,sale_apartment,
A61203013,exclusive_134_97,134.97,166.95,50평,216,KB부동산 단지 시세/평형정보 | https://kbland.kr/map?complex=6145,2026-09-18,,,verified,sale_apartment,
A61203014,exclusive_58_8,58.8,74.08,22평,289,KB부동산 단지 시세/평형정보 | https://kbland.kr/map?complex=6152,2026-09-18,,,verified,sale_apartment,
A61203014,exclusive_84_03,84.03,105.87,32평,134,KB부동산 단지 시세/평형정보 | https://kbland.kr/map?complex=6152,2026-09-18,,,verified,sale_apartment,
A61203014,exclusive_101_94,101.94,128.43,38평,116,KB부동산 단지 시세/평형정보 | https://kbland.kr/map?complex=6152,2026-09-18,,,verified,sale_apartment,
A61203014,exclusive_134_47,134.47,169.41,51평,116,KB부동산 단지 시세/평형정보 | https://kbland.kr/map?complex=6152,2026-09-18,,,verified,sale_apartment,
A61203015,exclusive_58_2,58.2,75.09,22평,300,KB부동산 단지 시세/평형정보 | https://kbland.kr/map?complex=6139,2026-09-18,,,verified,sale_apartment,
A61203015,exclusive_84_93,84.93,103.62,31평,138,KB부동산 단지 시세/평형정보 | https://kbland.kr/map?complex=6139,2026-09-18,,,verified,sale_apartment,
A61203015,exclusive_128_37,128.37,148.49,44평,182,KB부동산 단지 시세/평형정보 | https://kbland.kr/map?complex=6139,2026-09-18,,,verified,sale_apartment,
A61203015,exclusive_134_25,134.25,151.56,45평,1,KB부동산 단지 시세/평형정보 | https://kbland.kr/map?complex=6139,2026-09-18,,,verified,sale_apartment,
A61203015,exclusive_164_85,164.85,186.07,56평,41,KB부동산 단지 시세/평형정보 | https://kbland.kr/map?complex=6139,2026-09-18,,,verified,sale_apartment,
A61203016,exclusive_55_68,55.68,74.1,22평,304,KB부동산 단지 시세/평형정보 | https://kbland.kr/map?complex=6125,2026-09-18,,,verified,sale_apartment,
A61203016,exclusive_84_93,84.93,106.06,32평,136,KB부동산 단지 시세/평형정보 | https://kbland.kr/map?complex=6125,2026-09-18,,,verified,sale_apartment,
A61203016,exclusive_101_73,101.73,124.13,37평,78,KB부동산 단지 시세/평형정보 | https://kbland.kr/map?complex=6125,2026-09-18,,,verified,sale_apartment,
A61203016,exclusive_134_88,134.88,159.49,48평,116,KB부동산 단지 시세/평형정보 | https://kbland.kr/map?complex=6125,2026-09-18,,,verified,sale_apartment,
A61203016,exclusive_150_98,150.98,180.8,54평,42,KB부동산 단지 시세/평형정보 | https://kbland.kr/map?complex=6125,2026-09-18,,,verified,sale_apartment,
A61203017,exclusive_58_44,58.44,73.57,22평,304,KB부동산 단지 시세/평형정보 | https://kbland.kr/map?complex=6146,2026-09-18,,,verified,sale_apartment,
A61203017,exclusive_83_6,83.6,105.25,31평,137,KB부동산 단지 시세/평형정보 | https://kbland.kr/map?complex=6146,2026-09-18,,,verified,sale_apartment,
A61203017,exclusive_99_78,99.78,125.62,38평,118,KB부동산 단지 시세/평형정보 | https://kbland.kr/map?complex=6146,2026-09-18,,,verified,sale_apartment,
A61203017,exclusive_134_19,134.19,168.94,51평,120,KB부동산 단지 시세/평형정보 | https://kbland.kr/map?complex=6146,2026-09-18,,,verified,sale_apartment,
A61203019,exclusive_59_91,59.91,79.31,23평A,166,KB부동산 단지 시세/평형정보 | https://kbland.kr/map?complex=6135,2026-09-18,,,verified,sale_apartment,
A61203019,exclusive_59_94,59.94,79.35,24평B,166,KB부동산 단지 시세/평형정보 | https://kbland.kr/map?complex=6135,2026-09-18,,,verified,sale_apartment,
A61203019,exclusive_84_99,84.99,105.94,32평,156,KB부동산 단지 시세/평형정보 | https://kbland.kr/map?complex=6135,2026-09-18,,,verified,sale_apartment,
A61203019,exclusive_134_97,134.97,157.19,47평,140,KB부동산 단지 시세/평형정보 | https://kbland.kr/map?complex=6135,2026-09-18,,,verified,sale_apartment,
A61203019,exclusive_164_91,164.91,196.93,59평,100,KB부동산 단지 시세/평형정보 | https://kbland.kr/map?complex=6135,2026-09-18,,,verified,sale_apartment,
A61203020,exclusive_59_88,59.88,75.81,22평,356,KB부동산 단지 시세/평형정보 | https://kbland.kr/map?complex=6129,2026-09-18,,,verified,sale_apartment,
A61203020,exclusive_84_93,84.93,107.81,32평,160,KB부동산 단지 시세/평형정보 | https://kbland.kr/map?complex=6129,2026-09-18,,,verified,sale_apartment,
A61203020,exclusive_99_96,99.96,127.43,38평,110,KB부동산 단지 시세/평형정보 | https://kbland.kr/map?complex=6129,2026-09-18,,,verified,sale_apartment,
A61203020,exclusive_134_83,134.83,171.89,51평,120,KB부동산 단지 시세/평형정보 | https://kbland.kr/map?complex=6129,2026-09-18,,,verified,sale_apartment,
A61203020,exclusive_164_76,164.76,210.04,63평,42,KB부동산 단지 시세/평형정보 | https://kbland.kr/map?complex=6129,2026-09-18,,,verified,sale_apartment,
A61203021,exclusive_39_95,39.95,57.14,17평,50,KB부동산 단지 시세/평형정보 | https://kbland.kr/map?complex=6142,2026-09-18,,,verified,sale_apartment,
A61203021,exclusive_49_73,49.73,71.13,21평,215,KB부동산 단지 시세/평형정보 | https://kbland.kr/map?complex=6142,2026-09-18,,,verified,sale_apartment,
A61203021,exclusive_59_9,59.9,79.54,24평B,40,KB부동산 단지 시세/평형정보 | https://kbland.kr/map?complex=6142,2026-09-18,,,verified,sale_apartment,
A61203021,exclusive_59_99,59.99,79.59,24평A,494,KB부동산 단지 시세/평형정보 | https://kbland.kr/map?complex=6142,2026-09-18,,,verified,sale_apartment,
A61203023,exclusive_59_6,59.6,80.0,24평A,398,KB부동산 단지 시세/평형정보 | https://kbland.kr/map?complex=6154,2026-09-18,,,verified,sale_apartment,
A61203023,exclusive_59_76,59.76,80.23,24평B,220,KB부동산 단지 시세/평형정보 | https://kbland.kr/map?complex=6154,2026-09-18,,,verified,sale_apartment,
A61203023,exclusive_84_93,84.93,108.14,32평,224,KB부동산 단지 시세/평형정보 | https://kbland.kr/map?complex=6154,2026-09-18,,,verified,sale_apartment,
A61203024,exclusive_59_94,59.94,79.9,24평B,126,KB부동산 단지 시세/평형정보 | https://kbland.kr/map?complex=6126,2026-09-18,,,verified,sale_apartment,
A61203024,exclusive_59_94_24평A,59.94,79.91,24평A,246,KB부동산 단지 시세/평형정보 | https://kbland.kr/map?complex=6126,2026-09-18,,,verified,sale_apartment,
A61203024,exclusive_84_96,84.96,106.96,32평,176,KB부동산 단지 시세/평형정보 | https://kbland.kr/map?complex=6126,2026-09-18,,,verified,sale_apartment,
A61203024,exclusive_101_94,101.94,125.28,37평,68,KB부동산 단지 시세/평형정보 | https://kbland.kr/map?complex=6126,2026-09-18,,,verified,sale_apartment,
A61203024,exclusive_134_64,134.64,160.39,48평,192,KB부동산 단지 시세/평형정보 | https://kbland.kr/map?complex=6126,2026-09-18,,,verified,sale_apartment,
A61203024,exclusive_155_31,155.31,182.71,55평,44,KB부동산 단지 시세/평형정보 | https://kbland.kr/map?complex=6126,2026-09-18,,,verified,sale_apartment,
A61203026,exclusive_56_34,56.34,75.28,22평,402,KB부동산 단지 시세/평형정보 | https://kbland.kr/map?complex=6128,2026-09-18,,,verified,sale_apartment,
A61203026,exclusive_84_36,84.36,105.82,32평,180,KB부동산 단지 시세/평형정보 | https://kbland.kr/map?complex=6128,2026-09-18,,,verified,sale_apartment,
A61203026,exclusive_101_76,101.76,124.78,37평,88,KB부동산 단지 시세/평형정보 | https://kbland.kr/map?complex=6128,2026-09-18,,,verified,sale_apartment,
A61203026,exclusive_134_19,134.19,159.59,48평,180,KB부동산 단지 시세/평형정보 | https://kbland.kr/map?complex=6128,2026-09-18,,,verified,sale_apartment,
A61203026,exclusive_155_41,155.41,182.36,55평,46,KB부동산 단지 시세/평형정보 | https://kbland.kr/map?complex=6128,2026-09-18,,,verified,sale_apartment,
A61203027,exclusive_49_94,49.94,71.88,21평,288,KB부동산 단지 시세/평형정보 | https://kbland.kr/map?complex=6140,2026-09-18,,,verified,sale_apartment,
A61203027,exclusive_59_98,59.98,79.83,24평,640,KB부동산 단지 시세/평형정보 | https://kbland.kr/map?complex=6140,2026-09-18,,,verified,sale_apartment,
A61203028,exclusive_59_98,59.98,75.11,22평,416,KB부동산 단지 시세/평형정보 | https://kbland.kr/map?complex=6138,2026-09-18,,,verified,sale_apartment,
A61203028,exclusive_84_95,84.95,106.37,32평,188,KB부동산 단지 시세/평형정보 | https://kbland.kr/map?complex=6138,2026-09-18,,,verified,sale_apartment,
A61203028,exclusive_101_97,101.97,127.68,38평,160,KB부동산 단지 시세/평형정보 | https://kbland.kr/map?complex=6138,2026-09-18,,,verified,sale_apartment,
A61203028,exclusive_134_94,134.94,168.96,51평,164,KB부동산 단지 시세/평형정보 | https://kbland.kr/map?complex=6138,2026-09-18,,,verified,sale_apartment,
A61203031,exclusive_59_85,59.85,78.51,23평,1000,KB부동산 단지 시세/평형정보 | https://kbland.kr/map?complex=6158,2026-09-18,,,verified,sale_apartment,
A61203032,exclusive_59_94,59.94,79.59,24평,444,KB부동산 단지 시세/평형정보 | https://kbland.kr/map?complex=6132,2026-09-18,,,verified,sale_apartment,
A61203032,exclusive_84_96,84.96,106.79,32평,224,KB부동산 단지 시세/평형정보 | https://kbland.kr/map?complex=6132,2026-09-18,,,verified,sale_apartment,
A61203032,exclusive_134_64,134.64,160.31,48평,226,KB부동산 단지 시세/평형정보 | https://kbland.kr/map?complex=6132,2026-09-18,,,verified,sale_apartment,
A61203032,exclusive_155_31,155.31,182.52,55평,108,KB부동산 단지 시세/평형정보 | https://kbland.kr/map?complex=6132,2026-09-18,,,verified,sale_apartment,
A61203035,exclusive_59_85,59.85,72.43,21평,634,KB부동산 단지 시세/평형정보 | https://kbland.kr/map?complex=6151,2026-09-18,,,verified,sale_apartment,
A61203035,exclusive_84_93,84.93,102.78,31평,268,KB부동산 단지 시세/평형정보 | https://kbland.kr/map?complex=6151,2026-09-18,,,verified,sale_apartment,
A61203035,exclusive_116_25,116.25,140.69,42평,80,KB부동산 단지 시세/평형정보 | https://kbland.kr/map?complex=6151,2026-09-18,,,verified,sale_apartment,
A61203035,exclusive_133_29,133.29,161.32,48평,296,KB부동산 단지 시세/평형정보 | https://kbland.kr/map?complex=6151,2026-09-18,,,verified,sale_apartment,
A61203035,exclusive_153_84,153.84,186.19,56평,80,KB부동산 단지 시세/평형정보 | https://kbland.kr/map?complex=6151,2026-09-18,,,verified,sale_apartment,
A61203036,exclusive_59_94,59.94,75.18,22평,648,KB부동산 단지 시세/평형정보 | https://kbland.kr/map?complex=6144,2026-09-18,,,verified,sale_apartment,
A61203036,exclusive_84_9,84.9,106.48,32평,288,KB부동산 단지 시세/평형정보 | https://kbland.kr/map?complex=6144,2026-09-18,,,verified,sale_apartment,
A61203036,exclusive_101_7,101.7,127.55,38평,96,KB부동산 단지 시세/평형정보 | https://kbland.kr/map?complex=6144,2026-09-18,,,verified,sale_apartment,
A61203036,exclusive_134_97,134.97,169.28,51평,390,KB부동산 단지 시세/평형정보 | https://kbland.kr/map?complex=6144,2026-09-18,,,verified,sale_apartment,
A61203037,exclusive_59_81,59.81,75.27,22평,660,KB부동산 단지 시세/평형정보 | https://kbland.kr/map?complex=6131,2026-09-18,,,verified,sale_apartment,
A61203037,exclusive_84_97,84.97,106.93,32평,288,KB부동산 단지 시세/평형정보 | https://kbland.kr/map?complex=6131,2026-09-18,,,verified,sale_apartment,
A61203037,exclusive_101_98,101.98,128.34,38평,40,KB부동산 단지 시세/평형정보 | https://kbland.kr/map?complex=6131,2026-09-18,,,verified,sale_apartment,
A61203037,exclusive_118_68,118.68,149.35,45평,184,KB부동산 단지 시세/평형정보 | https://kbland.kr/map?complex=6131,2026-09-18,,,verified,sale_apartment,
A61203037,exclusive_134_25,134.25,168.94,51평,200,KB부동산 단지 시세/평형정보 | https://kbland.kr/map?complex=6131,2026-09-18,,,verified,sale_apartment,
A61203037,exclusive_164_84,164.84,207.44,62평,52,KB부동산 단지 시세/평형정보 | https://kbland.kr/map?complex=6131,2026-09-18,,,verified,sale_apartment,
A61203038,exclusive_39_95,39.95,56.25,17평A,75,KB부동산 단지 시세/평형정보 | https://kbland.kr/map?complex=6141,2026-09-18,,,verified,sale_apartment,
A61203038,exclusive_39_96,39.96,56.26,17평B,50,KB부동산 단지 시세/평형정보 | https://kbland.kr/map?complex=6141,2026-09-18,,,verified,sale_apartment,
A61203038,exclusive_49_73,49.73,68.73,20평A,166,KB부동산 단지 시세/평형정보 | https://kbland.kr/map?complex=6141,2026-09-18,,,verified,sale_apartment,
A61203038,exclusive_49_98,49.98,69.08,20평B,170,KB부동산 단지 시세/평형정보 | https://kbland.kr/map?complex=6141,2026-09-18,,,verified,sale_apartment,
A61203038,exclusive_59_91,59.91,80.2,24평B,480,KB부동산 단지 시세/평형정보 | https://kbland.kr/map?complex=6141,2026-09-18,,,verified,sale_apartment,
A61203038,exclusive_59_99,59.99,80.31,24평A,780,KB부동산 단지 시세/평형정보 | https://kbland.kr/map?complex=6141,2026-09-18,,,verified,sale_apartment,
A61203039,exclusive_49_83,49.83,70.1,21평,406,KB부동산 단지 시세/평형정보 | https://kbland.kr/map?complex=6153,2026-09-18,,,verified,sale_apartment,
A61203039,exclusive_59_94,59.94,80.14,24평,426,KB부동산 단지 시세/평형정보 | https://kbland.kr/map?complex=6153,2026-09-18,,,verified,sale_apartment,
A61203039,exclusive_84_97,84.97,107.66,32평,376,KB부동산 단지 시세/평형정보 | https://kbland.kr/map?complex=6153,2026-09-18,,,verified,sale_apartment,
A61203039,exclusive_101_79,101.79,125.81,38평,48,KB부동산 단지 시세/평형정보 | https://kbland.kr/map?complex=6153,2026-09-18,,,verified,sale_apartment,
A61203039,exclusive_117_98,117.98,143.28,43평,48,KB부동산 단지 시세/평형정보 | https://kbland.kr/map?complex=6153,2026-09-18,,,verified,sale_apartment,
A61203039,exclusive_134_94,134.94,161.58,48평,456,KB부동산 단지 시세/평형정보 | https://kbland.kr/map?complex=6153,2026-09-18,,,verified,sale_apartment,
A61203039,exclusive_162_27,162.27,191.08,57평,88,KB부동산 단지 시세/평형정보 | https://kbland.kr/map?complex=6153,2026-09-18,,,verified,sale_apartment,
A61275302,exclusive_59_44,59.44,73.77,22평,430,KB부동산 단지 시세/평형정보 | https://kbland.kr/map?complex=6127,2026-09-18,,,verified,sale_apartment,
A61275302,exclusive_84_41,84.41,104.75,31평,195,KB부동산 단지 시세/평형정보 | https://kbland.kr/map?complex=6127,2026-09-18,,,verified,sale_apartment,
A61275302,exclusive_102_08,102.08,126.68,38평,162,KB부동산 단지 시세/평형정보 | https://kbland.kr/map?complex=6127,2026-09-18,,,verified,sale_apartment,
A61275302,exclusive_134,134.0,166.3,50평,170,KB부동산 단지 시세/평형정보 | https://kbland.kr/map?complex=6127,2026-09-18,,,verified,sale_apartment,
A10023440,exclusive_84_92,84.92,114.09,34평A,605,KB부동산 단지 시세/평형정보 | https://kbland.kr/map?complex=47133,2026-09-18,,,verified,sale_apartment,
A10023440,exclusive_84_92_34평A-1,84.92,114.09,34평A-1,220,KB부동산 단지 시세/평형정보 | https://kbland.kr/map?complex=47133,2026-09-18,,,verified,sale_apartment,
A10023440,exclusive_84_97,84.97,114.1,34평B,297,KB부동산 단지 시세/평형정보 | https://kbland.kr/map?complex=47133,2026-09-18,,,verified,sale_apartment,
A10023440,exclusive_84_97_34평C,84.97,114.82,34평C,116,KB부동산 단지 시세/평형정보 | https://kbland.kr/map?complex=47133,2026-09-18,,,verified,sale_apartment,
A10023440,exclusive_100_85,100.85,134.38,40평,38,KB부동산 단지 시세/평형정보 | https://kbland.kr/map?complex=47133,2026-09-18,,,verified,sale_apartment,
A10023440,exclusive_114_97,114.97,152.69,46평,38,KB부동산 단지 시세/평형정보 | https://kbland.kr/map?complex=47133,2026-09-18,,,verified,sale_apartment,
A10024383,exclusive_74_97,74.97,97.42,29평D,225,KB부동산 단지 시세/평형정보 | https://kbland.kr/map?complex=41390,2026-09-18,,,verified,sale_apartment,
A10024383,exclusive_74_97_29평D-1,74.97,97.44,29평D-1,1,KB부동산 단지 시세/평형정보 | https://kbland.kr/map?complex=41390,2026-09-18,,,verified,sale_apartment,
A10024383,exclusive_84_98,84.98,109.05,32평A,50,KB부동산 단지 시세/평형정보 | https://kbland.kr/map?complex=41390,2026-09-18,,,verified,sale_apartment,
A10024383,exclusive_84_99,84.99,109.97,33평C,115,KB부동산 단지 시세/평형정보 | https://kbland.kr/map?complex=41390,2026-09-18,,,verified,sale_apartment,
A10024383,exclusive_84_98_33평B,84.98,110.96,33평B,122,KB부동산 단지 시세/평형정보 | https://kbland.kr/map?complex=41390,2026-09-18,,,verified,sale_apartment,
A60474905,exclusive_59_91,59.91,76.45,23평,283,KB부동산 단지 시세/평형정보 | https://kbland.kr/map?complex=5768,2026-09-18,,,verified,sale_apartment,
A60474905,exclusive_84_36,84.36,107.65,32평,200,KB부동산 단지 시세/평형정보 | https://kbland.kr/map?complex=5768,2026-09-18,,,verified,sale_apartment,
A60474905,exclusive_133_45,133.45,170.31,51평,50,KB부동산 단지 시세/평형정보 | https://kbland.kr/map?complex=5768,2026-09-18,,,verified,sale_apartment,
A60476101,exclusive_73_17,73.17,89.71,27평,90,KB부동산 단지 시세/평형정보 | https://kbland.kr/map?complex=5770,2026-09-18,,,verified,sale_apartment,
A60476101,exclusive_84_93,84.93,104.11,31평A,1076,KB부동산 단지 시세/평형정보 | https://kbland.kr/map?complex=5770,2026-09-18,,,verified,sale_apartment,
A60476101,exclusive_84_96,84.96,104.16,31평B,580,KB부동산 단지 시세/평형정보 | https://kbland.kr/map?complex=5770,2026-09-18,,,verified,sale_apartment,
A60476206,exclusive_84_93,84.93,102.91,31평A,1288,KB부동산 단지 시세/평형정보 | https://kbland.kr/map?complex=1074880,2026-09-18,,,verified,sale_apartment,
A60476206,exclusive_84_96,84.96,102.96,31평B,1084,KB부동산 단지 시세/평형정보 | https://kbland.kr/map?complex=1074880,2026-09-18,,,verified,sale_apartment,
A60476206,exclusive_122_52,122.52,148.46,44평N,192,KB부동산 단지 시세/평형정보 | https://kbland.kr/map?complex=1074880,2026-09-18,,,verified,sale_apartment,
A60476206,exclusive_122_76,122.76,148.77,45평S,128,KB부동산 단지 시세/평형정보 | https://kbland.kr/map?complex=1074880,2026-09-18,,,verified,sale_apartment,
A60476206,exclusive_138_56,138.56,167.9,50평,288,KB부동산 단지 시세/평형정보 | https://kbland.kr/map?complex=1074880,2026-09-18,,,verified,sale_apartment,
A10023928,exclusive_59_93,59.93,81.56,24평A,208,KB부동산 단지 시세/평형정보 | https://kbland.kr/map?complex=47792,2026-09-18,,,verified,sale_apartment,
A10023928,exclusive_59_95,59.95,84.03,25평B,237,KB부동산 단지 시세/평형정보 | https://kbland.kr/map?complex=47792,2026-09-18,,,verified,sale_apartment,
A10023928,exclusive_76_66,76.66,102.84,31평,184,KB부동산 단지 시세/평형정보 | https://kbland.kr/map?complex=47792,2026-09-18,,,verified,sale_apartment,
A10023928,exclusive_84_89,84.89,113.37,34평,340,KB부동산 단지 시세/평형정보 | https://kbland.kr/map?complex=47792,2026-09-18,,,verified,sale_apartment,
A10027236,exclusive_74_96,74.96,97.87,29평A,184,KB부동산 단지 시세/평형정보 | https://kbland.kr/map?complex=29662,2026-09-18,,,verified,sale_apartment,
A10027236,exclusive_74_96_29평A-1,74.96,97.87,29평A-1,18,KB부동산 단지 시세/평형정보 | https://kbland.kr/map?complex=29662,2026-09-18,,,verified,sale_apartment,
A10027236,exclusive_74_98,74.98,97.89,29평A-2,66,KB부동산 단지 시세/평형정보 | https://kbland.kr/map?complex=29662,2026-09-18,,,verified,sale_apartment,
A10027236,exclusive_84_66,84.66,110.53,33평B-2,66,KB부동산 단지 시세/평형정보 | https://kbland.kr/map?complex=29662,2026-09-18,,,verified,sale_apartment,
A10027236,exclusive_84_74,84.74,110.64,33평A,288,KB부동산 단지 시세/평형정보 | https://kbland.kr/map?complex=29662,2026-09-18,,,verified,sale_apartment,
A10027236,exclusive_84_74_33평A-1,84.74,110.64,33평A-1,12,KB부동산 단지 시세/평형정보 | https://kbland.kr/map?complex=29662,2026-09-18,,,verified,sale_apartment,
A10027236,exclusive_84_77,84.77,110.68,33평B,18,KB부동산 단지 시세/평형정보 | https://kbland.kr/map?complex=29662,2026-09-18,,,verified,sale_apartment,
A10027236,exclusive_84_77_33평B-1,84.77,110.68,33평B-1,12,KB부동산 단지 시세/평형정보 | https://kbland.kr/map?complex=29662,2026-09-18,,,verified,sale_apartment,
A10027236,exclusive_84_9,84.9,110.85,33평A-2,170,KB부동산 단지 시세/평형정보 | https://kbland.kr/map?complex=29662,2026-09-18,,,verified,sale_apartment,
A10027236,exclusive_84_9_33평A-3,84.9,110.85,33평A-3,66,KB부동산 단지 시세/평형정보 | https://kbland.kr/map?complex=29662,2026-09-18,,,verified,sale_apartment,
A60403002,exclusive_55_65,55.65,74.31,22평,30,KB부동산 단지 시세/평형정보 | https://kbland.kr/map?complex=5790,2026-09-18,,,verified,sale_apartment,
A60403002,exclusive_58_62,58.62,78.26,23평,45,KB부동산 단지 시세/평형정보 | https://kbland.kr/map?complex=5790,2026-09-18,,,verified,sale_apartment,
A60403002,exclusive_63_3,63.3,84.54,25평,75,KB부동산 단지 시세/평형정보 | https://kbland.kr/map?complex=5790,2026-09-18,,,verified,sale_apartment,
A60403002,exclusive_84_95,84.95,102.1,30평,210,KB부동산 단지 시세/평형정보 | https://kbland.kr/map?complex=5790,2026-09-18,,,verified,sale_apartment,
A60403002,exclusive_84_95_31평,84.95,104.15,31평,25,KB부동산 단지 시세/평형정보 | https://kbland.kr/map?complex=5790,2026-09-18,,,verified,sale_apartment,
A60403002,exclusive_143_51,143.51,166.14,50평,90,KB부동산 단지 시세/평형정보 | https://kbland.kr/map?complex=5790,2026-09-18,,,verified,sale_apartment,
A60403002,exclusive_156_8,156.8,180.84,54평,30,KB부동산 단지 시세/평형정보 | https://kbland.kr/map?complex=5790,2026-09-18,,,verified,sale_apartment,
A60475903,exclusive_74_07,74.07,90.16,27평,42,KB부동산 단지 시세/평형정보 | https://kbland.kr/map?complex=5785,2026-09-18,,,verified,sale_apartment,
A60475903,exclusive_78_94,78.94,94.05,28평,30,KB부동산 단지 시세/평형정보 | https://kbland.kr/map?complex=5785,2026-09-18,,,verified,sale_apartment,
A60475903,exclusive_71_4,71.4,97.67,29평,60,KB부동산 단지 시세/평형정보 | https://kbland.kr/map?complex=5785,2026-09-18,,,verified,sale_apartment,
A60475903,exclusive_84_77,84.77,101.21,30평E,105,KB부동산 단지 시세/평형정보 | https://kbland.kr/map?complex=5785,2026-09-18,,,verified,sale_apartment,
A60475903,exclusive_84_29,84.29,102.61,31평B,14,KB부동산 단지 시세/평형정보 | https://kbland.kr/map?complex=5785,2026-09-18,,,verified,sale_apartment,
A60475903,exclusive_84_95,84.95,102.63,31평A,332,KB부동산 단지 시세/평형정보 | https://kbland.kr/map?complex=5785,2026-09-18,,,verified,sale_apartment,
A60475903,exclusive_84_76,84.76,103.18,31평D,14,KB부동산 단지 시세/평형정보 | https://kbland.kr/map?complex=5785,2026-09-18,,,verified,sale_apartment,
A60475903,exclusive_84_96,84.96,103.42,31평C,28,KB부동산 단지 시세/평형정보 | https://kbland.kr/map?complex=5785,2026-09-18,,,verified,sale_apartment,
A60475903,exclusive_94_93,94.93,109.09,33평,12,KB부동산 단지 시세/평형정보 | https://kbland.kr/map?complex=5785,2026-09-18,,,verified,sale_apartment,
A60475903,exclusive_84_9,84.9,116.14,35평,45,KB부동산 단지 시세/평형정보 | https://kbland.kr/map?complex=5785,2026-09-18,,,verified,sale_apartment,
A60475903,exclusive_108_68,108.68,129.77,39평,75,KB부동산 단지 시세/평형정보 | https://kbland.kr/map?complex=5785,2026-09-18,,,verified,sale_apartment,
A60475903,exclusive_112_03,112.03,132.98,40평,30,KB부동산 단지 시세/평형정보 | https://kbland.kr/map?complex=5785,2026-09-18,,,verified,sale_apartment,
A60475903,exclusive_114_82,114.82,136.81,41평,30,KB부동산 단지 시세/평형정보 | https://kbland.kr/map?complex=5785,2026-09-18,,,verified,sale_apartment,
A60475903,exclusive_118_86,118.86,141.92,42평,60,KB부동산 단지 시세/평형정보 | https://kbland.kr/map?complex=5785,2026-09-18,,,verified,sale_apartment,
A60475903,exclusive_132_84,132.84,157.67,47평,30,KB부동산 단지 시세/평형정보 | https://kbland.kr/map?complex=5785,2026-09-18,,,verified,sale_apartment,
A60475903,exclusive_143_28,143.28,170.71,51평,30,KB부동산 단지 시세/평형정보 | https://kbland.kr/map?complex=5785,2026-09-18,,,verified,sale_apartment,
A60476805,exclusive_59_16,59.16,73.51,22평,30,KB부동산 단지 시세/평형정보 | https://kbland.kr/map?complex=5784,2026-09-18,,,verified,sale_apartment,
A60476805,exclusive_59_97,59.97,78.02,23평,150,KB부동산 단지 시세/평형정보 | https://kbland.kr/map?complex=5784,2026-09-18,,,verified,sale_apartment,
A60476805,exclusive_80_55,80.55,96.04,29평,120,KB부동산 단지 시세/평형정보 | https://kbland.kr/map?complex=5784,2026-09-18,,,verified,sale_apartment,
A60476805,exclusive_81_78,81.78,100.97,30평,192,KB부동산 단지 시세/평형정보 | https://kbland.kr/map?complex=5784,2026-09-18,,,verified,sale_apartment,
A60476805,exclusive_84_96,84.96,104.3,31평,500,KB부동산 단지 시세/평형정보 | https://kbland.kr/map?complex=5784,2026-09-18,,,verified,sale_apartment,
A60483404,exclusive_75_09,75.09,93.76,28평,40,KB부동산 단지 시세/평형정보 | https://kbland.kr/map?complex=5783,2026-09-18,,,verified,sale_apartment,
A60483404,exclusive_84_96,84.96,104.15,31평,635,KB부동산 단지 시세/평형정보 | https://kbland.kr/map?complex=5783,2026-09-18,,,verified,sale_apartment,
A60483404,exclusive_84_96_35평,84.96,118.85,35평,8,KB부동산 단지 시세/평형정보 | https://kbland.kr/map?complex=5783,2026-09-18,,,verified,sale_apartment,
A60483404,exclusive_122_99,122.99,144.2,43평,80,KB부동산 단지 시세/평형정보 | https://kbland.kr/map?complex=5783,2026-09-18,,,verified,sale_apartment,
A60483404,exclusive_136_65,136.65,159.56,48평B,69,KB부동산 단지 시세/평형정보 | https://kbland.kr/map?complex=5783,2026-09-18,,,verified,sale_apartment,
A60483404,exclusive_137_89,137.89,159.61,48평A,75,KB부동산 단지 시세/평형정보 | https://kbland.kr/map?complex=5783,2026-09-18,,,verified,sale_apartment,
A60483404,exclusive_141_13,141.13,163.02,49평,25,KB부동산 단지 시세/평형정보 | https://kbland.kr/map?complex=5783,2026-09-18,,,verified,sale_apartment,
A60483404,exclusive_136_65_53평,136.65,175.24,53평,5,KB부동산 단지 시세/평형정보 | https://kbland.kr/map?complex=5783,2026-09-18,,,verified,sale_apartment,
A10022280,exclusive_39_99,39.99,54.6,16평,84,KB부동산 단지 시세/평형정보 | https://kbland.kr/map?complex=340360,2026-09-18,,,verified,sale_apartment,
A10022280,exclusive_59_93,59.93,81.91,24평A,449,KB부동산 단지 시세/평형정보 | https://kbland.kr/map?complex=340360,2026-09-18,,,verified,sale_apartment,
A10022280,exclusive_59_85,59.85,82.49,24평B,154,KB부동산 단지 시세/평형정보 | https://kbland.kr/map?complex=340360,2026-09-18,,,verified,sale_apartment,
A10022280,exclusive_70_34,70.34,95.76,28평A,268,KB부동산 단지 시세/평형정보 | https://kbland.kr/map?complex=340360,2026-09-18,,,verified,sale_apartment,
A10022280,exclusive_70_05,70.05,96.94,29평B,29,KB부동산 단지 시세/평형정보 | https://kbland.kr/map?complex=340360,2026-09-18,,,verified,sale_apartment,
A10022280,exclusive_84_95,84.95,115.43,34평A,543,KB부동산 단지 시세/평형정보 | https://kbland.kr/map?complex=340360,2026-09-18,,,verified,sale_apartment,
A10022280,exclusive_84_95_35평B,84.95,118.37,35평B,51,KB부동산 단지 시세/평형정보 | https://kbland.kr/map?complex=340360,2026-09-18,,,verified,sale_apartment,
A10022280,exclusive_99_7,99.7,133.74,40평,65,KB부동산 단지 시세/평형정보 | https://kbland.kr/map?complex=340360,2026-09-18,,,verified,sale_apartment,
A60477315,exclusive_61_08,61.08,72.68,21평,84,KB부동산 단지 시세/평형정보 | https://kbland.kr/map?complex=5793,2026-09-18,,,verified,sale_apartment,
A60477315,exclusive_66_03,66.03,78.14,23평,312,KB부동산 단지 시세/평형정보 | https://kbland.kr/map?complex=5793,2026-09-18,,,verified,sale_apartment,
A60477315,exclusive_72_54,72.54,85.03,25평,132,KB부동산 단지 시세/평형정보 | https://kbland.kr/map?complex=5793,2026-09-18,,,verified,sale_apartment,
A60477315,exclusive_79_92,79.92,92.98,28평,120,KB부동산 단지 시세/평형정보 | https://kbland.kr/map?complex=5793,2026-09-18,,,verified,sale_apartment,
A60477315,exclusive_84_89,84.89,98.51,29평,180,KB부동산 단지 시세/평형정보 | https://kbland.kr/map?complex=5793,2026-09-18,,,verified,sale_apartment,
A60484514,exclusive_43_55,43.55,61.72,18평A,44,KB부동산 단지 시세/평형정보 | https://kbland.kr/map?complex=14957,2026-09-18,,,verified,sale_apartment,
A60484514,exclusive_59_99,59.99,88.96,26평A,222,KB부동산 단지 시세/평형정보 | https://kbland.kr/map?complex=14957,2026-09-18,,,verified,sale_apartment,
A60484514,exclusive_84_99,84.99,111.31,33평A,384,KB부동산 단지 시세/평형정보 | https://kbland.kr/map?complex=14957,2026-09-18,,,verified,sale_apartment,
A60405002,exclusive_84_96,84.96,109.77,33평C,209,KB부동산 단지 시세/평형정보 | https://kbland.kr/map?complex=25408,2026-09-18,,,verified,sale_apartment,
A60405002,exclusive_84_96_33평A,84.96,110.8,33평A,530,KB부동산 단지 시세/평형정보 | https://kbland.kr/map?complex=25408,2026-09-18,,,verified,sale_apartment,
A60405002,exclusive_84_99,84.99,111.31,33평B,183,KB부동산 단지 시세/평형정보 | https://kbland.kr/map?complex=25408,2026-09-18,,,verified,sale_apartment,
A60405002,exclusive_101_85,101.85,131.39,39평A,134,KB부동산 단지 시세/평형정보 | https://kbland.kr/map?complex=25408,2026-09-18,,,verified,sale_apartment,
A60405002,exclusive_101_35,101.35,132.13,39평B,64,KB부동산 단지 시세/평형정보 | https://kbland.kr/map?complex=25408,2026-09-18,,,verified,sale_apartment,
A60405002,exclusive_119_94,119.94,153.01,46평B,66,KB부동산 단지 시세/평형정보 | https://kbland.kr/map?complex=25408,2026-09-18,,,verified,sale_apartment,
A60405002,exclusive_119_63,119.63,154.33,46평A,140,KB부동산 단지 시세/평형정보 | https://kbland.kr/map?complex=25408,2026-09-18,,,verified,sale_apartment,
A60474307,exclusive_52_11,52.11,71.74,21평,714,KB부동산 단지 시세/평형정보 | https://kbland.kr/map?complex=5818,2026-09-18,,,verified,sale_apartment,
A60475305,exclusive_39_78,39.78,55.02,16평,570,KB부동산 단지 시세/평형정보 | https://kbland.kr/map?complex=5821,2026-09-18,,,verified,sale_apartment,
A60475408,exclusive_45_5,45.5,63.17,19평,996,KB부동산 단지 시세/평형정보 | https://kbland.kr/map?complex=5817,2026-09-18,,,verified,sale_apartment,
A60475412,exclusive_41_27,41.27,56.27,17평,500,KB부동산 단지 시세/평형정보 | https://kbland.kr/map?complex=5820,2026-09-18,,,verified,sale_apartment,
A60475507,exclusive_99_92,99.92,124.36,37평,150,KB부동산 단지 시세/평형정보 | https://kbland.kr/map?complex=5829,2026-09-18,,,verified,sale_apartment,
A60475507,exclusive_134_96,134.96,161.0,48평,396,KB부동산 단지 시세/평형정보 | https://kbland.kr/map?complex=5829,2026-09-18,,,verified,sale_apartment,
A60475509,exclusive_48_51,48.51,66.94,20평,640,KB부동산 단지 시세/평형정보 | https://kbland.kr/map?complex=5835,2026-09-18,,,verified,sale_apartment,
A60475612,exclusive_73_4,73.4,92.24,27평,12,KB부동산 단지 시세/평형정보 | https://kbland.kr/map?complex=5816,2026-09-18,,,verified,sale_apartment,
A60475612,exclusive_78_11,78.11,97.99,29평A,250,KB부동산 단지 시세/평형정보 | https://kbland.kr/map?complex=5816,2026-09-18,,,verified,sale_apartment,
A60475612,exclusive_78_3,78.3,98.22,29평B,250,KB부동산 단지 시세/평형정보 | https://kbland.kr/map?complex=5816,2026-09-18,,,verified,sale_apartment,
A60475612,exclusive_79_8,79.8,100.11,30평C,125,KB부동산 단지 시세/평형정보 | https://kbland.kr/map?complex=5816,2026-09-18,,,verified,sale_apartment,
A60475612,exclusive_84_88,84.88,106.48,32평,694,KB부동산 단지 시세/평형정보 | https://kbland.kr/map?complex=5816,2026-09-18,,,verified,sale_apartment,
A60475612,exclusive_115_53,115.53,142.14,42평,350,KB부동산 단지 시세/평형정보 | https://kbland.kr/map?complex=5816,2026-09-18,,,verified,sale_apartment,
A60475612,exclusive_142_32,142.32,175.1,52평A,200,KB부동산 단지 시세/평형정보 | https://kbland.kr/map?complex=5816,2026-09-18,,,verified,sale_apartment,
A60475612,exclusive_142_35,142.35,175.15,52평B,150,KB부동산 단지 시세/평형정보 | https://kbland.kr/map?complex=5816,2026-09-18,,,verified,sale_apartment,
A60475612,exclusive_185_23,185.23,227.99,68평,150,KB부동산 단지 시세/평형정보 | https://kbland.kr/map?complex=5816,2026-09-18,,,verified,sale_apartment,
A60475710,exclusive_59_76,59.76,80.01,24평,675,KB부동산 단지 시세/평형정보 | https://kbland.kr/map?complex=5815,2026-09-18,,,verified,sale_apartment,
A60475710,exclusive_84_87,84.87,106.77,32평,594,KB부동산 단지 시세/평형정보 | https://kbland.kr/map?complex=5815,2026-09-18,,,verified,sale_apartment,
A60475710,exclusive_121_65,121.65,146.85,44평,250,KB부동산 단지 시세/평형정보 | https://kbland.kr/map?complex=5815,2026-09-18,,,verified,sale_apartment,
A60475710,exclusive_191_43,191.43,224.22,67평,150,KB부동산 단지 시세/평형정보 | https://kbland.kr/map?complex=5815,2026-09-18,,,verified,sale_apartment,
A60476511,exclusive_57_06,57.06,76.77,23평,209,KB부동산 단지 시세/평형정보 | https://kbland.kr/map?complex=5826,2026-09-18,,,verified,sale_apartment,
A60476511,exclusive_84_97,84.97,102.63,31평,548,KB부동산 단지 시세/평형정보 | https://kbland.kr/map?complex=5826,2026-09-18,,,verified,sale_apartment,
A60476511,exclusive_120_82,120.82,141.69,42평,130,KB부동산 단지 시세/평형정보 | https://kbland.kr/map?complex=5826,2026-09-18,,,verified,sale_apartment,
A60476511,exclusive_144_61,144.61,166.6,50평,100,KB부동산 단지 시세/평형정보 | https://kbland.kr/map?complex=5826,2026-09-18,,,verified,sale_apartment,
A60476604,exclusive_43_33,43.33,50.41,15평,90,KB부동산 단지 시세/평형정보 | https://kbland.kr/map?complex=5822,2026-09-18,,,verified,sale_apartment,
A60476604,exclusive_47_68,47.68,54.85,16평,125,KB부동산 단지 시세/평형정보 | https://kbland.kr/map?complex=5822,2026-09-18,,,verified,sale_apartment,
A60476604,exclusive_62,62.0,69.44,21평,125,KB부동산 단지 시세/평형정보 | https://kbland.kr/map?complex=5822,2026-09-18,,,verified,sale_apartment,
A60476604,exclusive_68_9,68.9,76.47,23평,71,KB부동산 단지 시세/평형정보 | https://kbland.kr/map?complex=5822,2026-09-18,,,verified,sale_apartment,
A60476604,exclusive_77,77.0,84.73,25평,79,KB부동산 단지 시세/평형정보 | https://kbland.kr/map?complex=5822,2026-09-18,,,verified,sale_apartment,
A60476604,exclusive_84_9,84.9,93.74,28평,30,KB부동산 단지 시세/평형정보 | https://kbland.kr/map?complex=5822,2026-09-18,,,verified,sale_apartment,
A60482708,exclusive_99_92,99.92,123.39,37평,150,KB부동산 단지 시세/평형정보 | https://kbland.kr/map?complex=5827,2026-09-18,,,verified,sale_apartment,
A60482708,exclusive_134_96,134.96,161.25,48평,396,KB부동산 단지 시세/평형정보 | https://kbland.kr/map?complex=5827,2026-09-18,,,verified,sale_apartment,
A10026651,exclusive_59_94,59.94,85.18,25평A,168,KB부동산 단지 시세/평형정보 | https://kbland.kr/map?complex=31341,2026-09-18,,,verified,sale_apartment,
A10026651,exclusive_59_98,59.98,85.46,25평C,85,KB부동산 단지 시세/평형정보 | https://kbland.kr/map?complex=31341,2026-09-18,,,verified,sale_apartment,
A10026651,exclusive_59_99,59.99,85.6,25평B,82,KB부동산 단지 시세/평형정보 | https://kbland.kr/map?complex=31341,2026-09-18,,,verified,sale_apartment,
A10026651,exclusive_74_95,74.95,100.52,30평A,50,KB부동산 단지 시세/평형정보 | https://kbland.kr/map?complex=31341,2026-09-18,,,verified,sale_apartment,
A10026651,exclusive_74_97,74.97,100.62,30평B,25,KB부동산 단지 시세/평형정보 | https://kbland.kr/map?complex=31341,2026-09-18,,,verified,sale_apartment,
A10026651,exclusive_84_6,84.6,111.72,33평B,225,KB부동산 단지 시세/평형정보 | https://kbland.kr/map?complex=31341,2026-09-18,,,verified,sale_apartment,
A10026651,exclusive_84_95,84.95,112.0,33평A,309,KB부동산 단지 시세/평형정보 | https://kbland.kr/map?complex=31341,2026-09-18,,,verified,sale_apartment,
A10026651,exclusive_84_99,84.99,114.2,34평C,2,KB부동산 단지 시세/평형정보 | https://kbland.kr/map?complex=31341,2026-09-18,,,verified,sale_apartment,
A60481703,exclusive_49_98,49.98,65.39,19평,72,KB부동산 단지 시세/평형정보 | https://kbland.kr/map?complex=5837,2026-09-18,,,verified,sale_apartment,
A60481703,exclusive_59_97,59.97,78.47,23평,209,KB부동산 단지 시세/평형정보 | https://kbland.kr/map?complex=5837,2026-09-18,,,verified,sale_apartment,
A60481703,exclusive_84_6,84.6,110.69,33평,303,KB부동산 단지 시세/평형정보 | https://kbland.kr/map?complex=5837,2026-09-18,,,verified,sale_apartment,
A60480608,exclusive_59_86,59.86,84.85,25평B,50,KB부동산 단지 시세/평형정보 | https://kbland.kr/map?complex=5845,2026-09-18,,,verified,sale_apartment,
A60480608,exclusive_59_97,59.97,85.85,25평A,148,KB부동산 단지 시세/평형정보 | https://kbland.kr/map?complex=5845,2026-09-18,,,verified,sale_apartment,
A60480608,exclusive_84_99,84.99,113.23,34평,352,KB부동산 단지 시세/평형정보 | https://kbland.kr/map?complex=5845,2026-09-18,,,verified,sale_apartment,
A60480608,exclusive_120_79,120.79,153.3,46평,84,KB부동산 단지 시세/평형정보 | https://kbland.kr/map?complex=5845,2026-09-18,,,verified,sale_apartment,
A60976902,exclusive_59_79,59.79,80.99,24평,196,KB부동산 단지 시세/평형정보 | https://kbland.kr/map?complex=5302,2026-09-18,,,verified,sale_apartment,
A60976902,exclusive_84_62,84.62,105.67,31평,272,KB부동산 단지 시세/평형정보 | https://kbland.kr/map?complex=5302,2026-09-18,,,verified,sale_apartment,
A60976902,exclusive_150_28,150.28,178.7,54평,72,KB부동산 단지 시세/평형정보 | https://kbland.kr/map?complex=5302,2026-09-18,,,verified,sale_apartment,
A60976902,exclusive_186_65,186.65,217.57,65평,72,KB부동산 단지 시세/평형정보 | https://kbland.kr/map?complex=5302,2026-09-18,,,verified,sale_apartment,
A60931004,exclusive_84_99,84.99,113.52,34평A,119,KB부동산 단지 시세/평형정보 | https://kbland.kr/map?complex=21533,2026-09-18,,,verified,sale_apartment,
A60931004,exclusive_84_99_34평B,84.99,113.55,34평B,30,KB부동산 단지 시세/평형정보 | https://kbland.kr/map?complex=21533,2026-09-18,,,verified,sale_apartment,
A60931004,exclusive_132_39,132.39,164.03,49평A,203,KB부동산 단지 시세/평형정보 | https://kbland.kr/map?complex=21533,2026-09-18,,,verified,sale_apartment,
A60931004,exclusive_132_06,132.06,164.6,49평B,183,KB부동산 단지 시세/평형정보 | https://kbland.kr/map?complex=21533,2026-09-18,,,verified,sale_apartment,
A60931004,exclusive_157_79,157.79,193.95,58평A,227,KB부동산 단지 시세/평형정보 | https://kbland.kr/map?complex=21533,2026-09-18,,,verified,sale_apartment,
A60931004,exclusive_156_82,156.82,194.1,58평B,47,KB부동산 단지 시세/평형정보 | https://kbland.kr/map?complex=21533,2026-09-18,,,verified,sale_apartment,
A60931207,exclusive_59_96,59.96,80.72,24평B,112,KB부동산 단지 시세/평형정보 | https://kbland.kr/map?complex=14004,2026-09-18,,,verified,sale_apartment,
A60931207,exclusive_59_81,59.81,80.91,24평A,32,KB부동산 단지 시세/평형정보 | https://kbland.kr/map?complex=14004,2026-09-18,,,verified,sale_apartment,
A60931207,exclusive_77_1,77.1,98.91,29평,130,KB부동산 단지 시세/평형정보 | https://kbland.kr/map?complex=14004,2026-09-18,,,verified,sale_apartment,
A60931207,exclusive_84_98,84.98,110.88,33평,432,KB부동산 단지 시세/평형정보 | https://kbland.kr/map?complex=14004,2026-09-18,,,verified,sale_apartment,
A60931207,exclusive_110_72,110.72,138.71,41평,333,KB부동산 단지 시세/평형정보 | https://kbland.kr/map?complex=14004,2026-09-18,,,verified,sale_apartment,
A60931207,exclusive_119_68,119.68,150.43,45평,144,KB부동산 단지 시세/평형정보 | https://kbland.kr/map?complex=14004,2026-09-18,,,verified,sale_apartment,
A60931207,exclusive_133_57,133.57,165.64,50평,340,KB부동산 단지 시세/평형정보 | https://kbland.kr/map?complex=14004,2026-09-18,,,verified,sale_apartment,
A60931207,exclusive_175_89,175.89,211.66,64평,185,KB부동산 단지 시세/평형정보 | https://kbland.kr/map?complex=14004,2026-09-18,,,verified,sale_apartment,
A60931207,exclusive_201_26,201.26,240.42,72평,132,KB부동산 단지 시세/평형정보 | https://kbland.kr/map?complex=14004,2026-09-18,,,verified,sale_apartment,
A60931207,exclusive_230_27,230.27,269.93,81평,86,KB부동산 단지 시세/평형정보 | https://kbland.kr/map?complex=14004,2026-09-18,,,verified,sale_apartment,
A60971101,exclusive_59_96,59.96,79.95,24평B,51,KB부동산 단지 시세/평형정보 | https://kbland.kr/map?complex=14003,2026-09-18,,,verified,sale_apartment,
A60971101,exclusive_59_81,59.81,81.37,24평A,123,KB부동산 단지 시세/평형정보 | https://kbland.kr/map?complex=14003,2026-09-18,,,verified,sale_apartment,
A60971101,exclusive_77_1,77.1,98.59,29평,46,KB부동산 단지 시세/평형정보 | https://kbland.kr/map?complex=14003,2026-09-18,,,verified,sale_apartment,
A60971101,exclusive_84_98,84.98,110.81,33평,656,KB부동산 단지 시세/평형정보 | https://kbland.kr/map?complex=14003,2026-09-18,,,verified,sale_apartment,
A60971101,exclusive_96_42,96.42,122.28,36평,100,KB부동산 단지 시세/평형정보 | https://kbland.kr/map?complex=14003,2026-09-18,,,verified,sale_apartment,
A60971101,exclusive_110_72,110.72,138.36,41평,682,KB부동산 단지 시세/평형정보 | https://kbland.kr/map?complex=14003,2026-09-18,,,verified,sale_apartment,
A60971101,exclusive_119_68,119.68,150.03,45평,70,KB부동산 단지 시세/평형정보 | https://kbland.kr/map?complex=14003,2026-09-18,,,verified,sale_apartment,
A60975204,exclusive_84_96,84.96,96.96,29평A,210,KB부동산 단지 시세/평형정보 | https://kbland.kr/map?complex=293624,2026-09-18,,,verified,sale_apartment,
A60975204,exclusive_85,85.0,97.25,29평B,60,KB부동산 단지 시세/평형정보 | https://kbland.kr/map?complex=293624,2026-09-18,,,verified,sale_apartment,
A60975204,exclusive_101_94,101.94,111.92,33평,104,KB부동산 단지 시세/평형정보 | https://kbland.kr/map?complex=293624,2026-09-18,,,verified,sale_apartment,
A60975204,exclusive_120_69,120.69,131.51,39평,52,KB부동산 단지 시세/평형정보 | https://kbland.kr/map?complex=293624,2026-09-18,,,verified,sale_apartment,
A60975204,exclusive_125_78,125.78,139.73,42평,60,KB부동산 단지 시세/평형정보 | https://kbland.kr/map?complex=293624,2026-09-18,,,verified,sale_apartment,
A60975204,exclusive_135_23,135.23,147.61,44평,78,KB부동산 단지 시세/평형정보 | https://kbland.kr/map?complex=293624,2026-09-18,,,verified,sale_apartment,
A60975204,exclusive_166_71,166.71,191.66,57평,52,KB부동산 단지 시세/평형정보 | https://kbland.kr/map?complex=293624,2026-09-18,,,verified,sale_apartment,
A60976105,exclusive_84_82,84.82,102.28,30평,240,KB부동산 단지 시세/평형정보 | https://kbland.kr/map?complex=5268,2026-09-18,,,verified,sale_apartment,
A60976105,exclusive_84_96,84.96,103.5,31평,120,KB부동산 단지 시세/평형정보 | https://kbland.kr/map?complex=5268,2026-09-18,,,verified,sale_apartment,
A60976105,exclusive_122_22,122.22,141.39,42평,210,KB부동산 단지 시세/평형정보 | https://kbland.kr/map?complex=5268,2026-09-18,,,verified,sale_apartment,
A60976105,exclusive_139_68,139.68,159.51,48평,120,KB부동산 단지 시세/평형정보 | https://kbland.kr/map?complex=5268,2026-09-18,,,verified,sale_apartment,
A60976105,exclusive_166_15,166.15,188.48,57평,60,KB부동산 단지 시세/평형정보 | https://kbland.kr/map?complex=5268,2026-09-18,,,verified,sale_apartment,
A60976105,exclusive_183_45,183.45,213.93,64평A,15,KB부동산 단지 시세/평형정보 | https://kbland.kr/map?complex=5268,2026-09-18,,,verified,sale_apartment,
A60976105,exclusive_183_66,183.66,214.18,64평B,30,KB부동산 단지 시세/평형정보 | https://kbland.kr/map?complex=5268,2026-09-18,,,verified,sale_apartment,
A60980506,exclusive_73_08,73.08,88.94,26평,286,KB부동산 단지 시세/평형정보 | https://kbland.kr/map?complex=5263,2026-09-18,,,verified,sale_apartment,
A60980506,exclusive_84_84,84.84,101.83,30평A,14,KB부동산 단지 시세/평형정보 | https://kbland.kr/map?complex=5263,2026-09-18,,,verified,sale_apartment,
A60980506,exclusive_84_97,84.97,101.97,30평B,818,KB부동산 단지 시세/평형정보 | https://kbland.kr/map?complex=5263,2026-09-18,,,verified,sale_apartment,
A10026780,exclusive_37_22,37.22,56.47,17평,76,KB부동산 단지 시세/평형정보 | https://kbland.kr/map?complex=29934,2026-09-18,,,verified,sale_apartment,
A10026780,exclusive_49_64,49.64,74.2,22평,38,KB부동산 단지 시세/평형정보 | https://kbland.kr/map?complex=29934,2026-09-18,,,verified,sale_apartment,
A10026780,exclusive_59_9,59.9,89.05,26평A,398,KB부동산 단지 시세/평형정보 | https://kbland.kr/map?complex=29934,2026-09-18,,,verified,sale_apartment,
A10026780,exclusive_59_93,59.93,89.14,26평B,73,KB부동산 단지 시세/평형정보 | https://kbland.kr/map?complex=29934,2026-09-18,,,verified,sale_apartment,
A10026780,exclusive_84_89,84.89,116.13,35평A,905,KB부동산 단지 시세/평형정보 | https://kbland.kr/map?complex=29934,2026-09-18,,,verified,sale_apartment,
A10026780,exclusive_84_89_35평B,84.89,117.19,35평B,254,KB부동산 단지 시세/평형정보 | https://kbland.kr/map?complex=29934,2026-09-18,,,verified,sale_apartment,
A10026780,exclusive_84_84,84.84,117.43,35평C,33,KB부동산 단지 시세/평형정보 | https://kbland.kr/map?complex=29934,2026-09-18,,,verified,sale_apartment,
A10026780,exclusive_102_81,102.81,139.46,42평,29,KB부동산 단지 시세/평형정보 | https://kbland.kr/map?complex=29934,2026-09-18,,,verified,sale_apartment,
A10026780,exclusive_114_73,114.73,155.69,47평,132,KB부동산 단지 시세/평형정보 | https://kbland.kr/map?complex=29934,2026-09-18,,,verified,sale_apartment,
A60939002,exclusive_59_97,59.97,88.97,26평,174,KB부동산 단지 시세/평형정보 | https://kbland.kr/map?complex=21536,2026-09-18,,,verified,sale_apartment,
A60939002,exclusive_84_99,84.99,113.61,34평,504,KB부동산 단지 시세/평형정보 | https://kbland.kr/map?complex=21536,2026-09-18,,,verified,sale_apartment,
A60939002,exclusive_101_88,101.88,129.32,39평,138,KB부동산 단지 시세/평형정보 | https://kbland.kr/map?complex=21536,2026-09-18,,,verified,sale_apartment,
A60939002,exclusive_127_62,127.62,160.45,48평,245,KB부동산 단지 시세/평형정보 | https://kbland.kr/map?complex=21536,2026-09-18,,,verified,sale_apartment,
A60939002,exclusive_150_13,150.13,183.99,55평,157,KB부동산 단지 시세/평형정보 | https://kbland.kr/map?complex=21536,2026-09-18,,,verified,sale_apartment,
A60939002,exclusive_164_98,164.98,200.42,60평,88,KB부동산 단지 시세/평형정보 | https://kbland.kr/map?complex=21536,2026-09-18,,,verified,sale_apartment,
A60939003,exclusive_59_99,59.99,88.58,26평B,20,KB부동산 단지 시세/평형정보 | https://kbland.kr/map?complex=20050,2026-09-18,,,verified,sale_apartment,
A60939003,exclusive_59_99_26평A,59.99,88.95,26평A,19,KB부동산 단지 시세/평형정보 | https://kbland.kr/map?complex=20050,2026-09-18,,,verified,sale_apartment,
A60939003,exclusive_59_99_27평C,59.99,90.94,27평C,49,KB부동산 단지 시세/평형정보 | https://kbland.kr/map?complex=20050,2026-09-18,,,verified,sale_apartment,
A60939003,exclusive_59_99_27평D,59.99,92.15,27평D,24,KB부동산 단지 시세/평형정보 | https://kbland.kr/map?complex=20050,2026-09-18,,,verified,sale_apartment,
A60939003,exclusive_67_37,67.37,98.51,29평B,20,KB부동산 단지 시세/평형정보 | https://kbland.kr/map?complex=20050,2026-09-18,,,verified,sale_apartment,
A60939003,exclusive_67_4,67.4,98.64,29평A,19,KB부동산 단지 시세/평형정보 | https://kbland.kr/map?complex=20050,2026-09-18,,,verified,sale_apartment,
A60939003,exclusive_67_41,67.41,101.23,30평C,123,KB부동산 단지 시세/평형정보 | https://kbland.kr/map?complex=20050,2026-09-18,,,verified,sale_apartment,
A60939003,exclusive_84_99,84.99,112.94,34평C,20,KB부동산 단지 시세/평형정보 | https://kbland.kr/map?complex=20050,2026-09-18,,,verified,sale_apartment,
A60939003,exclusive_84_99_34평F,84.99,113.84,34평F,152,KB부동산 단지 시세/평형정보 | https://kbland.kr/map?complex=20050,2026-09-18,,,verified,sale_apartment,
A60939003,exclusive_84_99_34평E,84.99,114.05,34평E,97,KB부동산 단지 시세/평형정보 | https://kbland.kr/map?complex=20050,2026-09-18,,,verified,sale_apartment,
A60939003,exclusive_84_99_34평D,84.99,114.05,34평D,192,KB부동산 단지 시세/평형정보 | https://kbland.kr/map?complex=20050,2026-09-18,,,verified,sale_apartment,
A60939003,exclusive_84_99_34평B,84.99,115.44,34평B,22,KB부동산 단지 시세/평형정보 | https://kbland.kr/map?complex=20050,2026-09-18,,,verified,sale_apartment,
A60939003,exclusive_84_99_34평A,84.99,115.56,34평A,40,KB부동산 단지 시세/평형정보 | https://kbland.kr/map?complex=20050,2026-09-18,,,verified,sale_apartment,
A60939003,exclusive_84_99_35평G,84.99,115.77,35평G,20,KB부동산 단지 시세/평형정보 | https://kbland.kr/map?complex=20050,2026-09-18,,,verified,sale_apartment,
A60939003,exclusive_84_99_35평H,84.99,116.53,35평H,90,KB부동산 단지 시세/평형정보 | https://kbland.kr/map?complex=20050,2026-09-18,,,verified,sale_apartment,
A60939003,exclusive_84_99_35평J,84.99,116.54,35평J,56,KB부동산 단지 시세/평형정보 | https://kbland.kr/map?complex=20050,2026-09-18,,,verified,sale_apartment,
A60939003,exclusive_84_99_35평I,84.99,116.56,35평I,50,KB부동산 단지 시세/평형정보 | https://kbland.kr/map?complex=20050,2026-09-18,,,verified,sale_apartment,
A60939003,exclusive_104_86,104.86,137.09,41평A,46,KB부동산 단지 시세/평형정보 | https://kbland.kr/map?complex=20050,2026-09-18,,,verified,sale_apartment,
A60939003,exclusive_104_17,104.17,138.01,41평B,111,KB부동산 단지 시세/평형정보 | https://kbland.kr/map?complex=20050,2026-09-18,,,verified,sale_apartment,
A60939003,exclusive_132_27,132.27,168.45,50평A,89,KB부동산 단지 시세/평형정보 | https://kbland.kr/map?complex=20050,2026-09-18,,,verified,sale_apartment,
A60939003,exclusive_132_21,132.21,168.66,51평B,80,KB부동산 단지 시세/평형정보 | https://kbland.kr/map?complex=20050,2026-09-18,,,verified,sale_apartment,
A60939003,exclusive_132_86,132.86,169.56,51평C,57,KB부동산 단지 시세/평형정보 | https://kbland.kr/map?complex=20050,2026-09-18,,,verified,sale_apartment,
A60939003,exclusive_147_65,147.65,184.1,55평B,48,KB부동산 단지 시세/평형정보 | https://kbland.kr/map?complex=20050,2026-09-18,,,verified,sale_apartment,
A60939003,exclusive_147_27,147.27,184.15,55평A,50,KB부동산 단지 시세/평형정보 | https://kbland.kr/map?complex=20050,2026-09-18,,,verified,sale_apartment,
A60939003,exclusive_164_72,164.72,210.76,63평,45,KB부동산 단지 시세/평형정보 | https://kbland.kr/map?complex=20050,2026-09-18,,,verified,sale_apartment,
A60939004,exclusive_74_04,74.04,97.7,29평,40,KB부동산 단지 시세/평형정보 | https://kbland.kr/map?complex=19915,2026-09-18,,,verified,sale_apartment,
A60939004,exclusive_84_9,84.9,111.32,33평C,127,KB부동산 단지 시세/평형정보 | https://kbland.kr/map?complex=19915,2026-09-18,,,verified,sale_apartment,
A60939004,exclusive_84_86,84.86,111.51,33평A,157,KB부동산 단지 시세/평형정보 | https://kbland.kr/map?complex=19915,2026-09-18,,,verified,sale_apartment,
A60939004,exclusive_84_94,84.94,112.06,33평B,92,KB부동산 단지 시세/평형정보 | https://kbland.kr/map?complex=19915,2026-09-18,,,verified,sale_apartment,
A60939004,exclusive_114_7,114.7,149.92,45평,98,KB부동산 단지 시세/평형정보 | https://kbland.kr/map?complex=19915,2026-09-18,,,verified,sale_apartment,
A60939005,exclusive_75_97,75.97,100.08,30평,114,KB부동산 단지 시세/평형정보 | https://kbland.kr/map?complex=25090,2026-09-18,,,verified,sale_apartment,
A60939005,exclusive_84_96,84.96,111.18,33평B,270,KB부동산 단지 시세/평형정보 | https://kbland.kr/map?complex=25090,2026-09-18,,,verified,sale_apartment,
A60939005,exclusive_84_94,84.94,111.65,33평A,181,KB부동산 단지 시세/평형정보 | https://kbland.kr/map?complex=25090,2026-09-18,,,verified,sale_apartment,
A10024226,exclusive_59_94,59.94,79.12,23평B,25,KB부동산 단지 시세/평형정보 | https://kbland.kr/map?complex=39445,2026-09-18,,,verified,sale_apartment,
A10024226,exclusive_59_82,59.82,79.54,24평D,1,KB부동산 단지 시세/평형정보 | https://kbland.kr/map?complex=39445,2026-09-18,,,verified,sale_apartment,
A10024226,exclusive_59_82_24평C,59.82,79.54,24평C,24,KB부동산 단지 시세/평형정보 | https://kbland.kr/map?complex=39445,2026-09-18,,,verified,sale_apartment,
A10024226,exclusive_59_99,59.99,80.02,24평A,25,KB부동산 단지 시세/평형정보 | https://kbland.kr/map?complex=39445,2026-09-18,,,verified,sale_apartment,
A10024226,exclusive_84_66,84.66,111.43,33평A,268,KB부동산 단지 시세/평형정보 | https://kbland.kr/map?complex=39445,2026-09-18,,,verified,sale_apartment,
A10024226,exclusive_84_98,84.98,112.49,34평B,197,KB부동산 단지 시세/평형정보 | https://kbland.kr/map?complex=39445,2026-09-18,,,verified,sale_apartment,
A10024226,exclusive_107_98,107.98,141.43,42평,70,KB부동산 단지 시세/평형정보 | https://kbland.kr/map?complex=39445,2026-09-18,,,verified,sale_apartment,
A60932003,exclusive_84_41,84.41,99.52,30평B,142,KB부동산 단지 시세/평형정보 | https://kbland.kr/map?complex=15109,2026-09-18,,,verified,sale_apartment,
A60932003,exclusive_84_81,84.81,99.99,30평A,142,KB부동산 단지 시세/평형정보 | https://kbland.kr/map?complex=15109,2026-09-18,,,verified,sale_apartment,
A60932003,exclusive_107_89,107.89,127.21,38평,128,KB부동산 단지 시세/평형정보 | https://kbland.kr/map?complex=15109,2026-09-18,,,verified,sale_apartment,
A60932003,exclusive_145_64,145.64,171.72,51평,128,KB부동산 단지 시세/평형정보 | https://kbland.kr/map?complex=15109,2026-09-18,,,verified,sale_apartment,
A60970301,exclusive_40_95,40.95,58.21,17평,144,KB부동산 단지 시세/평형정보 | https://kbland.kr/map?complex=5281,2026-09-18,,,verified,sale_apartment,
A60970301,exclusive_59_93,59.93,81.5,24평,238,KB부동산 단지 시세/평형정보 | https://kbland.kr/map?complex=5281,2026-09-18,,,verified,sale_apartment,
A60970301,exclusive_84_96,84.96,106.95,32평B,300,KB부동산 단지 시세/평형정보 | https://kbland.kr/map?complex=5281,2026-09-18,,,verified,sale_apartment,
A60970301,exclusive_84_95,84.95,108.62,32평A,200,KB부동산 단지 시세/평형정보 | https://kbland.kr/map?complex=5281,2026-09-18,,,verified,sale_apartment,
A60970301,exclusive_114_99,114.99,139.34,42평,150,KB부동산 단지 시세/평형정보 | https://kbland.kr/map?complex=5281,2026-09-18,,,verified,sale_apartment,
A60970301,exclusive_134_64,134.64,160.54,48평,144,KB부동산 단지 시세/평형정보 | https://kbland.kr/map?complex=5281,2026-09-18,,,verified,sale_apartment,
A60970301,exclusive_155_31,155.31,182.84,55평,94,KB부동산 단지 시세/평형정보 | https://kbland.kr/map?complex=5281,2026-09-18,,,verified,sale_apartment,
A60975303,exclusive_59_99,59.99,80.49,24평,504,KB부동산 단지 시세/평형정보 | https://kbland.kr/map?complex=5275,2026-09-18,,,verified,sale_apartment,
A60975303,exclusive_84_95,84.95,104.32,31평,520,KB부동산 단지 시세/평형정보 | https://kbland.kr/map?complex=5275,2026-09-18,,,verified,sale_apartment,
A60975303,exclusive_115_51,115.51,140.36,42평,184,KB부동산 단지 시세/평형정보 | https://kbland.kr/map?complex=5275,2026-09-18,,,verified,sale_apartment,
A60975303,exclusive_134_12,134.12,159.9,48평,120,KB부동산 단지 시세/평형정보 | https://kbland.kr/map?complex=5275,2026-09-18,,,verified,sale_apartment,
A60975303,exclusive_170_76,170.76,198.52,60평,80,KB부동산 단지 시세/평형정보 | https://kbland.kr/map?complex=5275,2026-09-18,,,verified,sale_apartment,
A60975404,exclusive_57_33,57.33,75.85,22평B,135,KB부동산 단지 시세/평형정보 | https://kbland.kr/map?complex=5276,2026-09-18,,,verified,sale_apartment,
A60975404,exclusive_54_9,54.9,76.21,23평A,255,KB부동산 단지 시세/평형정보 | https://kbland.kr/map?complex=5276,2026-09-18,,,verified,sale_apartment,
A60975404,exclusive_58_59,58.59,77.52,23평B,90,KB부동산 단지 시세/평형정보 | https://kbland.kr/map?complex=5276,2026-09-18,,,verified,sale_apartment,
A60975404,exclusive_58_41,58.41,77.65,23평A,30,KB부동산 단지 시세/평형정보 | https://kbland.kr/map?complex=5276,2026-09-18,,,verified,sale_apartment,
A60975404,exclusive_57_15,57.15,77.94,23평B,75,KB부동산 단지 시세/평형정보 | https://kbland.kr/map?complex=5276,2026-09-18,,,verified,sale_apartment,
A60975404,exclusive_57_15_23평A,57.15,79.22,23평A,195,KB부동산 단지 시세/평형정보 | https://kbland.kr/map?complex=5276,2026-09-18,,,verified,sale_apartment,
A60975404,exclusive_57_33_24평C,57.33,80.56,24평C,45,KB부동산 단지 시세/평형정보 | https://kbland.kr/map?complex=5276,2026-09-18,,,verified,sale_apartment,
A60975404,exclusive_59_76,59.76,82.83,25평,165,KB부동산 단지 시세/평형정보 | https://kbland.kr/map?complex=5276,2026-09-18,,,verified,sale_apartment,
A60975502,exclusive_30_78,30.78,41.09,12평,46,KB부동산 단지 시세/평형정보 | https://kbland.kr/map?complex=5277,2026-09-18,,,verified,sale_apartment,
A60975502,exclusive_47_19,47.19,63.0,19평,46,KB부동산 단지 시세/평형정보 | https://kbland.kr/map?complex=5277,2026-09-18,,,verified,sale_apartment,
A60975502,exclusive_59_91,59.91,79.75,24평A,200,KB부동산 단지 시세/평형정보 | https://kbland.kr/map?complex=5277,2026-09-18,,,verified,sale_apartment,
A60975502,exclusive_59_81,59.81,80.63,24평B,162,KB부동산 단지 시세/평형정보 | https://kbland.kr/map?complex=5277,2026-09-18,,,verified,sale_apartment,
A60975502,exclusive_84_93,84.93,106.77,32평,438,KB부동산 단지 시세/평형정보 | https://kbland.kr/map?complex=5277,2026-09-18,,,verified,sale_apartment,
A60975502,exclusive_134_82,134.82,160.92,48평,142,KB부동산 단지 시세/평형정보 | https://kbland.kr/map?complex=5277,2026-09-18,,,verified,sale_apartment,
A60975502,exclusive_163_85,163.85,192.32,58평,50,KB부동산 단지 시세/평형정보 | https://kbland.kr/map?complex=5277,2026-09-18,,,verified,sale_apartment,
A60982103,exclusive_59_82,59.82,81.95,24평,247,KB부동산 단지 시세/평형정보 | https://kbland.kr/map?complex=5278,2026-09-18,,,verified,sale_apartment,
A60982103,exclusive_84_87,84.87,107.08,32평,167,KB부동산 단지 시세/평형정보 | https://kbland.kr/map?complex=5278,2026-09-18,,,verified,sale_apartment,
A60982103,exclusive_134_4,134.4,159.63,48평,92,KB부동산 단지 시세/평형정보 | https://kbland.kr/map?complex=5278,2026-09-18,,,verified,sale_apartment,
A60982103,exclusive_180_16,180.16,213.13,64평,46,KB부동산 단지 시세/평형정보 | https://kbland.kr/map?complex=5278,2026-09-18,,,verified,sale_apartment,
A10020020,exclusive_84_99,84.99,112.9,34평C,312,KB부동산 단지 시세/평형정보 | https://kbland.kr/map?complex=1025812,2026-09-18,,,verified,sale_apartment,
A10020020,exclusive_84_99_34평B,84.99,112.98,34평B,340,KB부동산 단지 시세/평형정보 | https://kbland.kr/map?complex=1025812,2026-09-18,,,verified,sale_apartment,
A10020020,exclusive_84_99_34평A,84.99,113.52,34평A,66,KB부동산 단지 시세/평형정보 | https://kbland.kr/map?complex=1025812,2026-09-18,,,verified,sale_apartment,
A10020020,exclusive_110_98,110.98,142.23,43평C,116,KB부동산 단지 시세/평형정보 | https://kbland.kr/map?complex=1025812,2026-09-18,,,verified,sale_apartment,
A10020020,exclusive_110_96,110.96,143.56,43평B,90,KB부동산 단지 시세/평형정보 | https://kbland.kr/map?complex=1025812,2026-09-18,,,verified,sale_apartment,
A10020020,exclusive_110_98_43평A,110.98,144.17,43평A,48,KB부동산 단지 시세/평형정보 | https://kbland.kr/map?complex=1025812,2026-09-18,,,verified,sale_apartment,
A10020569,exclusive_74_42,74.42,99.6,30평A,79,KB부동산 단지 시세/평형정보 | https://kbland.kr/map?complex=659248,2026-09-18,,,verified,sale_apartment,
A10020569,exclusive_74_96,74.96,100.35,30평B,52,KB부동산 단지 시세/평형정보 | https://kbland.kr/map?complex=659248,2026-09-18,,,verified,sale_apartment,
A10020569,exclusive_84_88,84.88,112.1,33평A,595,KB부동산 단지 시세/평형정보 | https://kbland.kr/map?complex=659248,2026-09-18,,,verified,sale_apartment,
A10020569,exclusive_84_65,84.65,112.23,33평D,48,KB부동산 단지 시세/평형정보 | https://kbland.kr/map?complex=659248,2026-09-18,,,verified,sale_apartment,
A10020569,exclusive_84_59,84.59,112.27,33평F,12,KB부동산 단지 시세/평형정보 | https://kbland.kr/map?complex=659248,2026-09-18,,,verified,sale_apartment,
A10020569,exclusive_84_72,84.72,112.38,33평C,124,KB부동산 단지 시세/평형정보 | https://kbland.kr/map?complex=659248,2026-09-18,,,verified,sale_apartment,
A10020569,exclusive_84_76,84.76,112.51,34평B,26,KB부동산 단지 시세/평형정보 | https://kbland.kr/map?complex=659248,2026-09-18,,,verified,sale_apartment,
A10020569,exclusive_84_97,84.97,112.76,34평E,17,KB부동산 단지 시세/평형정보 | https://kbland.kr/map?complex=659248,2026-09-18,,,verified,sale_apartment,
A10020569,exclusive_84_56,84.56,113.09,34평T,6,KB부동산 단지 시세/평형정보 | https://kbland.kr/map?complex=659248,2026-09-18,,,verified,sale_apartment,
A10020569,exclusive_84_97_34평G,84.97,113.66,34평G,13,KB부동산 단지 시세/평형정보 | https://kbland.kr/map?complex=659248,2026-09-18,,,verified,sale_apartment,
A10020645,exclusive_70_23,70.23,93.53,28평A,118,KB부동산 단지 시세/평형정보 | https://kbland.kr/map?complex=545730,2026-09-18,,,verified,sale_apartment,
A10020645,exclusive_70_44,70.44,94.76,28평B,84,KB부동산 단지 시세/평형정보 | https://kbland.kr/map?complex=545730,2026-09-18,,,verified,sale_apartment,
A10020645,exclusive_84_4,84.4,112.09,33평A,271,KB부동산 단지 시세/평형정보 | https://kbland.kr/map?complex=545730,2026-09-18,,,verified,sale_apartment,
A10020645,exclusive_84_21,84.21,112.23,33평B,188,KB부동산 단지 시세/평형정보 | https://kbland.kr/map?complex=545730,2026-09-18,,,verified,sale_apartment,
A10020645,exclusive_84_32,84.32,112.37,33평D,87,KB부동산 단지 시세/평형정보 | https://kbland.kr/map?complex=545730,2026-09-18,,,verified,sale_apartment,
A10020645,exclusive_84_26,84.26,112.49,34평C,66,KB부동산 단지 시세/평형정보 | https://kbland.kr/map?complex=545730,2026-09-18,,,verified,sale_apartment,
A10020645,exclusive_84_2,84.2,112.51,34평E,20,KB부동산 단지 시세/평형정보 | https://kbland.kr/map?complex=545730,2026-09-18,,,verified,sale_apartment,
A10020645,exclusive_84_45,84.45,113.05,34평F,22,KB부동산 단지 시세/평형정보 | https://kbland.kr/map?complex=545730,2026-09-18,,,verified,sale_apartment,
A10020649,exclusive_68_97,68.97,91.48,27평A,18,KB부동산 단지 시세/평형정보 | https://kbland.kr/map?complex=553270,2026-09-18,,,verified,sale_apartment,
A10020649,exclusive_68_99,68.99,92.25,27평B,6,KB부동산 단지 시세/평형정보 | https://kbland.kr/map?complex=553270,2026-09-18,,,verified,sale_apartment,
A10020649,exclusive_71_81,71.81,95.01,28평A,9,KB부동산 단지 시세/평형정보 | https://kbland.kr/map?complex=553270,2026-09-18,,,verified,sale_apartment,
A10020649,exclusive_79_99,79.99,106.39,32평B,138,KB부동산 단지 시세/평형정보 | https://kbland.kr/map?complex=553270,2026-09-18,,,verified,sale_apartment,
A10020649,exclusive_79_98,79.98,106.76,32평A,71,KB부동산 단지 시세/평형정보 | https://kbland.kr/map?complex=553270,2026-09-18,,,verified,sale_apartment,
A10020649,exclusive_84_98,84.98,111.9,33평B,68,KB부동산 단지 시세/평형정보 | https://kbland.kr/map?complex=553270,2026-09-18,,,verified,sale_apartment,
A10020649,exclusive_84_98_33평A,84.98,112.25,33평A,457,KB부동산 단지 시세/평형정보 | https://kbland.kr/map?complex=553270,2026-09-18,,,verified,sale_apartment,
A10020649,exclusive_84_99,84.99,112.37,33평C,183,KB부동산 단지 시세/평형정보 | https://kbland.kr/map?complex=553270,2026-09-18,,,verified,sale_apartment,
A10020649,exclusive_84_99_35평P,84.99,118.49,35평P,3,KB부동산 단지 시세/평형정보 | https://kbland.kr/map?complex=553270,2026-09-18,,,verified,sale_apartment,
A10022541,exclusive_102_02,102.02,127.34,38평A,312,KB부동산 단지 시세/평형정보 | https://kbland.kr/map?complex=432314,2026-09-18,,,verified,sale_apartment,
A10022541,exclusive_107_84,107.84,134.16,40평A,68,KB부동산 단지 시세/평형정보 | https://kbland.kr/map?complex=432314,2026-09-18,,,verified,sale_apartment,
A10022541,exclusive_132_46,132.46,164.19,49평B,95,KB부동산 단지 시세/평형정보 | https://kbland.kr/map?complex=432314,2026-09-18,,,verified,sale_apartment,
A10022541,exclusive_132_24,132.24,164.34,49평C,32,KB부동산 단지 시세/평형정보 | https://kbland.kr/map?complex=432314,2026-09-18,,,verified,sale_apartment,
A10022541,exclusive_132_96,132.96,165.07,49평A,47,KB부동산 단지 시세/평형정보 | https://kbland.kr/map?complex=432314,2026-09-18,,,verified,sale_apartment,
A10024664,exclusive_80_78,80.78,108.82,32평A,266,KB부동산 단지 시세/평형정보 | https://kbland.kr/map?complex=39467,2026-09-18,,,verified,sale_apartment,
A10024664,exclusive_80_78_32평B,80.78,108.82,32평B,66,KB부동산 단지 시세/평형정보 | https://kbland.kr/map?complex=39467,2026-09-18,,,verified,sale_apartment,
A10024664,exclusive_84_99,84.99,114.23,34평A,794,KB부동산 단지 시세/평형정보 | https://kbland.kr/map?complex=39467,2026-09-18,,,verified,sale_apartment,
A10024664,exclusive_84_95,84.95,114.77,34평B,200,KB부동산 단지 시세/평형정보 | https://kbland.kr/map?complex=39467,2026-09-18,,,verified,sale_apartment,
A10024664,exclusive_99_92,99.92,134.87,40평,102,KB부동산 단지 시세/평형정보 | https://kbland.kr/map?complex=39467,2026-09-18,,,verified,sale_apartment,
A10024664,exclusive_113_93,113.93,151.87,45평,102,KB부동산 단지 시세/평형정보 | https://kbland.kr/map?complex=39467,2026-09-18,,,verified,sale_apartment,
A10024697,exclusive_80_78,80.78,109.06,32평A,118,KB부동산 단지 시세/평형정보 | https://kbland.kr/map?complex=39465,2026-09-18,,,verified,sale_apartment,
A10024697,exclusive_84_99,84.99,114.48,34평A,756,KB부동산 단지 시세/평형정보 | https://kbland.kr/map?complex=39465,2026-09-18,,,verified,sale_apartment,
A10024697,exclusive_84_95,84.95,115.02,34평B,292,KB부동산 단지 시세/평형정보 | https://kbland.kr/map?complex=39465,2026-09-18,,,verified,sale_apartment,
A10024697,exclusive_99_92,99.92,135.16,40평,120,KB부동산 단지 시세/평형정보 | https://kbland.kr/map?complex=39465,2026-09-18,,,verified,sale_apartment,
A10024697,exclusive_113_93,113.93,152.21,46평,120,KB부동산 단지 시세/평형정보 | https://kbland.kr/map?complex=39465,2026-09-18,,,verified,sale_apartment,
A10026157,exclusive_74_62,74.62,102.11,30평A1,532,KB부동산 단지 시세/평형정보 | https://kbland.kr/map?complex=33649,2026-09-18,,,verified,sale_apartment,
A10026157,exclusive_74_62_30평A2,74.62,102.11,30평A2,175,KB부동산 단지 시세/평형정보 | https://kbland.kr/map?complex=33649,2026-09-18,,,verified,sale_apartment,
A10026157,exclusive_74_8,74.8,102.36,30평B,124,KB부동산 단지 시세/평형정보 | https://kbland.kr/map?complex=33649,2026-09-18,,,verified,sale_apartment,
A10026157,exclusive_84_56,84.56,115.71,35평B,103,KB부동산 단지 시세/평형정보 | https://kbland.kr/map?complex=33649,2026-09-18,,,verified,sale_apartment,
A10026157,exclusive_84_61,84.61,115.78,35평A1,166,KB부동산 단지 시세/평형정보 | https://kbland.kr/map?complex=33649,2026-09-18,,,verified,sale_apartment,
A10026157,exclusive_84_61_35평A2,84.61,115.78,35평A2,101,KB부동산 단지 시세/평형정보 | https://kbland.kr/map?complex=33649,2026-09-18,,,verified,sale_apartment,
A10026445,exclusive_67_62,67.62,91.21,27평,234,KB부동산 단지 시세/평형정보 | https://kbland.kr/map?complex=30511,2026-09-18,,,verified,sale_apartment,
A10026445,exclusive_75_45,75.45,100.92,30평A,178,KB부동산 단지 시세/평형정보 | https://kbland.kr/map?complex=30511,2026-09-18,,,verified,sale_apartment,
A10026445,exclusive_75_95,75.95,101.98,30평B,118,KB부동산 단지 시세/평형정보 | https://kbland.kr/map?complex=30511,2026-09-18,,,verified,sale_apartment,
A10026445,exclusive_84_66,84.66,113.99,34평,220,KB부동산 단지 시세/평형정보 | https://kbland.kr/map?complex=30511,2026-09-18,,,verified,sale_apartment,
A10027139,exclusive_70_74,70.74,93.34,28평B,56,KB부동산 단지 시세/평형정보 | https://kbland.kr/map?complex=29765,2026-09-18,,,verified,sale_apartment,
A10027139,exclusive_70_8,70.8,93.5,28평A,174,KB부동산 단지 시세/평형정보 | https://kbland.kr/map?complex=29765,2026-09-18,,,verified,sale_apartment,
A10027139,exclusive_70_81,70.81,94.39,28평C,58,KB부동산 단지 시세/평형정보 | https://kbland.kr/map?complex=29765,2026-09-18,,,verified,sale_apartment,
A10027139,exclusive_84_8,84.8,111.28,33평,406,KB부동산 단지 시세/평형정보 | https://kbland.kr/map?complex=29765,2026-09-18,,,verified,sale_apartment,
A10027280,exclusive_54_22,54.22,73.24,22평A1,100,KB부동산 단지 시세/평형정보 | https://kbland.kr/map?complex=29143,2026-09-18,,,verified,sale_apartment,
A10027280,exclusive_54_31,54.31,73.48,22평A,399,KB부동산 단지 시세/평형정보 | https://kbland.kr/map?complex=29143,2026-09-18,,,verified,sale_apartment,
A10027280,exclusive_59_93,59.93,81.63,24평B1,100,KB부동산 단지 시세/평형정보 | https://kbland.kr/map?complex=29143,2026-09-18,,,verified,sale_apartment,
A10027280,exclusive_59_98,59.98,81.84,24평B,707,KB부동산 단지 시세/평형정보 | https://kbland.kr/map?complex=29143,2026-09-18,,,verified,sale_apartment,
A10027280,exclusive_59_92,59.92,82.19,24평D,160,KB부동산 단지 시세/평형정보 | https://kbland.kr/map?complex=29143,2026-09-18,,,verified,sale_apartment,
A10027280,exclusive_59_95,59.95,82.39,24평C,198,KB부동산 단지 시세/평형정보 | https://kbland.kr/map?complex=29143,2026-09-18,,,verified,sale_apartment,
A10027282,exclusive_59_99,59.99,82.67,25평A,393,KB부동산 단지 시세/평형정보 | https://kbland.kr/map?complex=29576,2026-09-18,,,verified,sale_apartment,
A10027282,exclusive_59_99_25평E,59.99,82.8,25평E,211,KB부동산 단지 시세/평형정보 | https://kbland.kr/map?complex=29576,2026-09-18,,,verified,sale_apartment,
A10027282,exclusive_59_98,59.98,82.81,25평A1,150,KB부동산 단지 시세/평형정보 | https://kbland.kr/map?complex=29576,2026-09-18,,,verified,sale_apartment,
A10027282,exclusive_59_99_25평D,59.99,82.95,25평D,156,KB부동산 단지 시세/평형정보 | https://kbland.kr/map?complex=29576,2026-09-18,,,verified,sale_apartment,
A10027282,exclusive_59_99_25평B,59.99,83.36,25평B,58,KB부동산 단지 시세/평형정보 | https://kbland.kr/map?complex=29576,2026-09-18,,,verified,sale_apartment,
A10027282,exclusive_59_99_25평B1,59.99,83.37,25평B1,20,KB부동산 단지 시세/평형정보 | https://kbland.kr/map?complex=29576,2026-09-18,,,verified,sale_apartment,
A10027282,exclusive_59_97,59.97,84.16,25평C,45,KB부동산 단지 시세/평형정보 | https://kbland.kr/map?complex=29576,2026-09-18,,,verified,sale_apartment,
A10027581,exclusive_84_99,84.99,112.64,34평A,320,KB부동산 단지 시세/평형정보 | https://kbland.kr/map?complex=28808,2026-09-18,,,verified,sale_apartment,
A10027581,exclusive_84_99_34평B,84.99,113.21,34평B,280,KB부동산 단지 시세/평형정보 | https://kbland.kr/map?complex=28808,2026-09-18,,,verified,sale_apartment,
A10027621,exclusive_66_52,66.52,89.13,26평C,55,KB부동산 단지 시세/평형정보 | https://kbland.kr/map?complex=28807,2026-09-18,,,verified,sale_apartment,
A10027621,exclusive_66_06,66.06,89.18,26평B,55,KB부동산 단지 시세/평형정보 | https://kbland.kr/map?complex=28807,2026-09-18,,,verified,sale_apartment,
A10027621,exclusive_66_66,66.66,89.23,26평A,220,KB부동산 단지 시세/평형정보 | https://kbland.kr/map?complex=28807,2026-09-18,,,verified,sale_apartment,
A10027621,exclusive_84_25,84.25,111.73,33평A,282,KB부동산 단지 시세/평형정보 | https://kbland.kr/map?complex=28807,2026-09-18,,,verified,sale_apartment,
A10027621,exclusive_84_32,84.32,112.28,33평B,58,KB부동산 단지 시세/평형정보 | https://kbland.kr/map?complex=28807,2026-09-18,,,verified,sale_apartment,
A10027656,exclusive_84_91,84.91,112.48,34평A,311,KB부동산 단지 시세/평형정보 | https://kbland.kr/map?complex=27635,2026-09-18,,,verified,sale_apartment,
A10027656,exclusive_84_93,84.93,113.53,34평B,426,KB부동산 단지 시세/평형정보 | https://kbland.kr/map?complex=27635,2026-09-18,,,verified,sale_apartment,
A10027698,exclusive_66_91,66.91,89.68,27평,98,KB부동산 단지 시세/평형정보 | https://kbland.kr/map?complex=28794,2026-09-18,,,verified,sale_apartment,
A10027698,exclusive_74_81,74.81,99.5,30평B,94,KB부동산 단지 시세/평형정보 | https://kbland.kr/map?complex=28794,2026-09-18,,,verified,sale_apartment,
A10027698,exclusive_74_93,74.93,99.84,30평A,224,KB부동산 단지 시세/평형정보 | https://kbland.kr/map?complex=28794,2026-09-18,,,verified,sale_apartment,
A10027698,exclusive_84_96,84.96,113.5,34평,226,KB부동산 단지 시세/평형정보 | https://kbland.kr/map?complex=28794,2026-09-18,,,verified,sale_apartment,
A10027918,exclusive_61_25,61.25,89.1,26평A,251,KB부동산 단지 시세/평형정보 | https://kbland.kr/map?complex=27120,2026-09-18,,,verified,sale_apartment,
A10027918,exclusive_61_25_27평B,61.25,90.19,27평B,54,KB부동산 단지 시세/평형정보 | https://kbland.kr/map?complex=27120,2026-09-18,,,verified,sale_apartment,
A10027918,exclusive_84_39,84.39,110.94,33평C,80,KB부동산 단지 시세/평형정보 | https://kbland.kr/map?complex=27120,2026-09-18,,,verified,sale_apartment,
A10027918,exclusive_84_25,84.25,113.19,34평A,383,KB부동산 단지 시세/평형정보 | https://kbland.kr/map?complex=27120,2026-09-18,,,verified,sale_apartment,
A10027918,exclusive_84_24,84.24,114.43,34평B,82,KB부동산 단지 시세/평형정보 | https://kbland.kr/map?complex=27120,2026-09-18,,,verified,sale_apartment,
A61820001,exclusive_84_94,84.94,109.36,33평A,350,KB부동산 단지 시세/평형정보 | https://kbland.kr/map?complex=15912,2026-09-18,,,verified,sale_apartment,
A61820001,exclusive_84_93,84.93,110.63,33평B,206,KB부동산 단지 시세/평형정보 | https://kbland.kr/map?complex=15912,2026-09-18,,,verified,sale_apartment,
A61820001,exclusive_101_88,101.88,128.8,38평,266,KB부동산 단지 시세/평형정보 | https://kbland.kr/map?complex=15912,2026-09-18,,,verified,sale_apartment,
A61820001,exclusive_125_79,125.79,153.29,46평B,90,KB부동산 단지 시세/평형정보 | https://kbland.kr/map?complex=15912,2026-09-18,,,verified,sale_apartment,
A61820001,exclusive_126_77,126.77,154.82,46평A,90,KB부동산 단지 시세/평형정보 | https://kbland.kr/map?complex=15912,2026-09-18,,,verified,sale_apartment,
A61820001,exclusive_147_94,147.94,179.81,54평,120,KB부동산 단지 시세/평형정보 | https://kbland.kr/map?complex=15912,2026-09-18,,,verified,sale_apartment,
A61870404,exclusive_84_97,84.97,109.11,33평B,240,KB부동산 단지 시세/평형정보 | https://kbland.kr/map?complex=16015,2026-09-18,,,verified,sale_apartment,
A61870404,exclusive_84_85,84.85,109.86,33평A,240,KB부동산 단지 시세/평형정보 | https://kbland.kr/map?complex=16015,2026-09-18,,,verified,sale_apartment,
A61870404,exclusive_101_4,101.4,130.16,39평C,136,KB부동산 단지 시세/평형정보 | https://kbland.kr/map?complex=16015,2026-09-18,,,verified,sale_apartment,
A61870404,exclusive_101_86,101.86,131.86,39평A,30,KB부동산 단지 시세/평형정보 | https://kbland.kr/map?complex=16015,2026-09-18,,,verified,sale_apartment,
A61870404,exclusive_101_86_39평D,101.86,131.86,39평D,116,KB부동산 단지 시세/평형정보 | https://kbland.kr/map?complex=16015,2026-09-18,,,verified,sale_apartment,
A61870404,exclusive_117_27,117.27,153.13,46평A,214,KB부동산 단지 시세/평형정보 | https://kbland.kr/map?complex=16015,2026-09-18,,,verified,sale_apartment,
A61870404,exclusive_116_02,116.02,153.31,46평C,68,KB부동산 단지 시세/평형정보 | https://kbland.kr/map?complex=16015,2026-09-18,,,verified,sale_apartment,
A61870404,exclusive_144_5,144.5,181.91,55평,68,KB부동산 단지 시세/평형정보 | https://kbland.kr/map?complex=16015,2026-09-18,,,verified,sale_apartment,
A61870405,exclusive_84_97,84.97,109.12,33평B,118,KB부동산 단지 시세/평형정보 | https://kbland.kr/map?complex=16014,2026-09-18,,,verified,sale_apartment,
A61870405,exclusive_84_85,84.85,109.87,33평A,118,KB부동산 단지 시세/평형정보 | https://kbland.kr/map?complex=16014,2026-09-18,,,verified,sale_apartment,
A61870405,exclusive_84_81,84.81,114.3,34평B,88,KB부동산 단지 시세/평형정보 | https://kbland.kr/map?complex=16014,2026-09-18,,,verified,sale_apartment,
A61870405,exclusive_84_84,84.84,114.48,34평A,105,KB부동산 단지 시세/평형정보 | https://kbland.kr/map?complex=16014,2026-09-18,,,verified,sale_apartment,
A61870405,exclusive_101_4,101.4,130.64,39평C,260,KB부동산 단지 시세/평형정보 | https://kbland.kr/map?complex=16014,2026-09-18,,,verified,sale_apartment,
A61870405,exclusive_101_86,101.86,130.75,39평A,30,KB부동산 단지 시세/평형정보 | https://kbland.kr/map?complex=16014,2026-09-18,,,verified,sale_apartment,
A61870405,exclusive_101_88,101.88,131.84,39평B,30,KB부동산 단지 시세/평형정보 | https://kbland.kr/map?complex=16014,2026-09-18,,,verified,sale_apartment,
A61870405,exclusive_101_86_39평D,101.86,131.93,39평D,28,KB부동산 단지 시세/평형정보 | https://kbland.kr/map?complex=16014,2026-09-18,,,verified,sale_apartment,
A61870405,exclusive_117_27,117.27,152.33,46평A,160,KB부동산 단지 시세/평형정보 | https://kbland.kr/map?complex=16014,2026-09-18,,,verified,sale_apartment,
A61870405,exclusive_116_55,116.55,153.36,46평B,30,KB부동산 단지 시세/평형정보 | https://kbland.kr/map?complex=16014,2026-09-18,,,verified,sale_apartment,
A61870405,exclusive_116_02,116.02,153.63,46평C,70,KB부동산 단지 시세/평형정보 | https://kbland.kr/map?complex=16014,2026-09-18,,,verified,sale_apartment,
A61870405,exclusive_144_5,144.5,182.13,55평,60,KB부동산 단지 시세/평형정보 | https://kbland.kr/map?complex=16014,2026-09-18,,,verified,sale_apartment,
A61870405,exclusive_232_09,232.09,289.92,87평,5,KB부동산 단지 시세/평형정보 | https://kbland.kr/map?complex=16014,2026-09-18,,,verified,sale_apartment,
A61870406,exclusive_84_97,84.97,109.24,33평B,50,KB부동산 단지 시세/평형정보 | https://kbland.kr/map?complex=16013,2026-09-18,,,verified,sale_apartment,
A61870406,exclusive_84_85,84.85,109.99,33평A,50,KB부동산 단지 시세/평형정보 | https://kbland.kr/map?complex=16013,2026-09-18,,,verified,sale_apartment,
A61870406,exclusive_84_81,84.81,114.35,34평B,90,KB부동산 단지 시세/평형정보 | https://kbland.kr/map?complex=16013,2026-09-18,,,verified,sale_apartment,
A61870406,exclusive_84_84,84.84,115.39,34평A,60,KB부동산 단지 시세/평형정보 | https://kbland.kr/map?complex=16013,2026-09-18,,,verified,sale_apartment,
A61870406,exclusive_101_86,101.86,132.08,39평D,78,KB부동산 단지 시세/평형정보 | https://kbland.kr/map?complex=16013,2026-09-18,,,verified,sale_apartment,
A61870406,exclusive_101_4,101.4,132.2,39평C,90,KB부동산 단지 시세/평형정보 | https://kbland.kr/map?complex=16013,2026-09-18,,,verified,sale_apartment,
A61870406,exclusive_117_27,117.27,155.05,46평A,187,KB부동산 단지 시세/평형정보 | https://kbland.kr/map?complex=16013,2026-09-18,,,verified,sale_apartment,
A61870406,exclusive_144_5,144.5,182.42,55평,43,KB부동산 단지 시세/평형정보 | https://kbland.kr/map?complex=16013,2026-09-18,,,verified,sale_apartment,
A61870406,exclusive_232_09,232.09,290.39,87평,4,KB부동산 단지 시세/평형정보 | https://kbland.kr/map?complex=16013,2026-09-18,,,verified,sale_apartment,
A61870410,exclusive_70_86,70.86,93.61,28평,120,KB부동산 단지 시세/평형정보 | https://kbland.kr/map?complex=24705,2026-09-18,,,verified,sale_apartment,
A61870410,exclusive_84_98,84.98,109.81,33평C,237,KB부동산 단지 시세/평형정보 | https://kbland.kr/map?complex=24705,2026-09-18,,,verified,sale_apartment,
A61870410,exclusive_84_98_33평A,84.98,111.57,33평A,480,KB부동산 단지 시세/평형정보 | https://kbland.kr/map?complex=24705,2026-09-18,,,verified,sale_apartment,
A61870410,exclusive_84_97,84.97,112.16,33평B,300,KB부동산 단지 시세/평형정보 | https://kbland.kr/map?complex=24705,2026-09-18,,,verified,sale_apartment,
A61870410,exclusive_84_98_34평D,84.98,113.0,34평D,60,KB부동산 단지 시세/평형정보 | https://kbland.kr/map?complex=24705,2026-09-18,,,verified,sale_apartment,
A61870410,exclusive_127_79,127.79,164.37,49평,59,KB부동산 단지 시세/평형정보 | https://kbland.kr/map?complex=24705,2026-09-18,,,verified,sale_apartment,
A61870411,exclusive_74_65,74.65,98.58,29평B,130,KB부동산 단지 시세/평형정보 | https://kbland.kr/map?complex=27031,2026-09-18,,,verified,sale_apartment,
A61870411,exclusive_74_74,74.74,99.21,30평A,45,KB부동산 단지 시세/평형정보 | https://kbland.kr/map?complex=27031,2026-09-18,,,verified,sale_apartment,
A61870411,exclusive_84_99,84.99,111.17,33평D,120,KB부동산 단지 시세/평형정보 | https://kbland.kr/map?complex=27031,2026-09-18,,,verified,sale_apartment,
A61870411,exclusive_84_99_33평E,84.99,111.34,33평E,120,KB부동산 단지 시세/평형정보 | https://kbland.kr/map?complex=27031,2026-09-18,,,verified,sale_apartment,
A61870411,exclusive_84_99_33평A,84.99,111.85,33평A,80,KB부동산 단지 시세/평형정보 | https://kbland.kr/map?complex=27031,2026-09-18,,,verified,sale_apartment,
A61870411,exclusive_84_99_33평B,84.99,112.25,33평B,135,KB부동산 단지 시세/평형정보 | https://kbland.kr/map?complex=27031,2026-09-18,,,verified,sale_apartment,
A61870411,exclusive_84_99_34평C,84.99,112.8,34평C,211,KB부동산 단지 시세/평형정보 | https://kbland.kr/map?complex=27031,2026-09-18,,,verified,sale_apartment,
A10027026,exclusive_59_95,59.95,84.58,25평B,85,KB부동산 단지 시세/평형정보 | https://kbland.kr/map?complex=30234,2026-09-18,,,verified,sale_apartment,
A10027026,exclusive_59_98,59.98,84.6,25평C,125,KB부동산 단지 시세/평형정보 | https://kbland.kr/map?complex=30234,2026-09-18,,,verified,sale_apartment,
A10027026,exclusive_59_99,59.99,84.89,25평A,464,KB부동산 단지 시세/평형정보 | https://kbland.kr/map?complex=30234,2026-09-18,,,verified,sale_apartment,
A10027026,exclusive_66_3,66.3,92.38,27평D,121,KB부동산 단지 시세/평형정보 | https://kbland.kr/map?complex=30234,2026-09-18,,,verified,sale_apartment,
A10027026,exclusive_75_23,75.23,102.06,30평E,122,KB부동산 단지 시세/평형정보 | https://kbland.kr/map?complex=30234,2026-09-18,,,verified,sale_apartment,
A10027026,exclusive_81_33,81.33,108.44,32평F,96,KB부동산 단지 시세/평형정보 | https://kbland.kr/map?complex=30234,2026-09-18,,,verified,sale_apartment,
A10028069,exclusive_59_95,59.95,86.18,26평A,527,KB부동산 단지 시세/평형정보 | https://kbland.kr/map?complex=27115,2026-09-18,,,verified,sale_apartment,
A10028069,exclusive_59_93,59.93,86.93,26평C,227,KB부동산 단지 시세/평형정보 | https://kbland.kr/map?complex=27115,2026-09-18,,,verified,sale_apartment,
A10028069,exclusive_59_99,59.99,87.47,26평B,234,KB부동산 단지 시세/평형정보 | https://kbland.kr/map?complex=27115,2026-09-18,,,verified,sale_apartment,
A10028069,exclusive_68_13,68.13,97.62,29평D,190,KB부동산 단지 시세/평형정보 | https://kbland.kr/map?complex=27115,2026-09-18,,,verified,sale_apartment,
A10028069,exclusive_84_98,84.98,114.34,34평F,24,KB부동산 단지 시세/평형정보 | https://kbland.kr/map?complex=27115,2026-09-18,,,verified,sale_apartment,
A10028069,exclusive_84_88,84.88,114.49,34평E,75,KB부동산 단지 시세/평형정보 | https://kbland.kr/map?complex=27115,2026-09-18,,,verified,sale_apartment,
A61823002,exclusive_59_98,59.98,87.07,26평E,428,KB부동산 단지 시세/평형정보 | https://kbland.kr/map?complex=25699,2026-09-18,,,verified,sale_apartment,
A61823002,exclusive_59_95,59.95,87.18,26평G,115,KB부동산 단지 시세/평형정보 | https://kbland.kr/map?complex=25699,2026-09-18,,,verified,sale_apartment,
A61823002,exclusive_59_93,59.93,87.27,26평D,103,KB부동산 단지 시세/평형정보 | https://kbland.kr/map?complex=25699,2026-09-18,,,verified,sale_apartment,
A61823002,exclusive_59_94,59.94,87.51,26평F,164,KB부동산 단지 시세/평형정보 | https://kbland.kr/map?complex=25699,2026-09-18,,,verified,sale_apartment,
A61823002,exclusive_59_94_26평B,59.94,87.67,26평B,99,KB부동산 단지 시세/평형정보 | https://kbland.kr/map?complex=25699,2026-09-18,,,verified,sale_apartment,
A61823002,exclusive_59_97,59.97,88.14,26평A,99,KB부동산 단지 시세/평형정보 | https://kbland.kr/map?complex=25699,2026-09-18,,,verified,sale_apartment,
A61823002,exclusive_59_98_26평C,59.98,88.56,26평C,103,KB부동산 단지 시세/평형정보 | https://kbland.kr/map?complex=25699,2026-09-18,,,verified,sale_apartment,
A61829001,exclusive_84_99,84.99,109.69,33평,352,KB부동산 단지 시세/평형정보 | https://kbland.kr/map?complex=13789,2026-09-18,,,verified,sale_apartment,
A61829001,exclusive_97_37,97.37,122.95,37평,169,KB부동산 단지 시세/평형정보 | https://kbland.kr/map?complex=13789,2026-09-18,,,verified,sale_apartment,
A61829001,exclusive_127_63,127.63,148.79,45평,150,KB부동산 단지 시세/평형정보 | https://kbland.kr/map?complex=13789,2026-09-18,,,verified,sale_apartment,
A10025950,exclusive_39_49,39.49,58.78,17평,44,KB부동산 단지 시세/평형정보 | https://kbland.kr/map?complex=33306,2026-09-18,,,verified,sale_apartment,
A10025950,exclusive_59_96,59.96,79.75,24평,234,KB부동산 단지 시세/평형정보 | https://kbland.kr/map?complex=33306,2026-09-18,,,verified,sale_apartment,
A10025950,exclusive_74_97,74.97,98.55,29평,101,KB부동산 단지 시세/평형정보 | https://kbland.kr/map?complex=33306,2026-09-18,,,verified,sale_apartment,
A10025950,exclusive_84_99,84.99,111.51,33평A,309,KB부동산 단지 시세/평형정보 | https://kbland.kr/map?complex=33306,2026-09-18,,,verified,sale_apartment,
A10025950,exclusive_84_95,84.95,113.23,34평B,137,KB부동산 단지 시세/평형정보 | https://kbland.kr/map?complex=33306,2026-09-18,,,verified,sale_apartment,
A10025950,exclusive_84_86,84.86,113.23,34평C,46,KB부동산 단지 시세/평형정보 | https://kbland.kr/map?complex=33306,2026-09-18,,,verified,sale_apartment,
A10025950,exclusive_99_85,99.85,134.76,40평B,2,KB부동산 단지 시세/평형정보 | https://kbland.kr/map?complex=33306,2026-09-18,,,verified,sale_apartment,
A10025950,exclusive_99_93,99.93,135.75,41평A,1,KB부동산 단지 시세/평형정보 | https://kbland.kr/map?complex=33306,2026-09-18,,,verified,sale_apartment,
A10025950,exclusive_103_98,103.98,140.22,42평,4,KB부동산 단지 시세/평형정보 | https://kbland.kr/map?complex=33306,2026-09-18,,,verified,sale_apartment,
A61175804,exclusive_72_77,72.77,89.67,27평,228,KB부동산 단지 시세/평형정보 | https://kbland.kr/map?complex=5956,2026-09-18,,,verified,sale_apartment,
A61175804,exclusive_84_96,84.96,103.95,31평,390,KB부동산 단지 시세/평형정보 | https://kbland.kr/map?complex=5956,2026-09-18,,,verified,sale_apartment,
A61176513,exclusive_59_84,59.84,78.37,23평A,108,KB부동산 단지 시세/평형정보 | https://kbland.kr/map?complex=5973,2026-09-18,,,verified,sale_apartment,
A61176513,exclusive_59_93,59.93,78.45,23평B,348,KB부동산 단지 시세/평형정보 | https://kbland.kr/map?complex=5973,2026-09-18,,,verified,sale_apartment,
A61176513,exclusive_70_71,70.71,88.48,26평,5,KB부동산 단지 시세/평형정보 | https://kbland.kr/map?complex=5973,2026-09-18,,,verified,sale_apartment,
A61176513,exclusive_84_93,84.93,106.16,32평A,108,KB부동산 단지 시세/평형정보 | https://kbland.kr/map?complex=5973,2026-09-18,,,verified,sale_apartment,
A61176513,exclusive_84_96,84.96,106.2,32평B,108,KB부동산 단지 시세/평형정보 | https://kbland.kr/map?complex=5973,2026-09-18,,,verified,sale_apartment,
A61176513,exclusive_84_93_32평D,84.93,106.27,32평D,130,KB부동산 단지 시세/평형정보 | https://kbland.kr/map?complex=5973,2026-09-18,,,verified,sale_apartment,
A61176513,exclusive_84_96_32평C,84.96,106.31,32평C,125,KB부동산 단지 시세/평형정보 | https://kbland.kr/map?complex=5973,2026-09-18,,,verified,sale_apartment,
A61176513,exclusive_128_09,128.09,153.18,46평,87,KB부동산 단지 시세/평형정보 | https://kbland.kr/map?complex=5973,2026-09-18,,,verified,sale_apartment,
A61176513,exclusive_156_42,156.42,184.86,55평,54,KB부동산 단지 시세/평형정보 | https://kbland.kr/map?complex=5973,2026-09-18,,,verified,sale_apartment,
A61176513,exclusive_179_77,179.77,211.72,64평,54,KB부동산 단지 시세/평형정보 | https://kbland.kr/map?complex=5973,2026-09-18,,,verified,sale_apartment,
A61176612,exclusive_59_67,59.67,92.16,27평B,146,KB부동산 단지 시세/평형정보 | https://kbland.kr/map?complex=5974,2026-09-18,,,verified,sale_apartment,
A61176612,exclusive_59_67_27평A,59.67,92.16,27평A,276,KB부동산 단지 시세/평형정보 | https://kbland.kr/map?complex=5974,2026-09-18,,,verified,sale_apartment,
A61176612,exclusive_84_71,84.71,118.97,35평,488,KB부동산 단지 시세/평형정보 | https://kbland.kr/map?complex=5974,2026-09-18,,,verified,sale_apartment,
A61176612,exclusive_121_06,121.06,161.54,48평,96,KB부동산 단지 시세/평형정보 | https://kbland.kr/map?complex=5974,2026-09-18,,,verified,sale_apartment,
A61176612,exclusive_140_72,140.72,184.83,55평,104,KB부동산 단지 시세/평형정보 | https://kbland.kr/map?complex=5974,2026-09-18,,,verified,sale_apartment,
A61176911,exclusive_59_66,59.66,84.64,25평,100,KB부동산 단지 시세/평형정보 | https://kbland.kr/map?complex=5965,2026-09-18,,,verified,sale_apartment,
A61176911,exclusive_84_93,84.93,114.71,34평,360,KB부동산 단지 시세/평형정보 | https://kbland.kr/map?complex=5965,2026-09-18,,,verified,sale_apartment,
A61176911,exclusive_103_16,103.16,134.82,40평,80,KB부동산 단지 시세/평형정보 | https://kbland.kr/map?complex=5965,2026-09-18,,,verified,sale_apartment,
A61177214,exclusive_84_91,84.91,110.81,33평,307,KB부동산 단지 시세/평형정보 | https://kbland.kr/map?complex=13867,2026-09-18,,,verified,sale_apartment,
A61177214,exclusive_84_99,84.99,114.45,34평,267,KB부동산 단지 시세/평형정보 | https://kbland.kr/map?complex=13867,2026-09-18,,,verified,sale_apartment,
A61177214,exclusive_101_99,101.99,136.86,41평,108,KB부동산 단지 시세/평형정보 | https://kbland.kr/map?complex=13867,2026-09-18,,,verified,sale_apartment,
A61177214,exclusive_127_16,127.16,159.21,48평,162,KB부동산 단지 시세/평형정보 | https://kbland.kr/map?complex=13867,2026-09-18,,,verified,sale_apartment,
A61177214,exclusive_141_26,141.26,179.95,54평,128,KB부동산 단지 시세/평형정보 | https://kbland.kr/map?complex=13867,2026-09-18,,,verified,sale_apartment,
A61177214,exclusive_157_85,157.85,186.36,56평,140,KB부동산 단지 시세/평형정보 | https://kbland.kr/map?complex=13867,2026-09-18,,,verified,sale_apartment,
A61177214,exclusive_181_74,181.74,210.46,63평,44,KB부동산 단지 시세/평형정보 | https://kbland.kr/map?complex=13867,2026-09-18,,,verified,sale_apartment,
A61180503,exclusive_45_06,45.06,64.36,19평,40,KB부동산 단지 시세/평형정보 | https://kbland.kr/map?complex=5981,2026-09-18,,,verified,sale_apartment,
A61180503,exclusive_59_93,59.93,80.37,24평,242,KB부동산 단지 시세/평형정보 | https://kbland.kr/map?complex=5981,2026-09-18,,,verified,sale_apartment,
A61180503,exclusive_84_38,84.38,106.69,32평B,24,KB부동산 단지 시세/평형정보 | https://kbland.kr/map?complex=5981,2026-09-18,,,verified,sale_apartment,
A61180503,exclusive_84_97,84.97,106.92,32평A,360,KB부동산 단지 시세/평형정보 | https://kbland.kr/map?complex=5981,2026-09-18,,,verified,sale_apartment,
A61180503,exclusive_84_78,84.78,107.13,32평C,24,KB부동산 단지 시세/평형정보 | https://kbland.kr/map?complex=5981,2026-09-18,,,verified,sale_apartment,
A61180503,exclusive_130_89,130.89,156.49,47평,350,KB부동산 단지 시세/평형정보 | https://kbland.kr/map?complex=5981,2026-09-18,,,verified,sale_apartment,
A61180503,exclusive_146_1,146.1,179.75,54평,190,KB부동산 단지 시세/평형정보 | https://kbland.kr/map?complex=5981,2026-09-18,,,verified,sale_apartment,
A61180503,exclusive_168_53,168.53,203.77,61평,100,KB부동산 단지 시세/평형정보 | https://kbland.kr/map?complex=5981,2026-09-18,,,verified,sale_apartment,
A10022365,exclusive_75_85,75.85,93.36,28평A,206,KB부동산 단지 시세/평형정보 | https://kbland.kr/map?complex=349751,2026-09-18,,,verified,sale_apartment,
A10022365,exclusive_84_85,84.85,104.72,31평A,200,KB부동산 단지 시세/평형정보 | https://kbland.kr/map?complex=349751,2026-09-18,,,verified,sale_apartment,
A10022365,exclusive_84_94,84.94,105.18,31평B,206,KB부동산 단지 시세/평형정보 | https://kbland.kr/map?complex=349751,2026-09-18,,,verified,sale_apartment,
A10024627,exclusive_39_87,39.87,56.39,17평,68,KB부동산 단지 시세/평형정보 | https://kbland.kr/map?complex=39355,2026-09-18,,,verified,sale_apartment,
A10024627,exclusive_59_94,59.94,82.05,24평A,132,KB부동산 단지 시세/평형정보 | https://kbland.kr/map?complex=39355,2026-09-18,,,verified,sale_apartment,
A10024627,exclusive_59_84,59.84,82.31,24평B,50,KB부동산 단지 시세/평형정보 | https://kbland.kr/map?complex=39355,2026-09-18,,,verified,sale_apartment,
A10024627,exclusive_72_83,72.83,99.49,30평,275,KB부동산 단지 시세/평형정보 | https://kbland.kr/map?complex=39355,2026-09-18,,,verified,sale_apartment,
A10024627,exclusive_84_98,84.98,115.85,35평A,445,KB부동산 단지 시세/평형정보 | https://kbland.kr/map?complex=39355,2026-09-18,,,verified,sale_apartment,
A10024627,exclusive_84_99,84.99,116.19,35평B,224,KB부동산 단지 시세/평형정보 | https://kbland.kr/map?complex=39355,2026-09-18,,,verified,sale_apartment,
A10024627,exclusive_105_79,105.79,142.18,43평,36,KB부동산 단지 시세/평형정보 | https://kbland.kr/map?complex=39355,2026-09-18,,,verified,sale_apartment,
A10025135,exclusive_84_99,84.99,115.39,34평C,148,KB부동산 단지 시세/평형정보 | https://kbland.kr/map?complex=33371,2026-09-18,,,verified,sale_apartment,
A10025135,exclusive_84_99_34평D,84.99,115.45,34평D,1,KB부동산 단지 시세/평형정보 | https://kbland.kr/map?complex=33371,2026-09-18,,,verified,sale_apartment,
A10025135,exclusive_84_98,84.98,116.26,35평A,296,KB부동산 단지 시세/평형정보 | https://kbland.kr/map?complex=33371,2026-09-18,,,verified,sale_apartment,
A10025135,exclusive_84_97,84.97,116.56,35평B,295,KB부동산 단지 시세/평형정보 | https://kbland.kr/map?complex=33371,2026-09-18,,,verified,sale_apartment,
A10025559,exclusive_39_96,39.96,59.47,17평,56,KB부동산 단지 시세/평형정보 | https://kbland.kr/map?complex=32992,2026-09-18,,,verified,sale_apartment,
A10025559,exclusive_59_88,59.88,85.48,25평,217,KB부동산 단지 시세/평형정보 | https://kbland.kr/map?complex=32992,2026-09-18,,,verified,sale_apartment,
A10025559,exclusive_74_9,74.9,101.88,30평,129,KB부동산 단지 시세/평형정보 | https://kbland.kr/map?complex=32992,2026-09-18,,,verified,sale_apartment,
A10025559,exclusive_84_98,84.98,112.78,34평A,436,KB부동산 단지 시세/평형정보 | https://kbland.kr/map?complex=32992,2026-09-18,,,verified,sale_apartment,
A10025559,exclusive_84_78,84.78,113.04,34평B,108,KB부동산 단지 시세/평형정보 | https://kbland.kr/map?complex=32992,2026-09-18,,,verified,sale_apartment,
A10025559,exclusive_84_77,84.77,113.42,34평C,125,KB부동산 단지 시세/평형정보 | https://kbland.kr/map?complex=32992,2026-09-18,,,verified,sale_apartment,
A10025994,exclusive_59_91,59.91,83.83,25평A,146,KB부동산 단지 시세/평형정보 | https://kbland.kr/map?complex=31272,2026-09-18,,,verified,sale_apartment,
A10025994,exclusive_59_94,59.94,84.08,25평B,73,KB부동산 단지 시세/평형정보 | https://kbland.kr/map?complex=31272,2026-09-18,,,verified,sale_apartment,
A10025994,exclusive_72_04,72.04,98.45,29평,146,KB부동산 단지 시세/평형정보 | https://kbland.kr/map?complex=31272,2026-09-18,,,verified,sale_apartment,
A10025994,exclusive_84_82,84.82,111.26,33평A,228,KB부동산 단지 시세/평형정보 | https://kbland.kr/map?complex=31272,2026-09-18,,,verified,sale_apartment,
A10025994,exclusive_84_83,84.83,111.31,33평B,280,KB부동산 단지 시세/평형정보 | https://kbland.kr/map?complex=31272,2026-09-18,,,verified,sale_apartment,
A10025994,exclusive_84_98,84.98,112.34,33평C,40,KB부동산 단지 시세/평형정보 | https://kbland.kr/map?complex=31272,2026-09-18,,,verified,sale_apartment,
A10025994,exclusive_84_9,84.9,112.39,33평D,139,KB부동산 단지 시세/평형정보 | https://kbland.kr/map?complex=31272,2026-09-18,,,verified,sale_apartment,
A10025994,exclusive_84_96,84.96,113.07,34평E,32,KB부동산 단지 시세/평형정보 | https://kbland.kr/map?complex=31272,2026-09-18,,,verified,sale_apartment,
A10025994,exclusive_101_89,101.89,133.17,40평,84,KB부동산 단지 시세/평형정보 | https://kbland.kr/map?complex=31272,2026-09-18,,,verified,sale_apartment,
A10027937,exclusive_69_9,69.9,94.0,28평B,59,KB부동산 단지 시세/평형정보 | https://kbland.kr/map?complex=26892,2026-09-18,,,verified,sale_apartment,
A10027937,exclusive_69_93,69.93,94.55,28평A,114,KB부동산 단지 시세/평형정보 | https://kbland.kr/map?complex=26892,2026-09-18,,,verified,sale_apartment,
A10027937,exclusive_74_97,74.97,100.47,30평,61,KB부동산 단지 시세/평형정보 | https://kbland.kr/map?complex=26892,2026-09-18,,,verified,sale_apartment,
A10027937,exclusive_84_98,84.98,113.47,34평C,76,KB부동산 단지 시세/평형정보 | https://kbland.kr/map?complex=26892,2026-09-18,,,verified,sale_apartment,
A10027937,exclusive_84_91,84.91,113.55,34평A,112,KB부동산 단지 시세/평형정보 | https://kbland.kr/map?complex=26892,2026-09-18,,,verified,sale_apartment,
A10027937,exclusive_84_98_34평I,84.98,113.57,34평I,34,KB부동산 단지 시세/평형정보 | https://kbland.kr/map?complex=26892,2026-09-18,,,verified,sale_apartment,
A10027937,exclusive_84_98_34평H,84.98,113.58,34평H,109,KB부동산 단지 시세/평형정보 | https://kbland.kr/map?complex=26892,2026-09-18,,,verified,sale_apartment,
A10027937,exclusive_84_97,84.97,114.06,34평E,131,KB부동산 단지 시세/평형정보 | https://kbland.kr/map?complex=26892,2026-09-18,,,verified,sale_apartment,
A10027937,exclusive_84_99,84.99,114.2,34평G,109,KB부동산 단지 시세/평형정보 | https://kbland.kr/map?complex=26892,2026-09-18,,,verified,sale_apartment,
A10027937,exclusive_84_96,84.96,114.28,34평F,134,KB부동산 단지 시세/평형정보 | https://kbland.kr/map?complex=26892,2026-09-18,,,verified,sale_apartment,
A10027937,exclusive_84_94,84.94,114.38,34평D,137,KB부동산 단지 시세/평형정보 | https://kbland.kr/map?complex=26892,2026-09-18,,,verified,sale_apartment,
A10027937,exclusive_84_91_34평B,84.91,114.75,34평B,217,KB부동산 단지 시세/평형정보 | https://kbland.kr/map?complex=26892,2026-09-18,,,verified,sale_apartment,
A10027937,exclusive_101_97,101.97,134.78,40평B,117,KB부동산 단지 시세/평형정보 | https://kbland.kr/map?complex=26892,2026-09-18,,,verified,sale_apartment,
A10027937,exclusive_101_94,101.94,134.9,40평C,117,KB부동산 단지 시세/평형정보 | https://kbland.kr/map?complex=26892,2026-09-18,,,verified,sale_apartment,
A10027937,exclusive_101_95,101.95,137.36,41평A,231,KB부동산 단지 시세/평형정보 | https://kbland.kr/map?complex=26892,2026-09-18,,,verified,sale_apartment,
A10028028,exclusive_59_97,59.97,79.78,24평,48,KB부동산 단지 시세/평형정보 | https://kbland.kr/map?complex=26647,2026-09-18,,,verified,sale_apartment,
A10028028,exclusive_74_62,74.62,98.47,29평,204,KB부동산 단지 시세/평형정보 | https://kbland.kr/map?complex=26647,2026-09-18,,,verified,sale_apartment,
A10028028,exclusive_84_99,84.99,111.72,33평A,206,KB부동산 단지 시세/평형정보 | https://kbland.kr/map?complex=26647,2026-09-18,,,verified,sale_apartment,
A10028028,exclusive_84_97,84.97,112.86,34평B,102,KB부동산 단지 시세/평형정보 | https://kbland.kr/map?complex=26647,2026-09-18,,,verified,sale_apartment,
A61175110,exclusive_54_9,54.9,76.23,23평,150,KB부동산 단지 시세/평형정보 | https://kbland.kr/map?complex=5984,2026-09-18,,,verified,sale_apartment,
A61175110,exclusive_61_56,61.56,80.66,24평,323,KB부동산 단지 시세/평형정보 | https://kbland.kr/map?complex=5984,2026-09-18,,,verified,sale_apartment,
A61175110,exclusive_64_62,64.62,89.72,27평,180,KB부동산 단지 시세/평형정보 | https://kbland.kr/map?complex=5984,2026-09-18,,,verified,sale_apartment,
A61175110,exclusive_75_24,75.24,94.08,28평TB,300,KB부동산 단지 시세/평형정보 | https://kbland.kr/map?complex=5984,2026-09-18,,,verified,sale_apartment,
A61175110,exclusive_69_08,69.08,94.32,28평,246,KB부동산 단지 시세/평형정보 | https://kbland.kr/map?complex=5984,2026-09-18,,,verified,sale_apartment,
A61175110,exclusive_75_75,75.75,94.71,28평TA,300,KB부동산 단지 시세/평형정보 | https://kbland.kr/map?complex=5984,2026-09-18,,,verified,sale_apartment,
A61175110,exclusive_84_15,84.15,110.27,33평,499,KB부동산 단지 시세/평형정보 | https://kbland.kr/map?complex=5984,2026-09-18,,,verified,sale_apartment,
A61175110,exclusive_116_04,116.04,116.04,35평,40,KB부동산 단지 시세/평형정보 | https://kbland.kr/map?complex=5984,2026-09-18,,,verified,sale_apartment,
A61175901,exclusive_84_51,84.51,106.55,32평C,323,KB부동산 단지 시세/평형정보 | https://kbland.kr/map?complex=16103,2026-09-18,,,verified,sale_apartment,
A61175901,exclusive_84_65,84.65,106.73,32평B,271,KB부동산 단지 시세/평형정보 | https://kbland.kr/map?complex=16103,2026-09-18,,,verified,sale_apartment,
A61175901,exclusive_84_86,84.86,106.99,32평A,228,KB부동산 단지 시세/평형정보 | https://kbland.kr/map?complex=16103,2026-09-18,,,verified,sale_apartment,
A61175901,exclusive_120_63,120.63,152.08,46평A,55,KB부동산 단지 시세/평형정보 | https://kbland.kr/map?complex=16103,2026-09-18,,,verified,sale_apartment,
A61175901,exclusive_121_67,121.67,153.39,46평B,160,KB부동산 단지 시세/평형정보 | https://kbland.kr/map?complex=16103,2026-09-18,,,verified,sale_apartment,
A61175901,exclusive_131_9,131.9,166.28,50평,164,KB부동산 단지 시세/평형정보 | https://kbland.kr/map?complex=16103,2026-09-18,,,verified,sale_apartment,
A61175901,exclusive_159_83,159.83,201.51,60평,165,KB부동산 단지 시세/평형정보 | https://kbland.kr/map?complex=16103,2026-09-18,,,verified,sale_apartment,
A61175901,exclusive_161_69,161.69,203.85,61평,66,KB부동산 단지 시세/평형정보 | https://kbland.kr/map?complex=16103,2026-09-18,,,verified,sale_apartment,
A61175901,exclusive_182_76,182.76,230.41,69평,165,KB부동산 단지 시세/평형정보 | https://kbland.kr/map?complex=16103,2026-09-18,,,verified,sale_apartment,
A61175901,exclusive_240_03,240.03,302.61,91평,1,KB부동산 단지 시세/평형정보 | https://kbland.kr/map?complex=16103,2026-09-18,,,verified,sale_apartment,
A61176308,exclusive_59_55,59.55,78.89,23평,36,KB부동산 단지 시세/평형정보 | https://kbland.kr/map?complex=5987,2026-09-18,,,verified,sale_apartment,
A61176308,exclusive_84_75,84.75,105.99,32평,180,KB부동산 단지 시세/평형정보 | https://kbland.kr/map?complex=5987,2026-09-18,,,verified,sale_apartment,
A61176308,exclusive_134_62,134.62,160.04,48평,288,KB부동산 단지 시세/평형정보 | https://kbland.kr/map?complex=5987,2026-09-18,,,verified,sale_apartment,
A61176308,exclusive_164_95,164.95,195.48,59평,72,KB부동산 단지 시세/평형정보 | https://kbland.kr/map?complex=5987,2026-09-18,,,verified,sale_apartment,
A61176411,exclusive_60,60.0,80.72,24평B,200,KB부동산 단지 시세/평형정보 | https://kbland.kr/map?complex=5994,2026-09-18,,,verified,sale_apartment,
A61176411,exclusive_59_99,59.99,80.84,24평A,536,KB부동산 단지 시세/평형정보 | https://kbland.kr/map?complex=5994,2026-09-18,,,verified,sale_apartment,
A61176411,exclusive_84_99,84.99,107.86,32평,1028,KB부동산 단지 시세/평형정보 | https://kbland.kr/map?complex=5994,2026-09-18,,,verified,sale_apartment,
A61176411,exclusive_119_25,119.25,144.77,43평,246,KB부동산 단지 시세/평형정보 | https://kbland.kr/map?complex=5994,2026-09-18,,,verified,sale_apartment,
A61176411,exclusive_141_51,141.51,170.78,51평,200,KB부동산 단지 시세/평형정보 | https://kbland.kr/map?complex=5994,2026-09-18,,,verified,sale_apartment,
A61176411,exclusive_175_98,175.98,209.71,63평,92,KB부동산 단지 시세/평형정보 | https://kbland.kr/map?complex=5994,2026-09-18,,,verified,sale_apartment,
A10025433,exclusive_59_96,59.96,82.69,25평B-2,67,KB부동산 단지 시세/평형정보 | https://kbland.kr/map?complex=32016,2026-09-18,,,verified,sale_apartment,
A10025433,exclusive_59_98,59.98,82.75,25평A-2,63,KB부동산 단지 시세/평형정보 | https://kbland.kr/map?complex=32016,2026-09-18,,,verified,sale_apartment,
A10025433,exclusive_59_91,59.91,82.8,25평C-2,126,KB부동산 단지 시세/평형정보 | https://kbland.kr/map?complex=32016,2026-09-18,,,verified,sale_apartment,
A10025433,exclusive_59_96_25평B-3,59.96,83.57,25평B-3,35,KB부동산 단지 시세/평형정보 | https://kbland.kr/map?complex=32016,2026-09-18,,,verified,sale_apartment,
A10025433,exclusive_59_96_25평A-3,59.96,83.81,25평A-3,122,KB부동산 단지 시세/평형정보 | https://kbland.kr/map?complex=32016,2026-09-18,,,verified,sale_apartment,
A10025433,exclusive_59_91_25평C-3,59.91,83.98,25평C-3,70,KB부동산 단지 시세/평형정보 | https://kbland.kr/map?complex=32016,2026-09-18,,,verified,sale_apartment,
A10025433,exclusive_73_48,73.48,101.43,30평,70,KB부동산 단지 시세/평형정보 | https://kbland.kr/map?complex=32016,2026-09-18,,,verified,sale_apartment,
A10025433,exclusive_84_98,84.98,116.91,35평,594,KB부동산 단지 시세/평형정보 | https://kbland.kr/map?complex=32016,2026-09-18,,,verified,sale_apartment,
A61313001,exclusive_84_59,84.59,95.28,28평C,30,KB부동산 단지 시세/평형정보 | https://kbland.kr/map?complex=5946,2026-09-18,,,verified,sale_apartment,
A61313001,exclusive_84_86,84.86,95.52,28평A,120,KB부동산 단지 시세/평형정보 | https://kbland.kr/map?complex=5946,2026-09-18,,,verified,sale_apartment,
A61313001,exclusive_84_92,84.92,95.61,28평D,15,KB부동산 단지 시세/평형정보 | https://kbland.kr/map?complex=5946,2026-09-18,,,verified,sale_apartment,
A61313001,exclusive_84_95,84.95,95.64,28평B,135,KB부동산 단지 시세/평형정보 | https://kbland.kr/map?complex=5946,2026-09-18,,,verified,sale_apartment,
A61313001,exclusive_115_71,115.71,126.68,38평,90,KB부동산 단지 시세/평형정보 | https://kbland.kr/map?complex=5946,2026-09-18,,,verified,sale_apartment,
A61313001,exclusive_133_94,133.94,145.55,44평,150,KB부동산 단지 시세/평형정보 | https://kbland.kr/map?complex=5946,2026-09-18,,,verified,sale_apartment,
A61313001,exclusive_147_89,147.89,170.63,51평,120,KB부동산 단지 시세/평형정보 | https://kbland.kr/map?complex=5946,2026-09-18,,,verified,sale_apartment,
A61313001,exclusive_163_44,163.44,175.47,53평,12,KB부동산 단지 시세/평형정보 | https://kbland.kr/map?complex=5946,2026-09-18,,,verified,sale_apartment,
A61313203,exclusive_84_97,84.97,108.6,32평A,424,KB부동산 단지 시세/평형정보 | https://kbland.kr/map?complex=13555,2026-09-18,,,verified,sale_apartment,
A61313203,exclusive_84_73,84.73,109.15,33평B,106,KB부동산 단지 시세/평형정보 | https://kbland.kr/map?complex=13555,2026-09-18,,,verified,sale_apartment,
A61375702,exclusive_52_38,52.38,69.94,21평B,105,KB부동산 단지 시세/평형정보 | https://kbland.kr/map?complex=426731,2026-09-18,,,verified,sale_apartment,
A61375702,exclusive_53_46,53.46,72.57,21평D,1,KB부동산 단지 시세/평형정보 | https://kbland.kr/map?complex=426731,2026-09-18,,,verified,sale_apartment,
A61375702,exclusive_52_29,52.29,72.88,22평A,60,KB부동산 단지 시세/평형정보 | https://kbland.kr/map?complex=426731,2026-09-18,,,verified,sale_apartment,
A61375702,exclusive_53_37,53.37,74.35,22평C,1,KB부동산 단지 시세/평형정보 | https://kbland.kr/map?complex=426731,2026-09-18,,,verified,sale_apartment,
A61375702,exclusive_62_1,62.1,82.89,25평,14,KB부동산 단지 시세/평형정보 | https://kbland.kr/map?complex=426731,2026-09-18,,,verified,sale_apartment,
A61375702,exclusive_68_85,68.85,84.87,25평B,90,KB부동산 단지 시세/평형정보 | https://kbland.kr/map?complex=426731,2026-09-18,,,verified,sale_apartment,
A61375702,exclusive_68_76,68.76,85.89,25평A,330,KB부동산 단지 시세/평형정보 | https://kbland.kr/map?complex=426731,2026-09-18,,,verified,sale_apartment,
A61375702,exclusive_62_01,62.01,86.43,26평,9,KB부동산 단지 시세/평형정보 | https://kbland.kr/map?complex=426731,2026-09-18,,,verified,sale_apartment,
A61375702,exclusive_84_21,84.21,102.48,31평B,270,KB부동산 단지 시세/평형정보 | https://kbland.kr/map?complex=426731,2026-09-18,,,verified,sale_apartment,
A61375702,exclusive_84_37,84.37,103.35,31평C,120,KB부동산 단지 시세/평형정보 | https://kbland.kr/map?complex=426731,2026-09-18,,,verified,sale_apartment,
A61375702,exclusive_84_13,84.13,103.44,31평A,60,KB부동산 단지 시세/평형정보 | https://kbland.kr/map?complex=426731,2026-09-18,,,verified,sale_apartment,
A61375702,exclusive_125_25,125.25,145.46,44평,120,KB부동산 단지 시세/평형정보 | https://kbland.kr/map?complex=426731,2026-09-18,,,verified,sale_apartment,
A61383101,exclusive_59_99,59.99,88.05,26평,100,KB부동산 단지 시세/평형정보 | https://kbland.kr/map?complex=13128,2026-09-18,,,verified,sale_apartment,
A61383101,exclusive_84_94,84.94,113.25,34평A,384,KB부동산 단지 시세/평형정보 | https://kbland.kr/map?complex=13128,2026-09-18,,,verified,sale_apartment,
A61383101,exclusive_126_55,126.55,153.64,46평,150,KB부동산 단지 시세/평형정보 | https://kbland.kr/map?complex=13128,2026-09-18,,,verified,sale_apartment,
A61383101,exclusive_154_56,154.56,183.47,55평,50,KB부동산 단지 시세/평형정보 | https://kbland.kr/map?complex=13128,2026-09-18,,,verified,sale_apartment,
A10026760,exclusive_84_93,84.93,110.28,33평B,271,KB부동산 단지 시세/평형정보 | https://kbland.kr/map?complex=29371,2026-09-18,,,verified,sale_apartment,
A10026760,exclusive_84_82,84.82,110.68,33평A,390,KB부동산 단지 시세/평형정보 | https://kbland.kr/map?complex=29371,2026-09-18,,,verified,sale_apartment,
A10026760,exclusive_88_67,88.67,115.67,34평C,9,KB부동산 단지 시세/평형정보 | https://kbland.kr/map?complex=29371,2026-09-18,,,verified,sale_apartment,
A10026760,exclusive_109_18,109.18,141.7,42평D,169,KB부동산 단지 시세/평형정보 | https://kbland.kr/map?complex=29371,2026-09-18,,,verified,sale_apartment,
A10026760,exclusive_109_18_42평E,109.18,141.76,42평E,1,KB부동산 단지 시세/평형정보 | https://kbland.kr/map?complex=29371,2026-09-18,,,verified,sale_apartment,
A61377105,exclusive_73_09,73.09,94.14,28평,104,KB부동산 단지 시세/평형정보 | https://kbland.kr/map?complex=12212,2026-09-18,,,verified,sale_apartment,
A61377105,exclusive_84_88,84.88,106.73,32평,108,KB부동산 단지 시세/평형정보 | https://kbland.kr/map?complex=12212,2026-09-18,,,verified,sale_apartment,
A61377105,exclusive_84_98,84.98,107.94,32평A,104,KB부동산 단지 시세/평형정보 | https://kbland.kr/map?complex=12212,2026-09-18,,,verified,sale_apartment,
A61377105,exclusive_84_97,84.97,108.6,32평B,248,KB부동산 단지 시세/평형정보 | https://kbland.kr/map?complex=12212,2026-09-18,,,verified,sale_apartment,
A61377105,exclusive_98_94,98.94,128.25,38평,120,KB부동산 단지 시세/평형정보 | https://kbland.kr/map?complex=12212,2026-09-18,,,verified,sale_apartment,
A61377105,exclusive_131_18,131.18,158.94,48평A,184,KB부동산 단지 시세/평형정보 | https://kbland.kr/map?complex=12212,2026-09-18,,,verified,sale_apartment,
A61377105,exclusive_132_19,132.19,160.98,48평B,90,KB부동산 단지 시세/평형정보 | https://kbland.kr/map?complex=12212,2026-09-18,,,verified,sale_apartment,
A61377105,exclusive_150_8,150.8,183.34,55평,124,KB부동산 단지 시세/평형정보 | https://kbland.kr/map?complex=12212,2026-09-18,,,verified,sale_apartment,
A10024695,exclusive_59_85,59.85,87.75,26평,72,KB부동산 단지 시세/평형정보 | https://kbland.kr/map?complex=39499,2026-09-18,,,verified,sale_apartment,
A10024695,exclusive_73_67,73.67,104.75,31평,226,KB부동산 단지 시세/평형정보 | https://kbland.kr/map?complex=39499,2026-09-18,,,verified,sale_apartment,
A10024695,exclusive_84_48,84.48,112.68,34평A,448,KB부동산 단지 시세/평형정보 | https://kbland.kr/map?complex=39499,2026-09-18,,,verified,sale_apartment,
A10024695,exclusive_84_93,84.93,113.36,34평B,46,KB부동산 단지 시세/평형정보 | https://kbland.kr/map?complex=39499,2026-09-18,,,verified,sale_apartment,
A10024695,exclusive_84_57,84.57,114.31,34평C,94,KB부동산 단지 시세/평형정보 | https://kbland.kr/map?complex=39499,2026-09-18,,,verified,sale_apartment,
A10024695,exclusive_100_43,100.43,132.42,40평,85,KB부동산 단지 시세/평형정보 | https://kbland.kr/map?complex=39499,2026-09-18,,,verified,sale_apartment,
A61310007,exclusive_59_99,59.99,85.26,25평,39,KB부동산 단지 시세/평형정보 | https://kbland.kr/map?complex=25696,2026-09-18,,,verified,sale_apartment,
A61310007,exclusive_84_97,84.97,114.95,34평F,29,KB부동산 단지 시세/평형정보 | https://kbland.kr/map?complex=25696,2026-09-18,,,verified,sale_apartment,
A61310007,exclusive_84_98,84.98,115.12,34평D,32,KB부동산 단지 시세/평형정보 | https://kbland.kr/map?complex=25696,2026-09-18,,,verified,sale_apartment,
A61310007,exclusive_84_95,84.95,115.21,34평G,23,KB부동산 단지 시세/평형정보 | https://kbland.kr/map?complex=25696,2026-09-18,,,verified,sale_apartment,
A61310007,exclusive_84_98_35평B,84.98,116.05,35평B,22,KB부동산 단지 시세/평형정보 | https://kbland.kr/map?complex=25696,2026-09-18,,,verified,sale_apartment,
A61310007,exclusive_84_96,84.96,117.7,35평E,295,KB부동산 단지 시세/평형정보 | https://kbland.kr/map?complex=25696,2026-09-18,,,verified,sale_apartment,
A61310007,exclusive_84_98_35평C,84.98,118.18,35평C,145,KB부동산 단지 시세/평형정보 | https://kbland.kr/map?complex=25696,2026-09-18,,,verified,sale_apartment,
A61310007,exclusive_84_98_35평A,84.98,118.87,35평A,219,KB부동산 단지 시세/평형정보 | https://kbland.kr/map?complex=25696,2026-09-18,,,verified,sale_apartment,
A61310007,exclusive_112_01,112.01,150.29,45평,90,KB부동산 단지 시세/평형정보 | https://kbland.kr/map?complex=25696,2026-09-18,,,verified,sale_apartment,
A61310007,exclusive_113_5,113.5,151.01,45평,30,KB부동산 단지 시세/평형정보 | https://kbland.kr/map?complex=25696,2026-09-18,,,verified,sale_apartment,
A61310007,exclusive_153_56,153.56,208.29,63평,3,KB부동산 단지 시세/평형정보 | https://kbland.kr/map?complex=25696,2026-09-18,,,verified,sale_apartment,
A61310007,exclusive_161_28,161.28,215.81,65평,1,KB부동산 단지 시세/평형정보 | https://kbland.kr/map?complex=25696,2026-09-18,,,verified,sale_apartment,
A61375202,exclusive_59_94,59.94,75.85,22평,265,KB부동산 단지 시세/평형정보 | https://kbland.kr/map?complex=5926,2026-09-18,,,verified,sale_apartment,
A61375202,exclusive_84_99,84.99,100.56,30평,196,KB부동산 단지 시세/평형정보 | https://kbland.kr/map?complex=5926,2026-09-18,,,verified,sale_apartment,
A61375202,exclusive_130_9,130.9,147.78,44평,128,KB부동산 단지 시세/평형정보 | https://kbland.kr/map?complex=5926,2026-09-18,,,verified,sale_apartment,
A61375603,exclusive_59_76,59.76,75.97,22평A,384,KB부동산 단지 시세/평형정보 | https://kbland.kr/map?complex=5927,2026-09-18,,,verified,sale_apartment,
A61375603,exclusive_59_76_22평B,59.76,75.97,22평B,53,KB부동산 단지 시세/평형정보 | https://kbland.kr/map?complex=5927,2026-09-18,,,verified,sale_apartment,
A61375603,exclusive_84_9,84.9,107.93,32평,601,KB부동산 단지 시세/평형정보 | https://kbland.kr/map?complex=5927,2026-09-18,,,verified,sale_apartment,
A10023420,exclusive_59_96,59.96,79.15,23평C,24,KB부동산 단지 시세/평형정보 | https://kbland.kr/map?complex=730329,2026-09-18,,,verified,sale_apartment,
A10023420,exclusive_59_99,59.99,79.34,24평A1,48,KB부동산 단지 시세/평형정보 | https://kbland.kr/map?complex=730329,2026-09-18,,,verified,sale_apartment,
A10023420,exclusive_59_98,59.98,79.54,24평A2,20,KB부동산 단지 시세/평형정보 | https://kbland.kr/map?complex=730329,2026-09-18,,,verified,sale_apartment,
A10023420,exclusive_59_99_24평B,59.99,79.89,24평B,24,KB부동산 단지 시세/평형정보 | https://kbland.kr/map?complex=730329,2026-09-18,,,verified,sale_apartment,
A10023420,exclusive_74_99,74.99,98.88,29평A,24,KB부동산 단지 시세/평형정보 | https://kbland.kr/map?complex=730329,2026-09-18,,,verified,sale_apartment,
A10023420,exclusive_74_98,74.98,99.16,29평C,32,KB부동산 단지 시세/평형정보 | https://kbland.kr/map?complex=730329,2026-09-18,,,verified,sale_apartment,
A10023420,exclusive_74_99_30평B,74.99,99.8,30평B,32,KB부동산 단지 시세/평형정보 | https://kbland.kr/map?complex=730329,2026-09-18,,,verified,sale_apartment,
A10023420,exclusive_77_98,77.98,102.57,31평,24,KB부동산 단지 시세/평형정보 | https://kbland.kr/map?complex=730329,2026-09-18,,,verified,sale_apartment,
A10023420,exclusive_84_98,84.98,111.03,33평A2,100,KB부동산 단지 시세/평형정보 | https://kbland.kr/map?complex=730329,2026-09-18,,,verified,sale_apartment,
A10023420,exclusive_84_99,84.99,111.38,33평C1,15,KB부동산 단지 시세/평형정보 | https://kbland.kr/map?complex=730329,2026-09-18,,,verified,sale_apartment,
A10023420,exclusive_84_99_33평D,84.99,111.57,33평D,62,KB부동산 단지 시세/평형정보 | https://kbland.kr/map?complex=730329,2026-09-18,,,verified,sale_apartment,
A10023420,exclusive_84_98_33평C2,84.98,111.64,33평C2,65,KB부동산 단지 시세/평형정보 | https://kbland.kr/map?complex=730329,2026-09-18,,,verified,sale_apartment,
A10023420,exclusive_84_98_33평B1,84.98,111.79,33평B1,34,KB부동산 단지 시세/평형정보 | https://kbland.kr/map?complex=730329,2026-09-18,,,verified,sale_apartment,
A10023420,exclusive_84_98_33평B2-2,84.98,111.99,33평B2-2,34,KB부동산 단지 시세/평형정보 | https://kbland.kr/map?complex=730329,2026-09-18,,,verified,sale_apartment,
A10023420,exclusive_84_99_33평A1,84.99,112.18,33평A1,203,KB부동산 단지 시세/평형정보 | https://kbland.kr/map?complex=730329,2026-09-18,,,verified,sale_apartment,
A10023420,exclusive_84_99_34평B2-1,84.99,112.94,34평B2-1,34,KB부동산 단지 시세/평형정보 | https://kbland.kr/map?complex=730329,2026-09-18,,,verified,sale_apartment,
A10023420,exclusive_101_68,101.68,133.03,40평,66,KB부동산 단지 시세/평형정보 | https://kbland.kr/map?complex=730329,2026-09-18,,,verified,sale_apartment,
A10023420,exclusive_115_41,115.41,150.87,45평,32,KB부동산 단지 시세/평형정보 | https://kbland.kr/map?complex=730329,2026-09-18,,,verified,sale_apartment,
A10023420,exclusive_125_97,125.97,163.49,49평,34,KB부동산 단지 시세/평형정보 | https://kbland.kr/map?complex=730329,2026-09-18,,,verified,sale_apartment,
A10023420,exclusive_142_59,142.59,189.42,57평,1,KB부동산 단지 시세/평형정보 | https://kbland.kr/map?complex=730329,2026-09-18,,,verified,sale_apartment,
A10023420,exclusive_145_39,145.39,194.33,58평A,1,KB부동산 단지 시세/평형정보 | https://kbland.kr/map?complex=730329,2026-09-18,,,verified,sale_apartment,
A10023420,exclusive_145_9,145.9,194.44,58평C,1,KB부동산 단지 시세/평형정보 | https://kbland.kr/map?complex=730329,2026-09-18,,,verified,sale_apartment,
A10023420,exclusive_145_39_58평B,145.39,194.53,58평B,1,KB부동산 단지 시세/평형정보 | https://kbland.kr/map?complex=730329,2026-09-18,,,verified,sale_apartment,
A10023420,exclusive_157_04,157.04,207.9,62평A,1,KB부동산 단지 시세/평형정보 | https://kbland.kr/map?complex=730329,2026-09-18,,,verified,sale_apartment,
A10023420,exclusive_157_24,157.24,208.37,63평B,1,KB부동산 단지 시세/평형정보 | https://kbland.kr/map?complex=730329,2026-09-18,,,verified,sale_apartment,
A61301003,exclusive_41_52,41.52,55.35,16평A,263,KB부동산 단지 시세/평형정보 | https://kbland.kr/map?complex=5918,2026-09-18,,,verified,sale_apartment,
A61301003,exclusive_41_54,41.54,55.37,16평B,1,KB부동산 단지 시세/평형정보 | https://kbland.kr/map?complex=5918,2026-09-18,,,verified,sale_apartment,
A61301003,exclusive_61_09,61.09,81.01,24평B,168,KB부동산 단지 시세/평형정보 | https://kbland.kr/map?complex=5918,2026-09-18,,,verified,sale_apartment,
A61301003,exclusive_60_83,60.83,81.28,24평A,504,KB부동산 단지 시세/평형정보 | https://kbland.kr/map?complex=5918,2026-09-18,,,verified,sale_apartment,
A61301003,exclusive_73_92,73.92,98.18,29평,516,KB부동산 단지 시세/평형정보 | https://kbland.kr/map?complex=5918,2026-09-18,,,verified,sale_apartment,
A61301003,exclusive_84_82,84.82,111.7,33평A,2,KB부동산 단지 시세/평형정보 | https://kbland.kr/map?complex=5918,2026-09-18,,,verified,sale_apartment,
A61301003,exclusive_84_83,84.83,111.73,33평B,502,KB부동산 단지 시세/평형정보 | https://kbland.kr/map?complex=5918,2026-09-18,,,verified,sale_apartment,
A61301003,exclusive_95_17,95.17,116.85,35평,108,KB부동산 단지 시세/평형정보 | https://kbland.kr/map?complex=5918,2026-09-18,,,verified,sale_apartment,
A61301003,exclusive_115_6,115.6,138.31,41평,288,KB부동산 단지 시세/평형정보 | https://kbland.kr/map?complex=5918,2026-09-18,,,verified,sale_apartment,
A61301003,exclusive_131_27,131.27,156.7,47평,576,KB부동산 단지 시세/평형정보 | https://kbland.kr/map?complex=5918,2026-09-18,,,verified,sale_apartment,
A61301003,exclusive_148_2,148.2,174.48,52평,132,KB부동산 단지 시세/평형정보 | https://kbland.kr/map?complex=5918,2026-09-18,,,verified,sale_apartment,
A61775202,exclusive_41_3,41.3,57.15,17평,360,KB부동산 단지 시세/평형정보 | https://kbland.kr/map?complex=5732,2026-09-18,,,verified,sale_apartment,
A61775202,exclusive_41_3_18평,41.3,60.33,18평,90,KB부동산 단지 시세/평형정보 | https://kbland.kr/map?complex=5732,2026-09-18,,,verified,sale_apartment,
A61775202,exclusive_49_94,49.94,69.1,20평,360,KB부동산 단지 시세/평형정보 | https://kbland.kr/map?complex=5732,2026-09-18,,,verified,sale_apartment,
A61775202,exclusive_49_94_22평,49.94,72.95,22평,270,KB부동산 단지 시세/평형정보 | https://kbland.kr/map?complex=5732,2026-09-18,,,verified,sale_apartment,
A61775706,exclusive_72_42,72.42,89.4,27평,262,KB부동산 단지 시세/평형정보 | https://kbland.kr/map?complex=5730,2026-09-18,,,verified,sale_apartment,
A61775706,exclusive_84_54,84.54,102.57,31평,384,KB부동산 단지 시세/평형정보 | https://kbland.kr/map?complex=5730,2026-09-18,,,verified,sale_apartment,
A61775706,exclusive_123_1,123.1,144.86,43평,90,KB부동산 단지 시세/평형정보 | https://kbland.kr/map?complex=5730,2026-09-18,,,verified,sale_apartment,
A61775706,exclusive_135_88,135.88,158.74,48평,60,KB부동산 단지 시세/평형정보 | https://kbland.kr/map?complex=5730,2026-09-18,,,verified,sale_apartment,
A61781805,exclusive_59_88,59.88,79.77,24평,270,KB부동산 단지 시세/평형정보 | https://kbland.kr/map?complex=5731,2026-09-18,,,verified,sale_apartment,
A61781805,exclusive_84_9,84.9,106.79,32평,426,KB부동산 단지 시세/평형정보 | https://kbland.kr/map?complex=5731,2026-09-18,,,verified,sale_apartment,
A61781805,exclusive_121_83,121.83,146.67,44평,84,KB부동산 단지 시세/평형정보 | https://kbland.kr/map?complex=5731,2026-09-18,,,verified,sale_apartment,
A61781807,exclusive_59_7,59.7,72.93,22평,300,KB부동산 단지 시세/평형정보 | https://kbland.kr/map?complex=5734,2026-09-18,,,verified,sale_apartment,
A61781807,exclusive_67_45,67.45,82.35,24평,330,KB부동산 단지 시세/평형정보 | https://kbland.kr/map?complex=5734,2026-09-18,,,verified,sale_apartment,
A61781807,exclusive_76_87,76.87,91.85,27평B,150,KB부동산 단지 시세/평형정보 | https://kbland.kr/map?complex=5734,2026-09-18,,,verified,sale_apartment,
A61781807,exclusive_76_33,76.33,91.88,27평A,60,KB부동산 단지 시세/평형정보 | https://kbland.kr/map?complex=5734,2026-09-18,,,verified,sale_apartment,
A61781807,exclusive_84_97,84.97,101.79,30평A,210,KB부동산 단지 시세/평형정보 | https://kbland.kr/map?complex=5734,2026-09-18,,,verified,sale_apartment,
A61781807,exclusive_84_99,84.99,101.96,30평B,60,KB부동산 단지 시세/평형정보 | https://kbland.kr/map?complex=5734,2026-09-18,,,verified,sale_apartment,
A61781808,exclusive_47_37,47.37,62.15,18평,390,KB부동산 단지 시세/평형정보 | https://kbland.kr/map?complex=5741,2026-09-18,,,verified,sale_apartment,
A61781808,exclusive_59_67,59.67,78.29,23평A,75,KB부동산 단지 시세/평형정보 | https://kbland.kr/map?complex=5741,2026-09-18,,,verified,sale_apartment,
A61781808,exclusive_59_67_23평B,59.67,78.29,23평B,150,KB부동산 단지 시세/평형정보 | https://kbland.kr/map?complex=5741,2026-09-18,,,verified,sale_apartment,
A61781808,exclusive_59_99,59.99,78.71,23평C,330,KB부동산 단지 시세/평형정보 | https://kbland.kr/map?complex=5741,2026-09-18,,,verified,sale_apartment,
A61781808,exclusive_74_93,74.93,98.31,29평,150,KB부동산 단지 시세/평형정보 | https://kbland.kr/map?complex=5741,2026-09-18,,,verified,sale_apartment,
A61781808,exclusive_78_84,78.84,103.45,31평,525,KB부동산 단지 시세/평형정보 | https://kbland.kr/map?complex=5741,2026-09-18,,,verified,sale_apartment,
A61777903,exclusive_68_53,68.53,91.28,27평A,52,KB부동산 단지 시세/평형정보 | https://kbland.kr/map?complex=25060,2026-09-18,,,verified,sale_apartment,
A61777903,exclusive_68_53_27평B,68.53,91.93,27평B,26,KB부동산 단지 시세/평형정보 | https://kbland.kr/map?complex=25060,2026-09-18,,,verified,sale_apartment,
A61777903,exclusive_74,74.0,98.0,29평C,95,KB부동산 단지 시세/평형정보 | https://kbland.kr/map?complex=25060,2026-09-18,,,verified,sale_apartment,
A61777903,exclusive_73_51,73.51,98.91,29평A,50,KB부동산 단지 시세/평형정보 | https://kbland.kr/map?complex=25060,2026-09-18,,,verified,sale_apartment,
A61777903,exclusive_73_89,73.89,99.01,29평B,46,KB부동산 단지 시세/평형정보 | https://kbland.kr/map?complex=25060,2026-09-18,,,verified,sale_apartment,
A61777903,exclusive_77_08,77.08,102.83,31평,90,KB부동산 단지 시세/평형정보 | https://kbland.kr/map?complex=25060,2026-09-18,,,verified,sale_apartment,
A61777903,exclusive_81_13,81.13,108.44,32평A,100,KB부동산 단지 시세/평형정보 | https://kbland.kr/map?complex=25060,2026-09-18,,,verified,sale_apartment,
A61777903,exclusive_82_35,82.35,110.36,33평B,50,KB부동산 단지 시세/평형정보 | https://kbland.kr/map?complex=25060,2026-09-18,,,verified,sale_apartment,
A61777903,exclusive_84_89,84.89,114.58,34평A,6,KB부동산 단지 시세/평형정보 | https://kbland.kr/map?complex=25060,2026-09-18,,,verified,sale_apartment,
A61777903,exclusive_84_89_34평B,84.89,115.35,34평B,2,KB부동산 단지 시세/평형정보 | https://kbland.kr/map?complex=25060,2026-09-18,,,verified,sale_apartment,
A61781005,exclusive_38_64,38.64,50.62,15평,15,KB부동산 단지 시세/평형정보 | https://kbland.kr/map?complex=5715,2026-09-18,,,verified,sale_apartment,
A61781005,exclusive_39_72,39.72,52.03,15평,120,KB부동산 단지 시세/평형정보 | https://kbland.kr/map?complex=5715,2026-09-18,,,verified,sale_apartment,
A61781005,exclusive_45_12,45.12,59.11,17평A,15,KB부동산 단지 시세/평형정보 | https://kbland.kr/map?complex=5715,2026-09-18,,,verified,sale_apartment,
A61781005,exclusive_46_2,46.2,60.52,18평B,60,KB부동산 단지 시세/평형정보 | https://kbland.kr/map?complex=5715,2026-09-18,,,verified,sale_apartment,
A61781005,exclusive_54,54.0,70.5,21평,120,KB부동산 단지 시세/평형정보 | https://kbland.kr/map?complex=5715,2026-09-18,,,verified,sale_apartment,
A61781005,exclusive_63_99,63.99,78.45,23평C,15,KB부동산 단지 시세/평형정보 | https://kbland.kr/map?complex=5715,2026-09-18,,,verified,sale_apartment,
A61781005,exclusive_61_56,61.56,79.65,24평A,120,KB부동산 단지 시세/평형정보 | https://kbland.kr/map?complex=5715,2026-09-18,,,verified,sale_apartment,
A61781005,exclusive_61_56_24평B,61.56,79.67,24평B,60,KB부동산 단지 시세/평형정보 | https://kbland.kr/map?complex=5715,2026-09-18,,,verified,sale_apartment,
A61781005,exclusive_66_51,66.51,81.55,24평,15,KB부동산 단지 시세/평형정보 | https://kbland.kr/map?complex=5715,2026-09-18,,,verified,sale_apartment,
A61781005,exclusive_84_94,84.94,100.47,30평A,30,KB부동산 단지 시세/평형정보 | https://kbland.kr/map?complex=5715,2026-09-18,,,verified,sale_apartment,
A61781005,exclusive_84_94_30평B,84.94,100.83,30평B,90,KB부동산 단지 시세/평형정보 | https://kbland.kr/map?complex=5715,2026-09-18,,,verified,sale_apartment,
A61781005,exclusive_84_94_30평C,84.94,100.95,30평C,90,KB부동산 단지 시세/평형정보 | https://kbland.kr/map?complex=5715,2026-09-18,,,verified,sale_apartment,
A61781005,exclusive_122_85,122.85,141.58,42평,30,KB부동산 단지 시세/평형정보 | https://kbland.kr/map?complex=5715,2026-09-18,,,verified,sale_apartment,
A10023544,exclusive_59_99,59.99,83.41,25평A1,266,KB부동산 단지 시세/평형정보 | https://kbland.kr/map?complex=48448,2026-09-18,,,verified,sale_apartment,
A10023544,exclusive_59_99_25평A2,59.99,83.41,25평A2,38,KB부동산 단지 시세/평형정보 | https://kbland.kr/map?complex=48448,2026-09-18,,,verified,sale_apartment,
A10023544,exclusive_59_91,59.91,84.18,25평B1,152,KB부동산 단지 시세/평형정보 | https://kbland.kr/map?complex=48448,2026-09-18,,,verified,sale_apartment,
A10023544,exclusive_59_91_25평B2,59.91,84.18,25평B2,76,KB부동산 단지 시세/평형정보 | https://kbland.kr/map?complex=48448,2026-09-18,,,verified,sale_apartment,
A10023544,exclusive_84_8,84.8,116.43,35평A1,304,KB부동산 단지 시세/평형정보 | https://kbland.kr/map?complex=48448,2026-09-18,,,verified,sale_apartment,
A10023544,exclusive_84_85,84.85,119.08,36평B,38,KB부동산 단지 시세/평형정보 | https://kbland.kr/map?complex=48448,2026-09-18,,,verified,sale_apartment,
A61780802,exclusive_59_95,59.95,80.38,24평,200,KB부동산 단지 시세/평형정보 | https://kbland.kr/map?complex=5725,2026-09-18,,,verified,sale_apartment,
A61780802,exclusive_74_12,74.12,95.73,28평,200,KB부동산 단지 시세/평형정보 | https://kbland.kr/map?complex=5725,2026-09-18,,,verified,sale_apartment,
A61780802,exclusive_84_86,84.86,107.37,32평,200,KB부동산 단지 시세/평형정보 | https://kbland.kr/map?complex=5725,2026-09-18,,,verified,sale_apartment,
A10026975,exclusive_67_75,67.75,94.62,28평,216,KB부동산 단지 시세/평형정보 | https://kbland.kr/map?complex=29759,2026-09-18,,,verified,sale_apartment,
A10026975,exclusive_72_62,72.62,101.19,30평A,175,KB부동산 단지 시세/평형정보 | https://kbland.kr/map?complex=29759,2026-09-18,,,verified,sale_apartment,
A10026975,exclusive_74_52,74.52,103.49,31평B,101,KB부동산 단지 시세/평형정보 | https://kbland.kr/map?complex=29759,2026-09-18,,,verified,sale_apartment,
A10026975,exclusive_80_16,80.16,107.16,32평,338,KB부동산 단지 시세/평형정보 | https://kbland.kr/map?complex=29759,2026-09-18,,,verified,sale_apartment,
A10026975,exclusive_84_53,84.53,117.97,35평A,7,KB부동산 단지 시세/평형정보 | https://kbland.kr/map?complex=29759,2026-09-18,,,verified,sale_apartment,
A10026975,exclusive_84_77,84.77,118.22,35평C,1,KB부동산 단지 시세/평형정보 | https://kbland.kr/map?complex=29759,2026-09-18,,,verified,sale_apartment,
A10026975,exclusive_84_92,84.92,118.63,35평B,1,KB부동산 단지 시세/평형정보 | https://kbland.kr/map?complex=29759,2026-09-18,,,verified,sale_apartment,
A61701002,exclusive_59_67,59.67,74.96,22평B,88,KB부동산 단지 시세/평형정보 | https://kbland.kr/map?complex=13182,2026-09-18,,,verified,sale_apartment,
A61701002,exclusive_59_73,59.73,75.04,22평A,176,KB부동산 단지 시세/평형정보 | https://kbland.kr/map?complex=13182,2026-09-18,,,verified,sale_apartment,
A61701002,exclusive_84_36,84.36,105.98,32평,382,KB부동산 단지 시세/평형정보 | https://kbland.kr/map?complex=13182,2026-09-18,,,verified,sale_apartment,
A61701002,exclusive_125_16,125.16,155.62,47평,216,KB부동산 단지 시세/평형정보 | https://kbland.kr/map?complex=13182,2026-09-18,,,verified,sale_apartment,
A61701002,exclusive_149_93,149.93,182.16,55평,126,KB부동산 단지 시세/평형정보 | https://kbland.kr/map?complex=13182,2026-09-18,,,verified,sale_apartment,
A61778608,exclusive_59_99,59.99,79.6,24평B,80,KB부동산 단지 시세/평형정보 | https://kbland.kr/map?complex=5686,2026-09-18,,,verified,sale_apartment,
A61778608,exclusive_59_76,59.76,80.59,24평A,187,KB부동산 단지 시세/평형정보 | https://kbland.kr/map?complex=5686,2026-09-18,,,verified,sale_apartment,
A61778608,exclusive_75_06,75.06,96.04,29평,80,KB부동산 단지 시세/평형정보 | https://kbland.kr/map?complex=5686,2026-09-18,,,verified,sale_apartment,
A61778608,exclusive_84_99,84.99,106.78,32평B,120,KB부동산 단지 시세/평형정보 | https://kbland.kr/map?complex=5686,2026-09-18,,,verified,sale_apartment,
A61778608,exclusive_84_91,84.91,108.9,32평A,288,KB부동산 단지 시세/평형정보 | https://kbland.kr/map?complex=5686,2026-09-18,,,verified,sale_apartment,
A61778608,exclusive_122_8,122.8,153.26,46평,76,KB부동산 단지 시세/평형정보 | https://kbland.kr/map?complex=5686,2026-09-18,,,verified,sale_apartment,
A61776907,exclusive_79_34,79.34,96.37,29평,210,KB부동산 단지 시세/평형정보 | https://kbland.kr/map?complex=5690,2026-09-18,,,verified,sale_apartment,
A61776907,exclusive_84_96,84.96,102.83,31평B,340,KB부동산 단지 시세/평형정보 | https://kbland.kr/map?complex=5690,2026-09-18,,,verified,sale_apartment,
A61776907,exclusive_84_81,84.81,103.13,31평A,180,KB부동산 단지 시세/평형정보 | https://kbland.kr/map?complex=5690,2026-09-18,,,verified,sale_apartment,
A61777010,exclusive_59_99,59.99,76.57,23평,683,KB부동산 단지 시세/평형정보 | https://kbland.kr/map?complex=5692,2026-09-18,,,verified,sale_apartment,
A61777010,exclusive_84_91,84.91,108.38,32평,210,KB부동산 단지 시세/평형정보 | https://kbland.kr/map?complex=5692,2026-09-18,,,verified,sale_apartment,
A61777105,exclusive_95_95,95.95,118.1,35평,216,KB부동산 단지 시세/평형정보 | https://kbland.kr/map?complex=5698,2026-09-18,,,verified,sale_apartment,
A61777105,exclusive_119_24,119.24,141.26,42평,310,KB부동산 단지 시세/평형정보 | https://kbland.kr/map?complex=5698,2026-09-18,,,verified,sale_apartment,
A61777312,exclusive_59_88,59.88,78.34,23평,384,KB부동산 단지 시세/평형정보 | https://kbland.kr/map?complex=5691,2026-09-18,,,verified,sale_apartment,
A61777312,exclusive_84_9,84.9,104.54,31평,458,KB부동산 단지 시세/평형정보 | https://kbland.kr/map?complex=5691,2026-09-18,,,verified,sale_apartment,
A61777312,exclusive_131_88,131.88,155.24,46평,82,KB부동산 단지 시세/평형정보 | https://kbland.kr/map?complex=5691,2026-09-18,,,verified,sale_apartment,
A61777312,exclusive_137_55,137.55,161.24,48평,74,KB부동산 단지 시세/평형정보 | https://kbland.kr/map?complex=5691,2026-09-18,,,verified,sale_apartment,
A61777411,exclusive_59_88,59.88,81.56,24평B,60,KB부동산 단지 시세/평형정보 | https://kbland.kr/map?complex=25714,2026-09-18,,,verified,sale_apartment,
A61777411,exclusive_59_91,59.91,81.98,24평A,132,KB부동산 단지 시세/평형정보 | https://kbland.kr/map?complex=25714,2026-09-18,,,verified,sale_apartment,
A61777411,exclusive_59_99,59.99,82.99,25평C,139,KB부동산 단지 시세/평형정보 | https://kbland.kr/map?complex=25714,2026-09-18,,,verified,sale_apartment,
A61777411,exclusive_69_91,69.91,95.11,28평D,134,KB부동산 단지 시세/평형정보 | https://kbland.kr/map?complex=25714,2026-09-18,,,verified,sale_apartment,
A61777411,exclusive_84_95,84.95,113.98,34평E,46,KB부동산 단지 시세/평형정보 | https://kbland.kr/map?complex=25714,2026-09-18,,,verified,sale_apartment,
A61777711,exclusive_40_42,40.42,56.99,17평,114,KB부동산 단지 시세/평형정보 | https://kbland.kr/map?complex=5702,2026-09-18,,,verified,sale_apartment,
A61777711,exclusive_49_96,49.96,70.44,21평,885,KB부동산 단지 시세/평형정보 | https://kbland.kr/map?complex=5702,2026-09-18,,,verified,sale_apartment,
A61777806,exclusive_59_79,59.79,79.58,24평A,76,KB부동산 단지 시세/평형정보 | https://kbland.kr/map?complex=5697,2026-09-18,,,verified,sale_apartment,
A61777806,exclusive_59_94,59.94,79.88,24평B,111,KB부동산 단지 시세/평형정보 | https://kbland.kr/map?complex=5697,2026-09-18,,,verified,sale_apartment,
A61777806,exclusive_74_13,74.13,95.13,28평,212,KB부동산 단지 시세/평형정보 | https://kbland.kr/map?complex=5697,2026-09-18,,,verified,sale_apartment,
A61777806,exclusive_84_99,84.99,106.76,32평,150,KB부동산 단지 시세/평형정보 | https://kbland.kr/map?complex=5697,2026-09-18,,,verified,sale_apartment,
A61784208,exclusive_59_98,59.98,80.54,24평,229,KB부동산 단지 시세/평형정보 | https://kbland.kr/map?complex=5693,2026-09-18,,,verified,sale_apartment,
A61784208,exclusive_75_65,75.65,97.52,29평,172,KB부동산 단지 시세/평형정보 | https://kbland.kr/map?complex=5693,2026-09-18,,,verified,sale_apartment,
A61784208,exclusive_84_97,84.97,110.53,33평,268,KB부동산 단지 시세/평형정보 | https://kbland.kr/map?complex=5693,2026-09-18,,,verified,sale_apartment,
A61784208,exclusive_110_48,110.48,135.16,40평,46,KB부동산 단지 시세/평형정보 | https://kbland.kr/map?complex=5693,2026-09-18,,,verified,sale_apartment,
A61784208,exclusive_134_99,134.99,166.69,50평,48,KB부동산 단지 시세/평형정보 | https://kbland.kr/map?complex=5693,2026-09-18,,,verified,sale_apartment,
A61784213,exclusive_46_32,46.32,64.9,19평,1110,KB부동산 단지 시세/평형정보 | https://kbland.kr/map?complex=15573,2026-09-18,,,verified,sale_apartment,
A61776508,exclusive_59_85,59.85,79.37,24평,441,KB부동산 단지 시세/평형정보 | https://kbland.kr/map?complex=5707,2026-09-18,,,verified,sale_apartment,
A61776508,exclusive_84_87,84.87,107.86,32평,150,KB부동산 단지 시세/평형정보 | https://kbland.kr/map?complex=5707,2026-09-18,,,verified,sale_apartment,
A61776508,exclusive_131_98,131.98,158.58,47평,150,KB부동산 단지 시세/평형정보 | https://kbland.kr/map?complex=5707,2026-09-18,,,verified,sale_apartment,
A61776509,exclusive_59_99,59.99,82.2,24평,96,KB부동산 단지 시세/평형정보 | https://kbland.kr/map?complex=21574,2026-09-18,,,verified,sale_apartment,
A61776509,exclusive_72_44,72.44,95.84,28평,70,KB부동산 단지 시세/평형정보 | https://kbland.kr/map?complex=21574,2026-09-18,,,verified,sale_apartment,
A61776509,exclusive_84_96,84.96,107.98,32평,509,KB부동산 단지 시세/평형정보 | https://kbland.kr/map?complex=21574,2026-09-18,,,verified,sale_apartment,
A61776509,exclusive_84_99,84.99,108.43,32평A,251,KB부동산 단지 시세/평형정보 | https://kbland.kr/map?complex=21574,2026-09-18,,,verified,sale_apartment,
A61776509,exclusive_84_98,84.98,108.93,32평B,79,KB부동산 단지 시세/평형정보 | https://kbland.kr/map?complex=21574,2026-09-18,,,verified,sale_apartment,
A61776509,exclusive_101_11,101.11,128.33,38평A,124,KB부동산 단지 시세/평형정보 | https://kbland.kr/map?complex=21574,2026-09-18,,,verified,sale_apartment,
A61776509,exclusive_101_11_38평B,101.11,128.64,38평B,254,KB부동산 단지 시세/평형정보 | https://kbland.kr/map?complex=21574,2026-09-18,,,verified,sale_apartment,
A61776509,exclusive_126_27,126.27,154.51,46평A,155,KB부동산 단지 시세/평형정보 | https://kbland.kr/map?complex=21574,2026-09-18,,,verified,sale_apartment,
A61776509,exclusive_126_39,126.39,154.57,46평B,152,KB부동산 단지 시세/평형정보 | https://kbland.kr/map?complex=21574,2026-09-18,,,verified,sale_apartment,
A61776509,exclusive_145_13,145.13,173.99,52평,162,KB부동산 단지 시세/평형정보 | https://kbland.kr/map?complex=21574,2026-09-18,,,verified,sale_apartment,
A61776710,exclusive_59_99,59.99,79.54,24평B,96,KB부동산 단지 시세/평형정보 | https://kbland.kr/map?complex=5711,2026-09-18,,,verified,sale_apartment,
A61776710,exclusive_59_98,59.98,79.67,24평A,444,KB부동산 단지 시세/평형정보 | https://kbland.kr/map?complex=5711,2026-09-18,,,verified,sale_apartment,
A61776710,exclusive_73_2,73.2,93.81,28평,134,KB부동산 단지 시세/평형정보 | https://kbland.kr/map?complex=5711,2026-09-18,,,verified,sale_apartment,
A61776710,exclusive_84_9,84.9,106.68,32평,242,KB부동산 단지 시세/평형정보 | https://kbland.kr/map?complex=5711,2026-09-18,,,verified,sale_apartment,
A61776710,exclusive_118_51,118.51,143.16,43평,100,KB부동산 단지 시세/평형정보 | https://kbland.kr/map?complex=5711,2026-09-18,,,verified,sale_apartment,
A61776811,exclusive_59_9,59.9,79.82,24평B,122,KB부동산 단지 시세/평형정보 | https://kbland.kr/map?complex=5709,2026-09-18,,,verified,sale_apartment,
A61776811,exclusive_59_94,59.94,80.48,24평A,626,KB부동산 단지 시세/평형정보 | https://kbland.kr/map?complex=5709,2026-09-18,,,verified,sale_apartment,
A61776811,exclusive_84_85,84.85,108.22,32평,254,KB부동산 단지 시세/평형정보 | https://kbland.kr/map?complex=5709,2026-09-18,,,verified,sale_apartment,
A61776811,exclusive_105_42,105.42,129.01,39평B,84,KB부동산 단지 시세/평형정보 | https://kbland.kr/map?complex=5709,2026-09-18,,,verified,sale_apartment,
A61776811,exclusive_105_3,105.3,131.42,39평A,36,KB부동산 단지 시세/평형정보 | https://kbland.kr/map?complex=5709,2026-09-18,,,verified,sale_apartment,
A61776811,exclusive_134_64,134.64,161.51,48평,36,KB부동산 단지 시세/평형정보 | https://kbland.kr/map?complex=5709,2026-09-18,,,verified,sale_apartment,
A61990108,exclusive_71_72,71.72,97.53,29평A,82,KB부동산 단지 시세/평형정보 | https://kbland.kr/map?complex=22088,2026-09-18,,,verified,sale_apartment,
A61990108,exclusive_84_92,84.92,112.54,34평B,96,KB부동산 단지 시세/평형정보 | https://kbland.kr/map?complex=22088,2026-09-18,,,verified,sale_apartment,
A61990108,exclusive_84_9,84.9,112.56,34평D,197,KB부동산 단지 시세/평형정보 | https://kbland.kr/map?complex=22088,2026-09-18,,,verified,sale_apartment,
A61990108,exclusive_84_97,84.97,113.73,34평E,96,KB부동산 단지 시세/평형정보 | https://kbland.kr/map?complex=22088,2026-09-18,,,verified,sale_apartment,
A61990108,exclusive_84_94,84.94,115.24,34평C,50,KB부동산 단지 시세/평형정보 | https://kbland.kr/map?complex=22088,2026-09-18,,,verified,sale_apartment,
A61990108,exclusive_106_77,106.77,143.18,43평,1,KB부동산 단지 시세/평형정보 | https://kbland.kr/map?complex=22088,2026-09-18,,,verified,sale_apartment,
A61990108,exclusive_115_64,115.64,147.66,44평,48,KB부동산 단지 시세/평형정보 | https://kbland.kr/map?complex=22088,2026-09-18,,,verified,sale_apartment,
A61990108,exclusive_119_89,119.89,164.44,49평,2,KB부동산 단지 시세/평형정보 | https://kbland.kr/map?complex=22088,2026-09-18,,,verified,sale_apartment,
A61990108,exclusive_134_69,134.69,173.05,52평,46,KB부동산 단지 시세/평형정보 | https://kbland.kr/map?complex=22088,2026-09-18,,,verified,sale_apartment,
A61990108,exclusive_162_6,162.6,207.5,62평,1,KB부동산 단지 시세/평형정보 | https://kbland.kr/map?complex=22088,2026-09-18,,,verified,sale_apartment,
A61990108,exclusive_181_95,181.95,233.81,70평,1,KB부동산 단지 시세/평형정보 | https://kbland.kr/map?complex=22088,2026-09-18,,,verified,sale_apartment,
A61970112,exclusive_59_95,59.95,70.88,21평,360,KB부동산 단지 시세/평형정보 | https://kbland.kr/map?complex=6230,2026-09-18,,,verified,sale_apartment,
A61970112,exclusive_84_03,84.03,95.59,28평A,15,KB부동산 단지 시세/평형정보 | https://kbland.kr/map?complex=6230,2026-09-18,,,verified,sale_apartment,
A61970112,exclusive_84_69,84.69,96.25,29평C,75,KB부동산 단지 시세/평형정보 | https://kbland.kr/map?complex=6230,2026-09-18,,,verified,sale_apartment,
A61970112,exclusive_84_6,84.6,96.58,29평B,480,KB부동산 단지 시세/평형정보 | https://kbland.kr/map?complex=6230,2026-09-18,,,verified,sale_apartment,
A61970210,exclusive_49_47,49.47,65.44,19평,1,KB부동산 단지 시세/평형정보 | https://kbland.kr/map?complex=12117,2026-09-18,,,verified,sale_apartment,
A61970210,exclusive_59_98,59.98,79.28,23평,224,KB부동산 단지 시세/평형정보 | https://kbland.kr/map?complex=12117,2026-09-18,,,verified,sale_apartment,
A61970210,exclusive_84_98,84.98,105.86,32평,249,KB부동산 단지 시세/평형정보 | https://kbland.kr/map?complex=12117,2026-09-18,,,verified,sale_apartment,
A61970210,exclusive_130_04,130.04,157.5,47평,50,KB부동산 단지 시세/평형정보 | https://kbland.kr/map?complex=12117,2026-09-18,,,verified,sale_apartment,
A10026865,exclusive_79_98,79.98,105.5,31평A,71,KB부동산 단지 시세/평형정보 | https://kbland.kr/map?complex=31050,2026-09-18,,,verified,sale_apartment,
A10026865,exclusive_79_98_32평C,79.98,106.27,32평C,49,KB부동산 단지 시세/평형정보 | https://kbland.kr/map?complex=31050,2026-09-18,,,verified,sale_apartment,
A10026865,exclusive_79_97,79.97,106.49,32평B,72,KB부동산 단지 시세/평형정보 | https://kbland.kr/map?complex=31050,2026-09-18,,,verified,sale_apartment,
A10026865,exclusive_84_98,84.98,111.82,33평,357,KB부동산 단지 시세/평형정보 | https://kbland.kr/map?complex=31050,2026-09-18,,,verified,sale_apartment,
A10028142,exclusive_59_95,59.95,84.77,25평A,267,KB부동산 단지 시세/평형정보 | https://kbland.kr/map?complex=28940,2026-09-18,,,verified,sale_apartment,
A10028142,exclusive_59_94,59.94,84.94,25평C,162,KB부동산 단지 시세/평형정보 | https://kbland.kr/map?complex=28940,2026-09-18,,,verified,sale_apartment,
A10028142,exclusive_59_91,59.91,84.98,25평B,71,KB부동산 단지 시세/평형정보 | https://kbland.kr/map?complex=28940,2026-09-18,,,verified,sale_apartment,
A10028142,exclusive_84_77,84.77,113.34,34평,60,KB부동산 단지 시세/평형정보 | https://kbland.kr/map?complex=28940,2026-09-18,,,verified,sale_apartment,
A61996111,exclusive_59_99,59.99,80.38,24평B,240,KB부동산 단지 시세/평형정보 | https://kbland.kr/map?complex=25254,2026-09-18,,,verified,sale_apartment,
A61996111,exclusive_59_99_24평A,59.99,81.48,24평A,240,KB부동산 단지 시세/평형정보 | https://kbland.kr/map?complex=25254,2026-09-18,,,verified,sale_apartment,
A61996111,exclusive_84_99,84.99,106.15,32평D,383,KB부동산 단지 시세/평형정보 | https://kbland.kr/map?complex=25254,2026-09-18,,,verified,sale_apartment,
A61996111,exclusive_84_99_32평C,84.99,107.11,32평C,386,KB부동산 단지 시세/평형정보 | https://kbland.kr/map?complex=25254,2026-09-18,,,verified,sale_apartment,
A61996102,exclusive_59_81,59.81,79.64,24평B,99,KB부동산 단지 시세/평형정보 | https://kbland.kr/map?complex=22222,2026-09-18,,,verified,sale_apartment,
A61996102,exclusive_59_83,59.83,79.67,24평A,101,KB부동산 단지 시세/평형정보 | https://kbland.kr/map?complex=22222,2026-09-18,,,verified,sale_apartment,
A61996102,exclusive_84_41,84.41,112.4,34평F,75,KB부동산 단지 시세/평형정보 | https://kbland.kr/map?complex=22222,2026-09-18,,,verified,sale_apartment,
A61996102,exclusive_84_53,84.53,112.56,34평A,30,KB부동산 단지 시세/평형정보 | https://kbland.kr/map?complex=22222,2026-09-18,,,verified,sale_apartment,
A61996102,exclusive_84_59,84.59,112.64,34평C,150,KB부동산 단지 시세/평형정보 | https://kbland.kr/map?complex=22222,2026-09-18,,,verified,sale_apartment,
A61996102,exclusive_84_73,84.73,112.83,34평B,28,KB부동산 단지 시세/평형정보 | https://kbland.kr/map?complex=22222,2026-09-18,,,verified,sale_apartment,
A61996102,exclusive_84_93,84.93,113.1,34평E,30,KB부동산 단지 시세/평형정보 | https://kbland.kr/map?complex=22222,2026-09-18,,,verified,sale_apartment,
A61996102,exclusive_84_99,84.99,113.18,34평D,75,KB부동산 단지 시세/평형정보 | https://kbland.kr/map?complex=22222,2026-09-18,,,verified,sale_apartment,
A61996108,exclusive_59_99,59.99,81.74,24평A,260,KB부동산 단지 시세/평형정보 | https://kbland.kr/map?complex=25049,2026-09-18,,,verified,sale_apartment,
A61996108,exclusive_59_99_24평B,59.99,81.74,24평B,240,KB부동산 단지 시세/평형정보 | https://kbland.kr/map?complex=25049,2026-09-18,,,verified,sale_apartment,
A61996108,exclusive_79_6,79.6,101.09,30평C,254,KB부동산 단지 시세/평형정보 | https://kbland.kr/map?complex=25049,2026-09-18,,,verified,sale_apartment,
A61996108,exclusive_79_65,79.65,101.13,30평D,274,KB부동산 단지 시세/평형정보 | https://kbland.kr/map?complex=25049,2026-09-18,,,verified,sale_apartment,
A61996109,exclusive_101_81,101.81,128.21,38평C,401,KB부동산 단지 시세/평형정보 | https://kbland.kr/map?complex=21142,2026-09-18,,,verified,sale_apartment,
A61996109,exclusive_101_58,101.58,128.55,38평A,143,KB부동산 단지 시세/평형정보 | https://kbland.kr/map?complex=21142,2026-09-18,,,verified,sale_apartment,
A61996109,exclusive_101_58_38평B,101.58,128.55,38평B,51,KB부동산 단지 시세/평형정보 | https://kbland.kr/map?complex=21142,2026-09-18,,,verified,sale_apartment,
A61996109,exclusive_127_26,127.26,160.57,48평A,133,KB부동산 단지 시세/평형정보 | https://kbland.kr/map?complex=21142,2026-09-18,,,verified,sale_apartment,
A61996109,exclusive_127_26_48평B,127.26,160.57,48평B,143,KB부동산 단지 시세/평형정보 | https://kbland.kr/map?complex=21142,2026-09-18,,,verified,sale_apartment,
A61996109,exclusive_149_61,149.61,187.41,56평,40,KB부동산 단지 시세/평형정보 | https://kbland.kr/map?complex=21142,2026-09-18,,,verified,sale_apartment,
A61996110,exclusive_59_93,59.93,79.54,24평A,560,KB부동산 단지 시세/평형정보 | https://kbland.kr/map?complex=25048,2026-09-18,,,verified,sale_apartment,
A61996110,exclusive_59_98,59.98,80.55,24평B,60,KB부동산 단지 시세/평형정보 | https://kbland.kr/map?complex=25048,2026-09-18,,,verified,sale_apartment,
A61996110,exclusive_78_53,78.53,103.17,31평,230,KB부동산 단지 시세/평형정보 | https://kbland.kr/map?complex=25048,2026-09-18,,,verified,sale_apartment,
A61996110,exclusive_84_98,84.98,112.23,33평A,370,KB부동산 단지 시세/평형정보 | https://kbland.kr/map?complex=25048,2026-09-18,,,verified,sale_apartment,
A61996110,exclusive_84_98_33평C,84.98,112.39,33평C,240,KB부동산 단지 시세/평형정보 | https://kbland.kr/map?complex=25048,2026-09-18,,,verified,sale_apartment,
A61996110,exclusive_84_98_34평B,84.98,112.73,34평B,178,KB부동산 단지 시세/평형정보 | https://kbland.kr/map?complex=25048,2026-09-18,,,verified,sale_apartment,
A61996114,exclusive_65_98,65.98,86.19,26평A,300,KB부동산 단지 시세/평형정보 | https://kbland.kr/map?complex=25763,2026-09-18,,,verified,sale_apartment,
A61996114,exclusive_65_93,65.93,86.79,26평B,60,KB부동산 단지 시세/평형정보 | https://kbland.kr/map?complex=25763,2026-09-18,,,verified,sale_apartment,
A61996114,exclusive_75_57,75.57,98.42,29평,200,KB부동산 단지 시세/평형정보 | https://kbland.kr/map?complex=25763,2026-09-18,,,verified,sale_apartment,
A61996114,exclusive_84_99,84.99,110.64,33평B,200,KB부동산 단지 시세/평형정보 | https://kbland.kr/map?complex=25763,2026-09-18,,,verified,sale_apartment,
A61996114,exclusive_84_91,84.91,110.76,33평A,380,KB부동산 단지 시세/평형정보 | https://kbland.kr/map?complex=25763,2026-09-18,,,verified,sale_apartment,
A61996114,exclusive_100_23,100.23,129.81,39평A,60,KB부동산 단지 시세/평형정보 | https://kbland.kr/map?complex=25763,2026-09-18,,,verified,sale_apartment,
A61996114,exclusive_100_76,100.76,130.35,39평B,300,KB부동산 단지 시세/평형정보 | https://kbland.kr/map?complex=25763,2026-09-18,,,verified,sale_apartment,
A61996204,exclusive_84_98,84.98,122.64,37평B,116,KB부동산 단지 시세/평형정보 | https://kbland.kr/map?complex=15938,2026-09-18,,,verified,sale_apartment,
A61996204,exclusive_84_98_37평A,84.98,123.97,37평A,120,KB부동산 단지 시세/평형정보 | https://kbland.kr/map?complex=15938,2026-09-18,,,verified,sale_apartment,
A61996204,exclusive_116_02,116.02,145.15,43평,203,KB부동산 단지 시세/평형정보 | https://kbland.kr/map?complex=15938,2026-09-18,,,verified,sale_apartment,
A61996204,exclusive_132_24,132.24,164.57,49평,108,KB부동산 단지 시세/평형정보 | https://kbland.kr/map?complex=15938,2026-09-18,,,verified,sale_apartment,
A61996204,exclusive_143_69,143.69,178.44,53평,56,KB부동산 단지 시세/평형정보 | https://kbland.kr/map?complex=15938,2026-09-18,,,verified,sale_apartment,
A61996204,exclusive_166_18,166.18,197.69,59평,87,KB부동산 단지 시세/평형정보 | https://kbland.kr/map?complex=15938,2026-09-18,,,verified,sale_apartment,
A61996005,exclusive_84_85,84.85,109.06,32평,142,KB부동산 단지 시세/평형정보 | https://kbland.kr/map?complex=15934,2026-09-18,,,verified,sale_apartment,
A61996005,exclusive_84_85_33평B,84.85,109.99,33평B,70,KB부동산 단지 시세/평형정보 | https://kbland.kr/map?complex=15934,2026-09-18,,,verified,sale_apartment,
A61996005,exclusive_84_9,84.9,110.44,33평A,77,KB부동산 단지 시세/평형정보 | https://kbland.kr/map?complex=15934,2026-09-18,,,verified,sale_apartment,
A61996005,exclusive_101_74,101.74,124.75,37평,176,KB부동산 단지 시세/평형정보 | https://kbland.kr/map?complex=15934,2026-09-18,,,verified,sale_apartment,
A61996005,exclusive_122_42,122.42,150.39,45평A,29,KB부동산 단지 시세/평형정보 | https://kbland.kr/map?complex=15934,2026-09-18,,,verified,sale_apartment,
A61996005,exclusive_123_35,123.35,151.26,45평B,180,KB부동산 단지 시세/평형정보 | https://kbland.kr/map?complex=15934,2026-09-18,,,verified,sale_apartment,
A61996005,exclusive_146_81,146.81,176.1,53평,87,KB부동산 단지 시세/평형정보 | https://kbland.kr/map?complex=15934,2026-09-18,,,verified,sale_apartment,
A61996107,exclusive_59_49,59.49,78.76,23평D,4,KB부동산 단지 시세/평형정보 | https://kbland.kr/map?complex=24325,2026-09-18,,,verified,sale_apartment,
A61996107,exclusive_59_65,59.65,78.86,23평C,220,KB부동산 단지 시세/평형정보 | https://kbland.kr/map?complex=24325,2026-09-18,,,verified,sale_apartment,
A61996107,exclusive_59_83,59.83,79.18,23평A,220,KB부동산 단지 시세/평형정보 | https://kbland.kr/map?complex=24325,2026-09-18,,,verified,sale_apartment,
A61996107,exclusive_59_82,59.82,79.46,24평B,220,KB부동산 단지 시세/평형정보 | https://kbland.kr/map?complex=24325,2026-09-18,,,verified,sale_apartment,
A61996107,exclusive_74_52,74.52,97.15,29평A,40,KB부동산 단지 시세/평형정보 | https://kbland.kr/map?complex=24325,2026-09-18,,,verified,sale_apartment,
A61996107,exclusive_74_25,74.25,98.39,29평B,100,KB부동산 단지 시세/평형정보 | https://kbland.kr/map?complex=24325,2026-09-18,,,verified,sale_apartment,
A61996107,exclusive_84_87,84.87,110.61,33평D,477,KB부동산 단지 시세/평형정보 | https://kbland.kr/map?complex=24325,2026-09-18,,,verified,sale_apartment,
A61996107,exclusive_84_99,84.99,111.22,33평A,180,KB부동산 단지 시세/평형정보 | https://kbland.kr/map?complex=24325,2026-09-18,,,verified,sale_apartment,
A61996107,exclusive_84_98,84.98,111.24,33평C,60,KB부동산 단지 시세/평형정보 | https://kbland.kr/map?complex=24325,2026-09-18,,,verified,sale_apartment,
A61996107,exclusive_84_99_33평B,84.99,111.32,33평B,237,KB부동산 단지 시세/평형정보 | https://kbland.kr/map?complex=24325,2026-09-18,,,verified,sale_apartment,
A10024606,exclusive_84_55,84.55,108.28,32평A,342,KB부동산 단지 시세/평형정보 | https://kbland.kr/map?complex=42210,2026-09-18,,,verified,sale_apartment,
A10024606,exclusive_84_38,84.38,109.21,33평C,105,KB부동산 단지 시세/평형정보 | https://kbland.kr/map?complex=42210,2026-09-18,,,verified,sale_apartment,
A10024606,exclusive_84_5,84.5,109.23,33평B,71,KB부동산 단지 시세/평형정보 | https://kbland.kr/map?complex=42210,2026-09-18,,,verified,sale_apartment,
A10024909,exclusive_63_89,63.89,84.62,25평,25,KB부동산 단지 시세/평형정보 | https://kbland.kr/map?complex=37605,2026-09-18,,,verified,sale_apartment,
A10024909,exclusive_75_55,75.55,99.1,29평,139,KB부동산 단지 시세/평형정보 | https://kbland.kr/map?complex=37605,2026-09-18,,,verified,sale_apartment,
A10024909,exclusive_84_97,84.97,110.84,33평A,370,KB부동산 단지 시세/평형정보 | https://kbland.kr/map?complex=37605,2026-09-18,,,verified,sale_apartment,
A10024909,exclusive_84_98,84.98,111.03,33평B,117,KB부동산 단지 시세/평형정보 | https://kbland.kr/map?complex=37605,2026-09-18,,,verified,sale_apartment,
A10024909,exclusive_84_9,84.9,111.35,33평C,275,KB부동산 단지 시세/평형정보 | https://kbland.kr/map?complex=37605,2026-09-18,,,verified,sale_apartment,
A10024909,exclusive_84_96,84.96,111.44,33평D,75,KB부동산 단지 시세/평형정보 | https://kbland.kr/map?complex=37605,2026-09-18,,,verified,sale_apartment,
A10024909,exclusive_84_95,84.95,111.6,33평E,58,KB부동산 단지 시세/평형정보 | https://kbland.kr/map?complex=37605,2026-09-18,,,verified,sale_apartment,
A10024919,exclusive_96_17,96.17,123.24,37평,228,KB부동산 단지 시세/평형정보 | https://kbland.kr/map?complex=39543,2026-09-18,,,verified,sale_apartment,
A10024919,exclusive_96_17_37평A,96.17,123.29,37평A,1,KB부동산 단지 시세/평형정보 | https://kbland.kr/map?complex=39543,2026-09-18,,,verified,sale_apartment,
A10024919,exclusive_104_2,104.2,133.84,40평,468,KB부동산 단지 시세/평형정보 | https://kbland.kr/map?complex=39543,2026-09-18,,,verified,sale_apartment,
A10024919,exclusive_159_9,159.9,205.62,62평,4,KB부동산 단지 시세/평형정보 | https://kbland.kr/map?complex=39543,2026-09-18,,,verified,sale_apartment,
A10024933,exclusive_59_61,59.61,79.78,24평B,73,KB부동산 단지 시세/평형정보 | https://kbland.kr/map?complex=39023,2026-09-18,,,verified,sale_apartment,
A10024933,exclusive_59_62,59.62,80.1,24평A,580,KB부동산 단지 시세/평형정보 | https://kbland.kr/map?complex=39023,2026-09-18,,,verified,sale_apartment,
A10025042,exclusive_74_97,74.97,100.61,30평B,187,KB부동산 단지 시세/평형정보 | https://kbland.kr/map?complex=37602,2026-09-18,,,verified,sale_apartment,
A10025042,exclusive_74_97_30평A,74.97,100.83,30평A,194,KB부동산 단지 시세/평형정보 | https://kbland.kr/map?complex=37602,2026-09-18,,,verified,sale_apartment,
A10025042,exclusive_79_98,79.98,107.91,32평,150,KB부동산 단지 시세/평형정보 | https://kbland.kr/map?complex=37602,2026-09-18,,,verified,sale_apartment,
A10025042,exclusive_84_98,84.98,113.01,34평A,379,KB부동산 단지 시세/평형정보 | https://kbland.kr/map?complex=37602,2026-09-18,,,verified,sale_apartment,
A10025042,exclusive_84_97,84.97,116.91,35평B,3,KB부동산 단지 시세/평형정보 | https://kbland.kr/map?complex=37602,2026-09-18,,,verified,sale_apartment,
A10024476,exclusive_96_17,96.17,123.28,37평A,1,KB부동산 단지 시세/평형정보 | https://kbland.kr/map?complex=41423,2026-09-18,,,verified,sale_apartment,
A10024476,exclusive_96_17_37평,96.17,123.29,37평,407,KB부동산 단지 시세/평형정보 | https://kbland.kr/map?complex=41423,2026-09-18,,,verified,sale_apartment,
A10024476,exclusive_104_2,104.2,134.53,40평,504,KB부동산 단지 시세/평형정보 | https://kbland.kr/map?complex=41423,2026-09-18,,,verified,sale_apartment,
A10024476,exclusive_159_9,159.9,206.68,62평,5,KB부동산 단지 시세/평형정보 | https://kbland.kr/map?complex=41423,2026-09-18,,,verified,sale_apartment,
A61404203,exclusive_28_58,28.58,39.6,11평,384,KB부동산 단지 시세/평형정보 | https://kbland.kr/map?complex=13556,2026-09-18,,,verified,sale_apartment,도로명 일치 및 세대수 정확 일치 (751세대)
A61404203,exclusive_29_87,29.87,41.38,12평,3,KB부동산 단지 시세/평형정보 | https://kbland.kr/map?complex=13556,2026-09-18,,,verified,sale_apartment,도로명 일치 및 세대수 정확 일치 (751세대)
A61404203,exclusive_32_6,32.6,45.16,13평A,330,KB부동산 단지 시세/평형정보 | https://kbland.kr/map?complex=13556,2026-09-18,,,verified,sale_apartment,도로명 일치 및 세대수 정확 일치 (751세대)
A61404203,exclusive_34_07,34.07,47.2,14평B,3,KB부동산 단지 시세/평형정보 | https://kbland.kr/map?complex=13556,2026-09-18,,,verified,sale_apartment,도로명 일치 및 세대수 정확 일치 (751세대)
A61404203,exclusive_46_31,46.31,64.06,19평,18,KB부동산 단지 시세/평형정보 | https://kbland.kr/map?complex=13556,2026-09-18,,,verified,sale_apartment,도로명 일치 및 세대수 정확 일치 (751세대)
A61404203,exclusive_52_1,52.1,72.32,21평,1,KB부동산 단지 시세/평형정보 | https://kbland.kr/map?complex=13556,2026-09-18,,,verified,sale_apartment,도로명 일치 및 세대수 정확 일치 (751세대)
A61404203,exclusive_59_05,59.05,81.81,24평,12,KB부동산 단지 시세/평형정보 | https://kbland.kr/map?complex=13556,2026-09-18,,,verified,sale_apartment,도로명 일치 및 세대수 정확 일치 (751세대)
A10026391,exclusive_98_99,98.99,130.12,39평D2-1b,18,KB부동산 단지 시세/평형정보 | https://kbland.kr/map?complex=29506,2026-09-18,,,verified,sale_apartment,도로명 일치 및 세대수 정확 일치 (1488세대)
A10026391,exclusive_98_99_39평D2-1,98.99,130.12,39평D2-1,6,KB부동산 단지 시세/평형정보 | https://kbland.kr/map?complex=29506,2026-09-18,,,verified,sale_apartment,도로명 일치 및 세대수 정확 일치 (1488세대)
A10026391,exclusive_98_99_39평D2-1ab,98.99,130.12,39평D2-1ab,2,KB부동산 단지 시세/평형정보 | https://kbland.kr/map?complex=29506,2026-09-18,,,verified,sale_apartment,도로명 일치 및 세대수 정확 일치 (1488세대)
A10026391,exclusive_99_13,99.13,130.37,39평D3-1b,24,KB부동산 단지 시세/평형정보 | https://kbland.kr/map?complex=29506,2026-09-18,,,verified,sale_apartment,도로명 일치 및 세대수 정확 일치 (1488세대)
A10026391,exclusive_99_13_39평D3-1ab,99.13,130.37,39평D3-1ab,2,KB부동산 단지 시세/평형정보 | https://kbland.kr/map?complex=29506,2026-09-18,,,verified,sale_apartment,도로명 일치 및 세대수 정확 일치 (1488세대)
A10026391,exclusive_99_03,99.03,130.45,39평D4-1b,24,KB부동산 단지 시세/평형정보 | https://kbland.kr/map?complex=29506,2026-09-18,,,verified,sale_apartment,도로명 일치 및 세대수 정확 일치 (1488세대)
A10026391,exclusive_99_03_39평D4-1ab,99.03,130.45,39평D4-1ab,2,KB부동산 단지 시세/평형정보 | https://kbland.kr/map?complex=29506,2026-09-18,,,verified,sale_apartment,도로명 일치 및 세대수 정확 일치 (1488세대)
A10026391,exclusive_99_54,99.54,130.86,39평D2-2,26,KB부동산 단지 시세/평형정보 | https://kbland.kr/map?complex=29506,2026-09-18,,,verified,sale_apartment,도로명 일치 및 세대수 정확 일치 (1488세대)
A10026391,exclusive_99_28,99.28,131.11,39평E2-1ab,2,KB부동산 단지 시세/평형정보 | https://kbland.kr/map?complex=29506,2026-09-18,,,verified,sale_apartment,도로명 일치 및 세대수 정확 일치 (1488세대)
A10026391,exclusive_99_28_39평E2-1b,99.28,131.11,39평E2-1b,24,KB부동산 단지 시세/평형정보 | https://kbland.kr/map?complex=29506,2026-09-18,,,verified,sale_apartment,도로명 일치 및 세대수 정확 일치 (1488세대)
A10026391,exclusive_99_7,99.7,131.12,39평D3-2,26,KB부동산 단지 시세/평형정보 | https://kbland.kr/map?complex=29506,2026-09-18,,,verified,sale_apartment,도로명 일치 및 세대수 정확 일치 (1488세대)
A10026391,exclusive_99_46,99.46,131.37,39평E2-2,26,KB부동산 단지 시세/평형정보 | https://kbland.kr/map?complex=29506,2026-09-18,,,verified,sale_apartment,도로명 일치 및 세대수 정확 일치 (1488세대)
A10026391,exclusive_100_2,100.2,131.44,39평D4-2,26,KB부동산 단지 시세/평형정보 | https://kbland.kr/map?complex=29506,2026-09-18,,,verified,sale_apartment,도로명 일치 및 세대수 정확 일치 (1488세대)
A10026391,exclusive_100_1,100.1,131.55,39평D2-3,6,KB부동산 단지 시세/평형정보 | https://kbland.kr/map?complex=29506,2026-09-18,,,verified,sale_apartment,도로명 일치 및 세대수 정확 일치 (1488세대)
A10026391,exclusive_100_49,100.49,131.82,39평D4-3,6,KB부동산 단지 시세/평형정보 | https://kbland.kr/map?complex=29506,2026-09-18,,,verified,sale_apartment,도로명 일치 및 세대수 정확 일치 (1488세대)
A10026391,exclusive_99_81,99.81,131.91,39평E2-3,6,KB부동산 단지 시세/평형정보 | https://kbland.kr/map?complex=29506,2026-09-18,,,verified,sale_apartment,도로명 일치 및 세대수 정확 일치 (1488세대)
A10026391,exclusive_104_19,104.19,138.4,41평C4-1a,4,KB부동산 단지 시세/평형정보 | https://kbland.kr/map?complex=29506,2026-09-18,,,verified,sale_apartment,도로명 일치 및 세대수 정확 일치 (1488세대)
A10026391,exclusive_104_19_41평C4-1,104.19,138.4,41평C4-1,48,KB부동산 단지 시세/평형정보 | https://kbland.kr/map?complex=29506,2026-09-18,,,verified,sale_apartment,도로명 일치 및 세대수 정확 일치 (1488세대)
A10026391,exclusive_106_72,106.72,142.44,43평C4-2c,2,KB부동산 단지 시세/평형정보 | https://kbland.kr/map?complex=29506,2026-09-18,,,verified,sale_apartment,도로명 일치 및 세대수 정확 일치 (1488세대)
A10026391,exclusive_108_14,108.14,145.99,44평H-6,8,KB부동산 단지 시세/평형정보 | https://kbland.kr/map?complex=29506,2026-09-18,,,verified,sale_apartment,도로명 일치 및 세대수 정확 일치 (1488세대)
A10026391,exclusive_107_59,107.59,146.15,44평H-6c,4,KB부동산 단지 시세/평형정보 | https://kbland.kr/map?complex=29506,2026-09-18,,,verified,sale_apartment,도로명 일치 및 세대수 정확 일치 (1488세대)
A10026391,exclusive_110_26,110.26,147.34,44평C4-2,50,KB부동산 단지 시세/평형정보 | https://kbland.kr/map?complex=29506,2026-09-18,,,verified,sale_apartment,도로명 일치 및 세대수 정확 일치 (1488세대)
A10026391,exclusive_111_17,111.17,148.32,44평C4-3,6,KB부동산 단지 시세/평형정보 | https://kbland.kr/map?complex=29506,2026-09-18,,,verified,sale_apartment,도로명 일치 및 세대수 정확 일치 (1488세대)
A10026391,exclusive_111_89,111.89,148.53,44평C3-1a,4,KB부동산 단지 시세/평형정보 | https://kbland.kr/map?complex=29506,2026-09-18,,,verified,sale_apartment,도로명 일치 및 세대수 정확 일치 (1488세대)
A10026391,exclusive_111_89_44평C3-1,111.89,148.53,44평C3-1,48,KB부동산 단지 시세/평형정보 | https://kbland.kr/map?complex=29506,2026-09-18,,,verified,sale_apartment,도로명 일치 및 세대수 정확 일치 (1488세대)
A10026391,exclusive_112_23,112.23,149.51,45평C3-2c,2,KB부동산 단지 시세/평형정보 | https://kbland.kr/map?complex=29506,2026-09-18,,,verified,sale_apartment,도로명 일치 및 세대수 정확 일치 (1488세대)
A10026391,exclusive_117_42,117.42,156.76,47평C3-2,50,KB부동산 단지 시세/평형정보 | https://kbland.kr/map?complex=29506,2026-09-18,,,verified,sale_apartment,도로명 일치 및 세대수 정확 일치 (1488세대)
A10026391,exclusive_118_28,118.28,157.65,47평C3-3,12,KB부동산 단지 시세/평형정보 | https://kbland.kr/map?complex=29506,2026-09-18,,,verified,sale_apartment,도로명 일치 및 세대수 정확 일치 (1488세대)
A10026391,exclusive_117_28,117.28,158.58,47평H-5,8,KB부동산 단지 시세/평형정보 | https://kbland.kr/map?complex=29506,2026-09-18,,,verified,sale_apartment,도로명 일치 및 세대수 정확 일치 (1488세대)
A10026391,exclusive_117_38,117.38,160.0,48평H-5c,4,KB부동산 단지 시세/평형정보 | https://kbland.kr/map?complex=29506,2026-09-18,,,verified,sale_apartment,도로명 일치 및 세대수 정확 일치 (1488세대)
A10026391,exclusive_121_69,121.69,161.07,48평E1-1,48,KB부동산 단지 시세/평형정보 | https://kbland.kr/map?complex=29506,2026-09-18,,,verified,sale_apartment,도로명 일치 및 세대수 정확 일치 (1488세대)
A10026391,exclusive_121_69_48평E1-1a,121.69,161.07,48평E1-1a,4,KB부동산 단지 시세/평형정보 | https://kbland.kr/map?complex=29506,2026-09-18,,,verified,sale_apartment,도로명 일치 및 세대수 정확 일치 (1488세대)
A10026391,exclusive_121_91,121.91,161.6,48평D1-1,48,KB부동산 단지 시세/평형정보 | https://kbland.kr/map?complex=29506,2026-09-18,,,verified,sale_apartment,도로명 일치 및 세대수 정확 일치 (1488세대)
A10026391,exclusive_121_91_48평D1-1a,121.91,161.6,48평D1-1a,4,KB부동산 단지 시세/평형정보 | https://kbland.kr/map?complex=29506,2026-09-18,,,verified,sale_apartment,도로명 일치 및 세대수 정확 일치 (1488세대)
A10026391,exclusive_123_46,123.46,163.28,49평E1-2,52,KB부동산 단지 시세/평형정보 | https://kbland.kr/map?complex=29506,2026-09-18,,,verified,sale_apartment,도로명 일치 및 세대수 정확 일치 (1488세대)
A10026391,exclusive_123_69,123.69,163.78,49평D1-2,52,KB부동산 단지 시세/평형정보 | https://kbland.kr/map?complex=29506,2026-09-18,,,verified,sale_apartment,도로명 일치 및 세대수 정확 일치 (1488세대)
A10026391,exclusive_124_11,124.11,164.02,49평E1-3,16,KB부동산 단지 시세/평형정보 | https://kbland.kr/map?complex=29506,2026-09-18,,,verified,sale_apartment,도로명 일치 및 세대수 정확 일치 (1488세대)
A10026391,exclusive_124_34,124.34,164.53,49평D1-3,16,KB부동산 단지 시세/평형정보 | https://kbland.kr/map?complex=29506,2026-09-18,,,verified,sale_apartment,도로명 일치 및 세대수 정확 일치 (1488세대)
A10026391,exclusive_124_23,124.23,164.91,49평B3-1,24,KB부동산 단지 시세/평형정보 | https://kbland.kr/map?complex=29506,2026-09-18,,,verified,sale_apartment,도로명 일치 및 세대수 정확 일치 (1488세대)
A10026391,exclusive_124_23_49평B3-1a,124.23,164.91,49평B3-1a,2,KB부동산 단지 시세/평형정보 | https://kbland.kr/map?complex=29506,2026-09-18,,,verified,sale_apartment,도로명 일치 및 세대수 정확 일치 (1488세대)
A10026391,exclusive_126_58,126.58,171.19,51평C4-4,3,KB부동산 단지 시세/평형정보 | https://kbland.kr/map?complex=29506,2026-09-18,,,verified,sale_apartment,도로명 일치 및 세대수 정확 일치 (1488세대)
A10026391,exclusive_133_07,133.07,176.4,53평B3-2,26,KB부동산 단지 시세/평형정보 | https://kbland.kr/map?complex=29506,2026-09-18,,,verified,sale_apartment,도로명 일치 및 세대수 정확 일치 (1488세대)
A10026391,exclusive_134_08,134.08,177.52,53평B3-3,12,KB부동산 단지 시세/평형정보 | https://kbland.kr/map?complex=29506,2026-09-18,,,verified,sale_apartment,도로명 일치 및 세대수 정확 일치 (1488세대)
A10026391,exclusive_134_43,134.43,177.66,53평B1-1,48,KB부동산 단지 시세/평형정보 | https://kbland.kr/map?complex=29506,2026-09-18,,,verified,sale_apartment,도로명 일치 및 세대수 정확 일치 (1488세대)
A10026391,exclusive_134_43_53평B1-1a,134.43,177.66,53평B1-1a,4,KB부동산 단지 시세/평형정보 | https://kbland.kr/map?complex=29506,2026-09-18,,,verified,sale_apartment,도로명 일치 및 세대수 정확 일치 (1488세대)
A10026391,exclusive_134_31,134.31,177.83,53평B2-1,24,KB부동산 단지 시세/평형정보 | https://kbland.kr/map?complex=29506,2026-09-18,,,verified,sale_apartment,도로명 일치 및 세대수 정확 일치 (1488세대)
A10026391,exclusive_134_31_53평B2-1a,134.31,177.83,53평B2-1a,2,KB부동산 단지 시세/평형정보 | https://kbland.kr/map?complex=29506,2026-09-18,,,verified,sale_apartment,도로명 일치 및 세대수 정확 일치 (1488세대)
A10026391,exclusive_133_69,133.69,179.2,54평H-4c,3,KB부동산 단지 시세/평형정보 | https://kbland.kr/map?complex=29506,2026-09-18,,,verified,sale_apartment,도로명 일치 및 세대수 정확 일치 (1488세대)
A10026391,exclusive_134_52,134.52,179.46,54평H-4,3,KB부동산 단지 시세/평형정보 | https://kbland.kr/map?complex=29506,2026-09-18,,,verified,sale_apartment,도로명 일치 및 세대수 정확 일치 (1488세대)
A10026391,exclusive_141_08,141.08,186.72,56평B1-2,52,KB부동산 단지 시세/평형정보 | https://kbland.kr/map?complex=29506,2026-09-18,,,verified,sale_apartment,도로명 일치 및 세대수 정확 일치 (1488세대)
A10026391,exclusive_141_83,141.83,187.9,56평B2-2,26,KB부동산 단지 시세/평형정보 | https://kbland.kr/map?complex=29506,2026-09-18,,,verified,sale_apartment,도로명 일치 및 세대수 정확 일치 (1488세대)
A10026391,exclusive_142_15,142.15,187.9,56평B1-3,24,KB부동산 단지 시세/평형정보 | https://kbland.kr/map?complex=29506,2026-09-18,,,verified,sale_apartment,도로명 일치 및 세대수 정확 일치 (1488세대)
A10026391,exclusive_142_91,142.91,188.09,56평C2-1a,2,KB부동산 단지 시세/평형정보 | https://kbland.kr/map?complex=29506,2026-09-18,,,verified,sale_apartment,도로명 일치 및 세대수 정확 일치 (1488세대)
A10026391,exclusive_142_91_56평C2-1,142.91,188.09,56평C2-1,24,KB부동산 단지 시세/평형정보 | https://kbland.kr/map?complex=29506,2026-09-18,,,verified,sale_apartment,도로명 일치 및 세대수 정확 일치 (1488세대)
A10026391,exclusive_143_06,143.06,188.09,56평C1-1,72,KB부동산 단지 시세/평형정보 | https://kbland.kr/map?complex=29506,2026-09-18,,,verified,sale_apartment,도로명 일치 및 세대수 정확 일치 (1488세대)
A10026391,exclusive_143_06_56평C1-1a,143.06,188.09,56평C1-1a,6,KB부동산 단지 시세/평형정보 | https://kbland.kr/map?complex=29506,2026-09-18,,,verified,sale_apartment,도로명 일치 및 세대수 정확 일치 (1488세대)
A10026391,exclusive_142_89,142.89,189.07,57평B2-3,12,KB부동산 단지 시세/평형정보 | https://kbland.kr/map?complex=29506,2026-09-18,,,verified,sale_apartment,도로명 일치 및 세대수 정확 일치 (1488세대)
A10026391,exclusive_143_89,143.89,189.26,57평C2-2,26,KB부동산 단지 시세/평형정보 | https://kbland.kr/map?complex=29506,2026-09-18,,,verified,sale_apartment,도로명 일치 및 세대수 정확 일치 (1488세대)
A10026391,exclusive_144_18,144.18,189.41,57평C1-2,78,KB부동산 단지 시세/평형정보 | https://kbland.kr/map?complex=29506,2026-09-18,,,verified,sale_apartment,도로명 일치 및 세대수 정확 일치 (1488세대)
A10026391,exclusive_144_97,144.97,190.58,57평C2-3,8,KB부동산 단지 시세/평형정보 | https://kbland.kr/map?complex=29506,2026-09-18,,,verified,sale_apartment,도로명 일치 및 세대수 정확 일치 (1488세대)
A10026391,exclusive_145_55,145.55,190.86,57평C1-3,24,KB부동산 단지 시세/평형정보 | https://kbland.kr/map?complex=29506,2026-09-18,,,verified,sale_apartment,도로명 일치 및 세대수 정확 일치 (1488세대)
A10026391,exclusive_143_47,143.47,191.61,57평H-3c,3,KB부동산 단지 시세/평형정보 | https://kbland.kr/map?complex=29506,2026-09-18,,,verified,sale_apartment,도로명 일치 및 세대수 정확 일치 (1488세대)
A10026391,exclusive_144_73,144.73,192.55,58평H-3,3,KB부동산 단지 시세/평형정보 | https://kbland.kr/map?complex=29506,2026-09-18,,,verified,sale_apartment,도로명 일치 및 세대수 정확 일치 (1488세대)
A10026391,exclusive_148_02,148.02,197.27,59평D3-3,3,KB부동산 단지 시세/평형정보 | https://kbland.kr/map?complex=29506,2026-09-18,,,verified,sale_apartment,도로명 일치 및 세대수 정확 일치 (1488세대)
A10026391,exclusive_148_52,148.52,197.67,59평H-2,4,KB부동산 단지 시세/평형정보 | https://kbland.kr/map?complex=29506,2026-09-18,,,verified,sale_apartment,도로명 일치 및 세대수 정확 일치 (1488세대)
A10026391,exclusive_165_41,165.41,216.58,65평A-1a,8,KB부동산 단지 시세/평형정보 | https://kbland.kr/map?complex=29506,2026-09-18,,,verified,sale_apartment,도로명 일치 및 세대수 정확 일치 (1488세대)
A10026391,exclusive_165_41_65평A-1,165.41,216.58,65평A-1,96,KB부동산 단지 시세/평형정보 | https://kbland.kr/map?complex=29506,2026-09-18,,,verified,sale_apartment,도로명 일치 및 세대수 정확 일치 (1488세대)
A10026391,exclusive_169_09,169.09,221.89,67평A-2c,28,KB부동산 단지 시세/평형정보 | https://kbland.kr/map?complex=29506,2026-09-18,,,verified,sale_apartment,도로명 일치 및 세대수 정확 일치 (1488세대)
A10026391,exclusive_180_73,180.73,238.82,72평A-2,76,KB부동산 단지 시세/평형정보 | https://kbland.kr/map?complex=29506,2026-09-18,,,verified,sale_apartment,도로명 일치 및 세대수 정확 일치 (1488세대)
A10026391,exclusive_182_56,182.56,241.12,72평A-3,41,KB부동산 단지 시세/평형정보 | https://kbland.kr/map?complex=29506,2026-09-18,,,verified,sale_apartment,도로명 일치 및 세대수 정확 일치 (1488세대)
A10026391,exclusive_199_89,199.89,263.98,79평A-4,3,KB부동산 단지 시세/평형정보 | https://kbland.kr/map?complex=29506,2026-09-18,,,verified,sale_apartment,도로명 일치 및 세대수 정확 일치 (1488세대)
A10026391,exclusive_244_99,244.99,324.97,98평H-1,2,KB부동산 단지 시세/평형정보 | https://kbland.kr/map?complex=29506,2026-09-18,,,verified,sale_apartment,도로명 일치 및 세대수 정확 일치 (1488세대)
A61609206,exclusive_59_88,59.88,78.96,23평,786,KB부동산 단지 시세/평형정보 | https://kbland.kr/map?complex=13367,2026-09-18,,,verified,sale_apartment,도로명 일치 및 세대수 정확 일치 (1176세대)
A61609206,exclusive_84_91,84.91,113.17,34평,350,KB부동산 단지 시세/평형정보 | https://kbland.kr/map?complex=13367,2026-09-18,,,verified,sale_apartment,도로명 일치 및 세대수 정확 일치 (1176세대)
A61609206,exclusive_118_45,118.45,141.21,42평,40,KB부동산 단지 시세/평형정보 | https://kbland.kr/map?complex=13367,2026-09-18,,,verified,sale_apartment,도로명 일치 및 세대수 정확 일치 (1176세대)
A61279804,exclusive_59_52,59.52,79.57,24평A,124,KB부동산 단지 시세/평형정보 | https://kbland.kr/map?complex=6197,2026-09-18,,,verified,sale_apartment,도로명 일치 및 세대수 정확 일치 (1374세대)
A61279804,exclusive_59_91,59.91,79.72,24평B,194,KB부동산 단지 시세/평형정보 | https://kbland.kr/map?complex=6197,2026-09-18,,,verified,sale_apartment,도로명 일치 및 세대수 정확 일치 (1374세대)
A61279804,exclusive_76_56,76.56,97.89,29평,286,KB부동산 단지 시세/평형정보 | https://kbland.kr/map?complex=6197,2026-09-18,,,verified,sale_apartment,도로명 일치 및 세대수 정확 일치 (1374세대)
A61279804,exclusive_84_77,84.77,107.7,32평,344,KB부동산 단지 시세/평형정보 | https://kbland.kr/map?complex=6197,2026-09-18,,,verified,sale_apartment,도로명 일치 및 세대수 정확 일치 (1374세대)
A61279804,exclusive_103_05,103.05,126.73,38평,150,KB부동산 단지 시세/평형정보 | https://kbland.kr/map?complex=6197,2026-09-18,,,verified,sale_apartment,도로명 일치 및 세대수 정확 일치 (1374세대)
A61279804,exclusive_124_59,124.59,150.42,45평,226,KB부동산 단지 시세/평형정보 | https://kbland.kr/map?complex=6197,2026-09-18,,,verified,sale_apartment,도로명 일치 및 세대수 정확 일치 (1374세대)
A61279804,exclusive_151_26,151.26,179.42,54평,50,KB부동산 단지 시세/평형정보 | https://kbland.kr/map?complex=6197,2026-09-18,,,verified,sale_apartment,도로명 일치 및 세대수 정확 일치 (1374세대)
A61274213,exclusive_84_84,84.84,103.12,31평,522,KB부동산 단지 시세/평형정보 | https://kbland.kr/map?complex=6104,2026-09-18,,,verified,sale_apartment,도로명 일치 및 세대수 정확 일치 (852세대)
A61274213,exclusive_134_63,134.63,155.05,46평,60,KB부동산 단지 시세/평형정보 | https://kbland.kr/map?complex=6104,2026-09-18,,,verified,sale_apartment,도로명 일치 및 세대수 정확 일치 (852세대)
A61274213,exclusive_145_12,145.12,168.02,50평,60,KB부동산 단지 시세/평형정보 | https://kbland.kr/map?complex=6104,2026-09-18,,,verified,sale_apartment,도로명 일치 및 세대수 정확 일치 (852세대)
A61274213,exclusive_159_15,159.15,184.16,55평,120,KB부동산 단지 시세/평형정보 | https://kbland.kr/map?complex=6104,2026-09-18,,,verified,sale_apartment,도로명 일치 및 세대수 정확 일치 (852세대)
A61274213,exclusive_202_68,202.68,230.37,69평,90,KB부동산 단지 시세/평형정보 | https://kbland.kr/map?complex=6104,2026-09-18,,,verified,sale_apartment,도로명 일치 및 세대수 정확 일치 (852세대)
A10028117,exclusive_70_69,70.69,95.08,28평A,1,KB부동산 단지 시세/평형정보 | https://kbland.kr/map?complex=26489,2026-09-18,,,verified,sale_apartment,도로명 일치 및 세대수 정확 일치 (610세대)
A10028117,exclusive_70_69_28평,70.69,95.09,28평,199,KB부동산 단지 시세/평형정보 | https://kbland.kr/map?complex=26489,2026-09-18,,,verified,sale_apartment,도로명 일치 및 세대수 정확 일치 (610세대)
A10028117,exclusive_79_17,79.17,105.56,31평,150,KB부동산 단지 시세/평형정보 | https://kbland.kr/map?complex=26489,2026-09-18,,,verified,sale_apartment,도로명 일치 및 세대수 정확 일치 (610세대)
A10028117,exclusive_84_95,84.95,113.28,34평B,120,KB부동산 단지 시세/평형정보 | https://kbland.kr/map?complex=26489,2026-09-18,,,verified,sale_apartment,도로명 일치 및 세대수 정확 일치 (610세대)
A10028117,exclusive_84_94,84.94,113.45,34평A,100,KB부동산 단지 시세/평형정보 | https://kbland.kr/map?complex=26489,2026-09-18,,,verified,sale_apartment,도로명 일치 및 세대수 정확 일치 (610세대)
A10028117,exclusive_98_2,98.2,131.0,39평,40,KB부동산 단지 시세/평형정보 | https://kbland.kr/map?complex=26489,2026-09-18,,,verified,sale_apartment,도로명 일치 및 세대수 정확 일치 (610세대)
A61777409,exclusive_59_94,59.94,78.12,23평,195,KB부동산 단지 시세/평형정보 | https://kbland.kr/map?complex=5701,2026-09-18,,,verified,sale_apartment,도로명 일치 및 세대수 정확 일치 (825세대)
A61777409,exclusive_75_61,75.61,91.67,27평,360,KB부동산 단지 시세/평형정보 | https://kbland.kr/map?complex=5701,2026-09-18,,,verified,sale_apartment,도로명 일치 및 세대수 정확 일치 (825세대)
A61777409,exclusive_84_99,84.99,102.25,30평,270,KB부동산 단지 시세/평형정보 | https://kbland.kr/map?complex=5701,2026-09-18,,,verified,sale_apartment,도로명 일치 및 세대수 정확 일치 (825세대)
A61996115,exclusive_59_88,59.88,80.57,24평,187,KB부동산 단지 시세/평형정보 | https://kbland.kr/map?complex=26361,2026-09-18,,,verified,sale_apartment,법정동 일치 및 이름유사도(0.83) + 세대수 일치 (539세대)
A61996115,exclusive_84_92,84.92,112.67,34평A,144,KB부동산 단지 시세/평형정보 | https://kbland.kr/map?complex=26361,2026-09-18,,,verified,sale_apartment,법정동 일치 및 이름유사도(0.83) + 세대수 일치 (539세대)
A61996115,exclusive_84_98,84.98,114.38,34평B,208,KB부동산 단지 시세/평형정보 | https://kbland.kr/map?complex=26361,2026-09-18,,,verified,sale_apartment,법정동 일치 및 이름유사도(0.83) + 세대수 일치 (539세대)
A10024535,exclusive_39_53,39.53,59.61,18평B,25,KB부동산 단지 시세/평형정보 | https://kbland.kr/map?complex=38311,2026-09-18,,,verified,sale_apartment,"K-apt 총 815세대 중 임대 제외 분양 783세대 수집 (재개발/재건축 의무임대 세대 제외 추정 (32세대 임대, KB는 분양 783세대 집계))"
A10024535,exclusive_39_53_18평A,39.53,59.72,18평A,21,KB부동산 단지 시세/평형정보 | https://kbland.kr/map?complex=38311,2026-09-18,,,verified,sale_apartment,"K-apt 총 815세대 중 임대 제외 분양 783세대 수집 (재개발/재건축 의무임대 세대 제외 추정 (32세대 임대, KB는 분양 783세대 집계))"
A10024535,exclusive_59_92,59.92,80.73,24평,68,KB부동산 단지 시세/평형정보 | https://kbland.kr/map?complex=38311,2026-09-18,,,verified,sale_apartment,"K-apt 총 815세대 중 임대 제외 분양 783세대 수집 (재개발/재건축 의무임대 세대 제외 추정 (32세대 임대, KB는 분양 783세대 집계))"
A10024535,exclusive_72_53,72.53,98.94,29평,102,KB부동산 단지 시세/평형정보 | https://kbland.kr/map?complex=38311,2026-09-18,,,verified,sale_apartment,"K-apt 총 815세대 중 임대 제외 분양 783세대 수집 (재개발/재건축 의무임대 세대 제외 추정 (32세대 임대, KB는 분양 783세대 집계))"
A10024535,exclusive_84_95,84.95,113.1,34평A,240,KB부동산 단지 시세/평형정보 | https://kbland.kr/map?complex=38311,2026-09-18,,,verified,sale_apartment,"K-apt 총 815세대 중 임대 제외 분양 783세대 수집 (재개발/재건축 의무임대 세대 제외 추정 (32세대 임대, KB는 분양 783세대 집계))"
A10024535,exclusive_84_92,84.92,114.5,34평B,147,KB부동산 단지 시세/평형정보 | https://kbland.kr/map?complex=38311,2026-09-18,,,verified,sale_apartment,"K-apt 총 815세대 중 임대 제외 분양 783세대 수집 (재개발/재건축 의무임대 세대 제외 추정 (32세대 임대, KB는 분양 783세대 집계))"
A10024535,exclusive_98_65,98.65,132.07,39평,180,KB부동산 단지 시세/평형정보 | https://kbland.kr/map?complex=38311,2026-09-18,,,verified,sale_apartment,"K-apt 총 815세대 중 임대 제외 분양 783세대 수집 (재개발/재건축 의무임대 세대 제외 추정 (32세대 임대, KB는 분양 783세대 집계))"
A10028182,exclusive_59_88,59.88,82.78,25평B,69,KB부동산 단지 시세/평형정보 | https://kbland.kr/map?complex=26187,2026-09-18,,,verified,sale_apartment,"K-apt 총 753세대 중 임대 제외 분양 673세대 수집 (재개발/재건축 의무임대 세대 제외 추정 (80세대 임대, KB는 분양 673세대 집계))"
A10028182,exclusive_59_88_25평A,59.88,84.08,25평A,61,KB부동산 단지 시세/평형정보 | https://kbland.kr/map?complex=26187,2026-09-18,,,verified,sale_apartment,"K-apt 총 753세대 중 임대 제외 분양 673세대 수집 (재개발/재건축 의무임대 세대 제외 추정 (80세대 임대, KB는 분양 673세대 집계))"
A10028182,exclusive_84_78,84.78,112.35,33평B,192,KB부동산 단지 시세/평형정보 | https://kbland.kr/map?complex=26187,2026-09-18,,,verified,sale_apartment,"K-apt 총 753세대 중 임대 제외 분양 673세대 수집 (재개발/재건축 의무임대 세대 제외 추정 (80세대 임대, KB는 분양 673세대 집계))"
A10028182,exclusive_84_99,84.99,113.44,34평A,190,KB부동산 단지 시세/평형정보 | https://kbland.kr/map?complex=26187,2026-09-18,,,verified,sale_apartment,"K-apt 총 753세대 중 임대 제외 분양 673세대 수집 (재개발/재건축 의무임대 세대 제외 추정 (80세대 임대, KB는 분양 673세대 집계))"
A10028182,exclusive_102_78,102.78,132.49,40평,82,KB부동산 단지 시세/평형정보 | https://kbland.kr/map?complex=26187,2026-09-18,,,verified,sale_apartment,"K-apt 총 753세대 중 임대 제외 분양 673세대 수집 (재개발/재건축 의무임대 세대 제외 추정 (80세대 임대, KB는 분양 673세대 집계))"
A10028182,exclusive_129_71,129.71,164.94,49평,79,KB부동산 단지 시세/평형정보 | https://kbland.kr/map?complex=26187,2026-09-18,,,verified,sale_apartment,"K-apt 총 753세대 중 임대 제외 분양 673세대 수집 (재개발/재건축 의무임대 세대 제외 추정 (80세대 임대, KB는 분양 673세대 집계))"
A61478901,exclusive_39_98,39.98,62.71,18평,10,KB부동산 단지 시세/평형정보 | https://kbland.kr/map?complex=16130,2026-09-18,,,verified,sale_apartment,"K-apt 총 1011세대 중 임대 제외 분양 940세대 수집 (재개발/재건축 의무임대 세대 제외 추정 (71세대 임대, KB는 분양 940세대 집계))"
A61478901,exclusive_59_9,59.9,84.81,25평,5,KB부동산 단지 시세/평형정보 | https://kbland.kr/map?complex=16130,2026-09-18,,,verified,sale_apartment,"K-apt 총 1011세대 중 임대 제외 분양 940세대 수집 (재개발/재건축 의무임대 세대 제외 추정 (71세대 임대, KB는 분양 940세대 집계))"
A61478901,exclusive_59_74,59.74,84.9,25평A,20,KB부동산 단지 시세/평형정보 | https://kbland.kr/map?complex=16130,2026-09-18,,,verified,sale_apartment,"K-apt 총 1011세대 중 임대 제외 분양 940세대 수집 (재개발/재건축 의무임대 세대 제외 추정 (71세대 임대, KB는 분양 940세대 집계))"
A61478901,exclusive_59_9_25평B,59.9,85.67,25평B,159,KB부동산 단지 시세/평형정보 | https://kbland.kr/map?complex=16130,2026-09-18,,,verified,sale_apartment,"K-apt 총 1011세대 중 임대 제외 분양 940세대 수집 (재개발/재건축 의무임대 세대 제외 추정 (71세대 임대, KB는 분양 940세대 집계))"
A61478901,exclusive_84_92,84.92,114.37,34평,436,KB부동산 단지 시세/평형정보 | https://kbland.kr/map?complex=16130,2026-09-18,,,verified,sale_apartment,"K-apt 총 1011세대 중 임대 제외 분양 940세대 수집 (재개발/재건축 의무임대 세대 제외 추정 (71세대 임대, KB는 분양 940세대 집계))"
A61478901,exclusive_100_14,100.14,133.74,40평,86,KB부동산 단지 시세/평형정보 | https://kbland.kr/map?complex=16130,2026-09-18,,,verified,sale_apartment,"K-apt 총 1011세대 중 임대 제외 분양 940세대 수집 (재개발/재건축 의무임대 세대 제외 추정 (71세대 임대, KB는 분양 940세대 집계))"
A61478901,exclusive_117_61,117.61,150.02,45평,90,KB부동산 단지 시세/평형정보 | https://kbland.kr/map?complex=16130,2026-09-18,,,verified,sale_apartment,"K-apt 총 1011세대 중 임대 제외 분양 940세대 수집 (재개발/재건축 의무임대 세대 제외 추정 (71세대 임대, KB는 분양 940세대 집계))"
A61478901,exclusive_127_25,127.25,164.4,49평,89,KB부동산 단지 시세/평형정보 | https://kbland.kr/map?complex=16130,2026-09-18,,,verified,sale_apartment,"K-apt 총 1011세대 중 임대 제외 분양 940세대 수집 (재개발/재건축 의무임대 세대 제외 추정 (71세대 임대, KB는 분양 940세대 집계))"
A61478901,exclusive_149_6,149.6,186.47,56평,45,KB부동산 단지 시세/평형정보 | https://kbland.kr/map?complex=16130,2026-09-18,,,verified,sale_apartment,"K-apt 총 1011세대 중 임대 제외 분양 940세대 수집 (재개발/재건축 의무임대 세대 제외 추정 (71세대 임대, KB는 분양 940세대 집계))"
A10025593,exclusive_39_91,39.91,59.95,18평A,57,KB부동산 단지 시세/평형정보 | https://kbland.kr/map?complex=34178,2026-09-18,,,verified,sale_apartment,"K-apt 총 965세대 중 임대 제외 분양 950세대 수집 (재개발/재건축 의무임대 세대 제외 추정 (15세대 임대, KB는 분양 950세대 집계))"
A10025593,exclusive_50_96,50.96,73.12,22평B,92,KB부동산 단지 시세/평형정보 | https://kbland.kr/map?complex=34178,2026-09-18,,,verified,sale_apartment,"K-apt 총 965세대 중 임대 제외 분양 950세대 수집 (재개발/재건축 의무임대 세대 제외 추정 (15세대 임대, KB는 분양 950세대 집계))"
A10025593,exclusive_50_98,50.98,73.19,22평A,24,KB부동산 단지 시세/평형정보 | https://kbland.kr/map?complex=34178,2026-09-18,,,verified,sale_apartment,"K-apt 총 965세대 중 임대 제외 분양 950세대 수집 (재개발/재건축 의무임대 세대 제외 추정 (15세대 임대, KB는 분양 950세대 집계))"
A10025593,exclusive_59_89,59.89,84.69,25평A,431,KB부동산 단지 시세/평형정보 | https://kbland.kr/map?complex=34178,2026-09-18,,,verified,sale_apartment,"K-apt 총 965세대 중 임대 제외 분양 950세대 수집 (재개발/재건축 의무임대 세대 제외 추정 (15세대 임대, KB는 분양 950세대 집계))"
A10025593,exclusive_59_98,59.98,85.17,25평B,78,KB부동산 단지 시세/평형정보 | https://kbland.kr/map?complex=34178,2026-09-18,,,verified,sale_apartment,"K-apt 총 965세대 중 임대 제외 분양 950세대 수집 (재개발/재건축 의무임대 세대 제외 추정 (15세대 임대, KB는 분양 950세대 집계))"
A10025593,exclusive_72_96,72.96,95.39,28평,54,KB부동산 단지 시세/평형정보 | https://kbland.kr/map?complex=34178,2026-09-18,,,verified,sale_apartment,"K-apt 총 965세대 중 임대 제외 분양 950세대 수집 (재개발/재건축 의무임대 세대 제외 추정 (15세대 임대, KB는 분양 950세대 집계))"
A10025593,exclusive_84_98,84.98,110.61,33평A,160,KB부동산 단지 시세/평형정보 | https://kbland.kr/map?complex=34178,2026-09-18,,,verified,sale_apartment,"K-apt 총 965세대 중 임대 제외 분양 950세대 수집 (재개발/재건축 의무임대 세대 제외 추정 (15세대 임대, KB는 분양 950세대 집계))"
A10025593,exclusive_84_97,84.97,112.05,33평B,54,KB부동산 단지 시세/평형정보 | https://kbland.kr/map?complex=34178,2026-09-18,,,verified,sale_apartment,"K-apt 총 965세대 중 임대 제외 분양 950세대 수집 (재개발/재건축 의무임대 세대 제외 추정 (15세대 임대, KB는 분양 950세대 집계))"
A10027989,exclusive_59_89,59.89,83.98,25평,51,KB부동산 단지 시세/평형정보 | https://kbland.kr/map?complex=27681,2026-09-18,,,verified,sale_apartment,"K-apt 총 792세대 중 임대 제외 분양 717세대 수집 (재개발/재건축 의무임대 세대 제외 추정 (75세대 임대, KB는 분양 717세대 집계))"
A10027989,exclusive_84_96,84.96,111.06,33평C,333,KB부동산 단지 시세/평형정보 | https://kbland.kr/map?complex=27681,2026-09-18,,,verified,sale_apartment,"K-apt 총 792세대 중 임대 제외 분양 717세대 수집 (재개발/재건축 의무임대 세대 제외 추정 (75세대 임대, KB는 분양 717세대 집계))"
A10027989,exclusive_84_97,84.97,111.67,33평B,115,KB부동산 단지 시세/평형정보 | https://kbland.kr/map?complex=27681,2026-09-18,,,verified,sale_apartment,"K-apt 총 792세대 중 임대 제외 분양 717세대 수집 (재개발/재건축 의무임대 세대 제외 추정 (75세대 임대, KB는 분양 717세대 집계))"
A10027989,exclusive_84_99,84.99,112.12,33평A,218,KB부동산 단지 시세/평형정보 | https://kbland.kr/map?complex=27681,2026-09-18,,,verified,sale_apartment,"K-apt 총 792세대 중 임대 제외 분양 717세대 수집 (재개발/재건축 의무임대 세대 제외 추정 (75세대 임대, KB는 분양 717세대 집계))"
A60471810,exclusive_59_95,59.95,83.66,25평C,50,KB부동산 단지 시세/평형정보 | https://kbland.kr/map?complex=24378,2026-09-18,,,verified,sale_apartment,"K-apt 총 542세대 중 임대 제외 분양 494세대 수집 (재개발/재건축 의무임대 세대 제외 추정 (48세대 임대, KB는 분양 494세대 집계))"
A60471810,exclusive_84_98,84.98,107.46,32평D,136,KB부동산 단지 시세/평형정보 | https://kbland.kr/map?complex=24378,2026-09-18,,,verified,sale_apartment,"K-apt 총 542세대 중 임대 제외 분양 494세대 수집 (재개발/재건축 의무임대 세대 제외 추정 (48세대 임대, KB는 분양 494세대 집계))"
A60471810,exclusive_84_96,84.96,109.22,33평E,88,KB부동산 단지 시세/평형정보 | https://kbland.kr/map?complex=24378,2026-09-18,,,verified,sale_apartment,"K-apt 총 542세대 중 임대 제외 분양 494세대 수집 (재개발/재건축 의무임대 세대 제외 추정 (48세대 임대, KB는 분양 494세대 집계))"
A60471810,exclusive_84_98_34평F,84.98,112.66,34평F,24,KB부동산 단지 시세/평형정보 | https://kbland.kr/map?complex=24378,2026-09-18,,,verified,sale_apartment,"K-apt 총 542세대 중 임대 제외 분양 494세대 수집 (재개발/재건축 의무임대 세대 제외 추정 (48세대 임대, KB는 분양 494세대 집계))"
A60471810,exclusive_102_29,102.29,131.23,39평G,98,KB부동산 단지 시세/평형정보 | https://kbland.kr/map?complex=24378,2026-09-18,,,verified,sale_apartment,"K-apt 총 542세대 중 임대 제외 분양 494세대 수집 (재개발/재건축 의무임대 세대 제외 추정 (48세대 임대, KB는 분양 494세대 집계))"
A60471810,exclusive_124_94,124.94,152.15,46평H,73,KB부동산 단지 시세/평형정보 | https://kbland.kr/map?complex=24378,2026-09-18,,,verified,sale_apartment,"K-apt 총 542세대 중 임대 제외 분양 494세대 수집 (재개발/재건축 의무임대 세대 제외 추정 (48세대 임대, KB는 분양 494세대 집계))"
A60471810,exclusive_140_22,140.22,171.92,52평I,25,KB부동산 단지 시세/평형정보 | https://kbland.kr/map?complex=24378,2026-09-18,,,verified,sale_apartment,"K-apt 총 542세대 중 임대 제외 분양 494세대 수집 (재개발/재건축 의무임대 세대 제외 추정 (48세대 임대, KB는 분양 494세대 집계))"
A10027159,exclusive_59_99,59.99,83.3,25평A,40,KB부동산 단지 시세/평형정보 | https://kbland.kr/map?complex=1061231,2026-09-18,,,verified,sale_apartment,"K-apt 총 521세대 중 임대 제외 분양 475세대 수집 (재개발/재건축 의무임대 세대 제외 추정 (46세대 임대, KB는 분양 475세대 집계))"
A10027159,exclusive_59_99_25평B,59.99,83.94,25평B,39,KB부동산 단지 시세/평형정보 | https://kbland.kr/map?complex=1061231,2026-09-18,,,verified,sale_apartment,"K-apt 총 521세대 중 임대 제외 분양 475세대 수집 (재개발/재건축 의무임대 세대 제외 추정 (46세대 임대, KB는 분양 475세대 집계))"
A10027159,exclusive_74_95,74.95,99.08,29평A,40,KB부동산 단지 시세/평형정보 | https://kbland.kr/map?complex=1061231,2026-09-18,,,verified,sale_apartment,"K-apt 총 521세대 중 임대 제외 분양 475세대 수집 (재개발/재건축 의무임대 세대 제외 추정 (46세대 임대, KB는 분양 475세대 집계))"
A10027159,exclusive_74_95_29평B,74.95,99.08,29평B,40,KB부동산 단지 시세/평형정보 | https://kbland.kr/map?complex=1061231,2026-09-18,,,verified,sale_apartment,"K-apt 총 521세대 중 임대 제외 분양 475세대 수집 (재개발/재건축 의무임대 세대 제외 추정 (46세대 임대, KB는 분양 475세대 집계))"
A10027159,exclusive_84_95,84.95,109.9,33평B,118,KB부동산 단지 시세/평형정보 | https://kbland.kr/map?complex=1061231,2026-09-18,,,verified,sale_apartment,"K-apt 총 521세대 중 임대 제외 분양 475세대 수집 (재개발/재건축 의무임대 세대 제외 추정 (46세대 임대, KB는 분양 475세대 집계))"
A10027159,exclusive_84_95_33평A,84.95,110.0,33평A,198,KB부동산 단지 시세/평형정보 | https://kbland.kr/map?complex=1061231,2026-09-18,,,verified,sale_apartment,"K-apt 총 521세대 중 임대 제외 분양 475세대 수집 (재개발/재건축 의무임대 세대 제외 추정 (46세대 임대, KB는 분양 475세대 집계))"
A10020002,exclusive_59_89,59.89,82.1,24평,165,KB부동산 단지 시세/평형정보 | https://kbland.kr/map?complex=1849534,2026-09-18,,,verified,sale_apartment,"K-apt 총 1233세대 중 임대 제외 분양 1169세대 수집 (재개발/재건축 의무임대 세대 제외 추정 (64세대 임대, KB는 분양 1169세대 집계))"
A10020002,exclusive_78_86,78.86,103.39,31평A,103,KB부동산 단지 시세/평형정보 | https://kbland.kr/map?complex=1849534,2026-09-18,,,verified,sale_apartment,"K-apt 총 1233세대 중 임대 제외 분양 1169세대 수집 (재개발/재건축 의무임대 세대 제외 추정 (64세대 임대, KB는 분양 1169세대 집계))"
A10020002,exclusive_78_27,78.27,104.24,31평B,105,KB부동산 단지 시세/평형정보 | https://kbland.kr/map?complex=1849534,2026-09-18,,,verified,sale_apartment,"K-apt 총 1233세대 중 임대 제외 분양 1169세대 수집 (재개발/재건축 의무임대 세대 제외 추정 (64세대 임대, KB는 분양 1169세대 집계))"
A10020002,exclusive_84_95,84.95,110.56,33평A,335,KB부동산 단지 시세/평형정보 | https://kbland.kr/map?complex=1849534,2026-09-18,,,verified,sale_apartment,"K-apt 총 1233세대 중 임대 제외 분양 1169세대 수집 (재개발/재건축 의무임대 세대 제외 추정 (64세대 임대, KB는 분양 1169세대 집계))"
A10020002,exclusive_84_89,84.89,111.8,33평B,337,KB부동산 단지 시세/평형정보 | https://kbland.kr/map?complex=1849534,2026-09-18,,,verified,sale_apartment,"K-apt 총 1233세대 중 임대 제외 분양 1169세대 수집 (재개발/재건축 의무임대 세대 제외 추정 (64세대 임대, KB는 분양 1169세대 집계))"
A10020002,exclusive_100_83,100.83,131.04,39평,62,KB부동산 단지 시세/평형정보 | https://kbland.kr/map?complex=1849534,2026-09-18,,,verified,sale_apartment,"K-apt 총 1233세대 중 임대 제외 분양 1169세대 수집 (재개발/재건축 의무임대 세대 제외 추정 (64세대 임대, KB는 분양 1169세대 집계))"
A10020002,exclusive_115_18,115.18,142.85,43평,62,KB부동산 단지 시세/평형정보 | https://kbland.kr/map?complex=1849534,2026-09-18,,,verified,sale_apartment,"K-apt 총 1233세대 중 임대 제외 분양 1169세대 수집 (재개발/재건축 의무임대 세대 제외 추정 (64세대 임대, KB는 분양 1169세대 집계))"
A10023104,exclusive_59_94,59.94,84.76,25평,358,KB부동산 단지 시세/평형정보 | https://kbland.kr/map?complex=49064,2026-09-18,,,verified,sale_apartment,"K-apt 총 1572세대 중 임대 제외 분양 1492세대 수집 (재개발/재건축 의무임대 세대 제외 추정 (80세대 임대, KB는 분양 1492세대 집계))"
A10023104,exclusive_74_96,74.96,104.41,31평,255,KB부동산 단지 시세/평형정보 | https://kbland.kr/map?complex=49064,2026-09-18,,,verified,sale_apartment,"K-apt 총 1572세대 중 임대 제외 분양 1492세대 수집 (재개발/재건축 의무임대 세대 제외 추정 (80세대 임대, KB는 분양 1492세대 집계))"
A10023104,exclusive_79_85,79.85,111.42,33평,331,KB부동산 단지 시세/평형정보 | https://kbland.kr/map?complex=49064,2026-09-18,,,verified,sale_apartment,"K-apt 총 1572세대 중 임대 제외 분양 1492세대 수집 (재개발/재건축 의무임대 세대 제외 추정 (80세대 임대, KB는 분양 1492세대 집계))"
A10023104,exclusive_84_96,84.96,118.32,35평,490,KB부동산 단지 시세/평형정보 | https://kbland.kr/map?complex=49064,2026-09-18,,,verified,sale_apartment,"K-apt 총 1572세대 중 임대 제외 분양 1492세대 수집 (재개발/재건축 의무임대 세대 제외 추정 (80세대 임대, KB는 분양 1492세대 집계))"
A10023104,exclusive_99_9,99.9,137.8,41평,58,KB부동산 단지 시세/평형정보 | https://kbland.kr/map?complex=49064,2026-09-18,,,verified,sale_apartment,"K-apt 총 1572세대 중 임대 제외 분양 1492세대 수집 (재개발/재건축 의무임대 세대 제외 추정 (80세대 임대, KB는 분양 1492세대 집계))"
A60607004,exclusive_59_98,59.98,87.24,26평,142,KB부동산 단지 시세/평형정보 | https://kbland.kr/map?complex=22295,2026-09-18,,,verified,sale_apartment,도로명 일치 및 세대수 정확 일치 (508세대)
A60607004,exclusive_84_96,84.96,110.46,33평B,70,KB부동산 단지 시세/평형정보 | https://kbland.kr/map?complex=22295,2026-09-18,,,verified,sale_apartment,도로명 일치 및 세대수 정확 일치 (508세대)
A60607004,exclusive_84_96_33평A,84.96,111.98,33평A,230,KB부동산 단지 시세/평형정보 | https://kbland.kr/map?complex=22295,2026-09-18,,,verified,sale_apartment,도로명 일치 및 세대수 정확 일치 (508세대)
A60607004,exclusive_118_71,118.71,148.99,45평,66,KB부동산 단지 시세/평형정보 | https://kbland.kr/map?complex=22295,2026-09-18,,,verified,sale_apartment,도로명 일치 및 세대수 정확 일치 (508세대)
A61475403,exclusive_42_63,42.63,58.31,17평,225,KB부동산 단지 시세/평형정보 | https://kbland.kr/map?complex=5523,2026-09-18,,,verified,sale_apartment,도로명 일치 및 세대수 정확 일치 (1733세대)
A61475403,exclusive_59_95,59.95,77.67,23평,680,KB부동산 단지 시세/평형정보 | https://kbland.kr/map?complex=5523,2026-09-18,,,verified,sale_apartment,도로명 일치 및 세대수 정확 일치 (1733세대)
A61475403,exclusive_84_99,84.99,102.69,31평,628,KB부동산 단지 시세/평형정보 | https://kbland.kr/map?complex=5523,2026-09-18,,,verified,sale_apartment,도로명 일치 및 세대수 정확 일치 (1733세대)
A61475403,exclusive_114_98,114.98,133.02,40평,200,KB부동산 단지 시세/평형정보 | https://kbland.kr/map?complex=5523,2026-09-18,,,verified,sale_apartment,도로명 일치 및 세대수 정확 일치 (1733세대)
A61479104,exclusive_59_95,59.95,77.24,23평,809,KB부동산 단지 시세/평형정보 | https://kbland.kr/map?complex=5524,2026-09-18,,,verified,sale_apartment,도로명 일치 및 세대수 정확 일치 (1901세대)
A61479104,exclusive_84_99,84.99,103.02,31평,748,KB부동산 단지 시세/평형정보 | https://kbland.kr/map?complex=5524,2026-09-18,,,verified,sale_apartment,도로명 일치 및 세대수 정확 일치 (1901세대)
A61479104,exclusive_114_98,114.98,134.96,40평,344,KB부동산 단지 시세/평형정보 | https://kbland.kr/map?complex=5524,2026-09-18,,,verified,sale_apartment,도로명 일치 및 세대수 정확 일치 (1901세대)
A61403001,exclusive_103_23,103.23,129.17,39평EA,9,KB부동산 단지 시세/평형정보 | https://kbland.kr/map?complex=20048,2026-09-18,,,verified,sale_apartment,도로명 일치 및 세대수 정확 일치 (1360세대)
A61403001,exclusive_103_9,103.9,130.01,39평BF,39,KB부동산 단지 시세/평형정보 | https://kbland.kr/map?complex=20048,2026-09-18,,,verified,sale_apartment,도로명 일치 및 세대수 정확 일치 (1360세대)
A61403001,exclusive_105_5,105.5,132.02,39평BA,98,KB부동산 단지 시세/평형정보 | https://kbland.kr/map?complex=20048,2026-09-18,,,verified,sale_apartment,도로명 일치 및 세대수 정확 일치 (1360세대)
A61403001,exclusive_109_18,109.18,136.62,41평DC,50,KB부동산 단지 시세/평형정보 | https://kbland.kr/map?complex=20048,2026-09-18,,,verified,sale_apartment,도로명 일치 및 세대수 정확 일치 (1360세대)
A61403001,exclusive_116_25,116.25,145.46,44평EB,9,KB부동산 단지 시세/평형정보 | https://kbland.kr/map?complex=20048,2026-09-18,,,verified,sale_apartment,도로명 일치 및 세대수 정확 일치 (1360세대)
A61403001,exclusive_118_39,118.39,148.14,44평DB,50,KB부동산 단지 시세/평형정보 | https://kbland.kr/map?complex=20048,2026-09-18,,,verified,sale_apartment,도로명 일치 및 세대수 정확 일치 (1360세대)
A61403001,exclusive_119_08,119.08,149.01,45평BG,39,KB부동산 단지 시세/평형정보 | https://kbland.kr/map?complex=20048,2026-09-18,,,verified,sale_apartment,도로명 일치 및 세대수 정확 일치 (1360세대)
A61403001,exclusive_121_21,121.21,152.76,46평AA,98,KB부동산 단지 시세/평형정보 | https://kbland.kr/map?complex=20048,2026-09-18,,,verified,sale_apartment,도로명 일치 및 세대수 정확 일치 (1360세대)
A61403001,exclusive_125_12,125.12,157.65,47평AD,98,KB부동산 단지 시세/평형정보 | https://kbland.kr/map?complex=20048,2026-09-18,,,verified,sale_apartment,도로명 일치 및 세대수 정확 일치 (1360세대)
A61403001,exclusive_126_26,126.26,158.97,48평DD,30,KB부동산 단지 시세/평형정보 | https://kbland.kr/map?complex=20048,2026-09-18,,,verified,sale_apartment,도로명 일치 및 세대수 정확 일치 (1360세대)
A61403001,exclusive_130_25,130.25,162.99,49평BD,98,KB부동산 단지 시세/평형정보 | https://kbland.kr/map?complex=20048,2026-09-18,,,verified,sale_apartment,도로명 일치 및 세대수 정확 일치 (1360세대)
A61403001,exclusive_129_96,129.96,163.78,49평DF,30,KB부동산 단지 시세/평형정보 | https://kbland.kr/map?complex=20048,2026-09-18,,,verified,sale_apartment,도로명 일치 및 세대수 정확 일치 (1360세대)
A61403001,exclusive_141_7,141.7,179.25,54평DA,50,KB부동산 단지 시세/평형정보 | https://kbland.kr/map?complex=20048,2026-09-18,,,verified,sale_apartment,도로명 일치 및 세대수 정확 일치 (1360세대)
A61403001,exclusive_142_62,142.62,179.4,54평DJ,10,KB부동산 단지 시세/평형정보 | https://kbland.kr/map?complex=20048,2026-09-18,,,verified,sale_apartment,도로명 일치 및 세대수 정확 일치 (1360세대)
A61403001,exclusive_144_35,144.35,182.87,55평ED,5,KB부동산 단지 시세/평형정보 | https://kbland.kr/map?complex=20048,2026-09-18,,,verified,sale_apartment,도로명 일치 및 세대수 정확 일치 (1360세대)
A61403001,exclusive_149_21,149.21,186.8,56평AB,98,KB부동산 단지 시세/평형정보 | https://kbland.kr/map?complex=20048,2026-09-18,,,verified,sale_apartment,도로명 일치 및 세대수 정확 일치 (1360세대)
A61403001,exclusive_153_16,153.16,191.75,58평AC,98,KB부동산 단지 시세/평형정보 | https://kbland.kr/map?complex=20048,2026-09-18,,,verified,sale_apartment,도로명 일치 및 세대수 정확 일치 (1360세대)
A61403001,exclusive_154_28,154.28,193.98,58평BB,98,KB부동산 단지 시세/평형정보 | https://kbland.kr/map?complex=20048,2026-09-18,,,verified,sale_apartment,도로명 일치 및 세대수 정확 일치 (1360세대)
A61403001,exclusive_154_46,154.46,194.21,58평BH,5,KB부동산 단지 시세/평형정보 | https://kbland.kr/map?complex=20048,2026-09-18,,,verified,sale_apartment,도로명 일치 및 세대수 정확 일치 (1360세대)
A61403001,exclusive_156_89,156.89,196.32,59평DI,30,KB부동산 단지 시세/평형정보 | https://kbland.kr/map?complex=20048,2026-09-18,,,verified,sale_apartment,도로명 일치 및 세대수 정확 일치 (1360세대)
A61403001,exclusive_156_99,156.99,197.02,59평BE,48,KB부동산 단지 시세/평형정보 | https://kbland.kr/map?complex=20048,2026-09-18,,,verified,sale_apartment,도로명 일치 및 세대수 정확 일치 (1360세대)
A61403001,exclusive_157_92,157.92,197.6,59평BC,98,KB부동산 단지 시세/평형정보 | https://kbland.kr/map?complex=20048,2026-09-18,,,verified,sale_apartment,도로명 일치 및 세대수 정확 일치 (1360세대)
A61403001,exclusive_155_82,155.82,200.64,60평DE,30,KB부동산 단지 시세/평형정보 | https://kbland.kr/map?complex=20048,2026-09-18,,,verified,sale_apartment,도로명 일치 및 세대수 정확 일치 (1360세대)
A61403001,exclusive_175_85,175.85,220.05,66평DG,30,KB부동산 단지 시세/평형정보 | https://kbland.kr/map?complex=20048,2026-09-18,,,verified,sale_apartment,도로명 일치 및 세대수 정확 일치 (1360세대)
A61403001,exclusive_180_36,180.36,227.55,68평EC,5,KB부동산 단지 시세/평형정보 | https://kbland.kr/map?complex=20048,2026-09-18,,,verified,sale_apartment,도로명 일치 및 세대수 정확 일치 (1360세대)
A61403001,exclusive_183_68,183.68,230.77,69평DK,10,KB부동산 단지 시세/평형정보 | https://kbland.kr/map?complex=20048,2026-09-18,,,verified,sale_apartment,도로명 일치 및 세대수 정확 일치 (1360세대)
A61403001,exclusive_183_41,183.41,231.82,70평DH,30,KB부동산 단지 시세/평형정보 | https://kbland.kr/map?complex=20048,2026-09-18,,,verified,sale_apartment,도로명 일치 및 세대수 정확 일치 (1360세대)
A61403001,exclusive_181_99,181.99,232.52,70평BI,5,KB부동산 단지 시세/평형정보 | https://kbland.kr/map?complex=20048,2026-09-18,,,verified,sale_apartment,도로명 일치 및 세대수 정확 일치 (1360세대)
A61403001,exclusive_191_38,191.38,241.57,73평EE,5,KB부동산 단지 시세/평형정보 | https://kbland.kr/map?complex=20048,2026-09-18,,,verified,sale_apartment,도로명 일치 및 세대수 정확 일치 (1360세대)
A61403001,exclusive_194_54,194.54,244.36,73평DL,10,KB부동산 단지 시세/평형정보 | https://kbland.kr/map?complex=20048,2026-09-18,,,verified,sale_apartment,도로명 일치 및 세대수 정확 일치 (1360세대)
A61403001,exclusive_199_58,199.58,250.67,75평BJ,5,KB부동산 단지 시세/평형정보 | https://kbland.kr/map?complex=20048,2026-09-18,,,verified,sale_apartment,도로명 일치 및 세대수 정확 일치 (1360세대)
A61403001,exclusive_199_09,199.09,251.41,76평BK,5,KB부동산 단지 시세/평형정보 | https://kbland.kr/map?complex=20048,2026-09-18,,,verified,sale_apartment,도로명 일치 및 세대수 정확 일치 (1360세대)
A61403001,exclusive_200_86,200.86,251.91,76평EF,5,KB부동산 단지 시세/평형정보 | https://kbland.kr/map?complex=20048,2026-09-18,,,verified,sale_apartment,도로명 일치 및 세대수 정확 일치 (1360세대)
A61403001,exclusive_202_41,202.41,256.58,77평DM,10,KB부동산 단지 시세/평형정보 | https://kbland.kr/map?complex=20048,2026-09-18,,,verified,sale_apartment,도로명 일치 및 세대수 정확 일치 (1360세대)
A61403001,exclusive_210_17,210.17,269.22,81평AE,10,KB부동산 단지 시세/평형정보 | https://kbland.kr/map?complex=20048,2026-09-18,,,verified,sale_apartment,도로명 일치 및 세대수 정확 일치 (1360세대)
A61403001,exclusive_241_89,241.89,320.01,96평AF,10,KB부동산 단지 시세/평형정보 | https://kbland.kr/map?complex=20048,2026-09-18,,,verified,sale_apartment,도로명 일치 및 세대수 정확 일치 (1360세대)
A61403001,exclusive_242_67,242.67,398.87,120평AG,2,KB부동산 단지 시세/평형정보 | https://kbland.kr/map?complex=20048,2026-09-18,,,verified,sale_apartment,도로명 일치 및 세대수 정확 일치 (1360세대)
A61402003,exclusive_22_28,22.28,30.22,9평A,80,KB부동산 단지 시세/평형정보 | https://kbland.kr/map?complex=13166,2026-09-18,,,verified,sale_apartment,도로명 일치 및 세대수 정확 일치 (606세대)
A61402003,exclusive_23,23.0,31.2,9평B,32,KB부동산 단지 시세/평형정보 | https://kbland.kr/map?complex=13166,2026-09-18,,,verified,sale_apartment,도로명 일치 및 세대수 정확 일치 (606세대)
A61402003,exclusive_23_88,23.88,32.41,9평A,206,KB부동산 단지 시세/평형정보 | https://kbland.kr/map?complex=13166,2026-09-18,,,verified,sale_apartment,도로명 일치 및 세대수 정확 일치 (606세대)
A61402003,exclusive_24_3,24.3,32.98,9평B,48,KB부동산 단지 시세/평형정보 | https://kbland.kr/map?complex=13166,2026-09-18,,,verified,sale_apartment,도로명 일치 및 세대수 정확 일치 (606세대)
A61402003,exclusive_24_59,24.59,33.37,10평C,96,KB부동산 단지 시세/평형정보 | https://kbland.kr/map?complex=13166,2026-09-18,,,verified,sale_apartment,도로명 일치 및 세대수 정확 일치 (606세대)
A61402003,exclusive_28_62,28.62,38.83,11평A,32,KB부동산 단지 시세/평형정보 | https://kbland.kr/map?complex=13166,2026-09-18,,,verified,sale_apartment,도로명 일치 및 세대수 정확 일치 (606세대)
A61402003,exclusive_29_03,29.03,39.38,11평B,16,KB부동산 단지 시세/평형정보 | https://kbland.kr/map?complex=13166,2026-09-18,,,verified,sale_apartment,도로명 일치 및 세대수 정확 일치 (606세대)
A61402003,exclusive_31_14,31.14,42.24,12평A,16,KB부동산 단지 시세/평형정보 | https://kbland.kr/map?complex=13166,2026-09-18,,,verified,sale_apartment,도로명 일치 및 세대수 정확 일치 (606세대)
A61402003,exclusive_32_58,32.58,44.22,13평B,32,KB부동산 단지 시세/평형정보 | https://kbland.kr/map?complex=13166,2026-09-18,,,verified,sale_apartment,도로명 일치 및 세대수 정확 일치 (606세대)
A61402003,exclusive_39_06,39.06,53.02,16평,32,KB부동산 단지 시세/평형정보 | https://kbland.kr/map?complex=13166,2026-09-18,,,verified,sale_apartment,도로명 일치 및 세대수 정확 일치 (606세대)
A61402003,exclusive_56_23,56.23,76.29,23평,16,KB부동산 단지 시세/평형정보 | https://kbland.kr/map?complex=13166,2026-09-18,,,verified,sale_apartment,도로명 일치 및 세대수 정확 일치 (606세대)
A61409003,exclusive_59_82,59.82,78.73,23평,105,KB부동산 단지 시세/평형정보 | https://kbland.kr/map?complex=5552,2026-09-18,,,verified,sale_apartment,도로명 일치 및 세대수 정확 일치 (546세대)
A61409003,exclusive_76_2,76.2,100.28,30평,441,KB부동산 단지 시세/평형정보 | https://kbland.kr/map?complex=5552,2026-09-18,,,verified,sale_apartment,도로명 일치 및 세대수 정확 일치 (546세대)
A60777205,exclusive_59_91,59.91,79.69,24평B,188,KB부동산 단지 시세/평형정보 | https://kbland.kr/map?complex=5490,2026-09-18,,,verified,sale_apartment,도로명 일치 및 세대수 정확 일치 (1898세대)
A60777205,exclusive_59_81,59.81,79.89,24평A,386,KB부동산 단지 시세/평형정보 | https://kbland.kr/map?complex=5490,2026-09-18,,,verified,sale_apartment,도로명 일치 및 세대수 정확 일치 (1898세대)
A60777205,exclusive_84_93,84.93,106.65,32평A,290,KB부동산 단지 시세/평형정보 | https://kbland.kr/map?complex=5490,2026-09-18,,,verified,sale_apartment,도로명 일치 및 세대수 정확 일치 (1898세대)
A60777205,exclusive_84_96,84.96,107.55,32평B,396,KB부동산 단지 시세/평형정보 | https://kbland.kr/map?complex=5490,2026-09-18,,,verified,sale_apartment,도로명 일치 및 세대수 정확 일치 (1898세대)
A60777205,exclusive_115_65,115.65,140.41,42평,150,KB부동산 단지 시세/평형정보 | https://kbland.kr/map?complex=5490,2026-09-18,,,verified,sale_apartment,도로명 일치 및 세대수 정확 일치 (1898세대)
A60777205,exclusive_134_97,134.97,160.89,48평,338,KB부동산 단지 시세/평형정보 | https://kbland.kr/map?complex=5490,2026-09-18,,,verified,sale_apartment,도로명 일치 및 세대수 정확 일치 (1898세대)
A60777205,exclusive_164_78,164.78,193.11,58평,100,KB부동산 단지 시세/평형정보 | https://kbland.kr/map?complex=5490,2026-09-18,,,verified,sale_apartment,도로명 일치 및 세대수 정확 일치 (1898세대)
A60777205,exclusive_202_49,202.49,246.22,74평,50,KB부동산 단지 시세/평형정보 | https://kbland.kr/map?complex=5490,2026-09-18,,,verified,sale_apartment,도로명 일치 및 세대수 정확 일치 (1898세대)
A60701003,exclusive_84_92,84.92,112.95,34평A,116,KB부동산 단지 시세/평형정보 | https://kbland.kr/map?complex=21539,2026-09-18,,,verified,sale_apartment,도로명 일치 및 세대수 정확 일치 (680세대)
A60701003,exclusive_84_97,84.97,113.06,34평B,116,KB부동산 단지 시세/평형정보 | https://kbland.kr/map?complex=21539,2026-09-18,,,verified,sale_apartment,도로명 일치 및 세대수 정확 일치 (680세대)
A60701003,exclusive_84_97_34평C,84.97,114.49,34평C,114,KB부동산 단지 시세/평형정보 | https://kbland.kr/map?complex=21539,2026-09-18,,,verified,sale_apartment,도로명 일치 및 세대수 정확 일치 (680세대)
A60701003,exclusive_131_77,131.77,165.47,50평B,53,KB부동산 단지 시세/평형정보 | https://kbland.kr/map?complex=21539,2026-09-18,,,verified,sale_apartment,도로명 일치 및 세대수 정확 일치 (680세대)
A60701003,exclusive_131_77_50평C,131.77,166.06,50평C,115,KB부동산 단지 시세/평형정보 | https://kbland.kr/map?complex=21539,2026-09-18,,,verified,sale_apartment,도로명 일치 및 세대수 정확 일치 (680세대)
A60701003,exclusive_134_18,134.18,167.95,50평A,54,KB부동산 단지 시세/평형정보 | https://kbland.kr/map?complex=21539,2026-09-18,,,verified,sale_apartment,도로명 일치 및 세대수 정확 일치 (680세대)
A60701003,exclusive_183_68,183.68,217.02,65평,112,KB부동산 단지 시세/평형정보 | https://kbland.kr/map?complex=21539,2026-09-18,,,verified,sale_apartment,도로명 일치 및 세대수 정확 일치 (680세대)
A10024982,exclusive_59_94,59.94,87.5,26평E,109,KB부동산 단지 시세/평형정보 | https://kbland.kr/map?complex=29093,2026-09-18,,,verified,sale_apartment,도로명 일치 및 세대수 정확 일치 (914세대)
A10024982,exclusive_69_18,69.18,100.78,30평F,109,KB부동산 단지 시세/평형정보 | https://kbland.kr/map?complex=29093,2026-09-18,,,verified,sale_apartment,도로명 일치 및 세대수 정확 일치 (914세대)
A10024982,exclusive_84_92,84.92,113.8,34평C,231,KB부동산 단지 시세/평형정보 | https://kbland.kr/map?complex=29093,2026-09-18,,,verified,sale_apartment,도로명 일치 및 세대수 정확 일치 (914세대)
A10024982,exclusive_84_93,84.93,114.5,34평B,231,KB부동산 단지 시세/평형정보 | https://kbland.kr/map?complex=29093,2026-09-18,,,verified,sale_apartment,도로명 일치 및 세대수 정확 일치 (914세대)
A10024982,exclusive_84_47,84.47,115.22,34평D,117,KB부동산 단지 시세/평형정보 | https://kbland.kr/map?complex=29093,2026-09-18,,,verified,sale_apartment,도로명 일치 및 세대수 정확 일치 (914세대)
A10024982,exclusive_84_59,84.59,115.82,35평A,117,KB부동산 단지 시세/평형정보 | https://kbland.kr/map?complex=29093,2026-09-18,,,verified,sale_apartment,도로명 일치 및 세대수 정확 일치 (914세대)
A60782005,exclusive_59_73,59.73,77.24,23평A,244,KB부동산 단지 시세/평형정보 | https://kbland.kr/map?complex=5473,2026-09-18,,,verified,sale_apartment,도로명 일치 및 세대수 정확 일치 (874세대)
A60782005,exclusive_59_76,59.76,77.27,23평B,126,KB부동산 단지 시세/평형정보 | https://kbland.kr/map?complex=5473,2026-09-18,,,verified,sale_apartment,도로명 일치 및 세대수 정확 일치 (874세대)
A60782005,exclusive_75_29,75.29,93.6,28평,84,KB부동산 단지 시세/평형정보 | https://kbland.kr/map?complex=5473,2026-09-18,,,verified,sale_apartment,도로명 일치 및 세대수 정확 일치 (874세대)
A60782005,exclusive_84_76,84.76,104.07,31평,210,KB부동산 단지 시세/평형정보 | https://kbland.kr/map?complex=5473,2026-09-18,,,verified,sale_apartment,도로명 일치 및 세대수 정확 일치 (874세대)
A60782005,exclusive_116_24,116.24,141.49,42평,126,KB부동산 단지 시세/평형정보 | https://kbland.kr/map?complex=5473,2026-09-18,,,verified,sale_apartment,도로명 일치 및 세대수 정확 일치 (874세대)
A60782005,exclusive_144_37,144.37,174.23,52평,84,KB부동산 단지 시세/평형정보 | https://kbland.kr/map?complex=5473,2026-09-18,,,verified,sale_apartment,도로명 일치 및 세대수 정확 일치 (874세대)
A60809003,exclusive_84_27,84.27,114.98,34평,98,KB부동산 단지 시세/평형정보 | https://kbland.kr/map?complex=15692,2026-09-18,,,verified,sale_apartment,도로명 일치 및 세대수 정확 일치 (3000세대)
A60809003,exclusive_84_96,84.96,118.61,35평,816,KB부동산 단지 시세/평형정보 | https://kbland.kr/map?complex=15692,2026-09-18,,,verified,sale_apartment,도로명 일치 및 세대수 정확 일치 (3000세대)
A60809003,exclusive_98_4,98.4,131.41,39평,156,KB부동산 단지 시세/평형정보 | https://kbland.kr/map?complex=15692,2026-09-18,,,verified,sale_apartment,도로명 일치 및 세대수 정확 일치 (3000세대)
A60809003,exclusive_122_27,122.27,156.19,47평,140,KB부동산 단지 시세/평형정보 | https://kbland.kr/map?complex=15692,2026-09-18,,,verified,sale_apartment,도로명 일치 및 세대수 정확 일치 (3000세대)
A60809003,exclusive_123_3,123.3,164.91,49평A,623,KB부동산 단지 시세/평형정보 | https://kbland.kr/map?complex=15692,2026-09-18,,,verified,sale_apartment,도로명 일치 및 세대수 정확 일치 (3000세대)
A60809003,exclusive_126_61,126.61,165.02,49평B,152,KB부동산 단지 시세/평형정보 | https://kbland.kr/map?complex=15692,2026-09-18,,,verified,sale_apartment,도로명 일치 및 세대수 정확 일치 (3000세대)
A60809003,exclusive_149_54,149.54,197.4,59평,396,KB부동산 단지 시세/평형정보 | https://kbland.kr/map?complex=15692,2026-09-18,,,verified,sale_apartment,도로명 일치 및 세대수 정확 일치 (3000세대)
A60809003,exclusive_171_67,171.67,223.62,67평,92,KB부동산 단지 시세/평형정보 | https://kbland.kr/map?complex=15692,2026-09-18,,,verified,sale_apartment,도로명 일치 및 세대수 정확 일치 (3000세대)
A60809003,exclusive_174_1,174.1,231.27,69평,389,KB부동산 단지 시세/평형정보 | https://kbland.kr/map?complex=15692,2026-09-18,,,verified,sale_apartment,도로명 일치 및 세대수 정확 일치 (3000세대)
A60809003,exclusive_200_89,200.89,251.14,75평,118,KB부동산 단지 시세/평형정보 | https://kbland.kr/map?complex=15692,2026-09-18,,,verified,sale_apartment,도로명 일치 및 세대수 정확 일치 (3000세대)
A60809003,exclusive_208_68,208.68,275.92,83평,5,KB부동산 단지 시세/평형정보 | https://kbland.kr/map?complex=15692,2026-09-18,,,verified,sale_apartment,도로명 일치 및 세대수 정확 일치 (3000세대)
A60809003,exclusive_223_24,223.24,294.31,89평A,3,KB부동산 단지 시세/평형정보 | https://kbland.kr/map?complex=15692,2026-09-18,,,verified,sale_apartment,도로명 일치 및 세대수 정확 일치 (3000세대)
A60809003,exclusive_223_24_89평B,223.24,294.31,89평B,6,KB부동산 단지 시세/평형정보 | https://kbland.kr/map?complex=15692,2026-09-18,,,verified,sale_apartment,도로명 일치 및 세대수 정확 일치 (3000세대)
A60809003,exclusive_244_86,244.86,309.36,93평,6,KB부동산 단지 시세/평형정보 | https://kbland.kr/map?complex=15692,2026-09-18,,,verified,sale_apartment,도로명 일치 및 세대수 정확 일치 (3000세대)
A60883203,exclusive_59_96,59.96,84.36,25평,82,KB부동산 단지 시세/평형정보 | https://kbland.kr/map?complex=14046,2026-09-18,,,verified,sale_apartment,도로명 일치 및 세대수 정확 일치 (710세대)
A60883203,exclusive_84_97,84.97,105.79,32평B,150,KB부동산 단지 시세/평형정보 | https://kbland.kr/map?complex=14046,2026-09-18,,,verified,sale_apartment,도로명 일치 및 세대수 정확 일치 (710세대)
A60883203,exclusive_84_95,84.95,106.06,32평D,110,KB부동산 단지 시세/평형정보 | https://kbland.kr/map?complex=14046,2026-09-18,,,verified,sale_apartment,도로명 일치 및 세대수 정확 일치 (710세대)
A60883203,exclusive_84_97_33평C,84.97,110.92,33평C,292,KB부동산 단지 시세/평형정보 | https://kbland.kr/map?complex=14046,2026-09-18,,,verified,sale_apartment,도로명 일치 및 세대수 정확 일치 (710세대)
A60883203,exclusive_117_8,117.8,146.11,44평,76,KB부동산 단지 시세/평형정보 | https://kbland.kr/map?complex=14046,2026-09-18,,,verified,sale_apartment,도로명 일치 및 세대수 정확 일치 (710세대)
A60871104,exclusive_59_93,59.93,80.55,24평,200,KB부동산 단지 시세/평형정보 | https://kbland.kr/map?complex=5368,2026-09-18,,,verified,sale_apartment,도로명 일치 및 세대수 정확 일치 (748세대)
A60871104,exclusive_77_48,77.48,98.91,29평,150,KB부동산 단지 시세/평형정보 | https://kbland.kr/map?complex=5368,2026-09-18,,,verified,sale_apartment,도로명 일치 및 세대수 정확 일치 (748세대)
A60871104,exclusive_84_96,84.96,108.42,32평,299,KB부동산 단지 시세/평형정보 | https://kbland.kr/map?complex=5368,2026-09-18,,,verified,sale_apartment,도로명 일치 및 세대수 정확 일치 (748세대)
A60871104,exclusive_99_75,99.75,123.93,37평,49,KB부동산 단지 시세/평형정보 | https://kbland.kr/map?complex=5368,2026-09-18,,,verified,sale_apartment,도로명 일치 및 세대수 정확 일치 (748세대)
A60871104,exclusive_119_04,119.04,142.39,43평,50,KB부동산 단지 시세/평형정보 | https://kbland.kr/map?complex=5368,2026-09-18,,,verified,sale_apartment,도로명 일치 및 세대수 정확 일치 (748세대)
A61676814,exclusive_39_43,39.43,54.15,16평,267,KB부동산 단지 시세/평형정보 | https://kbland.kr/map?complex=36689,2026-09-18,,,verified,sale_apartment,도로명 일치 및 세대수 정확 일치 (1366세대)
A61676814,exclusive_39_41,39.41,57.63,17평,476,KB부동산 단지 시세/평형정보 | https://kbland.kr/map?complex=36689,2026-09-18,,,verified,sale_apartment,도로명 일치 및 세대수 정확 일치 (1366세대)
A61676814,exclusive_42_29,42.29,58.9,17평,413,KB부동산 단지 시세/평형정보 | https://kbland.kr/map?complex=36689,2026-09-18,,,verified,sale_apartment,도로명 일치 및 세대수 정확 일치 (1366세대)
A61676814,exclusive_48_85,48.85,68.03,20평,210,KB부동산 단지 시세/평형정보 | https://kbland.kr/map?complex=36689,2026-09-18,,,verified,sale_apartment,도로명 일치 및 세대수 정확 일치 (1366세대)
A61681108,exclusive_67_97,67.97,86.63,26평,576,KB부동산 단지 시세/평형정보 | https://kbland.kr/map?complex=36335,2026-09-18,,,verified,sale_apartment,도로명 일치 및 세대수 정확 일치 (576세대)
A61612011,exclusive_59_9,59.9,88.27,26평,275,KB부동산 단지 시세/평형정보 | https://kbland.kr/map?complex=5657,2026-09-18,,,verified,sale_apartment,도로명 일치 및 세대수 정확 일치 (989세대)
A61612011,exclusive_84_98,84.98,116.0,35평A,469,KB부동산 단지 시세/평형정보 | https://kbland.kr/map?complex=5657,2026-09-18,,,verified,sale_apartment,도로명 일치 및 세대수 정확 일치 (989세대)
A61612011,exclusive_83_77,83.77,116.07,35평B,117,KB부동산 단지 시세/평형정보 | https://kbland.kr/map?complex=5657,2026-09-18,,,verified,sale_apartment,도로명 일치 및 세대수 정확 일치 (989세대)
A61612011,exclusive_116_19,116.19,151.74,45평,80,KB부동산 단지 시세/평형정보 | https://kbland.kr/map?complex=5657,2026-09-18,,,verified,sale_apartment,도로명 일치 및 세대수 정확 일치 (989세대)
A61612011,exclusive_143_57,143.57,182.33,55평,48,KB부동산 단지 시세/평형정보 | https://kbland.kr/map?complex=5657,2026-09-18,,,verified,sale_apartment,도로명 일치 및 세대수 정확 일치 (989세대)
A61612013,exclusive_59_89,59.89,84.64,25평B,192,KB부동산 단지 시세/평형정보 | https://kbland.kr/map?complex=5662,2026-09-18,,,verified,sale_apartment,도로명 일치 및 세대수 정확 일치 (1280세대)
A61612013,exclusive_59_94,59.94,85.37,25평,168,KB부동산 단지 시세/평형정보 | https://kbland.kr/map?complex=5662,2026-09-18,,,verified,sale_apartment,도로명 일치 및 세대수 정확 일치 (1280세대)
A61612013,exclusive_69_33,69.33,99.12,29평,132,KB부동산 단지 시세/평형정보 | https://kbland.kr/map?complex=5662,2026-09-18,,,verified,sale_apartment,도로명 일치 및 세대수 정확 일치 (1280세대)
A61612013,exclusive_84_97,84.97,116.28,35평,382,KB부동산 단지 시세/평형정보 | https://kbland.kr/map?complex=5662,2026-09-18,,,verified,sale_apartment,도로명 일치 및 세대수 정확 일치 (1280세대)
A61612013,exclusive_114_9,114.9,146.04,44평,272,KB부동산 단지 시세/평형정보 | https://kbland.kr/map?complex=5662,2026-09-18,,,verified,sale_apartment,도로명 일치 및 세대수 정확 일치 (1280세대)
A61612013,exclusive_147_19,147.19,183.07,55평,134,KB부동산 단지 시세/평형정보 | https://kbland.kr/map?complex=5662,2026-09-18,,,verified,sale_apartment,도로명 일치 및 세대수 정확 일치 (1280세대)
A61612016,exclusive_49_82,49.82,67.69,20평,320,KB부동산 단지 시세/평형정보 | https://kbland.kr/map?complex=5654,2026-09-18,,,verified,sale_apartment,도로명 일치 및 세대수 정확 일치 (1780세대)
A61612016,exclusive_59_4,59.4,80.71,24평A,857,KB부동산 단지 시세/평형정보 | https://kbland.kr/map?complex=5654,2026-09-18,,,verified,sale_apartment,도로명 일치 및 세대수 정확 일치 (1780세대)
A61612016,exclusive_59_57,59.57,80.94,24평B,93,KB부동산 단지 시세/평형정보 | https://kbland.kr/map?complex=5654,2026-09-18,,,verified,sale_apartment,도로명 일치 및 세대수 정확 일치 (1780세대)
A61612016,exclusive_84_34,84.34,114.6,34평,510,KB부동산 단지 시세/평형정보 | https://kbland.kr/map?complex=5654,2026-09-18,,,verified,sale_apartment,도로명 일치 및 세대수 정확 일치 (1780세대)
A61673304,exclusive_59_99,59.99,87.52,26평A,497,KB부동산 단지 시세/평형정보 | https://kbland.kr/map?complex=13016,2026-09-18,,,verified,sale_apartment,도로명 일치 및 세대수 정확 일치 (1627세대)
A61673304,exclusive_59_99_26평B,59.99,87.69,26평B,1,KB부동산 단지 시세/평형정보 | https://kbland.kr/map?complex=13016,2026-09-18,,,verified,sale_apartment,도로명 일치 및 세대수 정확 일치 (1627세대)
A61673304,exclusive_84_99,84.99,109.62,33평,929,KB부동산 단지 시세/평형정보 | https://kbland.kr/map?complex=13016,2026-09-18,,,verified,sale_apartment,도로명 일치 및 세대수 정확 일치 (1627세대)
A61673304,exclusive_124_56,124.56,146.75,44평,200,KB부동산 단지 시세/평형정보 | https://kbland.kr/map?complex=13016,2026-09-18,,,verified,sale_apartment,도로명 일치 및 세대수 정확 일치 (1627세대)
A61679208,exclusive_84_91,84.91,109.06,32평,330,KB부동산 단지 시세/평형정보 | https://kbland.kr/map?complex=5653,2026-09-18,,,verified,sale_apartment,도로명 일치 및 세대수 정확 일치 (570세대)
A61679208,exclusive_99_66,99.66,122.84,37평,120,KB부동산 단지 시세/평형정보 | https://kbland.kr/map?complex=5653,2026-09-18,,,verified,sale_apartment,도로명 일치 및 세대수 정확 일치 (570세대)
A61679208,exclusive_133_86,133.86,159.9,48평,80,KB부동산 단지 시세/평형정보 | https://kbland.kr/map?complex=5653,2026-09-18,,,verified,sale_apartment,도로명 일치 및 세대수 정확 일치 (570세대)
A61679208,exclusive_158_58,158.58,186.82,56평,40,KB부동산 단지 시세/평형정보 | https://kbland.kr/map?complex=5653,2026-09-18,,,verified,sale_apartment,도로명 일치 및 세대수 정확 일치 (570세대)
A61685214,exclusive_59_8,59.8,85.13,25평,388,KB부동산 단지 시세/평형정보 | https://kbland.kr/map?complex=5646,2026-09-18,,,verified,sale_apartment,도로명 일치 및 세대수 정확 일치 (1344세대)
A61685214,exclusive_84_93,84.93,117.79,35평,528,KB부동산 단지 시세/평형정보 | https://kbland.kr/map?complex=5646,2026-09-18,,,verified,sale_apartment,도로명 일치 및 세대수 정확 일치 (1344세대)
A61685214,exclusive_118_98,118.98,150.79,45평,305,KB부동산 단지 시세/평형정보 | https://kbland.kr/map?complex=5646,2026-09-18,,,verified,sale_apartment,도로명 일치 및 세대수 정확 일치 (1344세대)
A61685214,exclusive_142_53,142.53,178.33,53평,123,KB부동산 단지 시세/평형정보 | https://kbland.kr/map?complex=5646,2026-09-18,,,verified,sale_apartment,도로명 일치 및 세대수 정확 일치 (1344세대)
A61680705,exclusive_59_73,59.73,79.13,23평A,200,KB부동산 단지 시세/평형정보 | https://kbland.kr/map?complex=5594,2026-09-18,,,verified,sale_apartment,도로명 일치 및 세대수 정확 일치 (668세대)
A61680705,exclusive_59_76,59.76,79.19,23평B,72,KB부동산 단지 시세/평형정보 | https://kbland.kr/map?complex=5594,2026-09-18,,,verified,sale_apartment,도로명 일치 및 세대수 정확 일치 (668세대)
A61680705,exclusive_75_29,75.29,95.95,29평,126,KB부동산 단지 시세/평형정보 | https://kbland.kr/map?complex=5594,2026-09-18,,,verified,sale_apartment,도로명 일치 및 세대수 정확 일치 (668세대)
A61680705,exclusive_84_76,84.76,107.07,32평,156,KB부동산 단지 시세/평형정보 | https://kbland.kr/map?complex=5594,2026-09-18,,,verified,sale_apartment,도로명 일치 및 세대수 정확 일치 (668세대)
A61680705,exclusive_116_96,116.96,145.95,44평,114,KB부동산 단지 시세/평형정보 | https://kbland.kr/map?complex=5594,2026-09-18,,,verified,sale_apartment,도로명 일치 및 세대수 정확 일치 (668세대)
A61273507,exclusive_59_92,59.92,80.44,24평A,398,KB부동산 단지 시세/평형정보 | https://kbland.kr/map?complex=6218,2026-09-18,,,verified,sale_apartment,도로명 일치 및 세대수 정확 일치 (848세대)
A61273507,exclusive_59_98,59.98,80.51,24평B,200,KB부동산 단지 시세/평형정보 | https://kbland.kr/map?complex=6218,2026-09-18,,,verified,sale_apartment,도로명 일치 및 세대수 정확 일치 (848세대)
A61273507,exclusive_84_9,84.9,107.5,32평,250,KB부동산 단지 시세/평형정보 | https://kbland.kr/map?complex=6218,2026-09-18,,,verified,sale_apartment,도로명 일치 및 세대수 정확 일치 (848세대)
A61282705,exclusive_84_97,84.97,106.41,32평C,123,KB부동산 단지 시세/평형정보 | https://kbland.kr/map?complex=12309,2026-09-18,,,verified,sale_apartment,도로명 일치 및 세대수 정확 일치 (800세대)
A61282705,exclusive_84_94,84.94,106.77,32평B,244,KB부동산 단지 시세/평형정보 | https://kbland.kr/map?complex=12309,2026-09-18,,,verified,sale_apartment,도로명 일치 및 세대수 정확 일치 (800세대)
A61282705,exclusive_84_94_32평A,84.94,107.83,32평A,433,KB부동산 단지 시세/평형정보 | https://kbland.kr/map?complex=12309,2026-09-18,,,verified,sale_apartment,도로명 일치 및 세대수 정확 일치 (800세대)
A10025181,exclusive_144_25,144.25,194.2,58평,292,KB부동산 단지 시세/평형정보 | https://kbland.kr/map?complex=31733,2026-09-18,,,verified,sale_apartment,도로명 일치 및 세대수 정확 일치 (882세대)
A10025181,exclusive_161_98,161.98,216.14,65평,292,KB부동산 단지 시세/평형정보 | https://kbland.kr/map?complex=31733,2026-09-18,,,verified,sale_apartment,도로명 일치 및 세대수 정확 일치 (882세대)
A10025181,exclusive_186,186.0,249.01,75평,292,KB부동산 단지 시세/평형정보 | https://kbland.kr/map?complex=31733,2026-09-18,,,verified,sale_apartment,도로명 일치 및 세대수 정확 일치 (882세대)
A10025181,exclusive_244_29,244.29,316.67,95평,4,KB부동산 단지 시세/평형정보 | https://kbland.kr/map?complex=31733,2026-09-18,,,verified,sale_apartment,도로명 일치 및 세대수 정확 일치 (882세대)
A10025181,exclusive_244_61,244.61,320.85,97평,2,KB부동산 단지 시세/평형정보 | https://kbland.kr/map?complex=31733,2026-09-18,,,verified,sale_apartment,도로명 일치 및 세대수 정확 일치 (882세대)
A61203022,exclusive_59_6,59.6,80.33,24평B,552,KB부동산 단지 시세/평형정보 | https://kbland.kr/map?complex=6157,2026-09-18,,,verified,sale_apartment,도로명 일치 및 세대수 정확 일치 (824세대)
A61203022,exclusive_59_76,59.76,80.55,24평A,272,KB부동산 단지 시세/평형정보 | https://kbland.kr/map?complex=6157,2026-09-18,,,verified,sale_apartment,도로명 일치 및 세대수 정확 일치 (824세대)
A61203025,exclusive_59_73,59.73,79.8,24평,396,KB부동산 단지 시세/평형정보 | https://kbland.kr/map?complex=6133,2026-09-18,,,verified,sale_apartment,도로명 일치 및 세대수 정확 일치 (880세대)
A61203025,exclusive_84_99,84.99,107.82,32평,188,KB부동산 단지 시세/평형정보 | https://kbland.kr/map?complex=6133,2026-09-18,,,verified,sale_apartment,도로명 일치 및 세대수 정확 일치 (880세대)
A61203025,exclusive_101_78,101.78,125.98,38평,40,KB부동산 단지 시세/평형정보 | https://kbland.kr/map?complex=6133,2026-09-18,,,verified,sale_apartment,도로명 일치 및 세대수 정확 일치 (880세대)
A61203025,exclusive_134_95,134.95,165.73,50평,176,KB부동산 단지 시세/평형정보 | https://kbland.kr/map?complex=6133,2026-09-18,,,verified,sale_apartment,도로명 일치 및 세대수 정확 일치 (880세대)
A61203025,exclusive_164_74,164.74,197.99,59평,80,KB부동산 단지 시세/평형정보 | https://kbland.kr/map?complex=6133,2026-09-18,,,verified,sale_apartment,도로명 일치 및 세대수 정확 일치 (880세대)
A61203029,exclusive_59_52,59.52,75.99,22평N,96,KB부동산 단지 시세/평형정보 | https://kbland.kr/map?complex=6156,2026-09-18,,,verified,sale_apartment,도로명 일치 및 세대수 정확 일치 (938세대)
A61203029,exclusive_59_52_22평S,59.52,75.99,22평S,166,KB부동산 단지 시세/평형정보 | https://kbland.kr/map?complex=6156,2026-09-18,,,verified,sale_apartment,도로명 일치 및 세대수 정확 일치 (938세대)
A61203029,exclusive_84_64,84.64,108.05,32평S,162,KB부동산 단지 시세/평형정보 | https://kbland.kr/map?complex=6156,2026-09-18,,,verified,sale_apartment,도로명 일치 및 세대수 정확 일치 (938세대)
A61203029,exclusive_84_84,84.84,108.3,32평N,514,KB부동산 단지 시세/평형정보 | https://kbland.kr/map?complex=6156,2026-09-18,,,verified,sale_apartment,도로명 일치 및 세대수 정확 일치 (938세대)
A61203033,exclusive_59_73,59.73,75.74,22평,490,KB부동산 단지 시세/평형정보 | https://kbland.kr/map?complex=6134,2026-09-18,,,verified,sale_apartment,도로명 일치 및 세대수 정확 일치 (1070세대)
A61203033,exclusive_84_99,84.99,107.78,32평,214,KB부동산 단지 시세/평형정보 | https://kbland.kr/map?complex=6134,2026-09-18,,,verified,sale_apartment,도로명 일치 및 세대수 정확 일치 (1070세대)
A61203033,exclusive_101_78,101.78,129.07,39평,160,KB부동산 단지 시세/평형정보 | https://kbland.kr/map?complex=6134,2026-09-18,,,verified,sale_apartment,도로명 일치 및 세대수 정확 일치 (1070세대)
A61203033,exclusive_134_95,134.95,171.14,51평,126,KB부동산 단지 시세/평형정보 | https://kbland.kr/map?complex=6134,2026-09-18,,,verified,sale_apartment,도로명 일치 및 세대수 정확 일치 (1070세대)
A61203033,exclusive_164_74,164.74,208.92,63평,80,KB부동산 단지 시세/평형정보 | https://kbland.kr/map?complex=6134,2026-09-18,,,verified,sale_apartment,도로명 일치 및 세대수 정확 일치 (1070세대)
A61203034,exclusive_50_57,50.57,69.61,21평,320,KB부동산 단지 시세/평형정보 | https://kbland.kr/map?complex=6130,2026-09-18,,,verified,sale_apartment,도로명 일치 및 세대수 정확 일치 (1240세대)
A61203034,exclusive_59_95,59.95,79.67,24평,240,KB부동산 단지 시세/평형정보 | https://kbland.kr/map?complex=6130,2026-09-18,,,verified,sale_apartment,도로명 일치 및 세대수 정확 일치 (1240세대)
A61203034,exclusive_84_88,84.88,106.61,32평,248,KB부동산 단지 시세/평형정보 | https://kbland.kr/map?complex=6130,2026-09-18,,,verified,sale_apartment,도로명 일치 및 세대수 정확 일치 (1240세대)
A61203034,exclusive_115_64,115.64,139.76,42평,332,KB부동산 단지 시세/평형정보 | https://kbland.kr/map?complex=6130,2026-09-18,,,verified,sale_apartment,도로명 일치 및 세대수 정확 일치 (1240세대)
A61203034,exclusive_134_01,134.01,162.91,49평,100,KB부동산 단지 시세/평형정보 | https://kbland.kr/map?complex=6130,2026-09-18,,,verified,sale_apartment,도로명 일치 및 세대수 정확 일치 (1240세대)
A60402003,exclusive_59_67,59.67,80.5,24평,481,KB부동산 단지 시세/평형정보 | https://kbland.kr/map?complex=12610,2026-09-18,,,verified,sale_apartment,도로명 일치 및 세대수 정확 일치 (1828세대)
A60402003,exclusive_74_2,74.2,96.04,29평,436,KB부동산 단지 시세/평형정보 | https://kbland.kr/map?complex=12610,2026-09-18,,,verified,sale_apartment,도로명 일치 및 세대수 정확 일치 (1828세대)
A60402003,exclusive_84_77,84.77,106.64,32평A,521,KB부동산 단지 시세/평형정보 | https://kbland.kr/map?complex=12610,2026-09-18,,,verified,sale_apartment,도로명 일치 및 세대수 정확 일치 (1828세대)
A60402003,exclusive_84_77_32평B,84.77,106.64,32평B,122,KB부동산 단지 시세/평형정보 | https://kbland.kr/map?complex=12610,2026-09-18,,,verified,sale_apartment,도로명 일치 및 세대수 정확 일치 (1828세대)
A60402003,exclusive_84_98,84.98,108.86,32평C,122,KB부동산 단지 시세/평형정보 | https://kbland.kr/map?complex=12610,2026-09-18,,,verified,sale_apartment,도로명 일치 및 세대수 정확 일치 (1828세대)
A60402003,exclusive_124_23,124.23,146.15,44평,146,KB부동산 단지 시세/평형정보 | https://kbland.kr/map?complex=12610,2026-09-18,,,verified,sale_apartment,도로명 일치 및 세대수 정확 일치 (1828세대)
A60474002,exclusive_59_99,59.99,83.14,25평,1444,KB부동산 단지 시세/평형정보 | https://kbland.kr/map?complex=13085,2026-09-18,,,verified,sale_apartment,도로명 일치 및 세대수 정확 일치 (1973세대)
A60474002,exclusive_84_99,84.99,114.9,34평,529,KB부동산 단지 시세/평형정보 | https://kbland.kr/map?complex=13085,2026-09-18,,,verified,sale_apartment,도로명 일치 및 세대수 정확 일치 (1973세대)
A60474516,exclusive_49_14,49.14,67.15,20평,556,KB부동산 단지 시세/평형정보 | https://kbland.kr/map?complex=12187,2026-09-18,,,verified,sale_apartment,도로명 일치 및 세대수 정확 일치 (990세대)
A60474516,exclusive_59_07,59.07,77.2,23평,434,KB부동산 단지 시세/평형정보 | https://kbland.kr/map?complex=12187,2026-09-18,,,verified,sale_apartment,도로명 일치 및 세대수 정확 일치 (990세대)
A60405001,exclusive_59_91,59.91,81.59,24평,314,KB부동산 단지 시세/평형정보 | https://kbland.kr/map?complex=343677,2026-09-18,,,verified,sale_apartment,도로명 일치 및 세대수 정확 일치 (3462세대)
A60405001,exclusive_84_97,84.97,109.15,33평A,543,KB부동산 단지 시세/평형정보 | https://kbland.kr/map?complex=343677,2026-09-18,,,verified,sale_apartment,도로명 일치 및 세대수 정확 일치 (3462세대)
A60405001,exclusive_84_99,84.99,111.19,33평B,1534,KB부동산 단지 시세/평형정보 | https://kbland.kr/map?complex=343677,2026-09-18,,,verified,sale_apartment,도로명 일치 및 세대수 정확 일치 (3462세대)
A60405001,exclusive_106_06,106.06,137.0,41평,587,KB부동산 단지 시세/평형정보 | https://kbland.kr/map?complex=343677,2026-09-18,,,verified,sale_apartment,도로명 일치 및 세대수 정확 일치 (3462세대)
A60405001,exclusive_117_59,117.59,140.5,42평,258,KB부동산 단지 시세/평형정보 | https://kbland.kr/map?complex=343677,2026-09-18,,,verified,sale_apartment,도로명 일치 및 세대수 정확 일치 (3462세대)
A60405001,exclusive_140_43,140.43,164.99,49평,146,KB부동산 단지 시세/평형정보 | https://kbland.kr/map?complex=343677,2026-09-18,,,verified,sale_apartment,도로명 일치 및 세대수 정확 일치 (3462세대)
A60405001,exclusive_183_54,183.54,210.32,63평,80,KB부동산 단지 시세/평형정보 | https://kbland.kr/map?complex=343677,2026-09-18,,,verified,sale_apartment,도로명 일치 및 세대수 정확 일치 (3462세대)
A10027306,exclusive_59_92,59.92,85.13,25평A,214,KB부동산 단지 시세/평형정보 | https://kbland.kr/map?complex=29875,2026-09-18,,,verified,sale_apartment,도로명 일치 및 세대수 정확 일치 (1068세대)
A10027306,exclusive_59_71,59.71,85.55,25평B,128,KB부동산 단지 시세/평형정보 | https://kbland.kr/map?complex=29875,2026-09-18,,,verified,sale_apartment,도로명 일치 및 세대수 정확 일치 (1068세대)
A10027306,exclusive_72_96,72.96,98.8,29평A,160,KB부동산 단지 시세/평형정보 | https://kbland.kr/map?complex=29875,2026-09-18,,,verified,sale_apartment,도로명 일치 및 세대수 정확 일치 (1068세대)
A10027306,exclusive_72_97,72.97,98.86,29평B,22,KB부동산 단지 시세/평형정보 | https://kbland.kr/map?complex=29875,2026-09-18,,,verified,sale_apartment,도로명 일치 및 세대수 정확 일치 (1068세대)
A10027306,exclusive_84_14,84.14,111.7,33평B,213,KB부동산 단지 시세/평형정보 | https://kbland.kr/map?complex=29875,2026-09-18,,,verified,sale_apartment,도로명 일치 및 세대수 정확 일치 (1068세대)
A10027306,exclusive_84_99,84.99,111.76,33평A,270,KB부동산 단지 시세/평형정보 | https://kbland.kr/map?complex=29875,2026-09-18,,,verified,sale_apartment,도로명 일치 및 세대수 정확 일치 (1068세대)
A10027306,exclusive_84_88,84.88,112.09,33평C,29,KB부동산 단지 시세/평형정보 | https://kbland.kr/map?complex=29875,2026-09-18,,,verified,sale_apartment,도로명 일치 및 세대수 정확 일치 (1068세대)
A10027306,exclusive_84_86,84.86,112.19,33평D,29,KB부동산 단지 시세/평형정보 | https://kbland.kr/map?complex=29875,2026-09-18,,,verified,sale_apartment,도로명 일치 및 세대수 정확 일치 (1068세대)
A10027306,exclusive_84_97,84.97,113.67,34평F,2,KB부동산 단지 시세/평형정보 | https://kbland.kr/map?complex=29875,2026-09-18,,,verified,sale_apartment,도로명 일치 및 세대수 정확 일치 (1068세대)
A10027306,exclusive_84_85,84.85,114.8,34평E,1,KB부동산 단지 시세/평형정보 | https://kbland.kr/map?complex=29875,2026-09-18,,,verified,sale_apartment,도로명 일치 및 세대수 정확 일치 (1068세대)
A10027325,exclusive_64_77,64.77,85.32,25평B,38,KB부동산 단지 시세/평형정보 | https://kbland.kr/map?complex=29346,2026-09-18,,,verified,sale_apartment,도로명 일치 및 세대수 정확 일치 (532세대)
A10027325,exclusive_64_82,64.82,85.48,25평A,33,KB부동산 단지 시세/평형정보 | https://kbland.kr/map?complex=29346,2026-09-18,,,verified,sale_apartment,도로명 일치 및 세대수 정확 일치 (532세대)
A10027325,exclusive_84_84,84.84,111.07,33평B,143,KB부동산 단지 시세/평형정보 | https://kbland.kr/map?complex=29346,2026-09-18,,,verified,sale_apartment,도로명 일치 및 세대수 정확 일치 (532세대)
A10027325,exclusive_84_74,84.74,111.44,33평D,18,KB부동산 단지 시세/평형정보 | https://kbland.kr/map?complex=29346,2026-09-18,,,verified,sale_apartment,도로명 일치 및 세대수 정확 일치 (532세대)
A10027325,exclusive_84_95,84.95,111.95,33평A,164,KB부동산 단지 시세/평형정보 | https://kbland.kr/map?complex=29346,2026-09-18,,,verified,sale_apartment,도로명 일치 및 세대수 정확 일치 (532세대)
A10027325,exclusive_100_98,100.98,132.02,39평A,64,KB부동산 단지 시세/평형정보 | https://kbland.kr/map?complex=29346,2026-09-18,,,verified,sale_apartment,도로명 일치 및 세대수 정확 일치 (532세대)
A10027325,exclusive_100_49,100.49,132.02,39평B,18,KB부동산 단지 시세/평형정보 | https://kbland.kr/map?complex=29346,2026-09-18,,,verified,sale_apartment,도로명 일치 및 세대수 정확 일치 (532세대)
A10027325,exclusive_101_65,101.65,137.06,41평A,3,KB부동산 단지 시세/평형정보 | https://kbland.kr/map?complex=29346,2026-09-18,,,verified,sale_apartment,도로명 일치 및 세대수 정확 일치 (532세대)
A10027325,exclusive_101_65_41평B,101.65,137.08,41평B,1,KB부동산 단지 시세/평형정보 | https://kbland.kr/map?complex=29346,2026-09-18,,,verified,sale_apartment,도로명 일치 및 세대수 정확 일치 (532세대)
A10027325,exclusive_114_16,114.16,149.23,45평,48,KB부동산 단지 시세/평형정보 | https://kbland.kr/map?complex=29346,2026-09-18,,,verified,sale_apartment,도로명 일치 및 세대수 정확 일치 (532세대)
A10027325,exclusive_114,114.0,151.64,45평,2,KB부동산 단지 시세/평형정보 | https://kbland.kr/map?complex=29346,2026-09-18,,,verified,sale_apartment,도로명 일치 및 세대수 정확 일치 (532세대)
A10020264,exclusive_84_42,84.42,111.02,33평B,143,KB부동산 단지 시세/평형정보 | https://kbland.kr/map?complex=804012,2026-09-18,,,verified,sale_apartment,도로명 일치 및 세대수 정확 일치 (1120세대)
A10020264,exclusive_84_95,84.95,111.53,33평A,320,KB부동산 단지 시세/평형정보 | https://kbland.kr/map?complex=804012,2026-09-18,,,verified,sale_apartment,도로명 일치 및 세대수 정확 일치 (1120세대)
A10020264,exclusive_84_95_33평AP,84.95,111.53,33평AP,287,KB부동산 단지 시세/평형정보 | https://kbland.kr/map?complex=804012,2026-09-18,,,verified,sale_apartment,도로명 일치 및 세대수 정확 일치 (1120세대)
A10020264,exclusive_84_95_33평A-1,84.95,111.53,33평A-1,3,KB부동산 단지 시세/평형정보 | https://kbland.kr/map?complex=804012,2026-09-18,,,verified,sale_apartment,도로명 일치 및 세대수 정확 일치 (1120세대)
A10020264,exclusive_84_98,84.98,112.51,34평C,84,KB부동산 단지 시세/평형정보 | https://kbland.kr/map?complex=804012,2026-09-18,,,verified,sale_apartment,도로명 일치 및 세대수 정확 일치 (1120세대)
A10020264,exclusive_106_42,106.42,132.15,39평,202,KB부동산 단지 시세/평형정보 | https://kbland.kr/map?complex=804012,2026-09-18,,,verified,sale_apartment,도로명 일치 및 세대수 정확 일치 (1120세대)
A10020264,exclusive_106_42_39평P,106.42,132.15,39평P,81,KB부동산 단지 시세/평형정보 | https://kbland.kr/map?complex=804012,2026-09-18,,,verified,sale_apartment,도로명 일치 및 세대수 정확 일치 (1120세대)
A10022696,exclusive_84_93,84.93,109.0,32평B,90,KB부동산 단지 시세/평형정보 | https://kbland.kr/map?complex=433181,2026-09-18,,,verified,sale_apartment,도로명 일치 및 세대수 정확 일치 (526세대)
A10022696,exclusive_84_88,84.88,109.18,33평C,80,KB부동산 단지 시세/평형정보 | https://kbland.kr/map?complex=433181,2026-09-18,,,verified,sale_apartment,도로명 일치 및 세대수 정확 일치 (526세대)
A10022696,exclusive_84_91,84.91,109.39,33평A,356,KB부동산 단지 시세/평형정보 | https://kbland.kr/map?complex=433181,2026-09-18,,,verified,sale_apartment,도로명 일치 및 세대수 정확 일치 (526세대)
A10025776,exclusive_91_63,91.63,111.55,33평,530,KB부동산 단지 시세/평형정보 | https://kbland.kr/map?complex=35316,2026-09-18,,,verified,sale_apartment,도로명 일치 및 세대수 정확 일치 (1210세대)
A10025776,exclusive_135_3,135.3,161.82,48평C,140,KB부동산 단지 시세/평형정보 | https://kbland.kr/map?complex=35316,2026-09-18,,,verified,sale_apartment,도로명 일치 및 세대수 정확 일치 (1210세대)
A10025776,exclusive_135_8,135.8,162.06,49평A,400,KB부동산 단지 시세/평형정보 | https://kbland.kr/map?complex=35316,2026-09-18,,,verified,sale_apartment,도로명 일치 및 세대수 정확 일치 (1210세대)
A10025776,exclusive_135_55,135.55,162.15,49평B,140,KB부동산 단지 시세/평형정보 | https://kbland.kr/map?complex=35316,2026-09-18,,,verified,sale_apartment,도로명 일치 및 세대수 정확 일치 (1210세대)
A10027953,exclusive_66_93,66.93,87.89,26평,160,KB부동산 단지 시세/평형정보 | https://kbland.kr/map?complex=27117,2026-09-18,,,verified,sale_apartment,도로명 일치 및 세대수 정확 일치 (980세대)
A10027953,exclusive_75_7,75.7,98.98,29평B,179,KB부동산 단지 시세/평형정보 | https://kbland.kr/map?complex=27117,2026-09-18,,,verified,sale_apartment,도로명 일치 및 세대수 정확 일치 (980세대)
A10027953,exclusive_75_28,75.28,99.13,29평A,160,KB부동산 단지 시세/평형정보 | https://kbland.kr/map?complex=27117,2026-09-18,,,verified,sale_apartment,도로명 일치 및 세대수 정확 일치 (980세대)
A10027953,exclusive_84_99,84.99,110.67,33평B,282,KB부동산 단지 시세/평형정보 | https://kbland.kr/map?complex=27117,2026-09-18,,,verified,sale_apartment,도로명 일치 및 세대수 정확 일치 (980세대)
A10027953,exclusive_84_98,84.98,111.34,33평A,199,KB부동산 단지 시세/평형정보 | https://kbland.kr/map?complex=27117,2026-09-18,,,verified,sale_apartment,도로명 일치 및 세대수 정확 일치 (980세대)
A61881402,exclusive_84_97,84.97,112.63,34평B,257,KB부동산 단지 시세/평형정보 | https://kbland.kr/map?complex=15913,2026-09-18,,,verified,sale_apartment,도로명 일치 및 세대수 정확 일치 (1124세대)
A61881402,exclusive_84_97_34평C,84.97,112.63,34평C,90,KB부동산 단지 시세/평형정보 | https://kbland.kr/map?complex=15913,2026-09-18,,,verified,sale_apartment,도로명 일치 및 세대수 정확 일치 (1124세대)
A61881402,exclusive_84_99,84.99,113.07,34평A,79,KB부동산 단지 시세/평형정보 | https://kbland.kr/map?complex=15913,2026-09-18,,,verified,sale_apartment,도로명 일치 및 세대수 정확 일치 (1124세대)
A61881402,exclusive_101_96,101.96,129.74,39평A,168,KB부동산 단지 시세/평형정보 | https://kbland.kr/map?complex=15913,2026-09-18,,,verified,sale_apartment,도로명 일치 및 세대수 정확 일치 (1124세대)
A61881402,exclusive_101_99,101.99,130.39,39평B,58,KB부동산 단지 시세/평형정보 | https://kbland.kr/map?complex=15913,2026-09-18,,,verified,sale_apartment,도로명 일치 및 세대수 정확 일치 (1124세대)
A61881402,exclusive_101_92,101.92,132.21,39평C,216,KB부동산 단지 시세/평형정보 | https://kbland.kr/map?complex=15913,2026-09-18,,,verified,sale_apartment,도로명 일치 및 세대수 정확 일치 (1124세대)
A61881402,exclusive_114_49,114.49,143.99,43평,109,KB부동산 단지 시세/평형정보 | https://kbland.kr/map?complex=15913,2026-09-18,,,verified,sale_apartment,도로명 일치 및 세대수 정확 일치 (1124세대)
A61881402,exclusive_133_77,133.77,164.23,49평,130,KB부동산 단지 시세/평형정보 | https://kbland.kr/map?complex=15913,2026-09-18,,,verified,sale_apartment,도로명 일치 및 세대수 정확 일치 (1124세대)
A61881402,exclusive_149_87,149.87,195.76,59평,12,KB부동산 단지 시세/평형정보 | https://kbland.kr/map?complex=15913,2026-09-18,,,verified,sale_apartment,도로명 일치 및 세대수 정확 일치 (1124세대)
A61881402,exclusive_202_34,202.34,248.75,75평,5,KB부동산 단지 시세/평형정보 | https://kbland.kr/map?complex=15913,2026-09-18,,,verified,sale_apartment,도로명 일치 및 세대수 정확 일치 (1124세대)
A61176709,exclusive_59_99,59.99,92.3,27평A,116,KB부동산 단지 시세/평형정보 | https://kbland.kr/map?complex=5966,2026-09-18,,,verified,sale_apartment,도로명 일치 및 세대수 정확 일치 (502세대)
A61176709,exclusive_59_99_27평B,59.99,92.3,27평B,92,KB부동산 단지 시세/평형정보 | https://kbland.kr/map?complex=5966,2026-09-18,,,verified,sale_apartment,도로명 일치 및 세대수 정확 일치 (502세대)
A61176709,exclusive_84_97,84.97,116.75,35평,218,KB부동산 단지 시세/평형정보 | https://kbland.kr/map?complex=5966,2026-09-18,,,verified,sale_apartment,도로명 일치 및 세대수 정확 일치 (502세대)
A61176709,exclusive_122_45,122.45,161.75,48평,38,KB부동산 단지 시세/평형정보 | https://kbland.kr/map?complex=5966,2026-09-18,,,verified,sale_apartment,도로명 일치 및 세대수 정확 일치 (502세대)
A61176709,exclusive_147_4,147.4,193.79,58평,38,KB부동산 단지 시세/평형정보 | https://kbland.kr/map?complex=5966,2026-09-18,,,verified,sale_apartment,도로명 일치 및 세대수 정확 일치 (502세대)
A10026902,exclusive_31_73,31.73,54.98,16평,119,KB부동산 단지 시세/평형정보 | https://kbland.kr/map?complex=29064,2026-09-18,,,verified,sale_apartment,도로명 일치 및 세대수 정확 일치 (624세대)
A10026902,exclusive_39_2,39.2,61.75,18평,34,KB부동산 단지 시세/평형정보 | https://kbland.kr/map?complex=29064,2026-09-18,,,verified,sale_apartment,도로명 일치 및 세대수 정확 일치 (624세대)
A10026902,exclusive_70_99,70.99,98.53,29평,156,KB부동산 단지 시세/평형정보 | https://kbland.kr/map?complex=29064,2026-09-18,,,verified,sale_apartment,도로명 일치 및 세대수 정확 일치 (624세대)
A10026902,exclusive_77_35,77.35,107.03,32평B,205,KB부동산 단지 시세/평형정보 | https://kbland.kr/map?complex=29064,2026-09-18,,,verified,sale_apartment,도로명 일치 및 세대수 정확 일치 (624세대)
A10026902,exclusive_77_86,77.86,107.9,32평A,110,KB부동산 단지 시세/평형정보 | https://kbland.kr/map?complex=29064,2026-09-18,,,verified,sale_apartment,도로명 일치 및 세대수 정확 일치 (624세대)
A10027085,exclusive_64_01,64.01,85.44,25평,239,KB부동산 단지 시세/평형정보 | https://kbland.kr/map?complex=29481,2026-09-18,,,verified,sale_apartment,도로명 일치 및 세대수 정확 일치 (529세대)
A10027085,exclusive_84_99,84.99,112.49,34평A,240,KB부동산 단지 시세/평형정보 | https://kbland.kr/map?complex=29481,2026-09-18,,,verified,sale_apartment,도로명 일치 및 세대수 정확 일치 (529세대)
A10027085,exclusive_84_95,84.95,113.4,34평B,50,KB부동산 단지 시세/평형정보 | https://kbland.kr/map?complex=29481,2026-09-18,,,verified,sale_apartment,도로명 일치 및 세대수 정확 일치 (529세대)
A61313002,exclusive_84_98,84.98,114.65,34평,96,KB부동산 단지 시세/평형정보 | https://kbland.kr/map?complex=15056,2026-09-18,,,verified,sale_apartment,도로명 일치 및 세대수 정확 일치 (862세대)
A61313002,exclusive_101_81,101.81,131.18,39평,141,KB부동산 단지 시세/평형정보 | https://kbland.kr/map?complex=15056,2026-09-18,,,verified,sale_apartment,도로명 일치 및 세대수 정확 일치 (862세대)
A61313002,exclusive_117_61,117.61,149.44,45평,92,KB부동산 단지 시세/평형정보 | https://kbland.kr/map?complex=15056,2026-09-18,,,verified,sale_apartment,도로명 일치 및 세대수 정확 일치 (862세대)
A61313002,exclusive_127_38,127.38,161.91,48평,165,KB부동산 단지 시세/평형정보 | https://kbland.kr/map?complex=15056,2026-09-18,,,verified,sale_apartment,도로명 일치 및 세대수 정확 일치 (862세대)
A61313002,exclusive_129_34,129.34,164.51,49평,204,KB부동산 단지 시세/평형정보 | https://kbland.kr/map?complex=15056,2026-09-18,,,verified,sale_apartment,도로명 일치 및 세대수 정확 일치 (862세대)
A61313002,exclusive_149_85,149.85,190.16,57평,112,KB부동산 단지 시세/평형정보 | https://kbland.kr/map?complex=15056,2026-09-18,,,verified,sale_apartment,도로명 일치 및 세대수 정확 일치 (862세대)
A61313002,exclusive_179_49,179.49,221.16,66평,52,KB부동산 단지 시세/평형정보 | https://kbland.kr/map?complex=15056,2026-09-18,,,verified,sale_apartment,도로명 일치 및 세대수 정확 일치 (862세대)
A61377204,exclusive_84_93,84.93,110.05,33평,196,KB부동산 단지 시세/평형정보 | https://kbland.kr/map?complex=12359,2026-09-18,,,verified,sale_apartment,도로명 일치 및 세대수 정확 일치 (591세대)
A61377204,exclusive_121_19,121.19,147.46,44평,192,KB부동산 단지 시세/평형정보 | https://kbland.kr/map?complex=12359,2026-09-18,,,verified,sale_apartment,도로명 일치 및 세대수 정확 일치 (591세대)
A61377204,exclusive_141_81,141.81,169.15,51평,135,KB부동산 단지 시세/평형정보 | https://kbland.kr/map?complex=12359,2026-09-18,,,verified,sale_apartment,도로명 일치 및 세대수 정확 일치 (591세대)
A61377204,exclusive_170_03,170.03,198.38,60평,68,KB부동산 단지 시세/평형정보 | https://kbland.kr/map?complex=12359,2026-09-18,,,verified,sale_apartment,도로명 일치 및 세대수 정확 일치 (591세대)
A61381805,exclusive_84_97,84.97,112.79,34평,149,KB부동산 단지 시세/평형정보 | https://kbland.kr/map?complex=15924,2026-09-18,,,verified,sale_apartment,도로명 일치 및 세대수 정확 일치 (987세대)
A61381805,exclusive_101_97,101.97,129.68,39평,152,KB부동산 단지 시세/평형정보 | https://kbland.kr/map?complex=15924,2026-09-18,,,verified,sale_apartment,도로명 일치 및 세대수 정확 일치 (987세대)
A61381805,exclusive_118_56,118.56,147.13,44평,116,KB부동산 단지 시세/평형정보 | https://kbland.kr/map?complex=15924,2026-09-18,,,verified,sale_apartment,도로명 일치 및 세대수 정확 일치 (987세대)
A61381805,exclusive_126_23,126.23,160.77,48평A,104,KB부동산 단지 시세/평형정보 | https://kbland.kr/map?complex=15924,2026-09-18,,,verified,sale_apartment,도로명 일치 및 세대수 정확 일치 (987세대)
A61381805,exclusive_129_64,129.64,161.17,48평C,64,KB부동산 단지 시세/평형정보 | https://kbland.kr/map?complex=15924,2026-09-18,,,verified,sale_apartment,도로명 일치 및 세대수 정확 일치 (987세대)
A61381805,exclusive_125_5,125.5,161.23,48평B,104,KB부동산 단지 시세/평형정보 | https://kbland.kr/map?complex=15924,2026-09-18,,,verified,sale_apartment,도로명 일치 및 세대수 정확 일치 (987세대)
A61381805,exclusive_147_58,147.58,185.0,55평,217,KB부동산 단지 시세/평형정보 | https://kbland.kr/map?complex=15924,2026-09-18,,,verified,sale_apartment,도로명 일치 및 세대수 정확 일치 (987세대)
A61381805,exclusive_170_8,170.8,210.37,63평,76,KB부동산 단지 시세/평형정보 | https://kbland.kr/map?complex=15924,2026-09-18,,,verified,sale_apartment,도로명 일치 및 세대수 정확 일치 (987세대)
A61381805,exclusive_236_87,236.87,301.34,91평,3,KB부동산 단지 시세/평형정보 | https://kbland.kr/map?complex=15924,2026-09-18,,,verified,sale_apartment,도로명 일치 및 세대수 정확 일치 (987세대)
A61381805,exclusive_269_68,269.68,342.69,103평,2,KB부동산 단지 시세/평형정보 | https://kbland.kr/map?complex=15924,2026-09-18,,,verified,sale_apartment,도로명 일치 및 세대수 정확 일치 (987세대)
A61381903,exclusive_41_46,41.46,55.81,16평,195,KB부동산 단지 시세/평형정보 | https://kbland.kr/map?complex=5915,2026-09-18,,,verified,sale_apartment,도로명 일치 및 세대수 정확 일치 (990세대)
A61381903,exclusive_42_93,42.93,62.53,18평,135,KB부동산 단지 시세/평형정보 | https://kbland.kr/map?complex=5915,2026-09-18,,,verified,sale_apartment,도로명 일치 및 세대수 정확 일치 (990세대)
A61381903,exclusive_75_42,75.42,91.33,27평,150,KB부동산 단지 시세/평형정보 | https://kbland.kr/map?complex=5915,2026-09-18,,,verified,sale_apartment,도로명 일치 및 세대수 정확 일치 (990세대)
A61381903,exclusive_84_96,84.96,101.57,30평,210,KB부동산 단지 시세/평형정보 | https://kbland.kr/map?complex=5915,2026-09-18,,,verified,sale_apartment,도로명 일치 및 세대수 정확 일치 (990세대)
A61381903,exclusive_102_52,102.52,120.2,36평,90,KB부동산 단지 시세/평형정보 | https://kbland.kr/map?complex=5915,2026-09-18,,,verified,sale_apartment,도로명 일치 및 세대수 정확 일치 (990세대)
A61381903,exclusive_123_19,123.19,143.28,43평,90,KB부동산 단지 시세/평형정보 | https://kbland.kr/map?complex=5915,2026-09-18,,,verified,sale_apartment,도로명 일치 및 세대수 정확 일치 (990세대)
A61381903,exclusive_145_05,145.05,165.07,49평,60,KB부동산 단지 시세/평형정보 | https://kbland.kr/map?complex=5915,2026-09-18,,,verified,sale_apartment,도로명 일치 및 세대수 정확 일치 (990세대)
A61381903,exclusive_182_67,182.67,207.86,62평,30,KB부동산 단지 시세/평형정보 | https://kbland.kr/map?complex=5915,2026-09-18,,,verified,sale_apartment,도로명 일치 및 세대수 정확 일치 (990세대)
A61381903,exclusive_209_76,209.76,235.67,71평,30,KB부동산 단지 시세/평형정보 | https://kbland.kr/map?complex=5915,2026-09-18,,,verified,sale_apartment,도로명 일치 및 세대수 정확 일치 (990세대)
A61775401,exclusive_41_3,41.3,57.19,17평,270,KB부동산 단지 시세/평형정보 | https://kbland.kr/map?complex=5728,2026-09-18,,,verified,sale_apartment,도로명 일치 및 세대수 정확 일치 (900세대)
A61775401,exclusive_41_16,41.16,58.26,17평A,90,KB부동산 단지 시세/평형정보 | https://kbland.kr/map?complex=5728,2026-09-18,,,verified,sale_apartment,도로명 일치 및 세대수 정확 일치 (900세대)
A61775401,exclusive_41_66,41.66,58.98,17평B,3,KB부동산 단지 시세/평형정보 | https://kbland.kr/map?complex=5728,2026-09-18,,,verified,sale_apartment,도로명 일치 및 세대수 정확 일치 (900세대)
A61775401,exclusive_49_94,49.94,69.15,20평,267,KB부동산 단지 시세/평형정보 | https://kbland.kr/map?complex=5728,2026-09-18,,,verified,sale_apartment,도로명 일치 및 세대수 정확 일치 (900세대)
A61775401,exclusive_49_94_22평,49.94,73.02,22평,270,KB부동산 단지 시세/평형정보 | https://kbland.kr/map?complex=5728,2026-09-18,,,verified,sale_apartment,도로명 일치 및 세대수 정확 일치 (900세대)
A61776003,exclusive_59_84,59.84,78.82,23평,450,KB부동산 단지 시세/평형정보 | https://kbland.kr/map?complex=5726,2026-09-18,,,verified,sale_apartment,도로명 일치 및 세대수 정확 일치 (1094세대)
A61776003,exclusive_73_4,73.4,93.43,28평,144,KB부동산 단지 시세/평형정보 | https://kbland.kr/map?complex=5726,2026-09-18,,,verified,sale_apartment,도로명 일치 및 세대수 정확 일치 (1094세대)
A61776003,exclusive_84_96,84.96,105.92,32평,400,KB부동산 단지 시세/평형정보 | https://kbland.kr/map?complex=5726,2026-09-18,,,verified,sale_apartment,도로명 일치 및 세대수 정확 일치 (1094세대)
A61776003,exclusive_115_02,115.02,139.89,42평,100,KB부동산 단지 시세/평형정보 | https://kbland.kr/map?complex=5726,2026-09-18,,,verified,sale_apartment,도로명 일치 및 세대수 정확 일치 (1094세대)
A61783202,exclusive_59_97,59.97,84.62,25평,470,KB부동산 단지 시세/평형정보 | https://kbland.kr/map?complex=5671,2026-09-18,,,verified,sale_apartment,도로명 일치 및 세대수 정확 일치 (874세대)
A61783202,exclusive_84_97,84.97,108.71,32평,226,KB부동산 단지 시세/평형정보 | https://kbland.kr/map?complex=5671,2026-09-18,,,verified,sale_apartment,도로명 일치 및 세대수 정확 일치 (874세대)
A61783202,exclusive_134_94,134.94,163.78,49평,84,KB부동산 단지 시세/평형정보 | https://kbland.kr/map?complex=5671,2026-09-18,,,verified,sale_apartment,도로명 일치 및 세대수 정확 일치 (874세대)
A61783202,exclusive_164_85,164.85,196.49,59평,94,KB부동산 단지 시세/평형정보 | https://kbland.kr/map?complex=5671,2026-09-18,,,verified,sale_apartment,도로명 일치 및 세대수 정확 일치 (874세대)
A61783203,exclusive_59_97,59.97,83.31,25평,439,KB부동산 단지 시세/평형정보 | https://kbland.kr/map?complex=5571,2026-09-18,,,verified,sale_apartment,도로명 일치 및 세대수 정확 일치 (953세대)
A61783203,exclusive_84_97,84.97,108.49,32평,296,KB부동산 단지 시세/평형정보 | https://kbland.kr/map?complex=5571,2026-09-18,,,verified,sale_apartment,도로명 일치 및 세대수 정확 일치 (953세대)
A61783203,exclusive_134_94,134.94,163.43,49평,130,KB부동산 단지 시세/평형정보 | https://kbland.kr/map?complex=5571,2026-09-18,,,verified,sale_apartment,도로명 일치 및 세대수 정확 일치 (953세대)
A61783203,exclusive_164_85,164.85,196.12,59평,88,KB부동산 단지 시세/평형정보 | https://kbland.kr/map?complex=5571,2026-09-18,,,verified,sale_apartment,도로명 일치 및 세대수 정확 일치 (953세대)
A61783402,exclusive_76_51,76.51,93.44,28평,52,KB부동산 단지 시세/평형정보 | https://kbland.kr/map?complex=5672,2026-09-18,,,verified,sale_apartment,도로명 일치 및 세대수 정확 일치 (977세대)
A61783402,exclusive_84_99,84.99,102.24,30평,535,KB부동산 단지 시세/평형정보 | https://kbland.kr/map?complex=5672,2026-09-18,,,verified,sale_apartment,도로명 일치 및 세대수 정확 일치 (977세대)
A61783402,exclusive_105_24,105.24,123.4,37평,120,KB부동산 단지 시세/평형정보 | https://kbland.kr/map?complex=5672,2026-09-18,,,verified,sale_apartment,도로명 일치 및 세대수 정확 일치 (977세대)
A61783402,exclusive_109_64,109.64,129.51,39평,30,KB부동산 단지 시세/평형정보 | https://kbland.kr/map?complex=5672,2026-09-18,,,verified,sale_apartment,도로명 일치 및 세대수 정확 일치 (977세대)
A61783402,exclusive_114_62,114.62,134.73,40평,240,KB부동산 단지 시세/평형정보 | https://kbland.kr/map?complex=5672,2026-09-18,,,verified,sale_apartment,도로명 일치 및 세대수 정확 일치 (977세대)
A61778507,exclusive_59_93,59.93,85.84,25평,345,KB부동산 단지 시세/평형정보 | https://kbland.kr/map?complex=13777,2026-09-18,,,verified,sale_apartment,도로명 일치 및 세대수 정확 일치 (607세대)
A61778507,exclusive_84_96,84.96,116.8,35평,222,KB부동산 단지 시세/평형정보 | https://kbland.kr/map?complex=13777,2026-09-18,,,verified,sale_apartment,도로명 일치 및 세대수 정확 일치 (607세대)
A61778507,exclusive_116_96,116.96,158.43,47평,40,KB부동산 단지 시세/평형정보 | https://kbland.kr/map?complex=13777,2026-09-18,,,verified,sale_apartment,도로명 일치 및 세대수 정확 일치 (607세대)
A61996303,exclusive_107_83,107.83,131.93,39평A,228,KB부동산 단지 시세/평형정보 | https://kbland.kr/map?complex=15935,2026-09-18,,,verified,sale_apartment,"동 일치, 유사명칭(0.86) 및 세대수 일치 (655세대)"
A61996303,exclusive_110_33,110.33,132.17,39평B,60,KB부동산 단지 시세/평형정보 | https://kbland.kr/map?complex=15935,2026-09-18,,,verified,sale_apartment,"동 일치, 유사명칭(0.86) 및 세대수 일치 (655세대)"
A61996303,exclusive_116_69,116.69,143.47,43평,112,KB부동산 단지 시세/평형정보 | https://kbland.kr/map?complex=15935,2026-09-18,,,verified,sale_apartment,"동 일치, 유사명칭(0.86) 및 세대수 일치 (655세대)"
A61996303,exclusive_138_22,138.22,164.15,49평B,75,KB부동산 단지 시세/평형정보 | https://kbland.kr/map?complex=15935,2026-09-18,,,verified,sale_apartment,"동 일치, 유사명칭(0.86) 및 세대수 일치 (655세대)"
A61996303,exclusive_140_11,140.11,165.19,49평A,90,KB부동산 단지 시세/평형정보 | https://kbland.kr/map?complex=15935,2026-09-18,,,verified,sale_apartment,"동 일치, 유사명칭(0.86) 및 세대수 일치 (655세대)"
A61996303,exclusive_139_93,139.93,165.22,49평C,30,KB부동산 단지 시세/평형정보 | https://kbland.kr/map?complex=15935,2026-09-18,,,verified,sale_apartment,"동 일치, 유사명칭(0.86) 및 세대수 일치 (655세대)"
A61996303,exclusive_152_64,152.64,182.6,55평,60,KB부동산 단지 시세/평형정보 | https://kbland.kr/map?complex=15935,2026-09-18,,,verified,sale_apartment,"동 일치, 유사명칭(0.86) 및 세대수 일치 (655세대)"
A61996306,exclusive_110_13,110.13,131.78,39평C,29,KB부동산 단지 시세/평형정보 | https://kbland.kr/map?complex=15937,2026-09-18,,,verified,sale_apartment,"동 일치, 유사명칭(0.82) 및 세대수 일치 (763세대)"
A61996306,exclusive_109_63,109.63,131.85,39평A,84,KB부동산 단지 시세/평형정보 | https://kbland.kr/map?complex=15937,2026-09-18,,,verified,sale_apartment,"동 일치, 유사명칭(0.82) 및 세대수 일치 (763세대)"
A61996306,exclusive_109_3,109.3,131.87,39평B,116,KB부동산 단지 시세/평형정보 | https://kbland.kr/map?complex=15937,2026-09-18,,,verified,sale_apartment,"동 일치, 유사명칭(0.82) 및 세대수 일치 (763세대)"
A61996306,exclusive_122_91,122.91,148.59,44평A,188,KB부동산 단지 시세/평형정보 | https://kbland.kr/map?complex=15937,2026-09-18,,,verified,sale_apartment,"동 일치, 유사명칭(0.82) 및 세대수 일치 (763세대)"
A61996306,exclusive_123_48,123.48,148.62,44평B,148,KB부동산 단지 시세/평형정보 | https://kbland.kr/map?complex=15937,2026-09-18,,,verified,sale_apartment,"동 일치, 유사명칭(0.82) 및 세대수 일치 (763세대)"
A61996306,exclusive_135_61,135.61,161.52,48평,138,KB부동산 단지 시세/평형정보 | https://kbland.kr/map?complex=15937,2026-09-18,,,verified,sale_apartment,"동 일치, 유사명칭(0.82) 및 세대수 일치 (763세대)"
A61996306,exclusive_147_13,147.13,175.16,52평,60,KB부동산 단지 시세/평형정보 | https://kbland.kr/map?complex=15937,2026-09-18,,,verified,sale_apartment,"동 일치, 유사명칭(0.82) 및 세대수 일치 (763세대)"
A10024875,exclusive_59_92,59.92,81.89,24평B,13,KB부동산 단지 시세/평형정보 | https://kbland.kr/map?complex=37881,2026-09-18,,,verified,sale_apartment,"혼합단지 분양/임대 분리 (총 554세대 중 분양 524세대 집계, 임대 추정 30세대 제외)"
A10024875,exclusive_59_96,59.96,82.8,25평A,36,KB부동산 단지 시세/평형정보 | https://kbland.kr/map?complex=37881,2026-09-18,,,verified,sale_apartment,"혼합단지 분양/임대 분리 (총 554세대 중 분양 524세대 집계, 임대 추정 30세대 제외)"
A10024875,exclusive_74_44,74.44,98.96,29평A,112,KB부동산 단지 시세/평형정보 | https://kbland.kr/map?complex=37881,2026-09-18,,,verified,sale_apartment,"혼합단지 분양/임대 분리 (총 554세대 중 분양 524세대 집계, 임대 추정 30세대 제외)"
A10024875,exclusive_74_9,74.9,99.13,29평B,52,KB부동산 단지 시세/평형정보 | https://kbland.kr/map?complex=37881,2026-09-18,,,verified,sale_apartment,"혼합단지 분양/임대 분리 (총 554세대 중 분양 524세대 집계, 임대 추정 30세대 제외)"
A10024875,exclusive_74_43,74.43,99.62,30평C,27,KB부동산 단지 시세/평형정보 | https://kbland.kr/map?complex=37881,2026-09-18,,,verified,sale_apartment,"혼합단지 분양/임대 분리 (총 554세대 중 분양 524세대 집계, 임대 추정 30세대 제외)"
A10024875,exclusive_84_95,84.95,111.67,33평A,178,KB부동산 단지 시세/평형정보 | https://kbland.kr/map?complex=37881,2026-09-18,,,verified,sale_apartment,"혼합단지 분양/임대 분리 (총 554세대 중 분양 524세대 집계, 임대 추정 30세대 제외)"
A10024875,exclusive_84_94,84.94,111.76,33평B,106,KB부동산 단지 시세/평형정보 | https://kbland.kr/map?complex=37881,2026-09-18,,,verified,sale_apartment,"혼합단지 분양/임대 분리 (총 554세대 중 분양 524세대 집계, 임대 추정 30세대 제외)"
A10026034,exclusive_39_93,39.93,57.8,17평B,22,KB부동산 단지 시세/평형정보 | https://kbland.kr/map?complex=30140,2026-09-18,,,verified,sale_apartment,"혼합단지 분양/임대 분리 (총 959세대 중 분양 932세대 집계, 임대 추정 27세대 제외)"
A10026034,exclusive_39_93_17평A,39.93,57.8,17평A,34,KB부동산 단지 시세/평형정보 | https://kbland.kr/map?complex=30140,2026-09-18,,,verified,sale_apartment,"혼합단지 분양/임대 분리 (총 959세대 중 분양 932세대 집계, 임대 추정 27세대 제외)"
A10026034,exclusive_59_87,59.87,83.01,25평,56,KB부동산 단지 시세/평형정보 | https://kbland.kr/map?complex=30140,2026-09-18,,,verified,sale_apartment,"혼합단지 분양/임대 분리 (총 959세대 중 분양 932세대 집계, 임대 추정 27세대 제외)"
A10026034,exclusive_74_61,74.61,99.0,29평,61,KB부동산 단지 시세/평형정보 | https://kbland.kr/map?complex=30140,2026-09-18,,,verified,sale_apartment,"혼합단지 분양/임대 분리 (총 959세대 중 분양 932세대 집계, 임대 추정 27세대 제외)"
A10026034,exclusive_84_72,84.72,112.57,34평D,112,KB부동산 단지 시세/평형정보 | https://kbland.kr/map?complex=30140,2026-09-18,,,verified,sale_apartment,"혼합단지 분양/임대 분리 (총 959세대 중 분양 932세대 집계, 임대 추정 27세대 제외)"
A10026034,exclusive_84_65,84.65,113.35,34평B,122,KB부동산 단지 시세/평형정보 | https://kbland.kr/map?complex=30140,2026-09-18,,,verified,sale_apartment,"혼합단지 분양/임대 분리 (총 959세대 중 분양 932세대 집계, 임대 추정 27세대 제외)"
A10026034,exclusive_84_94,84.94,114.32,34평C,167,KB부동산 단지 시세/평형정보 | https://kbland.kr/map?complex=30140,2026-09-18,,,verified,sale_apartment,"혼합단지 분양/임대 분리 (총 959세대 중 분양 932세대 집계, 임대 추정 27세대 제외)"
A10026034,exclusive_84_65_34평A,84.65,114.49,34평A,176,KB부동산 단지 시세/평형정보 | https://kbland.kr/map?complex=30140,2026-09-18,,,verified,sale_apartment,"혼합단지 분양/임대 분리 (총 959세대 중 분양 932세대 집계, 임대 추정 27세대 제외)"
A10026034,exclusive_102_79,102.79,138.29,41평,114,KB부동산 단지 시세/평형정보 | https://kbland.kr/map?complex=30140,2026-09-18,,,verified,sale_apartment,"혼합단지 분양/임대 분리 (총 959세대 중 분양 932세대 집계, 임대 추정 27세대 제외)"
A10026034,exclusive_115_82,115.82,152.5,46평,68,KB부동산 단지 시세/평형정보 | https://kbland.kr/map?complex=30140,2026-09-18,,,verified,sale_apartment,"혼합단지 분양/임대 분리 (총 959세대 중 분양 932세대 집계, 임대 추정 27세대 제외)"
A10023704,exclusive_39_99,39.99,61.12,18평,20,KB부동산 단지 시세/평형정보 | https://kbland.kr/map?complex=47314,2026-09-18,,,verified,sale_apartment,"혼합단지 분양/임대 분리 (총 733세대 중 분양 733세대 집계, 임대 추정 0세대 제외)"
A10023704,exclusive_49_83,49.83,75.42,22평,20,KB부동산 단지 시세/평형정보 | https://kbland.kr/map?complex=47314,2026-09-18,,,verified,sale_apartment,"혼합단지 분양/임대 분리 (총 733세대 중 분양 733세대 집계, 임대 추정 0세대 제외)"
A10023704,exclusive_59_78,59.78,80.16,24평,203,KB부동산 단지 시세/평형정보 | https://kbland.kr/map?complex=47314,2026-09-18,,,verified,sale_apartment,"혼합단지 분양/임대 분리 (총 733세대 중 분양 733세대 집계, 임대 추정 0세대 제외)"
A10023704,exclusive_67_67,67.67,92.0,27평,5,KB부동산 단지 시세/평형정보 | https://kbland.kr/map?complex=47314,2026-09-18,,,verified,sale_apartment,"혼합단지 분양/임대 분리 (총 733세대 중 분양 733세대 집계, 임대 추정 0세대 제외)"
A10023704,exclusive_76_95,76.95,102.4,30평A,56,KB부동산 단지 시세/평형정보 | https://kbland.kr/map?complex=47314,2026-09-18,,,verified,sale_apartment,"혼합단지 분양/임대 분리 (총 733세대 중 분양 733세대 집계, 임대 추정 0세대 제외)"
A10023704,exclusive_76_52,76.52,102.86,31평B,115,KB부동산 단지 시세/평형정보 | https://kbland.kr/map?complex=47314,2026-09-18,,,verified,sale_apartment,"혼합단지 분양/임대 분리 (총 733세대 중 분양 733세대 집계, 임대 추정 0세대 제외)"
A10023704,exclusive_84_94,84.94,112.75,34평,255,KB부동산 단지 시세/평형정보 | https://kbland.kr/map?complex=47314,2026-09-18,,,verified,sale_apartment,"혼합단지 분양/임대 분리 (총 733세대 중 분양 733세대 집계, 임대 추정 0세대 제외)"
A10023704,exclusive_83_89,83.89,114.09,34평,2,KB부동산 단지 시세/평형정보 | https://kbland.kr/map?complex=47314,2026-09-18,,,verified,sale_apartment,"혼합단지 분양/임대 분리 (총 733세대 중 분양 733세대 집계, 임대 추정 0세대 제외)"
A10023704,exclusive_114_8,114.8,151.82,45평,57,KB부동산 단지 시세/평형정보 | https://kbland.kr/map?complex=47314,2026-09-18,,,verified,sale_apartment,"혼합단지 분양/임대 분리 (총 733세대 중 분양 733세대 집계, 임대 추정 0세대 제외)"
A10024303,exclusive_39_9,39.9,58.18,17평A,12,KB부동산 단지 시세/평형정보 | https://kbland.kr/map?complex=41388,2026-09-18,,,verified,sale_apartment,"혼합단지 분양/임대 분리 (총 1216세대 중 분양 1216세대 집계, 임대 추정 0세대 제외)"
A10024303,exclusive_39_97,39.97,58.23,17평B,52,KB부동산 단지 시세/평형정보 | https://kbland.kr/map?complex=41388,2026-09-18,,,verified,sale_apartment,"혼합단지 분양/임대 분리 (총 1216세대 중 분양 1216세대 집계, 임대 추정 0세대 제외)"
A10024303,exclusive_49_95,49.95,72.63,21평A,24,KB부동산 단지 시세/평형정보 | https://kbland.kr/map?complex=41388,2026-09-18,,,verified,sale_apartment,"혼합단지 분양/임대 분리 (총 1216세대 중 분양 1216세대 집계, 임대 추정 0세대 제외)"
A10024303,exclusive_49_95_21평B,49.95,72.63,21평B,12,KB부동산 단지 시세/평형정보 | https://kbland.kr/map?complex=41388,2026-09-18,,,verified,sale_apartment,"혼합단지 분양/임대 분리 (총 1216세대 중 분양 1216세대 집계, 임대 추정 0세대 제외)"
A10024303,exclusive_59_97,59.97,82.62,24평,297,KB부동산 단지 시세/평형정보 | https://kbland.kr/map?complex=41388,2026-09-18,,,verified,sale_apartment,"혼합단지 분양/임대 분리 (총 1216세대 중 분양 1216세대 집계, 임대 추정 0세대 제외)"
A10024303,exclusive_72_38,72.38,100.22,30평B,57,KB부동산 단지 시세/평형정보 | https://kbland.kr/map?complex=41388,2026-09-18,,,verified,sale_apartment,"혼합단지 분양/임대 분리 (총 1216세대 중 분양 1216세대 집계, 임대 추정 0세대 제외)"
A10024303,exclusive_72_9,72.9,100.94,30평A,76,KB부동산 단지 시세/평형정보 | https://kbland.kr/map?complex=41388,2026-09-18,,,verified,sale_apartment,"혼합단지 분양/임대 분리 (총 1216세대 중 분양 1216세대 집계, 임대 추정 0세대 제외)"
A10024303,exclusive_84_94,84.94,115.63,34평B,132,KB부동산 단지 시세/평형정보 | https://kbland.kr/map?complex=41388,2026-09-18,,,verified,sale_apartment,"혼합단지 분양/임대 분리 (총 1216세대 중 분양 1216세대 집계, 임대 추정 0세대 제외)"
A10024303,exclusive_84_88,84.88,115.65,34평A,375,KB부동산 단지 시세/평형정보 | https://kbland.kr/map?complex=41388,2026-09-18,,,verified,sale_apartment,"혼합단지 분양/임대 분리 (총 1216세대 중 분양 1216세대 집계, 임대 추정 0세대 제외)"
A10024303,exclusive_84_95,84.95,116.21,35평D,27,KB부동산 단지 시세/평형정보 | https://kbland.kr/map?complex=41388,2026-09-18,,,verified,sale_apartment,"혼합단지 분양/임대 분리 (총 1216세대 중 분양 1216세대 집계, 임대 추정 0세대 제외)"
A10024303,exclusive_84_97,84.97,116.4,35평C,97,KB부동산 단지 시세/평형정보 | https://kbland.kr/map?complex=41388,2026-09-18,,,verified,sale_apartment,"혼합단지 분양/임대 분리 (총 1216세대 중 분양 1216세대 집계, 임대 추정 0세대 제외)"
A10024303,exclusive_102_96,102.96,133.78,40평,55,KB부동산 단지 시세/평형정보 | https://kbland.kr/map?complex=41388,2026-09-18,,,verified,sale_apartment,"혼합단지 분양/임대 분리 (총 1216세대 중 분양 1216세대 집계, 임대 추정 0세대 제외)"
A10023040,exclusive_59_93,59.93,83.03,25평A,273,KB부동산 단지 시세/평형정보 | https://kbland.kr/map?complex=49327,2026-09-18,,,verified,sale_apartment,"혼합단지 분양/임대 분리 (총 1338세대 중 분양 1262세대 집계, 임대 추정 76세대 제외)"
A10023040,exclusive_59_99,59.99,83.64,25평B,82,KB부동산 단지 시세/평형정보 | https://kbland.kr/map?complex=49327,2026-09-18,,,verified,sale_apartment,"혼합단지 분양/임대 분리 (총 1338세대 중 분양 1262세대 집계, 임대 추정 76세대 제외)"
A10023040,exclusive_73_84,73.84,101.48,30평A,132,KB부동산 단지 시세/평형정보 | https://kbland.kr/map?complex=49327,2026-09-18,,,verified,sale_apartment,"혼합단지 분양/임대 분리 (총 1338세대 중 분양 1262세대 집계, 임대 추정 76세대 제외)"
A10023040,exclusive_73_96,73.96,103.4,31평B,24,KB부동산 단지 시세/평형정보 | https://kbland.kr/map?complex=49327,2026-09-18,,,verified,sale_apartment,"혼합단지 분양/임대 분리 (총 1338세대 중 분양 1262세대 집계, 임대 추정 76세대 제외)"
A10023040,exclusive_84_99,84.99,116.74,35평B,162,KB부동산 단지 시세/평형정보 | https://kbland.kr/map?complex=49327,2026-09-18,,,verified,sale_apartment,"혼합단지 분양/임대 분리 (총 1338세대 중 분양 1262세대 집계, 임대 추정 76세대 제외)"
A10023040,exclusive_84_97,84.97,117.25,35평A,495,KB부동산 단지 시세/평형정보 | https://kbland.kr/map?complex=49327,2026-09-18,,,verified,sale_apartment,"혼합단지 분양/임대 분리 (총 1338세대 중 분양 1262세대 집계, 임대 추정 76세대 제외)"
A10023040,exclusive_102_93,102.93,140.11,42평A,78,KB부동산 단지 시세/평형정보 | https://kbland.kr/map?complex=49327,2026-09-18,,,verified,sale_apartment,"혼합단지 분양/임대 분리 (총 1338세대 중 분양 1262세대 집계, 임대 추정 76세대 제외)"
A10023040,exclusive_102_98,102.98,140.38,42평B,16,KB부동산 단지 시세/평형정보 | https://kbland.kr/map?complex=49327,2026-09-18,,,verified,sale_apartment,"혼합단지 분양/임대 분리 (총 1338세대 중 분양 1262세대 집계, 임대 추정 76세대 제외)"
A10023616,exclusive_51_95,51.95,78.23,23평A,6,KB부동산 단지 시세/평형정보 | https://kbland.kr/map?complex=46155,2026-09-18,,,verified,sale_apartment,"혼합단지 분양/임대 분리 (총 2616세대 중 분양 2484세대 집계, 임대 추정 132세대 제외)"
A10023616,exclusive_51_95_23평B,51.95,78.41,23평B,6,KB부동산 단지 시세/평형정보 | https://kbland.kr/map?complex=46155,2026-09-18,,,verified,sale_apartment,"혼합단지 분양/임대 분리 (총 2616세대 중 분양 2484세대 집계, 임대 추정 132세대 제외)"
A10023616,exclusive_51_93,51.93,78.55,23평C,12,KB부동산 단지 시세/평형정보 | https://kbland.kr/map?complex=46155,2026-09-18,,,verified,sale_apartment,"혼합단지 분양/임대 분리 (총 2616세대 중 분양 2484세대 집계, 임대 추정 132세대 제외)"
A10023616,exclusive_51_91,51.91,78.66,23평D,12,KB부동산 단지 시세/평형정보 | https://kbland.kr/map?complex=46155,2026-09-18,,,verified,sale_apartment,"혼합단지 분양/임대 분리 (총 2616세대 중 분양 2484세대 집계, 임대 추정 132세대 제외)"
A10023616,exclusive_59_76,59.76,82.53,24평,351,KB부동산 단지 시세/평형정보 | https://kbland.kr/map?complex=46155,2026-09-18,,,verified,sale_apartment,"혼합단지 분양/임대 분리 (총 2616세대 중 분양 2484세대 집계, 임대 추정 132세대 제외)"
A10023616,exclusive_74_97,74.97,102.41,30평,149,KB부동산 단지 시세/평형정보 | https://kbland.kr/map?complex=46155,2026-09-18,,,verified,sale_apartment,"혼합단지 분양/임대 분리 (총 2616세대 중 분양 2484세대 집계, 임대 추정 132세대 제외)"
A10023616,exclusive_84_94,84.94,115.64,34평A,718,KB부동산 단지 시세/평형정보 | https://kbland.kr/map?complex=46155,2026-09-18,,,verified,sale_apartment,"혼합단지 분양/임대 분리 (총 2616세대 중 분양 2484세대 집계, 임대 추정 132세대 제외)"
A10023616,exclusive_84_89,84.89,115.85,35평D,340,KB부동산 단지 시세/평형정보 | https://kbland.kr/map?complex=46155,2026-09-18,,,verified,sale_apartment,"혼합단지 분양/임대 분리 (총 2616세대 중 분양 2484세대 집계, 임대 추정 132세대 제외)"
A10023616,exclusive_84_85,84.85,116.51,35평C,202,KB부동산 단지 시세/평형정보 | https://kbland.kr/map?complex=46155,2026-09-18,,,verified,sale_apartment,"혼합단지 분양/임대 분리 (총 2616세대 중 분양 2484세대 집계, 임대 추정 132세대 제외)"
A10023616,exclusive_84_86,84.86,116.99,35평B,404,KB부동산 단지 시세/평형정보 | https://kbland.kr/map?complex=46155,2026-09-18,,,verified,sale_apartment,"혼합단지 분양/임대 분리 (총 2616세대 중 분양 2484세대 집계, 임대 추정 132세대 제외)"
A10023616,exclusive_91_36,91.36,127.54,38평,12,KB부동산 단지 시세/평형정보 | https://kbland.kr/map?complex=46155,2026-09-18,,,verified,sale_apartment,"혼합단지 분양/임대 분리 (총 2616세대 중 분양 2484세대 집계, 임대 추정 132세대 제외)"
A10023616,exclusive_99_88,99.88,135.81,41평A,57,KB부동산 단지 시세/평형정보 | https://kbland.kr/map?complex=46155,2026-09-18,,,verified,sale_apartment,"혼합단지 분양/임대 분리 (총 2616세대 중 분양 2484세대 집계, 임대 추정 132세대 제외)"
A10023616,exclusive_99_64,99.64,136.49,41평B,63,KB부동산 단지 시세/평형정보 | https://kbland.kr/map?complex=46155,2026-09-18,,,verified,sale_apartment,"혼합단지 분양/임대 분리 (총 2616세대 중 분양 2484세대 집계, 임대 추정 132세대 제외)"
A10023616,exclusive_110_42,110.42,152.29,46평TH,4,KB부동산 단지 시세/평형정보 | https://kbland.kr/map?complex=46155,2026-09-18,,,verified,sale_apartment,"혼합단지 분양/임대 분리 (총 2616세대 중 분양 2484세대 집계, 임대 추정 132세대 제외)"
A10023616,exclusive_111_53,111.53,153.12,46평,4,KB부동산 단지 시세/평형정보 | https://kbland.kr/map?complex=46155,2026-09-18,,,verified,sale_apartment,"혼합단지 분양/임대 분리 (총 2616세대 중 분양 2484세대 집계, 임대 추정 132세대 제외)"
A10023616,exclusive_114_84,114.84,155.81,47평,120,KB부동산 단지 시세/평형정보 | https://kbland.kr/map?complex=46155,2026-09-18,,,verified,sale_apartment,"혼합단지 분양/임대 분리 (총 2616세대 중 분양 2484세대 집계, 임대 추정 132세대 제외)"
A10023616,exclusive_117_92,117.92,164.3,49평,6,KB부동산 단지 시세/평형정보 | https://kbland.kr/map?complex=46155,2026-09-18,,,verified,sale_apartment,"혼합단지 분양/임대 분리 (총 2616세대 중 분양 2484세대 집계, 임대 추정 132세대 제외)"
A10023616,exclusive_121_33,121.33,166.37,50평A,3,KB부동산 단지 시세/평형정보 | https://kbland.kr/map?complex=46155,2026-09-18,,,verified,sale_apartment,"혼합단지 분양/임대 분리 (총 2616세대 중 분양 2484세대 집계, 임대 추정 132세대 제외)"
A10023616,exclusive_121_61,121.61,167.02,50평B,3,KB부동산 단지 시세/평형정보 | https://kbland.kr/map?complex=46155,2026-09-18,,,verified,sale_apartment,"혼합단지 분양/임대 분리 (총 2616세대 중 분양 2484세대 집계, 임대 추정 132세대 제외)"
A10023616,exclusive_122_59,122.59,169.73,51평TH,1,KB부동산 단지 시세/평형정보 | https://kbland.kr/map?complex=46155,2026-09-18,,,verified,sale_apartment,"혼합단지 분양/임대 분리 (총 2616세대 중 분양 2484세대 집계, 임대 추정 132세대 제외)"
A10023616,exclusive_123_74,123.74,170.2,51평TH-1,4,KB부동산 단지 시세/평형정보 | https://kbland.kr/map?complex=46155,2026-09-18,,,verified,sale_apartment,"혼합단지 분양/임대 분리 (총 2616세대 중 분양 2484세대 집계, 임대 추정 132세대 제외)"
A10023616,exclusive_124_88,124.88,172.14,52평PH,3,KB부동산 단지 시세/평형정보 | https://kbland.kr/map?complex=46155,2026-09-18,,,verified,sale_apartment,"혼합단지 분양/임대 분리 (총 2616세대 중 분양 2484세대 집계, 임대 추정 132세대 제외)"
A10023616,exclusive_125_8,125.8,174.17,52평TH,1,KB부동산 단지 시세/평형정보 | https://kbland.kr/map?complex=46155,2026-09-18,,,verified,sale_apartment,"혼합단지 분양/임대 분리 (총 2616세대 중 분양 2484세대 집계, 임대 추정 132세대 제외)"
A10023616,exclusive_126_91,126.91,175.84,53평TH-1,2,KB부동산 단지 시세/평형정보 | https://kbland.kr/map?complex=46155,2026-09-18,,,verified,sale_apartment,"혼합단지 분양/임대 분리 (총 2616세대 중 분양 2484세대 집계, 임대 추정 132세대 제외)"
A10023616,exclusive_132_96,132.96,183.84,55평PH,1,KB부동산 단지 시세/평형정보 | https://kbland.kr/map?complex=46155,2026-09-18,,,verified,sale_apartment,"혼합단지 분양/임대 분리 (총 2616세대 중 분양 2484세대 집계, 임대 추정 132세대 제외)"
A10022574,exclusive_59_94,59.94,79.54,24평A,359,KB부동산 단지 시세/평형정보 | https://kbland.kr/map?complex=384466,2026-09-18,,,verified,sale_apartment,"혼합단지 분양/임대 분리 (총 756세대 중 분양 716세대 집계, 임대 추정 40세대 제외)"
A10022574,exclusive_59_99,59.99,81.73,24평B,157,KB부동산 단지 시세/평형정보 | https://kbland.kr/map?complex=384466,2026-09-18,,,verified,sale_apartment,"혼합단지 분양/임대 분리 (총 756세대 중 분양 716세대 집계, 임대 추정 40세대 제외)"
A10022574,exclusive_84_96,84.96,112.0,33평A,200,KB부동산 단지 시세/평형정보 | https://kbland.kr/map?complex=384466,2026-09-18,,,verified,sale_apartment,"혼합단지 분양/임대 분리 (총 756세대 중 분양 716세대 집계, 임대 추정 40세대 제외)"
A10024953,exclusive_39_16,39.16,62.34,18평,60,KB부동산 단지 시세/평형정보 | https://kbland.kr/map?complex=36124,2026-09-18,,,verified,sale_apartment,"혼합단지 분양/임대 분리 (총 1113세대 중 분양 1113세대 집계, 임대 추정 0세대 제외)"
A10024953,exclusive_59_91,59.91,81.03,24평,305,KB부동산 단지 시세/평형정보 | https://kbland.kr/map?complex=36124,2026-09-18,,,verified,sale_apartment,"혼합단지 분양/임대 분리 (총 1113세대 중 분양 1113세대 집계, 임대 추정 0세대 제외)"
A10024953,exclusive_72_9,72.9,98.95,29평,124,KB부동산 단지 시세/평형정보 | https://kbland.kr/map?complex=36124,2026-09-18,,,verified,sale_apartment,"혼합단지 분양/임대 분리 (총 1113세대 중 분양 1113세대 집계, 임대 추정 0세대 제외)"
A10024953,exclusive_84_91,84.91,113.31,34평A,540,KB부동산 단지 시세/평형정보 | https://kbland.kr/map?complex=36124,2026-09-18,,,verified,sale_apartment,"혼합단지 분양/임대 분리 (총 1113세대 중 분양 1113세대 집계, 임대 추정 0세대 제외)"
A10024953,exclusive_84_95,84.95,115.31,34평B,84,KB부동산 단지 시세/평형정보 | https://kbland.kr/map?complex=36124,2026-09-18,,,verified,sale_apartment,"혼합단지 분양/임대 분리 (총 1113세대 중 분양 1113세대 집계, 임대 추정 0세대 제외)"
A10022844,exclusive_59_02,59.02,86.11,26평B,116,KB부동산 단지 시세/평형정보 | https://kbland.kr/map?complex=296298,2026-09-18,,,verified,sale_apartment,"혼합단지 분양/임대 분리 (총 2195세대 중 분양 2079세대 집계, 임대 추정 116세대 제외)"
A10022844,exclusive_59_2,59.2,86.14,26평A,659,KB부동산 단지 시세/평형정보 | https://kbland.kr/map?complex=296298,2026-09-18,,,verified,sale_apartment,"혼합단지 분양/임대 분리 (총 2195세대 중 분양 2079세대 집계, 임대 추정 116세대 제외)"
A10022844,exclusive_72_13,72.13,99.0,29평,194,KB부동산 단지 시세/평형정보 | https://kbland.kr/map?complex=296298,2026-09-18,,,verified,sale_apartment,"혼합단지 분양/임대 분리 (총 2195세대 중 분양 2079세대 집계, 임대 추정 116세대 제외)"
A10022844,exclusive_84_8,84.8,113.96,34평A,746,KB부동산 단지 시세/평형정보 | https://kbland.kr/map?complex=296298,2026-09-18,,,verified,sale_apartment,"혼합단지 분양/임대 분리 (총 2195세대 중 분양 2079세대 집계, 임대 추정 116세대 제외)"
A10022844,exclusive_84_8_34평B,84.8,115.49,34평B,213,KB부동산 단지 시세/평형정보 | https://kbland.kr/map?complex=296298,2026-09-18,,,verified,sale_apartment,"혼합단지 분양/임대 분리 (총 2195세대 중 분양 2079세대 집계, 임대 추정 116세대 제외)"
A10022844,exclusive_101_89,101.89,129.18,39평A,100,KB부동산 단지 시세/평형정보 | https://kbland.kr/map?complex=296298,2026-09-18,,,verified,sale_apartment,"혼합단지 분양/임대 분리 (총 2195세대 중 분양 2079세대 집계, 임대 추정 116세대 제외)"
A10022844,exclusive_101_92,101.92,130.04,39평B,51,KB부동산 단지 시세/평형정보 | https://kbland.kr/map?complex=296298,2026-09-18,,,verified,sale_apartment,"혼합단지 분양/임대 분리 (총 2195세대 중 분양 2079세대 집계, 임대 추정 116세대 제외)"
A10023627,exclusive_39_97,39.97,61.92,18평,84,KB부동산 단지 시세/평형정보 | https://kbland.kr/map?complex=46580,2026-09-18,,,verified,sale_apartment,"혼합단지 분양/임대 분리 (총 935세대 중 분양 935세대 집계, 임대 추정 0세대 제외)"
A10023627,exclusive_59_92,59.92,82.5,24평A,272,KB부동산 단지 시세/평형정보 | https://kbland.kr/map?complex=46580,2026-09-18,,,verified,sale_apartment,"혼합단지 분양/임대 분리 (총 935세대 중 분양 935세대 집계, 임대 추정 0세대 제외)"
A10023627,exclusive_59_99,59.99,84.23,25평B,62,KB부동산 단지 시세/평형정보 | https://kbland.kr/map?complex=46580,2026-09-18,,,verified,sale_apartment,"혼합단지 분양/임대 분리 (총 935세대 중 분양 935세대 집계, 임대 추정 0세대 제외)"
A10023627,exclusive_84_99,84.99,113.37,34평A,311,KB부동산 단지 시세/평형정보 | https://kbland.kr/map?complex=46580,2026-09-18,,,verified,sale_apartment,"혼합단지 분양/임대 분리 (총 935세대 중 분양 935세대 집계, 임대 추정 0세대 제외)"
A10023627,exclusive_84_96,84.96,115.01,34평B,105,KB부동산 단지 시세/평형정보 | https://kbland.kr/map?complex=46580,2026-09-18,,,verified,sale_apartment,"혼합단지 분양/임대 분리 (총 935세대 중 분양 935세대 집계, 임대 추정 0세대 제외)"
A10023627,exclusive_102_53,102.53,135.61,41평,101,KB부동산 단지 시세/평형정보 | https://kbland.kr/map?complex=46580,2026-09-18,,,verified,sale_apartment,"혼합단지 분양/임대 분리 (총 935세대 중 분양 935세대 집계, 임대 추정 0세대 제외)"
A10025342,exclusive_37_83,37.83,58.73,17평,72,KB부동산 단지 시세/평형정보 | https://kbland.kr/map?complex=434284,2026-09-18,,,verified,sale_apartment,"혼합단지 분양/임대 분리 (총 1384세대 중 분양 1384세대 집계, 임대 추정 0세대 제외)"
A10025342,exclusive_59_99,59.99,79.78,24평B-1,44,KB부동산 단지 시세/평형정보 | https://kbland.kr/map?complex=434284,2026-09-18,,,verified,sale_apartment,"혼합단지 분양/임대 분리 (총 1384세대 중 분양 1384세대 집계, 임대 추정 0세대 제외)"
A10025342,exclusive_59_99_24평C-1,59.99,79.94,24평C-1,12,KB부동산 단지 시세/평형정보 | https://kbland.kr/map?complex=434284,2026-09-18,,,verified,sale_apartment,"혼합단지 분양/임대 분리 (총 1384세대 중 분양 1384세대 집계, 임대 추정 0세대 제외)"
A10025342,exclusive_59_98,59.98,80.95,24평A-1,24,KB부동산 단지 시세/평형정보 | https://kbland.kr/map?complex=434284,2026-09-18,,,verified,sale_apartment,"혼합단지 분양/임대 분리 (총 1384세대 중 분양 1384세대 집계, 임대 추정 0세대 제외)"
A10025342,exclusive_65_23,65.23,86.56,26평B-2,9,KB부동산 단지 시세/평형정보 | https://kbland.kr/map?complex=434284,2026-09-18,,,verified,sale_apartment,"혼합단지 분양/임대 분리 (총 1384세대 중 분양 1384세대 집계, 임대 추정 0세대 제외)"
A10025342,exclusive_65_21,65.21,87.13,26평A-2,27,KB부동산 단지 시세/평형정보 | https://kbland.kr/map?complex=434284,2026-09-18,,,verified,sale_apartment,"혼합단지 분양/임대 분리 (총 1384세대 중 분양 1384세대 집계, 임대 추정 0세대 제외)"
A10025342,exclusive_76_33,76.33,99.66,30평B-2,18,KB부동산 단지 시세/평형정보 | https://kbland.kr/map?complex=434284,2026-09-18,,,verified,sale_apartment,"혼합단지 분양/임대 분리 (총 1384세대 중 분양 1384세대 집계, 임대 추정 0세대 제외)"
A10025342,exclusive_76_33_30평B-1,76.33,100.76,30평B-1,279,KB부동산 단지 시세/평형정보 | https://kbland.kr/map?complex=434284,2026-09-18,,,verified,sale_apartment,"혼합단지 분양/임대 분리 (총 1384세대 중 분양 1384세대 집계, 임대 추정 0세대 제외)"
A10025342,exclusive_76_22,76.22,101.8,30평A-1,133,KB부동산 단지 시세/평형정보 | https://kbland.kr/map?complex=434284,2026-09-18,,,verified,sale_apartment,"혼합단지 분양/임대 분리 (총 1384세대 중 분양 1384세대 집계, 임대 추정 0세대 제외)"
A10025342,exclusive_84_98,84.98,110.84,33평B-2,70,KB부동산 단지 시세/평형정보 | https://kbland.kr/map?complex=434284,2026-09-18,,,verified,sale_apartment,"혼합단지 분양/임대 분리 (총 1384세대 중 분양 1384세대 집계, 임대 추정 0세대 제외)"
A10025342,exclusive_84_68,84.68,111.23,33평C-2,18,KB부동산 단지 시세/평형정보 | https://kbland.kr/map?complex=434284,2026-09-18,,,verified,sale_apartment,"혼합단지 분양/임대 분리 (총 1384세대 중 분양 1384세대 집계, 임대 추정 0세대 제외)"
A10025342,exclusive_84_98_33평B-1,84.98,112.07,33평B-1,522,KB부동산 단지 시세/평형정보 | https://kbland.kr/map?complex=434284,2026-09-18,,,verified,sale_apartment,"혼합단지 분양/임대 분리 (총 1384세대 중 분양 1384세대 집계, 임대 추정 0세대 제외)"
A10025342,exclusive_84_9,84.9,112.96,34평A-1,156,KB부동산 단지 시세/평형정보 | https://kbland.kr/map?complex=434284,2026-09-18,,,verified,sale_apartment,"혼합단지 분양/임대 분리 (총 1384세대 중 분양 1384세대 집계, 임대 추정 0세대 제외)"
A10022002,exclusive_39_93,39.93,62.3,18평,220,KB부동산 단지 시세/평형정보 | https://kbland.kr/map?complex=438934,2026-09-18,,,verified,sale_apartment,"혼합단지 분양/임대 분리 (총 4043세대 중 분양 4043세대 집계, 임대 추정 0세대 제외)"
A10022002,exclusive_49_97,49.97,75.56,22평,234,KB부동산 단지 시세/평형정보 | https://kbland.kr/map?complex=438934,2026-09-18,,,verified,sale_apartment,"혼합단지 분양/임대 분리 (총 4043세대 중 분양 4043세대 집계, 임대 추정 0세대 제외)"
A10022002,exclusive_59_98,59.98,86.53,26평A,392,KB부동산 단지 시세/평형정보 | https://kbland.kr/map?complex=438934,2026-09-18,,,verified,sale_apartment,"혼합단지 분양/임대 분리 (총 4043세대 중 분양 4043세대 집계, 임대 추정 0세대 제외)"
A10022002,exclusive_59_98_26평C,59.98,86.94,26평C,49,KB부동산 단지 시세/평형정보 | https://kbland.kr/map?complex=438934,2026-09-18,,,verified,sale_apartment,"혼합단지 분양/임대 분리 (총 4043세대 중 분양 4043세대 집계, 임대 추정 0세대 제외)"
A10022002,exclusive_59_98_26평D,59.98,88.76,26평D,32,KB부동산 단지 시세/평형정보 | https://kbland.kr/map?complex=438934,2026-09-18,,,verified,sale_apartment,"혼합단지 분양/임대 분리 (총 4043세대 중 분양 4043세대 집계, 임대 추정 0세대 제외)"
A10022002,exclusive_59_98_26평B,59.98,88.93,26평B,62,KB부동산 단지 시세/평형정보 | https://kbland.kr/map?complex=438934,2026-09-18,,,verified,sale_apartment,"혼합단지 분양/임대 분리 (총 4043세대 중 분양 4043세대 집계, 임대 추정 0세대 제외)"
A10022002,exclusive_72_78,72.78,101.67,30평D,50,KB부동산 단지 시세/평형정보 | https://kbland.kr/map?complex=438934,2026-09-18,,,verified,sale_apartment,"혼합단지 분양/임대 분리 (총 4043세대 중 분양 4043세대 집계, 임대 추정 0세대 제외)"
A10022002,exclusive_72_72,72.72,102.0,30평E,35,KB부동산 단지 시세/평형정보 | https://kbland.kr/map?complex=438934,2026-09-18,,,verified,sale_apartment,"혼합단지 분양/임대 분리 (총 4043세대 중 분양 4043세대 집계, 임대 추정 0세대 제외)"
A10022002,exclusive_72_91,72.91,102.13,30평A,150,KB부동산 단지 시세/평형정보 | https://kbland.kr/map?complex=438934,2026-09-18,,,verified,sale_apartment,"혼합단지 분양/임대 분리 (총 4043세대 중 분양 4043세대 집계, 임대 추정 0세대 제외)"
A10022002,exclusive_72_97,72.97,102.17,30평B,106,KB부동산 단지 시세/평형정보 | https://kbland.kr/map?complex=438934,2026-09-18,,,verified,sale_apartment,"혼합단지 분양/임대 분리 (총 4043세대 중 분양 4043세대 집계, 임대 추정 0세대 제외)"
A10022002,exclusive_72_97_30평C,72.97,102.42,30평C,66,KB부동산 단지 시세/평형정보 | https://kbland.kr/map?complex=438934,2026-09-18,,,verified,sale_apartment,"혼합단지 분양/임대 분리 (총 4043세대 중 분양 4043세대 집계, 임대 추정 0세대 제외)"
A10022002,exclusive_84_99,84.99,117.7,35평C,487,KB부동산 단지 시세/평형정보 | https://kbland.kr/map?complex=438934,2026-09-18,,,verified,sale_apartment,"혼합단지 분양/임대 분리 (총 4043세대 중 분양 4043세대 집계, 임대 추정 0세대 제외)"
A10022002,exclusive_84_99_35평E,84.99,117.75,35평E,223,KB부동산 단지 시세/평형정보 | https://kbland.kr/map?complex=438934,2026-09-18,,,verified,sale_apartment,"혼합단지 분양/임대 분리 (총 4043세대 중 분양 4043세대 집계, 임대 추정 0세대 제외)"
A10022002,exclusive_84_98,84.98,117.81,35평A,1044,KB부동산 단지 시세/평형정보 | https://kbland.kr/map?complex=438934,2026-09-18,,,verified,sale_apartment,"혼합단지 분양/임대 분리 (총 4043세대 중 분양 4043세대 집계, 임대 추정 0세대 제외)"
A10022002,exclusive_84_97,84.97,118.02,35평D,135,KB부동산 단지 시세/평형정보 | https://kbland.kr/map?complex=438934,2026-09-18,,,verified,sale_apartment,"혼합단지 분양/임대 분리 (총 4043세대 중 분양 4043세대 집계, 임대 추정 0세대 제외)"
A10022002,exclusive_84_98_35평B,84.98,118.04,35평B,227,KB부동산 단지 시세/평형정보 | https://kbland.kr/map?complex=438934,2026-09-18,,,verified,sale_apartment,"혼합단지 분양/임대 분리 (총 4043세대 중 분양 4043세대 집계, 임대 추정 0세대 제외)"
A10022002,exclusive_84_98_35평F,84.98,118.13,35평F,33,KB부동산 단지 시세/평형정보 | https://kbland.kr/map?complex=438934,2026-09-18,,,verified,sale_apartment,"혼합단지 분양/임대 분리 (총 4043세대 중 분양 4043세대 집계, 임대 추정 0세대 제외)"
A10022002,exclusive_97_73,97.73,127.75,38평,281,KB부동산 단지 시세/평형정보 | https://kbland.kr/map?complex=438934,2026-09-18,,,verified,sale_apartment,"혼합단지 분양/임대 분리 (총 4043세대 중 분양 4043세대 집계, 임대 추정 0세대 제외)"
A10022002,exclusive_115_99,115.99,151.29,45평,197,KB부동산 단지 시세/평형정보 | https://kbland.kr/map?complex=438934,2026-09-18,,,verified,sale_apartment,"혼합단지 분양/임대 분리 (총 4043세대 중 분양 4043세대 집계, 임대 추정 0세대 제외)"
A10022002,exclusive_120_87,120.87,168.48,50평A,7,KB부동산 단지 시세/평형정보 | https://kbland.kr/map?complex=438934,2026-09-18,,,verified,sale_apartment,"혼합단지 분양/임대 분리 (총 4043세대 중 분양 4043세대 집계, 임대 추정 0세대 제외)"
A10022002,exclusive_120_87_51평B,120.87,168.71,51평B,1,KB부동산 단지 시세/평형정보 | https://kbland.kr/map?complex=438934,2026-09-18,,,verified,sale_apartment,"혼합단지 분양/임대 분리 (총 4043세대 중 분양 4043세대 집계, 임대 추정 0세대 제외)"
A10022002,exclusive_135_09,135.09,178.16,53평,2,KB부동산 단지 시세/평형정보 | https://kbland.kr/map?complex=438934,2026-09-18,,,verified,sale_apartment,"혼합단지 분양/임대 분리 (총 4043세대 중 분양 4043세대 집계, 임대 추정 0세대 제외)"
A10022002,exclusive_132_57,132.57,184.28,55평,3,KB부동산 단지 시세/평형정보 | https://kbland.kr/map?complex=438934,2026-09-18,,,verified,sale_apartment,"혼합단지 분양/임대 분리 (총 4043세대 중 분양 4043세대 집계, 임대 추정 0세대 제외)"
A10022002,exclusive_145_77,145.77,194.77,58평,1,KB부동산 단지 시세/평형정보 | https://kbland.kr/map?complex=438934,2026-09-18,,,verified,sale_apartment,"혼합단지 분양/임대 분리 (총 4043세대 중 분양 4043세대 집계, 임대 추정 0세대 제외)"
A10022002,exclusive_147_1,147.1,195.62,59평,6,KB부동산 단지 시세/평형정보 | https://kbland.kr/map?complex=438934,2026-09-18,,,verified,sale_apartment,"혼합단지 분양/임대 분리 (총 4043세대 중 분양 4043세대 집계, 임대 추정 0세대 제외)"
A10027054,exclusive_59_9,59.9,86.03,26평,124,KB부동산 단지 시세/평형정보 | https://kbland.kr/map?complex=28722,2026-09-18,,,verified,sale_apartment,"혼합단지 분양/임대 분리 (총 1064세대 중 분양 978세대 집계, 임대 추정 86세대 제외)"
A10027054,exclusive_84_85,84.85,110.69,33평A,304,KB부동산 단지 시세/평형정보 | https://kbland.kr/map?complex=28722,2026-09-18,,,verified,sale_apartment,"혼합단지 분양/임대 분리 (총 1064세대 중 분양 978세대 집계, 임대 추정 86세대 제외)"
A10027054,exclusive_84_97,84.97,112.05,33평B,262,KB부동산 단지 시세/평형정보 | https://kbland.kr/map?complex=28722,2026-09-18,,,verified,sale_apartment,"혼합단지 분양/임대 분리 (총 1064세대 중 분양 978세대 집계, 임대 추정 86세대 제외)"
A10027054,exclusive_84_89,84.89,112.33,33평C,158,KB부동산 단지 시세/평형정보 | https://kbland.kr/map?complex=28722,2026-09-18,,,verified,sale_apartment,"혼합단지 분양/임대 분리 (총 1064세대 중 분양 978세대 집계, 임대 추정 86세대 제외)"
A10027054,exclusive_112_78,112.78,148.32,44평A,34,KB부동산 단지 시세/평형정보 | https://kbland.kr/map?complex=28722,2026-09-18,,,verified,sale_apartment,"혼합단지 분양/임대 분리 (총 1064세대 중 분양 978세대 집계, 임대 추정 86세대 제외)"
A10027054,exclusive_112_79,112.79,150.33,45평B,34,KB부동산 단지 시세/평형정보 | https://kbland.kr/map?complex=28722,2026-09-18,,,verified,sale_apartment,"혼합단지 분양/임대 분리 (총 1064세대 중 분양 978세대 집계, 임대 추정 86세대 제외)"
A10027054,exclusive_123_93,123.93,162.95,49평A,29,KB부동산 단지 시세/평형정보 | https://kbland.kr/map?complex=28722,2026-09-18,,,verified,sale_apartment,"혼합단지 분양/임대 분리 (총 1064세대 중 분양 978세대 집계, 임대 추정 86세대 제외)"
A10027054,exclusive_124_73,124.73,163.22,49평B,33,KB부동산 단지 시세/평형정보 | https://kbland.kr/map?complex=28722,2026-09-18,,,verified,sale_apartment,"혼합단지 분양/임대 분리 (총 1064세대 중 분양 978세대 집계, 임대 추정 86세대 제외)"
A10022999,exclusive_59_96,59.96,83.76,25평A,212,KB부동산 단지 시세/평형정보 | https://kbland.kr/map?complex=50324,2026-09-18,,,verified,sale_apartment,"혼합단지 분양/임대 분리 (총 1057세대 중 분양 998세대 집계, 임대 추정 59세대 제외)"
A10022999,exclusive_59_98,59.98,85.26,25평B,58,KB부동산 단지 시세/평형정보 | https://kbland.kr/map?complex=50324,2026-09-18,,,verified,sale_apartment,"혼합단지 분양/임대 분리 (총 1057세대 중 분양 998세대 집계, 임대 추정 59세대 제외)"
A10022999,exclusive_74_97,74.97,98.5,29평B,36,KB부동산 단지 시세/평형정보 | https://kbland.kr/map?complex=50324,2026-09-18,,,verified,sale_apartment,"혼합단지 분양/임대 분리 (총 1057세대 중 분양 998세대 집계, 임대 추정 59세대 제외)"
A10022999,exclusive_74_91,74.91,99.31,30평A,343,KB부동산 단지 시세/평형정보 | https://kbland.kr/map?complex=50324,2026-09-18,,,verified,sale_apartment,"혼합단지 분양/임대 분리 (총 1057세대 중 분양 998세대 집계, 임대 추정 59세대 제외)"
A10022999,exclusive_84_96,84.96,110.92,33평B,175,KB부동산 단지 시세/평형정보 | https://kbland.kr/map?complex=50324,2026-09-18,,,verified,sale_apartment,"혼합단지 분양/임대 분리 (총 1057세대 중 분양 998세대 집계, 임대 추정 59세대 제외)"
A10022999,exclusive_84_98,84.98,111.05,33평C,36,KB부동산 단지 시세/평형정보 | https://kbland.kr/map?complex=50324,2026-09-18,,,verified,sale_apartment,"혼합단지 분양/임대 분리 (총 1057세대 중 분양 998세대 집계, 임대 추정 59세대 제외)"
A10022999,exclusive_84_99,84.99,111.14,33평A,138,KB부동산 단지 시세/평형정보 | https://kbland.kr/map?complex=50324,2026-09-18,,,verified,sale_apartment,"혼합단지 분양/임대 분리 (총 1057세대 중 분양 998세대 집계, 임대 추정 59세대 제외)"
A10020289,exclusive_39_94,39.94,56.48,17평,214,KB부동산 단지 시세/평형정보 | https://kbland.kr/map?complex=1072481,2026-09-18,,,verified,sale_apartment,"혼합단지 분양/임대 분리 (총 3048세대 중 분양 3048세대 집계, 임대 추정 0세대 제외)"
A10020289,exclusive_59_78,59.78,84.94,25평A,227,KB부동산 단지 시세/평형정보 | https://kbland.kr/map?complex=1072481,2026-09-18,,,verified,sale_apartment,"혼합단지 분양/임대 분리 (총 3048세대 중 분양 3048세대 집계, 임대 추정 0세대 제외)"
A10020289,exclusive_59_96,59.96,85.83,25평B,320,KB부동산 단지 시세/평형정보 | https://kbland.kr/map?complex=1072481,2026-09-18,,,verified,sale_apartment,"혼합단지 분양/임대 분리 (총 3048세대 중 분양 3048세대 집계, 임대 추정 0세대 제외)"
A10020289,exclusive_75_47,75.47,101.03,30평A,556,KB부동산 단지 시세/평형정보 | https://kbland.kr/map?complex=1072481,2026-09-18,,,verified,sale_apartment,"혼합단지 분양/임대 분리 (총 3048세대 중 분양 3048세대 집계, 임대 추정 0세대 제외)"
A10020289,exclusive_75_45,75.45,101.69,30평B,401,KB부동산 단지 시세/평형정보 | https://kbland.kr/map?complex=1072481,2026-09-18,,,verified,sale_apartment,"혼합단지 분양/임대 분리 (총 3048세대 중 분양 3048세대 집계, 임대 추정 0세대 제외)"
A10020289,exclusive_75_34,75.34,101.81,30평C,208,KB부동산 단지 시세/평형정보 | https://kbland.kr/map?complex=1072481,2026-09-18,,,verified,sale_apartment,"혼합단지 분양/임대 분리 (총 3048세대 중 분양 3048세대 집계, 임대 추정 0세대 제외)"
A10020289,exclusive_84_97,84.97,111.87,33평A,813,KB부동산 단지 시세/평형정보 | https://kbland.kr/map?complex=1072481,2026-09-18,,,verified,sale_apartment,"혼합단지 분양/임대 분리 (총 3048세대 중 분양 3048세대 집계, 임대 추정 0세대 제외)"
A10020289,exclusive_84_99,84.99,112.98,34평B,259,KB부동산 단지 시세/평형정보 | https://kbland.kr/map?complex=1072481,2026-09-18,,,verified,sale_apartment,"혼합단지 분양/임대 분리 (총 3048세대 중 분양 3048세대 집계, 임대 추정 0세대 제외)"
A10020289,exclusive_84_94,84.94,124.84,37평T,50,KB부동산 단지 시세/평형정보 | https://kbland.kr/map?complex=1072481,2026-09-18,,,verified,sale_apartment,"혼합단지 분양/임대 분리 (총 3048세대 중 분양 3048세대 집계, 임대 추정 0세대 제외)"
A10024341,exclusive_39_75,39.75,62.67,18평,80,KB부동산 단지 시세/평형정보 | https://kbland.kr/map?complex=42231,2026-09-18,,,verified,sale_apartment,"혼합단지 분양/임대 분리 (총 886세대 중 분양 871세대 집계, 임대 추정 15세대 제외)"
A10024341,exclusive_59_92,59.92,84.2,25평B,106,KB부동산 단지 시세/평형정보 | https://kbland.kr/map?complex=42231,2026-09-18,,,verified,sale_apartment,"혼합단지 분양/임대 분리 (총 886세대 중 분양 871세대 집계, 임대 추정 15세대 제외)"
A10024341,exclusive_59_98,59.98,85.37,25평C,18,KB부동산 단지 시세/평형정보 | https://kbland.kr/map?complex=42231,2026-09-18,,,verified,sale_apartment,"혼합단지 분양/임대 분리 (총 886세대 중 분양 871세대 집계, 임대 추정 15세대 제외)"
A10024341,exclusive_59_99,59.99,85.53,25평A,28,KB부동산 단지 시세/평형정보 | https://kbland.kr/map?complex=42231,2026-09-18,,,verified,sale_apartment,"혼합단지 분양/임대 분리 (총 886세대 중 분양 871세대 집계, 임대 추정 15세대 제외)"
A10024341,exclusive_74_95,74.95,102.89,31평A,21,KB부동산 단지 시세/평형정보 | https://kbland.kr/map?complex=42231,2026-09-18,,,verified,sale_apartment,"혼합단지 분양/임대 분리 (총 886세대 중 분양 871세대 집계, 임대 추정 15세대 제외)"
A10024341,exclusive_74_98,74.98,103.18,31평B,25,KB부동산 단지 시세/평형정보 | https://kbland.kr/map?complex=42231,2026-09-18,,,verified,sale_apartment,"혼합단지 분양/임대 분리 (총 886세대 중 분양 871세대 집계, 임대 추정 15세대 제외)"
A10024341,exclusive_84_92,84.92,113.35,34평A,294,KB부동산 단지 시세/평형정보 | https://kbland.kr/map?complex=42231,2026-09-18,,,verified,sale_apartment,"혼합단지 분양/임대 분리 (총 886세대 중 분양 871세대 집계, 임대 추정 15세대 제외)"
A10024341,exclusive_84_94,84.94,113.5,34평C,90,KB부동산 단지 시세/평형정보 | https://kbland.kr/map?complex=42231,2026-09-18,,,verified,sale_apartment,"혼합단지 분양/임대 분리 (총 886세대 중 분양 871세대 집계, 임대 추정 15세대 제외)"
A10024341,exclusive_84_95,84.95,113.68,34평B,209,KB부동산 단지 시세/평형정보 | https://kbland.kr/map?complex=42231,2026-09-18,,,verified,sale_apartment,"혼합단지 분양/임대 분리 (총 886세대 중 분양 871세대 집계, 임대 추정 15세대 제외)"
A10027790,exclusive_39_98,39.98,65.66,19평,68,KB부동산 단지 시세/평형정보 | https://kbland.kr/map?complex=28225,2026-09-18,,,verified,sale_apartment,"혼합단지 분양/임대 분리 (총 800세대 중 분양 800세대 집계, 임대 추정 0세대 제외)"
A10027790,exclusive_69_98,69.98,90.7,27평A,32,KB부동산 단지 시세/평형정보 | https://kbland.kr/map?complex=28225,2026-09-18,,,verified,sale_apartment,"혼합단지 분양/임대 분리 (총 800세대 중 분양 800세대 집계, 임대 추정 0세대 제외)"
A10027790,exclusive_69_98_27평B,69.98,91.01,27평B,18,KB부동산 단지 시세/평형정보 | https://kbland.kr/map?complex=28225,2026-09-18,,,verified,sale_apartment,"혼합단지 분양/임대 분리 (총 800세대 중 분양 800세대 집계, 임대 추정 0세대 제외)"
A10027790,exclusive_84_98,84.98,109.19,33평A,151,KB부동산 단지 시세/평형정보 | https://kbland.kr/map?complex=28225,2026-09-18,,,verified,sale_apartment,"혼합단지 분양/임대 분리 (총 800세대 중 분양 800세대 집계, 임대 추정 0세대 제외)"
A10027790,exclusive_84_98_33평B,84.98,109.97,33평B,167,KB부동산 단지 시세/평형정보 | https://kbland.kr/map?complex=28225,2026-09-18,,,verified,sale_apartment,"혼합단지 분양/임대 분리 (총 800세대 중 분양 800세대 집계, 임대 추정 0세대 제외)"
A10027790,exclusive_100_98,100.98,129.65,39평A,181,KB부동산 단지 시세/평형정보 | https://kbland.kr/map?complex=28225,2026-09-18,,,verified,sale_apartment,"혼합단지 분양/임대 분리 (총 800세대 중 분양 800세대 집계, 임대 추정 0세대 제외)"
A10027790,exclusive_100_98_39평B,100.98,130.24,39평B,183,KB부동산 단지 시세/평형정보 | https://kbland.kr/map?complex=28225,2026-09-18,,,verified,sale_apartment,"혼합단지 분양/임대 분리 (총 800세대 중 분양 800세대 집계, 임대 추정 0세대 제외)"
A10022405,exclusive_39_66,39.66,59.37,17평B,14,KB부동산 단지 시세/평형정보 | https://kbland.kr/map?complex=503420,2026-09-18,,,verified,sale_apartment,"혼합단지 분양/임대 분리 (총 750세대 중 분양 750세대 집계, 임대 추정 0세대 제외)"
A10022405,exclusive_39_71,39.71,59.77,18평A,24,KB부동산 단지 시세/평형정보 | https://kbland.kr/map?complex=503420,2026-09-18,,,verified,sale_apartment,"혼합단지 분양/임대 분리 (총 750세대 중 분양 750세대 집계, 임대 추정 0세대 제외)"
A10022405,exclusive_59_99,59.99,79.7,24평A,175,KB부동산 단지 시세/평형정보 | https://kbland.kr/map?complex=503420,2026-09-18,,,verified,sale_apartment,"혼합단지 분양/임대 분리 (총 750세대 중 분양 750세대 집계, 임대 추정 0세대 제외)"
A10022405,exclusive_59_97,59.97,80.54,24평B,88,KB부동산 단지 시세/평형정보 | https://kbland.kr/map?complex=503420,2026-09-18,,,verified,sale_apartment,"혼합단지 분양/임대 분리 (총 750세대 중 분양 750세대 집계, 임대 추정 0세대 제외)"
A10022405,exclusive_74_71,74.71,98.73,29평A,123,KB부동산 단지 시세/평형정보 | https://kbland.kr/map?complex=503420,2026-09-18,,,verified,sale_apartment,"혼합단지 분양/임대 분리 (총 750세대 중 분양 750세대 집계, 임대 추정 0세대 제외)"
A10022405,exclusive_74_74,74.74,98.74,29평B,93,KB부동산 단지 시세/평형정보 | https://kbland.kr/map?complex=503420,2026-09-18,,,verified,sale_apartment,"혼합단지 분양/임대 분리 (총 750세대 중 분양 750세대 집계, 임대 추정 0세대 제외)"
A10022405,exclusive_84_98,84.98,111.83,33평A,176,KB부동산 단지 시세/평형정보 | https://kbland.kr/map?complex=503420,2026-09-18,,,verified,sale_apartment,"혼합단지 분양/임대 분리 (총 750세대 중 분양 750세대 집계, 임대 추정 0세대 제외)"
A10022405,exclusive_84_98_34평B,84.98,112.47,34평B,57,KB부동산 단지 시세/평형정보 | https://kbland.kr/map?complex=503420,2026-09-18,,,verified,sale_apartment,"혼합단지 분양/임대 분리 (총 750세대 중 분양 750세대 집계, 임대 추정 0세대 제외)"
A10026484,exclusive_59_81,59.81,81.35,24평,132,KB부동산 단지 시세/평형정보 | https://kbland.kr/map?complex=31062,2026-09-18,,,verified,sale_apartment,"혼합단지 분양/임대 분리 (총 813세대 중 분양 743세대 집계, 임대 추정 70세대 제외)"
A10026484,exclusive_74_99,74.99,99.11,29평,28,KB부동산 단지 시세/평형정보 | https://kbland.kr/map?complex=31062,2026-09-18,,,verified,sale_apartment,"혼합단지 분양/임대 분리 (총 813세대 중 분양 743세대 집계, 임대 추정 70세대 제외)"
A10026484,exclusive_84_96,84.96,109.28,33평A,124,KB부동산 단지 시세/평형정보 | https://kbland.kr/map?complex=31062,2026-09-18,,,verified,sale_apartment,"혼합단지 분양/임대 분리 (총 813세대 중 분양 743세대 집계, 임대 추정 70세대 제외)"
A10026484,exclusive_84_76,84.76,110.88,33평B,148,KB부동산 단지 시세/평형정보 | https://kbland.kr/map?complex=31062,2026-09-18,,,verified,sale_apartment,"혼합단지 분양/임대 분리 (총 813세대 중 분양 743세대 집계, 임대 추정 70세대 제외)"
A10026484,exclusive_84_96_33평D,84.96,111.31,33평D,137,KB부동산 단지 시세/평형정보 | https://kbland.kr/map?complex=31062,2026-09-18,,,verified,sale_apartment,"혼합단지 분양/임대 분리 (총 813세대 중 분양 743세대 집계, 임대 추정 70세대 제외)"
A10026484,exclusive_84_91,84.91,111.43,33평C,86,KB부동산 단지 시세/평형정보 | https://kbland.kr/map?complex=31062,2026-09-18,,,verified,sale_apartment,"혼합단지 분양/임대 분리 (총 813세대 중 분양 743세대 집계, 임대 추정 70세대 제외)"
A10026484,exclusive_84_98,84.98,112.29,33평E,88,KB부동산 단지 시세/평형정보 | https://kbland.kr/map?complex=31062,2026-09-18,,,verified,sale_apartment,"혼합단지 분양/임대 분리 (총 813세대 중 분양 743세대 집계, 임대 추정 70세대 제외)"
A61202011,exclusive_53_1,53.1,77.8,23평,15,KB부동산 단지 시세/평형정보 | https://kbland.kr/map?complex=26554,2026-09-18,,,verified,sale_apartment,"혼합단지 분양/임대 분리 (총 581세대 중 분양 531세대 집계, 임대 추정 50세대 제외)"
A61202011,exclusive_84_99,84.99,112.06,33평A,112,KB부동산 단지 시세/평형정보 | https://kbland.kr/map?complex=26554,2026-09-18,,,verified,sale_apartment,"혼합단지 분양/임대 분리 (총 581세대 중 분양 531세대 집계, 임대 추정 50세대 제외)"
A61202011,exclusive_84_97,84.97,115.35,34평B,112,KB부동산 단지 시세/평형정보 | https://kbland.kr/map?complex=26554,2026-09-18,,,verified,sale_apartment,"혼합단지 분양/임대 분리 (총 581세대 중 분양 531세대 집계, 임대 추정 50세대 제외)"
A61202011,exclusive_84_99_34평C,84.99,115.52,34평C,112,KB부동산 단지 시세/평형정보 | https://kbland.kr/map?complex=26554,2026-09-18,,,verified,sale_apartment,"혼합단지 분양/임대 분리 (총 581세대 중 분양 531세대 집계, 임대 추정 50세대 제외)"
A61202011,exclusive_84_97_35평D,84.97,116.42,35평D,56,KB부동산 단지 시세/평형정보 | https://kbland.kr/map?complex=26554,2026-09-18,,,verified,sale_apartment,"혼합단지 분양/임대 분리 (총 581세대 중 분양 531세대 집계, 임대 추정 50세대 제외)"
A61202011,exclusive_105_99,105.99,131.54,39평,41,KB부동산 단지 시세/평형정보 | https://kbland.kr/map?complex=26554,2026-09-18,,,verified,sale_apartment,"혼합단지 분양/임대 분리 (총 581세대 중 분양 531세대 집계, 임대 추정 50세대 제외)"
A61202011,exclusive_124_67,124.67,150.58,45평,44,KB부동산 단지 시세/평형정보 | https://kbland.kr/map?complex=26554,2026-09-18,,,verified,sale_apartment,"혼합단지 분양/임대 분리 (총 581세대 중 분양 531세대 집계, 임대 추정 50세대 제외)"
A61202011,exclusive_126_71,126.71,157.85,47평,39,KB부동산 단지 시세/평형정보 | https://kbland.kr/map?complex=26554,2026-09-18,,,verified,sale_apartment,"혼합단지 분양/임대 분리 (총 581세대 중 분양 531세대 집계, 임대 추정 50세대 제외)"
A61288603,exclusive_59_86,59.86,80.94,24평,25,KB부동산 단지 시세/평형정보 | https://kbland.kr/map?complex=25695,2026-09-18,,,verified,sale_apartment,"혼합단지 분양/임대 분리 (총 747세대 중 분양 681세대 집계, 임대 추정 66세대 제외)"
A61288603,exclusive_84_98,84.98,111.18,33평A,284,KB부동산 단지 시세/평형정보 | https://kbland.kr/map?complex=25695,2026-09-18,,,verified,sale_apartment,"혼합단지 분양/임대 분리 (총 747세대 중 분양 681세대 집계, 임대 추정 66세대 제외)"
A61288603,exclusive_84_98_33평B,84.98,111.33,33평B,159,KB부동산 단지 시세/평형정보 | https://kbland.kr/map?complex=25695,2026-09-18,,,verified,sale_apartment,"혼합단지 분양/임대 분리 (총 747세대 중 분양 681세대 집계, 임대 추정 66세대 제외)"
A61288603,exclusive_101_59,101.59,129.74,39평,93,KB부동산 단지 시세/평형정보 | https://kbland.kr/map?complex=25695,2026-09-18,,,verified,sale_apartment,"혼합단지 분양/임대 분리 (총 747세대 중 분양 681세대 집계, 임대 추정 66세대 제외)"
A61288603,exclusive_114_43,114.43,144.29,43평,62,KB부동산 단지 시세/평형정보 | https://kbland.kr/map?complex=25695,2026-09-18,,,verified,sale_apartment,"혼합단지 분양/임대 분리 (총 747세대 중 분양 681세대 집계, 임대 추정 66세대 제외)"
A61288603,exclusive_123_05,123.05,155.6,47평,31,KB부동산 단지 시세/평형정보 | https://kbland.kr/map?complex=25695,2026-09-18,,,verified,sale_apartment,"혼합단지 분양/임대 분리 (총 747세대 중 분양 681세대 집계, 임대 추정 66세대 제외)"
A61288603,exclusive_140_73,140.73,177.46,53평,27,KB부동산 단지 시세/평형정보 | https://kbland.kr/map?complex=25695,2026-09-18,,,verified,sale_apartment,"혼합단지 분양/임대 분리 (총 747세대 중 분양 681세대 집계, 임대 추정 66세대 제외)"
A10023969,exclusive_39_98,39.98,62.4,18평B,36,KB부동산 단지 시세/평형정보 | https://kbland.kr/map?complex=44308,2026-09-18,,,verified,sale_apartment,"혼합단지 분양/임대 분리 (총 835세대 중 분양 835세대 집계, 임대 추정 0세대 제외)"
A10023969,exclusive_39_98_18평A,39.98,62.48,18평A,42,KB부동산 단지 시세/평형정보 | https://kbland.kr/map?complex=44308,2026-09-18,,,verified,sale_apartment,"혼합단지 분양/임대 분리 (총 835세대 중 분양 835세대 집계, 임대 추정 0세대 제외)"
A10023969,exclusive_59_94,59.94,84.48,25평A,268,KB부동산 단지 시세/평형정보 | https://kbland.kr/map?complex=44308,2026-09-18,,,verified,sale_apartment,"혼합단지 분양/임대 분리 (총 835세대 중 분양 835세대 집계, 임대 추정 0세대 제외)"
A10023969,exclusive_59_79,59.79,96.16,29평T,69,KB부동산 단지 시세/평형정보 | https://kbland.kr/map?complex=44308,2026-09-18,,,verified,sale_apartment,"혼합단지 분양/임대 분리 (총 835세대 중 분양 835세대 집계, 임대 추정 0세대 제외)"
A10023969,exclusive_74_99,74.99,103.83,31평,56,KB부동산 단지 시세/평형정보 | https://kbland.kr/map?complex=44308,2026-09-18,,,verified,sale_apartment,"혼합단지 분양/임대 분리 (총 835세대 중 분양 835세대 집계, 임대 추정 0세대 제외)"
A10023969,exclusive_84_97,84.97,111.98,33평C,28,KB부동산 단지 시세/평형정보 | https://kbland.kr/map?complex=44308,2026-09-18,,,verified,sale_apartment,"혼합단지 분양/임대 분리 (총 835세대 중 분양 835세대 집계, 임대 추정 0세대 제외)"
A10023969,exclusive_84_85,84.85,112.37,33평A,280,KB부동산 단지 시세/평형정보 | https://kbland.kr/map?complex=44308,2026-09-18,,,verified,sale_apartment,"혼합단지 분양/임대 분리 (총 835세대 중 분양 835세대 집계, 임대 추정 0세대 제외)"
A10023969,exclusive_84_93,84.93,113.04,34평B,56,KB부동산 단지 시세/평형정보 | https://kbland.kr/map?complex=44308,2026-09-18,,,verified,sale_apartment,"혼합단지 분양/임대 분리 (총 835세대 중 분양 835세대 집계, 임대 추정 0세대 제외)"
A10023526,exclusive_39_92,39.92,65.05,19평,85,KB부동산 단지 시세/평형정보 | https://kbland.kr/map?complex=43374,2026-09-18,,,verified,sale_apartment,"혼합단지 분양/임대 분리 (총 1651세대 중 분양 1309세대 집계, 임대 추정 342세대 제외)"
A10023526,exclusive_59_97,59.97,82.19,24평,358,KB부동산 단지 시세/평형정보 | https://kbland.kr/map?complex=43374,2026-09-18,,,verified,sale_apartment,"혼합단지 분양/임대 분리 (총 1651세대 중 분양 1309세대 집계, 임대 추정 342세대 제외)"
A10023526,exclusive_74_67,74.67,101.27,30평,221,KB부동산 단지 시세/평형정보 | https://kbland.kr/map?complex=43374,2026-09-18,,,verified,sale_apartment,"혼합단지 분양/임대 분리 (총 1651세대 중 분양 1309세대 집계, 임대 추정 342세대 제외)"
A10023526,exclusive_84_96,84.96,111.25,33평A,407,KB부동산 단지 시세/평형정보 | https://kbland.kr/map?complex=43374,2026-09-18,,,verified,sale_apartment,"혼합단지 분양/임대 분리 (총 1651세대 중 분양 1309세대 집계, 임대 추정 342세대 제외)"
A10023526,exclusive_84_95,84.95,111.26,33평B,29,KB부동산 단지 시세/평형정보 | https://kbland.kr/map?complex=43374,2026-09-18,,,verified,sale_apartment,"혼합단지 분양/임대 분리 (총 1651세대 중 분양 1309세대 집계, 임대 추정 342세대 제외)"
A10023526,exclusive_84_9,84.9,111.7,33평C,209,KB부동산 단지 시세/평형정보 | https://kbland.kr/map?complex=43374,2026-09-18,,,verified,sale_apartment,"혼합단지 분양/임대 분리 (총 1651세대 중 분양 1309세대 집계, 임대 추정 342세대 제외)"
A61377106,exclusive_59_94,59.94,85.72,25평,110,KB부동산 단지 시세/평형정보 | https://kbland.kr/map?complex=23666,2026-09-18,,,verified,sale_apartment,"혼합단지 분양/임대 분리 (총 1006세대 중 분양 920세대 집계, 임대 추정 86세대 제외)"
A61377106,exclusive_84_89,84.89,109.16,33평D,181,KB부동산 단지 시세/평형정보 | https://kbland.kr/map?complex=23666,2026-09-18,,,verified,sale_apartment,"혼합단지 분양/임대 분리 (총 1006세대 중 분양 920세대 집계, 임대 추정 86세대 제외)"
A61377106,exclusive_84_91,84.91,110.04,33평C,192,KB부동산 단지 시세/평형정보 | https://kbland.kr/map?complex=23666,2026-09-18,,,verified,sale_apartment,"혼합단지 분양/임대 분리 (총 1006세대 중 분양 920세대 집계, 임대 추정 86세대 제외)"
A61377106,exclusive_84_93,84.93,110.7,33평A,136,KB부동산 단지 시세/평형정보 | https://kbland.kr/map?complex=23666,2026-09-18,,,verified,sale_apartment,"혼합단지 분양/임대 분리 (총 1006세대 중 분양 920세대 집계, 임대 추정 86세대 제외)"
A61377106,exclusive_84_83,84.83,111.68,33평B,41,KB부동산 단지 시세/평형정보 | https://kbland.kr/map?complex=23666,2026-09-18,,,verified,sale_apartment,"혼합단지 분양/임대 분리 (총 1006세대 중 분양 920세대 집계, 임대 추정 86세대 제외)"
A61377106,exclusive_99_14,99.14,130.81,39평,81,KB부동산 단지 시세/평형정보 | https://kbland.kr/map?complex=23666,2026-09-18,,,verified,sale_apartment,"혼합단지 분양/임대 분리 (총 1006세대 중 분양 920세대 집계, 임대 추정 86세대 제외)"
A61377106,exclusive_129_72,129.72,164.15,49평B,46,KB부동산 단지 시세/평형정보 | https://kbland.kr/map?complex=23666,2026-09-18,,,verified,sale_apartment,"혼합단지 분양/임대 분리 (총 1006세대 중 분양 920세대 집계, 임대 추정 86세대 제외)"
A61377106,exclusive_128_6,128.6,164.53,49평A,84,KB부동산 단지 시세/평형정보 | https://kbland.kr/map?complex=23666,2026-09-18,,,verified,sale_apartment,"혼합단지 분양/임대 분리 (총 1006세대 중 분양 920세대 집계, 임대 추정 86세대 제외)"
A61377106,exclusive_154_18,154.18,193.37,58평,49,KB부동산 단지 시세/평형정보 | https://kbland.kr/map?complex=23666,2026-09-18,,,verified,sale_apartment,"혼합단지 분양/임대 분리 (총 1006세대 중 분양 920세대 집계, 임대 추정 86세대 제외)"
A10023607,exclusive_39_36,39.36,56.56,17평,51,KB부동산 단지 시세/평형정보 | https://kbland.kr/map?complex=46846,2026-09-18,,,verified,sale_apartment,"혼합단지 분양/임대 분리 (총 975세대 중 분양 975세대 집계, 임대 추정 0세대 제외)"
A10023607,exclusive_59_18,59.18,88.93,26평A,160,KB부동산 단지 시세/평형정보 | https://kbland.kr/map?complex=46846,2026-09-18,,,verified,sale_apartment,"혼합단지 분양/임대 분리 (총 975세대 중 분양 975세대 집계, 임대 추정 0세대 제외)"
A10023607,exclusive_59_95,59.95,90.39,27평B,18,KB부동산 단지 시세/평형정보 | https://kbland.kr/map?complex=46846,2026-09-18,,,verified,sale_apartment,"혼합단지 분양/임대 분리 (총 975세대 중 분양 975세대 집계, 임대 추정 0세대 제외)"
A10023607,exclusive_84_12,84.12,114.57,34평A,336,KB부동산 단지 시세/평형정보 | https://kbland.kr/map?complex=46846,2026-09-18,,,verified,sale_apartment,"혼합단지 분양/임대 분리 (총 975세대 중 분양 975세대 집계, 임대 추정 0세대 제외)"
A10023607,exclusive_84_42,84.42,115.3,34평B,140,KB부동산 단지 시세/평형정보 | https://kbland.kr/map?complex=46846,2026-09-18,,,verified,sale_apartment,"혼합단지 분양/임대 분리 (총 975세대 중 분양 975세대 집계, 임대 추정 0세대 제외)"
A10023607,exclusive_84_49,84.49,116.96,35평C,28,KB부동산 단지 시세/평형정보 | https://kbland.kr/map?complex=46846,2026-09-18,,,verified,sale_apartment,"혼합단지 분양/임대 분리 (총 975세대 중 분양 975세대 집계, 임대 추정 0세대 제외)"
A10023607,exclusive_92_04,92.04,125.82,38평,84,KB부동산 단지 시세/평형정보 | https://kbland.kr/map?complex=46846,2026-09-18,,,verified,sale_apartment,"혼합단지 분양/임대 분리 (총 975세대 중 분양 975세대 집계, 임대 추정 0세대 제외)"
A10023607,exclusive_93_36,93.36,132.14,39평,56,KB부동산 단지 시세/평형정보 | https://kbland.kr/map?complex=46846,2026-09-18,,,verified,sale_apartment,"혼합단지 분양/임대 분리 (총 975세대 중 분양 975세대 집계, 임대 추정 0세대 제외)"
A10023607,exclusive_107_35,107.35,134.93,40평A,68,KB부동산 단지 시세/평형정보 | https://kbland.kr/map?complex=46846,2026-09-18,,,verified,sale_apartment,"혼합단지 분양/임대 분리 (총 975세대 중 분양 975세대 집계, 임대 추정 0세대 제외)"
A10023607,exclusive_107_52,107.52,137.42,41평B,34,KB부동산 단지 시세/평형정보 | https://kbland.kr/map?complex=46846,2026-09-18,,,verified,sale_apartment,"혼합단지 분양/임대 분리 (총 975세대 중 분양 975세대 집계, 임대 추정 0세대 제외)"
A10023571,exclusive_39_72,39.72,52.99,16평,50,KB부동산 단지 시세/평형정보 | https://kbland.kr/map?complex=46964,2026-09-18,,,verified,sale_apartment,"혼합단지 분양/임대 분리 (총 998세대 중 분양 998세대 집계, 임대 추정 0세대 제외)"
A10023571,exclusive_59_92,59.92,81.48,24평,68,KB부동산 단지 시세/평형정보 | https://kbland.kr/map?complex=46964,2026-09-18,,,verified,sale_apartment,"혼합단지 분양/임대 분리 (총 998세대 중 분양 998세대 집계, 임대 추정 0세대 제외)"
A10023571,exclusive_73_67,73.67,99.44,30평,132,KB부동산 단지 시세/평형정보 | https://kbland.kr/map?complex=46964,2026-09-18,,,verified,sale_apartment,"혼합단지 분양/임대 분리 (총 998세대 중 분양 998세대 집계, 임대 추정 0세대 제외)"
A10023571,exclusive_84_87,84.87,114.02,34평C,424,KB부동산 단지 시세/평형정보 | https://kbland.kr/map?complex=46964,2026-09-18,,,verified,sale_apartment,"혼합단지 분양/임대 분리 (총 998세대 중 분양 998세대 집계, 임대 추정 0세대 제외)"
A10023571,exclusive_84_85,84.85,114.07,34평A,205,KB부동산 단지 시세/평형정보 | https://kbland.kr/map?complex=46964,2026-09-18,,,verified,sale_apartment,"혼합단지 분양/임대 분리 (총 998세대 중 분양 998세대 집계, 임대 추정 0세대 제외)"
A10023571,exclusive_84_91,84.91,114.49,34평B,119,KB부동산 단지 시세/평형정보 | https://kbland.kr/map?complex=46964,2026-09-18,,,verified,sale_apartment,"혼합단지 분양/임대 분리 (총 998세대 중 분양 998세대 집계, 임대 추정 0세대 제외)"
A10023692,exclusive_55_99,55.99,78.01,23평A,72,KB부동산 단지 시세/평형정보 | https://kbland.kr/map?complex=47703,2026-09-18,,,verified,sale_apartment,"혼합단지 분양/임대 분리 (총 728세대 중 분양 486세대 집계, 임대 추정 242세대 제외)"
A10023692,exclusive_55_99_23평B,55.99,78.01,23평B,21,KB부동산 단지 시세/평형정보 | https://kbland.kr/map?complex=47703,2026-09-18,,,verified,sale_apartment,"혼합단지 분양/임대 분리 (총 728세대 중 분양 486세대 집계, 임대 추정 242세대 제외)"
A10023692,exclusive_55_99_23평C,55.99,78.01,23평C,117,KB부동산 단지 시세/평형정보 | https://kbland.kr/map?complex=47703,2026-09-18,,,verified,sale_apartment,"혼합단지 분양/임대 분리 (총 728세대 중 분양 486세대 집계, 임대 추정 242세대 제외)"
A10023692,exclusive_59_99,59.99,83.59,25평A,237,KB부동산 단지 시세/평형정보 | https://kbland.kr/map?complex=47703,2026-09-18,,,verified,sale_apartment,"혼합단지 분양/임대 분리 (총 728세대 중 분양 486세대 집계, 임대 추정 242세대 제외)"
A10023692,exclusive_59_99_25평B,59.99,83.59,25평B,39,KB부동산 단지 시세/평형정보 | https://kbland.kr/map?complex=47703,2026-09-18,,,verified,sale_apartment,"혼합단지 분양/임대 분리 (총 728세대 중 분양 486세대 집계, 임대 추정 242세대 제외)"
A10024328,exclusive_39_74,39.74,55.79,16평,27,KB부동산 단지 시세/평형정보 (),2026-09-18,,,verified,sale_apartment,
A10024328,exclusive_59_99,59.99,83.83,25평,185,KB부동산 단지 시세/평형정보 (),2026-09-18,,,verified,sale_apartment,
A10024328,exclusive_73_9,73.9,102.59,31평,117,KB부동산 단지 시세/평형정보 (),2026-09-18,,,verified,sale_apartment,
A10024328,exclusive_74_45,74.45,104.7,31평,47,KB부동산 단지 시세/평형정보 (),2026-09-18,,,verified,sale_apartment,
A10024328,exclusive_84_42,84.42,117.15,35평B,85,KB부동산 단지 시세/평형정보 (),2026-09-18,,,verified,sale_apartment,
A10024328,exclusive_84_51,84.51,117.49,35평A,42,KB부동산 단지 시세/평형정보 (),2026-09-18,,,verified,sale_apartment,
