school_public_id,school_id,school_name,school_type,establishment_type,gender_type,legal_dong_code,education_office,road_address,legal_address,closed,suspended,data_year,source_name,source_document,collected_at,parser_version,manual_review,confidence,school_level,sido,sigungu,source_url,data_year_basis,school_level_code,address,legal_dong,latitude,longitude,coordinate_source,review_reason
f66071ab-858e-4671-8c59-1678817bf4b9,S020000625,광일초등학교,,공립,남녀공학,2611011900,부산광역시서부교육지원청,부산광역시 중구 중구로 74,부산광역시 중구 대청동4가,N,N,2026,학교알리미 Open API,data\raw\schoolinfo\2026\26110_02.json,2026-09-05T00:47:17.042154+00:00,0.1.0,True,0.5,elementary,부산광역시,중구,https://www.schoolinfo.go.kr/openApi.do,collection_snapshot,02,부산광역시 중구 중구로 74,대청동4가,35.1038422629,129.0298049281,schoolinfo,missing_school_type
23248b3e-12eb-4c34-8069-d920d766f9f5,S020000626,남성초등학교,,사립,남녀공학,2611011600,부산광역시서부교육지원청,부산광역시 중구 샘길 14,부산광역시 중구 대청동1가,N,N,2026,학교알리미 Open API,data\raw\schoolinfo\2026\26110_02.json,2026-09-05T00:47:17.042154+00:00,0.1.0,True,0.5,elementary,부산광역시,중구,https://www.schoolinfo.go.kr/openApi.do,collection_snapshot,02,부산광역시 중구 샘길 14,대청동1가,35.1043380251,129.0330236554,schoolinfo,missing_school_type
f9ade7a6-30b3-49e6-99f4-19f4216e6b36,S020000639,보수초등학교,,공립,남녀공학,2611012000,부산광역시서부교육지원청,부산광역시 중구 흑교로 74,부산광역시 중구 보수동1가 71~110,N,N,2026,학교알리미 Open API,data\raw\schoolinfo\2026\26110_02.json,2026-09-05T00:47:17.042154+00:00,0.1.0,True,0.5,elementary,부산광역시,중구,https://www.schoolinfo.go.kr/openApi.do,collection_snapshot,02,부산광역시 중구 흑교로 74,보수동1가,35.1061766147,129.0239674135,schoolinfo,missing_school_type
05b1656a-36fe-4973-a85a-ea52208e6dcb,S020000640,봉래초등학교,,공립,남녀공학,2611010100,부산광역시서부교육지원청,부산광역시 중구 대영로 226번길 15호,부산광역시 중구 영주동,N,N,2026,학교알리미 Open API,data\raw\schoolinfo\2026\26110_02.json,2026-09-05T00:47:17.042154+00:00,0.1.0,True,0.5,elementary,부산광역시,중구,https://www.schoolinfo.go.kr/openApi.do,collection_snapshot,02,부산광역시 중구 대영로 226번길 15호,영주동,35.1117501037,129.0359802395,schoolinfo,missing_school_type
e01183cf-b1f3-49c6-b1f7-10bd44b6e5ff,S020000608,덕원중학교,,사립,남,2611011900,부산광역시서부교육지원청,부산광역시 중구 망양로 356,부산광역시 중구 대청동4가,N,N,2026,학교알리미 Open API,data\raw\schoolinfo\2026\26110_03.json,2026-09-05T00:47:17.274155+00:00,0.1.0,True,0.5,middle,부산광역시,중구,https://www.schoolinfo.go.kr/openApi.do,collection_snapshot,03,부산광역시 중구 망양로 356,대청동4가,35.1081158096,129.0315690481,schoolinfo,missing_school_type
71068ddf-9d4a-42c6-8b84-6277eae7f700,S020001449,구덕초등학교,,공립,남녀공학,2614010600,부산광역시서부교육지원청,부산광역시 서구 보수대로 312,부산광역시 서구 서대신동3가,N,N,2026,학교알리미 Open API,data\raw\schoolinfo\2026\26140_02.json,2026-09-05T00:47:17.516534+00:00,0.1.0,True,0.5,elementary,부산광역시,서구,https://www.schoolinfo.go.kr/openApi.do,collection_snapshot,02,부산광역시 서구 보수대로 312,서대신동3가,35.1204504376,129.0125451943,schoolinfo,missing_school_type
be461a39-182d-4516-abb3-f76df01a695a,S020001452,남부민초등학교,,공립,남녀공학,2614012300,부산광역시서부교육지원청,부산광역시 서구 천마로 153,부산광역시 서구 남부민1동,N,N,2026,학교알리미 Open API,data\raw\schoolinfo\2026\26140_02.json,2026-09-05T00:47:17.516534+00:00,0.1.0,True,0.5,elementary,부산광역시,서구,https://www.schoolinfo.go.kr/openApi.do,collection_snapshot,02,부산광역시 서구 천마로 153,남부민1동,35.0899237896,129.0224078232,schoolinfo,missing_school_type
612ecc4f-30bf-4e41-9adf-8798d29f6a17,S020001459,대신초등학교,,공립,남녀공학,2614010600,부산광역시서부교육지원청,부산광역시 서구 대신로 63,부산광역시 서구 서대신동3가   195번지,N,N,2026,학교알리미 Open API,data\raw\schoolinfo\2026\26140_02.json,2026-09-05T00:47:17.516534+00:00,0.1.0,True,0.5,elementary,부산광역시,서구,https://www.schoolinfo.go.kr/openApi.do,collection_snapshot,02,부산광역시 서구 대신로 63,서대신동3가,35.1157060661,129.0118746164,schoolinfo,missing_school_type
7f63e95f-6dc0-4ab9-9318-6e5405777a49,S020001462,동신초등학교,,공립,남녀공학,2614010300,부산광역시서부교육지원청,부산광역시 서구 대영로85번길 81-19,부산광역시 서구 동대신동3가,N,N,2026,학교알리미 Open API,data\raw\schoolinfo\2026\26140_02.json,2026-09-05T00:47:17.516534+00:00,0.1.0,True,0.5,elementary,부산광역시,서구,https://www.schoolinfo.go.kr/openApi.do,collection_snapshot,02,부산광역시 서구 대영로85번길 81-19,동대신동3가,35.1141297032,129.0176320497,schoolinfo,missing_school_type
4872e77a-61ae-45cb-b837-97d9511dd99c,S020001465,부민초등학교,,공립,남녀공학,2614011000,부산광역시서부교육지원청,부산광역시 서구 고운들로 12,부산광역시 서구 부용동2가 11,N,N,2026,학교알리미 Open API,data\raw\schoolinfo\2026\26140_02.json,2026-09-05T00:47:17.516534+00:00,0.1.0,True,0.5,elementary,부산광역시,서구,https://www.schoolinfo.go.kr/openApi.do,collection_snapshot,02,부산광역시 서구 고운들로 12,부용동2가,35.1068026668,129.0194998887,schoolinfo,missing_school_type
d0376245-8ae9-4c52-93be-7f8dfdbd97f7,S020001471,송도초등학교,,공립,남녀공학,2614012400,부산광역시서부교육지원청,부산광역시 서구 충무대로 25,부산광역시 서구 암남동 313,N,N,2026,학교알리미 Open API,data\raw\schoolinfo\2026\26140_02.json,2026-09-05T00:47:17.516534+00:00,0.1.0,True,0.5,elementary,부산광역시,서구,https://www.schoolinfo.go.kr/openApi.do,collection_snapshot,02,부산광역시 서구 충무대로 25,암남동,35.0786394275,129.0155780216,schoolinfo,missing_school_type
80b713e8-3ed0-439f-b45d-2f3ba4e40dfb,S020001477,아미초등학교,,공립,남녀공학,2614011600,부산광역시서부교육지원청,부산광역시 서구 해돋이로 241,부산광역시 서구 아미동2가  89,N,N,2026,학교알리미 Open API,data\raw\schoolinfo\2026\26140_02.json,2026-09-05T00:47:17.516534+00:00,0.1.0,True,0.5,elementary,부산광역시,서구,https://www.schoolinfo.go.kr/openApi.do,collection_snapshot,02,부산광역시 서구 해돋이로 241,아미동2가,35.0986472209,129.0156439812,schoolinfo,missing_school_type
72024a83-4c43-4dc5-a94c-6cf557bf6405,S020001487,천마초등학교,,공립,남녀공학,2614012400,부산광역시서부교육지원청,부산광역시 서구 천해로7번길 38,부산광역시 서구 암남동,N,N,2026,학교알리미 Open API,data\raw\schoolinfo\2026\26140_02.json,2026-09-05T00:47:17.516534+00:00,0.1.0,True,0.5,elementary,부산광역시,서구,https://www.schoolinfo.go.kr/openApi.do,collection_snapshot,02,부산광역시 서구 천해로7번길 38,암남동,35.0816631998,129.0182133566,schoolinfo,missing_school_type
cd159e39-92d6-4159-a82c-6e034e475233,S020001492,토성초등학교,,공립,남녀공학,2614011300,부산광역시서부교육지원청,부산광역시 서구 구덕로134번길 45,부산광역시 서구 토성동2가 25,N,N,2026,학교알리미 Open API,data\raw\schoolinfo\2026\26140_02.json,2026-09-05T00:47:17.516534+00:00,0.1.0,True,0.5,elementary,부산광역시,서구,https://www.schoolinfo.go.kr/openApi.do,collection_snapshot,02,부산광역시 서구 구덕로134번길 45,토성동2가,35.0995137775,129.0214560894,schoolinfo,missing_school_type
b6dbd0d1-5d5a-4842-9155-6caa5995d024,S020001495,화랑초등학교,,공립,남녀공학,2614010100,부산광역시서부교육지원청,부산광역시 서구 대영로86번길 56,부산광역시 서구 동대신동1가,N,N,2026,학교알리미 Open API,data\raw\schoolinfo\2026\26140_02.json,2026-09-05T00:47:17.516534+00:00,0.1.0,True,0.5,elementary,부산광역시,서구,https://www.schoolinfo.go.kr/openApi.do,collection_snapshot,02,부산광역시 서구 대영로86번길 56,동대신동1가,35.10873877,129.0209908635,schoolinfo,missing_school_type
9ed782b4-b47e-41da-bcf0-63d06dcb7c73,S020002091,부산알로이시오초등학교,,사립,남녀공학,2614012400,부산광역시서부교육지원청,부산광역시 서구 천해로13번길 16-9,부산광역시 서구 암남동,N,N,2026,학교알리미 Open API,data\raw\schoolinfo\2026\26140_02.json,2026-09-05T00:47:17.516534+00:00,0.1.0,True,0.5,elementary,부산광역시,서구,https://www.schoolinfo.go.kr/openApi.do,collection_snapshot,02,부산광역시 서구 천해로13번길 16-9,암남동,35.0833970897,129.0160459109,schoolinfo,missing_school_type
44628661-bcbd-4a01-8943-73ec1d03c8c7,S020001401,경남중학교,,공립,남,2614011400,부산광역시서부교육지원청,부산광역시 서구 까치고개로229번길 7,부산광역시 서구 토성동3가 12번지,N,N,2026,학교알리미 Open API,data\raw\schoolinfo\2026\26140_03.json,2026-09-05T00:47:17.749816+00:00,0.1.0,True,0.5,middle,부산광역시,서구,https://www.schoolinfo.go.kr/openApi.do,collection_snapshot,03,부산광역시 서구 까치고개로229번길 7,토성동3가,35.1009348532,129.0204341113,schoolinfo,missing_school_type
7a67029f-7706-47b9-b12f-db5105868d45,S020001409,대신여자중학교,,사립,녀,2614010200,부산광역시서부교육지원청,부산광역시 서구 보동길 268,부산광역시 서구 동대신동2가   87-9,N,N,2026,학교알리미 Open API,data\raw\schoolinfo\2026\26140_03.json,2026-09-05T00:47:17.749816+00:00,0.1.0,True,0.5,middle,부산광역시,서구,https://www.schoolinfo.go.kr/openApi.do,collection_snapshot,03,부산광역시 서구 보동길 268,동대신동2가,35.1136037412,129.0245284005,schoolinfo,missing_school_type
9c8b164a-2da7-4570-9199-487b2b82e1d7,S020001417,부산대신중학교,,공립,남,2614010600,부산광역시서부교육지원청,부산광역시 서구 대신로109번길 10,부산광역시 서구 서대신동3가,N,N,2026,학교알리미 Open API,data\raw\schoolinfo\2026\26140_03.json,2026-09-05T00:47:17.749816+00:00,0.1.0,True,0.5,middle,부산광역시,서구,https://www.schoolinfo.go.kr/openApi.do,collection_snapshot,03,부산광역시 서구 대신로109번길 10,서대신동3가,35.1182984217,129.0134135447,schoolinfo,missing_school_type
dab97564-b620-4d94-ad6e-f4d6a78985e1,S020001420,부산여자중학교,,공립,녀,2614010600,부산광역시서부교육지원청,부산광역시 서구 보수대로 282-23,부산광역시 서구 서대신동3가,N,N,2026,학교알리미 Open API,data\raw\schoolinfo\2026\26140_03.json,2026-09-05T00:47:17.749816+00:00,0.1.0,True,0.5,middle,부산광역시,서구,https://www.schoolinfo.go.kr/openApi.do,collection_snapshot,03,부산광역시 서구 보수대로 282-23,서대신동3가,35.1204159652,129.0146195122,schoolinfo,missing_school_type
edcee8e8-20f8-4dbc-ac45-f50385528e3f,S020001423,부산중앙여자중학교,,공립,녀,2614010600,부산광역시서부교육지원청,부산광역시 서구 대신로 59-32,부산광역시 서구 서대신동3가   166-3,N,N,2026,학교알리미 Open API,data\raw\schoolinfo\2026\26140_03.json,2026-09-05T00:47:17.749816+00:00,0.1.0,True,0.5,middle,부산광역시,서구,https://www.schoolinfo.go.kr/openApi.do,collection_snapshot,03,부산광역시 서구 대신로 59-32,서대신동3가,35.1166104882,129.0110819658,schoolinfo,missing_school_type
a0e262bc-f608-44b4-93de-5aa9b5fbc5a7,S020001429,송도중학교,,사립,남,2614012300,부산광역시서부교육지원청,부산광역시 서구 해양로 15,부산광역시 서구 남부민동,N,N,2026,학교알리미 Open API,data\raw\schoolinfo\2026\26140_03.json,2026-09-05T00:47:17.749816+00:00,0.1.0,True,0.5,middle,부산광역시,서구,https://www.schoolinfo.go.kr/openApi.do,collection_snapshot,03,부산광역시 서구 해양로 15,남부민동,35.0828686851,129.0224484873,schoolinfo,missing_school_type
c0403935-47c9-4cc3-9400-f0a46e1bcaab,S020001431,알로이시오중학교,,사립,남녀공학,2614012400,부산광역시서부교육지원청,부산광역시 서구 감천로 237,부산광역시 서구 암남동 ,Y,N,2026,학교알리미 Open API,data\raw\schoolinfo\2026\26140_03.json,2026-09-05T00:47:17.749816+00:00,0.1.0,True,0.5,middle,부산광역시,서구,https://www.schoolinfo.go.kr/openApi.do,collection_snapshot,03,부산광역시 서구 감천로 237,암남동,35.0824280307,129.0140574882,schoolinfo,missing_school_type;closed_or_suspended
64425ec3-0e89-4695-ab20-6bb7419a5c87,S020001439,초장중학교,,공립,남,2614011900,부산광역시서부교육지원청,부산광역시 서구 해돋이로 205,부산광역시 서구 초장동   75-56,N,N,2026,학교알리미 Open API,data\raw\schoolinfo\2026\26140_03.json,2026-09-05T00:47:17.749816+00:00,0.1.0,True,0.5,middle,부산광역시,서구,https://www.schoolinfo.go.kr/openApi.do,collection_snapshot,03,부산광역시 서구 해돋이로 205,초장동,35.0948942831,129.0178903482,schoolinfo,missing_school_type
7e4d9435-6158-48f7-ae89-6cdcc8d005a7,S020000632,동일중앙초등학교,,공립,남녀공학,2617010200,부산광역시남부교육지원청,부산광역시 동구 구봉로 46,부산광역시 동구 수정1동   1073-1번지,N,N,2026,학교알리미 Open API,data\raw\schoolinfo\2026\26170_02.json,2026-09-05T00:47:17.982185+00:00,0.1.0,True,0.5,elementary,부산광역시,동구,https://www.schoolinfo.go.kr/openApi.do,collection_snapshot,02,부산광역시 동구 구봉로 46,수정1동,35.1247475111,129.0371176358,schoolinfo,missing_school_type
5303f898-83e4-4853-abcb-b2d69f73ff79,S020000638,범일초등학교,,공립,남녀공학,2617010400,부산광역시남부교육지원청,부산광역시 동구 증산서로 55,부산광역시 동구 범일4동   1411번지,N,N,2026,학교알리미 Open API,data\raw\schoolinfo\2026\26170_02.json,2026-09-05T00:47:17.982185+00:00,0.1.0,True,0.5,elementary,부산광역시,동구,https://www.schoolinfo.go.kr/openApi.do,collection_snapshot,02,부산광역시 동구 증산서로 55,범일4동,35.1394800517,129.0501382369,schoolinfo,missing_school_type
5cc67d4a-7d6b-4531-809b-fd0a38156c70,S020000644,성남초등학교,,공립,남녀공학,2617010400,부산광역시남부교육지원청,부산광역시 동구 범일로53번길 14,부산광역시 동구 범일2동   305번지,N,N,2026,학교알리미 Open API,data\raw\schoolinfo\2026\26170_02.json,2026-09-05T00:47:17.982185+00:00,0.1.0,True,0.5,elementary,부산광역시,동구,https://www.schoolinfo.go.kr/openApi.do,collection_snapshot,02,부산광역시 동구 범일로53번길 14,범일2동,35.1353428805,129.0585823161,schoolinfo,missing_school_type
f17697aa-9f75-4c97-a435-c0132fb914b6,S020000647,수성초등학교,,공립,남녀공학,2617010200,부산광역시남부교육지원청,부산광역시 동구 망양로 807,부산광역시 동구 수정5동   520번지,N,N,2026,학교알리미 Open API,data\raw\schoolinfo\2026\26170_02.json,2026-09-05T00:47:17.982185+00:00,0.1.0,True,0.5,elementary,부산광역시,동구,https://www.schoolinfo.go.kr/openApi.do,collection_snapshot,02,부산광역시 동구 망양로 807,수정5동,35.1346418103,129.0428228077,schoolinfo,missing_school_type
3c5538a5-d8c1-46d2-b496-4666088d61ec,S020000648,수정초등학교,,공립,남녀공학,2617010200,부산광역시남부교육지원청,부산광역시 동구 진성로 29,부산광역시 동구 수정동,N,N,2026,학교알리미 Open API,data\raw\schoolinfo\2026\26170_02.json,2026-09-05T00:47:17.982185+00:00,0.1.0,True,0.5,elementary,부산광역시,동구,https://www.schoolinfo.go.kr/openApi.do,collection_snapshot,02,부산광역시 동구 진성로 29,수정동,35.1311298962,129.0461904433,schoolinfo,missing_school_type
fc9caf99-a13f-4168-8fde-e93c690126e5,S020000657,좌성초등학교,,공립,남녀공학,2617010400,부산광역시남부교육지원청,부산광역시 동구 증산동로 59,부산광역시 동구 범일동,Y,N,2026,학교알리미 Open API,data\raw\schoolinfo\2026\26170_02.json,2026-09-05T00:47:17.982185+00:00,0.1.0,True,0.5,elementary,부산광역시,동구,https://www.schoolinfo.go.kr/openApi.do,collection_snapshot,02,부산광역시 동구 증산동로 59,범일동,35.1373550285,129.0521649072,schoolinfo,missing_school_type;closed_or_suspended
cc32bd2d-588e-4cdd-86f0-08e4f92872f2,S020000658,좌천초등학교,,공립,남녀공학,2617010300,부산광역시남부교육지원청,부산광역시 동구 증산서로 18,부산광역시 동구 좌천동,Y,N,2026,학교알리미 Open API,data\raw\schoolinfo\2026\26170_02.json,2026-09-05T00:47:17.982185+00:00,0.1.0,True,0.5,elementary,부산광역시,동구,https://www.schoolinfo.go.kr/openApi.do,collection_snapshot,02,부산광역시 동구 증산서로 18,좌천동,35.3121626031,129.2402589678,schoolinfo,missing_school_type;closed_or_suspended
d4e79989-7507-437e-8cf2-067aa2319016,S020000660,초량초등학교,,공립,남녀공학,2617010100,부산광역시남부교육지원청,부산광역시 동구 초량상로 49,부산광역시 동구 초량1동,N,N,2026,학교알리미 Open API,data\raw\schoolinfo\2026\26170_02.json,2026-09-05T00:47:17.982185+00:00,0.1.0,True,0.5,elementary,부산광역시,동구,https://www.schoolinfo.go.kr/openApi.do,collection_snapshot,02,부산광역시 동구 초량상로 49,초량1동,35.1164253401,129.0361974898,schoolinfo,missing_school_type
75a268ff-9bad-44cf-822a-9d7e7709e081,S020000600,경남여자중학교,,공립,녀,2617010200,부산광역시남부교육지원청,부산광역시 동구 초량중로 142,부산광역시 동구 수정동,N,N,2026,학교알리미 Open API,data\raw\schoolinfo\2026\26170_03.json,2026-09-05T00:47:18.211841+00:00,0.1.0,True,0.5,middle,부산광역시,동구,https://www.schoolinfo.go.kr/openApi.do,collection_snapshot,03,부산광역시 동구 초량중로 142,수정동,35.1238731415,129.0425910809,schoolinfo,missing_school_type
63502a64-072b-4118-ad19-5df00842009e,S020000601,금성중학교,,사립,남,2617010300,부산광역시남부교육지원청,부산광역시 동구 증산로 83,부산광역시 동구 좌천동,Y,N,2026,학교알리미 Open API,data\raw\schoolinfo\2026\26170_03.json,2026-09-05T00:47:18.211841+00:00,0.1.0,True,0.5,middle,부산광역시,동구,https://www.schoolinfo.go.kr/openApi.do,collection_snapshot,03,부산광역시 동구 증산로 83,좌천동,35.1348242543,129.0515441017,schoolinfo,missing_school_type;closed_or_suspended
1378386e-96bb-4dfc-82d9-3598b31ab5a3,S020000613,부산동여자중학교,,사립,녀,2617010200,부산광역시남부교육지원청,부산광역시 동구 망양로773번길 28,부산광역시 동구 수정5동   599-42,N,N,2026,학교알리미 Open API,data\raw\schoolinfo\2026\26170_03.json,2026-09-05T00:47:18.211841+00:00,0.1.0,True,0.5,middle,부산광역시,동구,https://www.schoolinfo.go.kr/openApi.do,collection_snapshot,03,부산광역시 동구 망양로773번길 28,수정5동,35.1331460554,129.0412079822,schoolinfo,missing_school_type
54d146db-75bf-4ce8-96bb-79f763c35e77,S020000614,부산서중학교,,공립,남,2617010200,부산광역시남부교육지원청,부산광역시 동구 홍곡남로 29,부산광역시 동구 수정1동   1048번지,N,N,2026,학교알리미 Open API,data\raw\schoolinfo\2026\26170_03.json,2026-09-05T00:47:18.211841+00:00,0.1.0,True,0.5,middle,부산광역시,동구,https://www.schoolinfo.go.kr/openApi.do,collection_snapshot,03,부산광역시 동구 홍곡남로 29,수정1동,35.1254130671,129.0363378851,schoolinfo,missing_school_type
7e919d04-a068-4ccf-aafb-fec80b7dd797,S020000615,부산중학교,,공립,남,2617010100,부산광역시남부교육지원청,부산광역시 동구 초량로40번길 29,부산광역시 동구 초량6동 795~851,N,N,2026,학교알리미 Open API,data\raw\schoolinfo\2026\26170_03.json,2026-09-05T00:47:18.211841+00:00,0.1.0,True,0.5,middle,부산광역시,동구,https://www.schoolinfo.go.kr/openApi.do,collection_snapshot,03,부산광역시 동구 초량로40번길 29,초량6동,35.1222284222,129.0368684298,schoolinfo,missing_school_type
88f0ea4d-1f7a-498d-b557-ed282bf24d36,S020000618,선화여자중학교,,사립,녀,2617010100,부산광역시남부교육지원청,부산광역시 동구 초량로80번길 5,부산광역시 동구 초량동,N,N,2026,학교알리미 Open API,data\raw\schoolinfo\2026\26170_03.json,2026-09-05T00:47:18.211841+00:00,0.1.0,True,0.5,middle,부산광역시,동구,https://www.schoolinfo.go.kr/openApi.do,collection_snapshot,03,부산광역시 동구 초량로80번길 5,초량동,35.1211366649,129.0344808946,schoolinfo,missing_school_type
acbe7e59-d354-429e-967a-6ac9c6439fb0,S020001453,남항초등학교,,공립,남녀공학,2620011100,부산광역시서부교육지원청,부산광역시 영도구 남항새싹길 55,부산광역시 영도구 영선동4가 247,N,N,2026,학교알리미 Open API,data\raw\schoolinfo\2026\26200_02.json,2026-09-05T00:47:18.441309+00:00,0.1.0,True,0.5,elementary,부산광역시,영도구,https://www.schoolinfo.go.kr/openApi.do,collection_snapshot,02,부산광역시 영도구 남항새싹길 55,영선동4가,35.0834958131,129.0435175309,schoolinfo,missing_school_type
7b4cf5f4-e68a-426d-a874-e656a8c49a71,S020001458,대교초등학교,,공립,남녀공학,2620011800,부산광역시서부교육지원청,부산광역시 영도구 봉래나루로246번길 19,부산광역시 영도구 봉래동4가 18,N,N,2026,학교알리미 Open API,data\raw\schoolinfo\2026\26200_02.json,2026-09-05T00:47:18.441309+00:00,0.1.0,True,0.5,elementary,부산광역시,영도구,https://www.schoolinfo.go.kr/openApi.do,collection_snapshot,02,부산광역시 영도구 봉래나루로246번길 19,봉래동4가,35.0949986325,129.0460676991,schoolinfo,missing_school_type
c8b0e858-711f-4bf8-bebd-5fb4f01e4b44,S020001460,대평초등학교,,공립,남녀공학,2620010400,부산광역시서부교육지원청,부산광역시 영도구 절영로 82,부산광역시 영도구 남항동2가 65,N,N,2026,학교알리미 Open API,data\raw\schoolinfo\2026\26200_02.json,2026-09-05T00:47:18.441309+00:00,0.1.0,True,0.5,elementary,부산광역시,영도구,https://www.schoolinfo.go.kr/openApi.do,collection_snapshot,02,부산광역시 영도구 절영로 82,남항동2가,35.0878175293,129.0386127758,schoolinfo,missing_school_type
b15a2cbd-d417-4290-b220-4cb341ae4328,S020001461,동삼초등학교,,공립,남녀공학,2620012100,부산광역시서부교육지원청,부산광역시 영도구 태종로 610,부산광역시 영도구 동삼1동 247~321,N,N,2026,학교알리미 Open API,data\raw\schoolinfo\2026\26200_02.json,2026-09-05T00:47:18.441309+00:00,0.1.0,True,0.5,elementary,부산광역시,영도구,https://www.schoolinfo.go.kr/openApi.do,collection_snapshot,02,부산광역시 영도구 태종로 610,동삼1동,35.0798296588,129.0736695822,schoolinfo,missing_school_type
0d2f993e-1fac-4c69-8218-9c76c93ecf0c,S020001463,봉삼초등학교,,공립,남녀공학,2620012100,부산광역시서부교육지원청,부산광역시 영도구 함지로79번길 39,부산광역시 영도구 동삼1동,N,N,2026,학교알리미 Open API,data\raw\schoolinfo\2026\26200_02.json,2026-09-05T00:47:18.441309+00:00,0.1.0,True,0.5,elementary,부산광역시,영도구,https://www.schoolinfo.go.kr/openApi.do,collection_snapshot,02,부산광역시 영도구 함지로79번길 39,동삼1동,35.0748351064,129.0636511749,schoolinfo,missing_school_type
d04a057c-e6b2-4396-a928-481c7a48179a,S020001464,봉학초등학교,,공립,남녀공학,2620012000,부산광역시서부교육지원청,부산광역시 영도구 태종로 242,부산광역시 영도구 청학1동 389,N,N,2026,학교알리미 Open API,data\raw\schoolinfo\2026\26200_02.json,2026-09-05T00:47:18.441309+00:00,0.1.0,True,0.5,elementary,부산광역시,영도구,https://www.schoolinfo.go.kr/openApi.do,collection_snapshot,02,부산광역시 영도구 태종로 242,청학1동,35.0955480838,129.0547128318,schoolinfo,missing_school_type
cfb832d7-39f3-4d01-b94e-e374c64bdd52,S020001469,상리초등학교,,공립,남녀공학,2620012100,부산광역시서부교육지원청,부산광역시 영도구 상리로 38,부산광역시 영도구 동삼동,N,N,2026,학교알리미 Open API,data\raw\schoolinfo\2026\26200_02.json,2026-09-05T00:47:18.441309+00:00,0.1.0,True,0.5,elementary,부산광역시,영도구,https://www.schoolinfo.go.kr/openApi.do,collection_snapshot,02,부산광역시 영도구 상리로 38,동삼동,35.0843488185,129.0674034485,schoolinfo,missing_school_type
ad01868c-0fb9-4db7-8ac0-1b55018b3675,S020001474,신선초등학교,,공립,남녀공학,2620011400,부산광역시서부교육지원청,부산광역시 영도구 산정길 17,부산광역시 영도구 신선동3가,N,N,2026,학교알리미 Open API,data\raw\schoolinfo\2026\26200_02.json,2026-09-05T00:47:18.441309+00:00,0.1.0,True,0.5,elementary,부산광역시,영도구,https://www.schoolinfo.go.kr/openApi.do,collection_snapshot,02,부산광역시 영도구 산정길 17,신선동3가,35.0835997515,129.0476115515,schoolinfo,missing_school_type
6b2597d1-ea8a-4a67-9354-19227f7e31fb,S020001478,영도초등학교,,공립,남녀공학,2620011200,부산광역시서부교육지원청,부산광역시 영도구 꿈나무길 41,,N,N,2026,학교알리미 Open API,data\raw\schoolinfo\2026\26200_02.json,2026-09-05T00:47:18.441309+00:00,0.1.0,True,0.5,elementary,부산광역시,영도구,https://www.schoolinfo.go.kr/openApi.do,collection_snapshot,02,부산광역시 영도구 꿈나무길 41,,35.0896935774,129.0460053058,schoolinfo,missing_school_type;missing_legal_dong
3e6df54b-49df-4977-bdb0-a1d734231844,S020001483,절영초등학교,,공립,남녀공학,2620012100,부산광역시서부교육지원청,부산광역시 영도구 함지로 37,부산광역시 영도구 동삼동,N,N,2026,학교알리미 Open API,data\raw\schoolinfo\2026\26200_02.json,2026-09-05T00:47:18.441309+00:00,0.1.0,True,0.5,elementary,부산광역시,영도구,https://www.schoolinfo.go.kr/openApi.do,collection_snapshot,02,부산광역시 영도구 함지로 37,동삼동,35.0729483561,129.0631038049,schoolinfo,missing_school_type
460cafa8-8e8e-4a18-b468-9c1bcc4e07d6,S020001484,중리초등학교,,공립,남녀공학,2620012100,부산광역시서부교육지원청,부산광역시 영도구 와치로 286,부산광역시 영도구 동삼동,N,N,2026,학교알리미 Open API,data\raw\schoolinfo\2026\26200_02.json,2026-09-05T00:47:18.441309+00:00,0.1.0,True,0.5,elementary,부산광역시,영도구,https://www.schoolinfo.go.kr/openApi.do,collection_snapshot,02,부산광역시 영도구 와치로 286,동삼동,35.074267311,129.0705252658,schoolinfo,missing_school_type
4f8e99b6-dfb8-4be0-9154-5ebb41429ce2,S020001488,청동초등학교,,공립,남녀공학,2620012000,부산광역시서부교육지원청,부산광역시 영도구 태종로 422번길 51,부산광역시 영도구 청학2동,N,N,2026,학교알리미 Open API,data\raw\schoolinfo\2026\26200_02.json,2026-09-05T00:47:18.441309+00:00,0.1.0,True,0.5,elementary,부산광역시,영도구,https://www.schoolinfo.go.kr/openApi.do,collection_snapshot,02,부산광역시 영도구 태종로 422번길 51,청학2동,35.0883055626,129.0672621336,schoolinfo,missing_school_type
40d10665-6937-4e17-b291-0b2ccc04f9ed,S020001489,청학초등학교,,공립,남녀공학,2620012000,부산광역시서부교육지원청,부산광역시 영도구 청학로 49,부산광역시 영도구 청학1동 412,N,N,2026,학교알리미 Open API,data\raw\schoolinfo\2026\26200_02.json,2026-09-05T00:47:18.441309+00:00,0.1.0,True,0.5,elementary,부산광역시,영도구,https://www.schoolinfo.go.kr/openApi.do,collection_snapshot,02,부산광역시 영도구 청학로 49,청학1동,35.0928891393,129.0593081301,schoolinfo,missing_school_type
46e8e92b-7c66-4c04-8433-1c34b5ce5567,S020001491,태종대초등학교,,공립,남녀공학,2620012100,부산광역시서부교육지원청,부산광역시 영도구 태종로 802,부산광역시 영도구 동삼2동,N,N,2026,학교알리미 Open API,data\raw\schoolinfo\2026\26200_02.json,2026-09-05T00:47:18.441309+00:00,0.1.0,True,0.5,elementary,부산광역시,영도구,https://www.schoolinfo.go.kr/openApi.do,collection_snapshot,02,부산광역시 영도구 태종로 802,동삼2동,35.0658086632,129.0788608571,schoolinfo,missing_school_type
bc833499-3b5a-40bc-a56f-3607d8af8266,S020001403,남도여자중학교,,사립,녀,2620011300,부산광역시서부교육지원청,부산광역시 영도구 남도여중길 130,부산광역시 영도구 신선동2가,N,N,2026,학교알리미 Open API,data\raw\schoolinfo\2026\26200_03.json,2026-09-05T00:47:18.670903+00:00,0.1.0,True,0.5,middle,부산광역시,영도구,https://www.schoolinfo.go.kr/openApi.do,collection_snapshot,03,부산광역시 영도구 남도여중길 130,신선동2가,35.087118978,129.045414731,schoolinfo,missing_school_type
6e5d8ffa-6641-4b8d-8e33-81609261b502,S020001412,동삼중학교,,공립,남녀공학,2620012100,부산광역시서부교육지원청,부산광역시 영도구 와치로 259,부산광역시 영도구 동삼동 ,Y,N,2026,학교알리미 Open API,data\raw\schoolinfo\2026\26200_03.json,2026-09-05T00:47:18.670903+00:00,0.1.0,True,0.5,middle,부산광역시,영도구,https://www.schoolinfo.go.kr/openApi.do,collection_snapshot,03,부산광역시 영도구 와치로 259,동삼동,35.0758397957,129.0690930279,schoolinfo,missing_school_type;closed_or_suspended
70c0b4cb-1d74-4383-9cef-80433ede0875,S020001416,부산남중학교,,공립,남,2620010600,부산광역시서부교육지원청,부산광역시 영도구 절영로73번길 7,부산광역시 영도구 남항동2가,N,N,2026,학교알리미 Open API,data\raw\schoolinfo\2026\26200_03.json,2026-09-05T00:47:18.670903+00:00,0.1.0,True,0.5,middle,부산광역시,영도구,https://www.schoolinfo.go.kr/openApi.do,collection_snapshot,03,부산광역시 영도구 절영로73번길 7,남항동2가,35.0882155634,129.0402365452,schoolinfo,missing_school_type
e372d59f-d101-4e58-8b09-5ff7d5ae5976,S020001421,부산영선중학교,,공립,남녀공학,2620011400,부산광역시서부교육지원청,부산광역시 영도구 영상길 83,부산광역시 영도구 신선동3가,N,N,2026,학교알리미 Open API,data\raw\schoolinfo\2026\26200_03.json,2026-09-05T00:47:18.670903+00:00,0.1.0,True,0.5,middle,부산광역시,영도구,https://www.schoolinfo.go.kr/openApi.do,collection_snapshot,03,부산광역시 영도구 영상길 83,신선동3가,35.0855425284,129.0448447328,schoolinfo,missing_school_type
fe888843-adc3-4d61-8ecb-d85a896406b7,S020001430,신선중학교,,공립,남녀공학,2620011400,부산광역시서부교육지원청,부산광역시 영도구 복지관길 40,부산광역시 영도구 신선동3가,N,N,2026,학교알리미 Open API,data\raw\schoolinfo\2026\26200_03.json,2026-09-05T00:47:18.670903+00:00,0.1.0,True,0.5,middle,부산광역시,영도구,https://www.schoolinfo.go.kr/openApi.do,collection_snapshot,03,부산광역시 영도구 복지관길 40,신선동3가,35.0807393318,129.0455886852,schoolinfo,missing_school_type
1df5d717-18c4-4e55-9e15-9204fc00b52f,S020001434,영도제일중학교,,공립,남녀공학,2620012100,부산광역시서부교육지원청,부산광역시 영도구 중리로 64,부산광역시 영도구 동삼1동,N,N,2026,학교알리미 Open API,data\raw\schoolinfo\2026\26200_03.json,2026-09-05T00:47:18.670903+00:00,0.1.0,True,0.5,middle,부산광역시,영도구,https://www.schoolinfo.go.kr/openApi.do,collection_snapshot,03,부산광역시 영도구 중리로 64,동삼1동,35.077393898,129.0687056285,schoolinfo,missing_school_type
115f5b51-4dba-4136-92ed-690a1ba41d07,S020001441,태종대중학교,,공립,남녀공학,2620012100,부산광역시서부교육지원청,부산광역시 영도구 함지로79번길 9,부산광역시 영도구 동삼동   523-1,N,N,2026,학교알리미 Open API,data\raw\schoolinfo\2026\26200_03.json,2026-09-05T00:47:18.670903+00:00,0.1.0,True,0.5,middle,부산광역시,영도구,https://www.schoolinfo.go.kr/openApi.do,collection_snapshot,03,부산광역시 영도구 함지로79번길 9,동삼동,35.0735710432,129.0640051898,schoolinfo,missing_school_type
bcfce7b2-d1cc-436b-aaaf-cfdfb8833c6a,S020001445,해동중학교,,사립,남녀공학,2620012100,부산광역시서부교육지원청,부산광역시 영도구 절영로490번길 8-22,부산 영도구 동삼동,N,N,2026,학교알리미 Open API,data\raw\schoolinfo\2026\26200_03.json,2026-09-05T00:47:18.670903+00:00,0.1.0,True,0.5,middle,부산광역시,영도구,https://www.schoolinfo.go.kr/openApi.do,collection_snapshot,03,부산광역시 영도구 절영로490번길 8-22,동삼동,35.0696757554,129.0696331961,schoolinfo,missing_school_type
e0506ca5-6bfa-40d0-80be-7a37b11addf6,S020002176,부산체육중학교,,공립,남녀공학,2620012100,부산광역시서부교육지원청,부산광역시 영도구 중리북로21번길 5,부산광역시 영도구 동삼동,N,N,2026,학교알리미 Open API,data\raw\schoolinfo\2026\26200_03.json,2026-09-05T00:47:18.670903+00:00,0.1.0,True,0.5,middle,부산광역시,영도구,https://www.schoolinfo.go.kr/openApi.do,collection_snapshot,03,부산광역시 영도구 중리북로21번길 5,동삼동,35.0712366084,129.0649811435,schoolinfo,missing_school_type
e7eeb674-56d5-4c3a-ac7a-07cabfbb38c9,S020000989,가남초등학교,,공립,남녀공학,2623011000,부산광역시남부교육지원청,부산광역시 부산진구 엄광로 325,,N,N,2026,학교알리미 Open API,data\raw\schoolinfo\2026\26230_02.json,2026-09-05T00:47:18.903107+00:00,0.1.0,True,0.5,elementary,부산광역시,부산진구,https://www.schoolinfo.go.kr/openApi.do,collection_snapshot,02,부산광역시 부산진구 엄광로 325,,35.154108181,129.0443562573,schoolinfo,missing_school_type;missing_legal_dong
30ed406a-5977-4397-837e-5e46d439f276,S020000990,가산초등학교,,공립,남녀공학,2623011000,부산광역시남부교육지원청,부산광역시 부산진구 엄광로182번길 49,부산광역시 부산진구 가야동 ,Y,N,2026,학교알리미 Open API,data\raw\schoolinfo\2026\26230_02.json,2026-09-05T00:47:18.903107+00:00,0.1.0,True,0.5,elementary,부산광역시,부산진구,https://www.schoolinfo.go.kr/openApi.do,collection_snapshot,02,부산광역시 부산진구 엄광로182번길 49,가야동,35.1463730321,129.0354732644,schoolinfo,missing_school_type;closed_or_suspended
8580e4cf-8219-4c2e-9729-a262952e61c9,S020000991,가야초등학교,,공립,남녀공학,2623011000,부산광역시남부교육지원청,부산광역시 부산진구 대학로 22,부산광역시 부산진구 가야3동,N,N,2026,학교알리미 Open API,data\raw\schoolinfo\2026\26230_02.json,2026-09-05T00:47:18.903107+00:00,0.1.0,True,0.5,elementary,부산광역시,부산진구,https://www.schoolinfo.go.kr/openApi.do,collection_snapshot,02,부산광역시 부산진구 대학로 22,가야3동,35.153315126,129.0351546493,schoolinfo,missing_school_type
08bdcd6c-3ba2-4f53-9472-c4a9674adc27,S020000992,가평초등학교,,공립,남녀공학,2623011000,부산광역시남부교육지원청,부산광역시 부산진구 가야대로482번길 87,부산광역시 부산진구 가야2동 649-19,N,N,2026,학교알리미 Open API,data\raw\schoolinfo\2026\26230_02.json,2026-09-05T00:47:18.903107+00:00,0.1.0,True,0.5,elementary,부산광역시,부산진구,https://www.schoolinfo.go.kr/openApi.do,collection_snapshot,02,부산광역시 부산진구 가야대로482번길 87,가야2동,35.1485603319,129.0250606051,schoolinfo,missing_school_type
b53a2036-7178-4047-9170-180ae58c43d5,S020000993,개금초등학교,,공립,남녀공학,2623011100,부산광역시남부교육지원청,부산광역시 부산진구 가야대로443번길 25-10,부산광역시 부산진구 개금3동,N,N,2026,학교알리미 Open API,data\raw\schoolinfo\2026\26230_02.json,2026-09-05T00:47:18.903107+00:00,0.1.0,True,0.5,elementary,부산광역시,부산진구,https://www.schoolinfo.go.kr/openApi.do,collection_snapshot,02,부산광역시 부산진구 가야대로443번길 25-10,개금3동,35.1544837113,129.0198264347,schoolinfo,missing_school_type
73364137-ee04-4aa9-8188-bf461d558ff2,S020000995,개림초등학교,,공립,남녀공학,2623011100,부산광역시남부교육지원청,부산광역시 부산진구 백양대로320번길 40,부산광역시 부산진구 개금동,N,N,2026,학교알리미 Open API,data\raw\schoolinfo\2026\26230_02.json,2026-09-05T00:47:18.903107+00:00,0.1.0,True,0.5,elementary,부산광역시,부산진구,https://www.schoolinfo.go.kr/openApi.do,collection_snapshot,02,부산광역시 부산진구 백양대로320번길 40,개금동,35.1564033948,129.016028985,schoolinfo,missing_school_type
34869b23-882e-4ea9-803d-d8c51925a9af,S020000996,개원초등학교,,공립,남녀공학,2623011100,부산광역시남부교육지원청,부산광역시 부산진구 백양관문로77번길 17,부산광역시 부산진구 개금동,N,N,2026,학교알리미 Open API,data\raw\schoolinfo\2026\26230_02.json,2026-09-05T00:47:18.903107+00:00,0.1.0,True,0.5,elementary,부산광역시,부산진구,https://www.schoolinfo.go.kr/openApi.do,collection_snapshot,02,부산광역시 부산진구 백양관문로77번길 17,개금동,35.1644532932,129.0285098074,schoolinfo,missing_school_type
f7e6beb7-41c6-468d-b5c8-e9e0723471d6,S020000997,개포초등학교,,공립,남녀공학,2623011100,부산광역시남부교육지원청,부산광역시 부산진구 백양대로208번길 9,부산광역시 부산진구 개금3동 58,N,N,2026,학교알리미 Open API,data\raw\schoolinfo\2026\26230_02.json,2026-09-05T00:47:18.903107+00:00,0.1.0,True,0.5,elementary,부산광역시,부산진구,https://www.schoolinfo.go.kr/openApi.do,collection_snapshot,02,부산광역시 부산진구 백양대로208번길 9,개금3동,35.1588034152,129.0266532663,schoolinfo,missing_school_type
b600b84b-7a75-4566-8ea0-9b4ef86e6d57,S020000998,개화초등학교,,공립,남녀공학,2623011100,부산광역시남부교육지원청,부산광역시 부산진구 개금본동로66번길 12-12,부산광역시 부산진구 개금동,N,N,2026,학교알리미 Open API,data\raw\schoolinfo\2026\26230_02.json,2026-09-05T00:47:18.903107+00:00,0.1.0,True,0.5,elementary,부산광역시,부산진구,https://www.schoolinfo.go.kr/openApi.do,collection_snapshot,02,부산광역시 부산진구 개금본동로66번길 12-12,개금동,35.1586034729,129.0207139894,schoolinfo,missing_school_type
8ed19d99-6964-449c-8988-d99a3c25bf7d,S020001003,당감초등학교,,공립,남녀공학,2623010900,부산광역시남부교육지원청,부산광역시 부산진구 당감로 22-5,부산광역시 부산진구 당감1동   271,N,N,2026,학교알리미 Open API,data\raw\schoolinfo\2026\26230_02.json,2026-09-05T00:47:18.903107+00:00,0.1.0,True,0.5,elementary,부산광역시,부산진구,https://www.schoolinfo.go.kr/openApi.do,collection_snapshot,02,부산광역시 부산진구 당감로 22-5,당감1동,35.1641490878,129.0406086995,schoolinfo,missing_school_type
6b81300b-3ed7-434f-a4b4-b3d53e75d150,S020001004,당평초등학교,,공립,남녀공학,2623010900,부산광역시남부교육지원청,부산광역시 부산진구 백양대로136번길 26,부산광역시 부산진구 당감동,N,N,2026,학교알리미 Open API,data\raw\schoolinfo\2026\26230_02.json,2026-09-05T00:47:18.903107+00:00,0.1.0,True,0.5,elementary,부산광역시,부산진구,https://www.schoolinfo.go.kr/openApi.do,collection_snapshot,02,부산광역시 부산진구 백양대로136번길 26,당감동,35.1616193392,129.0345670761,schoolinfo,missing_school_type
193a6fc9-3e9d-4fe9-918c-dcaf17bdc69a,S020001006,동성초등학교,,사립,남녀공학,2623010200,부산광역시남부교육지원청,부산광역시 부산진구 동성로 26,부산광역시 부산진구 전포3동   358-8,N,N,2026,학교알리미 Open API,data\raw\schoolinfo\2026\26230_02.json,2026-09-05T00:47:18.903107+00:00,0.1.0,True,0.5,elementary,부산광역시,부산진구,https://www.schoolinfo.go.kr/openApi.do,collection_snapshot,02,부산광역시 부산진구 동성로 26,전포3동,35.1529266848,129.0691418191,schoolinfo,missing_school_type
6a7872be-8059-4171-8ac7-4313b09a1d5c,S020001007,동원초등학교,,공립,남녀공학,2623010900,부산광역시남부교육지원청,부산광역시 부산진구 백양산로 43,부산광역시 부산진구 당감4동 750~790,N,N,2026,학교알리미 Open API,data\raw\schoolinfo\2026\26230_02.json,2026-09-05T00:47:18.903107+00:00,0.1.0,True,0.5,elementary,부산광역시,부산진구,https://www.schoolinfo.go.kr/openApi.do,collection_snapshot,02,부산광역시 부산진구 백양산로 43,당감4동,35.1729007923,129.0309849588,schoolinfo,missing_school_type
05efa8d6-235e-4b17-aabc-6fb88ecf2668,S020001008,동평초등학교,,공립,남녀공학,2623010900,부산광역시남부교육지원청,부산광역시 부산진구 당감서로65번길 31,부산광역시 부산진구 당감동,N,N,2026,학교알리미 Open API,data\raw\schoolinfo\2026\26230_02.json,2026-09-05T00:47:18.903107+00:00,0.1.0,True,0.5,elementary,부산광역시,부산진구,https://www.schoolinfo.go.kr/openApi.do,collection_snapshot,02,부산광역시 부산진구 당감서로65번길 31,당감동,35.1674789458,129.0348754942,schoolinfo,missing_school_type
0af5fa2b-ccdd-453a-be59-33b1de9d85a9,S020001010,부산진초등학교,,공립,남녀공학,2623010400,부산광역시남부교육지원청,부산광역시 부산진구 범천로 30,부산광역시 부산진구 범천2동   1010번지,N,N,2026,학교알리미 Open API,data\raw\schoolinfo\2026\26230_02.json,2026-09-05T00:47:18.903107+00:00,0.1.0,True,0.5,elementary,부산광역시,부산진구,https://www.schoolinfo.go.kr/openApi.do,collection_snapshot,02,부산광역시 부산진구 범천로 30,범천2동,35.149950956,129.0561831768,schoolinfo,missing_school_type
8c525ee0-ba3f-4015-8dfa-7a648b9b5034,S020001011,부암초등학교,,공립,남녀공학,2623010800,부산광역시남부교육지원청,부산광역시 부산진구 신천대로263번길 26,부산광역시 부산진구 부암1동,N,N,2026,학교알리미 Open API,data\raw\schoolinfo\2026\26230_02.json,2026-09-05T00:47:18.903107+00:00,0.1.0,True,0.5,elementary,부산광역시,부산진구,https://www.schoolinfo.go.kr/openApi.do,collection_snapshot,02,부산광역시 부산진구 신천대로263번길 26,부암1동,35.1648831706,129.0487960993,schoolinfo,missing_school_type
824d29cd-e7c7-4f32-8d9d-fff1ec1c54ac,S020001012,부전초등학교,,공립,남녀공학,2623010300,부산광역시남부교육지원청,부산광역시 부산진구 부전로65번길 25,부산광역시 부산진구 부전2동   450-1번지,N,N,2026,학교알리미 Open API,data\raw\schoolinfo\2026\26230_02.json,2026-09-05T00:47:18.903107+00:00,0.1.0,True,0.5,elementary,부산광역시,부산진구,https://www.schoolinfo.go.kr/openApi.do,collection_snapshot,02,부산광역시 부산진구 부전로65번길 25,부전2동,35.1552263407,129.0532633531,schoolinfo,missing_school_type
8afafea0-8fed-47e2-a528-5b9d7c59871f,S020001013,선암초등학교,,공립,남녀공학,2623010400,부산광역시남부교육지원청,부산광역시 부산진구 엄광로 412,부산광역시 부산진구 범천동,N,N,2026,학교알리미 Open API,data\raw\schoolinfo\2026\26230_02.json,2026-09-05T00:47:18.903107+00:00,0.1.0,True,0.5,elementary,부산광역시,부산진구,https://www.schoolinfo.go.kr/openApi.do,collection_snapshot,02,부산광역시 부산진구 엄광로 412,범천동,35.1488009299,129.0489062434,schoolinfo,missing_school_type
f840d8fb-8690-468c-ae1d-14e19e549f37,S020001014,성북초등학교,,공립,남녀공학,2623010200,부산광역시남부교육지원청,부산광역시 부산진구 황령대로 79,부산광역시 부산진구 전포3동   364번지,N,N,2026,학교알리미 Open API,data\raw\schoolinfo\2026\26230_02.json,2026-09-05T00:47:18.903107+00:00,0.1.0,True,0.5,elementary,부산광역시,부산진구,https://www.schoolinfo.go.kr/openApi.do,collection_snapshot,02,부산광역시 부산진구 황령대로 79,전포3동,35.1516161618,129.0675725232,schoolinfo,missing_school_type
a3dea1c8-3af5-4960-94fe-0169ff935d98,S020001015,성서초등학교,,공립,남녀공학,2623010400,부산광역시남부교육지원청,부산광역시 부산진구 중앙번영로 25,부산광역시 부산진구 범천1동 851-6,N,N,2026,학교알리미 Open API,data\raw\schoolinfo\2026\26230_02.json,2026-09-05T00:47:18.903107+00:00,0.1.0,True,0.5,elementary,부산광역시,부산진구,https://www.schoolinfo.go.kr/openApi.do,collection_snapshot,02,부산광역시 부산진구 중앙번영로 25,범천1동,35.1455115669,129.0619762602,schoolinfo,missing_school_type
4264b90f-06b9-456d-b3c9-92efb5c284a1,S020001016,성전초등학교,,공립,남녀공학,2623010200,부산광역시남부교육지원청,부산광역시 부산진구 전포대로298번길 15,부산광역시 부산진구 전포2동 164,N,N,2026,학교알리미 Open API,data\raw\schoolinfo\2026\26230_02.json,2026-09-05T00:47:18.903107+00:00,0.1.0,True,0.5,elementary,부산광역시,부산진구,https://www.schoolinfo.go.kr/openApi.do,collection_snapshot,02,부산광역시 부산진구 전포대로298번길 15,전포2동,35.1639111899,129.0665405754,schoolinfo,missing_school_type
d269f680-8110-4caa-b088-b18128247ce1,S020001017,성지초등학교,,공립,남녀공학,2623010500,부산광역시남부교육지원청,부산광역시 부산진구 시민공원로 62,부산광역시 부산진구 범전동 229,N,N,2026,학교알리미 Open API,data\raw\schoolinfo\2026\26230_02.json,2026-09-05T00:47:18.903107+00:00,0.1.0,True,0.5,elementary,부산광역시,부산진구,https://www.schoolinfo.go.kr/openApi.do,collection_snapshot,02,부산광역시 부산진구 시민공원로 62,범전동,35.1640501889,129.057106572,schoolinfo,missing_school_type
8fa75b56-8ec7-4c1a-9ee2-f2eefdb56cbd,S020001018,양동초등학교,,공립,남녀공학,2623010100,부산광역시남부교육지원청,부산광역시 부산진구 황령산로605번길 35-10,부산광역시 부산진구 양정동,N,N,2026,학교알리미 Open API,data\raw\schoolinfo\2026\26230_02.json,2026-09-05T00:47:18.903107+00:00,0.1.0,True,0.5,elementary,부산광역시,부산진구,https://www.schoolinfo.go.kr/openApi.do,collection_snapshot,02,부산광역시 부산진구 황령산로605번길 35-10,양정동,35.171504615,129.0809429913,schoolinfo,missing_school_type
60c96317-460c-42c9-bbaf-de3ef33e289e,S020001019,양성초등학교,,공립,남녀공학,2623010100,부산광역시남부교육지원청,부산광역시 부산진구 양성로 34,부산광역시 부산진구 양정1동,N,N,2026,학교알리미 Open API,data\raw\schoolinfo\2026\26230_02.json,2026-09-05T00:47:18.903107+00:00,0.1.0,True,0.5,elementary,부산광역시,부산진구,https://www.schoolinfo.go.kr/openApi.do,collection_snapshot,02,부산광역시 부산진구 양성로 34,양정1동,35.1702393083,129.0662134656,schoolinfo,missing_school_type
7ecc2bd1-530c-41ac-83b7-9e480e94dff1,S020001020,양정초등학교,,공립,남녀공학,2623010100,부산광역시남부교육지원청,부산광역시 부산진구 중앙대로941번길 24,부산광역시 부산진구 양정2동 273-8,N,N,2026,학교알리미 Open API,data\raw\schoolinfo\2026\26230_02.json,2026-09-05T00:47:18.903107+00:00,0.1.0,True,0.5,elementary,부산광역시,부산진구,https://www.schoolinfo.go.kr/openApi.do,collection_snapshot,02,부산광역시 부산진구 중앙대로941번길 24,양정2동,35.1751477737,129.0713380695,schoolinfo,missing_school_type
1f31d665-0ebc-4221-845d-be747b58bdfb,S020001028,연지초등학교,,공립,남녀공학,2623010600,부산광역시남부교육지원청,부산광역시 부산진구 연지로 29,부산광역시 부산진구 연지동,N,N,2026,학교알리미 Open API,data\raw\schoolinfo\2026\26230_02.json,2026-09-05T00:47:18.903107+00:00,0.1.0,True,0.5,elementary,부산광역시,부산진구,https://www.schoolinfo.go.kr/openApi.do,collection_snapshot,02,부산광역시 부산진구 연지로 29,연지동,35.172311645,129.0518184517,schoolinfo,missing_school_type
c3384ed5-de91-4ddb-97bc-2f38ccf3a76b,S020001030,연학초등학교,,공립,남녀공학,2623010700,부산광역시남부교육지원청,부산광역시 부산진구 초읍천로 43번길,부산광역시 부산진구 초읍동,N,N,2026,학교알리미 Open API,data\raw\schoolinfo\2026\26230_02.json,2026-09-05T00:47:18.903107+00:00,0.1.0,True,0.5,elementary,부산광역시,부산진구,https://www.schoolinfo.go.kr/openApi.do,collection_snapshot,02,부산광역시 부산진구 초읍천로 43번길,초읍동,35.1769490893,129.046596476,schoolinfo,missing_school_type
76a74f42-9068-48c6-9eb0-679c6752da8f,S020001031,전포초등학교,,공립,남녀공학,2623010200,부산광역시남부교육지원청,부산광역시 부산진구 전포대로255번길 38,부산광역시 부산진구 전포2동   655번지,N,N,2026,학교알리미 Open API,data\raw\schoolinfo\2026\26230_02.json,2026-09-05T00:47:18.903107+00:00,0.1.0,True,0.5,elementary,부산광역시,부산진구,https://www.schoolinfo.go.kr/openApi.do,collection_snapshot,02,부산광역시 부산진구 전포대로255번길 38,전포2동,35.1600279672,129.0632710274,schoolinfo,missing_school_type
03f072f9-5a8a-4a24-b2d6-52613f8192b1,S020001032,주례초등학교,,공립,남녀공학,2623011100,부산광역시남부교육지원청,부산광역시 부산진구 진사로61번길 28-7,부산광역시 부산진구 개금동,N,N,2026,학교알리미 Open API,data\raw\schoolinfo\2026\26230_02.json,2026-09-05T00:47:18.903107+00:00,0.1.0,True,0.5,elementary,부산광역시,부산진구,https://www.schoolinfo.go.kr/openApi.do,collection_snapshot,02,부산광역시 부산진구 진사로61번길 28-7,개금동,35.1452858367,129.0186686905,schoolinfo,missing_school_type
c0b1767e-6fc8-4bf4-978e-c6d9fb70d099,S020001033,주원초등학교,,공립,남녀공학,2623011100,부산광역시남부교육지원청,부산광역시 부산진구 복지로 71,부산광역시 부산진구 개금동,Y,N,2026,학교알리미 Open API,data\raw\schoolinfo\2026\26230_02.json,2026-09-05T00:47:18.903107+00:00,0.1.0,True,0.5,elementary,부산광역시,부산진구,https://www.schoolinfo.go.kr/openApi.do,collection_snapshot,02,부산광역시 부산진구 복지로 71,개금동,35.1471249572,129.0205705321,schoolinfo,missing_school_type;closed_or_suspended
bd3284f6-3bd5-48bd-892a-2e71c4f7da83,S020001035,초읍초등학교,,공립,남녀공학,2623010700,부산광역시남부교육지원청,부산광역시 부산진구 성지로104번길 26,부산광역시 부산진구 초읍동 산1~25,N,N,2026,학교알리미 Open API,data\raw\schoolinfo\2026\26230_02.json,2026-09-05T00:47:18.903107+00:00,0.1.0,True,0.5,elementary,부산광역시,부산진구,https://www.schoolinfo.go.kr/openApi.do,collection_snapshot,02,부산광역시 부산진구 성지로104번길 26,초읍동,35.1807457073,129.0539919092,schoolinfo,missing_school_type
d66c8642-cb5d-40e5-9f2c-c6ac9d6e6a70,S020001890,동양초등학교,,공립,남녀공학,2623010800,부산광역시남부교육지원청,부산광역시 부산진구 백양산로 99,부산광역시 부산진구 부암동,N,N,2026,학교알리미 Open API,data\raw\schoolinfo\2026\26230_02.json,2026-09-05T00:47:18.903107+00:00,0.1.0,True,0.5,elementary,부산광역시,부산진구,https://www.schoolinfo.go.kr/openApi.do,collection_snapshot,02,부산광역시 부산진구 백양산로 99,부암동,35.1765957223,129.0309759169,schoolinfo,missing_school_type
43c8e5fe-414c-488a-a304-36ab82c77860,S020000955,가야여자중학교,,공립,녀,2623011000,부산광역시남부교육지원청,부산광역시 부산진구 엄광로182번길 15-25,부산광역시 부산진구 가야3동   414-14번지,N,N,2026,학교알리미 Open API,data\raw\schoolinfo\2026\26230_03.json,2026-09-05T00:47:19.134360+00:00,0.1.0,True,0.5,middle,부산광역시,부산진구,https://www.schoolinfo.go.kr/openApi.do,collection_snapshot,03,부산광역시 부산진구 엄광로182번길 15-25,가야3동,35.1485679321,129.0364320202,schoolinfo,missing_school_type
2d81602d-e95f-4ca8-b036-18794f83e605,S020000956,개금여자중학교,,공립,녀,2623010900,부산광역시남부교육지원청,부산광역시 부산진구 백양대로136번길 75,부산광역시 부산진구 당감동 ,N,N,2026,학교알리미 Open API,data\raw\schoolinfo\2026\26230_03.json,2026-09-05T00:47:19.134360+00:00,0.1.0,True,0.5,middle,부산광역시,부산진구,https://www.schoolinfo.go.kr/openApi.do,collection_snapshot,03,부산광역시 부산진구 백양대로136번길 75,당감동,35.1637610806,129.0326012391,schoolinfo,missing_school_type
f8d84b29-dd05-415d-baa6-4289b3d15088,S020000957,개림중학교,,공립,남녀공학,2623011100,부산광역시남부교육지원청,부산광역시 부산진구 백양대로300번길 46,부산광역시 부산진구 개금3동  445-1,N,N,2026,학교알리미 Open API,data\raw\schoolinfo\2026\26230_03.json,2026-09-05T00:47:19.134360+00:00,0.1.0,True,0.5,middle,부산광역시,부산진구,https://www.schoolinfo.go.kr/openApi.do,collection_snapshot,03,부산광역시 부산진구 백양대로300번길 46,개금3동,35.157287261,129.0179337759,schoolinfo,missing_school_type
79a5be75-2c0f-4ce3-a320-e3ce472be35e,S020000960,광무여자중학교,,공립,녀,2623011100,부산광역시남부교육지원청,부산광역시 부산진구 백양관문로 31,부산광역시 부산진구 개금동,N,N,2026,학교알리미 Open API,data\raw\schoolinfo\2026\26230_03.json,2026-09-05T00:47:19.134360+00:00,0.1.0,True,0.5,middle,부산광역시,부산진구,https://www.schoolinfo.go.kr/openApi.do,collection_snapshot,03,부산광역시 부산진구 백양관문로 31,개금동,35.1620063772,129.0299765619,schoolinfo,missing_school_type
b188fd9e-64fe-49fb-ade0-8f2e7bea39d8,S020000961,덕명여자중학교,,사립,녀,2623010200,부산광역시남부교육지원청,부산광역시 부산진구 봉수로 13,부산광역시 부산진구 전포동,N,N,2026,학교알리미 Open API,data\raw\schoolinfo\2026\26230_03.json,2026-09-05T00:47:19.134360+00:00,0.1.0,True,0.5,middle,부산광역시,부산진구,https://www.schoolinfo.go.kr/openApi.do,collection_snapshot,03,부산광역시 부산진구 봉수로 13,전포동,35.1527153215,129.069908917,schoolinfo,missing_school_type
2b7454ac-e388-4cc7-9207-77b9be0f0c40,S020000963,동의중학교,,사립,남,2623010200,부산광역시남부교육지원청,부산광역시 부산진구 진남로462번길 16,부산광역시 부산진구 전포2동   산114번지,N,N,2026,학교알리미 Open API,data\raw\schoolinfo\2026\26230_03.json,2026-09-05T00:47:19.134360+00:00,0.1.0,True,0.5,middle,부산광역시,부산진구,https://www.schoolinfo.go.kr/openApi.do,collection_snapshot,03,부산광역시 부산진구 진남로462번길 16,전포2동,35.1649435782,129.0708860549,schoolinfo,missing_school_type
736908ff-ca2a-4562-814c-925b643b6aed,S020000964,동평여자중학교,,공립,녀,2623010800,부산광역시남부교육지원청,부산광역시 부산진구 백양순환로119번길 12-39,부산광역시 부산진구 부암3동,N,N,2026,학교알리미 Open API,data\raw\schoolinfo\2026\26230_03.json,2026-09-05T00:47:19.134360+00:00,0.1.0,True,0.5,middle,부산광역시,부산진구,https://www.schoolinfo.go.kr/openApi.do,collection_snapshot,03,부산광역시 부산진구 백양순환로119번길 12-39,부암3동,35.1704922405,129.0428085394,schoolinfo,missing_school_type
67c3baa5-baa9-4fbf-9ff3-ba2734230733,S020000965,동평중학교,,공립,남,2623010800,부산광역시남부교육지원청,부산광역시 부산진구 백양순환로119번길 12-31,부산광역시 부산진구 부암3동,N,N,2026,학교알리미 Open API,data\raw\schoolinfo\2026\26230_03.json,2026-09-05T00:47:19.134360+00:00,0.1.0,True,0.5,middle,부산광역시,부산진구,https://www.schoolinfo.go.kr/openApi.do,collection_snapshot,03,부산광역시 부산진구 백양순환로119번길 12-31,부암3동,35.1711648118,129.0418288508,schoolinfo,missing_school_type
2d55fe63-dc05-4d9e-8cbc-e642c72383c5,S020000967,부산개성중학교,,공립,남,2623011000,부산광역시남부교육지원청,부산광역시 부산진구 엄광로 176-12,부산광역시 부산진구 가야동,N,N,2026,학교알리미 Open API,data\raw\schoolinfo\2026\26230_03.json,2026-09-05T00:47:19.134360+00:00,0.1.0,True,0.5,middle,부산광역시,부산진구,https://www.schoolinfo.go.kr/openApi.do,collection_snapshot,03,부산광역시 부산진구 엄광로 176-12,가야동,35.1469409726,129.0328586103,schoolinfo,missing_school_type
a4e5e6f3-9d67-4149-93ac-d54ccb6ccdcf,S020000969,부산국제중학교,,공립,남녀공학,2623010900,부산광역시남부교육지원청,부산광역시 부산진구 백양관문로 105-70,부산광역시 부산진구 당감동,N,N,2026,학교알리미 Open API,data\raw\schoolinfo\2026\26230_03.json,2026-09-05T00:47:19.134360+00:00,0.1.0,True,0.5,middle,부산광역시,부산진구,https://www.schoolinfo.go.kr/openApi.do,collection_snapshot,03,부산광역시 부산진구 백양관문로 105-70,당감동,35.1673636645,129.0233626879,schoolinfo,missing_school_type
52ed468a-be84-49f9-ad5a-c1fc6c4731e7,S020000971,부산동중학교,,사립,남,2623010200,부산광역시남부교육지원청,부산광역시 부산진구 동성로30번길 36,부산광역시 부산진구 전포동,N,N,2026,학교알리미 Open API,data\raw\schoolinfo\2026\26230_03.json,2026-09-05T00:47:19.134360+00:00,0.1.0,True,0.5,middle,부산광역시,부산진구,https://www.schoolinfo.go.kr/openApi.do,collection_snapshot,03,부산광역시 부산진구 동성로30번길 36,전포동,35.1534639532,129.0710295162,schoolinfo,missing_school_type
82b43372-a02c-422f-a974-07ca81190b46,S020000973,부산진여자중학교,,공립,녀,2623010200,부산광역시남부교육지원청,부산광역시 부산진구 동성로 34,부산광역시 부산진구 전포동,N,N,2026,학교알리미 Open API,data\raw\schoolinfo\2026\26230_03.json,2026-09-05T00:47:19.134360+00:00,0.1.0,True,0.5,middle,부산광역시,부산진구,https://www.schoolinfo.go.kr/openApi.do,collection_snapshot,03,부산광역시 부산진구 동성로 34,전포동,35.1541782987,129.0688838463,schoolinfo,missing_school_type
df46c7cf-937f-4905-86b1-e75c3a6b0229,S020000974,부산진중학교,,공립,남,2623010500,부산광역시남부교육지원청,부산광역시 부산진구 시민공원로 50,부산광역시 부산진구 범전동,N,N,2026,학교알리미 Open API,data\raw\schoolinfo\2026\26230_03.json,2026-09-05T00:47:19.134360+00:00,0.1.0,True,0.5,middle,부산광역시,부산진구,https://www.schoolinfo.go.kr/openApi.do,collection_snapshot,03,부산광역시 부산진구 시민공원로 50,범전동,35.1642254393,129.0554363698,schoolinfo,missing_school_type
2e1cac7d-cf4a-432d-8a5f-1f542b79a48e,S020000976,서면중학교,,사립,남,2623010800,부산광역시남부교육지원청,부산광역시 부산진구 가야대로747번길 53,부산광역시 부산진구 부암1동,N,N,2026,학교알리미 Open API,data\raw\schoolinfo\2026\26230_03.json,2026-09-05T00:47:19.134360+00:00,0.1.0,True,0.5,middle,부산광역시,부산진구,https://www.schoolinfo.go.kr/openApi.do,collection_snapshot,03,부산광역시 부산진구 가야대로747번길 53,부암1동,35.160486989,129.0522203474,schoolinfo,missing_school_type
f0b1060b-ff03-44a9-ae4c-b58b2ba4c94c,S020000984,초연중학교,,공립,남녀공학,2623010700,부산광역시남부교육지원청,부산광역시 부산진구 초읍천로77번가길 9,부산광역시 부산진구 초읍동,N,N,2026,학교알리미 Open API,data\raw\schoolinfo\2026\26230_03.json,2026-09-05T00:47:19.134360+00:00,0.1.0,True,0.5,middle,부산광역시,부산진구,https://www.schoolinfo.go.kr/openApi.do,collection_snapshot,03,부산광역시 부산진구 초읍천로77번가길 9,초읍동,35.1797809057,129.0441210498,schoolinfo,missing_school_type
1b8a189d-6ad4-4c15-bdb2-2ba754d226a1,S020000986,초읍중학교,,공립,남녀공학,2623010700,부산광역시남부교육지원청,부산광역시 부산진구 성지로94번길 71,부산광역시 부산진구 초읍동,N,N,2026,학교알리미 Open API,data\raw\schoolinfo\2026\26230_03.json,2026-09-05T00:47:19.134360+00:00,0.1.0,True,0.5,middle,부산광역시,부산진구,https://www.schoolinfo.go.kr/openApi.do,collection_snapshot,03,부산광역시 부산진구 성지로94번길 71,초읍동,35.180895456,129.0564246989,schoolinfo,missing_school_type
897c3e08-0b4e-4773-a235-ecddd33d7f27,S020000988,항도중학교,,사립,남,2623010200,부산광역시남부교육지원청,부산광역시 부산진구 동성로118번길 44,부산광역시 부산진구 전포2동,N,N,2026,학교알리미 Open API,data\raw\schoolinfo\2026\26230_03.json,2026-09-05T00:47:19.134360+00:00,0.1.0,True,0.5,middle,부산광역시,부산진구,https://www.schoolinfo.go.kr/openApi.do,collection_snapshot,03,부산광역시 부산진구 동성로118번길 44,전포2동,35.1623583352,129.0664968905,schoolinfo,missing_school_type
032a0a0d-edba-4084-ae3f-2fa2f7713a54,S020001875,동양중학교,,공립,남녀공학,2623010800,부산광역시남부교육지원청,부산광역시 부산진구 백양산로 96,부산광역시 부산진구 부암동,N,N,2026,학교알리미 Open API,data\raw\schoolinfo\2026\26230_03.json,2026-09-05T00:47:19.134360+00:00,0.1.0,True,0.5,middle,부산광역시,부산진구,https://www.schoolinfo.go.kr/openApi.do,collection_snapshot,03,부산광역시 부산진구 백양산로 96,부암동,35.1772665536,129.0318135921,schoolinfo,missing_school_type
129308ed-afe5-46e9-a135-5dc111ae65b1,S020001918,양동여자중학교,,공립,녀,2623010100,부산광역시남부교육지원청,부산광역시 부산진구 황령산로605번길 35-32,부산광역시 부산진구 양정동,N,N,2026,학교알리미 Open API,data\raw\schoolinfo\2026\26230_03.json,2026-09-05T00:47:19.134360+00:00,0.1.0,True,0.5,middle,부산광역시,부산진구,https://www.schoolinfo.go.kr/openApi.do,collection_snapshot,03,부산광역시 부산진구 황령산로605번길 35-32,양정동,35.1701591113,129.0807901695,schoolinfo,missing_school_type
3e32f224-603b-4f1b-a8e2-393462d2f2cb,S020000801,교동초등학교,,공립,남녀공학,2626010700,부산광역시동래교육지원청,부산광역시 동래구 시실로 73-13,부산광역시 동래구 명륜동,N,N,2026,학교알리미 Open API,data\raw\schoolinfo\2026\26260_02.json,2026-09-05T00:47:19.366387+00:00,0.1.0,True,0.5,elementary,부산광역시,동래구,https://www.schoolinfo.go.kr/openApi.do,collection_snapshot,02,부산광역시 동래구 시실로 73-13,명륜동,35.2154646552,129.0919210536,schoolinfo,missing_school_type
4778347a-7fb9-4908-b903-8f4f99dfa3da,S020000803,금강초등학교,,공립,남녀공학,2626010800,부산광역시동래교육지원청,부산광역시 동래구 사직북로28번길 125,부산광역시 동래구 온천3동 1263,N,N,2026,학교알리미 Open API,data\raw\schoolinfo\2026\26260_02.json,2026-09-05T00:47:19.366387+00:00,0.1.0,True,0.5,elementary,부산광역시,동래구,https://www.schoolinfo.go.kr/openApi.do,collection_snapshot,02,부산광역시 동래구 사직북로28번길 125,온천3동,35.203053889,129.0640572029,schoolinfo,missing_school_type
9a8ebc83-f5bf-47ca-b745-99089aedc920,S020000808,낙민초등학교,,공립,남녀공학,2626010400,부산광역시동래교육지원청,부산광역시 동래구 충렬대로272번길 34,부산광역시 동래구 낙민동 303,N,N,2026,학교알리미 Open API,data\raw\schoolinfo\2026\26260_02.json,2026-09-05T00:47:19.366387+00:00,0.1.0,True,0.5,elementary,부산광역시,동래구,https://www.schoolinfo.go.kr/openApi.do,collection_snapshot,02,부산광역시 동래구 충렬대로272번길 34,낙민동,35.1992801962,129.0883615677,schoolinfo,missing_school_type
0f83aff6-5d9d-456a-b9b3-fdcb1cafaaa0,S020000810,내산초등학교,,공립,남녀공학,2626010800,부산광역시동래교육지원청,부산광역시 동래구 중앙대로1335번길 38,부산광역시 동래구 온천2동,N,N,2026,학교알리미 Open API,data\raw\schoolinfo\2026\26260_02.json,2026-09-05T00:47:19.366387+00:00,0.1.0,True,0.5,elementary,부산광역시,동래구,https://www.schoolinfo.go.kr/openApi.do,collection_snapshot,02,부산광역시 동래구 중앙대로1335번길 38,온천2동,35.2073917209,129.0765619774,schoolinfo,missing_school_type
31fe866c-0595-4a38-8b4f-66ed342bad7a,S020000811,내성초등학교,,공립,남녀공학,2626010500,부산광역시동래교육지원청,부산광역시 동래구 동래로 173,부산광역시 동래구 복천동 72,N,N,2026,학교알리미 Open API,data\raw\schoolinfo\2026\26260_02.json,2026-09-05T00:47:19.366387+00:00,0.1.0,True,0.5,elementary,부산광역시,동래구,https://www.schoolinfo.go.kr/openApi.do,collection_snapshot,02,부산광역시 동래구 동래로 173,복천동,35.204590432,129.0896811307,schoolinfo,missing_school_type
1d8bbfeb-e9da-403f-92de-7fbd56569954,S020000812,달북초등학교,,공립,남녀공학,2626010800,부산광역시동래교육지원청,부산광역시 동래구 쇠미로 131,부산광역시 동래구 온천3동,N,N,2026,학교알리미 Open API,data\raw\schoolinfo\2026\26260_02.json,2026-09-05T00:47:19.366387+00:00,0.1.0,True,0.5,elementary,부산광역시,동래구,https://www.schoolinfo.go.kr/openApi.do,collection_snapshot,02,부산광역시 동래구 쇠미로 131,온천3동,35.2035086462,129.0599504253,schoolinfo,missing_school_type
8478e879-9cd1-42f2-a498-6d4426ce8323,S020000816,명동초등학교,,공립,남녀공학,2626010100,부산광역시동래교육지원청,부산광역시 동래구 명장로63번길 60-5,부산광역시 동래구 명장1동,N,N,2026,학교알리미 Open API,data\raw\schoolinfo\2026\26260_02.json,2026-09-05T00:47:19.366387+00:00,0.1.0,True,0.5,elementary,부산광역시,동래구,https://www.schoolinfo.go.kr/openApi.do,collection_snapshot,02,부산광역시 동래구 명장로63번길 60-5,명장1동,35.2076002052,129.1062167577,schoolinfo,missing_school_type
5c8657e0-8bde-49a6-818e-434227ab806b,S020000817,명륜초등학교,,공립,남녀공학,2626010700,부산광역시동래교육지원청,부산광역시 동래구 동래로 91,부산광역시 동래구 명륜1동   228,N,N,2026,학교알리미 Open API,data\raw\schoolinfo\2026\26260_02.json,2026-09-05T00:47:19.366387+00:00,0.1.0,True,0.5,elementary,부산광역시,동래구,https://www.schoolinfo.go.kr/openApi.do,collection_snapshot,02,부산광역시 동래구 동래로 91,명륜1동,35.2080143853,129.0833281821,schoolinfo,missing_school_type
347c9450-7933-4002-974f-5dc0cdc10e3c,S020000818,명서초등학교,,공립,남녀공학,2626010100,부산광역시동래교육지원청,부산광역시 동래구 명서로 121,부산광역시 동래구 명장2동   502-1,N,N,2026,학교알리미 Open API,data\raw\schoolinfo\2026\26260_02.json,2026-09-05T00:47:19.366387+00:00,0.1.0,True,0.5,elementary,부산광역시,동래구,https://www.schoolinfo.go.kr/openApi.do,collection_snapshot,02,부산광역시 동래구 명서로 121,명장2동,35.2120294249,129.1008718279,schoolinfo,missing_school_type
6d0c2959-dbec-43cd-aae8-43cd6e6007dc,S020000819,명장초등학교,,공립,남녀공학,2626010100,부산광역시동래교육지원청,부산광역시 동래구 복천로 121,부산광역시 동래구 명장동,N,N,2026,학교알리미 Open API,data\raw\schoolinfo\2026\26260_02.json,2026-09-05T00:47:19.366387+00:00,0.1.0,True,0.5,elementary,부산광역시,동래구,https://www.schoolinfo.go.kr/openApi.do,collection_snapshot,02,부산광역시 동래구 복천로 121,명장동,35.2082038523,129.0965702024,schoolinfo,missing_school_type
da841719-67d6-4ba9-acf2-303d2d2d1b80,S020000820,미남초등학교,,공립,남녀공학,2626010800,부산광역시동래교육지원청,부산광역시 동래구 충렬대로100번길 83,부산광역시 동래구 온천3동 1460-1,N,N,2026,학교알리미 Open API,data\raw\schoolinfo\2026\26260_02.json,2026-09-05T00:47:19.366387+00:00,0.1.0,True,0.5,elementary,부산광역시,동래구,https://www.schoolinfo.go.kr/openApi.do,collection_snapshot,02,부산광역시 동래구 충렬대로100번길 83,온천3동,35.2036888493,129.0728313717,schoolinfo,missing_school_type
0fc17f1f-8c0f-48ea-b7c5-b96d27b4573c,S020000822,사직초등학교,,공립,남녀공학,2626010900,부산광역시동래교육지원청,부산광역시 동래구 쇠미로81번길 7,부산광역시 동래구 사직동,N,N,2026,학교알리미 Open API,data\raw\schoolinfo\2026\26260_02.json,2026-09-05T00:47:19.366387+00:00,0.1.0,True,0.5,elementary,부산광역시,동래구,https://www.schoolinfo.go.kr/openApi.do,collection_snapshot,02,부산광역시 동래구 쇠미로81번길 7,사직동,35.2008851542,129.0541839427,schoolinfo,missing_school_type
c80c8309-4609-4b27-8109-1ce7f466e714,S020000826,수안초등학교,,공립,남녀공학,2626010600,부산광역시동래교육지원청,부산광역시 동래구 온천천로 215,부산광역시 동래구 수안동 7-1,N,N,2026,학교알리미 Open API,data\raw\schoolinfo\2026\26260_02.json,2026-09-05T00:47:19.366387+00:00,0.1.0,True,0.5,elementary,부산광역시,동래구,https://www.schoolinfo.go.kr/openApi.do,collection_snapshot,02,부산광역시 동래구 온천천로 215,수안동,35.2005142196,129.0803347884,schoolinfo,missing_school_type
92300aae-6d54-4f54-a84b-a89ca728e0f1,S020000827,안남초등학교,,공립,남녀공학,2626010200,부산광역시동래교육지원청,부산광역시 동래구 연안로 46,부산광역시 동래구 안락2동   175-16,N,N,2026,학교알리미 Open API,data\raw\schoolinfo\2026\26260_02.json,2026-09-05T00:47:19.366387+00:00,0.1.0,True,0.5,elementary,부산광역시,동래구,https://www.schoolinfo.go.kr/openApi.do,collection_snapshot,02,부산광역시 동래구 연안로 46,안락2동,35.1918831183,129.1083488712,schoolinfo,missing_school_type
cf711939-f673-4afd-ad91-0af5064899c2,S020000828,안락초등학교,,공립,남녀공학,2626010100,부산광역시동래교육지원청,부산광역시 동래구 명안로53번길 22,부산광역시 동래구 명장1동 104-5,N,N,2026,학교알리미 Open API,data\raw\schoolinfo\2026\26260_02.json,2026-09-05T00:47:19.366387+00:00,0.1.0,True,0.5,elementary,부산광역시,동래구,https://www.schoolinfo.go.kr/openApi.do,collection_snapshot,02,부산광역시 동래구 명안로53번길 22,명장1동,35.2018701601,129.1032427887,schoolinfo,missing_school_type
26922875-6340-43dd-941b-151e5641ba0a,S020000829,안민초등학교,,공립,남녀공학,2626010400,부산광역시동래교육지원청,부산광역시 동래구 온천천로381번길 19,부산광역시 동래구 낙민동,N,N,2026,학교알리미 Open API,data\raw\schoolinfo\2026\26260_02.json,2026-09-05T00:47:19.366387+00:00,0.1.0,True,0.5,elementary,부산광역시,동래구,https://www.schoolinfo.go.kr/openApi.do,collection_snapshot,02,부산광역시 동래구 온천천로381번길 19,낙민동,35.1941631176,129.0941190669,schoolinfo,missing_school_type
8bedd436-0db8-47b5-9a05-4a96ddd95aeb,S020000830,여고초등학교,,공립,남녀공학,2626010900,부산광역시동래교육지원청,부산광역시 동래구 여고로63번가길 12,부산광역시 동래구 사직동,N,N,2026,학교알리미 Open API,data\raw\schoolinfo\2026\26260_02.json,2026-09-05T00:47:19.366387+00:00,0.1.0,True,0.5,elementary,부산광역시,동래구,https://www.schoolinfo.go.kr/openApi.do,collection_snapshot,02,부산광역시 동래구 여고로63번가길 12,사직동,35.197837076,129.0691256372,schoolinfo,missing_school_type
f5b4624d-2136-4c3a-ab76-032a8be90eaf,S020000831,온천초등학교,,공립,남녀공학,2626010800,부산광역시동래교육지원청,부산광역시 동래구 충렬대로107번길 124,부산광역시 동래구 온천2동 397-4,N,N,2026,학교알리미 Open API,data\raw\schoolinfo\2026\26260_02.json,2026-09-05T00:47:19.366387+00:00,0.1.0,True,0.5,elementary,부산광역시,동래구,https://www.schoolinfo.go.kr/openApi.do,collection_snapshot,02,부산광역시 동래구 충렬대로107번길 124,온천2동,35.2124367914,129.0736994454,schoolinfo,missing_school_type
9089c089-74b6-492a-95be-50fe14f1b33a,S020000836,혜화초등학교,,사립,남녀공학,2626010100,부산광역시동래교육지원청,부산광역시 동래구 명장로99번길 25,부산광역시 동래구 명장동,N,N,2026,학교알리미 Open API,data\raw\schoolinfo\2026\26260_02.json,2026-09-05T00:47:19.366387+00:00,0.1.0,True,0.5,elementary,부산광역시,동래구,https://www.schoolinfo.go.kr/openApi.do,collection_snapshot,02,부산광역시 동래구 명장로99번길 25,명장동,35.2024846688,129.1128190904,schoolinfo,missing_school_type
c9bee016-6482-43c5-bbd1-dcc1577ec5e6,S020001814,충렬초등학교,,공립,남녀공학,2626010200,부산광역시동래교육지원청,부산광역시 동래구 안락로125번길 22,부산광역시 동래구 안락2동,N,N,2026,학교알리미 Open API,data\raw\schoolinfo\2026\26260_02.json,2026-09-05T00:47:19.366387+00:00,0.1.0,True,0.5,elementary,부산광역시,동래구,https://www.schoolinfo.go.kr/openApi.do,collection_snapshot,02,부산광역시 동래구 안락로125번길 22,안락2동,35.2004173447,129.1117401224,schoolinfo,missing_school_type
1485df7a-b908-4a91-8620-4dcb53cab35d,S020001903,안진초등학교,,공립,남녀공학,2626010200,부산광역시동래교육지원청,부산광역시 동래구 안남로 63,부산광역시 동래구 안락동,N,N,2026,학교알리미 Open API,data\raw\schoolinfo\2026\26260_02.json,2026-09-05T00:47:19.366387+00:00,0.1.0,True,0.5,elementary,부산광역시,동래구,https://www.schoolinfo.go.kr/openApi.do,collection_snapshot,02,부산광역시 동래구 안남로 63,안락동,35.1946031738,129.099096764,schoolinfo,missing_school_type
cca42501-2f01-4198-968f-2d0c54174eaf,S020001917,예원초등학교,,공립,남녀공학,2626010900,부산광역시동래교육지원청,부산광역시 동래구 사직로 78,부산광역시 동래구 사직2동,N,N,2026,학교알리미 Open API,data\raw\schoolinfo\2026\26260_02.json,2026-09-05T00:47:19.366387+00:00,0.1.0,True,0.5,elementary,부산광역시,동래구,https://www.schoolinfo.go.kr/openApi.do,collection_snapshot,02,부산광역시 동래구 사직로 78,사직2동,35.1959948114,129.057300433,schoolinfo,missing_school_type
92933bed-d237-4092-9d60-3ccaf011ec55,S020002066,온샘초등학교,,공립,남녀공학,2626010800,부산광역시동래교육지원청,부산광역시 동래구 충렬대로75번길 25,부산광역시 동래구 온천동,N,N,2026,학교알리미 Open API,data\raw\schoolinfo\2026\26260_02.json,2026-09-05T00:47:19.366387+00:00,0.1.0,True,0.5,elementary,부산광역시,동래구,https://www.schoolinfo.go.kr/openApi.do,collection_snapshot,02,부산광역시 동래구 충렬대로75번길 25,온천동,35.2095215167,129.0686996741,schoolinfo,missing_school_type
4eebbd4a-fba1-4992-a183-73c13072ff2a,S020000771,부산내성중학교,,공립,남,2626010800,부산광역시동래교육지원청,부산광역시 동래구 중앙대로 1297,부산광역시 동래구 온천3동 1458-20,N,N,2026,학교알리미 Open API,data\raw\schoolinfo\2026\26260_03.json,2026-09-05T00:47:19.597487+00:00,0.1.0,True,0.5,middle,부산광역시,동래구,https://www.schoolinfo.go.kr/openApi.do,collection_snapshot,03,부산광역시 동래구 중앙대로 1297,온천3동,35.2037098322,129.0770742575,schoolinfo,missing_school_type
be4e841a-34cc-4ab4-b40e-fa5b220fbc16,S020000773,동래중학교,,공립,남,2626010700,부산광역시동래교육지원청,부산광역시 동래구 충렬대로181번길 109,부산광역시 동래구 명륜동 ,N,N,2026,학교알리미 Open API,data\raw\schoolinfo\2026\26260_03.json,2026-09-05T00:47:19.597487+00:00,0.1.0,True,0.5,middle,부산광역시,동래구,https://www.schoolinfo.go.kr/openApi.do,collection_snapshot,03,부산광역시 동래구 충렬대로181번길 109,명륜동,35.2094552042,129.0797723681,schoolinfo,missing_school_type
1c072733-2196-442e-b259-85bbb63472bf,S020000774,동신중학교,,공립,남,2626010100,부산광역시동래교육지원청,부산광역시 동래구 충렬사로51번길 38,부산광역시 동래구 명장2동  26-1,N,N,2026,학교알리미 Open API,data\raw\schoolinfo\2026\26260_03.json,2026-09-05T00:47:19.597487+00:00,0.1.0,True,0.5,middle,부산광역시,동래구,https://www.schoolinfo.go.kr/openApi.do,collection_snapshot,03,부산광역시 동래구 충렬사로51번길 38,명장2동,35.205964102,129.0976852093,schoolinfo,missing_school_type
81a71f29-cbde-4067-b5cf-79d5e055080e,S020000775,동해중학교,,사립,남,2626010700,부산광역시동래교육지원청,부산광역시 동래구 시실로 19-39,부산광역시 동래구 명륜동,N,N,2026,학교알리미 Open API,data\raw\schoolinfo\2026\26260_03.json,2026-09-05T00:47:19.597487+00:00,0.1.0,True,0.5,middle,부산광역시,동래구,https://www.schoolinfo.go.kr/openApi.do,collection_snapshot,03,부산광역시 동래구 시실로 19-39,명륜동,35.2171179282,129.0888624702,schoolinfo,missing_school_type
dded3e33-e193-46ca-9233-3be36f692338,S020000783,사직여자중학교,,공립,녀,2626010900,부산광역시동래교육지원청,부산광역시 동래구 사직로 91,부산광역시 동래구 사직2동   970-4,N,N,2026,학교알리미 Open API,data\raw\schoolinfo\2026\26260_03.json,2026-09-05T00:47:19.597487+00:00,0.1.0,True,0.5,middle,부산광역시,동래구,https://www.schoolinfo.go.kr/openApi.do,collection_snapshot,03,부산광역시 동래구 사직로 91,사직2동,35.1942905392,129.0553483829,schoolinfo,missing_school_type
2a8eb55c-55bd-4624-94d2-b645535ad1c0,S020000784,사직중학교,,공립,남녀공학,2626010900,부산광역시동래교육지원청,부산광역시 동래구 쇠미로51번길 30,부산광역시 동래구 사직동,N,N,2026,학교알리미 Open API,data\raw\schoolinfo\2026\26260_03.json,2026-09-05T00:47:19.597487+00:00,0.1.0,True,0.5,middle,부산광역시,동래구,https://www.schoolinfo.go.kr/openApi.do,collection_snapshot,03,부산광역시 동래구 쇠미로51번길 30,사직동,35.1994640328,129.0514737471,schoolinfo,missing_school_type
a557d0cb-c5be-406a-b700-dbb9a74e2843,S020000786,안락중학교,,공립,남녀공학,2626010200,부산광역시동래교육지원청,부산광역시 동래구 온천천로 513,부산광역시 동래구 안락2동 177-3,N,N,2026,학교알리미 Open API,data\raw\schoolinfo\2026\26260_03.json,2026-09-05T00:47:19.597487+00:00,0.1.0,True,0.5,middle,부산광역시,동래구,https://www.schoolinfo.go.kr/openApi.do,collection_snapshot,03,부산광역시 동래구 온천천로 513,안락2동,35.191404352,129.1093464213,schoolinfo,missing_school_type
a6d069e2-b31e-4363-be8c-433c85346380,S020000789,여명중학교,,공립,남,2626010900,부산광역시동래교육지원청,부산광역시 동래구 여고로52번길 9,부산광역시 동래구 사직동,N,N,2026,학교알리미 Open API,data\raw\schoolinfo\2026\26260_03.json,2026-09-05T00:47:19.597487+00:00,0.1.0,True,0.5,middle,부산광역시,동래구,https://www.schoolinfo.go.kr/openApi.do,collection_snapshot,03,부산광역시 동래구 여고로52번길 9,사직동,35.1958671075,129.070287647,schoolinfo,missing_school_type
1b42e4fd-c1f6-405d-90fd-1cf2c638f1d2,S020000793,온천중학교,,공립,남녀공학,2626010800,부산광역시동래교육지원청,부산광역시 동래구 쇠미로129번길 28,부산광역시 동래구 온천동,N,N,2026,학교알리미 Open API,data\raw\schoolinfo\2026\26260_03.json,2026-09-05T00:47:19.597487+00:00,0.1.0,True,0.5,middle,부산광역시,동래구,https://www.schoolinfo.go.kr/openApi.do,collection_snapshot,03,부산광역시 동래구 쇠미로129번길 28,온천동,35.2044535707,129.0592847966,schoolinfo,missing_school_type
ea094835-2802-4d37-b086-a04ef5496336,S020000794,유락여자중학교,,공립,녀,2626010800,부산광역시동래교육지원청,부산광역시 동래구 금강로 51,부산광역시 동래구 온천동,N,N,2026,학교알리미 Open API,data\raw\schoolinfo\2026\26260_03.json,2026-09-05T00:47:19.597487+00:00,0.1.0,True,0.5,middle,부산광역시,동래구,https://www.schoolinfo.go.kr/openApi.do,collection_snapshot,03,부산광역시 동래구 금강로 51,온천동,35.2147507096,129.0764463804,schoolinfo,missing_school_type
4c01940c-0e13-46c9-987c-6e36d5340491,S020000796,남일중학교,,공립,남녀공학,2626010200,부산광역시동래교육지원청,부산광역시 동래구 온천천로531번길 49,부산광역시 동래구 안락2동 164-1,N,N,2026,학교알리미 Open API,data\raw\schoolinfo\2026\26260_03.json,2026-09-05T00:47:19.597487+00:00,0.1.0,True,0.5,middle,부산광역시,동래구,https://www.schoolinfo.go.kr/openApi.do,collection_snapshot,03,부산광역시 동래구 온천천로531번길 49,안락2동,35.1929404393,129.1117968309,schoolinfo,missing_school_type
67a2f9c3-ea48-456e-9b14-9ae129f72209,S020000797,충렬중학교,,공립,남녀공학,2626010100,부산광역시동래교육지원청,부산광역시 동래구 명장로64번길 45,부산광역시 동래구 명장동 149-10,N,N,2026,학교알리미 Open API,data\raw\schoolinfo\2026\26260_03.json,2026-09-05T00:47:19.597487+00:00,0.1.0,True,0.5,middle,부산광역시,동래구,https://www.schoolinfo.go.kr/openApi.do,collection_snapshot,03,부산광역시 동래구 명장로64번길 45,명장동,35.2029443738,129.1084196455,schoolinfo,missing_school_type
b65adeab-6905-4574-8be9-8287e6dfa8bf,S020000798,학산여자중학교,,사립,녀,2626010100,부산광역시동래교육지원청,부산광역시 동래구 충렬사로51번길 61,부산광역시 동래구 명장동,N,N,2026,학교알리미 Open API,data\raw\schoolinfo\2026\26260_03.json,2026-09-05T00:47:19.597487+00:00,0.1.0,True,0.5,middle,부산광역시,동래구,https://www.schoolinfo.go.kr/openApi.do,collection_snapshot,03,부산광역시 동래구 충렬사로51번길 61,명장동,35.2047557613,129.0962751265,schoolinfo,missing_school_type
644edcd2-06e0-4c04-9517-03f2a8d95947,S020000799,혜화여자중학교,,사립,녀,2626010100,부산광역시동래교육지원청,부산광역시 동래구 명장로67번길 14-22,부산광역시 동래구 명장1동,N,N,2026,학교알리미 Open API,data\raw\schoolinfo\2026\26260_03.json,2026-09-05T00:47:19.597487+00:00,0.1.0,True,0.5,middle,부산광역시,동래구,https://www.schoolinfo.go.kr/openApi.do,collection_snapshot,03,부산광역시 동래구 명장로67번길 14-22,명장1동,35.2046307131,129.110729361,schoolinfo,missing_school_type
436f7750-820a-4951-96c1-324e14888ad0,S020000628,대남초등학교,,공립,남녀공학,2629010600,부산광역시남부교육지원청,부산광역시 남구 황령대로 343번길 9-55,부산광역시 남구 대연동 ,N,N,2026,학교알리미 Open API,data\raw\schoolinfo\2026\26290_02.json,2026-09-05T00:47:19.831419+00:00,0.1.0,True,0.5,elementary,부산광역시,남구,https://www.schoolinfo.go.kr/openApi.do,collection_snapshot,02,부산광역시 남구 황령대로 343번길 9-55,대연동,35.1488184168,129.097581913,schoolinfo,missing_school_type
0a952c9b-379e-4e06-a493-7c84f3ef1c99,S020000629,대연초등학교,,공립,남녀공학,2629010600,부산광역시남부교육지원청,부산광역시 남구 진남로18번길 11,부산광역시 남구 대연5동  289-15번지,N,N,2026,학교알리미 Open API,data\raw\schoolinfo\2026\26290_02.json,2026-09-05T00:47:19.831419+00:00,0.1.0,True,0.5,elementary,부산광역시,남구,https://www.schoolinfo.go.kr/openApi.do,collection_snapshot,02,부산광역시 남구 진남로18번길 11,대연5동,35.1373422748,129.0923661491,schoolinfo,missing_school_type
f63cb7ae-9239-422b-8b31-f674719dc832,S020000630,대천초등학교,,공립,남녀공학,2629010600,부산광역시남부교육지원청,부산광역시 남구 조각공원로 19,부산광역시 남구 대연3동,N,N,2026,학교알리미 Open API,data\raw\schoolinfo\2026\26290_02.json,2026-09-05T00:47:19.831419+00:00,0.1.0,True,0.5,elementary,부산광역시,남구,https://www.schoolinfo.go.kr/openApi.do,collection_snapshot,02,부산광역시 남구 조각공원로 19,대연3동,35.1291110952,129.1001256303,schoolinfo,missing_school_type
f17b389c-4e65-44be-bf4e-86e7495b2a14,S020000633,동천초등학교,,공립,남녀공학,2629011100,부산광역시남부교육지원청,부산광역시 남구 석포로26번길 22,부산광역시 남구 감만1동   78번지,N,N,2026,학교알리미 Open API,data\raw\schoolinfo\2026\26290_02.json,2026-09-05T00:47:19.831419+00:00,0.1.0,True,0.5,elementary,부산광역시,남구,https://www.schoolinfo.go.kr/openApi.do,collection_snapshot,02,부산광역시 남구 석포로26번길 22,감만1동,35.1214931473,129.0836588704,schoolinfo,missing_school_type
3a84db02-5c6e-4056-84de-c3ea559a3d67,S020000634,동항초등학교,,공립,남녀공학,2629011100,부산광역시남부교육지원청,부산광역시 남구 우암로 42,부산광역시 남구 감만1동   315번지,N,N,2026,학교알리미 Open API,data\raw\schoolinfo\2026\26290_02.json,2026-09-05T00:47:19.831419+00:00,0.1.0,True,0.5,elementary,부산광역시,남구,https://www.schoolinfo.go.kr/openApi.do,collection_snapshot,02,부산광역시 남구 우암로 42,감만1동,35.114730558,129.0826783351,schoolinfo,missing_school_type
8cd83caa-fd2d-4efa-a91b-27f1e36f1e1f,S020000635,문현초등학교,,공립,남녀공학,2629010900,부산광역시남부교육지원청,부산광역시 남구 고동골로 86-13,부산광역시 남구 문현1동,N,N,2026,학교알리미 Open API,data\raw\schoolinfo\2026\26290_02.json,2026-09-05T00:47:19.831419+00:00,0.1.0,True,0.5,elementary,부산광역시,남구,https://www.schoolinfo.go.kr/openApi.do,collection_snapshot,02,부산광역시 남구 고동골로 86-13,문현1동,35.1453176967,129.0729119775,schoolinfo,missing_school_type
ba4c9dc1-9161-416a-97ea-4a7b70ee004a,S020000637,백운초등학교,,공립,남녀공학,2629010700,부산광역시남부교육지원청,부산광역시 남구 동명로 76,부산광역시 남구 용호1동  산70번지,N,N,2026,학교알리미 Open API,data\raw\schoolinfo\2026\26290_02.json,2026-09-05T00:47:19.831419+00:00,0.1.0,True,0.5,elementary,부산광역시,남구,https://www.schoolinfo.go.kr/openApi.do,collection_snapshot,02,부산광역시 남구 동명로 76,용호1동,35.1184531479,129.105677965,schoolinfo,missing_school_type
fb56262e-3387-4d25-b2ac-2c768f502130,S020000641,분포초등학교,,공립,남녀공학,2629010700,부산광역시남부교육지원청,부산광역시 남구 분포로 41,부산광역시 남구 용호1동   176-68번지,N,N,2026,학교알리미 Open API,data\raw\schoolinfo\2026\26290_02.json,2026-09-05T00:47:19.831419+00:00,0.1.0,True,0.5,elementary,부산광역시,남구,https://www.schoolinfo.go.kr/openApi.do,collection_snapshot,02,부산광역시 남구 분포로 41,용호1동,35.1289988454,129.1140402676,schoolinfo,missing_school_type
8889f6ba-f824-40c5-bdea-3690d81c1fa8,S020000643,석포초등학교,,공립,남녀공학,2629010600,부산광역시남부교육지원청,부산광역시 남구 석포로86번길 76,부산광역시 남구 대연4동   969-17번지,N,N,2026,학교알리미 Open API,data\raw\schoolinfo\2026\26290_02.json,2026-09-05T00:47:19.831419+00:00,0.1.0,True,0.5,elementary,부산광역시,남구,https://www.schoolinfo.go.kr/openApi.do,collection_snapshot,02,부산광역시 남구 석포로86번길 76,대연4동,35.1265912021,129.0915974278,schoolinfo,missing_school_type
5c10075a-706f-4279-8a1d-42e4af48bc60,S020000645,성동초등학교,,공립,남녀공학,2629010900,부산광역시남부교육지원청,부산광역시 남구 전포대로68번길 27,부산광역시 남구 문현2동   497번지,N,N,2026,학교알리미 Open API,data\raw\schoolinfo\2026\26290_02.json,2026-09-05T00:47:19.831419+00:00,0.1.0,True,0.5,elementary,부산광역시,남구,https://www.schoolinfo.go.kr/openApi.do,collection_snapshot,02,부산광역시 남구 전포대로68번길 27,문현2동,35.1437420456,129.0691418329,schoolinfo,missing_school_type
1d5d3b76-f69b-4d9a-a62b-f03ff5c10152,S020000646,성천초등학교,,공립,남녀공학,2629011000,부산광역시남부교육지원청,부산광역시 남구 장고개로 64-41,부산광역시 남구 우암동,N,N,2026,학교알리미 Open API,data\raw\schoolinfo\2026\26290_02.json,2026-09-05T00:47:19.831419+00:00,0.1.0,True,0.5,elementary,부산광역시,남구,https://www.schoolinfo.go.kr/openApi.do,collection_snapshot,02,부산광역시 남구 장고개로 64-41,우암동,35.1310904588,129.0720509999,schoolinfo,missing_school_type
dcab8c46-1e48-4700-85fb-09cbe8e15957,S020000649,신연초등학교,,공립,남녀공학,2629011000,부산광역시남부교육지원청,부산광역시 남구 유엔로35번길 46,부산광역시 남구 우암1동 61~122,N,N,2026,학교알리미 Open API,data\raw\schoolinfo\2026\26290_02.json,2026-09-05T00:47:19.831419+00:00,0.1.0,True,0.5,elementary,부산광역시,남구,https://www.schoolinfo.go.kr/openApi.do,collection_snapshot,02,부산광역시 남구 유엔로35번길 46,우암1동,35.1293101593,129.0779204552,schoolinfo,missing_school_type
01ed32fa-ffd7-438d-b174-5affd7a36bd7,S020000650,연포초등학교,,공립,남녀공학,2629010600,부산광역시남부교육지원청,부산광역시 남구 못골로 17,부산광역시 남구 대연6동,N,N,2026,학교알리미 Open API,data\raw\schoolinfo\2026\26290_02.json,2026-09-05T00:47:19.831419+00:00,0.1.0,True,0.5,elementary,부산광역시,남구,https://www.schoolinfo.go.kr/openApi.do,collection_snapshot,02,부산광역시 남구 못골로 17,대연6동,35.1372966583,129.0840868672,schoolinfo,missing_school_type
39983921-e8ab-481a-b442-06d5205516d3,S020000651,용당초등학교,,공립,남녀공학,2629010800,부산광역시남부교육지원청,부산광역시 남구 신선로 341,부산광역시 남구 용당동   360-1번지,N,N,2026,학교알리미 Open API,data\raw\schoolinfo\2026\26290_02.json,2026-09-05T00:47:19.831419+00:00,0.1.0,True,0.5,elementary,부산광역시,남구,https://www.schoolinfo.go.kr/openApi.do,collection_snapshot,02,부산광역시 남구 신선로 341,용당동,35.1172476177,129.0945390684,schoolinfo,missing_school_type
a83a33a8-cd47-4351-aae7-f3550eda3f1c,S020000652,용산초등학교,,공립,남녀공학,2629010700,부산광역시남부교육지원청,부산광역시 남구 동명로 176번길 55,부산광역시 남구 용호동,N,N,2026,학교알리미 Open API,data\raw\schoolinfo\2026\26290_02.json,2026-09-05T00:47:19.831419+00:00,0.1.0,True,0.5,elementary,부산광역시,남구,https://www.schoolinfo.go.kr/openApi.do,collection_snapshot,02,부산광역시 남구 동명로 176번길 55,용호동,35.1168571822,129.1159725627,schoolinfo,missing_school_type
987050a7-f0d2-4dcd-a7ad-a3441a4ba796,S020000654,용호초등학교,,공립,남녀공학,2629010700,부산광역시남부교육지원청,부산광역시 남구 용호로42번길 94,부산광역시 남구 용호동,N,N,2026,학교알리미 Open API,data\raw\schoolinfo\2026\26290_02.json,2026-09-05T00:47:19.831419+00:00,0.1.0,True,0.5,elementary,부산광역시,남구,https://www.schoolinfo.go.kr/openApi.do,collection_snapshot,02,부산광역시 남구 용호로42번길 94,용호동,35.1230638326,129.1089730722,schoolinfo,missing_school_type
9ba8ece0-2926-44b8-a4af-40c272f30768,S020000655,우암초등학교,,공립,남녀공학,2629011000,부산광역시남부교육지원청,부산광역시 남구 우암로 190-19,부산광역시 남구 우암1동,N,N,2026,학교알리미 Open API,data\raw\schoolinfo\2026\26290_02.json,2026-09-05T00:47:19.831419+00:00,0.1.0,True,0.5,elementary,부산광역시,남구,https://www.schoolinfo.go.kr/openApi.do,collection_snapshot,02,부산광역시 남구 우암로 190-19,우암1동,35.1257329521,129.0758990687,schoolinfo,missing_school_type
d2eb8f57-8eda-48be-9c12-9ec52022b363,S020000656,운산초등학교,,공립,남녀공학,2629010700,부산광역시남부교육지원청,부산광역시 남구 용호로269번길 89,부산광역시 남구 용호2동   776번지,N,N,2026,학교알리미 Open API,data\raw\schoolinfo\2026\26290_02.json,2026-09-05T00:47:19.831419+00:00,0.1.0,True,0.5,elementary,부산광역시,남구,https://www.schoolinfo.go.kr/openApi.do,collection_snapshot,02,부산광역시 남구 용호로269번길 89,용호2동,35.1102683499,129.1151222348,schoolinfo,missing_school_type
d61df320-a0fd-49fb-adce-4034f998872b,S020001867,용문초등학교,,공립,남녀공학,2629010700,부산광역시남부교육지원청,부산광역시 남구 신선로 542,부산광역시 남구 용호1동,N,N,2026,학교알리미 Open API,data\raw\schoolinfo\2026\26290_02.json,2026-09-05T00:47:19.831419+00:00,0.1.0,True,0.5,elementary,부산광역시,남구,https://www.schoolinfo.go.kr/openApi.do,collection_snapshot,02,부산광역시 남구 신선로 542,용호1동,35.1306568226,129.1080500458,schoolinfo,missing_school_type
2077ced8-454a-42e5-bd82-9af3eb03d9e4,S020002001,오륙도초등학교,,공립,남녀공학,2629010700,부산광역시남부교육지원청,부산광역시 남구 오륙도로 57,부산광역시 남구 용호동,N,N,2026,학교알리미 Open API,data\raw\schoolinfo\2026\26290_02.json,2026-09-05T00:47:19.831419+00:00,0.1.0,True,0.5,elementary,부산광역시,남구,https://www.schoolinfo.go.kr/openApi.do,collection_snapshot,02,부산광역시 남구 오륙도로 57,용호동,35.1042992785,129.1163496354,schoolinfo,missing_school_type
dc1e67d3-8dd6-45d8-859a-da19a60912a5,S020002045,용소초등학교,,공립,남녀공학,2629010600,부산광역시남부교육지원청,부산광역시 남구 수영로325번길 114,부산광역시 남구 대연동,N,N,2026,학교알리미 Open API,data\raw\schoolinfo\2026\26290_02.json,2026-09-05T00:47:19.831419+00:00,0.1.0,True,0.5,elementary,부산광역시,남구,https://www.schoolinfo.go.kr/openApi.do,collection_snapshot,02,부산광역시 남구 수영로325번길 114,대연동,35.1429182319,129.0991605799,schoolinfo,missing_school_type
6804cb34-773f-492b-8c6e-a22af827de62,S020000599,감만중학교,,공립,남녀공학,2629011100,부산광역시남부교육지원청,부산광역시 남구 홍곡로 313-14,부산광역시 남구 감만동,N,N,2026,학교알리미 Open API,data\raw\schoolinfo\2026\26290_03.json,2026-09-05T00:47:20.061085+00:00,0.1.0,True,0.5,middle,부산광역시,남구,https://www.schoolinfo.go.kr/openApi.do,collection_snapshot,03,부산광역시 남구 홍곡로 313-14,감만동,35.1219060156,129.0888320917,schoolinfo,missing_school_type
6ee81a91-3658-4050-860f-715e5afa250f,S020000604,남천중학교,,공립,남녀공학,2629010600,부산광역시남부교육지원청,부산광역시 남구 황령대로492번길 71,부산광역시 남구 대연동   455-12,N,N,2026,학교알리미 Open API,data\raw\schoolinfo\2026\26290_03.json,2026-09-05T00:47:20.061085+00:00,0.1.0,True,0.5,middle,부산광역시,남구,https://www.schoolinfo.go.kr/openApi.do,collection_snapshot,03,부산광역시 남구 황령대로492번길 71,대연동,35.1364233664,129.1051973435,schoolinfo,missing_school_type
fec3f534-5068-4f7d-9709-11b14705529e,S020000606,대연중학교,,공립,남녀공학,2629010600,부산광역시남부교육지원청,부산광역시 남구 천제등로16번길 81,부산광역시 남구 대연2동,N,N,2026,학교알리미 Open API,data\raw\schoolinfo\2026\26290_03.json,2026-09-05T00:47:20.061085+00:00,0.1.0,True,0.5,middle,부산광역시,남구,https://www.schoolinfo.go.kr/openApi.do,collection_snapshot,03,부산광역시 남구 천제등로16번길 81,대연2동,35.1323613507,129.0841190131,schoolinfo,missing_school_type
2a0337ff-2eeb-4271-bb58-cccc892d23c3,S020000607,대천중학교,,공립,남녀공학,2629010600,부산광역시남부교육지원청,부산광역시 남구 신선로 491,부산광역시 남구 대연3동,N,N,2026,학교알리미 Open API,data\raw\schoolinfo\2026\26290_03.json,2026-09-05T00:47:20.061085+00:00,0.1.0,True,0.5,middle,부산광역시,남구,https://www.schoolinfo.go.kr/openApi.do,collection_snapshot,03,부산광역시 남구 신선로 491,대연3동,35.1288797928,129.1028619492,schoolinfo,missing_school_type
70f08ca7-d077-4829-825a-8fb2c56b6a0b,S020000610,동항중학교,,공립,남녀공학,2629011100,부산광역시남부교육지원청,부산광역시 남구 양지골로 248,부산광역시 남구 감만동,N,N,2026,학교알리미 Open API,data\raw\schoolinfo\2026\26290_03.json,2026-09-05T00:47:20.061085+00:00,0.1.0,True,0.5,middle,부산광역시,남구,https://www.schoolinfo.go.kr/openApi.do,collection_snapshot,03,부산광역시 남구 양지골로 248,감만동,35.1190333065,129.085472791,schoolinfo,missing_school_type
24b5b899-c87f-46f4-87bc-425ee69b6f9a,S020000611,문현여자중학교,,공립,녀,2629010900,부산광역시남부교육지원청,부산광역시 남구 고동골로59번길 46,부산광역시 남구 문현1동 490번지,N,N,2026,학교알리미 Open API,data\raw\schoolinfo\2026\26290_03.json,2026-09-05T00:47:20.061085+00:00,0.1.0,True,0.5,middle,부산광역시,남구,https://www.schoolinfo.go.kr/openApi.do,collection_snapshot,03,부산광역시 남구 고동골로59번길 46,문현1동,35.1425794461,129.0690421835,schoolinfo,missing_school_type
394f2f78-cee2-4007-9d4d-7a20924c50d9,S020000612,배정중학교,,사립,남,2629010900,부산광역시남부교육지원청,,부산광역시 남구 문현4동,Y,N,2026,학교알리미 Open API,data\raw\schoolinfo\2026\26290_03.json,2026-09-05T00:47:20.061085+00:00,0.1.0,True,0.5,middle,부산광역시,남구,https://www.schoolinfo.go.kr/openApi.do,collection_snapshot,03,부산광역시 남구 문현4동 985-20.,문현4동,35.1328967646,129.0678098382,schoolinfo,missing_school_type;closed_or_suspended
17be871a-64b8-429c-96a8-12cb3f13ac7d,S020000616,분포중학교,,공립,남녀공학,2629010700,부산광역시남부교육지원청,부산광역시 남구 분포로 51,부산광역시 남구 용호1동   176-67번지,N,N,2026,학교알리미 Open API,data\raw\schoolinfo\2026\26290_03.json,2026-09-05T00:47:20.061085+00:00,0.1.0,True,0.5,middle,부산광역시,남구,https://www.schoolinfo.go.kr/openApi.do,collection_snapshot,03,부산광역시 남구 분포로 51,용호1동,35.1295643738,129.1144761029,schoolinfo,missing_school_type
aa1a5870-33e2-4d43-bf9b-c5d7be66d6d9,S020000617,석포여자중학교,,공립,녀,2629010800,부산광역시남부교육지원청,부산광역시 남구 유엔평화로126번길 63,부산광역시 남구 용당동 301~610,N,N,2026,학교알리미 Open API,data\raw\schoolinfo\2026\26290_03.json,2026-09-05T00:47:20.061085+00:00,0.1.0,True,0.5,middle,부산광역시,남구,https://www.schoolinfo.go.kr/openApi.do,collection_snapshot,03,부산광역시 남구 유엔평화로126번길 63,용당동,35.1221824264,129.0947444101,schoolinfo,missing_school_type
0a92f593-a574-4926-941a-7062ca078499,S020000619,성동중학교,,공립,남,2629010900,부산광역시남부교육지원청,부산광역시 남구 남동천로 38,부산광역시 남구 문현2동   791번지,N,N,2026,학교알리미 Open API,data\raw\schoolinfo\2026\26290_03.json,2026-09-05T00:47:20.061085+00:00,0.1.0,True,0.5,middle,부산광역시,남구,https://www.schoolinfo.go.kr/openApi.do,collection_snapshot,03,부산광역시 남구 남동천로 38,문현2동,35.141257493,129.0658184132,schoolinfo,missing_school_type
76649e14-e109-4737-bd9d-192ae310e812,S020000620,성지중학교,,사립,,2629011000,부산광역시남부교육지원청,,부산광역시 남구 우암1동,Y,N,2026,학교알리미 Open API,data\raw\schoolinfo\2026\26290_03.json,2026-09-05T00:47:20.061085+00:00,0.1.0,True,0.5,middle,부산광역시,남구,https://www.schoolinfo.go.kr/openApi.do,collection_snapshot,03,부산광역시 남구 우암1동 38-1번지.,우암1동,35.1285922428,129.0821538155,schoolinfo,missing_school_type;missing_gender_type;closed_or_suspended
0b01ee81-329e-41da-b8c4-2cecd9a09e9b,S020000621,용문중학교,,공립,남녀공학,2629010700,부산광역시남부교육지원청,부산광역시 남구 동명로101번길 93,부산광역시 남구 용호1동,N,N,2026,학교알리미 Open API,data\raw\schoolinfo\2026\26290_03.json,2026-09-05T00:47:20.061085+00:00,0.1.0,True,0.5,middle,부산광역시,남구,https://www.schoolinfo.go.kr/openApi.do,collection_snapshot,03,부산광역시 남구 동명로101번길 93,용호1동,35.1246383333,129.1069428315,schoolinfo,missing_school_type
351fb237-2b99-4714-91c3-19a729aa6b23,S020000623,용호중학교,,공립,남녀공학,2629010700,부산광역시남부교육지원청,부산광역시 남구 동명로 185-17,부산광역시 남구 용호3동,N,N,2026,학교알리미 Open API,data\raw\schoolinfo\2026\26290_03.json,2026-09-05T00:47:20.061085+00:00,0.1.0,True,0.5,middle,부산광역시,남구,https://www.schoolinfo.go.kr/openApi.do,collection_snapshot,03,부산광역시 남구 동명로 185-17,용호3동,35.1195677201,129.1168060361,schoolinfo,missing_school_type
e023ae9c-902a-4dc3-88c3-c9b85dd8bf1f,S020000624,해연중학교,,사립,남녀공학,2629010600,부산광역시남부교육지원청,부산광역시 남구 진남로110번길 25,부산광역시 남구 대연6동 1576-1번지,N,N,2026,학교알리미 Open API,data\raw\schoolinfo\2026\26290_03.json,2026-09-05T00:47:20.061085+00:00,0.1.0,True,0.5,middle,부산광역시,남구,https://www.schoolinfo.go.kr/openApi.do,collection_snapshot,03,부산광역시 남구 진남로110번길 25,대연6동,35.1398094,129.0826018944,schoolinfo,missing_school_type
c2751b22-f71a-4107-b909-cecc9e79cd27,S020002007,오륙도중학교,,공립,남녀공학,2629010700,부산광역시남부교육지원청,부산광역시 남구 오륙도로 60,,N,N,2026,학교알리미 Open API,data\raw\schoolinfo\2026\26290_03.json,2026-09-05T00:47:20.061085+00:00,0.1.0,True,0.5,middle,부산광역시,남구,https://www.schoolinfo.go.kr/openApi.do,collection_snapshot,03,부산광역시 남구 오륙도로 60,,35.103759324,129.1148618916,schoolinfo,missing_school_type;missing_legal_dong
8da40c83-a671-43a2-b976-c42821517079,S020001239,구남초등학교,,공립,남녀공학,2632010500,부산광역시북부교육지원청,부산광역시 북구 구남로14번가길 23,부산광역시 북구 구포동,N,N,2026,학교알리미 Open API,data\raw\schoolinfo\2026\26320_02.json,2026-09-05T00:47:20.293366+00:00,0.1.0,True,0.5,elementary,부산광역시,북구,https://www.schoolinfo.go.kr/openApi.do,collection_snapshot,02,부산광역시 북구 구남로14번가길 23,구포동,35.2003061281,128.9935793792,schoolinfo,missing_school_type
869e1265-4af7-4db2-ae64-0eb5312cbfc3,S020001240,구포초등학교,,공립,남녀공학,2632010500,부산광역시북부교육지원청,부산광역시 북구 백양대로1124번길 20,부산광역시 북구 구포동 ,N,N,2026,학교알리미 Open API,data\raw\schoolinfo\2026\26320_02.json,2026-09-05T00:47:20.293366+00:00,0.1.0,True,0.5,elementary,부산광역시,북구,https://www.schoolinfo.go.kr/openApi.do,collection_snapshot,02,부산광역시 북구 백양대로1124번길 20,구포동,35.2035597473,129.0010370312,schoolinfo,missing_school_type
2d1d9e99-7eca-490d-94e5-d1e731d37b97,S020001242,금곡초등학교,,공립,남녀공학,2632010100,부산광역시북부교육지원청,부산광역시 북구 효열로 174,부산광역시 북구 금곡동 97~107,N,N,2026,학교알리미 Open API,data\raw\schoolinfo\2026\26320_02.json,2026-09-05T00:47:20.293366+00:00,0.1.0,True,0.5,elementary,부산광역시,북구,https://www.schoolinfo.go.kr/openApi.do,collection_snapshot,02,부산광역시 북구 효열로 174,금곡동,35.2617331109,129.0172245854,schoolinfo,missing_school_type
77244c1f-9687-4fda-b679-8544d2322ff7,S020001243,금창초등학교,,공립,남녀공학,2632010100,부산광역시북부교육지원청,부산광역시 북구 효열로235번길 14,부산광역시 북구 금곡동,N,N,2026,학교알리미 Open API,data\raw\schoolinfo\2026\26320_02.json,2026-09-05T00:47:20.293366+00:00,0.1.0,True,0.5,elementary,부산광역시,북구,https://www.schoolinfo.go.kr/openApi.do,collection_snapshot,02,부산광역시 북구 효열로235번길 14,금곡동,35.2655990971,129.019706959,schoolinfo,missing_school_type
33023b6d-9813-4ff2-8e94-2ae76fa4f03e,S020001251,대천리초등학교,,공립,남녀공학,2632010200,부산광역시북부교육지원청,부산광역시 북구 산성로 87-10,부산광역시 북구 화명동  507번지,N,N,2026,학교알리미 Open API,data\raw\schoolinfo\2026\26320_02.json,2026-09-05T00:47:20.293366+00:00,0.1.0,True,0.5,elementary,부산광역시,북구,https://www.schoolinfo.go.kr/openApi.do,collection_snapshot,02,부산광역시 북구 산성로 87-10,화명동,35.2423048195,129.023228408,schoolinfo,missing_school_type
845751f2-b3e1-40a5-82eb-ac02771d84f5,S020001255,덕성초등학교,,공립,남녀공학,2632010400,부산광역시북부교육지원청,부산광역시 북구 만덕대로39번길 45,부산광역시 북구 덕천2동   323-7,N,N,2026,학교알리미 Open API,data\raw\schoolinfo\2026\26320_02.json,2026-09-05T00:47:20.293366+00:00,0.1.0,True,0.5,elementary,부산광역시,북구,https://www.schoolinfo.go.kr/openApi.do,collection_snapshot,02,부산광역시 북구 만덕대로39번길 45,덕천2동,35.2131890353,129.0079276378,schoolinfo,missing_school_type
80b848c7-d7a4-4ec6-9ab0-494bec41110d,S020001256,덕양초등학교,,공립,남녀공학,2632010300,부산광역시북부교육지원청,부산광역시 북구 함박봉로 42,부산광역시 북구 만덕동,N,N,2026,학교알리미 Open API,data\raw\schoolinfo\2026\26320_02.json,2026-09-05T00:47:20.293366+00:00,0.1.0,True,0.5,elementary,부산광역시,북구,https://www.schoolinfo.go.kr/openApi.do,collection_snapshot,02,부산광역시 북구 함박봉로 42,만덕동,35.2092845487,129.0230641079,schoolinfo,missing_school_type
185ebc60-8ca7-42c7-9f35-be07284cb756,S020001257,덕천초등학교,,공립,남녀공학,2632010500,부산광역시북부교육지원청,부산광역시 북구 덕천2길 10,부산광역시 북구 덕천동,N,N,2026,학교알리미 Open API,data\raw\schoolinfo\2026\26320_02.json,2026-09-05T00:47:20.293366+00:00,0.1.0,True,0.5,elementary,부산광역시,북구,https://www.schoolinfo.go.kr/openApi.do,collection_snapshot,02,부산광역시 북구 덕천2길 10,덕천동,35.2088228862,129.0066781763,schoolinfo,missing_school_type
538ee8ea-af12-4a83-9b16-eb169674442e,S020001261,만덕초등학교,,공립,남녀공학,2632010300,부산광역시북부교육지원청,부산광역시 북구 만덕1로 72,부산광역시 북구 만덕동,N,N,2026,학교알리미 Open API,data\raw\schoolinfo\2026\26320_02.json,2026-09-05T00:47:20.293366+00:00,0.1.0,True,0.5,elementary,부산광역시,북구,https://www.schoolinfo.go.kr/openApi.do,collection_snapshot,02,부산광역시 북구 만덕1로 72,만덕동,35.2148303835,129.0294640897,schoolinfo,missing_school_type
e1d1433a-d036-410d-98f7-e528995a1aef,S020001262,명덕초등학교,,공립,남녀공학,2632010200,부산광역시북부교육지원청,부산광역시 북구 금곡대로186번길 43,부산광역시 북구 화명동,N,N,2026,학교알리미 Open API,data\raw\schoolinfo\2026\26320_02.json,2026-09-05T00:47:20.293366+00:00,0.1.0,True,0.5,elementary,부산광역시,북구,https://www.schoolinfo.go.kr/openApi.do,collection_snapshot,02,부산광역시 북구 금곡대로186번길 43,화명동,35.2257250756,129.0125415918,schoolinfo,missing_school_type
11ca98c1-a2ef-4a6b-886b-e7c1ebb9c0ab,S020001269,백산초등학교,,공립,남녀공학,2632010300,부산광역시북부교육지원청,부산광역시 북구 덕천로259번길 23,부산광역시 북구 만덕동,N,N,2026,학교알리미 Open API,data\raw\schoolinfo\2026\26320_02.json,2026-09-05T00:47:20.293366+00:00,0.1.0,True,0.5,elementary,부산광역시,북구,https://www.schoolinfo.go.kr/openApi.do,collection_snapshot,02,부산광역시 북구 덕천로259번길 23,만덕동,35.2119268724,129.0324696019,schoolinfo,missing_school_type
61d5e6b6-e044-423c-a0ba-d41bc4c86437,S020001270,백양초등학교,,공립,남녀공학,2632010300,부산광역시북부교육지원청,부산광역시 북구 상리로18번길 12,부산광역시 북구 만덕3동 838-1,N,N,2026,학교알리미 Open API,data\raw\schoolinfo\2026\26320_02.json,2026-09-05T00:47:20.293366+00:00,0.1.0,True,0.5,elementary,부산광역시,북구,https://www.schoolinfo.go.kr/openApi.do,collection_snapshot,02,부산광역시 북구 상리로18번길 12,만덕3동,35.2079469083,129.0349627188,schoolinfo,missing_school_type
4f801c44-521a-4487-91c0-01c249916f2d,S020001279,신금초등학교,,공립,남녀공학,2632010100,부산광역시북부교육지원청,부산광역시 북구 효열로 42,부산광역시 북구 금곡동,N,N,2026,학교알리미 Open API,data\raw\schoolinfo\2026\26320_02.json,2026-09-05T00:47:20.293366+00:00,0.1.0,True,0.5,elementary,부산광역시,북구,https://www.schoolinfo.go.kr/openApi.do,collection_snapshot,02,부산광역시 북구 효열로 42,금곡동,35.2507730161,129.014966731,schoolinfo,missing_school_type
b178d593-d4f2-4a34-a62f-705b7085a09b,S020001280,신천초등학교,,공립,남녀공학,2632010500,부산광역시북부교육지원청,부산광역시 북구 모분재로 83,부산광역시 북구 구포동,N,N,2026,학교알리미 Open API,data\raw\schoolinfo\2026\26320_02.json,2026-09-05T00:47:20.293366+00:00,0.1.0,True,0.5,elementary,부산광역시,북구,https://www.schoolinfo.go.kr/openApi.do,collection_snapshot,02,부산광역시 북구 모분재로 83,구포동,35.1999837335,129.0086652083,schoolinfo,missing_school_type
7791df89-50af-4683-a22f-1f8a6df30d1c,S020001282,양덕초등학교,,공립,남녀공학,2632010400,부산광역시북부교육지원청,부산광역시 북구 팽나무로 58,부산광역시 북구 덕천동,N,N,2026,학교알리미 Open API,data\raw\schoolinfo\2026\26320_02.json,2026-09-05T00:47:20.293366+00:00,0.1.0,True,0.5,elementary,부산광역시,북구,https://www.schoolinfo.go.kr/openApi.do,collection_snapshot,02,부산광역시 북구 팽나무로 58,덕천동,35.2058740786,129.0114673749,schoolinfo,missing_school_type
6277a6c3-d056-46fd-9e76-722dc07ed96c,S020001283,양천초등학교,,공립,남녀공학,2632010400,부산광역시북부교육지원청,부산광역시 북구 덕천로 132,부산광역시 북구 덕천3동,N,N,2026,학교알리미 Open API,data\raw\schoolinfo\2026\26320_02.json,2026-09-05T00:47:20.293366+00:00,0.1.0,True,0.5,elementary,부산광역시,북구,https://www.schoolinfo.go.kr/openApi.do,collection_snapshot,02,부산광역시 북구 덕천로 132,덕천3동,35.2094924553,129.018654178,schoolinfo,missing_school_type
0f10137b-9e13-442f-960b-a81fda219786,S020001285,와석초등학교,,공립,남녀공학,2632010200,부산광역시북부교육지원청,부산광역시 북구 화명대로94번길 83,부산광역시 북구 화명동,N,N,2026,학교알리미 Open API,data\raw\schoolinfo\2026\26320_02.json,2026-09-05T00:47:20.293366+00:00,0.1.0,True,0.5,elementary,부산광역시,북구,https://www.schoolinfo.go.kr/openApi.do,collection_snapshot,02,부산광역시 북구 화명대로94번길 83,화명동,35.2318479027,129.017824163,schoolinfo,missing_school_type
743770b3-5741-4f0a-b89a-66a17e64a189,S020001286,용수초등학교,,공립,남녀공학,2632010200,부산광역시북부교육지원청,부산광역시 북구 화명신도시로 53,부산광역시 북구 화명동 2305,N,N,2026,학교알리미 Open API,data\raw\schoolinfo\2026\26320_02.json,2026-09-05T00:47:20.293366+00:00,0.1.0,True,0.5,elementary,부산광역시,북구,https://www.schoolinfo.go.kr/openApi.do,collection_snapshot,02,부산광역시 북구 화명신도시로 53,화명동,35.2288512836,129.0090120959,schoolinfo,missing_school_type
590658bc-34d8-47a7-b3d5-cd742849b48f,S020001294,포천초등학교,,공립,남녀공학,2632010500,부산광역시북부교육지원청,부산광역시 북구 시랑로 115,부산광역시 북구 구포3동,N,N,2026,학교알리미 Open API,data\raw\schoolinfo\2026\26320_02.json,2026-09-05T00:47:20.293366+00:00,0.1.0,True,0.5,elementary,부산광역시,북구,https://www.schoolinfo.go.kr/openApi.do,collection_snapshot,02,부산광역시 북구 시랑로 115,구포3동,35.1968006428,129.0090555925,schoolinfo,missing_school_type
907f2833-2129-48e8-8905-fdc86630b03d,S020001297,화명초등학교,,공립,남녀공학,2632010200,부산광역시북부교육지원청,부산광역시 북구 대천천길 65,부산광역시 북구 화명2동 256번지,N,N,2026,학교알리미 Open API,data\raw\schoolinfo\2026\26320_02.json,2026-09-05T00:47:20.293366+00:00,0.1.0,True,0.5,elementary,부산광역시,북구,https://www.schoolinfo.go.kr/openApi.do,collection_snapshot,02,부산광역시 북구 대천천길 65,화명2동,35.2422742053,129.0175069181,schoolinfo,missing_school_type
f8980d5f-431e-4f63-bb75-a9a80af30e0e,S020001826,금명초등학교,,공립,남녀공학,2632010100,부산광역시북부교육지원청,부산광역시 북구 화명신도시로 197,부산광역시 북구 금곡동,N,N,2026,학교알리미 Open API,data\raw\schoolinfo\2026\26320_02.json,2026-09-05T00:47:20.293366+00:00,0.1.0,True,0.5,elementary,부산광역시,북구,https://www.schoolinfo.go.kr/openApi.do,collection_snapshot,02,부산광역시 북구 화명신도시로 197,금곡동,35.2419991318,129.0112960685,schoolinfo,missing_school_type
e94d8b1d-5074-48ed-8d84-036bdafad852,S020001840,명진초등학교,,공립,남녀공학,2632010200,부산광역시북부교육지원청,부산광역시 북구 화명신도시로 159,부산광역시 북구 화명동,N,N,2026,학교알리미 Open API,data\raw\schoolinfo\2026\26320_02.json,2026-09-05T00:47:20.293366+00:00,0.1.0,True,0.5,elementary,부산광역시,북구,https://www.schoolinfo.go.kr/openApi.do,collection_snapshot,02,부산광역시 북구 화명신도시로 159,화명동,35.2386372553,129.010786854,schoolinfo,missing_school_type
2e49e6a1-fc0f-4dfb-9298-e7e8dbdc5a5a,S020001841,학사초등학교,,공립,남녀공학,2632010200,부산광역시북부교육지원청,부산광역시 북구 용당로15번길 20,부산광역시 북구 화명동,N,N,2026,학교알리미 Open API,data\raw\schoolinfo\2026\26320_02.json,2026-09-05T00:47:20.293366+00:00,0.1.0,True,0.5,elementary,부산광역시,북구,https://www.schoolinfo.go.kr/openApi.do,collection_snapshot,02,부산광역시 북구 용당로15번길 20,화명동,35.2312846543,129.0079122984,schoolinfo,missing_school_type
bf493e2c-28b5-4422-8fbd-2d27b8fa705f,S020001842,화잠초등학교,,공립,남녀공학,2632010200,부산광역시북부교육지원청,부산광역시 북구 화명대로 97-25,부산광역시 북구 화명1동 715~820,N,N,2026,학교알리미 Open API,data\raw\schoolinfo\2026\26320_02.json,2026-09-05T00:47:20.293366+00:00,0.1.0,True,0.5,elementary,부산광역시,북구,https://www.schoolinfo.go.kr/openApi.do,collection_snapshot,02,부산광역시 북구 화명대로 97-25,화명1동,35.2360697277,129.0173444242,schoolinfo,missing_school_type
b408f6d5-5eb4-4813-8a5a-0bc64010e3e6,S020001873,신덕초등학교,,공립,남녀공학,2632010300,부산광역시북부교육지원청,부산광역시 북구 함박봉로140번가길 25,부산광역시 북구 만덕2동,N,N,2026,학교알리미 Open API,data\raw\schoolinfo\2026\26320_02.json,2026-09-05T00:47:20.293366+00:00,0.1.0,True,0.5,elementary,부산광역시,북구,https://www.schoolinfo.go.kr/openApi.do,collection_snapshot,02,부산광역시 북구 함박봉로140번가길 25,만덕2동,35.2028591862,129.0324818143,schoolinfo,missing_school_type
5eb227ba-2d3f-4406-b8ad-cf15f4639463,S020001874,상학초등학교,,공립,남녀공학,2632010300,부산광역시북부교육지원청,부산광역시 북구 상학산복길 191,부산광역시 북구 만덕동,N,N,2026,학교알리미 Open API,data\raw\schoolinfo\2026\26320_02.json,2026-09-05T00:47:20.293366+00:00,0.1.0,True,0.5,elementary,부산광역시,북구,https://www.schoolinfo.go.kr/openApi.do,collection_snapshot,02,부산광역시 북구 상학산복길 191,만덕동,35.2190253532,129.0400183859,schoolinfo,missing_school_type
584a98d3-11d3-46b2-a87d-f9b9603594e4,S020002177,화정초등학교,,공립,남녀공학,2632010200,부산광역시북부교육지원청,부산광역시 북구 의성로 23,부산광역시 북구 화명동,N,N,2026,학교알리미 Open API,data\raw\schoolinfo\2026\26320_02.json,2026-09-05T00:47:20.293366+00:00,0.1.0,True,0.5,elementary,부산광역시,북구,https://www.schoolinfo.go.kr/openApi.do,collection_snapshot,02,부산광역시 북구 의성로 23,화명동,35.2180836841,129.0099106445,schoolinfo,missing_school_type
91f06c44-c0e2-43ff-82ff-c02603b2423a,S020001203,가람중학교,,공립,남녀공학,2632010500,부산광역시북부교육지원청,부산광역시 북구 낙동북로663번길 55,부산광역시 북구 구포2동,N,N,2026,학교알리미 Open API,data\raw\schoolinfo\2026\26320_03.json,2026-09-05T00:47:20.538709+00:00,0.1.0,True,0.5,middle,부산광역시,북구,https://www.schoolinfo.go.kr/openApi.do,collection_snapshot,03,부산광역시 북구 낙동북로663번길 55,구포2동,35.2040550087,128.9984964761,schoolinfo,missing_school_type
f1928a9c-216b-4751-88a1-8a6f327ab86d,S020001205,구남중학교,,공립,남녀공학,2632010500,부산광역시북부교육지원청,부산광역시 북구 백양대로1016번길 38,부산광역시 북구 구포동,N,N,2026,학교알리미 Open API,data\raw\schoolinfo\2026\26320_03.json,2026-09-05T00:47:20.538709+00:00,0.1.0,True,0.5,middle,부산광역시,북구,https://www.schoolinfo.go.kr/openApi.do,collection_snapshot,03,부산광역시 북구 백양대로1016번길 38,구포동,35.1957682101,128.9974382097,schoolinfo,missing_school_type
b186ce72-0be7-4d08-b31c-8811b81cb958,S020001207,구포중학교,,공립,남녀공학,2632010500,부산광역시북부교육지원청,부산광역시 북구 백양대로1016번다길 31,부산광역시 북구 구포동,N,N,2026,학교알리미 Open API,data\raw\schoolinfo\2026\26320_03.json,2026-09-05T00:47:20.538709+00:00,0.1.0,True,0.5,middle,부산광역시,북구,https://www.schoolinfo.go.kr/openApi.do,collection_snapshot,03,부산광역시 북구 백양대로1016번다길 31,구포동,35.195025944,128.9965461699,schoolinfo,missing_school_type
aece41b1-8171-414b-81c5-646f0fb9a927,S020001208,금곡중학교,,공립,남녀공학,2632010100,부산광역시북부교육지원청,부산광역시 북구 효열로162번길 3,부산광역시 북구 금곡동   99-2,N,N,2026,학교알리미 Open API,data\raw\schoolinfo\2026\26320_03.json,2026-09-05T00:47:20.538709+00:00,0.1.0,True,0.5,middle,부산광역시,북구,https://www.schoolinfo.go.kr/openApi.do,collection_snapshot,03,부산광역시 북구 효열로162번길 3,금곡동,35.2608626902,129.0171107156,schoolinfo,missing_school_type
96c339ba-c9dd-4711-b4ab-5938f1e3d7c1,S020001213,대천리중학교,,공립,남녀공학,2632010200,부산광역시북부교육지원청,부산광역시 북구 산성로 87-15,부산광역시 북구 화명동   509,N,N,2026,학교알리미 Open API,data\raw\schoolinfo\2026\26320_03.json,2026-09-05T00:47:20.538709+00:00,0.1.0,True,0.5,middle,부산광역시,북구,https://www.schoolinfo.go.kr/openApi.do,collection_snapshot,03,부산광역시 북구 산성로 87-15,화명동,35.2423672823,129.0216481905,schoolinfo,missing_school_type
ff5a12cb-777e-4f05-8731-93b2eb45c3d1,S020001215,덕천여자중학교,,공립,녀,2632010400,부산광역시북부교육지원청,부산광역시 북구 의성로47번길 45-4,부산광역시 북구 덕천동,Y,N,2026,학교알리미 Open API,data\raw\schoolinfo\2026\26320_03.json,2026-09-05T00:47:20.538709+00:00,0.1.0,True,0.5,middle,부산광역시,북구,https://www.schoolinfo.go.kr/openApi.do,collection_snapshot,03,부산광역시 북구 의성로47번길 45-4,덕천동,35.204522566,129.0136211363,schoolinfo,missing_school_type;closed_or_suspended
c23ef8af-f9cc-4b9c-949c-ea1018519c19,S020001216,덕천중학교,,공립,남녀공학,2632010400,부산광역시북부교육지원청,부산광역시 북구 만덕대로65번길 50,부산광역시 북구 덕천1동,N,N,2026,학교알리미 Open API,data\raw\schoolinfo\2026\26320_03.json,2026-09-05T00:47:20.538709+00:00,0.1.0,True,0.5,middle,부산광역시,북구,https://www.schoolinfo.go.kr/openApi.do,collection_snapshot,03,부산광역시 북구 만덕대로65번길 50,덕천1동,35.2143816519,129.0118661677,schoolinfo,missing_school_type
5b50580b-d422-455f-bd39-c634bbe25d5c,S020001219,만덕중학교,,공립,남녀공학,2632010300,부산광역시북부교육지원청,부산광역시 북구 만덕1로 52,부산광역시 북구 만덕1동,N,N,2026,학교알리미 Open API,data\raw\schoolinfo\2026\26320_03.json,2026-09-05T00:47:20.538709+00:00,0.1.0,True,0.5,middle,부산광역시,북구,https://www.schoolinfo.go.kr/openApi.do,collection_snapshot,03,부산광역시 북구 만덕1로 52,만덕1동,35.2150581186,129.0317889063,schoolinfo,missing_school_type
db468fd7-0d49-48f3-89fd-c8066252505c,S020001222,백양중학교,,공립,남녀공학,2632010300,부산광역시북부교육지원청,부산광역시 북구 상리로 70,부산광역시 북구 만덕2동 878,N,N,2026,학교알리미 Open API,data\raw\schoolinfo\2026\26320_03.json,2026-09-05T00:47:20.538709+00:00,0.1.0,True,0.5,middle,부산광역시,북구,https://www.schoolinfo.go.kr/openApi.do,collection_snapshot,03,부산광역시 북구 상리로 70,만덕2동,35.2072766149,129.0411605211,schoolinfo,missing_school_type
6195a896-c390-4045-af58-c61cdf05cd55,S020001225,양덕여자중학교,,공립,녀,2632010500,부산광역시북부교육지원청,부산광역시 북구 시랑로21번길 178,부산광역시 북구 구포동,N,N,2026,학교알리미 Open API,data\raw\schoolinfo\2026\26320_03.json,2026-09-05T00:47:20.538709+00:00,0.1.0,True,0.5,middle,부산광역시,북구,https://www.schoolinfo.go.kr/openApi.do,collection_snapshot,03,부산광역시 북구 시랑로21번길 178,구포동,35.204522566,129.0136211363,schoolinfo,missing_school_type
3cba0ab3-6dc0-4045-a373-63fed5fd13c8,S020001227,용수중학교,,공립,남녀공학,2632010200,부산광역시북부교육지원청,부산광역시 북구 금곡대로229번길 88,부산광역시 북구 화명3동,N,N,2026,학교알리미 Open API,data\raw\schoolinfo\2026\26320_03.json,2026-09-05T00:47:20.538709+00:00,0.1.0,True,0.5,middle,부산광역시,북구,https://www.schoolinfo.go.kr/openApi.do,collection_snapshot,03,부산광역시 북구 금곡대로229번길 88,화명3동,35.2301399698,129.0080334508,schoolinfo,missing_school_type
a4102b53-aa9d-4e42-a776-f11ed54f2654,S020001233,화명중학교,,공립,남녀공학,2632010200,부산광역시북부교육지원청,부산광역시 북구 금곡대로186번길 13,부산광역시 북구 화명1동,N,N,2026,학교알리미 Open API,data\raw\schoolinfo\2026\26320_03.json,2026-09-05T00:47:20.538709+00:00,0.1.0,True,0.5,middle,부산광역시,북구,https://www.schoolinfo.go.kr/openApi.do,collection_snapshot,03,부산광역시 북구 금곡대로186번길 13,화명1동,35.2260936391,129.0114041398,schoolinfo,missing_school_type
0973ee01-fc79-4905-abff-484f7d2dbb49,S020001234,화신중학교,,공립,남녀공학,2632010200,부산광역시북부교육지원청,부산광역시 북구 산성로12번길 22,부산광역시 북구 화명동   1408번지,N,N,2026,학교알리미 Open API,data\raw\schoolinfo\2026\26320_03.json,2026-09-05T00:47:20.538709+00:00,0.1.0,True,0.5,middle,부산광역시,북구,https://www.schoolinfo.go.kr/openApi.do,collection_snapshot,03,부산광역시 북구 산성로12번길 22,화명동,35.2385261399,129.01486577,schoolinfo,missing_school_type
f2a34e92-6b0e-42b9-bb08-c71e438bbf85,S020001837,금명중학교,,공립,남녀공학,2632010100,부산광역시북부교육지원청,부산광역시 북구 화명신도시로 210-1,부산광역시 북구 금곡동,N,N,2026,학교알리미 Open API,data\raw\schoolinfo\2026\26320_03.json,2026-09-05T00:47:20.538709+00:00,0.1.0,True,0.5,middle,부산광역시,북구,https://www.schoolinfo.go.kr/openApi.do,collection_snapshot,03,부산광역시 북구 화명신도시로 210-1,금곡동,35.2436648631,129.0123565961,schoolinfo,missing_school_type
78862052-aee1-48f2-8dae-7be22e03b1c3,S020001838,명진중학교,,공립,남녀공학,2632010200,부산광역시북부교육지원청,부산광역시 북구 학사로 192,부산광역시 북구 화명동,N,N,2026,학교알리미 Open API,data\raw\schoolinfo\2026\26320_03.json,2026-09-05T00:47:20.538709+00:00,0.1.0,True,0.5,middle,부산광역시,북구,https://www.schoolinfo.go.kr/openApi.do,collection_snapshot,03,부산광역시 북구 학사로 192,화명동,35.2398131644,129.0098712491,schoolinfo,missing_school_type
e1016223-0d77-442c-a084-a11067c2d80e,S020001871,신덕중학교,,공립,남녀공학,2632010300,부산광역시북부교육지원청,부산광역시 북구 함박봉로140번가길 27,부산광역시 북구 만덕2동,N,N,2026,학교알리미 Open API,data\raw\schoolinfo\2026\26320_03.json,2026-09-05T00:47:20.538709+00:00,0.1.0,True,0.5,middle,부산광역시,북구,https://www.schoolinfo.go.kr/openApi.do,collection_snapshot,03,부산광역시 북구 함박봉로140번가길 27,만덕2동,35.2032217625,129.0308527539,schoolinfo,missing_school_type
bbdbea99-4cb5-49ac-875f-7e9c1a44d1a3,S020001645,강동초등학교,,공립,남녀공학,2635010500,부산광역시해운대교육지원청,부산광역시 해운대구 해운대로349번길 10,부산광역시 해운대구 우2동,N,N,2026,학교알리미 Open API,data\raw\schoolinfo\2026\26350_02.json,2026-09-05T00:47:20.773429+00:00,0.1.0,True,0.5,elementary,부산광역시,해운대구,https://www.schoolinfo.go.kr/openApi.do,collection_snapshot,02,부산광역시 해운대구 해운대로349번길 10,우2동,35.1723232544,129.1372078382,schoolinfo,missing_school_type
19e1177e-058e-4fc1-94bc-5bccf22441cb,S020001653,동백초등학교,,공립,남녀공학,2635010600,부산광역시해운대교육지원청,부산광역시 해운대구 좌동순환로357번길 6,부산광역시 해운대구 중2동,N,N,2026,학교알리미 Open API,data\raw\schoolinfo\2026\26350_02.json,2026-09-05T00:47:20.773429+00:00,0.1.0,True,0.5,elementary,부산광역시,해운대구,https://www.schoolinfo.go.kr/openApi.do,collection_snapshot,02,부산광역시 해운대구 좌동순환로357번길 6,중2동,35.1641772754,129.180854084,schoolinfo,missing_school_type
d9e32298-cddc-4ec4-a6c9-563030b3b1b6,S020001657,반산초등학교,,공립,남녀공학,2635010400,부산광역시해운대교육지원청,부산광역시 해운대구 재반로 171,부산광역시 해운대구 재송2동,N,N,2026,학교알리미 Open API,data\raw\schoolinfo\2026\26350_02.json,2026-09-05T00:47:20.773429+00:00,0.1.0,True,0.5,elementary,부산광역시,해운대구,https://www.schoolinfo.go.kr/openApi.do,collection_snapshot,02,부산광역시 해운대구 재반로 171,재송2동,35.19389813,129.1293508834,schoolinfo,missing_school_type
b0a459d2-c6ee-4e50-a294-015e5826de7e,S020001658,반석초등학교,,공립,남녀공학,2635010300,부산광역시해운대교육지원청,부산광역시 해운대구 선수촌로207번길 14,부산광역시 해운대구 반여1동,N,N,2026,학교알리미 Open API,data\raw\schoolinfo\2026\26350_02.json,2026-09-05T00:47:20.773429+00:00,0.1.0,True,0.5,elementary,부산광역시,해운대구,https://www.schoolinfo.go.kr/openApi.do,collection_snapshot,02,부산광역시 해운대구 선수촌로207번길 14,반여1동,35.2113849454,129.1249851252,schoolinfo,missing_school_type
41d4cf2c-75b2-4c0b-b60d-90917c25a9c9,S020001659,반송초등학교,,공립,남녀공학,2635010100,부산광역시해운대교육지원청,부산광역시 해운대구 아랫반송로30번길 37-16,부산광역시 해운대구 반송동,N,N,2026,학교알리미 Open API,data\raw\schoolinfo\2026\26350_02.json,2026-09-05T00:47:20.773429+00:00,0.1.0,True,0.5,elementary,부산광역시,해운대구,https://www.schoolinfo.go.kr/openApi.do,collection_snapshot,02,부산광역시 해운대구 아랫반송로30번길 37-16,반송동,35.2235853492,129.1475038887,schoolinfo,missing_school_type
26d4565a-6293-4ddd-9c40-508bc2efe90b,S020001660,반안초등학교,,공립,남녀공학,2635010300,부산광역시해운대교육지원청,부산광역시 해운대구 명장로67번길 40-42,부산광역시 해운대구 반여동,N,N,2026,학교알리미 Open API,data\raw\schoolinfo\2026\26350_02.json,2026-09-05T00:47:20.773429+00:00,0.1.0,True,0.5,elementary,부산광역시,해운대구,https://www.schoolinfo.go.kr/openApi.do,collection_snapshot,02,부산광역시 해운대구 명장로67번길 40-42,반여동,35.2030242131,129.113142678,schoolinfo,missing_school_type
7253a234-edd3-4139-ac42-6b20687a2937,S020001661,반여초등학교,,공립,남녀공학,2635010300,부산광역시해운대교육지원청,부산광역시 해운대구 재반로 301,부산광역시 해운대구 반여동,N,N,2026,학교알리미 Open API,data\raw\schoolinfo\2026\26350_02.json,2026-09-05T00:47:20.773429+00:00,0.1.0,True,0.5,elementary,부산광역시,해운대구,https://www.schoolinfo.go.kr/openApi.do,collection_snapshot,02,부산광역시 해운대구 재반로 301,반여동,35.2027272108,129.1294716296,schoolinfo,missing_school_type
a5762604-7386-4465-9741-58d3b993cd2e,S020001663,부흥초등학교,,공립,남녀공학,2635010700,부산광역시해운대교육지원청,부산광역시 해운대구 좌동순환로 216,부산광역시 해운대구 좌동 1303,N,N,2026,학교알리미 Open API,data\raw\schoolinfo\2026\26350_02.json,2026-09-05T00:47:20.773429+00:00,0.1.0,True,0.5,elementary,부산광역시,해운대구,https://www.schoolinfo.go.kr/openApi.do,collection_snapshot,02,부산광역시 해운대구 좌동순환로 216,좌동,35.1759402933,129.1781743097,schoolinfo,missing_school_type
f98a08e3-4bf0-4827-8413-47d0c550ab67,S020001664,상당초등학교,,공립,남녀공학,2635010700,부산광역시해운대교육지원청,부산광역시 해운대구 세실로 173,부산광역시 해운대구 좌동,N,N,2026,학교알리미 Open API,data\raw\schoolinfo\2026\26350_02.json,2026-09-05T00:47:20.773429+00:00,0.1.0,True,0.5,elementary,부산광역시,해운대구,https://www.schoolinfo.go.kr/openApi.do,collection_snapshot,02,부산광역시 해운대구 세실로 173,좌동,35.1797419243,129.1761344131,schoolinfo,missing_school_type
bb038018-dae7-4d01-8155-3c488f472605,S020001665,송운초등학교,,공립,남녀공학,2635010100,부산광역시해운대교육지원청,부산광역시 해운대구 신반송로 20,부산광역시 해운대구 반송동,N,N,2026,학교알리미 Open API,data\raw\schoolinfo\2026\26350_02.json,2026-09-05T00:47:20.773429+00:00,0.1.0,True,0.5,elementary,부산광역시,해운대구,https://www.schoolinfo.go.kr/openApi.do,collection_snapshot,02,부산광역시 해운대구 신반송로 20,반송동,35.2287631937,129.1569314625,schoolinfo,missing_school_type
91d0de04-df55-40f6-b13d-917e71fd9fc9,S020001666,송정초등학교,,공립,남녀공학,2635010800,부산광역시해운대교육지원청,부산광역시 해운대구 해운대로 1164-9,부산광역시 해운대구 송정동,N,N,2026,학교알리미 Open API,data\raw\schoolinfo\2026\26350_02.json,2026-09-05T00:47:20.773429+00:00,0.1.0,True,0.5,elementary,부산광역시,해운대구,https://www.schoolinfo.go.kr/openApi.do,collection_snapshot,02,부산광역시 해운대구 해운대로 1164-9,송정동,35.1896676438,129.2045869919,schoolinfo,missing_school_type
e6927153-de1f-46a0-babe-018e6cde0874,S020001669,신곡초등학교,,공립,남녀공학,2635010700,부산광역시해운대교육지원청,부산광역시 해운대구 좌동순환로 290,부산광역시 해운대구 좌2동,N,N,2026,학교알리미 Open API,data\raw\schoolinfo\2026\26350_02.json,2026-09-05T00:47:20.773429+00:00,0.1.0,True,0.5,elementary,부산광역시,해운대구,https://www.schoolinfo.go.kr/openApi.do,collection_snapshot,02,부산광역시 해운대구 좌동순환로 290,좌2동,35.1701886581,129.1819101691,schoolinfo,missing_school_type
741f6a5e-fd11-471f-88b8-a666d8ecca51,S020001670,신도초등학교,,공립,남녀공학,2635010700,부산광역시해운대교육지원청,부산광역시 해운대구 좌동순환로 34,부산광역시 해운대구 좌동   1346,N,N,2026,학교알리미 Open API,data\raw\schoolinfo\2026\26350_02.json,2026-09-05T00:47:20.773429+00:00,0.1.0,True,0.5,elementary,부산광역시,해운대구,https://www.schoolinfo.go.kr/openApi.do,collection_snapshot,02,부산광역시 해운대구 좌동순환로 34,좌동,35.1693926884,129.1674247557,schoolinfo,missing_school_type
90959f22-b7eb-4194-b063-f6d4472da450,S020001671,신재초등학교,,공립,남녀공학,2635010400,부산광역시해운대교육지원청,부산광역시 해운대구 해운대로81번길 81,부산광역시 해운대구 재송2동   1024-1,N,N,2026,학교알리미 Open API,data\raw\schoolinfo\2026\26350_02.json,2026-09-05T00:47:20.773429+00:00,0.1.0,True,0.5,elementary,부산광역시,해운대구,https://www.schoolinfo.go.kr/openApi.do,collection_snapshot,02,부산광역시 해운대구 해운대로81번길 81,재송2동,35.1915975009,129.1226297306,schoolinfo,missing_school_type
bae50303-7d90-4f1b-bb61-6f8bcf51f7cf,S020001673,양운초등학교,,공립,남녀공학,2635010700,부산광역시해운대교육지원청,부산광역시 해운대구 대천로67번길 36,부산광역시 해운대구 좌동 ,N,N,2026,학교알리미 Open API,data\raw\schoolinfo\2026\26350_02.json,2026-09-05T00:47:20.773429+00:00,0.1.0,True,0.5,elementary,부산광역시,해운대구,https://www.schoolinfo.go.kr/openApi.do,collection_snapshot,02,부산광역시 해운대구 대천로67번길 36,좌동,35.1746144966,129.1668873415,schoolinfo,missing_school_type
6eb629e0-dbbc-42dc-99a9-13717ee5381d,S020001674,운봉초등학교,,공립,남녀공학,2635010100,부산광역시해운대교육지원청,부산광역시 해운대구 신반송로 11-20,부산광역시 해운대구 반송동,N,N,2026,학교알리미 Open API,data\raw\schoolinfo\2026\26350_02.json,2026-09-05T00:47:20.773429+00:00,0.1.0,True,0.5,elementary,부산광역시,해운대구,https://www.schoolinfo.go.kr/openApi.do,collection_snapshot,02,부산광역시 해운대구 신반송로 11-20,반송동,35.2292622481,129.159164224,schoolinfo,missing_school_type
1d37cd1f-d9f1-499f-80af-89b75b232134,S020001675,운송초등학교,,공립,남녀공학,2635010100,부산광역시해운대교육지원청,부산광역시 해운대구 반송로 839,부산광역시 해운대구 반송동,N,N,2026,학교알리미 Open API,data\raw\schoolinfo\2026\26350_02.json,2026-09-05T00:47:20.773429+00:00,0.1.0,True,0.5,elementary,부산광역시,해운대구,https://www.schoolinfo.go.kr/openApi.do,collection_snapshot,02,부산광역시 해운대구 반송로 839,반송동,35.2290908731,129.1464102002,schoolinfo,missing_school_type
0067f6a6-9778-463e-9d23-458d78494d47,S020001680,장산초등학교,,공립,남녀공학,2635010300,부산광역시해운대교육지원청,부산광역시 해운대구 선수촌로 68,부산광역시 해운대구 반여1동,N,N,2026,학교알리미 Open API,data\raw\schoolinfo\2026\26350_02.json,2026-09-05T00:47:20.773429+00:00,0.1.0,True,0.5,elementary,부산광역시,해운대구,https://www.schoolinfo.go.kr/openApi.do,collection_snapshot,02,부산광역시 해운대구 선수촌로 68,반여1동,35.2001215785,129.1198961447,schoolinfo,missing_school_type
f7d3b7ed-4956-47be-a7e7-d9ff8edc4dc2,S020001682,재송초등학교,,공립,남녀공학,2635010400,부산광역시해운대교육지원청,부산광역시 해운대구 재반로64번길 33,부산광역시 해운대구 재송1동,N,N,2026,학교알리미 Open API,data\raw\schoolinfo\2026\26350_02.json,2026-09-05T00:47:20.773429+00:00,0.1.0,True,0.5,elementary,부산광역시,해운대구,https://www.schoolinfo.go.kr/openApi.do,collection_snapshot,02,부산광역시 해운대구 재반로64번길 33,재송1동,35.1865138445,129.127625799,schoolinfo,missing_school_type
83a82730-2ab6-4466-8aec-891033c4a56d,S020001684,좌동초등학교,,공립,남녀공학,2635010700,부산광역시해운대교육지원청,부산광역시 해운대구 세실로 127,부산광역시 해운대구 좌1동,N,N,2026,학교알리미 Open API,data\raw\schoolinfo\2026\26350_02.json,2026-09-05T00:47:20.773429+00:00,0.1.0,True,0.5,elementary,부산광역시,해운대구,https://www.schoolinfo.go.kr/openApi.do,collection_snapshot,02,부산광역시 해운대구 세실로 127,좌1동,35.175832061,129.1752223928,schoolinfo,missing_school_type
15cabf2f-3d21-445b-86bc-521b2bfcdc0d,S020001685,좌산초등학교,,공립,남녀공학,2635010700,부산광역시해운대교육지원청,부산광역시 해운대구 좌동순환로311번길 7,부산광역시 해운대구 좌동,N,N,2026,학교알리미 Open API,data\raw\schoolinfo\2026\26350_02.json,2026-09-05T00:47:20.773429+00:00,0.1.0,True,0.5,elementary,부산광역시,해운대구,https://www.schoolinfo.go.kr/openApi.do,collection_snapshot,02,부산광역시 해운대구 좌동순환로311번길 7,좌동,35.1691282822,129.1839449893,schoolinfo,missing_school_type
4de1f8d2-8388-4b33-8d15-edff05b38d57,S020001690,해강초등학교,,공립,남녀공학,2635010500,부산광역시해운대교육지원청,부산광역시 해운대구 해운대해변로 73,부산광역시 해운대구 우동,N,N,2026,학교알리미 Open API,data\raw\schoolinfo\2026\26350_02.json,2026-09-05T00:47:20.773429+00:00,0.1.0,True,0.5,elementary,부산광역시,해운대구,https://www.schoolinfo.go.kr/openApi.do,collection_snapshot,02,부산광역시 해운대구 해운대해변로 73,우동,35.1622395821,129.1417897753,schoolinfo,missing_school_type
51d13a41-21a1-42e7-bd7e-a8214e4da1ad,S020001691,해동초등학교,,공립,남녀공학,2635010500,부산광역시해운대교육지원청,부산광역시 해운대구 우동1로 104,부산광역시 해운대구 우1동 345,N,N,2026,학교알리미 Open API,data\raw\schoolinfo\2026\26350_02.json,2026-09-05T00:47:20.773429+00:00,0.1.0,True,0.5,elementary,부산광역시,해운대구,https://www.schoolinfo.go.kr/openApi.do,collection_snapshot,02,부산광역시 해운대구 우동1로 104,우1동,35.1702732792,129.1554508538,schoolinfo,missing_school_type
37235d1b-8e5e-44c6-b9e7-27c1644fae0f,S020001692,해림초등학교,,공립,남녀공학,2635010500,부산광역시해운대교육지원청,부산광역시 해운대구 해운대로469번길 42,부산광역시 해운대구 우동,N,N,2026,학교알리미 Open API,data\raw\schoolinfo\2026\26350_02.json,2026-09-05T00:47:20.773429+00:00,0.1.0,True,0.5,elementary,부산광역시,해운대구,https://www.schoolinfo.go.kr/openApi.do,collection_snapshot,02,부산광역시 해운대구 해운대로469번길 42,우동,35.1649346869,129.1436865027,schoolinfo,missing_school_type
69222d08-38a8-458a-a177-0c1684d35639,S020001693,해송초등학교,,공립,남녀공학,2635010700,부산광역시해운대교육지원청,부산광역시 해운대구 좌동순환로402번길 32,부산광역시 해운대구 좌동,N,N,2026,학교알리미 Open API,data\raw\schoolinfo\2026\26350_02.json,2026-09-05T00:47:20.773429+00:00,0.1.0,True,0.5,elementary,부산광역시,해운대구,https://www.schoolinfo.go.kr/openApi.do,collection_snapshot,02,부산광역시 해운대구 좌동순환로402번길 32,좌동,35.164635286,129.1794397412,schoolinfo,missing_school_type
c53a5e61-1020-4d2e-9c65-7e5835ef38df,S020001694,해운대초등학교,,공립,남녀공학,2635010600,부산광역시해운대교육지원청,부산광역시 해운대구 중동2로24번길 30,부산광역시 해운대구 중1동,N,N,2026,학교알리미 Open API,data\raw\schoolinfo\2026\26350_02.json,2026-09-05T00:47:20.773429+00:00,0.1.0,True,0.5,elementary,부산광역시,해운대구,https://www.schoolinfo.go.kr/openApi.do,collection_snapshot,02,부산광역시 해운대구 중동2로24번길 30,중1동,35.1646018221,129.1658358869,schoolinfo,missing_school_type
91e90dae-6dfd-4192-9e94-8e08a0da52d3,S020001843,인지초등학교,,공립,남녀공학,2635010300,부산광역시해운대교육지원청,부산광역시 해운대구 반여로 128,부산광역시 해운대구 반여1동,N,N,2026,학교알리미 Open API,data\raw\schoolinfo\2026\26350_02.json,2026-09-05T00:47:20.773429+00:00,0.1.0,True,0.5,elementary,부산광역시,해운대구,https://www.schoolinfo.go.kr/openApi.do,collection_snapshot,02,부산광역시 해운대구 반여로 128,반여1동,35.202717871,129.1252862235,schoolinfo,missing_school_type
d3c73036-b07d-43c6-b17a-e71efb065bc3,S020001844,위봉초등학교,,공립,남녀공학,2635010300,부산광역시해운대교육지원청,부산광역시 해운대구 재반로 301,부산광역시 해운대구 반여동,Y,N,2026,학교알리미 Open API,data\raw\schoolinfo\2026\26350_02.json,2026-09-05T00:47:20.773429+00:00,0.1.0,True,0.5,elementary,부산광역시,해운대구,https://www.schoolinfo.go.kr/openApi.do,collection_snapshot,02,부산광역시 해운대구 재반로 301,반여동,35.2027333489,129.12943007,schoolinfo,missing_school_type;closed_or_suspended
c0cf3258-0ec0-4201-8061-ebb0d6be3707,S020001892,무정초등학교,,공립,남녀공학,2635010300,부산광역시해운대교육지원청,부산광역시 해운대구 반여로 68-11,부산광역시 해운대구 반여동,N,N,2026,학교알리미 Open API,data\raw\schoolinfo\2026\26350_02.json,2026-09-05T00:47:20.773429+00:00,0.1.0,True,0.5,elementary,부산광역시,해운대구,https://www.schoolinfo.go.kr/openApi.do,collection_snapshot,02,부산광역시 해운대구 반여로 68-11,반여동,35.1980427662,129.1238469913,schoolinfo,missing_school_type
d7cdbde5-29fe-4f60-98d3-4e3823d5f2b1,S020001904,삼어초등학교,,공립,남녀공학,2635010300,부산광역시해운대교육지원청,부산광역시 해운대구 삼어로91번길 73,부산광역시 해운대구 반여4동,N,N,2026,학교알리미 Open API,data\raw\schoolinfo\2026\26350_02.json,2026-09-05T00:47:20.773429+00:00,0.1.0,True,0.5,elementary,부산광역시,해운대구,https://www.schoolinfo.go.kr/openApi.do,collection_snapshot,02,부산광역시 해운대구 삼어로91번길 73,반여4동,35.2086387759,129.1158519703,schoolinfo,missing_school_type
9985962a-3e73-43eb-be47-e490295f65d7,S020001905,센텀초등학교,,공립,남녀공학,2635010400,부산광역시해운대교육지원청,부산광역시 해운대구 센텀중앙로 166,부산광역시 해운대구 재송동,N,N,2026,학교알리미 Open API,data\raw\schoolinfo\2026\26350_02.json,2026-09-05T00:47:20.773429+00:00,0.1.0,True,0.5,elementary,부산광역시,해운대구,https://www.schoolinfo.go.kr/openApi.do,collection_snapshot,02,부산광역시 해운대구 센텀중앙로 166,재송동,35.1813135114,129.1218134018,schoolinfo,missing_school_type
1a2f7421-8cdc-44a1-b7d9-58f398e6da96,S020001906,송수초등학교,,공립,남녀공학,2635010400,부산광역시해운대교육지원청,부산광역시 해운대구 해운대로76번길 35,부산광역시 해운대구 재송동,N,N,2026,학교알리미 Open API,data\raw\schoolinfo\2026\26350_02.json,2026-09-05T00:47:20.773429+00:00,0.1.0,True,0.5,elementary,부산광역시,해운대구,https://www.schoolinfo.go.kr/openApi.do,collection_snapshot,02,부산광역시 해운대구 해운대로76번길 35,재송동,35.1898003505,129.1192502953,schoolinfo,missing_school_type
e10ecf66-3870-4342-aab5-3241a3fc66f6,S020002055,해원초등학교,,공립,남녀공학,2635010500,부산광역시해운대교육지원청,부산광역시 해운대구 마린시티2로 10,부산광역시 해운대구 우1동,N,N,2026,학교알리미 Open API,data\raw\schoolinfo\2026\26350_02.json,2026-09-05T00:47:20.773429+00:00,0.1.0,True,0.5,elementary,부산광역시,해운대구,https://www.schoolinfo.go.kr/openApi.do,collection_snapshot,02,부산광역시 해운대구 마린시티2로 10,우1동,35.1587131491,129.1438918858,schoolinfo,missing_school_type
5305afaf-5e4b-408f-b6d0-8d0a23509b2e,S020001622,동백중학교,,공립,남녀공학,2635010600,부산광역시해운대교육지원청,부산광역시 해운대구 좌동순환로468번가길 97,부산광역시 해운대구 중1동 750-10,N,N,2026,학교알리미 Open API,data\raw\schoolinfo\2026\26350_03.json,2026-09-05T00:47:21.017742+00:00,0.1.0,True,0.5,middle,부산광역시,해운대구,https://www.schoolinfo.go.kr/openApi.do,collection_snapshot,03,부산광역시 해운대구 좌동순환로468번가길 97,중1동,35.165794243,129.1743217594,schoolinfo,missing_school_type
9158c6bf-6b20-43d5-8f1a-5d3f5203fce9,S020001627,반송여자중학교,,공립,녀,2635010100,부산광역시해운대교육지원청,부산광역시 해운대구 운봉길 113,부산광역시 해운대구 반송동,N,N,2026,학교알리미 Open API,data\raw\schoolinfo\2026\26350_03.json,2026-09-05T00:47:21.017742+00:00,0.1.0,True,0.5,middle,부산광역시,해운대구,https://www.schoolinfo.go.kr/openApi.do,collection_snapshot,03,부산광역시 해운대구 운봉길 113,반송동,35.2328436752,129.1445541293,schoolinfo,missing_school_type
702f4502-a6d3-4619-8ff9-8c6f96d911bf,S020001628,반송중학교,,공립,남,2635010100,부산광역시해운대교육지원청,부산광역시 해운대구 반송로911번길 59,부산광역시 해운대구 반송1동 250-2696,N,N,2026,학교알리미 Open API,data\raw\schoolinfo\2026\26350_03.json,2026-09-05T00:47:21.017742+00:00,0.1.0,True,0.5,middle,부산광역시,해운대구,https://www.schoolinfo.go.kr/openApi.do,collection_snapshot,03,부산광역시 해운대구 반송로911번길 59,반송1동,35.2349361034,129.151761493,schoolinfo,missing_school_type
77cd8689-266e-451d-b2e5-4dd8a465cd22,S020001629,반안중학교,,공립,남녀공학,2635010300,부산광역시해운대교육지원청,부산광역시 해운대구 명장로67번길 40-32,부산광역시 해운대구 반여4동,N,N,2026,학교알리미 Open API,data\raw\schoolinfo\2026\26350_03.json,2026-09-05T00:47:21.017742+00:00,0.1.0,True,0.5,middle,부산광역시,해운대구,https://www.schoolinfo.go.kr/openApi.do,collection_snapshot,03,부산광역시 해운대구 명장로67번길 40-32,반여4동,35.203336591,129.1123866327,schoolinfo,missing_school_type
0ca9ac7c-700d-4674-88bc-818a11b7a912,S020001630,반여중학교,,공립,남녀공학,2635010300,부산광역시해운대교육지원청,부산광역시 해운대구 재반로256번길 57-12,부산광역시 해운대구 반여3동,N,N,2026,학교알리미 Open API,data\raw\schoolinfo\2026\26350_03.json,2026-09-05T00:47:21.017742+00:00,0.1.0,True,0.5,middle,부산광역시,해운대구,https://www.schoolinfo.go.kr/openApi.do,collection_snapshot,03,부산광역시 해운대구 재반로256번길 57-12,반여3동,35.1998135168,129.1362900474,schoolinfo,missing_school_type
956e2a9a-aae0-476b-9495-66a2d5732569,S020001632,부흥중학교,,공립,남녀공학,2635010700,부산광역시해운대교육지원청,부산광역시 해운대구 좌동순환로 226,부산광역시 해운대구 좌동,N,N,2026,학교알리미 Open API,data\raw\schoolinfo\2026\26350_03.json,2026-09-05T00:47:21.017742+00:00,0.1.0,True,0.5,middle,부산광역시,해운대구,https://www.schoolinfo.go.kr/openApi.do,collection_snapshot,03,부산광역시 해운대구 좌동순환로 226,좌동,35.1752517526,129.1787793204,schoolinfo,missing_school_type
267e5f2f-92c1-4bf3-8d9e-db3bd5c58f3c,S020001633,상당중학교,,공립,남녀공학,2635010700,부산광역시해운대교육지원청,부산광역시 해운대구 대천로103번길 48,부산광역시 해운대구 좌동,N,N,2026,학교알리미 Open API,data\raw\schoolinfo\2026\26350_03.json,2026-09-05T00:47:21.017742+00:00,0.1.0,True,0.5,middle,부산광역시,해운대구,https://www.schoolinfo.go.kr/openApi.do,collection_snapshot,03,부산광역시 해운대구 대천로103번길 48,좌동,35.1788294181,129.1760650816,schoolinfo,missing_school_type
aae71d30-1e3d-4767-aea8-eae82878386c,S020001635,신곡중학교,,공립,남녀공학,2635010700,부산광역시해운대교육지원청,부산광역시 해운대구 좌동순환로 316,부산광역시 해운대구 좌동,N,N,2026,학교알리미 Open API,data\raw\schoolinfo\2026\26350_03.json,2026-09-05T00:47:21.017742+00:00,0.1.0,True,0.5,middle,부산광역시,해운대구,https://www.schoolinfo.go.kr/openApi.do,collection_snapshot,03,부산광역시 해운대구 좌동순환로 316,좌동,35.1680700469,129.181862328,schoolinfo,missing_school_type
2d33a406-4634-494b-b608-f5ef426fa318,S020001636,신도중학교,,공립,남녀공학,2635010700,부산광역시해운대교육지원청,부산광역시 해운대구 좌동순환로 50,부산광역시 해운대구 좌동   1345,N,N,2026,학교알리미 Open API,data\raw\schoolinfo\2026\26350_03.json,2026-09-05T00:47:21.017742+00:00,0.1.0,True,0.5,middle,부산광역시,해운대구,https://www.schoolinfo.go.kr/openApi.do,collection_snapshot,03,부산광역시 해운대구 좌동순환로 50,좌동,35.170686424,129.167441544,schoolinfo,missing_school_type
3c0df4db-7f90-4151-a025-76923a46d5e9,S020001637,양운중학교,,공립,남녀공학,2635010700,부산광역시해운대교육지원청,부산광역시 해운대구 좌동순환로99번길 7,부산광역시 해운대구 좌동,N,N,2026,학교알리미 Open API,data\raw\schoolinfo\2026\26350_03.json,2026-09-05T00:47:21.017742+00:00,0.1.0,True,0.5,middle,부산광역시,해운대구,https://www.schoolinfo.go.kr/openApi.do,collection_snapshot,03,부산광역시 해운대구 좌동순환로99번길 7,좌동,35.1752803159,129.1669445276,schoolinfo,missing_school_type
add8425c-5487-4724-8ad4-6eaf32c5dbe4,S020001638,운송중학교,,공립,남녀공학,2635010100,부산광역시해운대교육지원청,부산광역시 해운대구 반송로911번길 59,부산광역시 해운대구 반송동,Y,N,2026,학교알리미 Open API,data\raw\schoolinfo\2026\26350_03.json,2026-09-05T00:47:21.017742+00:00,0.1.0,True,0.5,middle,부산광역시,해운대구,https://www.schoolinfo.go.kr/openApi.do,collection_snapshot,03,부산광역시 해운대구 반송로911번길 59,반송동,35.2349361034,129.151761493,schoolinfo,missing_school_type;closed_or_suspended
c1780afb-7e2e-4f40-988c-6932229035c7,S020001640,재송여자중학교,,공립,녀,2635010400,부산광역시해운대교육지원청,부산광역시 해운대구 재반로84번길 148,부산광역시 해운대구 재송2동 1157,N,N,2026,학교알리미 Open API,data\raw\schoolinfo\2026\26350_03.json,2026-09-05T00:47:21.017742+00:00,0.1.0,True,0.5,middle,부산광역시,해운대구,https://www.schoolinfo.go.kr/openApi.do,collection_snapshot,03,부산광역시 해운대구 재반로84번길 148,재송2동,35.189833482,129.1311196864,schoolinfo,missing_school_type
a09842ce-f5e2-4d34-a890-8feafeb339bc,S020001641,재송중학교,,공립,남,2635010400,부산광역시해운대교육지원청,부산광역시 해운대구 재반로165번길 16,부산광역시 해운대구 재송동,N,N,2026,학교알리미 Open API,data\raw\schoolinfo\2026\26350_03.json,2026-09-05T00:47:21.017742+00:00,0.1.0,True,0.5,middle,부산광역시,해운대구,https://www.schoolinfo.go.kr/openApi.do,collection_snapshot,03,부산광역시 해운대구 재반로165번길 16,재송동,35.193386391,129.1286272704,schoolinfo,missing_school_type
0932691d-8f7c-4d99-a7c1-41b3749239f0,S020001643,해운대여자중학교,,사립,녀,2635010500,부산광역시해운대교육지원청,부산광역시 해운대구 우동1로85번길 25,부산광역시 해운대구 우동,N,N,2026,학교알리미 Open API,data\raw\schoolinfo\2026\26350_03.json,2026-09-05T00:47:21.017742+00:00,0.1.0,True,0.5,middle,부산광역시,해운대구,https://www.schoolinfo.go.kr/openApi.do,collection_snapshot,03,부산광역시 해운대구 우동1로85번길 25,우동,35.1683046002,129.1536605634,schoolinfo,missing_school_type
679c784f-875c-4539-915e-7340f5e26954,S020001644,해운대중학교,,사립,남,2635010500,부산광역시해운대교육지원청,부산광역시 해운대구 우동2로30번길 99,부산광역시 해운대구 우1동,N,N,2026,학교알리미 Open API,data\raw\schoolinfo\2026\26350_03.json,2026-09-05T00:47:21.017742+00:00,0.1.0,True,0.5,middle,부산광역시,해운대구,https://www.schoolinfo.go.kr/openApi.do,collection_snapshot,03,부산광역시 해운대구 우동2로30번길 99,우1동,35.1721596765,129.1616508954,schoolinfo,missing_school_type
5c75febe-2f49-4d3c-98e0-ce5bd29b792f,S020001857,인지중학교,,공립,남녀공학,2635010300,부산광역시해운대교육지원청,부산광역시 해운대구 반여로 142,부산광역시 해운대구 반여동,N,N,2026,학교알리미 Open API,data\raw\schoolinfo\2026\26350_03.json,2026-09-05T00:47:21.017742+00:00,0.1.0,True,0.5,middle,부산광역시,해운대구,https://www.schoolinfo.go.kr/openApi.do,collection_snapshot,03,부산광역시 해운대구 반여로 142,반여동,35.203882675,129.1254615075,schoolinfo,missing_school_type
ecb608a0-3e13-42b9-b11b-c4515a9f4b8e,S020001893,해강중학교,,공립,남녀공학,2635010500,부산광역시해운대교육지원청,부산광역시 해운대구 해운대해변로 17,부산광역시 해운대구 우2동,N,N,2026,학교알리미 Open API,data\raw\schoolinfo\2026\26350_03.json,2026-09-05T00:47:21.017742+00:00,0.1.0,True,0.5,middle,부산광역시,해운대구,https://www.schoolinfo.go.kr/openApi.do,collection_snapshot,03,부산광역시 해운대구 해운대해변로 17,우2동,35.1642060904,129.1357575345,schoolinfo,missing_school_type
bfc013ae-ea6d-4eb2-b2fb-f42899174b01,S020001910,센텀중학교,,공립,남녀공학,2635010400,부산광역시해운대교육지원청,부산광역시 해운대구 센텀북대로 32,부산 해운대구 재송동,N,N,2026,학교알리미 Open API,data\raw\schoolinfo\2026\26350_03.json,2026-09-05T00:47:21.017742+00:00,0.1.0,True,0.5,middle,부산광역시,해운대구,https://www.schoolinfo.go.kr/openApi.do,collection_snapshot,03,부산광역시 해운대구 센텀북대로 32,재송동,35.1754000979,129.1237713094,schoolinfo,missing_school_type
f7a2f366-14e1-4cd6-b9e5-69757d5ea38f,S020001919,장산중학교,,공립,남녀공학,2635010300,부산광역시해운대교육지원청,부산광역시 해운대구 선수촌로 47,부산광역시 해운대구 반여1동,N,N,2026,학교알리미 Open API,data\raw\schoolinfo\2026\26350_03.json,2026-09-05T00:47:21.017742+00:00,0.1.0,True,0.5,middle,부산광역시,해운대구,https://www.schoolinfo.go.kr/openApi.do,collection_snapshot,03,부산광역시 해운대구 선수촌로 47,반여1동,35.1987410798,129.1179368441,schoolinfo,missing_school_type
c61ae039-54ff-43b8-a35d-41a16626ffff,S020001446,감정초등학교,,공립,남녀공학,2638010800,부산광역시서부교육지원청,부산광역시 사하구 옥천로 130,부산광역시 사하구 감천동,Y,N,2026,학교알리미 Open API,data\raw\schoolinfo\2026\26380_02.json,2026-09-05T00:47:21.275000+00:00,0.1.0,True,0.5,elementary,부산광역시,사하구,https://www.schoolinfo.go.kr/openApi.do,collection_snapshot,02,부산광역시 사하구 옥천로 130,감천동,35.0968675804,129.0111029994,schoolinfo,missing_school_type;closed_or_suspended
a56f6ad3-f422-4d10-9e1f-86e6ff8fb44d,S020001447,감천초등학교,,공립,남녀공학,2638010800,부산광역시서부교육지원청,부산광역시 사하구 원양로 368-2,부산광역시 사하구 감천1동 212,N,N,2026,학교알리미 Open API,data\raw\schoolinfo\2026\26380_02.json,2026-09-05T00:47:21.275000+00:00,0.1.0,True,0.5,elementary,부산광역시,사하구,https://www.schoolinfo.go.kr/openApi.do,collection_snapshot,02,부산광역시 사하구 원양로 368-2,감천1동,35.0833115542,129.007733749,schoolinfo,missing_school_type
33119c9c-f353-4b24-b7c8-203fda408362,S020001448,괴정초등학교,,공립,남녀공학,2638010100,부산광역시서부교육지원청,부산광역시 사하구 낙동대로 152,부산광역시 사하구 괴정2동 315,N,N,2026,학교알리미 Open API,data\raw\schoolinfo\2026\26380_02.json,2026-09-05T00:47:21.275000+00:00,0.1.0,True,0.5,elementary,부산광역시,사하구,https://www.schoolinfo.go.kr/openApi.do,collection_snapshot,02,부산광역시 사하구 낙동대로 152,괴정2동,35.1038850101,128.9993690707,schoolinfo,missing_school_type
d8c6bbc1-a6dd-478e-a614-6d070e24864e,S020001450,구평초등학교,,공립,남녀공학,2638010700,부산광역시서부교육지원청,부산광역시 사하구 사하로 9,부산광역시 사하구 구평동,N,N,2026,학교알리미 Open API,data\raw\schoolinfo\2026\26380_02.json,2026-09-05T00:47:21.275000+00:00,0.1.0,True,0.5,elementary,부산광역시,사하구,https://www.schoolinfo.go.kr/openApi.do,collection_snapshot,02,부산광역시 사하구 사하로 9,구평동,35.0872351845,128.9894854856,schoolinfo,missing_school_type
3dbbf014-29d5-43c8-b547-797bbaa83545,S020001451,낙동초등학교,,공립,남녀공학,2638010200,부산광역시서부교육지원청,부산광역시 사하구 제석로 41,부산광역시 사하구 당리동 313-6,N,N,2026,학교알리미 Open API,data\raw\schoolinfo\2026\26380_02.json,2026-09-05T00:47:21.275000+00:00,0.1.0,True,0.5,elementary,부산광역시,사하구,https://www.schoolinfo.go.kr/openApi.do,collection_snapshot,02,부산광역시 사하구 제석로 41,당리동,35.1056168763,128.9724345635,schoolinfo,missing_school_type
b513d831-bf6a-437a-a0a1-932dbfeb2c9c,S020001454,다대초등학교,,공립,남녀공학,2638010600,부산광역시서부교육지원청,부산광역시 사하구 다대로 499,부산광역시 사하구 다대동,N,N,2026,학교알리미 Open API,data\raw\schoolinfo\2026\26380_02.json,2026-09-05T00:47:21.275000+00:00,0.1.0,True,0.5,elementary,부산광역시,사하구,https://www.schoolinfo.go.kr/openApi.do,collection_snapshot,02,부산광역시 사하구 다대로 499,다대동,35.0598086748,128.9756939166,schoolinfo,missing_school_type
ab59260a-af56-4663-b7ba-f94dc95b4cb1,S020001455,다선초등학교,,공립,남녀공학,2638010600,부산광역시서부교육지원청,부산광역시 사하구 다송로 57,부산광역시 사하구 다대2동 3번지,N,N,2026,학교알리미 Open API,data\raw\schoolinfo\2026\26380_02.json,2026-09-05T00:47:21.275000+00:00,0.1.0,True,0.5,elementary,부산광역시,사하구,https://www.schoolinfo.go.kr/openApi.do,collection_snapshot,02,부산광역시 사하구 다송로 57,다대2동,35.0636823232,128.9854939652,schoolinfo,missing_school_type
964e06e4-31a1-4811-abe5-65a38d5a28b6,S020001456,다송초등학교,,공립,남녀공학,2638010600,부산광역시서부교육지원청,부산광역시 사하구 다대로381번길 17,부산광역시 사하구 다대동,N,N,2026,학교알리미 Open API,data\raw\schoolinfo\2026\26380_02.json,2026-09-05T00:47:21.275000+00:00,0.1.0,True,0.5,elementary,부산광역시,사하구,https://www.schoolinfo.go.kr/openApi.do,collection_snapshot,02,부산광역시 사하구 다대로381번길 17,다대동,35.0693133078,128.9799611826,schoolinfo,missing_school_type
19addbf0-fea6-46f7-8618-2f39402e7c19,S020001457,당리초등학교,,공립,남녀공학,2638010200,부산광역시서부교육지원청,부산광역시 사하구 다대로 22번길 12,부산광역시 사하구 당리동,N,N,2026,학교알리미 Open API,data\raw\schoolinfo\2026\26380_02.json,2026-09-05T00:47:21.275000+00:00,0.1.0,True,0.5,elementary,부산광역시,사하구,https://www.schoolinfo.go.kr/openApi.do,collection_snapshot,02,부산광역시 사하구 다대로 22번길 12,당리동,35.0999712875,128.9749039127,schoolinfo,missing_school_type
934dd51b-b3c8-44c6-bdf0-5ac9d15cc5c0,S020001466,사남초등학교,,공립,남녀공학,2638010100,부산광역시서부교육지원청,부산광역시 사하구 장평로 390,부산광역시 사하구 괴정4동 1206,N,N,2026,학교알리미 Open API,data\raw\schoolinfo\2026\26380_02.json,2026-09-05T00:47:21.275000+00:00,0.1.0,True,0.5,elementary,부산광역시,사하구,https://www.schoolinfo.go.kr/openApi.do,collection_snapshot,02,부산광역시 사하구 장평로 390,괴정4동,35.0960156385,128.9824323937,schoolinfo,missing_school_type
c11efe47-3fdd-4076-9613-d860e472ecf7,S020001467,사동초등학교,,공립,남녀공학,2638010200,부산광역시서부교육지원청,부산광역시 사하구 승학로 129-2,부산광역시 사하구 당리동 467-6,N,N,2026,학교알리미 Open API,data\raw\schoolinfo\2026\26380_02.json,2026-09-05T00:47:21.275000+00:00,0.1.0,True,0.5,elementary,부산광역시,사하구,https://www.schoolinfo.go.kr/openApi.do,collection_snapshot,02,부산광역시 사하구 승학로 129-2,당리동,35.1045715476,128.981050631,schoolinfo,missing_school_type
8d0e2787-b441-48c7-9917-bfa897177e74,S020001468,사하초등학교,,공립,남녀공학,2638010100,부산광역시서부교육지원청,부산광역시 사하구 낙동대로 266,부산광역시 사하구 괴정동,N,N,2026,학교알리미 Open API,data\raw\schoolinfo\2026\26380_02.json,2026-09-05T00:47:21.275000+00:00,0.1.0,True,0.5,elementary,부산광역시,사하구,https://www.schoolinfo.go.kr/openApi.do,collection_snapshot,02,부산광역시 사하구 낙동대로 266,괴정동,35.1000483707,128.9873888397,schoolinfo,missing_school_type
d65972fd-00f2-4e40-9991-00c457d333bd,S020001470,서천초등학교,,공립,남녀공학,2638010800,부산광역시서부교육지원청,부산광역시 사하구 감천로105번길 10,부산광역시 사하구 감천동,N,N,2026,학교알리미 Open API,data\raw\schoolinfo\2026\26380_02.json,2026-09-05T00:47:21.275000+00:00,0.1.0,True,0.5,elementary,부산광역시,사하구,https://www.schoolinfo.go.kr/openApi.do,collection_snapshot,02,부산광역시 사하구 감천로105번길 10,감천동,35.0887612789,129.0038501848,schoolinfo,missing_school_type
3bf3df72-a1bc-45f7-88cc-0edfee8a2ed1,S020001472,승학초등학교,,공립,남녀공학,2638010100,부산광역시서부교육지원청,부산광역시 사하구 낙동대로135번길 55,부산광역시 사하구 괴정2동,N,N,2026,학교알리미 Open API,data\raw\schoolinfo\2026\26380_02.json,2026-09-05T00:47:21.275000+00:00,0.1.0,True,0.5,elementary,부산광역시,사하구,https://www.schoolinfo.go.kr/openApi.do,collection_snapshot,02,부산광역시 사하구 낙동대로135번길 55,괴정2동,35.1019860049,129.0032023349,schoolinfo,missing_school_type
8a38616e-e933-493b-a9a9-f95e5391374d,S020001473,신남초등학교,,공립,남녀공학,2638010400,부산광역시서부교육지원청,부산광역시 사하구 비봉로 88,부산광역시 사하구 신평2동 산 110-3,N,N,2026,학교알리미 Open API,data\raw\schoolinfo\2026\26380_02.json,2026-09-05T00:47:21.275000+00:00,0.1.0,True,0.5,elementary,부산광역시,사하구,https://www.schoolinfo.go.kr/openApi.do,collection_snapshot,02,부산광역시 사하구 비봉로 88,신평2동,35.0988477239,128.9617951835,schoolinfo,missing_school_type
f005a209-310c-4166-9ac9-d05a728abc1c,S020001475,신촌초등학교,,공립,남녀공학,2638010400,부산광역시서부교육지원청,부산광역시 사하구 다대로135번길 30-21,부산광역시 사하구 신평동,N,N,2026,학교알리미 Open API,data\raw\schoolinfo\2026\26380_02.json,2026-09-05T00:47:21.275000+00:00,0.1.0,True,0.5,elementary,부산광역시,사하구,https://www.schoolinfo.go.kr/openApi.do,collection_snapshot,02,부산광역시 사하구 다대로135번길 30-21,신평동,35.0912056865,128.9805781027,schoolinfo,missing_school_type
a4135525-ba78-4e5b-a093-ca54231e4607,S020001476,신평초등학교,,공립,남녀공학,2638010400,부산광역시서부교육지원청,부산광역시 사하구 장평로299번안길 19,부산광역시 사하구 신평동,N,N,2026,학교알리미 Open API,data\raw\schoolinfo\2026\26380_02.json,2026-09-05T00:47:21.275000+00:00,0.1.0,True,0.5,elementary,부산광역시,사하구,https://www.schoolinfo.go.kr/openApi.do,collection_snapshot,02,부산광역시 사하구 장평로299번안길 19,신평동,35.0942765799,128.9715341514,schoolinfo,missing_school_type
14bf0d17-580b-4507-bac1-5afd04e38e03,S020001480,옥천초등학교,,공립,남녀공학,2638010800,부산광역시서부교육지원청,부산광역시 사하구 사하로 134,부산광역시 사하구 감천1동 824,N,N,2026,학교알리미 Open API,data\raw\schoolinfo\2026\26380_02.json,2026-09-05T00:47:21.275000+00:00,0.1.0,True,0.5,elementary,부산광역시,사하구,https://www.schoolinfo.go.kr/openApi.do,collection_snapshot,02,부산광역시 사하구 사하로 134,감천1동,35.0935195093,128.9935766377,schoolinfo,missing_school_type
e427da1f-341a-42f5-8616-313c2e4b3770,S020001481,응봉초등학교,,공립,남녀공학,2638010600,부산광역시서부교육지원청,부산광역시 사하구 다대낙조2길 26,부산광역시 사하구 다대동,N,N,2026,학교알리미 Open API,data\raw\schoolinfo\2026\26380_02.json,2026-09-05T00:47:21.275000+00:00,0.1.0,True,0.5,elementary,부산광역시,사하구,https://www.schoolinfo.go.kr/openApi.do,collection_snapshot,02,부산광역시 사하구 다대낙조2길 26,다대동,35.0529013532,128.9650812139,schoolinfo,missing_school_type
8f0b4933-625a-4fe3-9ebf-540b63dba33b,S020001482,장림초등학교,,공립,남녀공학,2638010500,부산광역시서부교육지원청,부산광역시 사하구 장림번영로103번길 10,부산광역시 사하구 장림2동,N,N,2026,학교알리미 Open API,data\raw\schoolinfo\2026\26380_02.json,2026-09-05T00:47:21.275000+00:00,0.1.0,True,0.5,elementary,부산광역시,사하구,https://www.schoolinfo.go.kr/openApi.do,collection_snapshot,02,부산광역시 사하구 장림번영로103번길 10,장림2동,35.0818967385,128.9758099203,schoolinfo,missing_school_type
570e6828-751a-4f38-bb8b-0e5e47a5afb4,S020001486,중현초등학교,,공립,남녀공학,2638010600,부산광역시서부교육지원청,부산광역시 사하구 다대낙조2길 8,부산광역시 사하구 다대동,N,N,2026,학교알리미 Open API,data\raw\schoolinfo\2026\26380_02.json,2026-09-05T00:47:21.275000+00:00,0.1.0,True,0.5,elementary,부산광역시,사하구,https://www.schoolinfo.go.kr/openApi.do,collection_snapshot,02,부산광역시 사하구 다대낙조2길 8,다대동,35.0511341638,128.9664679121,schoolinfo,missing_school_type
8f1562fa-e2a7-4661-8713-fc222cd17a49,S020001493,하남초등학교,,공립,남녀공학,2638010300,부산광역시서부교육지원청,부산광역시 사하구 하신번영로 186,부산광역시 사하구 하단1동,N,N,2026,학교알리미 Open API,data\raw\schoolinfo\2026\26380_02.json,2026-09-05T00:47:21.275000+00:00,0.1.0,True,0.5,elementary,부산광역시,사하구,https://www.schoolinfo.go.kr/openApi.do,collection_snapshot,02,부산광역시 사하구 하신번영로 186,하단1동,35.0995345772,128.9600593688,schoolinfo,missing_school_type
5076504b-2ad9-4e97-8b4e-3b5f47c19240,S020001494,하단초등학교,,공립,남녀공학,2638010300,부산광역시서부교육지원청,부산광역시 사하구 하신중앙로 321,부산광역시 사하구 하단동,N,N,2026,학교알리미 Open API,data\raw\schoolinfo\2026\26380_02.json,2026-09-05T00:47:21.275000+00:00,0.1.0,True,0.5,elementary,부산광역시,사하구,https://www.schoolinfo.go.kr/openApi.do,collection_snapshot,02,부산광역시 사하구 하신중앙로 321,하단동,35.1053242464,128.9647073167,schoolinfo,missing_school_type
e7e7f27b-f396-4e32-950b-c9eb0a34bcdc,S020001496,효림초등학교,,공립,남녀공학,2638010500,부산광역시서부교육지원청,부산광역시 사하구 장평로 106,부산광역시 사하구 장림동,N,N,2026,학교알리미 Open API,data\raw\schoolinfo\2026\26380_02.json,2026-09-05T00:47:21.275000+00:00,0.1.0,True,0.5,elementary,부산광역시,사하구,https://www.schoolinfo.go.kr/openApi.do,collection_snapshot,02,부산광역시 사하구 장평로 106,장림동,35.0761257366,128.9737501527,schoolinfo,missing_school_type
cee94170-2d9a-4144-b236-928dec3b8797,S020001870,을숙도초등학교,,공립,남녀공학,2638010300,부산광역시서부교육지원청,부산광역시 사하구 낙동대로 581,부산광역시 사하구 하단동,N,N,2026,학교알리미 Open API,data\raw\schoolinfo\2026\26380_02.json,2026-09-05T00:47:21.275000+00:00,0.1.0,True,0.5,elementary,부산광역시,사하구,https://www.schoolinfo.go.kr/openApi.do,collection_snapshot,02,부산광역시 사하구 낙동대로 581,하단동,35.115512848,128.9612712498,schoolinfo,missing_school_type
81ce1fe8-1f42-46f2-a48a-19b4ec66d69c,S020001891,보림초등학교,,공립,남녀공학,2638010500,부산광역시서부교육지원청,부산광역시 사하구 장림로161번길 20,부산광역시 사하구 장림동,N,N,2026,학교알리미 Open API,data\raw\schoolinfo\2026\26380_02.json,2026-09-05T00:47:21.275000+00:00,0.1.0,True,0.5,elementary,부산광역시,사하구,https://www.schoolinfo.go.kr/openApi.do,collection_snapshot,02,부산광역시 사하구 장림로161번길 20,장림동,35.0839842953,128.9669185942,schoolinfo,missing_school_type
8645a845-b361-4d41-984b-259c00163220,S020001997,몰운대초등학교,,공립,남녀공학,2638010600,부산광역시서부교육지원청,부산광역시 사하구 다대낙조2길 110,부산광역시 사하구 다대동,N,N,2026,학교알리미 Open API,data\raw\schoolinfo\2026\26380_02.json,2026-09-05T00:47:21.275000+00:00,0.1.0,True,0.5,elementary,부산광역시,사하구,https://www.schoolinfo.go.kr/openApi.do,collection_snapshot,02,부산광역시 사하구 다대낙조2길 110,다대동,35.0550150577,128.9631087533,schoolinfo,missing_school_type
9f97259e-df54-4728-8d3c-d77d528d5500,S020001399,감천중학교,,공립,남녀공학,2638010800,부산광역시서부교육지원청,부산광역시 사하구 감천로73번길 60,부산광역시 사하구 감천1동,N,N,2026,학교알리미 Open API,data\raw\schoolinfo\2026\26380_03.json,2026-09-05T00:47:21.507090+00:00,0.1.0,True,0.5,middle,부산광역시,사하구,https://www.schoolinfo.go.kr/openApi.do,collection_snapshot,03,부산광역시 사하구 감천로73번길 60,감천1동,35.0930902009,128.9999431269,schoolinfo,missing_school_type
3a15b3f1-ced0-4630-8118-5dba2a3ccbaf,S020001400,건국중학교,,사립,남,2638010300,부산광역시서부교육지원청,부산광역시 사하구 승학로17번길 76-8,부산광역시 사하구 하단동,N,N,2026,학교알리미 Open API,data\raw\schoolinfo\2026\26380_03.json,2026-09-05T00:47:21.507090+00:00,0.1.0,True,0.5,middle,부산광역시,사하구,https://www.schoolinfo.go.kr/openApi.do,collection_snapshot,03,부산광역시 사하구 승학로17번길 76-8,하단동,35.1095233269,128.9696203403,schoolinfo,missing_school_type
d6f9e9b4-7a26-478a-bfb1-65062d92723b,S020001405,다대중학교,,공립,남녀공학,2638010600,부산광역시서부교육지원청,부산광역시 사하구 다대로554번길 33,부산광역시 사하구 다대동   945번지,N,N,2026,학교알리미 Open API,data\raw\schoolinfo\2026\26380_03.json,2026-09-05T00:47:21.507090+00:00,0.1.0,True,0.5,middle,부산광역시,사하구,https://www.schoolinfo.go.kr/openApi.do,collection_snapshot,03,부산광역시 사하구 다대로554번길 33,다대동,35.0574517582,128.9683423016,schoolinfo,missing_school_type
1f110831-1cde-49ca-8d36-f811cc5676df,S020001406,다선중학교,,공립,남녀공학,2638010600,부산광역시서부교육지원청,부산광역시 사하구 다대낙조2길 36,부산광역시 사하구 다대1동 1549-3,N,N,2026,학교알리미 Open API,data\raw\schoolinfo\2026\26380_03.json,2026-09-05T00:47:21.507090+00:00,0.1.0,True,0.5,middle,부산광역시,사하구,https://www.schoolinfo.go.kr/openApi.do,collection_snapshot,03,부산광역시 사하구 다대낙조2길 36,다대1동,35.0525052083,128.9639451236,schoolinfo,missing_school_type
066c24d6-fe87-4aa6-9e8e-061e6cce966a,S020001407,다송중학교,,공립,남녀공학,2638010600,부산광역시서부교육지원청,부산광역시 사하구 다송로 55,부산광역시 사하구 다대동,N,N,2026,학교알리미 Open API,data\raw\schoolinfo\2026\26380_03.json,2026-09-05T00:47:21.507090+00:00,0.1.0,True,0.5,middle,부산광역시,사하구,https://www.schoolinfo.go.kr/openApi.do,collection_snapshot,03,부산광역시 사하구 다송로 55,다대동,35.0640027235,128.9844188178,schoolinfo,missing_school_type
d9ac0474-6e17-426e-ae67-f2fcc1ab4ba9,S020001408,대동중학교,,사립,남,2638010400,부산광역시서부교육지원청,부산광역시 사하구 을숙도대로709번길 27,부산광역시 사하구 신평동,N,N,2026,학교알리미 Open API,data\raw\schoolinfo\2026\26380_03.json,2026-09-05T00:47:21.507090+00:00,0.1.0,True,0.5,middle,부산광역시,사하구,https://www.schoolinfo.go.kr/openApi.do,collection_snapshot,03,부산광역시 사하구 을숙도대로709번길 27,신평동,35.0871904069,128.9834192717,schoolinfo,missing_school_type
dc4cb8f3-5036-45e8-a8db-6604ecf20523,S020001413,동주여자중학교,,사립,녀,2638010100,부산광역시서부교육지원청,부산광역시 사하구 사리로8번길 28,부산광역시 사하구 괴정동,N,N,2026,학교알리미 Open API,data\raw\schoolinfo\2026\26380_03.json,2026-09-05T00:47:21.507090+00:00,0.1.0,True,0.5,middle,부산광역시,사하구,https://www.schoolinfo.go.kr/openApi.do,collection_snapshot,03,부산광역시 사하구 사리로8번길 28,괴정동,35.1007335893,129.0013886956,schoolinfo,missing_school_type
9c99c6b5-d905-4286-80c2-7e3871443474,S020001418,당리중학교,,공립,남녀공학,2638010200,부산광역시서부교육지원청,부산광역시 사하구 낙동대로356번길 22,부산광역시 사하구 당리동   438-1번지,N,N,2026,학교알리미 Open API,data\raw\schoolinfo\2026\26380_03.json,2026-09-05T00:47:21.507090+00:00,0.1.0,True,0.5,middle,부산광역시,사하구,https://www.schoolinfo.go.kr/openApi.do,collection_snapshot,03,부산광역시 사하구 낙동대로356번길 22,당리동,35.1023529425,128.9804925076,schoolinfo,missing_school_type
e060db87-9187-4b79-ab4b-393c313825eb,S020001425,사하중학교,,공립,남녀공학,2638010100,부산광역시서부교육지원청,부산광역시 사하구 낙동대로302번길 35,부산광역시 사하구 괴정4동   1091-1,N,N,2026,학교알리미 Open API,data\raw\schoolinfo\2026\26380_03.json,2026-09-05T00:47:21.507090+00:00,0.1.0,True,0.5,middle,부산광역시,사하구,https://www.schoolinfo.go.kr/openApi.do,collection_snapshot,03,부산광역시 사하구 낙동대로302번길 35,괴정4동,35.1022190017,128.9825113491,schoolinfo,missing_school_type
0e134da4-3dfe-43e2-9ce9-a03f120451a3,S020001426,삼성중학교,,사립,남,2638010800,부산광역시서부교육지원청,부산광역시 사하구 감천로43번길 45-2,부산광역시 사하구 감천동,N,N,2026,학교알리미 Open API,data\raw\schoolinfo\2026\26380_03.json,2026-09-05T00:47:21.507090+00:00,0.1.0,True,0.5,middle,부산광역시,사하구,https://www.schoolinfo.go.kr/openApi.do,collection_snapshot,03,부산광역시 사하구 감천로43번길 45-2,감천동,35.0945479224,128.9990927886,schoolinfo,missing_school_type
d1d620cf-58ad-4677-a3a4-f9966811737a,S020001432,영남중학교,,사립,남,2638010500,부산광역시서부교육지원청,부산광역시 사하구 다대로277번길 100,부산 사하구 장림동 산,N,N,2026,학교알리미 Open API,data\raw\schoolinfo\2026\26380_03.json,2026-09-05T00:47:21.507090+00:00,0.1.0,True,0.5,middle,부산광역시,사하구,https://www.schoolinfo.go.kr/openApi.do,collection_snapshot,03,부산광역시 사하구 다대로277번길 100,장림동,35.0749440607,128.9819388707,schoolinfo,missing_school_type
59c545a2-46d7-4fa3-9fa9-4d3a48803fad,S020001436,장림여자중학교,,공립,녀,2638010500,부산광역시서부교육지원청,부산광역시 사하구 두송로 64,부산광역시 사하구 장림2동   60번지,N,N,2026,학교알리미 Open API,data\raw\schoolinfo\2026\26380_03.json,2026-09-05T00:47:21.507090+00:00,0.1.0,True,0.5,middle,부산광역시,사하구,https://www.schoolinfo.go.kr/openApi.do,collection_snapshot,03,부산광역시 사하구 두송로 64,장림2동,35.0785757917,128.9813908982,schoolinfo,missing_school_type
b51c9c19-c940-4f5c-8101-0d76bde755d9,S020001437,장평중학교,,공립,남녀공학,2638010800,부산광역시서부교육지원청,부산광역시 사하구 사하로 134-1,부산광역시 사하구 감천1동 824-11,N,N,2026,학교알리미 Open API,data\raw\schoolinfo\2026\26380_03.json,2026-09-05T00:47:21.507090+00:00,0.1.0,True,0.5,middle,부산광역시,사하구,https://www.schoolinfo.go.kr/openApi.do,collection_snapshot,03,부산광역시 사하구 사하로 134-1,감천1동,35.0940286431,128.9944004157,schoolinfo,missing_school_type
5bea08e8-567d-455d-a07f-6ac8a0d40ff4,S020001443,하남중학교,,공립,남녀공학,2638010300,부산광역시서부교육지원청,부산광역시 사하구 하신번영로 206,부산광역시 사하구 하단1동,N,N,2026,학교알리미 Open API,data\raw\schoolinfo\2026\26380_03.json,2026-09-05T00:47:21.507090+00:00,0.1.0,True,0.5,middle,부산광역시,사하구,https://www.schoolinfo.go.kr/openApi.do,collection_snapshot,03,부산광역시 사하구 하신번영로 206,하단1동,35.0996024627,128.9589819951,schoolinfo,missing_school_type
26e32c59-427e-4318-a237-bd5d6bb0f87a,S020001444,하단중학교,,공립,남녀공학,2638010300,부산광역시서부교육지원청,부산광역시 사하구 하신번영로380번길 88,부산광역시 사하구 하단동,N,N,2026,학교알리미 Open API,data\raw\schoolinfo\2026\26380_03.json,2026-09-05T00:47:21.507090+00:00,0.1.0,True,0.5,middle,부산광역시,사하구,https://www.schoolinfo.go.kr/openApi.do,collection_snapshot,03,부산광역시 사하구 하신번영로380번길 88,하단동,35.1112011199,128.9601852536,schoolinfo,missing_school_type
f78631ce-edf6-4fb8-b1c8-cf4a493390b2,S020001909,두송중학교,,공립,남녀공학,2638010600,부산광역시서부교육지원청,부산광역시 사하구 다송로 76,부산광역시 사하구 다대2동,N,N,2026,학교알리미 Open API,data\raw\schoolinfo\2026\26380_03.json,2026-09-05T00:47:21.507090+00:00,0.1.0,True,0.5,middle,부산광역시,사하구,https://www.schoolinfo.go.kr/openApi.do,collection_snapshot,03,부산광역시 사하구 다송로 76,다대2동,35.0606794112,128.9830801409,schoolinfo,missing_school_type
cad2924d-30f3-4280-9ec2-64d68f3c235d,S020000642,부산삼육초등학교,,사립,남녀공학,2641010300,부산광역시동래교육지원청,부산광역시 금정구 금정도서관로 17,부산광역시 금정구 청룡동 1~149,N,N,2026,학교알리미 Open API,data\raw\schoolinfo\2026\26410_02.json,2026-09-05T00:47:21.737323+00:00,0.1.0,True,0.5,elementary,부산광역시,금정구,https://www.schoolinfo.go.kr/openApi.do,collection_snapshot,02,부산광역시 금정구 금정도서관로 17,청룡동,35.2727892316,129.0946251676,schoolinfo,missing_school_type
d9ae4274-2810-430e-90d8-640533021195,S020000800,공덕초등학교,,공립,남녀공학,2641010100,부산광역시동래교육지원청,부산광역시 금정구 대두로 2,부산광역시 금정구 두구동 224-1,N,N,2026,학교알리미 Open API,data\raw\schoolinfo\2026\26410_02.json,2026-09-05T00:47:21.737323+00:00,0.1.0,True,0.5,elementary,부산광역시,금정구,https://www.schoolinfo.go.kr/openApi.do,collection_snapshot,02,부산광역시 금정구 대두로 2,두구동,35.2964042501,129.1110616664,schoolinfo,missing_school_type
d7f23d88-da96-4dc5-9718-724d34c98f05,S020000802,구서초등학교,,공립,남녀공학,2641010700,부산광역시동래교육지원청,부산광역시 금정구 구서중앙로 35,부산광역시 금정구 구서2동 구서초등학교,N,N,2026,학교알리미 Open API,data\raw\schoolinfo\2026\26410_02.json,2026-09-05T00:47:21.737323+00:00,0.1.0,True,0.5,elementary,부산광역시,금정구,https://www.schoolinfo.go.kr/openApi.do,collection_snapshot,02,부산광역시 금정구 구서중앙로 35,구서2동,35.254205579,129.0873970062,schoolinfo,missing_school_type
0710b8fa-732b-4614-b7ff-e0b65c1c29cf,S020000804,금사초등학교,,공립,남녀공학,2641011000,부산광역시동래교육지원청,부산광역시 금정구 금사로57번길 24,부산광역시 금정구 서3동 41-3,N,N,2026,학교알리미 Open API,data\raw\schoolinfo\2026\26410_02.json,2026-09-05T00:47:21.737323+00:00,0.1.0,True,0.5,elementary,부산광역시,금정구,https://www.schoolinfo.go.kr/openApi.do,collection_snapshot,02,부산광역시 금정구 금사로57번길 24,서3동,35.2196740287,129.1096156005,schoolinfo,missing_school_type
e62acb4e-22e8-4bef-b3dd-c2a800201e8f,S020000805,금성초등학교,,공립,남녀공학,2641011300,부산광역시동래교육지원청,부산광역시 금정구 중리1길 15,부산광역시 금정구 금성동,N,N,2026,학교알리미 Open API,data\raw\schoolinfo\2026\26410_02.json,2026-09-05T00:47:21.737323+00:00,0.1.0,True,0.5,elementary,부산광역시,금정구,https://www.schoolinfo.go.kr/openApi.do,collection_snapshot,02,부산광역시 금정구 중리1길 15,금성동,35.2509572773,129.0577669497,schoolinfo,missing_school_type
5ac0f740-fe14-41fb-b452-dad8c3b07305,S020000806,금양초등학교,,공립,남녀공학,2641010900,부산광역시동래교육지원청,부산광역시 금정구 중앙대로 1755,부산광역시 금정구 부곡3동 63-27,N,N,2026,학교알리미 Open API,data\raw\schoolinfo\2026\26410_02.json,2026-09-05T00:47:21.737323+00:00,0.1.0,True,0.5,elementary,부산광역시,금정구,https://www.schoolinfo.go.kr/openApi.do,collection_snapshot,02,부산광역시 금정구 중앙대로 1755,부곡3동,35.2413486419,129.091953139,schoolinfo,missing_school_type
183f9a88-b4ee-4c92-a40f-93e43c6d94d4,S020000807,금정초등학교,,공립,남녀공학,2641010800,부산광역시동래교육지원청,부산광역시 금정구 식물원로44번길 46,부산광역시 금정구 장전3동 348-1,N,N,2026,학교알리미 Open API,data\raw\schoolinfo\2026\26410_02.json,2026-09-05T00:47:21.737323+00:00,0.1.0,True,0.5,elementary,부산광역시,금정구,https://www.schoolinfo.go.kr/openApi.do,collection_snapshot,02,부산광역시 금정구 식물원로44번길 46,장전3동,35.2277938142,129.084317096,schoolinfo,missing_school_type
29d4300f-5844-4942-bb1f-bd91c72d2255,S020000809,남산초등학교,,공립,남녀공학,2641010400,부산광역시동래교육지원청,부산광역시 금정구 금강로 614,부산광역시 금정구 남산동 59-2,N,N,2026,학교알리미 Open API,data\raw\schoolinfo\2026\26410_02.json,2026-09-05T00:47:21.737323+00:00,0.1.0,True,0.5,elementary,부산광역시,금정구,https://www.schoolinfo.go.kr/openApi.do,collection_snapshot,02,부산광역시 금정구 금강로 614,남산동,35.262759946,129.0889217226,schoolinfo,missing_school_type
b7f028ad-d5ee-4598-aa04-1db949654840,S020000813,동래초등학교,,사립,남녀공학,2641010900,부산광역시동래교육지원청,부산광역시 금정구 체육공원로44번길 26,부산 금정구 구서동 산,N,N,2026,학교알리미 Open API,data\raw\schoolinfo\2026\26410_02.json,2026-09-05T00:47:21.737323+00:00,0.1.0,True,0.5,elementary,부산광역시,금정구,https://www.schoolinfo.go.kr/openApi.do,collection_snapshot,02,부산광역시 금정구 체육공원로44번길 26,구서동,35.2470470872,129.0990508529,schoolinfo,missing_school_type
91f27438-6320-4544-89de-cd07c1524968,S020000814,동상초등학교,,공립,남녀공학,2641011000,부산광역시동래교육지원청,부산광역시 금정구 옥봉로 5,부산광역시 금정구 서2동   235,N,N,2026,학교알리미 Open API,data\raw\schoolinfo\2026\26410_02.json,2026-09-05T00:47:21.737323+00:00,0.1.0,True,0.5,elementary,부산광역시,금정구,https://www.schoolinfo.go.kr/openApi.do,collection_snapshot,02,부산광역시 금정구 옥봉로 5,서2동,35.2115579509,129.107878196,schoolinfo,missing_school_type
18ef3ec9-0fd4-4aba-8f94-d80f9c0fc889,S020000815,동현초등학교,,공립,남녀공학,2641010900,부산광역시동래교육지원청,부산광역시 금정구 동현로 36,부산광역시 금정구 부곡1동 337,N,N,2026,학교알리미 Open API,data\raw\schoolinfo\2026\26410_02.json,2026-09-05T00:47:21.737323+00:00,0.1.0,True,0.5,elementary,부산광역시,금정구,https://www.schoolinfo.go.kr/openApi.do,collection_snapshot,02,부산광역시 금정구 동현로 36,부곡1동,35.2224235398,129.0928464469,schoolinfo,missing_school_type
4919b03b-5ae6-4cd7-89bf-cdc6c041d433,S020000821,부곡초등학교,,공립,남녀공학,2641010900,부산광역시동래교육지원청,부산광역시 금정구 기찰로22번길 15,부산광역시 금정구 부곡2동 241-1,N,N,2026,학교알리미 Open API,data\raw\schoolinfo\2026\26410_02.json,2026-09-05T00:47:21.737323+00:00,0.1.0,True,0.5,elementary,부산광역시,금정구,https://www.schoolinfo.go.kr/openApi.do,collection_snapshot,02,부산광역시 금정구 기찰로22번길 15,부곡2동,35.2336927546,129.0936060514,schoolinfo,missing_school_type
995a6024-bd07-4ec8-b010-61474c16386c,S020000823,서곡초등학교,,공립,남녀공학,2641011000,부산광역시동래교육지원청,부산광역시 금정구 윤산로 279,부산광역시 금정구 서동 ,Y,N,2026,학교알리미 Open API,data\raw\schoolinfo\2026\26410_02.json,2026-09-05T00:47:21.737323+00:00,0.1.0,True,0.5,elementary,부산광역시,금정구,https://www.schoolinfo.go.kr/openApi.do,collection_snapshot,02,부산광역시 금정구 윤산로 279,서동,35.2204985861,129.1048230477,schoolinfo,missing_school_type;closed_or_suspended
63ce0a7b-d545-4f64-9b24-9e41c34451e7,S020000824,서동초등학교,,공립,남녀공학,2641011000,부산광역시동래교육지원청,부산광역시 금정구 동현로 147,부산광역시 금정구 서1동,N,N,2026,학교알리미 Open API,data\raw\schoolinfo\2026\26410_02.json,2026-09-05T00:47:21.737323+00:00,0.1.0,True,0.5,elementary,부산광역시,금정구,https://www.schoolinfo.go.kr/openApi.do,collection_snapshot,02,부산광역시 금정구 동현로 147,서1동,35.2194960953,129.0976645094,schoolinfo,missing_school_type
6516be3e-033b-438f-a2f4-10fbfe6b82a4,S020000825,서명초등학교,,공립,남녀공학,2641011000,부산광역시동래교육지원청,부산광역시 금정구 명서로 48,부산광역시 금정구 서1동,N,N,2026,학교알리미 Open API,data\raw\schoolinfo\2026\26410_02.json,2026-09-05T00:47:21.737323+00:00,0.1.0,True,0.5,elementary,부산광역시,금정구,https://www.schoolinfo.go.kr/openApi.do,collection_snapshot,02,부산광역시 금정구 명서로 48,서1동,35.2152284885,129.0952586098,schoolinfo,missing_school_type
3cb8ca37-1a14-48b1-911e-b442cabd8d8d,S020000832,장서초등학교,,공립,남녀공학,2641010700,부산광역시동래교육지원청,부산광역시 금정구 금강로 453,부산광역시 금정구 구서1동,N,N,2026,학교알리미 Open API,data\raw\schoolinfo\2026\26410_02.json,2026-09-05T00:47:21.737323+00:00,0.1.0,True,0.5,elementary,부산광역시,금정구,https://www.schoolinfo.go.kr/openApi.do,collection_snapshot,02,부산광역시 금정구 금강로 453,구서1동,35.2480385718,129.0853867673,schoolinfo,missing_school_type
82e68206-e418-4037-9a1b-69a935065c67,S020000833,장전초등학교,,공립,남녀공학,2641010800,부산광역시동래교육지원청,부산광역시 금정구 수림로 90,부산광역시 금정구 장전동,N,N,2026,학교알리미 Open API,data\raw\schoolinfo\2026\26410_02.json,2026-09-05T00:47:21.737323+00:00,0.1.0,True,0.5,elementary,부산광역시,금정구,https://www.schoolinfo.go.kr/openApi.do,collection_snapshot,02,부산광역시 금정구 수림로 90,장전동,35.2413842185,129.0829975138,schoolinfo,missing_school_type
38ea5cb4-7afd-42ea-b080-adafda6dc95d,S020000834,청룡초등학교,,공립,남녀공학,2641010300,부산광역시동래교육지원청,부산광역시 금정구 팔송로 6,부산광역시 금정구 청룡동   46,N,N,2026,학교알리미 Open API,data\raw\schoolinfo\2026\26410_02.json,2026-09-05T00:47:21.737323+00:00,0.1.0,True,0.5,elementary,부산광역시,금정구,https://www.schoolinfo.go.kr/openApi.do,collection_snapshot,02,부산광역시 금정구 팔송로 6,청룡동,35.2726656984,129.0915056635,schoolinfo,missing_school_type
2ab1bf50-282b-4949-a2ff-fe298178b206,S020000835,현곡초등학교,,공립,남녀공학,2641010900,부산광역시동래교육지원청,부산광역시 금정구 동부곡로27번라길 20,부산광역시 금정구 부곡2동,N,N,2026,학교알리미 Open API,data\raw\schoolinfo\2026\26410_02.json,2026-09-05T00:47:21.737323+00:00,0.1.0,True,0.5,elementary,부산광역시,금정구,https://www.schoolinfo.go.kr/openApi.do,collection_snapshot,02,부산광역시 금정구 동부곡로27번라길 20,부곡2동,35.2268626585,129.0966944407,schoolinfo,missing_school_type
11313e7a-befc-4e28-9d51-443e94a813a2,S020000837,회동초등학교,,공립,남녀공학,2641011200,부산광역시동래교육지원청,부산광역시 금정구 금사로 217,부산광역시 금정구 회동동 ,Y,N,2026,학교알리미 Open API,data\raw\schoolinfo\2026\26410_02.json,2026-09-05T00:47:21.737323+00:00,0.1.0,True,0.5,elementary,부산광역시,금정구,https://www.schoolinfo.go.kr/openApi.do,collection_snapshot,02,부산광역시 금정구 금사로 217,회동동,35.2301468976,129.1205879497,schoolinfo,missing_school_type;closed_or_suspended
fd972cd5-c1a7-46b2-9d8a-fde4ba274c91,S020001872,금샘초등학교,,공립,남녀공학,2641010400,부산광역시동래교육지원청,부산광역시 금정구 금샘로 525,부산광역시 금정구 남산동,N,N,2026,학교알리미 Open API,data\raw\schoolinfo\2026\26410_02.json,2026-09-05T00:47:21.737323+00:00,0.1.0,True,0.5,elementary,부산광역시,금정구,https://www.schoolinfo.go.kr/openApi.do,collection_snapshot,02,부산광역시 금정구 금샘로 525,남산동,35.2688095161,129.0839478978,schoolinfo,missing_school_type
73dfe06b-66fc-4d31-b478-9dacd7f843b5,S020001902,두실초등학교,,공립,남녀공학,2641010700,부산광역시동래교육지원청,부산광역시 금정구 중앙대로1893번길 33,부산광역시 금정구 구서2동,N,N,2026,학교알리미 Open API,data\raw\schoolinfo\2026\26410_02.json,2026-09-05T00:47:21.737323+00:00,0.1.0,True,0.5,elementary,부산광역시,금정구,https://www.schoolinfo.go.kr/openApi.do,collection_snapshot,02,부산광역시 금정구 중앙대로1893번길 33,구서2동,35.2531514692,129.0891584621,schoolinfo,missing_school_type
8984f4a9-f290-4f92-b7ac-0124dc20aa36,S020002149,금빛초등학교,,공립,남녀공학,2641010800,부산광역시동래교육지원청,부산광역시 금정구 소정로 31,부산광역시 금정구 장전동,N,N,2026,학교알리미 Open API,data\raw\schoolinfo\2026\26410_02.json,2026-09-05T00:47:21.737323+00:00,0.1.0,True,0.5,elementary,부산광역시,금정구,https://www.schoolinfo.go.kr/openApi.do,collection_snapshot,02,부산광역시 금정구 소정로 31,장전동,35.2280370137,129.0804487144,schoolinfo,missing_school_type
00f09d14-f894-4b50-85d9-cce11de3fa16,S020000765,구서여자중학교,,공립,녀,2641010700,부산광역시동래교육지원청,부산광역시 금정구 금강로453번길 26-12,부산광역시 금정구 구서1동   709-4,N,N,2026,학교알리미 Open API,data\raw\schoolinfo\2026\26410_03.json,2026-09-05T00:47:21.967396+00:00,0.1.0,True,0.5,middle,부산광역시,금정구,https://www.schoolinfo.go.kr/openApi.do,collection_snapshot,03,부산광역시 금정구 금강로453번길 26-12,구서1동,35.2491286021,129.085825541,schoolinfo,missing_school_type
22291056-04a7-4827-8c0d-f918205c43d7,S020000767,금사중학교,,공립,남녀공학,2641011000,부산광역시동래교육지원청,부산광역시 금정구 서금로 53-7,부산광역시 금정구 서3동,N,N,2026,학교알리미 Open API,data\raw\schoolinfo\2026\26410_03.json,2026-09-05T00:47:21.967396+00:00,0.1.0,True,0.5,middle,부산광역시,금정구,https://www.schoolinfo.go.kr/openApi.do,collection_snapshot,03,부산광역시 금정구 서금로 53-7,서3동,35.2213183315,129.1058552865,schoolinfo,missing_school_type
77d0ec60-4065-4a5d-93e3-b21056225bb0,S020000769,금정중학교,,사립,남,2641010400,부산광역시동래교육지원청,부산광역시 금정구 중앙대로 2104,부산광역시 금정구 남산동,N,N,2026,학교알리미 Open API,data\raw\schoolinfo\2026\26410_03.json,2026-09-05T00:47:21.967396+00:00,0.1.0,True,0.5,middle,부산광역시,금정구,https://www.schoolinfo.go.kr/openApi.do,collection_snapshot,03,부산광역시 금정구 중앙대로 2104,남산동,35.2720456119,129.0942192262,schoolinfo,missing_school_type
5e68b4f0-ddd2-4ae4-b411-0770172c2f55,S020000770,남산중학교,,공립,남,2641010400,부산광역시동래교육지원청,부산광역시 금정구 금단로 114,부산광역시 금정구 남산동 남산중학교,N,N,2026,학교알리미 Open API,data\raw\schoolinfo\2026\26410_03.json,2026-09-05T00:47:21.967396+00:00,0.1.0,True,0.5,middle,부산광역시,금정구,https://www.schoolinfo.go.kr/openApi.do,collection_snapshot,03,부산광역시 금정구 금단로 114,남산동,35.2596775321,129.0936415751,schoolinfo,missing_school_type
baf23f9b-7afc-48dc-b3a0-06aef9ef5ae3,S020000772,동래여자중학교,,사립,녀,2641010900,부산광역시동래교육지원청,부산광역시 금정구 체육공원로 20,부산광역시 금정구 부곡동 산7-1,N,N,2026,학교알리미 Open API,data\raw\schoolinfo\2026\26410_03.json,2026-09-05T00:47:21.967396+00:00,0.1.0,True,0.5,middle,부산광역시,금정구,https://www.schoolinfo.go.kr/openApi.do,collection_snapshot,03,부산광역시 금정구 체육공원로 20,부곡동,35.2452489687,129.0950675655,schoolinfo,missing_school_type
3afd5577-4f7e-493a-b108-e32d1088c8aa,S020000776,동현중학교,,공립,남,2641010900,부산광역시동래교육지원청,부산광역시 금정구 서동로 50,부산광역시 금정구 부곡동,N,N,2026,학교알리미 Open API,data\raw\schoolinfo\2026\26410_03.json,2026-09-05T00:47:21.967396+00:00,0.1.0,True,0.5,middle,부산광역시,금정구,https://www.schoolinfo.go.kr/openApi.do,collection_snapshot,03,부산광역시 금정구 서동로 50,부곡동,35.2187893841,129.0920547118,schoolinfo,missing_school_type
2786dc8a-9ba3-4ad4-90b4-1f8a280f866b,S020000777,부곡여자중학교,,공립,녀,2641010900,부산광역시동래교육지원청,부산광역시 금정구 가마실로 56,부산광역시 금정구 부곡1동   320-1,N,N,2026,학교알리미 Open API,data\raw\schoolinfo\2026\26410_03.json,2026-09-05T00:47:21.967396+00:00,0.1.0,True,0.5,middle,부산광역시,금정구,https://www.schoolinfo.go.kr/openApi.do,collection_snapshot,03,부산광역시 금정구 가마실로 56,부곡1동,35.2234445536,129.0952930583,schoolinfo,missing_school_type
5644e594-b990-4ef5-8836-275a6412165c,S020000778,부곡중학교,,공립,남녀공학,2641010900,부산광역시동래교육지원청,부산광역시 금정구 동부곡로15번길 102-20,부산광역시 금정구 부곡2동 부곡중학교,N,N,2026,학교알리미 Open API,data\raw\schoolinfo\2026\26410_03.json,2026-09-05T00:47:21.967396+00:00,0.1.0,True,0.5,middle,부산광역시,금정구,https://www.schoolinfo.go.kr/openApi.do,collection_snapshot,03,부산광역시 금정구 동부곡로15번길 102-20,부곡2동,35.2313026739,129.0960662811,schoolinfo,missing_school_type
ed0cdde2-a7fe-4fb6-8cac-4c2d2d057977,S020000779,부산예술중학교,,사립,남녀공학,2641010700,부산광역시동래교육지원청,부산광역시 금정구 체육공원로 20,부산광역시 금정구 구서동,N,N,2026,학교알리미 Open API,data\raw\schoolinfo\2026\26410_03.json,2026-09-05T00:47:21.967396+00:00,0.1.0,True,0.5,middle,부산광역시,금정구,https://www.schoolinfo.go.kr/openApi.do,collection_snapshot,03,부산광역시 금정구 체육공원로 20,구서동,35.243929402,129.0947721771,schoolinfo,missing_school_type
123404f3-858c-4407-98f7-a1c1ad26f67b,S020000780,브니엘예술중학교,,사립,남녀공학,2641010700,부산광역시동래교육지원청,부산광역시 금정구 체육공원로 154,부산광역시 금정구 구서동,N,N,2026,학교알리미 Open API,data\raw\schoolinfo\2026\26410_03.json,2026-09-05T00:47:21.967396+00:00,0.1.0,True,0.5,middle,부산광역시,금정구,https://www.schoolinfo.go.kr/openApi.do,collection_snapshot,03,부산광역시 금정구 체육공원로 154,구서동,35.2545753453,129.1028835555,schoolinfo,missing_school_type
9cf928a2-0a36-4418-a0db-d59b7a58f807,S020000795,장전중학교,,공립,남,2641010800,부산광역시동래교육지원청,부산광역시 금정구 금샘로18번길 39,부산광역시 금정구 장전2동 521-183,N,N,2026,학교알리미 Open API,data\raw\schoolinfo\2026\26410_03.json,2026-09-05T00:47:21.967396+00:00,0.1.0,True,0.5,middle,부산광역시,금정구,https://www.schoolinfo.go.kr/openApi.do,collection_snapshot,03,부산광역시 금정구 금샘로18번길 39,장전2동,35.2288990873,129.0780029486,schoolinfo,missing_school_type
5e95657d-39bc-451b-8569-de5700272d86,S020000849,금양중학교,,공립,남녀공학,2641010900,부산광역시동래교육지원청,부산광역시 금정구 기찰로22번길 37,부산광역시 금정구 부곡2동,N,N,2026,학교알리미 Open API,data\raw\schoolinfo\2026\26410_03.json,2026-09-05T00:47:21.967396+00:00,0.1.0,True,0.5,middle,부산광역시,금정구,https://www.schoolinfo.go.kr/openApi.do,collection_snapshot,03,부산광역시 금정구 기찰로22번길 37,부곡2동,35.2336919599,129.0955258894,schoolinfo,missing_school_type
e0622158-aa4e-49d5-b960-d18f962dae82,S020000927,윤산중학교,,공립,남녀공학,2641011100,부산광역시동래교육지원청,,부산광역시 금정구 금사동,Y,N,2026,학교알리미 Open API,data\raw\schoolinfo\2026\26410_03.json,2026-09-05T00:47:21.967396+00:00,0.1.0,True,0.5,middle,부산광역시,금정구,https://www.schoolinfo.go.kr/openApi.do,collection_snapshot,03,부산광역시 금정구 금사동 505번지 윤산중학교.,금사동,,,,missing_school_type;missing_or_invalid_coordinates;closed_or_suspended
00e370bc-fbed-48bd-85ac-eb8a43bbf04a,S020001235,가락초등학교,,공립,남녀공학,2644010500,부산광역시북부교육지원청,부산광역시 강서구 호계로 41,부산광역시 강서구 죽림동 811,N,N,2026,학교알리미 Open API,data\raw\schoolinfo\2026\26440_02.json,2026-09-05T00:47:22.202631+00:00,0.1.0,True,0.5,elementary,부산광역시,강서구,https://www.schoolinfo.go.kr/openApi.do,collection_snapshot,02,부산광역시 강서구 호계로 41,죽림동,35.1961350923,128.8959449027,schoolinfo,missing_school_type
6e669015-7f7b-4dbd-a3fe-60ed3a0b70f1,S020001244,녹명초등학교,,공립,남녀공학,2644011100,부산광역시북부교육지원청,부산광역시 강서구 낙동남로 617,부산광역시 강서구 녹산동 228번지,N,N,2026,학교알리미 Open API,data\raw\schoolinfo\2026\26440_02.json,2026-09-05T00:47:22.202631+00:00,0.1.0,True,0.5,elementary,부산광역시,강서구,https://www.schoolinfo.go.kr/openApi.do,collection_snapshot,02,부산광역시 강서구 낙동남로 617,녹산동,35.1153651777,128.8858718207,schoolinfo,missing_school_type
9d16d978-7fa2-45bf-beb6-870bdbb3ad63,S020001245,눌차초등학교,,공립,,2644012000,부산광역시북부교육지원청,,부산광역시 강서구 눌차동,Y,N,2026,학교알리미 Open API,data\raw\schoolinfo\2026\26440_02.json,2026-09-05T00:47:22.202631+00:00,0.1.0,True,0.5,elementary,부산광역시,강서구,https://www.schoolinfo.go.kr/openApi.do,collection_snapshot,02,부산광역시 강서구 눌차동 587번지 눌차초등학교.,눌차동,35.068763588,128.8409791096,schoolinfo,missing_school_type;missing_gender_type;closed_or_suspended
eae95c7c-9259-4de2-b797-dad96e47827f,S020001246,대사초등학교,,공립,남녀공학,2644010300,부산광역시북부교육지원청,부산광역시 강서구 낙동북로 73,부산광역시 강서구 강동동  101-64,N,N,2026,학교알리미 Open API,data\raw\schoolinfo\2026\26440_02.json,2026-09-05T00:47:22.202631+00:00,0.1.0,True,0.5,elementary,부산광역시,강서구,https://www.schoolinfo.go.kr/openApi.do,collection_snapshot,02,부산광역시 강서구 낙동북로 73,강동동,35.2203543843,128.938555189,schoolinfo,missing_school_type
7f0eb7a6-7338-4e16-acc2-8bd3b5e90335,S020001247,대상초등학교,,공립,남녀공학,2644010100,부산광역시북부교육지원청,부산광역시 강서구 대저로 249,부산광역시 강서구 대저1동   2355-1번지,N,N,2026,학교알리미 Open API,data\raw\schoolinfo\2026\26440_02.json,2026-09-05T00:47:22.202631+00:00,0.1.0,True,0.5,elementary,부산광역시,강서구,https://www.schoolinfo.go.kr/openApi.do,collection_snapshot,02,부산광역시 강서구 대저로 249,대저1동,35.2151894691,128.9798218711,schoolinfo,missing_school_type
1b35b305-d239-4a81-a55c-784c714c02f3,S020001248,대저중앙초등학교,,공립,남녀공학,2644010200,부산광역시북부교육지원청,부산광역시 강서구 공항로811번길 46,부산광역시 강서구 대저2동 ,Y,N,2026,학교알리미 Open API,data\raw\schoolinfo\2026\26440_02.json,2026-09-05T00:47:22.202631+00:00,0.1.0,True,0.5,elementary,부산광역시,강서구,https://www.schoolinfo.go.kr/openApi.do,collection_snapshot,02,부산광역시 강서구 공항로811번길 46,대저2동,35.1428594901,128.9163272977,schoolinfo,missing_school_type;closed_or_suspended
b8d1dc59-9e8b-45ff-93e6-954ab6ca00f7,S020001250,대저초등학교,,공립,남녀공학,2644010100,부산광역시북부교육지원청,부산광역시 강서구 대저로29번길 27,부산광역시 강서구 대저1동,N,N,2026,학교알리미 Open API,data\raw\schoolinfo\2026\26440_02.json,2026-09-05T00:47:22.202631+00:00,0.1.0,True,0.5,elementary,부산광역시,강서구,https://www.schoolinfo.go.kr/openApi.do,collection_snapshot,02,부산광역시 강서구 대저로29번길 27,대저1동,35.2161360517,128.9547420823,schoolinfo,missing_school_type
96ee1dc3-f42d-4356-ad8d-ace05f68bbdf,S020001252,덕도초등학교,,공립,남녀공학,2644010300,부산광역시북부교육지원청,부산광역시 강서구 상덕로 113,부산광역시 강서구 강동동,Y,N,2026,학교알리미 Open API,data\raw\schoolinfo\2026\26440_02.json,2026-09-05T00:47:22.202631+00:00,0.1.0,True,0.5,elementary,부산광역시,강서구,https://www.schoolinfo.go.kr/openApi.do,collection_snapshot,02,부산광역시 강서구 상덕로 113,강동동,35.1924678759,128.9157123564,schoolinfo,missing_school_type;closed_or_suspended
a505601d-ea93-4a7b-b3ff-1197ffd309a1,S020001253,덕두초등학교,,공립,남녀공학,2644010200,부산광역시북부교육지원청,부산광역시 강서구 공항로791번길 68,부산광역시 강서구 대저2동,N,N,2026,학교알리미 Open API,data\raw\schoolinfo\2026\26440_02.json,2026-09-05T00:47:22.202631+00:00,0.1.0,True,0.5,elementary,부산광역시,강서구,https://www.schoolinfo.go.kr/openApi.do,collection_snapshot,02,부산광역시 강서구 공항로791번길 68,대저2동,35.1755185572,128.9558367581,schoolinfo,missing_school_type
8cc0a2c4-3521-4250-b572-dac12e4772f0,S020001263,명지초등학교,,공립,남녀공학,2644010400,부산광역시북부교육지원청,부산광역시 강서구 명지국제6로 296,부산광역시 강서구 명지동 ,N,N,2026,학교알리미 Open API,data\raw\schoolinfo\2026\26440_02.json,2026-09-05T00:47:22.202631+00:00,0.1.0,True,0.5,elementary,부산광역시,강서구,https://www.schoolinfo.go.kr/openApi.do,collection_snapshot,02,부산광역시 강서구 명지국제6로 296,명지동,35.1020655996,128.9244898765,schoolinfo,missing_school_type
a7bc95fe-a18d-4063-a6aa-8a63bada7099,S020001268,배영초등학교,,공립,남녀공학,2644010200,부산광역시북부교육지원청,부산광역시 강서구 공항로339번길 260,부산광역시 강서구 대저2동,N,N,2026,학교알리미 Open API,data\raw\schoolinfo\2026\26440_02.json,2026-09-05T00:47:22.202631+00:00,0.1.0,True,0.5,elementary,부산광역시,강서구,https://www.schoolinfo.go.kr/openApi.do,collection_snapshot,02,부산광역시 강서구 공항로339번길 260,대저2동,35.1504997115,128.9458936765,schoolinfo,missing_school_type
fa7b085d-6ee0-4901-95a6-a74f3f96f0d1,S020001272,삼광초등학교,,공립,남녀공학,2644010300,부산광역시북부교육지원청,부산광역시 강서구 제도로 434,부산광역시 강서구 강동동 ,Y,N,2026,학교알리미 Open API,data\raw\schoolinfo\2026\26440_02.json,2026-09-05T00:47:22.202631+00:00,0.1.0,True,0.5,elementary,부산광역시,강서구,https://www.schoolinfo.go.kr/openApi.do,collection_snapshot,02,부산광역시 강서구 제도로 434,강동동,35.1525549756,128.9173787276,schoolinfo,missing_school_type;closed_or_suspended
d4654266-1bbf-4ec7-87ae-329d859099bb,S020001276,세산초등학교,,공립,남녀공학,2644011500,부산광역시북부교육지원청,부산광역시 강서구 세산길 89,부산광역시 강서구 미음동 ,Y,N,2026,학교알리미 Open API,data\raw\schoolinfo\2026\26440_02.json,2026-09-05T00:47:22.202631+00:00,0.1.0,True,0.5,elementary,부산광역시,강서구,https://www.schoolinfo.go.kr/openApi.do,collection_snapshot,02,부산광역시 강서구 세산길 89,미음동,35.1445896433,128.8721335829,schoolinfo,missing_school_type;closed_or_suspended
4028ad02-d32b-4c66-a968-163e9aa01248,S020001278,송정초등학교,,공립,남녀공학,2644010900,부산광역시북부교육지원청,부산광역시 강서구 가락대로 230-72,부산광역시 강서구 송정동 ,Y,N,2026,학교알리미 Open API,data\raw\schoolinfo\2026\26440_02.json,2026-09-05T00:47:22.202631+00:00,0.1.0,True,0.5,elementary,부산광역시,강서구,https://www.schoolinfo.go.kr/openApi.do,collection_snapshot,02,부산광역시 강서구 가락대로 230-72,송정동,35.0848222691,128.8739766474,schoolinfo,missing_school_type;closed_or_suspended
6abdab16-d966-4f1c-adfa-08097e083676,S020001281,신호초등학교,,공립,남녀공학,2644011700,부산광역시북부교육지원청,부산광역시 강서구 신호이로75번길 12,부산광역시 강서구 신호동,N,N,2026,학교알리미 Open API,data\raw\schoolinfo\2026\26440_02.json,2026-09-05T00:47:22.202631+00:00,0.1.0,True,0.5,elementary,부산광역시,강서구,https://www.schoolinfo.go.kr/openApi.do,collection_snapshot,02,부산광역시 강서구 신호이로75번길 12,신호동,35.0820020322,128.8785419128,schoolinfo,missing_school_type
2e3b5867-ea3c-47d3-92e4-e2f611513db9,S020001290,천가초등학교,,공립,남녀공학,2644011900,부산광역시북부교육지원청,부산광역시 강서구 동선길 135,부산광역시 강서구 성북동,N,N,2026,학교알리미 Open API,data\raw\schoolinfo\2026\26440_02.json,2026-09-05T00:47:22.202631+00:00,0.1.0,True,0.5,elementary,부산광역시,강서구,https://www.schoolinfo.go.kr/openApi.do,collection_snapshot,02,부산광역시 강서구 동선길 135,성북동,35.052175253,128.8308966608,schoolinfo,missing_school_type
af8a6308-1872-4aeb-b8e7-ba535ef978f2,S020002006,명호초등학교,,공립,남녀공학,2644010400,부산광역시북부교육지원청,부산광역시 강서구 명지오션시티2로 41,부산광역시 강서구 명지동,N,N,2026,학교알리미 Open API,data\raw\schoolinfo\2026\26440_02.json,2026-09-05T00:47:22.202631+00:00,0.1.0,True,0.5,elementary,부산광역시,강서구,https://www.schoolinfo.go.kr/openApi.do,collection_snapshot,02,부산광역시 강서구 명지오션시티2로 41,명지동,35.0851318834,128.9003995657,schoolinfo,missing_school_type
02bfbeba-4484-42e7-880f-95d7769f8dfd,S020002041,남명초등학교,,공립,남녀공학,2644010400,부산광역시북부교육지원청,부산광역시 강서구 명지오션시티11로 132,부산광역시 강서구 명지동,N,N,2026,학교알리미 Open API,data\raw\schoolinfo\2026\26440_02.json,2026-09-05T00:47:22.202631+00:00,0.1.0,True,0.5,elementary,부산광역시,강서구,https://www.schoolinfo.go.kr/openApi.do,collection_snapshot,02,부산광역시 강서구 명지오션시티11로 132,명지동,35.0836992038,128.910818855,schoolinfo,missing_school_type
cf0de02c-8163-499f-b7b6-ccc635dd721a,S020002054,녹산초등학교,,공립,남녀공학,2644011400,부산광역시북부교육지원청,부산광역시 강서구 과학산단2로20번길 55,부산광역시 강서구 지사동,N,N,2026,학교알리미 Open API,data\raw\schoolinfo\2026\26440_02.json,2026-09-05T00:47:22.202631+00:00,0.1.0,True,0.5,elementary,부산광역시,강서구,https://www.schoolinfo.go.kr/openApi.do,collection_snapshot,02,부산광역시 강서구 과학산단2로20번길 55,지사동,35.1514771636,128.8368980661,schoolinfo,missing_school_type
e116b138-dc28-45f2-9c75-cfd77cf1a1a8,S020002202,송정초등학교,,공립,남녀공학,2644011700,부산광역시북부교육지원청,부산광역시 강서구 신호산단4로 10,부산광역시 강서구 신호동,N,N,2026,학교알리미 Open API,data\raw\schoolinfo\2026\26440_02.json,2026-09-05T00:47:22.202631+00:00,0.1.0,True,0.5,elementary,부산광역시,강서구,https://www.schoolinfo.go.kr/openApi.do,collection_snapshot,02,부산광역시 강서구 신호산단4로 10,신호동,35.0848222691,128.8739766474,schoolinfo,missing_school_type
4aa5a633-023c-4706-ad06-0a7ddf3db322,S020002213,오션초등학교,,공립,남녀공학,2644010400,부산광역시북부교육지원청,부산광역시 강서구 명지오션시티6로 72,,N,N,2026,학교알리미 Open API,data\raw\schoolinfo\2026\26440_02.json,2026-09-05T00:47:22.202631+00:00,0.1.0,True,0.5,elementary,부산광역시,강서구,https://www.schoolinfo.go.kr/openApi.do,collection_snapshot,02,부산광역시 강서구 명지오션시티6로 72,,35.0803496946,128.9071974922,schoolinfo,missing_school_type;missing_legal_dong
9c8a7ca3-594b-4136-bed9-545dc7076110,S020002232,신명초등학교,,공립,남녀공학,2644010400,부산광역시북부교육지원청,부산광역시 강서구 명지국제7로 178,,N,N,2026,학교알리미 Open API,data\raw\schoolinfo\2026\26440_02.json,2026-09-05T00:47:22.202631+00:00,0.1.0,True,0.5,elementary,부산광역시,강서구,https://www.schoolinfo.go.kr/openApi.do,collection_snapshot,02,부산광역시 강서구 명지국제7로 178,,35.0951310563,128.9207873885,schoolinfo,missing_school_type;missing_legal_dong
0545d35f-36f2-4ace-b38f-e9c972c3b9dd,S020002257,명일초등학교,,공립,남녀공학,2644010400,부산광역시북부교육지원청,부산광역시 강서구 명지국제5로 170-5,부산광역시 강서구 명지동,N,N,2026,학교알리미 Open API,data\raw\schoolinfo\2026\26440_02.json,2026-09-05T00:47:22.202631+00:00,0.1.0,True,0.5,elementary,부산광역시,강서구,https://www.schoolinfo.go.kr/openApi.do,collection_snapshot,02,부산광역시 강서구 명지국제5로 170-5,명지동,35.1095161791,128.9227042088,schoolinfo,missing_school_type
18715143-f02f-4db7-b2a7-c6187c2116cb,S020002276,명원초등학교,,공립,남녀공학,2644010400,부산광역시북부교육지원청,부산광역시 강서구 명지국제6로 147,,N,N,2026,학교알리미 Open API,data\raw\schoolinfo\2026\26440_02.json,2026-09-05T00:47:22.202631+00:00,0.1.0,True,0.5,elementary,부산광역시,강서구,https://www.schoolinfo.go.kr/openApi.do,collection_snapshot,02,부산광역시 강서구 명지국제6로 147,,35.094123022,128.9148953822,schoolinfo,missing_school_type;missing_legal_dong
cf5781a1-3efc-43ab-b220-128d2550bd15,S020002353,대저중앙초등학교,,공립,남녀공학,2644010300,부산광역시북부교육지원청,부산광역시 강서구 에코델타2로 23,부산광역시 강서구 강동동 4981-5,N,N,2026,학교알리미 Open API,data\raw\schoolinfo\2026\26440_02.json,2026-09-05T00:47:22.202631+00:00,0.1.0,True,0.5,elementary,부산광역시,강서구,https://www.schoolinfo.go.kr/openApi.do,collection_snapshot,02,부산광역시 강서구 에코델타2로 23,강동동,35.1428594901,128.9163272977,schoolinfo,missing_school_type
6e424040-a34b-41c0-80af-751a26fc1c47,S020002361,명문초등학교,,공립,남녀공학,2644010400,부산광역시북부교육지원청,부산광역시 강서구 명지국제8로 195,,N,N,2026,학교알리미 Open API,data\raw\schoolinfo\2026\26440_02.json,2026-09-05T00:47:22.202631+00:00,0.1.0,True,0.5,elementary,부산광역시,강서구,https://www.schoolinfo.go.kr/openApi.do,collection_snapshot,02,부산광역시 강서구 명지국제8로 195,,35.1001915774,128.9137609312,schoolinfo,missing_school_type;missing_legal_dong
578ea5eb-6fe5-447b-83db-e7f7056387c6,S020002370,강서초등학교,,공립,남녀공학,2644010300,부산광역시북부교육지원청,부산광역시 강서구 에코델타2로 94,부산광역시 북구 구포동 1137,N,N,2026,학교알리미 Open API,data\raw\schoolinfo\2026\26440_02.json,2026-09-05T00:47:22.202631+00:00,0.1.0,True,0.5,elementary,부산광역시,강서구,https://www.schoolinfo.go.kr/openApi.do,collection_snapshot,02,부산광역시 강서구 에코델타2로 94,구포동,35.1490100948,128.9186056188,schoolinfo,missing_school_type
ce420abd-16ef-44ef-89a5-505b0e1e221a,S020001202,가락중학교,,공립,남녀공학,2644010500,부산광역시북부교육지원청,부산광역시 강서구 가락대로 1405,부산광역시 강서구 죽림동,Y,N,2026,학교알리미 Open API,data\raw\schoolinfo\2026\26440_03.json,2026-09-05T00:47:22.432418+00:00,0.1.0,True,0.5,middle,부산광역시,강서구,https://www.schoolinfo.go.kr/openApi.do,collection_snapshot,03,부산광역시 강서구 가락대로 1405,죽림동,35.1426431888,128.9182641478,schoolinfo,missing_school_type;closed_or_suspended
0bd3395a-e38a-4b9e-b743-6e8888e21d93,S020001204,경일중학교,,사립,남녀공학,2644010400,부산광역시북부교육지원청,부산광역시 강서구 영강길 153-42,부산광역시 강서구 명지동,Y,N,2026,학교알리미 Open API,data\raw\schoolinfo\2026\26440_03.json,2026-09-05T00:47:22.432418+00:00,0.1.0,True,0.5,middle,부산광역시,강서구,https://www.schoolinfo.go.kr/openApi.do,collection_snapshot,03,부산광역시 강서구 영강길 153-42,명지동,35.0940488067,128.9163409989,schoolinfo,missing_school_type;closed_or_suspended
d110bb95-ff11-4fbc-a578-b93d526d141c,S020001210,낙동중학교,,공립,남녀공학,2644010100,부산광역시북부교육지원청,부산광역시 강서구 대저로 115,,N,N,2026,학교알리미 Open API,data\raw\schoolinfo\2026\26440_03.json,2026-09-05T00:47:22.432418+00:00,0.1.0,True,0.5,middle,부산광역시,강서구,https://www.schoolinfo.go.kr/openApi.do,collection_snapshot,03,부산광역시 강서구 대저로 115,,35.2162955917,128.965589776,schoolinfo,missing_school_type;missing_legal_dong
148e544b-8b3f-4b4c-ac7f-2c81ff6995b0,S020001211,녹산중학교,,사립,남녀공학,2644011100,부산광역시북부교육지원청,부산광역시 강서구 낙동남로 659,부산광역시 강서구 녹산동  124번지,N,N,2026,학교알리미 Open API,data\raw\schoolinfo\2026\26440_03.json,2026-09-05T00:47:22.432418+00:00,0.1.0,True,0.5,middle,부산광역시,강서구,https://www.schoolinfo.go.kr/openApi.do,collection_snapshot,03,부산광역시 강서구 낙동남로 659,녹산동,35.1183382965,128.8884717974,schoolinfo,missing_school_type
6a30a33e-d628-4234-87bf-2a3cbf161ace,S020001212,대저중학교,,사립,남녀공학,2644010200,부산광역시북부교육지원청,부산광역시 강서구 공항로811번가길 46,부산광역시 강서구 대저2동,N,N,2026,학교알리미 Open API,data\raw\schoolinfo\2026\26440_03.json,2026-09-05T00:47:22.432418+00:00,0.1.0,True,0.5,middle,부산광역시,강서구,https://www.schoolinfo.go.kr/openApi.do,collection_snapshot,03,부산광역시 강서구 공항로811번가길 46,대저2동,35.177440971,128.9557686717,schoolinfo,missing_school_type
324c7f9f-9e07-4e81-b83a-aa35c5d92b14,S020001214,덕문중학교,,공립,남녀공학,2644011900,부산광역시북부교육지원청,부산광역시 강서구 동선길 144,부산광역시 강서구 성북동,N,N,2026,학교알리미 Open API,data\raw\schoolinfo\2026\26440_03.json,2026-09-05T00:47:22.432418+00:00,0.1.0,True,0.5,middle,부산광역시,강서구,https://www.schoolinfo.go.kr/openApi.do,collection_snapshot,03,부산광역시 강서구 동선길 144,성북동,35.0518640863,128.8300173518,schoolinfo,missing_school_type
b0948432-68c1-4988-a214-21f4ca61f7f3,S020002004,명호중학교,,공립,남녀공학,2644010400,부산광역시북부교육지원청,부산광역시 강서구 명지오션시티2로 100,부산광역시 강서구 명지동,N,N,2026,학교알리미 Open API,data\raw\schoolinfo\2026\26440_03.json,2026-09-05T00:47:22.432418+00:00,0.1.0,True,0.5,middle,부산광역시,강서구,https://www.schoolinfo.go.kr/openApi.do,collection_snapshot,03,부산광역시 강서구 명지오션시티2로 100,명지동,35.0806128426,128.8987007024,schoolinfo,missing_school_type
e4805ddb-78eb-4c18-a92f-dd4bce3dd632,S020002064,신호중학교,,공립,남녀공학,2644011700,부산광역시북부교육지원청,부산광역시 강서구 신호이로 76,부산광역시 강서구 신호동,N,N,2026,학교알리미 Open API,data\raw\schoolinfo\2026\26440_03.json,2026-09-05T00:47:22.432418+00:00,0.1.0,True,0.5,middle,부산광역시,강서구,https://www.schoolinfo.go.kr/openApi.do,collection_snapshot,03,부산광역시 강서구 신호이로 76,신호동,35.0821468175,128.8768163243,schoolinfo,missing_school_type
1ab58dae-df2f-4f86-8efe-eb4ddb8c8b32,S020002073,지사중학교,,공립,남녀공학,2644011400,부산광역시북부교육지원청,부산광역시 강서구 과학산단로306번길 33,부산광역시 강서구 지사동,N,N,2026,학교알리미 Open API,data\raw\schoolinfo\2026\26440_03.json,2026-09-05T00:47:22.432418+00:00,0.1.0,True,0.5,middle,부산광역시,강서구,https://www.schoolinfo.go.kr/openApi.do,collection_snapshot,03,부산광역시 강서구 과학산단로306번길 33,지사동,35.152054042,128.8353452244,schoolinfo,missing_school_type
d8690277-0e9e-47b7-a09f-5a13a661a95a,S020002219,명지중학교,,공립,남녀공학,2644010400,부산광역시북부교육지원청,부산광역시 강서구 명지국제6로318번길 54,,N,N,2026,학교알리미 Open API,data\raw\schoolinfo\2026\26440_03.json,2026-09-05T00:47:22.432418+00:00,0.1.0,True,0.5,middle,부산광역시,강서구,https://www.schoolinfo.go.kr/openApi.do,collection_snapshot,03,부산광역시 강서구 명지국제6로318번길 54,,35.1018023886,128.9256285186,schoolinfo,missing_school_type;missing_legal_dong
7b004cdc-3246-40aa-8048-ceae68a061af,S020002278,경일중학교,,공립,남녀공학,2644010400,부산광역시북부교육지원청,부산광역시 강서구 명지국제6로 149,,N,N,2026,학교알리미 Open API,data\raw\schoolinfo\2026\26440_03.json,2026-09-05T00:47:22.432418+00:00,0.1.0,True,0.5,middle,부산광역시,강서구,https://www.schoolinfo.go.kr/openApi.do,collection_snapshot,03,부산광역시 강서구 명지국제6로 149,,35.0940488067,128.9163409989,schoolinfo,missing_school_type;missing_legal_dong
ce302ce8-8119-4264-8e05-ed3af2276571,S020002323,오션중학교,,공립,남녀공학,2644010400,부산광역시북부교육지원청,부산광역시 강서구 명지오션시티1로 221,,N,N,2026,학교알리미 Open API,data\raw\schoolinfo\2026\26440_03.json,2026-09-05T00:47:22.432418+00:00,0.1.0,True,0.5,middle,부산광역시,강서구,https://www.schoolinfo.go.kr/openApi.do,collection_snapshot,03,부산광역시 강서구 명지오션시티1로 221,,35.0803179466,128.9096721907,schoolinfo,missing_school_type;missing_legal_dong
0e2ca472-67d2-49cc-8305-f2aa1a61d6d9,S020002354,가락중학교,,공립,남녀공학,2644010300,부산광역시북부교육지원청,부산광역시 강서구 에코델타2로 24,부산광역시 강서구 강동동 4982,N,N,2026,학교알리미 Open API,data\raw\schoolinfo\2026\26440_03.json,2026-09-05T00:47:22.432418+00:00,0.1.0,True,0.5,middle,부산광역시,강서구,https://www.schoolinfo.go.kr/openApi.do,collection_snapshot,03,부산광역시 강서구 에코델타2로 24,강동동,35.1426431888,128.9182641478,schoolinfo,missing_school_type
beddba17-1b5c-49f5-b1c9-3b66471188a1,S000003559,부산교육대학교부설초등학교,,국립,남녀공학,2647010100,교육부,부산광역시 연제구 교대로 24,부산광역시 연제구 거제1동,N,N,2026,학교알리미 Open API,data\raw\schoolinfo\2026\26470_02.json,2026-09-05T00:47:22.665790+00:00,0.1.0,True,0.5,elementary,부산광역시,연제구,https://www.schoolinfo.go.kr/openApi.do,collection_snapshot,02,부산광역시 연제구 교대로 24,거제1동,35.195061001,129.0743158778,schoolinfo,missing_school_type
6d435bd1-71bc-468a-befe-2fa43fdf24c6,S020000999,거제초등학교,,공립,남녀공학,2647010100,부산광역시동래교육지원청,부산광역시 연제구 해맞이로 39,부산광역시 연제구 거제4동 676-152,N,N,2026,학교알리미 Open API,data\raw\schoolinfo\2026\26470_02.json,2026-09-05T00:47:22.665790+00:00,0.1.0,True,0.5,elementary,부산광역시,연제구,https://www.schoolinfo.go.kr/openApi.do,collection_snapshot,02,부산광역시 연제구 해맞이로 39,거제4동,35.1780392398,129.066876277,schoolinfo,missing_school_type
4f21ca81-77f5-4b5b-a82b-e632c444229a,S020001000,거학초등학교,,공립,남녀공학,2647010100,부산광역시동래교육지원청,부산광역시 연제구 교대로24번길 36,부산광역시 연제구 거제1동   240,N,N,2026,학교알리미 Open API,data\raw\schoolinfo\2026\26470_02.json,2026-09-05T00:47:22.665790+00:00,0.1.0,True,0.5,elementary,부산광역시,연제구,https://www.schoolinfo.go.kr/openApi.do,collection_snapshot,02,부산광역시 연제구 교대로24번길 36,거제1동,35.1971988867,129.0767657129,schoolinfo,missing_school_type
af3015aa-24f7-4829-90e3-d192752af9a1,S020001001,과정초등학교,,공립,남녀공학,2647010200,부산광역시동래교육지원청,부산광역시 연제구 과정로164번길 37,부산광역시 연제구 연산9동   473-1,N,N,2026,학교알리미 Open API,data\raw\schoolinfo\2026\26470_02.json,2026-09-05T00:47:22.665790+00:00,0.1.0,True,0.5,elementary,부산광역시,연제구,https://www.schoolinfo.go.kr/openApi.do,collection_snapshot,02,부산광역시 연제구 과정로164번길 37,연산9동,35.1871921987,129.1098741757,schoolinfo,missing_school_type
6cc5b150-dd8a-46d1-be3c-1c06ac5ad536,S020001002,남문초등학교,,공립,남녀공학,2647010100,부산광역시동래교육지원청,부산광역시 연제구 법원북로 23,부산광역시 연제구 거제1동,N,N,2026,학교알리미 Open API,data\raw\schoolinfo\2026\26470_02.json,2026-09-05T00:47:22.665790+00:00,0.1.0,True,0.5,elementary,부산광역시,연제구,https://www.schoolinfo.go.kr/openApi.do,collection_snapshot,02,부산광역시 연제구 법원북로 23,거제1동,35.1940429076,129.0694597215,schoolinfo,missing_school_type
cb1be159-da6e-48cd-8772-b8331ba9425d,S020001005,동명초등학교,,공립,남녀공학,2647010200,부산광역시동래교육지원청,부산광역시 연제구 쌍미천로44번길 17,부산광역시 연제구 연산6동,N,N,2026,학교알리미 Open API,data\raw\schoolinfo\2026\26470_02.json,2026-09-05T00:47:22.665790+00:00,0.1.0,True,0.5,elementary,부산광역시,연제구,https://www.schoolinfo.go.kr/openApi.do,collection_snapshot,02,부산광역시 연제구 쌍미천로44번길 17,연산6동,35.1781480205,129.0909806135,schoolinfo,missing_school_type
37022ff2-7006-44f8-aff8-a57f2fb9f93c,S020001021,연동초등학교,,공립,남녀공학,2647010200,부산광역시동래교육지원청,부산광역시 연제구 고분로56번길 40,부산광역시 연제구 연산1동   799번지,N,N,2026,학교알리미 Open API,data\raw\schoolinfo\2026\26470_02.json,2026-09-05T00:47:22.665790+00:00,0.1.0,True,0.5,elementary,부산광역시,연제구,https://www.schoolinfo.go.kr/openApi.do,collection_snapshot,02,부산광역시 연제구 고분로56번길 40,연산1동,35.184624148,129.0881356823,schoolinfo,missing_school_type
de67965e-5c50-4faf-b8b6-62f25eb75143,S020001022,연미초등학교,,공립,남녀공학,2647010200,부산광역시동래교육지원청,부산광역시 연제구 금련로38번길 84,부산광역시 연제구 연산3동,N,N,2026,학교알리미 Open API,data\raw\schoolinfo\2026\26470_02.json,2026-09-05T00:47:22.665790+00:00,0.1.0,True,0.5,elementary,부산광역시,연제구,https://www.schoolinfo.go.kr/openApi.do,collection_snapshot,02,부산광역시 연제구 금련로38번길 84,연산3동,35.1707837874,129.0926499971,schoolinfo,missing_school_type
e87234d6-510c-4340-8181-0b33759767e3,S020001023,연산초등학교,,공립,남녀공학,2647010200,부산광역시동래교육지원청,부산광역시 연제구 월드컵대로 41,부산광역시 연제구 연산2동,N,N,2026,학교알리미 Open API,data\raw\schoolinfo\2026\26470_02.json,2026-09-05T00:47:22.665790+00:00,0.1.0,True,0.5,elementary,부산광역시,연제구,https://www.schoolinfo.go.kr/openApi.do,collection_snapshot,02,부산광역시 연제구 월드컵대로 41,연산2동,35.1781975049,129.0841385289,schoolinfo,missing_school_type
60a0bbc5-2763-4b2c-a0fb-c1aa1a49fb3f,S020001024,연서초등학교,,공립,남녀공학,2647010200,부산광역시동래교육지원청,부산광역시 연제구 거제천로270번길 30,부산광역시 연제구 연산1동,N,N,2026,학교알리미 Open API,data\raw\schoolinfo\2026\26470_02.json,2026-09-05T00:47:22.665790+00:00,0.1.0,True,0.5,elementary,부산광역시,연제구,https://www.schoolinfo.go.kr/openApi.do,collection_snapshot,02,부산광역시 연제구 거제천로270번길 30,연산1동,35.1907501823,129.0861496873,schoolinfo,missing_school_type
081bcd27-a5e8-4e15-8f65-44f05733ebc8,S020001025,연신초등학교,,공립,남녀공학,2647010200,부산광역시동래교육지원청,부산광역시 연제구 신금로23번길 30,부산광역시 연제구 연산1동,N,N,2026,학교알리미 Open API,data\raw\schoolinfo\2026\26470_02.json,2026-09-05T00:47:22.665790+00:00,0.1.0,True,0.5,elementary,부산광역시,연제구,https://www.schoolinfo.go.kr/openApi.do,collection_snapshot,02,부산광역시 연제구 신금로23번길 30,연산1동,35.1922656361,129.0931614107,schoolinfo,missing_school_type
9393cf8a-8f1b-471e-b390-eadc7d62911f,S020001026,연일초등학교,,공립,남녀공학,2647010200,부산광역시동래교육지원청,부산광역시 연제구 고분로 126-4,부산광역시 연제구 연산동,N,N,2026,학교알리미 Open API,data\raw\schoolinfo\2026\26470_02.json,2026-09-05T00:47:22.665790+00:00,0.1.0,True,0.5,elementary,부산광역시,연제구,https://www.schoolinfo.go.kr/openApi.do,collection_snapshot,02,부산광역시 연제구 고분로 126-4,연산동,35.1845988898,129.0958032588,schoolinfo,missing_school_type
15299c7c-d59a-4a9d-8c2b-3fc2af15e0d4,S020001027,연제초등학교,,공립,남녀공학,2647010200,부산광역시동래교육지원청,부산광역시 연제구 중앙대로1065번길 14,부산광역시 연제구 연산5동,N,N,2026,학교알리미 Open API,data\raw\schoolinfo\2026\26470_02.json,2026-09-05T00:47:22.665790+00:00,0.1.0,True,0.5,elementary,부산광역시,연제구,https://www.schoolinfo.go.kr/openApi.do,collection_snapshot,02,부산광역시 연제구 중앙대로1065번길 14,연산5동,35.1845983427,129.0787434624,schoolinfo,missing_school_type
5dc996e2-cb3a-4e12-bf2a-b65e6724edd1,S020001029,연천초등학교,,공립,남녀공학,2647010200,부산광역시동래교육지원청,부산광역시 연제구 과정로225번길 46,부산광역시 연제구 연산8동   378-11,N,N,2026,학교알리미 Open API,data\raw\schoolinfo\2026\26470_02.json,2026-09-05T00:47:22.665790+00:00,0.1.0,True,0.5,elementary,부산광역시,연제구,https://www.schoolinfo.go.kr/openApi.do,collection_snapshot,02,부산광역시 연제구 과정로225번길 46,연산8동,35.186194674,129.1004918067,schoolinfo,missing_school_type
53da5721-bc7f-4c36-a719-818cbe23fc39,S020001034,창신초등학교,,공립,남녀공학,2647010100,부산광역시동래교육지원청,부산광역시 연제구 종합운동장로12번길 15,부산광역시 연제구 거제2동   897-3,N,N,2026,학교알리미 Open API,data\raw\schoolinfo\2026\26470_02.json,2026-09-05T00:47:22.665790+00:00,0.1.0,True,0.5,elementary,부산광역시,연제구,https://www.schoolinfo.go.kr/openApi.do,collection_snapshot,02,부산광역시 연제구 종합운동장로12번길 15,거제2동,35.1924465165,129.0656341206,schoolinfo,missing_school_type
7f7a1f59-011a-46f2-90d2-ae8b731012da,S020001036,토현초등학교,,공립,남녀공학,2647010200,부산광역시동래교육지원청,부산광역시 연제구 토현로 48,부산광역시 연제구 연산9동   2219-1,N,N,2026,학교알리미 Open API,data\raw\schoolinfo\2026\26470_02.json,2026-09-05T00:47:22.665790+00:00,0.1.0,True,0.5,elementary,부산광역시,연제구,https://www.schoolinfo.go.kr/openApi.do,collection_snapshot,02,부산광역시 연제구 토현로 48,연산9동,35.1819488758,129.1120699375,schoolinfo,missing_school_type
0e621458-fc1c-48b1-8e38-78d1ce7f12de,S020000958,거성중학교,,사립,남,2647010100,부산광역시동래교육지원청,부산광역시 연제구 해맞이로109번길 61,부산광역시 연제구 거제4동,N,N,2026,학교알리미 Open API,data\raw\schoolinfo\2026\26470_03.json,2026-09-05T00:47:22.895099+00:00,0.1.0,True,0.5,middle,부산광역시,연제구,https://www.schoolinfo.go.kr/openApi.do,collection_snapshot,03,부산광역시 연제구 해맞이로109번길 61,거제4동,35.183171971,129.0671028656,schoolinfo,missing_school_type
95d8896d-c6ad-44a7-9b7f-c4c6cb3127f4,S020000959,거제여자중학교,,공립,녀,2647010100,부산광역시동래교육지원청,부산광역시 연제구 금용로 43,부산광역시 연제구 거제2동,N,N,2026,학교알리미 Open API,data\raw\schoolinfo\2026\26470_03.json,2026-09-05T00:47:22.895099+00:00,0.1.0,True,0.5,middle,부산광역시,연제구,https://www.schoolinfo.go.kr/openApi.do,collection_snapshot,03,부산광역시 연제구 금용로 43,거제2동,35.18771695,129.0637492642,schoolinfo,missing_school_type
d38b285e-df77-431e-8112-8d8e1f4cf357,S020000978,연산중학교,,공립,남,2647010200,부산광역시동래교육지원청,부산광역시 연제구 고분로56번길 39,부산광역시 연제구 연산동,N,N,2026,학교알리미 Open API,data\raw\schoolinfo\2026\26470_03.json,2026-09-05T00:47:22.895099+00:00,0.1.0,True,0.5,middle,부산광역시,연제구,https://www.schoolinfo.go.kr/openApi.do,collection_snapshot,03,부산광역시 연제구 고분로56번길 39,연산동,35.1846568076,129.0895854256,schoolinfo,missing_school_type
13a25448-da3f-4ae8-91d8-1b6c58c8aebe,S020000979,연일중학교,,공립,남녀공학,2647010200,부산광역시동래교육지원청,부산광역시 연제구 고분로 138,부산광역시 연제구 연산8동 1086,N,N,2026,학교알리미 Open API,data\raw\schoolinfo\2026\26470_03.json,2026-09-05T00:47:22.895099+00:00,0.1.0,True,0.5,middle,부산광역시,연제구,https://www.schoolinfo.go.kr/openApi.do,collection_snapshot,03,부산광역시 연제구 고분로 138,연산8동,35.1847464757,129.0973240109,schoolinfo,missing_school_type
6d47d921-b2ab-420a-aa89-9eb47a453916,S020000980,연제중학교,,공립,남녀공학,2647010200,부산광역시동래교육지원청,부산광역시 연제구 쌍미천로 62,부산광역시 연제구 연산동,N,N,2026,학교알리미 Open API,data\raw\schoolinfo\2026\26470_03.json,2026-09-05T00:47:22.895099+00:00,0.1.0,True,0.5,middle,부산광역시,연제구,https://www.schoolinfo.go.kr/openApi.do,collection_snapshot,03,부산광역시 연제구 쌍미천로 62,연산동,35.1788647605,129.0901790848,schoolinfo,missing_school_type
db443593-ba08-4bfd-82b2-2374c706c80a,S020000981,연천중학교,,공립,남녀공학,2647010200,부산광역시동래교육지원청,부산광역시 연제구 톳고개로 16,부산광역시 연제구 연산9동 272,N,N,2026,학교알리미 Open API,data\raw\schoolinfo\2026\26470_03.json,2026-09-05T00:47:22.895099+00:00,0.1.0,True,0.5,middle,부산광역시,연제구,https://www.schoolinfo.go.kr/openApi.do,collection_snapshot,03,부산광역시 연제구 톳고개로 16,연산9동,35.1843613243,129.1014500594,schoolinfo,missing_school_type
e7b4ac25-fe55-4724-848c-15a7f58ef4d6,S020000983,이사벨중학교,,사립,남녀공학,2647010100,부산광역시동래교육지원청,부산광역시 연제구 중앙대로 1197,부산광역시 연제구 거제1동  75번지,N,N,2026,학교알리미 Open API,data\raw\schoolinfo\2026\26470_03.json,2026-09-05T00:47:22.895099+00:00,0.1.0,True,0.5,middle,부산광역시,연제구,https://www.schoolinfo.go.kr/openApi.do,collection_snapshot,03,부산광역시 연제구 중앙대로 1197,거제1동,35.194717897,129.0784524291,schoolinfo,missing_school_type
ceb2042b-69dd-4799-9614-865146868f9c,S020000987,토현중학교,,공립,남녀공학,2647010200,부산광역시동래교육지원청,부산광역시 연제구 토현로 47,부산광역시 연제구 연산9동   2219,N,N,2026,학교알리미 Open API,data\raw\schoolinfo\2026\26470_03.json,2026-09-05T00:47:22.895099+00:00,0.1.0,True,0.5,middle,부산광역시,연제구,https://www.schoolinfo.go.kr/openApi.do,collection_snapshot,03,부산광역시 연제구 토현로 47,연산9동,35.1814661224,129.1115382742,schoolinfo,missing_school_type
84dd86d1-ef9d-4b8c-99df-beb31b1ff24f,S020001646,광남초등학교,,공립,남녀공학,2650010500,부산광역시해운대교육지원청,부산광역시 수영구 광안해변로 115,부산광역시 수영구 남천2동,N,N,2026,학교알리미 Open API,data\raw\schoolinfo\2026\26500_02.json,2026-09-05T00:47:23.129112+00:00,0.1.0,True,0.5,elementary,부산광역시,수영구,https://www.schoolinfo.go.kr/openApi.do,collection_snapshot,02,부산광역시 수영구 광안해변로 115,남천2동,35.1455168631,129.1141515414,schoolinfo,missing_school_type
5a93537d-36b8-49ea-8299-0910ee96accb,S020001647,광안초등학교,,공립,남녀공학,2650010400,부산광역시해운대교육지원청,부산광역시 수영구 광안로35번길 42,부산광역시 수영구 광안동,N,N,2026,학교알리미 Open API,data\raw\schoolinfo\2026\26500_02.json,2026-09-05T00:47:23.129112+00:00,0.1.0,True,0.5,elementary,부산광역시,수영구,https://www.schoolinfo.go.kr/openApi.do,collection_snapshot,02,부산광역시 수영구 광안로35번길 42,광안동,35.1574141454,129.1171280348,schoolinfo,missing_school_type
09d00bfc-aab2-448c-873f-58e07df5b984,S020001650,남천초등학교,,공립,남녀공학,2650010500,부산광역시해운대교육지원청,부산광역시 수영구 남천서로 14,부산광역시 수영구 남천동,N,N,2026,학교알리미 Open API,data\raw\schoolinfo\2026\26500_02.json,2026-09-05T00:47:23.129112+00:00,0.1.0,True,0.5,elementary,부산광역시,수영구,https://www.schoolinfo.go.kr/openApi.do,collection_snapshot,02,부산광역시 수영구 남천서로 14,남천동,35.1436589827,129.107722741,schoolinfo,missing_school_type
6e420502-69a0-4f35-85d8-bbd0366ee230,S020001654,망미초등학교,,공립,남녀공학,2650010100,부산광역시해운대교육지원청,부산광역시 수영구 수미로35번길 27,부산광역시 수영구 망미동,N,N,2026,학교알리미 Open API,data\raw\schoolinfo\2026\26500_02.json,2026-09-05T00:47:23.129112+00:00,0.1.0,True,0.5,elementary,부산광역시,수영구,https://www.schoolinfo.go.kr/openApi.do,collection_snapshot,02,부산광역시 수영구 수미로35번길 27,망미동,35.1759291195,129.1145526309,schoolinfo,missing_school_type
0ff6e489-61f7-4107-9d26-3041a51a2cf5,S020001655,민락초등학교,,공립,남녀공학,2650010300,부산광역시해운대교육지원청,부산광역시 수영구 광남로257번길 12,,N,N,2026,학교알리미 Open API,data\raw\schoolinfo\2026\26500_02.json,2026-09-05T00:47:23.129112+00:00,0.1.0,True,0.5,elementary,부산광역시,수영구,https://www.schoolinfo.go.kr/openApi.do,collection_snapshot,02,부산광역시 수영구 광남로257번길 12,,35.16079139,129.1270169142,schoolinfo,missing_school_type;missing_legal_dong
ada89502-3361-4124-b5a0-618eab87e1cd,S020001656,민안초등학교,,공립,남녀공학,2650010300,부산광역시해운대교육지원청,부산광역시 수영구 감포로38번길 33,부산광역시 수영구 민락동   551-2,N,N,2026,학교알리미 Open API,data\raw\schoolinfo\2026\26500_02.json,2026-09-05T00:47:23.129112+00:00,0.1.0,True,0.5,elementary,부산광역시,수영구,https://www.schoolinfo.go.kr/openApi.do,collection_snapshot,02,부산광역시 수영구 감포로38번길 33,민락동,35.1631678997,129.1212013553,schoolinfo,missing_school_type
07524e5e-d58b-4f90-9e70-09cef2858ce3,S020001662,배산초등학교,,공립,남녀공학,2650010100,부산광역시해운대교육지원청,부산광역시 수영구 망미배산로48번길 85-15,부산광역시 수영구 망미동,N,N,2026,학교알리미 Open API,data\raw\schoolinfo\2026\26500_02.json,2026-09-05T00:47:23.129112+00:00,0.1.0,True,0.5,elementary,부산광역시,수영구,https://www.schoolinfo.go.kr/openApi.do,collection_snapshot,02,부산광역시 수영구 망미배산로48번길 85-15,망미동,35.1776275935,129.1022995951,schoolinfo,missing_school_type
7bc8e7de-9e71-4c90-b69b-b6c577c569ef,S020001667,수미초등학교,,공립,남녀공학,2650010100,부산광역시해운대교육지원청,부산광역시 수영구 연수로310번길 91,부산광역시 수영구 망미동,N,N,2026,학교알리미 Open API,data\raw\schoolinfo\2026\26500_02.json,2026-09-05T00:47:23.129112+00:00,0.1.0,True,0.5,elementary,부산광역시,수영구,https://www.schoolinfo.go.kr/openApi.do,collection_snapshot,02,부산광역시 수영구 연수로310번길 91,망미동,35.1686911133,129.1037902472,schoolinfo,missing_school_type
52576213-9f7e-46ec-bf15-b998d8178e27,S020001668,수영초등학교,,공립,남녀공학,2650010400,부산광역시해운대교육지원청,부산광역시 수영구 광서로16번길 33,부산광역시 수영구 광안동,N,N,2026,학교알리미 Open API,data\raw\schoolinfo\2026\26500_02.json,2026-09-05T00:47:23.129112+00:00,0.1.0,True,0.5,elementary,부산광역시,수영구,https://www.schoolinfo.go.kr/openApi.do,collection_snapshot,02,부산광역시 수영구 광서로16번길 33,광안동,35.1660862453,129.1122587286,schoolinfo,missing_school_type
e92ff395-edda-49f9-9132-73b97c6dcc61,S020001695,호암초등학교,,공립,남녀공학,2650010400,부산광역시해운대교육지원청,부산광역시 수영구 호암로 57,부산광역시 수영구 광안4동 1194-2,N,N,2026,학교알리미 Open API,data\raw\schoolinfo\2026\26500_02.json,2026-09-05T00:47:23.129112+00:00,0.1.0,True,0.5,elementary,부산광역시,수영구,https://www.schoolinfo.go.kr/openApi.do,collection_snapshot,02,부산광역시 수영구 호암로 57,광안4동,35.1583409527,129.1063546505,schoolinfo,missing_school_type
babd4ea5-fac7-4875-98c6-e8a5855a1810,S020001620,광안중학교,,공립,남녀공학,2650010400,부산광역시해운대교육지원청,부산광역시 수영구 연수로310번길 127,부산광역시 수영구 광안동,N,N,2026,학교알리미 Open API,data\raw\schoolinfo\2026\26500_03.json,2026-09-05T00:47:23.359892+00:00,0.1.0,True,0.5,middle,부산광역시,수영구,https://www.schoolinfo.go.kr/openApi.do,collection_snapshot,03,부산광역시 수영구 연수로310번길 127,광안동,35.167973486,129.1052598697,schoolinfo,missing_school_type
df82600a-45e7-45fb-a3f0-90e93e8ee8f8,S020001623,동수영중학교,,사립,남녀공학,2650010400,부산광역시해운대교육지원청,부산광역시 수영구 광서로 74,부산광역시 수영구 광안동,N,N,2026,학교알리미 Open API,data\raw\schoolinfo\2026\26500_03.json,2026-09-05T00:47:23.359892+00:00,0.1.0,True,0.5,middle,부산광역시,수영구,https://www.schoolinfo.go.kr/openApi.do,collection_snapshot,03,부산광역시 수영구 광서로 74,광안동,35.1648709564,129.1040594457,schoolinfo,missing_school_type
a67cb847-c312-4367-bcd7-a98924cdc821,S020001624,동아중학교,,사립,남녀공학,2650010400,부산광역시해운대교육지원청,부산광역시 수영구 호암로 55,부산광역시 수영구 광안동,N,N,2026,학교알리미 Open API,data\raw\schoolinfo\2026\26500_03.json,2026-09-05T00:47:23.359892+00:00,0.1.0,True,0.5,middle,부산광역시,수영구,https://www.schoolinfo.go.kr/openApi.do,collection_snapshot,03,부산광역시 수영구 호암로 55,광안동,35.1568555744,129.1069922693,schoolinfo,missing_school_type
b67a3c3b-0fef-4c4a-b7e9-9a3bb0367673,S020001626,망미중학교,,공립,남녀공학,2650010100,부산광역시해운대교육지원청,부산광역시 수영구 망미배산로 102,부산광역시 수영구 망미1동   952-2,N,N,2026,학교알리미 Open API,data\raw\schoolinfo\2026\26500_03.json,2026-09-05T00:47:23.359892+00:00,0.1.0,True,0.5,middle,부산광역시,수영구,https://www.schoolinfo.go.kr/openApi.do,collection_snapshot,03,부산광역시 수영구 망미배산로 102,망미1동,35.1758263939,129.0978718401,schoolinfo,missing_school_type
aa899cd0-4223-4a61-844f-6dc4037ec89b,S020001631,부산수영중학교,,공립,남녀공학,2650010400,부산광역시해운대교육지원청,부산광역시 수영구 호암로38,부산광역시 수영구 광안4동   732번지,N,N,2026,학교알리미 Open API,data\raw\schoolinfo\2026\26500_03.json,2026-09-05T00:47:23.359892+00:00,0.1.0,True,0.5,middle,부산광역시,수영구,https://www.schoolinfo.go.kr/openApi.do,collection_snapshot,03,부산광역시 수영구 호암로38,광안4동,35.1577523339,129.1093153228,schoolinfo,missing_school_type
b55a09d1-6f28-4aed-ab4f-28da0bdb827b,S020001642,한바다중학교,,공립,남녀공학,2650010400,부산광역시해운대교육지원청,부산광역시 수영구 광안로21번가길 57,부산광역시 수영구 광안2동 154-1,N,N,2026,학교알리미 Open API,data\raw\schoolinfo\2026\26500_03.json,2026-09-05T00:47:23.359892+00:00,0.1.0,True,0.5,middle,부산광역시,수영구,https://www.schoolinfo.go.kr/openApi.do,collection_snapshot,03,부산광역시 수영구 광안로21번가길 57,광안2동,35.1571519656,129.1176918248,schoolinfo,missing_school_type
66d88bde-f769-4656-b486-a0363ba561a6,S020001237,감전초등학교,,공립,남녀공학,2653010500,부산광역시북부교육지원청,부산광역시 사상구 괘감로 132,부산광역시 사상구 감전2동 119-6,N,N,2026,학교알리미 Open API,data\raw\schoolinfo\2026\26530_02.json,2026-09-05T00:47:23.602051+00:00,0.1.0,True,0.5,elementary,부산광역시,사상구,https://www.schoolinfo.go.kr/openApi.do,collection_snapshot,02,부산광역시 사상구 괘감로 132,감전2동,35.1561874829,128.9883147847,schoolinfo,missing_school_type
ad0ef2b9-18d2-40bf-ba5d-c50fc90d292f,S020001238,괘법초등학교,,공립,남녀공학,2653010400,부산광역시북부교육지원청,부산광역시 사상구 사상로161번길 8,부산광역시 사상구 괘법동,N,N,2026,학교알리미 Open API,data\raw\schoolinfo\2026\26530_02.json,2026-09-05T00:47:23.602051+00:00,0.1.0,True,0.5,elementary,부산광역시,사상구,https://www.schoolinfo.go.kr/openApi.do,collection_snapshot,02,부산광역시 사상구 사상로161번길 8,괘법동,35.1600766656,128.9861357498,schoolinfo,missing_school_type
62a98c5f-0a5c-4f99-83c2-fe4b41deb90a,S020001241,구학초등학교,,공립,남녀공학,2653010700,부산광역시북부교육지원청,부산광역시 사상구 학감대로 49,부산광역시 사상구 학장동   168-15,N,N,2026,학교알리미 Open API,data\raw\schoolinfo\2026\26530_02.json,2026-09-05T00:47:23.602051+00:00,0.1.0,True,0.5,elementary,부산광역시,사상구,https://www.schoolinfo.go.kr/openApi.do,collection_snapshot,02,부산광역시 사상구 학감대로 49,학장동,35.1375549733,128.992688472,schoolinfo,missing_school_type
0e1df0ae-9786-481c-88e5-2e8eae8ce3a9,S020001254,덕상초등학교,,공립,남녀공학,2653010300,부산광역시북부교육지원청,부산광역시 사상구 덕상로 32,부산광역시 사상구 덕포동,N,N,2026,학교알리미 Open API,data\raw\schoolinfo\2026\26530_02.json,2026-09-05T00:47:23.602051+00:00,0.1.0,True,0.5,elementary,부산광역시,사상구,https://www.schoolinfo.go.kr/openApi.do,collection_snapshot,02,부산광역시 사상구 덕상로 32,덕포동,35.1749740551,128.9905766444,schoolinfo,missing_school_type
184ffc8e-1cbd-4049-afd2-324c5316bbbf,S020001258,덕포초등학교,,공립,남녀공학,2653010300,부산광역시북부교육지원청,부산광역시 사상구 삼덕로 83,부산광역시 사상구 덕포동,N,N,2026,학교알리미 Open API,data\raw\schoolinfo\2026\26530_02.json,2026-09-05T00:47:23.602051+00:00,0.1.0,True,0.5,elementary,부산광역시,사상구,https://www.schoolinfo.go.kr/openApi.do,collection_snapshot,02,부산광역시 사상구 삼덕로 83,덕포동,35.1738731098,128.9858391769,schoolinfo,missing_school_type
23d48dbe-5fe0-4bbd-948c-19e7c78cd3be,S020001259,동궁초등학교,,공립,남녀공학,2653010800,부산광역시북부교육지원청,부산광역시 사상구 엄궁로 70-7,부산광역시 사상구 엄궁동   680-4,N,N,2026,학교알리미 Open API,data\raw\schoolinfo\2026\26530_02.json,2026-09-05T00:47:23.602051+00:00,0.1.0,True,0.5,elementary,부산광역시,사상구,https://www.schoolinfo.go.kr/openApi.do,collection_snapshot,02,부산광역시 사상구 엄궁로 70-7,엄궁동,35.123426347,128.9747417966,schoolinfo,missing_school_type
abc324d6-91d2-4c7b-8772-9d3b629206ea,S020001260,동주초등학교,,공립,남녀공학,2653010600,부산광역시북부교육지원청,부산광역시 사상구 가야대로306번길 72,부산광역시 사상구 주례3동   537,N,N,2026,학교알리미 Open API,data\raw\schoolinfo\2026\26530_02.json,2026-09-05T00:47:23.602051+00:00,0.1.0,True,0.5,elementary,부산광역시,사상구,https://www.schoolinfo.go.kr/openApi.do,collection_snapshot,02,부산광역시 사상구 가야대로306번길 72,주례3동,35.1471599317,129.0054523905,schoolinfo,missing_school_type
f084527d-c313-45d5-8ba5-6faf9e8a36e7,S020001264,모덕초등학교,,공립,남녀공학,2653010200,부산광역시북부교육지원청,부산광역시 사상구 덕상로 120,부산광역시 사상구 모라동,N,N,2026,학교알리미 Open API,data\raw\schoolinfo\2026\26530_02.json,2026-09-05T00:47:23.602051+00:00,0.1.0,True,0.5,elementary,부산광역시,사상구,https://www.schoolinfo.go.kr/openApi.do,collection_snapshot,02,부산광역시 사상구 덕상로 120,모라동,35.1826724596,128.9914723942,schoolinfo,missing_school_type
f469a9c8-30c8-41ec-ba8c-719fff25ddf2,S020001265,모동초등학교,,공립,남녀공학,2653010200,부산광역시북부교육지원청,부산광역시 사상구 모라로192번길 37,부산광역시 사상구 모라3동   75-11,N,N,2026,학교알리미 Open API,data\raw\schoolinfo\2026\26530_02.json,2026-09-05T00:47:23.602051+00:00,0.1.0,True,0.5,elementary,부산광역시,사상구,https://www.schoolinfo.go.kr/openApi.do,collection_snapshot,02,부산광역시 사상구 모라로192번길 37,모라3동,35.1854070058,129.0019397304,schoolinfo,missing_school_type
8565e259-54f1-4862-8d0d-331e16b057a8,S020001266,모라초등학교,,공립,남녀공학,2653010200,부산광역시북부교육지원청,부산광역시 사상구 모라로64번길 46,부산광역시 사상구 모라1동   655-3,N,N,2026,학교알리미 Open API,data\raw\schoolinfo\2026\26530_02.json,2026-09-05T00:47:23.602051+00:00,0.1.0,True,0.5,elementary,부산광역시,사상구,https://www.schoolinfo.go.kr/openApi.do,collection_snapshot,02,부산광역시 사상구 모라로64번길 46,모라1동,35.1904123948,128.9857257331,schoolinfo,missing_school_type
41a20166-845e-4301-a772-875daee4a54c,S020001267,모산초등학교,,공립,남녀공학,2653010200,부산광역시북부교육지원청,부산광역시 사상구 모라로110번길 93,부산광역시 사상구 모라동,N,N,2026,학교알리미 Open API,data\raw\schoolinfo\2026\26530_02.json,2026-09-05T00:47:23.602051+00:00,0.1.0,True,0.5,elementary,부산광역시,사상구,https://www.schoolinfo.go.kr/openApi.do,collection_snapshot,02,부산광역시 사상구 모라로110번길 93,모라동,35.1855973017,128.9953802084,schoolinfo,missing_school_type
bfd403af-dd29-4381-9bb9-8cf0aad1826f,S020001271,사상초등학교,,공립,남녀공학,2653010300,부산광역시북부교육지원청,부산광역시 사상구 운산로 65,부산광역시 사상구 덕포1동   693,N,N,2026,학교알리미 Open API,data\raw\schoolinfo\2026\26530_02.json,2026-09-05T00:47:23.602051+00:00,0.1.0,True,0.5,elementary,부산광역시,사상구,https://www.schoolinfo.go.kr/openApi.do,collection_snapshot,02,부산광역시 사상구 운산로 65,덕포1동,35.1684503148,128.9828407048,schoolinfo,missing_school_type
09bc7f14-1d9a-4498-a049-965294780634,S020001273,삼덕초등학교,,공립,남녀공학,2653010100,부산광역시북부교육지원청,부산광역시 사상구 삼덕로 24,부산광역시 사상구 삼락동   409-17,N,N,2026,학교알리미 Open API,data\raw\schoolinfo\2026\26530_02.json,2026-09-05T00:47:23.602051+00:00,0.1.0,True,0.5,elementary,부산광역시,사상구,https://www.schoolinfo.go.kr/openApi.do,collection_snapshot,02,부산광역시 사상구 삼덕로 24,삼락동,35.174075615,128.9787539991,schoolinfo,missing_school_type
b411b0ff-63b4-4ae6-8a56-37ce11e7eaba,S020001275,서감초등학교,,공립,남녀공학,2653010500,부산광역시북부교육지원청,부산광역시 사상구 괘감로 64,부산광역시 사상구 감전1동 122-1,N,N,2026,학교알리미 Open API,data\raw\schoolinfo\2026\26530_02.json,2026-09-05T00:47:23.602051+00:00,0.1.0,True,0.5,elementary,부산광역시,사상구,https://www.schoolinfo.go.kr/openApi.do,collection_snapshot,02,부산광역시 사상구 괘감로 64,감전1동,35.1578127139,128.9821874079,schoolinfo,missing_school_type
b5be9c1e-da10-45db-ae7c-cf40a21b5cf6,S020001284,엄궁초등학교,,공립,남녀공학,2653010800,부산광역시북부교육지원청,부산광역시 사상구 엄궁로191번길 23,부산광역시 사상구 엄궁동 47,N,N,2026,학교알리미 Open API,data\raw\schoolinfo\2026\26530_02.json,2026-09-05T00:47:23.602051+00:00,0.1.0,True,0.5,elementary,부산광역시,사상구,https://www.schoolinfo.go.kr/openApi.do,collection_snapshot,02,부산광역시 사상구 엄궁로191번길 23,엄궁동,35.1291453152,128.9744060228,schoolinfo,missing_school_type
8915d5aa-06fb-4f40-9daa-3ece3e774576,S020001287,주감초등학교,,공립,남녀공학,2653010600,부산광역시북부교육지원청,부산광역시 사상구 양지로 48,부산광역시 사상구 주례동,N,N,2026,학교알리미 Open API,data\raw\schoolinfo\2026\26530_02.json,2026-09-05T00:47:23.602051+00:00,0.1.0,True,0.5,elementary,부산광역시,사상구,https://www.schoolinfo.go.kr/openApi.do,collection_snapshot,02,부산광역시 사상구 양지로 48,주례동,35.1537885023,129.0009034559,schoolinfo,missing_school_type
597bc5d1-0479-457c-beba-1e5bac30ba90,S020001288,주학초등학교,,공립,남녀공학,2653010600,부산광역시북부교육지원청,부산광역시 사상구 가야대로366번길 120,부산광역시 사상구 주례2동 84-192,N,N,2026,학교알리미 Open API,data\raw\schoolinfo\2026\26530_02.json,2026-09-05T00:47:23.602051+00:00,0.1.0,True,0.5,elementary,부산광역시,사상구,https://www.schoolinfo.go.kr/openApi.do,collection_snapshot,02,부산광역시 사상구 가야대로366번길 120,주례2동,35.1459783785,129.0125768459,schoolinfo,missing_school_type
9a36960e-1c14-4f50-91f6-ec068341076b,S020001289,창진초등학교,,공립,남녀공학,2653010400,부산광역시북부교육지원청,부산광역시 사상구 사상로223번길 100,부산광역시 사상구 괘법동 519-2,N,N,2026,학교알리미 Open API,data\raw\schoolinfo\2026\26530_02.json,2026-09-05T00:47:23.602051+00:00,0.1.0,True,0.5,elementary,부산광역시,사상구,https://www.schoolinfo.go.kr/openApi.do,collection_snapshot,02,부산광역시 사상구 사상로223번길 100,괘법동,35.1660557392,128.9778353343,schoolinfo,missing_school_type
d4b56d63-d8f0-4b53-b2af-5ec233cfee80,S020001295,학장초등학교,,공립,남녀공학,2653010700,부산광역시북부교육지원청,부산광역시 사상구 대동로 205,부산광역시 사상구 학장동,N,N,2026,학교알리미 Open API,data\raw\schoolinfo\2026\26530_02.json,2026-09-05T00:47:23.602051+00:00,0.1.0,True,0.5,elementary,부산광역시,사상구,https://www.schoolinfo.go.kr/openApi.do,collection_snapshot,02,부산광역시 사상구 대동로 205,학장동,35.1462088896,128.9837447467,schoolinfo,missing_school_type
34f82c85-0506-409a-8165-ba678abf5b03,S020001296,학진초등학교,,공립,남녀공학,2653010800,부산광역시북부교육지원청,부산광역시 사상구 대동로 34-16,부산광역시 사상구 엄궁동 산25-21,N,N,2026,학교알리미 Open API,data\raw\schoolinfo\2026\26530_02.json,2026-09-05T00:47:23.602051+00:00,0.1.0,True,0.5,elementary,부산광역시,사상구,https://www.schoolinfo.go.kr/openApi.do,collection_snapshot,02,부산광역시 사상구 대동로 34-16,엄궁동,35.1329909172,128.9751088126,schoolinfo,missing_school_type
f05cf10b-1d01-48d7-b1ca-1ab0f92c702e,S020001912,주양초등학교,,공립,남녀공학,2653010600,부산광역시북부교육지원청,부산광역시 사상구 백양대로 372-6,부산광역시 사상구 주례2동,N,N,2026,학교알리미 Open API,data\raw\schoolinfo\2026\26530_02.json,2026-09-05T00:47:23.602051+00:00,0.1.0,True,0.5,elementary,부산광역시,사상구,https://www.schoolinfo.go.kr/openApi.do,collection_snapshot,02,부산광역시 사상구 백양대로 372-6,주례2동,35.153663138,129.0121692374,schoolinfo,missing_school_type
27194e34-a4a6-4c6b-be04-1694f73416c4,S020000966,모동중학교,,공립,남녀공학,2653010200,부산광역시북부교육지원청,부산광역시 사상구 모라로192번길 51,부산광역시 사상구 모라동,N,N,2026,학교알리미 Open API,data\raw\schoolinfo\2026\26530_03.json,2026-09-05T00:47:23.831977+00:00,0.1.0,True,0.5,middle,부산광역시,사상구,https://www.schoolinfo.go.kr/openApi.do,collection_snapshot,03,부산광역시 사상구 모라로192번길 51,모라동,35.1851251844,129.0032324735,schoolinfo,missing_school_type
7f4f7088-a3b6-4760-b197-207f29291491,S020000975,신라중학교,,사립,남녀공학,2653010300,부산광역시북부교육지원청,부산광역시 사상구 백양대로700번길 35-8,부산광역시 사상구 덕포동,N,N,2026,학교알리미 Open API,data\raw\schoolinfo\2026\26530_03.json,2026-09-05T00:47:23.831977+00:00,0.1.0,True,0.5,middle,부산광역시,사상구,https://www.schoolinfo.go.kr/openApi.do,collection_snapshot,03,부산광역시 사상구 백양대로700번길 35-8,덕포동,35.1696615132,128.9927210876,schoolinfo,missing_school_type
eb39f91c-e223-4aab-bb44-952e2592e758,S020001217,덕포여자중학교,,공립,녀,2653010300,부산광역시북부교육지원청,부산광역시 사상구 사상로310번길 110,부산광역시 사상구 덕포1동 118~242,N,N,2026,학교알리미 Open API,data\raw\schoolinfo\2026\26530_03.json,2026-09-05T00:47:23.831977+00:00,0.1.0,True,0.5,middle,부산광역시,사상구,https://www.schoolinfo.go.kr/openApi.do,collection_snapshot,03,부산광역시 사상구 사상로310번길 110,덕포1동,35.1701451852,128.9860996944,schoolinfo,missing_school_type
5fecb893-26eb-48f4-83b1-49a7132909a8,S020001218,동주중학교,,공립,남,2653010600,부산광역시북부교육지원청,부산광역시 사상구 주례로 107,부산광역시 사상구 주례동,N,N,2026,학교알리미 Open API,data\raw\schoolinfo\2026\26530_03.json,2026-09-05T00:47:23.831977+00:00,0.1.0,True,0.5,middle,부산광역시,사상구,https://www.schoolinfo.go.kr/openApi.do,collection_snapshot,03,부산광역시 사상구 주례로 107,주례동,35.1460200475,129.0039761689,schoolinfo,missing_school_type
e096ec7d-74ca-4414-9b61-aea1c98e7670,S020001221,모라중학교,,공립,남녀공학,2653010200,부산광역시북부교육지원청,부산광역시 사상구 백양대로 936,부산광역시 사상구 모라동,N,N,2026,학교알리미 Open API,data\raw\schoolinfo\2026\26530_03.json,2026-09-05T00:47:23.831977+00:00,0.1.0,True,0.5,middle,부산광역시,사상구,https://www.schoolinfo.go.kr/openApi.do,collection_snapshot,03,부산광역시 사상구 백양대로 936,모라동,35.1904975566,128.9926634468,schoolinfo,missing_school_type
5b33fe30-d722-4948-ac52-91d820d23a8b,S020001223,사상중학교,,공립,,2653010300,부산광역시북부교육지원청,,부산광역시 사상구 덕포1동   150-1,Y,N,2026,학교알리미 Open API,data\raw\schoolinfo\2026\26530_03.json,2026-09-05T00:47:23.831977+00:00,0.1.0,True,0.5,middle,부산광역시,사상구,https://www.schoolinfo.go.kr/openApi.do,collection_snapshot,03,부산광역시 사상구 덕포1동   150-1 사상중학교.,덕포1동,,,,missing_school_type;missing_gender_type;missing_or_invalid_coordinates;closed_or_suspended
016f5dbd-6828-4a7e-abd3-40f30700527d,S020001224,삼락중학교,,공립,남,2653010100,부산광역시북부교육지원청,부산광역시 사상구 삼덕로5번길 151,부산광역시 사상구 삼락동 ,Y,N,2026,학교알리미 Open API,data\raw\schoolinfo\2026\26530_03.json,2026-09-05T00:47:23.831977+00:00,0.1.0,True,0.5,middle,부산광역시,사상구,https://www.schoolinfo.go.kr/openApi.do,collection_snapshot,03,부산광역시 사상구 삼덕로5번길 151,삼락동,35.1815986,128.9782812999,schoolinfo,missing_school_type;closed_or_suspended
152e55a4-5149-403e-95fb-f5f47ceec121,S020001226,엄궁중학교,,공립,남녀공학,2653010800,부산광역시북부교육지원청,부산광역시 사상구 대동로 56,부산광역시 사상구 엄궁동,N,N,2026,학교알리미 Open API,data\raw\schoolinfo\2026\26530_03.json,2026-09-05T00:47:23.831977+00:00,0.1.0,True,0.5,middle,부산광역시,사상구,https://www.schoolinfo.go.kr/openApi.do,collection_snapshot,03,부산광역시 사상구 대동로 56,엄궁동,35.1353189658,128.9753669082,schoolinfo,missing_school_type
fd37cbc2-83a0-498c-8af4-cdb06534e3fe,S020001229,주감중학교,,공립,남녀공학,2653010600,부산광역시북부교육지원청,부산광역시 사상구 백양대로 530,부산 사상구 주례1동,N,N,2026,학교알리미 Open API,data\raw\schoolinfo\2026\26530_03.json,2026-09-05T00:47:23.831977+00:00,0.1.0,True,0.5,middle,부산광역시,사상구,https://www.schoolinfo.go.kr/openApi.do,collection_snapshot,03,부산광역시 사상구 백양대로 530,주례1동,35.1565721495,128.9956102306,schoolinfo,missing_school_type
3332bf88-887a-4888-91bc-c1e64e3501d2,S020001230,주례여자중학교,,공립,녀,2653010600,부산광역시북부교육지원청,부산광역시 사상구 가야대로306번길 55,부산광역시 사상구 주례3동 95번지,N,N,2026,학교알리미 Open API,data\raw\schoolinfo\2026\26530_03.json,2026-09-05T00:47:23.831977+00:00,0.1.0,True,0.5,middle,부산광역시,사상구,https://www.schoolinfo.go.kr/openApi.do,collection_snapshot,03,부산광역시 사상구 가야대로306번길 55,주례3동,35.1487437201,129.006895669,schoolinfo,missing_school_type
f50fe49b-209e-4641-b474-a366edcfc00b,S020001231,주례중학교,,공립,남녀공학,2653010600,부산광역시북부교육지원청,부산광역시 사상구 가야대로378번길 68,부산광역시 사상구 주례2동 55-33,N,N,2026,학교알리미 Open API,data\raw\schoolinfo\2026\26530_03.json,2026-09-05T00:47:23.831977+00:00,0.1.0,True,0.5,middle,부산광역시,사상구,https://www.schoolinfo.go.kr/openApi.do,collection_snapshot,03,부산광역시 사상구 가야대로378번길 68,주례2동,35.1482353394,129.0138525039,schoolinfo,missing_school_type
8a1d9e53-12b2-409c-9ca3-a0e7b14e9b8a,S020001232,학장중학교,,공립,남녀공학,2653010700,부산광역시북부교육지원청,부산광역시 사상구 대동로140번길 60,부산광역시 사상구 학장동,N,N,2026,학교알리미 Open API,data\raw\schoolinfo\2026\26530_03.json,2026-09-05T00:47:23.831977+00:00,0.1.0,True,0.5,middle,부산광역시,사상구,https://www.schoolinfo.go.kr/openApi.do,collection_snapshot,03,부산광역시 사상구 대동로140번길 60,학장동,35.1376788638,128.9827215144,schoolinfo,missing_school_type
709f5ea3-2cd8-4c04-89c1-be76e4781163,S020001648,교리초등학교,,공립,남녀공학,2671025022,부산광역시해운대교육지원청,부산광역시 기장군 기장읍 차성로 427,부산광역시 기장군 교리 243-1,N,N,2026,학교알리미 Open API,data\raw\schoolinfo\2026\26710_02.json,2026-09-05T00:47:24.072643+00:00,0.1.0,True,0.5,elementary,부산광역시,기장군,https://www.schoolinfo.go.kr/openApi.do,collection_snapshot,02,부산광역시 기장군 기장읍 차성로 427,교리,35.2551085308,129.2165531518,schoolinfo,missing_school_type
5f210e98-f76c-497b-8593-0a467e2ec558,S020001649,기장초등학교,,공립,남녀공학,2671025021,부산광역시해운대교육지원청,부산광역시 기장군 기장읍 읍내로 69,부산광역시 기장군 기장읍 동부리 320,N,N,2026,학교알리미 Open API,data\raw\schoolinfo\2026\26710_02.json,2026-09-05T00:47:24.072643+00:00,0.1.0,True,0.5,elementary,부산광역시,기장군,https://www.schoolinfo.go.kr/openApi.do,collection_snapshot,02,부산광역시 기장군 기장읍 읍내로 69,기장읍,35.2462387668,129.212125395,schoolinfo,missing_school_type
f1406920-444d-40b9-a537-f06e88b86488,S020001651,용암초등학교,,공립,남녀공학,2671025028,부산광역시해운대교육지원청,부산광역시 기장군 기장읍 기장해안로 577,부산광역시 기장군 기장읍 대변리,N,N,2026,학교알리미 Open API,data\raw\schoolinfo\2026\26710_02.json,2026-09-05T00:47:24.072643+00:00,0.1.0,True,0.5,elementary,부산광역시,기장군,https://www.schoolinfo.go.kr/openApi.do,collection_snapshot,02,부산광역시 기장군 기장읍 기장해안로 577,기장읍,35.2251538439,129.2267415481,schoolinfo,missing_school_type
20b307e3-f67f-4c56-a6e8-b7c6ef3ece2c,S020001652,대청초등학교,,공립,남녀공학,2671025026,부산광역시해운대교육지원청,부산광역시 기장군 기장읍 차성서로 31,부산광역시 기장군 기장읍 대라리,N,N,2026,학교알리미 Open API,data\raw\schoolinfo\2026\26710_02.json,2026-09-05T00:47:24.072643+00:00,0.1.0,True,0.5,elementary,부산광역시,기장군,https://www.schoolinfo.go.kr/openApi.do,collection_snapshot,02,부산광역시 기장군 기장읍 차성서로 31,기장읍,35.2353594448,129.2099605159,schoolinfo,missing_school_type
0b049eef-e03b-4899-9cce-7a26d7bc1375,S020001672,신진초등학교,,공립,남녀공학,2671033029,부산광역시해운대교육지원청,부산광역시 기장군 철마면 고촌로28번길 10,부산광역시 기장군 철마면 고촌리 156-1,N,N,2026,학교알리미 Open API,data\raw\schoolinfo\2026\26710_02.json,2026-09-05T00:47:24.072643+00:00,0.1.0,True,0.5,elementary,부산광역시,기장군,https://www.schoolinfo.go.kr/openApi.do,collection_snapshot,02,부산광역시 기장군 철마면 고촌로28번길 10,철마면,35.2411517526,129.1714509301,schoolinfo,missing_school_type
35e89cbb-b9c8-41ef-a0e9-7a708966e335,S020001676,월내초등학교,,공립,남녀공학,2671025334,부산광역시해운대교육지원청,부산광역시 기장군 장안읍 길천2길 25,부산광역시 기장군 장안읍 길천리,N,N,2026,학교알리미 Open API,data\raw\schoolinfo\2026\26710_02.json,2026-09-05T00:47:24.072643+00:00,0.1.0,True,0.5,elementary,부산광역시,기장군,https://www.schoolinfo.go.kr/openApi.do,collection_snapshot,02,부산광역시 기장군 장안읍 길천2길 25,장안읍,35.328177908,129.2829678653,schoolinfo,missing_school_type
d9881bf9-8c32-4426-b49c-e3f7266a1a14,S020001677,월평초등학교,,공립,남녀공학,2671025624,부산광역시해운대교육지원청,부산광역시 기장군 정관읍 월평1길 21,부산광역시 기장군 정관읍 월평리,N,N,2026,학교알리미 Open API,data\raw\schoolinfo\2026\26710_02.json,2026-09-05T00:47:24.072643+00:00,0.1.0,True,0.5,elementary,부산광역시,기장군,https://www.schoolinfo.go.kr/openApi.do,collection_snapshot,02,부산광역시 기장군 정관읍 월평1길 21,정관읍,35.3599609809,129.138623112,schoolinfo,missing_school_type
6b63fb2f-d280-4ea7-8920-b8321778f553,S020001681,장안초등학교,,공립,남녀공학,2671025328,부산광역시해운대교육지원청,부산광역시 기장군 장안읍 장안로 67-4,부산광역시 기장군 장안읍 기룡리,N,N,2026,학교알리미 Open API,data\raw\schoolinfo\2026\26710_02.json,2026-09-05T00:47:24.072643+00:00,0.1.0,True,0.5,elementary,부산광역시,기장군,https://www.schoolinfo.go.kr/openApi.do,collection_snapshot,02,부산광역시 기장군 장안읍 장안로 67-4,장안읍,35.3466016276,129.2536948848,schoolinfo,missing_school_type
9a310756-0515-4c61-8307-8cd8ec6aa4bd,S020001683,정관초등학교,,공립,남녀공학,2671025628,부산광역시해운대교육지원청,부산광역시 기장군 정관읍 정관로 530,부산광역시 기장군 정관면 용수리,N,N,2026,학교알리미 Open API,data\raw\schoolinfo\2026\26710_02.json,2026-09-05T00:47:24.072643+00:00,0.1.0,True,0.5,elementary,부산광역시,기장군,https://www.schoolinfo.go.kr/openApi.do,collection_snapshot,02,부산광역시 기장군 정관읍 정관로 530,정관면,35.3232089377,129.172007656,schoolinfo,missing_school_type
a9fc3e39-54f2-41d3-b7db-6fefc5a0dbe8,S020001686,좌천초등학교,,공립,남녀공학,2671025321,부산광역시해운대교육지원청,부산광역시 기장군 장안읍 좌천로 13-66,부산광역시 기장군 장안읍 좌천리,N,N,2026,학교알리미 Open API,data\raw\schoolinfo\2026\26710_02.json,2026-09-05T00:47:24.072643+00:00,0.1.0,True,0.5,elementary,부산광역시,기장군,https://www.schoolinfo.go.kr/openApi.do,collection_snapshot,02,부산광역시 기장군 장안읍 좌천로 13-66,장안읍,35.3121626031,129.2402589678,schoolinfo,missing_school_type
4ea7177f-e552-456c-96ea-ae8062feed3b,S020001687,죽성초등학교,,공립,남녀공학,2671025024,부산광역시해운대교육지원청,부산광역시 기장군 기장읍 죽성로 270,부산광역시 기장군 기장읍 죽성리,N,N,2026,학교알리미 Open API,data\raw\schoolinfo\2026\26710_02.json,2026-09-05T00:47:24.072643+00:00,0.1.0,True,0.5,elementary,부산광역시,기장군,https://www.schoolinfo.go.kr/openApi.do,collection_snapshot,02,부산광역시 기장군 기장읍 죽성로 270,기장읍,35.2427252885,129.243733243,schoolinfo,missing_school_type
ec08a855-1fba-499a-ba7b-2badfb33300e,S020001688,철마초등학교,,공립,남녀공학,2671033021,부산광역시해운대교육지원청,부산광역시 기장군 철마면 철마로 493,부산광역시 기장군 철마면 와여리,N,N,2026,학교알리미 Open API,data\raw\schoolinfo\2026\26710_02.json,2026-09-05T00:47:24.072643+00:00,0.1.0,True,0.5,elementary,부산광역시,기장군,https://www.schoolinfo.go.kr/openApi.do,collection_snapshot,02,부산광역시 기장군 철마면 철마로 493,철마면,35.2754986586,129.150702445,schoolinfo,missing_school_type
01794be8-f374-4e06-a57c-b573ec6f25a6,S020001689,칠암초등학교,,공립,남녀공학,2671025927,부산광역시해운대교육지원청,부산광역시 기장군 일광읍 박영준길 19,부산광역시 기장군 일광면 칠암리,N,N,2026,학교알리미 Open API,data\raw\schoolinfo\2026\26710_02.json,2026-09-05T00:47:24.072643+00:00,0.1.0,True,0.5,elementary,부산광역시,기장군,https://www.schoolinfo.go.kr/openApi.do,collection_snapshot,02,부산광역시 기장군 일광읍 박영준길 19,일광면,35.298737442,129.2555484561,schoolinfo,missing_school_type
2e5f2d75-42f9-4578-9b22-aadb9f92ecf8,S020002003,내리초등학교,,공립,남녀공학,2671025034,부산광역시해운대교육지원청,부산광역시 기장군 기장읍 소정안길 50,부산광역시 기장군 기장읍 내리,N,N,2026,학교알리미 Open API,data\raw\schoolinfo\2026\26710_02.json,2026-09-05T00:47:24.072643+00:00,0.1.0,True,0.5,elementary,부산광역시,기장군,https://www.schoolinfo.go.kr/openApi.do,collection_snapshot,02,부산광역시 기장군 기장읍 소정안길 50,기장읍,35.2058259381,129.2056167057,schoolinfo,missing_school_type
648c4066-b75f-4bc9-b157-175b0dd71831,S020002010,신정초등학교,,공립,남녀공학,2671025628,부산광역시해운대교육지원청,부산광역시 기장군 정관읍 정관로 460,부산광역시 기장군 정관면 용수리,N,N,2026,학교알리미 Open API,data\raw\schoolinfo\2026\26710_02.json,2026-09-05T00:47:24.072643+00:00,0.1.0,True,0.5,elementary,부산광역시,기장군,https://www.schoolinfo.go.kr/openApi.do,collection_snapshot,02,부산광역시 기장군 정관읍 정관로 460,정관면,35.3285047258,129.1677466449,schoolinfo,missing_school_type
cf727101-640c-4fe6-aff4-d85e2a68c6e9,S020002016,달산초등학교,,공립,남녀공학,2671025625,부산광역시해운대교육지원청,부산광역시 기장군 정관읍 정관로 674,부산광역시 기장군 정관면 달산리,N,N,2026,학교알리미 Open API,data\raw\schoolinfo\2026\26710_02.json,2026-09-05T00:47:24.072643+00:00,0.1.0,True,0.5,elementary,부산광역시,기장군,https://www.schoolinfo.go.kr/openApi.do,collection_snapshot,02,부산광역시 기장군 정관읍 정관로 674,정관면,35.3193865724,129.1868887845,schoolinfo,missing_school_type
52ede642-1561-47bf-a4d2-cce0d711b1c7,S020002053,방곡초등학교,,공립,남녀공학,2671025621,부산광역시해운대교육지원청,부산광역시 기장군 정관면 정관덕산길 61,부산광역시 기장군 정관읍 방곡리,N,N,2026,학교알리미 Open API,data\raw\schoolinfo\2026\26710_02.json,2026-09-05T00:47:24.072643+00:00,0.1.0,True,0.5,elementary,부산광역시,기장군,https://www.schoolinfo.go.kr/openApi.do,collection_snapshot,02,부산광역시 기장군 정관면 정관덕산길 61,정관읍,35.3226773893,129.1864936552,schoolinfo,missing_school_type
a965218a-68e6-4284-babe-e158d545c1f3,S020002071,정원초등학교,,공립,남녀공학,2671025627,부산광역시해운대교육지원청,부산광역시 기장군 정관읍 정관로 423,부산광역시 기장군 정관읍 모전리,N,N,2026,학교알리미 Open API,data\raw\schoolinfo\2026\26710_02.json,2026-09-05T00:47:24.072643+00:00,0.1.0,True,0.5,elementary,부산광역시,기장군,https://www.schoolinfo.go.kr/openApi.do,collection_snapshot,02,부산광역시 기장군 정관읍 정관로 423,정관읍,35.3326147482,129.1672934178,schoolinfo,missing_school_type
bc7d3387-35be-42bd-a2c3-73105bfca5a9,S020002182,모전초등학교,,공립,남녀공학,2671025627,부산광역시해운대교육지원청,부산광역시 기장군 정관읍 정관1로 17,부산광역시 기장군 정관읍 모전리,N,N,2026,학교알리미 Open API,data\raw\schoolinfo\2026\26710_02.json,2026-09-05T00:47:24.072643+00:00,0.1.0,True,0.5,elementary,부산광역시,기장군,https://www.schoolinfo.go.kr/openApi.do,collection_snapshot,02,부산광역시 기장군 정관읍 정관1로 17,정관읍,35.3391983746,129.1621597913,schoolinfo,missing_school_type
9e14d1b2-e534-441e-b3c7-434e7a1db82e,S020002198,가동초등학교,,공립,남녀공학,2671025600,부산광역시해운대교육지원청,부산광역시 기장군 정관읍 정관5로 100,부산광역시 기장군 정관면,N,N,2026,학교알리미 Open API,data\raw\schoolinfo\2026\26710_02.json,2026-09-05T00:47:24.072643+00:00,0.1.0,True,0.5,elementary,부산광역시,기장군,https://www.schoolinfo.go.kr/openApi.do,collection_snapshot,02,부산광역시 기장군 정관읍 정관5로 100,정관면,35.3264229047,129.1790835161,schoolinfo,missing_school_type
53362fc7-d4c8-4a3f-9847-619d62d6d4e6,S020002277,일광초등학교,,공립,남녀공학,2671025900,부산광역시해운대교육지원청,부산광역시 기장군 일광읍 해빛로 46,,N,N,2026,학교알리미 Open API,data\raw\schoolinfo\2026\26710_02.json,2026-09-05T00:47:24.072643+00:00,0.1.0,True,0.5,elementary,부산광역시,기장군,https://www.schoolinfo.go.kr/openApi.do,collection_snapshot,02,부산광역시 기장군 일광읍 해빛로 46,,35.267994625,129.2231253695,schoolinfo,missing_school_type;missing_legal_dong
ae6f3f57-8f89-4618-be2c-382803ce2296,S020002312,해빛초등학교,,공립,남녀공학,2671025921,부산광역시해운대교육지원청,부산광역시 기장군 일광면 해빛6로 9,,N,N,2026,학교알리미 Open API,data\raw\schoolinfo\2026\26710_02.json,2026-09-05T00:47:24.072643+00:00,0.1.0,True,0.5,elementary,부산광역시,기장군,https://www.schoolinfo.go.kr/openApi.do,collection_snapshot,02,부산광역시 기장군 일광면 해빛6로 9,,35.2642129454,129.2217848869,schoolinfo,missing_school_type;missing_legal_dong
ce8575b3-0a1c-41aa-a668-59688b3816b3,S020000972,부산중앙중학교,,공립,남녀공학,2671025621,부산광역시해운대교육지원청,부산광역시 기장군 정관읍 정관덕산길 73,부산광역시 기장군 정관면 방곡리,N,N,2026,학교알리미 Open API,data\raw\schoolinfo\2026\26710_03.json,2026-09-05T00:47:24.313291+00:00,0.1.0,True,0.5,middle,부산광역시,기장군,https://www.schoolinfo.go.kr/openApi.do,collection_snapshot,03,부산광역시 기장군 정관읍 정관덕산길 73,정관면,35.3224084154,129.1874143847,schoolinfo,missing_school_type
87ef9ae2-b727-42ee-a5f1-edab971e924d,S020001621,기장중학교,,공립,남녀공학,2671025026,부산광역시해운대교육지원청,부산광역시 기장군 기장읍 읍내로 120,부산광역시 기장군 기장읍 대라리,N,N,2026,학교알리미 Open API,data\raw\schoolinfo\2026\26710_03.json,2026-09-05T00:47:24.313291+00:00,0.1.0,True,0.5,middle,부산광역시,기장군,https://www.schoolinfo.go.kr/openApi.do,collection_snapshot,03,부산광역시 기장군 기장읍 읍내로 120,기장읍,35.2441897621,129.217580541,schoolinfo,missing_school_type
622f6b06-e4bc-4f76-81dc-3e15a919d579,S020001639,장안중학교,,사립,남녀공학,2671025321,부산광역시해운대교육지원청,부산광역시 기장군 장안읍 좌천2길 43,부산광역시 기장군 장안읍 좌천리,N,N,2026,학교알리미 Open API,data\raw\schoolinfo\2026\26710_03.json,2026-09-05T00:47:24.313291+00:00,0.1.0,True,0.5,middle,부산광역시,기장군,https://www.schoolinfo.go.kr/openApi.do,collection_snapshot,03,부산광역시 기장군 장안읍 좌천2길 43,장안읍,35.3152412982,129.2408144437,schoolinfo,missing_school_type
a30fe591-3ff9-499d-857e-5e92bee87bf9,S020001839,대청중학교,,공립,남녀공학,2671025027,부산광역시해운대교육지원청,부산광역시 기장군 기장읍 차성서로 3,부산광역시 기장군 기장읍 청강리,N,N,2026,학교알리미 Open API,data\raw\schoolinfo\2026\26710_03.json,2026-09-05T00:47:24.313291+00:00,0.1.0,True,0.5,middle,부산광역시,기장군,https://www.schoolinfo.go.kr/openApi.do,collection_snapshot,03,부산광역시 기장군 기장읍 차성서로 3,기장읍,35.2343510005,129.2123812571,schoolinfo,missing_school_type
9667e993-4fac-4f05-9c99-667646017ee6,S020002009,신정중학교,,공립,남녀공학,2671025628,부산광역시해운대교육지원청,부산광역시 기장군 정관읍 정관3로 44,부산광역시 기장군 정관면 용수리,N,N,2026,학교알리미 Open API,data\raw\schoolinfo\2026\26710_03.json,2026-09-05T00:47:24.313291+00:00,0.1.0,True,0.5,middle,부산광역시,기장군,https://www.schoolinfo.go.kr/openApi.do,collection_snapshot,03,부산광역시 기장군 정관읍 정관3로 44,정관면,35.3290889261,129.1689366118,schoolinfo,missing_school_type
ef03c8a6-f1b6-4d8d-bad4-074554e37bec,S020002069,모전중학교,,공립,남녀공학,2671025627,부산광역시해운대교육지원청,부산광역시 기장군 정관읍 정관1로 9,,N,N,2026,학교알리미 Open API,data\raw\schoolinfo\2026\26710_03.json,2026-09-05T00:47:24.313291+00:00,0.1.0,True,0.5,middle,부산광역시,기장군,https://www.schoolinfo.go.kr/openApi.do,collection_snapshot,03,부산광역시 기장군 정관읍 정관1로 9,,35.3383381024,129.1620928757,schoolinfo,missing_school_type;missing_legal_dong
2dc211b5-cb20-46db-a3b8-568b63b5ca8a,S020002072,정관중학교,,공립,남녀공학,2671025628,부산광역시해운대교육지원청,부산광역시 기장군 정관읍 정관로 531,부산광역시 기장군 정관면,N,N,2026,학교알리미 Open API,data\raw\schoolinfo\2026\26710_03.json,2026-09-05T00:47:24.313291+00:00,0.1.0,True,0.5,middle,부산광역시,기장군,https://www.schoolinfo.go.kr/openApi.do,collection_snapshot,03,부산광역시 기장군 정관읍 정관로 531,정관면,35.3238295541,129.1729742459,schoolinfo,missing_school_type
51b2392f-6770-45ce-9b7d-41a3b8d7a3b0,S020002311,일광중학교,,공립,남녀공학,2671025921,부산광역시해운대교육지원청,부산광역시 기장군 일광읍 해빛3로 99,,N,N,2026,학교알리미 Open API,data\raw\schoolinfo\2026\26710_03.json,2026-09-05T00:47:24.313291+00:00,0.1.0,True,0.5,middle,부산광역시,기장군,https://www.schoolinfo.go.kr/openApi.do,collection_snapshot,03,부산광역시 기장군 일광읍 해빛3로 99,,35.2650941366,129.2202202175,schoolinfo,missing_school_type;missing_legal_dong
