middle_school_id,middle_school_name,sigungu,closed,suspended,year,data_year,source_name,source_document,collected_at,parser_version,manual_review,confidence,requested_year,source_url,school_public_id,availability,observed_year,eligible_for_scoring,review_reason,graduates,general_hs_count,specialized_hs_count,science_hs_count,foreign_international_hs_count,arts_sports_hs_count,meister_hs_count,special_purpose_total,autonomous_private_hs_count,autonomous_public_hs_count,autonomous_total,other_advancement_count,advancement_total,employment_count,unaccredited_alternative_count,unknown_destination_count,foreign_language_hs_count,international_hs_count,arts_hs_count,sports_hs_count,other_special_hs_count,source_values,category_resolution,academic_selective_count,science_rate,foreign_international_rate,autonomous_private_rate,academic_selective_rate,arts_sports_rate,meister_rate,science_rate_adjusted,foreign_international_rate_adjusted,autonomous_private_rate_adjusted,academic_selective_rate_adjusted,annual_score,latest_observation_year,available_year_count,observation_years,graduates_total,weighted_graduates,score_stability,sample_warning,score_reference_year,weighted_science_rate,weighted_science_rate_adjusted,weighted_foreign_international_rate,weighted_foreign_international_rate_adjusted,weighted_autonomous_private_rate,weighted_autonomous_private_rate_adjusted,weighted_academic_selective_rate,weighted_academic_selective_rate_adjusted,science_rate_percentile,foreign_international_rate_percentile,autonomous_private_rate_percentile,middle_school_score,busan_rank,sigungu_rank,score_percentile,ranking_population,population_middle_count,ranking_coverage,score_status
S020000969,부산국제중학교,부산진구,N,N,2025.0,2025,학교알리미 공시 13-다,data\raw\advancement\2023\S020000969.html;data\raw\advancement\2024\S020000969.html;data\raw\advancement\2025\S020000969.html,2026-09-05T00:57:43.504929+00:00,middle-score-1.0,False,1.0,2025.0,https://www.schoolinfo.go.kr/ei/pp/Pneipp_b06_s0p.do,a4e5e6f3-9d67-4149-93ac-d54ccb6ccdcf,available,2025.0,True,,45.0,14.0,2.0,3.0,9.0,0.0,0.0,12.0,15.0,0.0,15.0,2.0,45.0,0.0,0.0,0.0,,,,,,"{'졸업자': '45', '진학자 일반고': '14', '진학자 특성화고': '2', '진학자 특수목적고 과학고': '3', '진학자 특수목적고 외고국제고': '9', '진학자 특수목적고 예고체고': '0', '진학자 특수목적고 마이스터고': '0', '진학자 특수목적고 소계': '12', '진학자 자율고 자율형사립고': '15', '진학자 자율고 자율형공립고': '0', '진학자 자율고 소계': '15', '진학자 기타': '2', '진학자 진학자계': '45', '취업자': '0', '대안교육기관진학(학력미인정)': '0', '무직 및 미상': '0'}",foreign_international_combined;arts_sports_combined;other_special_not_separate,27.0,0.06666666666666667,0.2,0.3333333333333333,0.6,0.0,0.0,0.026734347563915253,0.07492499421331278,0.11878115412343851,0.22044049590066653,99.3529411764706,2025.0,3.0,"2023,2024,2025",134.0,44.9,0.9846099862176745,False,2025.0,0.0649814627569936,0.025859086202809214,0.21638018200202225,0.08041888491652797,0.2728345129760701,0.0977820001180991,0.5541961577350859,0.2040599712374363,99.41176470588235,100.0,99.41176470588235,99.61764705882354,1,1,100.0,170,183,0.9941520467836257,scored
S020000780,브니엘예술중학교,금정구,N,N,2025.0,2025,학교알리미 공시 13-다,data\raw\advancement\2023\S020000780.html;data\raw\advancement\2024\S020000780.html;data\raw\advancement\2025\S020000780.html,2026-09-05T00:58:45.265278+00:00,middle-score-1.0,False,1.0,2025.0,https://www.schoolinfo.go.kr/ei/pp/Pneipp_b06_s0p.do,123404f3-858c-4407-98f7-a1c1ad26f67b,available,2025.0,True,,71.0,27.0,0.0,6.0,6.0,14.0,0.0,26.0,17.0,0.0,17.0,1.0,71.0,0.0,0.0,0.0,,,,,,"{'졸업자': '71', '진학자 일반고': '27', '진학자 특성화고': '0', '진학자 특수목적고 과학고': '6', '진학자 특수목적고 외고국제고': '6', '진학자 특수목적고 예고체고': '14', '진학자 특수목적고 마이스터고': '0', '진학자 특수목적고 소계': '26', '진학자 자율고 자율형사립고': '17', '진학자 자율고 자율형공립고': '0', '진학자 자율고 소계': '17', '진학자 기타': '1', '진학자 진학자계': '71', '취업자': '0', '대안교육기관진학(학력미인정)': '0', '무직 및 미상': '0'}",foreign_international_combined;arts_sports_combined;other_special_not_separate,29.0,0.08450704225352113,0.08450704225352113,0.23943661971830985,0.4084507042253521,0.19718309859154928,0.0,0.04021333565361235,0.04598903018087925,0.11241676811636599,0.1986191339508576,98.52941176470587,2025.0,3.0,"2023,2024,2025",222.0,73.5,0.9168836502943187,False,2025.0,0.05705857908250345,0.02871011394455216,0.11411864230695024,0.059600713257700194,0.20322726665578295,0.09714972148337733,0.3744044880452366,0.18546054868562967,100.0,98.82352941176471,98.82352941176471,99.3529411764706,2,1,99.41176470588235,170,183,0.9941520467836257,scored
S020001910,센텀중학교,해운대구,N,N,2025.0,2025,학교알리미 공시 13-다,data\raw\advancement\2023\S020001910.html;data\raw\advancement\2024\S020001910.html;data\raw\advancement\2025\S020001910.html,2026-09-05T00:58:30.650618+00:00,middle-score-1.0,False,1.0,2025.0,https://www.schoolinfo.go.kr/ei/pp/Pneipp_b06_s0p.do,bfc013ae-ea6d-4eb2-b2fb-f42899174b01,available,2025.0,True,,370.0,235.0,19.0,15.0,26.0,28.0,3.0,72.0,36.0,2.0,38.0,3.0,367.0,0.0,0.0,3.0,,,,,,"{'졸업자': '370', '진학자 일반고': '235', '진학자 특성화고': '19', '진학자 특수목적고 과학고': '15', '진학자 특수목적고 외고국제고': '26', '진학자 특수목적고 예고체고': '28', '진학자 특수목적고 마이스터고': '3', '진학자 특수목적고 소계': '72', '진학자 자율고 자율형사립고': '36', '진학자 자율고 자율형공립고': '2', '진학자 자율고 소계': '38', '진학자 기타': '3', '진학자 진학자계': '367', '취업자': '0', '대안교육기관진학(학력미인정)': '0', '무직 및 미상': '3'}",foreign_international_combined;arts_sports_combined;other_special_not_separate,77.0,0.04054054054054054,0.07027027027027027,0.0972972972972973,0.20810810810810812,0.07567567567567568,0.008108108108108109,0.03377974552503768,0.05928537055517096,0.08132610074020975,0.1743912168204184,98.8529411764706,2025.0,3.0,"2023,2024,2025",1152.0,378.5,0.9540271046678768,False,2025.0,0.02771972298896965,0.023645098432771645,0.07107272735974017,0.06022261949850827,0.09738849164548105,0.08100238842650012,0.19618094199419087,0.16487010635778004,98.82352941176471,99.41176470588235,98.23529411764706,98.91176470588236,3,1,98.82352941176471,170,183,0.9941520467836257,scored
S020001893,해강중학교,해운대구,N,N,2025.0,2025,학교알리미 공시 13-다,data\raw\advancement\2023\S020001893.html;data\raw\advancement\2024\S020001893.html;data\raw\advancement\2025\S020001893.html,2026-09-05T00:58:30.223556+00:00,middle-score-1.0,False,1.0,2025.0,https://www.schoolinfo.go.kr/ei/pp/Pneipp_b06_s0p.do,ecb608a0-3e13-42b9-b11b-c4515a9f4b8e,available,2025.0,True,,329.0,195.0,37.0,9.0,19.0,22.0,3.0,53.0,35.0,0.0,35.0,1.0,321.0,0.0,3.0,5.0,,,,,,"{'졸업자': '329', '진학자 일반고': '195', '진학자 특성화고': '37', '진학자 특수목적고 과학고': '9', '진학자 특수목적고 외고국제고': '19', '진학자 특수목적고 예고체고': '22', '진학자 특수목적고 마이스터고': '3', '진학자 특수목적고 소계': '53', '진학자 자율고 자율형사립고': '35', '진학자 자율고 자율형공립고': '0', '진학자 자율고 소계': '35', '진학자 기타': '1', '진학자 진학자계': '321', '취업자': '0', '대안교육기관진학(학력미인정)': '3', '무직 및 미상': '5'}",foreign_international_combined;arts_sports_combined;other_special_not_separate,63.0,0.02735562310030395,0.057750759878419454,0.10638297872340426,0.19148936170212766,0.0668693009118541,0.00911854103343465,0.023022098826964363,0.0486343220534507,0.08676752295547456,0.15842394383588962,97.44117647058823,2025.0,3.0,"2023,2024,2025",1027.0,339.6,0.9650658349492923,False,2025.0,0.02659038905600341,0.022440754411890876,0.051523103012342406,0.04417803746641312,0.08674053876013353,0.0711725368091675,0.16485403082847935,0.1377913286874715,98.23529411764706,97.05882352941177,97.6470588235294,97.70588235294117,4,2,98.23529411764706,170,183,0.9941520467836257,scored
S020000789,여명중학교,동래구,N,N,2025.0,2025,학교알리미 공시 13-다,data\raw\advancement\2023\S020000789.html;data\raw\advancement\2024\S020000789.html;data\raw\advancement\2025\S020000789.html,2026-09-05T00:57:52.428979+00:00,middle-score-1.0,False,1.0,2025.0,https://www.schoolinfo.go.kr/ei/pp/Pneipp_b06_s0p.do,a6d069e2-b31e-4363-be8c-433c85346380,available,2025.0,True,,285.0,191.0,49.0,9.0,10.0,7.0,3.0,29.0,12.0,0.0,12.0,0.0,281.0,0.0,1.0,3.0,,,,,,"{'졸업자': '285', '진학자 일반고': '191', '진학자 특성화고': '49', '진학자 특수목적고 과학고': '9', '진학자 특수목적고 외고국제고': '10', '진학자 특수목적고 예고체고': '7', '진학자 특수목적고 마이스터고': '3', '진학자 특수목적고 소계': '29', '진학자 자율고 자율형사립고': '12', '진학자 자율고 자율형공립고': '0', '진학자 자율고 소계': '12', '진학자 기타': '0', '진학자 진학자계': '281', '취업자': '0', '대안교육기관진학(학력미인정)': '1', '무직 및 미상': '3'}",foreign_international_combined;arts_sports_combined;other_special_not_separate,31.0,0.031578947368421054,0.03508771929824561,0.042105263157894736,0.10877192982456141,0.02456140350877193,0.010526315789473684,0.025653195835760288,0.03081590691150741,0.03694355155298334,0.09341265430025103,93.82352941176471,2025.0,3.0,"2023,2024,2025",901.0,296.2,0.9637403903497863,False,2025.0,0.026873760226828206,0.022176714407359632,0.0344159275422228,0.03063733880583737,0.0406488573973017,0.03514918371564907,0.10193854516635271,0.08796323692884607,97.6470588235294,90.0,94.11764705882352,94.26470588235294,5,1,97.6470588235294,170,183,0.9941520467836257,scored
S020000616,분포중학교,남구,N,N,2025.0,2025,학교알리미 공시 13-다,data\raw\advancement\2023\S020000616.html;data\raw\advancement\2024\S020000616.html;data\raw\advancement\2025\S020000616.html,2026-09-05T00:58:04.860253+00:00,middle-score-1.0,False,1.0,2025.0,https://www.schoolinfo.go.kr/ei/pp/Pneipp_b06_s0p.do,17be871a-64b8-429c-96a8-12cb3f13ac7d,available,2025.0,True,,231.0,144.0,43.0,4.0,14.0,12.0,2.0,32.0,11.0,0.0,11.0,0.0,230.0,0.0,0.0,1.0,,,,,,"{'졸업자': '231', '진학자 일반고': '144', '진학자 특성화고': '43', '진학자 특수목적고 과학고': '4', '진학자 특수목적고 외고국제고': '14', '진학자 특수목적고 예고체고': '12', '진학자 특수목적고 마이스터고': '2', '진학자 특수목적고 소계': '32', '진학자 자율고 자율형사립고': '11', '진학자 자율고 자율형공립고': '0', '진학자 자율고 소계': '11', '진학자 기타': '0', '진학자 진학자계': '230', '취업자': '0', '대안교육기관진학(학력미인정)': '0', '무직 및 미상': '1'}",foreign_international_combined;arts_sports_combined;other_special_not_separate,29.0,0.017316017316017316,0.06060606060606061,0.047619047619047616,0.12554112554112554,0.05194805194805195,0.008658008658008658,0.014732569174524807,0.04792786755568082,0.039949448180962494,0.10260988491116813,92.76470588235296,2025.0,3.0,"2023,2024,2025",729.0,237.2,0.8983920118184587,False,2025.0,0.014261027427304769,0.012541762095831688,0.05623863642551262,0.04540144701056693,0.045499577226058435,0.037718441676924556,0.11599924107887583,0.09566165078332317,88.8235294117647,97.6470588235294,96.47058823529412,93.44117647058823,6,1,97.05882352941177,170,183,0.9941520467836257,scored
S020001644,해운대중학교,해운대구,N,N,2025.0,2025,학교알리미 공시 13-다,data\raw\advancement\2023\S020001644.html;data\raw\advancement\2024\S020001644.html;data\raw\advancement\2025\S020001644.html,2026-09-05T00:58:29.128124+00:00,middle-score-1.0,False,1.0,2025.0,https://www.schoolinfo.go.kr/ei/pp/Pneipp_b06_s0p.do,679c784f-875c-4539-915e-7340f5e26954,available,2025.0,True,,196.0,100.0,34.0,6.0,6.0,4.0,7.0,23.0,36.0,0.0,36.0,3.0,196.0,0.0,0.0,0.0,,,,,,"{'졸업자': '196', '진학자 일반고': '100', '진학자 특성화고': '34', '진학자 특수목적고 과학고': '6', '진학자 특수목적고 외고국제고': '6', '진학자 특수목적고 예고체고': '4', '진학자 특수목적고 마이스터고': '7', '진학자 특수목적고 소계': '23', '진학자 자율고 자율형사립고': '36', '진학자 자율고 자율형공립고': '0', '진학자 자율고 소계': '36', '진학자 기타': '3', '진학자 진학자계': '196', '취업자': '0', '대안교육기관진학(학력미인정)': '0', '무직 및 미상': '0'}",foreign_international_combined;arts_sports_combined;other_special_not_separate,48.0,0.030612244897959183,0.030612244897959183,0.1836734693877551,0.24489795918367346,0.02040816326530612,0.03571428571428571,0.02323135269178281,0.026567987030170107,0.12913265995911685,0.17893199968106976,93.38235294117648,2025.0,3.0,"2023,2024,2025",618.0,204.2,0.8905113592620952,False,2025.0,0.02414764070765921,0.018940934480595355,0.029049601491972936,0.025868028736900757,0.1642868156436887,0.11619294505143266,0.2174840578433208,0.16100190826892877,95.29411764705881,84.70588235294117,100.0,92.52941176470588,7,3,96.47058823529412,170,183,0.9941520467836257,scored
S020001643,해운대여자중학교,해운대구,N,N,2025.0,2025,학교알리미 공시 13-다,data\raw\advancement\2023\S020001643.html;data\raw\advancement\2024\S020001643.html;data\raw\advancement\2025\S020001643.html,2026-09-05T00:58:28.453945+00:00,middle-score-1.0,False,1.0,2025.0,https://www.schoolinfo.go.kr/ei/pp/Pneipp_b06_s0p.do,0932691d-8f7c-4d99-a7c1-41b3749239f0,available,2025.0,True,,199.0,124.0,34.0,2.0,17.0,7.0,1.0,27.0,11.0,0.0,11.0,3.0,199.0,0.0,0.0,0.0,,,,,,"{'졸업자': '199', '진학자 일반고': '124', '진학자 특성화고': '34', '진학자 특수목적고 과학고': '2', '진학자 특수목적고 외고국제고': '17', '진학자 특수목적고 예고체고': '7', '진학자 특수목적고 마이스터고': '1', '진학자 특수목적고 소계': '27', '진학자 자율고 자율형사립고': '11', '진학자 자율고 자율형공립고': '0', '진학자 자율고 소계': '11', '진학자 기타': '3', '진학자 진학자계': '199', '취업자': '0', '대안교육기관진학(학력미인정)': '0', '무직 및 미상': '0'}",foreign_international_combined;arts_sports_combined;other_special_not_separate,30.0,0.010050251256281407,0.08542713567839195,0.05527638190954774,0.1507537688442211,0.035175879396984924,0.005025125628140704,0.009620335775142848,0.06309071625729215,0.04422497440768757,0.11693602644012256,87.05882352941177,2025.0,3.0,"2023,2024,2025",621.0,205.3,0.9130831702228966,False,2025.0,0.01115381002785314,0.010270647632652093,0.07912622060698893,0.05952979433481435,0.04498182862551434,0.03640364578357688,0.13526185926035642,0.10620408775104331,80.58823529411765,98.23529411764706,95.88235294117648,89.82352941176471,8,4,95.88235294117648,170,183,0.9941520467836257,scored
S020001635,신곡중학교,해운대구,N,N,2025.0,2025,학교알리미 공시 13-다,data\raw\advancement\2023\S020001635.html;data\raw\advancement\2024\S020001635.html;data\raw\advancement\2025\S020001635.html,2026-09-05T00:58:24.787623+00:00,middle-score-1.0,False,1.0,2025.0,https://www.schoolinfo.go.kr/ei/pp/Pneipp_b06_s0p.do,aae71d30-1e3d-4767-aea8-eae82878386c,available,2025.0,True,,188.0,124.0,37.0,1.0,6.0,6.0,3.0,16.0,8.0,1.0,9.0,2.0,188.0,0.0,0.0,0.0,,,,,,"{'졸업자': '188', '진학자 일반고': '124', '진학자 특성화고': '37', '진학자 특수목적고 과학고': '1', '진학자 특수목적고 외고국제고': '6', '진학자 특수목적고 예고체고': '6', '진학자 특수목적고 마이스터고': '3', '진학자 특수목적고 소계': '16', '진학자 자율고 자율형사립고': '8', '진학자 자율고 자율형공립고': '1', '진학자 자율고 소계': '9', '진학자 기타': '2', '진학자 진학자계': '188', '취업자': '0', '대안교육기관진학(학력미인정)': '0', '무직 및 미상': '0'}",foreign_international_combined;arts_sports_combined;other_special_not_separate,15.0,0.005319148936170213,0.031914893617021274,0.0425531914893617,0.0797872340425532,0.031914893617021274,0.015957446808510637,0.00651555693322122,0.027305986669897052,0.035497456069092305,0.06931899967221059,67.32352941176471,2025.0,3.0,"2023,2024,2025",644.0,205.3,0.8312217408877639,False,2025.0,0.017028904289565938,0.014312536868276606,0.02741779214067335,0.024720314178872296,0.03266085093929601,0.02800929420952729,0.0771075473695353,0.06704214525667619,93.52941176470588,83.52941176470588,90.0,89.32352941176471,9,5,95.29411764705881,170,183,0.9941520467836257,scored
S020000795,장전중학교,금정구,N,N,2025.0,2025,학교알리미 공시 13-다,data\raw\advancement\2023\S020000795.html;data\raw\advancement\2024\S020000795.html;data\raw\advancement\2025\S020000795.html,2026-09-05T00:58:45.439198+00:00,middle-score-1.0,False,1.0,2025.0,https://www.schoolinfo.go.kr/ei/pp/Pneipp_b06_s0p.do,9cf928a2-0a36-4418-a0db-d59b7a58f807,available,2025.0,True,,168.0,110.0,34.0,4.0,3.0,3.0,4.0,14.0,6.0,0.0,6.0,3.0,167.0,0.0,0.0,1.0,,,,,,"{'졸업자': '168', '진학자 일반고': '110', '진학자 특성화고': '34', '진학자 특수목적고 과학고': '4', '진학자 특수목적고 외고국제고': '3', '진학자 특수목적고 예고체고': '3', '진학자 특수목적고 마이스터고': '4', '진학자 특수목적고 소계': '14', '진학자 자율고 자율형사립고': '6', '진학자 자율고 자율형공립고': '0', '진학자 자율고 소계': '6', '진학자 기타': '3', '진학자 진학자계': '167', '취업자': '0', '대안교육기관진학(학력미인정)': '0', '무직 및 미상': '1'}",foreign_international_combined;arts_sports_combined;other_special_not_separate,13.0,0.023809523809523808,0.017857142857142856,0.03571428571428571,0.07738095238095238,0.017857142857142856,0.023809523809523808,0.018195822375998923,0.018149717018396835,0.030683833387681287,0.06702937278207705,84.55882352941177,2025.0,3.0,"2023,2024,2025",480.0,160.6,0.9780107068054587,False,2025.0,0.027414289659525783,0.020101320331907268,0.024678364303467867,0.022715440586001077,0.027484317670730264,0.024146998488058395,0.07957697163372392,0.06696375940596674,97.05882352941177,80.0,84.11764705882354,88.5,10,2,94.70588235294117,170,183,0.9941520467836257,scored
S020000623,용호중학교,남구,N,N,2025.0,2025,학교알리미 공시 13-다,data\raw\advancement\2023\S020000623.html;data\raw\advancement\2024\S020000623.html;data\raw\advancement\2025\S020000623.html,2026-09-05T00:58:09.859581+00:00,middle-score-1.0,False,1.0,2025.0,https://www.schoolinfo.go.kr/ei/pp/Pneipp_b06_s0p.do,351fb237-2b99-4714-91c3-19a729aa6b23,available,2025.0,True,,184.0,114.0,41.0,4.0,10.0,4.0,1.0,19.0,10.0,0.0,10.0,0.0,184.0,0.0,0.0,0.0,,,,,,"{'졸업자': '184', '진학자 일반고': '114', '진학자 특성화고': '41', '진학자 특수목적고 과학고': '4', '진학자 특수목적고 외고국제고': '10', '진학자 특수목적고 예고체고': '4', '진학자 특수목적고 마이스터고': '1', '진학자 특수목적고 소계': '19', '진학자 자율고 자율형사립고': '10', '진학자 자율고 자율형공립고': '0', '진학자 자율고 소계': '10', '진학자 기타': '0', '진학자 진학자계': '184', '취업자': '0', '대안교육기관진학(학력미인정)': '0', '무직 및 미상': '0'}",foreign_international_combined;arts_sports_combined;other_special_not_separate,24.0,0.021739130434782608,0.05434782608695652,0.05434782608695652,0.13043478260869565,0.021739130434782608,0.005434782608695652,0.01717070562242152,0.041775085073698426,0.04303967376020628,0.10198546445632622,94.38235294117648,2025.0,3.0,"2023,2024,2025",580.0,189.5,0.5588960948481259,False,2025.0,0.011808532353541538,0.010597175230462712,0.04476030571645602,0.03600747883959786,0.032091945830363504,0.027362099610687803,0.08866078390036106,0.07396675368074837,82.94117647058825,93.52941176470588,88.23529411764706,87.70588235294119,11,2,94.11764705882352,170,183,0.9941520467836257,scored
S020000604,남천중학교,남구,N,N,2025.0,2025,학교알리미 공시 13-다,data\raw\advancement\2023\S020000604.html;data\raw\advancement\2024\S020000604.html;data\raw\advancement\2025\S020000604.html,2026-09-05T00:57:59.519299+00:00,middle-score-1.0,False,1.0,2025.0,https://www.schoolinfo.go.kr/ei/pp/Pneipp_b06_s0p.do,6ee81a91-3658-4050-860f-715e5afa250f,available,2025.0,True,,276.0,193.0,44.0,5.0,7.0,13.0,0.0,25.0,10.0,0.0,10.0,4.0,276.0,0.0,0.0,0.0,,,,,,"{'졸업자': '276', '진학자 일반고': '193', '진학자 특성화고': '44', '진학자 특수목적고 과학고': '5', '진학자 특수목적고 외고국제고': '7', '진학자 특수목적고 예고체고': '13', '진학자 특수목적고 마이스터고': '0', '진학자 특수목적고 소계': '25', '진학자 자율고 자율형사립고': '10', '진학자 자율고 자율형공립고': '0', '진학자 자율고 소계': '10', '진학자 기타': '4', '진학자 진학자계': '276', '취업자': '0', '대안교육기관진학(학력미인정)': '0', '무직 및 미상': '0'}",foreign_international_combined;arts_sports_combined;other_special_not_separate,22.0,0.018115942028985508,0.025362318840579712,0.036231884057971016,0.07971014492753623,0.04710144927536232,0.0,0.01562893722544604,0.023574798300346683,0.032508689755049426,0.07171242528084214,86.97058823529412,2025.0,3.0,"2023,2024,2025",885.0,289.0,0.8048487190620064,False,2025.0,0.013239942407258839,0.011983482838241986,0.030129627507235104,0.027429262915275095,0.03067914154499605,0.027574641400918268,0.07404871145948999,0.06698738715443535,87.05882352941177,86.47058823529412,88.8235294117647,87.20588235294116,12,3,93.52941176470588,170,183,0.9941520467836257,scored
S020000849,금양중학교,금정구,N,N,2025.0,2025,학교알리미 공시 13-다,data\raw\advancement\2023\S020000849.html;data\raw\advancement\2024\S020000849.html;data\raw\advancement\2025\S020000849.html,2026-09-05T00:58:46.387485+00:00,middle-score-1.0,False,1.0,2025.0,https://www.schoolinfo.go.kr/ei/pp/Pneipp_b06_s0p.do,5e95657d-39bc-451b-8569-de5700272d86,available,2025.0,True,,204.0,144.0,33.0,1.0,12.0,8.0,2.0,23.0,2.0,0.0,2.0,0.0,202.0,0.0,0.0,2.0,,,,,,"{'졸업자': '204', '진학자 일반고': '144', '진학자 특성화고': '33', '진학자 특수목적고 과학고': '1', '진학자 특수목적고 외고국제고': '12', '진학자 특수목적고 예고체고': '8', '진학자 특수목적고 마이스터고': '2', '진학자 특수목적고 소계': '23', '진학자 자율고 자율형사립고': '2', '진학자 자율고 자율형공립고': '0', '진학자 자율고 소계': '2', '진학자 기타': '0', '진학자 진학자계': '202', '취업자': '0', '대안교육기관진학(학력미인정)': '0', '무직 및 미상': '2'}",foreign_international_combined;arts_sports_combined;other_special_not_separate,15.0,0.004901960784313725,0.058823529411764705,0.00980392156862745,0.07352941176470588,0.0392156862745098,0.00980392156862745,0.006172632884104314,0.045605671582007734,0.013892326802297975,0.06567063126841002,59.205882352941174,2025.0,3.0,"2023,2024,2025",624.0,205.6,0.7611552870148939,False,2025.0,0.016736694677871145,0.013967646715264475,0.04586584633853541,0.037070433233516206,0.012427470988395358,0.014612001312110816,0.07503001200480192,0.0656500812608915,92.94117647058823,94.70588235294117,59.411764705882355,86.8529411764706,13,3,92.94117647058823,170,183,0.9941520467836257,scored
S020000765,구서여자중학교,금정구,N,N,2025.0,2025,학교알리미 공시 13-다,data\raw\advancement\2023\S020000765.html;data\raw\advancement\2024\S020000765.html;data\raw\advancement\2025\S020000765.html,2026-09-05T00:58:40.041904+00:00,middle-score-1.0,False,1.0,2025.0,https://www.schoolinfo.go.kr/ei/pp/Pneipp_b06_s0p.do,00f09d14-f894-4b50-85d9-cce11de3fa16,available,2025.0,True,,153.0,103.0,24.0,2.0,5.0,9.0,0.0,16.0,8.0,0.0,8.0,2.0,153.0,0.0,0.0,0.0,,,,,,"{'졸업자': '153', '진학자 일반고': '103', '진학자 특성화고': '24', '진학자 특수목적고 과학고': '2', '진학자 특수목적고 외고국제고': '5', '진학자 특수목적고 예고체고': '9', '진학자 특수목적고 마이스터고': '0', '진학자 특수목적고 소계': '16', '진학자 자율고 자율형사립고': '8', '진학자 자율고 자율형공립고': '0', '진학자 자율고 소계': '8', '진학자 기타': '2', '진학자 진학자계': '153', '취업자': '0', '대안교육기관진학(학력미인정)': '0', '무직 및 미상': '0'}",foreign_international_combined;arts_sports_combined;other_special_not_separate,15.0,0.013071895424836602,0.032679738562091505,0.05228758169934641,0.09803921568627451,0.058823529411764705,0.0,0.011369487734259729,0.027130925537274118,0.040408171335567525,0.07890858460710137,84.23529411764706,2025.0,3.0,"2023,2024,2025",536.0,170.9,0.7736701094496236,False,2025.0,0.011148170239137951,0.01013280544809915,0.0402888964117665,0.032683190546221576,0.026143790849673203,0.022920014798081517,0.07758085750057765,0.06573601079240224,80.0,91.76470588235294,82.94117647058825,84.70588235294117,14,4,92.3529411764706,170,183,0.9941520467836257,scored
S020001632,부흥중학교,해운대구,N,N,2025.0,2025,학교알리미 공시 13-다,data\raw\advancement\2023\S020001632.html;data\raw\advancement\2024\S020001632.html;data\raw\advancement\2025\S020001632.html,2026-09-05T00:58:23.751866+00:00,middle-score-1.0,False,1.0,2025.0,https://www.schoolinfo.go.kr/ei/pp/Pneipp_b06_s0p.do,956e2a9a-aae0-476b-9495-66a2d5732569,available,2025.0,True,,182.0,123.0,33.0,1.0,1.0,9.0,6.0,17.0,7.0,0.0,7.0,1.0,181.0,0.0,0.0,1.0,,,,,,"{'졸업자': '182', '진학자 일반고': '123', '진학자 특성화고': '33', '진학자 특수목적고 과학고': '1', '진학자 특수목적고 외고국제고': '1', '진학자 특수목적고 예고체고': '9', '진학자 특수목적고 마이스터고': '6', '진학자 특수목적고 소계': '17', '진학자 자율고 자율형사립고': '7', '진학자 자율고 자율형공립고': '0', '진학자 자율고 소계': '7', '진학자 기타': '1', '진학자 진학자계': '181', '취업자': '0', '대안교육기관진학(학력미인정)': '0', '무직 및 미상': '1'}",foreign_international_combined;arts_sports_combined;other_special_not_separate,9.0,0.005494505494505495,0.005494505494505495,0.038461538461538464,0.04945054945054945,0.04945054945054945,0.03296703296703297,0.006654185804140821,0.010156468655781391,0.03270662180105881,0.04951727626098102,45.61764705882353,2025.0,3.0,"2023,2024,2025",577.0,189.8,0.59563859423742,False,2025.0,0.01336869560219814,0.011737375058466877,0.020475294586969714,0.020259257362414664,0.034928354217694316,0.02937796920197562,0.06877234440686217,0.06137460162285717,86.47058823529412,74.70588235294117,91.76470588235294,83.41176470588236,15,6,91.76470588235294,170,183,0.9941520467836257,scored
S020001416,부산남중학교,영도구,N,N,2025.0,2025,학교알리미 공시 13-다,data\raw\advancement\2023\S020001416.html;data\raw\advancement\2024\S020001416.html;data\raw\advancement\2025\S020001416.html,2026-09-05T00:57:32.949381+00:00,middle-score-1.0,False,1.0,2025.0,https://www.schoolinfo.go.kr/ei/pp/Pneipp_b06_s0p.do,70c0b4cb-1d74-4383-9cef-80433ede0875,available,2025.0,True,,63.0,33.0,17.0,2.0,1.0,0.0,1.0,4.0,2.0,7.0,9.0,0.0,63.0,0.0,0.0,0.0,,,,,,"{'졸업자': '63', '진학자 일반고': '33', '진학자 특성화고': '17', '진학자 특수목적고 과학고': '2', '진학자 특수목적고 외고국제고': '1', '진학자 특수목적고 예고체고': '0', '진학자 특수목적고 마이스터고': '1', '진학자 특수목적고 소계': '4', '진학자 자율고 자율형사립고': '2', '진학자 자율고 자율형공립고': '7', '진학자 자율고 소계': '9', '진학자 기타': '0', '진학자 진학자계': '63', '취업자': '0', '대안교육기관진학(학력미인정)': '0', '무직 및 미상': '0'}",foreign_international_combined;arts_sports_combined;other_special_not_separate,5.0,0.031746031746031744,0.015873015873015872,0.031746031746031744,0.07936507936507936,0.0,0.015873015873015872,0.017647118998574917,0.017571313870738355,0.02590961563127966,0.06112804850059293,82.45588235294117,2025.0,3.0,"2023,2024,2025",203.0,66.3,0.6497088947195391,False,2025.0,0.02142857142857143,0.013530231608964868,0.02623716153127918,0.022365758305823956,0.015873015873015872,0.017537524236354914,0.06353874883286648,0.05343351415114374,91.76470588235294,77.64705882352942,73.52941176470588,83.17647058823529,16,1,91.17647058823529,170,183,0.9941520467836257,scored
S020000621,용문중학교,남구,N,N,2025.0,2025,학교알리미 공시 13-다,data\raw\advancement\2023\S020000621.html;data\raw\advancement\2024\S020000621.html;data\raw\advancement\2025\S020000621.html,2026-09-05T00:58:08.156889+00:00,middle-score-1.0,False,1.0,2025.0,https://www.schoolinfo.go.kr/ei/pp/Pneipp_b06_s0p.do,0b01ee81-329e-41da-b8c4-2cecd9a09e9b,available,2025.0,True,,155.0,107.0,26.0,2.0,6.0,8.0,1.0,17.0,5.0,0.0,5.0,0.0,155.0,0.0,0.0,0.0,,,,,,"{'졸업자': '155', '진학자 일반고': '107', '진학자 특성화고': '26', '진학자 특수목적고 과학고': '2', '진학자 특수목적고 외고국제고': '6', '진학자 특수목적고 예고체고': '8', '진학자 특수목적고 마이스터고': '1', '진학자 특수목적고 소계': '17', '진학자 자율고 자율형사립고': '5', '진학자 자율고 자율형공립고': '0', '진학자 자율고 소계': '5', '진학자 기타': '0', '진학자 진학자계': '155', '취업자': '0', '대안교육기관진학(학력미인정)': '0', '무직 및 미상': '0'}",foreign_international_combined;arts_sports_combined;other_special_not_separate,13.0,0.012903225806451613,0.03870967741935484,0.03225806451612903,0.08387096774193549,0.05161290322580645,0.0064516129032258064,0.011280315281442006,0.030839702591883733,0.028326538619210136,0.07044655649253587,84.1470588235294,2025.0,3.0,"2023,2024,2025",562.0,177.7,0.7299766277064678,False,2025.0,0.009643102264927934,0.009071768402745636,0.0357834795335383,0.02985115976514474,0.03528768376879997,0.029500098341405417,0.08071426556726619,0.0684230265092958,72.94117647058823,88.8235294117647,92.3529411764706,82.38235294117648,17,4,90.58823529411765,170,183,0.9941520467836257,scored
S020000769,금정중학교,금정구,N,N,2025.0,2025,학교알리미 공시 13-다,data\raw\advancement\2023\S020000769.html;data\raw\advancement\2024\S020000769.html;data\raw\advancement\2025\S020000769.html,2026-09-05T00:58:41.114997+00:00,middle-score-1.0,False,1.0,2025.0,https://www.schoolinfo.go.kr/ei/pp/Pneipp_b06_s0p.do,77d0ec60-4065-4a5d-93e3-b21056225bb0,available,2025.0,True,,95.0,55.0,25.0,1.0,4.0,1.0,7.0,13.0,1.0,0.0,1.0,1.0,95.0,0.0,0.0,0.0,,,,,,"{'졸업자': '95', '진학자 일반고': '55', '진학자 특성화고': '25', '진학자 특수목적고 과학고': '1', '진학자 특수목적고 외고국제고': '4', '진학자 특수목적고 예고체고': '1', '진학자 특수목적고 마이스터고': '7', '진학자 특수목적고 소계': '13', '진학자 자율고 자율형사립고': '1', '진학자 자율고 자율형공립고': '0', '진학자 자율고 소계': '1', '진학자 기타': '1', '진학자 진학자계': '95', '취업자': '0', '대안교육기관진학(학력미인정)': '0', '무직 및 미상': '0'}",foreign_international_combined;arts_sports_combined;other_special_not_separate,6.0,0.010526315789473684,0.042105263157894736,0.010526315789473684,0.06315789473684211,0.010526315789473684,0.07368421052631578,0.009622976393680573,0.030072431594514625,0.016529576143069668,0.05622498413126486,76.11764705882354,2025.0,3.0,"2023,2024,2025",300.0,96.9,0.947829884590962,False,2025.0,0.020936121294972968,0.014467551213199275,0.02627695271235941,0.02266420922797293,0.010487479028148883,0.01480593903354346,0.057700553035481265,0.05193769947471566,94.11764705882352,79.41176470588235,60.588235294117645,82.26470588235294,18,5,90.0,170,183,0.9941520467836257,scored
S020001637,양운중학교,해운대구,N,N,2025.0,2025,학교알리미 공시 13-다,data\raw\advancement\2023\S020001637.html;data\raw\advancement\2024\S020001637.html;data\raw\advancement\2025\S020001637.html,2026-09-05T00:58:26.003040+00:00,middle-score-1.0,False,1.0,2025.0,https://www.schoolinfo.go.kr/ei/pp/Pneipp_b06_s0p.do,3c0df4db-7f90-4151-a025-76923a46d5e9,available,2025.0,True,,157.0,106.0,25.0,1.0,7.0,6.0,3.0,17.0,8.0,0.0,8.0,1.0,157.0,0.0,0.0,0.0,,,,,,"{'졸업자': '157', '진학자 일반고': '106', '진학자 특성화고': '25', '진학자 특수목적고 과학고': '1', '진학자 특수목적고 외고국제고': '7', '진학자 특수목적고 예고체고': '6', '진학자 특수목적고 마이스터고': '3', '진학자 특수목적고 소계': '17', '진학자 자율고 자율형사립고': '8', '진학자 자율고 자율형공립고': '0', '진학자 자율고 소계': '8', '진학자 기타': '1', '진학자 진학자계': '157', '취업자': '0', '대안교육기관진학(학력미인정)': '0', '무직 및 미상': '0'}",foreign_international_combined;arts_sports_combined;other_special_not_separate,16.0,0.006369426751592357,0.044585987261146494,0.050955414012738856,0.10191082802547771,0.03821656050955414,0.01910828025477707,0.007301480143065025,0.03449075549000137,0.03977925038092835,0.08157148601399473,73.79411764705883,2025.0,3.0,"2023,2024,2025",547.0,175.1,0.9976743086120331,False,2025.0,0.009351696297997317,0.0091010787232122,0.033014056249169074,0.02779356433602994,0.03613551851807088,0.029504533798177624,0.07850127106523727,0.06639917685741976,73.52941176470588,87.05882352941177,92.94117647058823,82.14705882352942,19,7,89.41176470588236,170,183,0.9941520467836257,scored
S020000783,사직여자중학교,동래구,N,N,2025.0,2025,학교알리미 공시 13-다,data\raw\advancement\2023\S020000783.html;data\raw\advancement\2024\S020000783.html;data\raw\advancement\2025\S020000783.html,2026-09-05T00:57:50.988004+00:00,middle-score-1.0,False,1.0,2025.0,https://www.schoolinfo.go.kr/ei/pp/Pneipp_b06_s0p.do,dded3e33-e193-46ca-9233-3be36f692338,available,2025.0,True,,211.0,150.0,31.0,0.0,11.0,7.0,1.0,19.0,6.0,0.0,6.0,3.0,209.0,0.0,0.0,2.0,,,,,,"{'졸업자': '211', '진학자 일반고': '150', '진학자 특성화고': '31', '진학자 특수목적고 과학고': '0', '진학자 특수목적고 외고국제고': '11', '진학자 특수목적고 예고체고': '7', '진학자 특수목적고 마이스터고': '1', '진학자 특수목적고 소계': '19', '진학자 자율고 자율형사립고': '6', '진학자 자율고 자율형공립고': '0', '진학자 자율고 소계': '6', '진학자 기타': '3', '진학자 진학자계': '209', '취업자': '0', '대안교육기관진학(학력미인정)': '0', '무직 및 미상': '2'}",foreign_international_combined;arts_sports_combined;other_special_not_separate,17.0,0.0,0.052132701421800945,0.02843601895734597,0.08056872037914692,0.03317535545023697,0.004739336492890996,0.0028182649413752777,0.041363743282734254,0.026441374108998664,0.07062338233310819,50.558823529411754,2025.0,3.0,"2023,2024,2025",706.0,228.9,0.6463310688280153,False,2025.0,0.008105283782901183,0.008341091822097467,0.04582828657400543,0.0376889285338319,0.028106716943894064,0.025321482975180255,0.08204028730080068,0.07135150333110962,65.88235294117646,95.88235294117648,86.47058823529412,80.5,20,2,88.8235294117647,170,183,0.9941520467836257,scored
S020000784,사직중학교,동래구,N,N,2025.0,2025,학교알리미 공시 13-다,data\raw\advancement\2023\S020000784.html;data\raw\advancement\2024\S020000784.html;data\raw\advancement\2025\S020000784.html,2026-09-05T00:57:51.457281+00:00,middle-score-1.0,False,1.0,2025.0,https://www.schoolinfo.go.kr/ei/pp/Pneipp_b06_s0p.do,2a8eb55c-55bd-4624-94d2-b645535ad1c0,available,2025.0,True,,250.0,170.0,49.0,3.0,6.0,2.0,6.0,17.0,8.0,1.0,9.0,0.0,245.0,0.0,0.0,5.0,,,,,,"{'졸업자': '250', '진학자 일반고': '170', '진학자 특성화고': '49', '진학자 특수목적고 과학고': '3', '진학자 특수목적고 외고국제고': '6', '진학자 특수목적고 예고체고': '2', '진학자 특수목적고 마이스터고': '6', '진학자 특수목적고 소계': '17', '진학자 자율고 자율형사립고': '8', '진학자 자율고 자율형공립고': '1', '진학자 자율고 소계': '9', '진학자 기타': '0', '진학자 진학자계': '245', '취업자': '0', '대안교육기관진학(학력미인정)': '0', '무직 및 미상': '5'}",foreign_international_combined;arts_sports_combined;other_special_not_separate,17.0,0.012,0.024,0.032,0.068,0.008,0.024,0.011075658276479175,0.02246892617408672,0.02920933527971024,0.06275391973027614,80.32352941176471,2025.0,3.0,"2023,2024,2025",863.0,277.2,0.8018321336350384,False,2025.0,0.010302370193537386,0.009769097942550927,0.02553802540711058,0.023914981752400217,0.02334291073407793,0.022037946112107035,0.0591833063347259,0.05572202580705818,77.64705882352942,82.35294117647058,80.58823529411765,79.88235294117646,21,3,88.23529411764706,170,183,0.9941520467836257,scored
S020000983,이사벨중학교,연제구,N,N,2025.0,2025,학교알리미 공시 13-다,data\raw\advancement\2023\S020000983.html;data\raw\advancement\2024\S020000983.html;data\raw\advancement\2025\S020000983.html,2026-09-05T00:58:57.040821+00:00,middle-score-1.0,False,1.0,2025.0,https://www.schoolinfo.go.kr/ei/pp/Pneipp_b06_s0p.do,e7b4ac25-fe55-4724-848c-15a7f58ef4d6,available,2025.0,True,,174.0,112.0,39.0,4.0,11.0,4.0,1.0,20.0,2.0,0.0,2.0,1.0,174.0,0.0,0.0,0.0,,,,,,"{'졸업자': '174', '진학자 일반고': '112', '진학자 특성화고': '39', '진학자 특수목적고 과학고': '4', '진학자 특수목적고 외고국제고': '11', '진학자 특수목적고 예고체고': '4', '진학자 특수목적고 마이스터고': '1', '진학자 특수목적고 소계': '20', '진학자 자율고 자율형사립고': '2', '진학자 자율고 자율형공립고': '0', '진학자 자율고 소계': '2', '진학자 기타': '1', '진학자 진학자계': '174', '취업자': '0', '대안교육기관진학(학력미인정)': '0', '무직 및 미상': '0'}",foreign_international_combined;arts_sports_combined;other_special_not_separate,17.0,0.022988505747126436,0.06321839080459771,0.011494252873563218,0.09770114942528736,0.022988505747126436,0.005747126436781609,0.017797373710831062,0.046949358251570636,0.015413384481381695,0.08016011644378339,86.3529411764706,2025.0,3.0,"2023,2024,2025",532.0,176.2,0.7127603844051018,False,2025.0,0.014297699427009772,0.012145359665704344,0.04331623835934181,0.03463449821351074,0.008550572990228163,0.012293981734829295,0.06616451077657975,0.05907383961404437,87.6470588235294,92.94117647058823,38.82352941176471,79.73529411764706,22,1,87.6470588235294,170,183,0.9941520467836257,scored
S020000773,동래중학교,동래구,N,N,2025.0,2025,학교알리미 공시 13-다,data\raw\advancement\2023\S020000773.html;data\raw\advancement\2024\S020000773.html;data\raw\advancement\2025\S020000773.html,2026-09-05T00:57:49.236002+00:00,middle-score-1.0,False,1.0,2025.0,https://www.schoolinfo.go.kr/ei/pp/Pneipp_b06_s0p.do,be4e841a-34cc-4ab4-b40e-fa5b220fbc16,available,2025.0,True,,185.0,136.0,34.0,3.0,3.0,0.0,2.0,8.0,6.0,0.0,6.0,0.0,184.0,0.0,0.0,1.0,,,,,,"{'졸업자': '185', '진학자 일반고': '136', '진학자 특성화고': '34', '진학자 특수목적고 과학고': '3', '진학자 특수목적고 외고국제고': '3', '진학자 특수목적고 예고체고': '0', '진학자 특수목적고 마이스터고': '2', '진학자 특수목적고 소계': '8', '진학자 자율고 자율형사립고': '6', '진학자 자율고 자율형공립고': '0', '진학자 자율고 소계': '6', '진학자 기타': '0', '진학자 진학자계': '184', '취업자': '0', '대안교육기관진학(학력미인정)': '0', '무직 및 미상': '1'}",foreign_international_combined;arts_sports_combined;other_special_not_separate,12.0,0.016216216216216217,0.016216216216216217,0.032432432432432434,0.06486486486486487,0.0,0.010810810810810811,0.013601685602693725,0.017067102319053867,0.02885356964174942,0.05952235756349701,78.52941176470588,2025.0,3.0,"2023,2024,2025",575.0,188.5,0.9348881373736466,False,2025.0,0.015250965250965252,0.01291137376671381,0.015012870012870013,0.01650315884480131,0.03216859716859717,0.027635036070775866,0.06243243243243243,0.05704956868229098,90.0,57.05882352941176,89.41176470588236,78.3529411764706,23,4,87.05882352941177,170,183,0.9941520467836257,scored
S020001633,상당중학교,해운대구,N,N,2025.0,2025,학교알리미 공시 13-다,data\raw\advancement\2023\S020001633.html;data\raw\advancement\2024\S020001633.html;data\raw\advancement\2025\S020001633.html,2026-09-05T00:58:24.505381+00:00,middle-score-1.0,False,1.0,2025.0,https://www.schoolinfo.go.kr/ei/pp/Pneipp_b06_s0p.do,267e5f2f-92c1-4bf3-8d9e-db3bd5c58f3c,available,2025.0,True,,185.0,124.0,35.0,0.0,6.0,5.0,5.0,16.0,10.0,0.0,10.0,0.0,185.0,0.0,0.0,0.0,,,,,,"{'졸업자': '185', '진학자 일반고': '124', '진학자 특성화고': '35', '진학자 특수목적고 과학고': '0', '진학자 특수목적고 외고국제고': '6', '진학자 특수목적고 예고체고': '5', '진학자 특수목적고 마이스터고': '5', '진학자 특수목적고 소계': '16', '진학자 자율고 자율형사립고': '10', '진학자 자율고 자율형공립고': '0', '진학자 자율고 소계': '10', '진학자 기타': '0', '진학자 진학자계': '185', '취업자': '0', '대안교육기관진학(학력미인정)': '0', '무직 및 미상': '0'}",foreign_international_combined;arts_sports_combined;other_special_not_separate,16.0,0.0,0.032432432432432434,0.05405405405405406,0.08648648648648649,0.02702702702702703,0.02702702702702703,0.00307536981322004,0.02759341810852755,0.04288865736104767,0.07355744528279526,50.73529411764706,2025.0,3.0,"2023,2024,2025",576.0,189.7,0.7259566447140278,False,2025.0,0.008305839224927992,0.008376645342042023,0.026923207575210717,0.02432988325923619,0.04404980785970574,0.035316795334010165,0.07927885465984445,0.06802332393528837,67.05882352941175,82.94117647058825,95.29411764705881,78.26470588235294,24,8,86.47058823529412,170,183,0.9941520467836257,scored
S020001636,신도중학교,해운대구,N,N,2025.0,2025,학교알리미 공시 13-다,data\raw\advancement\2023\S020001636.html;data\raw\advancement\2024\S020001636.html;data\raw\advancement\2025\S020001636.html,2026-09-05T00:58:25.652914+00:00,middle-score-1.0,False,1.0,2025.0,https://www.schoolinfo.go.kr/ei/pp/Pneipp_b06_s0p.do,2d33a406-4634-494b-b608-f5ef426fa318,available,2025.0,True,,164.0,117.0,35.0,3.0,2.0,2.0,1.0,8.0,4.0,0.0,4.0,0.0,164.0,0.0,0.0,0.0,,,,,,"{'졸업자': '164', '진학자 일반고': '117', '진학자 특성화고': '35', '진학자 특수목적고 과학고': '3', '진학자 특수목적고 외고국제고': '2', '진학자 특수목적고 예고체고': '2', '진학자 특수목적고 마이스터고': '1', '진학자 특수목적고 소계': '8', '진학자 자율고 자율형사립고': '4', '진학자 자율고 자율형공립고': '0', '진학자 자율고 소계': '4', '진학자 기타': '0', '진학자 진학자계': '164', '취업자': '0', '대안교육기관진학(학력미인정)': '0', '무직 및 미상': '0'}",foreign_international_combined;arts_sports_combined;other_special_not_separate,9.0,0.018292682926829267,0.012195121951219513,0.024390243902439025,0.054878048780487805,0.012195121951219513,0.006097560975609756,0.014683637866544362,0.014636833942918,0.023572982378403728,0.05289345418786609,73.79411764705883,2025.0,3.0,"2023,2024,2025",572.0,184.0,0.7553178112206079,False,2025.0,0.013067910090865614,0.011301391609881462,0.015411286465805835,0.01690930587426225,0.029842180774748924,0.026178576628937203,0.05832137733142037,0.054389274113080914,85.88235294117646,62.35294117647059,87.05882352941177,77.88235294117646,25,9,85.88235294117646,170,183,0.9941520467836257,scored
S020001439,초장중학교,서구,N,N,2025.0,2025,학교알리미 공시 13-다,data\raw\advancement\2023\S020001439.html;data\raw\advancement\2024\S020001439.html;data\raw\advancement\2025\S020001439.html,2026-09-05T00:57:25.981297+00:00,middle-score-1.0,False,1.0,2025.0,https://www.schoolinfo.go.kr/ei/pp/Pneipp_b06_s0p.do,64425ec3-0e89-4695-ab20-6bb7419a5c87,available,2025.0,True,,68.0,42.0,13.0,3.0,1.0,4.0,3.0,11.0,0.0,0.0,0.0,2.0,68.0,0.0,0.0,0.0,,,,,,"{'졸업자': '68', '진학자 일반고': '42', '진학자 특성화고': '13', '진학자 특수목적고 과학고': '3', '진학자 특수목적고 외고국제고': '1', '진학자 특수목적고 예고체고': '4', '진학자 특수목적고 마이스터고': '3', '진학자 특수목적고 소계': '11', '진학자 자율고 자율형사립고': '0', '진학자 자율고 자율형공립고': '0', '진학자 자율고 소계': '0', '진학자 기타': '2', '진학자 진학자계': '68', '취업자': '0', '대안교육기관진학(학력미인정)': '0', '무직 및 미상': '0'}",foreign_international_combined;arts_sports_combined;other_special_not_separate,4.0,0.04411764705882353,0.014705882352941176,0.0,0.058823529411764705,0.058823529411764705,0.04411764705882353,0.023074288075998282,0.017048358100775905,0.013233734213682053,0.05335638039045624,73.3529411764706,2025.0,3.0,"2023,2024,2025",197.0,65.8,0.932246954197651,False,2025.0,0.03495737425404945,0.018940997346376956,0.018947144075021315,0.019449344780229333,0.005,0.01326100928683627,0.05890451832907076,0.051651351413442556,95.88235294117648,71.17647058823529,45.88235294117647,77.23529411764707,26,1,85.29411764705883,170,183,0.9941520467836257,scored
S020002004,명호중학교,강서구,N,N,2025.0,2025,학교알리미 공시 13-다,data\raw\advancement\2023\S020002004.html;data\raw\advancement\2024\S020002004.html;data\raw\advancement\2025\S020002004.html,2026-09-05T00:58:50.498304+00:00,middle-score-1.0,False,1.0,2025.0,https://www.schoolinfo.go.kr/ei/pp/Pneipp_b06_s0p.do,b0948432-68c1-4988-a214-21f4ca61f7f3,available,2025.0,True,,266.0,191.0,41.0,4.0,3.0,3.0,5.0,15.0,13.0,0.0,13.0,3.0,263.0,0.0,1.0,2.0,,,,,,"{'졸업자': '266', '진학자 일반고': '191', '진학자 특성화고': '41', '진학자 특수목적고 과학고': '4', '진학자 특수목적고 외고국제고': '3', '진학자 특수목적고 예고체고': '3', '진학자 특수목적고 마이스터고': '5', '진학자 특수목적고 소계': '15', '진학자 자율고 자율형사립고': '13', '진학자 자율고 자율형공립고': '0', '진학자 자율고 소계': '13', '진학자 기타': '3', '진학자 진학자계': '263', '취업자': '0', '대안교육기관진학(학력미인정)': '1', '무직 및 미상': '2'}",foreign_international_combined;arts_sports_combined;other_special_not_separate,20.0,0.015037593984962405,0.011278195488721804,0.04887218045112782,0.07518796992481203,0.011278195488721804,0.018796992481203006,0.01332371693105932,0.01328995672385342,0.04159362663360269,0.06820730028851543,71.49999999999999,2025.0,3.0,"2023,2024,2025",922.0,294.6,0.7978971236308012,False,2025.0,0.014875256322624743,0.013244633022766123,0.013862781954887217,0.01538792163586328,0.0341848940533151,0.03006614105022142,0.06292293233082707,0.05869869570885082,91.17647058823529,49.411764705882355,93.52941176470588,77.02941176470588,27,1,84.70588235294117,170,183,0.9941520467836257,scored
S020001233,화명중학교,북구,N,N,2025.0,2025,학교알리미 공시 13-다,data\raw\advancement\2023\S020001233.html;data\raw\advancement\2024\S020001233.html;data\raw\advancement\2025\S020001233.html,2026-09-05T00:58:17.946400+00:00,middle-score-1.0,False,1.0,2025.0,https://www.schoolinfo.go.kr/ei/pp/Pneipp_b06_s0p.do,a4102b53-aa9d-4e42-a776-f11ed54f2654,available,2025.0,True,,235.0,180.0,31.0,3.0,3.0,3.0,5.0,14.0,4.0,0.0,4.0,4.0,233.0,0.0,0.0,2.0,,,,,,"{'졸업자': '235', '진학자 일반고': '180', '진학자 특성화고': '31', '진학자 특수목적고 과학고': '3', '진학자 특수목적고 외고국제고': '3', '진학자 특수목적고 예고체고': '3', '진학자 특수목적고 마이스터고': '5', '진학자 특수목적고 소계': '14', '진학자 자율고 자율형사립고': '4', '진학자 자율고 자율형공립고': '0', '진학자 자율고 소계': '4', '진학자 기타': '4', '진학자 진학자계': '233', '취업자': '0', '대안교육기관진학(학력미인정)': '0', '무직 및 미상': '2'}",foreign_international_combined;arts_sports_combined;other_special_not_separate,10.0,0.01276595744680851,0.01276595744680851,0.01702127659574468,0.0425531914893617,0.01276595744680851,0.02127659574468085,0.011571583273933468,0.01451977361471747,0.018576917456413686,0.04466827434506462,67.52941176470588,2025.0,3.0,"2023,2024,2025",735.0,241.5,0.7124310749344143,False,2025.0,0.011479132569558102,0.010607400620312988,0.023113747954173484,0.022131111748349034,0.013318330605564649,0.014962591748020108,0.047911211129296236,0.04770110411668212,83.52941176470588,77.05882352941177,61.76470588235294,76.91176470588236,28,1,84.11764705882354,170,183,0.9941520467836257,scored
S020000775,동해중학교,동래구,N,N,2025.0,2025,학교알리미 공시 13-다,data\raw\advancement\2023\S020000775.html;data\raw\advancement\2024\S020000775.html;data\raw\advancement\2025\S020000775.html,2026-09-05T00:57:50.300963+00:00,middle-score-1.0,False,1.0,2025.0,https://www.schoolinfo.go.kr/ei/pp/Pneipp_b06_s0p.do,81a71f29-cbde-4067-b5cf-79d5e055080e,available,2025.0,True,,184.0,128.0,32.0,3.0,2.0,4.0,6.0,15.0,4.0,0.0,4.0,4.0,183.0,0.0,1.0,0.0,,,,,,"{'졸업자': '184', '진학자 일반고': '128', '진학자 특성화고': '32', '진학자 특수목적고 과학고': '3', '진학자 특수목적고 외고국제고': '2', '진학자 특수목적고 예고체고': '4', '진학자 특수목적고 마이스터고': '6', '진학자 특수목적고 소계': '15', '진학자 자율고 자율형사립고': '4', '진학자 자율고 자율형공립고': '0', '진학자 자율고 소계': '4', '진학자 기타': '4', '진학자 진학자계': '183', '취업자': '0', '대안교육기관진학(학력미인정)': '1', '무직 및 미상': '0'}",foreign_international_combined;arts_sports_combined;other_special_not_separate,9.0,0.016304347826086956,0.010869565217391304,0.021739130434782608,0.04891304347826087,0.021739130434782608,0.03260869565217391,0.01364957886185814,0.013606070989191381,0.021912913196826003,0.04916856304787552,68.75000000000001,2025.0,3.0,"2023,2024,2025",546.0,183.3,0.8665131541139871,False,2025.0,0.02504363184496384,0.01918330003222428,0.013233663239946226,0.015419056519703198,0.02184304902324505,0.020767637174786108,0.060120344108155116,0.05536999372671359,96.47058823529412,50.0,79.41176470588235,76.79411764705883,29,5,83.52941176470588,170,183,0.9941520467836257,scored
S020001426,삼성중학교,사하구,N,N,2025.0,2025,학교알리미 공시 13-다,data\raw\advancement\2023\S020001426.html;data\raw\advancement\2024\S020001426.html;data\raw\advancement\2025\S020001426.html,2026-09-05T00:58:36.523893+00:00,middle-score-1.0,False,1.0,2025.0,https://www.schoolinfo.go.kr/ei/pp/Pneipp_b06_s0p.do,0e134da4-3dfe-43e2-9ce9-a03f120451a3,available,2025.0,True,,79.0,54.0,17.0,2.0,1.0,0.0,0.0,3.0,5.0,0.0,5.0,0.0,79.0,0.0,0.0,0.0,,,,,,"{'졸업자': '79', '진학자 일반고': '54', '진학자 특성화고': '17', '진학자 특수목적고 과학고': '2', '진학자 특수목적고 외고국제고': '1', '진학자 특수목적고 예고체고': '0', '진학자 특수목적고 마이스터고': '0', '진학자 특수목적고 소계': '3', '진학자 자율고 자율형사립고': '5', '진학자 자율고 자율형공립고': '0', '진학자 자율고 소계': '5', '진학자 기타': '0', '진학자 진학자계': '79', '취업자': '0', '대안교육기관진학(학력미인정)': '0', '무직 및 미상': '0'}",foreign_international_combined;arts_sports_combined;other_special_not_separate,8.0,0.02531645569620253,0.012658227848101266,0.06329113924050633,0.10126582278481013,0.0,0.0,0.016069722886970457,0.016000693636482415,0.04035344887094181,0.07242386539439467,80.72058823529412,2025.0,3.0,"2023,2024,2025",251.0,82.2,0.854933286926557,False,2025.0,0.02438152553322378,0.015608516269208804,0.009943571755375934,0.01510814536034636,0.04112167629413972,0.02871012936667587,0.07544677358273943,0.05942679099623103,94.70588235294117,45.88235294117647,90.58823529411765,76.79411764705881,30,1,82.94117647058825,170,183,0.9941520467836257,scored
S020000963,동의중학교,부산진구,N,N,2025.0,2025,학교알리미 공시 13-다,data\raw\advancement\2023\S020000963.html;data\raw\advancement\2024\S020000963.html;data\raw\advancement\2025\S020000963.html,2026-09-05T00:57:41.186628+00:00,middle-score-1.0,False,1.0,2025.0,https://www.schoolinfo.go.kr/ei/pp/Pneipp_b06_s0p.do,2b7454ac-e388-4cc7-9207-77b9be0f0c40,available,2025.0,True,,94.0,60.0,22.0,1.0,3.0,3.0,2.0,9.0,2.0,0.0,2.0,1.0,94.0,0.0,0.0,0.0,,,,,,"{'졸업자': '94', '진학자 일반고': '60', '진학자 특성화고': '22', '진학자 특수목적고 과학고': '1', '진학자 특수목적고 외고국제고': '3', '진학자 특수목적고 예고체고': '3', '진학자 특수목적고 마이스터고': '2', '진학자 특수목적고 소계': '9', '진학자 자율고 자율형사립고': '2', '진학자 자율고 자율형공립고': '0', '진학자 자율고 소계': '2', '진학자 기타': '1', '진학자 진학자계': '94', '취업자': '0', '대안교육기관진학(학력미인정)': '0', '무직 및 미상': '0'}",foreign_international_combined;arts_sports_combined;other_special_not_separate,6.0,0.010638297872340425,0.031914893617021274,0.02127659574468085,0.06382978723404255,0.031914893617021274,0.02127659574468085,0.009672579364782018,0.025072804953249237,0.02176941931906487,0.05651480363709612,77.23529411764706,2025.0,3.0,"2023,2024,2025",279.0,93.4,0.7423189389846518,False,2025.0,0.013899929857376665,0.011070008903517527,0.015957446808510637,0.017809617664302172,0.010638297872340425,0.014898998030766757,0.04049567453822773,0.04377862459858646,85.29411764705883,66.47058823529412,61.1764705882353,73.88235294117646,31,2,82.35294117647058,170,183,0.9941520467836257,scored
S020001642,한바다중학교,수영구,N,N,2025.0,2025,학교알리미 공시 13-다,data\raw\advancement\2023\S020001642.html;data\raw\advancement\2024\S020001642.html;data\raw\advancement\2025\S020001642.html,2026-09-05T00:59:01.007772+00:00,middle-score-1.0,False,1.0,2025.0,https://www.schoolinfo.go.kr/ei/pp/Pneipp_b06_s0p.do,b55a09d1-6f28-4aed-ab4f-28da0bdb827b,available,2025.0,True,,185.0,121.0,35.0,1.0,5.0,5.0,3.0,14.0,12.0,0.0,12.0,1.0,183.0,0.0,0.0,2.0,,,,,,"{'졸업자': '185', '진학자 일반고': '121', '진학자 특성화고': '35', '진학자 특수목적고 과학고': '1', '진학자 특수목적고 외고국제고': '5', '진학자 특수목적고 예고체고': '5', '진학자 특수목적고 마이스터고': '3', '진학자 특수목적고 소계': '14', '진학자 자율고 자율형사립고': '12', '진학자 자율고 자율형공립고': '0', '진학자 자율고 소계': '12', '진학자 기타': '1', '진학자 진학자계': '183', '취업자': '0', '대안교육기관진학(학력미인정)': '0', '무직 및 미상': '2'}",foreign_international_combined;arts_sports_combined;other_special_not_separate,18.0,0.005405405405405406,0.02702702702702703,0.06486486486486487,0.0972972972972973,0.02702702702702703,0.016216216216216217,0.0065841417430446015,0.02408464617870299,0.049906201220696784,0.08057498914244438,68.02941176470588,2025.0,3.0,"2023,2024,2025",565.0,187.3,0.8876108625416345,False,2025.0,0.006935858731071497,0.007454566216413199,0.0287839035844355,0.025549341691602778,0.04409023385087215,0.035253774251598015,0.07980999616637915,0.068257682159614,55.88235294117647,84.11764705882354,94.70588235294117,73.52941176470588,32,1,81.76470588235294,170,183,0.9941520467836257,scored
S020000958,거성중학교,연제구,N,N,2025.0,2025,학교알리미 공시 13-다,data\raw\advancement\2023\S020000958.html;data\raw\advancement\2024\S020000958.html;data\raw\advancement\2025\S020000958.html,2026-09-05T00:58:53.970714+00:00,middle-score-1.0,False,1.0,2025.0,https://www.schoolinfo.go.kr/ei/pp/Pneipp_b06_s0p.do,0e621458-fc1c-48b1-8e38-78d1ce7f12de,available,2025.0,True,,103.0,71.0,20.0,2.0,2.0,0.0,5.0,9.0,1.0,0.0,1.0,2.0,103.0,0.0,0.0,0.0,,,,,,"{'졸업자': '103', '진학자 일반고': '71', '진학자 특성화고': '20', '진학자 특수목적고 과학고': '2', '진학자 특수목적고 외고국제고': '2', '진학자 특수목적고 예고체고': '0', '진학자 특수목적고 마이스터고': '5', '진학자 특수목적고 소계': '9', '진학자 자율고 자율형사립고': '1', '진학자 자율고 자율형공립고': '0', '진학자 자율고 소계': '1', '진학자 기타': '2', '진학자 진학자계': '103', '취업자': '0', '대안교육기관진학(학력미인정)': '0', '무직 및 미상': '0'}",foreign_international_combined;arts_sports_combined;other_special_not_separate,5.0,0.019417475728155338,0.019417475728155338,0.009708737864077669,0.04854368932038835,0.0,0.04854368932038835,0.014169854171269513,0.01903509438881947,0.015878164275362486,0.04908311283545146,74.1764705882353,2025.0,3.0,"2023,2024,2025",341.0,110.0,0.6005393162405406,False,2025.0,0.011259125460976894,0.009823668802027922,0.014359900654775343,0.016800938120465937,0.016212024859782237,0.017605897939129672,0.04183105097553448,0.04423050486162354,78.82352941176471,61.76470588235294,74.70588235294117,72.02941176470587,33,2,81.17647058823529,170,183,0.9941520467836257,scored
S020002323,오션중학교,강서구,N,N,2025.0,2025,학교알리미 공시 13-다,data\raw\advancement\2024\S020002323.html;data\raw\advancement\2025\S020002323.html,2026-09-05T00:58:52.900835+00:00,middle-score-1.0,True,0.6666666666666666,2025.0,https://www.schoolinfo.go.kr/ei/pp/Pneipp_b06_s0p.do,ce302ce8-8119-4264-8e05-ed3af2276571,available,2025.0,True,small_sample_or_missing_years,258.0,179.0,36.0,1.0,7.0,7.0,9.0,24.0,11.0,0.0,11.0,3.0,253.0,0.0,0.0,5.0,,,,,,"{'졸업자': '258', '진학자 일반고': '179', '진학자 특성화고': '36', '진학자 특수목적고 과학고': '1', '진학자 특수목적고 외고국제고': '7', '진학자 특수목적고 예고체고': '7', '진학자 특수목적고 마이스터고': '9', '진학자 특수목적고 소계': '24', '진학자 자율고 자율형사립고': '11', '진학자 자율고 자율형공립고': '0', '진학자 자율고 소계': '11', '진학자 기타': '3', '진학자 진학자계': '253', '취업자': '0', '대안교육기관진학(학력미인정)': '0', '무직 및 미상': '5'}",foreign_international_combined;arts_sports_combined;other_special_not_separate,19.0,0.003875968992248062,0.027131782945736434,0.04263565891472868,0.07364341085271318,0.027131782945736434,0.03488372093023256,0.005241565354099753,0.024760123354554055,0.036936500971783755,0.06693818968043756,61.38235294117648,2025.0,2.0,"2024,2025",388.0,210.0,0.8858823529411766,False,2025.0,0.008191711389385807,0.007869322831977025,0.02272659511031604,0.02170433138558239,0.032416517590936195,0.029321163806848214,0.06333482409063805,0.05889481802440763,60.0,76.47058823529412,91.17647058823529,72.0,34,2,80.58823529411765,170,183,0.9941520467836257,scored
S020000786,안락중학교,동래구,N,N,2025.0,2025,학교알리미 공시 13-다,data\raw\advancement\2023\S020000786.html;data\raw\advancement\2024\S020000786.html;data\raw\advancement\2025\S020000786.html,2026-09-05T00:57:52.075493+00:00,middle-score-1.0,False,1.0,2025.0,https://www.schoolinfo.go.kr/ei/pp/Pneipp_b06_s0p.do,a557d0cb-c5be-406a-b700-dbb9a74e2843,available,2025.0,True,,168.0,117.0,28.0,2.0,7.0,6.0,3.0,18.0,3.0,1.0,4.0,1.0,168.0,0.0,0.0,0.0,,,,,,"{'졸업자': '168', '진학자 일반고': '117', '진학자 특성화고': '28', '진학자 특수목적고 과학고': '2', '진학자 특수목적고 외고국제고': '7', '진학자 특수목적고 예고체고': '6', '진학자 특수목적고 마이스터고': '3', '진학자 특수목적고 소계': '18', '진학자 자율고 자율형사립고': '3', '진학자 자율고 자율형공립고': '1', '진학자 자율고 소계': '4', '진학자 기타': '1', '진학자 진학자계': '168', '취업자': '0', '대안교육기관진학(학력미인정)': '0', '무직 및 미상': '0'}",foreign_international_combined;arts_sports_combined;other_special_not_separate,12.0,0.011904761904761904,0.041666666666666664,0.017857142857142856,0.07142857142857142,0.03571428571428571,0.017857142857142856,0.010733135808834745,0.033075090152725195,0.019489803536935017,0.06329802949849496,80.14705882352942,2025.0,3.0,"2023,2024,2025",562.0,179.7,0.7872682322374848,False,2025.0,0.008616417770263923,0.008496425917373499,0.04126199868507561,0.03347309860349272,0.009817460317460317,0.01309613293263421,0.05969587677279985,0.055065657453500436,68.23529411764706,92.3529411764706,44.11764705882353,71.8529411764706,35,6,80.0,170,183,0.9941520467836257,scored
S020000607,대천중학교,남구,N,N,2025.0,2025,학교알리미 공시 13-다,data\raw\advancement\2023\S020000607.html;data\raw\advancement\2024\S020000607.html;data\raw\advancement\2025\S020000607.html,2026-09-05T00:58:01.501908+00:00,middle-score-1.0,False,1.0,2025.0,https://www.schoolinfo.go.kr/ei/pp/Pneipp_b06_s0p.do,2a0337ff-2eeb-4271-bb58-cccc892d23c3,available,2025.0,True,,206.0,148.0,38.0,2.0,1.0,8.0,1.0,12.0,6.0,0.0,6.0,2.0,206.0,0.0,0.0,0.0,,,,,,"{'졸업자': '206', '진학자 일반고': '148', '진학자 특성화고': '38', '진학자 특수목적고 과학고': '2', '진학자 특수목적고 외고국제고': '1', '진학자 특수목적고 예고체고': '8', '진학자 특수목적고 마이스터고': '1', '진학자 특수목적고 소계': '12', '진학자 자율고 자율형사립고': '6', '진학자 자율고 자율형공립고': '0', '진학자 자율고 소계': '6', '진학자 기타': '2', '진학자 진학자계': '206', '취업자': '0', '대안교육기관진학(학력미인정)': '0', '무직 및 미상': '0'}",foreign_international_combined;arts_sports_combined;other_special_not_separate,9.0,0.009708737864077669,0.0048543689320388345,0.02912621359223301,0.043689320388349516,0.038834951456310676,0.0048543689320388345,0.009400262734535004,0.00935988287885736,0.02687342270555093,0.045633568318943295,52.852941176470594,2025.0,3.0,"2023,2024,2025",629.0,207.8,0.8083878304273722,False,2025.0,0.010539598088438637,0.00986176183307209,0.015282791293670508,0.016656151971322555,0.017858210062099214,0.018198415403616337,0.04368059944420836,0.04471632920801098,79.41176470588235,58.235294117647065,77.05882352941177,71.52941176470588,36,5,79.41176470588235,170,183,0.9941520467836257,scored
S020001857,인지중학교,해운대구,N,N,2025.0,2025,학교알리미 공시 13-다,data\raw\advancement\2023\S020001857.html;data\raw\advancement\2024\S020001857.html;data\raw\advancement\2025\S020001857.html,2026-09-05T00:58:29.596403+00:00,middle-score-1.0,False,1.0,2025.0,https://www.schoolinfo.go.kr/ei/pp/Pneipp_b06_s0p.do,5c75febe-2f49-4d3c-98e0-ce5bd29b792f,available,2025.0,True,,153.0,108.0,31.0,1.0,4.0,2.0,6.0,13.0,0.0,0.0,0.0,0.0,152.0,0.0,0.0,1.0,,,,,,"{'졸업자': '153', '진학자 일반고': '108', '진학자 특성화고': '31', '진학자 특수목적고 과학고': '1', '진학자 특수목적고 외고국제고': '4', '진학자 특수목적고 예고체고': '2', '진학자 특수목적고 마이스터고': '6', '진학자 특수목적고 소계': '13', '진학자 자율고 자율형사립고': '0', '진학자 자율고 자율형공립고': '0', '진학자 자율고 소계': '0', '진학자 기타': '0', '진학자 진학자계': '152', '취업자': '0', '대안교육기관진학(학력미인정)': '0', '무직 및 미상': '1'}",foreign_international_combined;arts_sports_combined;other_special_not_separate,5.0,0.006535947712418301,0.026143790849673203,0.0,0.032679738562091505,0.013071895424836602,0.0392156862745098,0.007416918564299255,0.023178356367313645,0.008787617975883734,0.03938289290749663,52.63235294117648,2025.0,3.0,"2023,2024,2025",556.0,176.9,0.7749812854604069,False,2025.0,0.011819341188064287,0.010740276155479192,0.030507224323580134,0.026598322060947678,0.004441980783444198,0.009951511483897842,0.04676854629508863,0.04729010970032471,84.11764705882354,85.29411764705883,17.058823529411764,71.11764705882354,37,10,78.82352941176471,170,183,0.9941520467836257,scored
S020001418,당리중학교,사하구,N,N,2025.0,2025,학교알리미 공시 13-다,data\raw\advancement\2023\S020001418.html;data\raw\advancement\2024\S020001418.html;data\raw\advancement\2025\S020001418.html,2026-09-05T00:58:35.335480+00:00,middle-score-1.0,False,1.0,2025.0,https://www.schoolinfo.go.kr/ei/pp/Pneipp_b06_s0p.do,9c99c6b5-d905-4286-80c2-7e3871443474,available,2025.0,True,,140.0,92.0,33.0,1.0,2.0,5.0,0.0,8.0,3.0,3.0,6.0,0.0,139.0,0.0,0.0,1.0,,,,,,"{'졸업자': '140', '진학자 일반고': '92', '진학자 특성화고': '33', '진학자 특수목적고 과학고': '1', '진학자 특수목적고 외고국제고': '2', '진학자 특수목적고 예고체고': '5', '진학자 특수목적고 마이스터고': '0', '진학자 특수목적고 소계': '8', '진학자 자율고 자율형사립고': '3', '진학자 자율고 자율형공립고': '3', '진학자 자율고 소계': '6', '진학자 기타': '0', '진학자 진학자계': '139', '취업자': '0', '대안교육기관진학(학력미인정)': '0', '무직 및 미상': '1'}",foreign_international_combined;arts_sports_combined;other_special_not_separate,6.0,0.007142857142857143,0.014285714285714285,0.02142857142857143,0.04285714285714286,0.03571428571428571,0.0,0.007818668319865465,0.0161005173372098,0.021763613949577435,0.045682799606652696,61.14705882352942,2025.0,3.0,"2023,2024,2025",499.0,159.3,0.7998541275570952,False,2025.0,0.01026086956521739,0.009653596057919885,0.015378881987577638,0.017005623039628107,0.015229813664596272,0.016560487019861944,0.0408695652173913,0.04321970611740993,75.88235294117646,62.94117647058823,67.64705882352942,69.70588235294117,38,2,78.23529411764706,170,183,0.9941520467836257,scored
S020000778,부곡중학교,금정구,N,N,2025.0,2025,학교알리미 공시 13-다,data\raw\advancement\2023\S020000778.html;data\raw\advancement\2024\S020000778.html;data\raw\advancement\2025\S020000778.html,2026-09-05T00:58:44.191321+00:00,middle-score-1.0,False,1.0,2025.0,https://www.schoolinfo.go.kr/ei/pp/Pneipp_b06_s0p.do,5644e594-b990-4ef5-8836-275a6412165c,available,2025.0,True,,196.0,141.0,37.0,3.0,2.0,10.0,0.0,15.0,3.0,0.0,3.0,0.0,196.0,0.0,0.0,0.0,,,,,,"{'졸업자': '196', '진학자 일반고': '141', '진학자 특성화고': '37', '진학자 특수목적고 과학고': '3', '진학자 특수목적고 외고국제고': '2', '진학자 특수목적고 예고체고': '10', '진학자 특수목적고 마이스터고': '0', '진학자 특수목적고 소계': '15', '진학자 자율고 자율형사립고': '3', '진학자 자율고 자율형공립고': '0', '진학자 자율고 소계': '3', '진학자 기타': '0', '진학자 진학자계': '196', '취업자': '0', '대안교육기관진학(학력미인정)': '0', '무직 및 미상': '0'}",foreign_international_combined;arts_sports_combined;other_special_not_separate,8.0,0.015306122448979591,0.01020408163265306,0.015306122448979591,0.04081632653061224,0.05102040816326531,0.0,0.013096217556647674,0.013054473516656595,0.017646173472630353,0.04379686454593462,64.55882352941175,2025.0,3.0,"2023,2024,2025",657.0,211.8,0.9309742560850205,False,2025.0,0.00985827664399093,0.009312578378225696,0.0163718820861678,0.017471819884772262,0.014268707482993196,0.015802868382024028,0.04049886621315192,0.042587266645021986,74.70588235294117,64.70588235294117,66.47058823529412,69.55882352941177,39,6,77.64705882352942,170,183,0.9941520467836257,scored
S020001444,하단중학교,사하구,N,N,2025.0,2025,학교알리미 공시 13-다,data\raw\advancement\2023\S020001444.html;data\raw\advancement\2024\S020001444.html;data\raw\advancement\2025\S020001444.html,2026-09-05T00:58:38.946527+00:00,middle-score-1.0,False,1.0,2025.0,https://www.schoolinfo.go.kr/ei/pp/Pneipp_b06_s0p.do,26e32c59-427e-4318-a237-bd5d6bb0f87a,available,2025.0,True,,129.0,93.0,30.0,0.0,3.0,0.0,1.0,4.0,0.0,0.0,0.0,0.0,127.0,0.0,0.0,2.0,,,,,,"{'졸업자': '129', '진학자 일반고': '93', '진학자 특성화고': '30', '진학자 특수목적고 과학고': '0', '진학자 특수목적고 외고국제고': '3', '진학자 특수목적고 예고체고': '0', '진학자 특수목적고 마이스터고': '1', '진학자 특수목적고 소계': '4', '진학자 자율고 자율형사립고': '0', '진학자 자율고 자율형공립고': '0', '진학자 자율고 소계': '0', '진학자 기타': '0', '진학자 진학자계': '127', '취업자': '0', '대안교육기관진학(학력미인정)': '0', '무직 및 미상': '2'}",foreign_international_combined;arts_sports_combined;other_special_not_separate,3.0,0.0,0.023255813953488372,0.0,0.023255813953488372,0.0,0.007751937984496124,0.0038274253133961196,0.02124071685995787,0.00970859103885845,0.03477673321221243,35.647058823529406,2025.0,3.0,"2023,2024,2025",376.0,124.6,0.6998202087689613,False,2025.0,0.008464619492656875,0.00832391348420661,0.021627906976744188,0.021048286950879225,0.014018691588785047,0.015694256026654033,0.0441112180581861,0.04506645646173986,64.11764705882354,75.88235294117646,65.88235294117646,68.58823529411767,40,3,77.05882352941177,170,183,0.9941520467836257,scored
S020001838,명진중학교,북구,N,N,2025.0,2025,학교알리미 공시 13-다,data\raw\advancement\2023\S020001838.html;data\raw\advancement\2024\S020001838.html;data\raw\advancement\2025\S020001838.html,2026-09-05T00:58:19.737325+00:00,middle-score-1.0,False,1.0,2025.0,https://www.schoolinfo.go.kr/ei/pp/Pneipp_b06_s0p.do,78862052-aee1-48f2-8dae-7be22e03b1c3,available,2025.0,True,,159.0,121.0,23.0,1.0,1.0,5.0,1.0,8.0,3.0,0.0,3.0,4.0,159.0,0.0,0.0,0.0,,,,,,"{'졸업자': '159', '진학자 일반고': '121', '진학자 특성화고': '23', '진학자 특수목적고 과학고': '1', '진학자 특수목적고 외고국제고': '1', '진학자 특수목적고 예고체고': '5', '진학자 특수목적고 마이스터고': '1', '진학자 특수목적고 소계': '8', '진학자 자율고 자율형사립고': '3', '진학자 자율고 자율형공립고': '0', '진학자 자율고 소계': '3', '진학자 기타': '4', '진학자 진학자계': '159', '취업자': '0', '대안교육기관진학(학력미인정)': '0', '무직 및 미상': '0'}",foreign_international_combined;arts_sports_combined;other_special_not_separate,5.0,0.006289308176100629,0.006289308176100629,0.018867924528301886,0.031446540880503145,0.031446540880503145,0.006289308176100629,0.0072450980570181915,0.011058394443746533,0.02016705539729183,0.038470547898056554,46.13235294117647,2025.0,3.0,"2023,2024,2025",522.0,169.8,0.7040123418788953,False,2025.0,0.01037993748517078,0.00970967475646566,0.01376976799364536,0.015956164703504843,0.016669245661271412,0.0175038818864672,0.040818951140087545,0.043169721346437706,76.47058823529412,55.294117647058826,72.94117647058823,68.35294117647058,41,2,76.47058823529412,170,183,0.9941520467836257,scored
S020000618,선화여자중학교,동구,N,N,2025.0,2025,학교알리미 공시 13-다,data\raw\advancement\2023\S020000618.html;data\raw\advancement\2024\S020000618.html;data\raw\advancement\2025\S020000618.html,2026-09-05T00:57:30.874852+00:00,middle-score-1.0,False,1.0,2025.0,https://www.schoolinfo.go.kr/ei/pp/Pneipp_b06_s0p.do,88f0ea4d-1f7a-498d-b557-ed282bf24d36,available,2025.0,True,,85.0,52.0,27.0,1.0,4.0,1.0,0.0,6.0,0.0,0.0,0.0,0.0,85.0,0.0,0.0,0.0,,,,,,"{'졸업자': '85', '진학자 일반고': '52', '진학자 특성화고': '27', '진학자 특수목적고 과학고': '1', '진학자 특수목적고 외고국제고': '4', '진학자 특수목적고 예고체고': '1', '진학자 특수목적고 마이스터고': '0', '진학자 특수목적고 소계': '6', '진학자 자율고 자율형사립고': '0', '진학자 자율고 자율형공립고': '0', '진학자 자율고 소계': '0', '진학자 기타': '0', '진학자 진학자계': '85', '취업자': '0', '대안교육기관진학(학력미인정)': '0', '무직 및 미상': '0'}",foreign_international_combined;arts_sports_combined;other_special_not_separate,5.0,0.011764705882352941,0.047058823529411764,0.0,0.058823529411764705,0.011764705882352941,0.0,0.010143137279825468,0.031697968437461366,0.012017661339992351,0.053858767057279176,71.52941176470587,2025.0,3.0,"2023,2024,2025",271.0,88.9,0.8737312637375789,False,2025.0,0.011270882080861947,0.0097591408252396,0.03543968003482614,0.026831946231648605,0.0,0.01003406789089078,0.04671056211568809,0.04662515494777898,77.05882352941177,85.88235294117646,17.647058823529413,68.26470588235294,42,1,75.88235294117646,170,183,0.9941520467836257,scored
S020002007,오륙도중학교,남구,N,N,2025.0,2025,학교알리미 공시 13-다,data\raw\advancement\2023\S020002007.html;data\raw\advancement\2024\S020002007.html;data\raw\advancement\2025\S020002007.html,2026-09-05T00:58:11.255257+00:00,middle-score-1.0,False,1.0,2025.0,https://www.schoolinfo.go.kr/ei/pp/Pneipp_b06_s0p.do,c2751b22-f71a-4107-b909-cecc9e79cd27,available,2025.0,True,,126.0,76.0,32.0,1.0,4.0,6.0,3.0,14.0,1.0,0.0,1.0,2.0,125.0,0.0,0.0,1.0,,,,,,"{'졸업자': '126', '진학자 일반고': '76', '진학자 특성화고': '32', '진학자 특수목적고 과학고': '1', '진학자 특수목적고 외고국제고': '4', '진학자 특수목적고 예고체고': '6', '진학자 특수목적고 마이스터고': '3', '진학자 특수목적고 소계': '14', '진학자 자율고 자율형사립고': '1', '진학자 자율고 자율형공립고': '0', '진학자 자율고 소계': '1', '진학자 기타': '2', '진학자 진학자계': '125', '취업자': '0', '대안교육기관진학(학력미인정)': '0', '무직 및 미상': '1'}",foreign_international_combined;arts_sports_combined;other_special_not_separate,6.0,0.007936507936507936,0.031746031746031744,0.007936507936507936,0.047619047619047616,0.047619047619047616,0.023809523809523808,0.008303010605166866,0.02594745203951483,0.014262244902206128,0.04851270754688782,66.32352941176471,2025.0,3.0,"2023,2024,2025",397.0,130.5,0.6795870642763013,False,2025.0,0.006223893065998329,0.007157426043312687,0.03665322727107624,0.029217328946673903,0.01299081035923141,0.015587810490033677,0.05586793069630598,0.05196256548002026,52.352941176470594,88.23529411764706,65.29411764705883,67.5,43,6,75.29411764705883,170,183,0.9941520467836257,scored
S020001227,용수중학교,북구,N,N,2025.0,2025,학교알리미 공시 13-다,data\raw\advancement\2023\S020001227.html;data\raw\advancement\2024\S020001227.html;data\raw\advancement\2025\S020001227.html,2026-09-05T00:58:17.328102+00:00,middle-score-1.0,False,1.0,2025.0,https://www.schoolinfo.go.kr/ei/pp/Pneipp_b06_s0p.do,3cba0ab3-6dc0-4045-a373-63fed5fd13c8,available,2025.0,True,,228.0,167.0,29.0,0.0,5.0,4.0,2.0,11.0,20.0,0.0,20.0,1.0,228.0,0.0,0.0,0.0,,,,,,"{'졸업자': '228', '진학자 일반고': '167', '진학자 특성화고': '29', '진학자 특수목적고 과학고': '0', '진학자 특수목적고 외고국제고': '5', '진학자 특수목적고 예고체고': '4', '진학자 특수목적고 마이스터고': '2', '진학자 특수목적고 소계': '11', '진학자 자율고 자율형사립고': '20', '진학자 자율고 자율형공립고': '0', '진학자 자율고 소계': '20', '진학자 기타': '1', '진학자 진학자계': '228', '취업자': '0', '대안교육기관진학(학력미인정)': '0', '무직 및 미상': '0'}",foreign_international_combined;arts_sports_combined;other_special_not_separate,25.0,0.0,0.021929824561403508,0.08771929824561403,0.10964912280701754,0.017543859649122806,0.008771929824561403,0.002672196331608876,0.02092720780771449,0.06775386386554447,0.09135326800486783,47.1764705882353,2025.0,3.0,"2023,2024,2025",726.0,237.3,0.7815143850763973,False,2025.0,0.006096318929143023,0.006835448888097137,0.018593798259653207,0.018825439007916604,0.05248761362157029,0.042245360266685815,0.07717773081036652,0.06790624816269955,47.647058823529406,70.58823529411765,97.05882352941177,65.55882352941177,44,3,74.70588235294117,170,183,0.9941520467836257,scored
S020000770,남산중학교,금정구,N,N,2025.0,2025,학교알리미 공시 13-다,data\raw\advancement\2023\S020000770.html;data\raw\advancement\2024\S020000770.html;data\raw\advancement\2025\S020000770.html,2026-09-05T00:58:41.999240+00:00,middle-score-1.0,False,1.0,2025.0,https://www.schoolinfo.go.kr/ei/pp/Pneipp_b06_s0p.do,5e68b4f0-ddd2-4ae4-b411-0770172c2f55,available,2025.0,True,,144.0,97.0,32.0,3.0,1.0,3.0,4.0,11.0,1.0,0.0,1.0,2.0,143.0,0.0,0.0,1.0,,,,,,"{'졸업자': '144', '진학자 일반고': '97', '진학자 특성화고': '32', '진학자 특수목적고 과학고': '3', '진학자 특수목적고 외고국제고': '1', '진학자 특수목적고 예고체고': '3', '진학자 특수목적고 마이스터고': '4', '진학자 특수목적고 소계': '11', '진학자 자율고 자율형사립고': '1', '진학자 자율고 자율형공립고': '0', '진학자 자율고 소계': '1', '진학자 기타': '2', '진학자 진학자계': '143', '취업자': '0', '대안교육기관진학(학력미인정)': '0', '무직 및 미상': '1'}",foreign_international_combined;arts_sports_combined;other_special_not_separate,5.0,0.020833333333333332,0.006944444444444444,0.006944444444444444,0.034722222222222224,0.020833333333333332,0.027777777777777776,0.015887214740851276,0.011738213774304722,0.013210112081551578,0.04083554059670757,59.52941176470588,2025.0,3.0,"2023,2024,2025",484.0,156.9,0.5695527549023567,False,2025.0,0.016264619883040933,0.013130075853849624,0.008756142081040866,0.01296106832001132,0.015856733797017197,0.01727079867067753,0.040877495761099,0.04336194284453847,90.58823529411765,29.411764705882355,72.35294117647058,65.52941176470588,45,7,74.11764705882354,170,183,0.9941520467836257,scored
S020001413,동주여자중학교,사하구,N,N,2025.0,2025,학교알리미 공시 13-다,data\raw\advancement\2023\S020001413.html;data\raw\advancement\2024\S020001413.html;data\raw\advancement\2025\S020001413.html,2026-09-05T00:58:34.827172+00:00,middle-score-1.0,False,1.0,2025.0,https://www.schoolinfo.go.kr/ei/pp/Pneipp_b06_s0p.do,dc4cb8f3-5036-45e8-a8db-6604ecf20523,available,2025.0,True,,145.0,104.0,19.0,4.0,2.0,6.0,0.0,12.0,6.0,0.0,6.0,4.0,145.0,0.0,0.0,0.0,,,,,,"{'졸업자': '145', '진학자 일반고': '104', '진학자 특성화고': '19', '진학자 특수목적고 과학고': '4', '진학자 특수목적고 외고국제고': '2', '진학자 특수목적고 예고체고': '6', '진학자 특수목적고 마이스터고': '0', '진학자 특수목적고 소계': '12', '진학자 자율고 자율형사립고': '6', '진학자 자율고 자율형공립고': '0', '진학자 자율고 소계': '6', '진학자 기타': '4', '진학자 진학자계': '145', '취업자': '0', '대안교육기관진학(학력미인정)': '0', '무직 및 미상': '0'}",foreign_international_combined;arts_sports_combined;other_special_not_separate,12.0,0.027586206896551724,0.013793103448275862,0.041379310344827586,0.08275862068965517,0.041379310344827586,0.0,0.019904001619460047,0.015771935350736132,0.03356435652203504,0.06924029349223121,81.29411764705883,2025.0,3.0,"2023,2024,2025",436.0,145.3,0.6408935447120118,False,2025.0,0.017227208313651394,0.013631567885591748,0.006896551724137931,0.012022334904803351,0.028233349078885216,0.024412016007764867,0.05235710911667454,0.05006591879815996,92.3529411764706,17.647058823529413,85.29411764705883,64.79411764705883,46,4,73.52941176470588,170,183,0.9941520467836257,scored
S020000979,연일중학교,연제구,N,N,2025.0,2025,학교알리미 공시 13-다,data\raw\advancement\2023\S020000979.html;data\raw\advancement\2024\S020000979.html;data\raw\advancement\2025\S020000979.html,2026-09-05T00:58:55.666798+00:00,middle-score-1.0,False,1.0,2025.0,https://www.schoolinfo.go.kr/ei/pp/Pneipp_b06_s0p.do,13a25448-da3f-4ae8-91d8-1b6c58c8aebe,available,2025.0,True,,164.0,118.0,31.0,0.0,9.0,2.0,1.0,12.0,3.0,0.0,3.0,0.0,164.0,0.0,0.0,0.0,,,,,,"{'졸업자': '164', '진학자 일반고': '118', '진학자 특성화고': '31', '진학자 특수목적고 과학고': '0', '진학자 특수목적고 외고국제고': '9', '진학자 특수목적고 예고체고': '2', '진학자 특수목적고 마이스터고': '1', '진학자 특수목적고 소계': '12', '진학자 자율고 자율형사립고': '3', '진학자 자율고 자율형공립고': '0', '진학자 자율고 소계': '3', '진학자 기타': '0', '진학자 진학자계': '164', '취업자': '0', '대안교육기관진학(학력미인정)': '0', '무직 및 미상': '0'}",foreign_international_combined;arts_sports_combined;other_special_not_separate,12.0,0.0,0.054878048780487805,0.018292682926829267,0.07317073170731707,0.012195121951219513,0.006097560975609756,0.0033200015029079977,0.041151985458069515,0.01978510359052494,0.06425709055150246,49.76470588235294,2025.0,3.0,"2023,2024,2025",522.0,170.9,0.8077549750687796,False,2025.0,0.005630370254647711,0.006715652190326888,0.046920355432268586,0.03673589563105299,0.010880445509657407,0.013795857664537899,0.06343117119657371,0.05724740548591778,45.88235294117647,94.11764705882352,54.70588235294118,64.52941176470588,47,3,72.94117647058823,170,183,0.9941520467836257,scored
S020002278,경일중학교,강서구,N,N,2025.0,2025,학교알리미 공시 13-다,data\raw\advancement\2023\S020002278.html;data\raw\advancement\2024\S020002278.html;data\raw\advancement\2025\S020002278.html,2026-09-05T00:58:52.531874+00:00,middle-score-1.0,False,1.0,2025.0,https://www.schoolinfo.go.kr/ei/pp/Pneipp_b06_s0p.do,7b004cdc-3246-40aa-8048-ceae68a061af,available,2025.0,True,,279.0,221.0,34.0,2.0,2.0,4.0,4.0,12.0,4.0,0.0,4.0,3.0,274.0,0.0,2.0,3.0,,,,,,"{'졸업자': '279', '진학자 일반고': '221', '진학자 특성화고': '34', '진학자 특수목적고 과학고': '2', '진학자 특수목적고 외고국제고': '2', '진학자 특수목적고 예고체고': '4', '진학자 특수목적고 마이스터고': '4', '진학자 특수목적고 소계': '12', '진학자 자율고 자율형사립고': '4', '진학자 자율고 자율형공립고': '0', '진학자 자율고 소계': '4', '진학자 기타': '3', '진학자 진학자계': '274', '취업자': '0', '대안교육기관진학(학력미인정)': '2', '무직 및 미상': '3'}",foreign_international_combined;arts_sports_combined;other_special_not_separate,8.0,0.007168458781362007,0.007168458781362007,0.014336917562724014,0.02867383512544803,0.014336917562724014,0.014336917562724014,0.007589658038964938,0.010195578261029953,0.016420230469389403,0.034205466769384296,42.82352941176471,2025.0,3.0,"2023,2024,2025",913.0,300.0,0.7950331817248935,False,2025.0,0.00916526227141715,0.009012533286195043,0.013662259943489005,0.015131180857902122,0.01874115907809791,0.018961021086649366,0.04156868129300406,0.04310473523074653,71.76470588235294,46.470588235294116,77.64705882352942,64.08823529411765,48,3,72.35294117647058,170,183,0.9941520467836257,scored
S020000794,유락여자중학교,동래구,N,N,2025.0,2025,학교알리미 공시 13-다,data\raw\advancement\2023\S020000794.html;data\raw\advancement\2024\S020000794.html;data\raw\advancement\2025\S020000794.html,2026-09-05T00:57:53.532433+00:00,middle-score-1.0,False,1.0,2025.0,https://www.schoolinfo.go.kr/ei/pp/Pneipp_b06_s0p.do,ea094835-2802-4d37-b086-a04ef5496336,available,2025.0,True,,252.0,183.0,45.0,2.0,8.0,9.0,0.0,19.0,2.0,3.0,5.0,0.0,252.0,0.0,0.0,0.0,,,,,,"{'졸업자': '252', '진학자 일반고': '183', '진학자 특성화고': '45', '진학자 특수목적고 과학고': '2', '진학자 특수목적고 외고국제고': '8', '진학자 특수목적고 예고체고': '9', '진학자 특수목적고 마이스터고': '0', '진학자 특수목적고 소계': '19', '진학자 자율고 자율형사립고': '2', '진학자 자율고 자율형공립고': '3', '진학자 자율고 소계': '5', '진학자 기타': '0', '진학자 진학자계': '252', '취업자': '0', '대안교육기관진학(학력미인정)': '0', '무직 및 미상': '0'}",foreign_international_combined;arts_sports_combined;other_special_not_separate,12.0,0.007936507936507936,0.031746031746031744,0.007936507936507936,0.047619047619047616,0.03571428571428571,0.0,0.00817181930899918,0.028023080002643044,0.011997918601984615,0.04819281791362684,63.27941176470587,2025.0,3.0,"2023,2024,2025",752.0,251.7,0.9646760476456282,False,2025.0,0.005958614410840956,0.006658302269112617,0.03577662029888576,0.03114438033578186,0.01392005618118891,0.015313547970760033,0.05565529089091562,0.05311623057565451,42.94117647058823,90.58823529411765,63.52941176470588,63.73529411764706,49,7,71.76470588235294,170,183,0.9941520467836257,scored
S020001214,덕문중학교,강서구,N,N,2025.0,2025,학교알리미 공시 13-다,data\raw\advancement\2023\S020001214.html;data\raw\advancement\2024\S020001214.html;data\raw\advancement\2025\S020001214.html,2026-09-05T00:58:49.725571+00:00,middle-score-1.0,True,1.0,2025.0,https://www.schoolinfo.go.kr/ei/pp/Pneipp_b06_s0p.do,324c7f9f-9e07-4e81-b83a-aa35c5d92b14,available,2025.0,True,small_sample_or_missing_years,12.0,11.0,0.0,0.0,0.0,0.0,0.0,0.0,0.0,0.0,0.0,1.0,12.0,0.0,0.0,0.0,,,,,,"{'졸업자': '12', '진학자 일반고': '11', '진학자 특성화고': '0', '진학자 특수목적고 과학고': '0', '진학자 특수목적고 외고국제고': '0', '진학자 특수목적고 예고체고': '0', '진학자 특수목적고 마이스터고': '0', '진학자 특수목적고 소계': '0', '진학자 자율고 자율형사립고': '0', '진학자 자율고 자율형공립고': '0', '진학자 자율고 소계': '0', '진학자 기타': '1', '진학자 진학자계': '12', '취업자': '0', '대안교육기관진학(학력미인정)': '0', '무직 및 미상': '0'}",foreign_international_combined;arts_sports_combined;other_special_not_separate,0.0,0.0,0.0,0.0,0.0,0.0,0.0,0.007825717828283138,0.01664396572259243,0.01985060132052308,0.04432028487139864,61.52941176470589,2025.0,3.0,"2023,2024,2025",33.0,11.0,0.9891804301146503,True,2025.0,0.0,0.007585963391792128,0.0,0.017533633009010362,0.0,0.017009693629854737,0.0,0.04212929003065723,57.647058823529406,65.88235294117646,69.41176470588235,62.882352941176464,50,4,71.17647058823529,170,183,0.9941520467836257,scored
S020001211,녹산중학교,강서구,N,N,2025.0,2025,학교알리미 공시 13-다,data\raw\advancement\2023\S020001211.html;data\raw\advancement\2024\S020001211.html;data\raw\advancement\2025\S020001211.html,2026-09-05T00:58:48.627764+00:00,middle-score-1.0,True,1.0,2025.0,https://www.schoolinfo.go.kr/ei/pp/Pneipp_b06_s0p.do,148e544b-8b3f-4b4c-ac7f-2c81ff6995b0,available,2025.0,True,small_sample_or_missing_years,7.0,4.0,2.0,0.0,0.0,0.0,1.0,1.0,0.0,0.0,0.0,0.0,7.0,0.0,0.0,0.0,,,,,,"{'졸업자': '7', '진학자 일반고': '4', '진학자 특성화고': '2', '진학자 특수목적고 과학고': '0', '진학자 특수목적고 외고국제고': '0', '진학자 특수목적고 예고체고': '0', '진학자 특수목적고 마이스터고': '1', '진학자 특수목적고 소계': '1', '진학자 자율고 자율형사립고': '0', '진학자 자율고 자율형공립고': '0', '진학자 자율고 소계': '0', '진학자 기타': '0', '진학자 진학자계': '7', '취업자': '0', '대안교육기관진학(학력미인정)': '0', '무직 및 미상': '0'}",foreign_international_combined;arts_sports_combined;other_special_not_separate,0.0,0.0,0.0,0.0,0.0,0.0,0.14285714285714285,0.008191405577268331,0.017421721130190207,0.02077819951307089,0.04639132622052942,65.5,2025.0,3.0,"2023,2024,2025",39.0,11.4,0.9268901367164393,True,2025.0,0.0,0.007582660168417523,0.0,0.01747264738191773,0.0,0.017096056280545655,0.0,0.0421513638308809,57.05882352941176,65.29411764705883,71.17647058823529,62.76470588235294,51,5,70.58823529411765,170,183,0.9941520467836257,scored
S020000971,부산동중학교,부산진구,N,N,2025.0,2025,학교알리미 공시 13-다,data\raw\advancement\2023\S020000971.html;data\raw\advancement\2024\S020000971.html;data\raw\advancement\2025\S020000971.html,2026-09-05T00:57:43.685083+00:00,middle-score-1.0,False,1.0,2025.0,https://www.schoolinfo.go.kr/ei/pp/Pneipp_b06_s0p.do,52ed468a-be84-49f9-ad5a-c1fc6c4731e7,available,2025.0,True,,132.0,85.0,33.0,2.0,2.0,2.0,4.0,10.0,2.0,0.0,2.0,2.0,132.0,0.0,0.0,0.0,,,,,,"{'졸업자': '132', '진학자 일반고': '85', '진학자 특성화고': '33', '진학자 특수목적고 과학고': '2', '진학자 특수목적고 외고국제고': '2', '진학자 특수목적고 예고체고': '2', '진학자 특수목적고 마이스터고': '4', '진학자 특수목적고 소계': '10', '진학자 자율고 자율형사립고': '2', '진학자 자율고 자율형공립고': '0', '진학자 자율고 소계': '2', '진학자 기타': '2', '진학자 진학자계': '132', '취업자': '0', '대안교육기관진학(학력미인정)': '0', '무직 및 미상': '0'}",foreign_international_combined;arts_sports_combined;other_special_not_separate,6.0,0.015151515151515152,0.015151515151515152,0.015151515151515152,0.045454545454545456,0.015151515151515152,0.030303030303030304,0.012398622399860825,0.016655707590217034,0.01820373856852838,0.04725806855860624,72.08823529411765,2025.0,3.0,"2023,2024,2025",394.0,131.8,0.6623888832959585,False,2025.0,0.007575757575757576,0.00794239692513479,0.01450206354590683,0.01663457849624008,0.01653098145635459,0.017568487417957086,0.038608802578019,0.04214546283933196,61.1764705882353,57.647058823529406,74.11764705882354,62.52941176470588,52,3,70.0,170,183,0.9941520467836257,scored
S020001400,건국중학교,사하구,N,N,2025.0,2025,학교알리미 공시 13-다,data\raw\advancement\2023\S020001400.html;data\raw\advancement\2024\S020001400.html;data\raw\advancement\2025\S020001400.html,2026-09-05T00:58:32.237112+00:00,middle-score-1.0,False,1.0,2025.0,https://www.schoolinfo.go.kr/ei/pp/Pneipp_b06_s0p.do,3a15b3f1-ced0-4630-8118-5dba2a3ccbaf,available,2025.0,True,,96.0,60.0,26.0,1.0,1.0,0.0,7.0,9.0,1.0,0.0,1.0,0.0,96.0,0.0,0.0,0.0,,,,,,"{'졸업자': '96', '진학자 일반고': '60', '진학자 특성화고': '26', '진학자 특수목적고 과학고': '1', '진학자 특수목적고 외고국제고': '1', '진학자 특수목적고 예고체고': '0', '진학자 특수목적고 마이스터고': '7', '진학자 특수목적고 소계': '9', '진학자 자율고 자율형사립고': '1', '진학자 자율고 자율형공립고': '0', '진학자 자율고 소계': '1', '진학자 기타': '0', '진학자 진학자계': '96', '취업자': '0', '대안교육기관진학(학력미인정)': '0', '무직 및 미상': '0'}",foreign_international_combined;arts_sports_combined;other_special_not_separate,3.0,0.010416666666666666,0.010416666666666666,0.010416666666666666,0.03125,0.0,0.07291666666666667,0.009573879575345466,0.014612878372093633,0.016445241570911148,0.04063199951835024,62.279411764705884,2025.0,3.0,"2023,2024,2025",331.0,107.3,0.8909980571099967,False,2025.0,0.009433072009291521,0.008922873911831102,0.008779761904761905,0.013856856518687689,0.014964430894308944,0.017132995908452103,0.03317726480836237,0.03991272633897089,71.17647058823529,38.23529411764706,71.76470588235294,59.76470588235294,53,5,69.41176470588235,170,183,0.9941520467836257,scored
S020001406,다선중학교,사하구,N,N,2025.0,2025,학교알리미 공시 13-다,data\raw\advancement\2023\S020001406.html;data\raw\advancement\2024\S020001406.html;data\raw\advancement\2025\S020001406.html,2026-09-05T00:58:33.358333+00:00,middle-score-1.0,False,1.0,2025.0,https://www.schoolinfo.go.kr/ei/pp/Pneipp_b06_s0p.do,1f110831-1cde-49ca-8d36-f811cc5676df,available,2025.0,True,,143.0,102.0,26.0,2.0,0.0,0.0,11.0,13.0,2.0,0.0,2.0,0.0,143.0,0.0,0.0,0.0,,,,,,"{'졸업자': '143', '진학자 일반고': '102', '진학자 특성화고': '26', '진학자 특수목적고 과학고': '2', '진학자 특수목적고 외고국제고': '0', '진학자 특수목적고 예고체고': '0', '진학자 특수목적고 마이스터고': '11', '진학자 특수목적고 소계': '13', '진학자 자율고 자율형사립고': '2', '진학자 자율고 자율형공립고': '0', '진학자 자율고 소계': '2', '진학자 기타': '0', '진학자 진학자계': '143', '취업자': '0', '대안교육기관진학(학력미인정)': '0', '무직 및 미상': '0'}",foreign_international_combined;arts_sports_combined;other_special_not_separate,4.0,0.013986013986013986,0.0,0.013986013986013986,0.027972027972027972,0.0,0.07692307692307693,0.01183736788793297,0.007671292843334782,0.017379701020158785,0.036888361751426534,51.176470588235304,2025.0,3.0,"2023,2024,2025",492.0,156.5,0.8538614231977435,False,2025.0,0.010940375414059624,0.00980634141752465,0.012125968474485707,0.015508152468628484,0.006993006993006993,0.011629053721545473,0.030059350881552323,0.03694354760769861,78.23529411764706,51.76470588235295,31.176470588235293,59.55882352941176,54,6,68.82352941176471,170,183,0.9941520467836257,scored
S020000981,연천중학교,연제구,N,N,2025.0,2025,학교알리미 공시 13-다,data\raw\advancement\2023\S020000981.html;data\raw\advancement\2024\S020000981.html;data\raw\advancement\2025\S020000981.html,2026-09-05T00:58:56.738745+00:00,middle-score-1.0,False,1.0,2025.0,https://www.schoolinfo.go.kr/ei/pp/Pneipp_b06_s0p.do,db443593-ba08-4bfd-82b2-2374c706c80a,available,2025.0,True,,142.0,90.0,40.0,1.0,3.0,4.0,3.0,11.0,0.0,0.0,0.0,0.0,141.0,0.0,0.0,1.0,,,,,,"{'졸업자': '142', '진학자 일반고': '90', '진학자 특성화고': '40', '진학자 특수목적고 과학고': '1', '진학자 특수목적고 외고국제고': '3', '진학자 특수목적고 예고체고': '4', '진학자 특수목적고 마이스터고': '3', '진학자 특수목적고 소계': '11', '진학자 자율고 자율형사립고': '0', '진학자 자율고 자율형공립고': '0', '진학자 자율고 소계': '0', '진학자 기타': '0', '진학자 진학자계': '141', '취업자': '0', '대안교육기관진학(학력미인정)': '0', '무직 및 미상': '1'}",foreign_international_combined;arts_sports_combined;other_special_not_separate,4.0,0.007042253521126761,0.02112676056338028,0.0,0.028169014084507043,0.028169014084507043,0.02112676056338028,0.007754051226312858,0.02009968661541468,0.009187055156605723,0.03704079299833325,53.05882352941176,2025.0,3.0,"2023,2024,2025",463.0,150.7,0.8879881689673217,False,2025.0,0.008596913779607298,0.008539313732421307,0.024329412151103277,0.02242185743753508,0.0,0.0075965620041327,0.03292632593071058,0.03855773317408909,68.82352941176471,78.23529411764706,2.3529411764705883,58.82352941176471,55,4,68.23529411764706,170,183,0.9941520467836257,scored
S020000974,부산진중학교,부산진구,N,N,2025.0,2025,학교알리미 공시 13-다,data\raw\advancement\2023\S020000974.html;data\raw\advancement\2024\S020000974.html;data\raw\advancement\2025\S020000974.html,2026-09-05T00:57:44.887056+00:00,middle-score-1.0,False,1.0,2025.0,https://www.schoolinfo.go.kr/ei/pp/Pneipp_b06_s0p.do,df46c7cf-937f-4905-86b1-e75c3a6b0229,available,2025.0,True,,73.0,49.0,20.0,1.0,0.0,0.0,2.0,3.0,1.0,0.0,1.0,0.0,73.0,0.0,0.0,0.0,,,,,,"{'졸업자': '73', '진학자 일반고': '49', '진학자 특성화고': '20', '진학자 특수목적고 과학고': '1', '진학자 특수목적고 외고국제고': '0', '진학자 특수목적고 예고체고': '0', '진학자 특수목적고 마이스터고': '2', '진학자 특수목적고 소계': '3', '진학자 자율고 자율형사립고': '1', '진학자 자율고 자율형공립고': '0', '진학자 자율고 소계': '1', '진학자 기타': '0', '진학자 진학자계': '73', '취업자': '0', '대안교육기관진학(학력미인정)': '0', '무직 및 미상': '0'}",foreign_international_combined;arts_sports_combined;other_special_not_separate,2.0,0.0136986301369863,0.0,0.0136986301369863,0.0273972602739726,0.0,0.0273972602739726,0.010846707495767119,0.01077528416722747,0.018631603167043844,0.040253594830038424,56.41176470588236,2025.0,3.0,"2023,2024,2025",279.0,87.4,0.6731916087854639,False,2025.0,0.013034882078802427,0.010472123404724795,0.00492764589047574,0.012886083977115843,0.009942098573647789,0.01470724673348256,0.027904626542925956,0.038065454115323194,81.76470588235294,28.235294117647058,60.0,58.67647058823528,56,4,67.64705882352942,170,183,0.9941520467836257,scored
S020001401,경남중학교,서구,N,N,2025.0,2025,학교알리미 공시 13-다,data\raw\advancement\2023\S020001401.html;data\raw\advancement\2024\S020001401.html;data\raw\advancement\2025\S020001401.html,2026-09-05T00:57:21.671211+00:00,middle-score-1.0,False,1.0,2025.0,https://www.schoolinfo.go.kr/ei/pp/Pneipp_b06_s0p.do,44628661-bcbd-4a01-8943-73ec1d03c8c7,available,2025.0,True,,132.0,63.0,23.0,1.0,1.0,2.0,5.0,9.0,5.0,32.0,37.0,0.0,132.0,0.0,0.0,0.0,,,,,,"{'졸업자': '132', '진학자 일반고': '63', '진학자 특성화고': '23', '진학자 특수목적고 과학고': '1', '진학자 특수목적고 외고국제고': '1', '진학자 특수목적고 예고체고': '2', '진학자 특수목적고 마이스터고': '5', '진학자 특수목적고 소계': '9', '진학자 자율고 자율형사립고': '5', '진학자 자율고 자율형공립고': '32', '진학자 자율고 소계': '37', '진학자 기타': '0', '진학자 진학자계': '132', '취업자': '0', '대안교육기관진학(학력미인정)': '0', '무직 및 미상': '0'}",foreign_international_combined;arts_sports_combined;other_special_not_separate,7.0,0.007575757575757576,0.007575757575757576,0.03787878787878788,0.05303030303030303,0.015151515151515152,0.03787878787878788,0.008088277572274618,0.012345362762630829,0.031134773051287003,0.051568413386192447,57.26470588235295,2025.0,3.0,"2023,2024,2025",434.0,141.1,0.918389840779337,False,2025.0,0.009159834021585173,0.008871919943938945,0.007658846529814273,0.012577859252984509,0.02968330440680671,0.02510381716354914,0.046501984958206156,0.04655359636047259,70.58823529411765,25.882352941176475,85.88235294117646,58.00000000000001,57,2,67.05882352941175,170,183,0.9941520467836257,scored
S020001875,동양중학교,부산진구,N,N,2025.0,2025,학교알리미 공시 13-다,data\raw\advancement\2023\S020001875.html;data\raw\advancement\2024\S020001875.html;data\raw\advancement\2025\S020001875.html,2026-09-05T00:57:47.630666+00:00,middle-score-1.0,False,1.0,2025.0,https://www.schoolinfo.go.kr/ei/pp/Pneipp_b06_s0p.do,032a0a0d-edba-4084-ae3f-2fa2f7713a54,available,2025.0,True,,172.0,118.0,37.0,3.0,1.0,4.0,6.0,14.0,0.0,0.0,0.0,3.0,172.0,0.0,0.0,0.0,,,,,,"{'졸업자': '172', '진학자 일반고': '118', '진학자 특성화고': '37', '진학자 특수목적고 과학고': '3', '진학자 특수목적고 외고국제고': '1', '진학자 특수목적고 예고체고': '4', '진학자 특수목적고 마이스터고': '6', '진학자 특수목적고 소계': '14', '진학자 자율고 자율형사립고': '0', '진학자 자율고 자율형공립고': '0', '진학자 자율고 소계': '0', '진학자 기타': '3', '진학자 진학자계': '172', '취업자': '0', '대안교육기관진학(학력미인정)': '0', '무직 및 미상': '0'}",foreign_international_combined;arts_sports_combined;other_special_not_separate,4.0,0.01744186046511628,0.005813953488372093,0.0,0.023255813953488372,0.023255813953488372,0.03488372093023256,0.014251766164587175,0.01052986823871453,0.008173777014333033,0.032955411417634736,47.647058823529406,2025.0,3.0,"2023,2024,2025",556.0,181.6,0.6952121249650867,False,2025.0,0.011912419594260266,0.010596110067857989,0.014967332801502588,0.016658409245244296,0.0,0.0067571568612551525,0.026879752395762856,0.034011676174357436,82.35294117647058,58.82352941176471,0.5882352941176471,57.76470588235294,58,5,66.47058823529412,170,183,0.9941520467836257,scored
S020000961,덕명여자중학교,부산진구,N,N,2025.0,2025,학교알리미 공시 13-다,data\raw\advancement\2023\S020000961.html;data\raw\advancement\2024\S020000961.html;data\raw\advancement\2025\S020000961.html,2026-09-05T00:57:40.176747+00:00,middle-score-1.0,False,1.0,2025.0,https://www.schoolinfo.go.kr/ei/pp/Pneipp_b06_s0p.do,b188fd9e-64fe-49fb-ade0-8f2e7bea39d8,available,2025.0,True,,100.0,67.0,26.0,1.0,4.0,1.0,1.0,7.0,0.0,0.0,0.0,0.0,100.0,0.0,0.0,0.0,,,,,,"{'졸업자': '100', '진학자 일반고': '67', '진학자 특성화고': '26', '진학자 특수목적고 과학고': '1', '진학자 특수목적고 외고국제고': '4', '진학자 특수목적고 예고체고': '1', '진학자 특수목적고 마이스터고': '1', '진학자 특수목적고 소계': '7', '진학자 자율고 자율형사립고': '0', '진학자 자율고 자율형공립고': '0', '진학자 자율고 소계': '0', '진학자 기타': '0', '진학자 진학자계': '100', '취업자': '0', '대안교육기관진학(학력미인정)': '0', '무직 및 미상': '0'}",foreign_international_combined;arts_sports_combined;other_special_not_separate,5.0,0.01,0.04,0.0,0.05,0.01,0.01,0.009382401983838558,0.02932062080465176,0.011116336739492924,0.04981935952798324,65.38235294117646,2025.0,3.0,"2023,2024,2025",321.0,103.6,0.8092857414567696,False,2025.0,0.005,0.006653382423697854,0.03744848383313788,0.028588197590083,0.006382978723404255,0.012476096439620082,0.04883146255654214,0.04771767645340093,41.76470588235294,87.6470588235294,40.588235294117645,57.58823529411765,59,6,65.88235294117646,170,183,0.9941520467836257,scored
S020000965,동평중학교,부산진구,N,N,2025.0,2025,학교알리미 공시 13-다,data\raw\advancement\2023\S020000965.html;data\raw\advancement\2024\S020000965.html;data\raw\advancement\2025\S020000965.html,2026-09-05T00:57:42.303799+00:00,middle-score-1.0,False,1.0,2025.0,https://www.schoolinfo.go.kr/ei/pp/Pneipp_b06_s0p.do,67c3baa5-baa9-4fbf-9ff3-ba2734230733,available,2025.0,True,,126.0,82.0,28.0,1.0,2.0,2.0,9.0,14.0,2.0,0.0,2.0,0.0,126.0,0.0,0.0,0.0,,,,,,"{'졸업자': '126', '진학자 일반고': '82', '진학자 특성화고': '28', '진학자 특수목적고 과학고': '1', '진학자 특수목적고 외고국제고': '2', '진학자 특수목적고 예고체고': '2', '진학자 특수목적고 마이스터고': '9', '진학자 특수목적고 소계': '14', '진학자 자율고 자율형사립고': '2', '진학자 자율고 자율형공립고': '0', '진학자 자율고 소계': '2', '진학자 기타': '0', '진학자 진학자계': '126', '취업자': '0', '대안교육기관진학(학력미인정)': '0', '무직 및 미상': '0'}",foreign_international_combined;arts_sports_combined;other_special_not_separate,5.0,0.007936507936507936,0.015873015873015872,0.015873015873015872,0.03968253968253968,0.015873015873015872,0.07142857142857142,0.008303010605166866,0.017097894517390938,0.018687023663268073,0.044087928785825875,65.29411764705884,2025.0,3.0,"2023,2024,2025",357.0,121.5,0.8268390357483311,False,2025.0,0.010110982062201575,0.00928150099317204,0.010375532326751839,0.014600447747252646,0.007936507936507936,0.01289338480938421,0.028423022325461348,0.03677533354980889,74.11764705882354,43.529411764705884,43.529411764705884,57.294117647058826,60,7,65.29411764705883,170,183,0.9941520467836257,scored
S020001445,해동중학교,영도구,N,N,2025.0,2025,학교알리미 공시 13-다,data\raw\advancement\2023\S020001445.html;data\raw\advancement\2024\S020001445.html;data\raw\advancement\2025\S020001445.html,2026-09-05T00:57:36.321324+00:00,middle-score-1.0,False,1.0,2025.0,https://www.schoolinfo.go.kr/ei/pp/Pneipp_b06_s0p.do,bcfce7b2-d1cc-436b-aaaf-cfdfb8833c6a,available,2025.0,True,,91.0,65.0,23.0,0.0,0.0,1.0,0.0,1.0,2.0,0.0,2.0,0.0,91.0,0.0,0.0,0.0,,,,,,"{'졸업자': '91', '진학자 일반고': '65', '진학자 특성화고': '23', '진학자 특수목적고 과학고': '0', '진학자 특수목적고 외고국제고': '0', '진학자 특수목적고 예고체고': '1', '진학자 특수목적고 마이스터고': '0', '진학자 특수목적고 소계': '1', '진학자 자율고 자율형사립고': '2', '진학자 자율고 자율형공립고': '0', '진학자 자율고 소계': '2', '진학자 기타': '0', '진학자 진학자계': '91', '취업자': '0', '대안교육기관진학(학력미인정)': '0', '무직 및 미상': '0'}",foreign_international_combined;arts_sports_combined;other_special_not_separate,2.0,0.0,0.0,0.02197802197802198,0.02197802197802198,0.01098901098901099,0.0,0.00458890260087807,0.009759812360891896,0.022111347371196778,0.03646006233296674,31.911764705882355,2025.0,3.0,"2023,2024,2025",305.0,98.1,0.631312062575567,False,2025.0,0.004785362420830401,0.006707745246543302,0.013969035890218156,0.01679830486737672,0.017111459968602825,0.017905223449563003,0.03586585827965138,0.041411273563483016,45.294117647058826,61.1764705882353,75.88235294117646,56.970588235294116,61,2,64.70588235294117,170,183,0.9941520467836257,scored
S020001919,장산중학교,해운대구,N,N,2025.0,2025,학교알리미 공시 13-다,data\raw\advancement\2023\S020001919.html;data\raw\advancement\2024\S020001919.html;data\raw\advancement\2025\S020001919.html,2026-09-05T00:58:31.219420+00:00,middle-score-1.0,False,1.0,2025.0,https://www.schoolinfo.go.kr/ei/pp/Pneipp_b06_s0p.do,f7a2f366-14e1-4cd6-b9e5-69757d5ea38f,available,2025.0,True,,269.0,195.0,50.0,0.0,5.0,8.0,8.0,21.0,3.0,0.0,3.0,0.0,269.0,0.0,0.0,0.0,,,,,,"{'졸업자': '269', '진학자 일반고': '195', '진학자 특성화고': '50', '진학자 특수목적고 과학고': '0', '진학자 특수목적고 외고국제고': '5', '진학자 특수목적고 예고체고': '8', '진학자 특수목적고 마이스터고': '8', '진학자 특수목적고 소계': '21', '진학자 자율고 자율형사립고': '3', '진학자 자율고 자율형공립고': '0', '진학자 자율고 소계': '3', '진학자 기타': '0', '진학자 진학자계': '269', '취업자': '0', '대안교육기관진학(학력미인정)': '0', '무직 및 미상': '0'}",foreign_international_combined;arts_sports_combined;other_special_not_separate,8.0,0.0,0.01858736059479554,0.011152416356877323,0.02973977695167286,0.02973977695167286,0.02973977695167286,0.002375285628096779,0.01860196249574621,0.014155196064765811,0.0351324441886088,33.352941176470594,2025.0,3.0,"2023,2024,2025",781.0,261.9,0.6442150397388156,False,2025.0,0.006653435114503817,0.00710745842111686,0.025437191747779447,0.023740008656936616,0.007976208178438662,0.01098514853855733,0.04006683504072193,0.04183261561661081,51.17647058823529,81.76470588235294,25.882352941176475,56.823529411764696,62,11,64.11764705882354,170,183,0.9941520467836257,scored
S020001624,동아중학교,수영구,N,N,2025.0,2025,학교알리미 공시 13-다,data\raw\advancement\2023\S020001624.html;data\raw\advancement\2024\S020001624.html;data\raw\advancement\2025\S020001624.html,2026-09-05T00:58:59.114075+00:00,middle-score-1.0,False,1.0,2025.0,https://www.schoolinfo.go.kr/ei/pp/Pneipp_b06_s0p.do,a67cb847-c312-4367-bcd7-a98924cdc821,available,2025.0,True,,184.0,130.0,34.0,1.0,2.0,10.0,0.0,13.0,5.0,0.0,5.0,1.0,183.0,0.0,0.0,1.0,,,,,,"{'졸업자': '184', '진학자 일반고': '130', '진학자 특성화고': '34', '진학자 특수목적고 과학고': '1', '진학자 특수목적고 외고국제고': '2', '진학자 특수목적고 예고체고': '10', '진학자 특수목적고 마이스터고': '0', '진학자 특수목적고 소계': '13', '진학자 자율고 자율형사립고': '5', '진학자 자율고 자율형공립고': '0', '진학자 자율고 소계': '5', '진학자 기타': '1', '진학자 진학자계': '183', '취업자': '0', '대안교육기관진학(학력미인정)': '0', '무직 및 미상': '1'}",foreign_international_combined;arts_sports_combined;other_special_not_separate,8.0,0.005434782608695652,0.010869565217391304,0.02717391304347826,0.043478260869565216,0.05434782608695652,0.0,0.006607325340731379,0.013606070989191381,0.02543403995738938,0.04564743628731214,51.66176470588235,2025.0,3.0,"2023,2024,2025",504.0,171.1,0.8947845514357753,False,2025.0,0.005887578223897965,0.0068085189397493594,0.016551989395795462,0.0174438103438177,0.014770388474401852,0.01648820771711283,0.037209956094095276,0.040740537000679894,46.470588235294116,64.11764705882354,67.05882352941175,56.76470588235295,63,2,63.52941176470588,170,183,0.9941520467836257,scored
S020000960,광무여자중학교,부산진구,N,N,2025.0,2025,학교알리미 공시 13-다,data\raw\advancement\2023\S020000960.html;data\raw\advancement\2024\S020000960.html;data\raw\advancement\2025\S020000960.html,2026-09-05T00:57:40.082402+00:00,middle-score-1.0,False,1.0,2025.0,https://www.schoolinfo.go.kr/ei/pp/Pneipp_b06_s0p.do,79a5be75-2c0f-4ce3-a320-e3ce472be35e,available,2025.0,True,,101.0,72.0,22.0,1.0,2.0,2.0,2.0,7.0,0.0,0.0,0.0,0.0,101.0,0.0,0.0,0.0,,,,,,"{'졸업자': '101', '진학자 일반고': '72', '진학자 특성화고': '22', '진학자 특수목적고 과학고': '1', '진학자 특수목적고 외고국제고': '2', '진학자 특수목적고 예고체고': '2', '진학자 특수목적고 마이스터고': '2', '진학자 특수목적고 소계': '7', '진학자 자율고 자율형사립고': '0', '진학자 자율고 자율형공립고': '0', '진학자 자율고 소계': '0', '진학자 기타': '0', '진학자 진학자계': '101', '취업자': '0', '대안교육기관진학(학력미인정)': '0', '무직 및 미상': '0'}",foreign_international_combined;arts_sports_combined;other_special_not_separate,3.0,0.009900990099009901,0.019801980198019802,0.0,0.0297029702970297,0.019801980198019802,0.019801980198019802,0.00933572336700354,0.019224498313086327,0.011061031581585,0.039621253261674864,59.30882352941178,2025.0,3.0,"2023,2024,2025",342.0,109.0,0.8486927854991927,False,2025.0,0.00786311640872825,0.008019566934704164,0.021509263632146246,0.020795122311133233,0.0,0.009184182536696797,0.029372380040874495,0.037998871782534194,62.94117647058823,75.29411764705883,9.411764705882353,56.55882352941176,64,8,62.94117647058823,170,183,0.9941520467836257,scored
S020000771,부산내성중학교,동래구,N,N,2025.0,2025,학교알리미 공시 13-다,data\raw\advancement\2023\S020000771.html;data\raw\advancement\2024\S020000771.html;data\raw\advancement\2025\S020000771.html,2026-09-05T00:57:48.844494+00:00,middle-score-1.0,False,1.0,2025.0,https://www.schoolinfo.go.kr/ei/pp/Pneipp_b06_s0p.do,4eebbd4a-fba1-4992-a183-73c13072ff2a,available,2025.0,True,,161.0,109.0,37.0,1.0,2.0,1.0,6.0,10.0,5.0,0.0,5.0,0.0,161.0,0.0,0.0,0.0,,,,,,"{'졸업자': '161', '진학자 일반고': '109', '진학자 특성화고': '37', '진학자 특수목적고 과학고': '1', '진학자 특수목적고 외고국제고': '2', '진학자 특수목적고 예고체고': '1', '진학자 특수목적고 마이스터고': '6', '진학자 특수목적고 소계': '10', '진학자 자율고 자율형사립고': '5', '진학자 자율고 자율형공립고': '0', '진학자 자율고 소계': '5', '진학자 기타': '0', '진학자 진학자계': '161', '취업자': '0', '대안교육기관진학(학력미인정)': '0', '무직 및 미상': '0'}",foreign_international_combined;arts_sports_combined;other_special_not_separate,8.0,0.006211180124223602,0.012422360248447204,0.031055900621118012,0.049689440993788817,0.006211180124223602,0.037267080745341616,0.007189580064244105,0.014805073413526253,0.027675353823366226,0.04967000730113658,58.44117647058824,2025.0,3.0,"2023,2024,2025",539.0,175.8,0.785419148098365,False,2025.0,0.009196960620487435,0.00902488087722674,0.008421124875604818,0.012335654990783934,0.024516367732103164,0.022368708050156165,0.042134453228195416,0.043729243918166835,72.35294117647058,21.764705882352942,81.76470588235294,56.529411764705884,65,8,62.35294117647059,170,183,0.9941520467836257,scored
S020001837,금명중학교,북구,N,N,2025.0,2025,학교알리미 공시 13-다,data\raw\advancement\2023\S020001837.html;data\raw\advancement\2024\S020001837.html;data\raw\advancement\2025\S020001837.html,2026-09-05T00:58:19.063659+00:00,middle-score-1.0,False,1.0,2025.0,https://www.schoolinfo.go.kr/ei/pp/Pneipp_b06_s0p.do,f2a34e92-6b0e-42b9-bb08-c71e438bbf85,available,2025.0,True,,135.0,106.0,19.0,1.0,1.0,1.0,4.0,7.0,3.0,0.0,3.0,0.0,135.0,0.0,0.0,0.0,,,,,,"{'졸업자': '135', '진학자 일반고': '106', '진학자 특성화고': '19', '진학자 특수목적고 과학고': '1', '진학자 특수목적고 외고국제고': '1', '진학자 특수목적고 예고체고': '1', '진학자 특수목적고 마이스터고': '4', '진학자 특수목적고 소계': '7', '진학자 자율고 자율형사립고': '3', '진학자 자율고 자율형공립고': '0', '진학자 자율고 소계': '3', '진학자 기타': '0', '진학자 진학자계': '135', '취업자': '0', '대안교육기관진학(학력미인정)': '0', '무직 및 미상': '0'}",foreign_international_combined;arts_sports_combined;other_special_not_separate,5.0,0.007407407407407408,0.007407407407407408,0.022222222222222223,0.037037037037037035,0.007407407407407408,0.02962962962962963,0.007985022964968985,0.012187762386937669,0.02222666956552589,0.04239945491743254,54.10294117647059,2025.0,3.0,"2023,2024,2025",469.0,150.4,0.9115998451203978,False,2025.0,0.006015842432027404,0.00697779545757655,0.012313189216933876,0.015236425122483785,0.024154589371980676,0.022091039377303806,0.042483621020941956,0.044305259957364146,50.588235294117645,47.647058823529406,81.17647058823529,55.6764705882353,66,4,61.76470588235294,170,183,0.9941520467836257,scored
S020001399,감천중학교,사하구,N,N,2025.0,2025,학교알리미 공시 13-다,data\raw\advancement\2023\S020001399.html;data\raw\advancement\2024\S020001399.html;data\raw\advancement\2025\S020001399.html,2026-09-05T00:58:31.658919+00:00,middle-score-1.0,False,1.0,2025.0,https://www.schoolinfo.go.kr/ei/pp/Pneipp_b06_s0p.do,9f97259e-df54-4728-8d3c-d77d528d5500,available,2025.0,True,,99.0,63.0,32.0,1.0,1.0,0.0,2.0,4.0,0.0,0.0,0.0,0.0,99.0,0.0,0.0,0.0,,,,,,"{'졸업자': '99', '진학자 일반고': '63', '진학자 특성화고': '32', '진학자 특수목적고 과학고': '1', '진학자 특수목적고 외고국제고': '1', '진학자 특수목적고 예고체고': '0', '진학자 특수목적고 마이스터고': '2', '진학자 특수목적고 소계': '4', '진학자 자율고 자율형사립고': '0', '진학자 자율고 자율형공립고': '0', '진학자 자율고 소계': '0', '진학자 기타': '0', '진학자 진학자계': '99', '취업자': '0', '대안교육기관진학(학력미인정)': '0', '무직 및 미상': '0'}",foreign_international_combined;arts_sports_combined;other_special_not_separate,2.0,0.010101010101010102,0.010101010101010102,0.0,0.020202020202020204,0.0,0.020202020202020204,0.009429549732501062,0.0143925837232681,0.011172197728133593,0.03499433118390275,52.83823529411764,2025.0,3.0,"2023,2024,2025",289.0,97.0,0.6538693319747952,False,2025.0,0.008208399787347156,0.008323544577477308,0.017682083997873473,0.018558498151132446,0.0,0.009561452575243943,0.025890483785220623,0.0364434953038537,63.52941176470588,69.41176470588235,13.529411764705882,55.58823529411765,67,7,61.1764705882353,170,183,0.9941520467836257,scored
S020000976,서면중학교,부산진구,N,N,2025.0,2025,학교알리미 공시 13-다,data\raw\advancement\2023\S020000976.html;data\raw\advancement\2024\S020000976.html;data\raw\advancement\2025\S020000976.html,2026-09-05T00:57:45.591919+00:00,middle-score-1.0,False,1.0,2025.0,https://www.schoolinfo.go.kr/ei/pp/Pneipp_b06_s0p.do,2e1cac7d-cf4a-432d-8a5f-1f542b79a48e,available,2025.0,True,,72.0,50.0,16.0,2.0,0.0,1.0,2.0,5.0,1.0,0.0,1.0,0.0,72.0,0.0,0.0,0.0,,,,,,"{'졸업자': '72', '진학자 일반고': '50', '진학자 특성화고': '16', '진학자 특수목적고 과학고': '2', '진학자 특수목적고 외고국제고': '0', '진학자 특수목적고 예고체고': '1', '진학자 특수목적고 마이스터고': '2', '진학자 특수목적고 소계': '5', '진학자 자율고 자율형사립고': '1', '진학자 자율고 자율형공립고': '0', '진학자 자율고 소계': '1', '진학자 기타': '0', '진학자 진학자계': '72', '취업자': '0', '대안교육기관진학(학력미인정)': '0', '무직 및 미상': '0'}",foreign_international_combined;arts_sports_combined;other_special_not_separate,3.0,0.027777777777777776,0.0,0.013888888888888888,0.041666666666666664,0.013888888888888888,0.027777777777777776,0.01672372323702158,0.010837931168199722,0.018739926441270843,0.046301580846492135,63.76470588235294,2025.0,3.0,"2023,2024,2025",230.0,75.1,0.70982855152059,False,2025.0,0.018708165997322623,0.012814966051875728,0.0,0.01110529663616919,0.006944444444444444,0.013742738165945637,0.025652610441767067,0.037663000853990554,89.41176470588236,11.76470588235294,52.352941176470594,54.82352941176472,68,9,60.588235294117645,170,183,0.9941520467836257,scored
S020001622,동백중학교,해운대구,N,N,2025.0,2025,학교알리미 공시 13-다,data\raw\advancement\2023\S020001622.html;data\raw\advancement\2024\S020001622.html;data\raw\advancement\2025\S020001622.html,2026-09-05T00:58:21.022961+00:00,middle-score-1.0,False,1.0,2025.0,https://www.schoolinfo.go.kr/ei/pp/Pneipp_b06_s0p.do,5305afaf-5e4b-408f-b6d0-8d0a23509b2e,available,2025.0,True,,179.0,135.0,27.0,2.0,0.0,4.0,0.0,6.0,5.0,0.0,5.0,3.0,176.0,0.0,0.0,3.0,,,,,,"{'졸업자': '179', '진학자 일반고': '135', '진학자 특성화고': '27', '진학자 특수목적고 과학고': '2', '진학자 특수목적고 외고국제고': '0', '진학자 특수목적고 예고체고': '4', '진학자 특수목적고 마이스터고': '0', '진학자 특수목적고 소계': '6', '진학자 자율고 자율형사립고': '5', '진학자 자율고 자율형공립고': '0', '진학자 자율고 소계': '5', '진학자 기타': '3', '진학자 진학자계': '176', '취업자': '0', '대안교육기관진학(학력미인정)': '0', '무직 및 미상': '3'}",foreign_international_combined;arts_sports_combined;other_special_not_separate,7.0,0.0111731843575419,0.0,0.027932960893854747,0.03910614525139665,0.0223463687150838,0.0,0.010309965579812586,0.006681448605485133,0.025889847125084534,0.04288126131038225,50.3529411764706,2025.0,3.0,"2023,2024,2025",614.0,197.7,0.8852437789834834,False,2025.0,0.00558659217877095,0.006431620863158083,0.01411075387088586,0.01624046869956314,0.024250768457757393,0.022412275725793157,0.043948114507414204,0.04508436528851438,40.0,56.470588235294116,82.35294117647058,54.23529411764706,69,12,60.0,170,183,0.9941520467836257,scored
S020001230,주례여자중학교,사상구,N,N,2025.0,2025,학교알리미 공시 13-다,data\raw\advancement\2023\S020001230.html;data\raw\advancement\2024\S020001230.html;data\raw\advancement\2025\S020001230.html,2026-09-05T00:59:08.871508+00:00,middle-score-1.0,False,1.0,2025.0,https://www.schoolinfo.go.kr/ei/pp/Pneipp_b06_s0p.do,3332bf88-887a-4888-91bc-c1e64e3501d2,available,2025.0,True,,71.0,53.0,15.0,0.0,0.0,2.0,0.0,2.0,0.0,0.0,0.0,0.0,70.0,0.0,0.0,1.0,,,,,,"{'졸업자': '71', '진학자 일반고': '53', '진학자 특성화고': '15', '진학자 특수목적고 과학고': '0', '진학자 특수목적고 외고국제고': '0', '진학자 특수목적고 예고체고': '2', '진학자 특수목적고 마이스터고': '0', '진학자 특수목적고 소계': '2', '진학자 자율고 자율형사립고': '0', '진학자 자율고 자율형공립고': '0', '진학자 자율고 소계': '0', '진학자 기타': '0', '진학자 진학자계': '70', '취업자': '0', '대안교육기관진학(학력미인정)': '0', '무직 및 미상': '1'}",foreign_international_combined;arts_sports_combined;other_special_not_separate,0.0,0.0,0.0,0.0,0.0,0.028169014084507043,0.0,0.005125616355366733,0.010901310882633637,0.01300156343800342,0.029028490676003788,29.352941176470587,2025.0,3.0,"2023,2024,2025",216.0,71.9,0.6251194198576129,False,2025.0,0.008108108108108109,0.008347241536083502,0.010925009516558813,0.01595281014438734,0.0,0.010978887581545426,0.01903311762466692,0.035278939262016265,66.47058823529412,54.70588235294118,25.294117647058822,54.11764705882353,70,1,59.411764705882355,170,183,0.9941520467836257,scored
S020001408,대동중학교,사하구,N,N,2025.0,2025,학교알리미 공시 13-다,data\raw\advancement\2023\S020001408.html;data\raw\advancement\2024\S020001408.html;data\raw\advancement\2025\S020001408.html,2026-09-05T00:58:34.351900+00:00,middle-score-1.0,False,1.0,2025.0,https://www.schoolinfo.go.kr/ei/pp/Pneipp_b06_s0p.do,d9ac0474-6e17-426e-ae67-f2fcc1ab4ba9,available,2025.0,True,,157.0,103.0,45.0,3.0,1.0,0.0,3.0,7.0,2.0,0.0,2.0,0.0,157.0,0.0,0.0,0.0,,,,,,"{'졸업자': '157', '진학자 일반고': '103', '진학자 특성화고': '45', '진학자 특수목적고 과학고': '3', '진학자 특수목적고 외고국제고': '1', '진학자 특수목적고 예고체고': '0', '진학자 특수목적고 마이스터고': '3', '진학자 특수목적고 소계': '7', '진학자 자율고 자율형사립고': '2', '진학자 자율고 자율형공립고': '0', '진학자 자율고 소계': '2', '진학자 기타': '0', '진학자 진학자계': '157', '취업자': '0', '대안교육기관진학(학력미인정)': '0', '무직 및 미상': '0'}",foreign_international_combined;arts_sports_combined;other_special_not_separate,6.0,0.01910828025477707,0.006369426751592357,0.012738853503184714,0.03821656050955414,0.0,0.01910828025477707,0.015083581310380201,0.011144451988055845,0.016432946878982817,0.042660980177418865,61.5,2025.0,3.0,"2023,2024,2025",478.0,157.4,0.8370079790162066,False,2025.0,0.01478519806780608,0.012272074182274526,0.0043341386631525,0.01022673116914204,0.011600484692009902,0.014423108058922843,0.03071982142296848,0.036921913410339416,88.23529411764706,7.647058823529412,57.647058823529406,53.91176470588235,71,8,58.82352941176471,170,183,0.9941520467836257,scored
S020000959,거제여자중학교,연제구,N,N,2025.0,2025,학교알리미 공시 13-다,data\raw\advancement\2023\S020000959.html;data\raw\advancement\2024\S020000959.html;data\raw\advancement\2025\S020000959.html,2026-09-05T00:58:54.618683+00:00,middle-score-1.0,False,1.0,2025.0,https://www.schoolinfo.go.kr/ei/pp/Pneipp_b06_s0p.do,95d8896d-c6ad-44a7-9b7f-c4c6cb3127f4,available,2025.0,True,,272.0,178.0,49.0,0.0,9.0,19.0,1.0,29.0,14.0,0.0,14.0,0.0,270.0,0.0,0.0,2.0,,,,,,"{'졸업자': '272', '진학자 일반고': '178', '진학자 특성화고': '49', '진학자 특수목적고 과학고': '0', '진학자 특수목적고 외고국제고': '9', '진학자 특수목적고 예고체고': '19', '진학자 특수목적고 마이스터고': '1', '진학자 특수목적고 소계': '29', '진학자 자율고 자율형사립고': '14', '진학자 자율고 자율형공립고': '0', '진학자 자율고 소계': '14', '진학자 기타': '0', '진학자 진학자계': '270', '취업자': '0', '대안교육기관진학(학력미인정)': '0', '무직 및 미상': '2'}",foreign_international_combined;arts_sports_combined;other_special_not_separate,23.0,0.0,0.03308823529411765,0.051470588235294115,0.08455882352941177,0.06985294117647059,0.003676470588235294,0.002356130098837934,0.029204634841210622,0.04361093373091017,0.07517169867095873,50.0,2025.0,3.0,"2023,2024,2025",770.0,260.1,0.9069848112241387,False,2025.0,0.0020150036299104624,0.0037739626181316965,0.03633761607409762,0.03161313066065451,0.02933132541554171,0.026606723942673806,0.0676839451195498,0.061993817221460024,5.294117647058823,91.17647058823529,87.6470588235294,51.8235294117647,72,5,57.94117647058824,170,183,0.9941520467836257,scored
S020001443,하남중학교,사하구,N,N,2025.0,2025,학교알리미 공시 13-다,data\raw\advancement\2023\S020001443.html;data\raw\advancement\2024\S020001443.html;data\raw\advancement\2025\S020001443.html,2026-09-05T00:58:38.722393+00:00,middle-score-1.0,False,1.0,2025.0,https://www.schoolinfo.go.kr/ei/pp/Pneipp_b06_s0p.do,5bea08e8-567d-455d-a07f-6ac8a0d40ff4,available,2025.0,True,,122.0,92.0,23.0,1.0,0.0,1.0,3.0,5.0,0.0,0.0,0.0,0.0,120.0,0.0,2.0,0.0,,,,,,"{'졸업자': '122', '진학자 일반고': '92', '진학자 특성화고': '23', '진학자 특수목적고 과학고': '1', '진학자 특수목적고 외고국제고': '0', '진학자 특수목적고 예고체고': '1', '진학자 특수목적고 마이스터고': '3', '진학자 특수목적고 소계': '5', '진학자 자율고 자율형사립고': '0', '진학자 자율고 자율형공립고': '0', '진학자 자율고 소계': '0', '진학자 기타': '0', '진학자 진학자계': '120', '취업자': '0', '대안교육기관진학(학력미인정)': '2', '무직 및 미상': '0'}",foreign_international_combined;arts_sports_combined;other_special_not_separate,1.0,0.00819672131147541,0.0,0.0,0.00819672131147541,0.00819672131147541,0.02459016393442623,0.008452614399854556,0.00839695567986645,0.01001471778332696,0.026864287863047964,34.97058823529412,2025.0,3.0,"2023,2024,2025",394.0,128.6,0.7192298616927186,False,2025.0,0.012929529486906538,0.011029865835322353,0.008831168831168832,0.013594951885376742,0.0,0.008315982708532978,0.02176069831807537,0.03294080042923207,84.70588235294117,36.470588235294116,4.705882352941177,51.8235294117647,72,9,57.94117647058824,170,183,0.9941520467836257,scored
S020000777,부곡여자중학교,금정구,N,N,2025.0,2025,학교알리미 공시 13-다,data\raw\advancement\2023\S020000777.html;data\raw\advancement\2024\S020000777.html;data\raw\advancement\2025\S020000777.html,2026-09-05T00:58:43.315481+00:00,middle-score-1.0,False,1.0,2025.0,https://www.schoolinfo.go.kr/ei/pp/Pneipp_b06_s0p.do,2786dc8a-9ba3-4ad4-90b4-1f8a280f866b,available,2025.0,True,,180.0,124.0,38.0,0.0,9.0,9.0,0.0,18.0,0.0,0.0,0.0,0.0,180.0,0.0,0.0,0.0,,,,,,"{'졸업자': '180', '진학자 일반고': '124', '진학자 특성화고': '38', '진학자 특수목적고 과학고': '0', '진학자 특수목적고 외고국제고': '9', '진학자 특수목적고 예고체고': '9', '진학자 특수목적고 마이스터고': '0', '진학자 특수목적고 소계': '18', '진학자 자율고 자율형사립고': '0', '진학자 자율고 자율형공립고': '0', '진학자 자율고 소계': '0', '진학자 기타': '0', '진학자 진학자계': '180', '취업자': '0', '대안교육기관진학(학력미인정)': '0', '무직 및 미상': '0'}",foreign_international_combined;arts_sports_combined;other_special_not_separate,9.0,0.0,0.05,0.0,0.05,0.05,0.0,0.003130287131313255,0.038800443431894115,0.007940240528209233,0.0498709710914166,35.3235294117647,2025.0,3.0,"2023,2024,2025",588.0,192.6,0.5946262591142149,False,2025.0,0.0034487734487734494,0.005198051385740098,0.04753968253968254,0.03786191447119816,0.008744588744588746,0.012384727035009566,0.05973304473304474,0.055444692891947825,22.35294117647059,96.47058823529412,39.411764705882355,51.70588235294118,74,8,57.05882352941176,170,183,0.9941520467836257,scored
S020001627,반송여자중학교,해운대구,N,N,2025.0,2025,학교알리미 공시 13-다,data\raw\advancement\2023\S020001627.html;data\raw\advancement\2024\S020001627.html;data\raw\advancement\2025\S020001627.html,2026-09-05T00:58:21.544331+00:00,middle-score-1.0,False,1.0,2025.0,https://www.schoolinfo.go.kr/ei/pp/Pneipp_b06_s0p.do,9158c6bf-6b20-43d5-8f1a-5d3f5203fce9,available,2025.0,True,,73.0,45.0,24.0,1.0,1.0,0.0,0.0,2.0,1.0,0.0,1.0,1.0,73.0,0.0,0.0,0.0,,,,,,"{'졸업자': '73', '진학자 일반고': '45', '진학자 특성화고': '24', '진학자 특수목적고 과학고': '1', '진학자 특수목적고 외고국제고': '1', '진학자 특수목적고 예고체고': '0', '진학자 특수목적고 마이스터고': '0', '진학자 특수목적고 소계': '2', '진학자 자율고 자율형사립고': '1', '진학자 자율고 자율형공립고': '0', '진학자 자율고 소계': '1', '진학자 기타': '1', '진학자 진학자계': '73', '취업자': '0', '대안교육기관진학(학력미인정)': '0', '무직 및 미상': '0'}",foreign_international_combined;arts_sports_combined;other_special_not_separate,3.0,0.0136986301369863,0.0136986301369863,0.0136986301369863,0.0410958904109589,0.0,0.0,0.010846707495767119,0.016555630988036717,0.018631603167043844,0.046033941650847676,69.69117647058823,2025.0,3.0,"2023,2024,2025",229.0,74.6,0.6511041648574154,False,2025.0,0.00684931506849315,0.0077218748620182884,0.00684931506849315,0.014020080420624746,0.00684931506849315,0.01377300245269674,0.02054794520547945,0.035514957735339775,58.82352941176471,40.0,54.11764705882353,51.294117647058826,75,13,56.470588235294116,170,183,0.9941520467836257,scored
S020000978,연산중학교,연제구,N,N,2025.0,2025,학교알리미 공시 13-다,data\raw\advancement\2023\S020000978.html;data\raw\advancement\2024\S020000978.html;data\raw\advancement\2025\S020000978.html,2026-09-05T00:58:54.969501+00:00,middle-score-1.0,False,1.0,2025.0,https://www.schoolinfo.go.kr/ei/pp/Pneipp_b06_s0p.do,d38b285e-df77-431e-8112-8d8e1f4cf357,available,2025.0,True,,113.0,75.0,24.0,1.0,0.0,2.0,8.0,11.0,0.0,0.0,0.0,1.0,111.0,0.0,0.0,2.0,,,,,,"{'졸업자': '113', '진학자 일반고': '75', '진학자 특성화고': '24', '진학자 특수목적고 과학고': '1', '진학자 특수목적고 외고국제고': '0', '진학자 특수목적고 예고체고': '2', '진학자 특수목적고 마이스터고': '8', '진학자 특수목적고 소계': '11', '진학자 자율고 자율형사립고': '0', '진학자 자율고 자율형공립고': '0', '진학자 자율고 소계': '0', '진학자 기타': '1', '진학자 진학자계': '111', '취업자': '0', '대안교육기관진학(학력미인정)': '0', '무직 및 미상': '2'}",foreign_international_combined;arts_sports_combined;other_special_not_separate,1.0,0.008849557522123894,0.0,0.0,0.008849557522123894,0.017699115044247787,0.07079646017699115,0.008809767120975172,0.00875175662408616,0.01043787487276331,0.027999398617824637,36.529411764705884,2025.0,3.0,"2023,2024,2025",397.0,127.6,0.7149074297822897,False,2025.0,0.006522680858964045,0.00730622403136094,0.011967465158954521,0.01559466456700841,0.006293706293706294,0.012120519366042349,0.02478385231162486,0.035021407964411694,54.70588235294118,52.94117647058824,37.05882352941177,50.55882352941177,76,6,55.88235294117647,170,183,0.9941520467836257,scored
S020001417,부산대신중학교,서구,N,N,2025.0,2025,학교알리미 공시 13-다,data\raw\advancement\2023\S020001417.html;data\raw\advancement\2024\S020001417.html;data\raw\advancement\2025\S020001417.html,2026-09-05T00:57:22.711074+00:00,middle-score-1.0,False,1.0,2025.0,https://www.schoolinfo.go.kr/ei/pp/Pneipp_b06_s0p.do,9c8b164a-2da7-4570-9199-487b2b82e1d7,available,2025.0,True,,147.0,79.0,26.0,2.0,1.0,4.0,5.0,12.0,4.0,26.0,30.0,0.0,147.0,0.0,0.0,0.0,,,,,,"{'졸업자': '147', '진학자 일반고': '79', '진학자 특성화고': '26', '진학자 특수목적고 과학고': '2', '진학자 특수목적고 외고국제고': '1', '진학자 특수목적고 예고체고': '4', '진학자 특수목적고 마이스터고': '5', '진학자 특수목적고 소계': '12', '진학자 자율고 자율형사립고': '4', '진학자 자율고 자율형공립고': '26', '진학자 자율고 소계': '30', '진학자 기타': '0', '진학자 진학자계': '147', '취업자': '0', '대안교육기관진학(학력미인정)': '0', '무직 및 미상': '0'}",foreign_international_combined;arts_sports_combined;other_special_not_separate,7.0,0.013605442176870748,0.006802721088435374,0.027210884353741496,0.047619047619047616,0.027210884353741496,0.034013605442176874,0.011645669622541342,0.011595644376236242,0.02519541436396188,0.04843672836273946,63.94117647058823,2025.0,3.0,"2023,2024,2025",477.0,154.6,0.6307843406195557,False,2025.0,0.006802721088435374,0.007367853936292291,0.008740070818367675,0.013002213296606824,0.016957397484133316,0.017745585777952662,0.032500189390936365,0.03811565301085178,55.294117647058826,30.0,75.29411764705883,50.44117647058823,77,3,55.294117647058826,170,183,0.9941520467836257,scored
S020000772,동래여자중학교,금정구,N,N,2025.0,2025,학교알리미 공시 13-다,data\raw\advancement\2023\S020000772.html;data\raw\advancement\2024\S020000772.html;data\raw\advancement\2025\S020000772.html,2026-09-05T00:58:42.200034+00:00,middle-score-1.0,False,1.0,2025.0,https://www.schoolinfo.go.kr/ei/pp/Pneipp_b06_s0p.do,baf23f9b-7afc-48dc-b3a0-06aef9ef5ae3,available,2025.0,True,,151.0,101.0,23.0,0.0,6.0,17.0,0.0,23.0,3.0,0.0,3.0,1.0,151.0,0.0,0.0,0.0,,,,,,"{'졸업자': '151', '진학자 일반고': '101', '진학자 특성화고': '23', '진학자 특수목적고 과학고': '0', '진학자 특수목적고 외고국제고': '6', '진학자 특수목적고 예고체고': '17', '진학자 특수목적고 마이스터고': '0', '진학자 특수목적고 소계': '23', '진학자 자율고 자율형사립고': '3', '진학자 자율고 자율형공립고': '0', '진학자 자율고 소계': '3', '진학자 기타': '1', '진학자 진학자계': '151', '취업자': '0', '대안교육기관진학(학력미인정)': '0', '무직 및 미상': '0'}",foreign_international_combined;arts_sports_combined;other_special_not_separate,9.0,0.0,0.039735099337748346,0.019867549668874173,0.059602649006622516,0.11258278145695365,0.0,0.0034919537719829137,0.03133117195589782,0.020809830071309102,0.05563295579918983,51.02941176470588,2025.0,3.0,"2023,2024,2025",500.0,162.1,0.9706693029143632,False,2025.0,0.0,0.003224990870142161,0.0487744162829231,0.03768568048249611,0.021072291014389732,0.02027860893031756,0.06984670729731284,0.06118928028295584,1.7647058823529411,95.29411764705881,78.82352941176471,49.91176470588235,78,9,54.70588235294118,170,183,0.9941520467836257,scored
S020001434,영도제일중학교,영도구,N,N,2025.0,2025,학교알리미 공시 13-다,data\raw\advancement\2023\S020001434.html;data\raw\advancement\2024\S020001434.html;data\raw\advancement\2025\S020001434.html,2026-09-05T00:57:34.602633+00:00,middle-score-1.0,False,1.0,2025.0,https://www.schoolinfo.go.kr/ei/pp/Pneipp_b06_s0p.do,1df5d717-18c4-4e55-9e15-9204fc00b52f,available,2025.0,True,,135.0,97.0,20.0,1.0,3.0,7.0,5.0,16.0,0.0,1.0,1.0,0.0,134.0,0.0,0.0,1.0,,,,,,"{'졸업자': '135', '진학자 일반고': '97', '진학자 특성화고': '20', '진학자 특수목적고 과학고': '1', '진학자 특수목적고 외고국제고': '3', '진학자 특수목적고 예고체고': '7', '진학자 특수목적고 마이스터고': '5', '진학자 특수목적고 소계': '16', '진학자 자율고 자율형사립고': '0', '진학자 자율고 자율형공립고': '1', '진학자 자율고 소계': '1', '진학자 기타': '0', '진학자 진학자계': '134', '취업자': '0', '대안교육기관진학(학력미인정)': '0', '무직 및 미상': '1'}",foreign_international_combined;arts_sports_combined;other_special_not_separate,4.0,0.007407407407407408,0.022222222222222223,0.0,0.02962962962962963,0.05185185185185185,0.037037037037037035,0.007985022964968985,0.02069840068481001,0.009460712118717383,0.03814413576849637,54.779411764705884,2025.0,3.0,"2023,2024,2025",427.0,140.2,0.7899439556902881,False,2025.0,0.005801605801605802,0.006872717162466223,0.020676042823693834,0.02016418442297291,0.002097902097902098,0.009132433749152579,0.028575550723201733,0.03616933533459171,48.8235294117647,73.52941176470588,8.823529411764707,49.470588235294116,79,3,54.11764705882353,170,183,0.9941520467836257,scored
S020002219,명지중학교,강서구,N,N,2025.0,2025,학교알리미 공시 13-다,data\raw\advancement\2023\S020002219.html;data\raw\advancement\2024\S020002219.html;data\raw\advancement\2025\S020002219.html,2026-09-05T00:58:51.825432+00:00,middle-score-1.0,False,1.0,2025.0,https://www.schoolinfo.go.kr/ei/pp/Pneipp_b06_s0p.do,d8690277-0e9e-47b7-a09f-5a13a661a95a,available,2025.0,True,,240.0,169.0,51.0,3.0,3.0,3.0,3.0,12.0,3.0,0.0,3.0,0.0,235.0,0.0,3.0,2.0,,,,,,"{'졸업자': '240', '진학자 일반고': '169', '진학자 특성화고': '51', '진학자 특수목적고 과학고': '3', '진학자 특수목적고 외고국제고': '3', '진학자 특수목적고 예고체고': '3', '진학자 특수목적고 마이스터고': '3', '진학자 특수목적고 소계': '12', '진학자 자율고 자율형사립고': '3', '진학자 자율고 자율형공립고': '0', '진학자 자율고 소계': '3', '진학자 기타': '0', '진학자 진학자계': '235', '취업자': '0', '대안교육기관진학(학력미인정)': '3', '무직 및 미상': '2'}",foreign_international_combined;arts_sports_combined;other_special_not_separate,9.0,0.0125,0.0125,0.0125,0.0375,0.0125,0.0125,0.01140141293166974,0.014306247532148094,0.015362551023231131,0.041070211487048966,63.0,2025.0,3.0,"2023,2024,2025",725.0,242.3,0.7794673718288457,False,2025.0,0.008297839716505384,0.008325036476924726,0.008836206896551724,0.011921611012780248,0.016274533187951478,0.01707193855136159,0.03340857980100859,0.03731858604106656,64.70588235294117,15.88235294117647,70.0,48.6764705882353,80,6,53.529411764705884,170,183,0.9941520467836257,scored
S020000613,부산동여자중학교,동구,N,N,2025.0,2025,학교알리미 공시 13-다,data\raw\advancement\2023\S020000613.html;data\raw\advancement\2024\S020000613.html;data\raw\advancement\2025\S020000613.html,2026-09-05T00:57:29.159060+00:00,middle-score-1.0,False,1.0,2025.0,https://www.schoolinfo.go.kr/ei/pp/Pneipp_b06_s0p.do,1378386e-96bb-4dfc-82d9-3598b31ab5a3,available,2025.0,True,,31.0,21.0,7.0,0.0,0.0,1.0,0.0,1.0,2.0,0.0,2.0,0.0,31.0,0.0,0.0,0.0,,,,,,"{'졸업자': '31', '진학자 일반고': '21', '진학자 특성화고': '7', '진학자 특수목적고 과학고': '0', '진학자 특수목적고 외고국제고': '0', '진학자 특수목적고 예고체고': '1', '진학자 특수목적고 마이스터고': '0', '진학자 특수목적고 소계': '1', '진학자 자율고 자율형사립고': '2', '진학자 자율고 자율형공립고': '0', '진학자 자율고 소계': '2', '진학자 기타': '0', '진학자 진학자계': '31', '취업자': '0', '대안교육기관진학(학력미인정)': '0', '무직 및 미상': '0'}",foreign_international_combined;arts_sports_combined;other_special_not_separate,2.0,0.0,0.0,0.06451612903225806,0.06451612903225806,0.03225806451612903,0.0,0.006690690051661919,0.014229955426949253,0.03223868204502736,0.053159327523638535,56.00000000000001,2025.0,3.0,"2023,2024,2025",106.0,33.5,0.9254677335449719,False,2025.0,0.0,0.006324652344665617,0.0,0.014553952316996431,0.03225806451612903,0.021901100412907035,0.03225806451612903,0.04277970507456909,38.82352941176471,42.94117647058823,80.0,48.5,81,2,52.94117647058824,170,183,0.9941520467836257,scored
S020001222,백양중학교,북구,N,N,2025.0,2025,학교알리미 공시 13-다,data\raw\advancement\2023\S020001222.html;data\raw\advancement\2024\S020001222.html;data\raw\advancement\2025\S020001222.html,2026-09-05T00:58:16.317516+00:00,middle-score-1.0,False,1.0,2025.0,https://www.schoolinfo.go.kr/ei/pp/Pneipp_b06_s0p.do,db468fd7-0d49-48f3-89fd-c8066252505c,available,2025.0,True,,152.0,113.0,29.0,0.0,3.0,0.0,1.0,4.0,4.0,1.0,5.0,1.0,152.0,0.0,0.0,0.0,,,,,,"{'졸업자': '152', '진학자 일반고': '113', '진학자 특성화고': '29', '진학자 특수목적고 과학고': '0', '진학자 특수목적고 외고국제고': '3', '진학자 특수목적고 예고체고': '0', '진학자 특수목적고 마이스터고': '1', '진학자 특수목적고 소계': '4', '진학자 자율고 자율형사립고': '4', '진학자 자율고 자율형공립고': '1', '진학자 자율고 소계': '5', '진학자 기타': '1', '진학자 진학자계': '152', '취업자': '0', '대안교육기관진학(학력미인정)': '0', '무직 및 미상': '0'}",foreign_international_combined;arts_sports_combined;other_special_not_separate,7.0,0.0,0.019736842105263157,0.02631578947368421,0.046052631578947366,0.0,0.006578947368421052,0.003478096812570283,0.019302080003691872,0.024695505348803905,0.04747568216506606,45.48529411764706,2025.0,3.0,"2023,2024,2025",471.0,156.0,0.7295137570951817,False,2025.0,0.003125737202170323,0.005214947173917608,0.016815814305757317,0.017820229495780736,0.015705665437479047,0.016879844016970576,0.035647216945406686,0.039915020686668926,24.11764705882353,67.05882352941175,68.82352941176471,48.088235294117645,82,5,52.352941176470594,170,183,0.9941520467836257,scored
S020000608,덕원중학교,중구,N,N,2025.0,2025,학교알리미 공시 13-다,data\raw\advancement\2023\S020000608.html;data\raw\advancement\2024\S020000608.html;data\raw\advancement\2025\S020000608.html,2026-09-05T00:57:21.253789+00:00,middle-score-1.0,False,1.0,2025.0,https://www.schoolinfo.go.kr/ei/pp/Pneipp_b06_s0p.do,e01183cf-b1f3-49c6-b1f7-10bd44b6e5ff,available,2025.0,True,,87.0,42.0,21.0,0.0,2.0,0.0,3.0,5.0,1.0,17.0,18.0,1.0,87.0,0.0,0.0,0.0,,,,,,"{'졸업자': '87', '진학자 일반고': '42', '진학자 특성화고': '21', '진학자 특수목적고 과학고': '0', '진학자 특수목적고 외고국제고': '2', '진학자 특수목적고 예고체고': '0', '진학자 특수목적고 마이스터고': '3', '진학자 특수목적고 소계': '5', '진학자 자율고 자율형사립고': '1', '진학자 자율고 자율형공립고': '17', '진학자 자율고 소계': '18', '진학자 기타': '1', '진학자 진학자계': '87', '취업자': '0', '대안교육기관진학(학력미인정)': '0', '무직 및 미상': '0'}",foreign_international_combined;arts_sports_combined;other_special_not_separate,3.0,0.0,0.022988505747126436,0.011494252873563218,0.034482758620689655,0.0,0.034482758620689655,0.0046870609452818795,0.02066376556647247,0.01723672378555393,0.04258755029730828,50.08823529411765,2025.0,3.0,"2023,2024,2025",238.0,80.0,0.953064923875597,False,2025.0,0.002272727272727273,0.005754773453498551,0.011494252873563218,0.016179758277331084,0.015270935960591132,0.016869292937268188,0.029037916106881625,0.03880382466809783,31.176470588235293,55.88235294117647,68.23529411764706,47.23529411764706,83,1,51.76470588235295,170,183,0.9941520467836257,scored
S020000599,감만중학교,남구,N,N,2025.0,2025,학교알리미 공시 13-다,data\raw\advancement\2023\S020000599.html;data\raw\advancement\2024\S020000599.html;data\raw\advancement\2025\S020000599.html,2026-09-05T00:57:59.438397+00:00,middle-score-1.0,False,1.0,2025.0,https://www.schoolinfo.go.kr/ei/pp/Pneipp_b06_s0p.do,6804cb34-773f-492b-8c6e-a22af827de62,available,2025.0,True,,95.0,63.0,26.0,2.0,1.0,2.0,1.0,6.0,0.0,0.0,0.0,0.0,95.0,0.0,0.0,0.0,,,,,,"{'졸업자': '95', '진학자 일반고': '63', '진학자 특성화고': '26', '진학자 특수목적고 과학고': '2', '진학자 특수목적고 외고국제고': '1', '진학자 특수목적고 예고체고': '2', '진학자 특수목적고 마이스터고': '1', '진학자 특수목적고 소계': '6', '진학자 자율고 자율형사립고': '0', '진학자 자율고 자율형공립고': '0', '진학자 자율고 소계': '0', '진학자 기타': '0', '진학자 진학자계': '95', '취업자': '0', '대안교육기관진학(학력미인정)': '0', '무직 및 미상': '0'}",foreign_international_combined;arts_sports_combined;other_special_not_separate,3.0,0.021052631578947368,0.010526315789473684,0.0,0.031578947368421054,0.021052631578947368,0.010526315789473684,0.0147511815218857,0.014687816209899241,0.011401371014864539,0.04084036874664947,63.80882352941176,2025.0,3.0,"2023,2024,2025",299.0,98.3,0.636962221830682,False,2025.0,0.012449392712550607,0.01035899076778828,0.005263157894736842,0.012376034978653819,0.0,0.00955432229298934,0.01771255060728745,0.03228934803943143,81.17647058823529,22.941176470588236,12.941176470588237,47.147058823529406,84,7,51.17647058823529,170,183,0.9941520467836257,scored
S020001425,사하중학교,사하구,N,N,2025.0,2025,학교알리미 공시 13-다,data\raw\advancement\2023\S020001425.html;data\raw\advancement\2024\S020001425.html;data\raw\advancement\2025\S020001425.html,2026-09-05T00:58:35.801237+00:00,middle-score-1.0,False,1.0,2025.0,https://www.schoolinfo.go.kr/ei/pp/Pneipp_b06_s0p.do,e060db87-9187-4b79-ab4b-393c313825eb,available,2025.0,True,,150.0,104.0,38.0,1.0,2.0,3.0,1.0,7.0,1.0,0.0,1.0,0.0,150.0,0.0,0.0,0.0,,,,,,"{'졸업자': '150', '진학자 일반고': '104', '진학자 특성화고': '38', '진학자 특수목적고 과학고': '1', '진학자 특수목적고 외고국제고': '2', '진학자 특수목적고 예고체고': '3', '진학자 특수목적고 마이스터고': '1', '진학자 특수목적고 소계': '7', '진학자 자율고 자율형사립고': '1', '진학자 자율고 자율형공립고': '0', '진학자 자율고 소계': '1', '진학자 기타': '0', '진학자 진학자계': '150', '취업자': '0', '대안교육기관진학(학력미인정)': '0', '무직 및 미상': '0'}",foreign_international_combined;arts_sports_combined;other_special_not_separate,4.0,0.006666666666666667,0.013333333333333334,0.006666666666666667,0.02666666666666667,0.02,0.006666666666666667,0.007505921587070846,0.015456496643721408,0.01289306939159434,0.03585548762238659,50.36764705882353,2025.0,3.0,"2023,2024,2025",467.0,153.9,0.8503821690141166,False,2025.0,0.006503385105535643,0.007259356566447975,0.011772202309836718,0.014778225679584426,0.007204301075268817,0.011815584822862253,0.02547988849064118,0.03385316706889465,54.11764705882353,44.11764705882353,33.52941176470588,46.5,85,10,50.588235294117645,170,183,0.9941520467836257,scored
S020000796,남일중학교,동래구,N,N,2025.0,2025,학교알리미 공시 13-다,data\raw\advancement\2023\S020000796.html;data\raw\advancement\2024\S020000796.html;data\raw\advancement\2025\S020000796.html,2026-09-05T00:57:54.715195+00:00,middle-score-1.0,False,1.0,2025.0,https://www.schoolinfo.go.kr/ei/pp/Pneipp_b06_s0p.do,4c01940c-0e13-46c9-987c-6e36d5340491,available,2025.0,True,,199.0,146.0,38.0,1.0,1.0,7.0,4.0,13.0,1.0,0.0,1.0,1.0,199.0,0.0,0.0,0.0,,,,,,"{'졸업자': '199', '진학자 일반고': '146', '진학자 특성화고': '38', '진학자 특수목적고 과학고': '1', '진학자 특수목적고 외고국제고': '1', '진학자 특수목적고 예고체고': '7', '진학자 특수목적고 마이스터고': '4', '진학자 특수목적고 소계': '13', '진학자 자율고 자율형사립고': '1', '진학자 자율고 자율형공립고': '0', '진학자 자율고 소계': '1', '진학자 기타': '1', '진학자 진학자계': '199', '취업자': '0', '대안교육기관진학(학력미인정)': '0', '무직 및 미상': '0'}",foreign_international_combined;arts_sports_combined;other_special_not_separate,3.0,0.005025125628140704,0.005025125628140704,0.005025125628140704,0.01507537688442211,0.035175879396984924,0.020100502512562814,0.006275854169791677,0.009579010571673418,0.010780158354175869,0.02663502309564096,27.61764705882353,2025.0,3.0,"2023,2024,2025",635.0,207.4,0.650177966509656,False,2025.0,0.008607113791856568,0.008565813952024158,0.009480476237271416,0.012750798523489426,0.007157838429537726,0.011035726074220976,0.02524542845866571,0.03235233854973456,69.41176470588235,27.058823529411764,26.47058823529412,46.00000000000001,86,9,50.0,170,183,0.9941520467836257,scored
S020002064,신호중학교,강서구,N,N,2025.0,2025,학교알리미 공시 13-다,data\raw\advancement\2023\S020002064.html;data\raw\advancement\2024\S020002064.html;data\raw\advancement\2025\S020002064.html,2026-09-05T00:58:50.731132+00:00,middle-score-1.0,False,1.0,2025.0,https://www.schoolinfo.go.kr/ei/pp/Pneipp_b06_s0p.do,e4805ddb-78eb-4c18-a92f-dd4bce3dd632,available,2025.0,True,,179.0,108.0,51.0,1.0,3.0,3.0,9.0,16.0,4.0,0.0,4.0,0.0,179.0,0.0,0.0,0.0,,,,,,"{'졸업자': '179', '진학자 일반고': '108', '진학자 특성화고': '51', '진학자 특수목적고 과학고': '1', '진학자 특수목적고 외고국제고': '3', '진학자 특수목적고 예고체고': '3', '진학자 특수목적고 마이스터고': '9', '진학자 특수목적고 소계': '16', '진학자 자율고 자율형사립고': '4', '진학자 자율고 자율형공립고': '0', '진학자 자율고 소계': '4', '진학자 기타': '0', '진학자 진학자계': '179', '취업자': '0', '대안교육기관진학(학력미인정)': '0', '무직 및 미상': '0'}",foreign_international_combined;arts_sports_combined;other_special_not_separate,8.0,0.00558659217877095,0.01675977653631285,0.0223463687150838,0.0446927374301676,0.01675977653631285,0.05027932960893855,0.006725736189131582,0.017434136777528142,0.022305617734403527,0.046465490701063254,60.705882352941174,2025.0,3.0,"2023,2024,2025",495.0,169.1,0.7250928989915899,False,2025.0,0.002793296089385475,0.004920668721513945,0.01993316169562754,0.019683461280678695,0.013002452650224827,0.01526660231818391,0.03572891043523784,0.03987073232037655,17.647058823529413,71.76470588235294,62.94117647058823,45.647058823529406,87,7,49.411764705882355,170,183,0.9941520467836257,scored
S020000776,동현중학교,금정구,N,N,2025.0,2025,학교알리미 공시 13-다,data\raw\advancement\2023\S020000776.html;data\raw\advancement\2024\S020000776.html;data\raw\advancement\2025\S020000776.html,2026-09-05T00:58:43.116440+00:00,middle-score-1.0,False,1.0,2025.0,https://www.schoolinfo.go.kr/ei/pp/Pneipp_b06_s0p.do,3afd5577-4f7e-493a-b108-e32d1088c8aa,available,2025.0,True,,64.0,48.0,12.0,1.0,0.0,0.0,2.0,3.0,1.0,0.0,1.0,0.0,64.0,0.0,0.0,0.0,,,,,,"{'졸업자': '64', '진학자 일반고': '48', '진학자 특성화고': '12', '진학자 특수목적고 과학고': '1', '진학자 특수목적고 외고국제고': '0', '진학자 특수목적고 예고체고': '0', '진학자 특수목적고 마이스터고': '2', '진학자 특수목적고 소계': '3', '진학자 자율고 자율형사립고': '1', '진학자 자율고 자율형공립고': '0', '진학자 자율고 소계': '1', '진학자 기타': '0', '진학자 진학자계': '64', '취업자': '0', '대안교육기관진학(학력미인정)': '0', '무직 및 미상': '0'}",foreign_international_combined;arts_sports_combined;other_special_not_separate,2.0,0.015625,0.0,0.015625,0.03125,0.0,0.03125,0.01144195363882751,0.011366610737380196,0.019654069194503566,0.04246263357071126,60.14705882352942,2025.0,3.0,"2023,2024,2025",276.0,84.0,0.6842285009638915,False,2025.0,0.009536637931034483,0.008631754551611729,0.0,0.010643320017407445,0.0078125,0.013674491830228194,0.017349137931034483,0.032949566399247364,70.0,10.588235294117647,51.17647058823529,45.44117647058823,88,10,48.8235294117647,170,183,0.9941520467836257,scored
S020000984,초연중학교,부산진구,N,N,2025.0,2025,학교알리미 공시 13-다,data\raw\advancement\2023\S020000984.html;data\raw\advancement\2024\S020000984.html;data\raw\advancement\2025\S020000984.html,2026-09-05T00:57:45.969759+00:00,middle-score-1.0,False,1.0,2025.0,https://www.schoolinfo.go.kr/ei/pp/Pneipp_b06_s0p.do,f0b1060b-ff03-44a9-ae4c-b58b2ba4c94c,available,2025.0,True,,152.0,98.0,39.0,0.0,2.0,4.0,5.0,11.0,4.0,0.0,4.0,0.0,152.0,0.0,0.0,0.0,,,,,,"{'졸업자': '152', '진학자 일반고': '98', '진학자 특성화고': '39', '진학자 특수목적고 과학고': '0', '진학자 특수목적고 외고국제고': '2', '진학자 특수목적고 예고체고': '4', '진학자 특수목적고 마이스터고': '5', '진학자 특수목적고 소계': '11', '진학자 자율고 자율형사립고': '4', '진학자 자율고 자율형공립고': '0', '진학자 자율고 소계': '4', '진학자 기타': '0', '진학자 진학자계': '152', '취업자': '0', '대안교육기관진학(학력미인정)': '0', '무직 및 미상': '0'}",foreign_international_combined;arts_sports_combined;other_special_not_separate,6.0,0.0,0.013157894736842105,0.02631578947368421,0.039473684210526314,0.02631578947368421,0.03289473684210526,0.003478096812570283,0.015333826035437904,0.024695505348803905,0.043507428196812095,39.92647058823529,2025.0,3.0,"2023,2024,2025",486.0,157.4,0.8880012642934514,False,2025.0,0.003118624307781988,0.005200120691074622,0.015934820291767016,0.01725906400084512,0.013157894736842105,0.015363905166085207,0.03221133933639111,0.03782308985800495,22.941176470588236,63.52941176470588,64.11764705882354,45.38235294117647,89,10,48.23529411764706,170,183,0.9941520467836257,scored
S020000964,동평여자중학교,부산진구,N,N,2025.0,2025,학교알리미 공시 13-다,data\raw\advancement\2023\S020000964.html;data\raw\advancement\2024\S020000964.html;data\raw\advancement\2025\S020000964.html,2026-09-05T00:57:41.350065+00:00,middle-score-1.0,False,1.0,2025.0,https://www.schoolinfo.go.kr/ei/pp/Pneipp_b06_s0p.do,736908ff-ca2a-4562-814c-925b643b6aed,available,2025.0,True,,113.0,74.0,28.0,0.0,3.0,4.0,1.0,8.0,1.0,0.0,1.0,2.0,113.0,0.0,0.0,0.0,,,,,,"{'졸업자': '113', '진학자 일반고': '74', '진학자 특성화고': '28', '진학자 특수목적고 과학고': '0', '진학자 특수목적고 외고국제고': '3', '진학자 특수목적고 예고체고': '4', '진학자 특수목적고 마이스터고': '1', '진학자 특수목적고 소계': '8', '진학자 자율고 자율형사립고': '1', '진학자 자율고 자율형공립고': '0', '진학자 자율고 소계': '1', '진학자 기타': '2', '진학자 진학자계': '113', '취업자': '0', '대안교육기관진학(학력미인정)': '0', '무직 및 미상': '0'}",foreign_international_combined;arts_sports_combined;other_special_not_separate,4.0,0.0,0.02654867256637168,0.008849557522123894,0.035398230088495575,0.035398230088495575,0.008849557522123894,0.0041149314402239975,0.02283626366633968,0.015132710553514483,0.04208390566007816,45.35294117647059,2025.0,3.0,"2023,2024,2025",327.0,111.19999999999999,0.909540667265998,False,2025.0,0.0025210084033613443,0.005359849545641662,0.02000587100233666,0.019740684992117653,0.006945787164423291,0.012603937844299718,0.029472666570121295,0.037704472382059026,25.882352941176475,72.35294117647058,41.17647058823529,45.20588235294118,90,11,47.647058823529406,170,183,0.9941520467836257,scored
S020000611,문현여자중학교,남구,N,N,2025.0,2025,학교알리미 공시 13-다,data\raw\advancement\2023\S020000611.html;data\raw\advancement\2024\S020000611.html;data\raw\advancement\2025\S020000611.html,2026-09-05T00:58:03.054221+00:00,middle-score-1.0,False,1.0,2025.0,https://www.schoolinfo.go.kr/ei/pp/Pneipp_b06_s0p.do,24b5b899-c87f-46f4-87bc-425ee69b6f9a,available,2025.0,True,,98.0,72.0,20.0,1.0,2.0,1.0,1.0,5.0,0.0,0.0,0.0,0.0,97.0,0.0,0.0,1.0,,,,,,"{'졸업자': '98', '진학자 일반고': '72', '진학자 특성화고': '20', '진학자 특수목적고 과학고': '1', '진학자 특수목적고 외고국제고': '2', '진학자 특수목적고 예고체고': '1', '진학자 특수목적고 마이스터고': '1', '진학자 특수목적고 소계': '5', '진학자 자율고 자율형사립고': '0', '진학자 자율고 자율형공립고': '0', '진학자 자율고 소계': '0', '진학자 기타': '0', '진학자 진학자계': '97', '취업자': '0', '대안교육기관진학(학력미인정)': '0', '무직 및 미상': '1'}",foreign_international_combined;arts_sports_combined;other_special_not_separate,3.0,0.01020408163265306,0.02040816326530612,0.0,0.030612244897959183,0.01020408163265306,0.01020408163265306,0.009477173721049047,0.019515778590557333,0.011228622969184773,0.04022157528079115,62.1764705882353,2025.0,3.0,"2023,2024,2025",318.0,104.3,0.7303243035168314,False,2025.0,0.00510204081632653,0.006655513163934071,0.01738297502443207,0.018373074741271617,0.0,0.009284718987745254,0.0224850158407586,0.034313306892950944,42.35294117647059,68.82352941176471,10.0,45.14705882352941,91,8,47.05882352941176,170,183,0.9941520467836257,scored
S020001437,장평중학교,사하구,N,N,2025.0,2025,학교알리미 공시 13-다,data\raw\advancement\2023\S020001437.html;data\raw\advancement\2024\S020001437.html;data\raw\advancement\2025\S020001437.html,2026-09-05T00:58:37.921900+00:00,middle-score-1.0,False,1.0,2025.0,https://www.schoolinfo.go.kr/ei/pp/Pneipp_b06_s0p.do,b51c9c19-c940-4f5c-8101-0d76bde755d9,available,2025.0,True,,122.0,85.0,30.0,1.0,0.0,3.0,2.0,6.0,1.0,0.0,1.0,0.0,122.0,0.0,0.0,0.0,,,,,,"{'졸업자': '122', '진학자 일반고': '85', '진학자 특성화고': '30', '진학자 특수목적고 과학고': '1', '진학자 특수목적고 외고국제고': '0', '진학자 특수목적고 예고체고': '3', '진학자 특수목적고 마이스터고': '2', '진학자 특수목적고 소계': '6', '진학자 자율고 자율형사립고': '1', '진학자 자율고 자율형공립고': '0', '진학자 자율고 소계': '1', '진학자 기타': '0', '진학자 진학자계': '122', '취업자': '0', '대안교육기관진학(학력미인정)': '0', '무직 및 미상': '0'}",foreign_international_combined;arts_sports_combined;other_special_not_separate,2.0,0.00819672131147541,0.0,0.00819672131147541,0.01639344262295082,0.02459016393442623,0.01639344262295082,0.008452614399854556,0.00839695567986645,0.014519222287831464,0.03136879236755247,41.088235294117645,2025.0,3.0,"2023,2024,2025",396.0,129.2,0.7395835452270872,False,2025.0,0.0063371666258869586,0.0072166778237779125,0.01181236673773987,0.015283495107113649,0.004098360655737705,0.010548068569365212,0.022247894019364535,0.03304824150025677,52.94117647058824,48.23529411764706,21.764705882352942,45.05882352941177,92,11,46.470588235294116,170,183,0.9941520467836257,scored
S020001429,송도중학교,서구,N,N,2025.0,2025,학교알리미 공시 13-다,data\raw\advancement\2023\S020001429.html;data\raw\advancement\2024\S020001429.html;data\raw\advancement\2025\S020001429.html,2026-09-05T00:57:24.378765+00:00,middle-score-1.0,False,1.0,2025.0,https://www.schoolinfo.go.kr/ei/pp/Pneipp_b06_s0p.do,a0e262bc-f608-44b4-93de-5aa9b5fbc5a7,available,2025.0,True,,66.0,40.0,25.0,0.0,0.0,0.0,1.0,1.0,0.0,0.0,0.0,0.0,66.0,0.0,0.0,0.0,,,,,,"{'졸업자': '66', '진학자 일반고': '40', '진학자 특성화고': '25', '진학자 특수목적고 과학고': '0', '진학자 특수목적고 외고국제고': '0', '진학자 특수목적고 예고체고': '0', '진학자 특수목적고 마이스터고': '1', '진학자 특수목적고 소계': '1', '진학자 자율고 자율형사립고': '0', '진학자 자율고 자율형공립고': '0', '진학자 자율고 소계': '0', '진학자 기타': '0', '진학자 진학자계': '66', '취업자': '0', '대안교육기관진학(학력미인정)': '0', '무직 및 미상': '0'}",foreign_international_combined;arts_sports_combined;other_special_not_separate,0.0,0.0,0.0,0.0,0.0,0.0,0.015151515151515152,0.005280002390166936,0.011229663620062362,0.013393176794569788,0.02990284280479908,31.882352941176467,2025.0,3.0,"2023,2024,2025",189.0,63.9,0.6456184738273342,False,2025.0,0.0047619047619047615,0.006975477388153107,0.0047619047619047615,0.013740183748075133,0.0047619047619047615,0.013319074138222423,0.014285714285714284,0.03403473527445065,50.0,37.05882352941177,47.05882352941176,44.88235294117647,93,4,45.88235294117647,170,183,0.9941520467836257,scored
S020001626,망미중학교,수영구,N,N,2025.0,2025,학교알리미 공시 13-다,data\raw\advancement\2023\S020001626.html;data\raw\advancement\2024\S020001626.html;data\raw\advancement\2025\S020001626.html,2026-09-05T00:58:59.988757+00:00,middle-score-1.0,False,1.0,2025.0,https://www.schoolinfo.go.kr/ei/pp/Pneipp_b06_s0p.do,b67a3c3b-0fef-4c4a-b7e9-9a3bb0367673,available,2025.0,True,,78.0,44.0,27.0,0.0,0.0,3.0,3.0,6.0,0.0,0.0,0.0,1.0,78.0,0.0,0.0,0.0,,,,,,"{'졸업자': '78', '진학자 일반고': '44', '진학자 특성화고': '27', '진학자 특수목적고 과학고': '0', '진학자 특수목적고 외고국제고': '0', '진학자 특수목적고 예고체고': '3', '진학자 특수목적고 마이스터고': '3', '진학자 특수목적고 소계': '6', '진학자 자율고 자율형사립고': '0', '진학자 자율고 자율형공립고': '0', '진학자 자율고 소계': '0', '진학자 기타': '1', '진학자 진학자계': '78', '취업자': '0', '대안교육기관진학(학력미인정)': '0', '무직 및 미상': '0'}",foreign_international_combined;arts_sports_combined;other_special_not_separate,0.0,0.0,0.0,0.0,0.0,0.038461538461538464,0.038461538461538464,0.004924047172852311,0.010472607645676136,0.012490265999430252,0.027886920817958693,26.382352941176467,2025.0,3.0,"2023,2024,2025",248.0,82.4,0.5391529410050765,False,2025.0,0.005263157894736842,0.006899306893571995,0.01108622620380739,0.015674476670969578,0.0,0.010361068255606131,0.016349384098544233,0.03293485182014771,49.411764705882355,53.529411764705884,19.411764705882355,44.85294117647059,94,3,45.294117647058826,170,183,0.9941520467836257,scored
S020000988,항도중학교,부산진구,N,N,2025.0,2025,학교알리미 공시 13-다,data\raw\advancement\2023\S020000988.html;data\raw\advancement\2024\S020000988.html;data\raw\advancement\2025\S020000988.html,2026-09-05T00:57:47.005504+00:00,middle-score-1.0,False,1.0,2025.0,https://www.schoolinfo.go.kr/ei/pp/Pneipp_b06_s0p.do,897c3e08-0b4e-4773-a235-ecddd33d7f27,available,2025.0,True,,129.0,76.0,38.0,0.0,3.0,2.0,9.0,14.0,1.0,0.0,1.0,0.0,129.0,0.0,0.0,0.0,,,,,,"{'졸업자': '129', '진학자 일반고': '76', '진학자 특성화고': '38', '진학자 특수목적고 과학고': '0', '진학자 특수목적고 외고국제고': '3', '진학자 특수목적고 예고체고': '2', '진학자 특수목적고 마이스터고': '9', '진학자 특수목적고 소계': '14', '진학자 자율고 자율형사립고': '1', '진학자 자율고 자율형공립고': '0', '진학자 자율고 소계': '1', '진학자 기타': '0', '진학자 진학자계': '129', '취업자': '0', '대안교육기관진학(학력미인정)': '0', '무직 및 미상': '0'}",foreign_international_combined;arts_sports_combined;other_special_not_separate,4.0,0.0,0.023255813953488372,0.007751937984496124,0.031007751937984496,0.015503875968992248,0.06976744186046512,0.0038274253133961196,0.02124071685995787,0.014075403265932686,0.03914354543928667,41.64705882352941,2025.0,3.0,"2023,2024,2025",372.0,125.30000000000001,0.8683153277870498,False,2025.0,0.0033057851239669425,0.005545412656976174,0.018198832325612903,0.018812517891134455,0.0063349853856906856,0.011885560783187567,0.02783960283527053,0.0362434913312982,28.823529411764703,70.0,35.294117647058826,44.52941176470588,95,12,44.70588235294118,170,183,0.9941520467836257,scored
S020001217,덕포여자중학교,사상구,N,N,2025.0,2025,학교알리미 공시 13-다,data\raw\advancement\2023\S020001217.html;data\raw\advancement\2024\S020001217.html;data\raw\advancement\2025\S020001217.html,2026-09-05T00:59:02.291192+00:00,middle-score-1.0,False,1.0,2025.0,https://www.schoolinfo.go.kr/ei/pp/Pneipp_b06_s0p.do,eb39f91c-e223-4aab-bb44-952e2592e758,available,2025.0,True,,53.0,29.0,22.0,0.0,1.0,1.0,0.0,2.0,0.0,0.0,0.0,0.0,53.0,0.0,0.0,0.0,,,,,,"{'졸업자': '53', '진학자 일반고': '29', '진학자 특성화고': '22', '진학자 특수목적고 과학고': '0', '진학자 특수목적고 외고국제고': '1', '진학자 특수목적고 예고체고': '1', '진학자 특수목적고 마이스터고': '0', '진학자 특수목적고 소계': '2', '진학자 자율고 자율형사립고': '0', '진학자 자율고 자율형공립고': '0', '진학자 자율고 소계': '0', '진학자 기타': '0', '진학자 진학자계': '53', '취업자': '0', '대안교육기관진학(학력미인정)': '0', '무직 및 미상': '0'}",foreign_international_combined;arts_sports_combined;other_special_not_separate,1.0,0.0,0.018867924528301886,0.0,0.018867924528301886,0.018867924528301886,0.0,0.005728630044233408,0.01871976575771472,0.014531159136592059,0.03897955493854018,50.8235294117647,2025.0,3.0,"2023,2024,2025",187.0,60.400000000000006,0.977757526956228,False,2025.0,0.0,0.005270694778079767,0.021059269664106227,0.020169745699864662,0.0,0.0118642591962357,0.021059269664106227,0.037304699674180125,24.705882352941178,74.11764705882354,34.705882352941174,44.0,96,2,44.11764705882353,170,183,0.9941520467836257,scored
S020001234,화신중학교,북구,N,N,2025.0,2025,학교알리미 공시 13-다,data\raw\advancement\2023\S020001234.html;data\raw\advancement\2024\S020001234.html;data\raw\advancement\2025\S020001234.html,2026-09-05T00:58:18.550519+00:00,middle-score-1.0,False,1.0,2025.0,https://www.schoolinfo.go.kr/ei/pp/Pneipp_b06_s0p.do,0973ee01-fc79-4905-abff-484f7d2dbb49,available,2025.0,True,,134.0,100.0,25.0,0.0,5.0,2.0,0.0,7.0,0.0,0.0,0.0,1.0,133.0,0.0,0.0,1.0,,,,,,"{'졸업자': '134', '진학자 일반고': '100', '진학자 특성화고': '25', '진학자 특수목적고 과학고': '0', '진학자 특수목적고 외고국제고': '5', '진학자 특수목적고 예고체고': '2', '진학자 특수목적고 마이스터고': '0', '진학자 특수목적고 소계': '7', '진학자 자율고 자율형사립고': '0', '진학자 자율고 자율형공립고': '0', '진학자 자율고 소계': '0', '진학자 기타': '1', '진학자 진학자계': '133', '취업자': '0', '대안교육기관진학(학력미인정)': '0', '무직 및 미상': '1'}",foreign_international_combined;arts_sports_combined;other_special_not_separate,5.0,0.0,0.03731343283582089,0.0,0.03731343283582089,0.014925373134328358,0.0,0.0037456427212295357,0.029333863935599794,0.009501142512387114,0.042580649169216445,38.1764705882353,2025.0,3.0,"2023,2024,2025",434.0,141.6,0.8375940991319145,False,2025.0,0.0033534958192492437,0.005500535433504577,0.025363708056408932,0.02274923300519548,0.0033534958192492437,0.009879514501741331,0.03207069969490742,0.03812928294044139,28.235294117647058,80.58823529411765,15.294117647058824,43.970588235294116,97,6,43.23529411764706,170,183,0.9941520467836257,scored
S020001631,부산수영중학교,수영구,N,N,2025.0,2025,학교알리미 공시 13-다,data\raw\advancement\2023\S020001631.html;data\raw\advancement\2024\S020001631.html;data\raw\advancement\2025\S020001631.html,2026-09-05T00:59:00.248521+00:00,middle-score-1.0,False,1.0,2025.0,https://www.schoolinfo.go.kr/ei/pp/Pneipp_b06_s0p.do,aa899cd0-4223-4a61-844f-6dc4037ec89b,available,2025.0,True,,202.0,138.0,45.0,0.0,3.0,4.0,4.0,11.0,4.0,0.0,4.0,1.0,199.0,0.0,1.0,2.0,,,,,,"{'졸업자': '202', '진학자 일반고': '138', '진학자 특성화고': '45', '진학자 특수목적고 과학고': '0', '진학자 특수목적고 외고국제고': '3', '진학자 특수목적고 예고체고': '4', '진학자 특수목적고 마이스터고': '4', '진학자 특수목적고 소계': '11', '진학자 자율고 자율형사립고': '4', '진학자 자율고 자율형공립고': '0', '진학자 자율고 소계': '4', '진학자 기타': '1', '진학자 진학자계': '199', '취업자': '0', '대안교육기관진학(학력미인정)': '1', '무직 및 미상': '2'}",foreign_international_combined;arts_sports_combined;other_special_not_separate,7.0,0.0,0.01485148514851485,0.019801980198019802,0.034653465346534656,0.019801980198019802,0.019801980198019802,0.0029022529694295077,0.01610637139380911,0.020606845522842997,0.03961546988608161,36.64705882352941,2025.0,3.0,"2023,2024,2025",579.0,195.2,0.9063674997259725,False,2025.0,0.0,0.002850992910703052,0.024945161689421222,0.023017955112602885,0.017862827316166265,0.018193456173431464,0.04280798900558749,0.0440624041967374,0.5882352941176471,81.17647058823529,76.47058823529412,43.970588235294116,97,4,43.23529411764706,170,183,0.9941520467836257,scored
S020000967,부산개성중학교,부산진구,N,N,2025.0,2025,학교알리미 공시 13-다,data\raw\advancement\2023\S020000967.html;data\raw\advancement\2024\S020000967.html;data\raw\advancement\2025\S020000967.html,2026-09-05T00:57:42.504148+00:00,middle-score-1.0,False,1.0,2025.0,https://www.schoolinfo.go.kr/ei/pp/Pneipp_b06_s0p.do,2d55fe63-dc05-4d9e-8cbc-e642c72383c5,available,2025.0,True,,170.0,124.0,34.0,3.0,1.0,1.0,5.0,10.0,1.0,0.0,1.0,1.0,170.0,0.0,0.0,0.0,,,,,,"{'졸업자': '170', '진학자 일반고': '124', '진학자 특성화고': '34', '진학자 특수목적고 과학고': '3', '진학자 특수목적고 외고국제고': '1', '진학자 특수목적고 예고체고': '1', '진학자 특수목적고 마이스터고': '5', '진학자 특수목적고 소계': '10', '진학자 자율고 자율형사립고': '1', '진학자 자율고 자율형공립고': '0', '진학자 자율고 소계': '1', '진학자 기타': '1', '진학자 진학자계': '170', '취업자': '0', '대안교육기관진학(학력미인정)': '0', '무직 및 미상': '0'}",foreign_international_combined;arts_sports_combined;other_special_not_separate,5.0,0.01764705882352941,0.0058823529411764705,0.0058823529411764705,0.029411764705882353,0.0058823529411764705,0.029411764705882353,0.014357334802843376,0.010607867262705007,0.011938027214439203,0.036903229279987584,52.70588235294118,2025.0,3.0,"2023,2024,2025",495.0,166.4,0.6865246055839518,False,2025.0,0.010065765436609427,0.009481058243431841,0.0029411764705882353,0.009171457017743093,0.00908418510564353,0.012720566774891792,0.022091127012841192,0.03137308203606673,75.29411764705883,3.5294117647058822,41.76470588235294,43.470588235294116,99,13,42.35294117647059,170,183,0.9941520467836257,scored
S020002073,지사중학교,강서구,N,N,2025.0,2025,학교알리미 공시 13-다,data\raw\advancement\2023\S020002073.html;data\raw\advancement\2024\S020002073.html;data\raw\advancement\2025\S020002073.html,2026-09-05T00:58:51.548177+00:00,middle-score-1.0,False,1.0,2025.0,https://www.schoolinfo.go.kr/ei/pp/Pneipp_b06_s0p.do,1ab58dae-df2f-4f86-8efe-eb4ddb8c8b32,available,2025.0,True,,101.0,60.0,26.0,1.0,0.0,6.0,6.0,13.0,1.0,0.0,1.0,0.0,100.0,0.0,0.0,1.0,,,,,,"{'졸업자': '101', '진학자 일반고': '60', '진학자 특성화고': '26', '진학자 특수목적고 과학고': '1', '진학자 특수목적고 외고국제고': '0', '진학자 특수목적고 예고체고': '6', '진학자 특수목적고 마이스터고': '6', '진학자 특수목적고 소계': '13', '진학자 자율고 자율형사립고': '1', '진학자 자율고 자율형공립고': '0', '진학자 자율고 소계': '1', '진학자 기타': '0', '진학자 진학자계': '100', '취업자': '0', '대안교육기관진학(학력미인정)': '0', '무직 및 미상': '1'}",foreign_international_combined;arts_sports_combined;other_special_not_separate,2.0,0.009900990099009901,0.0,0.009900990099009901,0.019801980198019802,0.0594059405940594,0.0594059405940594,0.00933572336700354,0.009274249556867424,0.016036155959694452,0.034646128883565414,45.58823529411765,2025.0,3.0,"2023,2024,2025",287.0,97.5,0.6910739473183072,False,2025.0,0.007223222322232223,0.007813220717910829,0.004545454545454546,0.012020344124710272,0.008011719539300868,0.013509546964950929,0.019780396406987637,0.03334311180757203,59.411764705882355,17.058823529411764,50.588235294117645,42.8235294117647,100,8,41.76470588235294,170,183,0.9941520467836257,scored
S020001210,낙동중학교,강서구,N,N,2025.0,2025,학교알리미 공시 13-다,data\raw\advancement\2023\S020001210.html;data\raw\advancement\2024\S020001210.html;data\raw\advancement\2025\S020001210.html,2026-09-05T00:58:48.431428+00:00,middle-score-1.0,True,1.0,2025.0,https://www.schoolinfo.go.kr/ei/pp/Pneipp_b06_s0p.do,d110bb95-ff11-4fbc-a578-b93d526d141c,available,2025.0,True,small_sample_or_missing_years,33.0,28.0,4.0,0.0,0.0,0.0,1.0,1.0,0.0,0.0,0.0,0.0,33.0,0.0,0.0,0.0,,,,,,"{'졸업자': '33', '진학자 일반고': '28', '진학자 특성화고': '4', '진학자 특수목적고 과학고': '0', '진학자 특수목적고 외고국제고': '0', '진학자 특수목적고 예고체고': '0', '진학자 특수목적고 마이스터고': '1', '진학자 특수목적고 소계': '1', '진학자 자율고 자율형사립고': '0', '진학자 자율고 자율형공립고': '0', '진학자 자율고 소계': '0', '진학자 기타': '0', '진학자 진학자계': '33', '취업자': '0', '대안교육기관진학(학력미인정)': '0', '무직 및 미상': '0'}",foreign_international_combined;arts_sports_combined;other_special_not_separate,0.0,0.0,0.0,0.0,0.0,0.0,0.030303030303030304,0.0065900781711858,0.014015971134814677,0.01671629584886154,0.03732234515486201,48.705882352941174,2025.0,3.0,"2023,2024,2025",107.0,36.2,0.8909215285817451,True,2025.0,0.0,0.006208789137190149,0.0,0.014429221368814762,0.0,0.01385432969030102,0.0,0.034492340196305926,38.23529411764706,41.17647058823529,55.294117647058826,42.67647058823529,101,9,41.17647058823529,170,183,0.9941520467836257,scored
S020001423,부산중앙여자중학교,서구,N,N,2025.0,2025,학교알리미 공시 13-다,data\raw\advancement\2023\S020001423.html;data\raw\advancement\2024\S020001423.html;data\raw\advancement\2025\S020001423.html,2026-09-05T00:57:23.696689+00:00,middle-score-1.0,False,1.0,2025.0,https://www.schoolinfo.go.kr/ei/pp/Pneipp_b06_s0p.do,edcee8e8-20f8-4dbc-ac45-f50385528e3f,available,2025.0,True,,106.0,83.0,19.0,0.0,1.0,1.0,1.0,3.0,0.0,0.0,0.0,1.0,106.0,0.0,0.0,0.0,,,,,,"{'졸업자': '106', '진학자 일반고': '83', '진학자 특성화고': '19', '진학자 특수목적고 과학고': '0', '진학자 특수목적고 외고국제고': '1', '진학자 특수목적고 예고체고': '1', '진학자 특수목적고 마이스터고': '1', '진학자 특수목적고 소계': '3', '진학자 자율고 자율형사립고': '0', '진학자 자율고 자율형공립고': '0', '진학자 자율고 소계': '0', '진학자 기타': '1', '진학자 진학자계': '106', '취업자': '0', '대안교육기관진학(학력미인정)': '0', '무직 및 미상': '0'}",foreign_international_combined;arts_sports_combined;other_special_not_separate,1.0,0.0,0.009433962264150943,0.0,0.009433962264150943,0.009433962264150943,0.009433962264150943,0.00425475920761025,0.013903515344322097,0.010792559941255267,0.02895083449318761,28.38235294117647,2025.0,3.0,"2023,2024,2025",393.0,125.5,0.682537694956173,False,2025.0,0.004927931437475653,0.006666065584215012,0.010599334073251941,0.014506799285401262,0.005960264900662252,0.012128043416218006,0.021487530411389847,0.03330090828583428,44.11764705882353,42.35294117647059,37.64705882352941,42.205882352941174,102,5,40.588235294117645,170,183,0.9941520467836257,scored
S020001232,학장중학교,사상구,N,N,2025.0,2025,학교알리미 공시 13-다,data\raw\advancement\2023\S020001232.html;data\raw\advancement\2024\S020001232.html;data\raw\advancement\2025\S020001232.html,2026-09-05T00:59:10.734205+00:00,middle-score-1.0,False,1.0,2025.0,https://www.schoolinfo.go.kr/ei/pp/Pneipp_b06_s0p.do,8a1d9e53-12b2-409c-9ca3-a0e7b14e9b8a,available,2025.0,True,,150.0,103.0,36.0,1.0,3.0,0.0,4.0,8.0,2.0,0.0,2.0,0.0,149.0,0.0,1.0,0.0,,,,,,"{'졸업자': '150', '진학자 일반고': '103', '진학자 특성화고': '36', '진학자 특수목적고 과학고': '1', '진학자 특수목적고 외고국제고': '3', '진학자 특수목적고 예고체고': '0', '진학자 특수목적고 마이스터고': '4', '진학자 특수목적고 소계': '8', '진학자 자율고 자율형사립고': '2', '진학자 자율고 자율형공립고': '0', '진학자 자율고 소계': '2', '진학자 기타': '0', '진학자 진학자계': '149', '취업자': '0', '대안교육기관진학(학력미인정)': '1', '무직 및 미상': '0'}",foreign_international_combined;arts_sports_combined;other_special_not_separate,6.0,0.006666666666666667,0.02,0.013333333333333334,0.04,0.0,0.02666666666666667,0.007505921587070846,0.01945649664372141,0.016893069391594337,0.04385548762238659,61.66176470588235,2025.0,3.0,"2023,2024,2025",467.0,153.4,0.6486081761496036,False,2025.0,0.005333333333333334,0.00652742528751991,0.012,0.014871209580722059,0.007864271457085828,0.012238358432244658,0.025197604790419163,0.033636993300486626,40.588235294117645,45.294117647058826,38.23529411764706,41.76470588235294,103,3,39.705882352941174,170,183,0.9941520467836257,scored
S020001909,두송중학교,사하구,N,N,2025.0,2025,학교알리미 공시 13-다,data\raw\advancement\2023\S020001909.html;data\raw\advancement\2024\S020001909.html;data\raw\advancement\2025\S020001909.html,2026-09-05T00:58:39.835949+00:00,middle-score-1.0,False,1.0,2025.0,https://www.schoolinfo.go.kr/ei/pp/Pneipp_b06_s0p.do,f78631ce-edf6-4fb8-b1c8-cf4a493390b2,available,2025.0,True,,128.0,92.0,30.0,1.0,1.0,0.0,3.0,5.0,1.0,0.0,1.0,0.0,128.0,0.0,0.0,0.0,,,,,,"{'졸업자': '128', '진학자 일반고': '92', '진학자 특성화고': '30', '진학자 특수목적고 과학고': '1', '진학자 특수목적고 외고국제고': '1', '진학자 특수목적고 예고체고': '0', '진학자 특수목적고 마이스터고': '3', '진학자 특수목적고 소계': '5', '진학자 자율고 자율형사립고': '1', '진학자 자율고 자율형공립고': '0', '진학자 자율고 소계': '1', '진학자 기타': '0', '진학자 진학자계': '128', '취업자': '0', '대안교육기관진학(학력미인정)': '0', '무직 및 미상': '0'}",foreign_international_combined;arts_sports_combined;other_special_not_separate,3.0,0.0078125,0.0078125,0.0078125,0.0234375,0.0,0.0234375,0.008230177178805751,0.01256194807425593,0.014137137490783267,0.03492926274384495,49.6764705882353,2025.0,3.0,"2023,2024,2025",447.0,144.3,0.5819907461249161,False,2025.0,0.007542613636363636,0.007928582061229624,0.005724431818181818,0.011322334894785398,0.009360795454545455,0.013427282773163506,0.02262784090909091,0.03267819972917852,60.588235294117645,13.529411764705882,48.8235294117647,41.76470588235294,103,12,39.705882352941174,170,183,0.9941520467836257,scored
S020001213,대천리중학교,북구,N,N,2025.0,2025,학교알리미 공시 13-다,data\raw\advancement\2023\S020001213.html;data\raw\advancement\2024\S020001213.html;data\raw\advancement\2025\S020001213.html,2026-09-05T00:58:14.056705+00:00,middle-score-1.0,False,1.0,2025.0,https://www.schoolinfo.go.kr/ei/pp/Pneipp_b06_s0p.do,96c339ba-c9dd-4711-b4ab-5938f1e3d7c1,available,2025.0,True,,97.0,72.0,21.0,1.0,0.0,1.0,2.0,4.0,0.0,0.0,0.0,0.0,97.0,0.0,0.0,0.0,,,,,,"{'졸업자': '97', '진학자 일반고': '72', '진학자 특성화고': '21', '진학자 특수목적고 과학고': '1', '진학자 특수목적고 외고국제고': '0', '진학자 특수목적고 예고체고': '1', '진학자 특수목적고 마이스터고': '2', '진학자 특수목적고 소계': '4', '진학자 자율고 자율형사립고': '0', '진학자 자율고 자율형공립고': '0', '진학자 자율고 소계': '0', '진학자 기타': '0', '진학자 진학자계': '97', '취업자': '0', '대안교육기관진학(학력미인정)': '0', '무직 및 미상': '0'}",foreign_international_combined;arts_sports_combined;other_special_not_separate,1.0,0.010309278350515464,0.0,0.0,0.010309278350515464,0.010309278350515464,0.020618556701030927,0.009525281201866556,0.009462559192539858,0.011285621055322766,0.030273461449729176,42.05882352941177,2025.0,3.0,"2023,2024,2025",269.0,90.9,0.7476606898313067,False,2025.0,0.007328552218735993,0.007992094347704329,0.0,0.010210667160838072,0.008695652173913044,0.014037014046375999,0.016024204392649035,0.032239775554918394,62.35294117647059,7.0588235294117645,55.88235294117647,41.705882352941174,105,7,38.82352941176471,170,183,0.9941520467836257,scored
S020002176,부산체육중학교,영도구,N,N,2025.0,2025,학교알리미 공시 13-다,data\raw\advancement\2023\S020002176.html;data\raw\advancement\2024\S020002176.html;data\raw\advancement\2025\S020002176.html,2026-09-05T00:57:37.479218+00:00,middle-score-1.0,False,1.0,2025.0,https://www.schoolinfo.go.kr/ei/pp/Pneipp_b06_s0p.do,e0506ca5-6bfa-40d0-80be-7a37b11addf6,available,2025.0,True,,36.0,2.0,3.0,0.0,0.0,31.0,0.0,31.0,0.0,0.0,0.0,0.0,36.0,0.0,0.0,0.0,,,,,,"{'졸업자': '36', '진학자 일반고': '2', '진학자 특성화고': '3', '진학자 특수목적고 과학고': '0', '진학자 특수목적고 외고국제고': '0', '진학자 특수목적고 예고체고': '31', '진학자 특수목적고 마이스터고': '0', '진학자 특수목적고 소계': '31', '진학자 자율고 자율형사립고': '0', '진학자 자율고 자율형공립고': '0', '진학자 자율고 소계': '0', '진학자 기타': '0', '진학자 진학자계': '36', '취업자': '0', '대안교육기관진학(학력미인정)': '0', '무직 및 미상': '0'}",foreign_international_combined;arts_sports_combined;other_special_not_separate,0.0,0.0,0.0,0.0,0.0,0.8611111111111112,0.0,0.006444708799762584,0.01370679530095847,0.016347554028666066,0.03649905812938711,45.705882352941174,2025.0,3.0,"2023,2024,2025",117.0,37.8,0.9831652168625773,False,2025.0,0.0,0.006118457402416526,0.0,0.014107016103829056,0.0,0.013769768351998467,0.0,0.03399524185824405,36.470588235294116,40.588235294117645,53.529411764705884,41.3235294117647,106,4,38.23529411764706,170,183,0.9941520467836257,scored
S020000987,토현중학교,연제구,N,N,2025.0,2025,학교알리미 공시 13-다,data\raw\advancement\2023\S020000987.html;data\raw\advancement\2024\S020000987.html;data\raw\advancement\2025\S020000987.html,2026-09-05T00:58:57.835186+00:00,middle-score-1.0,False,1.0,2025.0,https://www.schoolinfo.go.kr/ei/pp/Pneipp_b06_s0p.do,ceb2042b-69dd-4799-9614-865146868f9c,available,2025.0,True,,99.0,75.0,14.0,0.0,2.0,5.0,1.0,8.0,1.0,0.0,1.0,1.0,99.0,0.0,0.0,0.0,,,,,,"{'졸업자': '99', '진학자 일반고': '75', '진학자 특성화고': '14', '진학자 특수목적고 과학고': '0', '진학자 특수목적고 외고국제고': '2', '진학자 특수목적고 예고체고': '5', '진학자 특수목적고 마이스터고': '1', '진학자 특수목적고 소계': '8', '진학자 자율고 자율형사립고': '1', '진학자 자율고 자율형공립고': '0', '진학자 자율고 소계': '1', '진학자 기타': '1', '진학자 진학자계': '99', '취업자': '0', '대안교육기관진학(학력미인정)': '0', '무직 및 미상': '0'}",foreign_international_combined;arts_sports_combined;other_special_not_separate,3.0,0.0,0.020202020202020204,0.010101010101010102,0.030303030303030304,0.050505050505050504,0.010101010101010102,0.0044044241043603586,0.019417709351408803,0.016197323356274298,0.040019456812043455,45.80882352941177,2025.0,3.0,"2023,2024,2025",327.0,107.1,0.7886868878960194,False,2025.0,0.001851851851851852,0.00504037018127286,0.020656565656565658,0.02006035066236087,0.005050505050505051,0.011682007741621422,0.02755892255892256,0.036782728585255144,20.0,72.94117647058823,31.76470588235294,40.88235294117647,107,7,37.64705882352941,170,183,0.9941520467836257,scored
S020000797,충렬중학교,동래구,N,N,2025.0,2025,학교알리미 공시 13-다,data\raw\advancement\2023\S020000797.html;data\raw\advancement\2024\S020000797.html;data\raw\advancement\2025\S020000797.html,2026-09-05T00:57:55.100091+00:00,middle-score-1.0,False,1.0,2025.0,https://www.schoolinfo.go.kr/ei/pp/Pneipp_b06_s0p.do,67a2f9c3-ea48-456e-9b14-9ae129f72209,available,2025.0,True,,55.0,36.0,13.0,0.0,0.0,0.0,5.0,5.0,0.0,0.0,0.0,0.0,54.0,0.0,0.0,1.0,,,,,,"{'졸업자': '55', '진학자 일반고': '36', '진학자 특성화고': '13', '진학자 특수목적고 과학고': '0', '진학자 특수목적고 외고국제고': '0', '진학자 특수목적고 예고체고': '0', '진학자 특수목적고 마이스터고': '5', '진학자 특수목적고 소계': '5', '진학자 자율고 자율형사립고': '0', '진학자 자율고 자율형공립고': '0', '진학자 자율고 소계': '0', '진학자 기타': '0', '진학자 진학자계': '54', '취업자': '0', '대안교육기관진학(학력미인정)': '0', '무직 및 미상': '1'}",foreign_international_combined;arts_sports_combined;other_special_not_separate,0.0,0.0,0.0,0.0,0.0,0.0,0.09090909090909091,0.005654712237211041,0.012026607489873239,0.01434366030902313,0.0320249800361074,36.97058823529412,2025.0,3.0,"2023,2024,2025",172.0,57.599999999999994,0.8556617316946991,False,2025.0,0.004477611940298507,0.007148777439760844,0.0,0.012413508950587987,0.004,0.013301636646188202,0.008477611940298507,0.03286392303653703,51.76470588235295,23.52941176470588,46.470588235294116,40.82352941176471,108,10,37.05882352941177,170,183,0.9941520467836257,scored
S020001918,양동여자중학교,부산진구,N,N,2025.0,2025,학교알리미 공시 13-다,data\raw\advancement\2023\S020001918.html;data\raw\advancement\2024\S020001918.html;data\raw\advancement\2025\S020001918.html,2026-09-05T00:57:48.092117+00:00,middle-score-1.0,False,1.0,2025.0,https://www.schoolinfo.go.kr/ei/pp/Pneipp_b06_s0p.do,129308ed-afe5-46e9-a135-5dc111ae65b1,available,2025.0,True,,138.0,97.0,35.0,1.0,1.0,2.0,0.0,4.0,2.0,0.0,2.0,0.0,138.0,0.0,0.0,0.0,,,,,,"{'졸업자': '138', '진학자 일반고': '97', '진학자 특성화고': '35', '진학자 특수목적고 과학고': '1', '진학자 특수목적고 외고국제고': '1', '진학자 특수목적고 예고체고': '2', '진학자 특수목적고 마이스터고': '0', '진학자 특수목적고 소계': '4', '진학자 자율고 자율형사립고': '2', '진학자 자율고 자율형공립고': '0', '진학자 자율고 소계': '2', '진학자 기타': '0', '진학자 진학자계': '138', '취업자': '0', '대안교육기관진학(학력미인정)': '0', '무직 및 미상': '0'}",foreign_international_combined;arts_sports_combined;other_special_not_separate,4.0,0.007246376811594203,0.007246376811594203,0.014492753623188406,0.028985507246376812,0.014492753623188406,0.0,0.007884371414990385,0.012034135129959463,0.01774482078948985,0.037663327334439695,50.70588235294118,2025.0,3.0,"2023,2024,2025",466.0,150.8,0.7916336165465677,False,2025.0,0.0036231884057971015,0.005473964765177928,0.01464505364452981,0.016702366458499315,0.007246376811594203,0.011818091494711351,0.025514618861921114,0.033994422718388595,27.647058823529413,60.588235294117645,34.11764705882353,40.470588235294116,109,14,36.470588235294116,170,183,0.9941520467836257,scored
S020001441,태종대중학교,영도구,N,N,2025.0,2025,학교알리미 공시 13-다,data\raw\advancement\2023\S020001441.html;data\raw\advancement\2024\S020001441.html;data\raw\advancement\2025\S020001441.html,2026-09-05T00:57:35.993368+00:00,middle-score-1.0,False,1.0,2025.0,https://www.schoolinfo.go.kr/ei/pp/Pneipp_b06_s0p.do,115f5b51-4dba-4136-92ed-690a1ba41d07,available,2025.0,True,,69.0,40.0,24.0,0.0,1.0,2.0,2.0,5.0,0.0,0.0,0.0,0.0,69.0,0.0,0.0,0.0,,,,,,"{'졸업자': '69', '진학자 일반고': '40', '진학자 특성화고': '24', '진학자 특수목적고 과학고': '0', '진학자 특수목적고 외고국제고': '1', '진학자 특수목적고 예고체고': '2', '진학자 특수목적고 마이스터고': '2', '진학자 특수목적고 소계': '5', '진학자 자율고 자율형사립고': '0', '진학자 자율고 자율형공립고': '0', '진학자 자율고 소계': '0', '진학자 기타': '0', '진학자 진학자계': '69', '취업자': '0', '대안교육기관진학(학력미인정)': '0', '무직 및 미상': '0'}",foreign_international_combined;arts_sports_combined;other_special_not_separate,1.0,0.0,0.014492753623188406,0.0,0.014492753623188406,0.028985507246376812,0.028985507246376812,0.00518627453708705,0.01694748024219143,0.013155428094074467,0.03528918287335295,43.3235294117647,2025.0,3.0,"2023,2024,2025",263.0,83.1,0.7231010348034272,False,2025.0,0.003061224489795918,0.006155398858415232,0.01030760130139012,0.015142530557582683,0.003061224489795918,0.012019726357157305,0.016430050280981958,0.03331765577315522,37.05882352941177,47.05882352941176,36.470588235294116,40.44117647058824,110,5,35.88235294117647,170,183,0.9941520467836257,scored
S020000972,부산중앙중학교,기장군,N,N,2025.0,2025,학교알리미 공시 13-다,data\raw\advancement\2023\S020000972.html;data\raw\advancement\2024\S020000972.html;data\raw\advancement\2025\S020000972.html,2026-09-05T00:59:10.988131+00:00,middle-score-1.0,False,1.0,2025.0,https://www.schoolinfo.go.kr/ei/pp/Pneipp_b06_s0p.do,ce8575b3-0a1c-41aa-a668-59688b3816b3,available,2025.0,True,,178.0,108.0,50.0,1.0,0.0,3.0,8.0,12.0,1.0,0.0,1.0,0.0,171.0,0.0,4.0,3.0,,,,,,"{'졸업자': '178', '진학자 일반고': '108', '진학자 특성화고': '50', '진학자 특수목적고 과학고': '1', '진학자 특수목적고 외고국제고': '0', '진학자 특수목적고 예고체고': '3', '진학자 특수목적고 마이스터고': '8', '진학자 특수목적고 소계': '12', '진학자 자율고 자율형사립고': '1', '진학자 자율고 자율형공립고': '0', '진학자 자율고 소계': '1', '진학자 기타': '0', '진학자 진학자계': '171', '취업자': '0', '대안교육기관진학(학력미인정)': '4', '무직 및 미상': '3'}",foreign_international_combined;arts_sports_combined;other_special_not_separate,2.0,0.0056179775280898875,0.0,0.0056179775280898875,0.011235955056179775,0.016853932584269662,0.0449438202247191,0.006749929484775941,0.006705482593274648,0.01159448686294455,0.025049898940995134,27.47058823529412,2025.0,3.0,"2023,2024,2025",660.0,209.1,0.6723496561488066,False,2025.0,0.008239110179699813,0.008392052470046044,0.008612761560320332,0.012441777968273454,0.003625315294657189,0.008661558069236398,0.02047718703467733,0.02949538850755589,67.64705882352942,24.11764705882353,7.0588235294117645,40.294117647058826,111,1,35.294117647058826,170,183,0.9941520467836257,scored
S020000606,대연중학교,남구,N,N,2025.0,2025,학교알리미 공시 13-다,data\raw\advancement\2023\S020000606.html;data\raw\advancement\2024\S020000606.html;data\raw\advancement\2025\S020000606.html,2026-09-05T00:58:01.386105+00:00,middle-score-1.0,False,1.0,2025.0,https://www.schoolinfo.go.kr/ei/pp/Pneipp_b06_s0p.do,fec3f534-5068-4f7d-9709-11b14705529e,available,2025.0,True,,183.0,134.0,35.0,1.0,2.0,4.0,1.0,8.0,1.0,0.0,1.0,4.0,182.0,0.0,0.0,1.0,,,,,,"{'졸업자': '183', '진학자 일반고': '134', '진학자 특성화고': '35', '진학자 특수목적고 과학고': '1', '진학자 특수목적고 외고국제고': '2', '진학자 특수목적고 예고체고': '4', '진학자 특수목적고 마이스터고': '1', '진학자 특수목적고 소계': '8', '진학자 자율고 자율형사립고': '1', '진학자 자율고 자율형공립고': '0', '진학자 자율고 소계': '1', '진학자 기타': '4', '진학자 진학자계': '182', '취업자': '0', '대안교육기관진학(학력미인정)': '0', '무직 및 미상': '1'}",foreign_international_combined;arts_sports_combined;other_special_not_separate,4.0,0.00546448087431694,0.01092896174863388,0.00546448087431694,0.02185792349726776,0.02185792349726776,0.00546448087431694,0.00663067278009792,0.01365414897855248,0.011389637271726448,0.03167445903037685,40.705882352941174,2025.0,3.0,"2023,2024,2025",561.0,186.3,0.9696200079395948,False,2025.0,0.003807509254362771,0.00540859598202471,0.013377787325929844,0.015519081977888632,0.01054474043715847,0.013502945146331144,0.02773003701745108,0.034430623106244486,26.47058823529412,52.352941176470594,50.0,40.23529411764706,112,9,34.705882352941174,170,183,0.9941520467836257,scored
S020001212,대저중학교,강서구,N,N,2025.0,2025,학교알리미 공시 13-다,data\raw\advancement\2023\S020001212.html;data\raw\advancement\2024\S020001212.html;data\raw\advancement\2025\S020001212.html,2026-09-05T00:58:49.483309+00:00,middle-score-1.0,False,1.0,2025.0,https://www.schoolinfo.go.kr/ei/pp/Pneipp_b06_s0p.do,6a30a33e-d628-4234-87bf-2a3cbf161ace,available,2025.0,True,,36.0,25.0,6.0,0.0,0.0,0.0,4.0,4.0,0.0,0.0,0.0,1.0,36.0,0.0,0.0,0.0,,,,,,"{'졸업자': '36', '진학자 일반고': '25', '진학자 특성화고': '6', '진학자 특수목적고 과학고': '0', '진학자 특수목적고 외고국제고': '0', '진학자 특수목적고 예고체고': '0', '진학자 특수목적고 마이스터고': '4', '진학자 특수목적고 소계': '4', '진학자 자율고 자율형사립고': '0', '진학자 자율고 자율형공립고': '0', '진학자 자율고 소계': '0', '진학자 기타': '1', '진학자 진학자계': '36', '취업자': '0', '대안교육기관진학(학력미인정)': '0', '무직 및 미상': '0'}",foreign_international_combined;arts_sports_combined;other_special_not_separate,0.0,0.0,0.0,0.0,0.0,0.0,0.1111111111111111,0.006444708799762584,0.01370679530095847,0.016347554028666066,0.03649905812938711,45.705882352941174,2025.0,3.0,"2023,2024,2025",122.0,38.9,0.9923266913507793,False,2025.0,0.0,0.0060759470839439455,0.0,0.013990787279344713,0.0,0.013698214026950322,0.0,0.033764948390238976,35.88235294117647,38.82352941176471,51.76470588235295,40.088235294117645,113,10,34.11764705882353,170,183,0.9941520467836257,scored
S020001620,광안중학교,수영구,N,N,2025.0,2025,학교알리미 공시 13-다,data\raw\advancement\2023\S020001620.html;data\raw\advancement\2024\S020001620.html;data\raw\advancement\2025\S020001620.html,2026-09-05T00:58:58.112723+00:00,middle-score-1.0,False,1.0,2025.0,https://www.schoolinfo.go.kr/ei/pp/Pneipp_b06_s0p.do,babd4ea5-fac7-4875-98c6-e8a5855a1810,available,2025.0,True,,95.0,69.0,22.0,0.0,1.0,1.0,1.0,3.0,1.0,0.0,1.0,0.0,95.0,0.0,0.0,0.0,,,,,,"{'졸업자': '95', '진학자 일반고': '69', '진학자 특성화고': '22', '진학자 특수목적고 과학고': '0', '진학자 특수목적고 외고국제고': '1', '진학자 특수목적고 예고체고': '1', '진학자 특수목적고 마이스터고': '1', '진학자 특수목적고 소계': '3', '진학자 자율고 자율형사립고': '1', '진학자 자율고 자율형공립고': '0', '진학자 자율고 소계': '1', '진학자 기타': '0', '진학자 진학자계': '95', '취업자': '0', '대안교육기관진학(학력미인정)': '0', '무직 및 미상': '0'}",foreign_international_combined;arts_sports_combined;other_special_not_separate,2.0,0.0,0.010526315789473684,0.010526315789473684,0.021052631578947368,0.010526315789473684,0.010526315789473684,0.004494771265475443,0.014687816209899241,0.016529576143069668,0.03571216361844435,40.632352941176464,2025.0,3.0,"2023,2024,2025",346.0,109.2,0.6505452879866569,False,2025.0,0.005217391304347826,0.0068501911754218145,0.007871853546910754,0.013268826064347778,0.005263157894736842,0.01177606184851366,0.018352402745995422,0.031895079088283255,48.23529411764706,33.52941176470588,32.94117647058823,40.02941176470588,114,5,33.52941176470588,170,183,0.9941520467836257,scored
S020000617,석포여자중학교,남구,N,N,2025.0,2025,학교알리미 공시 13-다,data\raw\advancement\2023\S020000617.html;data\raw\advancement\2024\S020000617.html;data\raw\advancement\2025\S020000617.html,2026-09-05T00:58:06.204196+00:00,middle-score-1.0,False,1.0,2025.0,https://www.schoolinfo.go.kr/ei/pp/Pneipp_b06_s0p.do,aa1a5870-33e2-4d43-bf9b-c5d7be66d6d9,available,2025.0,True,,77.0,55.0,18.0,0.0,1.0,2.0,0.0,3.0,1.0,0.0,1.0,0.0,77.0,0.0,0.0,0.0,,,,,,"{'졸업자': '77', '진학자 일반고': '55', '진학자 특성화고': '18', '진학자 특수목적고 과학고': '0', '진학자 특수목적고 외고국제고': '1', '진학자 특수목적고 예고체고': '2', '진학자 특수목적고 마이스터고': '0', '진학자 특수목적고 소계': '3', '진학자 자율고 자율형사립고': '1', '진학자 자율고 자율형공립고': '0', '진학자 자율고 소계': '1', '진학자 기타': '0', '진학자 진학자계': '77', '취업자': '0', '대안교육기관진학(학력미인정)': '0', '무직 및 미상': '0'}",foreign_international_combined;arts_sports_combined;other_special_not_separate,2.0,0.0,0.012987012987012988,0.012987012987012988,0.025974025974025976,0.025974025974025976,0.0,0.004951866648405149,0.016181492434634757,0.0182105499881276,0.0393439090711675,47.23529411764705,2025.0,3.0,"2023,2024,2025",257.0,82.0,0.8596093555333304,False,2025.0,0.0,0.0046502755668919905,0.016398268398268398,0.017905959410469605,0.006493506493506494,0.01334446220674863,0.022891774891774894,0.03590069718411022,14.117647058823529,68.23529411764706,47.647058823529406,39.76470588235294,115,10,32.94117647058823,170,183,0.9941520467836257,scored
S020001409,대신여자중학교,서구,N,N,2025.0,2025,학교알리미 공시 13-다,data\raw\advancement\2023\S020001409.html;data\raw\advancement\2024\S020001409.html;data\raw\advancement\2025\S020001409.html,2026-09-05T00:57:22.242100+00:00,middle-score-1.0,False,1.0,2025.0,https://www.schoolinfo.go.kr/ei/pp/Pneipp_b06_s0p.do,7a67029f-7706-47b9-b12f-db5105868d45,available,2025.0,True,,111.0,81.0,21.0,0.0,4.0,2.0,0.0,6.0,1.0,0.0,1.0,1.0,110.0,0.0,1.0,0.0,,,,,,"{'졸업자': '111', '진학자 일반고': '81', '진학자 특성화고': '21', '진학자 특수목적고 과학고': '0', '진학자 특수목적고 외고국제고': '4', '진학자 특수목적고 예고체고': '2', '진학자 특수목적고 마이스터고': '0', '진학자 특수목적고 소계': '6', '진학자 자율고 자율형사립고': '1', '진학자 자율고 자율형공립고': '0', '진학자 자율고 소계': '1', '진학자 기타': '1', '진학자 진학자계': '110', '취업자': '0', '대안교육기관진학(학력미인정)': '1', '무직 및 미상': '0'}",foreign_international_combined;arts_sports_combined;other_special_not_separate,5.0,0.0,0.036036036036036036,0.009009009009009009,0.04504504504504504,0.018018018018018018,0.0,0.004153935529704793,0.027792057634741005,0.01527614856823974,0.04722214173268553,47.99999999999999,2025.0,3.0,"2023,2024,2025",401.0,128.2,0.9201537651282735,False,2025.0,0.0,0.0037219868681627128,0.03865452436881008,0.030264898625887462,0.005903105903105903,0.011614737874930212,0.044557630271915984,0.04560162336898038,4.705882352941177,89.41176470588236,30.0,39.411764705882355,116,6,32.35294117647059,170,183,0.9941520467836257,scored
S020001219,만덕중학교,북구,N,N,2025.0,2025,학교알리미 공시 13-다,data\raw\advancement\2023\S020001219.html;data\raw\advancement\2024\S020001219.html;data\raw\advancement\2025\S020001219.html,2026-09-05T00:58:15.645769+00:00,middle-score-1.0,False,1.0,2025.0,https://www.schoolinfo.go.kr/ei/pp/Pneipp_b06_s0p.do,5b50580b-d422-455f-bd39-c634bbe25d5c,available,2025.0,True,,172.0,101.0,23.0,0.0,4.0,2.0,5.0,11.0,1.0,36.0,37.0,0.0,172.0,0.0,0.0,0.0,,,,,,"{'졸업자': '172', '진학자 일반고': '101', '진학자 특성화고': '23', '진학자 특수목적고 과학고': '0', '진학자 특수목적고 외고국제고': '4', '진학자 특수목적고 예고체고': '2', '진학자 특수목적고 마이스터고': '5', '진학자 특수목적고 소계': '11', '진학자 자율고 자율형사립고': '1', '진학자 자율고 자율형공립고': '36', '진학자 자율고 소계': '37', '진학자 기타': '0', '진학자 진학자계': '172', '취업자': '0', '대안교육기관진학(학력미인정)': '0', '무직 및 미상': '0'}",foreign_international_combined;arts_sports_combined;other_special_not_separate,5.0,0.0,0.023255813953488372,0.005813953488372093,0.029069767441860465,0.011627906976744186,0.029069767441860465,0.003222354399881292,0.021559280003420413,0.011850247602568326,0.03663188200587003,35.294117647058826,2025.0,3.0,"2023,2024,2025",408.0,145.8,0.7011171830093199,False,2025.0,0.0023809523809523807,0.004778384848654662,0.024788080136917346,0.022646338411980313,0.005287929125138428,0.010759415701669705,0.03245696164300815,0.03818413896230468,15.294117647058824,78.82352941176471,22.35294117647059,38.94117647058823,117,8,31.76470588235294,170,183,0.9941520467836257,scored
S020000966,모동중학교,사상구,N,N,2025.0,2025,학교알리미 공시 13-다,data\raw\advancement\2023\S020000966.html;data\raw\advancement\2024\S020000966.html;data\raw\advancement\2025\S020000966.html,2026-09-05T00:59:01.255484+00:00,middle-score-1.0,False,1.0,2025.0,https://www.schoolinfo.go.kr/ei/pp/Pneipp_b06_s0p.do,27194e34-a4a6-4c6b-be04-1694f73416c4,available,2025.0,True,,74.0,56.0,9.0,1.0,0.0,0.0,6.0,7.0,1.0,0.0,1.0,0.0,73.0,0.0,0.0,1.0,,,,,,"{'졸업자': '74', '진학자 일반고': '56', '진학자 특성화고': '9', '진학자 특수목적고 과학고': '1', '진학자 특수목적고 외고국제고': '0', '진학자 특수목적고 예고체고': '0', '진학자 특수목적고 마이스터고': '6', '진학자 특수목적고 소계': '7', '진학자 자율고 자율형사립고': '1', '진학자 자율고 자율형공립고': '0', '진학자 자율고 소계': '1', '진학자 기타': '0', '진학자 진학자계': '73', '취업자': '0', '대안교육기관진학(학력미인정)': '0', '무직 및 미상': '1'}",foreign_international_combined;arts_sports_combined;other_special_not_separate,2.0,0.013513513513513514,0.0,0.013513513513513514,0.02702702702702703,0.0,0.08108108108108109,0.010784370096366158,0.010713357246726162,0.0185245249879229,0.040022252331015216,55.41176470588236,2025.0,3.0,"2023,2024,2025",260.0,83.8,0.7120919723888999,False,2025.0,0.006756756756756757,0.0074774730731807584,0.0,0.010614101492578657,0.006756756756756757,0.013254035847048477,0.013513513513513514,0.031345610412807895,56.470588235294116,8.823529411764707,45.294117647058826,37.55882352941177,118,4,31.176470588235293,170,183,0.9941520467836257,scored
S020001407,다송중학교,사하구,N,N,2025.0,2025,학교알리미 공시 13-다,data\raw\advancement\2023\S020001407.html;data\raw\advancement\2024\S020001407.html;data\raw\advancement\2025\S020001407.html,2026-09-05T00:58:33.746604+00:00,middle-score-1.0,False,1.0,2025.0,https://www.schoolinfo.go.kr/ei/pp/Pneipp_b06_s0p.do,066c24d6-fe87-4aa6-9e8e-061e6cce966a,available,2025.0,True,,116.0,81.0,23.0,0.0,0.0,1.0,5.0,6.0,3.0,0.0,3.0,2.0,115.0,0.0,0.0,1.0,,,,,,"{'졸업자': '116', '진학자 일반고': '81', '진학자 특성화고': '23', '진학자 특수목적고 과학고': '0', '진학자 특수목적고 외고국제고': '0', '진학자 특수목적고 예고체고': '1', '진학자 특수목적고 마이스터고': '5', '진학자 특수목적고 소계': '6', '진학자 자율고 자율형사립고': '3', '진학자 자율고 자율형공립고': '0', '진학자 자율고 소계': '3', '진학자 기타': '2', '진학자 진학자계': '115', '취업자': '0', '대안교육기관진학(학력미인정)': '0', '무직 및 미상': '1'}",foreign_international_combined;arts_sports_combined;other_special_not_separate,3.0,0.0,0.0,0.02586206896551724,0.02586206896551724,0.008620689655172414,0.04310344827586207,0.004057779614665331,0.00863020444875163,0.024181793277308263,0.03686977734072522,26.794117647058822,2025.0,3.0,"2023,2024,2025",371.0,122.1,0.6365721473883807,False,2025.0,0.0039029795616843136,0.005989557787092136,0.004838709677419355,0.011453848799558276,0.026930049503689425,0.02335090808382729,0.03567173874279309,0.0407943146704777,34.11764705882353,14.117647058823529,83.52941176470588,37.0,119,13,30.58823529411765,170,183,0.9941520467836257,scored
S020001623,동수영중학교,수영구,N,N,2025.0,2025,학교알리미 공시 13-다,data\raw\advancement\2023\S020001623.html;data\raw\advancement\2024\S020001623.html;data\raw\advancement\2025\S020001623.html,2026-09-05T00:58:58.837728+00:00,middle-score-1.0,False,1.0,2025.0,https://www.schoolinfo.go.kr/ei/pp/Pneipp_b06_s0p.do,df82600a-45e7-45fb-a3f0-90e93e8ee8f8,available,2025.0,True,,148.0,108.0,36.0,1.0,0.0,2.0,0.0,3.0,1.0,0.0,1.0,0.0,148.0,0.0,0.0,0.0,,,,,,"{'졸업자': '148', '진학자 일반고': '108', '진학자 특성화고': '36', '진학자 특수목적고 과학고': '1', '진학자 특수목적고 외고국제고': '0', '진학자 특수목적고 예고체고': '2', '진학자 특수목적고 마이스터고': '0', '진학자 특수목적고 소계': '3', '진학자 자율고 자율형사립고': '1', '진학자 자율고 자율형공립고': '0', '진학자 자율고 소계': '1', '진학자 기타': '0', '진학자 진학자계': '148', '취업자': '0', '대안교육기관진학(학력미인정)': '0', '무직 및 미상': '0'}",foreign_international_combined;arts_sports_combined;other_special_not_separate,2.0,0.006756756756756757,0.0,0.006756756756756757,0.013513513513513514,0.013513513513513514,0.0,0.00756645321277303,0.007516629681170775,0.012997045757655585,0.028080128651599385,32.411764705882355,2025.0,3.0,"2023,2024,2025",475.0,155.1,0.8033129176124864,False,2025.0,0.00646567699209138,0.007232437934932988,0.0073510678156612965,0.012179086485742716,0.00646567699209138,0.011380220617821984,0.020282421799844054,0.030791745038497687,53.529411764705884,20.0,29.411764705882355,36.970588235294116,120,6,30.0,170,183,0.9941520467836257,scored
S020000793,온천중학교,동래구,N,N,2025.0,2025,학교알리미 공시 13-다,data\raw\advancement\2023\S020000793.html;data\raw\advancement\2024\S020000793.html;data\raw\advancement\2025\S020000793.html,2026-09-05T00:57:53.334407+00:00,middle-score-1.0,False,1.0,2025.0,https://www.schoolinfo.go.kr/ei/pp/Pneipp_b06_s0p.do,1b42e4fd-c1f6-405d-90fd-1cf2c638f1d2,available,2025.0,True,,181.0,123.0,44.0,1.0,2.0,5.0,0.0,8.0,2.0,0.0,2.0,4.0,181.0,0.0,0.0,0.0,,,,,,"{'졸업자': '181', '진학자 일반고': '123', '진학자 특성화고': '44', '진학자 특수목적고 과학고': '1', '진학자 특수목적고 외고국제고': '2', '진학자 특수목적고 예고체고': '5', '진학자 특수목적고 마이스터고': '0', '진학자 특수목적고 소계': '8', '진학자 자율고 자율형사립고': '2', '진학자 자율고 자율형공립고': '0', '진학자 자율고 소계': '2', '진학자 기타': '4', '진학자 진학자계': '181', '취업자': '0', '대안교육기관진학(학력미인정)': '0', '무직 및 미상': '0'}",foreign_international_combined;arts_sports_combined;other_special_not_separate,5.0,0.0055248618784530384,0.011049723756906077,0.011049723756906077,0.027624309392265192,0.027624309392265192,0.0,0.006677866180668013,0.013751331533559973,0.015029421166898878,0.03545861888112686,46.794117647058826,2025.0,3.0,"2023,2024,2025",563.0,184.7,0.8707858820489699,False,2025.0,0.004723215252952009,0.006058144161720595,0.00889564839530697,0.012542860431114255,0.012266434912160902,0.014549643308142282,0.025885298560419885,0.03315064790097713,35.294117647058826,25.294117647058822,58.82352941176471,36.50000000000001,121,11,29.411764705882355,170,183,0.9941520467836257,scored
S020000774,동신중학교,동래구,N,N,2025.0,2025,학교알리미 공시 13-다,data\raw\advancement\2023\S020000774.html;data\raw\advancement\2024\S020000774.html;data\raw\advancement\2025\S020000774.html,2026-09-05T00:57:49.855357+00:00,middle-score-1.0,False,1.0,2025.0,https://www.schoolinfo.go.kr/ei/pp/Pneipp_b06_s0p.do,1c072733-2196-442e-b259-85bbb63472bf,available,2025.0,True,,63.0,42.0,16.0,0.0,1.0,1.0,2.0,4.0,0.0,0.0,0.0,1.0,63.0,0.0,0.0,0.0,,,,,,"{'졸업자': '63', '진학자 일반고': '42', '진학자 특성화고': '16', '진학자 특수목적고 과학고': '0', '진학자 특수목적고 외고국제고': '1', '진학자 특수목적고 예고체고': '1', '진학자 특수목적고 마이스터고': '2', '진학자 특수목적고 소계': '4', '진학자 자율고 자율형사립고': '0', '진학자 자율고 자율형공립고': '0', '진학자 자율고 소계': '0', '진학자 기타': '1', '진학자 진학자계': '63', '취업자': '0', '대안교육기관진학(학력미인정)': '0', '무직 및 미상': '0'}",foreign_international_combined;arts_sports_combined;other_special_not_separate,1.0,0.0,0.015873015873015872,0.0,0.015873015873015872,0.015873015873015872,0.031746031746031744,0.005377180348268168,0.017571313870738355,0.013639676980972914,0.03658817119997943,46.55882352941177,2025.0,3.0,"2023,2024,2025",208.0,67.8,0.8325128149906226,False,2025.0,0.0,0.005027502353959094,0.010714285714285714,0.015834919147597132,0.002777777777777778,0.01247117472243484,0.013492063492063493,0.03333359622399106,19.411764705882355,54.11764705882353,40.0,35.67647058823529,122,12,28.823529411764703,170,183,0.9941520467836257,scored
S020001205,구남중학교,북구,N,N,2025.0,2025,학교알리미 공시 13-다,data\raw\advancement\2023\S020001205.html;data\raw\advancement\2024\S020001205.html;data\raw\advancement\2025\S020001205.html,2026-09-05T00:58:12.460547+00:00,middle-score-1.0,False,1.0,2025.0,https://www.schoolinfo.go.kr/ei/pp/Pneipp_b06_s0p.do,f1928a9c-216b-4751-88a1-8a6f327ab86d,available,2025.0,True,,99.0,64.0,25.0,0.0,1.0,1.0,5.0,7.0,1.0,0.0,1.0,0.0,97.0,0.0,1.0,1.0,,,,,,"{'졸업자': '99', '진학자 일반고': '64', '진학자 특성화고': '25', '진학자 특수목적고 과학고': '0', '진학자 특수목적고 외고국제고': '1', '진학자 특수목적고 예고체고': '1', '진학자 특수목적고 마이스터고': '5', '진학자 특수목적고 소계': '7', '진학자 자율고 자율형사립고': '1', '진학자 자율고 자율형공립고': '0', '진학자 자율고 소계': '1', '진학자 기타': '0', '진학자 진학자계': '97', '취업자': '0', '대안교육기관진학(학력미인정)': '1', '무직 및 미상': '1'}",foreign_international_combined;arts_sports_combined;other_special_not_separate,2.0,0.0,0.010101010101010102,0.010101010101010102,0.020202020202020204,0.010101010101010102,0.050505050505050504,0.0044044241043603586,0.0143925837232681,0.016197323356274298,0.03499433118390275,37.5735294117647,2025.0,3.0,"2023,2024,2025",293.0,98.4,0.9205133636038976,False,2025.0,0.0029702970297029703,0.00573595076144822,0.007201042684913653,0.013382258742347119,0.008020802080208021,0.01349486244837788,0.018192141794824646,0.03261307195217322,30.58823529411765,34.11764705882353,49.411764705882355,35.588235294117645,123,9,27.941176470588236,170,183,0.9941520467836257,scored
S020001225,양덕여자중학교,북구,N,N,2025.0,2025,학교알리미 공시 13-다,data\raw\advancement\2023\S020001225.html;data\raw\advancement\2024\S020001225.html;data\raw\advancement\2025\S020001225.html,2026-09-05T00:58:16.766327+00:00,middle-score-1.0,False,1.0,2025.0,https://www.schoolinfo.go.kr/ei/pp/Pneipp_b06_s0p.do,6195a896-c390-4045-af58-c61cdf05cd55,available,2025.0,True,,40.0,32.0,4.0,0.0,0.0,1.0,0.0,1.0,0.0,0.0,0.0,3.0,40.0,0.0,0.0,0.0,,,,,,"{'졸업자': '40', '진학자 일반고': '32', '진학자 특성화고': '4', '진학자 특수목적고 과학고': '0', '진학자 특수목적고 외고국제고': '0', '진학자 특수목적고 예고체고': '1', '진학자 특수목적고 마이스터고': '0', '진학자 특수목적고 소계': '1', '진학자 자율고 자율형사립고': '0', '진학자 자율고 자율형공립고': '0', '진학자 자율고 소계': '0', '진학자 기타': '3', '진학자 진학자계': '40', '취업자': '0', '대안교육기관진학(학력미인정)': '0', '무직 및 미상': '0'}",foreign_international_combined;arts_sports_combined;other_special_not_separate,0.0,0.0,0.0,0.0,0.0,0.025,0.0,0.00626057426262651,0.013315172578073943,0.015880481056418465,0.035456227897118914,43.14705882352941,2025.0,3.0,"2023,2024,2025",141.0,44.6,0.9818115150345545,False,2025.0,0.0,0.00584266918638039,0.0,0.013440633390433368,0.0,0.013192544450848054,0.0,0.03247584702766181,31.76470588235294,35.294117647058826,44.70588235294118,35.588235294117645,123,9,27.941176470588236,170,183,0.9941520467836257,scored
S020001403,남도여자중학교,영도구,N,N,2025.0,2025,학교알리미 공시 13-다,data\raw\advancement\2023\S020001403.html;data\raw\advancement\2024\S020001403.html;data\raw\advancement\2025\S020001403.html,2026-09-05T00:57:31.830373+00:00,middle-score-1.0,False,1.0,2025.0,https://www.schoolinfo.go.kr/ei/pp/Pneipp_b06_s0p.do,bc833499-3b5a-40bc-a56f-3607d8af8266,available,2025.0,True,,61.0,39.0,17.0,0.0,0.0,2.0,1.0,3.0,2.0,0.0,2.0,0.0,61.0,0.0,0.0,0.0,,,,,,"{'졸업자': '61', '진학자 일반고': '39', '진학자 특성화고': '17', '진학자 특수목적고 과학고': '0', '진학자 특수목적고 외고국제고': '0', '진학자 특수목적고 예고체고': '2', '진학자 특수목적고 마이스터고': '1', '진학자 특수목적고 소계': '3', '진학자 자율고 자율형사립고': '2', '진학자 자율고 자율형공립고': '0', '진학자 자율고 소계': '2', '진학자 기타': '0', '진학자 진학자계': '61', '취업자': '0', '대안교육기관진학(학력미인정)': '0', '무직 및 미상': '0'}",foreign_international_combined;arts_sports_combined;other_special_not_separate,2.0,0.0,0.0,0.03278688524590164,0.03278688524590164,0.03278688524590164,0.01639344262295082,0.005443977619675226,0.011578410937455604,0.026231474210550214,0.04325386276768104,43.05882352941177,2025.0,3.0,"2023,2024,2025",212.0,69.0,0.9348023172282659,False,2025.0,0.0,0.0050054039921396225,0.0036144578313253013,0.013207485120144295,0.020007900454276122,0.019102256401813695,0.023622358285601424,0.037315145514097606,18.235294117647058,32.35294117647059,78.23529411764706,35.1764705882353,125,6,27.058823529411764,170,183,0.9941520467836257,scored
S020001421,부산영선중학교,영도구,N,N,2025.0,2025,학교알리미 공시 13-다,data\raw\advancement\2023\S020001421.html;data\raw\advancement\2024\S020001421.html;data\raw\advancement\2025\S020001421.html,2026-09-05T00:57:33.284445+00:00,middle-score-1.0,False,1.0,2025.0,https://www.schoolinfo.go.kr/ei/pp/Pneipp_b06_s0p.do,e372d59f-d101-4e58-8b09-5ff7d5ae5976,available,2025.0,True,,61.0,34.0,17.0,0.0,0.0,3.0,1.0,4.0,0.0,3.0,3.0,2.0,60.0,0.0,0.0,1.0,,,,,,"{'졸업자': '61', '진학자 일반고': '34', '진학자 특성화고': '17', '진학자 특수목적고 과학고': '0', '진학자 특수목적고 외고국제고': '0', '진학자 특수목적고 예고체고': '3', '진학자 특수목적고 마이스터고': '1', '진학자 특수목적고 소계': '4', '진학자 자율고 자율형사립고': '0', '진학자 자율고 자율형공립고': '3', '진학자 자율고 소계': '3', '진학자 기타': '2', '진학자 진학자계': '60', '취업자': '0', '대안교육기관진학(학력미인정)': '0', '무직 및 미상': '1'}",foreign_international_combined;arts_sports_combined;other_special_not_separate,0.0,0.0,0.0,0.0,0.0,0.04918032786885246,0.01639344262295082,0.005443977619675226,0.011578410937455604,0.013809113962103011,0.030831502519233837,34.352941176470594,2025.0,3.0,"2023,2024,2025",213.0,68.4,0.8545051513080891,False,2025.0,0.0,0.005018667330139093,0.011792207792207791,0.01666661160940511,0.0,0.011319528359625516,0.011792207792207791,0.03300480729916972,18.823529411764707,59.411764705882355,28.823529411764703,35.02941176470588,126,7,26.47058823529412,170,183,0.9941520467836257,scored
S020001420,부산여자중학교,서구,N,N,2025.0,2025,학교알리미 공시 13-다,data\raw\advancement\2023\S020001420.html;data\raw\advancement\2024\S020001420.html;data\raw\advancement\2025\S020001420.html,2026-09-05T00:57:23.286177+00:00,middle-score-1.0,False,1.0,2025.0,https://www.schoolinfo.go.kr/ei/pp/Pneipp_b06_s0p.do,dab97564-b620-4d94-ad6e-f4d6a78985e1,available,2025.0,True,,149.0,108.0,30.0,1.0,0.0,4.0,0.0,5.0,5.0,0.0,5.0,1.0,149.0,0.0,0.0,0.0,,,,,,"{'졸업자': '149', '진학자 일반고': '108', '진학자 특성화고': '30', '진학자 특수목적고 과학고': '1', '진학자 특수목적고 외고국제고': '0', '진학자 특수목적고 예고체고': '4', '진학자 특수목적고 마이스터고': '0', '진학자 특수목적고 소계': '5', '진학자 자율고 자율형사립고': '5', '진학자 자율고 자율형공립고': '0', '진학자 자율고 소계': '5', '진학자 기타': '1', '진학자 진학자계': '149', '취업자': '0', '대안교육기관진학(학력미인정)': '0', '무직 및 미상': '0'}",foreign_international_combined;arts_sports_combined;other_special_not_separate,6.0,0.006711409395973154,0.0,0.03355704697986577,0.040268456375838924,0.026845637583892617,0.0,0.007536065850472737,0.0074864424133749075,0.029009105814853754,0.044031614078701396,42.529411764705884,2025.0,3.0,"2023,2024,2025",480.0,157.0,0.8988170912751962,False,2025.0,0.004546180888462767,0.006038074800939744,0.004221443178498393,0.010204853116096575,0.027821468275208962,0.024280005460080595,0.036589092342170115,0.04052293337711692,34.705882352941174,6.470588235294119,84.70588235294117,34.82352941176471,127,7,25.882352941176475,170,183,0.9941520467836257,scored
S020000619,성동중학교,남구,N,N,2025.0,2025,학교알리미 공시 13-다,data\raw\advancement\2023\S020000619.html;data\raw\advancement\2024\S020000619.html;data\raw\advancement\2025\S020000619.html,2026-09-05T00:58:06.450175+00:00,middle-score-1.0,False,1.0,2025.0,https://www.schoolinfo.go.kr/ei/pp/Pneipp_b06_s0p.do,0a92f593-a574-4926-941a-7062ca078499,available,2025.0,True,,126.0,86.0,27.0,2.0,1.0,3.0,7.0,13.0,0.0,0.0,0.0,0.0,126.0,0.0,0.0,0.0,,,,,,"{'졸업자': '126', '진학자 일반고': '86', '진학자 특성화고': '27', '진학자 특수목적고 과학고': '2', '진학자 특수목적고 외고국제고': '1', '진학자 특수목적고 예고체고': '3', '진학자 특수목적고 마이스터고': '7', '진학자 특수목적고 소계': '13', '진학자 자율고 자율형사립고': '0', '진학자 자율고 자율형공립고': '0', '진학자 자율고 소계': '0', '진학자 기타': '0', '진학자 진학자계': '126', '취업자': '0', '대안교육기관진학(학력미인정)': '0', '무직 및 미상': '0'}",foreign_international_combined;arts_sports_combined;other_special_not_separate,3.0,0.015873015873015872,0.007936507936507936,0.0,0.023809523809523808,0.023809523809523808,0.05555555555555555,0.012727789366228813,0.012673115756328991,0.009837466141144181,0.03523837126370198,54.14705882352941,2025.0,3.0,"2023,2024,2025",428.0,138.9,0.6732760655413195,False,2025.0,0.007936507936507936,0.007967207706974897,0.00590373783922171,0.01155551866933573,0.001360544217687075,0.008797359585752595,0.015200789993416721,0.028320085962063223,61.76470588235294,14.705882352941178,7.647058823529412,34.470588235294116,128,11,25.294117647058822,170,183,0.9941520467836257,scored
S020001871,신덕중학교,북구,N,N,2025.0,2025,학교알리미 공시 13-다,data\raw\advancement\2023\S020001871.html;data\raw\advancement\2024\S020001871.html;data\raw\advancement\2025\S020001871.html,2026-09-05T00:58:20.198635+00:00,middle-score-1.0,False,1.0,2025.0,https://www.schoolinfo.go.kr/ei/pp/Pneipp_b06_s0p.do,e1016223-0d77-442c-a084-a11067c2d80e,available,2025.0,True,,126.0,100.0,23.0,1.0,0.0,1.0,1.0,3.0,0.0,0.0,0.0,0.0,126.0,0.0,0.0,0.0,,,,,,"{'졸업자': '126', '진학자 일반고': '100', '진학자 특성화고': '23', '진학자 특수목적고 과학고': '1', '진학자 특수목적고 외고국제고': '0', '진학자 특수목적고 예고체고': '1', '진학자 특수목적고 마이스터고': '1', '진학자 특수목적고 소계': '3', '진학자 자율고 자율형사립고': '0', '진학자 자율고 자율형공립고': '0', '진학자 자율고 소계': '0', '진학자 기타': '0', '진학자 진학자계': '126', '취업자': '0', '대안교육기관진학(학력미인정)': '0', '무직 및 미상': '0'}",foreign_international_combined;arts_sports_combined;other_special_not_separate,1.0,0.007936507936507936,0.0,0.0,0.007936507936507936,0.007936507936507936,0.007936507936507936,0.008303010605166866,0.008248336995267044,0.009837466141144181,0.026388813741578088,33.82352941176471,2025.0,3.0,"2023,2024,2025",454.0,144.7,0.7237354881921936,False,2025.0,0.008226817586359372,0.008332190175874873,0.0042585636181054045,0.010622605592630603,0.0011976047904191619,0.00861827539988158,0.013682985994883937,0.027573071168387055,65.29411764705883,9.411764705882353,6.470588235294119,33.970588235294116,129,11,24.705882352941178,170,183,0.9941520467836257,scored
S020001430,신선중학교,영도구,N,N,2025.0,2025,학교알리미 공시 13-다,data\raw\advancement\2023\S020001430.html;data\raw\advancement\2024\S020001430.html;data\raw\advancement\2025\S020001430.html,2026-09-05T00:57:34.257667+00:00,middle-score-1.0,False,1.0,2025.0,https://www.schoolinfo.go.kr/ei/pp/Pneipp_b06_s0p.do,fe888843-adc3-4d61-8ecb-d85a896406b7,available,2025.0,True,,63.0,42.0,21.0,0.0,0.0,0.0,0.0,0.0,0.0,0.0,0.0,0.0,63.0,0.0,0.0,0.0,,,,,,"{'졸업자': '63', '진학자 일반고': '42', '진학자 특성화고': '21', '진학자 특수목적고 과학고': '0', '진학자 특수목적고 외고국제고': '0', '진학자 특수목적고 예고체고': '0', '진학자 특수목적고 마이스터고': '0', '진학자 특수목적고 소계': '0', '진학자 자율고 자율형사립고': '0', '진학자 자율고 자율형공립고': '0', '진학자 자율고 소계': '0', '진학자 기타': '0', '진학자 진학자계': '63', '취업자': '0', '대안교육기관진학(학력미인정)': '0', '무직 및 미상': '0'}",foreign_international_combined;arts_sports_combined;other_special_not_separate,0.0,0.0,0.0,0.0,0.0,0.0,0.0,0.005377180348268168,0.011436344545584981,0.013639676980972914,0.030453201874826058,32.86764705882353,2025.0,3.0,"2023,2024,2025",191.0,63.8,0.8633607423186022,False,2025.0,0.0,0.005141393883507616,0.0032786885245901644,0.013146786513223726,0.008955223880597014,0.015105367349498399,0.012233912405187179,0.03339354774622974,21.176470588235293,31.76470588235294,62.35294117647059,33.11764705882353,130,8,24.11764705882353,170,183,0.9941520467836257,scored
S020000956,개금여자중학교,부산진구,N,N,2025.0,2025,학교알리미 공시 13-다,data\raw\advancement\2023\S020000956.html;data\raw\advancement\2024\S020000956.html;data\raw\advancement\2025\S020000956.html,2026-09-05T00:57:38.890493+00:00,middle-score-1.0,False,1.0,2025.0,https://www.schoolinfo.go.kr/ei/pp/Pneipp_b06_s0p.do,2d81602d-e95f-4ca8-b036-18794f83e605,available,2025.0,True,,99.0,75.0,20.0,1.0,1.0,2.0,0.0,4.0,0.0,0.0,0.0,0.0,99.0,0.0,0.0,0.0,,,,,,"{'졸업자': '99', '진학자 일반고': '75', '진학자 특성화고': '20', '진학자 특수목적고 과학고': '1', '진학자 특수목적고 외고국제고': '1', '진학자 특수목적고 예고체고': '2', '진학자 특수목적고 마이스터고': '0', '진학자 특수목적고 소계': '4', '진학자 자율고 자율형사립고': '0', '진학자 자율고 자율형공립고': '0', '진학자 자율고 소계': '0', '진학자 기타': '0', '진학자 진학자계': '99', '취업자': '0', '대안교육기관진학(학력미인정)': '0', '무직 및 미상': '0'}",foreign_international_combined;arts_sports_combined;other_special_not_separate,2.0,0.010101010101010102,0.010101010101010102,0.0,0.020202020202020204,0.020202020202020204,0.0,0.009429549732501062,0.0143925837232681,0.011172197728133593,0.03499433118390275,52.83823529411764,2025.0,3.0,"2023,2024,2025",332.0,105.8,0.7340464759503289,False,2025.0,0.005050505050505051,0.006631077208285856,0.0065210932857991686,0.012805435012904057,0.003092783505154639,0.01085284749682862,0.014664381841458858,0.030289359718018532,41.17647058823529,27.647058823529413,23.52941176470588,32.911764705882355,131,15,23.52941176470588,170,183,0.9941520467836257,scored
S020000799,혜화여자중학교,동래구,N,N,2025.0,2025,학교알리미 공시 13-다,data\raw\advancement\2023\S020000799.html;data\raw\advancement\2024\S020000799.html;data\raw\advancement\2025\S020000799.html,2026-09-05T00:57:57.164259+00:00,middle-score-1.0,False,1.0,2025.0,https://www.schoolinfo.go.kr/ei/pp/Pneipp_b06_s0p.do,644edcd2-06e0-4c04-9517-03f2a8d95947,available,2025.0,True,,73.0,48.0,20.0,0.0,0.0,4.0,1.0,5.0,0.0,0.0,0.0,0.0,73.0,0.0,0.0,0.0,,,,,,"{'졸업자': '73', '진학자 일반고': '48', '진학자 특성화고': '20', '진학자 특수목적고 과학고': '0', '진학자 특수목적고 외고국제고': '0', '진학자 특수목적고 예고체고': '4', '진학자 특수목적고 마이스터고': '1', '진학자 특수목적고 소계': '5', '진학자 자율고 자율형사립고': '0', '진학자 자율고 자율형공립고': '0', '진학자 자율고 소계': '0', '진학자 기타': '0', '진학자 진학자계': '73', '취업자': '0', '대안교육기관진학(학력미인정)': '0', '무직 및 미상': '0'}",foreign_international_combined;arts_sports_combined;other_special_not_separate,0.0,0.0,0.0,0.0,0.0,0.0547945205479452,0.0136986301369863,0.005066360674957869,0.01077528416722747,0.012851256346234595,0.02869290118841993,27.955882352941174,2025.0,3.0,"2023,2024,2025",228.0,75.1,0.7454528918924366,False,2025.0,0.0,0.004811891061367642,0.012658227848101267,0.01670015694595202,0.0,0.01080844714701631,0.012658227848101267,0.03232049515433597,15.88235294117647,60.0,22.941176470588236,32.735294117647065,132,13,22.941176470588236,170,183,0.9941520467836257,scored
S020001630,반여중학교,해운대구,N,N,2025.0,2025,학교알리미 공시 13-다,data\raw\advancement\2023\S020001630.html;data\raw\advancement\2024\S020001630.html;data\raw\advancement\2025\S020001630.html,2026-09-05T00:58:23.449409+00:00,middle-score-1.0,False,1.0,2025.0,https://www.schoolinfo.go.kr/ei/pp/Pneipp_b06_s0p.do,0ca9ac7c-700d-4674-88bc-818a11b7a912,available,2025.0,True,,48.0,30.0,17.0,0.0,0.0,0.0,1.0,1.0,0.0,0.0,0.0,0.0,48.0,0.0,0.0,0.0,,,,,,"{'졸업자': '48', '진학자 일반고': '30', '진학자 특성화고': '17', '진학자 특수목적고 과학고': '0', '진학자 특수목적고 외고국제고': '0', '진학자 특수목적고 예고체고': '0', '진학자 특수목적고 마이스터고': '1', '진학자 특수목적고 소계': '1', '진학자 자율고 자율형사립고': '0', '진학자 자율고 자율형공립고': '0', '진학자 자율고 소계': '0', '진학자 기타': '0', '진학자 진학자계': '48', '취업자': '0', '대안교육기관진학(학력미인정)': '0', '무직 및 미상': '0'}",foreign_international_combined;arts_sports_combined;other_special_not_separate,0.0,0.0,0.0,0.0,0.0,0.0,0.020833333333333332,0.0059221648430250766,0.012595433519799675,0.015022076674990439,0.033539675037815186,40.70588235294118,2025.0,3.0,"2023,2024,2025",147.0,48.0,0.9689931010213723,False,2025.0,0.0,0.005697444854647191,0.0,0.013134185495605062,0.0,0.012816882609185776,0.0,0.031648512959438026,29.411764705882355,31.176470588235293,42.94117647058823,32.73529411764706,133,14,22.35294117647059,170,183,0.9941520467836257,scored
S020001231,주례중학교,사상구,N,N,2025.0,2025,학교알리미 공시 13-다,data\raw\advancement\2023\S020001231.html;data\raw\advancement\2024\S020001231.html;data\raw\advancement\2025\S020001231.html,2026-09-05T00:59:08.988815+00:00,middle-score-1.0,False,1.0,2025.0,https://www.schoolinfo.go.kr/ei/pp/Pneipp_b06_s0p.do,f50fe49b-209e-4641-b474-a366edcfc00b,available,2025.0,True,,54.0,31.0,16.0,0.0,0.0,0.0,4.0,4.0,0.0,0.0,0.0,0.0,51.0,0.0,3.0,0.0,,,,,,"{'졸업자': '54', '진학자 일반고': '31', '진학자 특성화고': '16', '진학자 특수목적고 과학고': '0', '진학자 특수목적고 외고국제고': '0', '진학자 특수목적고 예고체고': '0', '진학자 특수목적고 마이스터고': '4', '진학자 특수목적고 소계': '4', '진학자 자율고 자율형사립고': '0', '진학자 자율고 자율형공립고': '0', '진학자 자율고 소계': '0', '진학자 기타': '0', '진학자 진학자계': '51', '취업자': '0', '대안교육기관진학(학력미인정)': '3', '무직 및 미상': '0'}",foreign_international_combined;arts_sports_combined;other_special_not_separate,0.0,0.0,0.0,0.0,0.0,0.0,0.07407407407407407,0.005691431147842282,0.012104702343703585,0.014436800960380422,0.032232934451926286,37.76470588235294,2025.0,3.0,"2023,2024,2025",201.0,64.4,0.9082618046771733,False,2025.0,0.00375,0.006823777345522935,0.0,0.011897762499268258,0.0,0.01162354886306292,0.00375,0.03034508870785411,47.05882352941176,15.294117647058824,30.58823529411765,32.647058823529406,134,5,21.764705882352942,170,183,0.9941520467836257,scored
S020002072,정관중학교,기장군,N,N,2025.0,2025,학교알리미 공시 13-다,data\raw\advancement\2023\S020002072.html;data\raw\advancement\2024\S020002072.html;data\raw\advancement\2025\S020002072.html,2026-09-05T00:59:14.632060+00:00,middle-score-1.0,False,1.0,2025.0,https://www.schoolinfo.go.kr/ei/pp/Pneipp_b06_s0p.do,2dc211b5-cb20-46db-a3b8-568b63b5ca8a,available,2025.0,True,,252.0,193.0,38.0,2.0,3.0,2.0,6.0,13.0,0.0,0.0,0.0,4.0,248.0,0.0,0.0,4.0,,,,,,"{'졸업자': '252', '진학자 일반고': '193', '진학자 특성화고': '38', '진학자 특수목적고 과학고': '2', '진학자 특수목적고 외고국제고': '3', '진학자 특수목적고 예고체고': '2', '진학자 특수목적고 마이스터고': '6', '진학자 특수목적고 소계': '13', '진학자 자율고 자율형사립고': '0', '진학자 자율고 자율형공립고': '0', '진학자 자율고 소계': '0', '진학자 기타': '4', '진학자 진학자계': '248', '취업자': '0', '대안교육기관진학(학력미인정)': '0', '무직 및 미상': '4'}",foreign_international_combined;arts_sports_combined;other_special_not_separate,5.0,0.007936507936507936,0.011904761904761904,0.0,0.01984126984126984,0.007936507936507936,0.023809523809523808,0.00817181930899918,0.01381853454809759,0.0063161004201664345,0.028306454277263204,43.897058823529406,2025.0,3.0,"2023,2024,2025",849.0,272.1,0.8221832070065773,False,2025.0,0.0056979100799325515,0.006405202815020275,0.011052823580913468,0.013224113030501996,0.006312563840653727,0.009844458990571169,0.023063297501499748,0.02947377483609344,39.411764705882355,32.94117647058823,14.705882352941178,32.205882352941174,135,2,21.176470588235293,170,183,0.9941520467836257,scored
S020002311,일광중학교,기장군,N,N,2025.0,2025,학교알리미 공시 13-다,data\raw\advancement\2023\S020002311.html;data\raw\advancement\2024\S020002311.html;data\raw\advancement\2025\S020002311.html,2026-09-05T00:59:15.630174+00:00,middle-score-1.0,False,1.0,2025.0,https://www.schoolinfo.go.kr/ei/pp/Pneipp_b06_s0p.do,51b2392f-6770-45ce-9b7d-41a3b8d7a3b0,available,2025.0,True,,175.0,136.0,25.0,0.0,0.0,2.0,1.0,3.0,4.0,0.0,4.0,1.0,169.0,0.0,0.0,6.0,,,,,,"{'졸업자': '175', '진학자 일반고': '136', '진학자 특성화고': '25', '진학자 특수목적고 과학고': '0', '진학자 특수목적고 외고국제고': '0', '진학자 특수목적고 예고체고': '2', '진학자 특수목적고 마이스터고': '1', '진학자 특수목적고 소계': '3', '진학자 자율고 자율형사립고': '4', '진학자 자율고 자율형공립고': '0', '진학자 자율고 소계': '4', '진학자 기타': '1', '진학자 진학자계': '169', '취업자': '0', '대안교육기관진학(학력미인정)': '0', '무직 및 미상': '6'}",foreign_international_combined;arts_sports_combined;other_special_not_separate,4.0,0.0,0.0,0.022857142857142857,0.022857142857142857,0.011428571428571429,0.005714285714285714,0.0031872014427916776,0.006778633312474008,0.02263006308326758,0.03259589783853326,18.176470588235293,2025.0,3.0,"2023,2024,2025",462.0,166.7,0.49896292996713765,False,2025.0,0.004274697513628507,0.005429495875543237,0.008549395027257014,0.012138324442046102,0.01432712215320911,0.015567750101662423,0.02715121469409463,0.03313557041925176,27.058823529411764,18.823529411764707,64.70588235294117,31.705882352941174,136,3,20.588235294117645,170,183,0.9941520467836257,scored
S020000980,연제중학교,연제구,N,N,2025.0,2025,학교알리미 공시 13-다,data\raw\advancement\2023\S020000980.html;data\raw\advancement\2024\S020000980.html;data\raw\advancement\2025\S020000980.html,2026-09-05T00:58:56.023215+00:00,middle-score-1.0,False,1.0,2025.0,https://www.schoolinfo.go.kr/ei/pp/Pneipp_b06_s0p.do,6d47d921-b2ab-420a-aa89-9eb47a453916,available,2025.0,True,,93.0,70.0,21.0,0.0,1.0,1.0,0.0,2.0,0.0,0.0,0.0,0.0,93.0,0.0,0.0,0.0,,,,,,"{'졸업자': '93', '진학자 일반고': '70', '진학자 특성화고': '21', '진학자 특수목적고 과학고': '0', '진학자 특수목적고 외고국제고': '1', '진학자 특수목적고 예고체고': '1', '진학자 특수목적고 마이스터고': '0', '진학자 특수목적고 소계': '2', '진학자 자율고 자율형사립고': '0', '진학자 자율고 자율형공립고': '0', '진학자 자율고 소계': '0', '진학자 기타': '0', '진학자 진학자계': '93', '취업자': '0', '대안교육기관진학(학력미인정)': '0', '무직 및 미상': '0'}",foreign_international_combined;arts_sports_combined;other_special_not_separate,1.0,0.0,0.010752688172043012,0.0,0.010752688172043012,0.010752688172043012,0.0,0.004541349206050318,0.014840021559224622,0.011519519937298368,0.030900890702573302,35.11764705882353,2025.0,3.0,"2023,2024,2025",334.0,106.9,0.9260876239096043,False,2025.0,0.0,0.004098971008531767,0.016114737804164503,0.017904427290058342,0.0016806722689075631,0.01017892308870233,0.017795410073072063,0.03218232138729244,7.0588235294117645,67.64705882352942,18.823529411764707,30.617647058823533,137,8,20.0,170,183,0.9941520467836257,scored
S020001432,영남중학교,사하구,N,N,2025.0,2025,학교알리미 공시 13-다,data\raw\advancement\2023\S020001432.html;data\raw\advancement\2024\S020001432.html;data\raw\advancement\2025\S020001432.html,2026-09-05T00:58:36.883571+00:00,middle-score-1.0,False,1.0,2025.0,https://www.schoolinfo.go.kr/ei/pp/Pneipp_b06_s0p.do,d1d620cf-58ad-4677-a3a4-f9966811737a,available,2025.0,True,,118.0,80.0,28.0,0.0,0.0,2.0,8.0,10.0,0.0,0.0,0.0,0.0,118.0,0.0,0.0,0.0,,,,,,"{'졸업자': '118', '진학자 일반고': '80', '진학자 특성화고': '28', '진학자 특수목적고 과학고': '0', '진학자 특수목적고 외고국제고': '0', '진학자 특수목적고 예고체고': '2', '진학자 특수목적고 마이스터고': '8', '진학자 특수목적고 소계': '10', '진학자 자율고 자율형사립고': '0', '진학자 자율고 자율형공립고': '0', '진학자 자율고 소계': '0', '진학자 기타': '0', '진학자 진학자계': '118', '취업자': '0', '대안교육기관진학(학력미인정)': '0', '무직 및 미상': '0'}",foreign_international_combined;arts_sports_combined;other_special_not_separate,0.0,0.0,0.0,0.0,0.0,0.01694915254237288,0.06779661016949153,0.0040205522787509695,0.008551028261148404,0.010198474072929288,0.022770054612828657,13.02941176470588,2025.0,3.0,"2023,2024,2025",376.0,122.5,0.6891081577614491,False,2025.0,0.006837555165951273,0.0076734468511537365,0.0,0.00873371468800524,0.0025210084033613443,0.00992175496332731,0.009358563569312618,0.026328916502486283,58.235294117647065,2.941176470588235,15.88235294117647,30.411764705882355,138,14,19.411764705882355,170,183,0.9941520467836257,scored
S020000610,동항중학교,남구,N,N,2025.0,2025,학교알리미 공시 13-다,data\raw\advancement\2023\S020000610.html;data\raw\advancement\2024\S020000610.html;data\raw\advancement\2025\S020000610.html,2026-09-05T00:58:02.943515+00:00,middle-score-1.0,False,1.0,2025.0,https://www.schoolinfo.go.kr/ei/pp/Pneipp_b06_s0p.do,70f08ca7-d077-4829-825a-8fb2c56b6a0b,available,2025.0,True,,84.0,56.0,26.0,0.0,0.0,0.0,1.0,1.0,1.0,0.0,1.0,0.0,84.0,0.0,0.0,0.0,,,,,,"{'졸업자': '84', '진학자 일반고': '56', '진학자 특성화고': '26', '진학자 특수목적고 과학고': '0', '진학자 특수목적고 외고국제고': '0', '진학자 특수목적고 예고체고': '0', '진학자 특수목적고 마이스터고': '1', '진학자 특수목적고 소계': '1', '진학자 자율고 자율형사립고': '1', '진학자 자율고 자율형공립고': '0', '진학자 자율고 소계': '1', '진학자 기타': '0', '진학자 진학자계': '84', '취업자': '0', '대안교육기관진학(학력미인정)': '0', '무직 및 미상': '0'}",foreign_international_combined;arts_sports_combined;other_special_not_separate,1.0,0.0,0.0,0.011904761904761904,0.011904761904761904,0.0,0.011904761904761904,0.004763480417215823,0.010131109570273652,0.017517757325535788,0.03241234731302526,30.911764705882355,2025.0,3.0,"2023,2024,2025",274.0,88.9,0.8920330489192214,False,2025.0,0.0,0.004467694361957841,0.008721771053509846,0.014460598252181097,0.005952380952380952,0.012788477214187858,0.014674152005890798,0.03171676982832679,11.76470588235294,41.76470588235294,42.35294117647059,28.38235294117647,139,12,18.823529411764707,170,183,0.9941520467836257,scored
S020001640,재송여자중학교,해운대구,N,N,2025.0,2025,학교알리미 공시 13-다,data\raw\advancement\2023\S020001640.html;data\raw\advancement\2024\S020001640.html;data\raw\advancement\2025\S020001640.html,2026-09-05T00:58:27.337110+00:00,middle-score-1.0,False,1.0,2025.0,https://www.schoolinfo.go.kr/ei/pp/Pneipp_b06_s0p.do,c1780afb-7e2e-4f40-988c-6932229035c7,available,2025.0,True,,112.0,75.0,31.0,1.0,0.0,5.0,0.0,6.0,0.0,0.0,0.0,0.0,112.0,0.0,0.0,0.0,,,,,,"{'졸업자': '112', '진학자 일반고': '75', '진학자 특성화고': '31', '진학자 특수목적고 과학고': '1', '진학자 특수목적고 외고국제고': '0', '진학자 특수목적고 예고체고': '5', '진학자 특수목적고 마이스터고': '0', '진학자 특수목적고 소계': '6', '진학자 자율고 자율형사립고': '0', '진학자 자율고 자율형공립고': '0', '진학자 자율고 소계': '0', '진학자 기타': '0', '진학자 진학자계': '112', '취업자': '0', '대안교육기관진학(학력미인정)': '0', '무직 및 미상': '0'}",foreign_international_combined;arts_sports_combined;other_special_not_separate,1.0,0.008928571428571428,0.0,0.0,0.008928571428571428,0.044642857142857144,0.0,0.00885132262626279,0.00879303849495449,0.010487110131597099,0.028131471252814375,37.117647058823536,2025.0,3.0,"2023,2024,2025",368.0,120.1,0.9566074246798932,False,2025.0,0.004464285714285714,0.006194686969290276,0.0062259659403039735,0.012350791918912215,0.0015748031496062992,0.009518503162584145,0.012265054804195987,0.028063982050786633,37.64705882352941,22.35294117647059,11.76470588235294,27.117647058823525,140,15,18.235294117647058,170,183,0.9941520467836257,scored
S020000614,부산서중학교,동구,N,N,2025.0,2025,학교알리미 공시 13-다,data\raw\advancement\2023\S020000614.html;data\raw\advancement\2024\S020000614.html;data\raw\advancement\2025\S020000614.html,2026-09-05T00:57:29.608956+00:00,middle-score-1.0,False,1.0,2025.0,https://www.schoolinfo.go.kr/ei/pp/Pneipp_b06_s0p.do,54d146db-75bf-4ce8-96bb-79f763c35e77,available,2025.0,True,,97.0,63.0,27.0,1.0,0.0,1.0,5.0,7.0,0.0,0.0,0.0,0.0,97.0,0.0,0.0,0.0,,,,,,"{'졸업자': '97', '진학자 일반고': '63', '진학자 특성화고': '27', '진학자 특수목적고 과학고': '1', '진학자 특수목적고 외고국제고': '0', '진학자 특수목적고 예고체고': '1', '진학자 특수목적고 마이스터고': '5', '진학자 특수목적고 소계': '7', '진학자 자율고 자율형사립고': '0', '진학자 자율고 자율형공립고': '0', '진학자 자율고 소계': '0', '진학자 기타': '0', '진학자 진학자계': '97', '취업자': '0', '대안교육기관진학(학력미인정)': '0', '무직 및 미상': '0'}",foreign_international_combined;arts_sports_combined;other_special_not_separate,1.0,0.010309278350515464,0.0,0.0,0.010309278350515464,0.010309278350515464,0.05154639175257732,0.009525281201866556,0.009462559192539858,0.011285621055322766,0.030273461449729176,42.05882352941177,2025.0,3.0,"2023,2024,2025",315.0,103.5,0.7862809352777926,False,2025.0,0.005154639175257732,0.00668545089495633,0.0,0.009584748548281879,0.0038461538461538464,0.011278176687647936,0.009000793021411577,0.02754837613088614,44.70588235294118,4.117647058823529,27.647058823529413,27.088235294117645,141,3,17.647058823529413,170,183,0.9941520467836257,scored
S020000798,학산여자중학교,동래구,N,N,2025.0,2025,학교알리미 공시 13-다,data\raw\advancement\2023\S020000798.html;data\raw\advancement\2024\S020000798.html;data\raw\advancement\2025\S020000798.html,2026-09-05T00:57:57.070453+00:00,middle-score-1.0,False,1.0,2025.0,https://www.schoolinfo.go.kr/ei/pp/Pneipp_b06_s0p.do,b65adeab-6905-4574-8be9-8287e6dfa8bf,available,2025.0,True,,84.0,62.0,17.0,0.0,0.0,2.0,0.0,2.0,0.0,0.0,0.0,2.0,83.0,0.0,0.0,1.0,,,,,,"{'졸업자': '84', '진학자 일반고': '62', '진학자 특성화고': '17', '진학자 특수목적고 과학고': '0', '진학자 특수목적고 외고국제고': '0', '진학자 특수목적고 예고체고': '2', '진학자 특수목적고 마이스터고': '0', '진학자 특수목적고 소계': '2', '진학자 자율고 자율형사립고': '0', '진학자 자율고 자율형공립고': '0', '진학자 자율고 소계': '0', '진학자 기타': '2', '진학자 진학자계': '83', '취업자': '0', '대안교육기관진학(학력미인정)': '0', '무직 및 미상': '1'}",foreign_international_combined;arts_sports_combined;other_special_not_separate,0.0,0.0,0.0,0.0,0.0,0.023809523809523808,0.0,0.004763480417215823,0.010131109570273652,0.012082974716840136,0.026977564704329608,24.44117647058824,2025.0,3.0,"2023,2024,2025",268.0,87.1,0.7596874876682967,False,2025.0,0.0,0.004510226304947225,0.010843373493975903,0.015303752366787923,0.0,0.010166045841959893,0.010843373493975903,0.02998002451369504,12.352941176470589,48.8235294117647,18.235294117647058,26.294117647058822,142,14,17.058823529411764,170,183,0.9941520467836257,scored
S020000767,금사중학교,금정구,N,N,2025.0,2025,학교알리미 공시 13-다,data\raw\advancement\2023\S020000767.html;data\raw\advancement\2024\S020000767.html;data\raw\advancement\2025\S020000767.html,2026-09-05T00:58:40.909494+00:00,middle-score-1.0,False,1.0,2025.0,https://www.schoolinfo.go.kr/ei/pp/Pneipp_b06_s0p.do,22291056-04a7-4827-8c0d-f918205c43d7,available,2025.0,True,,51.0,33.0,15.0,0.0,0.0,0.0,2.0,2.0,0.0,0.0,0.0,1.0,51.0,0.0,0.0,0.0,,,,,,"{'졸업자': '51', '진학자 일반고': '33', '진학자 특성화고': '15', '진학자 특수목적고 과학고': '0', '진학자 특수목적고 외고국제고': '0', '진학자 특수목적고 예고체고': '0', '진학자 특수목적고 마이스터고': '2', '진학자 특수목적고 소계': '2', '진학자 자율고 자율형사립고': '0', '진학자 자율고 자율형공립고': '0', '진학자 자율고 소계': '0', '진학자 기타': '1', '진학자 진학자계': '51', '취업자': '0', '대안교육기관진학(학력미인정)': '0', '무직 및 미상': '0'}",foreign_international_combined;arts_sports_combined;other_special_not_separate,0.0,0.0,0.0,0.0,0.0,0.0,0.0392156862745098,0.0058045059388590154,0.012345193118744054,0.01472362482052043,0.032873323878123493,39.1764705882353,2025.0,3.0,"2023,2024,2025",192.0,59.9,0.9460645255528126,False,2025.0,0.0,0.005301350035737977,0.0,0.012166706639419026,0.0,0.012013414752631069,0.0,0.02948147142778807,25.294117647058822,19.411764705882355,35.88235294117647,25.35294117647059,143,11,16.470588235294116,170,183,0.9941520467836257,scored
S020000615,부산중학교,동구,N,N,2025.0,2025,학교알리미 공시 13-다,data\raw\advancement\2023\S020000615.html;data\raw\advancement\2024\S020000615.html;data\raw\advancement\2025\S020000615.html,2026-09-05T00:57:30.576627+00:00,middle-score-1.0,False,1.0,2025.0,https://www.schoolinfo.go.kr/ei/pp/Pneipp_b06_s0p.do,7e919d04-a068-4ccf-aafb-fec80b7dd797,available,2025.0,True,,94.0,63.0,26.0,0.0,1.0,0.0,4.0,5.0,0.0,0.0,0.0,0.0,94.0,0.0,0.0,0.0,,,,,,"{'졸업자': '94', '진학자 일반고': '63', '진학자 특성화고': '26', '진학자 특수목적고 과학고': '0', '진학자 특수목적고 외고국제고': '1', '진학자 특수목적고 예고체고': '0', '진학자 특수목적고 마이스터고': '4', '진학자 특수목적고 소계': '5', '진학자 자율고 자율형사립고': '0', '진학자 자율고 자율형공립고': '0', '진학자 자율고 소계': '0', '진학자 기타': '0', '진학자 진학자계': '94', '취업자': '0', '대안교육기관진학(학력미인정)': '0', '무직 및 미상': '0'}",foreign_international_combined;arts_sports_combined;other_special_not_separate,1.0,0.0,0.010638297872340425,0.0,0.010638297872340425,0.0,0.0425531914893617,0.004517940189524286,0.014763526602733773,0.011460140968549406,0.030741607760807463,34.32352941176471,2025.0,3.0,"2023,2024,2025",323.0,103.1,0.8334647827693047,False,2025.0,0.0015873015873015873,0.005053167376296753,0.0069064505234718,0.013034475715177064,0.0029126213592233006,0.010912390917100043,0.011406373469996688,0.029000034008573858,20.588235294117645,30.58823529411765,24.705882352941178,24.91176470588235,144,4,15.88235294117647,170,183,0.9941520467836257,scored
S020000986,초읍중학교,부산진구,N,N,2025.0,2025,학교알리미 공시 13-다,data\raw\advancement\2023\S020000986.html;data\raw\advancement\2024\S020000986.html;data\raw\advancement\2025\S020000986.html,2026-09-05T00:57:46.629365+00:00,middle-score-1.0,False,1.0,2025.0,https://www.schoolinfo.go.kr/ei/pp/Pneipp_b06_s0p.do,1b8a189d-6ad4-4c15-bdb2-2ba754d226a1,available,2025.0,True,,171.0,121.0,36.0,0.0,3.0,7.0,4.0,14.0,0.0,0.0,0.0,0.0,171.0,0.0,0.0,0.0,,,,,,"{'졸업자': '171', '진학자 일반고': '121', '진학자 특성화고': '36', '진학자 특수목적고 과학고': '0', '진학자 특수목적고 외고국제고': '3', '진학자 특수목적고 예고체고': '7', '진학자 특수목적고 마이스터고': '4', '진학자 특수목적고 소계': '14', '진학자 자율고 자율형사립고': '0', '진학자 자율고 자율형공립고': '0', '진학자 자율고 소계': '0', '진학자 기타': '0', '진학자 진학자계': '171', '취업자': '0', '대안교육기관진학(학력미인정)': '0', '무직 및 미상': '0'}",foreign_international_combined;arts_sports_combined;other_special_not_separate,3.0,0.0,0.017543859649122806,0.0,0.017543859649122806,0.04093567251461988,0.023391812865497075,0.0032342450065229204,0.017948797641809417,0.008203938553131309,0.029386981201463644,27.91176470588235,2025.0,3.0,"2023,2024,2025",485.0,164.6,0.788319017827191,False,2025.0,0.0013245033112582781,0.003977773435894693,0.011936923933365692,0.01485894513885487,0.006845975703896315,0.011309750421692534,0.020107402948520287,0.030146468996442095,6.470588235294119,44.70588235294118,28.235294117647058,24.205882352941178,145,16,15.294117647058824,170,183,0.9941520467836257,scored
S020000779,부산예술중학교,금정구,N,N,2025.0,2025,학교알리미 공시 13-다,data\raw\advancement\2023\S020000779.html;data\raw\advancement\2024\S020000779.html;data\raw\advancement\2025\S020000779.html,2026-09-05T00:58:44.374317+00:00,middle-score-1.0,False,1.0,2025.0,https://www.schoolinfo.go.kr/ei/pp/Pneipp_b06_s0p.do,ed0cdde2-a7fe-4fb6-8cac-4c2d2d057977,available,2025.0,True,,86.0,11.0,1.0,0.0,0.0,73.0,0.0,73.0,0.0,0.0,0.0,0.0,85.0,0.0,0.0,1.0,,,,,,"{'졸업자': '86', '진학자 일반고': '11', '진학자 특성화고': '1', '진학자 특수목적고 과학고': '0', '진학자 특수목적고 외고국제고': '0', '진학자 특수목적고 예고체고': '73', '진학자 특수목적고 마이스터고': '0', '진학자 특수목적고 소계': '73', '진학자 자율고 자율형사립고': '0', '진학자 자율고 자율형공립고': '0', '진학자 자율고 소계': '0', '진학자 기타': '0', '진학자 진학자계': '85', '취업자': '0', '대안교육기관진학(학력미인정)': '0', '무직 및 미상': '1'}",foreign_international_combined;arts_sports_combined;other_special_not_separate,0.0,0.0,0.0,0.0,0.0,0.8488372093023255,0.0,0.004712260197675868,0.010022172908227699,0.011953050257519273,0.026687483363422835,23.382352941176475,2025.0,3.0,"2023,2024,2025",230.0,78.7,0.7958714445121794,False,2025.0,0.0,0.004712784643069624,0.007014492753623189,0.013843499133926539,0.0,0.010517257528559214,0.007014492753623189,0.029073541305555374,14.705882352941178,37.64705882352941,21.176470588235293,24.029411764705884,146,12,14.705882352941178,170,183,0.9941520467836257,scored
S020001436,장림여자중학교,사하구,N,N,2025.0,2025,학교알리미 공시 13-다,data\raw\advancement\2023\S020001436.html;data\raw\advancement\2024\S020001436.html;data\raw\advancement\2025\S020001436.html,2026-09-05T00:58:37.703094+00:00,middle-score-1.0,False,1.0,2025.0,https://www.schoolinfo.go.kr/ei/pp/Pneipp_b06_s0p.do,59c545a2-46d7-4fa3-9fa9-4d3a48803fad,available,2025.0,True,,141.0,93.0,44.0,0.0,1.0,2.0,0.0,3.0,1.0,0.0,1.0,0.0,141.0,0.0,0.0,0.0,,,,,,"{'졸업자': '141', '진학자 일반고': '93', '진학자 특성화고': '44', '진학자 특수목적고 과학고': '0', '진학자 특수목적고 외고국제고': '1', '진학자 특수목적고 예고체고': '2', '진학자 특수목적고 마이스터고': '0', '진학자 특수목적고 소계': '3', '진학자 자율고 자율형사립고': '1', '진학자 자율고 자율형공립고': '0', '진학자 자율고 소계': '1', '진학자 기타': '0', '진학자 진학자계': '141', '취업자': '0', '대안교육기관진학(학력미인정)': '0', '무직 및 미상': '0'}",foreign_international_combined;arts_sports_combined;other_special_not_separate,2.0,0.0,0.0070921985815602835,0.0070921985815602835,0.014184397163120567,0.014184397163120567,0.0,0.0036368481193680973,0.011884332617968266,0.01337455331078251,0.02889573404811887,24.08823529411765,2025.0,3.0,"2023,2024,2025",424.0,141.4,0.7719045741839285,False,2025.0,0.0014285714285714286,0.004321270880849925,0.0070725728172536684,0.012213764331281136,0.011268377013057863,0.014426130325110292,0.019769521258882962,0.03096116553724135,10.588235294117647,20.588235294117645,58.235294117647065,23.61764705882353,147,15,14.117647058823529,170,183,0.9941520467836257,scored
S020000975,신라중학교,사상구,N,N,2025.0,2025,학교알리미 공시 13-다,data\raw\advancement\2023\S020000975.html;data\raw\advancement\2024\S020000975.html;data\raw\advancement\2025\S020000975.html,2026-09-05T00:59:02.006684+00:00,middle-score-1.0,False,1.0,2025.0,https://www.schoolinfo.go.kr/ei/pp/Pneipp_b06_s0p.do,7f4f7088-a3b6-4760-b197-207f29291491,available,2025.0,True,,96.0,58.0,31.0,0.0,1.0,0.0,5.0,6.0,1.0,0.0,1.0,0.0,96.0,0.0,0.0,0.0,,,,,,"{'졸업자': '96', '진학자 일반고': '58', '진학자 특성화고': '31', '진학자 특수목적고 과학고': '0', '진학자 특수목적고 외고국제고': '1', '진학자 특수목적고 예고체고': '0', '진학자 특수목적고 마이스터고': '5', '진학자 특수목적고 소계': '6', '진학자 자율고 자율형사립고': '1', '진학자 자율고 자율형공립고': '0', '진학자 자율고 소계': '1', '진학자 기타': '0', '진학자 진학자계': '96', '취업자': '0', '대안교육기관진학(학력미인정)': '0', '무직 및 미상': '0'}",foreign_international_combined;arts_sports_combined;other_special_not_separate,2.0,0.0,0.010416666666666666,0.010416666666666666,0.020833333333333332,0.0,0.052083333333333336,0.004471838759018936,0.014612878372093633,0.016445241570911148,0.03552995870202371,39.51470588235295,2025.0,3.0,"2023,2024,2025",289.0,95.9,0.8705801478729722,False,2025.0,0.0,0.004298931705404697,0.005208333333333333,0.012483639010644906,0.008434139784946237,0.013752263599473357,0.013642473118279569,0.03053483431552296,9.411764705882353,24.705882352941178,52.94117647058824,23.47058823529412,148,6,13.529411764705882,170,183,0.9941520467836257,scored
S020001218,동주중학교,사상구,N,N,2025.0,2025,학교알리미 공시 13-다,data\raw\advancement\2023\S020001218.html;data\raw\advancement\2024\S020001218.html;data\raw\advancement\2025\S020001218.html,2026-09-05T00:59:03.115886+00:00,middle-score-1.0,False,1.0,2025.0,https://www.schoolinfo.go.kr/ei/pp/Pneipp_b06_s0p.do,5fecb893-26eb-48f4-83b1-49a7132909a8,available,2025.0,True,,62.0,36.0,17.0,0.0,0.0,0.0,7.0,7.0,1.0,0.0,1.0,0.0,61.0,0.0,1.0,0.0,,,,,,"{'졸업자': '62', '진학자 일반고': '36', '진학자 특성화고': '17', '진학자 특수목적고 과학고': '0', '진학자 특수목적고 외고국제고': '0', '진학자 특수목적고 예고체고': '0', '진학자 특수목적고 마이스터고': '7', '진학자 특수목적고 소계': '7', '진학자 자율고 자율형사립고': '1', '진학자 자율고 자율형공립고': '0', '진학자 자율고 소계': '1', '진학자 기타': '0', '진학자 진학자계': '61', '취업자': '0', '대안교육기관진학(학력미인정)': '1', '무직 및 미상': '0'}",foreign_international_combined;arts_sports_combined;other_special_not_separate,1.0,0.0,0.0,0.016129032258064516,0.016129032258064516,0.0,0.11290322580645161,0.005410372819553774,0.011506939265002174,0.01989671202406534,0.03681402410862128,40.0,2025.0,3.0,"2023,2024,2025",240.0,74.8,0.8631577048648541,False,2025.0,0.0,0.004861154464455921,0.0,0.011149613954734948,0.008064516129032258,0.014118261108790522,0.008064516129032258,0.030129029527981386,17.058823529411764,12.352941176470589,56.470588235294116,23.294117647058822,149,7,12.941176470588237,170,183,0.9941520467836257,scored
S020000624,해연중학교,남구,N,N,2025.0,2025,학교알리미 공시 13-다,data\raw\advancement\2023\S020000624.html;data\raw\advancement\2024\S020000624.html;data\raw\advancement\2025\S020000624.html,2026-09-05T00:58:10.223830+00:00,middle-score-1.0,False,1.0,2025.0,https://www.schoolinfo.go.kr/ei/pp/Pneipp_b06_s0p.do,e023ae9c-902a-4dc3-88c3-c9b85dd8bf1f,available,2025.0,True,,188.0,133.0,41.0,0.0,3.0,5.0,2.0,10.0,2.0,0.0,2.0,2.0,188.0,0.0,0.0,0.0,,,,,,"{'졸업자': '188', '진학자 일반고': '133', '진학자 특성화고': '41', '진학자 특수목적고 과학고': '0', '진학자 특수목적고 외고국제고': '3', '진학자 특수목적고 예고체고': '5', '진학자 특수목적고 마이스터고': '2', '진학자 특수목적고 소계': '10', '진학자 자율고 자율형사립고': '2', '진학자 자율고 자율형공립고': '0', '진학자 자율고 소계': '2', '진학자 기타': '2', '진학자 진학자계': '188', '취업자': '0', '대안교육기관진학(학력미인정)': '0', '무직 및 미상': '0'}",foreign_international_combined;arts_sports_combined;other_special_not_separate,5.0,0.0,0.015957446808510637,0.010638297872340425,0.026595744680851064,0.026595744680851064,0.010638297872340425,0.003043334710998998,0.016889320003230388,0.014664122735758975,0.03459677744998836,32.64705882352941,2025.0,3.0,"2023,2024,2025",625.0,201.8,0.7646879872751791,False,2025.0,0.0008583690987124464,0.0034048461394515107,0.013495007170980892,0.015426551989598192,0.006177518034882659,0.010417384855818326,0.020530894304575997,0.02924878298486803,2.3529411764705883,50.588235294117645,20.588235294117645,22.882352941176467,150,13,12.352941176470589,170,183,0.9941520467836257,scored
S020000973,부산진여자중학교,부산진구,N,N,2025.0,2025,학교알리미 공시 13-다,data\raw\advancement\2023\S020000973.html;data\raw\advancement\2024\S020000973.html;data\raw\advancement\2025\S020000973.html,2026-09-05T00:57:44.578847+00:00,middle-score-1.0,False,1.0,2025.0,https://www.schoolinfo.go.kr/ei/pp/Pneipp_b06_s0p.do,82b43372-a02c-422f-a974-07ca81190b46,available,2025.0,True,,128.0,93.0,30.0,0.0,2.0,1.0,0.0,3.0,0.0,1.0,1.0,0.0,127.0,0.0,0.0,1.0,,,,,,"{'졸업자': '128', '진학자 일반고': '93', '진학자 특성화고': '30', '진학자 특수목적고 과학고': '0', '진학자 특수목적고 외고국제고': '2', '진학자 특수목적고 예고체고': '1', '진학자 특수목적고 마이스터고': '0', '진학자 특수목적고 소계': '3', '진학자 자율고 자율형사립고': '0', '진학자 자율고 자율형공립고': '1', '진학자 자율고 소계': '1', '진학자 기타': '0', '진학자 진학자계': '127', '취업자': '0', '대안교육기관진학(학력미인정)': '0', '무직 및 미상': '1'}",foreign_international_combined;arts_sports_combined;other_special_not_separate,2.0,0.0,0.015625,0.0,0.015625,0.0078125,0.0,0.00384421226652505,0.016947912986536633,0.009751172578502566,0.030543297831564245,31.588235294117645,2025.0,3.0,"2023,2024,2025",383.0,128.6,0.8426578688222077,False,2025.0,0.0,0.0036848876625461937,0.012224264705882353,0.015474258831066623,0.0022058823529411764,0.009506420528094799,0.01443014705882353,0.028665567021707614,4.117647058823529,51.17647058823529,11.176470588235295,21.999999999999996,151,17,11.76470588235294,170,183,0.9941520467836257,scored
S020001628,반송중학교,해운대구,N,N,2025.0,2025,학교알리미 공시 13-다,data\raw\advancement\2023\S020001628.html;data\raw\advancement\2024\S020001628.html;data\raw\advancement\2025\S020001628.html,2026-09-05T00:58:22.158394+00:00,middle-score-1.0,False,1.0,2025.0,https://www.schoolinfo.go.kr/ei/pp/Pneipp_b06_s0p.do,702f4502-a6d3-4619-8ff9-8c6f96d911bf,available,2025.0,True,,79.0,44.0,24.0,0.0,1.0,1.0,6.0,8.0,0.0,0.0,0.0,2.0,78.0,0.0,0.0,1.0,,,,,,"{'졸업자': '79', '진학자 일반고': '44', '진학자 특성화고': '24', '진학자 특수목적고 과학고': '0', '진학자 특수목적고 외고국제고': '1', '진학자 특수목적고 예고체고': '1', '진학자 특수목적고 마이스터고': '6', '진학자 특수목적고 소계': '8', '진학자 자율고 자율형사립고': '0', '진학자 자율고 자율형공립고': '0', '진학자 자율고 소계': '0', '진학자 기타': '2', '진학자 진학자계': '78', '취업자': '0', '대안교육기관진학(학력미인정)': '0', '무직 및 미상': '1'}",foreign_international_combined;arts_sports_combined;other_special_not_separate,1.0,0.0,0.012658227848101266,0.0,0.012658227848101266,0.012658227848101266,0.0759493670886076,0.0048965385294285554,0.016000693636482415,0.012420487977087067,0.03331772014299803,39.279411764705884,2025.0,3.0,"2023,2024,2025",255.0,82.7,0.8748091945458499,False,2025.0,0.0,0.004619205291637653,0.006329113924050633,0.0134298356330986,0.0,0.010413567676797412,0.006329113924050633,0.028462608601533664,12.941176470588237,34.705882352941174,20.0,21.970588235294116,152,16,11.176470588235295,170,183,0.9941520467836257,scored
S020001229,주감중학교,사상구,N,N,2025.0,2025,학교알리미 공시 13-다,data\raw\advancement\2023\S020001229.html;data\raw\advancement\2024\S020001229.html;data\raw\advancement\2025\S020001229.html,2026-09-05T00:59:06.653044+00:00,middle-score-1.0,False,1.0,2025.0,https://www.schoolinfo.go.kr/ei/pp/Pneipp_b06_s0p.do,fd37cbc2-83a0-498c-8af4-cdb06534e3fe,available,2025.0,True,,103.0,65.0,28.0,0.0,0.0,1.0,9.0,10.0,0.0,0.0,0.0,0.0,103.0,0.0,0.0,0.0,,,,,,"{'졸업자': '103', '진학자 일반고': '65', '진학자 특성화고': '28', '진학자 특수목적고 과학고': '0', '진학자 특수목적고 외고국제고': '0', '진학자 특수목적고 예고체고': '1', '진학자 특수목적고 마이스터고': '9', '진학자 특수목적고 소계': '10', '진학자 자율고 자율형사립고': '0', '진학자 자율고 자율형공립고': '0', '진학자 자율고 소계': '0', '진학자 기타': '0', '진학자 진학자계': '103', '취업자': '0', '대안교육기관진학(학력미인정)': '0', '무직 및 미상': '0'}",foreign_international_combined;arts_sports_combined;other_special_not_separate,0.0,0.0,0.0,0.0,0.0,0.009708737864077669,0.08737864077669903,0.004317637422501041,0.009182877640050996,0.01095205590097825,0.024452570963530283,16.82352941176471,2025.0,3.0,"2023,2024,2025",305.0,101.6,0.7761928622433986,False,2025.0,0.001904761904761905,0.005152313611329139,0.006185567010309278,0.012699613066019518,0.0,0.009365897581404306,0.008090328915071183,0.02721782425875296,21.764705882352942,26.47058823529412,10.588235294117647,21.176470588235293,153,8,10.588235294117647,170,183,0.9941520467836257,scored
S020000957,개림중학교,부산진구,N,N,2025.0,2025,학교알리미 공시 13-다,data\raw\advancement\2023\S020000957.html;data\raw\advancement\2024\S020000957.html;data\raw\advancement\2025\S020000957.html,2026-09-05T00:57:38.985160+00:00,middle-score-1.0,False,1.0,2025.0,https://www.schoolinfo.go.kr/ei/pp/Pneipp_b06_s0p.do,f8d84b29-dd05-415d-baa6-4289b3d15088,available,2025.0,True,,187.0,140.0,39.0,1.0,2.0,2.0,3.0,8.0,0.0,0.0,0.0,0.0,187.0,0.0,0.0,0.0,,,,,,"{'졸업자': '187', '진학자 일반고': '140', '진학자 특성화고': '39', '진학자 특수목적고 과학고': '1', '진학자 특수목적고 외고국제고': '2', '진학자 특수목적고 예고체고': '2', '진학자 특수목적고 마이스터고': '3', '진학자 특수목적고 소계': '8', '진학자 자율고 자율형사립고': '0', '진학자 자율고 자율형공립고': '0', '진학자 자율고 소계': '0', '진학자 기타': '0', '진학자 진학자계': '187', '취업자': '0', '대안교육기관진학(학력미인정)': '0', '무직 및 미상': '0'}",foreign_international_combined;arts_sports_combined;other_special_not_separate,3.0,0.0053475935828877,0.0106951871657754,0.0,0.016042780748663103,0.0106951871657754,0.016042780748663103,0.006538259222187147,0.013463847250628404,0.007746576125082177,0.027748682597897728,35.029411764705884,2025.0,3.0,"2023,2024,2025",568.0,188.4,0.7905683997788222,False,2025.0,0.0042780748663101605,0.005707929115541921,0.008556149732620321,0.012322351871017961,0.0010309278350515464,0.007235686390860835,0.01386515243398203,0.025265967377420716,30.0,21.176470588235293,1.1764705882352942,21.14705882352941,154,18,10.0,170,183,0.9941520467836257,scored
S020001621,기장중학교,기장군,N,N,2025.0,2025,학교알리미 공시 13-다,data\raw\advancement\2023\S020001621.html;data\raw\advancement\2024\S020001621.html;data\raw\advancement\2025\S020001621.html,2026-09-05T00:59:12.049415+00:00,middle-score-1.0,False,1.0,2025.0,https://www.schoolinfo.go.kr/ei/pp/Pneipp_b06_s0p.do,87ef9ae2-b727-42ee-a5f1-edab971e924d,available,2025.0,True,,147.0,108.0,30.0,1.0,0.0,0.0,7.0,8.0,0.0,0.0,0.0,0.0,146.0,0.0,0.0,1.0,,,,,,"{'졸업자': '147', '진학자 일반고': '108', '진학자 특성화고': '30', '진학자 특수목적고 과학고': '1', '진학자 특수목적고 외고국제고': '0', '진학자 특수목적고 예고체고': '0', '진학자 특수목적고 마이스터고': '7', '진학자 특수목적고 소계': '8', '진학자 자율고 자율형사립고': '0', '진학자 자율고 자율형공립고': '0', '진학자 자율고 소계': '0', '진학자 기타': '0', '진학자 진학자계': '146', '취업자': '0', '대안교육기관진학(학력미인정)': '0', '무직 및 미상': '1'}",foreign_international_combined;arts_sports_combined;other_special_not_separate,1.0,0.006802721088435374,0.0,0.0,0.006802721088435374,0.0,0.047619047619047616,0.007597086626589925,0.007547061380284826,0.009001082380156214,0.024145230387030963,27.97058823529412,2025.0,3.0,"2023,2024,2025",461.0,150.1,0.87488059563439,False,2025.0,0.005575273587695948,0.006663597310095019,0.0,0.007769312870817901,0.0011363636363636365,0.008350517347466353,0.006711637224059585,0.022783427528379273,43.529411764705884,1.1764705882352942,5.294117647058823,21.058823529411764,155,4,9.411764705882353,170,183,0.9941520467836257,scored
S020001226,엄궁중학교,사상구,N,N,2025.0,2025,학교알리미 공시 13-다,data\raw\advancement\2023\S020001226.html;data\raw\advancement\2024\S020001226.html;data\raw\advancement\2025\S020001226.html,2026-09-05T00:59:06.534938+00:00,middle-score-1.0,False,1.0,2025.0,https://www.schoolinfo.go.kr/ei/pp/Pneipp_b06_s0p.do,152e55a4-5149-403e-95fb-f5f47ceec121,available,2025.0,True,,159.0,107.0,35.0,0.0,1.0,2.0,7.0,10.0,2.0,0.0,2.0,4.0,158.0,0.0,0.0,1.0,,,,,,"{'졸업자': '159', '진학자 일반고': '107', '진학자 특성화고': '35', '진학자 특수목적고 과학고': '0', '진학자 특수목적고 외고국제고': '1', '진학자 특수목적고 예고체고': '2', '진학자 특수목적고 마이스터고': '7', '진학자 특수목적고 소계': '10', '진학자 자율고 자율형사립고': '2', '진학자 자율고 자율형공립고': '0', '진학자 자율고 소계': '2', '진학자 기타': '4', '진학자 진학자계': '158', '취업자': '0', '대안교육기관진학(학력미인정)': '0', '무직 및 미상': '1'}",foreign_international_combined;arts_sports_combined;other_special_not_separate,3.0,0.0,0.006289308176100629,0.012578616352201259,0.018867924528301886,0.012578616352201259,0.0440251572327044,0.0033840941960143296,0.011058394443746533,0.01630605153628797,0.030748540176048833,23.661764705882355,2025.0,3.0,"2023,2024,2025",531.0,171.2,0.707163029413637,False,2025.0,0.0017341040462427744,0.0042192429473778045,0.004878758134293089,0.010198826196844254,0.015964853532942642,0.017083407437944953,0.022577715713478504,0.03150147658216701,8.235294117647058,5.88235294117647,70.58823529411765,19.882352941176475,156,9,8.823529411764707,170,183,0.9941520467836257,scored
S020001639,장안중학교,기장군,N,N,2025.0,2025,학교알리미 공시 13-다,data\raw\advancement\2023\S020001639.html;data\raw\advancement\2024\S020001639.html;data\raw\advancement\2025\S020001639.html,2026-09-05T00:59:12.249867+00:00,middle-score-1.0,False,1.0,2025.0,https://www.schoolinfo.go.kr/ei/pp/Pneipp_b06_s0p.do,622f6b06-e4bc-4f76-81dc-3e15a919d579,available,2025.0,True,,132.0,91.0,29.0,0.0,0.0,0.0,0.0,0.0,0.0,10.0,10.0,2.0,132.0,0.0,0.0,0.0,,,,,,"{'졸업자': '132', '진학자 일반고': '91', '진학자 특성화고': '29', '진학자 특수목적고 과학고': '0', '진학자 특수목적고 외고국제고': '0', '진학자 특수목적고 예고체고': '0', '진학자 특수목적고 마이스터고': '0', '진학자 특수목적고 소계': '0', '진학자 자율고 자율형사립고': '0', '진학자 자율고 자율형공립고': '10', '진학자 자율고 소계': '10', '진학자 기타': '2', '진학자 진학자계': '132', '취업자': '0', '대안교육기관진학(학력미인정)': '0', '무직 및 미상': '0'}",foreign_international_combined;arts_sports_combined;other_special_not_separate,0.0,0.0,0.0,0.0,0.0,0.0,0.0,0.003777932744688411,0.00803501793504462,0.00958304891335597,0.021395999593088997,9.941176470588237,2025.0,3.0,"2023,2024,2025",390.0,128.7,0.65871578759511,False,2025.0,0.004063246920389778,0.0059242934948084405,0.00272108843537415,0.010126083102481257,0.0027027027027027024,0.009729878611363818,0.009487038058466629,0.025780255208653513,32.94117647058823,5.294117647058823,14.117647058823529,19.499999999999996,157,5,8.235294117647058,170,183,0.9941520467836257,scored
S020000600,경남여자중학교,동구,N,N,2025.0,2025,학교알리미 공시 13-다,data\raw\advancement\2023\S020000600.html;data\raw\advancement\2024\S020000600.html;data\raw\advancement\2025\S020000600.html,2026-09-05T00:57:27.186823+00:00,middle-score-1.0,False,1.0,2025.0,https://www.schoolinfo.go.kr/ei/pp/Pneipp_b06_s0p.do,75a268ff-9bad-44cf-822a-9d7e7709e081,available,2025.0,True,,117.0,85.0,28.0,0.0,0.0,1.0,2.0,3.0,1.0,0.0,1.0,0.0,117.0,0.0,0.0,0.0,,,,,,"{'졸업자': '117', '진학자 일반고': '85', '진학자 특성화고': '28', '진학자 특수목적고 과학고': '0', '진학자 특수목적고 외고국제고': '0', '진학자 특수목적고 예고체고': '1', '진학자 특수목적고 마이스터고': '2', '진학자 특수목적고 소계': '3', '진학자 자율고 자율형사립고': '1', '진학자 자율고 자율형공립고': '0', '진학자 자율고 소계': '1', '진학자 기타': '0', '진학자 진학자계': '117', '취업자': '0', '대안교육기관진학(학력미인정)': '0', '무직 및 미상': '0'}",foreign_international_combined;arts_sports_combined;other_special_not_separate,1.0,0.0,0.0,0.008547008547008548,0.008547008547008548,0.008547008547008548,0.017094017094017096,0.004039080169436458,0.008590433921338028,0.014853766580177811,0.027483280670952293,19.970588235294116,2025.0,3.0,"2023,2024,2025",381.0,122.69999999999999,0.7252317286149079,False,2025.0,0.002631578947368421,0.00520122744775629,0.0039649122807017545,0.010927131892837463,0.004273504273504274,0.01089600077421601,0.010869995501574449,0.027024360114809763,23.52941176470588,11.176470588235295,24.11764705882353,19.323529411764707,158,5,7.647058823529412,170,183,0.9941520467836257,scored
S020001641,재송중학교,해운대구,N,N,2025.0,2025,학교알리미 공시 13-다,data\raw\advancement\2023\S020001641.html;data\raw\advancement\2024\S020001641.html;data\raw\advancement\2025\S020001641.html,2026-09-05T00:58:28.101724+00:00,middle-score-1.0,False,1.0,2025.0,https://www.schoolinfo.go.kr/ei/pp/Pneipp_b06_s0p.do,a09842ce-f5e2-4d34-a890-8feafeb339bc,available,2025.0,True,,128.0,81.0,37.0,1.0,1.0,5.0,3.0,10.0,0.0,0.0,0.0,0.0,128.0,0.0,0.0,0.0,,,,,,"{'졸업자': '128', '진학자 일반고': '81', '진학자 특성화고': '37', '진학자 특수목적고 과학고': '1', '진학자 특수목적고 외고국제고': '1', '진학자 특수목적고 예고체고': '5', '진학자 특수목적고 마이스터고': '3', '진학자 특수목적고 소계': '10', '진학자 자율고 자율형사립고': '0', '진학자 자율고 자율형공립고': '0', '진학자 자율고 소계': '0', '진학자 기타': '0', '진학자 진학자계': '128', '취업자': '0', '대안교육기관진학(학력미인정)': '0', '무직 및 미상': '0'}",foreign_international_combined;arts_sports_combined;other_special_not_separate,2.0,0.0078125,0.0078125,0.0,0.015625,0.0390625,0.0234375,0.008230177178805751,0.01256194807425593,0.009751172578502566,0.030543297831564245,43.73529411764706,2025.0,3.0,"2023,2024,2025",401.0,130.4,0.7002677074207011,False,2025.0,0.00390625,0.0058614510589595475,0.00390625,0.010627370017807839,0.0,0.00827990285381727,0.0078125,0.024768723930584657,32.35294117647059,10.0,4.117647058823529,18.88235294117647,159,17,7.0588235294117645,170,183,0.9941520467836257,scored
S020001221,모라중학교,사상구,N,N,2025.0,2025,학교알리미 공시 13-다,data\raw\advancement\2023\S020001221.html;data\raw\advancement\2024\S020001221.html;data\raw\advancement\2025\S020001221.html,2026-09-05T00:59:03.378167+00:00,middle-score-1.0,False,1.0,2025.0,https://www.schoolinfo.go.kr/ei/pp/Pneipp_b06_s0p.do,e096ec7d-74ca-4414-9b61-aea1c98e7670,available,2025.0,True,,161.0,99.0,36.0,0.0,1.0,0.0,13.0,14.0,1.0,0.0,1.0,8.0,158.0,0.0,3.0,0.0,,,,,,"{'졸업자': '161', '진학자 일반고': '99', '진학자 특성화고': '36', '진학자 특수목적고 과학고': '0', '진학자 특수목적고 외고국제고': '1', '진학자 특수목적고 예고체고': '0', '진학자 특수목적고 마이스터고': '13', '진학자 특수목적고 소계': '14', '진학자 자율고 자율형사립고': '1', '진학자 자율고 자율형공립고': '0', '진학자 자율고 소계': '1', '진학자 기타': '8', '진학자 진학자계': '158', '취업자': '0', '대안교육기관진학(학력미인정)': '3', '무직 및 미상': '0'}",foreign_international_combined;arts_sports_combined;other_special_not_separate,2.0,0.0,0.006211180124223602,0.006211180124223602,0.012422360248447204,0.0,0.08074534161490683,0.0033581624397230323,0.01097365578900518,0.012349683325281935,0.026681501554010143,18.264705882352942,2025.0,3.0,"2023,2024,2025",513.0,167.1,0.7885352295823278,False,2025.0,0.0018518518518518517,0.004306574709420879,0.00996718850265761,0.013549321148350044,0.003105590062111801,0.009049649821469326,0.014924630416621263,0.026905545679240247,10.0,35.88235294117647,8.235294117647058,18.705882352941178,160,10,6.470588235294119,170,183,0.9941520467836257,scored
S020001203,가람중학교,북구,N,N,2025.0,2025,학교알리미 공시 13-다,data\raw\advancement\2023\S020001203.html;data\raw\advancement\2024\S020001203.html;data\raw\advancement\2025\S020001203.html,2026-09-05T00:58:11.800198+00:00,middle-score-1.0,False,1.0,2025.0,https://www.schoolinfo.go.kr/ei/pp/Pneipp_b06_s0p.do,91f06c44-c0e2-43ff-82ff-c02603b2423a,available,2025.0,True,,59.0,43.0,12.0,0.0,0.0,1.0,2.0,3.0,0.0,0.0,0.0,1.0,59.0,0.0,0.0,0.0,,,,,,"{'졸업자': '59', '진학자 일반고': '43', '진학자 특성화고': '12', '진학자 특수목적고 과학고': '0', '진학자 특수목적고 외고국제고': '0', '진학자 특수목적고 예고체고': '1', '진학자 특수목적고 마이스터고': '2', '진학자 특수목적고 소계': '3', '진학자 자율고 자율형사립고': '0', '진학자 자율고 자율형공립고': '0', '진학자 자율고 소계': '0', '진학자 기타': '1', '진학자 진학자계': '59', '취업자': '0', '대안교육기관진학(학력미인정)': '0', '무직 및 미상': '0'}",foreign_international_combined;arts_sports_combined;other_special_not_separate,0.0,0.0,0.0,0.0,0.0,0.01694915254237288,0.03389830508474576,0.00551245532558309,0.011724051326605988,0.013982813508796132,0.031219320160985206,35.5,2025.0,3.0,"2023,2024,2025",254.0,76.5,0.9278282889697281,False,2025.0,0.0,0.004855683873430832,0.0017391304347826088,0.012010083502643156,0.0,0.011092021580418499,0.0017391304347826088,0.027957788956492483,16.470588235294116,16.470588235294116,27.058823529411764,18.588235294117645,161,12,5.88235294117647,170,183,0.9941520467836257,scored
S020001208,금곡중학교,북구,N,N,2025.0,2025,학교알리미 공시 13-다,data\raw\advancement\2023\S020001208.html;data\raw\advancement\2024\S020001208.html;data\raw\advancement\2025\S020001208.html,2026-09-05T00:58:13.574780+00:00,middle-score-1.0,False,1.0,2025.0,https://www.schoolinfo.go.kr/ei/pp/Pneipp_b06_s0p.do,aece41b1-8171-414b-81c5-646f0fb9a927,available,2025.0,True,,88.0,65.0,14.0,0.0,1.0,1.0,4.0,6.0,0.0,1.0,1.0,2.0,88.0,0.0,0.0,0.0,,,,,,"{'졸업자': '88', '진학자 일반고': '65', '진학자 특성화고': '14', '진학자 특수목적고 과학고': '0', '진학자 특수목적고 외고국제고': '1', '진학자 특수목적고 예고체고': '1', '진학자 특수목적고 마이스터고': '4', '진학자 특수목적고 소계': '6', '진학자 자율고 자율형사립고': '0', '진학자 자율고 자율형공립고': '1', '진학자 자율고 소계': '1', '진학자 기타': '2', '진학자 진학자계': '88', '취업자': '0', '대안교육기관진학(학력미인정)': '0', '무직 및 미상': '0'}",foreign_international_combined;arts_sports_combined;other_special_not_separate,1.0,0.0,0.011363636363636364,0.0,0.011363636363636364,0.011363636363636364,0.045454545454545456,0.004662129770041018,0.015234702983672086,0.011825890148396728,0.031722722902109826,36.08823529411765,2025.0,3.0,"2023,2024,2025",273.0,90.4,0.8940349276670637,False,2025.0,0.0,0.0044248801821442215,0.005681818181818182,0.012890566679513596,0.0,0.009927233445432688,0.005681818181818182,0.027242680307090504,11.176470588235295,28.823529411764703,16.470588235294116,18.411764705882348,162,13,5.294117647058823,170,183,0.9941520467836257,scored
S020001405,다대중학교,사하구,N,N,2025.0,2025,학교알리미 공시 13-다,data\raw\advancement\2023\S020001405.html;data\raw\advancement\2024\S020001405.html;data\raw\advancement\2025\S020001405.html,2026-09-05T00:58:32.755903+00:00,middle-score-1.0,False,1.0,2025.0,https://www.schoolinfo.go.kr/ei/pp/Pneipp_b06_s0p.do,d6f9e9b4-7a26-478a-bfb1-65062d92723b,available,2025.0,True,,153.0,112.0,36.0,1.0,0.0,2.0,2.0,5.0,0.0,0.0,0.0,0.0,153.0,0.0,0.0,0.0,,,,,,"{'졸업자': '153', '진학자 일반고': '112', '진학자 특성화고': '36', '진학자 특수목적고 과학고': '1', '진학자 특수목적고 외고국제고': '0', '진학자 특수목적고 예고체고': '2', '진학자 특수목적고 마이스터고': '2', '진학자 특수목적고 소계': '5', '진학자 자율고 자율형사립고': '0', '진학자 자율고 자율형공립고': '0', '진학자 자율고 소계': '0', '진학자 기타': '0', '진학자 진학자계': '153', '취업자': '0', '대안교육기관진학(학력미인정)': '0', '무직 및 미상': '0'}",foreign_international_combined;arts_sports_combined;other_special_not_separate,1.0,0.006535947712418301,0.0,0.0,0.006535947712418301,0.013071895424836602,0.013071895424836602,0.007416918564299255,0.0073680796874717475,0.008787617975883734,0.023572616227654733,25.455882352941178,2025.0,3.0,"2023,2024,2025",484.0,159.5,0.8256949551966991,False,2025.0,0.0044949677212398256,0.005986542651168126,0.001226993865030675,0.008267462843896463,0.003571428571428571,0.009541289299822477,0.009293390157699071,0.023795294794887064,33.52941176470588,1.7647058823529411,12.352941176470589,18.176470588235293,163,16,4.705882352941177,170,183,0.9941520467836257,scored
S020001207,구포중학교,북구,N,N,2025.0,2025,학교알리미 공시 13-다,data\raw\advancement\2023\S020001207.html;data\raw\advancement\2024\S020001207.html;data\raw\advancement\2025\S020001207.html,2026-09-05T00:58:12.946883+00:00,middle-score-1.0,False,1.0,2025.0,https://www.schoolinfo.go.kr/ei/pp/Pneipp_b06_s0p.do,b186ce72-0be7-4d08-b31c-8811b81cb958,available,2025.0,True,,101.0,69.0,29.0,0.0,0.0,0.0,2.0,2.0,1.0,0.0,1.0,0.0,101.0,0.0,0.0,0.0,,,,,,"{'졸업자': '101', '진학자 일반고': '69', '진학자 특성화고': '29', '진학자 특수목적고 과학고': '0', '진학자 특수목적고 외고국제고': '0', '진학자 특수목적고 예고체고': '0', '진학자 특수목적고 마이스터고': '2', '진학자 특수목적고 소계': '2', '진학자 자율고 자율형사립고': '1', '진학자 자율고 자율형공립고': '0', '진학자 자율고 소계': '1', '진학자 기타': '0', '진학자 진학자계': '101', '취업자': '0', '대안교육기관진학(학력미인정)': '0', '무직 및 미상': '0'}",foreign_international_combined;arts_sports_combined;other_special_not_separate,1.0,0.0,0.0,0.009900990099009901,0.009900990099009901,0.0,0.019801980198019802,0.004360598988894087,0.009274249556867424,0.016036155959694452,0.02967100450545596,24.279411764705884,2025.0,3.0,"2023,2024,2025",293.0,99.0,0.8920590961054709,False,2025.0,0.0,0.004230102182001691,0.0029702970297029703,0.011304829386939748,0.007920792079207921,0.013426637887704245,0.01089108910891089,0.028961569456645686,8.823529411764707,12.941176470588237,48.23529411764706,18.147058823529413,164,14,4.117647058823529,170,183,0.9941520467836257,scored
S020001629,반안중학교,해운대구,N,N,2025.0,2025,학교알리미 공시 13-다,data\raw\advancement\2023\S020001629.html;data\raw\advancement\2024\S020001629.html;data\raw\advancement\2025\S020001629.html,2026-09-05T00:58:22.586299+00:00,middle-score-1.0,False,1.0,2025.0,https://www.schoolinfo.go.kr/ei/pp/Pneipp_b06_s0p.do,77cd8689-266e-451d-b2e5-4dd8a465cd22,available,2025.0,True,,142.0,102.0,35.0,0.0,0.0,2.0,1.0,3.0,1.0,0.0,1.0,0.0,141.0,0.0,1.0,0.0,,,,,,"{'졸업자': '142', '진학자 일반고': '102', '진학자 특성화고': '35', '진학자 특수목적고 과학고': '0', '진학자 특수목적고 외고국제고': '0', '진학자 특수목적고 예고체고': '2', '진학자 특수목적고 마이스터고': '1', '진학자 특수목적고 소계': '3', '진학자 자율고 자율형사립고': '1', '진학자 자율고 자율형공립고': '0', '진학자 자율고 소계': '1', '진학자 기타': '0', '진학자 진학자계': '141', '취업자': '0', '대안교육기관진학(학력미인정)': '1', '무직 및 미상': '0'}",foreign_international_combined;arts_sports_combined;other_special_not_separate,1.0,0.0,0.0,0.007042253521126761,0.007042253521126761,0.014084507042253521,0.007042253521126761,0.003621819821354179,0.0077029924005386444,0.0133192865615644,0.024644098783457222,14.029411764705884,2025.0,3.0,"2023,2024,2025",455.0,148.3,0.6006555203741766,False,2025.0,0.0012048192771084338,0.004151397650215024,0.006860093434964347,0.012049696238745862,0.006766762364202426,0.011698659529058374,0.014831675076275207,0.027899753418019257,7.647058823529412,18.235294117647058,32.35294117647059,16.294117647058826,165,18,3.5294117647058822,170,183,0.9941520467836257,scored
S020000955,가야여자중학교,부산진구,N,N,2025.0,2025,학교알리미 공시 13-다,data\raw\advancement\2023\S020000955.html;data\raw\advancement\2024\S020000955.html;data\raw\advancement\2025\S020000955.html,2026-09-05T00:57:37.681579+00:00,middle-score-1.0,False,1.0,2025.0,https://www.schoolinfo.go.kr/ei/pp/Pneipp_b06_s0p.do,43c8e5fe-414c-488a-a304-36ab82c77860,available,2025.0,True,,131.0,96.0,28.0,0.0,1.0,2.0,0.0,3.0,0.0,0.0,0.0,3.0,130.0,0.0,0.0,1.0,,,,,,"{'졸업자': '131', '진학자 일반고': '96', '진학자 특성화고': '28', '진학자 특수목적고 과학고': '0', '진학자 특수목적고 외고국제고': '1', '진학자 특수목적고 예고체고': '2', '진학자 특수목적고 마이스터고': '0', '진학자 특수목적고 소계': '3', '진학자 자율고 자율형사립고': '0', '진학자 자율고 자율형공립고': '0', '진학자 자율고 소계': '0', '진학자 기타': '3', '진학자 진학자계': '130', '취업자': '0', '대안교육기관진학(학력미인정)': '0', '무직 및 미상': '1'}",foreign_international_combined;arts_sports_combined;other_special_not_separate,1.0,0.0,0.007633587786259542,0.0,0.007633587786259542,0.015267175572519083,0.0,0.0037942874318948544,0.012398805891473385,0.009624533973586948,0.025817627296955185,21.02941176470588,2025.0,3.0,"2023,2024,2025",453.0,144.4,0.9227360376067519,False,2025.0,0.0,0.003470187041453253,0.010214611933262247,0.014016499456962452,0.0,0.007868911980089668,0.010214611933262247,0.02535559847850537,2.941176470588235,39.411764705882355,2.941176470588235,15.705882352941178,166,19,2.941176470588235,170,183,0.9941520467836257,scored
S020001216,덕천중학교,북구,N,N,2025.0,2025,학교알리미 공시 13-다,data\raw\advancement\2023\S020001216.html;data\raw\advancement\2024\S020001216.html;data\raw\advancement\2025\S020001216.html,2026-09-05T00:58:15.063752+00:00,middle-score-1.0,False,1.0,2025.0,https://www.schoolinfo.go.kr/ei/pp/Pneipp_b06_s0p.do,c23ef8af-f9cc-4b9c-949c-ea1018519c19,available,2025.0,True,,108.0,61.0,34.0,0.0,0.0,0.0,2.0,2.0,0.0,0.0,0.0,11.0,108.0,0.0,0.0,0.0,,,,,,"{'졸업자': '108', '진학자 일반고': '61', '진학자 특성화고': '34', '진학자 특수목적고 과학고': '0', '진학자 특수목적고 외고국제고': '0', '진학자 특수목적고 예고체고': '0', '진학자 특수목적고 마이스터고': '2', '진학자 특수목적고 소계': '2', '진학자 자율고 자율형사립고': '0', '진학자 자율고 자율형공립고': '0', '진학자 자율고 소계': '0', '진학자 기타': '11', '진학자 진학자계': '108', '취업자': '0', '대안교육기관진학(학력미인정)': '0', '무직 및 미상': '0'}",foreign_international_combined;arts_sports_combined;other_special_not_separate,0.0,0.0,0.0,0.0,0.0,0.0,0.018518518518518517,0.004213848061383228,0.008962135389088232,0.010688785326435505,0.02386476877690696,15.735294117647058,2025.0,3.0,"2023,2024,2025",361.0,116.9,0.8995798202950176,False,2025.0,0.0,0.003895646561208917,0.0015384615384615387,0.009840958901856494,0.00975609756097561,0.014170675210136697,0.011294559099437149,0.02790728067320211,5.88235294117647,4.705882352941177,57.05882352941176,15.705882352941176,167,15,2.3529411764705883,170,183,0.9941520467836257,scored
S020002069,모전중학교,기장군,N,N,2025.0,2025,학교알리미 공시 13-다,data\raw\advancement\2023\S020002069.html;data\raw\advancement\2024\S020002069.html;data\raw\advancement\2025\S020002069.html,2026-09-05T00:59:14.450420+00:00,middle-score-1.0,False,1.0,2025.0,https://www.schoolinfo.go.kr/ei/pp/Pneipp_b06_s0p.do,ef03c8a6-f1b6-4d8d-bad4-074554e37bec,available,2025.0,True,,366.0,282.0,55.0,2.0,3.0,8.0,8.0,21.0,3.0,0.0,3.0,0.0,361.0,0.0,2.0,3.0,,,,,,"{'졸업자': '366', '진학자 일반고': '282', '진학자 특성화고': '55', '진학자 특수목적고 과학고': '2', '진학자 특수목적고 외고국제고': '3', '진학자 특수목적고 예고체고': '8', '진학자 특수목적고 마이스터고': '8', '진학자 특수목적고 소계': '21', '진학자 자율고 자율형사립고': '3', '진학자 자율고 자율형공립고': '0', '진학자 자율고 소계': '3', '진학자 기타': '0', '진학자 진학자계': '361', '취업자': '0', '대안교육기관진학(학력미인정)': '2', '무직 및 미상': '3'}",foreign_international_combined;arts_sports_combined;other_special_not_separate,8.0,0.00546448087431694,0.00819672131147541,0.00819672131147541,0.02185792349726776,0.02185792349726776,0.02185792349726776,0.006172704714093802,0.010438034680108052,0.011208728214374644,0.027819467608576495,29.352941176470587,2025.0,3.0,"2023,2024,2025",940.0,325.3,0.7872621239065529,False,2025.0,0.003401136758228704,0.0046387366135692285,0.004767256976807939,0.008353317903861766,0.005189269746646796,0.008435009098457145,0.013357663481683438,0.021427063615888135,13.529411764705882,2.3529411764705883,5.88235294117647,8.088235294117647,168,6,1.7647058823529411,170,183,0.9941520467836257,scored
S020002009,신정중학교,기장군,N,N,2025.0,2025,학교알리미 공시 13-다,data\raw\advancement\2023\S020002009.html;data\raw\advancement\2024\S020002009.html;data\raw\advancement\2025\S020002009.html,2026-09-05T00:59:13.420269+00:00,middle-score-1.0,False,1.0,2025.0,https://www.schoolinfo.go.kr/ei/pp/Pneipp_b06_s0p.do,9667e993-4fac-4f05-9c99-667646017ee6,available,2025.0,True,,270.0,199.0,56.0,1.0,1.0,3.0,3.0,8.0,0.0,2.0,2.0,0.0,265.0,0.0,4.0,1.0,,,,,,"{'졸업자': '270', '진학자 일반고': '199', '진학자 특성화고': '56', '진학자 특수목적고 과학고': '1', '진학자 특수목적고 외고국제고': '1', '진학자 특수목적고 예고체고': '3', '진학자 특수목적고 마이스터고': '3', '진학자 특수목적고 소계': '8', '진학자 자율고 자율형사립고': '0', '진학자 자율고 자율형공립고': '2', '진학자 자율고 소계': '2', '진학자 기타': '0', '진학자 진학자계': '265', '취업자': '0', '대안교육기관진학(학력미인정)': '4', '무직 및 미상': '1'}",foreign_international_combined;arts_sports_combined;other_special_not_separate,2.0,0.003703703703703704,0.003703703703703704,0.0,0.007407407407407408,0.011111111111111112,0.011111111111111112,0.005071568639912734,0.0077408761106225734,0.0060088306699961755,0.01882127542053148,16.147058823529413,2025.0,3.0,"2023,2024,2025",881.0,289.1,0.9188703864160969,False,2025.0,0.001851851851851852,0.003525353714110339,0.006983470351443899,0.01025591690178603,0.004191179628118693,0.008060346419070316,0.013026501831414444,0.021841617034966683,3.5294117647058822,8.235294117647058,3.5294117647058822,5.176470588235294,169,7,1.1764705882352942,170,183,0.9941520467836257,scored
S020001839,대청중학교,기장군,N,N,2025.0,2025,학교알리미 공시 13-다,data\raw\advancement\2023\S020001839.html;data\raw\advancement\2024\S020001839.html;data\raw\advancement\2025\S020001839.html,2026-09-05T00:59:13.210601+00:00,middle-score-1.0,False,1.0,2025.0,https://www.schoolinfo.go.kr/ei/pp/Pneipp_b06_s0p.do,a30fe591-3ff9-499d-857e-5e92bee87bf9,available,2025.0,True,,154.0,108.0,37.0,0.0,0.0,5.0,1.0,6.0,0.0,0.0,0.0,1.0,152.0,0.0,1.0,1.0,,,,,,"{'졸업자': '154', '진학자 일반고': '108', '진학자 특성화고': '37', '진학자 특수목적고 과학고': '0', '진학자 특수목적고 외고국제고': '0', '진학자 특수목적고 예고체고': '5', '진학자 특수목적고 마이스터고': '1', '진학자 특수목적고 소계': '6', '진학자 자율고 자율형사립고': '0', '진학자 자율고 자율형공립고': '0', '진학자 자율고 소계': '0', '진학자 기타': '1', '진학자 진학자계': '152', '취업자': '0', '대안교육기관진학(학력미인정)': '1', '무직 및 미상': '1'}",foreign_international_combined;arts_sports_combined;other_special_not_separate,0.0,0.0,0.0,0.0,0.0,0.032467532467532464,0.006493506493506494,0.0034507102234949266,0.007339071499725795,0.008753021054718839,0.019542802777939558,5.61764705882353,2025.0,3.0,"2023,2024,2025",508.0,163.4,0.9636674258255595,False,2025.0,0.0,0.0032150671263455302,0.0,0.007378389240805701,0.0,0.007279199173903707,0.0,0.017872655541054938,1.1764705882352942,0.5882352941176471,1.7647058823529411,1.0882352941176472,170,8,0.5882352941176471,170,183,0.9941520467836257,scored
S020000601,금성중학교,동구,Y,N,,2025,학교알리미 공시 13-다,data\raw\advancement\2023\S020000601.html;data\raw\advancement\2024\S020000601.html;data\raw\advancement\2025\S020000601.html;data\raw\advancement\2026\S020000601.html,2026-09-05T00:59:21.809635+00:00,middle-score-1.0,True,0.0,,https://www.schoolinfo.go.kr/ei/pp/Pneipp_b06_s0p.do,,,,,closed_or_suspended,,,,,,,,,,,,,,,,,,,,,,,,,,,,,,,,,,,,,,,,,,True,,,,,,,,,,,,,,,,,170,183,0.9941520467836257,closed_or_suspended
S020000612,배정중학교,남구,Y,N,,2025,학교알리미 공시 13-다,data\raw\advancement\2023\S020000612.html;data\raw\advancement\2024\S020000612.html;data\raw\advancement\2025\S020000612.html;data\raw\advancement\2026\S020000612.html,2026-09-05T00:59:53.708741+00:00,middle-score-1.0,True,0.0,,https://www.schoolinfo.go.kr/ei/pp/Pneipp_b06_s0p.do,,,,,closed_or_suspended,,,,,,,,,,,,,,,,,,,,,,,,,,,,,,,,,,,,,,,,,,True,,,,,,,,,,,,,,,,,170,183,0.9941520467836257,closed_or_suspended
S020000620,성지중학교,남구,Y,N,,2025,학교알리미 공시 13-다,data\raw\advancement\2023\S020000620.html;data\raw\advancement\2024\S020000620.html;data\raw\advancement\2025\S020000620.html;data\raw\advancement\2026\S020000620.html,2026-09-05T00:59:56.169507+00:00,middle-score-1.0,True,0.0,,https://www.schoolinfo.go.kr/ei/pp/Pneipp_b06_s0p.do,,,,,closed_or_suspended,,,,,,,,,,,,,,,,,,,,,,,,,,,,,,,,,,,,,,,,,,True,,,,,,,,,,,,,,,,,170,183,0.9941520467836257,closed_or_suspended
S020000927,윤산중학교,금정구,Y,N,,2025,학교알리미 공시 13-다,data\raw\advancement\2023\S020000927.html;data\raw\advancement\2024\S020000927.html;data\raw\advancement\2025\S020000927.html;data\raw\advancement\2026\S020000927.html,2026-09-05T01:00:42.765136+00:00,middle-score-1.0,True,0.0,,https://www.schoolinfo.go.kr/ei/pp/Pneipp_b06_s0p.do,,,,,closed_or_suspended,,,,,,,,,,,,,,,,,,,,,,,,,,,,,,,,,,,,,,,,,,True,,,,,,,,,,,,,,,,,170,183,0.9941520467836257,closed_or_suspended
S020001202,가락중학교,강서구,Y,N,,2025,학교알리미 공시 13-다,data\raw\advancement\2023\S020001202.html;data\raw\advancement\2024\S020001202.html;data\raw\advancement\2025\S020001202.html;data\raw\advancement\2026\S020001202.html,2026-09-05T01:00:42.934254+00:00,middle-score-1.0,True,0.0,,https://www.schoolinfo.go.kr/ei/pp/Pneipp_b06_s0p.do,,,,,closed_or_suspended,,,,,,,,,,,,,,,,,,,,,,,,,,,,,,,,,,,,,,,,,,True,,,,,,,,,,,,,,,,,170,183,0.9941520467836257,closed_or_suspended
S020001204,경일중학교,강서구,Y,N,,2025,학교알리미 공시 13-다,data\raw\advancement\2023\S020001204.html;data\raw\advancement\2024\S020001204.html;data\raw\advancement\2025\S020001204.html;data\raw\advancement\2026\S020001204.html,2026-09-05T01:00:44.481752+00:00,middle-score-1.0,True,0.0,,https://www.schoolinfo.go.kr/ei/pp/Pneipp_b06_s0p.do,,,,,closed_or_suspended,,,,,,,,,,,,,,,,,,,,,,,,,,,,,,,,,,,,,,,,,,True,,,,,,,,,,,,,,,,,170,183,0.9941520467836257,closed_or_suspended
S020001215,덕천여자중학교,북구,Y,N,,2025,학교알리미 공시 13-다,data\raw\advancement\2023\S020001215.html;data\raw\advancement\2024\S020001215.html;data\raw\advancement\2025\S020001215.html;data\raw\advancement\2026\S020001215.html,2026-09-05T01:00:04.255889+00:00,middle-score-1.0,True,0.0,,https://www.schoolinfo.go.kr/ei/pp/Pneipp_b06_s0p.do,,,,,closed_or_suspended,,,,,,,,,,,,,,,,,,,,,,,,,,,,,,,,,,,,,,,,,,True,,,,,,,,,,,,,,,,,170,183,0.9941520467836257,closed_or_suspended
S020001223,사상중학교,사상구,Y,N,,2025,학교알리미 공시 13-다,data\raw\advancement\2023\S020001223.html;data\raw\advancement\2024\S020001223.html;data\raw\advancement\2025\S020001223.html;data\raw\advancement\2026\S020001223.html,2026-09-05T01:01:04.130594+00:00,middle-score-1.0,True,0.0,,https://www.schoolinfo.go.kr/ei/pp/Pneipp_b06_s0p.do,,,,,closed_or_suspended,,,,,,,,,,,,,,,,,,,,,,,,,,,,,,,,,,,,,,,,,,True,,,,,,,,,,,,,,,,,170,183,0.9941520467836257,closed_or_suspended
S020001224,삼락중학교,사상구,Y,N,,2025,학교알리미 공시 13-다,data\raw\advancement\2023\S020001224.html;data\raw\advancement\2024\S020001224.html;data\raw\advancement\2025\S020001224.html;data\raw\advancement\2026\S020001224.html,2026-09-05T01:01:05.870075+00:00,middle-score-1.0,True,0.0,,https://www.schoolinfo.go.kr/ei/pp/Pneipp_b06_s0p.do,,,,,closed_or_suspended,,,,,,,,,,,,,,,,,,,,,,,,,,,,,,,,,,,,,,,,,,True,,,,,,,,,,,,,,,,,170,183,0.9941520467836257,closed_or_suspended
S020001412,동삼중학교,영도구,Y,N,,2025,학교알리미 공시 13-다,data\raw\advancement\2023\S020001412.html;data\raw\advancement\2024\S020001412.html;data\raw\advancement\2025\S020001412.html;data\raw\advancement\2026\S020001412.html,2026-09-05T00:59:24.943945+00:00,middle-score-1.0,True,0.0,,https://www.schoolinfo.go.kr/ei/pp/Pneipp_b06_s0p.do,,,,,closed_or_suspended,,,,,,,,,,,,,,,,,,,,,,,,,,,,,,,,,,,,,,,,,,True,,,,,,,,,,,,,,,,,170,183,0.9941520467836257,closed_or_suspended
S020001431,알로이시오중학교,서구,Y,N,,2025,학교알리미 공시 13-다,data\raw\advancement\2023\S020001431.html;data\raw\advancement\2024\S020001431.html;data\raw\advancement\2025\S020001431.html;data\raw\advancement\2026\S020001431.html,2026-09-05T00:59:20.392690+00:00,middle-score-1.0,True,0.0,,https://www.schoolinfo.go.kr/ei/pp/Pneipp_b06_s0p.do,,,,,closed_or_suspended,,,,,,,,,,,,,,,,,,,,,,,,,,,,,,,,,,,,,,,,,,True,,,,,,,,,,,,,,,,,170,183,0.9941520467836257,closed_or_suspended
S020001638,운송중학교,해운대구,Y,N,,2025,학교알리미 공시 13-다,data\raw\advancement\2023\S020001638.html;data\raw\advancement\2024\S020001638.html;data\raw\advancement\2025\S020001638.html;data\raw\advancement\2026\S020001638.html,2026-09-05T01:00:17.642772+00:00,middle-score-1.0,True,0.0,,https://www.schoolinfo.go.kr/ei/pp/Pneipp_b06_s0p.do,,,,,closed_or_suspended,,,,,,,,,,,,,,,,,,,,,,,,,,,,,,,,,,,,,,,,,,True,,,,,,,,,,,,,,,,,170,183,0.9941520467836257,closed_or_suspended
S020002354,가락중학교,강서구,N,N,,2025,학교알리미 공시 13-다,data\raw\advancement\2023\S020002354.html;data\raw\advancement\2024\S020002354.html;data\raw\advancement\2025\S020002354.html;data\raw\advancement\2026\S020002354.html,2026-09-05T01:00:51.950768+00:00,middle-score-1.0,True,0.0,,https://www.schoolinfo.go.kr/ei/pp/Pneipp_b06_s0p.do,,,,,no_valid_observations,,,,,,,,,,,,,,,,,,,,,,,,,,,,,,,,,,,,,,,,,,True,,,,,,,,,,,,,,,,,170,183,0.9941520467836257,no_valid_observations
