apartment_id,mapped_elementary_count,eligible_middle_count,eligible_middle_score_mean,eligible_middle_score_max,eligible_middle_score_min,eligible_middle_score_range,best_middle_option_score,worst_middle_option_score,eligible_middle_schools,has_guaranteed_assignment,all_elementaries_guaranteed,guaranteed_middle_count,guaranteed_middle_name,guaranteed_middle_score,guaranteed_middle_score_max,guaranteed_middle_is_top_tier,middle_score_available_count,assignment_probability_used,guaranteed_middle_score_component
A10019952,1,1,45.647058823529406,45.647058823529406,45.647058823529406,0.0,45.647058823529406,45.647058823529406,신호중,1,1,1,신호중,45.647058823529406,45.647058823529406,0,1,False,0.4564705882352941
A10019976,1,2,27.088235294117645,27.088235294117645,27.088235294117645,0.0,27.088235294117645,27.088235294117645,금성중;부산서중,0,0,0,,,,0,1,False,0.0
A10020002,1,5,50.25294117647059,73.52941176470588,36.970588235294116,36.55882352941177,73.52941176470588,36.970588235294116,광안중;동수영중;동아중;부산수영중학교;한바다중,0,0,0,,,,0,5,False,0.0
A10020004,1,3,42.720588235294116,45.14705882352941,40.294117647058826,4.852941176470587,45.14705882352941,40.294117647058826,문현여중;배정중;부산중앙중,0,0,0,,,,0,2,False,0.0
A10020008,1,2,40.58823529411765,50.55882352941177,30.617647058823533,19.941176470588236,50.55882352941177,30.617647058823533,연산중;연제중,0,0,0,,,,0,2,False,0.0
A10020018,1,2,75.11764705882354,84.70588235294117,65.52941176470588,19.17647058823529,84.70588235294117,65.52941176470588,구서여중;남산중,0,0,0,,,,0,2,False,0.0
A10020020,1,0,,,,,,,,0,0,0,,,,0,0,False,0.0
A10020029,1,3,48.568627450980394,64.52941176470588,30.617647058823533,33.91176470588235,64.52941176470588,30.617647058823533,연산중;연일중;연제중,0,0,0,,,,0,3,False,0.0
A10020042,1,4,55.205882352941174,68.58823529411767,46.5,22.088235294117666,68.58823529411767,46.5,대동중;사하중;하남중;하단중,0,0,0,,,,0,4,False,0.0
A10020059,1,3,32.509803921568626,43.470588235294116,21.14705882352941,22.323529411764707,43.470588235294116,21.14705882352941,개금여중;개림중;부산개성중,0,0,0,,,,0,3,False,0.0
A10020083,1,5,66.6,87.20588235294116,43.970588235294116,43.235294117647044,87.20588235294116,43.970588235294116,남천중;대천중;동아중;부산수영중;한바다중,0,0,0,,,,0,5,False,0.0
A10020156,1,3,42.75490196078431,58.67647058823528,24.205882352941178,34.4705882352941,58.67647058823528,24.205882352941178,부산진중;초연중;초읍중,0,0,0,,,,0,3,False,0.0
A10020161,1,2,38.86764705882353,59.55882352941176,18.176470588235293,41.382352941176464,59.55882352941176,18.176470588235293,다대중;다선중,0,0,0,,,,0,2,False,0.0
A10020162,1,3,24.1078431372549,35.588235294117645,18.147058823529413,17.441176470588232,35.588235294117645,18.147058823529413,가람중;구남중;구포중,0,0,0,,,,0,3,False,0.0
A10020194,1,3,58.08823529411765,73.52941176470588,43.970588235294116,29.558823529411768,73.52941176470588,43.970588235294116,동아중;부산수영중학교;한바다중,0,0,0,,,,0,3,False,0.0
A10020213,1,3,38.00000000000001,54.82352941176472,15.705882352941178,39.117647058823536,54.82352941176472,15.705882352941178,가야여중;부산개성중;서면중,0,0,0,,,,0,3,False,0.0
A10020224,1,3,93.3529411764706,97.70588235294117,89.82352941176471,7.882352941176464,97.70588235294117,89.82352941176471,해강중;해운대여중;해운대중,0,0,0,,,,0,3,False,0.0
A10020256,1,4,60.19117647058823,69.70588235294117,46.5,23.205882352941174,69.70588235294117,46.5,건국중;당리중;동주여중;사하중,0,0,0,,,,0,4,False,0.0
A10020264,1,0,,,,,,,,0,0,0,,,,0,0,False,0.0
A10020289,1,3,43.69117647058823,47.147058823529406,40.23529411764706,6.911764705882348,47.147058823529406,40.23529411764706,감만중;대연중;배정중,0,0,0,,,,0,2,False,0.0
A10020313,1,3,17.95098039215686,31.705882352941174,1.0882352941176472,30.617647058823525,31.705882352941174,1.0882352941176472,기장중;대청중;일광중,0,0,0,,,,0,3,False,0.0
A10020370,1,3,48.96078431372549,56.970588235294116,40.44117647058824,16.529411764705877,56.970588235294116,40.44117647058824,영도제일중;태종대중;해동중,0,0,0,,,,0,3,False,0.0
A10020378,1,0,,,,,,,,0,0,0,,,,0,0,False,0.0
A10020395,1,3,66.3235294117647,87.20588235294116,40.23529411764706,46.9705882352941,87.20588235294116,40.23529411764706,남천중;대연중;대천중,0,0,0,,,,0,3,False,0.0
A10020434,1,6,54.509803921568626,76.79411764705881,34.82352941176471,41.9705882352941,76.79411764705881,34.82352941176471,경남중;동주여중;부산대신중학교;부산여중;부산중앙여자중학교;삼성중,0,0,0,,,,0,6,False,0.0
A10020442,1,6,49.220588235294116,64.79411764705883,34.82352941176471,29.970588235294116,64.79411764705883,34.82352941176471,경남중;동주여중;부산대신중학교;부산여중;부산중앙여자중학교;장평중,0,0,0,,,,0,6,False,0.0
A10020458,1,4,53.47058823529412,57.294117647058826,45.20588235294118,12.088235294117645,57.294117647058826,45.20588235294118,광무여중;동평여중;동평중;서면중,0,0,0,,,,0,4,False,0.0
A10020470,1,2,71.04411764705883,78.3529411764706,63.73529411764706,14.617647058823536,78.3529411764706,63.73529411764706,동래중;유락여자중,0,0,0,,,,0,2,False,0.0
A10020475,1,3,48.568627450980394,64.52941176470588,30.617647058823533,33.91176470588235,64.52941176470588,30.617647058823533,연산중;연일중;연제중,0,0,0,,,,0,3,False,0.0
A10020498,1,2,40.58823529411765,50.55882352941177,30.617647058823533,19.941176470588236,50.55882352941177,30.617647058823533,연산중;연제중,0,0,0,,,,0,2,False,0.0
A10020510,1,2,11.073529411764707,21.058823529411764,1.0882352941176472,19.970588235294116,21.058823529411764,1.0882352941176472,기장중;대청중,0,0,0,,,,0,2,False,0.0
A10020525,1,4,60.55882352941177,76.79411764705881,45.05882352941177,31.735294117647044,76.79411764705881,45.05882352941177,감천중;동주여중;삼성중;장평중,0,0,0,,,,0,4,False,0.0
A10020530,1,1,18.705882352941178,18.705882352941178,18.705882352941178,0.0,18.705882352941178,18.705882352941178,모라중,1,1,1,모라중,18.705882352941178,18.705882352941178,0,1,False,0.18705882352941178
A10020569,1,0,,,,,,,,0,0,0,,,,0,0,False,0.0
A10020573,1,0,,,,,,,,0,0,0,,,,0,0,False,0.0
A10020596,1,2,27.088235294117645,27.088235294117645,27.088235294117645,0.0,27.088235294117645,27.088235294117645,금성중;부산서중,0,0,0,,,,0,1,False,0.0
A10020621,1,1,15.705882352941176,15.705882352941176,15.705882352941176,0.0,15.705882352941176,15.705882352941176,덕천중,1,1,1,덕천중,15.705882352941176,15.705882352941176,0,1,False,0.15705882352941175
A10020637,1,2,73.89705882352942,82.26470588235294,65.52941176470588,16.735294117647058,82.26470588235294,65.52941176470588,금정중;남산중,0,0,0,,,,0,2,False,0.0
A10020638,1,3,48.568627450980394,64.52941176470588,30.617647058823533,33.91176470588235,64.52941176470588,30.617647058823533,연산중;연일중;연제중,0,0,0,,,,0,3,False,0.0
A10020641,1,2,11.073529411764707,21.058823529411764,1.0882352941176472,19.970588235294116,21.058823529411764,1.0882352941176472,기장중;대청중,0,0,0,,,,0,2,False,0.0
A10020645,1,0,,,,,,,,0,0,0,,,,0,0,False,0.0
A10020649,1,0,,,,,,,,0,0,0,,,,0,0,False,0.0
A10020663,1,3,45.45098039215686,73.88235294117646,21.999999999999996,51.882352941176464,73.88235294117646,21.999999999999996,동의중;부산진여중;양동여중,0,0,0,,,,0,3,False,0.0
A10020675,1,2,34.794117647058826,45.38235294117647,24.205882352941178,21.176470588235293,45.38235294117647,24.205882352941178,초연중;초읍중,0,0,0,,,,0,2,False,0.0
A10020679,1,3,82.88235294117648,93.44117647058823,67.5,25.941176470588232,93.44117647058823,67.5,분포중;오륙도중;용호중,0,0,0,,,,0,3,False,0.0
A10020688,1,4,61.13970588235294,69.70588235294117,46.5,23.205882352941174,69.70588235294117,46.5,건국중;당리중;사하중;하단중,0,0,0,,,,0,4,False,0.0
A10020690,1,3,48.96078431372549,56.970588235294116,40.44117647058824,16.529411764705877,56.970588235294116,40.44117647058824,영도제일중;태종대중;해동중,0,0,0,,,,0,3,False,0.0
A10020702,1,3,48.30392156862746,98.91176470588236,18.88235294117647,80.02941176470588,98.91176470588236,18.88235294117647,센텀중;재송여자중;재송중,0,0,0,,,,0,3,False,0.0
A10020717,1,4,44.977941176470594,58.00000000000001,34.82352941176471,23.176470588235297,58.00000000000001,34.82352941176471,경남중;부산여중;부산중앙여자중학교;송도중,0,0,0,,,,0,4,False,0.0
A10020721,2,5,42.864705882352936,57.76470588235294,21.14705882352941,36.617647058823536,57.76470588235294,21.14705882352941,개금여중;개림중;동양중;동평여중;동평중,0,0,0,,,,0,5,False,0.0
A10020727,1,4,49.5,73.88235294117646,21.999999999999996,51.882352941176464,73.88235294117646,21.999999999999996,덕명여중;동의중;부산진여중;항도중,0,0,0,,,,0,4,False,0.0
A10020732,1,3,55.568627450980394,69.55882352941177,45.44117647058823,24.117647058823536,69.55882352941177,45.44117647058823,동현중;부곡여자중;부곡중,0,0,0,,,,0,3,False,0.0
A10020754,1,4,42.63970588235294,56.55882352941176,15.705882352941178,40.85294117647058,56.55882352941176,15.705882352941178,가야여중;광무여중;부산개성중;서면중,0,0,0,,,,0,4,False,0.0
A10020779,1,2,75.11764705882354,84.70588235294117,65.52941176470588,19.17647058823529,84.70588235294117,65.52941176470588,구서여중;남산중,0,0,0,,,,0,2,False,0.0
A10020780,1,3,68.95098039215686,78.3529411764706,51.70588235294118,26.647058823529413,78.3529411764706,51.70588235294118,동래중;동해중;부곡여중,0,0,0,,,,0,3,False,0.0
A10020784,1,4,49.5,73.88235294117646,21.999999999999996,51.882352941176464,73.88235294117646,21.999999999999996,덕명여중;동의중;부산진여중;항도중,0,0,0,,,,0,4,False,0.0
A10020803,1,3,55.568627450980394,69.55882352941177,45.44117647058823,24.117647058823536,69.55882352941177,45.44117647058823,동현중;부곡여자중;부곡중,0,0,0,,,,0,3,False,0.0
A10020804,1,3,67.84313725490198,82.26470588235294,51.70588235294118,30.55882352941176,82.26470588235294,51.70588235294118,금정중;부곡여중;부곡중,0,0,0,,,,0,3,False,0.0
A10020805,1,3,67.84313725490198,82.26470588235294,51.70588235294118,30.55882352941176,82.26470588235294,51.70588235294118,금정중;부곡여중;부곡중,0,0,0,,,,0,3,False,0.0
A10020806,1,2,75.11764705882354,84.70588235294117,65.52941176470588,19.17647058823529,84.70588235294117,65.52941176470588,구서여중;남산중,0,0,0,,,,0,2,False,0.0
A10020808,1,4,60.19117647058823,69.70588235294117,46.5,23.205882352941174,69.70588235294117,46.5,건국중;당리중;동주여중;사하중,0,0,0,,,,0,4,False,0.0
A10020827,1,3,28.725490196078436,44.0,18.705882352941178,25.294117647058822,44.0,18.705882352941178,덕포여중;모라중;신라중,0,0,0,,,,0,3,False,0.0
A10020856,1,3,47.372549019607845,62.52941176470588,21.999999999999996,40.529411764705884,62.52941176470588,21.999999999999996,덕명여중;부산동중;부산진여중,0,0,0,,,,0,3,False,0.0
A10020870,1,3,45.45098039215686,73.88235294117646,21.999999999999996,51.882352941176464,73.88235294117646,21.999999999999996,동의중;부산진여중;양동여중,0,0,0,,,,0,3,False,0.0
A10020951,1,3,47.372549019607845,62.52941176470588,21.999999999999996,40.529411764705884,62.52941176470588,21.999999999999996,덕명여중;부산동중;부산진여중,0,0,0,,,,0,3,False,0.0
A10020963,1,2,36.63235294117647,51.294117647058826,21.970588235294116,29.32352941176471,51.294117647058826,21.970588235294116,반송여자중;반송중,0,0,0,,,,0,2,False,0.0
A10020971,1,4,53.47058823529412,57.294117647058826,45.20588235294118,12.088235294117645,57.294117647058826,45.20588235294118,광무여중;동평여중;동평중;서면중,0,0,0,,,,0,4,False,0.0
A10020980,1,3,37.5,68.26470588235294,19.323529411764707,48.94117647058823,68.26470588235294,19.323529411764707,경남여중;부산중;선화여중,0,0,0,,,,0,3,False,0.0
A10021016,1,0,,,,,,,,0,0,0,,,,0,0,False,0.0
A10021024,1,2,21.970588235294116,21.970588235294116,21.970588235294116,0.0,21.970588235294116,21.970588235294116,반송중;운송중,0,0,0,,,,0,1,False,0.0
A10021031,1,2,38.86764705882353,59.55882352941176,18.176470588235293,41.382352941176464,59.55882352941176,18.176470588235293,다대중;다선중,0,0,0,,,,0,2,False,0.0
A10021046,1,6,52.04901960784314,76.79411764705881,34.82352941176471,41.9705882352941,76.79411764705881,34.82352941176471,감천중;경남중;부산여중;부산중앙여자중학교;삼성중;송도중,0,0,0,,,,0,6,False,0.0
A10021073,1,9,52.36601307189542,69.70588235294117,34.82352941176471,34.882352941176464,69.70588235294117,34.82352941176471,건국중;경남중;당리중;동주여중;부산대신중학교;부산여중;부산중앙여자중학교;사하중;장평중,0,0,0,,,,0,9,False,0.0
A10021074,1,4,38.25,53.91176470588235,23.61764705882353,30.29411764705882,53.91176470588235,23.61764705882353,대동중;영남중;장림여중;장평중,0,0,0,,,,0,4,False,0.0
A10021102,1,3,32.509803921568626,43.470588235294116,21.14705882352941,22.323529411764707,43.470588235294116,21.14705882352941,개금여중;개림중;부산개성중,0,0,0,,,,0,3,False,0.0
A10021108,1,7,48.98319327731093,68.26470588235294,19.323529411764707,48.94117647058823,68.26470588235294,19.323529411764707,경남여중;경남중;덕원중;동주여중;부산대신중학교;부산여중;선화여중,0,0,0,,,,0,7,False,0.0
A10021113,1,2,38.86764705882353,59.55882352941176,18.176470588235293,41.382352941176464,59.55882352941176,18.176470588235293,다대중;다선중,0,0,0,,,,0,2,False,0.0
A10021124,1,2,38.86764705882353,59.55882352941176,18.176470588235293,41.382352941176464,59.55882352941176,18.176470588235293,다대중;다선중,0,0,0,,,,0,2,False,0.0
A10021131,1,2,71.04411764705883,78.3529411764706,63.73529411764706,14.617647058823536,78.3529411764706,63.73529411764706,동래중;유락여자중,0,0,0,,,,0,2,False,0.0
A10021160,1,3,86.74509803921569,92.52941176470588,77.88235294117646,14.64705882352942,92.52941176470588,77.88235294117646,신도중;해운대여중;해운대중,0,0,0,,,,0,3,False,0.0
A10021168,1,3,58.08823529411765,73.52941176470588,43.970588235294116,29.558823529411768,73.52941176470588,43.970588235294116,동아중;부산수영중학교;한바다중,0,0,0,,,,0,3,False,0.0
A10021181,1,3,42.75490196078431,58.67647058823528,24.205882352941178,34.4705882352941,58.67647058823528,24.205882352941178,부산진중;초연중;초읍중,0,0,0,,,,0,3,False,0.0
A10021189,1,3,78.86274509803923,92.52941176470588,54.23529411764706,38.294117647058826,92.52941176470588,54.23529411764706,동백중;해운대여중;해운대중,0,0,0,,,,0,3,False,0.0
A10021191,1,4,61.13970588235294,69.70588235294117,46.5,23.205882352941174,69.70588235294117,46.5,건국중;당리중;사하중;하단중,0,0,0,,,,0,4,False,0.0
A10021196,1,7,48.98319327731093,68.26470588235294,19.323529411764707,48.94117647058823,68.26470588235294,19.323529411764707,경남여중;경남중;덕원중;동주여중;부산대신중학교;부산여중;선화여중,0,0,0,,,,0,7,False,0.0
A10021197,1,3,61.88235294117647,88.5,45.44117647058823,43.05882352941177,88.5,45.44117647058823,동현중;부곡여자중;장전중,0,0,0,,,,0,3,False,0.0
A10021198,1,6,50.259803921568626,83.17647058823529,19.323529411764707,63.85294117647058,83.17647058823529,19.323529411764707,경남여중;덕원중;부산남중;부산대신중학교;선화여중;신선중,0,0,0,,,,0,6,False,0.0
A10021201,1,2,63.970588235294116,71.11764705882354,56.823529411764696,14.29411764705884,71.11764705882354,56.823529411764696,인지중;장산중,0,0,0,,,,0,2,False,0.0
A10021202,1,3,79.57843137254902,88.5,65.52941176470588,22.970588235294116,88.5,65.52941176470588,구서여중;남산중;장전중,0,0,0,,,,0,3,False,0.0
A10021207,1,4,83.57352941176471,97.70588235294117,54.23529411764706,43.470588235294116,97.70588235294117,54.23529411764706,동백중;해강중;해운대여중;해운대중,0,0,0,,,,0,4,False,0.0
A10021208,1,3,37.794117647058826,48.5,27.088235294117645,21.411764705882355,48.5,27.088235294117645,금성중;부산동여중;부산서중,0,0,0,,,,0,2,False,0.0
A10021217,1,2,80.83823529411765,83.41176470588236,78.26470588235294,5.14705882352942,83.41176470588236,78.26470588235294,부흥중;상당중,0,0,0,,,,0,2,False,0.0
A10021220,1,0,,,,,,,,0,0,0,,,,0,0,False,0.0
A10021235,1,3,75.27450980392156,94.26470588235294,51.8235294117647,42.44117647058824,94.26470588235294,51.8235294117647,거제여중;여명중;이사벨중,0,0,0,,,,0,3,False,0.0
A10021242,1,3,78.86274509803923,92.52941176470588,54.23529411764706,38.294117647058826,92.52941176470588,54.23529411764706,동백중;해운대여중;해운대중,0,0,0,,,,0,3,False,0.0
A10021243,1,2,40.58823529411765,50.55882352941177,30.617647058823533,19.941176470588236,50.55882352941177,30.617647058823533,연산중;연제중,0,0,0,,,,0,2,False,0.0
A10021249,1,0,,,,,,,,0,0,0,,,,0,0,False,0.0
A10021257,1,0,,,,,,,,0,0,0,,,,0,0,False,0.0
A10021261,1,3,46.32352941176472,71.8529411764706,26.294117647058822,45.55882352941177,71.8529411764706,26.294117647058822,안락중;충렬중;학산여중,0,0,0,,,,0,3,False,0.0
A10021277,1,3,93.3529411764706,97.70588235294117,89.82352941176471,7.882352941176464,97.70588235294117,89.82352941176471,해강중;해운대여중;해운대중,0,0,0,,,,0,3,False,0.0
A10021285,1,2,45.14705882352941,45.14705882352941,45.14705882352941,0.0,45.14705882352941,45.14705882352941,문현여중;배정중,0,0,0,,,,0,1,False,0.0
A10021303,1,2,30.82352941176471,41.76470588235294,19.882352941176475,21.882352941176467,41.76470588235294,19.882352941176475,엄궁중;학장중,0,0,0,,,,0,2,False,0.0
A10021306,1,0,,,,,,,,0,0,0,,,,0,0,False,0.0
A10021308,1,3,37.5,68.26470588235294,19.323529411764707,48.94117647058823,68.26470588235294,19.323529411764707,경남여중;부산중;선화여중,0,0,0,,,,0,3,False,0.0
A10021327,1,4,72.78676470588235,94.26470588235294,36.50000000000001,57.764705882352935,94.26470588235294,36.50000000000001,사직여중;사직중;여명중;온천중,0,0,0,,,,0,4,False,0.0
A10021328,1,2,36.63235294117647,51.294117647058826,21.970588235294116,29.32352941176471,51.294117647058826,21.970588235294116,반송여자중;반송중,0,0,0,,,,0,2,False,0.0
A10021334,1,3,67.84313725490198,82.26470588235294,51.70588235294118,30.55882352941176,82.26470588235294,51.70588235294118,금정중;부곡여중;부곡중,0,0,0,,,,0,3,False,0.0
A10021338,1,2,21.970588235294116,21.970588235294116,21.970588235294116,0.0,21.970588235294116,21.970588235294116,반송중;운송중,0,0,0,,,,0,1,False,0.0
A10021340,1,0,,,,,,,,0,0,0,,,,0,0,False,0.0
A10021341,1,0,,,,,,,,0,0,0,,,,0,0,False,0.0
A10021342,1,4,83.57352941176471,97.70588235294117,54.23529411764706,43.470588235294116,97.70588235294117,54.23529411764706,동백중;해강중;해운대여중;해운대중,0,0,0,,,,0,4,False,0.0
A10021343,1,3,86.74509803921569,92.52941176470588,77.88235294117646,14.64705882352942,92.52941176470588,77.88235294117646,신도중;해운대여중;해운대중,0,0,0,,,,0,3,False,0.0
A10021347,1,0,,,,,,,,0,0,0,,,,0,0,False,0.0
A10021353,1,4,44.867647058823536,58.00000000000001,34.82352941176471,23.176470588235297,58.00000000000001,34.82352941176471,경남중;대신여중;덕원중;부산여중,0,0,0,,,,0,4,False,0.0
A10021395,1,3,39.72549019607843,54.11764705882353,23.294117647058822,30.823529411764707,54.11764705882353,23.294117647058822,동주중;주례여중;학장중,0,0,0,,,,0,3,False,0.0
A10021404,1,6,50.259803921568626,83.17647058823529,19.323529411764707,63.85294117647058,83.17647058823529,19.323529411764707,경남여중;덕원중;부산남중;부산대신중학교;선화여중;신선중,0,0,0,,,,0,6,False,0.0
A10021413,1,4,44.977941176470594,58.00000000000001,34.82352941176471,23.176470588235297,58.00000000000001,34.82352941176471,경남중;부산여중;부산중앙여자중학교;송도중,0,0,0,,,,0,4,False,0.0
A10021421,1,3,39.72549019607843,54.11764705882353,23.294117647058822,30.823529411764707,54.11764705882353,23.294117647058822,동주중;주례여중;학장중,0,0,0,,,,0,3,False,0.0
A10021442,1,3,28.725490196078436,44.0,18.705882352941178,25.294117647058822,44.0,18.705882352941178,덕포여중;모라중;신라중,0,0,0,,,,0,3,False,0.0
A10021454,1,2,11.073529411764707,21.058823529411764,1.0882352941176472,19.970588235294116,21.058823529411764,1.0882352941176472,기장중;대청중,0,0,0,,,,0,2,False,0.0
A10021462,1,5,50.25294117647059,73.52941176470588,36.970588235294116,36.55882352941177,73.52941176470588,36.970588235294116,광안중;동수영중;동아중;부산수영중학교;한바다중,0,0,0,,,,0,5,False,0.0
A10021467,1,2,38.705882352941174,54.11764705882353,23.294117647058822,30.823529411764707,54.11764705882353,23.294117647058822,동주중;주례여중,0,0,0,,,,0,2,False,0.0
A10021471,1,4,33.786764705882355,54.82352941176472,15.705882352941178,39.117647058823536,54.82352941176472,15.705882352941178,가야여중;개림중;부산개성중;서면중,0,0,0,,,,0,4,False,0.0
A10021487,1,3,17.95098039215686,31.705882352941174,1.0882352941176472,30.617647058823525,31.705882352941174,1.0882352941176472,기장중;대청중;일광중,0,0,0,,,,0,3,False,0.0
A10021489,1,4,80.42647058823529,83.41176470588236,77.88235294117646,5.529411764705898,83.41176470588236,77.88235294117646,부흥중;상당중;신도중;양운중,0,0,0,,,,0,4,False,0.0
A10021493,1,3,48.568627450980394,64.52941176470588,30.617647058823533,33.91176470588235,64.52941176470588,30.617647058823533,연산중;연일중;연제중,0,0,0,,,,0,3,False,0.0
A10021495,1,3,75.27450980392156,94.26470588235294,51.8235294117647,42.44117647058824,94.26470588235294,51.8235294117647,거제여중;여명중;이사벨중학교,0,0,0,,,,0,3,False,0.0
A10021497,1,0,,,,,,,,0,0,0,,,,0,0,False,0.0
A10021500,1,3,48.568627450980394,64.52941176470588,30.617647058823533,33.91176470588235,64.52941176470588,30.617647058823533,연산중;연일중;연제중,0,0,0,,,,0,3,False,0.0
A10021516,1,0,,,,,,,,0,0,0,,,,0,0,False,0.0
A10021527,1,2,40.58823529411765,50.55882352941177,30.617647058823533,19.941176470588236,50.55882352941177,30.617647058823533,연산중;연제중,0,0,0,,,,0,2,False,0.0
A10021538,1,3,93.3529411764706,97.70588235294117,89.82352941176471,7.882352941176464,97.70588235294117,89.82352941176471,해강중;해운대여중;해운대중,0,0,0,,,,0,3,False,0.0
A10021542,1,3,48.568627450980394,64.52941176470588,30.617647058823533,33.91176470588235,64.52941176470588,30.617647058823533,연산중;연일중;연제중,0,0,0,,,,0,3,False,0.0
A10021544,1,2,75.11764705882354,84.70588235294117,65.52941176470588,19.17647058823529,84.70588235294117,65.52941176470588,구서여중;남산중,0,0,0,,,,0,2,False,0.0
A10021565,1,6,50.259803921568626,83.17647058823529,19.323529411764707,63.85294117647058,83.17647058823529,19.323529411764707,경남여중;덕원중;부산남중;부산대신중학교;선화여중;신선중,0,0,0,,,,0,6,False,0.0
A10021572,1,6,52.04901960784314,76.79411764705881,34.82352941176471,41.9705882352941,76.79411764705881,34.82352941176471,감천중;경남중;부산여중;부산중앙여자중학교;삼성중;송도중,0,0,0,,,,0,6,False,0.0
A10021577,1,3,48.568627450980394,64.52941176470588,30.617647058823533,33.91176470588235,64.52941176470588,30.617647058823533,연산중;연일중;연제중,0,0,0,,,,0,3,False,0.0
A10021596,1,3,42.75490196078431,58.67647058823528,24.205882352941178,34.4705882352941,58.67647058823528,24.205882352941178,부산진중;초연중;초읍중,0,0,0,,,,0,3,False,0.0
A10021604,1,2,38.705882352941174,54.11764705882353,23.294117647058822,30.823529411764707,54.11764705882353,23.294117647058822,동주중;주례여중,0,0,0,,,,0,2,False,0.0
A10021607,1,3,59.529411764705884,78.3529411764706,36.50000000000001,41.85294117647059,78.3529411764706,36.50000000000001,동래중;온천중;유락여중,0,0,0,,,,0,3,False,0.0
A10021608,1,3,61.88235294117647,88.5,45.44117647058823,43.05882352941177,88.5,45.44117647058823,동현중;부곡여자중;장전중,0,0,0,,,,0,3,False,0.0
A10021630,1,3,48.96078431372549,56.970588235294116,40.44117647058824,16.529411764705877,56.970588235294116,40.44117647058824,영도제일중;태종대중;해동중,0,0,0,,,,0,3,False,0.0
A10021631,1,3,75.27450980392156,94.26470588235294,51.8235294117647,42.44117647058824,94.26470588235294,51.8235294117647,거제여중;여명중;이사벨중,0,0,0,,,,0,3,False,0.0
A10021675,1,4,68.85294117647058,78.3529411764706,56.529411764705884,21.82352941176471,78.3529411764706,56.529411764705884,동래중;동해중;부산내성중학교;유락여중,0,0,0,,,,0,4,False,0.0
A10021678,1,3,38.00000000000001,54.82352941176472,15.705882352941178,39.117647058823536,54.82352941176472,15.705882352941178,가야여중;부산개성중;서면중,0,0,0,,,,0,3,False,0.0
A10021680,1,3,75.27450980392156,94.26470588235294,51.8235294117647,42.44117647058824,94.26470588235294,51.8235294117647,거제여중;여명중;이사벨중,0,0,0,,,,0,3,False,0.0
A10021688,1,7,48.98319327731093,68.26470588235294,19.323529411764707,48.94117647058823,68.26470588235294,19.323529411764707,경남여중;경남중;덕원중;동주여중;부산대신중학교;부산여중;선화여중,0,0,0,,,,0,7,False,0.0
A10021712,1,3,75.27450980392156,94.26470588235294,51.8235294117647,42.44117647058824,94.26470588235294,51.8235294117647,거제여중;여명중;이사벨중,0,0,0,,,,0,3,False,0.0
A10021750,1,3,74.15686274509805,88.5,51.70588235294118,36.79411764705882,88.5,51.70588235294118,금정중;부곡여중;장전중,0,0,0,,,,0,3,False,0.0
A10021758,2,4,41.42647058823529,57.76470588235294,21.176470588235293,36.58823529411765,57.76470588235294,21.176470588235293,동양중;주감중;주례여중;주례중,1,0,1,주감중,21.176470588235293,21.176470588235293,0,4,False,0.21176470588235294
A10021797,1,3,51.127450980392155,83.17647058823529,35.02941176470588,48.14705882352941,83.17647058823529,35.02941176470588,남도여중;부산남중;부산영선중학교,0,0,0,,,,0,3,False,0.0
A10021799,1,2,71.04411764705883,78.3529411764706,63.73529411764706,14.617647058823536,78.3529411764706,63.73529411764706,동래중;유락여자중,0,0,0,,,,0,2,False,0.0
A10021800,1,2,80.19117647058823,80.5,79.88235294117646,0.6176470588235361,80.5,79.88235294117646,사직여중;사직중,0,0,0,,,,0,2,False,0.0
A10021810,1,3,65.62745098039215,80.5,36.50000000000001,43.99999999999999,80.5,36.50000000000001,사직여중;사직중;온천중,0,0,0,,,,0,3,False,0.0
A10021874,1,3,59.52941176470589,78.3529411764706,36.50000000000001,41.85294117647059,78.3529411764706,36.50000000000001,동래중;온천중;유락여중,0,0,0,,,,0,3,False,0.0
A10021896,1,3,53.72549019607843,58.67647058823528,45.20588235294118,13.470588235294102,58.67647058823528,45.20588235294118,동평여중;동평중;부산진중,0,0,0,,,,0,3,False,0.0
A10021914,1,5,41.476470588235294,71.8529411764706,26.294117647058822,45.55882352941177,71.8529411764706,26.294117647058822,동신중;안락중;충렬중;학산여자중;혜화여자중,0,0,0,,,,0,5,False,0.0
A10021915,1,0,,,,,,,,0,0,0,,,,0,0,False,0.0
A10021977,1,4,72.78676470588235,94.26470588235294,36.50000000000001,57.764705882352935,94.26470588235294,36.50000000000001,사직여중;사직중;여명중;온천중,0,0,0,,,,0,4,False,0.0
A10022002,1,3,61.88235294117647,88.5,45.44117647058823,43.05882352941177,88.5,45.44117647058823,동현중;부곡여자중;장전중,0,0,0,,,,0,3,False,0.0
A10022060,1,3,65.62745098039215,80.5,36.50000000000001,43.99999999999999,80.5,36.50000000000001,사직여중;사직중;온천중,0,0,0,,,,0,3,False,0.0
A10022061,1,3,59.529411764705884,78.3529411764706,36.50000000000001,41.85294117647059,78.3529411764706,36.50000000000001,동래중;온천중;유락여중,0,0,0,,,,0,3,False,0.0
A10022074,1,4,43.66176470588235,71.8529411764706,26.294117647058822,45.55882352941177,71.8529411764706,26.294117647058822,동신중;안락중;충렬중;학산여중,0,0,0,,,,0,4,False,0.0
A10022080,1,4,33.786764705882355,54.82352941176472,15.705882352941178,39.117647058823536,54.82352941176472,15.705882352941178,가야여중;개림중;부산개성중;서면중,0,0,0,,,,0,4,False,0.0
A10022107,1,3,59.14705882352941,76.79411764705881,45.05882352941177,31.735294117647044,76.79411764705881,45.05882352941177,감천중;삼성중;장평중,0,0,0,,,,0,3,False,0.0
A10022128,1,2,71.04411764705883,78.3529411764706,63.73529411764706,14.617647058823536,78.3529411764706,63.73529411764706,동래중;유락여자중,0,0,0,,,,0,2,False,0.0
A10022139,1,0,,,,,,,,0,0,0,,,,0,0,False,0.0
A10022163,1,5,41.476470588235294,71.8529411764706,26.294117647058822,45.55882352941177,71.8529411764706,26.294117647058822,동신중;안락중;충렬중;학산여자중;혜화여자중,0,0,0,,,,0,5,False,0.0
A10022174,1,3,33.37254901960784,44.0,23.47058823529412,20.52941176470588,44.0,23.47058823529412,덕포여중;신라중;주례중,0,0,0,,,,0,3,False,0.0
A10022267,1,3,48.96078431372549,56.970588235294116,40.44117647058824,16.529411764705877,56.970588235294116,40.44117647058824,영도제일중;태종대중;해동중,0,0,0,,,,0,3,False,0.0
A10022280,1,5,38.95294117647059,53.91176470588235,23.61764705882353,30.29411764705882,53.91176470588235,23.61764705882353,대동중;두송중;영남중;장림여중;장평중,0,0,0,,,,0,5,False,0.0
A10022281,1,5,52.54117647058823,77.23529411764707,34.82352941176471,42.41176470588236,77.23529411764707,34.82352941176471,경남중;부산대신중학교;부산여중;부산중앙여자중학교;초장중,0,0,0,,,,0,5,False,0.0
A10022287,1,6,45.35294117647059,58.00000000000001,34.82352941176471,23.176470588235297,58.00000000000001,34.82352941176471,경남중;대신여중;덕원중;부산대신중학교;부산여중;부산중앙여자중학교,0,0,0,,,,0,6,False,0.0
A10022312,1,2,38.705882352941174,54.11764705882353,23.294117647058822,30.823529411764707,54.11764705882353,23.294117647058822,동주중;주례여중,0,0,0,,,,0,2,False,0.0
A10022337,1,2,38.705882352941174,54.11764705882353,23.294117647058822,30.823529411764707,54.11764705882353,23.294117647058822,동주중;주례여중,0,0,0,,,,0,2,False,0.0
A10022350,1,0,,,,,,,,0,0,0,,,,0,0,False,0.0
A10022365,1,6,50.333333333333336,79.73529411764706,30.617647058823533,49.11764705882352,79.73529411764706,30.617647058823533,동신중;연산중;연일중;연제중;이사벨중;토현중,0,0,0,,,,0,6,False,0.0
A10022379,1,3,53.72549019607843,58.67647058823528,45.20588235294118,13.470588235294102,58.67647058823528,45.20588235294118,동평여중;동평중;부산진중,0,0,0,,,,0,3,False,0.0
A10022405,1,3,53.55882352941177,71.11764705882354,32.73529411764706,38.38235294117648,71.11764705882354,32.73529411764706,반여중;인지중;장산중,0,0,0,,,,0,3,False,0.0
A10022407,1,6,54.509803921568626,76.79411764705881,34.82352941176471,41.9705882352941,76.79411764705881,34.82352941176471,경남중;동주여중;부산대신중학교;부산여중;부산중앙여자중학교;삼성중,0,0,0,,,,0,6,False,0.0
A10022434,1,6,52.04901960784314,76.79411764705881,34.82352941176471,41.9705882352941,76.79411764705881,34.82352941176471,감천중;경남중;부산여중;부산중앙여자중학교;삼성중;송도중,0,0,0,,,,0,6,False,0.0
A10022509,1,3,34.26470588235294,40.82352941176471,26.294117647058822,14.529411764705888,40.82352941176471,26.294117647058822,동신중;충렬중;학산여중,0,0,0,,,,0,3,False,0.0
A10022519,1,3,86.74509803921569,92.52941176470588,77.88235294117646,14.64705882352942,92.52941176470588,77.88235294117646,신도중;해운대여중;해운대중,0,0,0,,,,0,3,False,0.0
A10022541,1,0,,,,,,,,0,0,0,,,,0,0,False,0.0
A10022543,1,1,48.088235294117645,48.088235294117645,48.088235294117645,0.0,48.088235294117645,48.088235294117645,백양중,1,1,1,백양중,48.088235294117645,48.088235294117645,0,1,False,0.4808823529411764
A10022565,1,3,75.27450980392156,94.26470588235294,51.8235294117647,42.44117647058824,94.26470588235294,51.8235294117647,거제여중;여명중;이사벨중,0,0,0,,,,0,3,False,0.0
A10022568,1,3,86.74509803921569,92.52941176470588,77.88235294117646,14.64705882352942,92.52941176470588,77.88235294117646,신도중;해운대여중;해운대중,0,0,0,,,,0,3,False,0.0
A10022574,1,2,34.794117647058826,45.38235294117647,24.205882352941178,21.176470588235293,45.38235294117647,24.205882352941178,초연중;초읍중,0,0,0,,,,0,2,False,0.0
A10022575,1,3,58.08823529411765,73.52941176470588,43.970588235294116,29.558823529411768,73.52941176470588,43.970588235294116,동아중;부산수영중학교;한바다중,0,0,0,,,,0,3,False,0.0
A10022581,1,4,34.29411764705882,40.23529411764706,22.882352941176467,17.35294117647059,40.23529411764706,22.882352941176467,대연중;배정중;석포여중;해연중,0,0,0,,,,0,3,False,0.0
A10022583,1,3,32.509803921568626,43.470588235294116,21.14705882352941,22.323529411764707,43.470588235294116,21.14705882352941,개금여중;개림중;부산개성중,0,0,0,,,,0,3,False,0.0
A10022591,1,4,72.78676470588235,94.26470588235294,36.50000000000001,57.764705882352935,94.26470588235294,36.50000000000001,사직여중;사직중;여명중;온천중,0,0,0,,,,0,4,False,0.0
A10022618,1,4,26.977941176470587,35.588235294117645,18.147058823529413,17.441176470588232,35.588235294117645,18.147058823529413,가람중;구남중;구포중;양덕여중,0,0,0,,,,0,4,False,0.0
A10022622,1,5,66.6,87.20588235294116,43.970588235294116,43.235294117647044,87.20588235294116,43.970588235294116,남천중;대천중;동아중;부산수영중;한바다중,0,0,0,,,,0,5,False,0.0
A10022634,1,2,71.04411764705883,78.3529411764706,63.73529411764706,14.617647058823536,78.3529411764706,63.73529411764706,동래중;유락여자중,0,0,0,,,,0,2,False,0.0
A10022650,1,3,37.794117647058826,48.5,27.088235294117645,21.411764705882355,48.5,27.088235294117645,금성중;부산동여중;부산서중,0,0,0,,,,0,2,False,0.0
A10022696,1,0,,,,,,,,0,0,0,,,,0,0,False,0.0
A10022733,1,3,42.75490196078431,58.67647058823528,24.205882352941178,34.4705882352941,58.67647058823528,24.205882352941178,부산진중;초연중;초읍중,0,0,0,,,,0,3,False,0.0
A10022830,1,4,43.66176470588235,71.8529411764706,26.294117647058822,45.55882352941177,71.8529411764706,26.294117647058822,동신중;안락중;충렬중;학산여중,0,0,0,,,,0,4,False,0.0
A10022835,1,3,42.720588235294116,45.14705882352941,40.294117647058826,4.852941176470587,45.14705882352941,40.294117647058826,문현여중;배정중;부산중앙중,0,0,0,,,,0,2,False,0.0
A10022844,1,4,51.639705882352935,58.67647058823528,45.20588235294118,13.470588235294102,58.67647058823528,45.20588235294118,동평여중;동평중;부산진중;초연중,0,0,0,,,,0,4,False,0.0
A10022847,1,5,66.6,87.20588235294116,43.970588235294116,43.235294117647044,87.20588235294116,43.970588235294116,남천중;대천중;동아중;부산수영중;한바다중,0,0,0,,,,0,5,False,0.0
A10022855,1,5,66.6,87.20588235294116,43.970588235294116,43.235294117647044,87.20588235294116,43.970588235294116,남천중;대천중;동아중;부산수영중;한바다중,0,0,0,,,,0,5,False,0.0
A10022868,1,4,53.57352941176471,73.52941176470588,40.02941176470588,33.50000000000001,73.52941176470588,40.02941176470588,광안중;동아중;부산수영중;한바다중,0,0,0,,,,0,4,False,0.0
A10022890,1,3,75.27450980392156,94.26470588235294,51.8235294117647,42.44117647058824,94.26470588235294,51.8235294117647,거제여자중;여명중;이사벨중,0,0,0,,,,0,3,False,0.0
A10022905,1,1,15.705882352941176,15.705882352941176,15.705882352941176,0.0,15.705882352941176,15.705882352941176,덕천중,1,1,1,덕천중,15.705882352941176,15.705882352941176,0,1,False,0.15705882352941175
A10022914,1,3,47.372549019607845,62.52941176470588,21.999999999999996,40.529411764705884,62.52941176470588,21.999999999999996,덕명여중;부산동중;부산진여중,0,0,0,,,,0,3,False,0.0
A10022958,1,3,66.3235294117647,87.20588235294116,40.23529411764706,46.9705882352941,87.20588235294116,40.23529411764706,남천중;대연중;대천중,0,0,0,,,,0,3,False,0.0
A10022984,1,3,56.68627450980392,58.67647058823528,54.82352941176472,3.8529411764705657,58.67647058823528,54.82352941176472,광무여중;부산진중;서면중,0,0,0,,,,0,3,False,0.0
A10022985,1,4,53.06617647058823,77.23529411764707,34.82352941176471,42.41176470588236,77.23529411764707,34.82352941176471,경남중;부산여중;부산중앙여자중학교;초장중,0,0,0,,,,0,4,False,0.0
A10022999,1,3,42.38235294117647,47.147058823529406,39.76470588235294,7.382352941176464,47.147058823529406,39.76470588235294,감만중;대연중;석포여중,0,0,0,,,,0,3,False,0.0
A10023014,1,2,40.58823529411765,50.55882352941177,30.617647058823533,19.941176470588236,50.55882352941177,30.617647058823533,연산중;연제중,0,0,0,,,,0,2,False,0.0
A10023018,1,0,,,,,,,,0,0,0,,,,0,0,False,0.0
A10023021,1,4,33.786764705882355,54.82352941176472,15.705882352941178,39.117647058823536,54.82352941176472,15.705882352941178,가야여중;개림중;부산개성중;서면중,0,0,0,,,,0,4,False,0.0
A10023025,1,3,59.529411764705884,78.3529411764706,36.50000000000001,41.85294117647059,78.3529411764706,36.50000000000001,동래중;온천중;유락여중,0,0,0,,,,0,3,False,0.0
A10023040,1,3,45.45098039215686,73.88235294117646,21.999999999999996,51.882352941176464,73.88235294117646,21.999999999999996,동의중;부산진여중;양동여중,0,0,0,,,,0,3,False,0.0
A10023102,1,6,52.04901960784314,76.79411764705881,34.82352941176471,41.9705882352941,76.79411764705881,34.82352941176471,감천중;경남중;부산여중;부산중앙여자중학교;삼성중;송도중,0,0,0,,,,0,6,False,0.0
A10023104,2,3,28.725490196078436,44.0,18.705882352941178,25.294117647058822,44.0,18.705882352941178,덕포여중;모라중;신라중,0,0,0,,,,0,3,False,0.0
A10023114,1,2,40.58823529411765,50.55882352941177,30.617647058823533,19.941176470588236,50.55882352941177,30.617647058823533,연산중;연제중,0,0,0,,,,0,2,False,0.0
A10023141,1,3,61.88235294117647,88.5,45.44117647058823,43.05882352941177,88.5,45.44117647058823,동현중;부곡여자중;장전중,0,0,0,,,,0,3,False,0.0
A10023165,1,3,67.84313725490198,82.26470588235294,51.70588235294118,30.55882352941176,82.26470588235294,51.70588235294118,금정중;부곡여중;부곡중,0,0,0,,,,0,3,False,0.0
A10023208,1,2,27.088235294117645,27.088235294117645,27.088235294117645,0.0,27.088235294117645,27.088235294117645,금성중;부산서중,0,0,0,,,,0,1,False,0.0
A10023232,1,3,48.568627450980394,64.52941176470588,30.617647058823533,33.91176470588235,64.52941176470588,30.617647058823533,연산중;연일중;연제중,0,0,0,,,,0,3,False,0.0
A10023283,1,1,31.705882352941174,31.705882352941174,31.705882352941174,0.0,31.705882352941174,31.705882352941174,일광중,0,0,0,,,,0,1,False,0.0
A10023295,1,2,38.705882352941174,54.11764705882353,23.294117647058822,30.823529411764707,54.11764705882353,23.294117647058822,동주중;주례여중,0,0,0,,,,0,2,False,0.0
A10023300,1,3,42.69117647058823,45.14705882352941,40.23529411764706,4.911764705882355,45.14705882352941,40.23529411764706,대연중;문현여중;배정중,0,0,0,,,,0,2,False,0.0
A10023308,1,3,48.568627450980394,64.52941176470588,30.617647058823533,33.91176470588235,64.52941176470588,30.617647058823533,연산중;연일중;연제중,0,0,0,,,,0,3,False,0.0
A10023405,1,3,75.27450980392156,94.26470588235294,51.8235294117647,42.44117647058824,94.26470588235294,51.8235294117647,거제여중;여명중;이사벨중,0,0,0,,,,0,3,False,0.0
A10023407,1,3,45.45098039215686,73.88235294117646,21.999999999999996,51.882352941176464,73.88235294117646,21.999999999999996,동의중;부산진여중;양동여중,0,0,0,,,,0,3,False,0.0
A10023409,1,3,38.0,54.82352941176472,15.705882352941178,39.117647058823536,54.82352941176472,15.705882352941178,가야여중;부산개성중;서면중,0,0,0,,,,0,3,False,0.0
A10023411,1,2,11.073529411764707,21.058823529411764,1.0882352941176472,19.970588235294116,21.058823529411764,1.0882352941176472,기장중;대청중,0,0,0,,,,0,2,False,0.0
A10023417,1,3,59.529411764705884,78.3529411764706,36.50000000000001,41.85294117647059,78.3529411764706,36.50000000000001,동래중;온천중;유락여중,0,0,0,,,,0,3,False,0.0
A10023420,1,5,60.3,87.20588235294116,40.02941176470588,47.17647058823528,87.20588235294116,40.02941176470588,광안중;남천중;동아중;부산수영중;한바다중,0,0,0,,,,0,5,False,0.0
A10023423,1,3,20.764705882352942,27.117647058823525,16.294117647058826,10.8235294117647,27.117647058823525,16.294117647058826,반안중;재송여중;재송중,0,0,0,,,,0,3,False,0.0
A10023436,1,3,82.88235294117648,93.44117647058823,67.5,25.941176470588232,93.44117647058823,67.5,분포중;오륙도중;용호중,0,0,0,,,,0,3,False,0.0
A10023440,1,4,56.51470588235294,69.70588235294117,45.05882352941177,24.647058823529406,69.70588235294117,45.05882352941177,당리중;동주여중;사하중;장평중,0,0,0,,,,0,4,False,0.0
A10023494,1,4,53.47058823529412,57.294117647058826,45.20588235294118,12.088235294117645,57.294117647058826,45.20588235294118,광무여중;동평여중;동평중;서면중,0,0,0,,,,0,4,False,0.0
A10023518,1,3,58.08823529411765,73.52941176470588,43.970588235294116,29.558823529411768,73.52941176470588,43.970588235294116,동아중;부산수영중학교;한바다중,0,0,0,,,,0,3,False,0.0
A10023526,1,3,48.568627450980394,64.52941176470588,30.617647058823533,33.91176470588235,64.52941176470588,30.617647058823533,연산중;연일중;연제중,0,0,0,,,,0,3,False,0.0
A10023533,1,2,45.14705882352941,45.14705882352941,45.14705882352941,0.0,45.14705882352941,45.14705882352941,문현여중;배정중,0,0,0,,,,0,1,False,0.0
A10023538,1,0,,,,,,,,0,0,0,,,,0,0,False,0.0
A10023542,1,3,86.74509803921569,92.52941176470588,77.88235294117646,14.64705882352942,92.52941176470588,77.88235294117646,신도중;해운대여중;해운대중,0,0,0,,,,0,3,False,0.0
A10023544,1,3,33.37254901960784,44.0,23.47058823529412,20.52941176470588,44.0,23.47058823529412,덕포여중;신라중;주례중,0,0,0,,,,0,3,False,0.0
A10023561,1,3,45.45098039215686,73.88235294117646,21.999999999999996,51.882352941176464,73.88235294117646,21.999999999999996,동의중;부산진여중;양동여중,0,0,0,,,,0,3,False,0.0
A10023571,1,1,21.176470588235293,21.176470588235293,21.176470588235293,0.0,21.176470588235293,21.176470588235293,주감중,1,1,1,주감중,21.176470588235293,21.176470588235293,0,1,False,0.21176470588235294
A10023581,1,9,52.36601307189542,69.70588235294117,34.82352941176471,34.882352941176464,69.70588235294117,34.82352941176471,건국중;경남중;당리중;동주여중;부산대신중학교;부산여중;부산중앙여자중학교;사하중;장평중,0,0,0,,,,0,9,False,0.0
A10023607,1,5,66.6,87.20588235294116,43.970588235294116,43.235294117647044,87.20588235294116,43.970588235294116,남천중;대천중;동아중;부산수영중;한바다중,0,0,0,,,,0,5,False,0.0
A10023616,1,3,42.75490196078431,58.67647058823528,24.205882352941178,34.4705882352941,58.67647058823528,24.205882352941178,부산진중;초연중;초읍중,0,0,0,,,,0,3,False,0.0
A10023625,1,4,45.220588235294116,73.88235294117646,21.999999999999996,51.882352941176464,73.88235294117646,21.999999999999996,동의중;부산진여중;양동여중;항도중,0,0,0,,,,0,4,False,0.0
A10023627,1,4,33.786764705882355,54.82352941176472,15.705882352941178,39.117647058823536,54.82352941176472,15.705882352941178,가야여중;개림중;부산개성중;서면중,0,0,0,,,,0,4,False,0.0
A10023635,1,3,66.3235294117647,87.20588235294116,40.23529411764706,46.9705882352941,87.20588235294116,40.23529411764706,남천중;대연중;대천중,0,0,0,,,,0,3,False,0.0
A10023647,1,3,53.55882352941177,71.11764705882354,32.73529411764706,38.38235294117648,71.11764705882354,32.73529411764706,반여중;인지중;장산중,0,0,0,,,,0,3,False,0.0
A10023684,1,1,15.705882352941176,15.705882352941176,15.705882352941176,0.0,15.705882352941176,15.705882352941176,덕천중,1,1,1,덕천중,15.705882352941176,15.705882352941176,0,1,False,0.15705882352941175
A10023692,1,2,11.073529411764707,21.058823529411764,1.0882352941176472,19.970588235294116,21.058823529411764,1.0882352941176472,기장중;대청중,0,0,0,,,,0,2,False,0.0
A10023704,1,5,52.54117647058823,77.23529411764707,34.82352941176471,42.41176470588236,77.23529411764707,34.82352941176471,경남중;부산대신중학교;부산여중;부산중앙여자중학교;초장중,0,0,0,,,,0,5,False,0.0
A10023708,1,2,42.838235294117645,43.970588235294116,41.705882352941174,2.264705882352942,43.970588235294116,41.705882352941174,대천리중;화신중,0,0,0,,,,0,2,False,0.0
A10023711,1,3,43.69117647058823,47.147058823529406,40.23529411764706,6.911764705882348,47.147058823529406,40.23529411764706,감만중;대연중;배정중,0,0,0,,,,0,2,False,0.0
A10023725,1,1,48.088235294117645,48.088235294117645,48.088235294117645,0.0,48.088235294117645,48.088235294117645,백양중,1,1,1,백양중,48.088235294117645,48.088235294117645,0,1,False,0.4808823529411764
A10023733,1,3,48.96078431372549,56.970588235294116,40.44117647058824,16.529411764705877,56.970588235294116,40.44117647058824,영도제일중;태종대중;해동중,0,0,0,,,,0,3,False,0.0
A10023750,1,4,42.63970588235294,56.55882352941176,15.705882352941178,40.85294117647058,56.55882352941176,15.705882352941178,가야여중;광무여중;부산개성중;서면중,0,0,0,,,,0,4,False,0.0
A10023770,1,4,49.5,73.88235294117646,21.999999999999996,51.882352941176464,73.88235294117646,21.999999999999996,덕명여중;동의중;부산진여중;항도중,0,0,0,,,,0,4,False,0.0
A10023777,1,1,31.705882352941174,31.705882352941174,31.705882352941174,0.0,31.705882352941174,31.705882352941174,일광중,0,0,0,,,,0,1,False,0.0
A10023778,1,1,31.705882352941174,31.705882352941174,31.705882352941174,0.0,31.705882352941174,31.705882352941174,일광중,0,0,0,,,,0,1,False,0.0
A10023781,1,3,68.95098039215686,78.3529411764706,51.70588235294118,26.647058823529413,78.3529411764706,51.70588235294118,동래중;동해중;부곡여중,0,0,0,,,,0,3,False,0.0
A10023790,1,6,52.04901960784314,76.79411764705881,34.82352941176471,41.9705882352941,76.79411764705881,34.82352941176471,감천중;경남중;부산여중;부산중앙여자중학교;삼성중;송도중,0,0,0,,,,0,6,False,0.0
A10023796,1,3,53.72549019607843,58.67647058823528,45.20588235294118,13.470588235294102,58.67647058823528,45.20588235294118,동평여중;동평중;부산진중,0,0,0,,,,0,3,False,0.0
A10023802,1,3,58.08823529411765,73.52941176470588,43.970588235294116,29.558823529411768,73.52941176470588,43.970588235294116,동아중;부산수영중학교;한바다중,0,0,0,,,,0,3,False,0.0
A10023837,1,3,48.96078431372549,56.970588235294116,40.44117647058824,16.529411764705877,56.970588235294116,40.44117647058824,영도제일중;태종대중;해동중,0,0,0,,,,0,3,False,0.0
A10023872,1,4,34.29411764705882,40.23529411764706,22.882352941176467,17.35294117647059,40.23529411764706,22.882352941176467,대연중;배정중;석포여중;해연중,0,0,0,,,,0,3,False,0.0
A10023895,1,3,93.3529411764706,97.70588235294117,89.82352941176471,7.882352941176464,97.70588235294117,89.82352941176471,해강중;해운대여중;해운대중,0,0,0,,,,0,3,False,0.0
A10023896,1,4,53.47058823529412,57.294117647058826,45.20588235294118,12.088235294117645,57.294117647058826,45.20588235294118,광무여중;동평여중;동평중;서면중,0,0,0,,,,0,4,False,0.0
A10023912,1,1,31.705882352941174,31.705882352941174,31.705882352941174,0.0,31.705882352941174,31.705882352941174,일광중,0,0,0,,,,0,1,False,0.0
A10023928,1,4,44.411764705882355,69.70588235294117,23.61764705882353,46.088235294117645,69.70588235294117,23.61764705882353,당리중;대동중;영남중;장림여중,0,0,0,,,,0,4,False,0.0
A10023929,1,3,86.74509803921569,92.52941176470588,77.88235294117646,14.64705882352942,92.52941176470588,77.88235294117646,신도중;해운대여중;해운대중,0,0,0,,,,0,3,False,0.0
A10023933,1,3,45.45098039215686,73.88235294117646,21.999999999999996,51.882352941176464,73.88235294117646,21.999999999999996,동의중;부산진여중;양동여중,0,0,0,,,,0,3,False,0.0
A10023943,1,2,74.51470588235294,77.02941176470588,72.0,5.029411764705884,77.02941176470588,72.0,명호중;오션중,0,0,0,,,,0,2,False,0.0
A10023958,1,4,53.57352941176471,73.52941176470588,40.02941176470588,33.50000000000001,73.52941176470588,40.02941176470588,광안중;동아중;부산수영중;한바다중,0,0,0,,,,0,4,False,0.0
A10023963,1,3,23.774509803921564,27.088235294117645,19.323529411764707,7.7647058823529385,27.088235294117645,19.323529411764707,경남여중;부산서중;부산중,0,0,0,,,,0,3,False,0.0
A10023969,1,6,54.509803921568626,76.79411764705881,34.82352941176471,41.9705882352941,76.79411764705881,34.82352941176471,경남중;동주여중;부산대신중학교;부산여중;부산중앙여자중학교;삼성중,0,0,0,,,,0,6,False,0.0
A10023975,1,3,59.52941176470589,78.3529411764706,36.50000000000001,41.85294117647059,78.3529411764706,36.50000000000001,동래중;온천중;유락여중,0,0,0,,,,0,3,False,0.0
A10024005,1,3,59.529411764705884,78.3529411764706,36.50000000000001,41.85294117647059,78.3529411764706,36.50000000000001,동래중;온천중;유락여중,0,0,0,,,,0,3,False,0.0
A10024057,1,5,66.6,87.20588235294116,43.970588235294116,43.235294117647044,87.20588235294116,43.970588235294116,남천중;대천중;동아중;부산수영중;한바다중,0,0,0,,,,0,5,False,0.0
A10024065,1,0,,,,,,,,0,0,0,,,,0,0,False,0.0
A10024113,1,3,48.568627450980394,64.52941176470588,30.617647058823533,33.91176470588235,64.52941176470588,30.617647058823533,연산중;연일중;연제중,0,0,0,,,,0,3,False,0.0
A10024165,1,3,86.74509803921569,92.52941176470588,77.88235294117646,14.64705882352942,92.52941176470588,77.88235294117646,신도중;해운대여중;해운대중,0,0,0,,,,0,3,False,0.0
A10024185,1,3,51.51960784313726,55.58823529411765,45.05882352941177,10.529411764705884,55.58823529411765,45.05882352941177,감천중;대동중;장평중,0,0,0,,,,0,3,False,0.0
A10024189,1,3,86.74509803921569,92.52941176470588,77.88235294117646,14.64705882352942,92.52941176470588,77.88235294117646,신도중;해운대여중;해운대중,0,0,0,,,,0,3,False,0.0
A10024194,1,3,42.75490196078431,58.67647058823528,24.205882352941178,34.4705882352941,58.67647058823528,24.205882352941178,부산진중;초연중;초읍중,0,0,0,,,,0,3,False,0.0
A10024201,1,3,24.1078431372549,35.588235294117645,18.147058823529413,17.441176470588232,35.588235294117645,18.147058823529413,가람중;구남중;구포중,0,0,0,,,,0,3,False,0.0
A10024210,1,1,40.088235294117645,40.088235294117645,40.088235294117645,0.0,40.088235294117645,40.088235294117645,대저중,1,1,1,대저중,40.088235294117645,40.088235294117645,0,1,False,0.40088235294117647
A10024226,1,2,60.63235294117648,69.55882352941177,51.70588235294118,17.852941176470587,69.55882352941177,51.70588235294118,부곡여자중;부곡중,0,0,0,,,,0,2,False,0.0
A10024249,1,3,22.637254901960784,32.73529411764706,16.294117647058826,16.441176470588232,32.73529411764706,16.294117647058826,반안중;반여중;재송중,0,0,0,,,,0,3,False,0.0
A10024295,1,4,68.09558823529412,88.5,49.91176470588235,38.58823529411765,88.5,49.91176470588235,금정중;동래여중;부곡여자중;장전중,0,0,0,,,,0,4,False,0.0
A10024297,1,4,80.42647058823529,83.41176470588236,77.88235294117646,5.529411764705898,83.41176470588236,77.88235294117646,부흥중;상당중;신도중;양운중,0,0,0,,,,0,4,False,0.0
A10024303,1,3,48.96078431372549,56.970588235294116,40.44117647058824,16.529411764705877,56.970588235294116,40.44117647058824,영도제일중;태종대중;해동중,0,0,0,,,,0,3,False,0.0
A10024307,1,2,28.13235294117647,37.55882352941177,18.705882352941178,18.85294117647059,37.55882352941177,18.705882352941178,모동중;모라중,0,0,0,,,,0,2,False,0.0
A10024318,1,1,38.94117647058823,38.94117647058823,38.94117647058823,0.0,38.94117647058823,38.94117647058823,만덕중,1,1,1,만덕중,38.94117647058823,38.94117647058823,0,1,False,0.38941176470588235
A10024328,1,4,44.867647058823536,58.00000000000001,34.82352941176471,23.176470588235297,58.00000000000001,34.82352941176471,경남중;대신여중;덕원중;부산여중,0,0,0,,,,0,4,False,0.0
A10024341,1,2,42.838235294117645,43.970588235294116,41.705882352941174,2.264705882352942,43.970588235294116,41.705882352941174,대천리중;화신중,0,0,0,,,,0,2,False,0.0
A10024369,1,2,73.89705882352942,82.26470588235294,65.52941176470588,16.735294117647058,82.26470588235294,65.52941176470588,금정중;남산중,0,0,0,,,,0,2,False,0.0
A10024370,1,2,38.705882352941174,54.11764705882353,23.294117647058822,30.823529411764707,54.11764705882353,23.294117647058822,동주중;주례여중,0,0,0,,,,0,2,False,0.0
A10024372,1,1,21.176470588235293,21.176470588235293,21.176470588235293,0.0,21.176470588235293,21.176470588235293,주감중,1,1,1,주감중,21.176470588235293,21.176470588235293,0,1,False,0.21176470588235294
A10024377,1,5,50.25294117647059,73.52941176470588,36.970588235294116,36.55882352941177,73.52941176470588,36.970588235294116,광안중;동수영중;동아중;부산수영중학교;한바다중,0,0,0,,,,0,5,False,0.0
A10024383,1,9,54.25816993464051,76.79411764705881,34.82352941176471,41.9705882352941,76.79411764705881,34.82352941176471,경남중;당리중;동주여중;부산대신중학교;부산여중;부산중앙여자중학교;사하중;삼성중;장평중,0,0,0,,,,0,9,False,0.0
A10024393,1,3,37.5,68.26470588235294,19.323529411764707,48.94117647058823,68.26470588235294,19.323529411764707,경남여중;부산중;선화여중,0,0,0,,,,0,3,False,0.0
A10024394,1,1,18.705882352941178,18.705882352941178,18.705882352941178,0.0,18.705882352941178,18.705882352941178,모라중,1,1,1,모라중,18.705882352941178,18.705882352941178,0,1,False,0.18705882352941178
A10024430,1,3,42.75490196078431,58.67647058823528,24.205882352941178,34.4705882352941,58.67647058823528,24.205882352941178,부산진중;초연중;초읍중,0,0,0,,,,0,3,False,0.0
A10024460,1,4,68.85294117647058,78.3529411764706,56.529411764705884,21.82352941176471,78.3529411764706,56.529411764705884,동래중;동해중;부산내성중학교;유락여중,0,0,0,,,,0,4,False,0.0
A10024476,1,3,17.95098039215686,31.705882352941174,1.0882352941176472,30.617647058823525,31.705882352941174,1.0882352941176472,기장중;대청중;일광중,0,0,0,,,,0,3,False,0.0
A10024535,1,5,52.54117647058823,77.23529411764707,34.82352941176471,42.41176470588236,77.23529411764707,34.82352941176471,경남중;부산대신중학교;부산여중;부산중앙여자중학교;초장중,0,0,0,,,,0,5,False,0.0
A10024590,1,0,,,,,,,,0,0,0,,,,0,0,False,0.0
A10024591,1,3,86.74509803921569,92.52941176470588,77.88235294117646,14.64705882352942,92.52941176470588,77.88235294117646,신도중;해운대여중;해운대중,0,0,0,,,,0,3,False,0.0
A10024602,1,3,47.372549019607845,62.52941176470588,21.999999999999996,40.529411764705884,62.52941176470588,21.999999999999996,덕명여중;부산동중;부산진여중,0,0,0,,,,0,3,False,0.0
A10024606,1,1,31.705882352941174,31.705882352941174,31.705882352941174,0.0,31.705882352941174,31.705882352941174,일광중,0,0,0,,,,0,1,False,0.0
A10024627,1,3,45.45098039215686,73.88235294117646,21.999999999999996,51.882352941176464,73.88235294117646,21.999999999999996,동의중;부산진여중;양동여중,0,0,0,,,,0,3,False,0.0
A10024628,1,2,71.04411764705883,78.3529411764706,63.73529411764706,14.617647058823536,78.3529411764706,63.73529411764706,동래중;유락여자중,0,0,0,,,,0,2,False,0.0
A10024664,1,2,48.6764705882353,48.6764705882353,48.6764705882353,0.0,48.6764705882353,48.6764705882353,경일중;명지중,0,0,0,,,,0,1,False,0.0
A10024675,1,3,79.57843137254902,88.5,65.52941176470588,22.970588235294116,88.5,65.52941176470588,구서여중;남산중;장전중,0,0,0,,,,0,3,False,0.0
A10024682,1,3,34.29411764705882,40.23529411764706,22.882352941176467,17.35294117647059,40.23529411764706,22.882352941176467,대연중;석포여중;해연중,0,0,0,,,,0,3,False,0.0
A10024695,1,5,50.25294117647059,73.52941176470588,36.970588235294116,36.55882352941177,73.52941176470588,36.970588235294116,광안중;동수영중;동아중;부산수영중학교;한바다중,0,0,0,,,,0,5,False,0.0
A10024696,1,4,53.47058823529412,57.294117647058826,45.20588235294118,12.088235294117645,57.294117647058826,45.20588235294118,광무여중;동평여중;동평중;서면중,0,0,0,,,,0,4,False,0.0
A10024697,1,2,48.6764705882353,48.6764705882353,48.6764705882353,0.0,48.6764705882353,48.6764705882353,경일중;명지중,0,0,0,,,,0,1,False,0.0
A10024704,1,3,46.82352941176471,48.5,45.14705882352941,3.352941176470587,48.5,45.14705882352941,문현여중;배정중;부산동여중,0,0,0,,,,0,2,False,0.0
A10024735,1,3,42.75490196078431,58.67647058823528,24.205882352941178,34.4705882352941,58.67647058823528,24.205882352941178,부산진중;초연중;초읍중,0,0,0,,,,0,3,False,0.0
A10024747,1,3,45.45098039215686,73.88235294117646,21.999999999999996,51.882352941176464,73.88235294117646,21.999999999999996,동의중;부산진여중;양동여중,0,0,0,,,,0,3,False,0.0
A10024754,1,3,38.0,54.82352941176472,15.705882352941178,39.117647058823536,54.82352941176472,15.705882352941178,가야여중;부산개성중;서면중,0,0,0,,,,0,3,False,0.0
A10024800,1,4,72.78676470588235,94.26470588235294,36.50000000000001,57.764705882352935,94.26470588235294,36.50000000000001,사직여중;사직중;여명중;온천중,0,0,0,,,,0,4,False,0.0
A10024806,1,3,93.3529411764706,97.70588235294117,89.82352941176471,7.882352941176464,97.70588235294117,89.82352941176471,해강중;해운대여중;해운대중,0,0,0,,,,0,3,False,0.0
A10024844,1,4,60.55882352941177,76.79411764705881,45.05882352941177,31.735294117647044,76.79411764705881,45.05882352941177,감천중;동주여중;삼성중;장평중,0,0,0,,,,0,4,False,0.0
A10024852,1,3,56.68627450980392,58.67647058823528,54.82352941176472,3.8529411764705657,58.67647058823528,54.82352941176472,광무여중;부산진중;서면중,0,0,0,,,,0,3,False,0.0
A10024859,1,4,38.25,53.91176470588235,23.61764705882353,30.29411764705882,53.91176470588235,23.61764705882353,대동중;영남중;장림여중;장평중,0,0,0,,,,0,4,False,0.0
A10024875,1,4,45.669117647058826,58.00000000000001,34.82352941176471,23.176470588235297,58.00000000000001,34.82352941176471,경남중;대신여중;부산대신중학교;부산여중,0,0,0,,,,0,4,False,0.0
A10024877,1,3,47.372549019607845,62.52941176470588,21.999999999999996,40.529411764705884,62.52941176470588,21.999999999999996,덕명여중;부산동중;부산진여중,0,0,0,,,,0,3,False,0.0
A10024903,1,3,48.30392156862746,98.91176470588236,18.88235294117647,80.02941176470588,98.91176470588236,18.88235294117647,센텀중;재송여자중;재송중,0,0,0,,,,0,3,False,0.0
A10024906,1,1,31.705882352941174,31.705882352941174,31.705882352941174,0.0,31.705882352941174,31.705882352941174,일광중,0,0,0,,,,0,1,False,0.0
A10024909,1,3,17.95098039215686,31.705882352941174,1.0882352941176472,30.617647058823525,31.705882352941174,1.0882352941176472,기장중;대청중;일광중,0,0,0,,,,0,3,False,0.0
A10024910,1,3,53.72549019607843,58.67647058823528,45.20588235294118,13.470588235294102,58.67647058823528,45.20588235294118,동평여중;동평중;부산진중,0,0,0,,,,0,3,False,0.0
A10024915,1,4,44.977941176470594,58.00000000000001,34.82352941176471,23.176470588235297,58.00000000000001,34.82352941176471,경남중;부산여중;부산중앙여자중학교;송도중,0,0,0,,,,0,4,False,0.0
A10024919,1,3,17.95098039215686,31.705882352941174,1.0882352941176472,30.617647058823525,31.705882352941174,1.0882352941176472,기장중;대청중;일광중,0,0,0,,,,0,3,False,0.0
A10024933,1,3,17.95098039215686,31.705882352941174,1.0882352941176472,30.617647058823525,31.705882352941174,1.0882352941176472,기장중;대청중;일광중,0,0,0,,,,0,3,False,0.0
A10024953,1,3,48.17647058823528,58.67647058823528,40.470588235294116,18.205882352941167,58.67647058823528,40.470588235294116,부산진중;양동여중;초연중,0,0,0,,,,0,3,False,0.0
A10024980,1,3,86.74509803921569,92.52941176470588,77.88235294117646,14.64705882352942,92.52941176470588,77.88235294117646,신도중;해운대여중;해운대중,0,0,0,,,,0,3,False,0.0
A10024982,1,1,94.26470588235294,94.26470588235294,94.26470588235294,0.0,94.26470588235294,94.26470588235294,여명중,0,0,0,,,,0,1,False,0.0
A10024998,1,3,37.5,68.26470588235294,19.323529411764707,48.94117647058823,68.26470588235294,19.323529411764707,경남여중;부산중;선화여중,0,0,0,,,,0,3,False,0.0
A10024999,1,1,15.705882352941176,15.705882352941176,15.705882352941176,0.0,15.705882352941176,15.705882352941176,덕천중,1,1,1,덕천중,15.705882352941176,15.705882352941176,0,1,False,0.15705882352941175
A10025035,1,2,58.926470588235304,71.8529411764706,46.00000000000001,25.852941176470587,71.8529411764706,46.00000000000001,남일중;안락중,0,0,0,,,,0,2,False,0.0
A10025042,1,3,17.95098039215686,31.705882352941174,1.0882352941176472,30.617647058823525,31.705882352941174,1.0882352941176472,기장중;대청중;일광중,0,0,0,,,,0,3,False,0.0
A10025062,1,2,39.38235294117647,41.76470588235294,37.0,4.764705882352942,41.76470588235294,37.0,다송중;두송중,0,0,0,,,,0,2,False,0.0
A10025075,1,4,53.57352941176471,73.52941176470588,40.02941176470588,33.50000000000001,73.52941176470588,40.02941176470588,광안중;동아중;부산수영중;한바다중,0,0,0,,,,0,4,False,0.0
A10025109,1,3,37.5,68.26470588235294,19.323529411764707,48.94117647058823,68.26470588235294,19.323529411764707,경남여중;부산중;선화여중,0,0,0,,,,0,3,False,0.0
A10025131,1,3,53.72549019607843,58.67647058823528,45.20588235294118,13.470588235294102,58.67647058823528,45.20588235294118,동평여중;동평중;부산진중,0,0,0,,,,0,3,False,0.0
A10025135,1,2,40.58823529411765,50.55882352941177,30.617647058823533,19.941176470588236,50.55882352941177,30.617647058823533,연산중;연제중,0,0,0,,,,0,2,False,0.0
A10025154,1,1,62.76470588235294,62.76470588235294,62.76470588235294,0.0,62.76470588235294,62.76470588235294,녹산중,1,1,1,녹산중,62.76470588235294,62.76470588235294,0,1,False,0.6276470588235294
A10025171,1,3,24.1078431372549,35.588235294117645,18.147058823529413,17.441176470588232,35.588235294117645,18.147058823529413,가람중;구남중;구포중,0,0,0,,,,0,3,False,0.0
A10025181,1,3,86.74509803921569,92.52941176470588,77.88235294117646,14.64705882352942,92.52941176470588,77.88235294117646,신도중;해운대여중;해운대중,0,0,0,,,,0,3,False,0.0
A10025212,1,1,42.8235294117647,42.8235294117647,42.8235294117647,0.0,42.8235294117647,42.8235294117647,지사중,1,1,1,지사중,42.8235294117647,42.8235294117647,0,1,False,0.42823529411764705
A10025214,1,3,78.86274509803923,92.52941176470588,54.23529411764706,38.294117647058826,92.52941176470588,54.23529411764706,동백중;해운대여중;해운대중,0,0,0,,,,0,3,False,0.0
A10025231,1,2,95.11764705882354,97.70588235294117,92.52941176470588,5.17647058823529,97.70588235294117,92.52941176470588,해강중;해운대중,0,0,0,,,,0,2,False,0.0
A10025235,1,1,38.94117647058823,38.94117647058823,38.94117647058823,0.0,38.94117647058823,38.94117647058823,만덕중,1,1,1,만덕중,38.94117647058823,38.94117647058823,0,1,False,0.38941176470588235
A10025258,1,3,75.27450980392156,94.26470588235294,51.8235294117647,42.44117647058824,94.26470588235294,51.8235294117647,거제여자중;여명중;이사벨중,0,0,0,,,,0,3,False,0.0
A10025307,1,3,20.764705882352942,27.117647058823525,16.294117647058826,10.8235294117647,27.117647058823525,16.294117647058826,반안중;재송여중;재송중,0,0,0,,,,0,3,False,0.0
A10025321,1,3,59.529411764705884,78.3529411764706,36.50000000000001,41.85294117647059,78.3529411764706,36.50000000000001,동래중;온천중;유락여중,0,0,0,,,,0,3,False,0.0
A10025342,1,3,34.26470588235294,40.82352941176471,26.294117647058822,14.529411764705888,40.82352941176471,26.294117647058822,동신중;충렬중;학산여중,0,0,0,,,,0,3,False,0.0
A10025343,1,2,48.6764705882353,48.6764705882353,48.6764705882353,0.0,48.6764705882353,48.6764705882353,경일중;명지중,0,0,0,,,,0,1,False,0.0
A10025349,1,3,24.1078431372549,35.588235294117645,18.147058823529413,17.441176470588232,35.588235294117645,18.147058823529413,가람중;구남중;구포중,0,0,0,,,,0,3,False,0.0
A10025358,1,5,60.3,87.20588235294116,40.02941176470588,47.17647058823528,87.20588235294116,40.02941176470588,광안중;남천중;동아중;부산수영중;한바다중,0,0,0,,,,0,5,False,0.0
A10025359,1,3,37.5,68.26470588235294,19.323529411764707,48.94117647058823,68.26470588235294,19.323529411764707,경남여중;부산중;선화여중,0,0,0,,,,0,3,False,0.0
A10025380,1,3,23.774509803921564,27.088235294117645,19.323529411764707,7.7647058823529385,27.088235294117645,19.323529411764707,경남여중;부산서중;부산중,0,0,0,,,,0,3,False,0.0
A10025411,1,5,45.14705882352941,58.82352941176471,30.617647058823533,28.205882352941178,58.82352941176471,30.617647058823533,망미중;연산중;연제중;연천중;토현중,0,0,0,,,,0,5,False,0.0
A10025433,1,3,41.931372549019606,44.85294117647059,36.970588235294116,7.882352941176471,44.85294117647059,36.970588235294116,동수영중;망미중;부산수영중,0,0,0,,,,0,3,False,0.0
A10025434,1,3,56.68627450980392,58.67647058823528,54.82352941176472,3.8529411764705657,58.67647058823528,54.82352941176472,광무여중;부산진중;서면중,0,0,0,,,,0,3,False,0.0
A10025448,1,3,65.62745098039215,80.5,36.50000000000001,43.99999999999999,80.5,36.50000000000001,사직여중;사직중;온천중,0,0,0,,,,0,3,False,0.0
A10025463,1,4,72.78676470588235,94.26470588235294,36.50000000000001,57.764705882352935,94.26470588235294,36.50000000000001,사직여중;사직중;여명중;온천중,0,0,0,,,,0,4,False,0.0
A10025464,1,2,71.04411764705883,78.3529411764706,63.73529411764706,14.617647058823536,78.3529411764706,63.73529411764706,동래중;유락여자중,0,0,0,,,,0,2,False,0.0
A10025468,1,3,41.931372549019606,44.85294117647059,36.970588235294116,7.882352941176471,44.85294117647059,36.970588235294116,동수영중;망미중;부산수영중,0,0,0,,,,0,3,False,0.0
A10025499,1,5,38.95294117647059,53.91176470588235,23.61764705882353,30.29411764705882,53.91176470588235,23.61764705882353,대동중;두송중;영남중;장림여중;장평중,0,0,0,,,,0,5,False,0.0
A10025508,1,3,42.720588235294116,45.14705882352941,40.294117647058826,4.852941176470587,45.14705882352941,40.294117647058826,문현여중;배정중;부산중앙중,0,0,0,,,,0,2,False,0.0
A10025540,1,3,42.75490196078431,58.67647058823528,24.205882352941178,34.4705882352941,58.67647058823528,24.205882352941178,부산진중;초연중;초읍중,0,0,0,,,,0,3,False,0.0
A10025542,1,9,54.25816993464051,76.79411764705881,34.82352941176471,41.9705882352941,76.79411764705881,34.82352941176471,경남중;당리중;동주여중;부산대신중학교;부산여중;부산중앙여자중학교;사하중;삼성중;장평중,0,0,0,,,,0,9,False,0.0
A10025558,1,3,20.764705882352942,27.117647058823525,16.294117647058826,10.8235294117647,27.117647058823525,16.294117647058826,반안중;재송여중;재송중,0,0,0,,,,0,3,False,0.0
A10025559,1,3,45.45098039215686,73.88235294117646,21.999999999999996,51.882352941176464,73.88235294117646,21.999999999999996,동의중;부산진여중;양동여중,0,0,0,,,,0,3,False,0.0
A10025581,1,3,75.27450980392156,94.26470588235294,51.8235294117647,42.44117647058824,94.26470588235294,51.8235294117647,거제여자중;여명중;이사벨중,0,0,0,,,,0,3,False,0.0
A10025593,1,3,66.3235294117647,87.20588235294116,40.23529411764706,46.9705882352941,87.20588235294116,40.23529411764706,남천중;대연중;대천중,0,0,0,,,,0,3,False,0.0
A10025647,1,1,18.705882352941178,18.705882352941178,18.705882352941178,0.0,18.705882352941178,18.705882352941178,모라중,1,1,1,모라중,18.705882352941178,18.705882352941178,0,1,False,0.18705882352941178
A10025662,1,2,71.04411764705883,78.3529411764706,63.73529411764706,14.617647058823536,78.3529411764706,63.73529411764706,동래중;유락여자중,0,0,0,,,,0,2,False,0.0
A10025684,1,2,48.6764705882353,48.6764705882353,48.6764705882353,0.0,48.6764705882353,48.6764705882353,경일중;명지중,0,0,0,,,,0,1,False,0.0
A10025687,1,4,68.85294117647058,78.3529411764706,56.529411764705884,21.82352941176471,78.3529411764706,56.529411764705884,동래중;동해중;부산내성중학교;유락여중,0,0,0,,,,0,4,False,0.0
A10025709,1,0,,,,,,,,0,0,0,,,,0,0,False,0.0
A10025718,1,3,68.95098039215686,78.3529411764706,51.70588235294118,26.647058823529413,78.3529411764706,51.70588235294118,동래중;동해중;부곡여중,0,0,0,,,,0,3,False,0.0
A10025719,1,3,41.931372549019606,44.85294117647059,36.970588235294116,7.882352941176471,44.85294117647059,36.970588235294116,동수영중;망미중;부산수영중학교,0,0,0,,,,0,3,False,0.0
A10025749,1,3,25.8921568627451,40.294117647058826,5.176470588235294,35.11764705882353,40.294117647058826,5.176470588235294,부산중앙중;신정중;정관중,0,0,0,,,,0,3,False,0.0
A10025752,1,3,48.568627450980394,64.52941176470588,30.617647058823533,33.91176470588235,64.52941176470588,30.617647058823533,연산중;연일중;연제중,0,0,0,,,,0,3,False,0.0
A10025763,1,2,95.11764705882354,97.70588235294117,92.52941176470588,5.17647058823529,97.70588235294117,92.52941176470588,해강중;해운대중,0,0,0,,,,0,2,False,0.0
A10025772,1,1,48.6764705882353,48.6764705882353,48.6764705882353,0.0,48.6764705882353,48.6764705882353,명지중,1,1,1,명지중,48.6764705882353,48.6764705882353,0,1,False,0.486764705882353
A10025776,1,2,48.6764705882353,48.6764705882353,48.6764705882353,0.0,48.6764705882353,48.6764705882353,경일중;명지중,0,0,0,,,,0,1,False,0.0
A10025793,1,6,49.4264705882353,77.23529411764707,34.82352941176471,42.41176470588236,77.23529411764707,34.82352941176471,경남중;대신여중;부산여중;부산중앙여자중학교;송도중;초장중,0,0,0,,,,0,6,False,0.0
A10025821,1,3,61.88235294117647,88.5,45.44117647058823,43.05882352941177,88.5,45.44117647058823,동현중;부곡여자중;장전중,0,0,0,,,,0,3,False,0.0
A10025869,1,4,44.977941176470594,58.00000000000001,34.82352941176471,23.176470588235297,58.00000000000001,34.82352941176471,경남중;부산여중;부산중앙여자중학교;송도중,0,0,0,,,,0,4,False,0.0
A10025896,1,3,55.568627450980394,69.55882352941177,45.44117647058823,24.117647058823536,69.55882352941177,45.44117647058823,동현중;부곡여자중;부곡중,0,0,0,,,,0,3,False,0.0
A10025901,1,4,49.5,73.88235294117646,21.999999999999996,51.882352941176464,73.88235294117646,21.999999999999996,덕명여중;동의중;부산진여중;항도중,0,0,0,,,,0,4,False,0.0
A10025923,1,1,48.6764705882353,48.6764705882353,48.6764705882353,0.0,48.6764705882353,48.6764705882353,명지중,1,1,1,명지중,48.6764705882353,48.6764705882353,0,1,False,0.486764705882353
A10025932,1,1,48.6764705882353,48.6764705882353,48.6764705882353,0.0,48.6764705882353,48.6764705882353,명지중,1,1,1,명지중,48.6764705882353,48.6764705882353,0,1,False,0.486764705882353
A10025939,1,3,37.5,68.26470588235294,19.323529411764707,48.94117647058823,68.26470588235294,19.323529411764707,경남여중;부산중;선화여중,0,0,0,,,,0,3,False,0.0
A10025950,1,3,75.27450980392156,94.26470588235294,51.8235294117647,42.44117647058824,94.26470588235294,51.8235294117647,거제여중;여명중;이사벨중,0,0,0,,,,0,3,False,0.0
A10025994,1,2,40.58823529411765,50.55882352941177,30.617647058823533,19.941176470588236,50.55882352941177,30.617647058823533,연산중;연제중,0,0,0,,,,0,2,False,0.0
A10025997,1,4,38.25,53.91176470588235,23.61764705882353,30.29411764705882,53.91176470588235,23.61764705882353,대동중;영남중;장림여중;장평중,0,0,0,,,,0,4,False,0.0
A10025998,1,2,40.58823529411765,50.55882352941177,30.617647058823533,19.941176470588236,50.55882352941177,30.617647058823533,연산중;연제중,0,0,0,,,,0,2,False,0.0
A10026009,1,1,32.647058823529406,32.647058823529406,32.647058823529406,0.0,32.647058823529406,32.647058823529406,주례중,1,1,1,주례중,32.647058823529406,32.647058823529406,0,1,False,0.32647058823529407
A10026034,1,6,50.35294117647059,77.23529411764707,34.82352941176471,42.41176470588236,77.23529411764707,34.82352941176471,경남중;대신여중;부산대신중학교;부산여중;부산중앙여자중학교;초장중,0,0,0,,,,0,6,False,0.0
A10026091,1,3,65.62745098039215,80.5,36.50000000000001,43.99999999999999,80.5,36.50000000000001,사직여중;사직중;온천중,0,0,0,,,,0,3,False,0.0
A10026094,1,3,34.29411764705882,40.23529411764706,22.882352941176467,17.35294117647059,40.23529411764706,22.882352941176467,대연중;석포여중;해연중,0,0,0,,,,0,3,False,0.0
A10026102,1,4,38.25,53.91176470588235,23.61764705882353,30.29411764705882,53.91176470588235,23.61764705882353,대동중;영남중;장림여중;장평중,0,0,0,,,,0,4,False,0.0
A10026119,1,0,,,,,,,,0,0,0,,,,0,0,False,0.0
A10026146,1,3,23.774509803921564,27.088235294117645,19.323529411764707,7.7647058823529385,27.088235294117645,19.323529411764707,경남여중;부산서중;부산중,0,0,0,,,,0,3,False,0.0
A10026157,1,2,48.6764705882353,48.6764705882353,48.6764705882353,0.0,48.6764705882353,48.6764705882353,경일중;명지중,0,0,0,,,,0,1,False,0.0
A10026158,1,4,25.022058823529413,40.294117647058826,8.088235294117647,32.20588235294118,40.294117647058826,8.088235294117647,모전중;부산중앙중;장안중;정관중,0,0,0,,,,0,4,False,0.0
A10026184,1,3,42.38235294117647,47.147058823529406,39.76470588235294,7.382352941176464,47.147058823529406,39.76470588235294,감만중;대연중;석포여중,0,0,0,,,,0,3,False,0.0
A10026185,1,3,66.3235294117647,87.20588235294116,40.23529411764706,46.9705882352941,87.20588235294116,40.23529411764706,남천중;대연중;대천중,0,0,0,,,,0,3,False,0.0
A10026255,1,4,25.022058823529413,40.294117647058826,8.088235294117647,32.20588235294118,40.294117647058826,8.088235294117647,모전중;부산중앙중;장안중;정관중,0,0,0,,,,0,4,False,0.0
A10026291,1,3,93.3529411764706,97.70588235294117,89.82352941176471,7.882352941176464,97.70588235294117,89.82352941176471,해강중;해운대여중;해운대중,0,0,0,,,,0,3,False,0.0
A10026293,1,3,24.1078431372549,35.588235294117645,18.147058823529413,17.441176470588232,35.588235294117645,18.147058823529413,가람중;구남중;구포중,0,0,0,,,,0,3,False,0.0
A10026316,1,3,65.62745098039215,80.5,36.50000000000001,43.99999999999999,80.5,36.50000000000001,사직여중;사직중;온천중,0,0,0,,,,0,3,False,0.0
A10026360,1,5,41.476470588235294,71.8529411764706,26.294117647058822,45.55882352941177,71.8529411764706,26.294117647058822,동신중;안락중;충렬중;학산여자중;혜화여자중,0,0,0,,,,0,5,False,0.0
A10026363,1,3,32.509803921568626,43.470588235294116,21.14705882352941,22.323529411764707,43.470588235294116,21.14705882352941,개금여중;개림중;부산개성중,0,0,0,,,,0,3,False,0.0
A10026369,1,5,38.95294117647059,53.91176470588235,23.61764705882353,30.29411764705882,53.91176470588235,23.61764705882353,대동중;두송중;영남중;장림여중;장평중,0,0,0,,,,0,5,False,0.0
A10026391,1,2,90.57352941176471,93.44117647058823,87.70588235294119,5.735294117647044,93.44117647058823,87.70588235294119,분포중;용호중,0,0,0,,,,0,2,False,0.0
A10026397,1,5,66.6,87.20588235294116,43.970588235294116,43.235294117647044,87.20588235294116,43.970588235294116,남천중;대천중;동아중;부산수영중;한바다중,0,0,0,,,,0,5,False,0.0
A10026421,1,1,45.647058823529406,45.647058823529406,45.647058823529406,0.0,45.647058823529406,45.647058823529406,신호중,1,1,1,신호중,45.647058823529406,45.647058823529406,0,1,False,0.4564705882352941
A10026445,1,1,48.6764705882353,48.6764705882353,48.6764705882353,0.0,48.6764705882353,48.6764705882353,명지중,1,1,1,명지중,48.6764705882353,48.6764705882353,0,1,False,0.486764705882353
A10026452,1,4,34.29411764705882,40.23529411764706,22.882352941176467,17.35294117647059,40.23529411764706,22.882352941176467,대연중;배정중;석포여중;해연중,0,0,0,,,,0,3,False,0.0
A10026454,1,3,48.17647058823528,58.67647058823528,40.470588235294116,18.205882352941167,58.67647058823528,40.470588235294116,부산진중;양동여중;초연중,0,0,0,,,,0,3,False,0.0
A10026478,1,4,38.25,53.91176470588235,23.61764705882353,30.29411764705882,53.91176470588235,23.61764705882353,대동중;영남중;장림여중;장평중,0,0,0,,,,0,4,False,0.0
A10026484,1,3,93.3529411764706,97.70588235294117,89.82352941176471,7.882352941176464,97.70588235294117,89.82352941176471,해강중;해운대여중;해운대중,0,0,0,,,,0,3,False,0.0
A10026502,1,4,68.85294117647058,78.3529411764706,56.529411764705884,21.82352941176471,78.3529411764706,56.529411764705884,동래중;동해중;부산내성중학교;유락여중,0,0,0,,,,0,4,False,0.0
A10026510,1,4,45.669117647058826,58.00000000000001,34.82352941176471,23.176470588235297,58.00000000000001,34.82352941176471,경남중;대신여중;부산대신중학교;부산여중,0,0,0,,,,0,4,False,0.0
A10026522,1,3,59.529411764705884,78.3529411764706,36.50000000000001,41.85294117647059,78.3529411764706,36.50000000000001,동래중;온천중;유락여중,0,0,0,,,,0,3,False,0.0
A10026557,1,3,48.30392156862746,98.91176470588236,18.88235294117647,80.02941176470588,98.91176470588236,18.88235294117647,센텀중;재송여자중;재송중,0,0,0,,,,0,3,False,0.0
A10026583,1,3,55.568627450980394,69.55882352941177,45.44117647058823,24.117647058823536,69.55882352941177,45.44117647058823,동현중;부곡여자중;부곡중,0,0,0,,,,0,3,False,0.0
A10026651,1,3,51.51960784313726,55.58823529411765,45.05882352941177,10.529411764705884,55.58823529411765,45.05882352941177,감천중;대동중;장평중,0,0,0,,,,0,3,False,0.0
A10026735,1,4,25.022058823529413,40.294117647058826,8.088235294117647,32.20588235294118,40.294117647058826,8.088235294117647,모전중;부산중앙중;장안중;정관중,0,0,0,,,,0,4,False,0.0
A10026746,1,2,27.088235294117645,27.088235294117645,27.088235294117645,0.0,27.088235294117645,27.088235294117645,금성중;부산서중,0,0,0,,,,0,1,False,0.0
A10026760,1,4,53.57352941176471,73.52941176470588,40.02941176470588,33.50000000000001,73.52941176470588,40.02941176470588,광안중;동아중;부산수영중;한바다중,0,0,0,,,,0,4,False,0.0
A10026780,1,3,61.88235294117647,88.5,45.44117647058823,43.05882352941177,88.5,45.44117647058823,동현중;부곡여자중;장전중,0,0,0,,,,0,3,False,0.0
A10026790,1,2,95.11764705882354,97.70588235294117,92.52941176470588,5.17647058823529,97.70588235294117,92.52941176470588,해강중;해운대중,0,0,0,,,,0,2,False,0.0
A10026813,1,3,25.8921568627451,40.294117647058826,5.176470588235294,35.11764705882353,40.294117647058826,5.176470588235294,부산중앙중;신정중;정관중,0,0,0,,,,0,3,False,0.0
A10026814,1,3,55.568627450980394,69.55882352941177,45.44117647058823,24.117647058823536,69.55882352941177,45.44117647058823,동현중;부곡여자중;부곡중,0,0,0,,,,0,3,False,0.0
A10026821,1,3,41.931372549019606,44.85294117647059,36.970588235294116,7.882352941176471,44.85294117647059,36.970588235294116,동수영중;망미중;부산수영중학교,0,0,0,,,,0,3,False,0.0
A10026828,1,3,48.96078431372549,56.970588235294116,40.44117647058824,16.529411764705877,56.970588235294116,40.44117647058824,영도제일중;태종대중;해동중,0,0,0,,,,0,3,False,0.0
A10026858,1,3,25.892156862745097,40.294117647058826,5.176470588235294,35.11764705882353,40.294117647058826,5.176470588235294,부산중앙중;신정중;정관중,0,0,0,,,,0,3,False,0.0
A10026861,1,4,53.47058823529412,57.294117647058826,45.20588235294118,12.088235294117645,57.294117647058826,45.20588235294118,광무여중;동평여중;동평중;서면중,0,0,0,,,,0,4,False,0.0
A10026865,1,2,11.073529411764707,21.058823529411764,1.0882352941176472,19.970588235294116,21.058823529411764,1.0882352941176472,기장중;대청중,0,0,0,,,,0,2,False,0.0
A10026902,1,3,48.568627450980394,64.52941176470588,30.617647058823533,33.91176470588235,64.52941176470588,30.617647058823533,연산중;연일중;연제중,0,0,0,,,,0,3,False,0.0
A10026905,1,3,47.372549019607845,62.52941176470588,21.999999999999996,40.529411764705884,62.52941176470588,21.999999999999996,덕명여중;부산동중;부산진여중,0,0,0,,,,0,3,False,0.0
A10026912,1,4,60.19117647058823,69.70588235294117,46.5,23.205882352941174,69.70588235294117,46.5,건국중;당리중;동주여중;사하중,0,0,0,,,,0,4,False,0.0
A10026916,1,4,83.57352941176471,97.70588235294117,54.23529411764706,43.470588235294116,97.70588235294117,54.23529411764706,동백중;해강중;해운대여중;해운대중,0,0,0,,,,0,4,False,0.0
A10026942,1,3,45.45098039215686,73.88235294117646,21.999999999999996,51.882352941176464,73.88235294117646,21.999999999999996,동의중;부산진여중;양동여중,0,0,0,,,,0,3,False,0.0
A10026975,1,1,21.176470588235293,21.176470588235293,21.176470588235293,0.0,21.176470588235293,21.176470588235293,주감중,1,1,1,주감중,21.176470588235293,21.176470588235293,0,1,False,0.21176470588235294
A10026994,1,3,75.27450980392156,94.26470588235294,51.8235294117647,42.44117647058824,94.26470588235294,51.8235294117647,거제여중;여명중;이사벨중,0,0,0,,,,0,3,False,0.0
A10027002,1,9,54.25816993464051,76.79411764705881,34.82352941176471,41.9705882352941,76.79411764705881,34.82352941176471,경남중;당리중;동주여중;부산대신중학교;부산여중;부산중앙여자중학교;사하중;삼성중;장평중,0,0,0,,,,0,9,False,0.0
A10027026,1,1,42.8235294117647,42.8235294117647,42.8235294117647,0.0,42.8235294117647,42.8235294117647,지사중,1,1,1,지사중,42.8235294117647,42.8235294117647,0,1,False,0.42823529411764705
A10027048,1,3,45.45098039215686,73.88235294117646,21.999999999999996,51.882352941176464,73.88235294117646,21.999999999999996,동의중;부산진여중;양동여중,0,0,0,,,,0,3,False,0.0
A10027052,1,3,47.372549019607845,62.52941176470588,21.999999999999996,40.529411764705884,62.52941176470588,21.999999999999996,덕명여중;부산동중;부산진여중,0,0,0,,,,0,3,False,0.0
A10027054,1,1,94.26470588235294,94.26470588235294,94.26470588235294,0.0,94.26470588235294,94.26470588235294,여명중,0,0,0,,,,0,1,False,0.0
A10027065,1,3,51.127450980392155,83.17647058823529,35.02941176470588,48.14705882352941,83.17647058823529,35.02941176470588,남도여중;부산남중;부산영선중학교,0,0,0,,,,0,3,False,0.0
A10027074,1,4,53.57352941176471,73.52941176470588,40.02941176470588,33.50000000000001,73.52941176470588,40.02941176470588,광안중;동아중;부산수영중;한바다중,0,0,0,,,,0,4,False,0.0
A10027085,1,4,43.794117647058826,58.82352941176471,30.617647058823533,28.205882352941178,58.82352941176471,30.617647058823533,망미중;연제중;연천중;토현중,0,0,0,,,,0,4,False,0.0
A10027129,1,4,53.47058823529412,57.294117647058826,45.20588235294118,12.088235294117645,57.294117647058826,45.20588235294118,광무여중;동평여중;동평중;서면중,0,0,0,,,,0,4,False,0.0
A10027139,1,1,48.6764705882353,48.6764705882353,48.6764705882353,0.0,48.6764705882353,48.6764705882353,명지중,1,1,1,명지중,48.6764705882353,48.6764705882353,0,1,False,0.486764705882353
A10027141,1,3,48.568627450980394,64.52941176470588,30.617647058823533,33.91176470588235,64.52941176470588,30.617647058823533,연산중;연일중;연제중,0,0,0,,,,0,3,False,0.0
A10027159,1,2,40.58823529411765,50.55882352941177,30.617647058823533,19.941176470588236,50.55882352941177,30.617647058823533,연산중;연제중,0,0,0,,,,0,2,False,0.0
A10027166,1,3,24.1078431372549,35.588235294117645,18.147058823529413,17.441176470588232,35.588235294117645,18.147058823529413,가람중;구남중;구포중,0,0,0,,,,0,3,False,0.0
A10027202,1,3,75.27450980392156,94.26470588235294,51.8235294117647,42.44117647058824,94.26470588235294,51.8235294117647,거제여자중;여명중;이사벨중,0,0,0,,,,0,3,False,0.0
A10027204,1,2,21.970588235294116,21.970588235294116,21.970588235294116,0.0,21.970588235294116,21.970588235294116,반송중;운송중,0,0,0,,,,0,1,False,0.0
A10027236,1,4,44.411764705882355,69.70588235294117,23.61764705882353,46.088235294117645,69.70588235294117,23.61764705882353,당리중;대동중;영남중;장림여중,0,0,0,,,,0,4,False,0.0
A10027253,1,4,53.57352941176471,73.52941176470588,40.02941176470588,33.50000000000001,73.52941176470588,40.02941176470588,광안중;동아중;부산수영중;한바다중,0,0,0,,,,0,4,False,0.0
A10027280,1,1,48.6764705882353,48.6764705882353,48.6764705882353,0.0,48.6764705882353,48.6764705882353,명지중,1,1,1,명지중,48.6764705882353,48.6764705882353,0,1,False,0.486764705882353
A10027282,1,2,48.6764705882353,48.6764705882353,48.6764705882353,0.0,48.6764705882353,48.6764705882353,경일중;명지중,0,0,0,,,,0,1,False,0.0
A10027306,1,3,51.51960784313726,55.58823529411765,45.05882352941177,10.529411764705884,55.58823529411765,45.05882352941177,감천중;대동중;장평중,0,0,0,,,,0,3,False,0.0
A10027311,1,3,32.509803921568626,43.470588235294116,21.14705882352941,22.323529411764707,43.470588235294116,21.14705882352941,개금여중;개림중;부산개성중,0,0,0,,,,0,3,False,0.0
A10027325,1,3,79.57843137254902,88.5,65.52941176470588,22.970588235294116,88.5,65.52941176470588,구서여중;남산중;장전중,0,0,0,,,,0,3,False,0.0
A10027328,1,3,79.57843137254902,88.5,65.52941176470588,22.970588235294116,88.5,65.52941176470588,구서여중;남산중;장전중,0,0,0,,,,0,3,False,0.0
A10027329,1,2,38.705882352941174,54.11764705882353,23.294117647058822,30.823529411764707,54.11764705882353,23.294117647058822,동주중;주례여중,0,0,0,,,,0,2,False,0.0
A10027330,1,4,55.205882352941174,68.58823529411767,46.5,22.088235294117666,68.58823529411767,46.5,대동중;사하중;하남중;하단중,0,0,0,,,,0,4,False,0.0
A10027340,1,3,45.45098039215686,73.88235294117646,21.999999999999996,51.882352941176464,73.88235294117646,21.999999999999996,동의중;부산진여중;양동여중,0,0,0,,,,0,3,False,0.0
A10027341,1,2,80.19117647058823,80.5,79.88235294117646,0.6176470588235361,80.5,79.88235294117646,사직여중;사직중,0,0,0,,,,0,2,False,0.0
A10027449,1,4,60.19117647058823,69.70588235294117,46.5,23.205882352941174,69.70588235294117,46.5,건국중;당리중;동주여중;사하중,0,0,0,,,,0,4,False,0.0
A10027458,1,6,52.04901960784314,76.79411764705881,34.82352941176471,41.9705882352941,76.79411764705881,34.82352941176471,감천중;경남중;부산여중;부산중앙여자중학교;삼성중;송도중,0,0,0,,,,0,6,False,0.0
A10027464,1,9,54.25816993464051,76.79411764705881,34.82352941176471,41.9705882352941,76.79411764705881,34.82352941176471,경남중;당리중;동주여중;부산대신중학교;부산여중;부산중앙여자중학교;사하중;삼성중;장평중,0,0,0,,,,0,9,False,0.0
A10027503,1,3,25.892156862745097,40.294117647058826,5.176470588235294,35.11764705882353,40.294117647058826,5.176470588235294,부산중앙중;신정중;정관중,0,0,0,,,,0,3,False,0.0
A10027581,1,2,48.6764705882353,48.6764705882353,48.6764705882353,0.0,48.6764705882353,48.6764705882353,경일중;명지중,0,0,0,,,,0,1,False,0.0
A10027586,1,6,50.35294117647059,77.23529411764707,34.82352941176471,42.41176470588236,77.23529411764707,34.82352941176471,경남중;대신여중;부산대신중학교;부산여중;부산중앙여자중학교;초장중,0,0,0,,,,0,6,False,0.0
A10027599,1,4,68.85294117647058,78.3529411764706,56.529411764705884,21.82352941176471,78.3529411764706,56.529411764705884,동래중;동해중;부산내성중학교;유락여중,0,0,0,,,,0,4,False,0.0
A10027621,1,1,48.6764705882353,48.6764705882353,48.6764705882353,0.0,48.6764705882353,48.6764705882353,명지중,1,1,1,명지중,48.6764705882353,48.6764705882353,0,1,False,0.486764705882353
A10027639,1,3,20.764705882352942,27.117647058823525,16.294117647058826,10.8235294117647,27.117647058823525,16.294117647058826,반안중;재송여중;재송중,0,0,0,,,,0,3,False,0.0
A10027652,1,3,48.568627450980394,64.52941176470588,30.617647058823533,33.91176470588235,64.52941176470588,30.617647058823533,연산중;연일중;연제중,0,0,0,,,,0,3,False,0.0
A10027656,1,2,48.6764705882353,48.6764705882353,48.6764705882353,0.0,48.6764705882353,48.6764705882353,경일중;명지중,0,0,0,,,,0,1,False,0.0
A10027668,1,3,56.68627450980392,58.67647058823528,54.82352941176472,3.8529411764705657,58.67647058823528,54.82352941176472,광무여중;부산진중;서면중,0,0,0,,,,0,3,False,0.0
A10027677,1,1,45.647058823529406,45.647058823529406,45.647058823529406,0.0,45.647058823529406,45.647058823529406,신호중,1,1,1,신호중,45.647058823529406,45.647058823529406,0,1,False,0.4564705882352941
A10027690,1,3,68.95098039215686,78.3529411764706,51.70588235294118,26.647058823529413,78.3529411764706,51.70588235294118,동래중;동해중;부곡여중,0,0,0,,,,0,3,False,0.0
A10027698,1,1,48.6764705882353,48.6764705882353,48.6764705882353,0.0,48.6764705882353,48.6764705882353,명지중,1,1,1,명지중,48.6764705882353,48.6764705882353,0,1,False,0.486764705882353
A10027769,1,4,25.022058823529413,40.294117647058826,8.088235294117647,32.20588235294118,40.294117647058826,8.088235294117647,모전중;부산중앙중;장안중;정관중,0,0,0,,,,0,4,False,0.0
A10027790,1,2,56.16176470588235,68.35294117647058,43.970588235294116,24.382352941176464,68.35294117647058,43.970588235294116,명진중;화신중,0,0,0,,,,0,2,False,0.0
A10027805,1,3,47.372549019607845,62.52941176470588,21.999999999999996,40.529411764705884,62.52941176470588,21.999999999999996,덕명여중;부산동중;부산진여중,0,0,0,,,,0,3,False,0.0
A10027832,1,1,48.088235294117645,48.088235294117645,48.088235294117645,0.0,48.088235294117645,48.088235294117645,백양중,1,1,1,백양중,48.088235294117645,48.088235294117645,0,1,False,0.4808823529411764
A10027836,1,2,71.23529411764707,76.91176470588236,65.55882352941177,11.352941176470594,76.91176470588236,65.55882352941177,용수중;화명중,0,0,0,,,,0,2,False,0.0
A10027872,1,0,,,,,,,,0,0,0,,,,0,0,False,0.0
A10027875,1,6,54.509803921568626,76.79411764705881,34.82352941176471,41.9705882352941,76.79411764705881,34.82352941176471,경남중;동주여중;부산대신중학교;부산여중;부산중앙여자중학교;삼성중,0,0,0,,,,0,6,False,0.0
A10027918,1,1,48.6764705882353,48.6764705882353,48.6764705882353,0.0,48.6764705882353,48.6764705882353,명지중,1,1,1,명지중,48.6764705882353,48.6764705882353,0,1,False,0.486764705882353
A10027937,1,3,48.568627450980394,64.52941176470588,30.617647058823533,33.91176470588235,64.52941176470588,30.617647058823533,연산중;연일중;연제중,0,0,0,,,,0,3,False,0.0
A10027941,1,5,50.25294117647059,73.52941176470588,36.970588235294116,36.55882352941177,73.52941176470588,36.970588235294116,광안중;동수영중;동아중;부산수영중학교;한바다중,0,0,0,,,,0,5,False,0.0
A10027944,1,3,34.29411764705882,40.23529411764706,22.882352941176467,17.35294117647059,40.23529411764706,22.882352941176467,대연중;석포여중;해연중,0,0,0,,,,0,3,False,0.0
A10027953,1,1,48.6764705882353,48.6764705882353,48.6764705882353,0.0,48.6764705882353,48.6764705882353,명지중,1,1,1,명지중,48.6764705882353,48.6764705882353,0,1,False,0.486764705882353
A10027972,1,4,43.66176470588235,71.8529411764706,26.294117647058822,45.55882352941177,71.8529411764706,26.294117647058822,동신중;안락중;충렬중;학산여중,0,0,0,,,,0,4,False,0.0
A10027986,1,2,75.11764705882354,84.70588235294117,65.52941176470588,19.17647058823529,84.70588235294117,65.52941176470588,구서여중;남산중,0,0,0,,,,0,2,False,0.0
A10027989,1,2,62.01470588235294,68.35294117647058,55.6764705882353,12.676470588235283,68.35294117647058,55.6764705882353,금명중;명진중,0,0,0,,,,0,2,False,0.0
A10028028,1,4,43.794117647058826,58.82352941176471,30.617647058823533,28.205882352941178,58.82352941176471,30.617647058823533,망미중;연제중;연천중;토현중,0,0,0,,,,0,4,False,0.0
A10028037,1,4,83.57352941176471,97.70588235294117,54.23529411764706,43.470588235294116,97.70588235294117,54.23529411764706,동백중;해강중;해운대여중;해운대중,0,0,0,,,,0,4,False,0.0
A10028069,1,1,42.8235294117647,42.8235294117647,42.8235294117647,0.0,42.8235294117647,42.8235294117647,지사중,1,1,1,지사중,42.8235294117647,42.8235294117647,0,1,False,0.42823529411764705
A10028079,1,2,74.51470588235294,77.02941176470588,72.0,5.029411764705884,77.02941176470588,72.0,명호중;오션중,0,0,0,,,,0,2,False,0.0
A10028081,1,3,25.8921568627451,40.294117647058826,5.176470588235294,35.11764705882353,40.294117647058826,5.176470588235294,부산중앙중;신정중;정관중,0,0,0,,,,0,3,False,0.0
A10028090,1,2,11.073529411764707,21.058823529411764,1.0882352941176472,19.970588235294116,21.058823529411764,1.0882352941176472,기장중;대청중,0,0,0,,,,0,2,False,0.0
A10028104,1,3,37.5,68.26470588235294,19.323529411764707,48.94117647058823,68.26470588235294,19.323529411764707,경남여중;부산중;선화여중,0,0,0,,,,0,3,False,0.0
A10028108,1,3,61.88235294117647,88.5,45.44117647058823,43.05882352941177,88.5,45.44117647058823,동현중;부곡여자중;장전중,0,0,0,,,,0,3,False,0.0
A10028112,1,3,37.5,68.26470588235294,19.323529411764707,48.94117647058823,68.26470588235294,19.323529411764707,경남여중;부산중;선화여중,0,0,0,,,,0,3,False,0.0
A10028116,1,3,48.96078431372549,56.970588235294116,40.44117647058824,16.529411764705877,56.970588235294116,40.44117647058824,영도제일중;태종대중;해동중,0,0,0,,,,0,3,False,0.0
A10028117,1,2,74.51470588235294,77.02941176470588,72.0,5.029411764705884,77.02941176470588,72.0,명호중;오션중,0,0,0,,,,0,2,False,0.0
A10028138,1,1,18.411764705882348,18.411764705882348,18.411764705882348,0.0,18.411764705882348,18.411764705882348,금곡중,1,1,1,금곡중,18.411764705882348,18.411764705882348,0,1,False,0.18411764705882347
A10028142,1,4,25.022058823529413,40.294117647058826,8.088235294117647,32.20588235294118,40.294117647058826,8.088235294117647,모전중;부산중앙중;장안중;정관중,0,0,0,,,,0,4,False,0.0
A10028145,1,2,79.36764705882352,87.20588235294116,71.52941176470588,15.676470588235276,87.20588235294116,71.52941176470588,남천중;대천중,0,0,0,,,,0,2,False,0.0
A10028147,1,4,53.47058823529412,57.294117647058826,45.20588235294118,12.088235294117645,57.294117647058826,45.20588235294118,광무여중;동평여중;동평중;서면중,0,0,0,,,,0,4,False,0.0
A10028150,1,6,54.509803921568626,76.79411764705881,34.82352941176471,41.9705882352941,76.79411764705881,34.82352941176471,경남중;동주여중;부산대신중학교;부산여중;부산중앙여자중학교;삼성중,0,0,0,,,,0,6,False,0.0
A10028161,1,4,53.57352941176471,73.52941176470588,40.02941176470588,33.50000000000001,73.52941176470588,40.02941176470588,광안중;동아중;부산수영중;한바다중,0,0,0,,,,0,4,False,0.0
A10028182,1,5,52.54117647058823,77.23529411764707,34.82352941176471,42.41176470588236,77.23529411764707,34.82352941176471,경남중;부산대신중학교;부산여중;부산중앙여자중학교;초장중,0,0,0,,,,0,5,False,0.0
A10028191,1,1,32.647058823529406,32.647058823529406,32.647058823529406,0.0,32.647058823529406,32.647058823529406,주례중,1,1,1,주례중,32.647058823529406,32.647058823529406,0,1,False,0.32647058823529407
A60011201,1,6,50.259803921568626,83.17647058823529,19.323529411764707,63.85294117647058,83.17647058823529,19.323529411764707,경남여중;덕원중;부산남중;부산대신중학교;선화여중;신선중,0,0,0,,,,0,6,False,0.0
A60011202,1,6,50.259803921568626,83.17647058823529,19.323529411764707,63.85294117647058,83.17647058823529,19.323529411764707,경남여중;덕원중;부산남중;부산대신중학교;선화여중;신선중,0,0,0,,,,0,6,False,0.0
A60011204,1,6,50.259803921568626,83.17647058823529,19.323529411764707,63.85294117647058,83.17647058823529,19.323529411764707,경남여중;덕원중;부산남중;부산대신중학교;선화여중;신선중,0,0,0,,,,0,6,False,0.0
A60070101,1,7,48.98319327731093,68.26470588235294,19.323529411764707,48.94117647058823,68.26470588235294,19.323529411764707,경남여중;경남중;덕원중;동주여중;부산대신중학교;부산여중;선화여중,0,0,0,,,,0,7,False,0.0
A60101001,1,3,37.5,68.26470588235294,19.323529411764707,48.94117647058823,68.26470588235294,19.323529411764707,경남여중;부산중;선화여중,0,0,0,,,,0,3,False,0.0
A60105001,1,3,23.774509803921564,27.088235294117645,19.323529411764707,7.7647058823529385,27.088235294117645,19.323529411764707,경남여중;부산서중;부산중,0,0,0,,,,0,3,False,0.0
A60105002,1,2,27.088235294117645,27.088235294117645,27.088235294117645,0.0,27.088235294117645,27.088235294117645,금성중;부산서중,0,0,0,,,,0,1,False,0.0
A60106001,1,2,27.088235294117645,27.088235294117645,27.088235294117645,0.0,27.088235294117645,27.088235294117645,금성중;부산서중,0,0,0,,,,0,1,False,0.0
A60106002,1,2,27.088235294117645,27.088235294117645,27.088235294117645,0.0,27.088235294117645,27.088235294117645,금성중;부산서중,0,0,0,,,,0,1,False,0.0
A60172001,1,2,27.088235294117645,27.088235294117645,27.088235294117645,0.0,27.088235294117645,27.088235294117645,금성중;부산서중,0,0,0,,,,0,1,False,0.0
A60180701,1,2,27.088235294117645,27.088235294117645,27.088235294117645,0.0,27.088235294117645,27.088235294117645,금성중;부산서중,0,0,0,,,,0,1,False,0.0
A60181401,1,3,37.5,68.26470588235294,19.323529411764707,48.94117647058823,68.26470588235294,19.323529411764707,경남여중;부산중;선화여중,0,0,0,,,,0,3,False,0.0
A60183601,1,3,37.5,68.26470588235294,19.323529411764707,48.94117647058823,68.26470588235294,19.323529411764707,경남여중;부산중;선화여중,0,0,0,,,,0,3,False,0.0
A60270201,1,6,52.04901960784314,76.79411764705881,34.82352941176471,41.9705882352941,76.79411764705881,34.82352941176471,감천중;경남중;부산여중;부산중앙여자중학교;삼성중;송도중,0,0,0,,,,0,6,False,0.0
A60270501,1,6,50.35294117647059,77.23529411764707,34.82352941176471,42.41176470588236,77.23529411764707,34.82352941176471,경남중;대신여중;부산대신중학교;부산여중;부산중앙여자중학교;초장중,0,0,0,,,,0,6,False,0.0
A60274001,1,4,44.977941176470594,58.00000000000001,34.82352941176471,23.176470588235297,58.00000000000001,34.82352941176471,경남중;부산여중;부산중앙여자중학교;송도중,0,0,0,,,,0,4,False,0.0
A60275001,1,6,45.35294117647059,58.00000000000001,34.82352941176471,23.176470588235297,58.00000000000001,34.82352941176471,경남중;대신여중;덕원중;부산대신중학교;부산여중;부산중앙여자중학교,0,0,0,,,,0,6,False,0.0
A60275104,1,4,45.669117647058826,58.00000000000001,34.82352941176471,23.176470588235297,58.00000000000001,34.82352941176471,경남중;대신여중;부산대신중학교;부산여중,0,0,0,,,,0,4,False,0.0
A60275105,1,4,45.669117647058826,58.00000000000001,34.82352941176471,23.176470588235297,58.00000000000001,34.82352941176471,경남중;대신여중;부산대신중학교;부산여중,0,0,0,,,,0,4,False,0.0
A60275201,1,4,44.977941176470594,58.00000000000001,34.82352941176471,23.176470588235297,58.00000000000001,34.82352941176471,경남중;부산여중;부산중앙여자중학교;송도중,0,0,0,,,,0,4,False,0.0
A60275303,1,5,52.54117647058823,77.23529411764707,34.82352941176471,42.41176470588236,77.23529411764707,34.82352941176471,경남중;부산대신중학교;부산여중;부산중앙여자중학교;초장중,0,0,0,,,,0,5,False,0.0
A60276401,1,6,49.4264705882353,77.23529411764707,34.82352941176471,42.41176470588236,77.23529411764707,34.82352941176471,경남중;대신여중;부산여중;부산중앙여자중학교;송도중;초장중,0,0,0,,,,0,6,False,0.0
A60280302,1,4,44.977941176470594,58.00000000000001,34.82352941176471,23.176470588235297,58.00000000000001,34.82352941176471,경남중;부산여중;부산중앙여자중학교;송도중,0,0,0,,,,0,4,False,0.0
A60281201,1,6,45.35294117647059,58.00000000000001,34.82352941176471,23.176470588235297,58.00000000000001,34.82352941176471,경남중;대신여중;덕원중;부산대신중학교;부산여중;부산중앙여자중학교,0,0,0,,,,0,6,False,0.0
A60282001,1,5,52.54117647058823,77.23529411764707,34.82352941176471,42.41176470588236,77.23529411764707,34.82352941176471,경남중;부산대신중학교;부산여중;부산중앙여자중학교;초장중,0,0,0,,,,0,5,False,0.0
A60282101,1,4,45.669117647058826,58.00000000000001,34.82352941176471,23.176470588235297,58.00000000000001,34.82352941176471,경남중;대신여중;부산대신중학교;부산여중,0,0,0,,,,0,4,False,0.0
A60282202,1,4,45.669117647058826,58.00000000000001,34.82352941176471,23.176470588235297,58.00000000000001,34.82352941176471,경남중;대신여중;부산대신중학교;부산여중,0,0,0,,,,0,4,False,0.0
A60283005,1,6,52.04901960784314,76.79411764705881,34.82352941176471,41.9705882352941,76.79411764705881,34.82352941176471,감천중;경남중;부산여중;부산중앙여자중학교;삼성중;송도중,0,0,0,,,,0,6,False,0.0
A60283102,1,6,52.04901960784314,76.79411764705881,34.82352941176471,41.9705882352941,76.79411764705881,34.82352941176471,감천중;경남중;부산여중;부산중앙여자중학교;삼성중;송도중,0,0,0,,,,0,6,False,0.0
A60283203,1,6,52.04901960784314,76.79411764705881,34.82352941176471,41.9705882352941,76.79411764705881,34.82352941176471,감천중;경남중;부산여중;부산중앙여자중학교;삼성중;송도중,0,0,0,,,,0,6,False,0.0
A60283206,1,4,44.977941176470594,58.00000000000001,34.82352941176471,23.176470588235297,58.00000000000001,34.82352941176471,경남중;부산여중;부산중앙여자중학교;송도중,0,0,0,,,,0,4,False,0.0
A60283301,1,6,52.04901960784314,76.79411764705881,34.82352941176471,41.9705882352941,76.79411764705881,34.82352941176471,감천중;경남중;부산여중;부산중앙여자중학교;삼성중;송도중,0,0,0,,,,0,6,False,0.0
A60283304,1,6,52.04901960784314,76.79411764705881,34.82352941176471,41.9705882352941,76.79411764705881,34.82352941176471,감천중;경남중;부산여중;부산중앙여자중학교;삼성중;송도중,0,0,0,,,,0,6,False,0.0
A60402001,1,4,61.13970588235294,69.70588235294117,46.5,23.205882352941174,69.70588235294117,46.5,건국중;당리중;사하중;하단중,0,0,0,,,,0,4,False,0.0
A60402002,1,4,60.19117647058823,69.70588235294117,46.5,23.205882352941174,69.70588235294117,46.5,건국중;당리중;동주여중;사하중,0,0,0,,,,0,4,False,0.0
A60402003,1,4,61.13970588235294,69.70588235294117,46.5,23.205882352941174,69.70588235294117,46.5,건국중;당리중;사하중;하단중,0,0,0,,,,0,4,False,0.0
A60402104,1,4,61.13970588235294,69.70588235294117,46.5,23.205882352941174,69.70588235294117,46.5,건국중;당리중;사하중;하단중,0,0,0,,,,0,4,False,0.0
A60403002,1,4,44.411764705882355,69.70588235294117,23.61764705882353,46.088235294117645,69.70588235294117,23.61764705882353,당리중;대동중;영남중;장림여중,0,0,0,,,,0,4,False,0.0
A60403003,1,4,44.411764705882355,69.70588235294117,23.61764705882353,46.088235294117645,69.70588235294117,23.61764705882353,당리중;대동중;영남중;장림여중,0,0,0,,,,0,4,False,0.0
A60404202,1,4,38.25,53.91176470588235,23.61764705882353,30.29411764705882,53.91176470588235,23.61764705882353,대동중;영남중;장림여중;장평중,0,0,0,,,,0,4,False,0.0
A60405001,1,2,38.86764705882353,59.55882352941176,18.176470588235293,41.382352941176464,59.55882352941176,18.176470588235293,다대중;다선중,0,0,0,,,,0,2,False,0.0
A60405002,1,2,39.38235294117647,41.76470588235294,37.0,4.764705882352942,41.76470588235294,37.0,다송중;두송중,0,0,0,,,,0,2,False,0.0
A60408001,1,9,54.25816993464051,76.79411764705881,34.82352941176471,41.9705882352941,76.79411764705881,34.82352941176471,경남중;당리중;동주여중;부산대신중학교;부산여중;부산중앙여자중학교;사하중;삼성중;장평중,0,0,0,,,,0,9,False,0.0
A60470305,1,4,38.25,53.91176470588235,23.61764705882353,30.29411764705882,53.91176470588235,23.61764705882353,대동중;영남중;장림여중;장평중,0,0,0,,,,0,4,False,0.0
A60470501,1,6,54.509803921568626,76.79411764705881,34.82352941176471,41.9705882352941,76.79411764705881,34.82352941176471,경남중;동주여중;부산대신중학교;부산여중;부산중앙여자중학교;삼성중,0,0,0,,,,0,6,False,0.0
A60470801,1,9,54.25816993464051,76.79411764705881,34.82352941176471,41.9705882352941,76.79411764705881,34.82352941176471,경남중;당리중;동주여중;부산대신중학교;부산여중;부산중앙여자중학교;사하중;삼성중;장평중,0,0,0,,,,0,9,False,0.0
A60471209,1,4,60.19117647058823,69.70588235294117,46.5,23.205882352941174,69.70588235294117,46.5,건국중;당리중;동주여중;사하중,0,0,0,,,,0,4,False,0.0
A60471706,1,9,52.36601307189542,69.70588235294117,34.82352941176471,34.882352941176464,69.70588235294117,34.82352941176471,건국중;경남중;당리중;동주여중;부산대신중학교;부산여중;부산중앙여자중학교;사하중;장평중,0,0,0,,,,0,9,False,0.0
A60471808,1,4,60.19117647058823,69.70588235294117,46.5,23.205882352941174,69.70588235294117,46.5,건국중;당리중;동주여중;사하중,0,0,0,,,,0,4,False,0.0
A60471809,1,4,60.19117647058823,69.70588235294117,46.5,23.205882352941174,69.70588235294117,46.5,건국중;당리중;동주여중;사하중,0,0,0,,,,0,4,False,0.0
A60471810,1,4,60.19117647058823,69.70588235294117,46.5,23.205882352941174,69.70588235294117,46.5,건국중;당리중;동주여중;사하중,0,0,0,,,,0,4,False,0.0
A60471811,1,4,60.19117647058823,69.70588235294117,46.5,23.205882352941174,69.70588235294117,46.5,건국중;당리중;동주여중;사하중,0,0,0,,,,0,4,False,0.0
A60471904,1,4,60.19117647058823,69.70588235294117,46.5,23.205882352941174,69.70588235294117,46.5,건국중;당리중;동주여중;사하중,0,0,0,,,,0,4,False,0.0
A60472010,1,4,60.19117647058823,69.70588235294117,46.5,23.205882352941174,69.70588235294117,46.5,건국중;당리중;동주여중;사하중,0,0,0,,,,0,4,False,0.0
A60472602,1,4,38.61029411764706,53.91176470588235,23.61764705882353,30.29411764705882,53.91176470588235,23.61764705882353,대동중;사하중;영남중;장림여중,0,0,0,,,,0,4,False,0.0
A60472701,1,4,38.61029411764706,53.91176470588235,23.61764705882353,30.29411764705882,53.91176470588235,23.61764705882353,대동중;사하중;영남중;장림여중,0,0,0,,,,0,4,False,0.0
A60472901,1,3,32.31372549019608,41.76470588235294,18.176470588235293,23.58823529411765,41.76470588235294,18.176470588235293,다대중;다송중;두송중,0,0,0,,,,0,3,False,0.0
A60473003,1,2,38.86764705882353,59.55882352941176,18.176470588235293,41.382352941176464,59.55882352941176,18.176470588235293,다대중;다선중,0,0,0,,,,0,2,False,0.0
A60473106,1,4,60.55882352941177,76.79411764705881,45.05882352941177,31.735294117647044,76.79411764705881,45.05882352941177,감천중;동주여중;삼성중;장평중,0,0,0,,,,0,4,False,0.0
A60473107,1,4,60.55882352941177,76.79411764705881,45.05882352941177,31.735294117647044,76.79411764705881,45.05882352941177,감천중;동주여중;삼성중;장평중,0,0,0,,,,0,4,False,0.0
A60473304,1,4,60.55882352941177,76.79411764705881,45.05882352941177,31.735294117647044,76.79411764705881,45.05882352941177,감천중;동주여중;삼성중;장평중,0,0,0,,,,0,4,False,0.0
A60473407,1,9,54.25816993464051,76.79411764705881,34.82352941176471,41.9705882352941,76.79411764705881,34.82352941176471,경남중;당리중;동주여중;부산대신중학교;부산여중;부산중앙여자중학교;사하중;삼성중;장평중,0,0,0,,,,0,9,False,0.0
A60473602,1,3,51.51960784313726,55.58823529411765,45.05882352941177,10.529411764705884,55.58823529411765,45.05882352941177,감천중;대동중;장평중,0,0,0,,,,0,3,False,0.0
A60473701,1,3,51.51960784313726,55.58823529411765,45.05882352941177,10.529411764705884,55.58823529411765,45.05882352941177,감천중;대동중;장평중,0,0,0,,,,0,3,False,0.0
A60474002,1,5,38.95294117647059,53.91176470588235,23.61764705882353,30.29411764705882,53.91176470588235,23.61764705882353,대동중;두송중;영남중;장림여중;장평중,0,0,0,,,,0,5,False,0.0
A60474204,1,3,32.31372549019608,41.76470588235294,18.176470588235293,23.58823529411765,41.76470588235294,18.176470588235293,다대중;다송중;두송중,0,0,0,,,,0,3,False,0.0
A60474307,1,2,39.38235294117647,41.76470588235294,37.0,4.764705882352942,41.76470588235294,37.0,다송중;두송중,0,0,0,,,,0,2,False,0.0
A60474410,1,4,38.25,53.91176470588235,23.61764705882353,30.29411764705882,53.91176470588235,23.61764705882353,대동중;영남중;장림여중;장평중,0,0,0,,,,0,4,False,0.0
A60474516,1,4,38.25,53.91176470588235,23.61764705882353,30.29411764705882,53.91176470588235,23.61764705882353,대동중;영남중;장림여중;장평중,0,0,0,,,,0,4,False,0.0
A60474905,1,9,52.36601307189542,69.70588235294117,34.82352941176471,34.882352941176464,69.70588235294117,34.82352941176471,건국중;경남중;당리중;동주여중;부산대신중학교;부산여중;부산중앙여자중학교;사하중;장평중,0,0,0,,,,0,9,False,0.0
A60475305,1,2,39.38235294117647,41.76470588235294,37.0,4.764705882352942,41.76470588235294,37.0,다송중;두송중,0,0,0,,,,0,2,False,0.0
A60475309,1,2,39.38235294117647,41.76470588235294,37.0,4.764705882352942,41.76470588235294,37.0,다송중;두송중,0,0,0,,,,0,2,False,0.0
A60475401,1,2,39.38235294117647,41.76470588235294,37.0,4.764705882352942,41.76470588235294,37.0,다송중;두송중,0,0,0,,,,0,2,False,0.0
A60475402,1,2,39.38235294117647,41.76470588235294,37.0,4.764705882352942,41.76470588235294,37.0,다송중;두송중,0,0,0,,,,0,2,False,0.0
A60475408,1,2,39.38235294117647,41.76470588235294,37.0,4.764705882352942,41.76470588235294,37.0,다송중;두송중,0,0,0,,,,0,2,False,0.0
A60475411,1,2,39.38235294117647,41.76470588235294,37.0,4.764705882352942,41.76470588235294,37.0,다송중;두송중,0,0,0,,,,0,2,False,0.0
A60475412,1,2,39.38235294117647,41.76470588235294,37.0,4.764705882352942,41.76470588235294,37.0,다송중;두송중,0,0,0,,,,0,2,False,0.0
A60475507,1,2,38.86764705882353,59.55882352941176,18.176470588235293,41.382352941176464,59.55882352941176,18.176470588235293,다대중;다선중,0,0,0,,,,0,2,False,0.0
A60475509,1,2,38.86764705882353,59.55882352941176,18.176470588235293,41.382352941176464,59.55882352941176,18.176470588235293,다대중;다선중,0,0,0,,,,0,2,False,0.0
A60475612,1,2,39.38235294117647,41.76470588235294,37.0,4.764705882352942,41.76470588235294,37.0,다송중;두송중,0,0,0,,,,0,2,False,0.0
A60475710,1,2,39.38235294117647,41.76470588235294,37.0,4.764705882352942,41.76470588235294,37.0,다송중;두송중,0,0,0,,,,0,2,False,0.0
A60475803,1,2,39.38235294117647,41.76470588235294,37.0,4.764705882352942,41.76470588235294,37.0,다송중;두송중,0,0,0,,,,0,2,False,0.0
A60475903,1,4,55.205882352941174,68.58823529411767,46.5,22.088235294117666,68.58823529411767,46.5,대동중;사하중;하남중;하단중,0,0,0,,,,0,4,False,0.0
A60476101,2,4,61.13970588235294,69.70588235294117,46.5,23.205882352941174,69.70588235294117,46.5,건국중;당리중;사하중;하단중,0,0,0,,,,0,4,False,0.0
A60476206,1,4,61.00735294117648,69.70588235294117,51.8235294117647,17.88235294117647,69.70588235294117,51.8235294117647,당리중;대동중;하남중;하단중,0,0,0,,,,0,4,False,0.0
A60476511,1,2,38.86764705882353,59.55882352941176,18.176470588235293,41.382352941176464,59.55882352941176,18.176470588235293,다대중;다선중,0,0,0,,,,0,2,False,0.0
A60476604,1,2,39.38235294117647,41.76470588235294,37.0,4.764705882352942,41.76470588235294,37.0,다송중;두송중,0,0,0,,,,0,2,False,0.0
A60476911,1,5,38.95294117647059,53.91176470588235,23.61764705882353,30.29411764705882,53.91176470588235,23.61764705882353,대동중;두송중;영남중;장림여중;장평중,0,0,0,,,,0,5,False,0.0
A60477013,1,5,38.95294117647059,53.91176470588235,23.61764705882353,30.29411764705882,53.91176470588235,23.61764705882353,대동중;두송중;영남중;장림여중;장평중,0,0,0,,,,0,5,False,0.0
A60477206,1,4,38.25,53.91176470588235,23.61764705882353,30.29411764705882,53.91176470588235,23.61764705882353,대동중;영남중;장림여중;장평중,0,0,0,,,,0,4,False,0.0
A60477315,1,5,38.95294117647059,53.91176470588235,23.61764705882353,30.29411764705882,53.91176470588235,23.61764705882353,대동중;두송중;영남중;장림여중;장평중,0,0,0,,,,0,5,False,0.0
A60477509,1,5,38.95294117647059,53.91176470588235,23.61764705882353,30.29411764705882,53.91176470588235,23.61764705882353,대동중;두송중;영남중;장림여중;장평중,0,0,0,,,,0,5,False,0.0
A60477608,1,4,38.25,53.91176470588235,23.61764705882353,30.29411764705882,53.91176470588235,23.61764705882353,대동중;영남중;장림여중;장평중,0,0,0,,,,0,4,False,0.0
A60478201,1,4,60.55882352941177,76.79411764705881,45.05882352941177,31.735294117647044,76.79411764705881,45.05882352941177,감천중;동주여중;삼성중;장평중,0,0,0,,,,0,4,False,0.0
A60478203,1,4,60.55882352941177,76.79411764705881,45.05882352941177,31.735294117647044,76.79411764705881,45.05882352941177,감천중;동주여중;삼성중;장평중,0,0,0,,,,0,4,False,0.0
A60480001,1,3,59.14705882352941,76.79411764705881,45.05882352941177,31.735294117647044,76.79411764705881,45.05882352941177,감천중;삼성중;장평중,0,0,0,,,,0,3,False,0.0
A60480405,1,3,59.14705882352941,76.79411764705881,45.05882352941177,31.735294117647044,76.79411764705881,45.05882352941177,감천중;삼성중;장평중,0,0,0,,,,0,3,False,0.0
A60480608,1,4,60.55882352941177,76.79411764705881,45.05882352941177,31.735294117647044,76.79411764705881,45.05882352941177,감천중;동주여중;삼성중;장평중,0,0,0,,,,0,4,False,0.0
A60480703,1,6,49.220588235294116,64.79411764705883,34.82352941176471,29.970588235294116,64.79411764705883,34.82352941176471,경남중;동주여중;부산대신중학교;부산여중;부산중앙여자중학교;장평중,0,0,0,,,,0,6,False,0.0
A60480804,1,6,54.509803921568626,76.79411764705881,34.82352941176471,41.9705882352941,76.79411764705881,34.82352941176471,경남중;동주여중;부산대신중학교;부산여중;부산중앙여자중학교;삼성중,0,0,0,,,,0,6,False,0.0
A60481001,1,6,49.220588235294116,64.79411764705883,34.82352941176471,29.970588235294116,64.79411764705883,34.82352941176471,경남중;동주여중;부산대신중학교;부산여중;부산중앙여자중학교;장평중,0,0,0,,,,0,6,False,0.0
A60481002,1,6,49.220588235294116,64.79411764705883,34.82352941176471,29.970588235294116,64.79411764705883,34.82352941176471,경남중;동주여중;부산대신중학교;부산여중;부산중앙여자중학교;장평중,0,0,0,,,,0,6,False,0.0
A60481201,1,4,56.51470588235294,69.70588235294117,45.05882352941177,24.647058823529406,69.70588235294117,45.05882352941177,당리중;동주여중;사하중;장평중,0,0,0,,,,0,4,False,0.0
A60481203,1,4,60.55882352941177,76.79411764705881,45.05882352941177,31.735294117647044,76.79411764705881,45.05882352941177,감천중;동주여중;삼성중;장평중,0,0,0,,,,0,4,False,0.0
A60481206,1,4,60.55882352941177,76.79411764705881,45.05882352941177,31.735294117647044,76.79411764705881,45.05882352941177,감천중;동주여중;삼성중;장평중,0,0,0,,,,0,4,False,0.0
A60481303,1,9,54.25816993464051,76.79411764705881,34.82352941176471,41.9705882352941,76.79411764705881,34.82352941176471,경남중;당리중;동주여중;부산대신중학교;부산여중;부산중앙여자중학교;사하중;삼성중;장평중,0,0,0,,,,0,9,False,0.0
A60481504,1,9,54.25816993464051,76.79411764705881,34.82352941176471,41.9705882352941,76.79411764705881,34.82352941176471,경남중;당리중;동주여중;부산대신중학교;부산여중;부산중앙여자중학교;사하중;삼성중;장평중,0,0,0,,,,0,9,False,0.0
A60481505,1,9,54.25816993464051,76.79411764705881,34.82352941176471,41.9705882352941,76.79411764705881,34.82352941176471,경남중;당리중;동주여중;부산대신중학교;부산여중;부산중앙여자중학교;사하중;삼성중;장평중,0,0,0,,,,0,9,False,0.0
A60481508,1,9,54.25816993464051,76.79411764705881,34.82352941176471,41.9705882352941,76.79411764705881,34.82352941176471,경남중;당리중;동주여중;부산대신중학교;부산여중;부산중앙여자중학교;사하중;삼성중;장평중,0,0,0,,,,0,9,False,0.0
A60481601,1,4,56.51470588235294,69.70588235294117,45.05882352941177,24.647058823529406,69.70588235294117,45.05882352941177,당리중;동주여중;사하중;장평중,0,0,0,,,,0,4,False,0.0
A60481703,1,3,51.51960784313726,55.58823529411765,45.05882352941177,10.529411764705884,55.58823529411765,45.05882352941177,감천중;대동중;장평중,0,0,0,,,,0,3,False,0.0
A60482013,1,2,38.86764705882353,59.55882352941176,18.176470588235293,41.382352941176464,59.55882352941176,18.176470588235293,다대중;다선중,0,0,0,,,,0,2,False,0.0
A60482502,1,3,32.31372549019608,41.76470588235294,18.176470588235293,23.58823529411765,41.76470588235294,18.176470588235293,다대중;다송중;두송중,0,0,0,,,,0,3,False,0.0
A60482708,1,2,38.86764705882353,59.55882352941176,18.176470588235293,41.382352941176464,59.55882352941176,18.176470588235293,다대중;다선중,0,0,0,,,,0,2,False,0.0
A60482712,1,2,38.86764705882353,59.55882352941176,18.176470588235293,41.382352941176464,59.55882352941176,18.176470588235293,다대중;다선중,0,0,0,,,,0,2,False,0.0
A60482811,1,4,60.19117647058823,69.70588235294117,46.5,23.205882352941174,69.70588235294117,46.5,건국중;당리중;동주여중;사하중,0,0,0,,,,0,4,False,0.0
A60482812,1,4,60.19117647058823,69.70588235294117,46.5,23.205882352941174,69.70588235294117,46.5,건국중;당리중;동주여중;사하중,0,0,0,,,,0,4,False,0.0
A60482901,1,4,60.19117647058823,69.70588235294117,46.5,23.205882352941174,69.70588235294117,46.5,건국중;당리중;동주여중;사하중,0,0,0,,,,0,4,False,0.0
A60482902,1,4,60.19117647058823,69.70588235294117,46.5,23.205882352941174,69.70588235294117,46.5,건국중;당리중;동주여중;사하중,0,0,0,,,,0,4,False,0.0
A60483201,1,4,38.61029411764706,53.91176470588235,23.61764705882353,30.29411764705882,53.91176470588235,23.61764705882353,대동중;사하중;영남중;장림여중,0,0,0,,,,0,4,False,0.0
A60483203,1,4,44.411764705882355,69.70588235294117,23.61764705882353,46.088235294117645,69.70588235294117,23.61764705882353,당리중;대동중;영남중;장림여중,0,0,0,,,,0,4,False,0.0
A60483401,1,4,55.205882352941174,68.58823529411767,46.5,22.088235294117666,68.58823529411767,46.5,대동중;사하중;하남중;하단중,0,0,0,,,,0,4,False,0.0
A60483402,1,4,55.205882352941174,68.58823529411767,46.5,22.088235294117666,68.58823529411767,46.5,대동중;사하중;하남중;하단중,0,0,0,,,,0,4,False,0.0
A60483404,1,4,55.205882352941174,68.58823529411767,46.5,22.088235294117666,68.58823529411767,46.5,대동중;사하중;하남중;하단중,0,0,0,,,,0,4,False,0.0
A60484001,1,4,38.25,53.91176470588235,23.61764705882353,30.29411764705882,53.91176470588235,23.61764705882353,대동중;영남중;장림여중;장평중,0,0,0,,,,0,4,False,0.0
A60484003,1,4,38.25,53.91176470588235,23.61764705882353,30.29411764705882,53.91176470588235,23.61764705882353,대동중;영남중;장림여중;장평중,0,0,0,,,,0,4,False,0.0
A60484004,1,4,38.25,53.91176470588235,23.61764705882353,30.29411764705882,53.91176470588235,23.61764705882353,대동중;영남중;장림여중;장평중,0,0,0,,,,0,4,False,0.0
A60484514,1,5,38.95294117647059,53.91176470588235,23.61764705882353,30.29411764705882,53.91176470588235,23.61764705882353,대동중;두송중;영남중;장림여중;장평중,0,0,0,,,,0,5,False,0.0
A60484607,1,5,38.95294117647059,53.91176470588235,23.61764705882353,30.29411764705882,53.91176470588235,23.61764705882353,대동중;두송중;영남중;장림여중;장평중,0,0,0,,,,0,5,False,0.0
A60484612,1,5,38.95294117647059,53.91176470588235,23.61764705882353,30.29411764705882,53.91176470588235,23.61764705882353,대동중;두송중;영남중;장림여중;장평중,0,0,0,,,,0,5,False,0.0
A60485001,1,9,52.36601307189542,69.70588235294117,34.82352941176471,34.882352941176464,69.70588235294117,34.82352941176471,건국중;경남중;당리중;동주여중;부산대신중학교;부산여중;부산중앙여자중학교;사하중;장평중,0,0,0,,,,0,9,False,0.0
A60485510,1,9,54.25816993464051,76.79411764705881,34.82352941176471,41.9705882352941,76.79411764705881,34.82352941176471,경남중;당리중;동주여중;부산대신중학교;부산여중;부산중앙여자중학교;사하중;삼성중;장평중,0,0,0,,,,0,9,False,0.0
A60605201,2,3,51.127450980392155,83.17647058823529,35.02941176470588,48.14705882352941,83.17647058823529,35.02941176470588,남도여중;부산남중;부산영선중학교,0,0,0,,,,0,3,False,0.0
A60607001,1,3,48.96078431372549,56.970588235294116,40.44117647058824,16.529411764705877,56.970588235294116,40.44117647058824,영도제일중;태종대중;해동중,0,0,0,,,,0,3,False,0.0
A60607002,1,3,48.96078431372549,56.970588235294116,40.44117647058824,16.529411764705877,56.970588235294116,40.44117647058824,영도제일중;태종대중;해동중,0,0,0,,,,0,3,False,0.0
A60607003,1,3,48.96078431372549,56.970588235294116,40.44117647058824,16.529411764705877,56.970588235294116,40.44117647058824,영도제일중;태종대중;해동중,0,0,0,,,,0,3,False,0.0
A60607004,1,3,48.96078431372549,56.970588235294116,40.44117647058824,16.529411764705877,56.970588235294116,40.44117647058824,영도제일중;태종대중;해동중,0,0,0,,,,0,3,False,0.0
A60608001,1,3,48.96078431372549,56.970588235294116,40.44117647058824,16.529411764705877,56.970588235294116,40.44117647058824,영도제일중;태종대중;해동중,0,0,0,,,,0,3,False,0.0
A60608002,1,3,48.96078431372549,56.970588235294116,40.44117647058824,16.529411764705877,56.970588235294116,40.44117647058824,영도제일중;태종대중;해동중,0,0,0,,,,0,3,False,0.0
A60608106,1,3,48.96078431372549,56.970588235294116,40.44117647058824,16.529411764705877,56.970588235294116,40.44117647058824,영도제일중;태종대중;해동중,0,0,0,,,,0,3,False,0.0
A60608303,1,3,48.96078431372549,56.970588235294116,40.44117647058824,16.529411764705877,56.970588235294116,40.44117647058824,영도제일중;태종대중;해동중,0,0,0,,,,0,3,False,0.0
A60670101,1,3,48.96078431372549,56.970588235294116,40.44117647058824,16.529411764705877,56.970588235294116,40.44117647058824,영도제일중;태종대중;해동중,0,0,0,,,,0,3,False,0.0
A60670102,1,3,48.96078431372549,56.970588235294116,40.44117647058824,16.529411764705877,56.970588235294116,40.44117647058824,영도제일중;태종대중;해동중,0,0,0,,,,0,3,False,0.0
A60673703,1,3,48.96078431372549,56.970588235294116,40.44117647058824,16.529411764705877,56.970588235294116,40.44117647058824,영도제일중;태종대중;해동중,0,0,0,,,,0,3,False,0.0
A60674101,1,3,51.127450980392155,83.17647058823529,35.02941176470588,48.14705882352941,83.17647058823529,35.02941176470588,남도여중;부산남중;부산영선중학교,0,0,0,,,,0,3,False,0.0
A60675110,1,3,48.96078431372549,56.970588235294116,40.44117647058824,16.529411764705877,56.970588235294116,40.44117647058824,영도제일중;태종대중;해동중,0,0,0,,,,0,3,False,0.0
A60675701,1,3,51.127450980392155,83.17647058823529,35.02941176470588,48.14705882352941,83.17647058823529,35.02941176470588,남도여중;부산남중;부산영선중학교,0,0,0,,,,0,3,False,0.0
A60675801,1,3,48.96078431372549,56.970588235294116,40.44117647058824,16.529411764705877,56.970588235294116,40.44117647058824,영도제일중;태종대중;해동중,0,0,0,,,,0,3,False,0.0
A60675901,1,3,51.127450980392155,83.17647058823529,35.02941176470588,48.14705882352941,83.17647058823529,35.02941176470588,남도여중;부산남중;부산영선중학교,0,0,0,,,,0,3,False,0.0
A60676104,1,3,48.96078431372549,56.970588235294116,40.44117647058824,16.529411764705877,56.970588235294116,40.44117647058824,영도제일중;태종대중;해동중,0,0,0,,,,0,3,False,0.0
A60676205,1,3,48.96078431372549,56.970588235294116,40.44117647058824,16.529411764705877,56.970588235294116,40.44117647058824,영도제일중;태종대중;해동중,0,0,0,,,,0,3,False,0.0
A60677104,1,3,48.96078431372549,56.970588235294116,40.44117647058824,16.529411764705877,56.970588235294116,40.44117647058824,영도제일중;태종대중;해동중,0,0,0,,,,0,3,False,0.0
A60680701,1,3,48.96078431372549,56.970588235294116,40.44117647058824,16.529411764705877,56.970588235294116,40.44117647058824,영도제일중;태종대중;해동중,0,0,0,,,,0,3,False,0.0
A60680702,1,3,48.96078431372549,56.970588235294116,40.44117647058824,16.529411764705877,56.970588235294116,40.44117647058824,영도제일중;태종대중;해동중,0,0,0,,,,0,3,False,0.0
A60680703,1,3,48.96078431372549,56.970588235294116,40.44117647058824,16.529411764705877,56.970588235294116,40.44117647058824,영도제일중;태종대중;해동중,0,0,0,,,,0,3,False,0.0
A60680705,1,3,48.96078431372549,56.970588235294116,40.44117647058824,16.529411764705877,56.970588235294116,40.44117647058824,영도제일중;태종대중;해동중,0,0,0,,,,0,3,False,0.0
A60680907,1,3,48.96078431372549,56.970588235294116,40.44117647058824,16.529411764705877,56.970588235294116,40.44117647058824,영도제일중;태종대중;해동중,0,0,0,,,,0,3,False,0.0
A60680909,1,3,48.96078431372549,56.970588235294116,40.44117647058824,16.529411764705877,56.970588235294116,40.44117647058824,영도제일중;태종대중;해동중,0,0,0,,,,0,3,False,0.0
A60680912,1,3,48.96078431372549,56.970588235294116,40.44117647058824,16.529411764705877,56.970588235294116,40.44117647058824,영도제일중;태종대중;해동중,0,0,0,,,,0,3,False,0.0
A60681101,1,3,48.96078431372549,56.970588235294116,40.44117647058824,16.529411764705877,56.970588235294116,40.44117647058824,영도제일중;태종대중;해동중,0,0,0,,,,0,3,False,0.0
A60681702,1,3,51.127450980392155,83.17647058823529,35.02941176470588,48.14705882352941,83.17647058823529,35.02941176470588,남도여중;부산남중;부산영선중학교,0,0,0,,,,0,3,False,0.0
A60681801,1,3,48.96078431372549,56.970588235294116,40.44117647058824,16.529411764705877,56.970588235294116,40.44117647058824,영도제일중;태종대중;해동중,0,0,0,,,,0,3,False,0.0
A60681802,1,3,48.96078431372549,56.970588235294116,40.44117647058824,16.529411764705877,56.970588235294116,40.44117647058824,영도제일중;태종대중;해동중,0,0,0,,,,0,3,False,0.0
A60681904,1,3,48.96078431372549,56.970588235294116,40.44117647058824,16.529411764705877,56.970588235294116,40.44117647058824,영도제일중;태종대중;해동중,0,0,0,,,,0,3,False,0.0
A60701001,1,4,68.85294117647058,78.3529411764706,56.529411764705884,21.82352941176471,78.3529411764706,56.529411764705884,동래중;동해중;부산내성중학교;유락여중,0,0,0,,,,0,4,False,0.0
A60701002,1,4,68.85294117647058,78.3529411764706,56.529411764705884,21.82352941176471,78.3529411764706,56.529411764705884,동래중;동해중;부산내성중학교;유락여중,0,0,0,,,,0,4,False,0.0
A60701003,1,4,68.85294117647058,78.3529411764706,56.529411764705884,21.82352941176471,78.3529411764706,56.529411764705884,동래중;동해중;부산내성중학교;유락여중,0,0,0,,,,0,4,False,0.0
A60701004,1,4,68.85294117647058,78.3529411764706,56.529411764705884,21.82352941176471,78.3529411764706,56.529411764705884,동래중;동해중;부산내성중학교;유락여중,0,0,0,,,,0,4,False,0.0
A60702002,1,3,72.96078431372548,78.3529411764706,63.73529411764706,14.617647058823536,78.3529411764706,63.73529411764706,동래중;동해중;유락여중,0,0,0,,,,0,3,False,0.0
A60706001,1,3,59.529411764705884,78.3529411764706,36.50000000000001,41.85294117647059,78.3529411764706,36.50000000000001,동래중;온천중;유락여중,0,0,0,,,,0,3,False,0.0
A60706303,1,3,65.62745098039215,80.5,36.50000000000001,43.99999999999999,80.5,36.50000000000001,사직여중;사직중;온천중,0,0,0,,,,0,3,False,0.0
A60710001,1,4,43.66176470588235,71.8529411764706,26.294117647058822,45.55882352941177,71.8529411764706,26.294117647058822,동신중;안락중;충렬중;학산여중,0,0,0,,,,0,4,False,0.0
A60710002,1,4,43.66176470588235,71.8529411764706,26.294117647058822,45.55882352941177,71.8529411764706,26.294117647058822,동신중;안락중;충렬중;학산여중,0,0,0,,,,0,4,False,0.0
A60710004,1,4,43.66176470588235,71.8529411764706,26.294117647058822,45.55882352941177,71.8529411764706,26.294117647058822,동신중;안락중;충렬중;학산여중,0,0,0,,,,0,4,False,0.0
A60710005,1,4,43.66176470588235,71.8529411764706,26.294117647058822,45.55882352941177,71.8529411764706,26.294117647058822,동신중;안락중;충렬중;학산여중,0,0,0,,,,0,4,False,0.0
A60711001,1,5,41.476470588235294,71.8529411764706,26.294117647058822,45.55882352941177,71.8529411764706,26.294117647058822,동신중;안락중;충렬중;학산여자중;혜화여자중,0,0,0,,,,0,5,False,0.0
A60711002,1,0,,,,,,,,0,0,0,,,,0,0,False,0.0
A60712001,1,2,80.19117647058823,80.5,79.88235294117646,0.6176470588235361,80.5,79.88235294117646,사직여중;사직중,0,0,0,,,,0,2,False,0.0
A60712102,1,4,72.78676470588235,94.26470588235294,36.50000000000001,57.764705882352935,94.26470588235294,36.50000000000001,사직여중;사직중;여명중;온천중,0,0,0,,,,0,4,False,0.0
A60712204,1,2,80.19117647058823,80.5,79.88235294117646,0.6176470588235361,80.5,79.88235294117646,사직여중;사직중,0,0,0,,,,0,2,False,0.0
A60771101,1,4,68.85294117647058,78.3529411764706,56.529411764705884,21.82352941176471,78.3529411764706,56.529411764705884,동래중;동해중;부산내성중학교;유락여중,0,0,0,,,,0,4,False,0.0
A60775306,1,3,59.529411764705884,78.3529411764706,36.50000000000001,41.85294117647059,78.3529411764706,36.50000000000001,동래중;온천중;유락여중,0,0,0,,,,0,3,False,0.0
A60775407,1,2,58.926470588235304,71.8529411764706,46.00000000000001,25.852941176470587,71.8529411764706,46.00000000000001,남일중;안락중,0,0,0,,,,0,2,False,0.0
A60775502,1,2,58.926470588235304,71.8529411764706,46.00000000000001,25.852941176470587,71.8529411764706,46.00000000000001,남일중;안락중,0,0,0,,,,0,2,False,0.0
A60775605,1,2,58.926470588235304,71.8529411764706,46.00000000000001,25.852941176470587,71.8529411764706,46.00000000000001,남일중;안락중,0,0,0,,,,0,2,False,0.0
A60775701,1,2,58.926470588235304,71.8529411764706,46.00000000000001,25.852941176470587,71.8529411764706,46.00000000000001,남일중;안락중,0,0,0,,,,0,2,False,0.0
A60776006,1,2,71.04411764705883,78.3529411764706,63.73529411764706,14.617647058823536,78.3529411764706,63.73529411764706,동래중;유락여자중,0,0,0,,,,0,2,False,0.0
A60776301,1,4,68.85294117647058,78.3529411764706,56.529411764705884,21.82352941176471,78.3529411764706,56.529411764705884,동래중;동해중;부산내성중학교;유락여중,0,0,0,,,,0,4,False,0.0
A60776401,1,2,80.19117647058823,80.5,79.88235294117646,0.6176470588235361,80.5,79.88235294117646,사직여중;사직중,0,0,0,,,,0,2,False,0.0
A60776402,1,2,80.19117647058823,80.5,79.88235294117646,0.6176470588235361,80.5,79.88235294117646,사직여중;사직중,0,0,0,,,,0,2,False,0.0
A60777205,1,4,43.66176470588235,71.8529411764706,26.294117647058822,45.55882352941177,71.8529411764706,26.294117647058822,동신중;안락중;충렬중;학산여중,0,0,0,,,,0,4,False,0.0
A60777206,1,3,46.32352941176472,71.8529411764706,26.294117647058822,45.55882352941177,71.8529411764706,26.294117647058822,안락중;충렬중;학산여중,0,0,0,,,,0,3,False,0.0
A60777604,1,4,34.75735294117647,71.11764705882354,16.294117647058826,54.82352941176471,71.11764705882354,16.294117647058826,반안중;반여중;인지중;재송중,0,0,0,,,,0,4,False,0.0
A60777701,1,3,61.88235294117647,88.5,45.44117647058823,43.05882352941177,88.5,45.44117647058823,동현중;부곡여자중;장전중,0,0,0,,,,0,3,False,0.0
A60777805,1,3,59.529411764705884,78.3529411764706,36.50000000000001,41.85294117647059,78.3529411764706,36.50000000000001,동래중;온천중;유락여중,0,0,0,,,,0,3,False,0.0
A60777905,1,0,,,,,,,,0,0,0,,,,0,0,False,0.0
A60778006,1,3,65.62745098039215,80.5,36.50000000000001,43.99999999999999,80.5,36.50000000000001,사직여중;사직중;온천중,0,0,0,,,,0,3,False,0.0
A60778304,1,3,59.529411764705884,78.3529411764706,36.50000000000001,41.85294117647059,78.3529411764706,36.50000000000001,동래중;온천중;유락여중,0,0,0,,,,0,3,False,0.0
A60778502,1,4,43.66176470588235,71.8529411764706,26.294117647058822,45.55882352941177,71.8529411764706,26.294117647058822,동신중;안락중;충렬중;학산여중,0,0,0,,,,0,4,False,0.0
A60778608,1,3,65.62745098039215,80.5,36.50000000000001,43.99999999999999,80.5,36.50000000000001,사직여중;사직중;온천중,0,0,0,,,,0,3,False,0.0
A60780103,1,2,58.926470588235304,71.8529411764706,46.00000000000001,25.852941176470587,71.8529411764706,46.00000000000001,남일중;안락중,0,0,0,,,,0,2,False,0.0
A60780104,1,2,58.926470588235304,71.8529411764706,46.00000000000001,25.852941176470587,71.8529411764706,46.00000000000001,남일중;안락중,0,0,0,,,,0,2,False,0.0
A60780108,1,2,58.926470588235304,71.8529411764706,46.00000000000001,25.852941176470587,71.8529411764706,46.00000000000001,남일중;안락중,0,0,0,,,,0,2,False,0.0
A60780701,1,5,41.476470588235294,71.8529411764706,26.294117647058822,45.55882352941177,71.8529411764706,26.294117647058822,동신중;안락중;충렬중;학산여자중;혜화여자중,0,0,0,,,,0,5,False,0.0
A60780702,1,5,41.476470588235294,71.8529411764706,26.294117647058822,45.55882352941177,71.8529411764706,26.294117647058822,동신중;안락중;충렬중;학산여자중;혜화여자중,0,0,0,,,,0,5,False,0.0
A60780703,1,5,41.476470588235294,71.8529411764706,26.294117647058822,45.55882352941177,71.8529411764706,26.294117647058822,동신중;안락중;충렬중;학산여자중;혜화여자중,0,0,0,,,,0,5,False,0.0
A60781204,1,5,41.476470588235294,71.8529411764706,26.294117647058822,45.55882352941177,71.8529411764706,26.294117647058822,동신중;안락중;충렬중;학산여자중;혜화여자중,0,0,0,,,,0,5,False,0.0
A60781502,1,3,65.62745098039215,80.5,36.50000000000001,43.99999999999999,80.5,36.50000000000001,사직여중;사직중;온천중,0,0,0,,,,0,3,False,0.0
A60781701,1,3,65.62745098039215,80.5,36.50000000000001,43.99999999999999,80.5,36.50000000000001,사직여중;사직중;온천중,0,0,0,,,,0,3,False,0.0
A60782005,1,2,80.19117647058823,80.5,79.88235294117646,0.6176470588235361,80.5,79.88235294117646,사직여중;사직중,0,0,0,,,,0,2,False,0.0
A60782204,1,0,,,,,,,,0,0,0,,,,0,0,False,0.0
A60782205,1,0,,,,,,,,0,0,0,,,,0,0,False,0.0
A60782301,1,2,71.04411764705883,78.3529411764706,63.73529411764706,14.617647058823536,78.3529411764706,63.73529411764706,동래중;유락여자중,0,0,0,,,,0,2,False,0.0
A60782402,1,0,,,,,,,,0,0,0,,,,0,0,False,0.0
A60782403,1,0,,,,,,,,0,0,0,,,,0,0,False,0.0
A60782501,1,3,46.32352941176472,71.8529411764706,26.294117647058822,45.55882352941177,71.8529411764706,26.294117647058822,안락중;충렬중;학산여중,0,0,0,,,,0,3,False,0.0
A60782701,1,5,41.476470588235294,71.8529411764706,26.294117647058822,45.55882352941177,71.8529411764706,26.294117647058822,동신중;안락중;충렬중;학산여자중;혜화여자중,0,0,0,,,,0,5,False,0.0
A60783003,1,4,43.66176470588235,71.8529411764706,26.294117647058822,45.55882352941177,71.8529411764706,26.294117647058822,동신중;안락중;충렬중;학산여중,0,0,0,,,,0,4,False,0.0
A60783101,1,3,59.529411764705884,78.3529411764706,36.50000000000001,41.85294117647059,78.3529411764706,36.50000000000001,동래중;온천중;유락여중,0,0,0,,,,0,3,False,0.0
A60783104,1,3,59.529411764705884,78.3529411764706,36.50000000000001,41.85294117647059,78.3529411764706,36.50000000000001,동래중;온천중;유락여중,0,0,0,,,,0,3,False,0.0
A60783305,1,3,59.529411764705884,78.3529411764706,36.50000000000001,41.85294117647059,78.3529411764706,36.50000000000001,동래중;온천중;유락여중,0,0,0,,,,0,3,False,0.0
A60783306,1,3,59.529411764705884,78.3529411764706,36.50000000000001,41.85294117647059,78.3529411764706,36.50000000000001,동래중;온천중;유락여중,0,0,0,,,,0,3,False,0.0
A60783402,1,3,59.529411764705884,78.3529411764706,36.50000000000001,41.85294117647059,78.3529411764706,36.50000000000001,동래중;온천중;유락여중,0,0,0,,,,0,3,False,0.0
A60783701,1,3,59.52941176470589,78.3529411764706,36.50000000000001,41.85294117647059,78.3529411764706,36.50000000000001,동래중;온천중;유락여중,0,0,0,,,,0,3,False,0.0
A60783703,1,3,59.52941176470589,78.3529411764706,36.50000000000001,41.85294117647059,78.3529411764706,36.50000000000001,동래중;온천중;유락여중,0,0,0,,,,0,3,False,0.0
A60783802,1,3,59.529411764705884,78.3529411764706,36.50000000000001,41.85294117647059,78.3529411764706,36.50000000000001,동래중;온천중;유락여중,0,0,0,,,,0,3,False,0.0
A60784001,1,3,65.62745098039215,80.5,36.50000000000001,43.99999999999999,80.5,36.50000000000001,사직여중;사직중;온천중,0,0,0,,,,0,3,False,0.0
A60784004,1,3,65.62745098039215,80.5,36.50000000000001,43.99999999999999,80.5,36.50000000000001,사직여중;사직중;온천중,0,0,0,,,,0,3,False,0.0
A60784207,1,4,72.78676470588235,94.26470588235294,36.50000000000001,57.764705882352935,94.26470588235294,36.50000000000001,사직여중;사직중;여명중;온천중,0,0,0,,,,0,4,False,0.0
A60784302,1,0,,,,,,,,0,0,0,,,,0,0,False,0.0
A60802001,1,2,79.36764705882352,87.20588235294116,71.52941176470588,15.676470588235276,87.20588235294116,71.52941176470588,남천중;대천중,0,0,0,,,,0,2,False,0.0
A60804001,1,3,42.720588235294116,45.14705882352941,40.294117647058826,4.852941176470587,45.14705882352941,40.294117647058826,문현여중;배정중;부산중앙중,0,0,0,,,,0,2,False,0.0
A60804002,1,3,42.720588235294116,45.14705882352941,40.294117647058826,4.852941176470587,45.14705882352941,40.294117647058826,문현여중;배정중;부산중앙중,0,0,0,,,,0,2,False,0.0
A60804003,1,3,42.720588235294116,45.14705882352941,40.294117647058826,4.852941176470587,45.14705882352941,40.294117647058826,문현여중;배정중;부산중앙중,0,0,0,,,,0,2,False,0.0
A60804303,1,3,42.720588235294116,45.14705882352941,40.294117647058826,4.852941176470587,45.14705882352941,40.294117647058826,문현여중;배정중;부산중앙중,0,0,0,,,,0,2,False,0.0
A60806001,1,3,43.69117647058823,47.147058823529406,40.23529411764706,6.911764705882348,47.147058823529406,40.23529411764706,감만중;대연중;배정중,0,0,0,,,,0,2,False,0.0
A60806104,1,3,43.69117647058823,47.147058823529406,40.23529411764706,6.911764705882348,47.147058823529406,40.23529411764706,감만중;대연중;배정중,0,0,0,,,,0,2,False,0.0
A60809001,1,3,82.88235294117648,93.44117647058823,67.5,25.941176470588232,93.44117647058823,67.5,분포중;오륙도중;용호중,0,0,0,,,,0,3,False,0.0
A60809002,1,2,90.57352941176471,93.44117647058823,87.70588235294119,5.735294117647044,93.44117647058823,87.70588235294119,분포중;용호중,0,0,0,,,,0,2,False,0.0
A60809003,1,1,67.5,67.5,67.5,0.0,67.5,67.5,오륙도중,0,0,0,,,,0,1,False,0.0
A60809004,1,2,90.57352941176471,93.44117647058823,87.70588235294119,5.735294117647044,93.44117647058823,87.70588235294119,분포중;용호중,0,0,0,,,,0,2,False,0.0
A60809201,1,3,82.88235294117648,93.44117647058823,67.5,25.941176470588232,93.44117647058823,67.5,분포중;오륙도중;용호중,0,0,0,,,,0,3,False,0.0
A60871104,1,3,42.38235294117647,47.147058823529406,39.76470588235294,7.382352941176464,47.147058823529406,39.76470588235294,감만중;대연중;석포여중,0,0,0,,,,0,3,False,0.0
A60872101,1,3,42.720588235294116,45.14705882352941,40.294117647058826,4.852941176470587,45.14705882352941,40.294117647058826,문현여중;배정중;부산중앙중,0,0,0,,,,0,2,False,0.0
A60874408,1,2,79.36764705882352,87.20588235294116,71.52941176470588,15.676470588235276,87.20588235294116,71.52941176470588,남천중;대천중,0,0,0,,,,0,2,False,0.0
A60875202,1,3,43.455882352941174,47.147058823529406,39.76470588235294,7.382352941176464,47.147058823529406,39.76470588235294,감만중;배정중;석포여중,0,0,0,,,,0,2,False,0.0
A60875301,1,3,43.455882352941174,47.147058823529406,39.76470588235294,7.382352941176464,47.147058823529406,39.76470588235294,감만중;배정중;석포여중,0,0,0,,,,0,2,False,0.0
A60875303,1,3,43.455882352941174,47.147058823529406,39.76470588235294,7.382352941176464,47.147058823529406,39.76470588235294,감만중;배정중;석포여중,0,0,0,,,,0,2,False,0.0
A60875305,1,3,43.455882352941174,47.147058823529406,39.76470588235294,7.382352941176464,47.147058823529406,39.76470588235294,감만중;배정중;석포여중,0,0,0,,,,0,2,False,0.0
A60875404,1,3,42.69117647058823,45.14705882352941,40.23529411764706,4.911764705882355,45.14705882352941,40.23529411764706,대연중;문현여중;배정중,0,0,0,,,,0,2,False,0.0
A60875509,1,3,66.3235294117647,87.20588235294116,40.23529411764706,46.9705882352941,87.20588235294116,40.23529411764706,남천중;대연중;대천중,0,0,0,,,,0,3,False,0.0
A60875603,1,3,66.3235294117647,87.20588235294116,40.23529411764706,46.9705882352941,87.20588235294116,40.23529411764706,남천중;대연중;대천중,0,0,0,,,,0,3,False,0.0
A60875701,1,3,42.38235294117647,47.147058823529406,39.76470588235294,7.382352941176464,47.147058823529406,39.76470588235294,감만중;대연중;석포여중,0,0,0,,,,0,3,False,0.0
A60876202,1,3,46.82352941176471,48.5,45.14705882352941,3.352941176470587,48.5,45.14705882352941,문현여중;배정중;부산동여중,0,0,0,,,,0,2,False,0.0
A60876301,1,3,82.88235294117648,93.44117647058823,67.5,25.941176470588232,93.44117647058823,67.5,분포중;오륙도중;용호중,0,0,0,,,,0,3,False,0.0
A60876402,1,3,82.88235294117648,93.44117647058823,67.5,25.941176470588232,93.44117647058823,67.5,분포중;오륙도중;용호중,0,0,0,,,,0,3,False,0.0
A60876602,1,3,82.88235294117648,93.44117647058823,67.5,25.941176470588232,93.44117647058823,67.5,분포중;오륙도중;용호중,0,0,0,,,,0,3,False,0.0
A60876904,1,3,82.88235294117648,93.44117647058823,67.5,25.941176470588232,93.44117647058823,67.5,분포중;오륙도중;용호중,0,0,0,,,,0,3,False,0.0
A60877106,1,3,43.69117647058823,47.147058823529406,40.23529411764706,6.911764705882348,47.147058823529406,40.23529411764706,감만중;대연중;배정중,0,0,0,,,,0,2,False,0.0
A60877107,1,3,43.69117647058823,47.147058823529406,40.23529411764706,6.911764705882348,47.147058823529406,40.23529411764706,감만중;대연중;배정중,0,0,0,,,,0,2,False,0.0
A60877302,1,3,43.69117647058823,47.147058823529406,40.23529411764706,6.911764705882348,47.147058823529406,40.23529411764706,감만중;대연중;배정중,0,0,0,,,,0,2,False,0.0
A60877405,1,3,43.69117647058823,47.147058823529406,40.23529411764706,6.911764705882348,47.147058823529406,40.23529411764706,감만중;대연중;배정중,0,0,0,,,,0,2,False,0.0
A60877503,1,3,43.69117647058823,47.147058823529406,40.23529411764706,6.911764705882348,47.147058823529406,40.23529411764706,감만중;대연중;배정중,0,0,0,,,,0,2,False,0.0
A60877710,1,3,66.3235294117647,87.20588235294116,40.23529411764706,46.9705882352941,87.20588235294116,40.23529411764706,남천중;대연중;대천중,0,0,0,,,,0,3,False,0.0
A60877907,1,3,66.3235294117647,87.20588235294116,40.23529411764706,46.9705882352941,87.20588235294116,40.23529411764706,남천중;대연중;대천중,0,0,0,,,,0,3,False,0.0
A60878104,1,3,42.720588235294116,45.14705882352941,40.294117647058826,4.852941176470587,45.14705882352941,40.294117647058826,문현여중;배정중;부산중앙중,0,0,0,,,,0,2,False,0.0
A60879402,1,3,42.38235294117647,47.147058823529406,39.76470588235294,7.382352941176464,47.147058823529406,39.76470588235294,감만중;대연중;석포여중,0,0,0,,,,0,3,False,0.0
A60879506,1,3,66.3235294117647,87.20588235294116,40.23529411764706,46.9705882352941,87.20588235294116,40.23529411764706,남천중;대연중;대천중,0,0,0,,,,0,3,False,0.0
A60879704,1,3,46.82352941176471,48.5,45.14705882352941,3.352941176470587,48.5,45.14705882352941,문현여중;배정중;부산동여중,0,0,0,,,,0,2,False,0.0
A60880001,1,3,42.69117647058823,45.14705882352941,40.23529411764706,4.911764705882355,45.14705882352941,40.23529411764706,대연중;문현여중;배정중,0,0,0,,,,0,2,False,0.0
A60880003,1,3,42.69117647058823,45.14705882352941,40.23529411764706,4.911764705882355,45.14705882352941,40.23529411764706,대연중;문현여중;배정중,0,0,0,,,,0,2,False,0.0
A60880104,1,3,42.69117647058823,45.14705882352941,40.23529411764706,4.911764705882355,45.14705882352941,40.23529411764706,대연중;문현여중;배정중,0,0,0,,,,0,2,False,0.0
A60880501,1,3,34.29411764705882,40.23529411764706,22.882352941176467,17.35294117647059,40.23529411764706,22.882352941176467,대연중;석포여중;해연중,0,0,0,,,,0,3,False,0.0
A60880602,1,3,66.3235294117647,87.20588235294116,40.23529411764706,46.9705882352941,87.20588235294116,40.23529411764706,남천중;대연중;대천중,0,0,0,,,,0,3,False,0.0
A60880604,1,3,66.3235294117647,87.20588235294116,40.23529411764706,46.9705882352941,87.20588235294116,40.23529411764706,남천중;대연중;대천중,0,0,0,,,,0,3,False,0.0
A60880605,1,3,66.3235294117647,87.20588235294116,40.23529411764706,46.9705882352941,87.20588235294116,40.23529411764706,남천중;대연중;대천중,0,0,0,,,,0,3,False,0.0
A60880703,1,3,34.29411764705882,40.23529411764706,22.882352941176467,17.35294117647059,40.23529411764706,22.882352941176467,대연중;석포여중;해연중,0,0,0,,,,0,3,False,0.0
A60880704,1,3,34.29411764705882,40.23529411764706,22.882352941176467,17.35294117647059,40.23529411764706,22.882352941176467,대연중;석포여중;해연중,0,0,0,,,,0,3,False,0.0
A60880801,1,3,34.29411764705882,40.23529411764706,22.882352941176467,17.35294117647059,40.23529411764706,22.882352941176467,대연중;석포여중;해연중,0,0,0,,,,0,3,False,0.0
A60881703,1,4,34.29411764705882,40.23529411764706,22.882352941176467,17.35294117647059,40.23529411764706,22.882352941176467,대연중;배정중;석포여중;해연중,0,0,0,,,,0,3,False,0.0
A60881704,1,4,34.29411764705882,40.23529411764706,22.882352941176467,17.35294117647059,40.23529411764706,22.882352941176467,대연중;배정중;석포여중;해연중,0,0,0,,,,0,3,False,0.0
A60882001,1,3,46.82352941176471,48.5,45.14705882352941,3.352941176470587,48.5,45.14705882352941,문현여중;배정중;부산동여중,0,0,0,,,,0,2,False,0.0
A60882003,1,3,46.82352941176471,48.5,45.14705882352941,3.352941176470587,48.5,45.14705882352941,문현여중;배정중;부산동여중,0,0,0,,,,0,2,False,0.0
A60882302,1,3,46.82352941176471,48.5,45.14705882352941,3.352941176470587,48.5,45.14705882352941,문현여중;배정중;부산동여중,0,0,0,,,,0,2,False,0.0
A60882401,1,3,42.720588235294116,45.14705882352941,40.294117647058826,4.852941176470587,45.14705882352941,40.294117647058826,문현여중;배정중;부산중앙중,0,0,0,,,,0,2,False,0.0
A60882701,1,3,42.720588235294116,45.14705882352941,40.294117647058826,4.852941176470587,45.14705882352941,40.294117647058826,문현여중;배정중;부산중앙중,0,0,0,,,,0,2,False,0.0
A60883001,1,3,42.38235294117647,47.147058823529406,39.76470588235294,7.382352941176464,47.147058823529406,39.76470588235294,감만중;대연중;석포여중,0,0,0,,,,0,3,False,0.0
A60883002,1,3,42.38235294117647,47.147058823529406,39.76470588235294,7.382352941176464,47.147058823529406,39.76470588235294,감만중;대연중;석포여중,0,0,0,,,,0,3,False,0.0
A60883003,1,3,42.38235294117647,47.147058823529406,39.76470588235294,7.382352941176464,47.147058823529406,39.76470588235294,감만중;대연중;석포여중,0,0,0,,,,0,3,False,0.0
A60883203,1,3,82.88235294117648,93.44117647058823,67.5,25.941176470588232,93.44117647058823,67.5,분포중;오륙도중;용호중,0,0,0,,,,0,3,False,0.0
A60883501,1,3,82.88235294117648,93.44117647058823,67.5,25.941176470588232,93.44117647058823,67.5,분포중;오륙도중;용호중,0,0,0,,,,0,3,False,0.0
A60883502,1,3,82.88235294117648,93.44117647058823,67.5,25.941176470588232,93.44117647058823,67.5,분포중;오륙도중;용호중,0,0,0,,,,0,3,False,0.0
A60883603,1,3,82.88235294117648,93.44117647058823,67.5,25.941176470588232,93.44117647058823,67.5,분포중;오륙도중;용호중,0,0,0,,,,0,3,False,0.0
A60883801,1,3,82.88235294117648,93.44117647058823,67.5,25.941176470588232,93.44117647058823,67.5,분포중;오륙도중;용호중,0,0,0,,,,0,3,False,0.0
A60883803,1,3,82.88235294117648,93.44117647058823,67.5,25.941176470588232,93.44117647058823,67.5,분포중;오륙도중;용호중,0,0,0,,,,0,3,False,0.0
A60883804,1,3,82.88235294117648,93.44117647058823,67.5,25.941176470588232,93.44117647058823,67.5,분포중;오륙도중;용호중,0,0,0,,,,0,3,False,0.0
A60883903,1,3,82.88235294117648,93.44117647058823,67.5,25.941176470588232,93.44117647058823,67.5,분포중;오륙도중;용호중,0,0,0,,,,0,3,False,0.0
A60884101,1,3,43.69117647058823,47.147058823529406,40.23529411764706,6.911764705882348,47.147058823529406,40.23529411764706,감만중;대연중;배정중,0,0,0,,,,0,2,False,0.0
A60884602,1,3,82.88235294117648,93.44117647058823,67.5,25.941176470588232,93.44117647058823,67.5,분포중;오륙도중;용호중,0,0,0,,,,0,3,False,0.0
A60885601,1,3,42.720588235294116,45.14705882352941,40.294117647058826,4.852941176470587,45.14705882352941,40.294117647058826,문현여중;배정중;부산중앙중,0,0,0,,,,0,2,False,0.0
A60931001,1,3,79.57843137254902,88.5,65.52941176470588,22.970588235294116,88.5,65.52941176470588,구서여중;남산중;장전중,0,0,0,,,,0,3,False,0.0
A60931002,1,3,55.568627450980394,69.55882352941177,45.44117647058823,24.117647058823536,69.55882352941177,45.44117647058823,동현중;부곡여자중;부곡중,0,0,0,,,,0,3,False,0.0
A60931003,1,3,79.57843137254902,88.5,65.52941176470588,22.970588235294116,88.5,65.52941176470588,구서여중;남산중;장전중,0,0,0,,,,0,3,False,0.0
A60931004,1,3,79.57843137254902,88.5,65.52941176470588,22.970588235294116,88.5,65.52941176470588,구서여중;남산중;장전중,0,0,0,,,,0,3,False,0.0
A60931005,1,2,75.11764705882354,84.70588235294117,65.52941176470588,19.17647058823529,84.70588235294117,65.52941176470588,구서여중;남산중,0,0,0,,,,0,2,False,0.0
A60931207,1,3,77.5,84.70588235294117,65.52941176470588,19.17647058823529,84.70588235294117,65.52941176470588,구서여중;금정중;남산중,0,0,0,,,,0,3,False,0.0
A60932001,1,2,60.63235294117648,69.55882352941177,51.70588235294118,17.852941176470587,69.55882352941177,51.70588235294118,부곡여자중;부곡중,0,0,0,,,,0,2,False,0.0
A60932003,1,3,67.84313725490198,82.26470588235294,51.70588235294118,30.55882352941176,82.26470588235294,51.70588235294118,금정중;부곡여중;부곡중,0,0,0,,,,0,3,False,0.0
A60932004,1,3,67.84313725490198,82.26470588235294,51.70588235294118,30.55882352941176,82.26470588235294,51.70588235294118,금정중;부곡여중;부곡중,0,0,0,,,,0,3,False,0.0
A60939001,1,4,68.09558823529412,88.5,49.91176470588235,38.58823529411765,88.5,49.91176470588235,금정중;동래여중;부곡여자중;장전중,0,0,0,,,,0,4,False,0.0
A60939002,1,3,74.15686274509805,88.5,51.70588235294118,36.79411764705882,88.5,51.70588235294118,금정중;부곡여중;장전중,0,0,0,,,,0,3,False,0.0
A60939003,1,3,74.15686274509805,88.5,51.70588235294118,36.79411764705882,88.5,51.70588235294118,금정중;부곡여중;장전중,0,0,0,,,,0,3,False,0.0
A60939004,1,4,68.09558823529412,88.5,49.91176470588235,38.58823529411765,88.5,49.91176470588235,금정중;동래여중;부곡여자중;장전중,0,0,0,,,,0,4,False,0.0
A60939005,1,4,68.09558823529412,88.5,49.91176470588235,38.58823529411765,88.5,49.91176470588235,금정중;동래여중;부곡여자중;장전중,0,0,0,,,,0,4,False,0.0
A60940201,1,0,,,,,,,,0,0,0,,,,0,0,False,0.0
A60970301,1,2,60.63235294117648,69.55882352941177,51.70588235294118,17.852941176470587,69.55882352941177,51.70588235294118,부곡여자중;부곡중,0,0,0,,,,0,2,False,0.0
A60971101,1,3,77.5,84.70588235294117,65.52941176470588,19.17647058823529,84.70588235294117,65.52941176470588,구서여중;금정중;남산중,0,0,0,,,,0,3,False,0.0
A60971102,1,2,75.11764705882354,84.70588235294117,65.52941176470588,19.17647058823529,84.70588235294117,65.52941176470588,구서여중;남산중,0,0,0,,,,0,2,False,0.0
A60975204,1,2,75.11764705882354,84.70588235294117,65.52941176470588,19.17647058823529,84.70588235294117,65.52941176470588,구서여중;남산중,0,0,0,,,,0,2,False,0.0
A60975303,1,3,55.568627450980394,69.55882352941177,45.44117647058823,24.117647058823536,69.55882352941177,45.44117647058823,동현중;부곡여자중;부곡중,0,0,0,,,,0,3,False,0.0
A60975404,1,3,40.833333333333336,51.70588235294118,25.35294117647059,26.35294117647059,51.70588235294118,25.35294117647059,금사중;동현중;부곡여중,0,0,0,,,,0,3,False,0.0
A60975405,1,3,55.568627450980394,69.55882352941177,45.44117647058823,24.117647058823536,69.55882352941177,45.44117647058823,동현중;부곡여자중;부곡중,0,0,0,,,,0,3,False,0.0
A60975502,1,3,55.568627450980394,69.55882352941177,45.44117647058823,24.117647058823536,69.55882352941177,45.44117647058823,동현중;부곡여자중;부곡중,0,0,0,,,,0,3,False,0.0
A60975804,1,3,79.57843137254902,88.5,65.52941176470588,22.970588235294116,88.5,65.52941176470588,구서여중;남산중;장전중,0,0,0,,,,0,3,False,0.0
A60975902,1,2,75.11764705882354,84.70588235294117,65.52941176470588,19.17647058823529,84.70588235294117,65.52941176470588,구서여중;남산중,0,0,0,,,,0,2,False,0.0
A60976003,1,2,75.11764705882354,84.70588235294117,65.52941176470588,19.17647058823529,84.70588235294117,65.52941176470588,구서여중;남산중,0,0,0,,,,0,2,False,0.0
A60976105,1,2,75.11764705882354,84.70588235294117,65.52941176470588,19.17647058823529,84.70588235294117,65.52941176470588,구서여중;남산중,0,0,0,,,,0,2,False,0.0
A60976201,1,2,75.11764705882354,84.70588235294117,65.52941176470588,19.17647058823529,84.70588235294117,65.52941176470588,구서여중;남산중,0,0,0,,,,0,2,False,0.0
A60976404,1,0,,,,,,,,0,0,0,,,,0,0,False,0.0
A60976501,1,3,55.568627450980394,69.55882352941177,45.44117647058823,24.117647058823536,69.55882352941177,45.44117647058823,동현중;부곡여자중;부곡중,0,0,0,,,,0,3,False,0.0
A60976502,1,3,55.568627450980394,69.55882352941177,45.44117647058823,24.117647058823536,69.55882352941177,45.44117647058823,동현중;부곡여자중;부곡중,0,0,0,,,,0,3,False,0.0
A60976802,1,4,68.09558823529412,88.5,49.91176470588235,38.58823529411765,88.5,49.91176470588235,금정중;동래여중;부곡여자중;장전중,0,0,0,,,,0,4,False,0.0
A60976902,1,2,73.89705882352942,82.26470588235294,65.52941176470588,16.735294117647058,82.26470588235294,65.52941176470588,금정중;남산중,0,0,0,,,,0,2,False,0.0
A60976903,1,2,73.89705882352942,82.26470588235294,65.52941176470588,16.735294117647058,82.26470588235294,65.52941176470588,금정중;남산중,0,0,0,,,,0,2,False,0.0
A60977001,1,3,55.568627450980394,69.55882352941177,45.44117647058823,24.117647058823536,69.55882352941177,45.44117647058823,동현중;부곡여자중;부곡중,0,0,0,,,,0,3,False,0.0
A60980002,1,3,55.568627450980394,69.55882352941177,45.44117647058823,24.117647058823536,69.55882352941177,45.44117647058823,동현중;부곡여자중;부곡중,0,0,0,,,,0,3,False,0.0
A60980506,1,2,75.11764705882354,84.70588235294117,65.52941176470588,19.17647058823529,84.70588235294117,65.52941176470588,구서여중;남산중,0,0,0,,,,0,2,False,0.0
A60981101,1,2,75.11764705882354,84.70588235294117,65.52941176470588,19.17647058823529,84.70588235294117,65.52941176470588,구서여중;남산중,0,0,0,,,,0,2,False,0.0
A60981302,1,2,73.89705882352942,82.26470588235294,65.52941176470588,16.735294117647058,82.26470588235294,65.52941176470588,금정중;남산중,0,0,0,,,,0,2,False,0.0
A60981403,1,2,75.11764705882354,84.70588235294117,65.52941176470588,19.17647058823529,84.70588235294117,65.52941176470588,구서여중;남산중,0,0,0,,,,0,2,False,0.0
A60981801,1,3,55.568627450980394,69.55882352941177,45.44117647058823,24.117647058823536,69.55882352941177,45.44117647058823,동현중;부곡여자중;부곡중,0,0,0,,,,0,3,False,0.0
A60982101,1,2,60.63235294117648,69.55882352941177,51.70588235294118,17.852941176470587,69.55882352941177,51.70588235294118,부곡여자중;부곡중,0,0,0,,,,0,2,False,0.0
A60982103,1,2,60.63235294117648,69.55882352941177,51.70588235294118,17.852941176470587,69.55882352941177,51.70588235294118,부곡여자중;부곡중,0,0,0,,,,0,2,False,0.0
A60982202,1,3,67.84313725490198,82.26470588235294,51.70588235294118,30.55882352941176,82.26470588235294,51.70588235294118,금정중;부곡여중;부곡중,0,0,0,,,,0,3,False,0.0
A60982402,1,3,55.568627450980394,69.55882352941177,45.44117647058823,24.117647058823536,69.55882352941177,45.44117647058823,동현중;부곡여자중;부곡중,0,0,0,,,,0,3,False,0.0
A60982403,1,3,55.568627450980394,69.55882352941177,45.44117647058823,24.117647058823536,69.55882352941177,45.44117647058823,동현중;부곡여자중;부곡중,0,0,0,,,,0,3,False,0.0
A60983102,1,0,,,,,,,,0,0,0,,,,0,0,False,0.0
A60983104,1,0,,,,,,,,0,0,0,,,,0,0,False,0.0
A60983303,1,0,,,,,,,,0,0,0,,,,0,0,False,0.0
A60983601,1,4,68.09558823529412,88.5,49.91176470588235,38.58823529411765,88.5,49.91176470588235,금정중;동래여중;부곡여자중;장전중,0,0,0,,,,0,4,False,0.0
A60984002,1,3,74.15686274509805,88.5,51.70588235294118,36.79411764705882,88.5,51.70588235294118,금정중;부곡여중;장전중,0,0,0,,,,0,3,False,0.0
A60984101,1,3,74.15686274509805,88.5,51.70588235294118,36.79411764705882,88.5,51.70588235294118,금정중;부곡여중;장전중,0,0,0,,,,0,3,False,0.0
A60984103,1,3,61.88235294117647,88.5,45.44117647058823,43.05882352941177,88.5,45.44117647058823,동현중;부곡여자중;장전중,0,0,0,,,,0,3,False,0.0
A60984401,1,2,73.89705882352942,82.26470588235294,65.52941176470588,16.735294117647058,82.26470588235294,65.52941176470588,금정중;남산중,0,0,0,,,,0,2,False,0.0
A60984701,1,3,77.5,84.70588235294117,65.52941176470588,19.17647058823529,84.70588235294117,65.52941176470588,구서여중;금정중;남산중,0,0,0,,,,0,3,False,0.0
A60984703,1,3,77.5,84.70588235294117,65.52941176470588,19.17647058823529,84.70588235294117,65.52941176470588,구서여중;금정중;남산중,0,0,0,,,,0,3,False,0.0
A61107001,1,3,48.568627450980394,64.52941176470588,30.617647058823533,33.91176470588235,64.52941176470588,30.617647058823533,연산중;연일중;연제중,0,0,0,,,,0,3,False,0.0
A61107002,1,3,48.568627450980394,64.52941176470588,30.617647058823533,33.91176470588235,64.52941176470588,30.617647058823533,연산중;연일중;연제중,0,0,0,,,,0,3,False,0.0
A61107303,1,3,45.45098039215686,73.88235294117646,21.999999999999996,51.882352941176464,73.88235294117646,21.999999999999996,동의중;부산진여중;양동여중,0,0,0,,,,0,3,False,0.0
A61108001,1,0,,,,,,,,0,0,0,,,,0,0,False,0.0
A61108002,1,3,45.45098039215686,73.88235294117646,21.999999999999996,51.882352941176464,73.88235294117646,21.999999999999996,동의중;부산진여중;양동여중,0,0,0,,,,0,3,False,0.0
A61108003,1,3,45.45098039215686,73.88235294117646,21.999999999999996,51.882352941176464,73.88235294117646,21.999999999999996,동의중;부산진여중;양동여중,0,0,0,,,,0,3,False,0.0
A61175110,1,3,48.18627450980392,58.82352941176471,40.88235294117647,17.94117647058824,58.82352941176471,40.88235294117647,망미중;연천중;토현중,0,0,0,,,,0,3,False,0.0
A61175113,1,5,45.14705882352941,58.82352941176471,30.617647058823533,28.205882352941178,58.82352941176471,30.617647058823533,망미중;연산중;연제중;연천중;토현중,0,0,0,,,,0,5,False,0.0
A61175209,1,5,45.14705882352941,58.82352941176471,30.617647058823533,28.205882352941178,58.82352941176471,30.617647058823533,망미중;연산중;연제중;연천중;토현중,0,0,0,,,,0,5,False,0.0
A61175307,1,3,75.27450980392156,94.26470588235294,51.8235294117647,42.44117647058824,94.26470588235294,51.8235294117647,거제여중;여명중;이사벨중,0,0,0,,,,0,3,False,0.0
A61175403,1,3,75.27450980392156,94.26470588235294,51.8235294117647,42.44117647058824,94.26470588235294,51.8235294117647,거제여자중;여명중;이사벨중,0,0,0,,,,0,3,False,0.0
A61175404,1,3,75.27450980392156,94.26470588235294,51.8235294117647,42.44117647058824,94.26470588235294,51.8235294117647,거제여중;여명중;이사벨중학교,0,0,0,,,,0,3,False,0.0
A61175405,1,3,75.27450980392156,94.26470588235294,51.8235294117647,42.44117647058824,94.26470588235294,51.8235294117647,거제여자중;여명중;이사벨중,0,0,0,,,,0,3,False,0.0
A61175505,1,3,75.27450980392156,94.26470588235294,51.8235294117647,42.44117647058824,94.26470588235294,51.8235294117647,거제여자중;여명중;이사벨중,0,0,0,,,,0,3,False,0.0
A61175702,1,3,48.568627450980394,64.52941176470588,30.617647058823533,33.91176470588235,64.52941176470588,30.617647058823533,연산중;연일중;연제중,0,0,0,,,,0,3,False,0.0
A61175804,1,3,48.568627450980394,64.52941176470588,30.617647058823533,33.91176470588235,64.52941176470588,30.617647058823533,연산중;연일중;연제중,0,0,0,,,,0,3,False,0.0
A61175901,1,6,50.333333333333336,79.73529411764706,30.617647058823533,49.11764705882352,79.73529411764706,30.617647058823533,동신중;연산중;연일중;연제중;이사벨중;토현중,0,0,0,,,,0,6,False,0.0
A61176004,1,3,48.568627450980394,64.52941176470588,30.617647058823533,33.91176470588235,64.52941176470588,30.617647058823533,연산중;연일중;연제중,0,0,0,,,,0,3,False,0.0
A61176101,1,3,48.568627450980394,64.52941176470588,30.617647058823533,33.91176470588235,64.52941176470588,30.617647058823533,연산중;연일중;연제중,0,0,0,,,,0,3,False,0.0
A61176202,1,0,,,,,,,,0,0,0,,,,0,0,False,0.0
A61176308,1,3,48.18627450980392,58.82352941176471,40.88235294117647,17.94117647058824,58.82352941176471,40.88235294117647,망미중;연천중;토현중,0,0,0,,,,0,3,False,0.0
A61176411,1,5,45.14705882352941,58.82352941176471,30.617647058823533,28.205882352941178,58.82352941176471,30.617647058823533,망미중;연산중;연제중;연천중;토현중,0,0,0,,,,0,5,False,0.0
A61176513,1,3,75.27450980392156,94.26470588235294,51.8235294117647,42.44117647058824,94.26470588235294,51.8235294117647,거제여중;여명중;이사벨중학교,0,0,0,,,,0,3,False,0.0
A61176612,1,3,75.27450980392156,94.26470588235294,51.8235294117647,42.44117647058824,94.26470588235294,51.8235294117647,거제여중;여명중;이사벨중학교,0,0,0,,,,0,3,False,0.0
A61176708,1,3,48.568627450980394,64.52941176470588,30.617647058823533,33.91176470588235,64.52941176470588,30.617647058823533,연산중;연일중;연제중,0,0,0,,,,0,3,False,0.0
A61176709,1,3,75.27450980392156,94.26470588235294,51.8235294117647,42.44117647058824,94.26470588235294,51.8235294117647,거제여중;여명중;이사벨중학교,0,0,0,,,,0,3,False,0.0
A61176911,1,3,48.568627450980394,64.52941176470588,30.617647058823533,33.91176470588235,64.52941176470588,30.617647058823533,연산중;연일중;연제중,0,0,0,,,,0,3,False,0.0
A61177006,1,3,75.27450980392156,94.26470588235294,51.8235294117647,42.44117647058824,94.26470588235294,51.8235294117647,거제여중;여명중;이사벨중,0,0,0,,,,0,3,False,0.0
A61177102,1,3,75.27450980392156,94.26470588235294,51.8235294117647,42.44117647058824,94.26470588235294,51.8235294117647,거제여중;여명중;이사벨중,0,0,0,,,,0,3,False,0.0
A61177214,1,3,48.568627450980394,64.52941176470588,30.617647058823533,33.91176470588235,64.52941176470588,30.617647058823533,연산중;연일중;연제중,0,0,0,,,,0,3,False,0.0
A61180301,1,3,48.568627450980394,64.52941176470588,30.617647058823533,33.91176470588235,64.52941176470588,30.617647058823533,연산중;연일중;연제중,0,0,0,,,,0,3,False,0.0
A61180302,1,3,75.27450980392156,94.26470588235294,51.8235294117647,42.44117647058824,94.26470588235294,51.8235294117647,거제여중;여명중;이사벨중,0,0,0,,,,0,3,False,0.0
A61180303,1,3,48.568627450980394,64.52941176470588,30.617647058823533,33.91176470588235,64.52941176470588,30.617647058823533,연산중;연일중;연제중,0,0,0,,,,0,3,False,0.0
A61180304,1,3,75.27450980392156,94.26470588235294,51.8235294117647,42.44117647058824,94.26470588235294,51.8235294117647,거제여중;여명중;이사벨중,0,0,0,,,,0,3,False,0.0
A61180305,1,3,48.568627450980394,64.52941176470588,30.617647058823533,33.91176470588235,64.52941176470588,30.617647058823533,연산중;연일중;연제중,0,0,0,,,,0,3,False,0.0
A61180310,1,3,75.27450980392156,94.26470588235294,51.8235294117647,42.44117647058824,94.26470588235294,51.8235294117647,거제여중;여명중;이사벨중,0,0,0,,,,0,3,False,0.0
A61180401,1,3,48.568627450980394,64.52941176470588,30.617647058823533,33.91176470588235,64.52941176470588,30.617647058823533,연산중;연일중;연제중,0,0,0,,,,0,3,False,0.0
A61180501,1,3,75.27450980392156,94.26470588235294,51.8235294117647,42.44117647058824,94.26470588235294,51.8235294117647,거제여중;여명중;이사벨중,0,0,0,,,,0,3,False,0.0
A61180503,1,3,75.27450980392156,94.26470588235294,51.8235294117647,42.44117647058824,94.26470588235294,51.8235294117647,거제여중;여명중;이사벨중,0,0,0,,,,0,3,False,0.0
A61180701,1,3,75.27450980392156,94.26470588235294,51.8235294117647,42.44117647058824,94.26470588235294,51.8235294117647,거제여자중;여명중;이사벨중,0,0,0,,,,0,3,False,0.0
A61180702,1,3,75.27450980392156,94.26470588235294,51.8235294117647,42.44117647058824,94.26470588235294,51.8235294117647,거제여자중;여명중;이사벨중,0,0,0,,,,0,3,False,0.0
A61180706,1,3,75.27450980392156,94.26470588235294,51.8235294117647,42.44117647058824,94.26470588235294,51.8235294117647,거제여자중;여명중;이사벨중,0,0,0,,,,0,3,False,0.0
A61180904,1,3,75.27450980392156,94.26470588235294,51.8235294117647,42.44117647058824,94.26470588235294,51.8235294117647,거제여자중;여명중;이사벨중,0,0,0,,,,0,3,False,0.0
A61181003,1,5,45.14705882352941,58.82352941176471,30.617647058823533,28.205882352941178,58.82352941176471,30.617647058823533,망미중;연산중;연제중;연천중;토현중,0,0,0,,,,0,5,False,0.0
A61181004,1,3,48.18627450980392,58.82352941176471,40.88235294117647,17.94117647058824,58.82352941176471,40.88235294117647,망미중;연천중;토현중,0,0,0,,,,0,3,False,0.0
A61181006,1,3,48.18627450980392,58.82352941176471,40.88235294117647,17.94117647058824,58.82352941176471,40.88235294117647,망미중;연천중;토현중,0,0,0,,,,0,3,False,0.0
A61181102,1,3,48.568627450980394,64.52941176470588,30.617647058823533,33.91176470588235,64.52941176470588,30.617647058823533,연산중;연일중;연제중,0,0,0,,,,0,3,False,0.0
A61181103,1,3,48.568627450980394,64.52941176470588,30.617647058823533,33.91176470588235,64.52941176470588,30.617647058823533,연산중;연일중;연제중,0,0,0,,,,0,3,False,0.0
A61181202,1,4,43.794117647058826,58.82352941176471,30.617647058823533,28.205882352941178,58.82352941176471,30.617647058823533,망미중;연제중;연천중;토현중,0,0,0,,,,0,4,False,0.0
A61181205,1,4,43.794117647058826,58.82352941176471,30.617647058823533,28.205882352941178,58.82352941176471,30.617647058823533,망미중;연제중;연천중;토현중,0,0,0,,,,0,4,False,0.0
A61181207,1,4,43.794117647058826,58.82352941176471,30.617647058823533,28.205882352941178,58.82352941176471,30.617647058823533,망미중;연제중;연천중;토현중,0,0,0,,,,0,4,False,0.0
A61181601,1,3,48.568627450980394,64.52941176470588,30.617647058823533,33.91176470588235,64.52941176470588,30.617647058823533,연산중;연일중;연제중,0,0,0,,,,0,3,False,0.0
A61182002,1,6,50.333333333333336,79.73529411764706,30.617647058823533,49.11764705882352,79.73529411764706,30.617647058823533,동신중;연산중;연일중;연제중;이사벨중;토현중,0,0,0,,,,0,6,False,0.0
A61182006,1,3,48.568627450980394,64.52941176470588,30.617647058823533,33.91176470588235,64.52941176470588,30.617647058823533,연산중;연일중;연제중,0,0,0,,,,0,3,False,0.0
A61182007,1,3,48.568627450980394,64.52941176470588,30.617647058823533,33.91176470588235,64.52941176470588,30.617647058823533,연산중;연일중;연제중,0,0,0,,,,0,3,False,0.0
A61182009,1,3,48.568627450980394,64.52941176470588,30.617647058823533,33.91176470588235,64.52941176470588,30.617647058823533,연산중;연일중;연제중,0,0,0,,,,0,3,False,0.0
A61182301,1,6,50.333333333333336,79.73529411764706,30.617647058823533,49.11764705882352,79.73529411764706,30.617647058823533,동신중;연산중;연일중;연제중;이사벨중;토현중,0,0,0,,,,0,6,False,0.0
A61182303,1,6,50.333333333333336,79.73529411764706,30.617647058823533,49.11764705882352,79.73529411764706,30.617647058823533,동신중;연산중;연일중;연제중;이사벨중;토현중,0,0,0,,,,0,6,False,0.0
A61182305,1,6,50.333333333333336,79.73529411764706,30.617647058823533,49.11764705882352,79.73529411764706,30.617647058823533,동신중;연산중;연일중;연제중;이사벨중;토현중,0,0,0,,,,0,6,False,0.0
A61182308,1,6,50.333333333333336,79.73529411764706,30.617647058823533,49.11764705882352,79.73529411764706,30.617647058823533,동신중;연산중;연일중;연제중;이사벨중;토현중,0,0,0,,,,0,6,False,0.0
A61182901,1,2,40.58823529411765,50.55882352941177,30.617647058823533,19.941176470588236,50.55882352941177,30.617647058823533,연산중;연제중,0,0,0,,,,0,2,False,0.0
A61182902,1,2,40.58823529411765,50.55882352941177,30.617647058823533,19.941176470588236,50.55882352941177,30.617647058823533,연산중;연제중,0,0,0,,,,0,2,False,0.0
A61201002,1,3,86.74509803921569,92.52941176470588,77.88235294117646,14.64705882352942,92.52941176470588,77.88235294117646,신도중;해운대여중;해운대중,0,0,0,,,,0,3,False,0.0
A61201003,1,4,80.42647058823529,83.41176470588236,77.88235294117646,5.529411764705898,83.41176470588236,77.88235294117646,부흥중;상당중;신도중;양운중,0,0,0,,,,0,4,False,0.0
A61201004,1,3,86.74509803921569,92.52941176470588,77.88235294117646,14.64705882352942,92.52941176470588,77.88235294117646,신도중;해운대여중;해운대중,0,0,0,,,,0,3,False,0.0
A61201005,1,4,83.57352941176471,97.70588235294117,54.23529411764706,43.470588235294116,97.70588235294117,54.23529411764706,동백중;해강중;해운대여중;해운대중,0,0,0,,,,0,4,False,0.0
A61201006,1,3,86.74509803921569,92.52941176470588,77.88235294117646,14.64705882352942,92.52941176470588,77.88235294117646,신도중;해운대여중;해운대중,0,0,0,,,,0,3,False,0.0
A61201007,1,3,86.74509803921569,92.52941176470588,77.88235294117646,14.64705882352942,92.52941176470588,77.88235294117646,신도중;해운대여중;해운대중,0,0,0,,,,0,3,False,0.0
A61202001,1,3,78.86274509803923,92.52941176470588,54.23529411764706,38.294117647058826,92.52941176470588,54.23529411764706,동백중;해운대여중;해운대중,0,0,0,,,,0,3,False,0.0
A61202004,1,3,93.3529411764706,97.70588235294117,89.82352941176471,7.882352941176464,97.70588235294117,89.82352941176471,해강중;해운대여중;해운대중,0,0,0,,,,0,3,False,0.0
A61202005,1,2,95.11764705882354,97.70588235294117,92.52941176470588,5.17647058823529,97.70588235294117,92.52941176470588,해강중;해운대중,0,0,0,,,,0,2,False,0.0
A61202006,1,3,93.3529411764706,97.70588235294117,89.82352941176471,7.882352941176464,97.70588235294117,89.82352941176471,해강중;해운대여중;해운대중,0,0,0,,,,0,3,False,0.0
A61202007,1,3,93.3529411764706,97.70588235294117,89.82352941176471,7.882352941176464,97.70588235294117,89.82352941176471,해강중;해운대여중;해운대중,0,0,0,,,,0,3,False,0.0
A61202008,1,3,82.88235294117648,93.44117647058823,67.5,25.941176470588232,93.44117647058823,67.5,분포중;오륙도중;용호중,0,0,0,,,,0,3,False,0.0
A61202009,1,3,93.3529411764706,97.70588235294117,89.82352941176471,7.882352941176464,97.70588235294117,89.82352941176471,해강중;해운대여중;해운대중,0,0,0,,,,0,3,False,0.0
A61202010,1,2,95.11764705882354,97.70588235294117,92.52941176470588,5.17647058823529,97.70588235294117,92.52941176470588,해강중;해운대중,0,0,0,,,,0,2,False,0.0
A61202011,1,3,93.3529411764706,97.70588235294117,89.82352941176471,7.882352941176464,97.70588235294117,89.82352941176471,해강중;해운대여중;해운대중,0,0,0,,,,0,3,False,0.0
A61203001,1,3,75.65686274509805,89.32352941176471,54.23529411764706,35.08823529411765,89.32352941176471,54.23529411764706,동백중;부흥중;신곡중,0,0,0,,,,0,3,False,0.0
A61203002,1,3,75.65686274509805,89.32352941176471,54.23529411764706,35.08823529411765,89.32352941176471,54.23529411764706,동백중;부흥중;신곡중,0,0,0,,,,0,3,False,0.0
A61203003,1,2,80.01470588235294,82.14705882352942,77.88235294117646,4.264705882352956,82.14705882352942,77.88235294117646,신도중;양운중,0,0,0,,,,0,2,False,0.0
A61203004,1,3,75.65686274509805,89.32352941176471,54.23529411764706,35.08823529411765,89.32352941176471,54.23529411764706,동백중;부흥중;신곡중,0,0,0,,,,0,3,False,0.0
A61203005,1,2,80.01470588235294,82.14705882352942,77.88235294117646,4.264705882352956,82.14705882352942,77.88235294117646,신도중;양운중,0,0,0,,,,0,2,False,0.0
A61203008,1,4,80.42647058823529,83.41176470588236,77.88235294117646,5.529411764705898,83.41176470588236,77.88235294117646,부흥중;상당중;신도중;양운중,0,0,0,,,,0,4,False,0.0
A61203010,1,2,80.83823529411765,83.41176470588236,78.26470588235294,5.14705882352942,83.41176470588236,78.26470588235294,부흥중;상당중,0,0,0,,,,0,2,False,0.0
A61203012,1,1,89.32352941176471,89.32352941176471,89.32352941176471,0.0,89.32352941176471,89.32352941176471,신곡중,0,0,0,,,,0,1,False,0.0
A61203013,1,3,75.65686274509805,89.32352941176471,54.23529411764706,35.08823529411765,89.32352941176471,54.23529411764706,동백중;부흥중;신곡중,0,0,0,,,,0,3,False,0.0
A61203014,1,2,80.01470588235294,82.14705882352942,77.88235294117646,4.264705882352956,82.14705882352942,77.88235294117646,신도중;양운중,0,0,0,,,,0,2,False,0.0
A61203015,1,4,80.42647058823529,83.41176470588236,77.88235294117646,5.529411764705898,83.41176470588236,77.88235294117646,부흥중;상당중;신도중;양운중,0,0,0,,,,0,4,False,0.0
A61203016,1,2,80.83823529411765,83.41176470588236,78.26470588235294,5.14705882352942,83.41176470588236,78.26470588235294,부흥중;상당중,0,0,0,,,,0,2,False,0.0
A61203017,1,5,82.20588235294117,89.32352941176471,77.88235294117646,11.441176470588246,89.32352941176471,77.88235294117646,부흥중;상당중;신곡중;신도중;양운중,0,0,0,,,,0,5,False,0.0
A61203018,1,3,75.65686274509805,89.32352941176471,54.23529411764706,35.08823529411765,89.32352941176471,54.23529411764706,동백중;부흥중;신곡중,0,0,0,,,,0,3,False,0.0
A61203019,1,5,82.20588235294117,89.32352941176471,77.88235294117646,11.441176470588246,89.32352941176471,77.88235294117646,부흥중;상당중;신곡중;신도중;양운중,0,0,0,,,,0,5,False,0.0
A61203020,1,2,80.83823529411765,83.41176470588236,78.26470588235294,5.14705882352942,83.41176470588236,78.26470588235294,부흥중;상당중,0,0,0,,,,0,2,False,0.0
A61203021,1,2,80.01470588235294,82.14705882352942,77.88235294117646,4.264705882352956,82.14705882352942,77.88235294117646,신도중;양운중,0,0,0,,,,0,2,False,0.0
A61203022,1,2,80.83823529411765,83.41176470588236,78.26470588235294,5.14705882352942,83.41176470588236,78.26470588235294,부흥중;상당중,0,0,0,,,,0,2,False,0.0
A61203023,1,2,80.83823529411765,83.41176470588236,78.26470588235294,5.14705882352942,83.41176470588236,78.26470588235294,부흥중;상당중,0,0,0,,,,0,2,False,0.0
A61203024,1,2,71.77941176470588,89.32352941176471,54.23529411764706,35.08823529411765,89.32352941176471,54.23529411764706,동백중;신곡중,0,0,0,,,,0,2,False,0.0
A61203025,1,3,75.65686274509805,89.32352941176471,54.23529411764706,35.08823529411765,89.32352941176471,54.23529411764706,동백중;부흥중;신곡중,0,0,0,,,,0,3,False,0.0
A61203026,1,3,75.65686274509805,89.32352941176471,54.23529411764706,35.08823529411765,89.32352941176471,54.23529411764706,동백중;부흥중;신곡중,0,0,0,,,,0,3,False,0.0
A61203027,1,2,80.01470588235294,82.14705882352942,77.88235294117646,4.264705882352956,82.14705882352942,77.88235294117646,신도중;양운중,0,0,0,,,,0,2,False,0.0
A61203028,1,4,80.42647058823529,83.41176470588236,77.88235294117646,5.529411764705898,83.41176470588236,77.88235294117646,부흥중;상당중;신도중;양운중,0,0,0,,,,0,4,False,0.0
A61203029,1,2,80.83823529411765,83.41176470588236,78.26470588235294,5.14705882352942,83.41176470588236,78.26470588235294,부흥중;상당중,0,0,0,,,,0,2,False,0.0
A61203031,1,2,71.77941176470588,89.32352941176471,54.23529411764706,35.08823529411765,89.32352941176471,54.23529411764706,동백중;신곡중,0,0,0,,,,0,2,False,0.0
A61203032,1,1,89.32352941176471,89.32352941176471,89.32352941176471,0.0,89.32352941176471,89.32352941176471,신곡중,0,0,0,,,,0,1,False,0.0
A61203033,1,1,89.32352941176471,89.32352941176471,89.32352941176471,0.0,89.32352941176471,89.32352941176471,신곡중,0,0,0,,,,0,1,False,0.0
A61203034,1,3,75.65686274509805,89.32352941176471,54.23529411764706,35.08823529411765,89.32352941176471,54.23529411764706,동백중;부흥중;신곡중,0,0,0,,,,0,3,False,0.0
A61203035,1,1,89.32352941176471,89.32352941176471,89.32352941176471,0.0,89.32352941176471,89.32352941176471,신곡중,0,0,0,,,,0,1,False,0.0
A61203036,1,2,80.01470588235294,82.14705882352942,77.88235294117646,4.264705882352956,82.14705882352942,77.88235294117646,신도중;양운중,0,0,0,,,,0,2,False,0.0
A61203037,1,3,75.65686274509805,89.32352941176471,54.23529411764706,35.08823529411765,89.32352941176471,54.23529411764706,동백중;부흥중;신곡중,0,0,0,,,,0,3,False,0.0
A61203038,1,1,89.32352941176471,89.32352941176471,89.32352941176471,0.0,89.32352941176471,89.32352941176471,신곡중,0,0,0,,,,0,1,False,0.0
A61203039,1,5,82.20588235294117,89.32352941176471,77.88235294117646,11.441176470588246,89.32352941176471,77.88235294117646,부흥중;상당중;신곡중;신도중;양운중,0,0,0,,,,0,5,False,0.0
A61203040,1,2,80.83823529411765,83.41176470588236,78.26470588235294,5.14705882352942,83.41176470588236,78.26470588235294,부흥중;상당중,0,0,0,,,,0,2,False,0.0
A61204001,1,1,45.647058823529406,45.647058823529406,45.647058823529406,0.0,45.647058823529406,45.647058823529406,신호중,1,1,1,신호중,45.647058823529406,45.647058823529406,0,1,False,0.4564705882352941
A61204002,1,1,45.647058823529406,45.647058823529406,45.647058823529406,0.0,45.647058823529406,45.647058823529406,신호중,1,1,1,신호중,45.647058823529406,45.647058823529406,0,1,False,0.4564705882352941
A61205002,1,3,48.30392156862746,98.91176470588236,18.88235294117647,80.02941176470588,98.91176470588236,18.88235294117647,센텀중;재송여자중;재송중,0,0,0,,,,0,3,False,0.0
A61205003,1,1,98.91176470588236,98.91176470588236,98.91176470588236,0.0,98.91176470588236,98.91176470588236,센텀중,1,1,1,센텀중,98.91176470588236,98.91176470588236,1,1,False,0.9891176470588237
A61205004,1,3,48.30392156862746,98.91176470588236,18.88235294117647,80.02941176470588,98.91176470588236,18.88235294117647,센텀중;재송여자중;재송중,0,0,0,,,,0,3,False,0.0
A61206101,1,3,22.637254901960784,32.73529411764706,16.294117647058826,16.441176470588232,32.73529411764706,16.294117647058826,반안중;반여중;재송중,0,0,0,,,,0,3,False,0.0
A61206102,1,3,22.637254901960784,32.73529411764706,16.294117647058826,16.441176470588232,32.73529411764706,16.294117647058826,반안중;반여중;재송중,0,0,0,,,,0,3,False,0.0
A61206103,1,3,22.637254901960784,32.73529411764706,16.294117647058826,16.441176470588232,32.73529411764706,16.294117647058826,반안중;반여중;재송중,0,0,0,,,,0,3,False,0.0
A61206110,1,3,53.55882352941177,71.11764705882354,32.73529411764706,38.38235294117648,71.11764705882354,32.73529411764706,반여중;인지중;장산중,0,0,0,,,,0,3,False,0.0
A61206113,1,4,34.75735294117647,71.11764705882354,16.294117647058826,54.82352941176471,71.11764705882354,16.294117647058826,반안중;반여중;인지중;재송중,0,0,0,,,,0,4,False,0.0
A61206114,1,3,53.55882352941177,71.11764705882354,32.73529411764706,38.38235294117648,71.11764705882354,32.73529411764706,반여중;인지중;장산중,0,0,0,,,,0,3,False,0.0
A61206118,1,2,63.970588235294116,71.11764705882354,56.823529411764696,14.29411764705884,71.11764705882354,56.823529411764696,인지중;장산중,0,0,0,,,,0,2,False,0.0
A61206202,1,2,21.970588235294116,21.970588235294116,21.970588235294116,0.0,21.970588235294116,21.970588235294116,반송중;운송중,0,0,0,,,,0,1,False,0.0
A61270515,1,3,40.04901960784314,71.11764705882354,16.294117647058826,54.82352941176471,71.11764705882354,16.294117647058826,반안중;반여중;인지중,0,0,0,,,,0,3,False,0.0
A61271005,1,3,78.86274509803923,92.52941176470588,54.23529411764706,38.294117647058826,92.52941176470588,54.23529411764706,동백중;해운대여중;해운대중,0,0,0,,,,0,3,False,0.0
A61271101,1,3,93.3529411764706,97.70588235294117,89.82352941176471,7.882352941176464,97.70588235294117,89.82352941176471,해강중;해운대여중;해운대중,0,0,0,,,,0,3,False,0.0
A61271204,1,1,98.91176470588236,98.91176470588236,98.91176470588236,0.0,98.91176470588236,98.91176470588236,센텀중,1,1,1,센텀중,98.91176470588236,98.91176470588236,1,1,False,0.9891176470588237
A61271302,1,1,98.91176470588236,98.91176470588236,98.91176470588236,0.0,98.91176470588236,98.91176470588236,센텀중,1,1,1,센텀중,98.91176470588236,98.91176470588236,1,1,False,0.9891176470588237
A61271405,1,2,71.77941176470588,89.32352941176471,54.23529411764706,35.08823529411765,89.32352941176471,54.23529411764706,동백중;신곡중,0,0,0,,,,0,2,False,0.0
A61271603,1,4,80.42647058823529,83.41176470588236,77.88235294117646,5.529411764705898,83.41176470588236,77.88235294117646,부흥중;상당중;신도중;양운중,0,0,0,,,,0,4,False,0.0
A61271919,1,3,40.04901960784314,71.11764705882354,16.294117647058826,54.82352941176471,71.11764705882354,16.294117647058826,반안중;반여중;인지중,0,0,0,,,,0,3,False,0.0
A61272011,1,2,63.970588235294116,71.11764705882354,56.823529411764696,14.29411764705884,71.11764705882354,56.823529411764696,인지중;장산중,0,0,0,,,,0,2,False,0.0
A61272801,1,0,,,,,,,,0,0,0,,,,0,0,False,0.0
A61272906,1,3,93.3529411764706,97.70588235294117,89.82352941176471,7.882352941176464,97.70588235294117,89.82352941176471,해강중;해운대여중;해운대중,0,0,0,,,,0,3,False,0.0
A61273009,1,2,36.63235294117647,51.294117647058826,21.970588235294116,29.32352941176471,51.294117647058826,21.970588235294116,반송여자중;반송중,0,0,0,,,,0,2,False,0.0
A61273104,1,2,36.63235294117647,51.294117647058826,21.970588235294116,29.32352941176471,51.294117647058826,21.970588235294116,반송여자중;반송중,0,0,0,,,,0,2,False,0.0
A61273306,1,2,36.63235294117647,51.294117647058826,21.970588235294116,29.32352941176471,51.294117647058826,21.970588235294116,반송여자중;반송중,0,0,0,,,,0,2,False,0.0
A61273507,1,2,36.63235294117647,51.294117647058826,21.970588235294116,29.32352941176471,51.294117647058826,21.970588235294116,반송여자중;반송중,0,0,0,,,,0,2,False,0.0
A61273609,1,2,21.970588235294116,21.970588235294116,21.970588235294116,0.0,21.970588235294116,21.970588235294116,반송중;운송중,0,0,0,,,,0,1,False,0.0
A61273903,1,0,,,,,,,,0,0,0,,,,0,0,False,0.0
A61274011,1,2,95.11764705882354,97.70588235294117,92.52941176470588,5.17647058823529,97.70588235294117,92.52941176470588,해강중;해운대중,0,0,0,,,,0,2,False,0.0
A61274012,1,3,93.3529411764706,97.70588235294117,89.82352941176471,7.882352941176464,97.70588235294117,89.82352941176471,해강중;해운대여중;해운대중,0,0,0,,,,0,3,False,0.0
A61274013,1,3,93.3529411764706,97.70588235294117,89.82352941176471,7.882352941176464,97.70588235294117,89.82352941176471,해강중;해운대여중;해운대중,0,0,0,,,,0,3,False,0.0
A61274014,1,2,95.11764705882354,97.70588235294117,92.52941176470588,5.17647058823529,97.70588235294117,92.52941176470588,해강중;해운대중,0,0,0,,,,0,2,False,0.0
A61274114,1,2,95.11764705882354,97.70588235294117,92.52941176470588,5.17647058823529,97.70588235294117,92.52941176470588,해강중;해운대중,0,0,0,,,,0,2,False,0.0
A61274213,1,3,93.3529411764706,97.70588235294117,89.82352941176471,7.882352941176464,97.70588235294117,89.82352941176471,해강중;해운대여중;해운대중,0,0,0,,,,0,3,False,0.0
A61274508,1,3,93.3529411764706,97.70588235294117,89.82352941176471,7.882352941176464,97.70588235294117,89.82352941176471,해강중;해운대여중;해운대중,0,0,0,,,,0,3,False,0.0
A61274707,1,3,93.3529411764706,97.70588235294117,89.82352941176471,7.882352941176464,97.70588235294117,89.82352941176471,해강중;해운대여중;해운대중,0,0,0,,,,0,3,False,0.0
A61274815,1,3,20.764705882352942,27.117647058823525,16.294117647058826,10.8235294117647,27.117647058823525,16.294117647058826,반안중;재송여중;재송중,0,0,0,,,,0,3,False,0.0
A61275001,1,2,80.01470588235294,82.14705882352942,77.88235294117646,4.264705882352956,82.14705882352942,77.88235294117646,신도중;양운중,0,0,0,,,,0,2,False,0.0
A61275002,1,4,80.42647058823529,83.41176470588236,77.88235294117646,5.529411764705898,83.41176470588236,77.88235294117646,부흥중;상당중;신도중;양운중,0,0,0,,,,0,4,False,0.0
A61275301,1,1,89.32352941176471,89.32352941176471,89.32352941176471,0.0,89.32352941176471,89.32352941176471,신곡중,0,0,0,,,,0,1,False,0.0
A61275302,1,2,71.77941176470588,89.32352941176471,54.23529411764706,35.08823529411765,89.32352941176471,54.23529411764706,동백중;신곡중,0,0,0,,,,0,2,False,0.0
A61275303,1,3,75.65686274509805,89.32352941176471,54.23529411764706,35.08823529411765,89.32352941176471,54.23529411764706,동백중;부흥중;신곡중,0,0,0,,,,0,3,False,0.0
A61275702,1,2,80.01470588235294,82.14705882352942,77.88235294117646,4.264705882352956,82.14705882352942,77.88235294117646,신도중;양운중,0,0,0,,,,0,2,False,0.0
A61277002,1,2,95.11764705882354,97.70588235294117,92.52941176470588,5.17647058823529,97.70588235294117,92.52941176470588,해강중;해운대중,0,0,0,,,,0,2,False,0.0
A61277909,1,3,20.764705882352942,27.117647058823525,16.294117647058826,10.8235294117647,27.117647058823525,16.294117647058826,반안중;재송여중;재송중,0,0,0,,,,0,3,False,0.0
A61278214,1,3,20.764705882352942,27.117647058823525,16.294117647058826,10.8235294117647,27.117647058823525,16.294117647058826,반안중;재송여중;재송중,0,0,0,,,,0,3,False,0.0
A61278501,1,4,80.42647058823529,83.41176470588236,77.88235294117646,5.529411764705898,83.41176470588236,77.88235294117646,부흥중;상당중;신도중;양운중,0,0,0,,,,0,4,False,0.0
A61278912,1,2,95.11764705882354,97.70588235294117,92.52941176470588,5.17647058823529,97.70588235294117,92.52941176470588,해강중;해운대중,0,0,0,,,,0,2,False,0.0
A61279801,1,3,22.637254901960784,32.73529411764706,16.294117647058826,16.441176470588232,32.73529411764706,16.294117647058826,반안중;반여중;재송중,0,0,0,,,,0,3,False,0.0
A61279802,1,3,22.637254901960784,32.73529411764706,16.294117647058826,16.441176470588232,32.73529411764706,16.294117647058826,반안중;반여중;재송중,0,0,0,,,,0,3,False,0.0
A61279803,1,3,22.637254901960784,32.73529411764706,16.294117647058826,16.441176470588232,32.73529411764706,16.294117647058826,반안중;반여중;재송중,0,0,0,,,,0,3,False,0.0
A61279804,1,4,34.75735294117647,71.11764705882354,16.294117647058826,54.82352941176471,71.11764705882354,16.294117647058826,반안중;반여중;인지중;재송중,0,0,0,,,,0,4,False,0.0
A61280103,1,2,21.970588235294116,21.970588235294116,21.970588235294116,0.0,21.970588235294116,21.970588235294116,반송중;운송중,0,0,0,,,,0,1,False,0.0
A61280401,1,0,,,,,,,,0,0,0,,,,0,0,False,0.0
A61280801,1,2,36.63235294117647,51.294117647058826,21.970588235294116,29.32352941176471,51.294117647058826,21.970588235294116,반송여자중;반송중,0,0,0,,,,0,2,False,0.0
A61280802,1,2,36.63235294117647,51.294117647058826,21.970588235294116,29.32352941176471,51.294117647058826,21.970588235294116,반송여자중;반송중,0,0,0,,,,0,2,False,0.0
A61280805,1,2,36.63235294117647,51.294117647058826,21.970588235294116,29.32352941176471,51.294117647058826,21.970588235294116,반송여자중;반송중,0,0,0,,,,0,2,False,0.0
A61280906,1,0,,,,,,,,0,0,0,,,,0,0,False,0.0
A61281104,1,3,22.637254901960784,32.73529411764706,16.294117647058826,16.441176470588232,32.73529411764706,16.294117647058826,반안중;반여중;재송중,0,0,0,,,,0,3,False,0.0
A61281117,1,2,63.970588235294116,71.11764705882354,56.823529411764696,14.29411764705884,71.11764705882354,56.823529411764696,인지중;장산중,0,0,0,,,,0,2,False,0.0
A61281301,1,2,21.970588235294116,21.970588235294116,21.970588235294116,0.0,21.970588235294116,21.970588235294116,반송중;운송중,0,0,0,,,,0,1,False,0.0
A61281505,1,2,63.970588235294116,71.11764705882354,56.823529411764696,14.29411764705884,71.11764705882354,56.823529411764696,인지중;장산중,0,0,0,,,,0,2,False,0.0
A61281507,1,2,63.970588235294116,71.11764705882354,56.823529411764696,14.29411764705884,71.11764705882354,56.823529411764696,인지중;장산중,0,0,0,,,,0,2,False,0.0
A61281512,1,3,48.30392156862746,98.91176470588236,18.88235294117647,80.02941176470588,98.91176470588236,18.88235294117647,센텀중;재송여자중;재송중,0,0,0,,,,0,3,False,0.0
A61281901,1,3,78.86274509803923,92.52941176470588,54.23529411764706,38.294117647058826,92.52941176470588,54.23529411764706,동백중;해운대여중;해운대중,0,0,0,,,,0,3,False,0.0
A61281904,1,3,78.86274509803923,92.52941176470588,54.23529411764706,38.294117647058826,92.52941176470588,54.23529411764706,동백중;해운대여중;해운대중,0,0,0,,,,0,3,False,0.0
A61282002,1,3,78.86274509803923,92.52941176470588,54.23529411764706,38.294117647058826,92.52941176470588,54.23529411764706,동백중;해운대여중;해운대중,0,0,0,,,,0,3,False,0.0
A61282203,1,2,95.11764705882354,97.70588235294117,92.52941176470588,5.17647058823529,97.70588235294117,92.52941176470588,해강중;해운대중,0,0,0,,,,0,2,False,0.0
A61282215,1,2,95.11764705882354,97.70588235294117,92.52941176470588,5.17647058823529,97.70588235294117,92.52941176470588,해강중;해운대중,0,0,0,,,,0,2,False,0.0
A61282301,1,3,93.3529411764706,97.70588235294117,89.82352941176471,7.882352941176464,97.70588235294117,89.82352941176471,해강중;해운대여중;해운대중,0,0,0,,,,0,3,False,0.0
A61282304,1,3,93.3529411764706,97.70588235294117,89.82352941176471,7.882352941176464,97.70588235294117,89.82352941176471,해강중;해운대여중;해운대중,0,0,0,,,,0,3,False,0.0
A61282408,1,3,93.3529411764706,97.70588235294117,89.82352941176471,7.882352941176464,97.70588235294117,89.82352941176471,해강중;해운대여중;해운대중,0,0,0,,,,0,3,False,0.0
A61282409,1,3,93.3529411764706,97.70588235294117,89.82352941176471,7.882352941176464,97.70588235294117,89.82352941176471,해강중;해운대여중;해운대중,0,0,0,,,,0,3,False,0.0
A61282705,1,3,93.3529411764706,97.70588235294117,89.82352941176471,7.882352941176464,97.70588235294117,89.82352941176471,해강중;해운대여중;해운대중,0,0,0,,,,0,3,False,0.0
A61282801,1,3,48.30392156862746,98.91176470588236,18.88235294117647,80.02941176470588,98.91176470588236,18.88235294117647,센텀중;재송여자중;재송중,0,0,0,,,,0,3,False,0.0
A61283002,1,2,21.970588235294116,21.970588235294116,21.970588235294116,0.0,21.970588235294116,21.970588235294116,반송중;운송중,0,0,0,,,,0,1,False,0.0
A61283005,1,2,21.970588235294116,21.970588235294116,21.970588235294116,0.0,21.970588235294116,21.970588235294116,반송중;운송중,0,0,0,,,,0,1,False,0.0
A61283204,1,3,48.30392156862746,98.91176470588236,18.88235294117647,80.02941176470588,98.91176470588236,18.88235294117647,센텀중;재송여자중;재송중,0,0,0,,,,0,3,False,0.0
A61283208,1,3,20.764705882352942,27.117647058823525,16.294117647058826,10.8235294117647,27.117647058823525,16.294117647058826,반안중;재송여중;재송중,0,0,0,,,,0,3,False,0.0
A61283211,1,3,48.30392156862746,98.91176470588236,18.88235294117647,80.02941176470588,98.91176470588236,18.88235294117647,센텀중;재송여자중;재송중,0,0,0,,,,0,3,False,0.0
A61283403,1,2,21.970588235294116,21.970588235294116,21.970588235294116,0.0,21.970588235294116,21.970588235294116,반송중;운송중,0,0,0,,,,0,1,False,0.0
A61283407,1,2,21.970588235294116,21.970588235294116,21.970588235294116,0.0,21.970588235294116,21.970588235294116,반송중;운송중,0,0,0,,,,0,1,False,0.0
A61283410,1,2,21.970588235294116,21.970588235294116,21.970588235294116,0.0,21.970588235294116,21.970588235294116,반송중;운송중,0,0,0,,,,0,1,False,0.0
A61284601,1,2,71.77941176470588,89.32352941176471,54.23529411764706,35.08823529411765,89.32352941176471,54.23529411764706,동백중;신곡중,0,0,0,,,,0,2,False,0.0
A61284604,1,3,86.74509803921569,92.52941176470588,77.88235294117646,14.64705882352942,92.52941176470588,77.88235294117646,신도중;해운대여중;해운대중,0,0,0,,,,0,3,False,0.0
A61284902,1,4,83.57352941176471,97.70588235294117,54.23529411764706,43.470588235294116,97.70588235294117,54.23529411764706,동백중;해강중;해운대여중;해운대중,0,0,0,,,,0,4,False,0.0
A61285001,1,4,83.57352941176471,97.70588235294117,54.23529411764706,43.470588235294116,97.70588235294117,54.23529411764706,동백중;해강중;해운대여중;해운대중,0,0,0,,,,0,4,False,0.0
A61286403,1,3,48.30392156862746,98.91176470588236,18.88235294117647,80.02941176470588,98.91176470588236,18.88235294117647,센텀중;재송여자중;재송중,0,0,0,,,,0,3,False,0.0
A61286701,1,3,48.30392156862746,98.91176470588236,18.88235294117647,80.02941176470588,98.91176470588236,18.88235294117647,센텀중;재송여자중;재송중,0,0,0,,,,0,3,False,0.0
A61286706,1,3,48.30392156862746,98.91176470588236,18.88235294117647,80.02941176470588,98.91176470588236,18.88235294117647,센텀중;재송여자중;재송중,0,0,0,,,,0,3,False,0.0
A61286810,1,3,93.3529411764706,97.70588235294117,89.82352941176471,7.882352941176464,97.70588235294117,89.82352941176471,해강중;해운대여중;해운대중,0,0,0,,,,0,3,False,0.0
A61286907,1,2,95.11764705882354,97.70588235294117,92.52941176470588,5.17647058823529,97.70588235294117,92.52941176470588,해강중;해운대중,0,0,0,,,,0,2,False,0.0
A61287316,1,3,20.764705882352942,27.117647058823525,16.294117647058826,10.8235294117647,27.117647058823525,16.294117647058826,반안중;재송여중;재송중,0,0,0,,,,0,3,False,0.0
A61287317,1,3,20.764705882352942,27.117647058823525,16.294117647058826,10.8235294117647,27.117647058823525,16.294117647058826,반안중;재송여중;재송중,0,0,0,,,,0,3,False,0.0
A61288601,1,2,71.77941176470588,89.32352941176471,54.23529411764706,35.08823529411765,89.32352941176471,54.23529411764706,동백중;신곡중,0,0,0,,,,0,2,False,0.0
A61288602,1,3,86.74509803921569,92.52941176470588,77.88235294117646,14.64705882352942,92.52941176470588,77.88235294117646,신도중;해운대여중;해운대중,0,0,0,,,,0,3,False,0.0
A61288603,1,2,71.77941176470588,89.32352941176471,54.23529411764706,35.08823529411765,89.32352941176471,54.23529411764706,동백중;신곡중,0,0,0,,,,0,2,False,0.0
A61288701,1,3,48.30392156862746,98.91176470588236,18.88235294117647,80.02941176470588,98.91176470588236,18.88235294117647,센텀중;재송여자중;재송중,0,0,0,,,,0,3,False,0.0
A61301001,1,5,66.6,87.20588235294116,43.970588235294116,43.235294117647044,87.20588235294116,43.970588235294116,남천중;대천중;동아중;부산수영중;한바다중,0,0,0,,,,0,5,False,0.0
A61301003,1,5,60.3,87.20588235294116,40.02941176470588,47.17647058823528,87.20588235294116,40.02941176470588,광안중;남천중;동아중;부산수영중;한바다중,0,0,0,,,,0,5,False,0.0
A61310005,1,3,58.08823529411765,73.52941176470588,43.970588235294116,29.558823529411768,73.52941176470588,43.970588235294116,동아중;부산수영중학교;한바다중,0,0,0,,,,0,3,False,0.0
A61310006,1,5,50.25294117647059,73.52941176470588,36.970588235294116,36.55882352941177,73.52941176470588,36.970588235294116,광안중;동수영중;동아중;부산수영중학교;한바다중,0,0,0,,,,0,5,False,0.0
A61310007,1,3,58.08823529411765,73.52941176470588,43.970588235294116,29.558823529411768,73.52941176470588,43.970588235294116,동아중;부산수영중학교;한바다중,0,0,0,,,,0,3,False,0.0
A61313001,1,3,41.931372549019606,44.85294117647059,36.970588235294116,7.882352941176471,44.85294117647059,36.970588235294116,동수영중;망미중;부산수영중학교,0,0,0,,,,0,3,False,0.0
A61313002,1,3,41.931372549019606,44.85294117647059,36.970588235294116,7.882352941176471,44.85294117647059,36.970588235294116,동수영중;망미중;부산수영중학교,0,0,0,,,,0,3,False,0.0
A61313201,1,3,41.931372549019606,44.85294117647059,36.970588235294116,7.882352941176471,44.85294117647059,36.970588235294116,동수영중;망미중;부산수영중학교,0,0,0,,,,0,3,False,0.0
A61313202,1,3,41.931372549019606,44.85294117647059,36.970588235294116,7.882352941176471,44.85294117647059,36.970588235294116,동수영중;망미중;부산수영중학교,0,0,0,,,,0,3,False,0.0
A61313203,1,3,41.931372549019606,44.85294117647059,36.970588235294116,7.882352941176471,44.85294117647059,36.970588235294116,동수영중;망미중;부산수영중학교,0,0,0,,,,0,3,False,0.0
A61370401,1,5,66.6,87.20588235294116,43.970588235294116,43.235294117647044,87.20588235294116,43.970588235294116,남천중;대천중;동아중;부산수영중;한바다중,0,0,0,,,,0,5,False,0.0
A61375202,1,5,50.25294117647059,73.52941176470588,36.970588235294116,36.55882352941177,73.52941176470588,36.970588235294116,광안중;동수영중;동아중;부산수영중학교;한바다중,0,0,0,,,,0,5,False,0.0
A61375603,1,5,50.25294117647059,73.52941176470588,36.970588235294116,36.55882352941177,73.52941176470588,36.970588235294116,광안중;동수영중;동아중;부산수영중학교;한바다중,0,0,0,,,,0,5,False,0.0
A61375702,1,4,53.57352941176471,73.52941176470588,40.02941176470588,33.50000000000001,73.52941176470588,40.02941176470588,광안중;동아중;부산수영중;한바다중,0,0,0,,,,0,4,False,0.0
A61375703,1,3,41.931372549019606,44.85294117647059,36.970588235294116,7.882352941176471,44.85294117647059,36.970588235294116,동수영중;망미중;부산수영중학교,0,0,0,,,,0,3,False,0.0
A61376401,1,5,60.3,87.20588235294116,40.02941176470588,47.17647058823528,87.20588235294116,40.02941176470588,광안중;남천중;동아중;부산수영중;한바다중,0,0,0,,,,0,5,False,0.0
A61376503,1,3,41.931372549019606,44.85294117647059,36.970588235294116,7.882352941176471,44.85294117647059,36.970588235294116,동수영중;망미중;부산수영중,0,0,0,,,,0,3,False,0.0
A61376701,1,3,41.931372549019606,44.85294117647059,36.970588235294116,7.882352941176471,44.85294117647059,36.970588235294116,동수영중;망미중;부산수영중,0,0,0,,,,0,3,False,0.0
A61376802,1,3,41.931372549019606,44.85294117647059,36.970588235294116,7.882352941176471,44.85294117647059,36.970588235294116,동수영중;망미중;부산수영중학교,0,0,0,,,,0,3,False,0.0
A61376903,1,4,53.57352941176471,73.52941176470588,40.02941176470588,33.50000000000001,73.52941176470588,40.02941176470588,광안중;동아중;부산수영중;한바다중,0,0,0,,,,0,4,False,0.0
A61377105,1,4,53.57352941176471,73.52941176470588,40.02941176470588,33.50000000000001,73.52941176470588,40.02941176470588,광안중;동아중;부산수영중;한바다중,0,0,0,,,,0,4,False,0.0
A61377106,1,4,53.57352941176471,73.52941176470588,40.02941176470588,33.50000000000001,73.52941176470588,40.02941176470588,광안중;동아중;부산수영중;한바다중,0,0,0,,,,0,4,False,0.0
A61377204,1,4,53.57352941176471,73.52941176470588,40.02941176470588,33.50000000000001,73.52941176470588,40.02941176470588,광안중;동아중;부산수영중;한바다중,0,0,0,,,,0,4,False,0.0
A61380402,1,3,58.08823529411765,73.52941176470588,43.970588235294116,29.558823529411768,73.52941176470588,43.970588235294116,동아중;부산수영중학교;한바다중,0,0,0,,,,0,3,False,0.0
A61380501,1,3,58.08823529411765,73.52941176470588,43.970588235294116,29.558823529411768,73.52941176470588,43.970588235294116,동아중;부산수영중학교;한바다중,0,0,0,,,,0,3,False,0.0
A61380903,1,5,50.25294117647059,73.52941176470588,36.970588235294116,36.55882352941177,73.52941176470588,36.970588235294116,광안중;동수영중;동아중;부산수영중학교;한바다중,0,0,0,,,,0,5,False,0.0
A61380904,1,5,50.25294117647059,73.52941176470588,36.970588235294116,36.55882352941177,73.52941176470588,36.970588235294116,광안중;동수영중;동아중;부산수영중학교;한바다중,0,0,0,,,,0,5,False,0.0
A61381101,1,5,50.25294117647059,73.52941176470588,36.970588235294116,36.55882352941177,73.52941176470588,36.970588235294116,광안중;동수영중;동아중;부산수영중학교;한바다중,0,0,0,,,,0,5,False,0.0
A61381201,1,5,50.25294117647059,73.52941176470588,36.970588235294116,36.55882352941177,73.52941176470588,36.970588235294116,광안중;동수영중;동아중;부산수영중학교;한바다중,0,0,0,,,,0,5,False,0.0
A61381601,1,5,66.6,87.20588235294116,43.970588235294116,43.235294117647044,87.20588235294116,43.970588235294116,남천중;대천중;동아중;부산수영중;한바다중,0,0,0,,,,0,5,False,0.0
A61381602,1,5,66.6,87.20588235294116,43.970588235294116,43.235294117647044,87.20588235294116,43.970588235294116,남천중;대천중;동아중;부산수영중;한바다중,0,0,0,,,,0,5,False,0.0
A61381805,1,5,60.3,87.20588235294116,40.02941176470588,47.17647058823528,87.20588235294116,40.02941176470588,광안중;남천중;동아중;부산수영중;한바다중,0,0,0,,,,0,5,False,0.0
A61381903,1,5,66.6,87.20588235294116,43.970588235294116,43.235294117647044,87.20588235294116,43.970588235294116,남천중;대천중;동아중;부산수영중;한바다중,0,0,0,,,,0,5,False,0.0
A61382701,1,4,53.57352941176471,73.52941176470588,40.02941176470588,33.50000000000001,73.52941176470588,40.02941176470588,광안중;동아중;부산수영중;한바다중,0,0,0,,,,0,4,False,0.0
A61382802,1,4,53.57352941176471,73.52941176470588,40.02941176470588,33.50000000000001,73.52941176470588,40.02941176470588,광안중;동아중;부산수영중;한바다중,0,0,0,,,,0,4,False,0.0
A61383101,1,3,41.931372549019606,44.85294117647059,36.970588235294116,7.882352941176471,44.85294117647059,36.970588235294116,동수영중;망미중;부산수영중학교,0,0,0,,,,0,3,False,0.0
A61401001,1,4,33.786764705882355,54.82352941176472,15.705882352941178,39.117647058823536,54.82352941176472,15.705882352941178,가야여중;개림중;부산개성중;서면중,0,0,0,,,,0,4,False,0.0
A61401301,1,4,33.786764705882355,54.82352941176472,15.705882352941178,39.117647058823536,54.82352941176472,15.705882352941178,가야여중;개림중;부산개성중;서면중,0,0,0,,,,0,4,False,0.0
A61402002,1,3,53.72549019607843,58.67647058823528,45.20588235294118,13.470588235294102,58.67647058823528,45.20588235294118,동평여중;동평중;부산진중,0,0,0,,,,0,3,False,0.0
A61402003,1,3,53.72549019607843,58.67647058823528,45.20588235294118,13.470588235294102,58.67647058823528,45.20588235294118,동평여중;동평중;부산진중,0,0,0,,,,0,3,False,0.0
A61402004,1,3,53.72549019607843,58.67647058823528,45.20588235294118,13.470588235294102,58.67647058823528,45.20588235294118,동평여중;동평중;부산진중,0,0,0,,,,0,3,False,0.0
A61402005,1,3,47.372549019607845,62.52941176470588,21.999999999999996,40.529411764705884,62.52941176470588,21.999999999999996,덕명여중;부산동중;부산진여중,0,0,0,,,,0,3,False,0.0
A61402006,1,3,47.372549019607845,62.52941176470588,21.999999999999996,40.529411764705884,62.52941176470588,21.999999999999996,덕명여중;부산동중;부산진여중,0,0,0,,,,0,3,False,0.0
A61403001,1,3,47.372549019607845,62.52941176470588,21.999999999999996,40.529411764705884,62.52941176470588,21.999999999999996,덕명여중;부산동중;부산진여중,0,0,0,,,,0,3,False,0.0
A61404002,1,4,49.5,73.88235294117646,21.999999999999996,51.882352941176464,73.88235294117646,21.999999999999996,덕명여중;동의중;부산진여중;항도중,0,0,0,,,,0,4,False,0.0
A61404003,1,4,45.220588235294116,73.88235294117646,21.999999999999996,51.882352941176464,73.88235294117646,21.999999999999996,동의중;부산진여중;양동여중;항도중,0,0,0,,,,0,4,False,0.0
A61404004,1,3,47.372549019607845,62.52941176470588,21.999999999999996,40.529411764705884,62.52941176470588,21.999999999999996,덕명여중;부산동중;부산진여중,0,0,0,,,,0,3,False,0.0
A61404005,1,4,49.5,73.88235294117646,21.999999999999996,51.882352941176464,73.88235294117646,21.999999999999996,덕명여중;동의중;부산진여중;항도중,0,0,0,,,,0,4,False,0.0
A61404006,1,4,45.220588235294116,73.88235294117646,21.999999999999996,51.882352941176464,73.88235294117646,21.999999999999996,동의중;부산진여중;양동여중;항도중,0,0,0,,,,0,4,False,0.0
A61404007,1,4,45.220588235294116,73.88235294117646,21.999999999999996,51.882352941176464,73.88235294117646,21.999999999999996,동의중;부산진여중;양동여중;항도중,0,0,0,,,,0,4,False,0.0
A61404101,1,4,49.5,73.88235294117646,21.999999999999996,51.882352941176464,73.88235294117646,21.999999999999996,덕명여중;동의중;부산진여중;항도중,0,0,0,,,,0,4,False,0.0
A61404203,1,4,45.220588235294116,73.88235294117646,21.999999999999996,51.882352941176464,73.88235294117646,21.999999999999996,동의중;부산진여중;양동여중;항도중,0,0,0,,,,0,4,False,0.0
A61409001,1,4,53.47058823529412,57.294117647058826,45.20588235294118,12.088235294117645,57.294117647058826,45.20588235294118,광무여중;동평여중;동평중;서면중,0,0,0,,,,0,4,False,0.0
A61409002,1,4,53.47058823529412,57.294117647058826,45.20588235294118,12.088235294117645,57.294117647058826,45.20588235294118,광무여중;동평여중;동평중;서면중,0,0,0,,,,0,4,False,0.0
A61409003,1,4,53.47058823529412,57.294117647058826,45.20588235294118,12.088235294117645,57.294117647058826,45.20588235294118,광무여중;동평여중;동평중;서면중,0,0,0,,,,0,4,False,0.0
A61409004,1,3,42.75490196078431,58.67647058823528,24.205882352941178,34.4705882352941,58.67647058823528,24.205882352941178,부산진중;초연중;초읍중,0,0,0,,,,0,3,False,0.0
A61409005,1,3,42.75490196078431,58.67647058823528,24.205882352941178,34.4705882352941,58.67647058823528,24.205882352941178,부산진중;초연중;초읍중,0,0,0,,,,0,3,False,0.0
A61409301,2,5,42.864705882352936,57.76470588235294,21.14705882352941,36.617647058823536,57.76470588235294,21.14705882352941,개금여중;개림중;동양중;동평여중;동평중,0,0,0,,,,0,5,False,0.0
A61409302,1,2,45.33823529411765,57.76470588235294,32.911764705882355,24.852941176470587,57.76470588235294,32.911764705882355,개금여중;동양중,0,0,0,,,,0,2,False,0.0
A61410304,1,4,44.61764705882353,57.294117647058826,21.14705882352941,36.14705882352942,57.294117647058826,21.14705882352941,개림중;동평여중;동평중;서면중,0,0,0,,,,0,4,False,0.0
A61411202,1,3,36.686274509803916,54.11764705882353,23.294117647058822,30.823529411764707,54.11764705882353,23.294117647058822,동주중;주례여중;주례중,0,0,0,,,,0,3,False,0.0
A61411303,1,3,32.509803921568626,43.470588235294116,21.14705882352941,22.323529411764707,43.470588235294116,21.14705882352941,개금여중;개림중;부산개성중,0,0,0,,,,0,3,False,0.0
A61471001,1,3,45.45098039215686,73.88235294117646,21.999999999999996,51.882352941176464,73.88235294117646,21.999999999999996,동의중;부산진여중;양동여중,0,0,0,,,,0,3,False,0.0
A61471201,1,3,32.509803921568626,43.470588235294116,21.14705882352941,22.323529411764707,43.470588235294116,21.14705882352941,개금여중;개림중;부산개성중,0,0,0,,,,0,3,False,0.0
A61473002,1,3,56.68627450980392,58.67647058823528,54.82352941176472,3.8529411764705657,58.67647058823528,54.82352941176472,광무여중;부산진중;서면중,0,0,0,,,,0,3,False,0.0
A61475202,1,4,33.786764705882355,54.82352941176472,15.705882352941178,39.117647058823536,54.82352941176472,15.705882352941178,가야여중;개림중;부산개성중;서면중,0,0,0,,,,0,4,False,0.0
A61475403,1,3,45.45098039215686,73.88235294117646,21.999999999999996,51.882352941176464,73.88235294117646,21.999999999999996,동의중;부산진여중;양동여중,0,0,0,,,,0,3,False,0.0
A61475512,1,3,37.27450980392157,57.76470588235294,21.14705882352941,36.617647058823536,57.76470588235294,21.14705882352941,개금여중;개림중;동양중,0,0,0,,,,0,3,False,0.0
A61475903,1,4,33.786764705882355,54.82352941176472,15.705882352941178,39.117647058823536,54.82352941176472,15.705882352941178,가야여중;개림중;부산개성중;서면중,0,0,0,,,,0,4,False,0.0
A61476002,1,3,47.372549019607845,62.52941176470588,21.999999999999996,40.529411764705884,62.52941176470588,21.999999999999996,덕명여중;부산동중;부산진여중,0,0,0,,,,0,3,False,0.0
A61476003,1,3,47.372549019607845,62.52941176470588,21.999999999999996,40.529411764705884,62.52941176470588,21.999999999999996,덕명여중;부산동중;부산진여중,0,0,0,,,,0,3,False,0.0
A61476004,1,3,47.372549019607845,62.52941176470588,21.999999999999996,40.529411764705884,62.52941176470588,21.999999999999996,덕명여중;부산동중;부산진여중,0,0,0,,,,0,3,False,0.0
A61476403,1,3,38.0,54.82352941176472,15.705882352941178,39.117647058823536,54.82352941176472,15.705882352941178,가야여중;부산개성중;서면중,0,0,0,,,,0,3,False,0.0
A61476604,2,5,42.864705882352936,57.76470588235294,21.14705882352941,36.617647058823536,57.76470588235294,21.14705882352941,개금여중;개림중;동양중;동평여중;동평중,0,0,0,,,,0,5,False,0.0
A61477009,1,3,37.27450980392157,57.76470588235294,21.14705882352941,36.617647058823536,57.76470588235294,21.14705882352941,개금여중;개림중;동양중,0,0,0,,,,0,3,False,0.0
A61477105,1,3,36.686274509803916,54.11764705882353,23.294117647058822,30.823529411764707,54.11764705882353,23.294117647058822,동주중;주례여중;주례중,0,0,0,,,,0,3,False,0.0
A61477302,1,3,47.372549019607845,62.52941176470588,21.999999999999996,40.529411764705884,62.52941176470588,21.999999999999996,덕명여중;부산동중;부산진여중,0,0,0,,,,0,3,False,0.0
A61477303,1,3,47.372549019607845,62.52941176470588,21.999999999999996,40.529411764705884,62.52941176470588,21.999999999999996,덕명여중;부산동중;부산진여중,0,0,0,,,,0,3,False,0.0
A61477304,1,3,47.372549019607845,62.52941176470588,21.999999999999996,40.529411764705884,62.52941176470588,21.999999999999996,덕명여중;부산동중;부산진여중,0,0,0,,,,0,3,False,0.0
A61477403,1,3,36.686274509803916,54.11764705882353,23.294117647058822,30.823529411764707,54.11764705882353,23.294117647058822,동주중;주례여중;주례중,0,0,0,,,,0,3,False,0.0
A61477612,1,3,32.509803921568626,43.470588235294116,21.14705882352941,22.323529411764707,43.470588235294116,21.14705882352941,개금여중;개림중;부산개성중,0,0,0,,,,0,3,False,0.0
A61477806,1,3,37.27450980392157,57.76470588235294,21.14705882352941,36.617647058823536,57.76470588235294,21.14705882352941,개금여중;개림중;동양중,0,0,0,,,,0,3,False,0.0
A61477902,1,3,37.27450980392157,57.76470588235294,21.14705882352941,36.617647058823536,57.76470588235294,21.14705882352941,개금여중;개림중;동양중,0,0,0,,,,0,3,False,0.0
A61478703,1,3,42.75490196078431,58.67647058823528,24.205882352941178,34.4705882352941,58.67647058823528,24.205882352941178,부산진중;초연중;초읍중,0,0,0,,,,0,3,False,0.0
A61478807,1,3,42.75490196078431,58.67647058823528,24.205882352941178,34.4705882352941,58.67647058823528,24.205882352941178,부산진중;초연중;초읍중,0,0,0,,,,0,3,False,0.0
A61478901,1,3,42.75490196078431,58.67647058823528,24.205882352941178,34.4705882352941,58.67647058823528,24.205882352941178,부산진중;초연중;초읍중,0,0,0,,,,0,3,False,0.0
A61479104,1,3,45.45098039215686,73.88235294117646,21.999999999999996,51.882352941176464,73.88235294117646,21.999999999999996,동의중;부산진여중;양동여중,0,0,0,,,,0,3,False,0.0
A61479403,1,2,45.33823529411765,57.76470588235294,32.911764705882355,24.852941176470587,57.76470588235294,32.911764705882355,개금여중;동양중,0,0,0,,,,0,2,False,0.0
A61479404,2,5,42.864705882352936,57.76470588235294,21.14705882352941,36.617647058823536,57.76470588235294,21.14705882352941,개금여중;개림중;동양중;동평여중;동평중,0,0,0,,,,0,5,False,0.0
A61479502,1,3,38.0,54.82352941176472,15.705882352941178,39.117647058823536,54.82352941176472,15.705882352941178,가야여중;부산개성중;서면중,0,0,0,,,,0,3,False,0.0
A61479503,1,4,33.786764705882355,54.82352941176472,15.705882352941178,39.117647058823536,54.82352941176472,15.705882352941178,가야여중;개림중;부산개성중;서면중,0,0,0,,,,0,4,False,0.0
A61479605,1,3,37.27450980392157,57.76470588235294,21.14705882352941,36.617647058823536,57.76470588235294,21.14705882352941,개금여중;개림중;동양중,0,0,0,,,,0,3,False,0.0
A61479902,1,3,45.45098039215686,73.88235294117646,21.999999999999996,51.882352941176464,73.88235294117646,21.999999999999996,동의중;부산진여중;양동여중,0,0,0,,,,0,3,False,0.0
A61480002,1,4,33.786764705882355,54.82352941176472,15.705882352941178,39.117647058823536,54.82352941176472,15.705882352941178,가야여중;개림중;부산개성중;서면중,0,0,0,,,,0,4,False,0.0
A61480003,1,4,33.786764705882355,54.82352941176472,15.705882352941178,39.117647058823536,54.82352941176472,15.705882352941178,가야여중;개림중;부산개성중;서면중,0,0,0,,,,0,4,False,0.0
A61480901,1,3,37.27450980392157,57.76470588235294,21.14705882352941,36.617647058823536,57.76470588235294,21.14705882352941,개금여중;개림중;동양중,0,0,0,,,,0,3,False,0.0
A61480902,1,3,37.27450980392157,57.76470588235294,21.14705882352941,36.617647058823536,57.76470588235294,21.14705882352941,개금여중;개림중;동양중,0,0,0,,,,0,3,False,0.0
A61480906,1,3,32.509803921568626,43.470588235294116,21.14705882352941,22.323529411764707,43.470588235294116,21.14705882352941,개금여중;개림중;부산개성중,0,0,0,,,,0,3,False,0.0
A61480908,1,3,37.27450980392157,57.76470588235294,21.14705882352941,36.617647058823536,57.76470588235294,21.14705882352941,개금여중;개림중;동양중,0,0,0,,,,0,3,False,0.0
A61480910,1,3,37.27450980392157,57.76470588235294,21.14705882352941,36.617647058823536,57.76470588235294,21.14705882352941,개금여중;개림중;동양중,0,0,0,,,,0,3,False,0.0
A61481004,1,3,37.27450980392157,57.76470588235294,21.14705882352941,36.617647058823536,57.76470588235294,21.14705882352941,개금여중;개림중;동양중,0,0,0,,,,0,3,False,0.0
A61481005,1,3,37.27450980392157,57.76470588235294,21.14705882352941,36.617647058823536,57.76470588235294,21.14705882352941,개금여중;개림중;동양중,0,0,0,,,,0,3,False,0.0
A61481111,1,3,32.509803921568626,43.470588235294116,21.14705882352941,22.323529411764707,43.470588235294116,21.14705882352941,개금여중;개림중;부산개성중,0,0,0,,,,0,3,False,0.0
A61481301,1,3,32.509803921568626,43.470588235294116,21.14705882352941,22.323529411764707,43.470588235294116,21.14705882352941,개금여중;개림중;부산개성중,0,0,0,,,,0,3,False,0.0
A61481501,1,3,36.686274509803916,54.11764705882353,23.294117647058822,30.823529411764707,54.11764705882353,23.294117647058822,동주중;주례여중;주례중,0,0,0,,,,0,3,False,0.0
A61481601,1,4,33.786764705882355,54.82352941176472,15.705882352941178,39.117647058823536,54.82352941176472,15.705882352941178,가야여중;개림중;부산개성중;서면중,0,0,0,,,,0,4,False,0.0
A61482201,1,4,53.47058823529412,57.294117647058826,45.20588235294118,12.088235294117645,57.294117647058826,45.20588235294118,광무여중;동평여중;동평중;서면중,0,0,0,,,,0,4,False,0.0
A61482207,1,3,52.44117647058824,57.294117647058826,45.20588235294118,12.088235294117645,57.294117647058826,45.20588235294118,동평여중;동평중;서면중,0,0,0,,,,0,3,False,0.0
A61482301,1,4,51.639705882352935,58.67647058823528,45.20588235294118,13.470588235294102,58.67647058823528,45.20588235294118,동평여중;동평중;부산진중;초연중,0,0,0,,,,0,4,False,0.0
A61482302,2,5,42.864705882352936,57.76470588235294,21.14705882352941,36.617647058823536,57.76470588235294,21.14705882352941,개금여중;개림중;동양중;동평여중;동평중,0,0,0,,,,0,5,False,0.0
A61482303,2,5,42.864705882352936,57.76470588235294,21.14705882352941,36.617647058823536,57.76470588235294,21.14705882352941,개금여중;개림중;동양중;동평여중;동평중,0,0,0,,,,0,5,False,0.0
A61482801,1,3,53.72549019607843,58.67647058823528,45.20588235294118,13.470588235294102,58.67647058823528,45.20588235294118,동평여중;동평중;부산진중,0,0,0,,,,0,3,False,0.0
A61482803,1,3,53.72549019607843,58.67647058823528,45.20588235294118,13.470588235294102,58.67647058823528,45.20588235294118,동평여중;동평중;부산진중,0,0,0,,,,0,3,False,0.0
A61483201,1,3,56.68627450980392,58.67647058823528,54.82352941176472,3.8529411764705657,58.67647058823528,54.82352941176472,광무여중;부산진중;서면중,0,0,0,,,,0,3,False,0.0
A61483202,1,3,56.68627450980392,58.67647058823528,54.82352941176472,3.8529411764705657,58.67647058823528,54.82352941176472,광무여중;부산진중;서면중,0,0,0,,,,0,3,False,0.0
A61483301,1,3,47.372549019607845,62.52941176470588,21.999999999999996,40.529411764705884,62.52941176470588,21.999999999999996,덕명여중;부산동중;부산진여중,0,0,0,,,,0,3,False,0.0
A61483503,1,3,42.75490196078431,58.67647058823528,24.205882352941178,34.4705882352941,58.67647058823528,24.205882352941178,부산진중;초연중;초읍중,0,0,0,,,,0,3,False,0.0
A61483601,1,4,53.47058823529412,57.294117647058826,45.20588235294118,12.088235294117645,57.294117647058826,45.20588235294118,광무여중;동평여중;동평중;서면중,0,0,0,,,,0,4,False,0.0
A61483604,1,3,42.75490196078431,58.67647058823528,24.205882352941178,34.4705882352941,58.67647058823528,24.205882352941178,부산진중;초연중;초읍중,0,0,0,,,,0,3,False,0.0
A61483802,1,4,53.47058823529412,57.294117647058826,45.20588235294118,12.088235294117645,57.294117647058826,45.20588235294118,광무여중;동평여중;동평중;서면중,0,0,0,,,,0,4,False,0.0
A61484004,1,4,51.639705882352935,58.67647058823528,45.20588235294118,13.470588235294102,58.67647058823528,45.20588235294118,동평여중;동평중;부산진중;초연중,0,0,0,,,,0,4,False,0.0
A61484005,1,4,51.639705882352935,58.67647058823528,45.20588235294118,13.470588235294102,58.67647058823528,45.20588235294118,동평여중;동평중;부산진중;초연중,0,0,0,,,,0,4,False,0.0
A61484701,1,3,56.68627450980392,58.67647058823528,54.82352941176472,3.8529411764705657,58.67647058823528,54.82352941176472,광무여중;부산진중;서면중,0,0,0,,,,0,3,False,0.0
A61485301,1,3,45.45098039215686,73.88235294117646,21.999999999999996,51.882352941176464,73.88235294117646,21.999999999999996,동의중;부산진여중;양동여중,0,0,0,,,,0,3,False,0.0
A61485902,1,3,42.75490196078431,58.67647058823528,24.205882352941178,34.4705882352941,58.67647058823528,24.205882352941178,부산진중;초연중;초읍중,0,0,0,,,,0,3,False,0.0
A61485904,1,3,42.75490196078431,58.67647058823528,24.205882352941178,34.4705882352941,58.67647058823528,24.205882352941178,부산진중;초연중;초읍중,0,0,0,,,,0,3,False,0.0
A61485906,1,3,42.75490196078431,58.67647058823528,24.205882352941178,34.4705882352941,58.67647058823528,24.205882352941178,부산진중;초연중;초읍중,0,0,0,,,,0,3,False,0.0
A61486001,1,3,42.75490196078431,58.67647058823528,24.205882352941178,34.4705882352941,58.67647058823528,24.205882352941178,부산진중;초연중;초읍중,0,0,0,,,,0,3,False,0.0
A61486005,1,3,42.75490196078431,58.67647058823528,24.205882352941178,34.4705882352941,58.67647058823528,24.205882352941178,부산진중;초연중;초읍중,0,0,0,,,,0,3,False,0.0
A61486008,1,3,42.75490196078431,58.67647058823528,24.205882352941178,34.4705882352941,58.67647058823528,24.205882352941178,부산진중;초연중;초읍중,0,0,0,,,,0,3,False,0.0
A61486301,1,3,47.372549019607845,62.52941176470588,21.999999999999996,40.529411764705884,62.52941176470588,21.999999999999996,덕명여중;부산동중;부산진여중,0,0,0,,,,0,3,False,0.0
A61486501,1,4,49.5,73.88235294117646,21.999999999999996,51.882352941176464,73.88235294117646,21.999999999999996,덕명여중;동의중;부산진여중;항도중,0,0,0,,,,0,4,False,0.0
A61486502,1,4,49.5,73.88235294117646,21.999999999999996,51.882352941176464,73.88235294117646,21.999999999999996,덕명여중;동의중;부산진여중;항도중,0,0,0,,,,0,4,False,0.0
A61486602,1,4,49.5,73.88235294117646,21.999999999999996,51.882352941176464,73.88235294117646,21.999999999999996,덕명여중;동의중;부산진여중;항도중,0,0,0,,,,0,4,False,0.0
A61487104,1,3,48.17647058823528,58.67647058823528,40.470588235294116,18.205882352941167,58.67647058823528,40.470588235294116,부산진중;양동여중;초연중,0,0,0,,,,0,3,False,0.0
A61487301,1,2,34.794117647058826,45.38235294117647,24.205882352941178,21.176470588235293,45.38235294117647,24.205882352941178,초연중;초읍중,0,0,0,,,,0,2,False,0.0
A61487303,1,2,34.794117647058826,45.38235294117647,24.205882352941178,21.176470588235293,45.38235294117647,24.205882352941178,초연중;초읍중,0,0,0,,,,0,2,False,0.0
A61487305,1,2,34.794117647058826,45.38235294117647,24.205882352941178,21.176470588235293,45.38235294117647,24.205882352941178,초연중;초읍중,0,0,0,,,,0,2,False,0.0
A61487402,1,2,34.794117647058826,45.38235294117647,24.205882352941178,21.176470588235293,45.38235294117647,24.205882352941178,초연중;초읍중,0,0,0,,,,0,2,False,0.0
A61487406,1,2,34.794117647058826,45.38235294117647,24.205882352941178,21.176470588235293,45.38235294117647,24.205882352941178,초연중;초읍중,0,0,0,,,,0,2,False,0.0
A61488201,1,3,45.45098039215686,73.88235294117646,21.999999999999996,51.882352941176464,73.88235294117646,21.999999999999996,동의중;부산진여중;양동여중,0,0,0,,,,0,3,False,0.0
A61609001,1,3,24.1078431372549,35.588235294117645,18.147058823529413,17.441176470588232,35.588235294117645,18.147058823529413,가람중;구남중;구포중,0,0,0,,,,0,3,False,0.0
A61609002,1,3,24.1078431372549,35.588235294117645,18.147058823529413,17.441176470588232,35.588235294117645,18.147058823529413,가람중;구남중;구포중,0,0,0,,,,0,3,False,0.0
A61609206,1,4,26.977941176470587,35.588235294117645,18.147058823529413,17.441176470588232,35.588235294117645,18.147058823529413,가람중;구남중;구포중;양덕여중,0,0,0,,,,0,4,False,0.0
A61609304,1,4,26.977941176470587,35.588235294117645,18.147058823529413,17.441176470588232,35.588235294117645,18.147058823529413,가람중;구남중;구포중;양덕여중,0,0,0,,,,0,4,False,0.0
A61610001,1,1,15.705882352941176,15.705882352941176,15.705882352941176,0.0,15.705882352941176,15.705882352941176,덕천중,1,1,1,덕천중,15.705882352941176,15.705882352941176,0,1,False,0.15705882352941175
A61610002,1,1,15.705882352941176,15.705882352941176,15.705882352941176,0.0,15.705882352941176,15.705882352941176,덕천중,1,1,1,덕천중,15.705882352941176,15.705882352941176,0,1,False,0.15705882352941175
A61610003,1,1,33.970588235294116,33.970588235294116,33.970588235294116,0.0,33.970588235294116,33.970588235294116,신덕중,1,1,1,신덕중,33.970588235294116,33.970588235294116,0,1,False,0.33970588235294114
A61612002,1,2,71.23529411764707,76.91176470588236,65.55882352941177,11.352941176470594,76.91176470588236,65.55882352941177,용수중;화명중,0,0,0,,,,0,2,False,0.0
A61612006,1,2,42.838235294117645,43.970588235294116,41.705882352941174,2.264705882352942,43.970588235294116,41.705882352941174,대천리중;화신중,0,0,0,,,,0,2,False,0.0
A61612010,1,2,71.23529411764707,76.91176470588236,65.55882352941177,11.352941176470594,76.91176470588236,65.55882352941177,용수중;화명중,0,0,0,,,,0,2,False,0.0
A61612011,1,3,56.0,68.35294117647058,43.970588235294116,24.382352941176464,68.35294117647058,43.970588235294116,금명중;명진중;화신중,0,0,0,,,,0,3,False,0.0
A61612013,1,3,70.27450980392157,76.91176470588236,65.55882352941177,11.352941176470594,76.91176470588236,65.55882352941177,명진중;용수중;화명중,0,0,0,,,,0,3,False,0.0
A61612016,1,2,71.23529411764707,76.91176470588236,65.55882352941177,11.352941176470594,76.91176470588236,65.55882352941177,용수중;화명중,0,0,0,,,,0,2,False,0.0
A61612017,1,2,71.23529411764707,76.91176470588236,65.55882352941177,11.352941176470594,76.91176470588236,65.55882352941177,용수중;화명중,0,0,0,,,,0,2,False,0.0
A61612018,1,3,56.0,68.35294117647058,43.970588235294116,24.382352941176464,68.35294117647058,43.970588235294116,금명중;명진중;화신중,0,0,0,,,,0,3,False,0.0
A61612019,1,3,62.14705882352941,76.91176470588236,43.970588235294116,32.941176470588246,76.91176470588236,43.970588235294116,용수중;화명중;화신중,0,0,0,,,,0,3,False,0.0
A61670501,1,1,15.705882352941176,15.705882352941176,15.705882352941176,0.0,15.705882352941176,15.705882352941176,덕천중,1,1,1,덕천중,15.705882352941176,15.705882352941176,0,1,False,0.15705882352941175
A61672001,1,1,38.94117647058823,38.94117647058823,38.94117647058823,0.0,38.94117647058823,38.94117647058823,만덕중,1,1,1,만덕중,38.94117647058823,38.94117647058823,0,1,False,0.38941176470588235
A61672002,1,1,38.94117647058823,38.94117647058823,38.94117647058823,0.0,38.94117647058823,38.94117647058823,만덕중,1,1,1,만덕중,38.94117647058823,38.94117647058823,0,1,False,0.38941176470588235
A61672003,2,1,38.94117647058823,38.94117647058823,38.94117647058823,0.0,38.94117647058823,38.94117647058823,만덕중,1,1,1,만덕중,38.94117647058823,38.94117647058823,0,1,False,0.38941176470588235
A61673103,1,2,43.51470588235294,48.088235294117645,38.94117647058823,9.147058823529413,48.088235294117645,38.94117647058823,만덕중;백양중,0,0,0,,,,0,2,False,0.0
A61673301,1,2,56.16176470588235,68.35294117647058,43.970588235294116,24.382352941176464,68.35294117647058,43.970588235294116,명진중;화신중,0,0,0,,,,0,2,False,0.0
A61673302,1,2,56.16176470588235,68.35294117647058,43.970588235294116,24.382352941176464,68.35294117647058,43.970588235294116,명진중;화신중,0,0,0,,,,0,2,False,0.0
A61673303,1,2,56.16176470588235,68.35294117647058,43.970588235294116,24.382352941176464,68.35294117647058,43.970588235294116,명진중;화신중,0,0,0,,,,0,2,False,0.0
A61673304,1,2,71.23529411764707,76.91176470588236,65.55882352941177,11.352941176470594,76.91176470588236,65.55882352941177,용수중;화명중,0,0,0,,,,0,2,False,0.0
A61673305,1,2,56.16176470588235,68.35294117647058,43.970588235294116,24.382352941176464,68.35294117647058,43.970588235294116,명진중;화신중,0,0,0,,,,0,2,False,0.0
A61673306,1,3,62.14705882352941,76.91176470588236,43.970588235294116,32.941176470588246,76.91176470588236,43.970588235294116,용수중;화명중;화신중,0,0,0,,,,0,3,False,0.0
A61673307,1,2,56.16176470588235,68.35294117647058,43.970588235294116,24.382352941176464,68.35294117647058,43.970588235294116,명진중;화신중,0,0,0,,,,0,2,False,0.0
A61673308,1,2,71.23529411764707,76.91176470588236,65.55882352941177,11.352941176470594,76.91176470588236,65.55882352941177,용수중;화명중,0,0,0,,,,0,2,False,0.0
A61673901,1,2,62.01470588235294,68.35294117647058,55.6764705882353,12.676470588235283,68.35294117647058,55.6764705882353,금명중;명진중,0,0,0,,,,0,2,False,0.0
A61673902,1,2,62.01470588235294,68.35294117647058,55.6764705882353,12.676470588235283,68.35294117647058,55.6764705882353,금명중;명진중,0,0,0,,,,0,2,False,0.0
A61674703,1,1,41.705882352941174,41.705882352941174,41.705882352941174,0.0,41.705882352941174,41.705882352941174,대천리중,1,1,1,대천리중,41.705882352941174,41.705882352941174,0,1,False,0.41705882352941176
A61674824,1,2,62.01470588235294,68.35294117647058,55.6764705882353,12.676470588235283,68.35294117647058,55.6764705882353,금명중;명진중,0,0,0,,,,0,2,False,0.0
A61674912,1,2,62.01470588235294,68.35294117647058,55.6764705882353,12.676470588235283,68.35294117647058,55.6764705882353,금명중;명진중,0,0,0,,,,0,2,False,0.0
A61675204,1,3,24.1078431372549,35.588235294117645,18.147058823529413,17.441176470588232,35.588235294117645,18.147058823529413,가람중;구남중;구포중,0,0,0,,,,0,3,False,0.0
A61675505,1,1,38.94117647058823,38.94117647058823,38.94117647058823,0.0,38.94117647058823,38.94117647058823,만덕중,1,1,1,만덕중,38.94117647058823,38.94117647058823,0,1,False,0.38941176470588235
A61675601,1,1,33.970588235294116,33.970588235294116,33.970588235294116,0.0,33.970588235294116,33.970588235294116,신덕중,1,1,1,신덕중,33.970588235294116,33.970588235294116,0,1,False,0.33970588235294114
A61675806,1,2,43.51470588235294,48.088235294117645,38.94117647058823,9.147058823529413,48.088235294117645,38.94117647058823,만덕중;백양중,0,0,0,,,,0,2,False,0.0
A61676006,1,1,18.411764705882348,18.411764705882348,18.411764705882348,0.0,18.411764705882348,18.411764705882348,금곡중,1,1,1,금곡중,18.411764705882348,18.411764705882348,0,1,False,0.18411764705882347
A61676118,1,1,18.411764705882348,18.411764705882348,18.411764705882348,0.0,18.411764705882348,18.411764705882348,금곡중,1,1,1,금곡중,18.411764705882348,18.411764705882348,0,1,False,0.18411764705882347
A61676215,1,1,18.411764705882348,18.411764705882348,18.411764705882348,0.0,18.411764705882348,18.411764705882348,금곡중,1,1,1,금곡중,18.411764705882348,18.411764705882348,0,1,False,0.18411764705882347
A61676316,1,1,18.411764705882348,18.411764705882348,18.411764705882348,0.0,18.411764705882348,18.411764705882348,금곡중,1,1,1,금곡중,18.411764705882348,18.411764705882348,0,1,False,0.18411764705882347
A61676422,1,2,62.01470588235294,68.35294117647058,55.6764705882353,12.676470588235283,68.35294117647058,55.6764705882353,금명중;명진중,0,0,0,,,,0,2,False,0.0
A61676509,1,2,62.01470588235294,68.35294117647058,55.6764705882353,12.676470588235283,68.35294117647058,55.6764705882353,금명중;명진중,0,0,0,,,,0,2,False,0.0
A61676605,1,2,62.01470588235294,68.35294117647058,55.6764705882353,12.676470588235283,68.35294117647058,55.6764705882353,금명중;명진중,0,0,0,,,,0,2,False,0.0
A61676723,1,2,62.01470588235294,68.35294117647058,55.6764705882353,12.676470588235283,68.35294117647058,55.6764705882353,금명중;명진중,0,0,0,,,,0,2,False,0.0
A61676814,1,1,18.411764705882348,18.411764705882348,18.411764705882348,0.0,18.411764705882348,18.411764705882348,금곡중,1,1,1,금곡중,18.411764705882348,18.411764705882348,0,1,False,0.18411764705882347
A61677013,1,2,62.01470588235294,68.35294117647058,55.6764705882353,12.676470588235283,68.35294117647058,55.6764705882353,금명중;명진중,0,0,0,,,,0,2,False,0.0
A61677404,2,2,25.64705882352941,35.588235294117645,15.705882352941176,19.88235294117647,35.588235294117645,15.705882352941176,덕천중;양덕여중,1,0,1,덕천중,15.705882352941176,15.705882352941176,0,2,False,0.15705882352941175
A61677608,1,1,38.94117647058823,38.94117647058823,38.94117647058823,0.0,38.94117647058823,38.94117647058823,만덕중,1,1,1,만덕중,38.94117647058823,38.94117647058823,0,1,False,0.38941176470588235
A61678209,1,1,33.970588235294116,33.970588235294116,33.970588235294116,0.0,33.970588235294116,33.970588235294116,신덕중,1,1,1,신덕중,33.970588235294116,33.970588235294116,0,1,False,0.33970588235294114
A61678706,1,1,33.970588235294116,33.970588235294116,33.970588235294116,0.0,33.970588235294116,33.970588235294116,신덕중,1,1,1,신덕중,33.970588235294116,33.970588235294116,0,1,False,0.33970588235294114
A61678804,1,2,43.51470588235294,48.088235294117645,38.94117647058823,9.147058823529413,48.088235294117645,38.94117647058823,만덕중;백양중,0,0,0,,,,0,2,False,0.0
A61679206,1,2,42.838235294117645,43.970588235294116,41.705882352941174,2.264705882352942,43.970588235294116,41.705882352941174,대천리중;화신중,0,0,0,,,,0,2,False,0.0
A61679207,1,1,41.705882352941174,41.705882352941174,41.705882352941174,0.0,41.705882352941174,41.705882352941174,대천리중,1,1,1,대천리중,41.705882352941174,41.705882352941174,0,1,False,0.41705882352941176
A61679208,1,2,42.838235294117645,43.970588235294116,41.705882352941174,2.264705882352942,43.970588235294116,41.705882352941174,대천리중;화신중,0,0,0,,,,0,2,False,0.0
A61679209,1,1,41.705882352941174,41.705882352941174,41.705882352941174,0.0,41.705882352941174,41.705882352941174,대천리중,1,1,1,대천리중,41.705882352941174,41.705882352941174,0,1,False,0.41705882352941176
A61679609,1,1,33.970588235294116,33.970588235294116,33.970588235294116,0.0,33.970588235294116,33.970588235294116,신덕중,1,1,1,신덕중,33.970588235294116,33.970588235294116,0,1,False,0.33970588235294114
A61680201,1,3,24.1078431372549,35.588235294117645,18.147058823529413,17.441176470588232,35.588235294117645,18.147058823529413,가람중;구남중;구포중,0,0,0,,,,0,3,False,0.0
A61680506,1,4,26.977941176470587,35.588235294117645,18.147058823529413,17.441176470588232,35.588235294117645,18.147058823529413,가람중;구남중;구포중;양덕여중,0,0,0,,,,0,4,False,0.0
A61680507,1,4,26.977941176470587,35.588235294117645,18.147058823529413,17.441176470588232,35.588235294117645,18.147058823529413,가람중;구남중;구포중;양덕여중,0,0,0,,,,0,4,False,0.0
A61680703,1,3,24.1078431372549,35.588235294117645,18.147058823529413,17.441176470588232,35.588235294117645,18.147058823529413,가람중;구남중;구포중,0,0,0,,,,0,3,False,0.0
A61680705,1,3,24.1078431372549,35.588235294117645,18.147058823529413,17.441176470588232,35.588235294117645,18.147058823529413,가람중;구남중;구포중,0,0,0,,,,0,3,False,0.0
A61680707,1,3,24.1078431372549,35.588235294117645,18.147058823529413,17.441176470588232,35.588235294117645,18.147058823529413,가람중;구남중;구포중,0,0,0,,,,0,3,False,0.0
A61680901,1,4,26.977941176470587,35.588235294117645,18.147058823529413,17.441176470588232,35.588235294117645,18.147058823529413,가람중;구남중;구포중;양덕여중,0,0,0,,,,0,4,False,0.0
A61680903,1,4,26.977941176470587,35.588235294117645,18.147058823529413,17.441176470588232,35.588235294117645,18.147058823529413,가람중;구남중;구포중;양덕여중,0,0,0,,,,0,4,False,0.0
A61680905,1,4,26.977941176470587,35.588235294117645,18.147058823529413,17.441176470588232,35.588235294117645,18.147058823529413,가람중;구남중;구포중;양덕여중,0,0,0,,,,0,4,False,0.0
A61681001,1,1,18.411764705882348,18.411764705882348,18.411764705882348,0.0,18.411764705882348,18.411764705882348,금곡중,1,1,1,금곡중,18.411764705882348,18.411764705882348,0,1,False,0.18411764705882347
A61681003,1,1,18.411764705882348,18.411764705882348,18.411764705882348,0.0,18.411764705882348,18.411764705882348,금곡중,1,1,1,금곡중,18.411764705882348,18.411764705882348,0,1,False,0.18411764705882347
A61681107,1,1,18.411764705882348,18.411764705882348,18.411764705882348,0.0,18.411764705882348,18.411764705882348,금곡중,1,1,1,금곡중,18.411764705882348,18.411764705882348,0,1,False,0.18411764705882347
A61681108,1,1,18.411764705882348,18.411764705882348,18.411764705882348,0.0,18.411764705882348,18.411764705882348,금곡중,1,1,1,금곡중,18.411764705882348,18.411764705882348,0,1,False,0.18411764705882347
A61681304,1,2,62.01470588235294,68.35294117647058,55.6764705882353,12.676470588235283,68.35294117647058,55.6764705882353,금명중;명진중,0,0,0,,,,0,2,False,0.0
A61681409,1,1,38.94117647058823,38.94117647058823,38.94117647058823,0.0,38.94117647058823,38.94117647058823,만덕중,1,1,1,만덕중,38.94117647058823,38.94117647058823,0,1,False,0.38941176470588235
A61681501,1,1,15.705882352941176,15.705882352941176,15.705882352941176,0.0,15.705882352941176,15.705882352941176,덕천중,1,1,1,덕천중,15.705882352941176,15.705882352941176,0,1,False,0.15705882352941175
A61681502,1,1,15.705882352941176,15.705882352941176,15.705882352941176,0.0,15.705882352941176,15.705882352941176,덕천중,1,1,1,덕천중,15.705882352941176,15.705882352941176,0,1,False,0.15705882352941175
A61681904,1,1,15.705882352941176,15.705882352941176,15.705882352941176,0.0,15.705882352941176,15.705882352941176,덕천중,1,1,1,덕천중,15.705882352941176,15.705882352941176,0,1,False,0.15705882352941175
A61682301,1,1,15.705882352941176,15.705882352941176,15.705882352941176,0.0,15.705882352941176,15.705882352941176,덕천중,1,1,1,덕천중,15.705882352941176,15.705882352941176,0,1,False,0.15705882352941175
A61682303,1,2,25.64705882352941,35.588235294117645,15.705882352941176,19.88235294117647,35.588235294117645,15.705882352941176,덕천중;양덕여중,0,0,0,,,,0,2,False,0.0
A61682501,1,2,43.51470588235294,48.088235294117645,38.94117647058823,9.147058823529413,48.088235294117645,38.94117647058823,만덕중;백양중,0,0,0,,,,0,2,False,0.0
A61682607,1,2,43.51470588235294,48.088235294117645,38.94117647058823,9.147058823529413,48.088235294117645,38.94117647058823,만덕중;백양중,0,0,0,,,,0,2,False,0.0
A61682702,1,1,48.088235294117645,48.088235294117645,48.088235294117645,0.0,48.088235294117645,48.088235294117645,백양중,1,1,1,백양중,48.088235294117645,48.088235294117645,0,1,False,0.4808823529411764
A61682802,2,1,38.94117647058823,38.94117647058823,38.94117647058823,0.0,38.94117647058823,38.94117647058823,만덕중,1,1,1,만덕중,38.94117647058823,38.94117647058823,0,1,False,0.38941176470588235
A61682804,1,1,38.94117647058823,38.94117647058823,38.94117647058823,0.0,38.94117647058823,38.94117647058823,만덕중,1,1,1,만덕중,38.94117647058823,38.94117647058823,0,1,False,0.38941176470588235
A61682902,1,1,15.705882352941176,15.705882352941176,15.705882352941176,0.0,15.705882352941176,15.705882352941176,덕천중,1,1,1,덕천중,15.705882352941176,15.705882352941176,0,1,False,0.15705882352941175
A61682907,1,2,43.51470588235294,48.088235294117645,38.94117647058823,9.147058823529413,48.088235294117645,38.94117647058823,만덕중;백양중,0,0,0,,,,0,2,False,0.0
A61682908,1,1,33.970588235294116,33.970588235294116,33.970588235294116,0.0,33.970588235294116,33.970588235294116,신덕중,1,1,1,신덕중,33.970588235294116,33.970588235294116,0,1,False,0.33970588235294114
A61683003,2,1,38.94117647058823,38.94117647058823,38.94117647058823,0.0,38.94117647058823,38.94117647058823,만덕중,1,1,1,만덕중,38.94117647058823,38.94117647058823,0,1,False,0.38941176470588235
A61683302,1,1,41.705882352941174,41.705882352941174,41.705882352941174,0.0,41.705882352941174,41.705882352941174,대천리중,1,1,1,대천리중,41.705882352941174,41.705882352941174,0,1,False,0.41705882352941176
A61683305,1,1,41.705882352941174,41.705882352941174,41.705882352941174,0.0,41.705882352941174,41.705882352941174,대천리중,1,1,1,대천리중,41.705882352941174,41.705882352941174,0,1,False,0.41705882352941176
A61683602,1,2,25.64705882352941,35.588235294117645,15.705882352941176,19.88235294117647,35.588235294117645,15.705882352941176,덕천중;양덕여중,0,0,0,,,,0,2,False,0.0
A61684110,1,2,62.01470588235294,68.35294117647058,55.6764705882353,12.676470588235283,68.35294117647058,55.6764705882353,금명중;명진중,0,0,0,,,,0,2,False,0.0
A61685214,1,3,70.27450980392157,76.91176470588236,65.55882352941177,11.352941176470594,76.91176470588236,65.55882352941177,명진중;용수중;화명중,0,0,0,,,,0,3,False,0.0
A61701002,1,3,48.17647058823528,57.76470588235294,32.647058823529406,25.117647058823536,57.76470588235294,32.647058823529406,동양중;주례여중;주례중,0,0,0,,,,0,3,False,0.0
A61703003,1,2,30.82352941176471,41.76470588235294,19.882352941176475,21.882352941176467,41.76470588235294,19.882352941176475,엄궁중;학장중,0,0,0,,,,0,2,False,0.0
A61704001,1,1,23.47058823529412,23.47058823529412,23.47058823529412,0.0,23.47058823529412,23.47058823529412,신라중,1,1,1,신라중,23.47058823529412,23.47058823529412,0,1,False,0.2347058823529412
A61704002,1,3,28.725490196078436,44.0,18.705882352941178,25.294117647058822,44.0,18.705882352941178,덕포여중;모라중;신라중,0,0,0,,,,0,3,False,0.0
A61708002,1,1,18.705882352941178,18.705882352941178,18.705882352941178,0.0,18.705882352941178,18.705882352941178,모라중,1,1,1,모라중,18.705882352941178,18.705882352941178,0,1,False,0.18705882352941178
A61770101,1,1,32.647058823529406,32.647058823529406,32.647058823529406,0.0,32.647058823529406,32.647058823529406,주례중,1,1,1,주례중,32.647058823529406,32.647058823529406,0,1,False,0.32647058823529407
A61772809,1,1,18.705882352941178,18.705882352941178,18.705882352941178,0.0,18.705882352941178,18.705882352941178,모라중,1,1,1,모라중,18.705882352941178,18.705882352941178,0,1,False,0.18705882352941178
A61772810,1,1,18.705882352941178,18.705882352941178,18.705882352941178,0.0,18.705882352941178,18.705882352941178,모라중,1,1,1,모라중,18.705882352941178,18.705882352941178,0,1,False,0.18705882352941178
A61775202,1,1,18.705882352941178,18.705882352941178,18.705882352941178,0.0,18.705882352941178,18.705882352941178,모라중,1,1,1,모라중,18.705882352941178,18.705882352941178,0,1,False,0.18705882352941178
A61775307,1,1,37.55882352941177,37.55882352941177,37.55882352941177,0.0,37.55882352941177,37.55882352941177,모동중,1,1,1,모동중,37.55882352941177,37.55882352941177,0,1,False,0.37558823529411767
A61775401,1,1,37.55882352941177,37.55882352941177,37.55882352941177,0.0,37.55882352941177,37.55882352941177,모동중,1,1,1,모동중,37.55882352941177,37.55882352941177,0,1,False,0.37558823529411767
A61775706,1,1,18.705882352941178,18.705882352941178,18.705882352941178,0.0,18.705882352941178,18.705882352941178,모라중,1,1,1,모라중,18.705882352941178,18.705882352941178,0,1,False,0.18705882352941178
A61775801,1,3,33.37254901960784,44.0,23.47058823529412,20.52941176470588,44.0,23.47058823529412,덕포여중;신라중;주례중,0,0,0,,,,0,3,False,0.0
A61775901,1,3,28.725490196078436,44.0,18.705882352941178,25.294117647058822,44.0,18.705882352941178,덕포여중;모라중;신라중,0,0,0,,,,0,3,False,0.0
A61776003,1,3,33.37254901960784,44.0,23.47058823529412,20.52941176470588,44.0,23.47058823529412,덕포여중;신라중;주례중,0,0,0,,,,0,3,False,0.0
A61776104,2,6,40.34313725490196,57.76470588235294,21.14705882352941,36.617647058823536,57.76470588235294,21.14705882352941,개금여중;개림중;동양중;부산개성중;주례여중;주례중,0,0,0,,,,0,6,False,0.0
A61776303,1,2,38.705882352941174,54.11764705882353,23.294117647058822,30.823529411764707,54.11764705882353,23.294117647058822,동주중;주례여중,0,0,0,,,,0,2,False,0.0
A61776508,1,2,30.82352941176471,41.76470588235294,19.882352941176475,21.882352941176467,41.76470588235294,19.882352941176475,엄궁중;학장중,0,0,0,,,,0,2,False,0.0
A61776509,1,2,30.82352941176471,41.76470588235294,19.882352941176475,21.882352941176467,41.76470588235294,19.882352941176475,엄궁중;학장중,0,0,0,,,,0,2,False,0.0
A61776710,1,2,30.82352941176471,41.76470588235294,19.882352941176475,21.882352941176467,41.76470588235294,19.882352941176475,엄궁중;학장중,0,0,0,,,,0,2,False,0.0
A61776811,1,2,30.82352941176471,41.76470588235294,19.882352941176475,21.882352941176467,41.76470588235294,19.882352941176475,엄궁중;학장중,0,0,0,,,,0,2,False,0.0
A61776907,1,2,30.82352941176471,41.76470588235294,19.882352941176475,21.882352941176467,41.76470588235294,19.882352941176475,엄궁중;학장중,0,0,0,,,,0,2,False,0.0
A61777010,1,2,30.82352941176471,41.76470588235294,19.882352941176475,21.882352941176467,41.76470588235294,19.882352941176475,엄궁중;학장중,0,0,0,,,,0,2,False,0.0
A61777105,1,6,50.35294117647059,77.23529411764707,34.82352941176471,42.41176470588236,77.23529411764707,34.82352941176471,경남중;대신여중;부산대신중학교;부산여중;부산중앙여자중학교;초장중,0,0,0,,,,0,6,False,0.0
A61777312,1,2,30.82352941176471,41.76470588235294,19.882352941176475,21.882352941176467,41.76470588235294,19.882352941176475,엄궁중;학장중,0,0,0,,,,0,2,False,0.0
A61777409,1,6,50.35294117647059,77.23529411764707,34.82352941176471,42.41176470588236,77.23529411764707,34.82352941176471,경남중;대신여중;부산대신중학교;부산여중;부산중앙여자중학교;초장중,0,0,0,,,,0,6,False,0.0
A61777410,1,6,50.35294117647059,77.23529411764707,34.82352941176471,42.41176470588236,77.23529411764707,34.82352941176471,경남중;대신여중;부산대신중학교;부산여중;부산중앙여자중학교;초장중,0,0,0,,,,0,6,False,0.0
A61777411,1,3,39.72549019607843,54.11764705882353,23.294117647058822,30.823529411764707,54.11764705882353,23.294117647058822,동주중;주례여중;학장중,0,0,0,,,,0,3,False,0.0
A61777502,1,6,50.35294117647059,77.23529411764707,34.82352941176471,42.41176470588236,77.23529411764707,34.82352941176471,경남중;대신여중;부산대신중학교;부산여중;부산중앙여자중학교;초장중,0,0,0,,,,0,6,False,0.0
A61777711,1,3,39.72549019607843,54.11764705882353,23.294117647058822,30.823529411764707,54.11764705882353,23.294117647058822,동주중;주례여중;학장중,0,0,0,,,,0,3,False,0.0
A61777803,1,3,39.72549019607843,54.11764705882353,23.294117647058822,30.823529411764707,54.11764705882353,23.294117647058822,동주중;주례여중;학장중,0,0,0,,,,0,3,False,0.0
A61777806,1,3,39.72549019607843,54.11764705882353,23.294117647058822,30.823529411764707,54.11764705882353,23.294117647058822,동주중;주례여중;학장중,0,0,0,,,,0,3,False,0.0
A61777902,1,1,23.47058823529412,23.47058823529412,23.47058823529412,0.0,23.47058823529412,23.47058823529412,신라중,1,1,1,신라중,23.47058823529412,23.47058823529412,0,1,False,0.2347058823529412
A61777903,1,1,23.47058823529412,23.47058823529412,23.47058823529412,0.0,23.47058823529412,23.47058823529412,신라중,1,1,1,신라중,23.47058823529412,23.47058823529412,0,1,False,0.2347058823529412
A61778004,1,3,28.725490196078436,44.0,18.705882352941178,25.294117647058822,44.0,18.705882352941178,덕포여중;모라중;신라중,0,0,0,,,,0,3,False,0.0
A61778005,1,1,23.47058823529412,23.47058823529412,23.47058823529412,0.0,23.47058823529412,23.47058823529412,신라중,1,1,1,신라중,23.47058823529412,23.47058823529412,0,1,False,0.2347058823529412
A61778201,1,2,31.352941176470587,44.0,18.705882352941178,25.294117647058822,44.0,18.705882352941178,덕포여중;모라중,0,0,0,,,,0,2,False,0.0
A61778306,1,2,30.82352941176471,41.76470588235294,19.882352941176475,21.882352941176467,41.76470588235294,19.882352941176475,엄궁중;학장중,0,0,0,,,,0,2,False,0.0
A61778405,1,2,30.82352941176471,41.76470588235294,19.882352941176475,21.882352941176467,41.76470588235294,19.882352941176475,엄궁중;학장중,0,0,0,,,,0,2,False,0.0
A61778507,1,2,30.82352941176471,41.76470588235294,19.882352941176475,21.882352941176467,41.76470588235294,19.882352941176475,엄궁중;학장중,0,0,0,,,,0,2,False,0.0
A61778608,1,1,21.176470588235293,21.176470588235293,21.176470588235293,0.0,21.176470588235293,21.176470588235293,주감중,1,1,1,주감중,21.176470588235293,21.176470588235293,0,1,False,0.21176470588235294
A61780802,1,3,33.37254901960784,44.0,23.47058823529412,20.52941176470588,44.0,23.47058823529412,덕포여중;신라중;주례중,0,0,0,,,,0,3,False,0.0
A61781003,1,2,28.13235294117647,37.55882352941177,18.705882352941178,18.85294117647059,37.55882352941177,18.705882352941178,모동중;모라중,0,0,0,,,,0,2,False,0.0
A61781005,1,2,28.13235294117647,37.55882352941177,18.705882352941178,18.85294117647059,37.55882352941177,18.705882352941178,모동중;모라중,0,0,0,,,,0,2,False,0.0
A61781102,1,1,23.47058823529412,23.47058823529412,23.47058823529412,0.0,23.47058823529412,23.47058823529412,신라중,1,1,1,신라중,23.47058823529412,23.47058823529412,0,1,False,0.2347058823529412
A61781201,1,1,23.47058823529412,23.47058823529412,23.47058823529412,0.0,23.47058823529412,23.47058823529412,신라중,1,1,1,신라중,23.47058823529412,23.47058823529412,0,1,False,0.2347058823529412
A61781706,1,1,18.705882352941178,18.705882352941178,18.705882352941178,0.0,18.705882352941178,18.705882352941178,모라중,1,1,1,모라중,18.705882352941178,18.705882352941178,0,1,False,0.18705882352941178
A61781801,1,2,28.13235294117647,37.55882352941177,18.705882352941178,18.85294117647059,37.55882352941177,18.705882352941178,모동중;모라중,0,0,0,,,,0,2,False,0.0
A61781802,1,1,18.705882352941178,18.705882352941178,18.705882352941178,0.0,18.705882352941178,18.705882352941178,모라중,1,1,1,모라중,18.705882352941178,18.705882352941178,0,1,False,0.18705882352941178
A61781803,1,1,18.705882352941178,18.705882352941178,18.705882352941178,0.0,18.705882352941178,18.705882352941178,모라중,1,1,1,모라중,18.705882352941178,18.705882352941178,0,1,False,0.18705882352941178
A61781804,1,1,18.705882352941178,18.705882352941178,18.705882352941178,0.0,18.705882352941178,18.705882352941178,모라중,1,1,1,모라중,18.705882352941178,18.705882352941178,0,1,False,0.18705882352941178
A61781805,1,1,18.705882352941178,18.705882352941178,18.705882352941178,0.0,18.705882352941178,18.705882352941178,모라중,1,1,1,모라중,18.705882352941178,18.705882352941178,0,1,False,0.18705882352941178
A61781807,1,2,28.13235294117647,37.55882352941177,18.705882352941178,18.85294117647059,37.55882352941177,18.705882352941178,모동중;모라중,0,0,0,,,,0,2,False,0.0
A61781808,1,2,28.13235294117647,37.55882352941177,18.705882352941178,18.85294117647059,37.55882352941177,18.705882352941178,모동중;모라중,0,0,0,,,,0,2,False,0.0
A61782802,1,2,30.82352941176471,41.76470588235294,19.882352941176475,21.882352941176467,41.76470588235294,19.882352941176475,엄궁중;학장중,0,0,0,,,,0,2,False,0.0
A61782804,1,2,30.82352941176471,41.76470588235294,19.882352941176475,21.882352941176467,41.76470588235294,19.882352941176475,엄궁중;학장중,0,0,0,,,,0,2,False,0.0
A61782901,1,2,30.82352941176471,41.76470588235294,19.882352941176475,21.882352941176467,41.76470588235294,19.882352941176475,엄궁중;학장중,0,0,0,,,,0,2,False,0.0
A61783201,1,3,32.509803921568626,43.470588235294116,21.14705882352941,22.323529411764707,43.470588235294116,21.14705882352941,개금여중;개림중;부산개성중,0,0,0,,,,0,3,False,0.0
A61783202,2,6,40.34313725490196,57.76470588235294,21.14705882352941,36.617647058823536,57.76470588235294,21.14705882352941,개금여중;개림중;동양중;부산개성중;주례여중;주례중,0,0,0,,,,0,6,False,0.0
A61783203,1,3,32.509803921568626,43.470588235294116,21.14705882352941,22.323529411764707,43.470588235294116,21.14705882352941,개금여중;개림중;부산개성중,0,0,0,,,,0,3,False,0.0
A61783402,1,2,38.705882352941174,54.11764705882353,23.294117647058822,30.823529411764707,54.11764705882353,23.294117647058822,동주중;주례여중,0,0,0,,,,0,2,False,0.0
A61783601,1,1,21.176470588235293,21.176470588235293,21.176470588235293,0.0,21.176470588235293,21.176470588235293,주감중,1,1,1,주감중,21.176470588235293,21.176470588235293,0,1,False,0.21176470588235294
A61783603,1,1,21.176470588235293,21.176470588235293,21.176470588235293,0.0,21.176470588235293,21.176470588235293,주감중,1,1,1,주감중,21.176470588235293,21.176470588235293,0,1,False,0.21176470588235294
A61783605,1,1,21.176470588235293,21.176470588235293,21.176470588235293,0.0,21.176470588235293,21.176470588235293,주감중,1,1,1,주감중,21.176470588235293,21.176470588235293,0,1,False,0.21176470588235294
A61783606,1,1,21.176470588235293,21.176470588235293,21.176470588235293,0.0,21.176470588235293,21.176470588235293,주감중,1,1,1,주감중,21.176470588235293,21.176470588235293,0,1,False,0.21176470588235294
A61783607,1,1,21.176470588235293,21.176470588235293,21.176470588235293,0.0,21.176470588235293,21.176470588235293,주감중,1,1,1,주감중,21.176470588235293,21.176470588235293,0,1,False,0.21176470588235294
A61783801,1,2,38.705882352941174,54.11764705882353,23.294117647058822,30.823529411764707,54.11764705882353,23.294117647058822,동주중;주례여중,0,0,0,,,,0,2,False,0.0
A61784101,1,3,39.72549019607843,54.11764705882353,23.294117647058822,30.823529411764707,54.11764705882353,23.294117647058822,동주중;주례여중;학장중,0,0,0,,,,0,3,False,0.0
A61784104,1,3,39.72549019607843,54.11764705882353,23.294117647058822,30.823529411764707,54.11764705882353,23.294117647058822,동주중;주례여중;학장중,0,0,0,,,,0,3,False,0.0
A61784208,1,6,50.35294117647059,77.23529411764707,34.82352941176471,42.41176470588236,77.23529411764707,34.82352941176471,경남중;대신여중;부산대신중학교;부산여중;부산중앙여자중학교;초장중,0,0,0,,,,0,6,False,0.0
A61784213,1,6,50.35294117647059,77.23529411764707,34.82352941176471,42.41176470588236,77.23529411764707,34.82352941176471,경남중;대신여중;부산대신중학교;부산여중;부산중앙여자중학교;초장중,0,0,0,,,,0,6,False,0.0
A61785102,1,1,21.176470588235293,21.176470588235293,21.176470588235293,0.0,21.176470588235293,21.176470588235293,주감중,1,1,1,주감중,21.176470588235293,21.176470588235293,0,1,False,0.21176470588235294
A61820001,1,2,74.51470588235294,77.02941176470588,72.0,5.029411764705884,77.02941176470588,72.0,명호중;오션중,0,0,0,,,,0,2,False,0.0
A61823001,1,1,42.8235294117647,42.8235294117647,42.8235294117647,0.0,42.8235294117647,42.8235294117647,지사중,1,1,1,지사중,42.8235294117647,42.8235294117647,0,1,False,0.42823529411764705
A61823002,1,1,42.8235294117647,42.8235294117647,42.8235294117647,0.0,42.8235294117647,42.8235294117647,지사중,1,1,1,지사중,42.8235294117647,42.8235294117647,0,1,False,0.42823529411764705
A61829001,1,1,45.647058823529406,45.647058823529406,45.647058823529406,0.0,45.647058823529406,45.647058823529406,신호중,1,1,1,신호중,45.647058823529406,45.647058823529406,0,1,False,0.4564705882352941
A61870404,1,2,74.51470588235294,77.02941176470588,72.0,5.029411764705884,77.02941176470588,72.0,명호중;오션중,0,0,0,,,,0,2,False,0.0
A61870405,1,2,74.51470588235294,77.02941176470588,72.0,5.029411764705884,77.02941176470588,72.0,명호중;오션중,0,0,0,,,,0,2,False,0.0
A61870406,1,2,74.51470588235294,77.02941176470588,72.0,5.029411764705884,77.02941176470588,72.0,명호중;오션중,0,0,0,,,,0,2,False,0.0
A61870407,1,2,74.51470588235294,77.02941176470588,72.0,5.029411764705884,77.02941176470588,72.0,명호중;오션중,0,0,0,,,,0,2,False,0.0
A61870408,1,2,74.51470588235294,77.02941176470588,72.0,5.029411764705884,77.02941176470588,72.0,명호중;오션중,0,0,0,,,,0,2,False,0.0
A61870409,1,2,74.51470588235294,77.02941176470588,72.0,5.029411764705884,77.02941176470588,72.0,명호중;오션중,0,0,0,,,,0,2,False,0.0
A61870410,1,2,74.51470588235294,77.02941176470588,72.0,5.029411764705884,77.02941176470588,72.0,명호중;오션중,0,0,0,,,,0,2,False,0.0
A61870411,1,2,74.51470588235294,77.02941176470588,72.0,5.029411764705884,77.02941176470588,72.0,명호중;오션중,0,0,0,,,,0,2,False,0.0
A61872201,1,0,,,,,,,,0,0,0,,,,0,0,False,0.0
A61872202,1,0,,,,,,,,0,0,0,,,,0,0,False,0.0
A61872203,1,1,45.647058823529406,45.647058823529406,45.647058823529406,0.0,45.647058823529406,45.647058823529406,신호중,1,1,1,신호중,45.647058823529406,45.647058823529406,0,1,False,0.4564705882352941
A61872204,1,0,,,,,,,,0,0,0,,,,0,0,False,0.0
A61881402,1,2,74.51470588235294,77.02941176470588,72.0,5.029411764705884,77.02941176470588,72.0,명호중;오션중,0,0,0,,,,0,2,False,0.0
A61970112,1,2,11.073529411764707,21.058823529411764,1.0882352941176472,19.970588235294116,21.058823529411764,1.0882352941176472,기장중;대청중,0,0,0,,,,0,2,False,0.0
A61970210,1,2,11.073529411764707,21.058823529411764,1.0882352941176472,19.970588235294116,21.058823529411764,1.0882352941176472,기장중;대청중,0,0,0,,,,0,2,False,0.0
A61970311,1,2,11.073529411764707,21.058823529411764,1.0882352941176472,19.970588235294116,21.058823529411764,1.0882352941176472,기장중;대청중,0,0,0,,,,0,2,False,0.0
A61970415,1,0,,,,,,,,0,0,0,,,,0,0,False,0.0
A61987101,1,3,20.764705882352942,27.117647058823525,16.294117647058826,10.8235294117647,27.117647058823525,16.294117647058826,반안중;재송여중;재송중,0,0,0,,,,0,3,False,0.0
A61987102,1,3,20.764705882352942,27.117647058823525,16.294117647058826,10.8235294117647,27.117647058823525,16.294117647058826,반안중;재송여중;재송중,0,0,0,,,,0,3,False,0.0
A61990105,1,0,,,,,,,,0,0,0,,,,0,0,False,0.0
A61990106,1,0,,,,,,,,0,0,0,,,,0,0,False,0.0
A61990107,1,2,11.073529411764707,21.058823529411764,1.0882352941176472,19.970588235294116,21.058823529411764,1.0882352941176472,기장중;대청중,0,0,0,,,,0,2,False,0.0
A61990108,1,0,,,,,,,,0,0,0,,,,0,0,False,0.0
A61990109,1,0,,,,,,,,0,0,0,,,,0,0,False,0.0
A61990110,1,3,25.8921568627451,40.294117647058826,5.176470588235294,35.11764705882353,40.294117647058826,5.176470588235294,부산중앙중;신정중;정관중,0,0,0,,,,0,3,False,0.0
A61990213,1,2,11.073529411764707,21.058823529411764,1.0882352941176472,19.970588235294116,21.058823529411764,1.0882352941176472,기장중;대청중,0,0,0,,,,0,2,False,0.0
A61990301,1,2,11.073529411764707,21.058823529411764,1.0882352941176472,19.970588235294116,21.058823529411764,1.0882352941176472,기장중;대청중,0,0,0,,,,0,2,False,0.0
A61990302,1,2,11.073529411764707,21.058823529411764,1.0882352941176472,19.970588235294116,21.058823529411764,1.0882352941176472,기장중;대청중,0,0,0,,,,0,2,False,0.0
A61990304,1,2,11.073529411764707,21.058823529411764,1.0882352941176472,19.970588235294116,21.058823529411764,1.0882352941176472,기장중;대청중,0,0,0,,,,0,2,False,0.0
A61990307,1,2,11.073529411764707,21.058823529411764,1.0882352941176472,19.970588235294116,21.058823529411764,1.0882352941176472,기장중;대청중,0,0,0,,,,0,2,False,0.0
A61990503,1,2,11.073529411764707,21.058823529411764,1.0882352941176472,19.970588235294116,21.058823529411764,1.0882352941176472,기장중;대청중,0,0,0,,,,0,2,False,0.0
A61990508,1,0,,,,,,,,0,0,0,,,,0,0,False,0.0
A61990514,1,2,11.073529411764707,21.058823529411764,1.0882352941176472,19.970588235294116,21.058823529411764,1.0882352941176472,기장중;대청중,0,0,0,,,,0,2,False,0.0
A61990609,1,2,11.073529411764707,21.058823529411764,1.0882352941176472,19.970588235294116,21.058823529411764,1.0882352941176472,기장중;대청중,0,0,0,,,,0,2,False,0.0
A61991101,1,3,17.95098039215686,31.705882352941174,1.0882352941176472,30.617647058823525,31.705882352941174,1.0882352941176472,기장중;대청중;일광중,0,0,0,,,,0,3,False,0.0
A61996005,1,3,25.8921568627451,40.294117647058826,5.176470588235294,35.11764705882353,40.294117647058826,5.176470588235294,부산중앙중;신정중;정관중,0,0,0,,,,0,3,False,0.0
A61996102,2,5,21.05294117647059,40.294117647058826,5.176470588235294,35.11764705882353,40.294117647058826,5.176470588235294,모전중;부산중앙중;신정중;장안중;정관중,0,0,0,,,,0,5,False,0.0
A61996103,1,3,25.8921568627451,40.294117647058826,5.176470588235294,35.11764705882353,40.294117647058826,5.176470588235294,부산중앙중;신정중;정관중,0,0,0,,,,0,3,False,0.0
A61996104,1,4,25.022058823529413,40.294117647058826,8.088235294117647,32.20588235294118,40.294117647058826,8.088235294117647,모전중;부산중앙중;장안중;정관중,0,0,0,,,,0,4,False,0.0
A61996105,1,4,25.022058823529413,40.294117647058826,8.088235294117647,32.20588235294118,40.294117647058826,8.088235294117647,모전중;부산중앙중;장안중;정관중,0,0,0,,,,0,4,False,0.0
A61996106,1,3,25.8921568627451,40.294117647058826,5.176470588235294,35.11764705882353,40.294117647058826,5.176470588235294,부산중앙중;신정중;정관중,0,0,0,,,,0,3,False,0.0
A61996107,1,3,25.8921568627451,40.294117647058826,5.176470588235294,35.11764705882353,40.294117647058826,5.176470588235294,부산중앙중;신정중;정관중,0,0,0,,,,0,3,False,0.0
A61996108,1,2,6.632352941176471,8.088235294117647,5.176470588235294,2.9117647058823524,8.088235294117647,5.176470588235294,모전중;신정중,0,0,0,,,,0,2,False,0.0
A61996109,1,3,25.8921568627451,40.294117647058826,5.176470588235294,35.11764705882353,40.294117647058826,5.176470588235294,부산중앙중;신정중;정관중,0,0,0,,,,0,3,False,0.0
A61996110,2,3,25.8921568627451,40.294117647058826,5.176470588235294,35.11764705882353,40.294117647058826,5.176470588235294,부산중앙중;신정중;정관중,0,0,0,,,,0,3,False,0.0
A61996111,1,3,15.156862745098039,32.205882352941174,5.176470588235294,27.02941176470588,32.205882352941174,5.176470588235294,모전중;신정중;정관중,0,0,0,,,,0,3,False,0.0
A61996112,1,2,6.632352941176471,8.088235294117647,5.176470588235294,2.9117647058823524,8.088235294117647,5.176470588235294,모전중;신정중,0,0,0,,,,0,2,False,0.0
A61996113,1,3,25.892156862745097,40.294117647058826,5.176470588235294,35.11764705882353,40.294117647058826,5.176470588235294,부산중앙중;신정중;정관중,0,0,0,,,,0,3,False,0.0
A61996114,1,3,25.8921568627451,40.294117647058826,5.176470588235294,35.11764705882353,40.294117647058826,5.176470588235294,부산중앙중;신정중;정관중,0,0,0,,,,0,3,False,0.0
A61996115,1,3,25.892156862745097,40.294117647058826,5.176470588235294,35.11764705882353,40.294117647058826,5.176470588235294,부산중앙중;신정중;정관중,0,0,0,,,,0,3,False,0.0
A61996204,1,3,25.8921568627451,40.294117647058826,5.176470588235294,35.11764705882353,40.294117647058826,5.176470588235294,부산중앙중;신정중;정관중,0,0,0,,,,0,3,False,0.0
A61996302,1,3,15.156862745098039,32.205882352941174,5.176470588235294,27.02941176470588,32.205882352941174,5.176470588235294,모전중;신정중;정관중,0,0,0,,,,0,3,False,0.0
A61996303,1,3,25.892156862745097,40.294117647058826,5.176470588235294,35.11764705882353,40.294117647058826,5.176470588235294,부산중앙중;신정중;정관중,0,0,0,,,,0,3,False,0.0
A61996306,1,3,15.156862745098039,32.205882352941174,5.176470588235294,27.02941176470588,32.205882352941174,5.176470588235294,모전중;신정중;정관중,0,0,0,,,,0,3,False,0.0
A61996308,1,3,25.8921568627451,40.294117647058826,5.176470588235294,35.11764705882353,40.294117647058826,5.176470588235294,부산중앙중;신정중;정관중,0,0,0,,,,0,3,False,0.0
TRADE_0039881CB9D1,1,4,83.57352941176471,97.70588235294117,54.23529411764706,43.470588235294116,97.70588235294117,54.23529411764706,동백중;해강중;해운대여중;해운대중,0,0,0,,,,0,4,False,0.0
TRADE_0048CC450DA6,1,6,45.35294117647059,58.00000000000001,34.82352941176471,23.176470588235297,58.00000000000001,34.82352941176471,경남중;대신여중;덕원중;부산대신중학교;부산여중;부산중앙여자중학교,0,0,0,,,,0,6,False,0.0
TRADE_0061CD5567B6,1,3,17.95098039215686,31.705882352941174,1.0882352941176472,30.617647058823525,31.705882352941174,1.0882352941176472,기장중;대청중;일광중,0,0,0,,,,0,3,False,0.0
TRADE_006F35A5B794,1,0,,,,,,,,0,0,0,,,,0,0,False,0.0
TRADE_0070D9F696D7,1,2,75.11764705882354,84.70588235294117,65.52941176470588,19.17647058823529,84.70588235294117,65.52941176470588,구서여중;남산중,0,0,0,,,,0,2,False,0.0
TRADE_00B167FEF1CB,1,3,48.30392156862746,98.91176470588236,18.88235294117647,80.02941176470588,98.91176470588236,18.88235294117647,센텀중;재송여자중;재송중,0,0,0,,,,0,3,False,0.0
TRADE_00D446BA7825,1,2,71.04411764705883,78.3529411764706,63.73529411764706,14.617647058823536,78.3529411764706,63.73529411764706,동래중;유락여자중,0,0,0,,,,0,2,False,0.0
TRADE_0101B62BAE35,1,2,75.11764705882354,84.70588235294117,65.52941176470588,19.17647058823529,84.70588235294117,65.52941176470588,구서여중;남산중,0,0,0,,,,0,2,False,0.0
TRADE_010BF464D2B6,1,3,75.27450980392156,94.26470588235294,51.8235294117647,42.44117647058824,94.26470588235294,51.8235294117647,거제여중;여명중;이사벨중학교,0,0,0,,,,0,3,False,0.0
TRADE_014383E654EE,1,3,61.88235294117647,88.5,45.44117647058823,43.05882352941177,88.5,45.44117647058823,동현중;부곡여자중;장전중,0,0,0,,,,0,3,False,0.0
TRADE_016166127E51,1,4,61.13970588235294,69.70588235294117,46.5,23.205882352941174,69.70588235294117,46.5,건국중;당리중;사하중;하단중,0,0,0,,,,0,4,False,0.0
TRADE_0184B8C8231A,1,1,45.647058823529406,45.647058823529406,45.647058823529406,0.0,45.647058823529406,45.647058823529406,신호중,1,1,1,신호중,45.647058823529406,45.647058823529406,0,1,False,0.4564705882352941
TRADE_01AD65ED185F,1,5,50.25294117647059,73.52941176470588,36.970588235294116,36.55882352941177,73.52941176470588,36.970588235294116,광안중;동수영중;동아중;부산수영중학교;한바다중,0,0,0,,,,0,5,False,0.0
TRADE_01DC674EC858,1,3,42.75490196078431,58.67647058823528,24.205882352941178,34.4705882352941,58.67647058823528,24.205882352941178,부산진중;초연중;초읍중,0,0,0,,,,0,3,False,0.0
TRADE_020AB82E4BF3,1,3,38.0,54.82352941176472,15.705882352941178,39.117647058823536,54.82352941176472,15.705882352941178,가야여중;부산개성중;서면중,0,0,0,,,,0,3,False,0.0
TRADE_0214E83E38C8,1,3,32.509803921568626,43.470588235294116,21.14705882352941,22.323529411764707,43.470588235294116,21.14705882352941,개금여중;개림중;부산개성중,0,0,0,,,,0,3,False,0.0
TRADE_02457BA53777,1,5,41.476470588235294,71.8529411764706,26.294117647058822,45.55882352941177,71.8529411764706,26.294117647058822,동신중;안락중;충렬중;학산여자중;혜화여자중,0,0,0,,,,0,5,False,0.0
TRADE_0247343880E0,1,3,82.88235294117648,93.44117647058823,67.5,25.941176470588232,93.44117647058823,67.5,분포중;오륙도중;용호중,0,0,0,,,,0,3,False,0.0
TRADE_026CA894565A,1,3,37.5,68.26470588235294,19.323529411764707,48.94117647058823,68.26470588235294,19.323529411764707,경남여중;부산중;선화여중,0,0,0,,,,0,3,False,0.0
TRADE_0283771D7A54,1,3,32.509803921568626,43.470588235294116,21.14705882352941,22.323529411764707,43.470588235294116,21.14705882352941,개금여중;개림중;부산개성중,0,0,0,,,,0,3,False,0.0
TRADE_02C1C7670B66,1,2,75.11764705882354,84.70588235294117,65.52941176470588,19.17647058823529,84.70588235294117,65.52941176470588,구서여중;남산중,0,0,0,,,,0,2,False,0.0
TRADE_02D113B4F985,1,4,43.66176470588235,71.8529411764706,26.294117647058822,45.55882352941177,71.8529411764706,26.294117647058822,동신중;안락중;충렬중;학산여중,0,0,0,,,,0,4,False,0.0
TRADE_02DC76FE711D,1,4,61.13970588235294,69.70588235294117,46.5,23.205882352941174,69.70588235294117,46.5,건국중;당리중;사하중;하단중,0,0,0,,,,0,4,False,0.0
TRADE_02F3FC7314B9,1,4,44.411764705882355,69.70588235294117,23.61764705882353,46.088235294117645,69.70588235294117,23.61764705882353,당리중;대동중;영남중;장림여중,0,0,0,,,,0,4,False,0.0
TRADE_0305F15C3833,1,9,54.25816993464051,76.79411764705881,34.82352941176471,41.9705882352941,76.79411764705881,34.82352941176471,경남중;당리중;동주여중;부산대신중학교;부산여중;부산중앙여자중학교;사하중;삼성중;장평중,0,0,0,,,,0,9,False,0.0
TRADE_0313308B025D,1,2,75.11764705882354,84.70588235294117,65.52941176470588,19.17647058823529,84.70588235294117,65.52941176470588,구서여중;남산중,0,0,0,,,,0,2,False,0.0
TRADE_031A6475193E,1,3,45.45098039215686,73.88235294117646,21.999999999999996,51.882352941176464,73.88235294117646,21.999999999999996,동의중;부산진여중;양동여중,0,0,0,,,,0,3,False,0.0
TRADE_032A43C9D297,1,3,51.127450980392155,83.17647058823529,35.02941176470588,48.14705882352941,83.17647058823529,35.02941176470588,남도여중;부산남중;부산영선중학교,0,0,0,,,,0,3,False,0.0
TRADE_03382344A7C1,1,3,66.3235294117647,87.20588235294116,40.23529411764706,46.9705882352941,87.20588235294116,40.23529411764706,남천중;대연중;대천중,0,0,0,,,,0,3,False,0.0
TRADE_033C951161D3,1,3,32.509803921568626,43.470588235294116,21.14705882352941,22.323529411764707,43.470588235294116,21.14705882352941,개금여중;개림중;부산개성중,0,0,0,,,,0,3,False,0.0
TRADE_036B1FDD2699,1,2,11.073529411764707,21.058823529411764,1.0882352941176472,19.970588235294116,21.058823529411764,1.0882352941176472,기장중;대청중,0,0,0,,,,0,2,False,0.0
TRADE_03870DEB60CB,1,2,75.11764705882354,84.70588235294117,65.52941176470588,19.17647058823529,84.70588235294117,65.52941176470588,구서여중;남산중,0,0,0,,,,0,2,False,0.0
TRADE_039446198FFA,1,2,11.073529411764707,21.058823529411764,1.0882352941176472,19.970588235294116,21.058823529411764,1.0882352941176472,기장중;대청중,0,0,0,,,,0,2,False,0.0
TRADE_03A4213BA50F,1,3,82.88235294117648,93.44117647058823,67.5,25.941176470588232,93.44117647058823,67.5,분포중;오륙도중;용호중,0,0,0,,,,0,3,False,0.0
TRADE_03B1D7BF0470,1,3,37.5,68.26470588235294,19.323529411764707,48.94117647058823,68.26470588235294,19.323529411764707,경남여중;부산중;선화여중,0,0,0,,,,0,3,False,0.0
TRADE_03CE94B91CDA,1,4,83.57352941176471,97.70588235294117,54.23529411764706,43.470588235294116,97.70588235294117,54.23529411764706,동백중;해강중;해운대여중;해운대중,0,0,0,,,,0,4,False,0.0
TRADE_03CF0D6A13C1,1,4,45.220588235294116,73.88235294117646,21.999999999999996,51.882352941176464,73.88235294117646,21.999999999999996,동의중;부산진여중;양동여중;항도중,0,0,0,,,,0,4,False,0.0
TRADE_03DC5A3EE54F,1,5,66.6,87.20588235294116,43.970588235294116,43.235294117647044,87.20588235294116,43.970588235294116,남천중;대천중;동아중;부산수영중;한바다중,0,0,0,,,,0,5,False,0.0
TRADE_03E1686A4797,1,4,60.19117647058823,69.70588235294117,46.5,23.205882352941174,69.70588235294117,46.5,건국중;당리중;동주여중;사하중,0,0,0,,,,0,4,False,0.0
TRADE_03EE770ED233,1,3,32.509803921568626,43.470588235294116,21.14705882352941,22.323529411764707,43.470588235294116,21.14705882352941,개금여중;개림중;부산개성중,0,0,0,,,,0,3,False,0.0
TRADE_03F2DDBE5319,1,3,53.72549019607843,58.67647058823528,45.20588235294118,13.470588235294102,58.67647058823528,45.20588235294118,동평여중;동평중;부산진중,0,0,0,,,,0,3,False,0.0
TRADE_03F9ABB0F1DD,1,6,49.4264705882353,77.23529411764707,34.82352941176471,42.41176470588236,77.23529411764707,34.82352941176471,경남중;대신여중;부산여중;부산중앙여자중학교;송도중;초장중,0,0,0,,,,0,6,False,0.0
TRADE_0428F485ADFC,1,3,86.74509803921569,92.52941176470588,77.88235294117646,14.64705882352942,92.52941176470588,77.88235294117646,신도중;해운대여중;해운대중,0,0,0,,,,0,3,False,0.0
TRADE_044D72E6CCE5,1,3,48.96078431372549,56.970588235294116,40.44117647058824,16.529411764705877,56.970588235294116,40.44117647058824,영도제일중;태종대중;해동중,0,0,0,,,,0,3,False,0.0
TRADE_044FF2CE4EFA,1,2,71.77941176470588,89.32352941176471,54.23529411764706,35.08823529411765,89.32352941176471,54.23529411764706,동백중;신곡중,0,0,0,,,,0,2,False,0.0
TRADE_04610DF98259,1,2,75.11764705882354,84.70588235294117,65.52941176470588,19.17647058823529,84.70588235294117,65.52941176470588,구서여중;남산중,0,0,0,,,,0,2,False,0.0
TRADE_047A728E9893,1,6,50.35294117647059,77.23529411764707,34.82352941176471,42.41176470588236,77.23529411764707,34.82352941176471,경남중;대신여중;부산대신중학교;부산여중;부산중앙여자중학교;초장중,0,0,0,,,,0,6,False,0.0
TRADE_048A95A6750A,1,3,42.75490196078431,58.67647058823528,24.205882352941178,34.4705882352941,58.67647058823528,24.205882352941178,부산진중;초연중;초읍중,0,0,0,,,,0,3,False,0.0
TRADE_048EB91AD86D,1,2,71.23529411764707,76.91176470588236,65.55882352941177,11.352941176470594,76.91176470588236,65.55882352941177,용수중;화명중,0,0,0,,,,0,2,False,0.0
TRADE_04A91813CE00,1,6,52.04901960784314,76.79411764705881,34.82352941176471,41.9705882352941,76.79411764705881,34.82352941176471,감천중;경남중;부산여중;부산중앙여자중학교;삼성중;송도중,0,0,0,,,,0,6,False,0.0
TRADE_04B16365F7DF,1,4,68.09558823529412,88.5,49.91176470588235,38.58823529411765,88.5,49.91176470588235,금정중;동래여중;부곡여자중;장전중,0,0,0,,,,0,4,False,0.0
TRADE_04D8160FAFD9,1,4,72.78676470588235,94.26470588235294,36.50000000000001,57.764705882352935,94.26470588235294,36.50000000000001,사직여중;사직중;여명중;온천중,0,0,0,,,,0,4,False,0.0
TRADE_04DCB23CC5F7,1,3,47.372549019607845,62.52941176470588,21.999999999999996,40.529411764705884,62.52941176470588,21.999999999999996,덕명여중;부산동중;부산진여중,0,0,0,,,,0,3,False,0.0
TRADE_0505CD7228D3,1,9,52.36601307189542,69.70588235294117,34.82352941176471,34.882352941176464,69.70588235294117,34.82352941176471,건국중;경남중;당리중;동주여중;부산대신중학교;부산여중;부산중앙여자중학교;사하중;장평중,0,0,0,,,,0,9,False,0.0
TRADE_051A62A4198C,1,4,61.13970588235294,69.70588235294117,46.5,23.205882352941174,69.70588235294117,46.5,건국중;당리중;사하중;하단중,0,0,0,,,,0,4,False,0.0
TRADE_0527774C2ADA,1,0,,,,,,,,0,0,0,,,,0,0,False,0.0
TRADE_0540550DC20B,1,4,53.57352941176471,73.52941176470588,40.02941176470588,33.50000000000001,73.52941176470588,40.02941176470588,광안중;동아중;부산수영중;한바다중,0,0,0,,,,0,4,False,0.0
TRADE_054C286F3796,1,5,50.25294117647059,73.52941176470588,36.970588235294116,36.55882352941177,73.52941176470588,36.970588235294116,광안중;동수영중;동아중;부산수영중학교;한바다중,0,0,0,,,,0,5,False,0.0
TRADE_0554E3177744,1,2,71.04411764705883,78.3529411764706,63.73529411764706,14.617647058823536,78.3529411764706,63.73529411764706,동래중;유락여자중,0,0,0,,,,0,2,False,0.0
TRADE_05566415FA3E,1,1,45.647058823529406,45.647058823529406,45.647058823529406,0.0,45.647058823529406,45.647058823529406,신호중,1,1,1,신호중,45.647058823529406,45.647058823529406,0,1,False,0.4564705882352941
TRADE_0557CA5FA175,1,5,52.54117647058823,77.23529411764707,34.82352941176471,42.41176470588236,77.23529411764707,34.82352941176471,경남중;부산대신중학교;부산여중;부산중앙여자중학교;초장중,0,0,0,,,,0,5,False,0.0
TRADE_0558FFD461CA,1,3,34.29411764705882,40.23529411764706,22.882352941176467,17.35294117647059,40.23529411764706,22.882352941176467,대연중;석포여중;해연중,0,0,0,,,,0,3,False,0.0
TRADE_0578C0076F05,1,3,56.68627450980392,58.67647058823528,54.82352941176472,3.8529411764705657,58.67647058823528,54.82352941176472,광무여중;부산진중;서면중,0,0,0,,,,0,3,False,0.0
TRADE_0580A95DD79C,1,5,38.95294117647059,53.91176470588235,23.61764705882353,30.29411764705882,53.91176470588235,23.61764705882353,대동중;두송중;영남중;장림여중;장평중,0,0,0,,,,0,5,False,0.0
TRADE_058D2D08C7C3,1,3,51.127450980392155,83.17647058823529,35.02941176470588,48.14705882352941,83.17647058823529,35.02941176470588,남도여중;부산남중;부산영선중학교,0,0,0,,,,0,3,False,0.0
TRADE_0590F82D4E2A,1,4,38.61029411764706,53.91176470588235,23.61764705882353,30.29411764705882,53.91176470588235,23.61764705882353,대동중;사하중;영남중;장림여중,0,0,0,,,,0,4,False,0.0
TRADE_059D4B48CED5,1,5,52.54117647058823,77.23529411764707,34.82352941176471,42.41176470588236,77.23529411764707,34.82352941176471,경남중;부산대신중학교;부산여중;부산중앙여자중학교;초장중,0,0,0,,,,0,5,False,0.0
TRADE_05A0AB37995F,1,5,66.6,87.20588235294116,43.970588235294116,43.235294117647044,87.20588235294116,43.970588235294116,남천중;대천중;동아중;부산수영중;한바다중,0,0,0,,,,0,5,False,0.0
TRADE_05A79C0A0B7D,1,3,45.45098039215686,73.88235294117646,21.999999999999996,51.882352941176464,73.88235294117646,21.999999999999996,동의중;부산진여중;양동여중,0,0,0,,,,0,3,False,0.0
TRADE_05E639A00C8A,1,3,37.5,68.26470588235294,19.323529411764707,48.94117647058823,68.26470588235294,19.323529411764707,경남여중;부산중;선화여중,0,0,0,,,,0,3,False,0.0
TRADE_05EDF24577FC,1,0,,,,,,,,0,0,0,,,,0,0,False,0.0
TRADE_05EF23BBF0C0,1,3,48.568627450980394,64.52941176470588,30.617647058823533,33.91176470588235,64.52941176470588,30.617647058823533,연산중;연일중;연제중,0,0,0,,,,0,3,False,0.0
TRADE_060B93359D1A,1,3,28.725490196078436,44.0,18.705882352941178,25.294117647058822,44.0,18.705882352941178,덕포여중;모라중;신라중,0,0,0,,,,0,3,False,0.0
TRADE_061E9CF329CF,1,7,48.98319327731093,68.26470588235294,19.323529411764707,48.94117647058823,68.26470588235294,19.323529411764707,경남여중;경남중;덕원중;동주여중;부산대신중학교;부산여중;선화여중,0,0,0,,,,0,7,False,0.0
TRADE_062657AE3D39,1,5,50.25294117647059,73.52941176470588,36.970588235294116,36.55882352941177,73.52941176470588,36.970588235294116,광안중;동수영중;동아중;부산수영중학교;한바다중,0,0,0,,,,0,5,False,0.0
TRADE_0626A79049B1,1,3,53.72549019607843,58.67647058823528,45.20588235294118,13.470588235294102,58.67647058823528,45.20588235294118,동평여중;동평중;부산진중,0,0,0,,,,0,3,False,0.0
TRADE_062EC69D1F2B,1,6,49.220588235294116,64.79411764705883,34.82352941176471,29.970588235294116,64.79411764705883,34.82352941176471,경남중;동주여중;부산대신중학교;부산여중;부산중앙여자중학교;장평중,0,0,0,,,,0,6,False,0.0
TRADE_065CCA638C5B,1,3,48.568627450980394,64.52941176470588,30.617647058823533,33.91176470588235,64.52941176470588,30.617647058823533,연산중;연일중;연제중,0,0,0,,,,0,3,False,0.0
TRADE_06970E9FE683,1,4,44.411764705882355,69.70588235294117,23.61764705882353,46.088235294117645,69.70588235294117,23.61764705882353,당리중;대동중;영남중;장림여중,0,0,0,,,,0,4,False,0.0
TRADE_06A2E7D22520,1,0,,,,,,,,0,0,0,,,,0,0,False,0.0
TRADE_06C2EDF05138,1,0,,,,,,,,0,0,0,,,,0,0,False,0.0
TRADE_06CFDF42528E,1,4,43.794117647058826,58.82352941176471,30.617647058823533,28.205882352941178,58.82352941176471,30.617647058823533,망미중;연제중;연천중;토현중,0,0,0,,,,0,4,False,0.0
TRADE_06D17CFA15AC,1,3,74.15686274509805,88.5,51.70588235294118,36.79411764705882,88.5,51.70588235294118,금정중;부곡여중;장전중,0,0,0,,,,0,3,False,0.0
TRADE_06F92E7857CE,1,9,52.36601307189542,69.70588235294117,34.82352941176471,34.882352941176464,69.70588235294117,34.82352941176471,건국중;경남중;당리중;동주여중;부산대신중학교;부산여중;부산중앙여자중학교;사하중;장평중,0,0,0,,,,0,9,False,0.0
TRADE_0705D42EC809,1,9,54.25816993464051,76.79411764705881,34.82352941176471,41.9705882352941,76.79411764705881,34.82352941176471,경남중;당리중;동주여중;부산대신중학교;부산여중;부산중앙여자중학교;사하중;삼성중;장평중,0,0,0,,,,0,9,False,0.0
TRADE_071D6F8B9D94,1,4,44.977941176470594,58.00000000000001,34.82352941176471,23.176470588235297,58.00000000000001,34.82352941176471,경남중;부산여중;부산중앙여자중학교;송도중,0,0,0,,,,0,4,False,0.0
TRADE_071EE3371D77,1,3,48.568627450980394,64.52941176470588,30.617647058823533,33.91176470588235,64.52941176470588,30.617647058823533,연산중;연일중;연제중,0,0,0,,,,0,3,False,0.0
TRADE_072131337E11,1,0,,,,,,,,0,0,0,,,,0,0,False,0.0
TRADE_07321A5490F2,1,3,74.15686274509805,88.5,51.70588235294118,36.79411764705882,88.5,51.70588235294118,금정중;부곡여중;장전중,0,0,0,,,,0,3,False,0.0
TRADE_07461AE6C118,1,4,61.13970588235294,69.70588235294117,46.5,23.205882352941174,69.70588235294117,46.5,건국중;당리중;사하중;하단중,0,0,0,,,,0,4,False,0.0
TRADE_075308B6C129,1,3,34.29411764705882,40.23529411764706,22.882352941176467,17.35294117647059,40.23529411764706,22.882352941176467,대연중;석포여중;해연중,0,0,0,,,,0,3,False,0.0
TRADE_0791087036F0,1,3,66.3235294117647,87.20588235294116,40.23529411764706,46.9705882352941,87.20588235294116,40.23529411764706,남천중;대연중;대천중,0,0,0,,,,0,3,False,0.0
TRADE_07981205D711,1,3,32.509803921568626,43.470588235294116,21.14705882352941,22.323529411764707,43.470588235294116,21.14705882352941,개금여중;개림중;부산개성중,0,0,0,,,,0,3,False,0.0
TRADE_0798E7A3E8CB,1,2,75.11764705882354,84.70588235294117,65.52941176470588,19.17647058823529,84.70588235294117,65.52941176470588,구서여중;남산중,0,0,0,,,,0,2,False,0.0
TRADE_07B3606DEECE,1,5,45.14705882352941,58.82352941176471,30.617647058823533,28.205882352941178,58.82352941176471,30.617647058823533,망미중;연산중;연제중;연천중;토현중,0,0,0,,,,0,5,False,0.0
TRADE_07B37F54EE02,1,4,68.85294117647058,78.3529411764706,56.529411764705884,21.82352941176471,78.3529411764706,56.529411764705884,동래중;동해중;부산내성중학교;유락여중,0,0,0,,,,0,4,False,0.0
TRADE_07B938E71F7C,1,4,72.78676470588235,94.26470588235294,36.50000000000001,57.764705882352935,94.26470588235294,36.50000000000001,사직여중;사직중;여명중;온천중,0,0,0,,,,0,4,False,0.0
TRADE_07D99918FE71,1,5,50.25294117647059,73.52941176470588,36.970588235294116,36.55882352941177,73.52941176470588,36.970588235294116,광안중;동수영중;동아중;부산수영중학교;한바다중,0,0,0,,,,0,5,False,0.0
TRADE_07E602235D3A,1,3,34.29411764705882,40.23529411764706,22.882352941176467,17.35294117647059,40.23529411764706,22.882352941176467,대연중;석포여중;해연중,0,0,0,,,,0,3,False,0.0
TRADE_07F2278D4792,1,3,37.5,68.26470588235294,19.323529411764707,48.94117647058823,68.26470588235294,19.323529411764707,경남여중;부산중;선화여중,0,0,0,,,,0,3,False,0.0
TRADE_07FF264442B4,1,5,66.6,87.20588235294116,43.970588235294116,43.235294117647044,87.20588235294116,43.970588235294116,남천중;대천중;동아중;부산수영중;한바다중,0,0,0,,,,0,5,False,0.0
TRADE_0867EFFFDB73,1,6,49.4264705882353,77.23529411764707,34.82352941176471,42.41176470588236,77.23529411764707,34.82352941176471,경남중;대신여중;부산여중;부산중앙여자중학교;송도중;초장중,0,0,0,,,,0,6,False,0.0
TRADE_0868E1534B2D,1,2,38.705882352941174,54.11764705882353,23.294117647058822,30.823529411764707,54.11764705882353,23.294117647058822,동주중;주례여중,0,0,0,,,,0,2,False,0.0
TRADE_086DC66E13F3,1,3,41.931372549019606,44.85294117647059,36.970588235294116,7.882352941176471,44.85294117647059,36.970588235294116,동수영중;망미중;부산수영중,0,0,0,,,,0,3,False,0.0
TRADE_0871D3426907,1,6,49.4264705882353,77.23529411764707,34.82352941176471,42.41176470588236,77.23529411764707,34.82352941176471,경남중;대신여중;부산여중;부산중앙여자중학교;송도중;초장중,0,0,0,,,,0,6,False,0.0
TRADE_0880A6FDFDB3,1,4,49.5,73.88235294117646,21.999999999999996,51.882352941176464,73.88235294117646,21.999999999999996,덕명여중;동의중;부산진여중;항도중,0,0,0,,,,0,4,False,0.0
TRADE_088633A2D047,1,3,48.568627450980394,64.52941176470588,30.617647058823533,33.91176470588235,64.52941176470588,30.617647058823533,연산중;연일중;연제중,0,0,0,,,,0,3,False,0.0
TRADE_08983261B670,1,3,82.88235294117648,93.44117647058823,67.5,25.941176470588232,93.44117647058823,67.5,분포중;오륙도중;용호중,0,0,0,,,,0,3,False,0.0
TRADE_08A94AB1F652,1,5,52.54117647058823,77.23529411764707,34.82352941176471,42.41176470588236,77.23529411764707,34.82352941176471,경남중;부산대신중학교;부산여중;부산중앙여자중학교;초장중,0,0,0,,,,0,5,False,0.0
TRADE_08CD8381E902,1,5,50.25294117647059,73.52941176470588,36.970588235294116,36.55882352941177,73.52941176470588,36.970588235294116,광안중;동수영중;동아중;부산수영중학교;한바다중,0,0,0,,,,0,5,False,0.0
TRADE_0901A873E011,1,2,38.705882352941174,54.11764705882353,23.294117647058822,30.823529411764707,54.11764705882353,23.294117647058822,동주중;주례여중,0,0,0,,,,0,2,False,0.0
TRADE_0910DFFD614E,1,3,42.75490196078431,58.67647058823528,24.205882352941178,34.4705882352941,58.67647058823528,24.205882352941178,부산진중;초연중;초읍중,0,0,0,,,,0,3,False,0.0
TRADE_092D99F0F160,1,5,50.25294117647059,73.52941176470588,36.970588235294116,36.55882352941177,73.52941176470588,36.970588235294116,광안중;동수영중;동아중;부산수영중학교;한바다중,0,0,0,,,,0,5,False,0.0
TRADE_093578404EED,1,3,17.95098039215686,31.705882352941174,1.0882352941176472,30.617647058823525,31.705882352941174,1.0882352941176472,기장중;대청중;일광중,0,0,0,,,,0,3,False,0.0
TRADE_095E5402E268,1,3,32.31372549019608,41.76470588235294,18.176470588235293,23.58823529411765,41.76470588235294,18.176470588235293,다대중;다송중;두송중,0,0,0,,,,0,3,False,0.0
TRADE_096517647FEA,1,3,43.69117647058823,47.147058823529406,40.23529411764706,6.911764705882348,47.147058823529406,40.23529411764706,감만중;대연중;배정중,0,0,0,,,,0,2,False,0.0
TRADE_096527F58AD1,1,3,48.568627450980394,64.52941176470588,30.617647058823533,33.91176470588235,64.52941176470588,30.617647058823533,연산중;연일중;연제중,0,0,0,,,,0,3,False,0.0
TRADE_0982C4847C77,1,3,45.45098039215686,73.88235294117646,21.999999999999996,51.882352941176464,73.88235294117646,21.999999999999996,동의중;부산진여중;양동여중,0,0,0,,,,0,3,False,0.0
TRADE_09AB4B6642B2,1,0,,,,,,,,0,0,0,,,,0,0,False,0.0
TRADE_09C90FF352C0,1,3,48.568627450980394,64.52941176470588,30.617647058823533,33.91176470588235,64.52941176470588,30.617647058823533,연산중;연일중;연제중,0,0,0,,,,0,3,False,0.0
TRADE_09D89F07BB5E,1,0,,,,,,,,0,0,0,,,,0,0,False,0.0
TRADE_09E2047C6482,1,5,52.54117647058823,77.23529411764707,34.82352941176471,42.41176470588236,77.23529411764707,34.82352941176471,경남중;부산대신중학교;부산여중;부산중앙여자중학교;초장중,0,0,0,,,,0,5,False,0.0
TRADE_09E33B6A6A0E,1,4,33.786764705882355,54.82352941176472,15.705882352941178,39.117647058823536,54.82352941176472,15.705882352941178,가야여중;개림중;부산개성중;서면중,0,0,0,,,,0,4,False,0.0
TRADE_09E52BBA4E9F,1,3,59.529411764705884,78.3529411764706,36.50000000000001,41.85294117647059,78.3529411764706,36.50000000000001,동래중;온천중;유락여중,0,0,0,,,,0,3,False,0.0
TRADE_09F7532FC9BB,1,3,48.568627450980394,64.52941176470588,30.617647058823533,33.91176470588235,64.52941176470588,30.617647058823533,연산중;연일중;연제중,0,0,0,,,,0,3,False,0.0
TRADE_0A008E84EF09,1,0,,,,,,,,0,0,0,,,,0,0,False,0.0
TRADE_0A3656601F26,1,3,59.529411764705884,78.3529411764706,36.50000000000001,41.85294117647059,78.3529411764706,36.50000000000001,동래중;온천중;유락여중,0,0,0,,,,0,3,False,0.0
TRADE_0A3F59F85036,1,5,50.25294117647059,73.52941176470588,36.970588235294116,36.55882352941177,73.52941176470588,36.970588235294116,광안중;동수영중;동아중;부산수영중학교;한바다중,0,0,0,,,,0,5,False,0.0
TRADE_0A4E996C0727,1,3,56.68627450980392,58.67647058823528,54.82352941176472,3.8529411764705657,58.67647058823528,54.82352941176472,광무여중;부산진중;서면중,0,0,0,,,,0,3,False,0.0
TRADE_0A592AA1E46F,1,0,,,,,,,,0,0,0,,,,0,0,False,0.0
TRADE_0A5F85C2513A,1,3,47.372549019607845,62.52941176470588,21.999999999999996,40.529411764705884,62.52941176470588,21.999999999999996,덕명여중;부산동중;부산진여중,0,0,0,,,,0,3,False,0.0
TRADE_0A64F526FF57,1,3,46.82352941176471,48.5,45.14705882352941,3.352941176470587,48.5,45.14705882352941,문현여중;배정중;부산동여중,0,0,0,,,,0,2,False,0.0
TRADE_0A7D41DB2D42,1,2,11.073529411764707,21.058823529411764,1.0882352941176472,19.970588235294116,21.058823529411764,1.0882352941176472,기장중;대청중,0,0,0,,,,0,2,False,0.0
TRADE_0A8CCAB448ED,1,3,58.08823529411765,73.52941176470588,43.970588235294116,29.558823529411768,73.52941176470588,43.970588235294116,동아중;부산수영중학교;한바다중,0,0,0,,,,0,3,False,0.0
TRADE_0A8E452C2E08,1,3,23.774509803921564,27.088235294117645,19.323529411764707,7.7647058823529385,27.088235294117645,19.323529411764707,경남여중;부산서중;부산중,0,0,0,,,,0,3,False,0.0
TRADE_0AD70139355B,1,4,61.13970588235294,69.70588235294117,46.5,23.205882352941174,69.70588235294117,46.5,건국중;당리중;사하중;하단중,0,0,0,,,,0,4,False,0.0
TRADE_0ADB1C17B05B,1,2,38.705882352941174,54.11764705882353,23.294117647058822,30.823529411764707,54.11764705882353,23.294117647058822,동주중;주례여중,0,0,0,,,,0,2,False,0.0
TRADE_0AE493C4F693,1,4,49.5,73.88235294117646,21.999999999999996,51.882352941176464,73.88235294117646,21.999999999999996,덕명여중;동의중;부산진여중;항도중,0,0,0,,,,0,4,False,0.0
TRADE_0AEDD7F07839,1,3,23.774509803921564,27.088235294117645,19.323529411764707,7.7647058823529385,27.088235294117645,19.323529411764707,경남여중;부산서중;부산중,0,0,0,,,,0,3,False,0.0
TRADE_0AF2B2BF9D0F,1,4,53.57352941176471,73.52941176470588,40.02941176470588,33.50000000000001,73.52941176470588,40.02941176470588,광안중;동아중;부산수영중;한바다중,0,0,0,,,,0,4,False,0.0
TRADE_0B4441B21B26,1,4,60.19117647058823,69.70588235294117,46.5,23.205882352941174,69.70588235294117,46.5,건국중;당리중;동주여중;사하중,0,0,0,,,,0,4,False,0.0
TRADE_0B5449293D5B,1,3,42.75490196078431,58.67647058823528,24.205882352941178,34.4705882352941,58.67647058823528,24.205882352941178,부산진중;초연중;초읍중,0,0,0,,,,0,3,False,0.0
TRADE_0B5B0E433C1D,1,3,66.3235294117647,87.20588235294116,40.23529411764706,46.9705882352941,87.20588235294116,40.23529411764706,남천중;대연중;대천중,0,0,0,,,,0,3,False,0.0
TRADE_0B7BE7534A07,1,6,49.4264705882353,77.23529411764707,34.82352941176471,42.41176470588236,77.23529411764707,34.82352941176471,경남중;대신여중;부산여중;부산중앙여자중학교;송도중;초장중,0,0,0,,,,0,6,False,0.0
TRADE_0B7E3C479C44,1,3,37.5,68.26470588235294,19.323529411764707,48.94117647058823,68.26470588235294,19.323529411764707,경남여중;부산중;선화여중,0,0,0,,,,0,3,False,0.0
TRADE_0B9D9A76B276,1,2,11.073529411764707,21.058823529411764,1.0882352941176472,19.970588235294116,21.058823529411764,1.0882352941176472,기장중;대청중,0,0,0,,,,0,2,False,0.0
TRADE_0BBA42CA4C4C,1,4,56.51470588235294,69.70588235294117,45.05882352941177,24.647058823529406,69.70588235294117,45.05882352941177,당리중;동주여중;사하중;장평중,0,0,0,,,,0,4,False,0.0
TRADE_0BE13941D02E,1,0,,,,,,,,0,0,0,,,,0,0,False,0.0
TRADE_0BE35F188063,1,1,38.94117647058823,38.94117647058823,38.94117647058823,0.0,38.94117647058823,38.94117647058823,만덕중,1,1,1,만덕중,38.94117647058823,38.94117647058823,0,1,False,0.38941176470588235
TRADE_0BF40E5D6FD5,1,2,73.89705882352942,82.26470588235294,65.52941176470588,16.735294117647058,82.26470588235294,65.52941176470588,금정중;남산중,0,0,0,,,,0,2,False,0.0
TRADE_0C04B23399C0,1,2,17.14705882352941,18.588235294117645,15.705882352941176,2.8823529411764692,18.588235294117645,15.705882352941176,가람중;덕천중,0,0,0,,,,0,2,False,0.0
TRADE_0C13F4E6B22A,1,3,48.96078431372549,56.970588235294116,40.44117647058824,16.529411764705877,56.970588235294116,40.44117647058824,영도제일중;태종대중;해동중,0,0,0,,,,0,3,False,0.0
TRADE_0C1E0BEA9616,1,5,52.54117647058823,77.23529411764707,34.82352941176471,42.41176470588236,77.23529411764707,34.82352941176471,경남중;부산대신중학교;부산여중;부산중앙여자중학교;초장중,0,0,0,,,,0,5,False,0.0
TRADE_0C2706DBDE0E,1,5,45.14705882352941,58.82352941176471,30.617647058823533,28.205882352941178,58.82352941176471,30.617647058823533,망미중;연산중;연제중;연천중;토현중,0,0,0,,,,0,5,False,0.0
TRADE_0C2D911F76FA,1,6,50.35294117647059,77.23529411764707,34.82352941176471,42.41176470588236,77.23529411764707,34.82352941176471,경남중;대신여중;부산대신중학교;부산여중;부산중앙여자중학교;초장중,0,0,0,,,,0,6,False,0.0
TRADE_0C383FD0B76E,1,3,65.62745098039215,80.5,36.50000000000001,43.99999999999999,80.5,36.50000000000001,사직여중;사직중;온천중,0,0,0,,,,0,3,False,0.0
TRADE_0C3F892191DE,1,1,32.647058823529406,32.647058823529406,32.647058823529406,0.0,32.647058823529406,32.647058823529406,주례중,1,1,1,주례중,32.647058823529406,32.647058823529406,0,1,False,0.32647058823529407
TRADE_0C4D5B8E8224,1,6,49.4264705882353,77.23529411764707,34.82352941176471,42.41176470588236,77.23529411764707,34.82352941176471,경남중;대신여중;부산여중;부산중앙여자중학교;송도중;초장중,0,0,0,,,,0,6,False,0.0
TRADE_0C59E0C6F927,1,2,11.073529411764707,21.058823529411764,1.0882352941176472,19.970588235294116,21.058823529411764,1.0882352941176472,기장중;대청중,0,0,0,,,,0,2,False,0.0
TRADE_0C71CF6F704E,1,2,11.073529411764707,21.058823529411764,1.0882352941176472,19.970588235294116,21.058823529411764,1.0882352941176472,기장중;대청중,0,0,0,,,,0,2,False,0.0
TRADE_0C9C5033C273,1,2,11.073529411764707,21.058823529411764,1.0882352941176472,19.970588235294116,21.058823529411764,1.0882352941176472,기장중;대청중,0,0,0,,,,0,2,False,0.0
TRADE_0C9D6053639C,1,6,52.04901960784314,76.79411764705881,34.82352941176471,41.9705882352941,76.79411764705881,34.82352941176471,감천중;경남중;부산여중;부산중앙여자중학교;삼성중;송도중,0,0,0,,,,0,6,False,0.0
TRADE_0C9ECE6556CA,1,3,48.568627450980394,64.52941176470588,30.617647058823533,33.91176470588235,64.52941176470588,30.617647058823533,연산중;연일중;연제중,0,0,0,,,,0,3,False,0.0
TRADE_0CB0059102E1,1,3,48.96078431372549,56.970588235294116,40.44117647058824,16.529411764705877,56.970588235294116,40.44117647058824,영도제일중;태종대중;해동중,0,0,0,,,,0,3,False,0.0
TRADE_0CC88B1CC36B,1,0,,,,,,,,0,0,0,,,,0,0,False,0.0
TRADE_0CE5806F1CB5,1,2,75.11764705882354,84.70588235294117,65.52941176470588,19.17647058823529,84.70588235294117,65.52941176470588,구서여중;남산중,0,0,0,,,,0,2,False,0.0
TRADE_0CE9E1205895,1,3,48.17647058823528,58.67647058823528,40.470588235294116,18.205882352941167,58.67647058823528,40.470588235294116,부산진중;양동여중;초연중,0,0,0,,,,0,3,False,0.0
TRADE_0CEBA92B16CF,1,3,20.764705882352942,27.117647058823525,16.294117647058826,10.8235294117647,27.117647058823525,16.294117647058826,반안중;재송여중;재송중,0,0,0,,,,0,3,False,0.0
TRADE_0D14A3F3DF61,1,2,38.705882352941174,54.11764705882353,23.294117647058822,30.823529411764707,54.11764705882353,23.294117647058822,동주중;주례여중,0,0,0,,,,0,2,False,0.0
TRADE_0D1E5C532264,1,9,54.25816993464051,76.79411764705881,34.82352941176471,41.9705882352941,76.79411764705881,34.82352941176471,경남중;당리중;동주여중;부산대신중학교;부산여중;부산중앙여자중학교;사하중;삼성중;장평중,0,0,0,,,,0,9,False,0.0
TRADE_0D22C4A34246,1,3,34.29411764705882,40.23529411764706,22.882352941176467,17.35294117647059,40.23529411764706,22.882352941176467,대연중;석포여중;해연중,0,0,0,,,,0,3,False,0.0
TRADE_0D2DF199FD5E,1,2,75.11764705882354,84.70588235294117,65.52941176470588,19.17647058823529,84.70588235294117,65.52941176470588,구서여중;남산중,0,0,0,,,,0,2,False,0.0
TRADE_0D4B45AB57C5,1,2,11.073529411764707,21.058823529411764,1.0882352941176472,19.970588235294116,21.058823529411764,1.0882352941176472,기장중;대청중,0,0,0,,,,0,2,False,0.0
TRADE_0D75DDC00968,1,2,17.14705882352941,18.588235294117645,15.705882352941176,2.8823529411764692,18.588235294117645,15.705882352941176,가람중;덕천중,0,0,0,,,,0,2,False,0.0
TRADE_0D7D4A13C5FF,1,3,48.96078431372549,56.970588235294116,40.44117647058824,16.529411764705877,56.970588235294116,40.44117647058824,영도제일중;태종대중;해동중,0,0,0,,,,0,3,False,0.0
TRADE_0DA8B406E506,1,2,38.705882352941174,54.11764705882353,23.294117647058822,30.823529411764707,54.11764705882353,23.294117647058822,동주중;주례여중,0,0,0,,,,0,2,False,0.0
TRADE_0DDCAF131EAB,1,3,42.75490196078431,58.67647058823528,24.205882352941178,34.4705882352941,58.67647058823528,24.205882352941178,부산진중;초연중;초읍중,0,0,0,,,,0,3,False,0.0
TRADE_0E0243759DA9,1,9,54.25816993464051,76.79411764705881,34.82352941176471,41.9705882352941,76.79411764705881,34.82352941176471,경남중;당리중;동주여중;부산대신중학교;부산여중;부산중앙여자중학교;사하중;삼성중;장평중,0,0,0,,,,0,9,False,0.0
TRADE_0E099EB99660,1,3,48.568627450980394,64.52941176470588,30.617647058823533,33.91176470588235,64.52941176470588,30.617647058823533,연산중;연일중;연제중,0,0,0,,,,0,3,False,0.0
TRADE_0E24D6A31AC6,1,1,15.705882352941176,15.705882352941176,15.705882352941176,0.0,15.705882352941176,15.705882352941176,덕천중,1,1,1,덕천중,15.705882352941176,15.705882352941176,0,1,False,0.15705882352941175
TRADE_0E2594AA1E5D,1,4,49.5,73.88235294117646,21.999999999999996,51.882352941176464,73.88235294117646,21.999999999999996,덕명여중;동의중;부산진여중;항도중,0,0,0,,,,0,4,False,0.0
TRADE_0E465B87317D,1,6,49.4264705882353,77.23529411764707,34.82352941176471,42.41176470588236,77.23529411764707,34.82352941176471,경남중;대신여중;부산여중;부산중앙여자중학교;송도중;초장중,0,0,0,,,,0,6,False,0.0
TRADE_0E4709EAFB09,1,3,48.568627450980394,64.52941176470588,30.617647058823533,33.91176470588235,64.52941176470588,30.617647058823533,연산중;연일중;연제중,0,0,0,,,,0,3,False,0.0
TRADE_0E478CA85AFA,1,2,75.11764705882354,84.70588235294117,65.52941176470588,19.17647058823529,84.70588235294117,65.52941176470588,구서여중;남산중,0,0,0,,,,0,2,False,0.0
TRADE_0E51632E3C57,1,2,73.89705882352942,82.26470588235294,65.52941176470588,16.735294117647058,82.26470588235294,65.52941176470588,금정중;남산중,0,0,0,,,,0,2,False,0.0
TRADE_0E5186DE7461,1,3,34.29411764705882,40.23529411764706,22.882352941176467,17.35294117647059,40.23529411764706,22.882352941176467,대연중;석포여중;해연중,0,0,0,,,,0,3,False,0.0
TRADE_0E5A78B5A2A9,1,5,52.54117647058823,77.23529411764707,34.82352941176471,42.41176470588236,77.23529411764707,34.82352941176471,경남중;부산대신중학교;부산여중;부산중앙여자중학교;초장중,0,0,0,,,,0,5,False,0.0
TRADE_0E9585B35413,1,3,48.568627450980394,64.52941176470588,30.617647058823533,33.91176470588235,64.52941176470588,30.617647058823533,연산중;연일중;연제중,0,0,0,,,,0,3,False,0.0
TRADE_0EEE061AA15E,1,3,51.51960784313726,55.58823529411765,45.05882352941177,10.529411764705884,55.58823529411765,45.05882352941177,감천중;대동중;장평중,0,0,0,,,,0,3,False,0.0
TRADE_0EF0CE8EEF27,1,3,34.29411764705882,40.23529411764706,22.882352941176467,17.35294117647059,40.23529411764706,22.882352941176467,대연중;석포여중;해연중,0,0,0,,,,0,3,False,0.0
TRADE_0F0845812C5E,1,3,37.5,68.26470588235294,19.323529411764707,48.94117647058823,68.26470588235294,19.323529411764707,경남여중;부산중;선화여중,0,0,0,,,,0,3,False,0.0
TRADE_0F1C697594B1,1,3,45.45098039215686,73.88235294117646,21.999999999999996,51.882352941176464,73.88235294117646,21.999999999999996,동의중;부산진여중;양동여중,0,0,0,,,,0,3,False,0.0
TRADE_0F1DC958FEB5,1,0,,,,,,,,0,0,0,,,,0,0,False,0.0
TRADE_0F4E12E40A0F,1,4,56.51470588235294,69.70588235294117,45.05882352941177,24.647058823529406,69.70588235294117,45.05882352941177,당리중;동주여중;사하중;장평중,0,0,0,,,,0,4,False,0.0
TRADE_0F733E1F7304,1,3,28.725490196078436,44.0,18.705882352941178,25.294117647058822,44.0,18.705882352941178,덕포여중;모라중;신라중,0,0,0,,,,0,3,False,0.0
TRADE_0F73C6300FD1,1,6,50.35294117647059,77.23529411764707,34.82352941176471,42.41176470588236,77.23529411764707,34.82352941176471,경남중;대신여중;부산대신중학교;부산여중;부산중앙여자중학교;초장중,0,0,0,,,,0,6,False,0.0
TRADE_0F9985F310D1,1,6,50.259803921568626,83.17647058823529,19.323529411764707,63.85294117647058,83.17647058823529,19.323529411764707,경남여중;덕원중;부산남중;부산대신중학교;선화여중;신선중,0,0,0,,,,0,6,False,0.0
TRADE_0F9BDB1C2BE0,1,3,37.794117647058826,48.5,27.088235294117645,21.411764705882355,48.5,27.088235294117645,금성중;부산동여중;부산서중,0,0,0,,,,0,2,False,0.0
TRADE_0FB4AE38AB37,1,4,60.55882352941177,76.79411764705881,45.05882352941177,31.735294117647044,76.79411764705881,45.05882352941177,감천중;동주여중;삼성중;장평중,0,0,0,,,,0,4,False,0.0
TRADE_0FC673C417A0,1,2,40.58823529411765,50.55882352941177,30.617647058823533,19.941176470588236,50.55882352941177,30.617647058823533,연산중;연제중,0,0,0,,,,0,2,False,0.0
TRADE_0FEF06CA4B7D,1,3,42.75490196078431,58.67647058823528,24.205882352941178,34.4705882352941,58.67647058823528,24.205882352941178,부산진중;초연중;초읍중,0,0,0,,,,0,3,False,0.0
TRADE_1009839716F6,1,5,52.54117647058823,77.23529411764707,34.82352941176471,42.41176470588236,77.23529411764707,34.82352941176471,경남중;부산대신중학교;부산여중;부산중앙여자중학교;초장중,0,0,0,,,,0,5,False,0.0
TRADE_102A1D454524,1,3,17.95098039215686,31.705882352941174,1.0882352941176472,30.617647058823525,31.705882352941174,1.0882352941176472,기장중;대청중;일광중,0,0,0,,,,0,3,False,0.0
TRADE_102C71167084,1,4,45.220588235294116,73.88235294117646,21.999999999999996,51.882352941176464,73.88235294117646,21.999999999999996,동의중;부산진여중;양동여중;항도중,0,0,0,,,,0,4,False,0.0
TRADE_104148537585,1,0,,,,,,,,0,0,0,,,,0,0,False,0.0
TRADE_10621B2B48AD,1,7,48.98319327731093,68.26470588235294,19.323529411764707,48.94117647058823,68.26470588235294,19.323529411764707,경남여중;경남중;덕원중;동주여중;부산대신중학교;부산여중;선화여중,0,0,0,,,,0,7,False,0.0
TRADE_1071D0E5872A,1,3,82.88235294117648,93.44117647058823,67.5,25.941176470588232,93.44117647058823,67.5,분포중;오륙도중;용호중,0,0,0,,,,0,3,False,0.0
TRADE_1077613A2E49,1,4,72.78676470588235,94.26470588235294,36.50000000000001,57.764705882352935,94.26470588235294,36.50000000000001,사직여중;사직중;여명중;온천중,0,0,0,,,,0,4,False,0.0
TRADE_107828D9695C,1,3,32.509803921568626,43.470588235294116,21.14705882352941,22.323529411764707,43.470588235294116,21.14705882352941,개금여중;개림중;부산개성중,0,0,0,,,,0,3,False,0.0
TRADE_107FAB2CBA5F,1,3,48.30392156862746,98.91176470588236,18.88235294117647,80.02941176470588,98.91176470588236,18.88235294117647,센텀중;재송여자중;재송중,0,0,0,,,,0,3,False,0.0
TRADE_1081C854444C,1,3,42.720588235294116,45.14705882352941,40.294117647058826,4.852941176470587,45.14705882352941,40.294117647058826,문현여중;배정중;부산중앙중,0,0,0,,,,0,2,False,0.0
TRADE_108563CC5AD0,1,2,40.58823529411765,50.55882352941177,30.617647058823533,19.941176470588236,50.55882352941177,30.617647058823533,연산중;연제중,0,0,0,,,,0,2,False,0.0
TRADE_10A69620F777,1,3,51.127450980392155,83.17647058823529,35.02941176470588,48.14705882352941,83.17647058823529,35.02941176470588,남도여중;부산남중;부산영선중학교,0,0,0,,,,0,3,False,0.0
TRADE_10A93C8E02E5,1,4,34.29411764705882,40.23529411764706,22.882352941176467,17.35294117647059,40.23529411764706,22.882352941176467,대연중;배정중;석포여중;해연중,0,0,0,,,,0,3,False,0.0
TRADE_10C44348A576,1,5,50.25294117647059,73.52941176470588,36.970588235294116,36.55882352941177,73.52941176470588,36.970588235294116,광안중;동수영중;동아중;부산수영중학교;한바다중,0,0,0,,,,0,5,False,0.0
TRADE_10E348AA630A,1,3,45.45098039215686,73.88235294117646,21.999999999999996,51.882352941176464,73.88235294117646,21.999999999999996,동의중;부산진여중;양동여중,0,0,0,,,,0,3,False,0.0
TRADE_10EFB3F67B59,1,3,41.931372549019606,44.85294117647059,36.970588235294116,7.882352941176471,44.85294117647059,36.970588235294116,동수영중;망미중;부산수영중학교,0,0,0,,,,0,3,False,0.0
TRADE_110E0C75F924,1,3,66.3235294117647,87.20588235294116,40.23529411764706,46.9705882352941,87.20588235294116,40.23529411764706,남천중;대연중;대천중,0,0,0,,,,0,3,False,0.0
TRADE_110F690D8E0F,1,3,74.15686274509805,88.5,51.70588235294118,36.79411764705882,88.5,51.70588235294118,금정중;부곡여중;장전중,0,0,0,,,,0,3,False,0.0
TRADE_113C4C1FCBA3,1,3,82.88235294117648,93.44117647058823,67.5,25.941176470588232,93.44117647058823,67.5,분포중;오륙도중;용호중,0,0,0,,,,0,3,False,0.0
TRADE_11697B978501,1,5,50.25294117647059,73.52941176470588,36.970588235294116,36.55882352941177,73.52941176470588,36.970588235294116,광안중;동수영중;동아중;부산수영중학교;한바다중,0,0,0,,,,0,5,False,0.0
TRADE_11E545A00588,1,3,66.3235294117647,87.20588235294116,40.23529411764706,46.9705882352941,87.20588235294116,40.23529411764706,남천중;대연중;대천중,0,0,0,,,,0,3,False,0.0
TRADE_11E5CB7DFF50,1,5,50.25294117647059,73.52941176470588,36.970588235294116,36.55882352941177,73.52941176470588,36.970588235294116,광안중;동수영중;동아중;부산수영중학교;한바다중,0,0,0,,,,0,5,False,0.0
TRADE_11F311E6E72B,1,1,18.705882352941178,18.705882352941178,18.705882352941178,0.0,18.705882352941178,18.705882352941178,모라중,1,1,1,모라중,18.705882352941178,18.705882352941178,0,1,False,0.18705882352941178
TRADE_121CE139FFB8,1,2,73.89705882352942,82.26470588235294,65.52941176470588,16.735294117647058,82.26470588235294,65.52941176470588,금정중;남산중,0,0,0,,,,0,2,False,0.0
TRADE_123D9F5D3D1E,1,3,65.62745098039215,80.5,36.50000000000001,43.99999999999999,80.5,36.50000000000001,사직여중;사직중;온천중,0,0,0,,,,0,3,False,0.0
TRADE_123E6D9F2931,1,3,74.15686274509805,88.5,51.70588235294118,36.79411764705882,88.5,51.70588235294118,금정중;부곡여중;장전중,0,0,0,,,,0,3,False,0.0
TRADE_12C52037DA0C,1,3,42.720588235294116,45.14705882352941,40.294117647058826,4.852941176470587,45.14705882352941,40.294117647058826,문현여중;배정중;부산중앙중,0,0,0,,,,0,2,False,0.0
TRADE_12C8AF5FE47F,1,5,52.54117647058823,77.23529411764707,34.82352941176471,42.41176470588236,77.23529411764707,34.82352941176471,경남중;부산대신중학교;부산여중;부산중앙여자중학교;초장중,0,0,0,,,,0,5,False,0.0
TRADE_130CB72EE5E1,1,3,46.32352941176472,71.8529411764706,26.294117647058822,45.55882352941177,71.8529411764706,26.294117647058822,안락중;충렬중;학산여중,0,0,0,,,,0,3,False,0.0
TRADE_132656BD7CDF,1,3,61.88235294117647,88.5,45.44117647058823,43.05882352941177,88.5,45.44117647058823,동현중;부곡여자중;장전중,0,0,0,,,,0,3,False,0.0
TRADE_132BC3787288,1,4,83.57352941176471,97.70588235294117,54.23529411764706,43.470588235294116,97.70588235294117,54.23529411764706,동백중;해강중;해운대여중;해운대중,0,0,0,,,,0,4,False,0.0
TRADE_133287BB1AFF,1,3,82.88235294117648,93.44117647058823,67.5,25.941176470588232,93.44117647058823,67.5,분포중;오륙도중;용호중,0,0,0,,,,0,3,False,0.0
TRADE_134EC34AA19C,1,3,48.568627450980394,64.52941176470588,30.617647058823533,33.91176470588235,64.52941176470588,30.617647058823533,연산중;연일중;연제중,0,0,0,,,,0,3,False,0.0
TRADE_134FB1CD9285,1,3,42.75490196078431,58.67647058823528,24.205882352941178,34.4705882352941,58.67647058823528,24.205882352941178,부산진중;초연중;초읍중,0,0,0,,,,0,3,False,0.0
TRADE_1383463CC29E,1,2,11.073529411764707,21.058823529411764,1.0882352941176472,19.970588235294116,21.058823529411764,1.0882352941176472,기장중;대청중,0,0,0,,,,0,2,False,0.0
TRADE_138C50F07DED,1,2,11.073529411764707,21.058823529411764,1.0882352941176472,19.970588235294116,21.058823529411764,1.0882352941176472,기장중;대청중,0,0,0,,,,0,2,False,0.0
TRADE_13ACBB4FF1A2,1,3,48.568627450980394,64.52941176470588,30.617647058823533,33.91176470588235,64.52941176470588,30.617647058823533,연산중;연일중;연제중,0,0,0,,,,0,3,False,0.0
TRADE_13CF6B1C2784,1,2,34.794117647058826,45.38235294117647,24.205882352941178,21.176470588235293,45.38235294117647,24.205882352941178,초연중;초읍중,0,0,0,,,,0,2,False,0.0
TRADE_13D23E7F1521,1,4,43.794117647058826,58.82352941176471,30.617647058823533,28.205882352941178,58.82352941176471,30.617647058823533,망미중;연제중;연천중;토현중,0,0,0,,,,0,4,False,0.0
TRADE_13DBAB5D21F3,1,4,72.78676470588235,94.26470588235294,36.50000000000001,57.764705882352935,94.26470588235294,36.50000000000001,사직여중;사직중;여명중;온천중,0,0,0,,,,0,4,False,0.0
TRADE_13DD81B8C495,1,3,48.30392156862746,98.91176470588236,18.88235294117647,80.02941176470588,98.91176470588236,18.88235294117647,센텀중;재송여자중;재송중,0,0,0,,,,0,3,False,0.0
TRADE_13E453BEC1B3,1,2,11.073529411764707,21.058823529411764,1.0882352941176472,19.970588235294116,21.058823529411764,1.0882352941176472,기장중;대청중,0,0,0,,,,0,2,False,0.0
TRADE_13F1DAB38E9A,1,3,58.08823529411765,73.52941176470588,43.970588235294116,29.558823529411768,73.52941176470588,43.970588235294116,동아중;부산수영중학교;한바다중,0,0,0,,,,0,3,False,0.0
TRADE_1404C14AF02B,1,4,45.220588235294116,73.88235294117646,21.999999999999996,51.882352941176464,73.88235294117646,21.999999999999996,동의중;부산진여중;양동여중;항도중,0,0,0,,,,0,4,False,0.0
TRADE_144488FC56B1,1,1,45.647058823529406,45.647058823529406,45.647058823529406,0.0,45.647058823529406,45.647058823529406,신호중,1,1,1,신호중,45.647058823529406,45.647058823529406,0,1,False,0.4564705882352941
TRADE_144E3B44DAB2,1,3,75.27450980392156,94.26470588235294,51.8235294117647,42.44117647058824,94.26470588235294,51.8235294117647,거제여자중;여명중;이사벨중,0,0,0,,,,0,3,False,0.0
TRADE_1453EB1467A9,1,0,,,,,,,,0,0,0,,,,0,0,False,0.0
TRADE_145F8BB9D0EF,1,3,42.720588235294116,45.14705882352941,40.294117647058826,4.852941176470587,45.14705882352941,40.294117647058826,문현여중;배정중;부산중앙중,0,0,0,,,,0,2,False,0.0
TRADE_146A819AEB35,1,3,48.96078431372549,56.970588235294116,40.44117647058824,16.529411764705877,56.970588235294116,40.44117647058824,영도제일중;태종대중;해동중,0,0,0,,,,0,3,False,0.0
TRADE_146CFD80DFE1,1,3,61.88235294117647,88.5,45.44117647058823,43.05882352941177,88.5,45.44117647058823,동현중;부곡여자중;장전중,0,0,0,,,,0,3,False,0.0
TRADE_14774A96AA57,1,3,37.5,68.26470588235294,19.323529411764707,48.94117647058823,68.26470588235294,19.323529411764707,경남여중;부산중;선화여중,0,0,0,,,,0,3,False,0.0
TRADE_1485CCB67EF0,1,5,41.476470588235294,71.8529411764706,26.294117647058822,45.55882352941177,71.8529411764706,26.294117647058822,동신중;안락중;충렬중;학산여자중;혜화여자중,0,0,0,,,,0,5,False,0.0
TRADE_1488A5F9A125,1,3,32.509803921568626,43.470588235294116,21.14705882352941,22.323529411764707,43.470588235294116,21.14705882352941,개금여중;개림중;부산개성중,0,0,0,,,,0,3,False,0.0
TRADE_1489A7E3D65B,1,2,75.11764705882354,84.70588235294117,65.52941176470588,19.17647058823529,84.70588235294117,65.52941176470588,구서여중;남산중,0,0,0,,,,0,2,False,0.0
TRADE_14A505BC1FF1,1,4,44.867647058823536,58.00000000000001,34.82352941176471,23.176470588235297,58.00000000000001,34.82352941176471,경남중;대신여중;덕원중;부산여중,0,0,0,,,,0,4,False,0.0
TRADE_14B3892DDDFD,1,3,58.08823529411765,73.52941176470588,43.970588235294116,29.558823529411768,73.52941176470588,43.970588235294116,동아중;부산수영중학교;한바다중,0,0,0,,,,0,3,False,0.0
TRADE_14B3D458EEC2,1,3,59.529411764705884,78.3529411764706,36.50000000000001,41.85294117647059,78.3529411764706,36.50000000000001,동래중;온천중;유락여중,0,0,0,,,,0,3,False,0.0
TRADE_14B43AB3A5C1,1,9,54.25816993464051,76.79411764705881,34.82352941176471,41.9705882352941,76.79411764705881,34.82352941176471,경남중;당리중;동주여중;부산대신중학교;부산여중;부산중앙여자중학교;사하중;삼성중;장평중,0,0,0,,,,0,9,False,0.0
TRADE_14C0F3263F57,1,3,48.30392156862746,98.91176470588236,18.88235294117647,80.02941176470588,98.91176470588236,18.88235294117647,센텀중;재송여자중;재송중,0,0,0,,,,0,3,False,0.0
TRADE_14C1DE4480DA,1,3,48.96078431372549,56.970588235294116,40.44117647058824,16.529411764705877,56.970588235294116,40.44117647058824,영도제일중;태종대중;해동중,0,0,0,,,,0,3,False,0.0
TRADE_14EEB4C968F3,1,3,61.88235294117647,88.5,45.44117647058823,43.05882352941177,88.5,45.44117647058823,동현중;부곡여자중;장전중,0,0,0,,,,0,3,False,0.0
TRADE_14FF6D5FAE97,1,2,11.073529411764707,21.058823529411764,1.0882352941176472,19.970588235294116,21.058823529411764,1.0882352941176472,기장중;대청중,0,0,0,,,,0,2,False,0.0
TRADE_150AB6231E0A,1,4,61.13970588235294,69.70588235294117,46.5,23.205882352941174,69.70588235294117,46.5,건국중;당리중;사하중;하단중,0,0,0,,,,0,4,False,0.0
TRADE_1516A566E935,1,3,58.08823529411765,73.52941176470588,43.970588235294116,29.558823529411768,73.52941176470588,43.970588235294116,동아중;부산수영중학교;한바다중,0,0,0,,,,0,3,False,0.0
TRADE_1527FC9DBB6F,1,4,44.867647058823536,58.00000000000001,34.82352941176471,23.176470588235297,58.00000000000001,34.82352941176471,경남중;대신여중;덕원중;부산여중,0,0,0,,,,0,4,False,0.0
TRADE_1588A03FD7D1,1,3,59.529411764705884,78.3529411764706,36.50000000000001,41.85294117647059,78.3529411764706,36.50000000000001,동래중;온천중;유락여중,0,0,0,,,,0,3,False,0.0
TRADE_15B937170504,1,3,48.17647058823528,58.67647058823528,40.470588235294116,18.205882352941167,58.67647058823528,40.470588235294116,부산진중;양동여중;초연중,0,0,0,,,,0,3,False,0.0
TRADE_15BB06A17141,1,3,42.75490196078431,58.67647058823528,24.205882352941178,34.4705882352941,58.67647058823528,24.205882352941178,부산진중;초연중;초읍중,0,0,0,,,,0,3,False,0.0
TRADE_15BEACDA6817,1,4,68.09558823529412,88.5,49.91176470588235,38.58823529411765,88.5,49.91176470588235,금정중;동래여중;부곡여자중;장전중,0,0,0,,,,0,4,False,0.0
TRADE_15CA00AC72FF,1,4,72.78676470588235,94.26470588235294,36.50000000000001,57.764705882352935,94.26470588235294,36.50000000000001,사직여중;사직중;여명중;온천중,0,0,0,,,,0,4,False,0.0
TRADE_1601AC7CBA80,1,2,11.073529411764707,21.058823529411764,1.0882352941176472,19.970588235294116,21.058823529411764,1.0882352941176472,기장중;대청중,0,0,0,,,,0,2,False,0.0
TRADE_162A92443469,1,3,48.568627450980394,64.52941176470588,30.617647058823533,33.91176470588235,64.52941176470588,30.617647058823533,연산중;연일중;연제중,0,0,0,,,,0,3,False,0.0
TRADE_1634A7F1EBBD,1,3,37.5,68.26470588235294,19.323529411764707,48.94117647058823,68.26470588235294,19.323529411764707,경남여중;부산중;선화여중,0,0,0,,,,0,3,False,0.0
TRADE_1645495B9E42,1,3,82.88235294117648,93.44117647058823,67.5,25.941176470588232,93.44117647058823,67.5,분포중;오륙도중;용호중,0,0,0,,,,0,3,False,0.0
TRADE_1655BADE7970,1,3,70.27450980392157,76.91176470588236,65.55882352941177,11.352941176470594,76.91176470588236,65.55882352941177,명진중;용수중;화명중,0,0,0,,,,0,3,False,0.0
TRADE_165A289C5F85,1,5,52.54117647058823,77.23529411764707,34.82352941176471,42.41176470588236,77.23529411764707,34.82352941176471,경남중;부산대신중학교;부산여중;부산중앙여자중학교;초장중,0,0,0,,,,0,5,False,0.0
TRADE_16760BA607E8,1,4,51.639705882352935,58.67647058823528,45.20588235294118,13.470588235294102,58.67647058823528,45.20588235294118,동평여중;동평중;부산진중;초연중,0,0,0,,,,0,4,False,0.0
TRADE_16882F08DDEB,1,3,51.127450980392155,83.17647058823529,35.02941176470588,48.14705882352941,83.17647058823529,35.02941176470588,남도여중;부산남중;부산영선중학교,0,0,0,,,,0,3,False,0.0
TRADE_16929FA978E4,1,2,38.705882352941174,54.11764705882353,23.294117647058822,30.823529411764707,54.11764705882353,23.294117647058822,동주중;주례여중,0,0,0,,,,0,2,False,0.0
TRADE_16A268E1C60C,1,3,34.26470588235294,40.82352941176471,26.294117647058822,14.529411764705888,40.82352941176471,26.294117647058822,동신중;충렬중;학산여중,0,0,0,,,,0,3,False,0.0
TRADE_16C4E460FF2C,1,5,66.6,87.20588235294116,43.970588235294116,43.235294117647044,87.20588235294116,43.970588235294116,남천중;대천중;동아중;부산수영중;한바다중,0,0,0,,,,0,5,False,0.0
TRADE_16D05C9C2C7E,1,6,50.35294117647059,77.23529411764707,34.82352941176471,42.41176470588236,77.23529411764707,34.82352941176471,경남중;대신여중;부산대신중학교;부산여중;부산중앙여자중학교;초장중,0,0,0,,,,0,6,False,0.0
TRADE_16DA5A43E3C3,1,3,65.62745098039215,80.5,36.50000000000001,43.99999999999999,80.5,36.50000000000001,사직여중;사직중;온천중,0,0,0,,,,0,3,False,0.0
TRADE_16E45072BD39,1,2,11.073529411764707,21.058823529411764,1.0882352941176472,19.970588235294116,21.058823529411764,1.0882352941176472,기장중;대청중,0,0,0,,,,0,2,False,0.0
TRADE_1742FD24458A,1,3,41.931372549019606,44.85294117647059,36.970588235294116,7.882352941176471,44.85294117647059,36.970588235294116,동수영중;망미중;부산수영중학교,0,0,0,,,,0,3,False,0.0
TRADE_175846C8D0F1,1,3,48.96078431372549,56.970588235294116,40.44117647058824,16.529411764705877,56.970588235294116,40.44117647058824,영도제일중;태종대중;해동중,0,0,0,,,,0,3,False,0.0
TRADE_1767B385C7E8,1,6,49.4264705882353,77.23529411764707,34.82352941176471,42.41176470588236,77.23529411764707,34.82352941176471,경남중;대신여중;부산여중;부산중앙여자중학교;송도중;초장중,0,0,0,,,,0,6,False,0.0
TRADE_17D040225FFD,1,3,79.57843137254902,88.5,65.52941176470588,22.970588235294116,88.5,65.52941176470588,구서여중;남산중;장전중,0,0,0,,,,0,3,False,0.0
TRADE_17FF11D71854,1,3,51.127450980392155,83.17647058823529,35.02941176470588,48.14705882352941,83.17647058823529,35.02941176470588,남도여중;부산남중;부산영선중학교,0,0,0,,,,0,3,False,0.0
TRADE_1817EE749E1C,1,4,53.57352941176471,73.52941176470588,40.02941176470588,33.50000000000001,73.52941176470588,40.02941176470588,광안중;동아중;부산수영중;한바다중,0,0,0,,,,0,4,False,0.0
TRADE_1847CCF198AF,1,3,56.68627450980392,58.67647058823528,54.82352941176472,3.8529411764705657,58.67647058823528,54.82352941176472,광무여중;부산진중;서면중,0,0,0,,,,0,3,False,0.0
TRADE_1848E3DFD2B3,1,1,18.705882352941178,18.705882352941178,18.705882352941178,0.0,18.705882352941178,18.705882352941178,모라중,1,1,1,모라중,18.705882352941178,18.705882352941178,0,1,False,0.18705882352941178
TRADE_187DD8855667,1,4,72.78676470588235,94.26470588235294,36.50000000000001,57.764705882352935,94.26470588235294,36.50000000000001,사직여중;사직중;여명중;온천중,0,0,0,,,,0,4,False,0.0
TRADE_189320718E39,1,0,,,,,,,,0,0,0,,,,0,0,False,0.0
TRADE_18B365466AAA,1,4,49.5,73.88235294117646,21.999999999999996,51.882352941176464,73.88235294117646,21.999999999999996,덕명여중;동의중;부산진여중;항도중,0,0,0,,,,0,4,False,0.0
TRADE_18B8A4C25539,1,3,75.27450980392156,94.26470588235294,51.8235294117647,42.44117647058824,94.26470588235294,51.8235294117647,거제여중;여명중;이사벨중,0,0,0,,,,0,3,False,0.0
TRADE_18C40A96CCBE,1,3,28.725490196078436,44.0,18.705882352941178,25.294117647058822,44.0,18.705882352941178,덕포여중;모라중;신라중,0,0,0,,,,0,3,False,0.0
TRADE_18C6CA5278AF,1,4,60.19117647058823,69.70588235294117,46.5,23.205882352941174,69.70588235294117,46.5,건국중;당리중;동주여중;사하중,0,0,0,,,,0,4,False,0.0
TRADE_18ED07203308,1,1,32.647058823529406,32.647058823529406,32.647058823529406,0.0,32.647058823529406,32.647058823529406,주례중,1,1,1,주례중,32.647058823529406,32.647058823529406,0,1,False,0.32647058823529407
TRADE_18F035704FF4,1,4,34.29411764705882,40.23529411764706,22.882352941176467,17.35294117647059,40.23529411764706,22.882352941176467,대연중;배정중;석포여중;해연중,0,0,0,,,,0,3,False,0.0
TRADE_1906136C6B6F,1,4,44.867647058823536,58.00000000000001,34.82352941176471,23.176470588235297,58.00000000000001,34.82352941176471,경남중;대신여중;덕원중;부산여중,0,0,0,,,,0,4,False,0.0
TRADE_190CE5F6FD8B,1,3,37.794117647058826,48.5,27.088235294117645,21.411764705882355,48.5,27.088235294117645,금성중;부산동여중;부산서중,0,0,0,,,,0,2,False,0.0
TRADE_1918EDE52E74,1,5,50.25294117647059,73.52941176470588,36.970588235294116,36.55882352941177,73.52941176470588,36.970588235294116,광안중;동수영중;동아중;부산수영중학교;한바다중,0,0,0,,,,0,5,False,0.0
TRADE_19514AA98466,1,0,,,,,,,,0,0,0,,,,0,0,False,0.0
TRADE_1959D5982B44,1,2,75.11764705882354,84.70588235294117,65.52941176470588,19.17647058823529,84.70588235294117,65.52941176470588,구서여중;남산중,0,0,0,,,,0,2,False,0.0
TRADE_19CCFDD331AA,1,3,78.86274509803923,92.52941176470588,54.23529411764706,38.294117647058826,92.52941176470588,54.23529411764706,동백중;해운대여중;해운대중,0,0,0,,,,0,3,False,0.0
TRADE_19F1CE0BB442,1,2,73.89705882352942,82.26470588235294,65.52941176470588,16.735294117647058,82.26470588235294,65.52941176470588,금정중;남산중,0,0,0,,,,0,2,False,0.0
TRADE_19F58632DA1E,1,4,34.29411764705882,40.23529411764706,22.882352941176467,17.35294117647059,40.23529411764706,22.882352941176467,대연중;배정중;석포여중;해연중,0,0,0,,,,0,3,False,0.0
TRADE_19FC832DA3E9,1,4,43.794117647058826,58.82352941176471,30.617647058823533,28.205882352941178,58.82352941176471,30.617647058823533,망미중;연제중;연천중;토현중,0,0,0,,,,0,4,False,0.0
TRADE_1A1B43614056,1,4,83.57352941176471,97.70588235294117,54.23529411764706,43.470588235294116,97.70588235294117,54.23529411764706,동백중;해강중;해운대여중;해운대중,0,0,0,,,,0,4,False,0.0
TRADE_1A3A11F3C880,1,3,82.88235294117648,93.44117647058823,67.5,25.941176470588232,93.44117647058823,67.5,분포중;오륙도중;용호중,0,0,0,,,,0,3,False,0.0
TRADE_1A3EAEF46675,1,3,45.45098039215686,73.88235294117646,21.999999999999996,51.882352941176464,73.88235294117646,21.999999999999996,동의중;부산진여중;양동여중,0,0,0,,,,0,3,False,0.0
TRADE_1A4B87AE7293,1,3,34.29411764705882,40.23529411764706,22.882352941176467,17.35294117647059,40.23529411764706,22.882352941176467,대연중;석포여중;해연중,0,0,0,,,,0,3,False,0.0
TRADE_1A4D2E272A45,1,3,48.568627450980394,64.52941176470588,30.617647058823533,33.91176470588235,64.52941176470588,30.617647058823533,연산중;연일중;연제중,0,0,0,,,,0,3,False,0.0
TRADE_1A50D119C87A,1,6,54.509803921568626,76.79411764705881,34.82352941176471,41.9705882352941,76.79411764705881,34.82352941176471,경남중;동주여중;부산대신중학교;부산여중;부산중앙여자중학교;삼성중,0,0,0,,,,0,6,False,0.0
TRADE_1A7173FE073A,1,3,78.86274509803923,92.52941176470588,54.23529411764706,38.294117647058826,92.52941176470588,54.23529411764706,동백중;해운대여중;해운대중,0,0,0,,,,0,3,False,0.0
TRADE_1AA1AB9BB72E,1,2,11.073529411764707,21.058823529411764,1.0882352941176472,19.970588235294116,21.058823529411764,1.0882352941176472,기장중;대청중,0,0,0,,,,0,2,False,0.0
TRADE_1AA8A68D3517,1,3,37.5,68.26470588235294,19.323529411764707,48.94117647058823,68.26470588235294,19.323529411764707,경남여중;부산중;선화여중,0,0,0,,,,0,3,False,0.0
TRADE_1AC7B4175998,1,2,75.11764705882354,84.70588235294117,65.52941176470588,19.17647058823529,84.70588235294117,65.52941176470588,구서여중;남산중,0,0,0,,,,0,2,False,0.0
TRADE_1AD354185ECE,1,3,46.32352941176472,71.8529411764706,26.294117647058822,45.55882352941177,71.8529411764706,26.294117647058822,안락중;충렬중;학산여중,0,0,0,,,,0,3,False,0.0
TRADE_1B2703FA0101,1,3,24.1078431372549,35.588235294117645,18.147058823529413,17.441176470588232,35.588235294117645,18.147058823529413,가람중;구남중;구포중,0,0,0,,,,0,3,False,0.0
TRADE_1B2C2B25A9E0,1,3,32.31372549019608,41.76470588235294,18.176470588235293,23.58823529411765,41.76470588235294,18.176470588235293,다대중;다송중;두송중,0,0,0,,,,0,3,False,0.0
TRADE_1B34F2A9312D,1,3,55.568627450980394,69.55882352941177,45.44117647058823,24.117647058823536,69.55882352941177,45.44117647058823,동현중;부곡여자중;부곡중,0,0,0,,,,0,3,False,0.0
TRADE_1B4775B6C549,1,5,41.476470588235294,71.8529411764706,26.294117647058822,45.55882352941177,71.8529411764706,26.294117647058822,동신중;안락중;충렬중;학산여자중;혜화여자중,0,0,0,,,,0,5,False,0.0
TRADE_1B704DDFC9A8,1,3,48.568627450980394,64.52941176470588,30.617647058823533,33.91176470588235,64.52941176470588,30.617647058823533,연산중;연일중;연제중,0,0,0,,,,0,3,False,0.0
TRADE_1B727C23C8FA,1,3,61.88235294117647,88.5,45.44117647058823,43.05882352941177,88.5,45.44117647058823,동현중;부곡여자중;장전중,0,0,0,,,,0,3,False,0.0
TRADE_1B83B32F2BAF,1,3,51.127450980392155,83.17647058823529,35.02941176470588,48.14705882352941,83.17647058823529,35.02941176470588,남도여중;부산남중;부산영선중학교,0,0,0,,,,0,3,False,0.0
TRADE_1B8EC9FEA7B9,1,6,49.4264705882353,77.23529411764707,34.82352941176471,42.41176470588236,77.23529411764707,34.82352941176471,경남중;대신여중;부산여중;부산중앙여자중학교;송도중;초장중,0,0,0,,,,0,6,False,0.0
TRADE_1B9FB4FE3173,1,9,52.36601307189542,69.70588235294117,34.82352941176471,34.882352941176464,69.70588235294117,34.82352941176471,건국중;경남중;당리중;동주여중;부산대신중학교;부산여중;부산중앙여자중학교;사하중;장평중,0,0,0,,,,0,9,False,0.0
TRADE_1BBC6AEA41A8,1,3,48.568627450980394,64.52941176470588,30.617647058823533,33.91176470588235,64.52941176470588,30.617647058823533,연산중;연일중;연제중,0,0,0,,,,0,3,False,0.0
TRADE_1BD5871386EB,1,5,38.95294117647059,53.91176470588235,23.61764705882353,30.29411764705882,53.91176470588235,23.61764705882353,대동중;두송중;영남중;장림여중;장평중,0,0,0,,,,0,5,False,0.0
TRADE_1BEFF09201D3,1,3,24.1078431372549,35.588235294117645,18.147058823529413,17.441176470588232,35.588235294117645,18.147058823529413,가람중;구남중;구포중,0,0,0,,,,0,3,False,0.0
TRADE_1BFB5772D24C,1,3,67.84313725490198,82.26470588235294,51.70588235294118,30.55882352941176,82.26470588235294,51.70588235294118,금정중;부곡여중;부곡중,0,0,0,,,,0,3,False,0.0
TRADE_1C1318D62EF7,1,0,,,,,,,,0,0,0,,,,0,0,False,0.0
TRADE_1C27A1A032DC,1,3,66.3235294117647,87.20588235294116,40.23529411764706,46.9705882352941,87.20588235294116,40.23529411764706,남천중;대연중;대천중,0,0,0,,,,0,3,False,0.0
TRADE_1C47A82EF0C5,1,1,21.176470588235293,21.176470588235293,21.176470588235293,0.0,21.176470588235293,21.176470588235293,주감중,1,1,1,주감중,21.176470588235293,21.176470588235293,0,1,False,0.21176470588235294
TRADE_1C4B59523F6C,1,0,,,,,,,,0,0,0,,,,0,0,False,0.0
TRADE_1C5069A90AFC,1,5,45.14705882352941,58.82352941176471,30.617647058823533,28.205882352941178,58.82352941176471,30.617647058823533,망미중;연산중;연제중;연천중;토현중,0,0,0,,,,0,5,False,0.0
TRADE_1C631901E519,1,3,51.127450980392155,83.17647058823529,35.02941176470588,48.14705882352941,83.17647058823529,35.02941176470588,남도여중;부산남중;부산영선중학교,0,0,0,,,,0,3,False,0.0
TRADE_1C8FDCC32E58,1,2,73.89705882352942,82.26470588235294,65.52941176470588,16.735294117647058,82.26470588235294,65.52941176470588,금정중;남산중,0,0,0,,,,0,2,False,0.0
TRADE_1C96BE5FEEE7,1,2,71.04411764705883,78.3529411764706,63.73529411764706,14.617647058823536,78.3529411764706,63.73529411764706,동래중;유락여자중,0,0,0,,,,0,2,False,0.0
TRADE_1CACC8EEEE9B,1,3,48.568627450980394,64.52941176470588,30.617647058823533,33.91176470588235,64.52941176470588,30.617647058823533,연산중;연일중;연제중,0,0,0,,,,0,3,False,0.0
TRADE_1CB341F5322C,1,5,50.25294117647059,73.52941176470588,36.970588235294116,36.55882352941177,73.52941176470588,36.970588235294116,광안중;동수영중;동아중;부산수영중학교;한바다중,0,0,0,,,,0,5,False,0.0
TRADE_1CC48800C813,1,6,49.4264705882353,77.23529411764707,34.82352941176471,42.41176470588236,77.23529411764707,34.82352941176471,경남중;대신여중;부산여중;부산중앙여자중학교;송도중;초장중,0,0,0,,,,0,6,False,0.0
TRADE_1CE709B80896,1,3,72.96078431372548,78.3529411764706,63.73529411764706,14.617647058823536,78.3529411764706,63.73529411764706,동래중;동해중;유락여중,0,0,0,,,,0,3,False,0.0
TRADE_1CE73E07E106,1,4,44.867647058823536,58.00000000000001,34.82352941176471,23.176470588235297,58.00000000000001,34.82352941176471,경남중;대신여중;덕원중;부산여중,0,0,0,,,,0,4,False,0.0
TRADE_1CF6CABF4C26,1,6,49.4264705882353,77.23529411764707,34.82352941176471,42.41176470588236,77.23529411764707,34.82352941176471,경남중;대신여중;부산여중;부산중앙여자중학교;송도중;초장중,0,0,0,,,,0,6,False,0.0
TRADE_1CFD69D37FF6,1,0,,,,,,,,0,0,0,,,,0,0,False,0.0
TRADE_1D03A0238D25,1,9,54.25816993464051,76.79411764705881,34.82352941176471,41.9705882352941,76.79411764705881,34.82352941176471,경남중;당리중;동주여중;부산대신중학교;부산여중;부산중앙여자중학교;사하중;삼성중;장평중,0,0,0,,,,0,9,False,0.0
TRADE_1D0C5E35CE92,1,0,,,,,,,,0,0,0,,,,0,0,False,0.0
TRADE_1D11AA7C9521,1,3,37.5,68.26470588235294,19.323529411764707,48.94117647058823,68.26470588235294,19.323529411764707,경남여중;부산중;선화여중,0,0,0,,,,0,3,False,0.0
TRADE_1D21D540DACE,1,4,44.411764705882355,69.70588235294117,23.61764705882353,46.088235294117645,69.70588235294117,23.61764705882353,당리중;대동중;영남중;장림여중,0,0,0,,,,0,4,False,0.0
TRADE_1D9662688925,1,0,,,,,,,,0,0,0,,,,0,0,False,0.0
TRADE_1DC564D06812,1,2,25.64705882352941,35.588235294117645,15.705882352941176,19.88235294117647,35.588235294117645,15.705882352941176,덕천중;양덕여중,0,0,0,,,,0,2,False,0.0
TRADE_1DC9F2A8C04B,1,0,,,,,,,,0,0,0,,,,0,0,False,0.0
TRADE_1DD9F9B67D78,1,4,33.786764705882355,54.82352941176472,15.705882352941178,39.117647058823536,54.82352941176472,15.705882352941178,가야여중;개림중;부산개성중;서면중,0,0,0,,,,0,4,False,0.0
TRADE_1DDE1AF8A0FC,1,3,61.88235294117647,88.5,45.44117647058823,43.05882352941177,88.5,45.44117647058823,동현중;부곡여자중;장전중,0,0,0,,,,0,3,False,0.0
TRADE_1E040D62374E,1,2,75.11764705882354,84.70588235294117,65.52941176470588,19.17647058823529,84.70588235294117,65.52941176470588,구서여중;남산중,0,0,0,,,,0,2,False,0.0
TRADE_1E070744E72A,1,3,59.529411764705884,78.3529411764706,36.50000000000001,41.85294117647059,78.3529411764706,36.50000000000001,동래중;온천중;유락여중,0,0,0,,,,0,3,False,0.0
TRADE_1E113CD0EA9B,1,3,58.08823529411765,73.52941176470588,43.970588235294116,29.558823529411768,73.52941176470588,43.970588235294116,동아중;부산수영중학교;한바다중,0,0,0,,,,0,3,False,0.0
TRADE_1E1BABF72B57,1,3,34.29411764705882,40.23529411764706,22.882352941176467,17.35294117647059,40.23529411764706,22.882352941176467,대연중;석포여중;해연중,0,0,0,,,,0,3,False,0.0
TRADE_1E39B05EBFE7,1,5,50.25294117647059,73.52941176470588,36.970588235294116,36.55882352941177,73.52941176470588,36.970588235294116,광안중;동수영중;동아중;부산수영중학교;한바다중,0,0,0,,,,0,5,False,0.0
TRADE_1E5001E44E0C,1,4,53.57352941176471,73.52941176470588,40.02941176470588,33.50000000000001,73.52941176470588,40.02941176470588,광안중;동아중;부산수영중;한바다중,0,0,0,,,,0,4,False,0.0
TRADE_1EAD6D7F67A7,1,3,48.96078431372549,56.970588235294116,40.44117647058824,16.529411764705877,56.970588235294116,40.44117647058824,영도제일중;태종대중;해동중,0,0,0,,,,0,3,False,0.0
TRADE_1EE1C7D7D24E,1,6,49.4264705882353,77.23529411764707,34.82352941176471,42.41176470588236,77.23529411764707,34.82352941176471,경남중;대신여중;부산여중;부산중앙여자중학교;송도중;초장중,0,0,0,,,,0,6,False,0.0
TRADE_1EE89442D3D6,1,4,45.669117647058826,58.00000000000001,34.82352941176471,23.176470588235297,58.00000000000001,34.82352941176471,경남중;대신여중;부산대신중학교;부산여중,0,0,0,,,,0,4,False,0.0
TRADE_1EF97FF4B92B,1,3,75.27450980392156,94.26470588235294,51.8235294117647,42.44117647058824,94.26470588235294,51.8235294117647,거제여중;여명중;이사벨중학교,0,0,0,,,,0,3,False,0.0
TRADE_1EF9908D51CA,1,2,40.58823529411765,50.55882352941177,30.617647058823533,19.941176470588236,50.55882352941177,30.617647058823533,연산중;연제중,0,0,0,,,,0,2,False,0.0
TRADE_1F025438746B,1,3,32.31372549019608,41.76470588235294,18.176470588235293,23.58823529411765,41.76470588235294,18.176470588235293,다대중;다송중;두송중,0,0,0,,,,0,3,False,0.0
TRADE_1F08D07EC5D1,1,3,55.568627450980394,69.55882352941177,45.44117647058823,24.117647058823536,69.55882352941177,45.44117647058823,동현중;부곡여자중;부곡중,0,0,0,,,,0,3,False,0.0
TRADE_1F1233C4F23D,1,5,52.54117647058823,77.23529411764707,34.82352941176471,42.41176470588236,77.23529411764707,34.82352941176471,경남중;부산대신중학교;부산여중;부산중앙여자중학교;초장중,0,0,0,,,,0,5,False,0.0
TRADE_1F1AF724DF86,1,2,11.073529411764707,21.058823529411764,1.0882352941176472,19.970588235294116,21.058823529411764,1.0882352941176472,기장중;대청중,0,0,0,,,,0,2,False,0.0
TRADE_1F22A112897C,1,5,66.6,87.20588235294116,43.970588235294116,43.235294117647044,87.20588235294116,43.970588235294116,남천중;대천중;동아중;부산수영중;한바다중,0,0,0,,,,0,5,False,0.0
TRADE_1F2E889B393A,1,0,,,,,,,,0,0,0,,,,0,0,False,0.0
TRADE_1F4ACC54B5BB,1,9,52.36601307189542,69.70588235294117,34.82352941176471,34.882352941176464,69.70588235294117,34.82352941176471,건국중;경남중;당리중;동주여중;부산대신중학교;부산여중;부산중앙여자중학교;사하중;장평중,0,0,0,,,,0,9,False,0.0
TRADE_1F4B27C8CBD2,1,5,52.54117647058823,77.23529411764707,34.82352941176471,42.41176470588236,77.23529411764707,34.82352941176471,경남중;부산대신중학교;부산여중;부산중앙여자중학교;초장중,0,0,0,,,,0,5,False,0.0
TRADE_1F67152B9877,1,4,83.57352941176471,97.70588235294117,54.23529411764706,43.470588235294116,97.70588235294117,54.23529411764706,동백중;해강중;해운대여중;해운대중,0,0,0,,,,0,4,False,0.0
TRADE_1F80683FAEF4,1,3,68.95098039215686,78.3529411764706,51.70588235294118,26.647058823529413,78.3529411764706,51.70588235294118,동래중;동해중;부곡여중,0,0,0,,,,0,3,False,0.0
TRADE_1F8240EF6911,1,6,50.35294117647059,77.23529411764707,34.82352941176471,42.41176470588236,77.23529411764707,34.82352941176471,경남중;대신여중;부산대신중학교;부산여중;부산중앙여자중학교;초장중,0,0,0,,,,0,6,False,0.0
TRADE_1FB182FB6A8E,1,3,55.568627450980394,69.55882352941177,45.44117647058823,24.117647058823536,69.55882352941177,45.44117647058823,동현중;부곡여자중;부곡중,0,0,0,,,,0,3,False,0.0
TRADE_1FBF3582EC4D,1,3,24.1078431372549,35.588235294117645,18.147058823529413,17.441176470588232,35.588235294117645,18.147058823529413,가람중;구남중;구포중,0,0,0,,,,0,3,False,0.0
TRADE_1FC4A0CA75C0,1,3,47.372549019607845,62.52941176470588,21.999999999999996,40.529411764705884,62.52941176470588,21.999999999999996,덕명여중;부산동중;부산진여중,0,0,0,,,,0,3,False,0.0
TRADE_1FFA50341996,1,3,37.5,68.26470588235294,19.323529411764707,48.94117647058823,68.26470588235294,19.323529411764707,경남여중;부산중;선화여중,0,0,0,,,,0,3,False,0.0
TRADE_200096A2D0F4,1,3,67.84313725490198,82.26470588235294,51.70588235294118,30.55882352941176,82.26470588235294,51.70588235294118,금정중;부곡여중;부곡중,0,0,0,,,,0,3,False,0.0
TRADE_2005D1FB5F9F,1,0,,,,,,,,0,0,0,,,,0,0,False,0.0
TRADE_200CDE3E500B,1,9,52.36601307189542,69.70588235294117,34.82352941176471,34.882352941176464,69.70588235294117,34.82352941176471,건국중;경남중;당리중;동주여중;부산대신중학교;부산여중;부산중앙여자중학교;사하중;장평중,0,0,0,,,,0,9,False,0.0
TRADE_20200EE77F80,1,5,52.54117647058823,77.23529411764707,34.82352941176471,42.41176470588236,77.23529411764707,34.82352941176471,경남중;부산대신중학교;부산여중;부산중앙여자중학교;초장중,0,0,0,,,,0,5,False,0.0
TRADE_202274B59A99,1,3,86.74509803921569,92.52941176470588,77.88235294117646,14.64705882352942,92.52941176470588,77.88235294117646,신도중;해운대여중;해운대중,0,0,0,,,,0,3,False,0.0
TRADE_2043B98E154A,1,3,58.08823529411765,73.52941176470588,43.970588235294116,29.558823529411768,73.52941176470588,43.970588235294116,동아중;부산수영중학교;한바다중,0,0,0,,,,0,3,False,0.0
TRADE_20511A1317C3,1,3,45.45098039215686,73.88235294117646,21.999999999999996,51.882352941176464,73.88235294117646,21.999999999999996,동의중;부산진여중;양동여중,0,0,0,,,,0,3,False,0.0
TRADE_206838C4C464,1,3,58.08823529411765,73.52941176470588,43.970588235294116,29.558823529411768,73.52941176470588,43.970588235294116,동아중;부산수영중학교;한바다중,0,0,0,,,,0,3,False,0.0
TRADE_20AD28FA32AA,1,3,45.45098039215686,73.88235294117646,21.999999999999996,51.882352941176464,73.88235294117646,21.999999999999996,동의중;부산진여중;양동여중,0,0,0,,,,0,3,False,0.0
TRADE_20D83F5C5A31,1,3,66.3235294117647,87.20588235294116,40.23529411764706,46.9705882352941,87.20588235294116,40.23529411764706,남천중;대연중;대천중,0,0,0,,,,0,3,False,0.0
TRADE_20E37E7058A8,1,1,42.67647058823529,42.67647058823529,42.67647058823529,0.0,42.67647058823529,42.67647058823529,낙동중,1,1,1,낙동중,42.67647058823529,42.67647058823529,0,1,False,0.4267647058823529
TRADE_20F5CF8517DC,1,6,49.220588235294116,64.79411764705883,34.82352941176471,29.970588235294116,64.79411764705883,34.82352941176471,경남중;동주여중;부산대신중학교;부산여중;부산중앙여자중학교;장평중,0,0,0,,,,0,6,False,0.0
TRADE_211CBB17385E,1,3,39.72549019607843,54.11764705882353,23.294117647058822,30.823529411764707,54.11764705882353,23.294117647058822,동주중;주례여중;학장중,0,0,0,,,,0,3,False,0.0
TRADE_2135D8A1CF4F,1,3,59.529411764705884,78.3529411764706,36.50000000000001,41.85294117647059,78.3529411764706,36.50000000000001,동래중;온천중;유락여중,0,0,0,,,,0,3,False,0.0
TRADE_219793BDAB42,1,3,32.509803921568626,43.470588235294116,21.14705882352941,22.323529411764707,43.470588235294116,21.14705882352941,개금여중;개림중;부산개성중,0,0,0,,,,0,3,False,0.0
TRADE_219B468861F4,1,1,32.647058823529406,32.647058823529406,32.647058823529406,0.0,32.647058823529406,32.647058823529406,주례중,1,1,1,주례중,32.647058823529406,32.647058823529406,0,1,False,0.32647058823529407
TRADE_219D31B691A8,1,2,75.11764705882354,84.70588235294117,65.52941176470588,19.17647058823529,84.70588235294117,65.52941176470588,구서여중;남산중,0,0,0,,,,0,2,False,0.0
TRADE_21C9CB6DEED8,1,3,48.568627450980394,64.52941176470588,30.617647058823533,33.91176470588235,64.52941176470588,30.617647058823533,연산중;연일중;연제중,0,0,0,,,,0,3,False,0.0
TRADE_21E8AE394CC5,1,3,34.29411764705882,40.23529411764706,22.882352941176467,17.35294117647059,40.23529411764706,22.882352941176467,대연중;석포여중;해연중,0,0,0,,,,0,3,False,0.0
TRADE_21ED4EF4FE10,1,1,15.705882352941176,15.705882352941176,15.705882352941176,0.0,15.705882352941176,15.705882352941176,덕천중,1,1,1,덕천중,15.705882352941176,15.705882352941176,0,1,False,0.15705882352941175
TRADE_21FF184D46A3,1,1,18.411764705882348,18.411764705882348,18.411764705882348,0.0,18.411764705882348,18.411764705882348,금곡중,1,1,1,금곡중,18.411764705882348,18.411764705882348,0,1,False,0.18411764705882347
TRADE_22154C179AF8,1,2,40.58823529411765,50.55882352941177,30.617647058823533,19.941176470588236,50.55882352941177,30.617647058823533,연산중;연제중,0,0,0,,,,0,2,False,0.0
TRADE_221C533A791A,1,2,11.073529411764707,21.058823529411764,1.0882352941176472,19.970588235294116,21.058823529411764,1.0882352941176472,기장중;대청중,0,0,0,,,,0,2,False,0.0
TRADE_221F54E165CB,1,3,59.529411764705884,78.3529411764706,36.50000000000001,41.85294117647059,78.3529411764706,36.50000000000001,동래중;온천중;유락여중,0,0,0,,,,0,3,False,0.0
TRADE_22354043190C,1,3,82.88235294117648,93.44117647058823,67.5,25.941176470588232,93.44117647058823,67.5,분포중;오륙도중;용호중,0,0,0,,,,0,3,False,0.0
TRADE_2246E41AFF77,1,2,34.794117647058826,45.38235294117647,24.205882352941178,21.176470588235293,45.38235294117647,24.205882352941178,초연중;초읍중,0,0,0,,,,0,2,False,0.0
TRADE_2250EA7C6504,1,3,56.68627450980392,58.67647058823528,54.82352941176472,3.8529411764705657,58.67647058823528,54.82352941176472,광무여중;부산진중;서면중,0,0,0,,,,0,3,False,0.0
TRADE_226EA4A466FC,1,4,60.19117647058823,69.70588235294117,46.5,23.205882352941174,69.70588235294117,46.5,건국중;당리중;동주여중;사하중,0,0,0,,,,0,4,False,0.0
TRADE_229D86FD7B20,1,3,34.29411764705882,40.23529411764706,22.882352941176467,17.35294117647059,40.23529411764706,22.882352941176467,대연중;석포여중;해연중,0,0,0,,,,0,3,False,0.0
TRADE_22C4A8D27332,1,2,40.58823529411765,50.55882352941177,30.617647058823533,19.941176470588236,50.55882352941177,30.617647058823533,연산중;연제중,0,0,0,,,,0,2,False,0.0
TRADE_22F191EFF095,1,3,48.568627450980394,64.52941176470588,30.617647058823533,33.91176470588235,64.52941176470588,30.617647058823533,연산중;연일중;연제중,0,0,0,,,,0,3,False,0.0
TRADE_22FBDE4109FA,1,3,68.95098039215686,78.3529411764706,51.70588235294118,26.647058823529413,78.3529411764706,51.70588235294118,동래중;동해중;부곡여중,0,0,0,,,,0,3,False,0.0
TRADE_22FF18F40BB4,1,4,49.5,73.88235294117646,21.999999999999996,51.882352941176464,73.88235294117646,21.999999999999996,덕명여중;동의중;부산진여중;항도중,0,0,0,,,,0,4,False,0.0
TRADE_231429BCE551,1,9,54.25816993464051,76.79411764705881,34.82352941176471,41.9705882352941,76.79411764705881,34.82352941176471,경남중;당리중;동주여중;부산대신중학교;부산여중;부산중앙여자중학교;사하중;삼성중;장평중,0,0,0,,,,0,9,False,0.0
TRADE_234704320010,1,5,50.25294117647059,73.52941176470588,36.970588235294116,36.55882352941177,73.52941176470588,36.970588235294116,광안중;동수영중;동아중;부산수영중학교;한바다중,0,0,0,,,,0,5,False,0.0
TRADE_234D218985BD,1,3,48.568627450980394,64.52941176470588,30.617647058823533,33.91176470588235,64.52941176470588,30.617647058823533,연산중;연일중;연제중,0,0,0,,,,0,3,False,0.0
TRADE_236A78B96092,1,4,83.57352941176471,97.70588235294117,54.23529411764706,43.470588235294116,97.70588235294117,54.23529411764706,동백중;해강중;해운대여중;해운대중,0,0,0,,,,0,4,False,0.0
TRADE_2378949F7791,1,3,58.08823529411765,73.52941176470588,43.970588235294116,29.558823529411768,73.52941176470588,43.970588235294116,동아중;부산수영중학교;한바다중,0,0,0,,,,0,3,False,0.0
TRADE_23A22938C6A3,1,5,38.95294117647059,53.91176470588235,23.61764705882353,30.29411764705882,53.91176470588235,23.61764705882353,대동중;두송중;영남중;장림여중;장평중,0,0,0,,,,0,5,False,0.0
TRADE_23A43CCAA91E,1,3,55.568627450980394,69.55882352941177,45.44117647058823,24.117647058823536,69.55882352941177,45.44117647058823,동현중;부곡여자중;부곡중,0,0,0,,,,0,3,False,0.0
TRADE_23C796E0DDD7,1,4,60.19117647058823,69.70588235294117,46.5,23.205882352941174,69.70588235294117,46.5,건국중;당리중;동주여중;사하중,0,0,0,,,,0,4,False,0.0
TRADE_23E457C1CAEA,1,6,54.509803921568626,76.79411764705881,34.82352941176471,41.9705882352941,76.79411764705881,34.82352941176471,경남중;동주여중;부산대신중학교;부산여중;부산중앙여자중학교;삼성중,0,0,0,,,,0,6,False,0.0
TRADE_23F51A49FAC6,1,0,,,,,,,,0,0,0,,,,0,0,False,0.0
TRADE_24137EC85F9E,1,3,32.31372549019608,41.76470588235294,18.176470588235293,23.58823529411765,41.76470588235294,18.176470588235293,다대중;다송중;두송중,0,0,0,,,,0,3,False,0.0
TRADE_243922B4D958,1,3,48.568627450980394,64.52941176470588,30.617647058823533,33.91176470588235,64.52941176470588,30.617647058823533,연산중;연일중;연제중,0,0,0,,,,0,3,False,0.0
TRADE_245DB52286E4,1,5,50.25294117647059,73.52941176470588,36.970588235294116,36.55882352941177,73.52941176470588,36.970588235294116,광안중;동수영중;동아중;부산수영중학교;한바다중,0,0,0,,,,0,5,False,0.0
TRADE_245E42E805EE,1,2,73.89705882352942,82.26470588235294,65.52941176470588,16.735294117647058,82.26470588235294,65.52941176470588,금정중;남산중,0,0,0,,,,0,2,False,0.0
TRADE_24608598D4BB,1,3,37.5,68.26470588235294,19.323529411764707,48.94117647058823,68.26470588235294,19.323529411764707,경남여중;부산중;선화여중,0,0,0,,,,0,3,False,0.0
TRADE_246109F0541F,1,0,,,,,,,,0,0,0,,,,0,0,False,0.0
TRADE_246454B70F39,1,3,48.96078431372549,56.970588235294116,40.44117647058824,16.529411764705877,56.970588235294116,40.44117647058824,영도제일중;태종대중;해동중,0,0,0,,,,0,3,False,0.0
TRADE_246ABAB4EA86,1,3,48.30392156862746,98.91176470588236,18.88235294117647,80.02941176470588,98.91176470588236,18.88235294117647,센텀중;재송여자중;재송중,0,0,0,,,,0,3,False,0.0
TRADE_247AB149A10E,1,4,44.867647058823536,58.00000000000001,34.82352941176471,23.176470588235297,58.00000000000001,34.82352941176471,경남중;대신여중;덕원중;부산여중,0,0,0,,,,0,4,False,0.0
TRADE_248EF9C9A65E,1,3,41.931372549019606,44.85294117647059,36.970588235294116,7.882352941176471,44.85294117647059,36.970588235294116,동수영중;망미중;부산수영중학교,0,0,0,,,,0,3,False,0.0
TRADE_24AF0FB26E97,1,2,11.073529411764707,21.058823529411764,1.0882352941176472,19.970588235294116,21.058823529411764,1.0882352941176472,기장중;대청중,0,0,0,,,,0,2,False,0.0
TRADE_24F9ED627FAB,1,3,48.30392156862746,98.91176470588236,18.88235294117647,80.02941176470588,98.91176470588236,18.88235294117647,센텀중;재송여자중;재송중,0,0,0,,,,0,3,False,0.0
TRADE_2511052AD78F,1,5,50.25294117647059,73.52941176470588,36.970588235294116,36.55882352941177,73.52941176470588,36.970588235294116,광안중;동수영중;동아중;부산수영중학교;한바다중,0,0,0,,,,0,5,False,0.0
TRADE_25130DD12949,1,3,48.96078431372549,56.970588235294116,40.44117647058824,16.529411764705877,56.970588235294116,40.44117647058824,영도제일중;태종대중;해동중,0,0,0,,,,0,3,False,0.0
TRADE_2519B858165C,1,3,59.529411764705884,78.3529411764706,36.50000000000001,41.85294117647059,78.3529411764706,36.50000000000001,동래중;온천중;유락여중,0,0,0,,,,0,3,False,0.0
TRADE_253C688F97AC,1,0,,,,,,,,0,0,0,,,,0,0,False,0.0
TRADE_254ECD6B53A7,1,3,51.127450980392155,83.17647058823529,35.02941176470588,48.14705882352941,83.17647058823529,35.02941176470588,남도여중;부산남중;부산영선중학교,0,0,0,,,,0,3,False,0.0
TRADE_2571EAD65090,1,3,24.1078431372549,35.588235294117645,18.147058823529413,17.441176470588232,35.588235294117645,18.147058823529413,가람중;구남중;구포중,0,0,0,,,,0,3,False,0.0
TRADE_25901E00E7EC,1,0,,,,,,,,0,0,0,,,,0,0,False,0.0
TRADE_25A579A8385E,1,4,61.13970588235294,69.70588235294117,46.5,23.205882352941174,69.70588235294117,46.5,건국중;당리중;사하중;하단중,0,0,0,,,,0,4,False,0.0
TRADE_25D5E1A4DC7C,1,5,52.54117647058823,77.23529411764707,34.82352941176471,42.41176470588236,77.23529411764707,34.82352941176471,경남중;부산대신중학교;부산여중;부산중앙여자중학교;초장중,0,0,0,,,,0,5,False,0.0
TRADE_25E41FB1F482,1,4,72.78676470588235,94.26470588235294,36.50000000000001,57.764705882352935,94.26470588235294,36.50000000000001,사직여중;사직중;여명중;온천중,0,0,0,,,,0,4,False,0.0
TRADE_262C40D8727F,1,3,45.45098039215686,73.88235294117646,21.999999999999996,51.882352941176464,73.88235294117646,21.999999999999996,동의중;부산진여중;양동여중,0,0,0,,,,0,3,False,0.0
TRADE_262D2BD32264,1,3,48.568627450980394,64.52941176470588,30.617647058823533,33.91176470588235,64.52941176470588,30.617647058823533,연산중;연일중;연제중,0,0,0,,,,0,3,False,0.0
TRADE_26785C7BCC39,1,6,49.4264705882353,77.23529411764707,34.82352941176471,42.41176470588236,77.23529411764707,34.82352941176471,경남중;대신여중;부산여중;부산중앙여자중학교;송도중;초장중,0,0,0,,,,0,6,False,0.0
TRADE_267D4BA3D658,1,3,48.17647058823528,57.76470588235294,32.647058823529406,25.117647058823536,57.76470588235294,32.647058823529406,동양중;주례여중;주례중,0,0,0,,,,0,3,False,0.0
TRADE_26AA1EC2E1A5,1,2,75.11764705882354,84.70588235294117,65.52941176470588,19.17647058823529,84.70588235294117,65.52941176470588,구서여중;남산중,0,0,0,,,,0,2,False,0.0
TRADE_26AE6691E4C9,1,3,82.88235294117648,93.44117647058823,67.5,25.941176470588232,93.44117647058823,67.5,분포중;오륙도중;용호중,0,0,0,,,,0,3,False,0.0
TRADE_26D46744A748,1,4,56.51470588235294,69.70588235294117,45.05882352941177,24.647058823529406,69.70588235294117,45.05882352941177,당리중;동주여중;사하중;장평중,0,0,0,,,,0,4,False,0.0
TRADE_26E436A1CA01,1,4,60.19117647058823,69.70588235294117,46.5,23.205882352941174,69.70588235294117,46.5,건국중;당리중;동주여중;사하중,0,0,0,,,,0,4,False,0.0
TRADE_26E6100F2F51,1,3,74.15686274509805,88.5,51.70588235294118,36.79411764705882,88.5,51.70588235294118,금정중;부곡여중;장전중,0,0,0,,,,0,3,False,0.0
TRADE_26E6B7887A58,1,3,43.69117647058823,47.147058823529406,40.23529411764706,6.911764705882348,47.147058823529406,40.23529411764706,감만중;대연중;배정중,0,0,0,,,,0,2,False,0.0
TRADE_271D482486FF,1,3,34.29411764705882,40.23529411764706,22.882352941176467,17.35294117647059,40.23529411764706,22.882352941176467,대연중;석포여중;해연중,0,0,0,,,,0,3,False,0.0
TRADE_276514896412,1,3,28.725490196078436,44.0,18.705882352941178,25.294117647058822,44.0,18.705882352941178,덕포여중;모라중;신라중,0,0,0,,,,0,3,False,0.0
TRADE_2768E23CF0A8,1,4,61.13970588235294,69.70588235294117,46.5,23.205882352941174,69.70588235294117,46.5,건국중;당리중;사하중;하단중,0,0,0,,,,0,4,False,0.0
TRADE_2782DDBD030A,1,3,53.72549019607843,58.67647058823528,45.20588235294118,13.470588235294102,58.67647058823528,45.20588235294118,동평여중;동평중;부산진중,0,0,0,,,,0,3,False,0.0
TRADE_2783F92AFB6E,1,3,56.68627450980392,58.67647058823528,54.82352941176472,3.8529411764705657,58.67647058823528,54.82352941176472,광무여중;부산진중;서면중,0,0,0,,,,0,3,False,0.0
TRADE_27B6813BD5E5,1,4,49.5,73.88235294117646,21.999999999999996,51.882352941176464,73.88235294117646,21.999999999999996,덕명여중;동의중;부산진여중;항도중,0,0,0,,,,0,4,False,0.0
TRADE_27CD45DB3FA5,1,5,52.54117647058823,77.23529411764707,34.82352941176471,42.41176470588236,77.23529411764707,34.82352941176471,경남중;부산대신중학교;부산여중;부산중앙여자중학교;초장중,0,0,0,,,,0,5,False,0.0
TRADE_27E56F1CA086,1,4,45.220588235294116,73.88235294117646,21.999999999999996,51.882352941176464,73.88235294117646,21.999999999999996,동의중;부산진여중;양동여중;항도중,0,0,0,,,,0,4,False,0.0
TRADE_27F44C252BD0,1,3,34.29411764705882,40.23529411764706,22.882352941176467,17.35294117647059,40.23529411764706,22.882352941176467,대연중;석포여중;해연중,0,0,0,,,,0,3,False,0.0
TRADE_2819FC83601C,1,5,52.54117647058823,77.23529411764707,34.82352941176471,42.41176470588236,77.23529411764707,34.82352941176471,경남중;부산대신중학교;부산여중;부산중앙여자중학교;초장중,0,0,0,,,,0,5,False,0.0
TRADE_28529FDDD513,1,3,32.509803921568626,43.470588235294116,21.14705882352941,22.323529411764707,43.470588235294116,21.14705882352941,개금여중;개림중;부산개성중,0,0,0,,,,0,3,False,0.0
TRADE_285A14705B6E,1,1,45.647058823529406,45.647058823529406,45.647058823529406,0.0,45.647058823529406,45.647058823529406,신호중,1,1,1,신호중,45.647058823529406,45.647058823529406,0,1,False,0.4564705882352941
TRADE_286350683B0B,1,0,,,,,,,,0,0,0,,,,0,0,False,0.0
TRADE_2864DF9ADFC6,1,5,50.25294117647059,73.52941176470588,36.970588235294116,36.55882352941177,73.52941176470588,36.970588235294116,광안중;동수영중;동아중;부산수영중학교;한바다중,0,0,0,,,,0,5,False,0.0
TRADE_289B6FD27E13,1,3,58.08823529411765,73.52941176470588,43.970588235294116,29.558823529411768,73.52941176470588,43.970588235294116,동아중;부산수영중학교;한바다중,0,0,0,,,,0,3,False,0.0
TRADE_28A3CD84981F,1,4,61.13970588235294,69.70588235294117,46.5,23.205882352941174,69.70588235294117,46.5,건국중;당리중;사하중;하단중,0,0,0,,,,0,4,False,0.0
TRADE_28AA562307B4,1,1,45.647058823529406,45.647058823529406,45.647058823529406,0.0,45.647058823529406,45.647058823529406,신호중,1,1,1,신호중,45.647058823529406,45.647058823529406,0,1,False,0.4564705882352941
TRADE_28C1F373DFB7,1,3,56.68627450980392,58.67647058823528,54.82352941176472,3.8529411764705657,58.67647058823528,54.82352941176472,광무여중;부산진중;서면중,0,0,0,,,,0,3,False,0.0
TRADE_28CF0598C8C9,1,1,15.705882352941176,15.705882352941176,15.705882352941176,0.0,15.705882352941176,15.705882352941176,덕천중,1,1,1,덕천중,15.705882352941176,15.705882352941176,0,1,False,0.15705882352941175
TRADE_28DAED35D4C7,1,1,18.705882352941178,18.705882352941178,18.705882352941178,0.0,18.705882352941178,18.705882352941178,모라중,1,1,1,모라중,18.705882352941178,18.705882352941178,0,1,False,0.18705882352941178
TRADE_28F6383C696B,1,5,52.54117647058823,77.23529411764707,34.82352941176471,42.41176470588236,77.23529411764707,34.82352941176471,경남중;부산대신중학교;부산여중;부산중앙여자중학교;초장중,0,0,0,,,,0,5,False,0.0
TRADE_291AB6D75ECA,1,4,61.13970588235294,69.70588235294117,46.5,23.205882352941174,69.70588235294117,46.5,건국중;당리중;사하중;하단중,0,0,0,,,,0,4,False,0.0
TRADE_29221164224F,1,2,40.58823529411765,50.55882352941177,30.617647058823533,19.941176470588236,50.55882352941177,30.617647058823533,연산중;연제중,0,0,0,,,,0,2,False,0.0
TRADE_292AAE43AA05,1,3,59.14705882352941,76.79411764705881,45.05882352941177,31.735294117647044,76.79411764705881,45.05882352941177,감천중;삼성중;장평중,0,0,0,,,,0,3,False,0.0
TRADE_292AD3DF3563,1,4,83.57352941176471,97.70588235294117,54.23529411764706,43.470588235294116,97.70588235294117,54.23529411764706,동백중;해강중;해운대여중;해운대중,0,0,0,,,,0,4,False,0.0
TRADE_29481871CE11,1,3,20.764705882352942,27.117647058823525,16.294117647058826,10.8235294117647,27.117647058823525,16.294117647058826,반안중;재송여중;재송중,0,0,0,,,,0,3,False,0.0
TRADE_2953EADD00FC,1,3,45.45098039215686,73.88235294117646,21.999999999999996,51.882352941176464,73.88235294117646,21.999999999999996,동의중;부산진여중;양동여중,0,0,0,,,,0,3,False,0.0
TRADE_2972BDD3E84F,1,5,50.25294117647059,73.52941176470588,36.970588235294116,36.55882352941177,73.52941176470588,36.970588235294116,광안중;동수영중;동아중;부산수영중학교;한바다중,0,0,0,,,,0,5,False,0.0
TRADE_297ADB0AE1CC,1,3,61.88235294117647,88.5,45.44117647058823,43.05882352941177,88.5,45.44117647058823,동현중;부곡여자중;장전중,0,0,0,,,,0,3,False,0.0
TRADE_29A09B406CFA,1,2,75.11764705882354,84.70588235294117,65.52941176470588,19.17647058823529,84.70588235294117,65.52941176470588,구서여중;남산중,0,0,0,,,,0,2,False,0.0
TRADE_29DA5330C854,1,3,79.57843137254902,88.5,65.52941176470588,22.970588235294116,88.5,65.52941176470588,구서여중;남산중;장전중,0,0,0,,,,0,3,False,0.0
TRADE_29DF152A5537,1,0,,,,,,,,0,0,0,,,,0,0,False,0.0
TRADE_29E2A747027D,1,3,79.57843137254902,88.5,65.52941176470588,22.970588235294116,88.5,65.52941176470588,구서여중;남산중;장전중,0,0,0,,,,0,3,False,0.0
TRADE_2A0FD6F21993,1,3,86.74509803921569,92.52941176470588,77.88235294117646,14.64705882352942,92.52941176470588,77.88235294117646,신도중;해운대여중;해운대중,0,0,0,,,,0,3,False,0.0
TRADE_2A1BBD4E3BA1,1,3,58.08823529411765,73.52941176470588,43.970588235294116,29.558823529411768,73.52941176470588,43.970588235294116,동아중;부산수영중학교;한바다중,0,0,0,,,,0,3,False,0.0
TRADE_2A488C4D8475,1,2,11.073529411764707,21.058823529411764,1.0882352941176472,19.970588235294116,21.058823529411764,1.0882352941176472,기장중;대청중,0,0,0,,,,0,2,False,0.0
TRADE_2A616BA704BD,1,0,,,,,,,,0,0,0,,,,0,0,False,0.0
TRADE_2A8A8FF824D1,1,2,11.073529411764707,21.058823529411764,1.0882352941176472,19.970588235294116,21.058823529411764,1.0882352941176472,기장중;대청중,0,0,0,,,,0,2,False,0.0
TRADE_2A8E1F8F8A0E,1,2,42.838235294117645,43.970588235294116,41.705882352941174,2.264705882352942,43.970588235294116,41.705882352941174,대천리중;화신중,0,0,0,,,,0,2,False,0.0
TRADE_2AD17D740479,1,4,61.13970588235294,69.70588235294117,46.5,23.205882352941174,69.70588235294117,46.5,건국중;당리중;사하중;하단중,0,0,0,,,,0,4,False,0.0
TRADE_2ADA40E8B11A,1,4,68.85294117647058,78.3529411764706,56.529411764705884,21.82352941176471,78.3529411764706,56.529411764705884,동래중;동해중;부산내성중학교;유락여중,0,0,0,,,,0,4,False,0.0
TRADE_2AFB163BBE0C,1,0,,,,,,,,0,0,0,,,,0,0,False,0.0
TRADE_2B1001285720,1,5,52.54117647058823,77.23529411764707,34.82352941176471,42.41176470588236,77.23529411764707,34.82352941176471,경남중;부산대신중학교;부산여중;부산중앙여자중학교;초장중,0,0,0,,,,0,5,False,0.0
TRADE_2B108852D395,1,3,43.455882352941174,47.147058823529406,39.76470588235294,7.382352941176464,47.147058823529406,39.76470588235294,감만중;배정중;석포여중,0,0,0,,,,0,2,False,0.0
TRADE_2B6527C7EF5F,1,3,51.127450980392155,83.17647058823529,35.02941176470588,48.14705882352941,83.17647058823529,35.02941176470588,남도여중;부산남중;부산영선중학교,0,0,0,,,,0,3,False,0.0
TRADE_2B8BD07EAE92,1,1,32.647058823529406,32.647058823529406,32.647058823529406,0.0,32.647058823529406,32.647058823529406,주례중,1,1,1,주례중,32.647058823529406,32.647058823529406,0,1,False,0.32647058823529407
TRADE_2BA5A7E3C3C0,1,3,48.96078431372549,56.970588235294116,40.44117647058824,16.529411764705877,56.970588235294116,40.44117647058824,영도제일중;태종대중;해동중,0,0,0,,,,0,3,False,0.0
TRADE_2BF5F0343B88,1,6,49.4264705882353,77.23529411764707,34.82352941176471,42.41176470588236,77.23529411764707,34.82352941176471,경남중;대신여중;부산여중;부산중앙여자중학교;송도중;초장중,0,0,0,,,,0,6,False,0.0
TRADE_2C0C8C5FB67F,1,3,41.931372549019606,44.85294117647059,36.970588235294116,7.882352941176471,44.85294117647059,36.970588235294116,동수영중;망미중;부산수영중학교,0,0,0,,,,0,3,False,0.0
TRADE_2C0CC519A7F2,1,3,48.568627450980394,64.52941176470588,30.617647058823533,33.91176470588235,64.52941176470588,30.617647058823533,연산중;연일중;연제중,0,0,0,,,,0,3,False,0.0
TRADE_2C159129694B,1,4,83.57352941176471,97.70588235294117,54.23529411764706,43.470588235294116,97.70588235294117,54.23529411764706,동백중;해강중;해운대여중;해운대중,0,0,0,,,,0,4,False,0.0
TRADE_2C250A34C95A,1,4,72.78676470588235,94.26470588235294,36.50000000000001,57.764705882352935,94.26470588235294,36.50000000000001,사직여중;사직중;여명중;온천중,0,0,0,,,,0,4,False,0.0
TRADE_2C2C3A3E55B7,1,1,45.647058823529406,45.647058823529406,45.647058823529406,0.0,45.647058823529406,45.647058823529406,신호중,1,1,1,신호중,45.647058823529406,45.647058823529406,0,1,False,0.4564705882352941
TRADE_2C2C9099337D,1,3,48.96078431372549,56.970588235294116,40.44117647058824,16.529411764705877,56.970588235294116,40.44117647058824,영도제일중;태종대중;해동중,0,0,0,,,,0,3,False,0.0
TRADE_2C76F4702A29,1,1,15.705882352941176,15.705882352941176,15.705882352941176,0.0,15.705882352941176,15.705882352941176,덕천중,1,1,1,덕천중,15.705882352941176,15.705882352941176,0,1,False,0.15705882352941175
TRADE_2C7A760D5605,1,3,34.29411764705882,40.23529411764706,22.882352941176467,17.35294117647059,40.23529411764706,22.882352941176467,대연중;석포여중;해연중,0,0,0,,,,0,3,False,0.0
TRADE_2C98352A0F67,1,3,34.29411764705882,40.23529411764706,22.882352941176467,17.35294117647059,40.23529411764706,22.882352941176467,대연중;석포여중;해연중,0,0,0,,,,0,3,False,0.0
TRADE_2CAFCE919A59,1,3,37.5,68.26470588235294,19.323529411764707,48.94117647058823,68.26470588235294,19.323529411764707,경남여중;부산중;선화여중,0,0,0,,,,0,3,False,0.0
TRADE_2CB0E97C1A71,1,5,41.476470588235294,71.8529411764706,26.294117647058822,45.55882352941177,71.8529411764706,26.294117647058822,동신중;안락중;충렬중;학산여자중;혜화여자중,0,0,0,,,,0,5,False,0.0
TRADE_2CC05A99DC99,1,5,66.6,87.20588235294116,43.970588235294116,43.235294117647044,87.20588235294116,43.970588235294116,남천중;대천중;동아중;부산수영중;한바다중,0,0,0,,,,0,5,False,0.0
TRADE_2CEDFFFDEE7F,1,4,53.57352941176471,73.52941176470588,40.02941176470588,33.50000000000001,73.52941176470588,40.02941176470588,광안중;동아중;부산수영중;한바다중,0,0,0,,,,0,4,False,0.0
TRADE_2D07876CF1D6,1,5,50.25294117647059,73.52941176470588,36.970588235294116,36.55882352941177,73.52941176470588,36.970588235294116,광안중;동수영중;동아중;부산수영중학교;한바다중,0,0,0,,,,0,5,False,0.0
TRADE_2D0BED1A9548,1,2,11.073529411764707,21.058823529411764,1.0882352941176472,19.970588235294116,21.058823529411764,1.0882352941176472,기장중;대청중,0,0,0,,,,0,2,False,0.0
TRADE_2D17A41A732F,1,5,50.25294117647059,73.52941176470588,36.970588235294116,36.55882352941177,73.52941176470588,36.970588235294116,광안중;동수영중;동아중;부산수영중학교;한바다중,0,0,0,,,,0,5,False,0.0
TRADE_2D61032E6A58,1,4,26.977941176470587,35.588235294117645,18.147058823529413,17.441176470588232,35.588235294117645,18.147058823529413,가람중;구남중;구포중;양덕여중,0,0,0,,,,0,4,False,0.0
TRADE_2D732FA0C5CD,1,3,48.96078431372549,56.970588235294116,40.44117647058824,16.529411764705877,56.970588235294116,40.44117647058824,영도제일중;태종대중;해동중,0,0,0,,,,0,3,False,0.0
TRADE_2D989699EA21,1,5,50.25294117647059,73.52941176470588,36.970588235294116,36.55882352941177,73.52941176470588,36.970588235294116,광안중;동수영중;동아중;부산수영중학교;한바다중,0,0,0,,,,0,5,False,0.0
TRADE_2DAF3863E20C,1,3,51.127450980392155,83.17647058823529,35.02941176470588,48.14705882352941,83.17647058823529,35.02941176470588,남도여중;부산남중;부산영선중학교,0,0,0,,,,0,3,False,0.0
TRADE_2DC59F96C5D7,1,3,37.5,68.26470588235294,19.323529411764707,48.94117647058823,68.26470588235294,19.323529411764707,경남여중;부산중;선화여중,0,0,0,,,,0,3,False,0.0
TRADE_2DD30A3736F9,1,3,56.68627450980392,58.67647058823528,54.82352941176472,3.8529411764705657,58.67647058823528,54.82352941176472,광무여중;부산진중;서면중,0,0,0,,,,0,3,False,0.0
TRADE_2DE9CFE017D3,1,3,53.72549019607843,58.67647058823528,45.20588235294118,13.470588235294102,58.67647058823528,45.20588235294118,동평여중;동평중;부산진중,0,0,0,,,,0,3,False,0.0
TRADE_2DEF0B7F715A,1,3,66.3235294117647,87.20588235294116,40.23529411764706,46.9705882352941,87.20588235294116,40.23529411764706,남천중;대연중;대천중,0,0,0,,,,0,3,False,0.0
TRADE_2E12C1ABCD17,1,2,73.89705882352942,82.26470588235294,65.52941176470588,16.735294117647058,82.26470588235294,65.52941176470588,금정중;남산중,0,0,0,,,,0,2,False,0.0
TRADE_2E6B838F02BA,1,6,50.35294117647059,77.23529411764707,34.82352941176471,42.41176470588236,77.23529411764707,34.82352941176471,경남중;대신여중;부산대신중학교;부산여중;부산중앙여자중학교;초장중,0,0,0,,,,0,6,False,0.0
TRADE_2E96E0F1B5F0,1,4,61.13970588235294,69.70588235294117,46.5,23.205882352941174,69.70588235294117,46.5,건국중;당리중;사하중;하단중,0,0,0,,,,0,4,False,0.0
TRADE_2E9DC0BF131B,1,4,68.85294117647058,78.3529411764706,56.529411764705884,21.82352941176471,78.3529411764706,56.529411764705884,동래중;동해중;부산내성중학교;유락여중,0,0,0,,,,0,4,False,0.0
TRADE_2EE246E6EFDA,1,5,50.25294117647059,73.52941176470588,36.970588235294116,36.55882352941177,73.52941176470588,36.970588235294116,광안중;동수영중;동아중;부산수영중학교;한바다중,0,0,0,,,,0,5,False,0.0
TRADE_2F15CAA41D7D,1,3,47.372549019607845,62.52941176470588,21.999999999999996,40.529411764705884,62.52941176470588,21.999999999999996,덕명여중;부산동중;부산진여중,0,0,0,,,,0,3,False,0.0
TRADE_2F37CD5E6C7A,1,4,61.13970588235294,69.70588235294117,46.5,23.205882352941174,69.70588235294117,46.5,건국중;당리중;사하중;하단중,0,0,0,,,,0,4,False,0.0
TRADE_2F8440D64C8D,1,0,,,,,,,,0,0,0,,,,0,0,False,0.0
TRADE_2F9A28CB66A8,1,2,21.970588235294116,21.970588235294116,21.970588235294116,0.0,21.970588235294116,21.970588235294116,반송중;운송중,0,0,0,,,,0,1,False,0.0
TRADE_2FC6AAA9E93E,1,4,72.78676470588235,94.26470588235294,36.50000000000001,57.764705882352935,94.26470588235294,36.50000000000001,사직여중;사직중;여명중;온천중,0,0,0,,,,0,4,False,0.0
TRADE_2FC6C606E538,1,3,42.38235294117647,47.147058823529406,39.76470588235294,7.382352941176464,47.147058823529406,39.76470588235294,감만중;대연중;석포여중,0,0,0,,,,0,3,False,0.0
TRADE_2FCEB8EAD140,1,4,25.022058823529413,40.294117647058826,8.088235294117647,32.20588235294118,40.294117647058826,8.088235294117647,모전중;부산중앙중;장안중;정관중,0,0,0,,,,0,4,False,0.0
TRADE_2FD2D0218978,1,2,11.073529411764707,21.058823529411764,1.0882352941176472,19.970588235294116,21.058823529411764,1.0882352941176472,기장중;대청중,0,0,0,,,,0,2,False,0.0
TRADE_2FD80CCA590F,1,4,26.977941176470587,35.588235294117645,18.147058823529413,17.441176470588232,35.588235294117645,18.147058823529413,가람중;구남중;구포중;양덕여중,0,0,0,,,,0,4,False,0.0
TRADE_2FDCECCABBBE,1,5,41.476470588235294,71.8529411764706,26.294117647058822,45.55882352941177,71.8529411764706,26.294117647058822,동신중;안락중;충렬중;학산여자중;혜화여자중,0,0,0,,,,0,5,False,0.0
TRADE_2FE1F6D5E5F0,1,4,72.78676470588235,94.26470588235294,36.50000000000001,57.764705882352935,94.26470588235294,36.50000000000001,사직여중;사직중;여명중;온천중,0,0,0,,,,0,4,False,0.0
TRADE_2FEA3451768B,1,3,42.75490196078431,58.67647058823528,24.205882352941178,34.4705882352941,58.67647058823528,24.205882352941178,부산진중;초연중;초읍중,0,0,0,,,,0,3,False,0.0
TRADE_2FEE67BA5A7C,1,2,75.11764705882354,84.70588235294117,65.52941176470588,19.17647058823529,84.70588235294117,65.52941176470588,구서여중;남산중,0,0,0,,,,0,2,False,0.0
TRADE_2FF0373FF8E8,1,3,32.509803921568626,43.470588235294116,21.14705882352941,22.323529411764707,43.470588235294116,21.14705882352941,개금여중;개림중;부산개성중,0,0,0,,,,0,3,False,0.0
TRADE_301765349446,1,4,83.57352941176471,97.70588235294117,54.23529411764706,43.470588235294116,97.70588235294117,54.23529411764706,동백중;해강중;해운대여중;해운대중,0,0,0,,,,0,4,False,0.0
TRADE_30180BE73EB0,1,3,48.96078431372549,56.970588235294116,40.44117647058824,16.529411764705877,56.970588235294116,40.44117647058824,영도제일중;태종대중;해동중,0,0,0,,,,0,3,False,0.0
TRADE_3039EF6DD911,1,5,50.25294117647059,73.52941176470588,36.970588235294116,36.55882352941177,73.52941176470588,36.970588235294116,광안중;동수영중;동아중;부산수영중학교;한바다중,0,0,0,,,,0,5,False,0.0
TRADE_303C3DC1DEFD,1,6,49.4264705882353,77.23529411764707,34.82352941176471,42.41176470588236,77.23529411764707,34.82352941176471,경남중;대신여중;부산여중;부산중앙여자중학교;송도중;초장중,0,0,0,,,,0,6,False,0.0
TRADE_303ED65292F0,1,3,28.725490196078436,44.0,18.705882352941178,25.294117647058822,44.0,18.705882352941178,덕포여중;모라중;신라중,0,0,0,,,,0,3,False,0.0
TRADE_30465298CCB8,1,3,48.30392156862746,98.91176470588236,18.88235294117647,80.02941176470588,98.91176470588236,18.88235294117647,센텀중;재송여자중;재송중,0,0,0,,,,0,3,False,0.0
TRADE_3047ACA93324,1,6,50.35294117647059,77.23529411764707,34.82352941176471,42.41176470588236,77.23529411764707,34.82352941176471,경남중;대신여중;부산대신중학교;부산여중;부산중앙여자중학교;초장중,0,0,0,,,,0,6,False,0.0
TRADE_30691AB43D11,1,3,82.88235294117648,93.44117647058823,67.5,25.941176470588232,93.44117647058823,67.5,분포중;오륙도중;용호중,0,0,0,,,,0,3,False,0.0
TRADE_307846BE7804,1,4,83.57352941176471,97.70588235294117,54.23529411764706,43.470588235294116,97.70588235294117,54.23529411764706,동백중;해강중;해운대여중;해운대중,0,0,0,,,,0,4,False,0.0
TRADE_308B035721D5,1,3,42.75490196078431,58.67647058823528,24.205882352941178,34.4705882352941,58.67647058823528,24.205882352941178,부산진중;초연중;초읍중,0,0,0,,,,0,3,False,0.0
TRADE_30CC7E4C3668,1,3,59.529411764705884,78.3529411764706,36.50000000000001,41.85294117647059,78.3529411764706,36.50000000000001,동래중;온천중;유락여중,0,0,0,,,,0,3,False,0.0
TRADE_30D87E17DF04,1,3,48.568627450980394,64.52941176470588,30.617647058823533,33.91176470588235,64.52941176470588,30.617647058823533,연산중;연일중;연제중,0,0,0,,,,0,3,False,0.0
TRADE_30DCCB952EA6,1,3,48.96078431372549,56.970588235294116,40.44117647058824,16.529411764705877,56.970588235294116,40.44117647058824,영도제일중;태종대중;해동중,0,0,0,,,,0,3,False,0.0
TRADE_30DD5CD5BAFE,1,3,48.96078431372549,56.970588235294116,40.44117647058824,16.529411764705877,56.970588235294116,40.44117647058824,영도제일중;태종대중;해동중,0,0,0,,,,0,3,False,0.0
TRADE_311630EF7E01,1,5,52.54117647058823,77.23529411764707,34.82352941176471,42.41176470588236,77.23529411764707,34.82352941176471,경남중;부산대신중학교;부산여중;부산중앙여자중학교;초장중,0,0,0,,,,0,5,False,0.0
TRADE_312E087FEFCB,1,0,,,,,,,,0,0,0,,,,0,0,False,0.0
TRADE_313B180B5CA7,1,3,51.127450980392155,83.17647058823529,35.02941176470588,48.14705882352941,83.17647058823529,35.02941176470588,남도여중;부산남중;부산영선중학교,0,0,0,,,,0,3,False,0.0
TRADE_3148E4CEC36F,1,3,24.1078431372549,35.588235294117645,18.147058823529413,17.441176470588232,35.588235294117645,18.147058823529413,가람중;구남중;구포중,0,0,0,,,,0,3,False,0.0
TRADE_315DE1941026,1,2,11.073529411764707,21.058823529411764,1.0882352941176472,19.970588235294116,21.058823529411764,1.0882352941176472,기장중;대청중,0,0,0,,,,0,2,False,0.0
TRADE_31607A7A722E,1,2,75.11764705882354,84.70588235294117,65.52941176470588,19.17647058823529,84.70588235294117,65.52941176470588,구서여중;남산중,0,0,0,,,,0,2,False,0.0
TRADE_3163703514B0,1,3,55.568627450980394,69.55882352941177,45.44117647058823,24.117647058823536,69.55882352941177,45.44117647058823,동현중;부곡여자중;부곡중,0,0,0,,,,0,3,False,0.0
TRADE_3163C2DE8144,1,3,51.127450980392155,83.17647058823529,35.02941176470588,48.14705882352941,83.17647058823529,35.02941176470588,남도여중;부산남중;부산영선중학교,0,0,0,,,,0,3,False,0.0
TRADE_3199A83FC3C3,1,2,11.073529411764707,21.058823529411764,1.0882352941176472,19.970588235294116,21.058823529411764,1.0882352941176472,기장중;대청중,0,0,0,,,,0,2,False,0.0
TRADE_31B84D2FD1F9,1,2,21.970588235294116,21.970588235294116,21.970588235294116,0.0,21.970588235294116,21.970588235294116,반송중;운송중,0,0,0,,,,0,1,False,0.0
TRADE_31C19A29D986,1,3,48.568627450980394,64.52941176470588,30.617647058823533,33.91176470588235,64.52941176470588,30.617647058823533,연산중;연일중;연제중,0,0,0,,,,0,3,False,0.0
TRADE_31E19E352B88,1,6,52.04901960784314,76.79411764705881,34.82352941176471,41.9705882352941,76.79411764705881,34.82352941176471,감천중;경남중;부산여중;부산중앙여자중학교;삼성중;송도중,0,0,0,,,,0,6,False,0.0
TRADE_31E1A4669F2E,1,3,58.08823529411765,73.52941176470588,43.970588235294116,29.558823529411768,73.52941176470588,43.970588235294116,동아중;부산수영중학교;한바다중,0,0,0,,,,0,3,False,0.0
TRADE_31F013B118C3,1,3,32.509803921568626,43.470588235294116,21.14705882352941,22.323529411764707,43.470588235294116,21.14705882352941,개금여중;개림중;부산개성중,0,0,0,,,,0,3,False,0.0
TRADE_31F081F140E9,1,9,52.36601307189542,69.70588235294117,34.82352941176471,34.882352941176464,69.70588235294117,34.82352941176471,건국중;경남중;당리중;동주여중;부산대신중학교;부산여중;부산중앙여자중학교;사하중;장평중,0,0,0,,,,0,9,False,0.0
TRADE_321C69CF554C,1,3,32.509803921568626,43.470588235294116,21.14705882352941,22.323529411764707,43.470588235294116,21.14705882352941,개금여중;개림중;부산개성중,0,0,0,,,,0,3,False,0.0
TRADE_3222E241030E,1,4,53.57352941176471,73.52941176470588,40.02941176470588,33.50000000000001,73.52941176470588,40.02941176470588,광안중;동아중;부산수영중;한바다중,0,0,0,,,,0,4,False,0.0
TRADE_323151E4B9E3,1,1,45.647058823529406,45.647058823529406,45.647058823529406,0.0,45.647058823529406,45.647058823529406,신호중,1,1,1,신호중,45.647058823529406,45.647058823529406,0,1,False,0.4564705882352941
TRADE_324CDA4EB23F,1,3,47.372549019607845,62.52941176470588,21.999999999999996,40.529411764705884,62.52941176470588,21.999999999999996,덕명여중;부산동중;부산진여중,0,0,0,,,,0,3,False,0.0
TRADE_3253B5C210C6,1,2,75.11764705882354,84.70588235294117,65.52941176470588,19.17647058823529,84.70588235294117,65.52941176470588,구서여중;남산중,0,0,0,,,,0,2,False,0.0
TRADE_325546ED95EE,1,2,38.705882352941174,54.11764705882353,23.294117647058822,30.823529411764707,54.11764705882353,23.294117647058822,동주중;주례여중,0,0,0,,,,0,2,False,0.0
TRADE_325BDAC6EFEC,1,3,65.62745098039215,80.5,36.50000000000001,43.99999999999999,80.5,36.50000000000001,사직여중;사직중;온천중,0,0,0,,,,0,3,False,0.0
TRADE_325E9DE53355,1,9,54.25816993464051,76.79411764705881,34.82352941176471,41.9705882352941,76.79411764705881,34.82352941176471,경남중;당리중;동주여중;부산대신중학교;부산여중;부산중앙여자중학교;사하중;삼성중;장평중,0,0,0,,,,0,9,False,0.0
TRADE_3282F5EF5DE7,1,3,34.29411764705882,40.23529411764706,22.882352941176467,17.35294117647059,40.23529411764706,22.882352941176467,대연중;석포여중;해연중,0,0,0,,,,0,3,False,0.0
TRADE_328756A960C0,1,4,33.786764705882355,54.82352941176472,15.705882352941178,39.117647058823536,54.82352941176472,15.705882352941178,가야여중;개림중;부산개성중;서면중,0,0,0,,,,0,4,False,0.0
TRADE_329820340303,1,6,49.4264705882353,77.23529411764707,34.82352941176471,42.41176470588236,77.23529411764707,34.82352941176471,경남중;대신여중;부산여중;부산중앙여자중학교;송도중;초장중,0,0,0,,,,0,6,False,0.0
TRADE_32A42DEE0DAD,1,5,50.25294117647059,73.52941176470588,36.970588235294116,36.55882352941177,73.52941176470588,36.970588235294116,광안중;동수영중;동아중;부산수영중학교;한바다중,0,0,0,,,,0,5,False,0.0
TRADE_32ADAC269EBF,1,0,,,,,,,,0,0,0,,,,0,0,False,0.0
TRADE_32E378FF42B5,1,3,20.764705882352942,27.117647058823525,16.294117647058826,10.8235294117647,27.117647058823525,16.294117647058826,반안중;재송여중;재송중,0,0,0,,,,0,3,False,0.0
TRADE_32EEB099D036,1,3,53.72549019607843,58.67647058823528,45.20588235294118,13.470588235294102,58.67647058823528,45.20588235294118,동평여중;동평중;부산진중,0,0,0,,,,0,3,False,0.0
TRADE_332C3E254E02,1,3,79.57843137254902,88.5,65.52941176470588,22.970588235294116,88.5,65.52941176470588,구서여중;남산중;장전중,0,0,0,,,,0,3,False,0.0
TRADE_333F9BE3E0D0,1,3,61.88235294117647,88.5,45.44117647058823,43.05882352941177,88.5,45.44117647058823,동현중;부곡여자중;장전중,0,0,0,,,,0,3,False,0.0
TRADE_3357921DA151,1,3,53.72549019607843,58.67647058823528,45.20588235294118,13.470588235294102,58.67647058823528,45.20588235294118,동평여중;동평중;부산진중,0,0,0,,,,0,3,False,0.0
TRADE_335B6396123C,1,0,,,,,,,,0,0,0,,,,0,0,False,0.0
TRADE_336CEF198CAC,1,4,49.5,73.88235294117646,21.999999999999996,51.882352941176464,73.88235294117646,21.999999999999996,덕명여중;동의중;부산진여중;항도중,0,0,0,,,,0,4,False,0.0
TRADE_33A6118F8C5D,1,3,53.72549019607843,58.67647058823528,45.20588235294118,13.470588235294102,58.67647058823528,45.20588235294118,동평여중;동평중;부산진중,0,0,0,,,,0,3,False,0.0
TRADE_33B8664D23C4,1,4,83.57352941176471,97.70588235294117,54.23529411764706,43.470588235294116,97.70588235294117,54.23529411764706,동백중;해강중;해운대여중;해운대중,0,0,0,,,,0,4,False,0.0
TRADE_33D66F0796E2,1,3,48.30392156862746,98.91176470588236,18.88235294117647,80.02941176470588,98.91176470588236,18.88235294117647,센텀중;재송여자중;재송중,0,0,0,,,,0,3,False,0.0
TRADE_3410240F329B,1,5,50.25294117647059,73.52941176470588,36.970588235294116,36.55882352941177,73.52941176470588,36.970588235294116,광안중;동수영중;동아중;부산수영중학교;한바다중,0,0,0,,,,0,5,False,0.0
TRADE_341EB15911B3,1,3,38.00000000000001,54.82352941176472,15.705882352941178,39.117647058823536,54.82352941176472,15.705882352941178,가야여중;부산개성중;서면중,0,0,0,,,,0,3,False,0.0
TRADE_344023060318,1,3,48.568627450980394,64.52941176470588,30.617647058823533,33.91176470588235,64.52941176470588,30.617647058823533,연산중;연일중;연제중,0,0,0,,,,0,3,False,0.0
TRADE_34476F3C135B,1,3,51.127450980392155,83.17647058823529,35.02941176470588,48.14705882352941,83.17647058823529,35.02941176470588,남도여중;부산남중;부산영선중학교,0,0,0,,,,0,3,False,0.0
TRADE_3452582C612D,1,4,42.63970588235294,56.55882352941176,15.705882352941178,40.85294117647058,56.55882352941176,15.705882352941178,가야여중;광무여중;부산개성중;서면중,0,0,0,,,,0,4,False,0.0
TRADE_3460BEAB20CA,1,3,59.529411764705884,78.3529411764706,36.50000000000001,41.85294117647059,78.3529411764706,36.50000000000001,동래중;온천중;유락여중,0,0,0,,,,0,3,False,0.0
TRADE_3470A19B4F26,1,2,43.51470588235294,48.088235294117645,38.94117647058823,9.147058823529413,48.088235294117645,38.94117647058823,만덕중;백양중,0,0,0,,,,0,2,False,0.0
TRADE_34F335CE01A8,1,3,82.88235294117648,93.44117647058823,67.5,25.941176470588232,93.44117647058823,67.5,분포중;오륙도중;용호중,0,0,0,,,,0,3,False,0.0
TRADE_3530F85A845B,1,3,61.88235294117647,88.5,45.44117647058823,43.05882352941177,88.5,45.44117647058823,동현중;부곡여자중;장전중,0,0,0,,,,0,3,False,0.0
TRADE_35503A913F24,1,5,50.25294117647059,73.52941176470588,36.970588235294116,36.55882352941177,73.52941176470588,36.970588235294116,광안중;동수영중;동아중;부산수영중학교;한바다중,0,0,0,,,,0,5,False,0.0
TRADE_3586564960E1,1,3,48.96078431372549,56.970588235294116,40.44117647058824,16.529411764705877,56.970588235294116,40.44117647058824,영도제일중;태종대중;해동중,0,0,0,,,,0,3,False,0.0
TRADE_359243987D89,1,3,24.1078431372549,35.588235294117645,18.147058823529413,17.441176470588232,35.588235294117645,18.147058823529413,가람중;구남중;구포중,0,0,0,,,,0,3,False,0.0
TRADE_3592CC8F3579,1,3,37.794117647058826,48.5,27.088235294117645,21.411764705882355,48.5,27.088235294117645,금성중;부산동여중;부산서중,0,0,0,,,,0,2,False,0.0
TRADE_3594E4B54027,1,5,50.25294117647059,73.52941176470588,36.970588235294116,36.55882352941177,73.52941176470588,36.970588235294116,광안중;동수영중;동아중;부산수영중학교;한바다중,0,0,0,,,,0,5,False,0.0
TRADE_359E6553625A,1,4,83.57352941176471,97.70588235294117,54.23529411764706,43.470588235294116,97.70588235294117,54.23529411764706,동백중;해강중;해운대여중;해운대중,0,0,0,,,,0,4,False,0.0
TRADE_35C742C0FFF9,1,2,75.11764705882354,84.70588235294117,65.52941176470588,19.17647058823529,84.70588235294117,65.52941176470588,구서여중;남산중,0,0,0,,,,0,2,False,0.0
TRADE_35D3319FEBDD,1,3,23.774509803921564,27.088235294117645,19.323529411764707,7.7647058823529385,27.088235294117645,19.323529411764707,경남여중;부산서중;부산중,0,0,0,,,,0,3,False,0.0
TRADE_35EDA0C23395,1,3,65.62745098039215,80.5,36.50000000000001,43.99999999999999,80.5,36.50000000000001,사직여중;사직중;온천중,0,0,0,,,,0,3,False,0.0
TRADE_35F319F1C9D8,1,3,72.96078431372548,78.3529411764706,63.73529411764706,14.617647058823536,78.3529411764706,63.73529411764706,동래중;동해중;유락여중,0,0,0,,,,0,3,False,0.0
TRADE_36042A627ABE,1,3,37.5,68.26470588235294,19.323529411764707,48.94117647058823,68.26470588235294,19.323529411764707,경남여중;부산중;선화여중,0,0,0,,,,0,3,False,0.0
TRADE_3610AEC98725,1,2,80.19117647058823,80.5,79.88235294117646,0.6176470588235361,80.5,79.88235294117646,사직여중;사직중,0,0,0,,,,0,2,False,0.0
TRADE_361708EEA013,1,3,45.45098039215686,73.88235294117646,21.999999999999996,51.882352941176464,73.88235294117646,21.999999999999996,동의중;부산진여중;양동여중,0,0,0,,,,0,3,False,0.0
TRADE_361CFCBA6163,1,3,24.1078431372549,35.588235294117645,18.147058823529413,17.441176470588232,35.588235294117645,18.147058823529413,가람중;구남중;구포중,0,0,0,,,,0,3,False,0.0
TRADE_36433DF0FDDF,1,3,34.29411764705882,40.23529411764706,22.882352941176467,17.35294117647059,40.23529411764706,22.882352941176467,대연중;석포여중;해연중,0,0,0,,,,0,3,False,0.0
TRADE_365B94BE9B84,1,3,79.57843137254902,88.5,65.52941176470588,22.970588235294116,88.5,65.52941176470588,구서여중;남산중;장전중,0,0,0,,,,0,3,False,0.0
TRADE_36970C6DF0F6,1,5,50.25294117647059,73.52941176470588,36.970588235294116,36.55882352941177,73.52941176470588,36.970588235294116,광안중;동수영중;동아중;부산수영중학교;한바다중,0,0,0,,,,0,5,False,0.0
TRADE_369DFC44A8E5,1,3,56.68627450980392,58.67647058823528,54.82352941176472,3.8529411764705657,58.67647058823528,54.82352941176472,광무여중;부산진중;서면중,0,0,0,,,,0,3,False,0.0
TRADE_369E29B99818,1,5,50.25294117647059,73.52941176470588,36.970588235294116,36.55882352941177,73.52941176470588,36.970588235294116,광안중;동수영중;동아중;부산수영중학교;한바다중,0,0,0,,,,0,5,False,0.0
TRADE_369E63920668,1,2,71.04411764705883,78.3529411764706,63.73529411764706,14.617647058823536,78.3529411764706,63.73529411764706,동래중;유락여자중,0,0,0,,,,0,2,False,0.0
TRADE_36DF6070C1B7,1,3,37.5,68.26470588235294,19.323529411764707,48.94117647058823,68.26470588235294,19.323529411764707,경남여중;부산중;선화여중,0,0,0,,,,0,3,False,0.0
TRADE_36E9E9FB3855,1,4,53.57352941176471,73.52941176470588,40.02941176470588,33.50000000000001,73.52941176470588,40.02941176470588,광안중;동아중;부산수영중;한바다중,0,0,0,,,,0,4,False,0.0
TRADE_36F0AEA7D410,1,5,60.3,87.20588235294116,40.02941176470588,47.17647058823528,87.20588235294116,40.02941176470588,광안중;남천중;동아중;부산수영중;한바다중,0,0,0,,,,0,5,False,0.0
TRADE_36FE70CF9474,1,2,73.89705882352942,82.26470588235294,65.52941176470588,16.735294117647058,82.26470588235294,65.52941176470588,금정중;남산중,0,0,0,,,,0,2,False,0.0
TRADE_37140AB8233C,1,4,45.220588235294116,73.88235294117646,21.999999999999996,51.882352941176464,73.88235294117646,21.999999999999996,동의중;부산진여중;양동여중;항도중,0,0,0,,,,0,4,False,0.0
TRADE_37273B438F5E,1,3,48.568627450980394,64.52941176470588,30.617647058823533,33.91176470588235,64.52941176470588,30.617647058823533,연산중;연일중;연제중,0,0,0,,,,0,3,False,0.0
TRADE_37682CB70E1A,1,3,59.529411764705884,78.3529411764706,36.50000000000001,41.85294117647059,78.3529411764706,36.50000000000001,동래중;온천중;유락여중,0,0,0,,,,0,3,False,0.0
TRADE_377BF55FD0E5,1,4,53.57352941176471,73.52941176470588,40.02941176470588,33.50000000000001,73.52941176470588,40.02941176470588,광안중;동아중;부산수영중;한바다중,0,0,0,,,,0,4,False,0.0
TRADE_378B421D7716,1,3,59.529411764705884,78.3529411764706,36.50000000000001,41.85294117647059,78.3529411764706,36.50000000000001,동래중;온천중;유락여중,0,0,0,,,,0,3,False,0.0
TRADE_378B978E5318,1,4,44.867647058823536,58.00000000000001,34.82352941176471,23.176470588235297,58.00000000000001,34.82352941176471,경남중;대신여중;덕원중;부산여중,0,0,0,,,,0,4,False,0.0
TRADE_3792A458DB7E,1,6,50.259803921568626,83.17647058823529,19.323529411764707,63.85294117647058,83.17647058823529,19.323529411764707,경남여중;덕원중;부산남중;부산대신중학교;선화여중;신선중,0,0,0,,,,0,6,False,0.0
TRADE_37A8CEA7184B,1,4,72.78676470588235,94.26470588235294,36.50000000000001,57.764705882352935,94.26470588235294,36.50000000000001,사직여중;사직중;여명중;온천중,0,0,0,,,,0,4,False,0.0
TRADE_37C84E5F403B,1,3,45.45098039215686,73.88235294117646,21.999999999999996,51.882352941176464,73.88235294117646,21.999999999999996,동의중;부산진여중;양동여중,0,0,0,,,,0,3,False,0.0
TRADE_37CFA411416F,1,2,73.89705882352942,82.26470588235294,65.52941176470588,16.735294117647058,82.26470588235294,65.52941176470588,금정중;남산중,0,0,0,,,,0,2,False,0.0
TRADE_37DCFB91938E,1,4,49.5,73.88235294117646,21.999999999999996,51.882352941176464,73.88235294117646,21.999999999999996,덕명여중;동의중;부산진여중;항도중,0,0,0,,,,0,4,False,0.0
TRADE_37E654EF6CDA,1,3,51.127450980392155,83.17647058823529,35.02941176470588,48.14705882352941,83.17647058823529,35.02941176470588,남도여중;부산남중;부산영선중학교,0,0,0,,,,0,3,False,0.0
TRADE_380E7502E698,1,6,50.35294117647059,77.23529411764707,34.82352941176471,42.41176470588236,77.23529411764707,34.82352941176471,경남중;대신여중;부산대신중학교;부산여중;부산중앙여자중학교;초장중,0,0,0,,,,0,6,False,0.0
TRADE_381DC97DA629,1,5,52.54117647058823,77.23529411764707,34.82352941176471,42.41176470588236,77.23529411764707,34.82352941176471,경남중;부산대신중학교;부산여중;부산중앙여자중학교;초장중,0,0,0,,,,0,5,False,0.0
TRADE_3837EE591BAD,1,4,60.55882352941177,76.79411764705881,45.05882352941177,31.735294117647044,76.79411764705881,45.05882352941177,감천중;동주여중;삼성중;장평중,0,0,0,,,,0,4,False,0.0
TRADE_386540D83842,1,4,34.29411764705882,40.23529411764706,22.882352941176467,17.35294117647059,40.23529411764706,22.882352941176467,대연중;배정중;석포여중;해연중,0,0,0,,,,0,3,False,0.0
TRADE_386F5FD94D24,1,4,43.794117647058826,58.82352941176471,30.617647058823533,28.205882352941178,58.82352941176471,30.617647058823533,망미중;연제중;연천중;토현중,0,0,0,,,,0,4,False,0.0
TRADE_387C9DED03A6,1,4,61.13970588235294,69.70588235294117,46.5,23.205882352941174,69.70588235294117,46.5,건국중;당리중;사하중;하단중,0,0,0,,,,0,4,False,0.0
TRADE_387D84321E99,1,2,73.89705882352942,82.26470588235294,65.52941176470588,16.735294117647058,82.26470588235294,65.52941176470588,금정중;남산중,0,0,0,,,,0,2,False,0.0
TRADE_38B0B478F3E7,1,3,51.127450980392155,83.17647058823529,35.02941176470588,48.14705882352941,83.17647058823529,35.02941176470588,남도여중;부산남중;부산영선중학교,0,0,0,,,,0,3,False,0.0
TRADE_38B145953202,1,0,,,,,,,,0,0,0,,,,0,0,False,0.0
TRADE_38B3E2EFE5E3,1,2,75.11764705882354,84.70588235294117,65.52941176470588,19.17647058823529,84.70588235294117,65.52941176470588,구서여중;남산중,0,0,0,,,,0,2,False,0.0
TRADE_38BFDAA131DC,1,4,43.794117647058826,58.82352941176471,30.617647058823533,28.205882352941178,58.82352941176471,30.617647058823533,망미중;연제중;연천중;토현중,0,0,0,,,,0,4,False,0.0
TRADE_38CBD8B30721,1,4,45.220588235294116,73.88235294117646,21.999999999999996,51.882352941176464,73.88235294117646,21.999999999999996,동의중;부산진여중;양동여중;항도중,0,0,0,,,,0,4,False,0.0
TRADE_38D16B1F20CB,1,1,18.705882352941178,18.705882352941178,18.705882352941178,0.0,18.705882352941178,18.705882352941178,모라중,1,1,1,모라중,18.705882352941178,18.705882352941178,0,1,False,0.18705882352941178
TRADE_38F3E3F2ECD0,1,1,15.705882352941176,15.705882352941176,15.705882352941176,0.0,15.705882352941176,15.705882352941176,덕천중,1,1,1,덕천중,15.705882352941176,15.705882352941176,0,1,False,0.15705882352941175
TRADE_38F63D86C928,1,5,45.14705882352941,58.82352941176471,30.617647058823533,28.205882352941178,58.82352941176471,30.617647058823533,망미중;연산중;연제중;연천중;토현중,0,0,0,,,,0,5,False,0.0
TRADE_39053A176F5A,1,3,53.72549019607843,58.67647058823528,45.20588235294118,13.470588235294102,58.67647058823528,45.20588235294118,동평여중;동평중;부산진중,0,0,0,,,,0,3,False,0.0
TRADE_3907E085B343,1,3,37.794117647058826,48.5,27.088235294117645,21.411764705882355,48.5,27.088235294117645,금성중;부산동여중;부산서중,0,0,0,,,,0,2,False,0.0
TRADE_3937865B3468,1,3,51.127450980392155,83.17647058823529,35.02941176470588,48.14705882352941,83.17647058823529,35.02941176470588,남도여중;부산남중;부산영선중학교,0,0,0,,,,0,3,False,0.0
TRADE_3944762F7931,1,2,21.970588235294116,21.970588235294116,21.970588235294116,0.0,21.970588235294116,21.970588235294116,반송중;운송중,0,0,0,,,,0,1,False,0.0
TRADE_39B8A80160A9,1,4,61.13970588235294,69.70588235294117,46.5,23.205882352941174,69.70588235294117,46.5,건국중;당리중;사하중;하단중,0,0,0,,,,0,4,False,0.0
TRADE_39B91EB18106,1,3,48.30392156862746,98.91176470588236,18.88235294117647,80.02941176470588,98.91176470588236,18.88235294117647,센텀중;재송여자중;재송중,0,0,0,,,,0,3,False,0.0
TRADE_39C7017292EE,1,3,67.84313725490198,82.26470588235294,51.70588235294118,30.55882352941176,82.26470588235294,51.70588235294118,금정중;부곡여중;부곡중,0,0,0,,,,0,3,False,0.0
TRADE_3A069B072866,1,3,17.95098039215686,31.705882352941174,1.0882352941176472,30.617647058823525,31.705882352941174,1.0882352941176472,기장중;대청중;일광중,0,0,0,,,,0,3,False,0.0
TRADE_3A16BEB0D90E,1,3,66.3235294117647,87.20588235294116,40.23529411764706,46.9705882352941,87.20588235294116,40.23529411764706,남천중;대연중;대천중,0,0,0,,,,0,3,False,0.0
TRADE_3A2AE5AA0D66,1,3,82.88235294117648,93.44117647058823,67.5,25.941176470588232,93.44117647058823,67.5,분포중;오륙도중;용호중,0,0,0,,,,0,3,False,0.0
TRADE_3A42E523F0DF,1,3,23.774509803921564,27.088235294117645,19.323529411764707,7.7647058823529385,27.088235294117645,19.323529411764707,경남여중;부산서중;부산중,0,0,0,,,,0,3,False,0.0
TRADE_3A6B45175ADA,1,4,60.19117647058823,69.70588235294117,46.5,23.205882352941174,69.70588235294117,46.5,건국중;당리중;동주여중;사하중,0,0,0,,,,0,4,False,0.0
TRADE_3A9328A78378,1,2,73.89705882352942,82.26470588235294,65.52941176470588,16.735294117647058,82.26470588235294,65.52941176470588,금정중;남산중,0,0,0,,,,0,2,False,0.0
TRADE_3AC87236AAE5,1,3,42.720588235294116,45.14705882352941,40.294117647058826,4.852941176470587,45.14705882352941,40.294117647058826,문현여중;배정중;부산중앙중,0,0,0,,,,0,2,False,0.0
TRADE_3AD7A7ACEA4C,2,5,42.864705882352936,57.76470588235294,21.14705882352941,36.617647058823536,57.76470588235294,21.14705882352941,개금여중;개림중;동양중;동평여중;동평중,0,0,0,,,,0,5,False,0.0
TRADE_3AF59EF754C3,1,5,52.54117647058823,77.23529411764707,34.82352941176471,42.41176470588236,77.23529411764707,34.82352941176471,경남중;부산대신중학교;부산여중;부산중앙여자중학교;초장중,0,0,0,,,,0,5,False,0.0
TRADE_3AFEC2EE0BBC,1,4,43.66176470588235,71.8529411764706,26.294117647058822,45.55882352941177,71.8529411764706,26.294117647058822,동신중;안락중;충렬중;학산여중,0,0,0,,,,0,4,False,0.0
TRADE_3B1BF19BB42F,1,3,75.27450980392156,94.26470588235294,51.8235294117647,42.44117647058824,94.26470588235294,51.8235294117647,거제여중;여명중;이사벨중,0,0,0,,,,0,3,False,0.0
TRADE_3B461A5E43E3,1,4,60.55882352941177,76.79411764705881,45.05882352941177,31.735294117647044,76.79411764705881,45.05882352941177,감천중;동주여중;삼성중;장평중,0,0,0,,,,0,4,False,0.0
TRADE_3B5130D34D8C,1,5,50.25294117647059,73.52941176470588,36.970588235294116,36.55882352941177,73.52941176470588,36.970588235294116,광안중;동수영중;동아중;부산수영중학교;한바다중,0,0,0,,,,0,5,False,0.0
TRADE_3B57348A6103,1,3,53.72549019607843,58.67647058823528,45.20588235294118,13.470588235294102,58.67647058823528,45.20588235294118,동평여중;동평중;부산진중,0,0,0,,,,0,3,False,0.0
TRADE_3B6EC571C30C,1,3,34.29411764705882,40.23529411764706,22.882352941176467,17.35294117647059,40.23529411764706,22.882352941176467,대연중;석포여중;해연중,0,0,0,,,,0,3,False,0.0
TRADE_3B76731C5E37,1,4,44.977941176470594,58.00000000000001,34.82352941176471,23.176470588235297,58.00000000000001,34.82352941176471,경남중;부산여중;부산중앙여자중학교;송도중,0,0,0,,,,0,4,False,0.0
TRADE_3B81AE0A3E2E,1,3,59.529411764705884,78.3529411764706,36.50000000000001,41.85294117647059,78.3529411764706,36.50000000000001,동래중;온천중;유락여중,0,0,0,,,,0,3,False,0.0
TRADE_3BA8838C4B06,1,4,83.57352941176471,97.70588235294117,54.23529411764706,43.470588235294116,97.70588235294117,54.23529411764706,동백중;해강중;해운대여중;해운대중,0,0,0,,,,0,4,False,0.0
TRADE_3BAB9A0534E1,1,6,49.4264705882353,77.23529411764707,34.82352941176471,42.41176470588236,77.23529411764707,34.82352941176471,경남중;대신여중;부산여중;부산중앙여자중학교;송도중;초장중,0,0,0,,,,0,6,False,0.0
TRADE_3BDB6C6CBDD6,1,6,50.35294117647059,77.23529411764707,34.82352941176471,42.41176470588236,77.23529411764707,34.82352941176471,경남중;대신여중;부산대신중학교;부산여중;부산중앙여자중학교;초장중,0,0,0,,,,0,6,False,0.0
TRADE_3BF1A01BCC2C,1,3,82.88235294117648,93.44117647058823,67.5,25.941176470588232,93.44117647058823,67.5,분포중;오륙도중;용호중,0,0,0,,,,0,3,False,0.0
TRADE_3C01CFC70611,1,4,38.25,53.91176470588235,23.61764705882353,30.29411764705882,53.91176470588235,23.61764705882353,대동중;영남중;장림여중;장평중,0,0,0,,,,0,4,False,0.0
TRADE_3C08590E1EDB,1,4,44.867647058823536,58.00000000000001,34.82352941176471,23.176470588235297,58.00000000000001,34.82352941176471,경남중;대신여중;덕원중;부산여중,0,0,0,,,,0,4,False,0.0
TRADE_3C1918863A53,1,9,54.25816993464051,76.79411764705881,34.82352941176471,41.9705882352941,76.79411764705881,34.82352941176471,경남중;당리중;동주여중;부산대신중학교;부산여중;부산중앙여자중학교;사하중;삼성중;장평중,0,0,0,,,,0,9,False,0.0
TRADE_3C1ADAC39171,1,1,32.647058823529406,32.647058823529406,32.647058823529406,0.0,32.647058823529406,32.647058823529406,주례중,1,1,1,주례중,32.647058823529406,32.647058823529406,0,1,False,0.32647058823529407
TRADE_3C38768F03D8,1,5,45.14705882352941,58.82352941176471,30.617647058823533,28.205882352941178,58.82352941176471,30.617647058823533,망미중;연산중;연제중;연천중;토현중,0,0,0,,,,0,5,False,0.0
TRADE_3C48EA82018F,1,4,45.220588235294116,73.88235294117646,21.999999999999996,51.882352941176464,73.88235294117646,21.999999999999996,동의중;부산진여중;양동여중;항도중,0,0,0,,,,0,4,False,0.0
TRADE_3C5453073E2E,1,5,52.54117647058823,77.23529411764707,34.82352941176471,42.41176470588236,77.23529411764707,34.82352941176471,경남중;부산대신중학교;부산여중;부산중앙여자중학교;초장중,0,0,0,,,,0,5,False,0.0
TRADE_3C57B3A7CEFF,1,7,48.98319327731093,68.26470588235294,19.323529411764707,48.94117647058823,68.26470588235294,19.323529411764707,경남여중;경남중;덕원중;동주여중;부산대신중학교;부산여중;선화여중,0,0,0,,,,0,7,False,0.0
TRADE_3C70E8B737FD,1,6,50.35294117647059,77.23529411764707,34.82352941176471,42.41176470588236,77.23529411764707,34.82352941176471,경남중;대신여중;부산대신중학교;부산여중;부산중앙여자중학교;초장중,0,0,0,,,,0,6,False,0.0
TRADE_3C7ADB73A2C0,1,1,15.705882352941176,15.705882352941176,15.705882352941176,0.0,15.705882352941176,15.705882352941176,덕천중,1,1,1,덕천중,15.705882352941176,15.705882352941176,0,1,False,0.15705882352941175
TRADE_3C7B3C79D5FE,1,3,58.08823529411765,73.52941176470588,43.970588235294116,29.558823529411768,73.52941176470588,43.970588235294116,동아중;부산수영중학교;한바다중,0,0,0,,,,0,3,False,0.0
TRADE_3C88D3F84E87,1,3,58.08823529411765,73.52941176470588,43.970588235294116,29.558823529411768,73.52941176470588,43.970588235294116,동아중;부산수영중학교;한바다중,0,0,0,,,,0,3,False,0.0
TRADE_3C97F8FB9E0A,1,3,51.127450980392155,83.17647058823529,35.02941176470588,48.14705882352941,83.17647058823529,35.02941176470588,남도여중;부산남중;부산영선중학교,0,0,0,,,,0,3,False,0.0
TRADE_3CA7F2E42B28,1,3,48.96078431372549,56.970588235294116,40.44117647058824,16.529411764705877,56.970588235294116,40.44117647058824,영도제일중;태종대중;해동중,0,0,0,,,,0,3,False,0.0
TRADE_3CAED835B617,1,6,49.220588235294116,64.79411764705883,34.82352941176471,29.970588235294116,64.79411764705883,34.82352941176471,경남중;동주여중;부산대신중학교;부산여중;부산중앙여자중학교;장평중,0,0,0,,,,0,6,False,0.0
TRADE_3CAEFD07C242,1,3,61.88235294117647,88.5,45.44117647058823,43.05882352941177,88.5,45.44117647058823,동현중;부곡여자중;장전중,0,0,0,,,,0,3,False,0.0
TRADE_3CD48FD8DB8D,1,3,37.5,68.26470588235294,19.323529411764707,48.94117647058823,68.26470588235294,19.323529411764707,경남여중;부산중;선화여중,0,0,0,,,,0,3,False,0.0
TRADE_3CDC443F6E6B,1,4,72.78676470588235,94.26470588235294,36.50000000000001,57.764705882352935,94.26470588235294,36.50000000000001,사직여중;사직중;여명중;온천중,0,0,0,,,,0,4,False,0.0
TRADE_3CE4637FECFB,1,1,45.647058823529406,45.647058823529406,45.647058823529406,0.0,45.647058823529406,45.647058823529406,신호중,1,1,1,신호중,45.647058823529406,45.647058823529406,0,1,False,0.4564705882352941
TRADE_3D15ACEB677F,1,3,48.568627450980394,64.52941176470588,30.617647058823533,33.91176470588235,64.52941176470588,30.617647058823533,연산중;연일중;연제중,0,0,0,,,,0,3,False,0.0
TRADE_3D1B0D7D470E,1,5,50.25294117647059,73.52941176470588,36.970588235294116,36.55882352941177,73.52941176470588,36.970588235294116,광안중;동수영중;동아중;부산수영중학교;한바다중,0,0,0,,,,0,5,False,0.0
TRADE_3D1F6D211F65,1,4,60.55882352941177,76.79411764705881,45.05882352941177,31.735294117647044,76.79411764705881,45.05882352941177,감천중;동주여중;삼성중;장평중,0,0,0,,,,0,4,False,0.0
TRADE_3D21DF082FE9,1,3,55.568627450980394,69.55882352941177,45.44117647058823,24.117647058823536,69.55882352941177,45.44117647058823,동현중;부곡여자중;부곡중,0,0,0,,,,0,3,False,0.0
TRADE_3D2E10E6BEBD,1,3,79.57843137254902,88.5,65.52941176470588,22.970588235294116,88.5,65.52941176470588,구서여중;남산중;장전중,0,0,0,,,,0,3,False,0.0
TRADE_3D330C6408A5,1,6,45.35294117647059,58.00000000000001,34.82352941176471,23.176470588235297,58.00000000000001,34.82352941176471,경남중;대신여중;덕원중;부산대신중학교;부산여중;부산중앙여자중학교,0,0,0,,,,0,6,False,0.0
TRADE_3D58C95AC370,1,4,72.78676470588235,94.26470588235294,36.50000000000001,57.764705882352935,94.26470588235294,36.50000000000001,사직여중;사직중;여명중;온천중,0,0,0,,,,0,4,False,0.0
TRADE_3D5B73AD4B31,1,3,47.372549019607845,62.52941176470588,21.999999999999996,40.529411764705884,62.52941176470588,21.999999999999996,덕명여중;부산동중;부산진여중,0,0,0,,,,0,3,False,0.0
TRADE_3D786679DAC9,1,0,,,,,,,,0,0,0,,,,0,0,False,0.0
TRADE_3DA3791C8E17,1,4,44.867647058823536,58.00000000000001,34.82352941176471,23.176470588235297,58.00000000000001,34.82352941176471,경남중;대신여중;덕원중;부산여중,0,0,0,,,,0,4,False,0.0
TRADE_3DB13BE073C5,1,2,75.11764705882354,84.70588235294117,65.52941176470588,19.17647058823529,84.70588235294117,65.52941176470588,구서여중;남산중,0,0,0,,,,0,2,False,0.0
TRADE_3DE619A42785,1,3,67.84313725490198,82.26470588235294,51.70588235294118,30.55882352941176,82.26470588235294,51.70588235294118,금정중;부곡여중;부곡중,0,0,0,,,,0,3,False,0.0
TRADE_3E110C83AD0C,1,2,75.11764705882354,84.70588235294117,65.52941176470588,19.17647058823529,84.70588235294117,65.52941176470588,구서여중;남산중,0,0,0,,,,0,2,False,0.0
TRADE_3E235233931B,1,3,51.127450980392155,83.17647058823529,35.02941176470588,48.14705882352941,83.17647058823529,35.02941176470588,남도여중;부산남중;부산영선중학교,0,0,0,,,,0,3,False,0.0
TRADE_3E50E0A66B40,1,3,42.720588235294116,45.14705882352941,40.294117647058826,4.852941176470587,45.14705882352941,40.294117647058826,문현여중;배정중;부산중앙중,0,0,0,,,,0,2,False,0.0
TRADE_3E5136D6981F,1,4,60.55882352941177,76.79411764705881,45.05882352941177,31.735294117647044,76.79411764705881,45.05882352941177,감천중;동주여중;삼성중;장평중,0,0,0,,,,0,4,False,0.0
TRADE_3E7471D57E3C,1,4,53.06617647058823,77.23529411764707,34.82352941176471,42.41176470588236,77.23529411764707,34.82352941176471,경남중;부산여중;부산중앙여자중학교;초장중,0,0,0,,,,0,4,False,0.0
TRADE_3E78928F7B45,1,4,43.794117647058826,58.82352941176471,30.617647058823533,28.205882352941178,58.82352941176471,30.617647058823533,망미중;연제중;연천중;토현중,0,0,0,,,,0,4,False,0.0
TRADE_3E791B15DB06,1,2,30.82352941176471,41.76470588235294,19.882352941176475,21.882352941176467,41.76470588235294,19.882352941176475,엄궁중;학장중,0,0,0,,,,0,2,False,0.0
TRADE_3E93D5BEF53F,1,3,42.75490196078431,58.67647058823528,24.205882352941178,34.4705882352941,58.67647058823528,24.205882352941178,부산진중;초연중;초읍중,0,0,0,,,,0,3,False,0.0
TRADE_3EA376BF215A,1,6,45.35294117647059,58.00000000000001,34.82352941176471,23.176470588235297,58.00000000000001,34.82352941176471,경남중;대신여중;덕원중;부산대신중학교;부산여중;부산중앙여자중학교,0,0,0,,,,0,6,False,0.0
TRADE_3ECE04C2BB59,1,0,,,,,,,,0,0,0,,,,0,0,False,0.0
TRADE_3F0C765DB317,1,4,72.78676470588235,94.26470588235294,36.50000000000001,57.764705882352935,94.26470588235294,36.50000000000001,사직여중;사직중;여명중;온천중,0,0,0,,,,0,4,False,0.0
TRADE_3F125DD94492,1,4,72.78676470588235,94.26470588235294,36.50000000000001,57.764705882352935,94.26470588235294,36.50000000000001,사직여중;사직중;여명중;온천중,0,0,0,,,,0,4,False,0.0
TRADE_3F317A1E7DE4,1,0,,,,,,,,0,0,0,,,,0,0,False,0.0
TRADE_3F96C98640B7,1,3,23.774509803921564,27.088235294117645,19.323529411764707,7.7647058823529385,27.088235294117645,19.323529411764707,경남여중;부산서중;부산중,0,0,0,,,,0,3,False,0.0
TRADE_3FA348EF6833,1,3,41.931372549019606,44.85294117647059,36.970588235294116,7.882352941176471,44.85294117647059,36.970588235294116,동수영중;망미중;부산수영중학교,0,0,0,,,,0,3,False,0.0
TRADE_3FA5301971E0,1,3,58.08823529411765,73.52941176470588,43.970588235294116,29.558823529411768,73.52941176470588,43.970588235294116,동아중;부산수영중학교;한바다중,0,0,0,,,,0,3,False,0.0
TRADE_3FA7CDC8A9FA,1,3,45.45098039215686,73.88235294117646,21.999999999999996,51.882352941176464,73.88235294117646,21.999999999999996,동의중;부산진여중;양동여중,0,0,0,,,,0,3,False,0.0
TRADE_3FAA4B917F13,1,3,48.568627450980394,64.52941176470588,30.617647058823533,33.91176470588235,64.52941176470588,30.617647058823533,연산중;연일중;연제중,0,0,0,,,,0,3,False,0.0
TRADE_3FAF63BA896A,1,4,42.63970588235294,56.55882352941176,15.705882352941178,40.85294117647058,56.55882352941176,15.705882352941178,가야여중;광무여중;부산개성중;서면중,0,0,0,,,,0,4,False,0.0
TRADE_3FC790A17711,1,3,32.509803921568626,43.470588235294116,21.14705882352941,22.323529411764707,43.470588235294116,21.14705882352941,개금여중;개림중;부산개성중,0,0,0,,,,0,3,False,0.0
TRADE_3FFEF7F916DD,1,6,54.509803921568626,76.79411764705881,34.82352941176471,41.9705882352941,76.79411764705881,34.82352941176471,경남중;동주여중;부산대신중학교;부산여중;부산중앙여자중학교;삼성중,0,0,0,,,,0,6,False,0.0
TRADE_3FFFFBF92886,1,9,54.25816993464051,76.79411764705881,34.82352941176471,41.9705882352941,76.79411764705881,34.82352941176471,경남중;당리중;동주여중;부산대신중학교;부산여중;부산중앙여자중학교;사하중;삼성중;장평중,0,0,0,,,,0,9,False,0.0
TRADE_4013F8EA6BBF,1,6,50.333333333333336,79.73529411764706,30.617647058823533,49.11764705882352,79.73529411764706,30.617647058823533,동신중;연산중;연일중;연제중;이사벨중;토현중,0,0,0,,,,0,6,False,0.0
TRADE_401D3850D5D3,1,4,45.220588235294116,73.88235294117646,21.999999999999996,51.882352941176464,73.88235294117646,21.999999999999996,동의중;부산진여중;양동여중;항도중,0,0,0,,,,0,4,False,0.0
TRADE_402D49772486,1,2,38.705882352941174,54.11764705882353,23.294117647058822,30.823529411764707,54.11764705882353,23.294117647058822,동주중;주례여중,0,0,0,,,,0,2,False,0.0
TRADE_403428EB4067,1,1,94.26470588235294,94.26470588235294,94.26470588235294,0.0,94.26470588235294,94.26470588235294,여명중,0,0,0,,,,0,1,False,0.0
TRADE_40601F123267,1,4,83.57352941176471,97.70588235294117,54.23529411764706,43.470588235294116,97.70588235294117,54.23529411764706,동백중;해강중;해운대여중;해운대중,0,0,0,,,,0,4,False,0.0
TRADE_407225F80163,1,4,68.09558823529412,88.5,49.91176470588235,38.58823529411765,88.5,49.91176470588235,금정중;동래여중;부곡여자중;장전중,0,0,0,,,,0,4,False,0.0
TRADE_40814FAAC299,1,4,83.57352941176471,97.70588235294117,54.23529411764706,43.470588235294116,97.70588235294117,54.23529411764706,동백중;해강중;해운대여중;해운대중,0,0,0,,,,0,4,False,0.0
TRADE_409AF37D7EBD,1,3,48.30392156862746,98.91176470588236,18.88235294117647,80.02941176470588,98.91176470588236,18.88235294117647,센텀중;재송여자중;재송중,0,0,0,,,,0,3,False,0.0
TRADE_40B5724A5F3C,1,3,65.62745098039215,80.5,36.50000000000001,43.99999999999999,80.5,36.50000000000001,사직여중;사직중;온천중,0,0,0,,,,0,3,False,0.0
TRADE_40BDECE31873,1,3,66.3235294117647,87.20588235294116,40.23529411764706,46.9705882352941,87.20588235294116,40.23529411764706,남천중;대연중;대천중,0,0,0,,,,0,3,False,0.0
TRADE_40C5604EBAE7,1,1,45.647058823529406,45.647058823529406,45.647058823529406,0.0,45.647058823529406,45.647058823529406,신호중,1,1,1,신호중,45.647058823529406,45.647058823529406,0,1,False,0.4564705882352941
TRADE_40DDBA6A5BD6,1,3,23.774509803921564,27.088235294117645,19.323529411764707,7.7647058823529385,27.088235294117645,19.323529411764707,경남여중;부산서중;부산중,0,0,0,,,,0,3,False,0.0
TRADE_40DDDDF47D10,1,4,61.13970588235294,69.70588235294117,46.5,23.205882352941174,69.70588235294117,46.5,건국중;당리중;사하중;하단중,0,0,0,,,,0,4,False,0.0
TRADE_40F237A662FC,1,5,52.54117647058823,77.23529411764707,34.82352941176471,42.41176470588236,77.23529411764707,34.82352941176471,경남중;부산대신중학교;부산여중;부산중앙여자중학교;초장중,0,0,0,,,,0,5,False,0.0
TRADE_40FDB9DEA82D,1,4,45.220588235294116,73.88235294117646,21.999999999999996,51.882352941176464,73.88235294117646,21.999999999999996,동의중;부산진여중;양동여중;항도중,0,0,0,,,,0,4,False,0.0
TRADE_410AF0F5415E,1,3,48.568627450980394,64.52941176470588,30.617647058823533,33.91176470588235,64.52941176470588,30.617647058823533,연산중;연일중;연제중,0,0,0,,,,0,3,False,0.0
TRADE_411242F652DF,1,1,32.647058823529406,32.647058823529406,32.647058823529406,0.0,32.647058823529406,32.647058823529406,주례중,1,1,1,주례중,32.647058823529406,32.647058823529406,0,1,False,0.32647058823529407
TRADE_412376001AD9,1,5,66.6,87.20588235294116,43.970588235294116,43.235294117647044,87.20588235294116,43.970588235294116,남천중;대천중;동아중;부산수영중;한바다중,0,0,0,,,,0,5,False,0.0
TRADE_412FDDB08B86,1,5,52.54117647058823,77.23529411764707,34.82352941176471,42.41176470588236,77.23529411764707,34.82352941176471,경남중;부산대신중학교;부산여중;부산중앙여자중학교;초장중,0,0,0,,,,0,5,False,0.0
TRADE_41390F2E8FBF,1,6,49.4264705882353,77.23529411764707,34.82352941176471,42.41176470588236,77.23529411764707,34.82352941176471,경남중;대신여중;부산여중;부산중앙여자중학교;송도중;초장중,0,0,0,,,,0,6,False,0.0
TRADE_415682165743,1,1,45.647058823529406,45.647058823529406,45.647058823529406,0.0,45.647058823529406,45.647058823529406,신호중,1,1,1,신호중,45.647058823529406,45.647058823529406,0,1,False,0.4564705882352941
TRADE_41655A94D36C,1,4,43.794117647058826,58.82352941176471,30.617647058823533,28.205882352941178,58.82352941176471,30.617647058823533,망미중;연제중;연천중;토현중,0,0,0,,,,0,4,False,0.0
TRADE_417203327EAE,1,3,38.0,54.82352941176472,15.705882352941178,39.117647058823536,54.82352941176472,15.705882352941178,가야여중;부산개성중;서면중,0,0,0,,,,0,3,False,0.0
TRADE_4175A81F308B,1,4,61.13970588235294,69.70588235294117,46.5,23.205882352941174,69.70588235294117,46.5,건국중;당리중;사하중;하단중,0,0,0,,,,0,4,False,0.0
TRADE_4179A452E22F,1,3,32.509803921568626,43.470588235294116,21.14705882352941,22.323529411764707,43.470588235294116,21.14705882352941,개금여중;개림중;부산개성중,0,0,0,,,,0,3,False,0.0
TRADE_41BCE54F1FA0,1,3,48.568627450980394,64.52941176470588,30.617647058823533,33.91176470588235,64.52941176470588,30.617647058823533,연산중;연일중;연제중,0,0,0,,,,0,3,False,0.0
TRADE_41BEE1EB626A,1,3,75.27450980392156,94.26470588235294,51.8235294117647,42.44117647058824,94.26470588235294,51.8235294117647,거제여중;여명중;이사벨중,0,0,0,,,,0,3,False,0.0
TRADE_41D420972890,1,3,34.29411764705882,40.23529411764706,22.882352941176467,17.35294117647059,40.23529411764706,22.882352941176467,대연중;석포여중;해연중,0,0,0,,,,0,3,False,0.0
TRADE_41E3D2ADB093,1,3,48.568627450980394,64.52941176470588,30.617647058823533,33.91176470588235,64.52941176470588,30.617647058823533,연산중;연일중;연제중,0,0,0,,,,0,3,False,0.0
TRADE_41E4F45F02BC,1,3,56.68627450980392,58.67647058823528,54.82352941176472,3.8529411764705657,58.67647058823528,54.82352941176472,광무여중;부산진중;서면중,0,0,0,,,,0,3,False,0.0
TRADE_41F143A3C34A,1,3,65.62745098039215,80.5,36.50000000000001,43.99999999999999,80.5,36.50000000000001,사직여중;사직중;온천중,0,0,0,,,,0,3,False,0.0
TRADE_41FA3B9FBFC9,1,3,34.29411764705882,40.23529411764706,22.882352941176467,17.35294117647059,40.23529411764706,22.882352941176467,대연중;석포여중;해연중,0,0,0,,,,0,3,False,0.0
TRADE_421A7B1F1EA0,1,6,49.4264705882353,77.23529411764707,34.82352941176471,42.41176470588236,77.23529411764707,34.82352941176471,경남중;대신여중;부산여중;부산중앙여자중학교;송도중;초장중,0,0,0,,,,0,6,False,0.0
TRADE_42262273212E,1,6,45.35294117647059,58.00000000000001,34.82352941176471,23.176470588235297,58.00000000000001,34.82352941176471,경남중;대신여중;덕원중;부산대신중학교;부산여중;부산중앙여자중학교,0,0,0,,,,0,6,False,0.0
TRADE_4240BDF89019,1,6,49.220588235294116,64.79411764705883,34.82352941176471,29.970588235294116,64.79411764705883,34.82352941176471,경남중;동주여중;부산대신중학교;부산여중;부산중앙여자중학교;장평중,0,0,0,,,,0,6,False,0.0
TRADE_4241FE37CB3B,1,5,66.6,87.20588235294116,43.970588235294116,43.235294117647044,87.20588235294116,43.970588235294116,남천중;대천중;동아중;부산수영중;한바다중,0,0,0,,,,0,5,False,0.0
TRADE_42540E150312,1,4,53.47058823529412,57.294117647058826,45.20588235294118,12.088235294117645,57.294117647058826,45.20588235294118,광무여중;동평여중;동평중;서면중,0,0,0,,,,0,4,False,0.0
TRADE_42B38FA3D379,1,2,11.073529411764707,21.058823529411764,1.0882352941176472,19.970588235294116,21.058823529411764,1.0882352941176472,기장중;대청중,0,0,0,,,,0,2,False,0.0
TRADE_42B734725697,1,6,50.259803921568626,83.17647058823529,19.323529411764707,63.85294117647058,83.17647058823529,19.323529411764707,경남여중;덕원중;부산남중;부산대신중학교;선화여중;신선중,0,0,0,,,,0,6,False,0.0
TRADE_42C9BFF74A5F,1,4,34.29411764705882,40.23529411764706,22.882352941176467,17.35294117647059,40.23529411764706,22.882352941176467,대연중;배정중;석포여중;해연중,0,0,0,,,,0,3,False,0.0
TRADE_42DE48F157F7,1,2,75.11764705882354,84.70588235294117,65.52941176470588,19.17647058823529,84.70588235294117,65.52941176470588,구서여중;남산중,0,0,0,,,,0,2,False,0.0
TRADE_42FBE6CA8C07,1,0,,,,,,,,0,0,0,,,,0,0,False,0.0
TRADE_430F0EC9E7DE,1,2,38.705882352941174,54.11764705882353,23.294117647058822,30.823529411764707,54.11764705882353,23.294117647058822,동주중;주례여중,0,0,0,,,,0,2,False,0.0
TRADE_432C66B7A507,1,2,75.11764705882354,84.70588235294117,65.52941176470588,19.17647058823529,84.70588235294117,65.52941176470588,구서여중;남산중,0,0,0,,,,0,2,False,0.0
TRADE_4331DC1DE3C5,1,5,50.25294117647059,73.52941176470588,36.970588235294116,36.55882352941177,73.52941176470588,36.970588235294116,광안중;동수영중;동아중;부산수영중학교;한바다중,0,0,0,,,,0,5,False,0.0
TRADE_434565313C9F,1,2,17.14705882352941,18.588235294117645,15.705882352941176,2.8823529411764692,18.588235294117645,15.705882352941176,가람중;덕천중,0,0,0,,,,0,2,False,0.0
TRADE_4358B60B2435,1,2,73.89705882352942,82.26470588235294,65.52941176470588,16.735294117647058,82.26470588235294,65.52941176470588,금정중;남산중,0,0,0,,,,0,2,False,0.0
TRADE_438396BC723B,1,5,45.14705882352941,58.82352941176471,30.617647058823533,28.205882352941178,58.82352941176471,30.617647058823533,망미중;연산중;연제중;연천중;토현중,0,0,0,,,,0,5,False,0.0
TRADE_438A84462837,1,3,24.1078431372549,35.588235294117645,18.147058823529413,17.441176470588232,35.588235294117645,18.147058823529413,가람중;구남중;구포중,0,0,0,,,,0,3,False,0.0
TRADE_43AED17A4A87,1,3,66.3235294117647,87.20588235294116,40.23529411764706,46.9705882352941,87.20588235294116,40.23529411764706,남천중;대연중;대천중,0,0,0,,,,0,3,False,0.0
TRADE_43BAB80D4F34,1,3,34.29411764705882,40.23529411764706,22.882352941176467,17.35294117647059,40.23529411764706,22.882352941176467,대연중;석포여중;해연중,0,0,0,,,,0,3,False,0.0
TRADE_43CD85B246A4,1,3,24.1078431372549,35.588235294117645,18.147058823529413,17.441176470588232,35.588235294117645,18.147058823529413,가람중;구남중;구포중,0,0,0,,,,0,3,False,0.0
TRADE_43E39E58F4EB,1,3,48.96078431372549,56.970588235294116,40.44117647058824,16.529411764705877,56.970588235294116,40.44117647058824,영도제일중;태종대중;해동중,0,0,0,,,,0,3,False,0.0
TRADE_43EA74037636,1,3,37.5,68.26470588235294,19.323529411764707,48.94117647058823,68.26470588235294,19.323529411764707,경남여중;부산중;선화여중,0,0,0,,,,0,3,False,0.0
TRADE_43FC793F3C51,1,3,42.75490196078431,58.67647058823528,24.205882352941178,34.4705882352941,58.67647058823528,24.205882352941178,부산진중;초연중;초읍중,0,0,0,,,,0,3,False,0.0
TRADE_4409F6B290D9,1,3,24.1078431372549,35.588235294117645,18.147058823529413,17.441176470588232,35.588235294117645,18.147058823529413,가람중;구남중;구포중,0,0,0,,,,0,3,False,0.0
TRADE_4411BF3A7EA1,1,3,48.96078431372549,56.970588235294116,40.44117647058824,16.529411764705877,56.970588235294116,40.44117647058824,영도제일중;태종대중;해동중,0,0,0,,,,0,3,False,0.0
TRADE_44271408EE83,1,3,48.30392156862746,98.91176470588236,18.88235294117647,80.02941176470588,98.91176470588236,18.88235294117647,센텀중;재송여자중;재송중,0,0,0,,,,0,3,False,0.0
TRADE_44307EDEDC73,1,4,55.205882352941174,68.58823529411767,46.5,22.088235294117666,68.58823529411767,46.5,대동중;사하중;하남중;하단중,0,0,0,,,,0,4,False,0.0
TRADE_44490F5C193B,1,4,53.57352941176471,73.52941176470588,40.02941176470588,33.50000000000001,73.52941176470588,40.02941176470588,광안중;동아중;부산수영중;한바다중,0,0,0,,,,0,4,False,0.0
TRADE_4466C531AFD1,1,1,45.647058823529406,45.647058823529406,45.647058823529406,0.0,45.647058823529406,45.647058823529406,신호중,1,1,1,신호중,45.647058823529406,45.647058823529406,0,1,False,0.4564705882352941
TRADE_448078BC3033,1,3,41.931372549019606,44.85294117647059,36.970588235294116,7.882352941176471,44.85294117647059,36.970588235294116,동수영중;망미중;부산수영중학교,0,0,0,,,,0,3,False,0.0
TRADE_448B9EC5C007,1,3,34.29411764705882,40.23529411764706,22.882352941176467,17.35294117647059,40.23529411764706,22.882352941176467,대연중;석포여중;해연중,0,0,0,,,,0,3,False,0.0
TRADE_44954A226A79,1,3,45.45098039215686,73.88235294117646,21.999999999999996,51.882352941176464,73.88235294117646,21.999999999999996,동의중;부산진여중;양동여중,0,0,0,,,,0,3,False,0.0
TRADE_44B0AC3F3921,1,3,55.568627450980394,69.55882352941177,45.44117647058823,24.117647058823536,69.55882352941177,45.44117647058823,동현중;부곡여자중;부곡중,0,0,0,,,,0,3,False,0.0
TRADE_44BC6DFB9E6D,1,3,48.568627450980394,64.52941176470588,30.617647058823533,33.91176470588235,64.52941176470588,30.617647058823533,연산중;연일중;연제중,0,0,0,,,,0,3,False,0.0
TRADE_44C7B924C6AA,1,3,59.529411764705884,78.3529411764706,36.50000000000001,41.85294117647059,78.3529411764706,36.50000000000001,동래중;온천중;유락여중,0,0,0,,,,0,3,False,0.0
TRADE_44EA9D308371,1,4,60.19117647058823,69.70588235294117,46.5,23.205882352941174,69.70588235294117,46.5,건국중;당리중;동주여중;사하중,0,0,0,,,,0,4,False,0.0
TRADE_45423518755C,1,4,72.78676470588235,94.26470588235294,36.50000000000001,57.764705882352935,94.26470588235294,36.50000000000001,사직여중;사직중;여명중;온천중,0,0,0,,,,0,4,False,0.0
TRADE_4542D604E590,1,5,50.25294117647059,73.52941176470588,36.970588235294116,36.55882352941177,73.52941176470588,36.970588235294116,광안중;동수영중;동아중;부산수영중학교;한바다중,0,0,0,,,,0,5,False,0.0
TRADE_45578DABA667,1,3,82.88235294117648,93.44117647058823,67.5,25.941176470588232,93.44117647058823,67.5,분포중;오륙도중;용호중,0,0,0,,,,0,3,False,0.0
TRADE_456752E83FF5,1,0,,,,,,,,0,0,0,,,,0,0,False,0.0
TRADE_45A09D261645,1,4,43.794117647058826,58.82352941176471,30.617647058823533,28.205882352941178,58.82352941176471,30.617647058823533,망미중;연제중;연천중;토현중,0,0,0,,,,0,4,False,0.0
TRADE_45C396142219,1,3,75.27450980392156,94.26470588235294,51.8235294117647,42.44117647058824,94.26470588235294,51.8235294117647,거제여중;여명중;이사벨중,0,0,0,,,,0,3,False,0.0
TRADE_45D52FA132B4,1,3,55.568627450980394,69.55882352941177,45.44117647058823,24.117647058823536,69.55882352941177,45.44117647058823,동현중;부곡여자중;부곡중,0,0,0,,,,0,3,False,0.0
TRADE_45D89F6381C2,1,4,43.794117647058826,58.82352941176471,30.617647058823533,28.205882352941178,58.82352941176471,30.617647058823533,망미중;연제중;연천중;토현중,0,0,0,,,,0,4,False,0.0
TRADE_45DD41411B63,1,3,43.455882352941174,47.147058823529406,39.76470588235294,7.382352941176464,47.147058823529406,39.76470588235294,감만중;배정중;석포여중,0,0,0,,,,0,2,False,0.0
TRADE_45DE34FE7363,1,3,38.0,54.82352941176472,15.705882352941178,39.117647058823536,54.82352941176472,15.705882352941178,가야여중;부산개성중;서면중,0,0,0,,,,0,3,False,0.0
TRADE_45DF93C59B04,1,5,66.6,87.20588235294116,43.970588235294116,43.235294117647044,87.20588235294116,43.970588235294116,남천중;대천중;동아중;부산수영중;한바다중,0,0,0,,,,0,5,False,0.0
TRADE_45E21F73C4B9,1,2,75.11764705882354,84.70588235294117,65.52941176470588,19.17647058823529,84.70588235294117,65.52941176470588,구서여중;남산중,0,0,0,,,,0,2,False,0.0
TRADE_45E83CD82A76,1,4,26.977941176470587,35.588235294117645,18.147058823529413,17.441176470588232,35.588235294117645,18.147058823529413,가람중;구남중;구포중;양덕여중,0,0,0,,,,0,4,False,0.0
TRADE_4604AD5CDB85,1,3,45.45098039215686,73.88235294117646,21.999999999999996,51.882352941176464,73.88235294117646,21.999999999999996,동의중;부산진여중;양동여중,0,0,0,,,,0,3,False,0.0
TRADE_46059D474989,1,5,50.25294117647059,73.52941176470588,36.970588235294116,36.55882352941177,73.52941176470588,36.970588235294116,광안중;동수영중;동아중;부산수영중학교;한바다중,0,0,0,,,,0,5,False,0.0
TRADE_462CBC99EB14,1,6,50.35294117647059,77.23529411764707,34.82352941176471,42.41176470588236,77.23529411764707,34.82352941176471,경남중;대신여중;부산대신중학교;부산여중;부산중앙여자중학교;초장중,0,0,0,,,,0,6,False,0.0
TRADE_46474B51026F,1,3,24.1078431372549,35.588235294117645,18.147058823529413,17.441176470588232,35.588235294117645,18.147058823529413,가람중;구남중;구포중,0,0,0,,,,0,3,False,0.0
TRADE_465A7A3B3FA2,1,4,49.5,73.88235294117646,21.999999999999996,51.882352941176464,73.88235294117646,21.999999999999996,덕명여중;동의중;부산진여중;항도중,0,0,0,,,,0,4,False,0.0
TRADE_46693604E46B,1,1,45.647058823529406,45.647058823529406,45.647058823529406,0.0,45.647058823529406,45.647058823529406,신호중,1,1,1,신호중,45.647058823529406,45.647058823529406,0,1,False,0.4564705882352941
TRADE_4681CD4CC4EF,1,5,50.25294117647059,73.52941176470588,36.970588235294116,36.55882352941177,73.52941176470588,36.970588235294116,광안중;동수영중;동아중;부산수영중학교;한바다중,0,0,0,,,,0,5,False,0.0
TRADE_468FFF426279,1,4,72.78676470588235,94.26470588235294,36.50000000000001,57.764705882352935,94.26470588235294,36.50000000000001,사직여중;사직중;여명중;온천중,0,0,0,,,,0,4,False,0.0
TRADE_4692F283368B,1,3,75.65686274509805,89.32352941176471,54.23529411764706,35.08823529411765,89.32352941176471,54.23529411764706,동백중;부흥중;신곡중,0,0,0,,,,0,3,False,0.0
TRADE_46C6181817DC,1,4,72.78676470588235,94.26470588235294,36.50000000000001,57.764705882352935,94.26470588235294,36.50000000000001,사직여중;사직중;여명중;온천중,0,0,0,,,,0,4,False,0.0
TRADE_46FCDB93D734,1,2,11.073529411764707,21.058823529411764,1.0882352941176472,19.970588235294116,21.058823529411764,1.0882352941176472,기장중;대청중,0,0,0,,,,0,2,False,0.0
TRADE_47297453500D,1,3,55.568627450980394,69.55882352941177,45.44117647058823,24.117647058823536,69.55882352941177,45.44117647058823,동현중;부곡여자중;부곡중,0,0,0,,,,0,3,False,0.0
TRADE_472C9395D3A2,1,3,32.509803921568626,43.470588235294116,21.14705882352941,22.323529411764707,43.470588235294116,21.14705882352941,개금여중;개림중;부산개성중,0,0,0,,,,0,3,False,0.0
TRADE_474F6B7E5183,1,4,53.57352941176471,73.52941176470588,40.02941176470588,33.50000000000001,73.52941176470588,40.02941176470588,광안중;동아중;부산수영중;한바다중,0,0,0,,,,0,4,False,0.0
TRADE_475E93A8E3E9,1,3,37.5,68.26470588235294,19.323529411764707,48.94117647058823,68.26470588235294,19.323529411764707,경남여중;부산중;선화여중,0,0,0,,,,0,3,False,0.0
TRADE_4765EA819176,1,0,,,,,,,,0,0,0,,,,0,0,False,0.0
TRADE_476D5AD14FA8,1,3,39.72549019607843,54.11764705882353,23.294117647058822,30.823529411764707,54.11764705882353,23.294117647058822,동주중;주례여중;학장중,0,0,0,,,,0,3,False,0.0
TRADE_4773CBAAD118,1,3,42.720588235294116,45.14705882352941,40.294117647058826,4.852941176470587,45.14705882352941,40.294117647058826,문현여중;배정중;부산중앙중,0,0,0,,,,0,2,False,0.0
TRADE_4775B47FEF6F,1,3,58.08823529411765,73.52941176470588,43.970588235294116,29.558823529411768,73.52941176470588,43.970588235294116,동아중;부산수영중학교;한바다중,0,0,0,,,,0,3,False,0.0
TRADE_47810F6AF9BB,1,5,50.25294117647059,73.52941176470588,36.970588235294116,36.55882352941177,73.52941176470588,36.970588235294116,광안중;동수영중;동아중;부산수영중학교;한바다중,0,0,0,,,,0,5,False,0.0
TRADE_4789EC9D0DF7,1,4,60.19117647058823,69.70588235294117,46.5,23.205882352941174,69.70588235294117,46.5,건국중;당리중;동주여중;사하중,0,0,0,,,,0,4,False,0.0
TRADE_47BD0B5A0732,1,3,75.27450980392156,94.26470588235294,51.8235294117647,42.44117647058824,94.26470588235294,51.8235294117647,거제여중;여명중;이사벨중,0,0,0,,,,0,3,False,0.0
TRADE_47C5E9DD8B0E,1,1,45.647058823529406,45.647058823529406,45.647058823529406,0.0,45.647058823529406,45.647058823529406,신호중,1,1,1,신호중,45.647058823529406,45.647058823529406,0,1,False,0.4564705882352941
TRADE_47CDA4C23065,1,3,48.96078431372549,56.970588235294116,40.44117647058824,16.529411764705877,56.970588235294116,40.44117647058824,영도제일중;태종대중;해동중,0,0,0,,,,0,3,False,0.0
TRADE_47D926DB3C54,1,3,42.75490196078431,58.67647058823528,24.205882352941178,34.4705882352941,58.67647058823528,24.205882352941178,부산진중;초연중;초읍중,0,0,0,,,,0,3,False,0.0
TRADE_47F9083F7081,1,0,,,,,,,,0,0,0,,,,0,0,False,0.0
TRADE_47FDD07691F8,1,4,61.13970588235294,69.70588235294117,46.5,23.205882352941174,69.70588235294117,46.5,건국중;당리중;사하중;하단중,0,0,0,,,,0,4,False,0.0
TRADE_48015407223F,1,9,54.25816993464051,76.79411764705881,34.82352941176471,41.9705882352941,76.79411764705881,34.82352941176471,경남중;당리중;동주여중;부산대신중학교;부산여중;부산중앙여자중학교;사하중;삼성중;장평중,0,0,0,,,,0,9,False,0.0
TRADE_481F81BBDA91,1,3,79.57843137254902,88.5,65.52941176470588,22.970588235294116,88.5,65.52941176470588,구서여중;남산중;장전중,0,0,0,,,,0,3,False,0.0
TRADE_4829D2E93689,1,3,51.127450980392155,83.17647058823529,35.02941176470588,48.14705882352941,83.17647058823529,35.02941176470588,남도여중;부산남중;부산영선중학교,0,0,0,,,,0,3,False,0.0
TRADE_4858FCC03A89,1,3,56.68627450980392,58.67647058823528,54.82352941176472,3.8529411764705657,58.67647058823528,54.82352941176472,광무여중;부산진중;서면중,0,0,0,,,,0,3,False,0.0
TRADE_48826ED82FF3,1,6,49.220588235294116,64.79411764705883,34.82352941176471,29.970588235294116,64.79411764705883,34.82352941176471,경남중;동주여중;부산대신중학교;부산여중;부산중앙여자중학교;장평중,0,0,0,,,,0,6,False,0.0
TRADE_48D94ED850F3,1,3,79.57843137254902,88.5,65.52941176470588,22.970588235294116,88.5,65.52941176470588,구서여중;남산중;장전중,0,0,0,,,,0,3,False,0.0
TRADE_492CB4EF4D25,1,1,15.705882352941176,15.705882352941176,15.705882352941176,0.0,15.705882352941176,15.705882352941176,덕천중,1,1,1,덕천중,15.705882352941176,15.705882352941176,0,1,False,0.15705882352941175
TRADE_492E2240A77F,2,5,28.376470588235293,35.588235294117645,18.147058823529413,17.441176470588232,35.588235294117645,18.147058823529413,가람중;구남중;구포중;신덕중;양덕여중,1,0,1,신덕중,33.970588235294116,33.970588235294116,0,5,False,0.33970588235294114
TRADE_494827A7CBFB,1,6,45.35294117647059,58.00000000000001,34.82352941176471,23.176470588235297,58.00000000000001,34.82352941176471,경남중;대신여중;덕원중;부산대신중학교;부산여중;부산중앙여자중학교,0,0,0,,,,0,6,False,0.0
TRADE_494C4B83C742,1,0,,,,,,,,0,0,0,,,,0,0,False,0.0
TRADE_494F14C4BC82,1,3,32.509803921568626,43.470588235294116,21.14705882352941,22.323529411764707,43.470588235294116,21.14705882352941,개금여중;개림중;부산개성중,0,0,0,,,,0,3,False,0.0
TRADE_49767A466AD8,1,2,71.77941176470588,89.32352941176471,54.23529411764706,35.08823529411765,89.32352941176471,54.23529411764706,동백중;신곡중,0,0,0,,,,0,2,False,0.0
TRADE_4988419CC348,1,6,50.35294117647059,77.23529411764707,34.82352941176471,42.41176470588236,77.23529411764707,34.82352941176471,경남중;대신여중;부산대신중학교;부산여중;부산중앙여자중학교;초장중,0,0,0,,,,0,6,False,0.0
TRADE_499182611480,1,4,33.786764705882355,54.82352941176472,15.705882352941178,39.117647058823536,54.82352941176472,15.705882352941178,가야여중;개림중;부산개성중;서면중,0,0,0,,,,0,4,False,0.0
TRADE_4998A3150BC9,1,4,45.220588235294116,73.88235294117646,21.999999999999996,51.882352941176464,73.88235294117646,21.999999999999996,동의중;부산진여중;양동여중;항도중,0,0,0,,,,0,4,False,0.0
TRADE_49B3C63B4E25,1,6,49.4264705882353,77.23529411764707,34.82352941176471,42.41176470588236,77.23529411764707,34.82352941176471,경남중;대신여중;부산여중;부산중앙여자중학교;송도중;초장중,0,0,0,,,,0,6,False,0.0
TRADE_49B4673399A1,1,3,56.68627450980392,58.67647058823528,54.82352941176472,3.8529411764705657,58.67647058823528,54.82352941176472,광무여중;부산진중;서면중,0,0,0,,,,0,3,False,0.0
TRADE_49B74446CFD4,1,3,78.86274509803923,92.52941176470588,54.23529411764706,38.294117647058826,92.52941176470588,54.23529411764706,동백중;해운대여중;해운대중,0,0,0,,,,0,3,False,0.0
TRADE_49F58333FAD3,1,5,50.25294117647059,73.52941176470588,36.970588235294116,36.55882352941177,73.52941176470588,36.970588235294116,광안중;동수영중;동아중;부산수영중학교;한바다중,0,0,0,,,,0,5,False,0.0
TRADE_4A3D46CEF6AA,1,3,24.1078431372549,35.588235294117645,18.147058823529413,17.441176470588232,35.588235294117645,18.147058823529413,가람중;구남중;구포중,0,0,0,,,,0,3,False,0.0
TRADE_4A6C07BD556C,1,3,48.568627450980394,64.52941176470588,30.617647058823533,33.91176470588235,64.52941176470588,30.617647058823533,연산중;연일중;연제중,0,0,0,,,,0,3,False,0.0
TRADE_4A83316C1C9E,1,3,23.774509803921564,27.088235294117645,19.323529411764707,7.7647058823529385,27.088235294117645,19.323529411764707,경남여중;부산서중;부산중,0,0,0,,,,0,3,False,0.0
TRADE_4A99D43A93F6,1,4,61.13970588235294,69.70588235294117,46.5,23.205882352941174,69.70588235294117,46.5,건국중;당리중;사하중;하단중,0,0,0,,,,0,4,False,0.0
TRADE_4A9E689B534A,1,3,45.45098039215686,73.88235294117646,21.999999999999996,51.882352941176464,73.88235294117646,21.999999999999996,동의중;부산진여중;양동여중,0,0,0,,,,0,3,False,0.0
TRADE_4AC7920F266B,1,3,42.720588235294116,45.14705882352941,40.294117647058826,4.852941176470587,45.14705882352941,40.294117647058826,문현여중;배정중;부산중앙중,0,0,0,,,,0,2,False,0.0
TRADE_4ACB67809A09,1,2,11.073529411764707,21.058823529411764,1.0882352941176472,19.970588235294116,21.058823529411764,1.0882352941176472,기장중;대청중,0,0,0,,,,0,2,False,0.0
TRADE_4ADF17738C3B,1,3,58.08823529411765,73.52941176470588,43.970588235294116,29.558823529411768,73.52941176470588,43.970588235294116,동아중;부산수영중학교;한바다중,0,0,0,,,,0,3,False,0.0
TRADE_4AF303AB4B2A,1,3,51.127450980392155,83.17647058823529,35.02941176470588,48.14705882352941,83.17647058823529,35.02941176470588,남도여중;부산남중;부산영선중학교,0,0,0,,,,0,3,False,0.0
TRADE_4AF76F997538,1,3,58.08823529411765,73.52941176470588,43.970588235294116,29.558823529411768,73.52941176470588,43.970588235294116,동아중;부산수영중학교;한바다중,0,0,0,,,,0,3,False,0.0
TRADE_4B1ABF8021A0,1,2,60.63235294117648,69.55882352941177,51.70588235294118,17.852941176470587,69.55882352941177,51.70588235294118,부곡여자중;부곡중,0,0,0,,,,0,2,False,0.0
TRADE_4B3EA1127D62,1,3,37.5,68.26470588235294,19.323529411764707,48.94117647058823,68.26470588235294,19.323529411764707,경남여중;부산중;선화여중,0,0,0,,,,0,3,False,0.0
TRADE_4B485BB38EDD,1,3,37.794117647058826,48.5,27.088235294117645,21.411764705882355,48.5,27.088235294117645,금성중;부산동여중;부산서중,0,0,0,,,,0,2,False,0.0
TRADE_4B4BE7C3447E,1,3,59.529411764705884,78.3529411764706,36.50000000000001,41.85294117647059,78.3529411764706,36.50000000000001,동래중;온천중;유락여중,0,0,0,,,,0,3,False,0.0
TRADE_4B57145EA843,1,3,48.96078431372549,56.970588235294116,40.44117647058824,16.529411764705877,56.970588235294116,40.44117647058824,영도제일중;태종대중;해동중,0,0,0,,,,0,3,False,0.0
TRADE_4B84CAF09E82,1,3,52.44117647058824,57.294117647058826,45.20588235294118,12.088235294117645,57.294117647058826,45.20588235294118,동평여중;동평중;서면중,0,0,0,,,,0,3,False,0.0
TRADE_4B93E36F5D57,1,0,,,,,,,,0,0,0,,,,0,0,False,0.0
TRADE_4BBF939403E6,1,3,56.68627450980392,58.67647058823528,54.82352941176472,3.8529411764705657,58.67647058823528,54.82352941176472,광무여중;부산진중;서면중,0,0,0,,,,0,3,False,0.0
TRADE_4BD5A8700877,1,3,48.96078431372549,56.970588235294116,40.44117647058824,16.529411764705877,56.970588235294116,40.44117647058824,영도제일중;태종대중;해동중,0,0,0,,,,0,3,False,0.0
TRADE_4BDA583B3932,1,3,82.88235294117648,93.44117647058823,67.5,25.941176470588232,93.44117647058823,67.5,분포중;오륙도중;용호중,0,0,0,,,,0,3,False,0.0
TRADE_4BDAEC242220,1,3,66.3235294117647,87.20588235294116,40.23529411764706,46.9705882352941,87.20588235294116,40.23529411764706,남천중;대연중;대천중,0,0,0,,,,0,3,False,0.0
TRADE_4BE546D8042D,1,3,59.14705882352941,76.79411764705881,45.05882352941177,31.735294117647044,76.79411764705881,45.05882352941177,감천중;삼성중;장평중,0,0,0,,,,0,3,False,0.0
TRADE_4BE8A9ECD5BD,1,2,75.11764705882354,84.70588235294117,65.52941176470588,19.17647058823529,84.70588235294117,65.52941176470588,구서여중;남산중,0,0,0,,,,0,2,False,0.0
TRADE_4BFD0FE695D9,1,0,,,,,,,,0,0,0,,,,0,0,False,0.0
TRADE_4C412682A997,1,4,43.66176470588235,71.8529411764706,26.294117647058822,45.55882352941177,71.8529411764706,26.294117647058822,동신중;안락중;충렬중;학산여중,0,0,0,,,,0,4,False,0.0
TRADE_4C4345CD891E,1,3,48.96078431372549,56.970588235294116,40.44117647058824,16.529411764705877,56.970588235294116,40.44117647058824,영도제일중;태종대중;해동중,0,0,0,,,,0,3,False,0.0
TRADE_4C532F2F2263,1,4,83.57352941176471,97.70588235294117,54.23529411764706,43.470588235294116,97.70588235294117,54.23529411764706,동백중;해강중;해운대여중;해운대중,0,0,0,,,,0,4,False,0.0
TRADE_4C56F4AAC9D3,1,5,41.476470588235294,71.8529411764706,26.294117647058822,45.55882352941177,71.8529411764706,26.294117647058822,동신중;안락중;충렬중;학산여자중;혜화여자중,0,0,0,,,,0,5,False,0.0
TRADE_4C6782539F01,1,4,83.57352941176471,97.70588235294117,54.23529411764706,43.470588235294116,97.70588235294117,54.23529411764706,동백중;해강중;해운대여중;해운대중,0,0,0,,,,0,4,False,0.0
TRADE_4C8D6028ECBA,1,5,50.25294117647059,73.52941176470588,36.970588235294116,36.55882352941177,73.52941176470588,36.970588235294116,광안중;동수영중;동아중;부산수영중학교;한바다중,0,0,0,,,,0,5,False,0.0
TRADE_4C944B884A39,1,2,73.89705882352942,82.26470588235294,65.52941176470588,16.735294117647058,82.26470588235294,65.52941176470588,금정중;남산중,0,0,0,,,,0,2,False,0.0
TRADE_4C9788CC6D37,1,2,30.82352941176471,41.76470588235294,19.882352941176475,21.882352941176467,41.76470588235294,19.882352941176475,엄궁중;학장중,0,0,0,,,,0,2,False,0.0
TRADE_4CA8A5D3F000,1,3,34.29411764705882,40.23529411764706,22.882352941176467,17.35294117647059,40.23529411764706,22.882352941176467,대연중;석포여중;해연중,0,0,0,,,,0,3,False,0.0
TRADE_4CAFEFE7EA0F,1,2,75.11764705882354,84.70588235294117,65.52941176470588,19.17647058823529,84.70588235294117,65.52941176470588,구서여중;남산중,0,0,0,,,,0,2,False,0.0
TRADE_4CB648C22D30,1,9,52.36601307189542,69.70588235294117,34.82352941176471,34.882352941176464,69.70588235294117,34.82352941176471,건국중;경남중;당리중;동주여중;부산대신중학교;부산여중;부산중앙여자중학교;사하중;장평중,0,0,0,,,,0,9,False,0.0
TRADE_4CBC8520C630,1,3,42.75490196078431,58.67647058823528,24.205882352941178,34.4705882352941,58.67647058823528,24.205882352941178,부산진중;초연중;초읍중,0,0,0,,,,0,3,False,0.0
TRADE_4CD1AAEB4055,1,3,93.3529411764706,97.70588235294117,89.82352941176471,7.882352941176464,97.70588235294117,89.82352941176471,해강중;해운대여중;해운대중,0,0,0,,,,0,3,False,0.0
TRADE_4CEB1FAF2614,1,2,73.89705882352942,82.26470588235294,65.52941176470588,16.735294117647058,82.26470588235294,65.52941176470588,금정중;남산중,0,0,0,,,,0,2,False,0.0
TRADE_4D07957F6F3B,1,3,33.37254901960784,44.0,23.47058823529412,20.52941176470588,44.0,23.47058823529412,덕포여중;신라중;주례중,0,0,0,,,,0,3,False,0.0
TRADE_4D145433E4CC,1,3,51.127450980392155,83.17647058823529,35.02941176470588,48.14705882352941,83.17647058823529,35.02941176470588,남도여중;부산남중;부산영선중학교,0,0,0,,,,0,3,False,0.0
TRADE_4D1F3DF5B576,1,6,50.35294117647059,77.23529411764707,34.82352941176471,42.41176470588236,77.23529411764707,34.82352941176471,경남중;대신여중;부산대신중학교;부산여중;부산중앙여자중학교;초장중,0,0,0,,,,0,6,False,0.0
TRADE_4D262D5EEF1E,1,6,50.333333333333336,79.73529411764706,30.617647058823533,49.11764705882352,79.73529411764706,30.617647058823533,동신중;연산중;연일중;연제중;이사벨중;토현중,0,0,0,,,,0,6,False,0.0
TRADE_4D2906D17E70,1,0,,,,,,,,0,0,0,,,,0,0,False,0.0
TRADE_4D41AC21DC33,1,3,48.568627450980394,64.52941176470588,30.617647058823533,33.91176470588235,64.52941176470588,30.617647058823533,연산중;연일중;연제중,0,0,0,,,,0,3,False,0.0
TRADE_4D75D6ED6619,1,4,33.786764705882355,54.82352941176472,15.705882352941178,39.117647058823536,54.82352941176472,15.705882352941178,가야여중;개림중;부산개성중;서면중,0,0,0,,,,0,4,False,0.0
TRADE_4D96155B7195,1,2,75.11764705882354,84.70588235294117,65.52941176470588,19.17647058823529,84.70588235294117,65.52941176470588,구서여중;남산중,0,0,0,,,,0,2,False,0.0
TRADE_4DA157D8BAC3,1,3,28.725490196078436,44.0,18.705882352941178,25.294117647058822,44.0,18.705882352941178,덕포여중;모라중;신라중,0,0,0,,,,0,3,False,0.0
TRADE_4DA42E8B38B3,1,6,49.4264705882353,77.23529411764707,34.82352941176471,42.41176470588236,77.23529411764707,34.82352941176471,경남중;대신여중;부산여중;부산중앙여자중학교;송도중;초장중,0,0,0,,,,0,6,False,0.0
TRADE_4DD0B09C900C,1,4,60.19117647058823,69.70588235294117,46.5,23.205882352941174,69.70588235294117,46.5,건국중;당리중;동주여중;사하중,0,0,0,,,,0,4,False,0.0
TRADE_4DD717E1C56A,1,3,59.14705882352941,76.79411764705881,45.05882352941177,31.735294117647044,76.79411764705881,45.05882352941177,감천중;삼성중;장평중,0,0,0,,,,0,3,False,0.0
TRADE_4DF08531FDFB,1,3,41.931372549019606,44.85294117647059,36.970588235294116,7.882352941176471,44.85294117647059,36.970588235294116,동수영중;망미중;부산수영중학교,0,0,0,,,,0,3,False,0.0
TRADE_4E0A405B984D,1,3,42.720588235294116,45.14705882352941,40.294117647058826,4.852941176470587,45.14705882352941,40.294117647058826,문현여중;배정중;부산중앙중,0,0,0,,,,0,2,False,0.0
TRADE_4E0BA0CA127D,1,4,44.977941176470594,58.00000000000001,34.82352941176471,23.176470588235297,58.00000000000001,34.82352941176471,경남중;부산여중;부산중앙여자중학교;송도중,0,0,0,,,,0,4,False,0.0
TRADE_4E60BD79DA5A,1,4,53.57352941176471,73.52941176470588,40.02941176470588,33.50000000000001,73.52941176470588,40.02941176470588,광안중;동아중;부산수영중;한바다중,0,0,0,,,,0,4,False,0.0
TRADE_4E62CA743951,1,3,42.38235294117647,47.147058823529406,39.76470588235294,7.382352941176464,47.147058823529406,39.76470588235294,감만중;대연중;석포여중,0,0,0,,,,0,3,False,0.0
TRADE_4E7DEAB40DE8,1,3,37.794117647058826,48.5,27.088235294117645,21.411764705882355,48.5,27.088235294117645,금성중;부산동여중;부산서중,0,0,0,,,,0,2,False,0.0
TRADE_4E8707F6EA79,1,3,86.74509803921569,92.52941176470588,77.88235294117646,14.64705882352942,92.52941176470588,77.88235294117646,신도중;해운대여중;해운대중,0,0,0,,,,0,3,False,0.0
TRADE_4EBB47610842,1,3,72.96078431372548,78.3529411764706,63.73529411764706,14.617647058823536,78.3529411764706,63.73529411764706,동래중;동해중;유락여중,0,0,0,,,,0,3,False,0.0
TRADE_4EBE36FC1020,1,0,,,,,,,,0,0,0,,,,0,0,False,0.0
TRADE_4ED508647121,1,9,54.25816993464051,76.79411764705881,34.82352941176471,41.9705882352941,76.79411764705881,34.82352941176471,경남중;당리중;동주여중;부산대신중학교;부산여중;부산중앙여자중학교;사하중;삼성중;장평중,0,0,0,,,,0,9,False,0.0
TRADE_4ED5AA0140CD,1,3,24.1078431372549,35.588235294117645,18.147058823529413,17.441176470588232,35.588235294117645,18.147058823529413,가람중;구남중;구포중,0,0,0,,,,0,3,False,0.0
TRADE_4EE3F7DEB68D,1,9,52.36601307189542,69.70588235294117,34.82352941176471,34.882352941176464,69.70588235294117,34.82352941176471,건국중;경남중;당리중;동주여중;부산대신중학교;부산여중;부산중앙여자중학교;사하중;장평중,0,0,0,,,,0,9,False,0.0
TRADE_4EE44B77B49C,1,3,45.45098039215686,73.88235294117646,21.999999999999996,51.882352941176464,73.88235294117646,21.999999999999996,동의중;부산진여중;양동여중,0,0,0,,,,0,3,False,0.0
TRADE_4EFB6363D48C,1,3,48.96078431372549,56.970588235294116,40.44117647058824,16.529411764705877,56.970588235294116,40.44117647058824,영도제일중;태종대중;해동중,0,0,0,,,,0,3,False,0.0
TRADE_4F544C16530D,1,3,65.62745098039215,80.5,36.50000000000001,43.99999999999999,80.5,36.50000000000001,사직여중;사직중;온천중,0,0,0,,,,0,3,False,0.0
TRADE_4F5A03005196,1,4,61.13970588235294,69.70588235294117,46.5,23.205882352941174,69.70588235294117,46.5,건국중;당리중;사하중;하단중,0,0,0,,,,0,4,False,0.0
TRADE_4F70C28D0F28,1,4,60.19117647058823,69.70588235294117,46.5,23.205882352941174,69.70588235294117,46.5,건국중;당리중;동주여중;사하중,0,0,0,,,,0,4,False,0.0
TRADE_4F781ABD49EE,1,3,55.568627450980394,69.55882352941177,45.44117647058823,24.117647058823536,69.55882352941177,45.44117647058823,동현중;부곡여자중;부곡중,0,0,0,,,,0,3,False,0.0
TRADE_4F86977FF0A7,1,2,73.89705882352942,82.26470588235294,65.52941176470588,16.735294117647058,82.26470588235294,65.52941176470588,금정중;남산중,0,0,0,,,,0,2,False,0.0
TRADE_4F8E134026B8,1,3,23.774509803921564,27.088235294117645,19.323529411764707,7.7647058823529385,27.088235294117645,19.323529411764707,경남여중;부산서중;부산중,0,0,0,,,,0,3,False,0.0
TRADE_4FAB5EAC16E8,1,2,38.705882352941174,54.11764705882353,23.294117647058822,30.823529411764707,54.11764705882353,23.294117647058822,동주중;주례여중,0,0,0,,,,0,2,False,0.0
TRADE_4FD83C287C13,1,3,37.794117647058826,48.5,27.088235294117645,21.411764705882355,48.5,27.088235294117645,금성중;부산동여중;부산서중,0,0,0,,,,0,2,False,0.0
TRADE_4FD90EAD6EB8,1,3,45.45098039215686,73.88235294117646,21.999999999999996,51.882352941176464,73.88235294117646,21.999999999999996,동의중;부산진여중;양동여중,0,0,0,,,,0,3,False,0.0
TRADE_501058A0BFF9,1,3,55.568627450980394,69.55882352941177,45.44117647058823,24.117647058823536,69.55882352941177,45.44117647058823,동현중;부곡여자중;부곡중,0,0,0,,,,0,3,False,0.0
TRADE_5015EC14BAB2,1,3,17.95098039215686,31.705882352941174,1.0882352941176472,30.617647058823525,31.705882352941174,1.0882352941176472,기장중;대청중;일광중,0,0,0,,,,0,3,False,0.0
TRADE_50B2ADCAEC23,1,4,61.13970588235294,69.70588235294117,46.5,23.205882352941174,69.70588235294117,46.5,건국중;당리중;사하중;하단중,0,0,0,,,,0,4,False,0.0
TRADE_50C838B52108,1,9,52.36601307189542,69.70588235294117,34.82352941176471,34.882352941176464,69.70588235294117,34.82352941176471,건국중;경남중;당리중;동주여중;부산대신중학교;부산여중;부산중앙여자중학교;사하중;장평중,0,0,0,,,,0,9,False,0.0
TRADE_50CE12322225,1,3,34.29411764705882,40.23529411764706,22.882352941176467,17.35294117647059,40.23529411764706,22.882352941176467,대연중;석포여중;해연중,0,0,0,,,,0,3,False,0.0
TRADE_50DAD4AA8435,1,6,50.259803921568626,83.17647058823529,19.323529411764707,63.85294117647058,83.17647058823529,19.323529411764707,경남여중;덕원중;부산남중;부산대신중학교;선화여중;신선중,0,0,0,,,,0,6,False,0.0
TRADE_50EAACCA8697,1,3,41.931372549019606,44.85294117647059,36.970588235294116,7.882352941176471,44.85294117647059,36.970588235294116,동수영중;망미중;부산수영중학교,0,0,0,,,,0,3,False,0.0
TRADE_510C0ADF9295,1,3,48.568627450980394,64.52941176470588,30.617647058823533,33.91176470588235,64.52941176470588,30.617647058823533,연산중;연일중;연제중,0,0,0,,,,0,3,False,0.0
TRADE_513DD95EF750,1,5,50.25294117647059,73.52941176470588,36.970588235294116,36.55882352941177,73.52941176470588,36.970588235294116,광안중;동수영중;동아중;부산수영중학교;한바다중,0,0,0,,,,0,5,False,0.0
TRADE_517CF8BC5307,1,3,48.568627450980394,64.52941176470588,30.617647058823533,33.91176470588235,64.52941176470588,30.617647058823533,연산중;연일중;연제중,0,0,0,,,,0,3,False,0.0
TRADE_51883DE7DFD7,1,3,34.29411764705882,40.23529411764706,22.882352941176467,17.35294117647059,40.23529411764706,22.882352941176467,대연중;석포여중;해연중,0,0,0,,,,0,3,False,0.0
TRADE_518D0D15D00B,1,3,56.68627450980392,58.67647058823528,54.82352941176472,3.8529411764705657,58.67647058823528,54.82352941176472,광무여중;부산진중;서면중,0,0,0,,,,0,3,False,0.0
TRADE_519046900E76,1,4,38.61029411764706,53.91176470588235,23.61764705882353,30.29411764705882,53.91176470588235,23.61764705882353,대동중;사하중;영남중;장림여중,0,0,0,,,,0,4,False,0.0
TRADE_5197D5907A9E,1,3,28.725490196078436,44.0,18.705882352941178,25.294117647058822,44.0,18.705882352941178,덕포여중;모라중;신라중,0,0,0,,,,0,3,False,0.0
TRADE_51B5FB01AF6D,1,5,50.25294117647059,73.52941176470588,36.970588235294116,36.55882352941177,73.52941176470588,36.970588235294116,광안중;동수영중;동아중;부산수영중학교;한바다중,0,0,0,,,,0,5,False,0.0
TRADE_51C69F78B98D,1,3,86.74509803921569,92.52941176470588,77.88235294117646,14.64705882352942,92.52941176470588,77.88235294117646,신도중;해운대여중;해운대중,0,0,0,,,,0,3,False,0.0
TRADE_51C8748C22A3,1,0,,,,,,,,0,0,0,,,,0,0,False,0.0
TRADE_51E5C68F7B46,1,2,34.794117647058826,45.38235294117647,24.205882352941178,21.176470588235293,45.38235294117647,24.205882352941178,초연중;초읍중,0,0,0,,,,0,2,False,0.0
TRADE_51EEC9DB715D,1,2,75.11764705882354,84.70588235294117,65.52941176470588,19.17647058823529,84.70588235294117,65.52941176470588,구서여중;남산중,0,0,0,,,,0,2,False,0.0
TRADE_51FE5CDDB012,1,0,,,,,,,,0,0,0,,,,0,0,False,0.0
TRADE_5206C8B0107A,1,0,,,,,,,,0,0,0,,,,0,0,False,0.0
TRADE_5208E52F57EB,1,5,50.25294117647059,73.52941176470588,36.970588235294116,36.55882352941177,73.52941176470588,36.970588235294116,광안중;동수영중;동아중;부산수영중학교;한바다중,0,0,0,,,,0,5,False,0.0
TRADE_521D15DF5505,1,3,48.96078431372549,56.970588235294116,40.44117647058824,16.529411764705877,56.970588235294116,40.44117647058824,영도제일중;태종대중;해동중,0,0,0,,,,0,3,False,0.0
TRADE_524A86944A59,1,5,41.476470588235294,71.8529411764706,26.294117647058822,45.55882352941177,71.8529411764706,26.294117647058822,동신중;안락중;충렬중;학산여자중;혜화여자중,0,0,0,,,,0,5,False,0.0
TRADE_526768F54AAC,1,3,34.29411764705882,40.23529411764706,22.882352941176467,17.35294117647059,40.23529411764706,22.882352941176467,대연중;석포여중;해연중,0,0,0,,,,0,3,False,0.0
TRADE_528BC5C65C4C,1,2,75.11764705882354,84.70588235294117,65.52941176470588,19.17647058823529,84.70588235294117,65.52941176470588,구서여중;남산중,0,0,0,,,,0,2,False,0.0
TRADE_5299EF9F506F,1,3,48.17647058823528,57.76470588235294,32.647058823529406,25.117647058823536,57.76470588235294,32.647058823529406,동양중;주례여중;주례중,0,0,0,,,,0,3,False,0.0
TRADE_52AFD45D995E,1,2,27.088235294117645,27.088235294117645,27.088235294117645,0.0,27.088235294117645,27.088235294117645,금성중;부산서중,0,0,0,,,,0,1,False,0.0
TRADE_52C542ACA327,1,3,48.96078431372549,56.970588235294116,40.44117647058824,16.529411764705877,56.970588235294116,40.44117647058824,영도제일중;태종대중;해동중,0,0,0,,,,0,3,False,0.0
TRADE_52C5C09ABA9E,1,3,45.45098039215686,73.88235294117646,21.999999999999996,51.882352941176464,73.88235294117646,21.999999999999996,동의중;부산진여중;양동여중,0,0,0,,,,0,3,False,0.0
TRADE_52E151624DB5,1,3,37.5,68.26470588235294,19.323529411764707,48.94117647058823,68.26470588235294,19.323529411764707,경남여중;부산중;선화여중,0,0,0,,,,0,3,False,0.0
TRADE_52FA54CCDD99,1,3,42.720588235294116,45.14705882352941,40.294117647058826,4.852941176470587,45.14705882352941,40.294117647058826,문현여중;배정중;부산중앙중,0,0,0,,,,0,2,False,0.0
TRADE_52FDAFB62300,1,3,48.96078431372549,56.970588235294116,40.44117647058824,16.529411764705877,56.970588235294116,40.44117647058824,영도제일중;태종대중;해동중,0,0,0,,,,0,3,False,0.0
TRADE_5349160480DC,1,4,53.57352941176471,73.52941176470588,40.02941176470588,33.50000000000001,73.52941176470588,40.02941176470588,광안중;동아중;부산수영중;한바다중,0,0,0,,,,0,4,False,0.0
TRADE_5365B9D8EE9D,1,3,56.68627450980392,58.67647058823528,54.82352941176472,3.8529411764705657,58.67647058823528,54.82352941176472,광무여중;부산진중;서면중,0,0,0,,,,0,3,False,0.0
TRADE_537EFFB8E3D8,1,3,51.127450980392155,83.17647058823529,35.02941176470588,48.14705882352941,83.17647058823529,35.02941176470588,남도여중;부산남중;부산영선중학교,0,0,0,,,,0,3,False,0.0
TRADE_538271B9106A,1,4,44.867647058823536,58.00000000000001,34.82352941176471,23.176470588235297,58.00000000000001,34.82352941176471,경남중;대신여중;덕원중;부산여중,0,0,0,,,,0,4,False,0.0
TRADE_539EC4154426,1,9,54.25816993464051,76.79411764705881,34.82352941176471,41.9705882352941,76.79411764705881,34.82352941176471,경남중;당리중;동주여중;부산대신중학교;부산여중;부산중앙여자중학교;사하중;삼성중;장평중,0,0,0,,,,0,9,False,0.0
TRADE_53BDB3CCF135,1,3,48.568627450980394,64.52941176470588,30.617647058823533,33.91176470588235,64.52941176470588,30.617647058823533,연산중;연일중;연제중,0,0,0,,,,0,3,False,0.0
TRADE_53C330727483,1,3,65.62745098039215,80.5,36.50000000000001,43.99999999999999,80.5,36.50000000000001,사직여중;사직중;온천중,0,0,0,,,,0,3,False,0.0
TRADE_53D5148F0F05,1,3,75.27450980392156,94.26470588235294,51.8235294117647,42.44117647058824,94.26470588235294,51.8235294117647,거제여중;여명중;이사벨중학교,0,0,0,,,,0,3,False,0.0
TRADE_53DC109F6205,1,3,43.455882352941174,47.147058823529406,39.76470588235294,7.382352941176464,47.147058823529406,39.76470588235294,감만중;배정중;석포여중,0,0,0,,,,0,2,False,0.0
TRADE_53DFED146D12,1,4,61.13970588235294,69.70588235294117,46.5,23.205882352941174,69.70588235294117,46.5,건국중;당리중;사하중;하단중,0,0,0,,,,0,4,False,0.0
TRADE_53EE9369A413,1,3,66.3235294117647,87.20588235294116,40.23529411764706,46.9705882352941,87.20588235294116,40.23529411764706,남천중;대연중;대천중,0,0,0,,,,0,3,False,0.0
TRADE_54414EB83BFF,1,0,,,,,,,,0,0,0,,,,0,0,False,0.0
TRADE_5463DC4FF741,1,3,34.29411764705882,40.23529411764706,22.882352941176467,17.35294117647059,40.23529411764706,22.882352941176467,대연중;석포여중;해연중,0,0,0,,,,0,3,False,0.0
TRADE_547737BF8E89,1,3,66.3235294117647,87.20588235294116,40.23529411764706,46.9705882352941,87.20588235294116,40.23529411764706,남천중;대연중;대천중,0,0,0,,,,0,3,False,0.0
TRADE_547FDE7512B2,1,3,56.68627450980392,58.67647058823528,54.82352941176472,3.8529411764705657,58.67647058823528,54.82352941176472,광무여중;부산진중;서면중,0,0,0,,,,0,3,False,0.0
TRADE_548BACDDB803,1,2,73.89705882352942,82.26470588235294,65.52941176470588,16.735294117647058,82.26470588235294,65.52941176470588,금정중;남산중,0,0,0,,,,0,2,False,0.0
TRADE_549BDCEC143F,1,5,52.54117647058823,77.23529411764707,34.82352941176471,42.41176470588236,77.23529411764707,34.82352941176471,경남중;부산대신중학교;부산여중;부산중앙여자중학교;초장중,0,0,0,,,,0,5,False,0.0
TRADE_54B2166EF48F,1,2,11.073529411764707,21.058823529411764,1.0882352941176472,19.970588235294116,21.058823529411764,1.0882352941176472,기장중;대청중,0,0,0,,,,0,2,False,0.0
TRADE_54C1C9A32165,1,2,75.11764705882354,84.70588235294117,65.52941176470588,19.17647058823529,84.70588235294117,65.52941176470588,구서여중;남산중,0,0,0,,,,0,2,False,0.0
TRADE_54DB1EAC4500,1,9,54.25816993464051,76.79411764705881,34.82352941176471,41.9705882352941,76.79411764705881,34.82352941176471,경남중;당리중;동주여중;부산대신중학교;부산여중;부산중앙여자중학교;사하중;삼성중;장평중,0,0,0,,,,0,9,False,0.0
TRADE_54FCB5EBBC66,1,3,42.75490196078431,58.67647058823528,24.205882352941178,34.4705882352941,58.67647058823528,24.205882352941178,부산진중;초연중;초읍중,0,0,0,,,,0,3,False,0.0
TRADE_550817E56C10,1,3,66.3235294117647,87.20588235294116,40.23529411764706,46.9705882352941,87.20588235294116,40.23529411764706,남천중;대연중;대천중,0,0,0,,,,0,3,False,0.0
TRADE_555849B1C516,1,3,59.52941176470589,78.3529411764706,36.50000000000001,41.85294117647059,78.3529411764706,36.50000000000001,동래중;온천중;유락여중,0,0,0,,,,0,3,False,0.0
TRADE_5569710636CF,1,6,49.4264705882353,77.23529411764707,34.82352941176471,42.41176470588236,77.23529411764707,34.82352941176471,경남중;대신여중;부산여중;부산중앙여자중학교;송도중;초장중,0,0,0,,,,0,6,False,0.0
TRADE_55A58179EA32,1,3,56.68627450980392,58.67647058823528,54.82352941176472,3.8529411764705657,58.67647058823528,54.82352941176472,광무여중;부산진중;서면중,0,0,0,,,,0,3,False,0.0
TRADE_55A7DEC1CEFC,1,4,60.55882352941177,76.79411764705881,45.05882352941177,31.735294117647044,76.79411764705881,45.05882352941177,감천중;동주여중;삼성중;장평중,0,0,0,,,,0,4,False,0.0
TRADE_55EAF9304E1B,1,3,51.127450980392155,83.17647058823529,35.02941176470588,48.14705882352941,83.17647058823529,35.02941176470588,남도여중;부산남중;부산영선중학교,0,0,0,,,,0,3,False,0.0
TRADE_560FD8E58C0F,1,3,48.568627450980394,64.52941176470588,30.617647058823533,33.91176470588235,64.52941176470588,30.617647058823533,연산중;연일중;연제중,0,0,0,,,,0,3,False,0.0
TRADE_56241E95E616,1,2,75.11764705882354,84.70588235294117,65.52941176470588,19.17647058823529,84.70588235294117,65.52941176470588,구서여중;남산중,0,0,0,,,,0,2,False,0.0
TRADE_563C83616F08,1,3,51.127450980392155,83.17647058823529,35.02941176470588,48.14705882352941,83.17647058823529,35.02941176470588,남도여중;부산남중;부산영선중학교,0,0,0,,,,0,3,False,0.0
TRADE_563DCBEE4A65,1,3,48.568627450980394,64.52941176470588,30.617647058823533,33.91176470588235,64.52941176470588,30.617647058823533,연산중;연일중;연제중,0,0,0,,,,0,3,False,0.0
TRADE_5690F2A75E58,1,6,50.35294117647059,77.23529411764707,34.82352941176471,42.41176470588236,77.23529411764707,34.82352941176471,경남중;대신여중;부산대신중학교;부산여중;부산중앙여자중학교;초장중,0,0,0,,,,0,6,False,0.0
TRADE_569B90DBA04A,1,3,48.96078431372549,56.970588235294116,40.44117647058824,16.529411764705877,56.970588235294116,40.44117647058824,영도제일중;태종대중;해동중,0,0,0,,,,0,3,False,0.0
TRADE_56A8A71A1667,1,3,86.74509803921569,92.52941176470588,77.88235294117646,14.64705882352942,92.52941176470588,77.88235294117646,신도중;해운대여중;해운대중,0,0,0,,,,0,3,False,0.0
TRADE_56BBD016647D,1,3,56.68627450980392,58.67647058823528,54.82352941176472,3.8529411764705657,58.67647058823528,54.82352941176472,광무여중;부산진중;서면중,0,0,0,,,,0,3,False,0.0
TRADE_56D44998CC2C,1,5,50.25294117647059,73.52941176470588,36.970588235294116,36.55882352941177,73.52941176470588,36.970588235294116,광안중;동수영중;동아중;부산수영중학교;한바다중,0,0,0,,,,0,5,False,0.0
TRADE_56DE71E3955A,1,3,39.72549019607843,54.11764705882353,23.294117647058822,30.823529411764707,54.11764705882353,23.294117647058822,동주중;주례여중;학장중,0,0,0,,,,0,3,False,0.0
TRADE_56F5E2F9E8F0,1,2,45.14705882352941,45.14705882352941,45.14705882352941,0.0,45.14705882352941,45.14705882352941,문현여중;배정중,0,0,0,,,,0,1,False,0.0
TRADE_572652EC3436,1,4,83.57352941176471,97.70588235294117,54.23529411764706,43.470588235294116,97.70588235294117,54.23529411764706,동백중;해강중;해운대여중;해운대중,0,0,0,,,,0,4,False,0.0
TRADE_5745E558D080,1,4,42.63970588235294,56.55882352941176,15.705882352941178,40.85294117647058,56.55882352941176,15.705882352941178,가야여중;광무여중;부산개성중;서면중,0,0,0,,,,0,4,False,0.0
TRADE_57539C0EB856,1,5,50.25294117647059,73.52941176470588,36.970588235294116,36.55882352941177,73.52941176470588,36.970588235294116,광안중;동수영중;동아중;부산수영중학교;한바다중,0,0,0,,,,0,5,False,0.0
TRADE_57A4DFBB735D,1,2,73.89705882352942,82.26470588235294,65.52941176470588,16.735294117647058,82.26470588235294,65.52941176470588,금정중;남산중,0,0,0,,,,0,2,False,0.0
TRADE_57AFFD162D8F,1,0,,,,,,,,0,0,0,,,,0,0,False,0.0
TRADE_57D9FE26163A,1,3,48.30392156862746,98.91176470588236,18.88235294117647,80.02941176470588,98.91176470588236,18.88235294117647,센텀중;재송여자중;재송중,0,0,0,,,,0,3,False,0.0
TRADE_57EE60ABFC70,1,3,75.27450980392156,94.26470588235294,51.8235294117647,42.44117647058824,94.26470588235294,51.8235294117647,거제여중;여명중;이사벨중,0,0,0,,,,0,3,False,0.0
TRADE_57F1AB8923C0,1,6,52.04901960784314,76.79411764705881,34.82352941176471,41.9705882352941,76.79411764705881,34.82352941176471,감천중;경남중;부산여중;부산중앙여자중학교;삼성중;송도중,0,0,0,,,,0,6,False,0.0
TRADE_58110612A4CA,1,4,44.61764705882353,57.294117647058826,21.14705882352941,36.14705882352942,57.294117647058826,21.14705882352941,개림중;동평여중;동평중;서면중,0,0,0,,,,0,4,False,0.0
TRADE_583FC8CBF91F,1,3,48.96078431372549,56.970588235294116,40.44117647058824,16.529411764705877,56.970588235294116,40.44117647058824,영도제일중;태종대중;해동중,0,0,0,,,,0,3,False,0.0
TRADE_584BCD209D06,1,4,61.13970588235294,69.70588235294117,46.5,23.205882352941174,69.70588235294117,46.5,건국중;당리중;사하중;하단중,0,0,0,,,,0,4,False,0.0
TRADE_585EBBAEF896,1,4,83.57352941176471,97.70588235294117,54.23529411764706,43.470588235294116,97.70588235294117,54.23529411764706,동백중;해강중;해운대여중;해운대중,0,0,0,,,,0,4,False,0.0
TRADE_58738F334685,1,3,38.0,54.82352941176472,15.705882352941178,39.117647058823536,54.82352941176472,15.705882352941178,가야여중;부산개성중;서면중,0,0,0,,,,0,3,False,0.0
TRADE_5896D6BFF29F,1,3,53.72549019607843,58.67647058823528,45.20588235294118,13.470588235294102,58.67647058823528,45.20588235294118,동평여중;동평중;부산진중,0,0,0,,,,0,3,False,0.0
TRADE_58D8C93F876B,1,4,53.57352941176471,73.52941176470588,40.02941176470588,33.50000000000001,73.52941176470588,40.02941176470588,광안중;동아중;부산수영중;한바다중,0,0,0,,,,0,4,False,0.0
TRADE_58E22D14B044,1,3,42.75490196078431,58.67647058823528,24.205882352941178,34.4705882352941,58.67647058823528,24.205882352941178,부산진중;초연중;초읍중,0,0,0,,,,0,3,False,0.0
TRADE_58EFC3C2B5E0,1,4,26.977941176470587,35.588235294117645,18.147058823529413,17.441176470588232,35.588235294117645,18.147058823529413,가람중;구남중;구포중;양덕여중,0,0,0,,,,0,4,False,0.0
TRADE_58F63433D9F4,1,3,66.3235294117647,87.20588235294116,40.23529411764706,46.9705882352941,87.20588235294116,40.23529411764706,남천중;대연중;대천중,0,0,0,,,,0,3,False,0.0
TRADE_58F9AE1094B8,1,2,80.19117647058823,80.5,79.88235294117646,0.6176470588235361,80.5,79.88235294117646,사직여중;사직중,0,0,0,,,,0,2,False,0.0
TRADE_5906D560E714,1,6,49.4264705882353,77.23529411764707,34.82352941176471,42.41176470588236,77.23529411764707,34.82352941176471,경남중;대신여중;부산여중;부산중앙여자중학교;송도중;초장중,0,0,0,,,,0,6,False,0.0
TRADE_59316CA8B255,1,4,44.867647058823536,58.00000000000001,34.82352941176471,23.176470588235297,58.00000000000001,34.82352941176471,경남중;대신여중;덕원중;부산여중,0,0,0,,,,0,4,False,0.0
TRADE_59364CA47691,1,0,,,,,,,,0,0,0,,,,0,0,False,0.0
TRADE_595E1C735363,1,1,15.705882352941176,15.705882352941176,15.705882352941176,0.0,15.705882352941176,15.705882352941176,덕천중,1,1,1,덕천중,15.705882352941176,15.705882352941176,0,1,False,0.15705882352941175
TRADE_59606EDE2A8E,1,2,75.11764705882354,84.70588235294117,65.52941176470588,19.17647058823529,84.70588235294117,65.52941176470588,구서여중;남산중,0,0,0,,,,0,2,False,0.0
TRADE_5974138CF7B6,1,3,74.15686274509805,88.5,51.70588235294118,36.79411764705882,88.5,51.70588235294118,금정중;부곡여중;장전중,0,0,0,,,,0,3,False,0.0
TRADE_5979F26FE23F,1,2,11.073529411764707,21.058823529411764,1.0882352941176472,19.970588235294116,21.058823529411764,1.0882352941176472,기장중;대청중,0,0,0,,,,0,2,False,0.0
TRADE_597AE928BFA7,1,3,82.88235294117648,93.44117647058823,67.5,25.941176470588232,93.44117647058823,67.5,분포중;오륙도중;용호중,0,0,0,,,,0,3,False,0.0
TRADE_597C163AF3B5,1,5,50.25294117647059,73.52941176470588,36.970588235294116,36.55882352941177,73.52941176470588,36.970588235294116,광안중;동수영중;동아중;부산수영중학교;한바다중,0,0,0,,,,0,5,False,0.0
TRADE_59C1929912FD,1,6,50.333333333333336,79.73529411764706,30.617647058823533,49.11764705882352,79.73529411764706,30.617647058823533,동신중;연산중;연일중;연제중;이사벨중;토현중,0,0,0,,,,0,6,False,0.0
TRADE_59D755FAB1E8,1,3,37.5,68.26470588235294,19.323529411764707,48.94117647058823,68.26470588235294,19.323529411764707,경남여중;부산중;선화여중,0,0,0,,,,0,3,False,0.0
TRADE_59E74AF24A68,1,3,32.509803921568626,43.470588235294116,21.14705882352941,22.323529411764707,43.470588235294116,21.14705882352941,개금여중;개림중;부산개성중,0,0,0,,,,0,3,False,0.0
TRADE_5A08F21C604A,1,3,46.82352941176471,48.5,45.14705882352941,3.352941176470587,48.5,45.14705882352941,문현여중;배정중;부산동여중,0,0,0,,,,0,2,False,0.0
TRADE_5A0F8AE48B2B,1,0,,,,,,,,0,0,0,,,,0,0,False,0.0
TRADE_5A1C9A0E965E,1,3,20.764705882352942,27.117647058823525,16.294117647058826,10.8235294117647,27.117647058823525,16.294117647058826,반안중;재송여중;재송중,0,0,0,,,,0,3,False,0.0
TRADE_5A4EE57D0A3B,1,4,61.13970588235294,69.70588235294117,46.5,23.205882352941174,69.70588235294117,46.5,건국중;당리중;사하중;하단중,0,0,0,,,,0,4,False,0.0
TRADE_5A5C395A4186,1,3,55.568627450980394,69.55882352941177,45.44117647058823,24.117647058823536,69.55882352941177,45.44117647058823,동현중;부곡여자중;부곡중,0,0,0,,,,0,3,False,0.0
TRADE_5A6A3E80B5E1,1,3,58.08823529411765,73.52941176470588,43.970588235294116,29.558823529411768,73.52941176470588,43.970588235294116,동아중;부산수영중학교;한바다중,0,0,0,,,,0,3,False,0.0
TRADE_5A748DBC26CA,1,4,83.57352941176471,97.70588235294117,54.23529411764706,43.470588235294116,97.70588235294117,54.23529411764706,동백중;해강중;해운대여중;해운대중,0,0,0,,,,0,4,False,0.0
TRADE_5A815423B606,1,6,54.509803921568626,76.79411764705881,34.82352941176471,41.9705882352941,76.79411764705881,34.82352941176471,경남중;동주여중;부산대신중학교;부산여중;부산중앙여자중학교;삼성중,0,0,0,,,,0,6,False,0.0
TRADE_5A8CC947A054,1,3,48.568627450980394,64.52941176470588,30.617647058823533,33.91176470588235,64.52941176470588,30.617647058823533,연산중;연일중;연제중,0,0,0,,,,0,3,False,0.0
TRADE_5A901934D33A,1,3,51.127450980392155,83.17647058823529,35.02941176470588,48.14705882352941,83.17647058823529,35.02941176470588,남도여중;부산남중;부산영선중학교,0,0,0,,,,0,3,False,0.0
TRADE_5AD491068A05,1,3,20.764705882352942,27.117647058823525,16.294117647058826,10.8235294117647,27.117647058823525,16.294117647058826,반안중;재송여중;재송중,0,0,0,,,,0,3,False,0.0
TRADE_5AF409A89B0A,1,5,52.54117647058823,77.23529411764707,34.82352941176471,42.41176470588236,77.23529411764707,34.82352941176471,경남중;부산대신중학교;부산여중;부산중앙여자중학교;초장중,0,0,0,,,,0,5,False,0.0
TRADE_5AF4EC631419,1,3,48.568627450980394,64.52941176470588,30.617647058823533,33.91176470588235,64.52941176470588,30.617647058823533,연산중;연일중;연제중,0,0,0,,,,0,3,False,0.0
TRADE_5AFA0547EAF5,1,2,45.14705882352941,45.14705882352941,45.14705882352941,0.0,45.14705882352941,45.14705882352941,문현여중;배정중,0,0,0,,,,0,1,False,0.0
TRADE_5AFB796114D9,1,3,55.568627450980394,69.55882352941177,45.44117647058823,24.117647058823536,69.55882352941177,45.44117647058823,동현중;부곡여자중;부곡중,0,0,0,,,,0,3,False,0.0
TRADE_5B078C1007AA,1,3,24.1078431372549,35.588235294117645,18.147058823529413,17.441176470588232,35.588235294117645,18.147058823529413,가람중;구남중;구포중,0,0,0,,,,0,3,False,0.0
TRADE_5B145D9F2B62,1,0,,,,,,,,0,0,0,,,,0,0,False,0.0
TRADE_5B336A631AFC,1,4,60.19117647058823,69.70588235294117,46.5,23.205882352941174,69.70588235294117,46.5,건국중;당리중;동주여중;사하중,0,0,0,,,,0,4,False,0.0
TRADE_5B42F416085D,1,3,48.96078431372549,56.970588235294116,40.44117647058824,16.529411764705877,56.970588235294116,40.44117647058824,영도제일중;태종대중;해동중,0,0,0,,,,0,3,False,0.0
TRADE_5B5A281C14E5,1,6,49.220588235294116,64.79411764705883,34.82352941176471,29.970588235294116,64.79411764705883,34.82352941176471,경남중;동주여중;부산대신중학교;부산여중;부산중앙여자중학교;장평중,0,0,0,,,,0,6,False,0.0
TRADE_5B5D2B8CF539,1,3,32.509803921568626,43.470588235294116,21.14705882352941,22.323529411764707,43.470588235294116,21.14705882352941,개금여중;개림중;부산개성중,0,0,0,,,,0,3,False,0.0
TRADE_5B5F73C1116B,1,4,60.19117647058823,69.70588235294117,46.5,23.205882352941174,69.70588235294117,46.5,건국중;당리중;동주여중;사하중,0,0,0,,,,0,4,False,0.0
TRADE_5B7CF550365C,1,4,60.19117647058823,69.70588235294117,46.5,23.205882352941174,69.70588235294117,46.5,건국중;당리중;동주여중;사하중,0,0,0,,,,0,4,False,0.0
TRADE_5B82A7AE3FBA,1,4,42.63970588235294,56.55882352941176,15.705882352941178,40.85294117647058,56.55882352941176,15.705882352941178,가야여중;광무여중;부산개성중;서면중,0,0,0,,,,0,4,False,0.0
TRADE_5B90697C233F,1,5,52.54117647058823,77.23529411764707,34.82352941176471,42.41176470588236,77.23529411764707,34.82352941176471,경남중;부산대신중학교;부산여중;부산중앙여자중학교;초장중,0,0,0,,,,0,5,False,0.0
TRADE_5B91076FA799,1,2,11.073529411764707,21.058823529411764,1.0882352941176472,19.970588235294116,21.058823529411764,1.0882352941176472,기장중;대청중,0,0,0,,,,0,2,False,0.0
TRADE_5B92A30C594D,1,6,50.35294117647059,77.23529411764707,34.82352941176471,42.41176470588236,77.23529411764707,34.82352941176471,경남중;대신여중;부산대신중학교;부산여중;부산중앙여자중학교;초장중,0,0,0,,,,0,6,False,0.0
TRADE_5BA0B8E0AE10,1,3,48.568627450980394,64.52941176470588,30.617647058823533,33.91176470588235,64.52941176470588,30.617647058823533,연산중;연일중;연제중,0,0,0,,,,0,3,False,0.0
TRADE_5BAAAA9550CE,1,3,56.68627450980392,58.67647058823528,54.82352941176472,3.8529411764705657,58.67647058823528,54.82352941176472,광무여중;부산진중;서면중,0,0,0,,,,0,3,False,0.0
TRADE_5BB13D4B66C8,1,3,79.57843137254902,88.5,65.52941176470588,22.970588235294116,88.5,65.52941176470588,구서여중;남산중;장전중,0,0,0,,,,0,3,False,0.0
TRADE_5BC5DDB39B9C,1,3,56.68627450980392,58.67647058823528,54.82352941176472,3.8529411764705657,58.67647058823528,54.82352941176472,광무여중;부산진중;서면중,0,0,0,,,,0,3,False,0.0
TRADE_5BDE2DA68507,1,5,66.6,87.20588235294116,43.970588235294116,43.235294117647044,87.20588235294116,43.970588235294116,남천중;대천중;동아중;부산수영중;한바다중,0,0,0,,,,0,5,False,0.0
TRADE_5BEDF4B0A8C5,1,3,72.96078431372548,78.3529411764706,63.73529411764706,14.617647058823536,78.3529411764706,63.73529411764706,동래중;동해중;유락여중,0,0,0,,,,0,3,False,0.0
TRADE_5BEF062CD9EB,1,3,42.720588235294116,45.14705882352941,40.294117647058826,4.852941176470587,45.14705882352941,40.294117647058826,문현여중;배정중;부산중앙중,0,0,0,,,,0,2,False,0.0
TRADE_5BF69BED6368,1,2,40.58823529411765,50.55882352941177,30.617647058823533,19.941176470588236,50.55882352941177,30.617647058823533,연산중;연제중,0,0,0,,,,0,2,False,0.0
TRADE_5C3823B3350C,1,2,11.073529411764707,21.058823529411764,1.0882352941176472,19.970588235294116,21.058823529411764,1.0882352941176472,기장중;대청중,0,0,0,,,,0,2,False,0.0
TRADE_5C463A4ED45B,1,6,49.220588235294116,64.79411764705883,34.82352941176471,29.970588235294116,64.79411764705883,34.82352941176471,경남중;동주여중;부산대신중학교;부산여중;부산중앙여자중학교;장평중,0,0,0,,,,0,6,False,0.0
TRADE_5C53DD31ACDC,1,3,58.08823529411765,73.52941176470588,43.970588235294116,29.558823529411768,73.52941176470588,43.970588235294116,동아중;부산수영중학교;한바다중,0,0,0,,,,0,3,False,0.0
TRADE_5C76E7196819,1,6,50.35294117647059,77.23529411764707,34.82352941176471,42.41176470588236,77.23529411764707,34.82352941176471,경남중;대신여중;부산대신중학교;부산여중;부산중앙여자중학교;초장중,0,0,0,,,,0,6,False,0.0
TRADE_5C938254CD3B,1,1,15.705882352941176,15.705882352941176,15.705882352941176,0.0,15.705882352941176,15.705882352941176,덕천중,1,1,1,덕천중,15.705882352941176,15.705882352941176,0,1,False,0.15705882352941175
TRADE_5CAED0815BB7,1,5,50.25294117647059,73.52941176470588,36.970588235294116,36.55882352941177,73.52941176470588,36.970588235294116,광안중;동수영중;동아중;부산수영중학교;한바다중,0,0,0,,,,0,5,False,0.0
TRADE_5CB7B4B263BB,1,4,68.85294117647058,78.3529411764706,56.529411764705884,21.82352941176471,78.3529411764706,56.529411764705884,동래중;동해중;부산내성중학교;유락여중,0,0,0,,,,0,4,False,0.0
TRADE_5CC758564E5A,1,9,52.36601307189542,69.70588235294117,34.82352941176471,34.882352941176464,69.70588235294117,34.82352941176471,건국중;경남중;당리중;동주여중;부산대신중학교;부산여중;부산중앙여자중학교;사하중;장평중,0,0,0,,,,0,9,False,0.0
TRADE_5CEBFF9C0958,1,2,11.073529411764707,21.058823529411764,1.0882352941176472,19.970588235294116,21.058823529411764,1.0882352941176472,기장중;대청중,0,0,0,,,,0,2,False,0.0
TRADE_5CF707738CD0,1,4,72.78676470588235,94.26470588235294,36.50000000000001,57.764705882352935,94.26470588235294,36.50000000000001,사직여중;사직중;여명중;온천중,0,0,0,,,,0,4,False,0.0
TRADE_5D2ED0752462,1,3,38.0,54.82352941176472,15.705882352941178,39.117647058823536,54.82352941176472,15.705882352941178,가야여중;부산개성중;서면중,0,0,0,,,,0,3,False,0.0
TRADE_5D6060E4A214,1,2,17.14705882352941,18.588235294117645,15.705882352941176,2.8823529411764692,18.588235294117645,15.705882352941176,가람중;덕천중,0,0,0,,,,0,2,False,0.0
TRADE_5D8F881CEA96,1,3,43.69117647058823,47.147058823529406,40.23529411764706,6.911764705882348,47.147058823529406,40.23529411764706,감만중;대연중;배정중,0,0,0,,,,0,2,False,0.0
TRADE_5D92A5EACA6B,1,3,82.88235294117648,93.44117647058823,67.5,25.941176470588232,93.44117647058823,67.5,분포중;오륙도중;용호중,0,0,0,,,,0,3,False,0.0
TRADE_5DFC99F09A92,1,3,37.5,68.26470588235294,19.323529411764707,48.94117647058823,68.26470588235294,19.323529411764707,경남여중;부산중;선화여중,0,0,0,,,,0,3,False,0.0
TRADE_5E0DFDE8D72D,1,2,11.073529411764707,21.058823529411764,1.0882352941176472,19.970588235294116,21.058823529411764,1.0882352941176472,기장중;대청중,0,0,0,,,,0,2,False,0.0
TRADE_5E23AD777219,1,5,50.25294117647059,73.52941176470588,36.970588235294116,36.55882352941177,73.52941176470588,36.970588235294116,광안중;동수영중;동아중;부산수영중학교;한바다중,0,0,0,,,,0,5,False,0.0
TRADE_5E3F8A2117CD,1,3,65.62745098039215,80.5,36.50000000000001,43.99999999999999,80.5,36.50000000000001,사직여중;사직중;온천중,0,0,0,,,,0,3,False,0.0
TRADE_5E4ABB2082EC,1,3,77.5,84.70588235294117,65.52941176470588,19.17647058823529,84.70588235294117,65.52941176470588,구서여중;금정중;남산중,0,0,0,,,,0,3,False,0.0
TRADE_5E58B1802500,1,0,,,,,,,,0,0,0,,,,0,0,False,0.0
TRADE_5E6887A2BE25,1,4,60.55882352941177,76.79411764705881,45.05882352941177,31.735294117647044,76.79411764705881,45.05882352941177,감천중;동주여중;삼성중;장평중,0,0,0,,,,0,4,False,0.0
TRADE_5E7895A8AC4B,1,3,48.18627450980392,58.82352941176471,40.88235294117647,17.94117647058824,58.82352941176471,40.88235294117647,망미중;연천중;토현중,0,0,0,,,,0,3,False,0.0
TRADE_5E8B45B61F49,1,4,34.29411764705882,40.23529411764706,22.882352941176467,17.35294117647059,40.23529411764706,22.882352941176467,대연중;배정중;석포여중;해연중,0,0,0,,,,0,3,False,0.0
TRADE_5EB171478700,1,4,61.13970588235294,69.70588235294117,46.5,23.205882352941174,69.70588235294117,46.5,건국중;당리중;사하중;하단중,0,0,0,,,,0,4,False,0.0
TRADE_5EC0DDA501EE,1,3,48.96078431372549,56.970588235294116,40.44117647058824,16.529411764705877,56.970588235294116,40.44117647058824,영도제일중;태종대중;해동중,0,0,0,,,,0,3,False,0.0
TRADE_5EDD03AC037B,1,3,23.774509803921564,27.088235294117645,19.323529411764707,7.7647058823529385,27.088235294117645,19.323529411764707,경남여중;부산서중;부산중,0,0,0,,,,0,3,False,0.0
TRADE_5EEA0CF68EDE,1,4,44.867647058823536,58.00000000000001,34.82352941176471,23.176470588235297,58.00000000000001,34.82352941176471,경남중;대신여중;덕원중;부산여중,0,0,0,,,,0,4,False,0.0
TRADE_5EEEE8FD6304,1,3,48.568627450980394,64.52941176470588,30.617647058823533,33.91176470588235,64.52941176470588,30.617647058823533,연산중;연일중;연제중,0,0,0,,,,0,3,False,0.0
TRADE_5EF9D99202F1,1,3,59.529411764705884,78.3529411764706,36.50000000000001,41.85294117647059,78.3529411764706,36.50000000000001,동래중;온천중;유락여중,0,0,0,,,,0,3,False,0.0
TRADE_5EFCFF167FF6,1,3,34.29411764705882,40.23529411764706,22.882352941176467,17.35294117647059,40.23529411764706,22.882352941176467,대연중;석포여중;해연중,0,0,0,,,,0,3,False,0.0
TRADE_5EFDA414ADC1,1,0,,,,,,,,0,0,0,,,,0,0,False,0.0
TRADE_5F0258751CC8,1,3,34.29411764705882,40.23529411764706,22.882352941176467,17.35294117647059,40.23529411764706,22.882352941176467,대연중;석포여중;해연중,0,0,0,,,,0,3,False,0.0
TRADE_5F0A6F025E21,1,3,66.3235294117647,87.20588235294116,40.23529411764706,46.9705882352941,87.20588235294116,40.23529411764706,남천중;대연중;대천중,0,0,0,,,,0,3,False,0.0
TRADE_5F68CE9A331D,1,3,38.00000000000001,54.82352941176472,15.705882352941178,39.117647058823536,54.82352941176472,15.705882352941178,가야여중;부산개성중;서면중,0,0,0,,,,0,3,False,0.0
TRADE_5F7B80C3F921,1,1,62.76470588235294,62.76470588235294,62.76470588235294,0.0,62.76470588235294,62.76470588235294,녹산중,1,1,1,녹산중,62.76470588235294,62.76470588235294,0,1,False,0.6276470588235294
TRADE_5F8A92122978,1,4,44.867647058823536,58.00000000000001,34.82352941176471,23.176470588235297,58.00000000000001,34.82352941176471,경남중;대신여중;덕원중;부산여중,0,0,0,,,,0,4,False,0.0
TRADE_5F9AEE7F452B,1,3,55.568627450980394,69.55882352941177,45.44117647058823,24.117647058823536,69.55882352941177,45.44117647058823,동현중;부곡여자중;부곡중,0,0,0,,,,0,3,False,0.0
TRADE_5F9B3FE53993,1,6,50.35294117647059,77.23529411764707,34.82352941176471,42.41176470588236,77.23529411764707,34.82352941176471,경남중;대신여중;부산대신중학교;부산여중;부산중앙여자중학교;초장중,0,0,0,,,,0,6,False,0.0
TRADE_5FB66D3632E9,1,4,43.794117647058826,58.82352941176471,30.617647058823533,28.205882352941178,58.82352941176471,30.617647058823533,망미중;연제중;연천중;토현중,0,0,0,,,,0,4,False,0.0
TRADE_5FD769B31521,1,9,54.25816993464051,76.79411764705881,34.82352941176471,41.9705882352941,76.79411764705881,34.82352941176471,경남중;당리중;동주여중;부산대신중학교;부산여중;부산중앙여자중학교;사하중;삼성중;장평중,0,0,0,,,,0,9,False,0.0
TRADE_5FE85CAAFC39,1,3,51.51960784313726,55.58823529411765,45.05882352941177,10.529411764705884,55.58823529411765,45.05882352941177,감천중;대동중;장평중,0,0,0,,,,0,3,False,0.0
TRADE_5FEEE8A2CF4B,1,1,94.26470588235294,94.26470588235294,94.26470588235294,0.0,94.26470588235294,94.26470588235294,여명중,0,0,0,,,,0,1,False,0.0
TRADE_602DB6E47F94,1,9,54.25816993464051,76.79411764705881,34.82352941176471,41.9705882352941,76.79411764705881,34.82352941176471,경남중;당리중;동주여중;부산대신중학교;부산여중;부산중앙여자중학교;사하중;삼성중;장평중,0,0,0,,,,0,9,False,0.0
TRADE_603DD5D5068C,1,3,43.455882352941174,47.147058823529406,39.76470588235294,7.382352941176464,47.147058823529406,39.76470588235294,감만중;배정중;석포여중,0,0,0,,,,0,2,False,0.0
TRADE_6044F3CDB74B,1,3,42.720588235294116,45.14705882352941,40.294117647058826,4.852941176470587,45.14705882352941,40.294117647058826,문현여중;배정중;부산중앙중,0,0,0,,,,0,2,False,0.0
TRADE_6054AAD106CF,1,4,60.19117647058823,69.70588235294117,46.5,23.205882352941174,69.70588235294117,46.5,건국중;당리중;동주여중;사하중,0,0,0,,,,0,4,False,0.0
TRADE_6055190ADE71,1,2,27.088235294117645,27.088235294117645,27.088235294117645,0.0,27.088235294117645,27.088235294117645,금성중;부산서중,0,0,0,,,,0,1,False,0.0
TRADE_60C7FE6E0266,1,4,44.867647058823536,58.00000000000001,34.82352941176471,23.176470588235297,58.00000000000001,34.82352941176471,경남중;대신여중;덕원중;부산여중,0,0,0,,,,0,4,False,0.0
TRADE_60F397A536A1,1,3,34.29411764705882,40.23529411764706,22.882352941176467,17.35294117647059,40.23529411764706,22.882352941176467,대연중;석포여중;해연중,0,0,0,,,,0,3,False,0.0
TRADE_610167B349DB,1,2,73.89705882352942,82.26470588235294,65.52941176470588,16.735294117647058,82.26470588235294,65.52941176470588,금정중;남산중,0,0,0,,,,0,2,False,0.0
TRADE_61204228A141,1,3,41.931372549019606,44.85294117647059,36.970588235294116,7.882352941176471,44.85294117647059,36.970588235294116,동수영중;망미중;부산수영중학교,0,0,0,,,,0,3,False,0.0
TRADE_6133F1DEBB1D,1,3,79.57843137254902,88.5,65.52941176470588,22.970588235294116,88.5,65.52941176470588,구서여중;남산중;장전중,0,0,0,,,,0,3,False,0.0
TRADE_613B861C2DA6,1,2,73.89705882352942,82.26470588235294,65.52941176470588,16.735294117647058,82.26470588235294,65.52941176470588,금정중;남산중,0,0,0,,,,0,2,False,0.0
TRADE_613FA6FD9CB8,1,2,73.89705882352942,82.26470588235294,65.52941176470588,16.735294117647058,82.26470588235294,65.52941176470588,금정중;남산중,0,0,0,,,,0,2,False,0.0
TRADE_614DFDCEB35F,1,3,32.509803921568626,43.470588235294116,21.14705882352941,22.323529411764707,43.470588235294116,21.14705882352941,개금여중;개림중;부산개성중,0,0,0,,,,0,3,False,0.0
TRADE_6155E2623D2D,1,4,72.78676470588235,94.26470588235294,36.50000000000001,57.764705882352935,94.26470588235294,36.50000000000001,사직여중;사직중;여명중;온천중,0,0,0,,,,0,4,False,0.0
TRADE_615B6C9B63C3,1,6,45.35294117647059,58.00000000000001,34.82352941176471,23.176470588235297,58.00000000000001,34.82352941176471,경남중;대신여중;덕원중;부산대신중학교;부산여중;부산중앙여자중학교,0,0,0,,,,0,6,False,0.0
TRADE_616E9E0C9F66,1,6,50.333333333333336,79.73529411764706,30.617647058823533,49.11764705882352,79.73529411764706,30.617647058823533,동신중;연산중;연일중;연제중;이사벨중;토현중,0,0,0,,,,0,6,False,0.0
TRADE_617E154B0C88,1,3,75.27450980392156,94.26470588235294,51.8235294117647,42.44117647058824,94.26470588235294,51.8235294117647,거제여중;여명중;이사벨중,0,0,0,,,,0,3,False,0.0
TRADE_617E7042F90E,1,5,52.54117647058823,77.23529411764707,34.82352941176471,42.41176470588236,77.23529411764707,34.82352941176471,경남중;부산대신중학교;부산여중;부산중앙여자중학교;초장중,0,0,0,,,,0,5,False,0.0
TRADE_618655416926,1,7,48.98319327731093,68.26470588235294,19.323529411764707,48.94117647058823,68.26470588235294,19.323529411764707,경남여중;경남중;덕원중;동주여중;부산대신중학교;부산여중;선화여중,0,0,0,,,,0,7,False,0.0
TRADE_618B54E8AE6D,1,4,51.639705882352935,58.67647058823528,45.20588235294118,13.470588235294102,58.67647058823528,45.20588235294118,동평여중;동평중;부산진중;초연중,0,0,0,,,,0,4,False,0.0
TRADE_61A10498CFDE,1,3,41.931372549019606,44.85294117647059,36.970588235294116,7.882352941176471,44.85294117647059,36.970588235294116,동수영중;망미중;부산수영중학교,0,0,0,,,,0,3,False,0.0
TRADE_61A60253AFC7,1,2,75.11764705882354,84.70588235294117,65.52941176470588,19.17647058823529,84.70588235294117,65.52941176470588,구서여중;남산중,0,0,0,,,,0,2,False,0.0
TRADE_61CBD2E39EF1,1,2,17.14705882352941,18.588235294117645,15.705882352941176,2.8823529411764692,18.588235294117645,15.705882352941176,가람중;덕천중,0,0,0,,,,0,2,False,0.0
TRADE_61D3A99A8D30,1,3,17.95098039215686,31.705882352941174,1.0882352941176472,30.617647058823525,31.705882352941174,1.0882352941176472,기장중;대청중;일광중,0,0,0,,,,0,3,False,0.0
TRADE_61EA0E2B3911,1,5,50.25294117647059,73.52941176470588,36.970588235294116,36.55882352941177,73.52941176470588,36.970588235294116,광안중;동수영중;동아중;부산수영중학교;한바다중,0,0,0,,,,0,5,False,0.0
TRADE_6208C2C49C19,1,3,66.3235294117647,87.20588235294116,40.23529411764706,46.9705882352941,87.20588235294116,40.23529411764706,남천중;대연중;대천중,0,0,0,,,,0,3,False,0.0
TRADE_621AEAB1413E,1,1,18.705882352941178,18.705882352941178,18.705882352941178,0.0,18.705882352941178,18.705882352941178,모라중,1,1,1,모라중,18.705882352941178,18.705882352941178,0,1,False,0.18705882352941178
TRADE_622F06F2EB84,1,3,51.127450980392155,83.17647058823529,35.02941176470588,48.14705882352941,83.17647058823529,35.02941176470588,남도여중;부산남중;부산영선중학교,0,0,0,,,,0,3,False,0.0
TRADE_6245742C00DF,1,6,50.35294117647059,77.23529411764707,34.82352941176471,42.41176470588236,77.23529411764707,34.82352941176471,경남중;대신여중;부산대신중학교;부산여중;부산중앙여자중학교;초장중,0,0,0,,,,0,6,False,0.0
TRADE_6254FE07010A,1,3,48.568627450980394,64.52941176470588,30.617647058823533,33.91176470588235,64.52941176470588,30.617647058823533,연산중;연일중;연제중,0,0,0,,,,0,3,False,0.0
TRADE_6256D1491271,1,3,33.37254901960784,44.0,23.47058823529412,20.52941176470588,44.0,23.47058823529412,덕포여중;신라중;주례중,0,0,0,,,,0,3,False,0.0
TRADE_626773232AAD,1,3,48.568627450980394,64.52941176470588,30.617647058823533,33.91176470588235,64.52941176470588,30.617647058823533,연산중;연일중;연제중,0,0,0,,,,0,3,False,0.0
TRADE_626B7748CC33,1,2,73.89705882352942,82.26470588235294,65.52941176470588,16.735294117647058,82.26470588235294,65.52941176470588,금정중;남산중,0,0,0,,,,0,2,False,0.0
TRADE_627A92ECD4F3,1,5,50.25294117647059,73.52941176470588,36.970588235294116,36.55882352941177,73.52941176470588,36.970588235294116,광안중;동수영중;동아중;부산수영중학교;한바다중,0,0,0,,,,0,5,False,0.0
TRADE_6284D9728CE6,1,2,38.705882352941174,54.11764705882353,23.294117647058822,30.823529411764707,54.11764705882353,23.294117647058822,동주중;주례여중,0,0,0,,,,0,2,False,0.0
TRADE_62B5510669EE,1,4,53.57352941176471,73.52941176470588,40.02941176470588,33.50000000000001,73.52941176470588,40.02941176470588,광안중;동아중;부산수영중;한바다중,0,0,0,,,,0,4,False,0.0
TRADE_62C2051B0AD5,1,0,,,,,,,,0,0,0,,,,0,0,False,0.0
TRADE_62CA75D71CED,1,3,56.68627450980392,58.67647058823528,54.82352941176472,3.8529411764705657,58.67647058823528,54.82352941176472,광무여중;부산진중;서면중,0,0,0,,,,0,3,False,0.0
TRADE_62CC5528B8CF,1,4,61.13970588235294,69.70588235294117,46.5,23.205882352941174,69.70588235294117,46.5,건국중;당리중;사하중;하단중,0,0,0,,,,0,4,False,0.0
TRADE_62D9B6BFF0C1,1,0,,,,,,,,0,0,0,,,,0,0,False,0.0
TRADE_62FE9B15EF87,1,3,66.3235294117647,87.20588235294116,40.23529411764706,46.9705882352941,87.20588235294116,40.23529411764706,남천중;대연중;대천중,0,0,0,,,,0,3,False,0.0
TRADE_635DE4EC0628,1,2,73.89705882352942,82.26470588235294,65.52941176470588,16.735294117647058,82.26470588235294,65.52941176470588,금정중;남산중,0,0,0,,,,0,2,False,0.0
TRADE_636BF1B0D156,1,3,48.96078431372549,56.970588235294116,40.44117647058824,16.529411764705877,56.970588235294116,40.44117647058824,영도제일중;태종대중;해동중,0,0,0,,,,0,3,False,0.0
TRADE_6390724761FE,1,4,49.5,73.88235294117646,21.999999999999996,51.882352941176464,73.88235294117646,21.999999999999996,덕명여중;동의중;부산진여중;항도중,0,0,0,,,,0,4,False,0.0
TRADE_63980C1C75D9,1,4,61.13970588235294,69.70588235294117,46.5,23.205882352941174,69.70588235294117,46.5,건국중;당리중;사하중;하단중,0,0,0,,,,0,4,False,0.0
TRADE_63BC47497E60,1,3,45.45098039215686,73.88235294117646,21.999999999999996,51.882352941176464,73.88235294117646,21.999999999999996,동의중;부산진여중;양동여중,0,0,0,,,,0,3,False,0.0
TRADE_63C62AB7B121,1,3,43.455882352941174,47.147058823529406,39.76470588235294,7.382352941176464,47.147058823529406,39.76470588235294,감만중;배정중;석포여중,0,0,0,,,,0,2,False,0.0
TRADE_63C67A9D7057,1,4,60.19117647058823,69.70588235294117,46.5,23.205882352941174,69.70588235294117,46.5,건국중;당리중;동주여중;사하중,0,0,0,,,,0,4,False,0.0
TRADE_63DE4FB98697,1,2,34.794117647058826,45.38235294117647,24.205882352941178,21.176470588235293,45.38235294117647,24.205882352941178,초연중;초읍중,0,0,0,,,,0,2,False,0.0
TRADE_63EBA8ACC4E4,1,7,48.98319327731093,68.26470588235294,19.323529411764707,48.94117647058823,68.26470588235294,19.323529411764707,경남여중;경남중;덕원중;동주여중;부산대신중학교;부산여중;선화여중,0,0,0,,,,0,7,False,0.0
TRADE_63EC9CEFA96C,1,3,20.764705882352942,27.117647058823525,16.294117647058826,10.8235294117647,27.117647058823525,16.294117647058826,반안중;재송여중;재송중,0,0,0,,,,0,3,False,0.0
TRADE_63F584A3810C,1,4,72.78676470588235,94.26470588235294,36.50000000000001,57.764705882352935,94.26470588235294,36.50000000000001,사직여중;사직중;여명중;온천중,0,0,0,,,,0,4,False,0.0
TRADE_63F99D93CD72,1,4,49.5,73.88235294117646,21.999999999999996,51.882352941176464,73.88235294117646,21.999999999999996,덕명여중;동의중;부산진여중;항도중,0,0,0,,,,0,4,False,0.0
TRADE_640C5B4BF7E7,1,6,50.259803921568626,83.17647058823529,19.323529411764707,63.85294117647058,83.17647058823529,19.323529411764707,경남여중;덕원중;부산남중;부산대신중학교;선화여중;신선중,0,0,0,,,,0,6,False,0.0
TRADE_6425C19B6987,1,3,53.72549019607843,58.67647058823528,45.20588235294118,13.470588235294102,58.67647058823528,45.20588235294118,동평여중;동평중;부산진중,0,0,0,,,,0,3,False,0.0
TRADE_642B934DC25D,1,2,11.073529411764707,21.058823529411764,1.0882352941176472,19.970588235294116,21.058823529411764,1.0882352941176472,기장중;대청중,0,0,0,,,,0,2,False,0.0
TRADE_643BEB569C8B,1,4,61.13970588235294,69.70588235294117,46.5,23.205882352941174,69.70588235294117,46.5,건국중;당리중;사하중;하단중,0,0,0,,,,0,4,False,0.0
TRADE_643D0667F831,1,3,48.96078431372549,56.970588235294116,40.44117647058824,16.529411764705877,56.970588235294116,40.44117647058824,영도제일중;태종대중;해동중,0,0,0,,,,0,3,False,0.0
TRADE_644B52C437F7,1,4,60.55882352941177,76.79411764705881,45.05882352941177,31.735294117647044,76.79411764705881,45.05882352941177,감천중;동주여중;삼성중;장평중,0,0,0,,,,0,4,False,0.0
TRADE_644C5896A971,1,3,47.372549019607845,62.52941176470588,21.999999999999996,40.529411764705884,62.52941176470588,21.999999999999996,덕명여중;부산동중;부산진여중,0,0,0,,,,0,3,False,0.0
TRADE_646107F79324,1,3,82.88235294117648,93.44117647058823,67.5,25.941176470588232,93.44117647058823,67.5,분포중;오륙도중;용호중,0,0,0,,,,0,3,False,0.0
TRADE_64710B4EFF3B,1,4,60.19117647058823,69.70588235294117,46.5,23.205882352941174,69.70588235294117,46.5,건국중;당리중;동주여중;사하중,0,0,0,,,,0,4,False,0.0
TRADE_64803AFCE080,1,3,66.3235294117647,87.20588235294116,40.23529411764706,46.9705882352941,87.20588235294116,40.23529411764706,남천중;대연중;대천중,0,0,0,,,,0,3,False,0.0
TRADE_64990EF4746B,1,0,,,,,,,,0,0,0,,,,0,0,False,0.0
TRADE_64CAE52C3704,1,3,48.30392156862746,98.91176470588236,18.88235294117647,80.02941176470588,98.91176470588236,18.88235294117647,센텀중;재송여자중;재송중,0,0,0,,,,0,3,False,0.0
TRADE_64CCDFB2C4F6,1,9,54.25816993464051,76.79411764705881,34.82352941176471,41.9705882352941,76.79411764705881,34.82352941176471,경남중;당리중;동주여중;부산대신중학교;부산여중;부산중앙여자중학교;사하중;삼성중;장평중,0,0,0,,,,0,9,False,0.0
TRADE_64E66495DD1A,1,3,66.3235294117647,87.20588235294116,40.23529411764706,46.9705882352941,87.20588235294116,40.23529411764706,남천중;대연중;대천중,0,0,0,,,,0,3,False,0.0
TRADE_6507F6E99530,1,3,75.27450980392156,94.26470588235294,51.8235294117647,42.44117647058824,94.26470588235294,51.8235294117647,거제여중;여명중;이사벨중,0,0,0,,,,0,3,False,0.0
TRADE_65127CF674CE,1,3,37.5,68.26470588235294,19.323529411764707,48.94117647058823,68.26470588235294,19.323529411764707,경남여중;부산중;선화여중,0,0,0,,,,0,3,False,0.0
TRADE_6525E90666C9,1,3,47.372549019607845,62.52941176470588,21.999999999999996,40.529411764705884,62.52941176470588,21.999999999999996,덕명여중;부산동중;부산진여중,0,0,0,,,,0,3,False,0.0
TRADE_652CA636247C,1,3,28.725490196078436,44.0,18.705882352941178,25.294117647058822,44.0,18.705882352941178,덕포여중;모라중;신라중,0,0,0,,,,0,3,False,0.0
TRADE_65394FE92539,1,9,54.25816993464051,76.79411764705881,34.82352941176471,41.9705882352941,76.79411764705881,34.82352941176471,경남중;당리중;동주여중;부산대신중학교;부산여중;부산중앙여자중학교;사하중;삼성중;장평중,0,0,0,,,,0,9,False,0.0
TRADE_653E9EFA1AE5,1,3,55.568627450980394,69.55882352941177,45.44117647058823,24.117647058823536,69.55882352941177,45.44117647058823,동현중;부곡여자중;부곡중,0,0,0,,,,0,3,False,0.0
TRADE_654C77B39766,1,3,42.720588235294116,45.14705882352941,40.294117647058826,4.852941176470587,45.14705882352941,40.294117647058826,문현여중;배정중;부산중앙중,0,0,0,,,,0,2,False,0.0
TRADE_6550EE4B84D9,1,3,48.96078431372549,56.970588235294116,40.44117647058824,16.529411764705877,56.970588235294116,40.44117647058824,영도제일중;태종대중;해동중,0,0,0,,,,0,3,False,0.0
TRADE_6567C1AFC76F,1,5,50.25294117647059,73.52941176470588,36.970588235294116,36.55882352941177,73.52941176470588,36.970588235294116,광안중;동수영중;동아중;부산수영중학교;한바다중,0,0,0,,,,0,5,False,0.0
TRADE_656EB7404FC9,1,6,45.35294117647059,58.00000000000001,34.82352941176471,23.176470588235297,58.00000000000001,34.82352941176471,경남중;대신여중;덕원중;부산대신중학교;부산여중;부산중앙여자중학교,0,0,0,,,,0,6,False,0.0
TRADE_65BC38D4CC2B,1,3,32.509803921568626,43.470588235294116,21.14705882352941,22.323529411764707,43.470588235294116,21.14705882352941,개금여중;개림중;부산개성중,0,0,0,,,,0,3,False,0.0
TRADE_65C7B5C4330F,1,3,23.774509803921564,27.088235294117645,19.323529411764707,7.7647058823529385,27.088235294117645,19.323529411764707,경남여중;부산서중;부산중,0,0,0,,,,0,3,False,0.0
TRADE_65D4789D1A7B,1,0,,,,,,,,0,0,0,,,,0,0,False,0.0
TRADE_65DCE1C49323,1,3,52.44117647058824,57.294117647058826,45.20588235294118,12.088235294117645,57.294117647058826,45.20588235294118,동평여중;동평중;서면중,0,0,0,,,,0,3,False,0.0
TRADE_65FA7A7B3A91,1,3,72.96078431372548,78.3529411764706,63.73529411764706,14.617647058823536,78.3529411764706,63.73529411764706,동래중;동해중;유락여중,0,0,0,,,,0,3,False,0.0
TRADE_661AC3E4E3BA,1,3,48.568627450980394,64.52941176470588,30.617647058823533,33.91176470588235,64.52941176470588,30.617647058823533,연산중;연일중;연제중,0,0,0,,,,0,3,False,0.0
TRADE_663A2878C42B,1,3,48.568627450980394,64.52941176470588,30.617647058823533,33.91176470588235,64.52941176470588,30.617647058823533,연산중;연일중;연제중,0,0,0,,,,0,3,False,0.0
TRADE_6664E8F35DFF,1,4,60.55882352941177,76.79411764705881,45.05882352941177,31.735294117647044,76.79411764705881,45.05882352941177,감천중;동주여중;삼성중;장평중,0,0,0,,,,0,4,False,0.0
TRADE_6692C7409E60,1,3,68.95098039215686,78.3529411764706,51.70588235294118,26.647058823529413,78.3529411764706,51.70588235294118,동래중;동해중;부곡여중,0,0,0,,,,0,3,False,0.0
TRADE_6698FD4092CE,1,4,83.57352941176471,97.70588235294117,54.23529411764706,43.470588235294116,97.70588235294117,54.23529411764706,동백중;해강중;해운대여중;해운대중,0,0,0,,,,0,4,False,0.0
TRADE_66A58DF589CA,1,3,48.96078431372549,56.970588235294116,40.44117647058824,16.529411764705877,56.970588235294116,40.44117647058824,영도제일중;태종대중;해동중,0,0,0,,,,0,3,False,0.0
TRADE_66B34C57FB76,1,3,24.1078431372549,35.588235294117645,18.147058823529413,17.441176470588232,35.588235294117645,18.147058823529413,가람중;구남중;구포중,0,0,0,,,,0,3,False,0.0
TRADE_66B4B21B3035,1,4,34.29411764705882,40.23529411764706,22.882352941176467,17.35294117647059,40.23529411764706,22.882352941176467,대연중;배정중;석포여중;해연중,0,0,0,,,,0,3,False,0.0
TRADE_66D372FCE1ED,1,5,50.25294117647059,73.52941176470588,36.970588235294116,36.55882352941177,73.52941176470588,36.970588235294116,광안중;동수영중;동아중;부산수영중학교;한바다중,0,0,0,,,,0,5,False,0.0
TRADE_6723552957B5,1,3,58.08823529411765,73.52941176470588,43.970588235294116,29.558823529411768,73.52941176470588,43.970588235294116,동아중;부산수영중학교;한바다중,0,0,0,,,,0,3,False,0.0
TRADE_675099EBD204,1,6,49.4264705882353,77.23529411764707,34.82352941176471,42.41176470588236,77.23529411764707,34.82352941176471,경남중;대신여중;부산여중;부산중앙여자중학교;송도중;초장중,0,0,0,,,,0,6,False,0.0
TRADE_677CBF2A0509,1,2,71.04411764705883,78.3529411764706,63.73529411764706,14.617647058823536,78.3529411764706,63.73529411764706,동래중;유락여자중,0,0,0,,,,0,2,False,0.0
TRADE_677D69F2ED2C,1,5,50.25294117647059,73.52941176470588,36.970588235294116,36.55882352941177,73.52941176470588,36.970588235294116,광안중;동수영중;동아중;부산수영중학교;한바다중,0,0,0,,,,0,5,False,0.0
TRADE_677F081CB9B1,1,4,44.867647058823536,58.00000000000001,34.82352941176471,23.176470588235297,58.00000000000001,34.82352941176471,경남중;대신여중;덕원중;부산여중,0,0,0,,,,0,4,False,0.0
TRADE_677F2EF7F458,1,3,41.931372549019606,44.85294117647059,36.970588235294116,7.882352941176471,44.85294117647059,36.970588235294116,동수영중;망미중;부산수영중학교,0,0,0,,,,0,3,False,0.0
TRADE_6783775E679E,1,3,17.95098039215686,31.705882352941174,1.0882352941176472,30.617647058823525,31.705882352941174,1.0882352941176472,기장중;대청중;일광중,0,0,0,,,,0,3,False,0.0
TRADE_679672994F1E,1,4,80.42647058823529,83.41176470588236,77.88235294117646,5.529411764705898,83.41176470588236,77.88235294117646,부흥중;상당중;신도중;양운중,0,0,0,,,,0,4,False,0.0
TRADE_67AD7F132E7B,1,3,66.3235294117647,87.20588235294116,40.23529411764706,46.9705882352941,87.20588235294116,40.23529411764706,남천중;대연중;대천중,0,0,0,,,,0,3,False,0.0
TRADE_67AF35F819D8,1,3,41.931372549019606,44.85294117647059,36.970588235294116,7.882352941176471,44.85294117647059,36.970588235294116,동수영중;망미중;부산수영중학교,0,0,0,,,,0,3,False,0.0
TRADE_67C3E757D866,1,2,11.073529411764707,21.058823529411764,1.0882352941176472,19.970588235294116,21.058823529411764,1.0882352941176472,기장중;대청중,0,0,0,,,,0,2,False,0.0
TRADE_67D014A427A6,1,3,46.82352941176471,48.5,45.14705882352941,3.352941176470587,48.5,45.14705882352941,문현여중;배정중;부산동여중,0,0,0,,,,0,2,False,0.0
TRADE_682271BA3FF0,1,4,60.19117647058823,69.70588235294117,46.5,23.205882352941174,69.70588235294117,46.5,건국중;당리중;동주여중;사하중,0,0,0,,,,0,4,False,0.0
TRADE_683854F83B27,1,2,38.705882352941174,54.11764705882353,23.294117647058822,30.823529411764707,54.11764705882353,23.294117647058822,동주중;주례여중,0,0,0,,,,0,2,False,0.0
TRADE_684AE176D9DD,1,4,45.669117647058826,58.00000000000001,34.82352941176471,23.176470588235297,58.00000000000001,34.82352941176471,경남중;대신여중;부산대신중학교;부산여중,0,0,0,,,,0,4,False,0.0
TRADE_6861278F3A2B,1,2,42.838235294117645,43.970588235294116,41.705882352941174,2.264705882352942,43.970588235294116,41.705882352941174,대천리중;화신중,0,0,0,,,,0,2,False,0.0
TRADE_6869B2655C4C,1,1,15.705882352941176,15.705882352941176,15.705882352941176,0.0,15.705882352941176,15.705882352941176,덕천중,1,1,1,덕천중,15.705882352941176,15.705882352941176,0,1,False,0.15705882352941175
TRADE_6878022C6CF7,1,3,48.568627450980394,64.52941176470588,30.617647058823533,33.91176470588235,64.52941176470588,30.617647058823533,연산중;연일중;연제중,0,0,0,,,,0,3,False,0.0
TRADE_68780D421703,1,4,60.19117647058823,69.70588235294117,46.5,23.205882352941174,69.70588235294117,46.5,건국중;당리중;동주여중;사하중,0,0,0,,,,0,4,False,0.0
TRADE_6878DBF6975C,1,3,59.529411764705884,78.3529411764706,36.50000000000001,41.85294117647059,78.3529411764706,36.50000000000001,동래중;온천중;유락여중,0,0,0,,,,0,3,False,0.0
TRADE_687FA00F8288,1,7,48.98319327731093,68.26470588235294,19.323529411764707,48.94117647058823,68.26470588235294,19.323529411764707,경남여중;경남중;덕원중;동주여중;부산대신중학교;부산여중;선화여중,0,0,0,,,,0,7,False,0.0
TRADE_68915C5B3CA4,1,3,67.84313725490198,82.26470588235294,51.70588235294118,30.55882352941176,82.26470588235294,51.70588235294118,금정중;부곡여중;부곡중,0,0,0,,,,0,3,False,0.0
TRADE_6891CE77A612,1,2,71.04411764705883,78.3529411764706,63.73529411764706,14.617647058823536,78.3529411764706,63.73529411764706,동래중;유락여자중,0,0,0,,,,0,2,False,0.0
TRADE_68920BC4412B,1,3,39.72549019607843,54.11764705882353,23.294117647058822,30.823529411764707,54.11764705882353,23.294117647058822,동주중;주례여중;학장중,0,0,0,,,,0,3,False,0.0
TRADE_68B016EBEF37,1,2,11.073529411764707,21.058823529411764,1.0882352941176472,19.970588235294116,21.058823529411764,1.0882352941176472,기장중;대청중,0,0,0,,,,0,2,False,0.0
TRADE_68D6E7026711,1,3,42.720588235294116,45.14705882352941,40.294117647058826,4.852941176470587,45.14705882352941,40.294117647058826,문현여중;배정중;부산중앙중,0,0,0,,,,0,2,False,0.0
TRADE_68DD27027AFF,1,3,66.3235294117647,87.20588235294116,40.23529411764706,46.9705882352941,87.20588235294116,40.23529411764706,남천중;대연중;대천중,0,0,0,,,,0,3,False,0.0
TRADE_68EFDC4EDE93,1,0,,,,,,,,0,0,0,,,,0,0,False,0.0
TRADE_690A2749FBFF,1,1,15.705882352941176,15.705882352941176,15.705882352941176,0.0,15.705882352941176,15.705882352941176,덕천중,1,1,1,덕천중,15.705882352941176,15.705882352941176,0,1,False,0.15705882352941175
TRADE_69104D3A6E45,1,3,34.29411764705882,40.23529411764706,22.882352941176467,17.35294117647059,40.23529411764706,22.882352941176467,대연중;석포여중;해연중,0,0,0,,,,0,3,False,0.0
TRADE_6922E60A5460,1,3,48.568627450980394,64.52941176470588,30.617647058823533,33.91176470588235,64.52941176470588,30.617647058823533,연산중;연일중;연제중,0,0,0,,,,0,3,False,0.0
TRADE_6947D2E4034D,1,4,43.794117647058826,58.82352941176471,30.617647058823533,28.205882352941178,58.82352941176471,30.617647058823533,망미중;연제중;연천중;토현중,0,0,0,,,,0,4,False,0.0
TRADE_696A49BD4A6E,1,0,,,,,,,,0,0,0,,,,0,0,False,0.0
TRADE_69C4A6542F98,1,3,36.686274509803916,54.11764705882353,23.294117647058822,30.823529411764707,54.11764705882353,23.294117647058822,동주중;주례여중;주례중,0,0,0,,,,0,3,False,0.0
TRADE_69F86435CA09,1,3,68.95098039215686,78.3529411764706,51.70588235294118,26.647058823529413,78.3529411764706,51.70588235294118,동래중;동해중;부곡여중,0,0,0,,,,0,3,False,0.0
TRADE_69FB7C520903,1,3,34.29411764705882,40.23529411764706,22.882352941176467,17.35294117647059,40.23529411764706,22.882352941176467,대연중;석포여중;해연중,0,0,0,,,,0,3,False,0.0
TRADE_6A072595137C,1,3,34.29411764705882,40.23529411764706,22.882352941176467,17.35294117647059,40.23529411764706,22.882352941176467,대연중;석포여중;해연중,0,0,0,,,,0,3,False,0.0
TRADE_6A0C4A8C5795,1,4,45.669117647058826,58.00000000000001,34.82352941176471,23.176470588235297,58.00000000000001,34.82352941176471,경남중;대신여중;부산대신중학교;부산여중,0,0,0,,,,0,4,False,0.0
TRADE_6A1CAD3C6E43,1,3,48.96078431372549,56.970588235294116,40.44117647058824,16.529411764705877,56.970588235294116,40.44117647058824,영도제일중;태종대중;해동중,0,0,0,,,,0,3,False,0.0
TRADE_6A1CFDFD0D8E,1,4,36.088235294117645,45.14705882352941,22.882352941176467,22.264705882352946,45.14705882352941,22.882352941176467,대연중;문현여중;배정중;해연중,0,0,0,,,,0,3,False,0.0
TRADE_6A41782D05D8,1,9,54.25816993464051,76.79411764705881,34.82352941176471,41.9705882352941,76.79411764705881,34.82352941176471,경남중;당리중;동주여중;부산대신중학교;부산여중;부산중앙여자중학교;사하중;삼성중;장평중,0,0,0,,,,0,9,False,0.0
TRADE_6A418B83A14D,1,6,54.509803921568626,76.79411764705881,34.82352941176471,41.9705882352941,76.79411764705881,34.82352941176471,경남중;동주여중;부산대신중학교;부산여중;부산중앙여자중학교;삼성중,0,0,0,,,,0,6,False,0.0
TRADE_6A54A63984F0,1,4,68.85294117647058,78.3529411764706,56.529411764705884,21.82352941176471,78.3529411764706,56.529411764705884,동래중;동해중;부산내성중학교;유락여중,0,0,0,,,,0,4,False,0.0
TRADE_6A7BBCD9FF20,1,3,56.68627450980392,58.67647058823528,54.82352941176472,3.8529411764705657,58.67647058823528,54.82352941176472,광무여중;부산진중;서면중,0,0,0,,,,0,3,False,0.0
TRADE_6A99A86DC0F9,1,3,59.529411764705884,78.3529411764706,36.50000000000001,41.85294117647059,78.3529411764706,36.50000000000001,동래중;온천중;유락여중,0,0,0,,,,0,3,False,0.0
TRADE_6AC8AB0105E4,1,6,49.4264705882353,77.23529411764707,34.82352941176471,42.41176470588236,77.23529411764707,34.82352941176471,경남중;대신여중;부산여중;부산중앙여자중학교;송도중;초장중,0,0,0,,,,0,6,False,0.0
TRADE_6ACE21034160,1,3,48.568627450980394,64.52941176470588,30.617647058823533,33.91176470588235,64.52941176470588,30.617647058823533,연산중;연일중;연제중,0,0,0,,,,0,3,False,0.0
TRADE_6AE657578E1C,1,3,41.931372549019606,44.85294117647059,36.970588235294116,7.882352941176471,44.85294117647059,36.970588235294116,동수영중;망미중;부산수영중,0,0,0,,,,0,3,False,0.0
TRADE_6AED6951C5DF,1,3,20.764705882352942,27.117647058823525,16.294117647058826,10.8235294117647,27.117647058823525,16.294117647058826,반안중;재송여중;재송중,0,0,0,,,,0,3,False,0.0
TRADE_6AFEAD6F876D,1,4,60.19117647058823,69.70588235294117,46.5,23.205882352941174,69.70588235294117,46.5,건국중;당리중;동주여중;사하중,0,0,0,,,,0,4,False,0.0
TRADE_6B0CC8E993E5,1,4,83.57352941176471,97.70588235294117,54.23529411764706,43.470588235294116,97.70588235294117,54.23529411764706,동백중;해강중;해운대여중;해운대중,0,0,0,,,,0,4,False,0.0
TRADE_6B139EA7A99B,1,3,45.45098039215686,73.88235294117646,21.999999999999996,51.882352941176464,73.88235294117646,21.999999999999996,동의중;부산진여중;양동여중,0,0,0,,,,0,3,False,0.0
TRADE_6B1407BE7030,1,3,41.931372549019606,44.85294117647059,36.970588235294116,7.882352941176471,44.85294117647059,36.970588235294116,동수영중;망미중;부산수영중학교,0,0,0,,,,0,3,False,0.0
TRADE_6B381082CF79,1,3,48.96078431372549,56.970588235294116,40.44117647058824,16.529411764705877,56.970588235294116,40.44117647058824,영도제일중;태종대중;해동중,0,0,0,,,,0,3,False,0.0
TRADE_6B57BAECCE69,1,5,66.6,87.20588235294116,43.970588235294116,43.235294117647044,87.20588235294116,43.970588235294116,남천중;대천중;동아중;부산수영중;한바다중,0,0,0,,,,0,5,False,0.0
TRADE_6B69B10919DD,1,7,48.98319327731093,68.26470588235294,19.323529411764707,48.94117647058823,68.26470588235294,19.323529411764707,경남여중;경남중;덕원중;동주여중;부산대신중학교;부산여중;선화여중,0,0,0,,,,0,7,False,0.0
TRADE_6B74ED97E0D1,1,2,34.794117647058826,45.38235294117647,24.205882352941178,21.176470588235293,45.38235294117647,24.205882352941178,초연중;초읍중,0,0,0,,,,0,2,False,0.0
TRADE_6B8A287D0825,1,3,82.88235294117648,93.44117647058823,67.5,25.941176470588232,93.44117647058823,67.5,분포중;오륙도중;용호중,0,0,0,,,,0,3,False,0.0
TRADE_6BA4622A250F,1,2,73.89705882352942,82.26470588235294,65.52941176470588,16.735294117647058,82.26470588235294,65.52941176470588,금정중;남산중,0,0,0,,,,0,2,False,0.0
TRADE_6BA759484DC7,1,1,23.47058823529412,23.47058823529412,23.47058823529412,0.0,23.47058823529412,23.47058823529412,신라중,1,1,1,신라중,23.47058823529412,23.47058823529412,0,1,False,0.2347058823529412
TRADE_6BAFCE239EDA,1,3,48.96078431372549,56.970588235294116,40.44117647058824,16.529411764705877,56.970588235294116,40.44117647058824,영도제일중;태종대중;해동중,0,0,0,,,,0,3,False,0.0
TRADE_6BDE54EC1A30,1,3,58.08823529411765,73.52941176470588,43.970588235294116,29.558823529411768,73.52941176470588,43.970588235294116,동아중;부산수영중학교;한바다중,0,0,0,,,,0,3,False,0.0
TRADE_6C1AC25911FE,1,3,37.5,68.26470588235294,19.323529411764707,48.94117647058823,68.26470588235294,19.323529411764707,경남여중;부산중;선화여중,0,0,0,,,,0,3,False,0.0
TRADE_6C21DC0F9428,1,3,34.29411764705882,40.23529411764706,22.882352941176467,17.35294117647059,40.23529411764706,22.882352941176467,대연중;석포여중;해연중,0,0,0,,,,0,3,False,0.0
TRADE_6C37CA58E908,1,4,44.977941176470594,58.00000000000001,34.82352941176471,23.176470588235297,58.00000000000001,34.82352941176471,경남중;부산여중;부산중앙여자중학교;송도중,0,0,0,,,,0,4,False,0.0
TRADE_6C3943DC35A8,1,3,66.3235294117647,87.20588235294116,40.23529411764706,46.9705882352941,87.20588235294116,40.23529411764706,남천중;대연중;대천중,0,0,0,,,,0,3,False,0.0
TRADE_6C5E2F1D79E7,1,6,49.220588235294116,64.79411764705883,34.82352941176471,29.970588235294116,64.79411764705883,34.82352941176471,경남중;동주여중;부산대신중학교;부산여중;부산중앙여자중학교;장평중,0,0,0,,,,0,6,False,0.0
TRADE_6C98DCB36AA2,1,3,48.568627450980394,64.52941176470588,30.617647058823533,33.91176470588235,64.52941176470588,30.617647058823533,연산중;연일중;연제중,0,0,0,,,,0,3,False,0.0
TRADE_6C9B3D60449F,1,6,49.4264705882353,77.23529411764707,34.82352941176471,42.41176470588236,77.23529411764707,34.82352941176471,경남중;대신여중;부산여중;부산중앙여자중학교;송도중;초장중,0,0,0,,,,0,6,False,0.0
TRADE_6CA3ED580F6E,1,3,24.1078431372549,35.588235294117645,18.147058823529413,17.441176470588232,35.588235294117645,18.147058823529413,가람중;구남중;구포중,0,0,0,,,,0,3,False,0.0
TRADE_6CC34BBE3152,1,4,61.13970588235294,69.70588235294117,46.5,23.205882352941174,69.70588235294117,46.5,건국중;당리중;사하중;하단중,0,0,0,,,,0,4,False,0.0
TRADE_6CCD7C92264B,1,3,37.5,68.26470588235294,19.323529411764707,48.94117647058823,68.26470588235294,19.323529411764707,경남여중;부산중;선화여중,0,0,0,,,,0,3,False,0.0
TRADE_6CD30431BBAC,1,3,32.509803921568626,43.470588235294116,21.14705882352941,22.323529411764707,43.470588235294116,21.14705882352941,개금여중;개림중;부산개성중,0,0,0,,,,0,3,False,0.0
TRADE_6CDD3072B32B,1,4,61.13970588235294,69.70588235294117,46.5,23.205882352941174,69.70588235294117,46.5,건국중;당리중;사하중;하단중,0,0,0,,,,0,4,False,0.0
TRADE_6CE0FCFA009D,1,6,50.259803921568626,83.17647058823529,19.323529411764707,63.85294117647058,83.17647058823529,19.323529411764707,경남여중;덕원중;부산남중;부산대신중학교;선화여중;신선중,0,0,0,,,,0,6,False,0.0
TRADE_6CEC4A7C1D80,1,2,73.89705882352942,82.26470588235294,65.52941176470588,16.735294117647058,82.26470588235294,65.52941176470588,금정중;남산중,0,0,0,,,,0,2,False,0.0
TRADE_6D0A61FC12C4,1,2,75.11764705882354,84.70588235294117,65.52941176470588,19.17647058823529,84.70588235294117,65.52941176470588,구서여중;남산중,0,0,0,,,,0,2,False,0.0
TRADE_6D1D15CBDE28,1,7,48.98319327731093,68.26470588235294,19.323529411764707,48.94117647058823,68.26470588235294,19.323529411764707,경남여중;경남중;덕원중;동주여중;부산대신중학교;부산여중;선화여중,0,0,0,,,,0,7,False,0.0
TRADE_6D23EDEF0872,1,2,21.970588235294116,21.970588235294116,21.970588235294116,0.0,21.970588235294116,21.970588235294116,반송중;운송중,0,0,0,,,,0,1,False,0.0
TRADE_6D485584A44A,1,2,75.11764705882354,84.70588235294117,65.52941176470588,19.17647058823529,84.70588235294117,65.52941176470588,구서여중;남산중,0,0,0,,,,0,2,False,0.0
TRADE_6D5A5C652469,1,1,18.705882352941178,18.705882352941178,18.705882352941178,0.0,18.705882352941178,18.705882352941178,모라중,1,1,1,모라중,18.705882352941178,18.705882352941178,0,1,False,0.18705882352941178
TRADE_6D9E5CDF33F1,1,3,28.725490196078436,44.0,18.705882352941178,25.294117647058822,44.0,18.705882352941178,덕포여중;모라중;신라중,0,0,0,,,,0,3,False,0.0
TRADE_6DB191A57C13,1,3,61.88235294117647,88.5,45.44117647058823,43.05882352941177,88.5,45.44117647058823,동현중;부곡여자중;장전중,0,0,0,,,,0,3,False,0.0
TRADE_6DB95E9BEF4F,1,4,72.78676470588235,94.26470588235294,36.50000000000001,57.764705882352935,94.26470588235294,36.50000000000001,사직여중;사직중;여명중;온천중,0,0,0,,,,0,4,False,0.0
TRADE_6DC8D6238C51,1,3,38.0,54.82352941176472,15.705882352941178,39.117647058823536,54.82352941176472,15.705882352941178,가야여중;부산개성중;서면중,0,0,0,,,,0,3,False,0.0
TRADE_6DE5BA8A93B0,1,6,49.220588235294116,64.79411764705883,34.82352941176471,29.970588235294116,64.79411764705883,34.82352941176471,경남중;동주여중;부산대신중학교;부산여중;부산중앙여자중학교;장평중,0,0,0,,,,0,6,False,0.0
TRADE_6E03B06FFDD5,1,3,37.5,68.26470588235294,19.323529411764707,48.94117647058823,68.26470588235294,19.323529411764707,경남여중;부산중;선화여중,0,0,0,,,,0,3,False,0.0
TRADE_6E3D95CA4EF4,1,3,82.88235294117648,93.44117647058823,67.5,25.941176470588232,93.44117647058823,67.5,분포중;오륙도중;용호중,0,0,0,,,,0,3,False,0.0
TRADE_6E427169D79F,1,4,61.00735294117648,69.70588235294117,51.8235294117647,17.88235294117647,69.70588235294117,51.8235294117647,당리중;대동중;하남중;하단중,0,0,0,,,,0,4,False,0.0
TRADE_6E50122A06B4,1,2,11.073529411764707,21.058823529411764,1.0882352941176472,19.970588235294116,21.058823529411764,1.0882352941176472,기장중;대청중,0,0,0,,,,0,2,False,0.0
TRADE_6E80DC675ADA,1,4,26.977941176470587,35.588235294117645,18.147058823529413,17.441176470588232,35.588235294117645,18.147058823529413,가람중;구남중;구포중;양덕여중,0,0,0,,,,0,4,False,0.0
TRADE_6E88B1ADC825,1,3,56.68627450980392,58.67647058823528,54.82352941176472,3.8529411764705657,58.67647058823528,54.82352941176472,광무여중;부산진중;서면중,0,0,0,,,,0,3,False,0.0
TRADE_6EA3D2FC1514,1,0,,,,,,,,0,0,0,,,,0,0,False,0.0
TRADE_6EC20D58D2D6,1,3,61.88235294117647,88.5,45.44117647058823,43.05882352941177,88.5,45.44117647058823,동현중;부곡여자중;장전중,0,0,0,,,,0,3,False,0.0
TRADE_6ECC8F19E4E2,1,0,,,,,,,,0,0,0,,,,0,0,False,0.0
TRADE_6ED3E4CC6F29,1,3,74.15686274509805,88.5,51.70588235294118,36.79411764705882,88.5,51.70588235294118,금정중;부곡여중;장전중,0,0,0,,,,0,3,False,0.0
TRADE_6ED6D4C4FCEA,1,3,82.88235294117648,93.44117647058823,67.5,25.941176470588232,93.44117647058823,67.5,분포중;오륙도중;용호중,0,0,0,,,,0,3,False,0.0
TRADE_6EF68586E989,1,3,55.568627450980394,69.55882352941177,45.44117647058823,24.117647058823536,69.55882352941177,45.44117647058823,동현중;부곡여자중;부곡중,0,0,0,,,,0,3,False,0.0
TRADE_6EFFA72F655F,1,5,66.6,87.20588235294116,43.970588235294116,43.235294117647044,87.20588235294116,43.970588235294116,남천중;대천중;동아중;부산수영중;한바다중,0,0,0,,,,0,5,False,0.0
TRADE_6F13128E4E45,1,4,83.57352941176471,97.70588235294117,54.23529411764706,43.470588235294116,97.70588235294117,54.23529411764706,동백중;해강중;해운대여중;해운대중,0,0,0,,,,0,4,False,0.0
TRADE_6F2386BB7E2C,1,4,44.867647058823536,58.00000000000001,34.82352941176471,23.176470588235297,58.00000000000001,34.82352941176471,경남중;대신여중;덕원중;부산여중,0,0,0,,,,0,4,False,0.0
TRADE_6F2D6D289F2F,1,3,38.0,54.82352941176472,15.705882352941178,39.117647058823536,54.82352941176472,15.705882352941178,가야여중;부산개성중;서면중,0,0,0,,,,0,3,False,0.0
TRADE_6F2F4EA2DA55,1,5,52.54117647058823,77.23529411764707,34.82352941176471,42.41176470588236,77.23529411764707,34.82352941176471,경남중;부산대신중학교;부산여중;부산중앙여자중학교;초장중,0,0,0,,,,0,5,False,0.0
TRADE_6F303777E569,1,4,45.669117647058826,58.00000000000001,34.82352941176471,23.176470588235297,58.00000000000001,34.82352941176471,경남중;대신여중;부산대신중학교;부산여중,0,0,0,,,,0,4,False,0.0
TRADE_6F5A644BA078,1,3,55.568627450980394,69.55882352941177,45.44117647058823,24.117647058823536,69.55882352941177,45.44117647058823,동현중;부곡여자중;부곡중,0,0,0,,,,0,3,False,0.0
TRADE_6F752E08CC5F,1,3,48.568627450980394,64.52941176470588,30.617647058823533,33.91176470588235,64.52941176470588,30.617647058823533,연산중;연일중;연제중,0,0,0,,,,0,3,False,0.0
TRADE_6F859D44166C,1,6,50.35294117647059,77.23529411764707,34.82352941176471,42.41176470588236,77.23529411764707,34.82352941176471,경남중;대신여중;부산대신중학교;부산여중;부산중앙여자중학교;초장중,0,0,0,,,,0,6,False,0.0
TRADE_6FA7E75A73D3,1,2,80.19117647058823,80.5,79.88235294117646,0.6176470588235361,80.5,79.88235294117646,사직여중;사직중,0,0,0,,,,0,2,False,0.0
TRADE_6FB962A3A95E,1,2,11.073529411764707,21.058823529411764,1.0882352941176472,19.970588235294116,21.058823529411764,1.0882352941176472,기장중;대청중,0,0,0,,,,0,2,False,0.0
TRADE_6FCB69C9DD9E,1,5,50.25294117647059,73.52941176470588,36.970588235294116,36.55882352941177,73.52941176470588,36.970588235294116,광안중;동수영중;동아중;부산수영중학교;한바다중,0,0,0,,,,0,5,False,0.0
TRADE_6FCC46BDC12D,1,3,53.72549019607843,58.67647058823528,45.20588235294118,13.470588235294102,58.67647058823528,45.20588235294118,동평여중;동평중;부산진중,0,0,0,,,,0,3,False,0.0
TRADE_6FD787B21895,1,6,54.509803921568626,76.79411764705881,34.82352941176471,41.9705882352941,76.79411764705881,34.82352941176471,경남중;동주여중;부산대신중학교;부산여중;부산중앙여자중학교;삼성중,0,0,0,,,,0,6,False,0.0
TRADE_6FD8C694DD1C,1,3,48.568627450980394,64.52941176470588,30.617647058823533,33.91176470588235,64.52941176470588,30.617647058823533,연산중;연일중;연제중,0,0,0,,,,0,3,False,0.0
TRADE_6FE0B65C8E9D,1,3,42.69117647058823,45.14705882352941,40.23529411764706,4.911764705882355,45.14705882352941,40.23529411764706,대연중;문현여중;배정중,0,0,0,,,,0,2,False,0.0
TRADE_6FE26D13886A,1,0,,,,,,,,0,0,0,,,,0,0,False,0.0
TRADE_6FFB81FAD66A,1,2,11.073529411764707,21.058823529411764,1.0882352941176472,19.970588235294116,21.058823529411764,1.0882352941176472,기장중;대청중,0,0,0,,,,0,2,False,0.0
TRADE_7015DBFBF5BC,1,1,15.705882352941176,15.705882352941176,15.705882352941176,0.0,15.705882352941176,15.705882352941176,덕천중,1,1,1,덕천중,15.705882352941176,15.705882352941176,0,1,False,0.15705882352941175
TRADE_703A98C94B00,1,2,71.04411764705883,78.3529411764706,63.73529411764706,14.617647058823536,78.3529411764706,63.73529411764706,동래중;유락여자중,0,0,0,,,,0,2,False,0.0
TRADE_705746285D1C,1,3,58.08823529411765,73.52941176470588,43.970588235294116,29.558823529411768,73.52941176470588,43.970588235294116,동아중;부산수영중학교;한바다중,0,0,0,,,,0,3,False,0.0
TRADE_7058B4626310,1,3,42.38235294117647,47.147058823529406,39.76470588235294,7.382352941176464,47.147058823529406,39.76470588235294,감만중;대연중;석포여중,0,0,0,,,,0,3,False,0.0
TRADE_7084D524EDEA,1,2,38.705882352941174,54.11764705882353,23.294117647058822,30.823529411764707,54.11764705882353,23.294117647058822,동주중;주례여중,0,0,0,,,,0,2,False,0.0
TRADE_70853A0D6A42,1,2,27.088235294117645,27.088235294117645,27.088235294117645,0.0,27.088235294117645,27.088235294117645,금성중;부산서중,0,0,0,,,,0,1,False,0.0
TRADE_7098093EBC46,1,3,42.69117647058823,45.14705882352941,40.23529411764706,4.911764705882355,45.14705882352941,40.23529411764706,대연중;문현여중;배정중,0,0,0,,,,0,2,False,0.0
TRADE_70A539574263,1,4,72.78676470588235,94.26470588235294,36.50000000000001,57.764705882352935,94.26470588235294,36.50000000000001,사직여중;사직중;여명중;온천중,0,0,0,,,,0,4,False,0.0
TRADE_70BA335ED81D,1,4,38.61029411764706,53.91176470588235,23.61764705882353,30.29411764705882,53.91176470588235,23.61764705882353,대동중;사하중;영남중;장림여중,0,0,0,,,,0,4,False,0.0
TRADE_70D3CBA78F98,1,0,,,,,,,,0,0,0,,,,0,0,False,0.0
TRADE_70D7983C80B5,1,5,52.54117647058823,77.23529411764707,34.82352941176471,42.41176470588236,77.23529411764707,34.82352941176471,경남중;부산대신중학교;부산여중;부산중앙여자중학교;초장중,0,0,0,,,,0,5,False,0.0
TRADE_70E0FB6B8810,1,3,28.725490196078436,44.0,18.705882352941178,25.294117647058822,44.0,18.705882352941178,덕포여중;모라중;신라중,0,0,0,,,,0,3,False,0.0
TRADE_70F0709C7D9D,1,2,11.073529411764707,21.058823529411764,1.0882352941176472,19.970588235294116,21.058823529411764,1.0882352941176472,기장중;대청중,0,0,0,,,,0,2,False,0.0
TRADE_711B24292A08,1,3,61.88235294117647,88.5,45.44117647058823,43.05882352941177,88.5,45.44117647058823,동현중;부곡여자중;장전중,0,0,0,,,,0,3,False,0.0
TRADE_71337406D160,1,4,45.220588235294116,73.88235294117646,21.999999999999996,51.882352941176464,73.88235294117646,21.999999999999996,동의중;부산진여중;양동여중;항도중,0,0,0,,,,0,4,False,0.0
TRADE_7165CFEFAAC9,1,2,71.04411764705883,78.3529411764706,63.73529411764706,14.617647058823536,78.3529411764706,63.73529411764706,동래중;유락여자중,0,0,0,,,,0,2,False,0.0
TRADE_716CC2DFA698,1,6,50.333333333333336,79.73529411764706,30.617647058823533,49.11764705882352,79.73529411764706,30.617647058823533,동신중;연산중;연일중;연제중;이사벨중;토현중,0,0,0,,,,0,6,False,0.0
TRADE_7175B0C97C63,1,3,48.30392156862746,98.91176470588236,18.88235294117647,80.02941176470588,98.91176470588236,18.88235294117647,센텀중;재송여자중;재송중,0,0,0,,,,0,3,False,0.0
TRADE_71942DBA2461,1,4,72.78676470588235,94.26470588235294,36.50000000000001,57.764705882352935,94.26470588235294,36.50000000000001,사직여중;사직중;여명중;온천중,0,0,0,,,,0,4,False,0.0
TRADE_71A87DFC80F1,1,0,,,,,,,,0,0,0,,,,0,0,False,0.0
TRADE_71B0213E600C,1,1,31.705882352941174,31.705882352941174,31.705882352941174,0.0,31.705882352941174,31.705882352941174,일광중,0,0,0,,,,0,1,False,0.0
TRADE_71B6E94E0E2A,2,3,51.127450980392155,83.17647058823529,35.02941176470588,48.14705882352941,83.17647058823529,35.02941176470588,남도여중;부산남중;부산영선중학교,0,0,0,,,,0,3,False,0.0
TRADE_71C2059A12E4,1,6,54.509803921568626,76.79411764705881,34.82352941176471,41.9705882352941,76.79411764705881,34.82352941176471,경남중;동주여중;부산대신중학교;부산여중;부산중앙여자중학교;삼성중,0,0,0,,,,0,6,False,0.0
TRADE_71CFE46E961E,1,4,61.13970588235294,69.70588235294117,46.5,23.205882352941174,69.70588235294117,46.5,건국중;당리중;사하중;하단중,0,0,0,,,,0,4,False,0.0
TRADE_71D0F6936F38,1,1,45.647058823529406,45.647058823529406,45.647058823529406,0.0,45.647058823529406,45.647058823529406,신호중,1,1,1,신호중,45.647058823529406,45.647058823529406,0,1,False,0.4564705882352941
TRADE_720BC1C5B4D2,1,4,43.794117647058826,58.82352941176471,30.617647058823533,28.205882352941178,58.82352941176471,30.617647058823533,망미중;연제중;연천중;토현중,0,0,0,,,,0,4,False,0.0
TRADE_723A8296C90B,1,3,45.45098039215686,73.88235294117646,21.999999999999996,51.882352941176464,73.88235294117646,21.999999999999996,동의중;부산진여중;양동여중,0,0,0,,,,0,3,False,0.0
TRADE_7249DE172C2F,1,3,48.568627450980394,64.52941176470588,30.617647058823533,33.91176470588235,64.52941176470588,30.617647058823533,연산중;연일중;연제중,0,0,0,,,,0,3,False,0.0
TRADE_725DD3FF0709,1,3,55.568627450980394,69.55882352941177,45.44117647058823,24.117647058823536,69.55882352941177,45.44117647058823,동현중;부곡여자중;부곡중,0,0,0,,,,0,3,False,0.0
TRADE_7262D9A4EB4E,1,3,59.529411764705884,78.3529411764706,36.50000000000001,41.85294117647059,78.3529411764706,36.50000000000001,동래중;온천중;유락여중,0,0,0,,,,0,3,False,0.0
TRADE_72766AF2A5B3,1,3,51.127450980392155,83.17647058823529,35.02941176470588,48.14705882352941,83.17647058823529,35.02941176470588,남도여중;부산남중;부산영선중학교,0,0,0,,,,0,3,False,0.0
TRADE_7286AA80DE43,1,3,42.69117647058823,45.14705882352941,40.23529411764706,4.911764705882355,45.14705882352941,40.23529411764706,대연중;문현여중;배정중,0,0,0,,,,0,2,False,0.0
TRADE_7293E429854A,1,3,47.372549019607845,62.52941176470588,21.999999999999996,40.529411764705884,62.52941176470588,21.999999999999996,덕명여중;부산동중;부산진여중,0,0,0,,,,0,3,False,0.0
TRADE_729D111D2C1B,1,4,61.13970588235294,69.70588235294117,46.5,23.205882352941174,69.70588235294117,46.5,건국중;당리중;사하중;하단중,0,0,0,,,,0,4,False,0.0
TRADE_72AAD86230D7,1,5,50.25294117647059,73.52941176470588,36.970588235294116,36.55882352941177,73.52941176470588,36.970588235294116,광안중;동수영중;동아중;부산수영중학교;한바다중,0,0,0,,,,0,5,False,0.0
TRADE_72ACF9DBBFB6,1,3,48.30392156862746,98.91176470588236,18.88235294117647,80.02941176470588,98.91176470588236,18.88235294117647,센텀중;재송여자중;재송중,0,0,0,,,,0,3,False,0.0
TRADE_72ADA7627632,1,3,59.529411764705884,78.3529411764706,36.50000000000001,41.85294117647059,78.3529411764706,36.50000000000001,동래중;온천중;유락여중,0,0,0,,,,0,3,False,0.0
TRADE_731DA9B7191A,1,2,75.11764705882354,84.70588235294117,65.52941176470588,19.17647058823529,84.70588235294117,65.52941176470588,구서여중;남산중,0,0,0,,,,0,2,False,0.0
TRADE_732161062C11,1,1,32.647058823529406,32.647058823529406,32.647058823529406,0.0,32.647058823529406,32.647058823529406,주례중,1,1,1,주례중,32.647058823529406,32.647058823529406,0,1,False,0.32647058823529407
TRADE_7363D1DF6D4D,1,3,43.455882352941174,47.147058823529406,39.76470588235294,7.382352941176464,47.147058823529406,39.76470588235294,감만중;배정중;석포여중,0,0,0,,,,0,2,False,0.0
TRADE_737F13A470A2,1,1,15.705882352941176,15.705882352941176,15.705882352941176,0.0,15.705882352941176,15.705882352941176,덕천중,1,1,1,덕천중,15.705882352941176,15.705882352941176,0,1,False,0.15705882352941175
TRADE_739DE861E49C,1,5,52.54117647058823,77.23529411764707,34.82352941176471,42.41176470588236,77.23529411764707,34.82352941176471,경남중;부산대신중학교;부산여중;부산중앙여자중학교;초장중,0,0,0,,,,0,5,False,0.0
TRADE_73D6B6952896,1,3,59.529411764705884,78.3529411764706,36.50000000000001,41.85294117647059,78.3529411764706,36.50000000000001,동래중;온천중;유락여중,0,0,0,,,,0,3,False,0.0
TRADE_742EAD55D903,1,4,25.022058823529413,40.294117647058826,8.088235294117647,32.20588235294118,40.294117647058826,8.088235294117647,모전중;부산중앙중;장안중;정관중,0,0,0,,,,0,4,False,0.0
TRADE_743034A314DE,1,4,61.13970588235294,69.70588235294117,46.5,23.205882352941174,69.70588235294117,46.5,건국중;당리중;사하중;하단중,0,0,0,,,,0,4,False,0.0
TRADE_743EE702C26D,1,3,59.529411764705884,78.3529411764706,36.50000000000001,41.85294117647059,78.3529411764706,36.50000000000001,동래중;온천중;유락여중,0,0,0,,,,0,3,False,0.0
TRADE_744B8C8D9B1E,1,7,48.98319327731093,68.26470588235294,19.323529411764707,48.94117647058823,68.26470588235294,19.323529411764707,경남여중;경남중;덕원중;동주여중;부산대신중학교;부산여중;선화여중,0,0,0,,,,0,7,False,0.0
TRADE_7464F493EDA3,1,3,17.95098039215686,31.705882352941174,1.0882352941176472,30.617647058823525,31.705882352941174,1.0882352941176472,기장중;대청중;일광중,0,0,0,,,,0,3,False,0.0
TRADE_746820BD3EBE,1,2,71.04411764705883,78.3529411764706,63.73529411764706,14.617647058823536,78.3529411764706,63.73529411764706,동래중;유락여자중,0,0,0,,,,0,2,False,0.0
TRADE_747453F68B13,1,5,52.54117647058823,77.23529411764707,34.82352941176471,42.41176470588236,77.23529411764707,34.82352941176471,경남중;부산대신중학교;부산여중;부산중앙여자중학교;초장중,0,0,0,,,,0,5,False,0.0
TRADE_748CA4B99BC8,1,1,21.176470588235293,21.176470588235293,21.176470588235293,0.0,21.176470588235293,21.176470588235293,주감중,1,1,1,주감중,21.176470588235293,21.176470588235293,0,1,False,0.21176470588235294
TRADE_748DEE3ACAE1,1,3,79.57843137254902,88.5,65.52941176470588,22.970588235294116,88.5,65.52941176470588,구서여중;남산중;장전중,0,0,0,,,,0,3,False,0.0
TRADE_74C1C48FCE69,1,6,50.259803921568626,83.17647058823529,19.323529411764707,63.85294117647058,83.17647058823529,19.323529411764707,경남여중;덕원중;부산남중;부산대신중학교;선화여중;신선중,0,0,0,,,,0,6,False,0.0
TRADE_74CF3C26DFF0,1,2,73.89705882352942,82.26470588235294,65.52941176470588,16.735294117647058,82.26470588235294,65.52941176470588,금정중;남산중,0,0,0,,,,0,2,False,0.0
TRADE_74F330CEF42E,1,5,50.25294117647059,73.52941176470588,36.970588235294116,36.55882352941177,73.52941176470588,36.970588235294116,광안중;동수영중;동아중;부산수영중학교;한바다중,0,0,0,,,,0,5,False,0.0
TRADE_7503A7A9B1DA,1,2,73.89705882352942,82.26470588235294,65.52941176470588,16.735294117647058,82.26470588235294,65.52941176470588,금정중;남산중,0,0,0,,,,0,2,False,0.0
TRADE_75131BD336CB,1,4,72.78676470588235,94.26470588235294,36.50000000000001,57.764705882352935,94.26470588235294,36.50000000000001,사직여중;사직중;여명중;온천중,0,0,0,,,,0,4,False,0.0
TRADE_75253573B3C2,1,1,42.67647058823529,42.67647058823529,42.67647058823529,0.0,42.67647058823529,42.67647058823529,낙동중,1,1,1,낙동중,42.67647058823529,42.67647058823529,0,1,False,0.4267647058823529
TRADE_754FB96BF47E,1,3,58.08823529411765,73.52941176470588,43.970588235294116,29.558823529411768,73.52941176470588,43.970588235294116,동아중;부산수영중학교;한바다중,0,0,0,,,,0,3,False,0.0
TRADE_7556908AF118,1,4,45.669117647058826,58.00000000000001,34.82352941176471,23.176470588235297,58.00000000000001,34.82352941176471,경남중;대신여중;부산대신중학교;부산여중,0,0,0,,,,0,4,False,0.0
TRADE_7562B40726E5,1,2,71.04411764705883,78.3529411764706,63.73529411764706,14.617647058823536,78.3529411764706,63.73529411764706,동래중;유락여자중,0,0,0,,,,0,2,False,0.0
TRADE_756AE03E70D0,1,3,23.774509803921564,27.088235294117645,19.323529411764707,7.7647058823529385,27.088235294117645,19.323529411764707,경남여중;부산서중;부산중,0,0,0,,,,0,3,False,0.0
TRADE_75893BF9FB14,1,3,61.88235294117647,88.5,45.44117647058823,43.05882352941177,88.5,45.44117647058823,동현중;부곡여자중;장전중,0,0,0,,,,0,3,False,0.0
TRADE_7596076E18E2,1,3,51.127450980392155,83.17647058823529,35.02941176470588,48.14705882352941,83.17647058823529,35.02941176470588,남도여중;부산남중;부산영선중학교,0,0,0,,,,0,3,False,0.0
TRADE_759C596DEC94,1,2,11.073529411764707,21.058823529411764,1.0882352941176472,19.970588235294116,21.058823529411764,1.0882352941176472,기장중;대청중,0,0,0,,,,0,2,False,0.0
TRADE_759D986860B5,1,2,38.705882352941174,54.11764705882353,23.294117647058822,30.823529411764707,54.11764705882353,23.294117647058822,동주중;주례여중,0,0,0,,,,0,2,False,0.0
TRADE_75C17D871F28,1,4,60.55882352941177,76.79411764705881,45.05882352941177,31.735294117647044,76.79411764705881,45.05882352941177,감천중;동주여중;삼성중;장평중,0,0,0,,,,0,4,False,0.0
TRADE_75D81A53D360,1,6,50.35294117647059,77.23529411764707,34.82352941176471,42.41176470588236,77.23529411764707,34.82352941176471,경남중;대신여중;부산대신중학교;부산여중;부산중앙여자중학교;초장중,0,0,0,,,,0,6,False,0.0
TRADE_75EB3DF49E46,1,6,49.220588235294116,64.79411764705883,34.82352941176471,29.970588235294116,64.79411764705883,34.82352941176471,경남중;동주여중;부산대신중학교;부산여중;부산중앙여자중학교;장평중,0,0,0,,,,0,6,False,0.0
TRADE_75EC46721014,1,3,55.568627450980394,69.55882352941177,45.44117647058823,24.117647058823536,69.55882352941177,45.44117647058823,동현중;부곡여자중;부곡중,0,0,0,,,,0,3,False,0.0
TRADE_75EFE0D8C2A0,1,4,25.022058823529413,40.294117647058826,8.088235294117647,32.20588235294118,40.294117647058826,8.088235294117647,모전중;부산중앙중;장안중;정관중,0,0,0,,,,0,4,False,0.0
TRADE_75F08C033AC4,1,9,52.36601307189542,69.70588235294117,34.82352941176471,34.882352941176464,69.70588235294117,34.82352941176471,건국중;경남중;당리중;동주여중;부산대신중학교;부산여중;부산중앙여자중학교;사하중;장평중,0,0,0,,,,0,9,False,0.0
TRADE_75FEB4C7C328,1,4,43.794117647058826,58.82352941176471,30.617647058823533,28.205882352941178,58.82352941176471,30.617647058823533,망미중;연제중;연천중;토현중,0,0,0,,,,0,4,False,0.0
TRADE_7609D7334334,1,4,56.51470588235294,69.70588235294117,45.05882352941177,24.647058823529406,69.70588235294117,45.05882352941177,당리중;동주여중;사하중;장평중,0,0,0,,,,0,4,False,0.0
TRADE_761039DD1FEB,1,5,50.25294117647059,73.52941176470588,36.970588235294116,36.55882352941177,73.52941176470588,36.970588235294116,광안중;동수영중;동아중;부산수영중학교;한바다중,0,0,0,,,,0,5,False,0.0
TRADE_762248AAAF05,1,2,17.14705882352941,18.588235294117645,15.705882352941176,2.8823529411764692,18.588235294117645,15.705882352941176,가람중;덕천중,0,0,0,,,,0,2,False,0.0
TRADE_7625BDAADE00,1,0,,,,,,,,0,0,0,,,,0,0,False,0.0
TRADE_762DFC80E4C1,1,3,34.29411764705882,40.23529411764706,22.882352941176467,17.35294117647059,40.23529411764706,22.882352941176467,대연중;석포여중;해연중,0,0,0,,,,0,3,False,0.0
TRADE_764931903DF8,1,4,44.867647058823536,58.00000000000001,34.82352941176471,23.176470588235297,58.00000000000001,34.82352941176471,경남중;대신여중;덕원중;부산여중,0,0,0,,,,0,4,False,0.0
TRADE_7677B83782E0,1,4,68.09558823529412,88.5,49.91176470588235,38.58823529411765,88.5,49.91176470588235,금정중;동래여중;부곡여자중;장전중,0,0,0,,,,0,4,False,0.0
TRADE_767D475E1D9D,1,6,50.333333333333336,79.73529411764706,30.617647058823533,49.11764705882352,79.73529411764706,30.617647058823533,동신중;연산중;연일중;연제중;이사벨중;토현중,0,0,0,,,,0,6,False,0.0
TRADE_76829B2F7AA3,1,6,50.35294117647059,77.23529411764707,34.82352941176471,42.41176470588236,77.23529411764707,34.82352941176471,경남중;대신여중;부산대신중학교;부산여중;부산중앙여자중학교;초장중,0,0,0,,,,0,6,False,0.0
TRADE_76C5DD5A71B2,1,4,83.57352941176471,97.70588235294117,54.23529411764706,43.470588235294116,97.70588235294117,54.23529411764706,동백중;해강중;해운대여중;해운대중,0,0,0,,,,0,4,False,0.0
TRADE_76CDD3E07DB9,1,2,75.11764705882354,84.70588235294117,65.52941176470588,19.17647058823529,84.70588235294117,65.52941176470588,구서여중;남산중,0,0,0,,,,0,2,False,0.0
TRADE_76E2DD2CFFD2,1,7,48.98319327731093,68.26470588235294,19.323529411764707,48.94117647058823,68.26470588235294,19.323529411764707,경남여중;경남중;덕원중;동주여중;부산대신중학교;부산여중;선화여중,0,0,0,,,,0,7,False,0.0
TRADE_76FD625D7D6C,1,3,53.72549019607843,58.67647058823528,45.20588235294118,13.470588235294102,58.67647058823528,45.20588235294118,동평여중;동평중;부산진중,0,0,0,,,,0,3,False,0.0
TRADE_770EE5C63B1F,1,4,44.867647058823536,58.00000000000001,34.82352941176471,23.176470588235297,58.00000000000001,34.82352941176471,경남중;대신여중;덕원중;부산여중,0,0,0,,,,0,4,False,0.0
TRADE_771213840495,1,2,75.11764705882354,84.70588235294117,65.52941176470588,19.17647058823529,84.70588235294117,65.52941176470588,구서여중;남산중,0,0,0,,,,0,2,False,0.0
TRADE_773127E0839A,1,4,72.78676470588235,94.26470588235294,36.50000000000001,57.764705882352935,94.26470588235294,36.50000000000001,사직여중;사직중;여명중;온천중,0,0,0,,,,0,4,False,0.0
TRADE_775198AE98B5,1,4,61.13970588235294,69.70588235294117,46.5,23.205882352941174,69.70588235294117,46.5,건국중;당리중;사하중;하단중,0,0,0,,,,0,4,False,0.0
TRADE_7754B52A8F04,1,3,48.17647058823528,58.67647058823528,40.470588235294116,18.205882352941167,58.67647058823528,40.470588235294116,부산진중;양동여중;초연중,0,0,0,,,,0,3,False,0.0
TRADE_7757AE447470,1,4,60.55882352941177,76.79411764705881,45.05882352941177,31.735294117647044,76.79411764705881,45.05882352941177,감천중;동주여중;삼성중;장평중,0,0,0,,,,0,4,False,0.0
TRADE_77913943999E,1,0,,,,,,,,0,0,0,,,,0,0,False,0.0
TRADE_77C435F1E8A0,1,5,50.25294117647059,73.52941176470588,36.970588235294116,36.55882352941177,73.52941176470588,36.970588235294116,광안중;동수영중;동아중;부산수영중학교;한바다중,0,0,0,,,,0,5,False,0.0
TRADE_77CD25266528,1,2,75.11764705882354,84.70588235294117,65.52941176470588,19.17647058823529,84.70588235294117,65.52941176470588,구서여중;남산중,0,0,0,,,,0,2,False,0.0
TRADE_77EEB6CE5D05,1,3,59.529411764705884,78.3529411764706,36.50000000000001,41.85294117647059,78.3529411764706,36.50000000000001,동래중;온천중;유락여중,0,0,0,,,,0,3,False,0.0
TRADE_781B4BAC2ABE,1,4,72.78676470588235,94.26470588235294,36.50000000000001,57.764705882352935,94.26470588235294,36.50000000000001,사직여중;사직중;여명중;온천중,0,0,0,,,,0,4,False,0.0
TRADE_781BF22EE9E2,1,4,60.55882352941177,76.79411764705881,45.05882352941177,31.735294117647044,76.79411764705881,45.05882352941177,감천중;동주여중;삼성중;장평중,0,0,0,,,,0,4,False,0.0
TRADE_781C3E10CD2C,1,4,33.786764705882355,54.82352941176472,15.705882352941178,39.117647058823536,54.82352941176472,15.705882352941178,가야여중;개림중;부산개성중;서면중,0,0,0,,,,0,4,False,0.0
TRADE_7858A307D043,1,3,58.08823529411765,73.52941176470588,43.970588235294116,29.558823529411768,73.52941176470588,43.970588235294116,동아중;부산수영중학교;한바다중,0,0,0,,,,0,3,False,0.0
TRADE_785C09312093,1,5,52.54117647058823,77.23529411764707,34.82352941176471,42.41176470588236,77.23529411764707,34.82352941176471,경남중;부산대신중학교;부산여중;부산중앙여자중학교;초장중,0,0,0,,,,0,5,False,0.0
TRADE_785E53F0A3E7,1,1,42.67647058823529,42.67647058823529,42.67647058823529,0.0,42.67647058823529,42.67647058823529,낙동중,1,1,1,낙동중,42.67647058823529,42.67647058823529,0,1,False,0.4267647058823529
TRADE_787F158CCCA5,1,2,11.073529411764707,21.058823529411764,1.0882352941176472,19.970588235294116,21.058823529411764,1.0882352941176472,기장중;대청중,0,0,0,,,,0,2,False,0.0
TRADE_78832EF81FD4,1,6,50.35294117647059,77.23529411764707,34.82352941176471,42.41176470588236,77.23529411764707,34.82352941176471,경남중;대신여중;부산대신중학교;부산여중;부산중앙여자중학교;초장중,0,0,0,,,,0,6,False,0.0
TRADE_789FF437CD3B,1,2,71.23529411764707,76.91176470588236,65.55882352941177,11.352941176470594,76.91176470588236,65.55882352941177,용수중;화명중,0,0,0,,,,0,2,False,0.0
TRADE_78BCE55BE7CA,1,4,61.13970588235294,69.70588235294117,46.5,23.205882352941174,69.70588235294117,46.5,건국중;당리중;사하중;하단중,0,0,0,,,,0,4,False,0.0
TRADE_78BD0349422C,1,3,46.82352941176471,48.5,45.14705882352941,3.352941176470587,48.5,45.14705882352941,문현여중;배정중;부산동여중,0,0,0,,,,0,2,False,0.0
TRADE_78CBEC439137,1,1,21.176470588235293,21.176470588235293,21.176470588235293,0.0,21.176470588235293,21.176470588235293,주감중,1,1,1,주감중,21.176470588235293,21.176470588235293,0,1,False,0.21176470588235294
TRADE_78EBCD13E105,1,4,83.57352941176471,97.70588235294117,54.23529411764706,43.470588235294116,97.70588235294117,54.23529411764706,동백중;해강중;해운대여중;해운대중,0,0,0,,,,0,4,False,0.0
TRADE_78FB24A0A958,1,2,73.89705882352942,82.26470588235294,65.52941176470588,16.735294117647058,82.26470588235294,65.52941176470588,금정중;남산중,0,0,0,,,,0,2,False,0.0
TRADE_7905A0F8D888,1,5,38.95294117647059,53.91176470588235,23.61764705882353,30.29411764705882,53.91176470588235,23.61764705882353,대동중;두송중;영남중;장림여중;장평중,0,0,0,,,,0,5,False,0.0
TRADE_791704ACDF24,1,0,,,,,,,,0,0,0,,,,0,0,False,0.0
TRADE_7926266F9DD5,1,3,42.75490196078431,58.67647058823528,24.205882352941178,34.4705882352941,58.67647058823528,24.205882352941178,부산진중;초연중;초읍중,0,0,0,,,,0,3,False,0.0
TRADE_7930B6F73816,1,2,71.04411764705883,78.3529411764706,63.73529411764706,14.617647058823536,78.3529411764706,63.73529411764706,동래중;유락여자중,0,0,0,,,,0,2,False,0.0
TRADE_793DDB2ACD1A,1,3,66.3235294117647,87.20588235294116,40.23529411764706,46.9705882352941,87.20588235294116,40.23529411764706,남천중;대연중;대천중,0,0,0,,,,0,3,False,0.0
TRADE_7956075B4312,1,3,79.57843137254902,88.5,65.52941176470588,22.970588235294116,88.5,65.52941176470588,구서여중;남산중;장전중,0,0,0,,,,0,3,False,0.0
TRADE_795737963E32,1,3,43.69117647058823,47.147058823529406,40.23529411764706,6.911764705882348,47.147058823529406,40.23529411764706,감만중;대연중;배정중,0,0,0,,,,0,2,False,0.0
TRADE_7961CB73E9A0,1,4,72.78676470588235,94.26470588235294,36.50000000000001,57.764705882352935,94.26470588235294,36.50000000000001,사직여중;사직중;여명중;온천중,0,0,0,,,,0,4,False,0.0
TRADE_7978694123EE,1,3,75.27450980392156,94.26470588235294,51.8235294117647,42.44117647058824,94.26470588235294,51.8235294117647,거제여중;여명중;이사벨중,0,0,0,,,,0,3,False,0.0
TRADE_7981EF9B33D9,1,7,48.98319327731093,68.26470588235294,19.323529411764707,48.94117647058823,68.26470588235294,19.323529411764707,경남여중;경남중;덕원중;동주여중;부산대신중학교;부산여중;선화여중,0,0,0,,,,0,7,False,0.0
TRADE_799D02DE1EC7,1,4,68.09558823529412,88.5,49.91176470588235,38.58823529411765,88.5,49.91176470588235,금정중;동래여중;부곡여자중;장전중,0,0,0,,,,0,4,False,0.0
TRADE_79A811418268,1,4,53.57352941176471,73.52941176470588,40.02941176470588,33.50000000000001,73.52941176470588,40.02941176470588,광안중;동아중;부산수영중;한바다중,0,0,0,,,,0,4,False,0.0
TRADE_79FAAEE8F148,1,3,45.45098039215686,73.88235294117646,21.999999999999996,51.882352941176464,73.88235294117646,21.999999999999996,동의중;부산진여중;양동여중,0,0,0,,,,0,3,False,0.0
TRADE_7A11D2FD6CDE,1,3,37.5,68.26470588235294,19.323529411764707,48.94117647058823,68.26470588235294,19.323529411764707,경남여중;부산중;선화여중,0,0,0,,,,0,3,False,0.0
TRADE_7A22C5172D09,1,6,49.4264705882353,77.23529411764707,34.82352941176471,42.41176470588236,77.23529411764707,34.82352941176471,경남중;대신여중;부산여중;부산중앙여자중학교;송도중;초장중,0,0,0,,,,0,6,False,0.0
TRADE_7A362315C9A5,1,3,48.568627450980394,64.52941176470588,30.617647058823533,33.91176470588235,64.52941176470588,30.617647058823533,연산중;연일중;연제중,0,0,0,,,,0,3,False,0.0
TRADE_7A40217231BF,1,3,45.45098039215686,73.88235294117646,21.999999999999996,51.882352941176464,73.88235294117646,21.999999999999996,동의중;부산진여중;양동여중,0,0,0,,,,0,3,False,0.0
TRADE_7A42988A438A,1,3,34.29411764705882,40.23529411764706,22.882352941176467,17.35294117647059,40.23529411764706,22.882352941176467,대연중;석포여중;해연중,0,0,0,,,,0,3,False,0.0
TRADE_7A4B2560C471,1,4,72.78676470588235,94.26470588235294,36.50000000000001,57.764705882352935,94.26470588235294,36.50000000000001,사직여중;사직중;여명중;온천중,0,0,0,,,,0,4,False,0.0
TRADE_7A5428DE7A42,1,3,34.29411764705882,40.23529411764706,22.882352941176467,17.35294117647059,40.23529411764706,22.882352941176467,대연중;석포여중;해연중,0,0,0,,,,0,3,False,0.0
TRADE_7A648E3C3173,1,5,50.25294117647059,73.52941176470588,36.970588235294116,36.55882352941177,73.52941176470588,36.970588235294116,광안중;동수영중;동아중;부산수영중학교;한바다중,0,0,0,,,,0,5,False,0.0
TRADE_7ADFA91F6147,1,3,34.29411764705882,40.23529411764706,22.882352941176467,17.35294117647059,40.23529411764706,22.882352941176467,대연중;석포여중;해연중,0,0,0,,,,0,3,False,0.0
TRADE_7AE2AB3EDAA3,1,3,48.568627450980394,64.52941176470588,30.617647058823533,33.91176470588235,64.52941176470588,30.617647058823533,연산중;연일중;연제중,0,0,0,,,,0,3,False,0.0
TRADE_7AF5AB96754B,1,4,60.55882352941177,76.79411764705881,45.05882352941177,31.735294117647044,76.79411764705881,45.05882352941177,감천중;동주여중;삼성중;장평중,0,0,0,,,,0,4,False,0.0
TRADE_7AFFFB043E93,1,3,42.75490196078431,58.67647058823528,24.205882352941178,34.4705882352941,58.67647058823528,24.205882352941178,부산진중;초연중;초읍중,0,0,0,,,,0,3,False,0.0
TRADE_7B3EC0806A44,1,3,59.529411764705884,78.3529411764706,36.50000000000001,41.85294117647059,78.3529411764706,36.50000000000001,동래중;온천중;유락여중,0,0,0,,,,0,3,False,0.0
TRADE_7B42127C8682,1,4,60.55882352941177,76.79411764705881,45.05882352941177,31.735294117647044,76.79411764705881,45.05882352941177,감천중;동주여중;삼성중;장평중,0,0,0,,,,0,4,False,0.0
TRADE_7B527B098FE3,1,3,34.29411764705882,40.23529411764706,22.882352941176467,17.35294117647059,40.23529411764706,22.882352941176467,대연중;석포여중;해연중,0,0,0,,,,0,3,False,0.0
TRADE_7B542212F7FE,1,3,37.794117647058826,48.5,27.088235294117645,21.411764705882355,48.5,27.088235294117645,금성중;부산동여중;부산서중,0,0,0,,,,0,2,False,0.0
TRADE_7B580F815E13,1,0,,,,,,,,0,0,0,,,,0,0,False,0.0
TRADE_7B5F03719631,1,4,26.977941176470587,35.588235294117645,18.147058823529413,17.441176470588232,35.588235294117645,18.147058823529413,가람중;구남중;구포중;양덕여중,0,0,0,,,,0,4,False,0.0
TRADE_7B8585770E9B,1,0,,,,,,,,0,0,0,,,,0,0,False,0.0
TRADE_7B88D84394F8,1,3,37.5,68.26470588235294,19.323529411764707,48.94117647058823,68.26470588235294,19.323529411764707,경남여중;부산중;선화여중,0,0,0,,,,0,3,False,0.0
TRADE_7B90F8444DF4,1,9,52.36601307189542,69.70588235294117,34.82352941176471,34.882352941176464,69.70588235294117,34.82352941176471,건국중;경남중;당리중;동주여중;부산대신중학교;부산여중;부산중앙여자중학교;사하중;장평중,0,0,0,,,,0,9,False,0.0
TRADE_7B95B50AB73A,1,4,49.5,73.88235294117646,21.999999999999996,51.882352941176464,73.88235294117646,21.999999999999996,덕명여중;동의중;부산진여중;항도중,0,0,0,,,,0,4,False,0.0
TRADE_7BB63210021F,1,3,20.764705882352942,27.117647058823525,16.294117647058826,10.8235294117647,27.117647058823525,16.294117647058826,반안중;재송여중;재송중,0,0,0,,,,0,3,False,0.0
TRADE_7BBC0E650C36,1,3,79.57843137254902,88.5,65.52941176470588,22.970588235294116,88.5,65.52941176470588,구서여중;남산중;장전중,0,0,0,,,,0,3,False,0.0
TRADE_7BC18AB596E6,1,0,,,,,,,,0,0,0,,,,0,0,False,0.0
TRADE_7C2AAE846EA2,1,4,72.78676470588235,94.26470588235294,36.50000000000001,57.764705882352935,94.26470588235294,36.50000000000001,사직여중;사직중;여명중;온천중,0,0,0,,,,0,4,False,0.0
TRADE_7C30D6675A2D,1,2,38.705882352941174,54.11764705882353,23.294117647058822,30.823529411764707,54.11764705882353,23.294117647058822,동주중;주례여중,0,0,0,,,,0,2,False,0.0
TRADE_7C3426AC8997,1,1,15.705882352941176,15.705882352941176,15.705882352941176,0.0,15.705882352941176,15.705882352941176,덕천중,1,1,1,덕천중,15.705882352941176,15.705882352941176,0,1,False,0.15705882352941175
TRADE_7C67617A9434,1,3,51.127450980392155,83.17647058823529,35.02941176470588,48.14705882352941,83.17647058823529,35.02941176470588,남도여중;부산남중;부산영선중학교,0,0,0,,,,0,3,False,0.0
TRADE_7C95AF5C757C,1,2,75.11764705882354,84.70588235294117,65.52941176470588,19.17647058823529,84.70588235294117,65.52941176470588,구서여중;남산중,0,0,0,,,,0,2,False,0.0
TRADE_7C98DAD5CFA6,1,3,75.27450980392156,94.26470588235294,51.8235294117647,42.44117647058824,94.26470588235294,51.8235294117647,거제여중;여명중;이사벨중,0,0,0,,,,0,3,False,0.0
TRADE_7C9E093E63D1,1,4,34.29411764705882,40.23529411764706,22.882352941176467,17.35294117647059,40.23529411764706,22.882352941176467,대연중;배정중;석포여중;해연중,0,0,0,,,,0,3,False,0.0
TRADE_7C9EE71A1A81,1,3,48.30392156862746,98.91176470588236,18.88235294117647,80.02941176470588,98.91176470588236,18.88235294117647,센텀중;재송여자중;재송중,0,0,0,,,,0,3,False,0.0
TRADE_7CA9E851514C,1,5,50.25294117647059,73.52941176470588,36.970588235294116,36.55882352941177,73.52941176470588,36.970588235294116,광안중;동수영중;동아중;부산수영중학교;한바다중,0,0,0,,,,0,5,False,0.0
TRADE_7CAE733B7AF7,1,0,,,,,,,,0,0,0,,,,0,0,False,0.0
TRADE_7CCAEBB0853C,1,3,48.568627450980394,64.52941176470588,30.617647058823533,33.91176470588235,64.52941176470588,30.617647058823533,연산중;연일중;연제중,0,0,0,,,,0,3,False,0.0
TRADE_7CE10BEFA0AB,1,6,50.35294117647059,77.23529411764707,34.82352941176471,42.41176470588236,77.23529411764707,34.82352941176471,경남중;대신여중;부산대신중학교;부산여중;부산중앙여자중학교;초장중,0,0,0,,,,0,6,False,0.0
TRADE_7CF0F7DF9050,1,5,52.54117647058823,77.23529411764707,34.82352941176471,42.41176470588236,77.23529411764707,34.82352941176471,경남중;부산대신중학교;부산여중;부산중앙여자중학교;초장중,0,0,0,,,,0,5,False,0.0
TRADE_7D179CAB3D65,1,4,61.13970588235294,69.70588235294117,46.5,23.205882352941174,69.70588235294117,46.5,건국중;당리중;사하중;하단중,0,0,0,,,,0,4,False,0.0
TRADE_7D17B90FEC70,1,4,68.85294117647058,78.3529411764706,56.529411764705884,21.82352941176471,78.3529411764706,56.529411764705884,동래중;동해중;부산내성중학교;유락여중,0,0,0,,,,0,4,False,0.0
TRADE_7D1F207E8A60,1,6,50.259803921568626,83.17647058823529,19.323529411764707,63.85294117647058,83.17647058823529,19.323529411764707,경남여중;덕원중;부산남중;부산대신중학교;선화여중;신선중,0,0,0,,,,0,6,False,0.0
TRADE_7D24C849B2C2,1,4,60.55882352941177,76.79411764705881,45.05882352941177,31.735294117647044,76.79411764705881,45.05882352941177,감천중;동주여중;삼성중;장평중,0,0,0,,,,0,4,False,0.0
TRADE_7D38B425F8EB,1,0,,,,,,,,0,0,0,,,,0,0,False,0.0
TRADE_7D45A092CBBD,1,2,71.04411764705883,78.3529411764706,63.73529411764706,14.617647058823536,78.3529411764706,63.73529411764706,동래중;유락여자중,0,0,0,,,,0,2,False,0.0
TRADE_7D51A1248206,1,2,75.11764705882354,84.70588235294117,65.52941176470588,19.17647058823529,84.70588235294117,65.52941176470588,구서여중;남산중,0,0,0,,,,0,2,False,0.0
TRADE_7D54AD21816C,1,3,56.68627450980392,58.67647058823528,54.82352941176472,3.8529411764705657,58.67647058823528,54.82352941176472,광무여중;부산진중;서면중,0,0,0,,,,0,3,False,0.0
TRADE_7D5893D4086C,1,2,11.073529411764707,21.058823529411764,1.0882352941176472,19.970588235294116,21.058823529411764,1.0882352941176472,기장중;대청중,0,0,0,,,,0,2,False,0.0
TRADE_7D68399E0E7C,1,0,,,,,,,,0,0,0,,,,0,0,False,0.0
TRADE_7D70E1122281,1,3,42.720588235294116,45.14705882352941,40.294117647058826,4.852941176470587,45.14705882352941,40.294117647058826,문현여중;배정중;부산중앙중,0,0,0,,,,0,2,False,0.0
TRADE_7D73882B0ACE,1,6,50.35294117647059,77.23529411764707,34.82352941176471,42.41176470588236,77.23529411764707,34.82352941176471,경남중;대신여중;부산대신중학교;부산여중;부산중앙여자중학교;초장중,0,0,0,,,,0,6,False,0.0
TRADE_7D742198CDAB,1,0,,,,,,,,0,0,0,,,,0,0,False,0.0
TRADE_7D78350229C8,1,3,48.96078431372549,56.970588235294116,40.44117647058824,16.529411764705877,56.970588235294116,40.44117647058824,영도제일중;태종대중;해동중,0,0,0,,,,0,3,False,0.0
TRADE_7DD9E221B938,1,3,86.74509803921569,92.52941176470588,77.88235294117646,14.64705882352942,92.52941176470588,77.88235294117646,신도중;해운대여중;해운대중,0,0,0,,,,0,3,False,0.0
TRADE_7DF057E39300,1,5,41.476470588235294,71.8529411764706,26.294117647058822,45.55882352941177,71.8529411764706,26.294117647058822,동신중;안락중;충렬중;학산여자중;혜화여자중,0,0,0,,,,0,5,False,0.0
TRADE_7E0B1B08E8EA,1,3,78.86274509803923,92.52941176470588,54.23529411764706,38.294117647058826,92.52941176470588,54.23529411764706,동백중;해운대여중;해운대중,0,0,0,,,,0,3,False,0.0
TRADE_7E128ECCEFBE,1,3,78.86274509803923,92.52941176470588,54.23529411764706,38.294117647058826,92.52941176470588,54.23529411764706,동백중;해운대여중;해운대중,0,0,0,,,,0,3,False,0.0
TRADE_7E24B9C2B463,1,3,58.08823529411765,73.52941176470588,43.970588235294116,29.558823529411768,73.52941176470588,43.970588235294116,동아중;부산수영중학교;한바다중,0,0,0,,,,0,3,False,0.0
TRADE_7E2949DFDE6E,1,5,66.6,87.20588235294116,43.970588235294116,43.235294117647044,87.20588235294116,43.970588235294116,남천중;대천중;동아중;부산수영중;한바다중,0,0,0,,,,0,5,False,0.0
TRADE_7E48936FD665,1,3,75.27450980392156,94.26470588235294,51.8235294117647,42.44117647058824,94.26470588235294,51.8235294117647,거제여자중;여명중;이사벨중,0,0,0,,,,0,3,False,0.0
TRADE_7E4C665BA084,1,3,24.1078431372549,35.588235294117645,18.147058823529413,17.441176470588232,35.588235294117645,18.147058823529413,가람중;구남중;구포중,0,0,0,,,,0,3,False,0.0
TRADE_7E87C5628289,1,4,45.669117647058826,58.00000000000001,34.82352941176471,23.176470588235297,58.00000000000001,34.82352941176471,경남중;대신여중;부산대신중학교;부산여중,0,0,0,,,,0,4,False,0.0
TRADE_7E8E290F3E50,1,6,45.35294117647059,58.00000000000001,34.82352941176471,23.176470588235297,58.00000000000001,34.82352941176471,경남중;대신여중;덕원중;부산대신중학교;부산여중;부산중앙여자중학교,0,0,0,,,,0,6,False,0.0
TRADE_7E99DE93A502,1,4,56.51470588235294,69.70588235294117,45.05882352941177,24.647058823529406,69.70588235294117,45.05882352941177,당리중;동주여중;사하중;장평중,0,0,0,,,,0,4,False,0.0
TRADE_7E9C75D0F54B,1,3,28.725490196078436,44.0,18.705882352941178,25.294117647058822,44.0,18.705882352941178,덕포여중;모라중;신라중,0,0,0,,,,0,3,False,0.0
TRADE_7E9CD6E3B8CF,1,3,48.96078431372549,56.970588235294116,40.44117647058824,16.529411764705877,56.970588235294116,40.44117647058824,영도제일중;태종대중;해동중,0,0,0,,,,0,3,False,0.0
TRADE_7EBB9D88125F,1,2,11.073529411764707,21.058823529411764,1.0882352941176472,19.970588235294116,21.058823529411764,1.0882352941176472,기장중;대청중,0,0,0,,,,0,2,False,0.0
TRADE_7EC229474BFD,1,3,42.38235294117647,47.147058823529406,39.76470588235294,7.382352941176464,47.147058823529406,39.76470588235294,감만중;대연중;석포여중,0,0,0,,,,0,3,False,0.0
TRADE_7EF754407215,1,4,26.977941176470587,35.588235294117645,18.147058823529413,17.441176470588232,35.588235294117645,18.147058823529413,가람중;구남중;구포중;양덕여중,0,0,0,,,,0,4,False,0.0
TRADE_7F07202AC5D7,1,5,50.25294117647059,73.52941176470588,36.970588235294116,36.55882352941177,73.52941176470588,36.970588235294116,광안중;동수영중;동아중;부산수영중학교;한바다중,0,0,0,,,,0,5,False,0.0
TRADE_7F0FBED5A873,1,3,32.509803921568626,43.470588235294116,21.14705882352941,22.323529411764707,43.470588235294116,21.14705882352941,개금여중;개림중;부산개성중,0,0,0,,,,0,3,False,0.0
TRADE_7F17D2D9DAB3,1,4,68.85294117647058,78.3529411764706,56.529411764705884,21.82352941176471,78.3529411764706,56.529411764705884,동래중;동해중;부산내성중학교;유락여중,0,0,0,,,,0,4,False,0.0
TRADE_7F1C1C195466,1,0,,,,,,,,0,0,0,,,,0,0,False,0.0
TRADE_7F206420A983,1,3,51.127450980392155,83.17647058823529,35.02941176470588,48.14705882352941,83.17647058823529,35.02941176470588,남도여중;부산남중;부산영선중학교,0,0,0,,,,0,3,False,0.0
TRADE_7F28160CFFFB,1,5,52.54117647058823,77.23529411764707,34.82352941176471,42.41176470588236,77.23529411764707,34.82352941176471,경남중;부산대신중학교;부산여중;부산중앙여자중학교;초장중,0,0,0,,,,0,5,False,0.0
TRADE_7F3CF6EF514E,1,3,34.29411764705882,40.23529411764706,22.882352941176467,17.35294117647059,40.23529411764706,22.882352941176467,대연중;석포여중;해연중,0,0,0,,,,0,3,False,0.0
TRADE_7F4207256818,1,3,28.725490196078436,44.0,18.705882352941178,25.294117647058822,44.0,18.705882352941178,덕포여중;모라중;신라중,0,0,0,,,,0,3,False,0.0
TRADE_7F470206D23D,1,3,79.57843137254902,88.5,65.52941176470588,22.970588235294116,88.5,65.52941176470588,구서여중;남산중;장전중,0,0,0,,,,0,3,False,0.0
TRADE_7F7D8B020972,1,3,59.529411764705884,78.3529411764706,36.50000000000001,41.85294117647059,78.3529411764706,36.50000000000001,동래중;온천중;유락여중,0,0,0,,,,0,3,False,0.0
TRADE_7F8434C16427,1,3,48.568627450980394,64.52941176470588,30.617647058823533,33.91176470588235,64.52941176470588,30.617647058823533,연산중;연일중;연제중,0,0,0,,,,0,3,False,0.0
TRADE_7FA9B41EEA9F,1,3,47.372549019607845,62.52941176470588,21.999999999999996,40.529411764705884,62.52941176470588,21.999999999999996,덕명여중;부산동중;부산진여중,0,0,0,,,,0,3,False,0.0
TRADE_8015F44DE0E2,1,3,79.57843137254902,88.5,65.52941176470588,22.970588235294116,88.5,65.52941176470588,구서여중;남산중;장전중,0,0,0,,,,0,3,False,0.0
TRADE_80227A2C9D78,1,3,37.5,68.26470588235294,19.323529411764707,48.94117647058823,68.26470588235294,19.323529411764707,경남여중;부산중;선화여중,0,0,0,,,,0,3,False,0.0
TRADE_802D358657CB,1,3,48.96078431372549,56.970588235294116,40.44117647058824,16.529411764705877,56.970588235294116,40.44117647058824,영도제일중;태종대중;해동중,0,0,0,,,,0,3,False,0.0
TRADE_8049C385987B,1,4,38.25,53.91176470588235,23.61764705882353,30.29411764705882,53.91176470588235,23.61764705882353,대동중;영남중;장림여중;장평중,0,0,0,,,,0,4,False,0.0
TRADE_8054542BC0E4,1,5,50.25294117647059,73.52941176470588,36.970588235294116,36.55882352941177,73.52941176470588,36.970588235294116,광안중;동수영중;동아중;부산수영중학교;한바다중,0,0,0,,,,0,5,False,0.0
TRADE_805F114700D1,1,3,37.5,68.26470588235294,19.323529411764707,48.94117647058823,68.26470588235294,19.323529411764707,경남여중;부산중;선화여중,0,0,0,,,,0,3,False,0.0
TRADE_8067283146C8,1,3,41.931372549019606,44.85294117647059,36.970588235294116,7.882352941176471,44.85294117647059,36.970588235294116,동수영중;망미중;부산수영중,0,0,0,,,,0,3,False,0.0
TRADE_8072E45DF208,1,3,51.127450980392155,83.17647058823529,35.02941176470588,48.14705882352941,83.17647058823529,35.02941176470588,남도여중;부산남중;부산영선중학교,0,0,0,,,,0,3,False,0.0
TRADE_80767E487DAA,1,5,50.25294117647059,73.52941176470588,36.970588235294116,36.55882352941177,73.52941176470588,36.970588235294116,광안중;동수영중;동아중;부산수영중학교;한바다중,0,0,0,,,,0,5,False,0.0
TRADE_8098CF253695,1,4,53.57352941176471,73.52941176470588,40.02941176470588,33.50000000000001,73.52941176470588,40.02941176470588,광안중;동아중;부산수영중;한바다중,0,0,0,,,,0,4,False,0.0
TRADE_809A66B2E57E,1,3,23.774509803921564,27.088235294117645,19.323529411764707,7.7647058823529385,27.088235294117645,19.323529411764707,경남여중;부산서중;부산중,0,0,0,,,,0,3,False,0.0
TRADE_809B02F04C22,1,2,71.04411764705883,78.3529411764706,63.73529411764706,14.617647058823536,78.3529411764706,63.73529411764706,동래중;유락여자중,0,0,0,,,,0,2,False,0.0
TRADE_80A6FA363C33,1,3,59.529411764705884,78.3529411764706,36.50000000000001,41.85294117647059,78.3529411764706,36.50000000000001,동래중;온천중;유락여중,0,0,0,,,,0,3,False,0.0
TRADE_80C5612305BA,1,4,44.867647058823536,58.00000000000001,34.82352941176471,23.176470588235297,58.00000000000001,34.82352941176471,경남중;대신여중;덕원중;부산여중,0,0,0,,,,0,4,False,0.0
TRADE_80EA8D6AE01E,1,5,52.54117647058823,77.23529411764707,34.82352941176471,42.41176470588236,77.23529411764707,34.82352941176471,경남중;부산대신중학교;부산여중;부산중앙여자중학교;초장중,0,0,0,,,,0,5,False,0.0
TRADE_80FE1972D7BE,1,4,60.55882352941177,76.79411764705881,45.05882352941177,31.735294117647044,76.79411764705881,45.05882352941177,감천중;동주여중;삼성중;장평중,0,0,0,,,,0,4,False,0.0
TRADE_8107E222C5F9,1,6,50.259803921568626,83.17647058823529,19.323529411764707,63.85294117647058,83.17647058823529,19.323529411764707,경남여중;덕원중;부산남중;부산대신중학교;선화여중;신선중,0,0,0,,,,0,6,False,0.0
TRADE_810E8B3C699B,1,3,48.568627450980394,64.52941176470588,30.617647058823533,33.91176470588235,64.52941176470588,30.617647058823533,연산중;연일중;연제중,0,0,0,,,,0,3,False,0.0
TRADE_81305B7B67C9,1,3,24.1078431372549,35.588235294117645,18.147058823529413,17.441176470588232,35.588235294117645,18.147058823529413,가람중;구남중;구포중,0,0,0,,,,0,3,False,0.0
TRADE_8136A0444116,1,4,68.85294117647058,78.3529411764706,56.529411764705884,21.82352941176471,78.3529411764706,56.529411764705884,동래중;동해중;부산내성중학교;유락여중,0,0,0,,,,0,4,False,0.0
TRADE_813E8C915FA8,1,3,58.08823529411765,73.52941176470588,43.970588235294116,29.558823529411768,73.52941176470588,43.970588235294116,동아중;부산수영중학교;한바다중,0,0,0,,,,0,3,False,0.0
TRADE_813EF981ECDA,1,7,48.98319327731093,68.26470588235294,19.323529411764707,48.94117647058823,68.26470588235294,19.323529411764707,경남여중;경남중;덕원중;동주여중;부산대신중학교;부산여중;선화여중,0,0,0,,,,0,7,False,0.0
TRADE_81458F6FB5CF,1,6,50.35294117647059,77.23529411764707,34.82352941176471,42.41176470588236,77.23529411764707,34.82352941176471,경남중;대신여중;부산대신중학교;부산여중;부산중앙여자중학교;초장중,0,0,0,,,,0,6,False,0.0
TRADE_8150D89FD44E,1,0,,,,,,,,0,0,0,,,,0,0,False,0.0
TRADE_8157CA3BA921,1,3,37.5,68.26470588235294,19.323529411764707,48.94117647058823,68.26470588235294,19.323529411764707,경남여중;부산중;선화여중,0,0,0,,,,0,3,False,0.0
TRADE_816E268E8D2C,1,1,45.647058823529406,45.647058823529406,45.647058823529406,0.0,45.647058823529406,45.647058823529406,신호중,1,1,1,신호중,45.647058823529406,45.647058823529406,0,1,False,0.4564705882352941
TRADE_817D574D236E,1,5,50.25294117647059,73.52941176470588,36.970588235294116,36.55882352941177,73.52941176470588,36.970588235294116,광안중;동수영중;동아중;부산수영중학교;한바다중,0,0,0,,,,0,5,False,0.0
TRADE_818389F158D7,1,9,52.36601307189542,69.70588235294117,34.82352941176471,34.882352941176464,69.70588235294117,34.82352941176471,건국중;경남중;당리중;동주여중;부산대신중학교;부산여중;부산중앙여자중학교;사하중;장평중,0,0,0,,,,0,9,False,0.0
TRADE_818A3DF5D42A,1,3,79.57843137254902,88.5,65.52941176470588,22.970588235294116,88.5,65.52941176470588,구서여중;남산중;장전중,0,0,0,,,,0,3,False,0.0
TRADE_818B682FAC53,1,3,56.68627450980392,58.67647058823528,54.82352941176472,3.8529411764705657,58.67647058823528,54.82352941176472,광무여중;부산진중;서면중,0,0,0,,,,0,3,False,0.0
TRADE_818F228F598B,1,0,,,,,,,,0,0,0,,,,0,0,False,0.0
TRADE_81B7BB04C1D7,1,4,53.57352941176471,73.52941176470588,40.02941176470588,33.50000000000001,73.52941176470588,40.02941176470588,광안중;동아중;부산수영중;한바다중,0,0,0,,,,0,4,False,0.0
TRADE_81B91504CD39,1,3,32.509803921568626,43.470588235294116,21.14705882352941,22.323529411764707,43.470588235294116,21.14705882352941,개금여중;개림중;부산개성중,0,0,0,,,,0,3,False,0.0
TRADE_81BAB627D72D,1,4,45.220588235294116,73.88235294117646,21.999999999999996,51.882352941176464,73.88235294117646,21.999999999999996,동의중;부산진여중;양동여중;항도중,0,0,0,,,,0,4,False,0.0
TRADE_81C34CDA0806,1,3,37.5,68.26470588235294,19.323529411764707,48.94117647058823,68.26470588235294,19.323529411764707,경남여중;부산중;선화여중,0,0,0,,,,0,3,False,0.0
TRADE_81CEDBCB66AE,1,2,11.073529411764707,21.058823529411764,1.0882352941176472,19.970588235294116,21.058823529411764,1.0882352941176472,기장중;대청중,0,0,0,,,,0,2,False,0.0
TRADE_82299B4E1BC7,1,6,50.333333333333336,79.73529411764706,30.617647058823533,49.11764705882352,79.73529411764706,30.617647058823533,동신중;연산중;연일중;연제중;이사벨중;토현중,0,0,0,,,,0,6,False,0.0
TRADE_823837413ECF,1,3,56.68627450980392,58.67647058823528,54.82352941176472,3.8529411764705657,58.67647058823528,54.82352941176472,광무여중;부산진중;서면중,0,0,0,,,,0,3,False,0.0
TRADE_826534174A9A,1,4,44.867647058823536,58.00000000000001,34.82352941176471,23.176470588235297,58.00000000000001,34.82352941176471,경남중;대신여중;덕원중;부산여중,0,0,0,,,,0,4,False,0.0
TRADE_8266FF2C6563,1,4,60.19117647058823,69.70588235294117,46.5,23.205882352941174,69.70588235294117,46.5,건국중;당리중;동주여중;사하중,0,0,0,,,,0,4,False,0.0
TRADE_827AFBBAC897,2,3,51.127450980392155,83.17647058823529,35.02941176470588,48.14705882352941,83.17647058823529,35.02941176470588,남도여중;부산남중;부산영선중학교,0,0,0,,,,0,3,False,0.0
TRADE_828188E3A72B,1,3,28.725490196078436,44.0,18.705882352941178,25.294117647058822,44.0,18.705882352941178,덕포여중;모라중;신라중,0,0,0,,,,0,3,False,0.0
TRADE_829CFFA77877,1,6,50.35294117647059,77.23529411764707,34.82352941176471,42.41176470588236,77.23529411764707,34.82352941176471,경남중;대신여중;부산대신중학교;부산여중;부산중앙여자중학교;초장중,0,0,0,,,,0,6,False,0.0
TRADE_82A75F6B0833,1,3,34.29411764705882,40.23529411764706,22.882352941176467,17.35294117647059,40.23529411764706,22.882352941176467,대연중;석포여중;해연중,0,0,0,,,,0,3,False,0.0
TRADE_83010F41C678,1,3,79.57843137254902,88.5,65.52941176470588,22.970588235294116,88.5,65.52941176470588,구서여중;남산중;장전중,0,0,0,,,,0,3,False,0.0
TRADE_8305F36E260D,1,4,42.63970588235294,56.55882352941176,15.705882352941178,40.85294117647058,56.55882352941176,15.705882352941178,가야여중;광무여중;부산개성중;서면중,0,0,0,,,,0,4,False,0.0
TRADE_830D70630C37,1,3,86.74509803921569,92.52941176470588,77.88235294117646,14.64705882352942,92.52941176470588,77.88235294117646,신도중;해운대여중;해운대중,0,0,0,,,,0,3,False,0.0
TRADE_8382453A37E8,1,6,52.04901960784314,76.79411764705881,34.82352941176471,41.9705882352941,76.79411764705881,34.82352941176471,감천중;경남중;부산여중;부산중앙여자중학교;삼성중;송도중,0,0,0,,,,0,6,False,0.0
TRADE_839365A34630,1,2,45.14705882352941,45.14705882352941,45.14705882352941,0.0,45.14705882352941,45.14705882352941,문현여중;배정중,0,0,0,,,,0,1,False,0.0
TRADE_83A3EFF47994,1,4,43.794117647058826,58.82352941176471,30.617647058823533,28.205882352941178,58.82352941176471,30.617647058823533,망미중;연제중;연천중;토현중,0,0,0,,,,0,4,False,0.0
TRADE_83BBD5B8A770,1,3,93.3529411764706,97.70588235294117,89.82352941176471,7.882352941176464,97.70588235294117,89.82352941176471,해강중;해운대여중;해운대중,0,0,0,,,,0,3,False,0.0
TRADE_83E5172C6DB9,1,3,48.568627450980394,64.52941176470588,30.617647058823533,33.91176470588235,64.52941176470588,30.617647058823533,연산중;연일중;연제중,0,0,0,,,,0,3,False,0.0
TRADE_83F5DF695345,1,4,44.867647058823536,58.00000000000001,34.82352941176471,23.176470588235297,58.00000000000001,34.82352941176471,경남중;대신여중;덕원중;부산여중,0,0,0,,,,0,4,False,0.0
TRADE_840532670F5C,1,3,34.29411764705882,40.23529411764706,22.882352941176467,17.35294117647059,40.23529411764706,22.882352941176467,대연중;석포여중;해연중,0,0,0,,,,0,3,False,0.0
TRADE_843F3476B05D,1,3,47.372549019607845,62.52941176470588,21.999999999999996,40.529411764705884,62.52941176470588,21.999999999999996,덕명여중;부산동중;부산진여중,0,0,0,,,,0,3,False,0.0
TRADE_84439EBC113B,1,1,18.705882352941178,18.705882352941178,18.705882352941178,0.0,18.705882352941178,18.705882352941178,모라중,1,1,1,모라중,18.705882352941178,18.705882352941178,0,1,False,0.18705882352941178
TRADE_846224B017A8,1,4,43.66176470588235,71.8529411764706,26.294117647058822,45.55882352941177,71.8529411764706,26.294117647058822,동신중;안락중;충렬중;학산여중,0,0,0,,,,0,4,False,0.0
TRADE_8468EFC45DD9,1,2,75.11764705882354,84.70588235294117,65.52941176470588,19.17647058823529,84.70588235294117,65.52941176470588,구서여중;남산중,0,0,0,,,,0,2,False,0.0
TRADE_8491838D068E,1,3,17.95098039215686,31.705882352941174,1.0882352941176472,30.617647058823525,31.705882352941174,1.0882352941176472,기장중;대청중;일광중,0,0,0,,,,0,3,False,0.0
TRADE_84C8337F06E7,1,3,55.568627450980394,69.55882352941177,45.44117647058823,24.117647058823536,69.55882352941177,45.44117647058823,동현중;부곡여자중;부곡중,0,0,0,,,,0,3,False,0.0
TRADE_84D537F961E8,1,4,61.13970588235294,69.70588235294117,46.5,23.205882352941174,69.70588235294117,46.5,건국중;당리중;사하중;하단중,0,0,0,,,,0,4,False,0.0
TRADE_84DD7C141902,1,3,32.31372549019608,41.76470588235294,18.176470588235293,23.58823529411765,41.76470588235294,18.176470588235293,다대중;다송중;두송중,0,0,0,,,,0,3,False,0.0
TRADE_84F5CAB44553,1,6,50.35294117647059,77.23529411764707,34.82352941176471,42.41176470588236,77.23529411764707,34.82352941176471,경남중;대신여중;부산대신중학교;부산여중;부산중앙여자중학교;초장중,0,0,0,,,,0,6,False,0.0
TRADE_855F8ED8CCB5,1,4,44.977941176470594,58.00000000000001,34.82352941176471,23.176470588235297,58.00000000000001,34.82352941176471,경남중;부산여중;부산중앙여자중학교;송도중,0,0,0,,,,0,4,False,0.0
TRADE_8568841ED938,1,4,44.977941176470594,58.00000000000001,34.82352941176471,23.176470588235297,58.00000000000001,34.82352941176471,경남중;부산여중;부산중앙여자중학교;송도중,0,0,0,,,,0,4,False,0.0
TRADE_856B617E7EDC,1,3,66.3235294117647,87.20588235294116,40.23529411764706,46.9705882352941,87.20588235294116,40.23529411764706,남천중;대연중;대천중,0,0,0,,,,0,3,False,0.0
TRADE_85C7224EFDBC,1,3,48.568627450980394,64.52941176470588,30.617647058823533,33.91176470588235,64.52941176470588,30.617647058823533,연산중;연일중;연제중,0,0,0,,,,0,3,False,0.0
TRADE_85C7F0C751B1,1,2,73.89705882352942,82.26470588235294,65.52941176470588,16.735294117647058,82.26470588235294,65.52941176470588,금정중;남산중,0,0,0,,,,0,2,False,0.0
TRADE_85D9720DD35B,1,2,71.04411764705883,78.3529411764706,63.73529411764706,14.617647058823536,78.3529411764706,63.73529411764706,동래중;유락여자중,0,0,0,,,,0,2,False,0.0
TRADE_85E474C965B7,1,3,70.27450980392157,76.91176470588236,65.55882352941177,11.352941176470594,76.91176470588236,65.55882352941177,명진중;용수중;화명중,0,0,0,,,,0,3,False,0.0
TRADE_85FC475827CF,1,3,42.75490196078431,58.67647058823528,24.205882352941178,34.4705882352941,58.67647058823528,24.205882352941178,부산진중;초연중;초읍중,0,0,0,,,,0,3,False,0.0
TRADE_860ECC6C53FF,1,3,59.529411764705884,78.3529411764706,36.50000000000001,41.85294117647059,78.3529411764706,36.50000000000001,동래중;온천중;유락여중,0,0,0,,,,0,3,False,0.0
TRADE_8663D67F95D8,1,2,73.89705882352942,82.26470588235294,65.52941176470588,16.735294117647058,82.26470588235294,65.52941176470588,금정중;남산중,0,0,0,,,,0,2,False,0.0
TRADE_86879A43436D,1,3,42.75490196078431,58.67647058823528,24.205882352941178,34.4705882352941,58.67647058823528,24.205882352941178,부산진중;초연중;초읍중,0,0,0,,,,0,3,False,0.0
TRADE_868C944644F8,1,3,33.37254901960784,44.0,23.47058823529412,20.52941176470588,44.0,23.47058823529412,덕포여중;신라중;주례중,0,0,0,,,,0,3,False,0.0
TRADE_86D9B1ABF534,1,4,60.19117647058823,69.70588235294117,46.5,23.205882352941174,69.70588235294117,46.5,건국중;당리중;동주여중;사하중,0,0,0,,,,0,4,False,0.0
TRADE_871050CEA190,1,3,56.68627450980392,58.67647058823528,54.82352941176472,3.8529411764705657,58.67647058823528,54.82352941176472,광무여중;부산진중;서면중,0,0,0,,,,0,3,False,0.0
TRADE_871EBE6BAF85,1,5,45.14705882352941,58.82352941176471,30.617647058823533,28.205882352941178,58.82352941176471,30.617647058823533,망미중;연산중;연제중;연천중;토현중,0,0,0,,,,0,5,False,0.0
TRADE_8735EB334912,1,4,72.78676470588235,94.26470588235294,36.50000000000001,57.764705882352935,94.26470588235294,36.50000000000001,사직여중;사직중;여명중;온천중,0,0,0,,,,0,4,False,0.0
TRADE_87379A6E2CA0,1,4,53.57352941176471,73.52941176470588,40.02941176470588,33.50000000000001,73.52941176470588,40.02941176470588,광안중;동아중;부산수영중;한바다중,0,0,0,,,,0,4,False,0.0
TRADE_874C655B4C03,1,3,48.568627450980394,64.52941176470588,30.617647058823533,33.91176470588235,64.52941176470588,30.617647058823533,연산중;연일중;연제중,0,0,0,,,,0,3,False,0.0
TRADE_8756263E0E81,1,3,23.774509803921564,27.088235294117645,19.323529411764707,7.7647058823529385,27.088235294117645,19.323529411764707,경남여중;부산서중;부산중,0,0,0,,,,0,3,False,0.0
TRADE_8757AA37A562,1,3,37.5,68.26470588235294,19.323529411764707,48.94117647058823,68.26470588235294,19.323529411764707,경남여중;부산중;선화여중,0,0,0,,,,0,3,False,0.0
TRADE_875CF1B4BC2F,1,6,49.220588235294116,64.79411764705883,34.82352941176471,29.970588235294116,64.79411764705883,34.82352941176471,경남중;동주여중;부산대신중학교;부산여중;부산중앙여자중학교;장평중,0,0,0,,,,0,6,False,0.0
TRADE_877DB02D8164,1,0,,,,,,,,0,0,0,,,,0,0,False,0.0
TRADE_879471284595,1,3,82.88235294117648,93.44117647058823,67.5,25.941176470588232,93.44117647058823,67.5,분포중;오륙도중;용호중,0,0,0,,,,0,3,False,0.0
TRADE_87B61A192635,1,3,23.774509803921564,27.088235294117645,19.323529411764707,7.7647058823529385,27.088235294117645,19.323529411764707,경남여중;부산서중;부산중,0,0,0,,,,0,3,False,0.0
TRADE_87BD7D2A9706,1,3,82.88235294117648,93.44117647058823,67.5,25.941176470588232,93.44117647058823,67.5,분포중;오륙도중;용호중,0,0,0,,,,0,3,False,0.0
TRADE_87CF65B5EA08,1,2,40.58823529411765,50.55882352941177,30.617647058823533,19.941176470588236,50.55882352941177,30.617647058823533,연산중;연제중,0,0,0,,,,0,2,False,0.0
TRADE_881742249080,1,4,44.867647058823536,58.00000000000001,34.82352941176471,23.176470588235297,58.00000000000001,34.82352941176471,경남중;대신여중;덕원중;부산여중,0,0,0,,,,0,4,False,0.0
TRADE_88393F704354,1,5,52.54117647058823,77.23529411764707,34.82352941176471,42.41176470588236,77.23529411764707,34.82352941176471,경남중;부산대신중학교;부산여중;부산중앙여자중학교;초장중,0,0,0,,,,0,5,False,0.0
TRADE_885C02F1EC24,1,3,48.568627450980394,64.52941176470588,30.617647058823533,33.91176470588235,64.52941176470588,30.617647058823533,연산중;연일중;연제중,0,0,0,,,,0,3,False,0.0
TRADE_8869CAC6D7ED,1,3,48.96078431372549,56.970588235294116,40.44117647058824,16.529411764705877,56.970588235294116,40.44117647058824,영도제일중;태종대중;해동중,0,0,0,,,,0,3,False,0.0
TRADE_8875A1DACBD9,1,5,52.54117647058823,77.23529411764707,34.82352941176471,42.41176470588236,77.23529411764707,34.82352941176471,경남중;부산대신중학교;부산여중;부산중앙여자중학교;초장중,0,0,0,,,,0,5,False,0.0
TRADE_8887240D2072,1,4,53.57352941176471,73.52941176470588,40.02941176470588,33.50000000000001,73.52941176470588,40.02941176470588,광안중;동아중;부산수영중;한바다중,0,0,0,,,,0,4,False,0.0
TRADE_889FA4797060,1,3,48.568627450980394,64.52941176470588,30.617647058823533,33.91176470588235,64.52941176470588,30.617647058823533,연산중;연일중;연제중,0,0,0,,,,0,3,False,0.0
TRADE_88A52FE2AECD,1,4,26.977941176470587,35.588235294117645,18.147058823529413,17.441176470588232,35.588235294117645,18.147058823529413,가람중;구남중;구포중;양덕여중,0,0,0,,,,0,4,False,0.0
TRADE_88CF0778D339,1,3,42.75490196078431,58.67647058823528,24.205882352941178,34.4705882352941,58.67647058823528,24.205882352941178,부산진중;초연중;초읍중,0,0,0,,,,0,3,False,0.0
TRADE_88D7E9A53FEB,1,3,38.00000000000001,54.82352941176472,15.705882352941178,39.117647058823536,54.82352941176472,15.705882352941178,가야여중;부산개성중;서면중,0,0,0,,,,0,3,False,0.0
TRADE_88F351FD1915,1,9,54.25816993464051,76.79411764705881,34.82352941176471,41.9705882352941,76.79411764705881,34.82352941176471,경남중;당리중;동주여중;부산대신중학교;부산여중;부산중앙여자중학교;사하중;삼성중;장평중,0,0,0,,,,0,9,False,0.0
TRADE_8904299C781E,1,3,65.62745098039215,80.5,36.50000000000001,43.99999999999999,80.5,36.50000000000001,사직여중;사직중;온천중,0,0,0,,,,0,3,False,0.0
TRADE_8938E31D07F2,1,3,34.29411764705882,40.23529411764706,22.882352941176467,17.35294117647059,40.23529411764706,22.882352941176467,대연중;석포여중;해연중,0,0,0,,,,0,3,False,0.0
TRADE_89508EA9C1BB,1,2,38.705882352941174,54.11764705882353,23.294117647058822,30.823529411764707,54.11764705882353,23.294117647058822,동주중;주례여중,0,0,0,,,,0,2,False,0.0
TRADE_896BB69D8074,1,5,52.54117647058823,77.23529411764707,34.82352941176471,42.41176470588236,77.23529411764707,34.82352941176471,경남중;부산대신중학교;부산여중;부산중앙여자중학교;초장중,0,0,0,,,,0,5,False,0.0
TRADE_89769BBFBC19,1,3,51.127450980392155,83.17647058823529,35.02941176470588,48.14705882352941,83.17647058823529,35.02941176470588,남도여중;부산남중;부산영선중학교,0,0,0,,,,0,3,False,0.0
TRADE_897EF43AF0E4,1,3,72.96078431372548,78.3529411764706,63.73529411764706,14.617647058823536,78.3529411764706,63.73529411764706,동래중;동해중;유락여중,0,0,0,,,,0,3,False,0.0
TRADE_8986B5152758,1,2,11.073529411764707,21.058823529411764,1.0882352941176472,19.970588235294116,21.058823529411764,1.0882352941176472,기장중;대청중,0,0,0,,,,0,2,False,0.0
TRADE_8987E2DCE9EB,1,3,79.57843137254902,88.5,65.52941176470588,22.970588235294116,88.5,65.52941176470588,구서여중;남산중;장전중,0,0,0,,,,0,3,False,0.0
TRADE_89911D42EDF6,1,9,54.25816993464051,76.79411764705881,34.82352941176471,41.9705882352941,76.79411764705881,34.82352941176471,경남중;당리중;동주여중;부산대신중학교;부산여중;부산중앙여자중학교;사하중;삼성중;장평중,0,0,0,,,,0,9,False,0.0
TRADE_89AED95DA318,1,7,48.98319327731093,68.26470588235294,19.323529411764707,48.94117647058823,68.26470588235294,19.323529411764707,경남여중;경남중;덕원중;동주여중;부산대신중학교;부산여중;선화여중,0,0,0,,,,0,7,False,0.0
TRADE_89B0E58DA8F1,1,3,42.75490196078431,58.67647058823528,24.205882352941178,34.4705882352941,58.67647058823528,24.205882352941178,부산진중;초연중;초읍중,0,0,0,,,,0,3,False,0.0
TRADE_89C212290C26,1,3,34.29411764705882,40.23529411764706,22.882352941176467,17.35294117647059,40.23529411764706,22.882352941176467,대연중;석포여중;해연중,0,0,0,,,,0,3,False,0.0
TRADE_89DF8F73CAF9,1,0,,,,,,,,0,0,0,,,,0,0,False,0.0
TRADE_89EA5C7F0E90,1,3,24.1078431372549,35.588235294117645,18.147058823529413,17.441176470588232,35.588235294117645,18.147058823529413,가람중;구남중;구포중,0,0,0,,,,0,3,False,0.0
TRADE_89FD71EAC86F,1,3,37.5,68.26470588235294,19.323529411764707,48.94117647058823,68.26470588235294,19.323529411764707,경남여중;부산중;선화여중,0,0,0,,,,0,3,False,0.0
TRADE_8A4E71471F75,1,3,79.57843137254902,88.5,65.52941176470588,22.970588235294116,88.5,65.52941176470588,구서여중;남산중;장전중,0,0,0,,,,0,3,False,0.0
TRADE_8A5615C0F047,1,3,48.568627450980394,64.52941176470588,30.617647058823533,33.91176470588235,64.52941176470588,30.617647058823533,연산중;연일중;연제중,0,0,0,,,,0,3,False,0.0
TRADE_8A56B3EACC21,1,4,44.867647058823536,58.00000000000001,34.82352941176471,23.176470588235297,58.00000000000001,34.82352941176471,경남중;대신여중;덕원중;부산여중,0,0,0,,,,0,4,False,0.0
TRADE_8A586066B05A,1,4,83.57352941176471,97.70588235294117,54.23529411764706,43.470588235294116,97.70588235294117,54.23529411764706,동백중;해강중;해운대여중;해운대중,0,0,0,,,,0,4,False,0.0
TRADE_8A76F264E329,1,9,52.36601307189542,69.70588235294117,34.82352941176471,34.882352941176464,69.70588235294117,34.82352941176471,건국중;경남중;당리중;동주여중;부산대신중학교;부산여중;부산중앙여자중학교;사하중;장평중,0,0,0,,,,0,9,False,0.0
TRADE_8A92DB6A89EE,1,2,71.04411764705883,78.3529411764706,63.73529411764706,14.617647058823536,78.3529411764706,63.73529411764706,동래중;유락여자중,0,0,0,,,,0,2,False,0.0
TRADE_8A9F364C2120,1,4,72.78676470588235,94.26470588235294,36.50000000000001,57.764705882352935,94.26470588235294,36.50000000000001,사직여중;사직중;여명중;온천중,0,0,0,,,,0,4,False,0.0
TRADE_8AA14AD34FB6,1,3,46.32352941176472,71.8529411764706,26.294117647058822,45.55882352941177,71.8529411764706,26.294117647058822,안락중;충렬중;학산여중,0,0,0,,,,0,3,False,0.0
TRADE_8AAB1EB54F07,1,3,48.96078431372549,56.970588235294116,40.44117647058824,16.529411764705877,56.970588235294116,40.44117647058824,영도제일중;태종대중;해동중,0,0,0,,,,0,3,False,0.0
TRADE_8AAE412C0441,1,3,38.0,54.82352941176472,15.705882352941178,39.117647058823536,54.82352941176472,15.705882352941178,가야여중;부산개성중;서면중,0,0,0,,,,0,3,False,0.0
TRADE_8AB7EDA48FB3,1,3,48.17647058823528,58.67647058823528,40.470588235294116,18.205882352941167,58.67647058823528,40.470588235294116,부산진중;양동여중;초연중,0,0,0,,,,0,3,False,0.0
TRADE_8AB8FC7B511F,1,3,58.08823529411765,73.52941176470588,43.970588235294116,29.558823529411768,73.52941176470588,43.970588235294116,동아중;부산수영중학교;한바다중,0,0,0,,,,0,3,False,0.0
TRADE_8ABD94647E71,1,3,23.774509803921564,27.088235294117645,19.323529411764707,7.7647058823529385,27.088235294117645,19.323529411764707,경남여중;부산서중;부산중,0,0,0,,,,0,3,False,0.0
TRADE_8B213CCA2662,1,3,55.568627450980394,69.55882352941177,45.44117647058823,24.117647058823536,69.55882352941177,45.44117647058823,동현중;부곡여자중;부곡중,0,0,0,,,,0,3,False,0.0
TRADE_8B2B743A8B28,1,3,32.509803921568626,43.470588235294116,21.14705882352941,22.323529411764707,43.470588235294116,21.14705882352941,개금여중;개림중;부산개성중,0,0,0,,,,0,3,False,0.0
TRADE_8B3747EB4D17,1,3,65.62745098039215,80.5,36.50000000000001,43.99999999999999,80.5,36.50000000000001,사직여중;사직중;온천중,0,0,0,,,,0,3,False,0.0
TRADE_8B3D48FC50F3,1,9,54.25816993464051,76.79411764705881,34.82352941176471,41.9705882352941,76.79411764705881,34.82352941176471,경남중;당리중;동주여중;부산대신중학교;부산여중;부산중앙여자중학교;사하중;삼성중;장평중,0,0,0,,,,0,9,False,0.0
TRADE_8B7FF2B94D04,1,3,48.568627450980394,64.52941176470588,30.617647058823533,33.91176470588235,64.52941176470588,30.617647058823533,연산중;연일중;연제중,0,0,0,,,,0,3,False,0.0
TRADE_8B81851DF631,1,2,74.51470588235294,77.02941176470588,72.0,5.029411764705884,77.02941176470588,72.0,명호중;오션중,0,0,0,,,,0,2,False,0.0
TRADE_8BBFE925023F,1,6,54.509803921568626,76.79411764705881,34.82352941176471,41.9705882352941,76.79411764705881,34.82352941176471,경남중;동주여중;부산대신중학교;부산여중;부산중앙여자중학교;삼성중,0,0,0,,,,0,6,False,0.0
TRADE_8BD919B2CB17,1,9,54.25816993464051,76.79411764705881,34.82352941176471,41.9705882352941,76.79411764705881,34.82352941176471,경남중;당리중;동주여중;부산대신중학교;부산여중;부산중앙여자중학교;사하중;삼성중;장평중,0,0,0,,,,0,9,False,0.0
TRADE_8BEACD46CEE3,1,2,75.11764705882354,84.70588235294117,65.52941176470588,19.17647058823529,84.70588235294117,65.52941176470588,구서여중;남산중,0,0,0,,,,0,2,False,0.0
TRADE_8BEF09701542,1,2,27.088235294117645,27.088235294117645,27.088235294117645,0.0,27.088235294117645,27.088235294117645,금성중;부산서중,0,0,0,,,,0,1,False,0.0
TRADE_8C0ACF1AD441,1,2,71.77941176470588,89.32352941176471,54.23529411764706,35.08823529411765,89.32352941176471,54.23529411764706,동백중;신곡중,0,0,0,,,,0,2,False,0.0
TRADE_8C1D0241BE75,1,3,33.37254901960784,44.0,23.47058823529412,20.52941176470588,44.0,23.47058823529412,덕포여중;신라중;주례중,0,0,0,,,,0,3,False,0.0
TRADE_8C25E2FC231C,1,3,41.931372549019606,44.85294117647059,36.970588235294116,7.882352941176471,44.85294117647059,36.970588235294116,동수영중;망미중;부산수영중학교,0,0,0,,,,0,3,False,0.0
TRADE_8C2C315A07F2,1,4,60.19117647058823,69.70588235294117,46.5,23.205882352941174,69.70588235294117,46.5,건국중;당리중;동주여중;사하중,0,0,0,,,,0,4,False,0.0
TRADE_8C36E31C2DA6,1,5,50.25294117647059,73.52941176470588,36.970588235294116,36.55882352941177,73.52941176470588,36.970588235294116,광안중;동수영중;동아중;부산수영중학교;한바다중,0,0,0,,,,0,5,False,0.0
TRADE_8C381F051EB2,1,3,51.127450980392155,83.17647058823529,35.02941176470588,48.14705882352941,83.17647058823529,35.02941176470588,남도여중;부산남중;부산영선중학교,0,0,0,,,,0,3,False,0.0
TRADE_8C382760734C,1,4,60.19117647058823,69.70588235294117,46.5,23.205882352941174,69.70588235294117,46.5,건국중;당리중;동주여중;사하중,0,0,0,,,,0,4,False,0.0
TRADE_8C56BECDE83B,1,3,55.568627450980394,69.55882352941177,45.44117647058823,24.117647058823536,69.55882352941177,45.44117647058823,동현중;부곡여자중;부곡중,0,0,0,,,,0,3,False,0.0
TRADE_8C663D1F09F9,1,3,66.3235294117647,87.20588235294116,40.23529411764706,46.9705882352941,87.20588235294116,40.23529411764706,남천중;대연중;대천중,0,0,0,,,,0,3,False,0.0
TRADE_8CBE80276B7F,1,0,,,,,,,,0,0,0,,,,0,0,False,0.0
TRADE_8D0E4F09C079,1,5,45.14705882352941,58.82352941176471,30.617647058823533,28.205882352941178,58.82352941176471,30.617647058823533,망미중;연산중;연제중;연천중;토현중,0,0,0,,,,0,5,False,0.0
TRADE_8D4AA7A032A3,1,0,,,,,,,,0,0,0,,,,0,0,False,0.0
TRADE_8D698B8EE6A7,1,6,49.4264705882353,77.23529411764707,34.82352941176471,42.41176470588236,77.23529411764707,34.82352941176471,경남중;대신여중;부산여중;부산중앙여자중학교;송도중;초장중,0,0,0,,,,0,6,False,0.0
TRADE_8D712A10AD6A,1,3,41.931372549019606,44.85294117647059,36.970588235294116,7.882352941176471,44.85294117647059,36.970588235294116,동수영중;망미중;부산수영중학교,0,0,0,,,,0,3,False,0.0
TRADE_8D71BBAA42AC,1,0,,,,,,,,0,0,0,,,,0,0,False,0.0
TRADE_8D87D1BD5E2E,1,4,60.19117647058823,69.70588235294117,46.5,23.205882352941174,69.70588235294117,46.5,건국중;당리중;동주여중;사하중,0,0,0,,,,0,4,False,0.0
TRADE_8DD09A99E8D0,1,3,48.568627450980394,64.52941176470588,30.617647058823533,33.91176470588235,64.52941176470588,30.617647058823533,연산중;연일중;연제중,0,0,0,,,,0,3,False,0.0
TRADE_8DD2A5318310,1,3,48.96078431372549,56.970588235294116,40.44117647058824,16.529411764705877,56.970588235294116,40.44117647058824,영도제일중;태종대중;해동중,0,0,0,,,,0,3,False,0.0
TRADE_8DDBBF531E8D,1,4,72.78676470588235,94.26470588235294,36.50000000000001,57.764705882352935,94.26470588235294,36.50000000000001,사직여중;사직중;여명중;온천중,0,0,0,,,,0,4,False,0.0
TRADE_8DF58C9F63A2,1,4,60.55882352941177,76.79411764705881,45.05882352941177,31.735294117647044,76.79411764705881,45.05882352941177,감천중;동주여중;삼성중;장평중,0,0,0,,,,0,4,False,0.0
TRADE_8DF9C7B3023D,1,4,83.57352941176471,97.70588235294117,54.23529411764706,43.470588235294116,97.70588235294117,54.23529411764706,동백중;해강중;해운대여중;해운대중,0,0,0,,,,0,4,False,0.0
TRADE_8E0292048AAD,1,4,61.13970588235294,69.70588235294117,46.5,23.205882352941174,69.70588235294117,46.5,건국중;당리중;사하중;하단중,0,0,0,,,,0,4,False,0.0
TRADE_8E1047F6A21F,1,5,50.25294117647059,73.52941176470588,36.970588235294116,36.55882352941177,73.52941176470588,36.970588235294116,광안중;동수영중;동아중;부산수영중학교;한바다중,0,0,0,,,,0,5,False,0.0
TRADE_8E2086CF6E03,1,5,50.25294117647059,73.52941176470588,36.970588235294116,36.55882352941177,73.52941176470588,36.970588235294116,광안중;동수영중;동아중;부산수영중학교;한바다중,0,0,0,,,,0,5,False,0.0
TRADE_8E71514F97AF,1,3,59.529411764705884,78.3529411764706,36.50000000000001,41.85294117647059,78.3529411764706,36.50000000000001,동래중;온천중;유락여중,0,0,0,,,,0,3,False,0.0
TRADE_8E99C5BAA3C5,1,7,48.98319327731093,68.26470588235294,19.323529411764707,48.94117647058823,68.26470588235294,19.323529411764707,경남여중;경남중;덕원중;동주여중;부산대신중학교;부산여중;선화여중,0,0,0,,,,0,7,False,0.0
TRADE_8EBAB6A47CF5,1,6,49.220588235294116,64.79411764705883,34.82352941176471,29.970588235294116,64.79411764705883,34.82352941176471,경남중;동주여중;부산대신중학교;부산여중;부산중앙여자중학교;장평중,0,0,0,,,,0,6,False,0.0
TRADE_8EC65C5FC489,1,3,37.5,68.26470588235294,19.323529411764707,48.94117647058823,68.26470588235294,19.323529411764707,경남여중;부산중;선화여중,0,0,0,,,,0,3,False,0.0
TRADE_8EE4A653B013,1,3,37.794117647058826,48.5,27.088235294117645,21.411764705882355,48.5,27.088235294117645,금성중;부산동여중;부산서중,0,0,0,,,,0,2,False,0.0
TRADE_8EF01156154A,1,2,17.14705882352941,18.588235294117645,15.705882352941176,2.8823529411764692,18.588235294117645,15.705882352941176,가람중;덕천중,0,0,0,,,,0,2,False,0.0
TRADE_8EF0B7A7D8D7,1,3,59.14705882352941,76.79411764705881,45.05882352941177,31.735294117647044,76.79411764705881,45.05882352941177,감천중;삼성중;장평중,0,0,0,,,,0,3,False,0.0
TRADE_8F0634F7B8B6,1,3,75.27450980392156,94.26470588235294,51.8235294117647,42.44117647058824,94.26470588235294,51.8235294117647,거제여자중;여명중;이사벨중,0,0,0,,,,0,3,False,0.0
TRADE_8F33AC20CBD7,1,0,,,,,,,,0,0,0,,,,0,0,False,0.0
TRADE_8F36C89CC7D2,1,2,75.11764705882354,84.70588235294117,65.52941176470588,19.17647058823529,84.70588235294117,65.52941176470588,구서여중;남산중,0,0,0,,,,0,2,False,0.0
TRADE_8F4FF98426FD,1,3,55.568627450980394,69.55882352941177,45.44117647058823,24.117647058823536,69.55882352941177,45.44117647058823,동현중;부곡여자중;부곡중,0,0,0,,,,0,3,False,0.0
TRADE_8F629F1E3FC4,1,3,48.568627450980394,64.52941176470588,30.617647058823533,33.91176470588235,64.52941176470588,30.617647058823533,연산중;연일중;연제중,0,0,0,,,,0,3,False,0.0
TRADE_8FA1FD466922,1,3,61.88235294117647,88.5,45.44117647058823,43.05882352941177,88.5,45.44117647058823,동현중;부곡여자중;장전중,0,0,0,,,,0,3,False,0.0
TRADE_8FB20FE99DC3,1,4,61.13970588235294,69.70588235294117,46.5,23.205882352941174,69.70588235294117,46.5,건국중;당리중;사하중;하단중,0,0,0,,,,0,4,False,0.0
TRADE_8FC9CC3A4B5B,1,3,32.509803921568626,43.470588235294116,21.14705882352941,22.323529411764707,43.470588235294116,21.14705882352941,개금여중;개림중;부산개성중,0,0,0,,,,0,3,False,0.0
TRADE_8FCAE0E637A3,1,2,11.073529411764707,21.058823529411764,1.0882352941176472,19.970588235294116,21.058823529411764,1.0882352941176472,기장중;대청중,0,0,0,,,,0,2,False,0.0
TRADE_8FD76D50B364,1,3,32.31372549019608,41.76470588235294,18.176470588235293,23.58823529411765,41.76470588235294,18.176470588235293,다대중;다송중;두송중,0,0,0,,,,0,3,False,0.0
TRADE_8FE24FC94DFA,1,4,72.78676470588235,94.26470588235294,36.50000000000001,57.764705882352935,94.26470588235294,36.50000000000001,사직여중;사직중;여명중;온천중,0,0,0,,,,0,4,False,0.0
TRADE_8FF1DDBD2167,1,6,52.04901960784314,76.79411764705881,34.82352941176471,41.9705882352941,76.79411764705881,34.82352941176471,감천중;경남중;부산여중;부산중앙여자중학교;삼성중;송도중,0,0,0,,,,0,6,False,0.0
TRADE_90414D430C17,1,3,82.88235294117648,93.44117647058823,67.5,25.941176470588232,93.44117647058823,67.5,분포중;오륙도중;용호중,0,0,0,,,,0,3,False,0.0
TRADE_90510EDD2D66,1,3,48.30392156862746,98.91176470588236,18.88235294117647,80.02941176470588,98.91176470588236,18.88235294117647,센텀중;재송여자중;재송중,0,0,0,,,,0,3,False,0.0
TRADE_9056B923E641,1,2,75.11764705882354,84.70588235294117,65.52941176470588,19.17647058823529,84.70588235294117,65.52941176470588,구서여중;남산중,0,0,0,,,,0,2,False,0.0
TRADE_906AB8734B27,1,4,61.13970588235294,69.70588235294117,46.5,23.205882352941174,69.70588235294117,46.5,건국중;당리중;사하중;하단중,0,0,0,,,,0,4,False,0.0
TRADE_906D17F13876,1,7,48.98319327731093,68.26470588235294,19.323529411764707,48.94117647058823,68.26470588235294,19.323529411764707,경남여중;경남중;덕원중;동주여중;부산대신중학교;부산여중;선화여중,0,0,0,,,,0,7,False,0.0
TRADE_907D0AC3162D,1,3,59.529411764705884,78.3529411764706,36.50000000000001,41.85294117647059,78.3529411764706,36.50000000000001,동래중;온천중;유락여중,0,0,0,,,,0,3,False,0.0
TRADE_909A207C1BD1,1,3,37.5,68.26470588235294,19.323529411764707,48.94117647058823,68.26470588235294,19.323529411764707,경남여중;부산중;선화여중,0,0,0,,,,0,3,False,0.0
TRADE_909EDC759425,1,3,48.30392156862746,98.91176470588236,18.88235294117647,80.02941176470588,98.91176470588236,18.88235294117647,센텀중;재송여자중;재송중,0,0,0,,,,0,3,False,0.0
TRADE_90A1616F9F5E,1,3,42.720588235294116,45.14705882352941,40.294117647058826,4.852941176470587,45.14705882352941,40.294117647058826,문현여중;배정중;부산중앙중,0,0,0,,,,0,2,False,0.0
TRADE_90B1B4B55125,1,2,75.11764705882354,84.70588235294117,65.52941176470588,19.17647058823529,84.70588235294117,65.52941176470588,구서여중;남산중,0,0,0,,,,0,2,False,0.0
TRADE_90DDC6E358F8,1,3,43.455882352941174,47.147058823529406,39.76470588235294,7.382352941176464,47.147058823529406,39.76470588235294,감만중;배정중;석포여중,0,0,0,,,,0,2,False,0.0
TRADE_90F6622B94DA,1,3,17.95098039215686,31.705882352941174,1.0882352941176472,30.617647058823525,31.705882352941174,1.0882352941176472,기장중;대청중;일광중,0,0,0,,,,0,3,False,0.0
TRADE_9101224A1348,1,3,37.5,68.26470588235294,19.323529411764707,48.94117647058823,68.26470588235294,19.323529411764707,경남여중;부산중;선화여중,0,0,0,,,,0,3,False,0.0
TRADE_910E67BAB592,1,2,11.073529411764707,21.058823529411764,1.0882352941176472,19.970588235294116,21.058823529411764,1.0882352941176472,기장중;대청중,0,0,0,,,,0,2,False,0.0
TRADE_9172A22A5A1E,1,0,,,,,,,,0,0,0,,,,0,0,False,0.0
TRADE_91911ED5EF2F,1,3,61.88235294117647,88.5,45.44117647058823,43.05882352941177,88.5,45.44117647058823,동현중;부곡여자중;장전중,0,0,0,,,,0,3,False,0.0
TRADE_91933BCD55CA,1,3,48.568627450980394,64.52941176470588,30.617647058823533,33.91176470588235,64.52941176470588,30.617647058823533,연산중;연일중;연제중,0,0,0,,,,0,3,False,0.0
TRADE_91BACA88EEFC,2,5,42.864705882352936,57.76470588235294,21.14705882352941,36.617647058823536,57.76470588235294,21.14705882352941,개금여중;개림중;동양중;동평여중;동평중,0,0,0,,,,0,5,False,0.0
TRADE_91D2363E399D,1,6,49.4264705882353,77.23529411764707,34.82352941176471,42.41176470588236,77.23529411764707,34.82352941176471,경남중;대신여중;부산여중;부산중앙여자중학교;송도중;초장중,0,0,0,,,,0,6,False,0.0
TRADE_91D73D8EEC68,1,3,48.568627450980394,64.52941176470588,30.617647058823533,33.91176470588235,64.52941176470588,30.617647058823533,연산중;연일중;연제중,0,0,0,,,,0,3,False,0.0
TRADE_91D826C35936,1,1,15.705882352941176,15.705882352941176,15.705882352941176,0.0,15.705882352941176,15.705882352941176,덕천중,1,1,1,덕천중,15.705882352941176,15.705882352941176,0,1,False,0.15705882352941175
TRADE_921B141EF70C,1,3,75.27450980392156,94.26470588235294,51.8235294117647,42.44117647058824,94.26470588235294,51.8235294117647,거제여중;여명중;이사벨중학교,0,0,0,,,,0,3,False,0.0
TRADE_9220E11F9CE9,1,1,15.705882352941176,15.705882352941176,15.705882352941176,0.0,15.705882352941176,15.705882352941176,덕천중,1,1,1,덕천중,15.705882352941176,15.705882352941176,0,1,False,0.15705882352941175
TRADE_923A58BFD76B,1,3,42.75490196078431,58.67647058823528,24.205882352941178,34.4705882352941,58.67647058823528,24.205882352941178,부산진중;초연중;초읍중,0,0,0,,,,0,3,False,0.0
TRADE_925266D987CD,1,3,59.529411764705884,78.3529411764706,36.50000000000001,41.85294117647059,78.3529411764706,36.50000000000001,동래중;온천중;유락여중,0,0,0,,,,0,3,False,0.0
TRADE_927EC147DC72,1,1,48.088235294117645,48.088235294117645,48.088235294117645,0.0,48.088235294117645,48.088235294117645,백양중,1,1,1,백양중,48.088235294117645,48.088235294117645,0,1,False,0.4808823529411764
TRADE_92B589E6AA6F,1,6,52.04901960784314,76.79411764705881,34.82352941176471,41.9705882352941,76.79411764705881,34.82352941176471,감천중;경남중;부산여중;부산중앙여자중학교;삼성중;송도중,0,0,0,,,,0,6,False,0.0
TRADE_92B97286386D,1,6,49.4264705882353,77.23529411764707,34.82352941176471,42.41176470588236,77.23529411764707,34.82352941176471,경남중;대신여중;부산여중;부산중앙여자중학교;송도중;초장중,0,0,0,,,,0,6,False,0.0
TRADE_9320BAE5E249,1,4,60.19117647058823,69.70588235294117,46.5,23.205882352941174,69.70588235294117,46.5,건국중;당리중;동주여중;사하중,0,0,0,,,,0,4,False,0.0
TRADE_933B4A8E707D,1,3,77.5,84.70588235294117,65.52941176470588,19.17647058823529,84.70588235294117,65.52941176470588,구서여중;금정중;남산중,0,0,0,,,,0,3,False,0.0
TRADE_936FF16F36CD,1,4,72.78676470588235,94.26470588235294,36.50000000000001,57.764705882352935,94.26470588235294,36.50000000000001,사직여중;사직중;여명중;온천중,0,0,0,,,,0,4,False,0.0
TRADE_938C680F9FC6,1,3,78.86274509803923,92.52941176470588,54.23529411764706,38.294117647058826,92.52941176470588,54.23529411764706,동백중;해운대여중;해운대중,0,0,0,,,,0,3,False,0.0
TRADE_938DE214F1E7,1,2,11.073529411764707,21.058823529411764,1.0882352941176472,19.970588235294116,21.058823529411764,1.0882352941176472,기장중;대청중,0,0,0,,,,0,2,False,0.0
TRADE_93A3497B08FA,1,3,48.568627450980394,64.52941176470588,30.617647058823533,33.91176470588235,64.52941176470588,30.617647058823533,연산중;연일중;연제중,0,0,0,,,,0,3,False,0.0
TRADE_93A350C66062,1,3,48.96078431372549,56.970588235294116,40.44117647058824,16.529411764705877,56.970588235294116,40.44117647058824,영도제일중;태종대중;해동중,0,0,0,,,,0,3,False,0.0
TRADE_93ACE04B8DB0,1,3,41.931372549019606,44.85294117647059,36.970588235294116,7.882352941176471,44.85294117647059,36.970588235294116,동수영중;망미중;부산수영중학교,0,0,0,,,,0,3,False,0.0
TRADE_93B0CACA5C8F,1,4,43.794117647058826,58.82352941176471,30.617647058823533,28.205882352941178,58.82352941176471,30.617647058823533,망미중;연제중;연천중;토현중,0,0,0,,,,0,4,False,0.0
TRADE_93B10921C5F4,1,3,45.45098039215686,73.88235294117646,21.999999999999996,51.882352941176464,73.88235294117646,21.999999999999996,동의중;부산진여중;양동여중,0,0,0,,,,0,3,False,0.0
TRADE_93CBFB568522,1,5,52.54117647058823,77.23529411764707,34.82352941176471,42.41176470588236,77.23529411764707,34.82352941176471,경남중;부산대신중학교;부산여중;부산중앙여자중학교;초장중,0,0,0,,,,0,5,False,0.0
TRADE_942C40D51515,1,3,66.3235294117647,87.20588235294116,40.23529411764706,46.9705882352941,87.20588235294116,40.23529411764706,남천중;대연중;대천중,0,0,0,,,,0,3,False,0.0
TRADE_94378180F4D1,1,6,49.4264705882353,77.23529411764707,34.82352941176471,42.41176470588236,77.23529411764707,34.82352941176471,경남중;대신여중;부산여중;부산중앙여자중학교;송도중;초장중,0,0,0,,,,0,6,False,0.0
TRADE_9447F17B05C0,1,3,37.5,68.26470588235294,19.323529411764707,48.94117647058823,68.26470588235294,19.323529411764707,경남여중;부산중;선화여중,0,0,0,,,,0,3,False,0.0
TRADE_945DF7C08AB3,1,3,47.372549019607845,62.52941176470588,21.999999999999996,40.529411764705884,62.52941176470588,21.999999999999996,덕명여중;부산동중;부산진여중,0,0,0,,,,0,3,False,0.0
TRADE_946BDA79047F,1,3,23.774509803921564,27.088235294117645,19.323529411764707,7.7647058823529385,27.088235294117645,19.323529411764707,경남여중;부산서중;부산중,0,0,0,,,,0,3,False,0.0
TRADE_947BA4DC6934,1,2,73.89705882352942,82.26470588235294,65.52941176470588,16.735294117647058,82.26470588235294,65.52941176470588,금정중;남산중,0,0,0,,,,0,2,False,0.0
TRADE_9483DEA2B20B,1,3,36.686274509803916,54.11764705882353,23.294117647058822,30.823529411764707,54.11764705882353,23.294117647058822,동주중;주례여중;주례중,0,0,0,,,,0,3,False,0.0
TRADE_949398D5356C,1,5,50.25294117647059,73.52941176470588,36.970588235294116,36.55882352941177,73.52941176470588,36.970588235294116,광안중;동수영중;동아중;부산수영중학교;한바다중,0,0,0,,,,0,5,False,0.0
TRADE_94A8E2EF1A38,1,6,45.35294117647059,58.00000000000001,34.82352941176471,23.176470588235297,58.00000000000001,34.82352941176471,경남중;대신여중;덕원중;부산대신중학교;부산여중;부산중앙여자중학교,0,0,0,,,,0,6,False,0.0
TRADE_94F840638322,1,2,40.58823529411765,50.55882352941177,30.617647058823533,19.941176470588236,50.55882352941177,30.617647058823533,연산중;연제중,0,0,0,,,,0,2,False,0.0
TRADE_950CBCF97FD6,1,3,59.529411764705884,78.3529411764706,36.50000000000001,41.85294117647059,78.3529411764706,36.50000000000001,동래중;온천중;유락여중,0,0,0,,,,0,3,False,0.0
TRADE_95297754F10E,1,6,52.04901960784314,76.79411764705881,34.82352941176471,41.9705882352941,76.79411764705881,34.82352941176471,감천중;경남중;부산여중;부산중앙여자중학교;삼성중;송도중,0,0,0,,,,0,6,False,0.0
TRADE_9547F151FA60,1,3,59.529411764705884,78.3529411764706,36.50000000000001,41.85294117647059,78.3529411764706,36.50000000000001,동래중;온천중;유락여중,0,0,0,,,,0,3,False,0.0
TRADE_9548BE24DE76,1,3,77.5,84.70588235294117,65.52941176470588,19.17647058823529,84.70588235294117,65.52941176470588,구서여중;금정중;남산중,0,0,0,,,,0,3,False,0.0
TRADE_957C1B2ED811,1,4,83.57352941176471,97.70588235294117,54.23529411764706,43.470588235294116,97.70588235294117,54.23529411764706,동백중;해강중;해운대여중;해운대중,0,0,0,,,,0,4,False,0.0
TRADE_95C9A88B92CB,1,4,83.57352941176471,97.70588235294117,54.23529411764706,43.470588235294116,97.70588235294117,54.23529411764706,동백중;해강중;해운대여중;해운대중,0,0,0,,,,0,4,False,0.0
TRADE_95CA83CFBBF6,1,3,48.96078431372549,56.970588235294116,40.44117647058824,16.529411764705877,56.970588235294116,40.44117647058824,영도제일중;태종대중;해동중,0,0,0,,,,0,3,False,0.0
TRADE_95EC9CEB3810,1,4,60.19117647058823,69.70588235294117,46.5,23.205882352941174,69.70588235294117,46.5,건국중;당리중;동주여중;사하중,0,0,0,,,,0,4,False,0.0
TRADE_95F4BAF71289,1,3,48.30392156862746,98.91176470588236,18.88235294117647,80.02941176470588,98.91176470588236,18.88235294117647,센텀중;재송여자중;재송중,0,0,0,,,,0,3,False,0.0
TRADE_9663751B823E,1,3,43.69117647058823,47.147058823529406,40.23529411764706,6.911764705882348,47.147058823529406,40.23529411764706,감만중;대연중;배정중,0,0,0,,,,0,2,False,0.0
TRADE_96887EE990BC,1,1,45.647058823529406,45.647058823529406,45.647058823529406,0.0,45.647058823529406,45.647058823529406,신호중,1,1,1,신호중,45.647058823529406,45.647058823529406,0,1,False,0.4564705882352941
TRADE_9697A269ACC8,1,0,,,,,,,,0,0,0,,,,0,0,False,0.0
TRADE_969C35AF7F9F,1,2,73.89705882352942,82.26470588235294,65.52941176470588,16.735294117647058,82.26470588235294,65.52941176470588,금정중;남산중,0,0,0,,,,0,2,False,0.0
TRADE_96BBC7F44344,1,3,34.29411764705882,40.23529411764706,22.882352941176467,17.35294117647059,40.23529411764706,22.882352941176467,대연중;석포여중;해연중,0,0,0,,,,0,3,False,0.0
TRADE_96C3ADB9F054,1,2,27.088235294117645,27.088235294117645,27.088235294117645,0.0,27.088235294117645,27.088235294117645,금성중;부산서중,0,0,0,,,,0,1,False,0.0
TRADE_9740D1A7592A,1,5,45.14705882352941,58.82352941176471,30.617647058823533,28.205882352941178,58.82352941176471,30.617647058823533,망미중;연산중;연제중;연천중;토현중,0,0,0,,,,0,5,False,0.0
TRADE_975F1EEBDC8D,1,4,42.63970588235294,56.55882352941176,15.705882352941178,40.85294117647058,56.55882352941176,15.705882352941178,가야여중;광무여중;부산개성중;서면중,0,0,0,,,,0,4,False,0.0
TRADE_9760F8E6DA17,1,3,42.75490196078431,58.67647058823528,24.205882352941178,34.4705882352941,58.67647058823528,24.205882352941178,부산진중;초연중;초읍중,0,0,0,,,,0,3,False,0.0
TRADE_976484110898,1,4,49.5,73.88235294117646,21.999999999999996,51.882352941176464,73.88235294117646,21.999999999999996,덕명여중;동의중;부산진여중;항도중,0,0,0,,,,0,4,False,0.0
TRADE_976A33082757,1,3,55.568627450980394,69.55882352941177,45.44117647058823,24.117647058823536,69.55882352941177,45.44117647058823,동현중;부곡여자중;부곡중,0,0,0,,,,0,3,False,0.0
TRADE_977BE8DA5CD7,1,3,45.45098039215686,73.88235294117646,21.999999999999996,51.882352941176464,73.88235294117646,21.999999999999996,동의중;부산진여중;양동여중,0,0,0,,,,0,3,False,0.0
TRADE_9782D4985FF3,1,4,33.786764705882355,54.82352941176472,15.705882352941178,39.117647058823536,54.82352941176472,15.705882352941178,가야여중;개림중;부산개성중;서면중,0,0,0,,,,0,4,False,0.0
TRADE_978EDDEB9497,1,0,,,,,,,,0,0,0,,,,0,0,False,0.0
TRADE_97927D5CCF99,1,3,51.127450980392155,83.17647058823529,35.02941176470588,48.14705882352941,83.17647058823529,35.02941176470588,남도여중;부산남중;부산영선중학교,0,0,0,,,,0,3,False,0.0
TRADE_97A5FFA0C8F8,1,5,66.6,87.20588235294116,43.970588235294116,43.235294117647044,87.20588235294116,43.970588235294116,남천중;대천중;동아중;부산수영중;한바다중,0,0,0,,,,0,5,False,0.0
TRADE_97B0AA2C125B,1,4,38.25,53.91176470588235,23.61764705882353,30.29411764705882,53.91176470588235,23.61764705882353,대동중;영남중;장림여중;장평중,0,0,0,,,,0,4,False,0.0
TRADE_97C5836A972D,1,3,32.509803921568626,43.470588235294116,21.14705882352941,22.323529411764707,43.470588235294116,21.14705882352941,개금여중;개림중;부산개성중,0,0,0,,,,0,3,False,0.0
TRADE_97C597A5D04C,1,6,50.333333333333336,79.73529411764706,30.617647058823533,49.11764705882352,79.73529411764706,30.617647058823533,동신중;연산중;연일중;연제중;이사벨중;토현중,0,0,0,,,,0,6,False,0.0
TRADE_97FDD5699FE1,1,2,40.58823529411765,50.55882352941177,30.617647058823533,19.941176470588236,50.55882352941177,30.617647058823533,연산중;연제중,0,0,0,,,,0,2,False,0.0
TRADE_98182C5D6E7D,1,2,73.89705882352942,82.26470588235294,65.52941176470588,16.735294117647058,82.26470588235294,65.52941176470588,금정중;남산중,0,0,0,,,,0,2,False,0.0
TRADE_981DADC60BEC,1,3,78.86274509803923,92.52941176470588,54.23529411764706,38.294117647058826,92.52941176470588,54.23529411764706,동백중;해운대여중;해운대중,0,0,0,,,,0,3,False,0.0
TRADE_981E7E8F732E,1,3,82.88235294117648,93.44117647058823,67.5,25.941176470588232,93.44117647058823,67.5,분포중;오륙도중;용호중,0,0,0,,,,0,3,False,0.0
TRADE_9858D38EB19D,1,3,48.568627450980394,64.52941176470588,30.617647058823533,33.91176470588235,64.52941176470588,30.617647058823533,연산중;연일중;연제중,0,0,0,,,,0,3,False,0.0
TRADE_985B95BE0059,1,4,53.57352941176471,73.52941176470588,40.02941176470588,33.50000000000001,73.52941176470588,40.02941176470588,광안중;동아중;부산수영중;한바다중,0,0,0,,,,0,4,False,0.0
TRADE_9863D382F087,1,3,72.96078431372548,78.3529411764706,63.73529411764706,14.617647058823536,78.3529411764706,63.73529411764706,동래중;동해중;유락여중,0,0,0,,,,0,3,False,0.0
TRADE_988E53C8F50A,1,4,68.85294117647058,78.3529411764706,56.529411764705884,21.82352941176471,78.3529411764706,56.529411764705884,동래중;동해중;부산내성중학교;유락여중,0,0,0,,,,0,4,False,0.0
TRADE_98A636F34C56,1,3,75.27450980392156,94.26470588235294,51.8235294117647,42.44117647058824,94.26470588235294,51.8235294117647,거제여중;여명중;이사벨중,0,0,0,,,,0,3,False,0.0
TRADE_98BA2687FFBE,1,4,45.220588235294116,73.88235294117646,21.999999999999996,51.882352941176464,73.88235294117646,21.999999999999996,동의중;부산진여중;양동여중;항도중,0,0,0,,,,0,4,False,0.0
TRADE_98C071185655,1,4,53.57352941176471,73.52941176470588,40.02941176470588,33.50000000000001,73.52941176470588,40.02941176470588,광안중;동아중;부산수영중;한바다중,0,0,0,,,,0,4,False,0.0
TRADE_98D3659CE9FC,1,4,72.78676470588235,94.26470588235294,36.50000000000001,57.764705882352935,94.26470588235294,36.50000000000001,사직여중;사직중;여명중;온천중,0,0,0,,,,0,4,False,0.0
TRADE_98DB7694ECAB,1,5,66.6,87.20588235294116,43.970588235294116,43.235294117647044,87.20588235294116,43.970588235294116,남천중;대천중;동아중;부산수영중;한바다중,0,0,0,,,,0,5,False,0.0
TRADE_99028EB727AF,1,3,66.3235294117647,87.20588235294116,40.23529411764706,46.9705882352941,87.20588235294116,40.23529411764706,남천중;대연중;대천중,0,0,0,,,,0,3,False,0.0
TRADE_992462CBF058,1,0,,,,,,,,0,0,0,,,,0,0,False,0.0
TRADE_993DC0ACC63C,1,2,73.89705882352942,82.26470588235294,65.52941176470588,16.735294117647058,82.26470588235294,65.52941176470588,금정중;남산중,0,0,0,,,,0,2,False,0.0
TRADE_9941D469EE25,1,4,61.13970588235294,69.70588235294117,46.5,23.205882352941174,69.70588235294117,46.5,건국중;당리중;사하중;하단중,0,0,0,,,,0,4,False,0.0
TRADE_994E22344644,1,0,,,,,,,,0,0,0,,,,0,0,False,0.0
TRADE_997D434950D1,1,5,50.25294117647059,73.52941176470588,36.970588235294116,36.55882352941177,73.52941176470588,36.970588235294116,광안중;동수영중;동아중;부산수영중학교;한바다중,0,0,0,,,,0,5,False,0.0
TRADE_9993F334273A,1,5,66.6,87.20588235294116,43.970588235294116,43.235294117647044,87.20588235294116,43.970588235294116,남천중;대천중;동아중;부산수영중;한바다중,0,0,0,,,,0,5,False,0.0
TRADE_999EACA68604,1,2,42.838235294117645,43.970588235294116,41.705882352941174,2.264705882352942,43.970588235294116,41.705882352941174,대천리중;화신중,0,0,0,,,,0,2,False,0.0
TRADE_99FE36EE9342,1,3,42.720588235294116,45.14705882352941,40.294117647058826,4.852941176470587,45.14705882352941,40.294117647058826,문현여중;배정중;부산중앙중,0,0,0,,,,0,2,False,0.0
TRADE_99FE97539511,1,3,82.88235294117648,93.44117647058823,67.5,25.941176470588232,93.44117647058823,67.5,분포중;오륙도중;용호중,0,0,0,,,,0,3,False,0.0
TRADE_9A04BFD77164,1,6,50.259803921568626,83.17647058823529,19.323529411764707,63.85294117647058,83.17647058823529,19.323529411764707,경남여중;덕원중;부산남중;부산대신중학교;선화여중;신선중,0,0,0,,,,0,6,False,0.0
TRADE_9A45C978F639,1,1,15.705882352941176,15.705882352941176,15.705882352941176,0.0,15.705882352941176,15.705882352941176,덕천중,1,1,1,덕천중,15.705882352941176,15.705882352941176,0,1,False,0.15705882352941175
TRADE_9A4945EF5230,1,0,,,,,,,,0,0,0,,,,0,0,False,0.0
TRADE_9A5B65727F45,1,0,,,,,,,,0,0,0,,,,0,0,False,0.0
TRADE_9A79B5B1A67E,1,2,11.073529411764707,21.058823529411764,1.0882352941176472,19.970588235294116,21.058823529411764,1.0882352941176472,기장중;대청중,0,0,0,,,,0,2,False,0.0
TRADE_9A8ECA385BEF,1,3,48.568627450980394,64.52941176470588,30.617647058823533,33.91176470588235,64.52941176470588,30.617647058823533,연산중;연일중;연제중,0,0,0,,,,0,3,False,0.0
TRADE_9AA930034D07,1,1,32.647058823529406,32.647058823529406,32.647058823529406,0.0,32.647058823529406,32.647058823529406,주례중,1,1,1,주례중,32.647058823529406,32.647058823529406,0,1,False,0.32647058823529407
TRADE_9AAC2285A296,1,2,40.58823529411765,50.55882352941177,30.617647058823533,19.941176470588236,50.55882352941177,30.617647058823533,연산중;연제중,0,0,0,,,,0,2,False,0.0
TRADE_9AD6740D73BF,1,3,34.29411764705882,40.23529411764706,22.882352941176467,17.35294117647059,40.23529411764706,22.882352941176467,대연중;석포여중;해연중,0,0,0,,,,0,3,False,0.0
TRADE_9AF6D5E4609A,1,3,48.568627450980394,64.52941176470588,30.617647058823533,33.91176470588235,64.52941176470588,30.617647058823533,연산중;연일중;연제중,0,0,0,,,,0,3,False,0.0
TRADE_9B4CD56CDA2A,1,3,32.31372549019608,41.76470588235294,18.176470588235293,23.58823529411765,41.76470588235294,18.176470588235293,다대중;다송중;두송중,0,0,0,,,,0,3,False,0.0
TRADE_9B674BCF7C10,1,4,44.867647058823536,58.00000000000001,34.82352941176471,23.176470588235297,58.00000000000001,34.82352941176471,경남중;대신여중;덕원중;부산여중,0,0,0,,,,0,4,False,0.0
TRADE_9B716C7CEBD8,1,3,59.14705882352941,76.79411764705881,45.05882352941177,31.735294117647044,76.79411764705881,45.05882352941177,감천중;삼성중;장평중,0,0,0,,,,0,3,False,0.0
TRADE_9B74AEC6E5E5,1,2,73.89705882352942,82.26470588235294,65.52941176470588,16.735294117647058,82.26470588235294,65.52941176470588,금정중;남산중,0,0,0,,,,0,2,False,0.0
TRADE_9B7C513B5FB7,1,3,48.568627450980394,64.52941176470588,30.617647058823533,33.91176470588235,64.52941176470588,30.617647058823533,연산중;연일중;연제중,0,0,0,,,,0,3,False,0.0
TRADE_9B83C3113099,1,2,21.970588235294116,21.970588235294116,21.970588235294116,0.0,21.970588235294116,21.970588235294116,반송중;운송중,0,0,0,,,,0,1,False,0.0
TRADE_9B9D9E7456CC,1,9,54.25816993464051,76.79411764705881,34.82352941176471,41.9705882352941,76.79411764705881,34.82352941176471,경남중;당리중;동주여중;부산대신중학교;부산여중;부산중앙여자중학교;사하중;삼성중;장평중,0,0,0,,,,0,9,False,0.0
TRADE_9BA9E294839D,1,0,,,,,,,,0,0,0,,,,0,0,False,0.0
TRADE_9BD3D9A4E272,1,3,48.568627450980394,64.52941176470588,30.617647058823533,33.91176470588235,64.52941176470588,30.617647058823533,연산중;연일중;연제중,0,0,0,,,,0,3,False,0.0
TRADE_9BD5E04AECFA,1,3,66.3235294117647,87.20588235294116,40.23529411764706,46.9705882352941,87.20588235294116,40.23529411764706,남천중;대연중;대천중,0,0,0,,,,0,3,False,0.0
TRADE_9BDC14CEDFE0,1,3,38.00000000000001,54.82352941176472,15.705882352941178,39.117647058823536,54.82352941176472,15.705882352941178,가야여중;부산개성중;서면중,0,0,0,,,,0,3,False,0.0
TRADE_9BE0A9F24AB0,1,3,45.45098039215686,73.88235294117646,21.999999999999996,51.882352941176464,73.88235294117646,21.999999999999996,동의중;부산진여중;양동여중,0,0,0,,,,0,3,False,0.0
TRADE_9C0554838108,1,3,78.86274509803923,92.52941176470588,54.23529411764706,38.294117647058826,92.52941176470588,54.23529411764706,동백중;해운대여중;해운대중,0,0,0,,,,0,3,False,0.0
TRADE_9C0FDCD377CF,1,3,79.57843137254902,88.5,65.52941176470588,22.970588235294116,88.5,65.52941176470588,구서여중;남산중;장전중,0,0,0,,,,0,3,False,0.0
TRADE_9C5853964804,1,4,68.85294117647058,78.3529411764706,56.529411764705884,21.82352941176471,78.3529411764706,56.529411764705884,동래중;동해중;부산내성중학교;유락여중,0,0,0,,,,0,4,False,0.0
TRADE_9C58CC5690C2,1,3,38.0,54.82352941176472,15.705882352941178,39.117647058823536,54.82352941176472,15.705882352941178,가야여중;부산개성중;서면중,0,0,0,,,,0,3,False,0.0
TRADE_9C5D32E83012,1,5,50.25294117647059,73.52941176470588,36.970588235294116,36.55882352941177,73.52941176470588,36.970588235294116,광안중;동수영중;동아중;부산수영중학교;한바다중,0,0,0,,,,0,5,False,0.0
TRADE_9C701B9BEE07,1,0,,,,,,,,0,0,0,,,,0,0,False,0.0
TRADE_9C75AE64C93A,1,3,55.568627450980394,69.55882352941177,45.44117647058823,24.117647058823536,69.55882352941177,45.44117647058823,동현중;부곡여자중;부곡중,0,0,0,,,,0,3,False,0.0
TRADE_9C77BCBC9E06,1,4,51.639705882352935,58.67647058823528,45.20588235294118,13.470588235294102,58.67647058823528,45.20588235294118,동평여중;동평중;부산진중;초연중,0,0,0,,,,0,4,False,0.0
TRADE_9C7FC051D21D,1,4,53.57352941176471,73.52941176470588,40.02941176470588,33.50000000000001,73.52941176470588,40.02941176470588,광안중;동아중;부산수영중;한바다중,0,0,0,,,,0,4,False,0.0
TRADE_9CA4ABCBAB33,1,3,51.127450980392155,83.17647058823529,35.02941176470588,48.14705882352941,83.17647058823529,35.02941176470588,남도여중;부산남중;부산영선중학교,0,0,0,,,,0,3,False,0.0
TRADE_9CAA44AE0D44,1,4,44.867647058823536,58.00000000000001,34.82352941176471,23.176470588235297,58.00000000000001,34.82352941176471,경남중;대신여중;덕원중;부산여중,0,0,0,,,,0,4,False,0.0
TRADE_9CBFA1AB61E9,1,3,48.96078431372549,56.970588235294116,40.44117647058824,16.529411764705877,56.970588235294116,40.44117647058824,영도제일중;태종대중;해동중,0,0,0,,,,0,3,False,0.0
TRADE_9D19E84E1BE8,1,4,83.57352941176471,97.70588235294117,54.23529411764706,43.470588235294116,97.70588235294117,54.23529411764706,동백중;해강중;해운대여중;해운대중,0,0,0,,,,0,4,False,0.0
TRADE_9D1A53D0CA95,1,3,58.08823529411765,73.52941176470588,43.970588235294116,29.558823529411768,73.52941176470588,43.970588235294116,동아중;부산수영중학교;한바다중,0,0,0,,,,0,3,False,0.0
TRADE_9D699437D1BF,1,3,48.17647058823528,58.67647058823528,40.470588235294116,18.205882352941167,58.67647058823528,40.470588235294116,부산진중;양동여중;초연중,0,0,0,,,,0,3,False,0.0
TRADE_9D8E34C5027D,1,3,61.88235294117647,88.5,45.44117647058823,43.05882352941177,88.5,45.44117647058823,동현중;부곡여자중;장전중,0,0,0,,,,0,3,False,0.0
TRADE_9DBF52E92F37,1,0,,,,,,,,0,0,0,,,,0,0,False,0.0
TRADE_9DD46019E617,1,5,52.54117647058823,77.23529411764707,34.82352941176471,42.41176470588236,77.23529411764707,34.82352941176471,경남중;부산대신중학교;부산여중;부산중앙여자중학교;초장중,0,0,0,,,,0,5,False,0.0
TRADE_9DE88A60D605,1,3,58.08823529411765,73.52941176470588,43.970588235294116,29.558823529411768,73.52941176470588,43.970588235294116,동아중;부산수영중학교;한바다중,0,0,0,,,,0,3,False,0.0
TRADE_9E23FF76CB6B,1,3,46.82352941176471,48.5,45.14705882352941,3.352941176470587,48.5,45.14705882352941,문현여중;배정중;부산동여중,0,0,0,,,,0,2,False,0.0
TRADE_9E2561D30EC3,1,4,83.57352941176471,97.70588235294117,54.23529411764706,43.470588235294116,97.70588235294117,54.23529411764706,동백중;해강중;해운대여중;해운대중,0,0,0,,,,0,4,False,0.0
TRADE_9E91BB9611EC,1,3,32.509803921568626,43.470588235294116,21.14705882352941,22.323529411764707,43.470588235294116,21.14705882352941,개금여중;개림중;부산개성중,0,0,0,,,,0,3,False,0.0
TRADE_9E965362EEE4,1,3,24.1078431372549,35.588235294117645,18.147058823529413,17.441176470588232,35.588235294117645,18.147058823529413,가람중;구남중;구포중,0,0,0,,,,0,3,False,0.0
TRADE_9E968C9BE9C4,1,4,45.220588235294116,73.88235294117646,21.999999999999996,51.882352941176464,73.88235294117646,21.999999999999996,동의중;부산진여중;양동여중;항도중,0,0,0,,,,0,4,False,0.0
TRADE_9EB52BD2934B,1,3,77.5,84.70588235294117,65.52941176470588,19.17647058823529,84.70588235294117,65.52941176470588,구서여중;금정중;남산중,0,0,0,,,,0,3,False,0.0
TRADE_9EC0860CFAA7,1,4,61.13970588235294,69.70588235294117,46.5,23.205882352941174,69.70588235294117,46.5,건국중;당리중;사하중;하단중,0,0,0,,,,0,4,False,0.0
TRADE_9EC584793415,1,3,22.637254901960784,32.73529411764706,16.294117647058826,16.441176470588232,32.73529411764706,16.294117647058826,반안중;반여중;재송중,0,0,0,,,,0,3,False,0.0
TRADE_9F41B9298DCC,1,3,40.833333333333336,51.70588235294118,25.35294117647059,26.35294117647059,51.70588235294118,25.35294117647059,금사중;동현중;부곡여중,0,0,0,,,,0,3,False,0.0
TRADE_9F4A7AE04C29,1,5,41.476470588235294,71.8529411764706,26.294117647058822,45.55882352941177,71.8529411764706,26.294117647058822,동신중;안락중;충렬중;학산여자중;혜화여자중,0,0,0,,,,0,5,False,0.0
TRADE_9F65D3D81428,1,3,42.75490196078431,58.67647058823528,24.205882352941178,34.4705882352941,58.67647058823528,24.205882352941178,부산진중;초연중;초읍중,0,0,0,,,,0,3,False,0.0
TRADE_9F688BEC0332,1,3,37.794117647058826,48.5,27.088235294117645,21.411764705882355,48.5,27.088235294117645,금성중;부산동여중;부산서중,0,0,0,,,,0,2,False,0.0
TRADE_9F70E5E4D357,1,3,59.529411764705884,78.3529411764706,36.50000000000001,41.85294117647059,78.3529411764706,36.50000000000001,동래중;온천중;유락여중,0,0,0,,,,0,3,False,0.0
TRADE_9F82EB75AA6F,1,6,50.259803921568626,83.17647058823529,19.323529411764707,63.85294117647058,83.17647058823529,19.323529411764707,경남여중;덕원중;부산남중;부산대신중학교;선화여중;신선중,0,0,0,,,,0,6,False,0.0
TRADE_9F936EB0BDC9,1,4,61.13970588235294,69.70588235294117,46.5,23.205882352941174,69.70588235294117,46.5,건국중;당리중;사하중;하단중,0,0,0,,,,0,4,False,0.0
TRADE_9F940BC3D3A8,1,4,44.977941176470594,58.00000000000001,34.82352941176471,23.176470588235297,58.00000000000001,34.82352941176471,경남중;부산여중;부산중앙여자중학교;송도중,0,0,0,,,,0,4,False,0.0
TRADE_9FA239102B9D,1,6,49.220588235294116,64.79411764705883,34.82352941176471,29.970588235294116,64.79411764705883,34.82352941176471,경남중;동주여중;부산대신중학교;부산여중;부산중앙여자중학교;장평중,0,0,0,,,,0,6,False,0.0
TRADE_9FAB34F0FDAF,1,3,37.5,68.26470588235294,19.323529411764707,48.94117647058823,68.26470588235294,19.323529411764707,경남여중;부산중;선화여중,0,0,0,,,,0,3,False,0.0
TRADE_9FCDC949D87B,1,3,75.27450980392156,94.26470588235294,51.8235294117647,42.44117647058824,94.26470588235294,51.8235294117647,거제여중;여명중;이사벨중,0,0,0,,,,0,3,False,0.0
TRADE_9FE1FA2E0C9B,1,4,72.78676470588235,94.26470588235294,36.50000000000001,57.764705882352935,94.26470588235294,36.50000000000001,사직여중;사직중;여명중;온천중,0,0,0,,,,0,4,False,0.0
TRADE_9FF96C595500,1,3,59.14705882352941,76.79411764705881,45.05882352941177,31.735294117647044,76.79411764705881,45.05882352941177,감천중;삼성중;장평중,0,0,0,,,,0,3,False,0.0
TRADE_A0114A70BF6E,1,5,50.25294117647059,73.52941176470588,36.970588235294116,36.55882352941177,73.52941176470588,36.970588235294116,광안중;동수영중;동아중;부산수영중학교;한바다중,0,0,0,,,,0,5,False,0.0
TRADE_A037109629C1,1,4,83.57352941176471,97.70588235294117,54.23529411764706,43.470588235294116,97.70588235294117,54.23529411764706,동백중;해강중;해운대여중;해운대중,0,0,0,,,,0,4,False,0.0
TRADE_A0515BB445F0,1,3,48.96078431372549,56.970588235294116,40.44117647058824,16.529411764705877,56.970588235294116,40.44117647058824,영도제일중;태종대중;해동중,0,0,0,,,,0,3,False,0.0
TRADE_A05D49AA70A8,1,3,55.568627450980394,69.55882352941177,45.44117647058823,24.117647058823536,69.55882352941177,45.44117647058823,동현중;부곡여자중;부곡중,0,0,0,,,,0,3,False,0.0
TRADE_A06270190971,1,2,75.11764705882354,84.70588235294117,65.52941176470588,19.17647058823529,84.70588235294117,65.52941176470588,구서여중;남산중,0,0,0,,,,0,2,False,0.0
TRADE_A06EFE50BA3A,1,4,72.78676470588235,94.26470588235294,36.50000000000001,57.764705882352935,94.26470588235294,36.50000000000001,사직여중;사직중;여명중;온천중,0,0,0,,,,0,4,False,0.0
TRADE_A08F7F421462,1,3,48.30392156862746,98.91176470588236,18.88235294117647,80.02941176470588,98.91176470588236,18.88235294117647,센텀중;재송여자중;재송중,0,0,0,,,,0,3,False,0.0
TRADE_A092B4BA0D08,1,3,37.5,68.26470588235294,19.323529411764707,48.94117647058823,68.26470588235294,19.323529411764707,경남여중;부산중;선화여중,0,0,0,,,,0,3,False,0.0
TRADE_A0EE918E5CB9,1,2,34.794117647058826,45.38235294117647,24.205882352941178,21.176470588235293,45.38235294117647,24.205882352941178,초연중;초읍중,0,0,0,,,,0,2,False,0.0
TRADE_A10B51D0E6B2,1,3,59.529411764705884,78.3529411764706,36.50000000000001,41.85294117647059,78.3529411764706,36.50000000000001,동래중;온천중;유락여중,0,0,0,,,,0,3,False,0.0
TRADE_A130B2C2EE4E,1,4,83.57352941176471,97.70588235294117,54.23529411764706,43.470588235294116,97.70588235294117,54.23529411764706,동백중;해강중;해운대여중;해운대중,0,0,0,,,,0,4,False,0.0
TRADE_A146D8EA1DB5,1,3,47.372549019607845,62.52941176470588,21.999999999999996,40.529411764705884,62.52941176470588,21.999999999999996,덕명여중;부산동중;부산진여중,0,0,0,,,,0,3,False,0.0
TRADE_A1729E8D8EEB,1,3,51.127450980392155,83.17647058823529,35.02941176470588,48.14705882352941,83.17647058823529,35.02941176470588,남도여중;부산남중;부산영선중학교,0,0,0,,,,0,3,False,0.0
TRADE_A17D6FF366F2,1,3,72.96078431372548,78.3529411764706,63.73529411764706,14.617647058823536,78.3529411764706,63.73529411764706,동래중;동해중;유락여중,0,0,0,,,,0,3,False,0.0
TRADE_A1916CDF3CE5,1,3,56.68627450980392,58.67647058823528,54.82352941176472,3.8529411764705657,58.67647058823528,54.82352941176472,광무여중;부산진중;서면중,0,0,0,,,,0,3,False,0.0
TRADE_A1A70E4116B6,1,3,34.29411764705882,40.23529411764706,22.882352941176467,17.35294117647059,40.23529411764706,22.882352941176467,대연중;석포여중;해연중,0,0,0,,,,0,3,False,0.0
TRADE_A1AD6C65A77F,1,3,36.686274509803916,54.11764705882353,23.294117647058822,30.823529411764707,54.11764705882353,23.294117647058822,동주중;주례여중;주례중,0,0,0,,,,0,3,False,0.0
TRADE_A1C8C492D7FF,1,5,52.54117647058823,77.23529411764707,34.82352941176471,42.41176470588236,77.23529411764707,34.82352941176471,경남중;부산대신중학교;부산여중;부산중앙여자중학교;초장중,0,0,0,,,,0,5,False,0.0
TRADE_A1DA91EF2A4E,1,3,55.568627450980394,69.55882352941177,45.44117647058823,24.117647058823536,69.55882352941177,45.44117647058823,동현중;부곡여자중;부곡중,0,0,0,,,,0,3,False,0.0
TRADE_A1F148D8AA97,1,3,53.72549019607843,58.67647058823528,45.20588235294118,13.470588235294102,58.67647058823528,45.20588235294118,동평여중;동평중;부산진중,0,0,0,,,,0,3,False,0.0
TRADE_A204D7B0921D,1,3,48.568627450980394,64.52941176470588,30.617647058823533,33.91176470588235,64.52941176470588,30.617647058823533,연산중;연일중;연제중,0,0,0,,,,0,3,False,0.0
TRADE_A207D40DD568,1,5,50.25294117647059,73.52941176470588,36.970588235294116,36.55882352941177,73.52941176470588,36.970588235294116,광안중;동수영중;동아중;부산수영중학교;한바다중,0,0,0,,,,0,5,False,0.0
TRADE_A20DEB697FF7,1,0,,,,,,,,0,0,0,,,,0,0,False,0.0
TRADE_A20F528C6879,1,2,11.073529411764707,21.058823529411764,1.0882352941176472,19.970588235294116,21.058823529411764,1.0882352941176472,기장중;대청중,0,0,0,,,,0,2,False,0.0
TRADE_A216FF32D655,1,3,79.57843137254902,88.5,65.52941176470588,22.970588235294116,88.5,65.52941176470588,구서여중;남산중;장전중,0,0,0,,,,0,3,False,0.0
TRADE_A21D49509D04,1,3,79.57843137254902,88.5,65.52941176470588,22.970588235294116,88.5,65.52941176470588,구서여중;남산중;장전중,0,0,0,,,,0,3,False,0.0
TRADE_A23CEAEF7BBE,1,4,60.19117647058823,69.70588235294117,46.5,23.205882352941174,69.70588235294117,46.5,건국중;당리중;동주여중;사하중,0,0,0,,,,0,4,False,0.0
TRADE_A241087172A9,1,9,54.25816993464051,76.79411764705881,34.82352941176471,41.9705882352941,76.79411764705881,34.82352941176471,경남중;당리중;동주여중;부산대신중학교;부산여중;부산중앙여자중학교;사하중;삼성중;장평중,0,0,0,,,,0,9,False,0.0
TRADE_A2517760ED5E,1,2,75.11764705882354,84.70588235294117,65.52941176470588,19.17647058823529,84.70588235294117,65.52941176470588,구서여중;남산중,0,0,0,,,,0,2,False,0.0
TRADE_A282FB91B0FE,1,2,75.11764705882354,84.70588235294117,65.52941176470588,19.17647058823529,84.70588235294117,65.52941176470588,구서여중;남산중,0,0,0,,,,0,2,False,0.0
TRADE_A28A01D34B29,1,6,52.04901960784314,76.79411764705881,34.82352941176471,41.9705882352941,76.79411764705881,34.82352941176471,감천중;경남중;부산여중;부산중앙여자중학교;삼성중;송도중,0,0,0,,,,0,6,False,0.0
TRADE_A2A13529F179,1,3,55.568627450980394,69.55882352941177,45.44117647058823,24.117647058823536,69.55882352941177,45.44117647058823,동현중;부곡여자중;부곡중,0,0,0,,,,0,3,False,0.0
TRADE_A2AED2291B0C,1,2,71.77941176470588,89.32352941176471,54.23529411764706,35.08823529411765,89.32352941176471,54.23529411764706,동백중;신곡중,0,0,0,,,,0,2,False,0.0
TRADE_A2B5E4550193,1,4,72.78676470588235,94.26470588235294,36.50000000000001,57.764705882352935,94.26470588235294,36.50000000000001,사직여중;사직중;여명중;온천중,0,0,0,,,,0,4,False,0.0
TRADE_A2CF23FA6C0C,1,6,49.4264705882353,77.23529411764707,34.82352941176471,42.41176470588236,77.23529411764707,34.82352941176471,경남중;대신여중;부산여중;부산중앙여자중학교;송도중;초장중,0,0,0,,,,0,6,False,0.0
TRADE_A2EC34833E46,1,3,47.372549019607845,62.52941176470588,21.999999999999996,40.529411764705884,62.52941176470588,21.999999999999996,덕명여중;부산동중;부산진여중,0,0,0,,,,0,3,False,0.0
TRADE_A2FC176B4B8C,1,1,15.705882352941176,15.705882352941176,15.705882352941176,0.0,15.705882352941176,15.705882352941176,덕천중,1,1,1,덕천중,15.705882352941176,15.705882352941176,0,1,False,0.15705882352941175
TRADE_A33D1D792DFF,1,3,55.568627450980394,69.55882352941177,45.44117647058823,24.117647058823536,69.55882352941177,45.44117647058823,동현중;부곡여자중;부곡중,0,0,0,,,,0,3,False,0.0
TRADE_A35AF7AF079E,1,3,55.568627450980394,69.55882352941177,45.44117647058823,24.117647058823536,69.55882352941177,45.44117647058823,동현중;부곡여자중;부곡중,0,0,0,,,,0,3,False,0.0
TRADE_A370127370D5,1,3,37.794117647058826,48.5,27.088235294117645,21.411764705882355,48.5,27.088235294117645,금성중;부산동여중;부산서중,0,0,0,,,,0,2,False,0.0
TRADE_A3891188AF98,1,4,36.088235294117645,45.14705882352941,22.882352941176467,22.264705882352946,45.14705882352941,22.882352941176467,대연중;문현여중;배정중;해연중,0,0,0,,,,0,3,False,0.0
TRADE_A38B1863ADFC,1,3,42.720588235294116,45.14705882352941,40.294117647058826,4.852941176470587,45.14705882352941,40.294117647058826,문현여중;배정중;부산중앙중,0,0,0,,,,0,2,False,0.0
TRADE_A3B081447F9A,1,3,37.5,68.26470588235294,19.323529411764707,48.94117647058823,68.26470588235294,19.323529411764707,경남여중;부산중;선화여중,0,0,0,,,,0,3,False,0.0
TRADE_A3D979B83C6F,1,4,51.639705882352935,58.67647058823528,45.20588235294118,13.470588235294102,58.67647058823528,45.20588235294118,동평여중;동평중;부산진중;초연중,0,0,0,,,,0,4,False,0.0
TRADE_A3E2320A5052,1,3,48.96078431372549,56.970588235294116,40.44117647058824,16.529411764705877,56.970588235294116,40.44117647058824,영도제일중;태종대중;해동중,0,0,0,,,,0,3,False,0.0
TRADE_A3EA99984BF2,1,3,58.08823529411765,73.52941176470588,43.970588235294116,29.558823529411768,73.52941176470588,43.970588235294116,동아중;부산수영중학교;한바다중,0,0,0,,,,0,3,False,0.0
TRADE_A4192B2F9C19,1,3,51.127450980392155,83.17647058823529,35.02941176470588,48.14705882352941,83.17647058823529,35.02941176470588,남도여중;부산남중;부산영선중학교,0,0,0,,,,0,3,False,0.0
TRADE_A41B4FB501A9,1,3,24.1078431372549,35.588235294117645,18.147058823529413,17.441176470588232,35.588235294117645,18.147058823529413,가람중;구남중;구포중,0,0,0,,,,0,3,False,0.0
TRADE_A42D4408E195,1,3,23.774509803921564,27.088235294117645,19.323529411764707,7.7647058823529385,27.088235294117645,19.323529411764707,경남여중;부산서중;부산중,0,0,0,,,,0,3,False,0.0
TRADE_A4479F8D087E,1,3,37.5,68.26470588235294,19.323529411764707,48.94117647058823,68.26470588235294,19.323529411764707,경남여중;부산중;선화여중,0,0,0,,,,0,3,False,0.0
TRADE_A44A319F125A,1,4,61.13970588235294,69.70588235294117,46.5,23.205882352941174,69.70588235294117,46.5,건국중;당리중;사하중;하단중,0,0,0,,,,0,4,False,0.0
TRADE_A4533490CC3C,1,2,60.63235294117648,69.55882352941177,51.70588235294118,17.852941176470587,69.55882352941177,51.70588235294118,부곡여자중;부곡중,0,0,0,,,,0,2,False,0.0
TRADE_A45D7D44A3B9,1,3,45.45098039215686,73.88235294117646,21.999999999999996,51.882352941176464,73.88235294117646,21.999999999999996,동의중;부산진여중;양동여중,0,0,0,,,,0,3,False,0.0
TRADE_A48B703A50DD,1,6,49.4264705882353,77.23529411764707,34.82352941176471,42.41176470588236,77.23529411764707,34.82352941176471,경남중;대신여중;부산여중;부산중앙여자중학교;송도중;초장중,0,0,0,,,,0,6,False,0.0
TRADE_A4910A337C61,1,2,11.073529411764707,21.058823529411764,1.0882352941176472,19.970588235294116,21.058823529411764,1.0882352941176472,기장중;대청중,0,0,0,,,,0,2,False,0.0
TRADE_A49695AEBA6D,1,3,48.568627450980394,64.52941176470588,30.617647058823533,33.91176470588235,64.52941176470588,30.617647058823533,연산중;연일중;연제중,0,0,0,,,,0,3,False,0.0
TRADE_A4A08CC0C616,1,4,45.220588235294116,73.88235294117646,21.999999999999996,51.882352941176464,73.88235294117646,21.999999999999996,동의중;부산진여중;양동여중;항도중,0,0,0,,,,0,4,False,0.0
TRADE_A4C92C91C210,1,3,34.29411764705882,40.23529411764706,22.882352941176467,17.35294117647059,40.23529411764706,22.882352941176467,대연중;석포여중;해연중,0,0,0,,,,0,3,False,0.0
TRADE_A4C977959061,1,3,42.38235294117647,47.147058823529406,39.76470588235294,7.382352941176464,47.147058823529406,39.76470588235294,감만중;대연중;석포여중,0,0,0,,,,0,3,False,0.0
TRADE_A4CAA4BB3D27,1,3,55.568627450980394,69.55882352941177,45.44117647058823,24.117647058823536,69.55882352941177,45.44117647058823,동현중;부곡여자중;부곡중,0,0,0,,,,0,3,False,0.0
TRADE_A4DAAAC36E99,1,3,37.5,68.26470588235294,19.323529411764707,48.94117647058823,68.26470588235294,19.323529411764707,경남여중;부산중;선화여중,0,0,0,,,,0,3,False,0.0
TRADE_A4E028A253B5,1,3,48.17647058823528,58.67647058823528,40.470588235294116,18.205882352941167,58.67647058823528,40.470588235294116,부산진중;양동여중;초연중,0,0,0,,,,0,3,False,0.0
TRADE_A4F043D39BF3,1,4,45.220588235294116,73.88235294117646,21.999999999999996,51.882352941176464,73.88235294117646,21.999999999999996,동의중;부산진여중;양동여중;항도중,0,0,0,,,,0,4,False,0.0
TRADE_A51678C0AA39,1,2,11.073529411764707,21.058823529411764,1.0882352941176472,19.970588235294116,21.058823529411764,1.0882352941176472,기장중;대청중,0,0,0,,,,0,2,False,0.0
TRADE_A521EDC9E03F,1,3,41.931372549019606,44.85294117647059,36.970588235294116,7.882352941176471,44.85294117647059,36.970588235294116,동수영중;망미중;부산수영중학교,0,0,0,,,,0,3,False,0.0
TRADE_A53F5E91326A,1,5,50.25294117647059,73.52941176470588,36.970588235294116,36.55882352941177,73.52941176470588,36.970588235294116,광안중;동수영중;동아중;부산수영중학교;한바다중,0,0,0,,,,0,5,False,0.0
TRADE_A54B3F3694BF,1,3,55.568627450980394,69.55882352941177,45.44117647058823,24.117647058823536,69.55882352941177,45.44117647058823,동현중;부곡여자중;부곡중,0,0,0,,,,0,3,False,0.0
TRADE_A557E784933F,1,2,75.11764705882354,84.70588235294117,65.52941176470588,19.17647058823529,84.70588235294117,65.52941176470588,구서여중;남산중,0,0,0,,,,0,2,False,0.0
TRADE_A55CC370B4EF,1,4,53.57352941176471,73.52941176470588,40.02941176470588,33.50000000000001,73.52941176470588,40.02941176470588,광안중;동아중;부산수영중;한바다중,0,0,0,,,,0,4,False,0.0
TRADE_A563C92A840D,1,3,48.17647058823528,58.67647058823528,40.470588235294116,18.205882352941167,58.67647058823528,40.470588235294116,부산진중;양동여중;초연중,0,0,0,,,,0,3,False,0.0
TRADE_A586C26BB11A,1,3,45.45098039215686,73.88235294117646,21.999999999999996,51.882352941176464,73.88235294117646,21.999999999999996,동의중;부산진여중;양동여중,0,0,0,,,,0,3,False,0.0
TRADE_A5943B94E57C,1,5,66.6,87.20588235294116,43.970588235294116,43.235294117647044,87.20588235294116,43.970588235294116,남천중;대천중;동아중;부산수영중;한바다중,0,0,0,,,,0,5,False,0.0
TRADE_A5A3D0B5A20D,1,3,58.08823529411765,73.52941176470588,43.970588235294116,29.558823529411768,73.52941176470588,43.970588235294116,동아중;부산수영중학교;한바다중,0,0,0,,,,0,3,False,0.0
TRADE_A5B68C044BE4,1,3,82.88235294117648,93.44117647058823,67.5,25.941176470588232,93.44117647058823,67.5,분포중;오륙도중;용호중,0,0,0,,,,0,3,False,0.0
TRADE_A5B8C66BB9E6,1,3,68.95098039215686,78.3529411764706,51.70588235294118,26.647058823529413,78.3529411764706,51.70588235294118,동래중;동해중;부곡여중,0,0,0,,,,0,3,False,0.0
TRADE_A5DAF74F8943,1,3,48.568627450980394,64.52941176470588,30.617647058823533,33.91176470588235,64.52941176470588,30.617647058823533,연산중;연일중;연제중,0,0,0,,,,0,3,False,0.0
TRADE_A5E65E3E7428,1,5,66.6,87.20588235294116,43.970588235294116,43.235294117647044,87.20588235294116,43.970588235294116,남천중;대천중;동아중;부산수영중;한바다중,0,0,0,,,,0,5,False,0.0
TRADE_A5FE40571393,1,2,25.64705882352941,35.588235294117645,15.705882352941176,19.88235294117647,35.588235294117645,15.705882352941176,덕천중;양덕여중,0,0,0,,,,0,2,False,0.0
TRADE_A60847F41D4D,1,4,60.19117647058823,69.70588235294117,46.5,23.205882352941174,69.70588235294117,46.5,건국중;당리중;동주여중;사하중,0,0,0,,,,0,4,False,0.0
TRADE_A60CE506B059,1,4,60.55882352941177,76.79411764705881,45.05882352941177,31.735294117647044,76.79411764705881,45.05882352941177,감천중;동주여중;삼성중;장평중,0,0,0,,,,0,4,False,0.0
TRADE_A65B1D732479,1,4,61.13970588235294,69.70588235294117,46.5,23.205882352941174,69.70588235294117,46.5,건국중;당리중;사하중;하단중,0,0,0,,,,0,4,False,0.0
TRADE_A66340829FBF,1,3,48.568627450980394,64.52941176470588,30.617647058823533,33.91176470588235,64.52941176470588,30.617647058823533,연산중;연일중;연제중,0,0,0,,,,0,3,False,0.0
TRADE_A675D691B572,1,3,48.568627450980394,64.52941176470588,30.617647058823533,33.91176470588235,64.52941176470588,30.617647058823533,연산중;연일중;연제중,0,0,0,,,,0,3,False,0.0
TRADE_A677B6FD8781,1,3,66.3235294117647,87.20588235294116,40.23529411764706,46.9705882352941,87.20588235294116,40.23529411764706,남천중;대연중;대천중,0,0,0,,,,0,3,False,0.0
TRADE_A685DD3D39F9,1,3,82.88235294117648,93.44117647058823,67.5,25.941176470588232,93.44117647058823,67.5,분포중;오륙도중;용호중,0,0,0,,,,0,3,False,0.0
TRADE_A68B49300485,1,3,34.26470588235294,40.82352941176471,26.294117647058822,14.529411764705888,40.82352941176471,26.294117647058822,동신중;충렬중;학산여중,0,0,0,,,,0,3,False,0.0
TRADE_A68F75BAE2AA,1,5,45.14705882352941,58.82352941176471,30.617647058823533,28.205882352941178,58.82352941176471,30.617647058823533,망미중;연산중;연제중;연천중;토현중,0,0,0,,,,0,5,False,0.0
TRADE_A6A0BF04522B,1,3,55.568627450980394,69.55882352941177,45.44117647058823,24.117647058823536,69.55882352941177,45.44117647058823,동현중;부곡여자중;부곡중,0,0,0,,,,0,3,False,0.0
TRADE_A6C09649722D,1,6,50.35294117647059,77.23529411764707,34.82352941176471,42.41176470588236,77.23529411764707,34.82352941176471,경남중;대신여중;부산대신중학교;부산여중;부산중앙여자중학교;초장중,0,0,0,,,,0,6,False,0.0
TRADE_A6CB8DEC8214,1,2,38.705882352941174,54.11764705882353,23.294117647058822,30.823529411764707,54.11764705882353,23.294117647058822,동주중;주례여중,0,0,0,,,,0,2,False,0.0
TRADE_A6EBD83643DB,1,3,82.88235294117648,93.44117647058823,67.5,25.941176470588232,93.44117647058823,67.5,분포중;오륙도중;용호중,0,0,0,,,,0,3,False,0.0
TRADE_A6F1A85C1316,1,3,59.529411764705884,78.3529411764706,36.50000000000001,41.85294117647059,78.3529411764706,36.50000000000001,동래중;온천중;유락여중,0,0,0,,,,0,3,False,0.0
TRADE_A6F56E6ADC6C,1,4,53.57352941176471,73.52941176470588,40.02941176470588,33.50000000000001,73.52941176470588,40.02941176470588,광안중;동아중;부산수영중;한바다중,0,0,0,,,,0,4,False,0.0
TRADE_A6F860E44D39,1,0,,,,,,,,0,0,0,,,,0,0,False,0.0
TRADE_A70C802D46C8,1,6,49.4264705882353,77.23529411764707,34.82352941176471,42.41176470588236,77.23529411764707,34.82352941176471,경남중;대신여중;부산여중;부산중앙여자중학교;송도중;초장중,0,0,0,,,,0,6,False,0.0
TRADE_A71774C8B051,1,3,37.5,68.26470588235294,19.323529411764707,48.94117647058823,68.26470588235294,19.323529411764707,경남여중;부산중;선화여중,0,0,0,,,,0,3,False,0.0
TRADE_A72258ACCFC4,1,0,,,,,,,,0,0,0,,,,0,0,False,0.0
TRADE_A7387C7069E1,1,3,75.27450980392156,94.26470588235294,51.8235294117647,42.44117647058824,94.26470588235294,51.8235294117647,거제여중;여명중;이사벨중,0,0,0,,,,0,3,False,0.0
TRADE_A749F6D3C806,1,3,58.08823529411765,73.52941176470588,43.970588235294116,29.558823529411768,73.52941176470588,43.970588235294116,동아중;부산수영중학교;한바다중,0,0,0,,,,0,3,False,0.0
TRADE_A7512BBD8DA5,1,9,54.25816993464051,76.79411764705881,34.82352941176471,41.9705882352941,76.79411764705881,34.82352941176471,경남중;당리중;동주여중;부산대신중학교;부산여중;부산중앙여자중학교;사하중;삼성중;장평중,0,0,0,,,,0,9,False,0.0
TRADE_A7572C403F9C,1,3,41.931372549019606,44.85294117647059,36.970588235294116,7.882352941176471,44.85294117647059,36.970588235294116,동수영중;망미중;부산수영중,0,0,0,,,,0,3,False,0.0
TRADE_A76F255B36C8,1,4,61.00735294117648,69.70588235294117,51.8235294117647,17.88235294117647,69.70588235294117,51.8235294117647,당리중;대동중;하남중;하단중,0,0,0,,,,0,4,False,0.0
TRADE_A785CD3332BF,1,2,34.794117647058826,45.38235294117647,24.205882352941178,21.176470588235293,45.38235294117647,24.205882352941178,초연중;초읍중,0,0,0,,,,0,2,False,0.0
TRADE_A78875746506,1,3,37.27450980392157,57.76470588235294,21.14705882352941,36.617647058823536,57.76470588235294,21.14705882352941,개금여중;개림중;동양중,0,0,0,,,,0,3,False,0.0
TRADE_A78914339016,1,5,52.54117647058823,77.23529411764707,34.82352941176471,42.41176470588236,77.23529411764707,34.82352941176471,경남중;부산대신중학교;부산여중;부산중앙여자중학교;초장중,0,0,0,,,,0,5,False,0.0
TRADE_A79D76D88E25,1,6,50.259803921568626,83.17647058823529,19.323529411764707,63.85294117647058,83.17647058823529,19.323529411764707,경남여중;덕원중;부산남중;부산대신중학교;선화여중;신선중,0,0,0,,,,0,6,False,0.0
TRADE_A7C7B9F5DBEC,1,2,60.63235294117648,69.55882352941177,51.70588235294118,17.852941176470587,69.55882352941177,51.70588235294118,부곡여자중;부곡중,0,0,0,,,,0,2,False,0.0
TRADE_A7F00B7BB4AC,1,3,37.5,68.26470588235294,19.323529411764707,48.94117647058823,68.26470588235294,19.323529411764707,경남여중;부산중;선화여중,0,0,0,,,,0,3,False,0.0
TRADE_A7F074AE689C,1,3,41.931372549019606,44.85294117647059,36.970588235294116,7.882352941176471,44.85294117647059,36.970588235294116,동수영중;망미중;부산수영중,0,0,0,,,,0,3,False,0.0
TRADE_A81509CD545B,1,2,75.11764705882354,84.70588235294117,65.52941176470588,19.17647058823529,84.70588235294117,65.52941176470588,구서여중;남산중,0,0,0,,,,0,2,False,0.0
TRADE_A817029ACA5D,1,3,47.372549019607845,62.52941176470588,21.999999999999996,40.529411764705884,62.52941176470588,21.999999999999996,덕명여중;부산동중;부산진여중,0,0,0,,,,0,3,False,0.0
TRADE_A81849DDF531,1,9,54.25816993464051,76.79411764705881,34.82352941176471,41.9705882352941,76.79411764705881,34.82352941176471,경남중;당리중;동주여중;부산대신중학교;부산여중;부산중앙여자중학교;사하중;삼성중;장평중,0,0,0,,,,0,9,False,0.0
TRADE_A8308D826900,1,3,47.372549019607845,62.52941176470588,21.999999999999996,40.529411764705884,62.52941176470588,21.999999999999996,덕명여중;부산동중;부산진여중,0,0,0,,,,0,3,False,0.0
TRADE_A8315480041F,1,2,71.04411764705883,78.3529411764706,63.73529411764706,14.617647058823536,78.3529411764706,63.73529411764706,동래중;유락여자중,0,0,0,,,,0,2,False,0.0
TRADE_A84855757BDA,1,4,53.06617647058823,77.23529411764707,34.82352941176471,42.41176470588236,77.23529411764707,34.82352941176471,경남중;부산여중;부산중앙여자중학교;초장중,0,0,0,,,,0,4,False,0.0
TRADE_A85D91E14A2B,1,2,75.11764705882354,84.70588235294117,65.52941176470588,19.17647058823529,84.70588235294117,65.52941176470588,구서여중;남산중,0,0,0,,,,0,2,False,0.0
TRADE_A864E27FBBE2,1,3,48.568627450980394,64.52941176470588,30.617647058823533,33.91176470588235,64.52941176470588,30.617647058823533,연산중;연일중;연제중,0,0,0,,,,0,3,False,0.0
TRADE_A88013215FF0,1,3,66.3235294117647,87.20588235294116,40.23529411764706,46.9705882352941,87.20588235294116,40.23529411764706,남천중;대연중;대천중,0,0,0,,,,0,3,False,0.0
TRADE_A89325F7C25C,1,5,66.6,87.20588235294116,43.970588235294116,43.235294117647044,87.20588235294116,43.970588235294116,남천중;대천중;동아중;부산수영중;한바다중,0,0,0,,,,0,5,False,0.0
TRADE_A8A89A51FE67,1,2,17.14705882352941,18.588235294117645,15.705882352941176,2.8823529411764692,18.588235294117645,15.705882352941176,가람중;덕천중,0,0,0,,,,0,2,False,0.0
TRADE_A8C1BD7C9E90,1,3,37.794117647058826,48.5,27.088235294117645,21.411764705882355,48.5,27.088235294117645,금성중;부산동여중;부산서중,0,0,0,,,,0,2,False,0.0
TRADE_A8C1E04200E4,1,4,60.19117647058823,69.70588235294117,46.5,23.205882352941174,69.70588235294117,46.5,건국중;당리중;동주여중;사하중,0,0,0,,,,0,4,False,0.0
TRADE_A8C6B15AB6A4,1,3,28.725490196078436,44.0,18.705882352941178,25.294117647058822,44.0,18.705882352941178,덕포여중;모라중;신라중,0,0,0,,,,0,3,False,0.0
TRADE_A920E9FC5033,1,3,59.529411764705884,78.3529411764706,36.50000000000001,41.85294117647059,78.3529411764706,36.50000000000001,동래중;온천중;유락여중,0,0,0,,,,0,3,False,0.0
TRADE_A93671D55C12,1,3,32.509803921568626,43.470588235294116,21.14705882352941,22.323529411764707,43.470588235294116,21.14705882352941,개금여중;개림중;부산개성중,0,0,0,,,,0,3,False,0.0
TRADE_A93A0F25AC7D,1,0,,,,,,,,0,0,0,,,,0,0,False,0.0
TRADE_A93CE6732BC7,1,2,11.073529411764707,21.058823529411764,1.0882352941176472,19.970588235294116,21.058823529411764,1.0882352941176472,기장중;대청중,0,0,0,,,,0,2,False,0.0
TRADE_A9455CCC6D22,1,4,43.794117647058826,58.82352941176471,30.617647058823533,28.205882352941178,58.82352941176471,30.617647058823533,망미중;연제중;연천중;토현중,0,0,0,,,,0,4,False,0.0
TRADE_A958E25AF9D5,1,3,42.75490196078431,58.67647058823528,24.205882352941178,34.4705882352941,58.67647058823528,24.205882352941178,부산진중;초연중;초읍중,0,0,0,,,,0,3,False,0.0
TRADE_A97FF2EEA0A5,1,3,37.5,68.26470588235294,19.323529411764707,48.94117647058823,68.26470588235294,19.323529411764707,경남여중;부산중;선화여중,0,0,0,,,,0,3,False,0.0
TRADE_A98C3AC3BBAC,1,0,,,,,,,,0,0,0,,,,0,0,False,0.0
TRADE_A9AEB31CB3CA,1,5,50.25294117647059,73.52941176470588,36.970588235294116,36.55882352941177,73.52941176470588,36.970588235294116,광안중;동수영중;동아중;부산수영중학교;한바다중,0,0,0,,,,0,5,False,0.0
TRADE_A9B918033956,1,3,34.29411764705882,40.23529411764706,22.882352941176467,17.35294117647059,40.23529411764706,22.882352941176467,대연중;석포여중;해연중,0,0,0,,,,0,3,False,0.0
TRADE_A9C30B9E0CDF,1,6,54.509803921568626,76.79411764705881,34.82352941176471,41.9705882352941,76.79411764705881,34.82352941176471,경남중;동주여중;부산대신중학교;부산여중;부산중앙여자중학교;삼성중,0,0,0,,,,0,6,False,0.0
TRADE_A9DD89744771,1,2,17.14705882352941,18.588235294117645,15.705882352941176,2.8823529411764692,18.588235294117645,15.705882352941176,가람중;덕천중,0,0,0,,,,0,2,False,0.0
TRADE_A9F1350AF8F3,1,3,75.27450980392156,94.26470588235294,51.8235294117647,42.44117647058824,94.26470588235294,51.8235294117647,거제여자중;여명중;이사벨중,0,0,0,,,,0,3,False,0.0
TRADE_AA0C739BACFA,1,3,51.127450980392155,83.17647058823529,35.02941176470588,48.14705882352941,83.17647058823529,35.02941176470588,남도여중;부산남중;부산영선중학교,0,0,0,,,,0,3,False,0.0
TRADE_AA12AF5EAA9D,1,2,75.11764705882354,84.70588235294117,65.52941176470588,19.17647058823529,84.70588235294117,65.52941176470588,구서여중;남산중,0,0,0,,,,0,2,False,0.0
TRADE_AA149EEF4C8D,1,4,83.57352941176471,97.70588235294117,54.23529411764706,43.470588235294116,97.70588235294117,54.23529411764706,동백중;해강중;해운대여중;해운대중,0,0,0,,,,0,4,False,0.0
TRADE_AA1FA27ABD71,1,3,40.833333333333336,51.70588235294118,25.35294117647059,26.35294117647059,51.70588235294118,25.35294117647059,금사중;동현중;부곡여중,0,0,0,,,,0,3,False,0.0
TRADE_AA225E6C4A37,1,2,38.705882352941174,54.11764705882353,23.294117647058822,30.823529411764707,54.11764705882353,23.294117647058822,동주중;주례여중,0,0,0,,,,0,2,False,0.0
TRADE_AA4F6621D15E,1,5,45.14705882352941,58.82352941176471,30.617647058823533,28.205882352941178,58.82352941176471,30.617647058823533,망미중;연산중;연제중;연천중;토현중,0,0,0,,,,0,5,False,0.0
TRADE_AA5EDB58C832,1,2,11.073529411764707,21.058823529411764,1.0882352941176472,19.970588235294116,21.058823529411764,1.0882352941176472,기장중;대청중,0,0,0,,,,0,2,False,0.0
TRADE_AA610EE542EE,1,4,72.78676470588235,94.26470588235294,36.50000000000001,57.764705882352935,94.26470588235294,36.50000000000001,사직여중;사직중;여명중;온천중,0,0,0,,,,0,4,False,0.0
TRADE_AA6D8994C0ED,1,2,38.705882352941174,54.11764705882353,23.294117647058822,30.823529411764707,54.11764705882353,23.294117647058822,동주중;주례여중,0,0,0,,,,0,2,False,0.0
TRADE_AA7EAFEF2ED7,1,3,86.74509803921569,92.52941176470588,77.88235294117646,14.64705882352942,92.52941176470588,77.88235294117646,신도중;해운대여중;해운대중,0,0,0,,,,0,3,False,0.0
TRADE_AA9A454F1FEE,1,5,50.25294117647059,73.52941176470588,36.970588235294116,36.55882352941177,73.52941176470588,36.970588235294116,광안중;동수영중;동아중;부산수영중학교;한바다중,0,0,0,,,,0,5,False,0.0
TRADE_AA9C11777BB9,1,6,52.04901960784314,76.79411764705881,34.82352941176471,41.9705882352941,76.79411764705881,34.82352941176471,감천중;경남중;부산여중;부산중앙여자중학교;삼성중;송도중,0,0,0,,,,0,6,False,0.0
TRADE_AABB43DEA9B0,1,3,61.88235294117647,88.5,45.44117647058823,43.05882352941177,88.5,45.44117647058823,동현중;부곡여자중;장전중,0,0,0,,,,0,3,False,0.0
TRADE_AAC9B89296F7,1,3,45.45098039215686,73.88235294117646,21.999999999999996,51.882352941176464,73.88235294117646,21.999999999999996,동의중;부산진여중;양동여중,0,0,0,,,,0,3,False,0.0
TRADE_AACAE10599C8,1,3,32.31372549019608,41.76470588235294,18.176470588235293,23.58823529411765,41.76470588235294,18.176470588235293,다대중;다송중;두송중,0,0,0,,,,0,3,False,0.0
TRADE_AAD0DC963EA5,1,6,45.35294117647059,58.00000000000001,34.82352941176471,23.176470588235297,58.00000000000001,34.82352941176471,경남중;대신여중;덕원중;부산대신중학교;부산여중;부산중앙여자중학교,0,0,0,,,,0,6,False,0.0
TRADE_AB060400224F,1,2,30.82352941176471,41.76470588235294,19.882352941176475,21.882352941176467,41.76470588235294,19.882352941176475,엄궁중;학장중,0,0,0,,,,0,2,False,0.0
TRADE_AB147927D1F4,1,5,66.6,87.20588235294116,43.970588235294116,43.235294117647044,87.20588235294116,43.970588235294116,남천중;대천중;동아중;부산수영중;한바다중,0,0,0,,,,0,5,False,0.0
TRADE_AB1574364BC1,1,0,,,,,,,,0,0,0,,,,0,0,False,0.0
TRADE_AB169777E260,1,3,36.686274509803916,54.11764705882353,23.294117647058822,30.823529411764707,54.11764705882353,23.294117647058822,동주중;주례여중;주례중,0,0,0,,,,0,3,False,0.0
TRADE_AB17523E84EE,1,5,50.25294117647059,73.52941176470588,36.970588235294116,36.55882352941177,73.52941176470588,36.970588235294116,광안중;동수영중;동아중;부산수영중학교;한바다중,0,0,0,,,,0,5,False,0.0
TRADE_AB18585A6683,1,3,48.96078431372549,56.970588235294116,40.44117647058824,16.529411764705877,56.970588235294116,40.44117647058824,영도제일중;태종대중;해동중,0,0,0,,,,0,3,False,0.0
TRADE_AB25077B19F0,1,3,82.88235294117648,93.44117647058823,67.5,25.941176470588232,93.44117647058823,67.5,분포중;오륙도중;용호중,0,0,0,,,,0,3,False,0.0
TRADE_AB25940950F5,1,4,61.13970588235294,69.70588235294117,46.5,23.205882352941174,69.70588235294117,46.5,건국중;당리중;사하중;하단중,0,0,0,,,,0,4,False,0.0
TRADE_AB564F86B567,1,3,86.74509803921569,92.52941176470588,77.88235294117646,14.64705882352942,92.52941176470588,77.88235294117646,신도중;해운대여중;해운대중,0,0,0,,,,0,3,False,0.0
TRADE_AB579D75D2A5,1,3,82.88235294117648,93.44117647058823,67.5,25.941176470588232,93.44117647058823,67.5,분포중;오륙도중;용호중,0,0,0,,,,0,3,False,0.0
TRADE_AB59927701C7,1,3,42.720588235294116,45.14705882352941,40.294117647058826,4.852941176470587,45.14705882352941,40.294117647058826,문현여중;배정중;부산중앙중,0,0,0,,,,0,2,False,0.0
TRADE_AB7F7D638D6C,1,2,71.04411764705883,78.3529411764706,63.73529411764706,14.617647058823536,78.3529411764706,63.73529411764706,동래중;유락여자중,0,0,0,,,,0,2,False,0.0
TRADE_AB9071588774,1,6,54.509803921568626,76.79411764705881,34.82352941176471,41.9705882352941,76.79411764705881,34.82352941176471,경남중;동주여중;부산대신중학교;부산여중;부산중앙여자중학교;삼성중,0,0,0,,,,0,6,False,0.0
TRADE_ABAAE82B4776,1,3,37.5,68.26470588235294,19.323529411764707,48.94117647058823,68.26470588235294,19.323529411764707,경남여중;부산중;선화여중,0,0,0,,,,0,3,False,0.0
TRADE_ABC70C8E5A93,1,4,60.19117647058823,69.70588235294117,46.5,23.205882352941174,69.70588235294117,46.5,건국중;당리중;동주여중;사하중,0,0,0,,,,0,4,False,0.0
TRADE_ABD621F9F373,1,2,38.705882352941174,54.11764705882353,23.294117647058822,30.823529411764707,54.11764705882353,23.294117647058822,동주중;주례여중,0,0,0,,,,0,2,False,0.0
TRADE_ABDAC495075F,1,6,50.35294117647059,77.23529411764707,34.82352941176471,42.41176470588236,77.23529411764707,34.82352941176471,경남중;대신여중;부산대신중학교;부산여중;부산중앙여자중학교;초장중,0,0,0,,,,0,6,False,0.0
TRADE_ABE7E7C346CF,1,2,11.073529411764707,21.058823529411764,1.0882352941176472,19.970588235294116,21.058823529411764,1.0882352941176472,기장중;대청중,0,0,0,,,,0,2,False,0.0
TRADE_ABF148C38C18,1,3,42.75490196078431,58.67647058823528,24.205882352941178,34.4705882352941,58.67647058823528,24.205882352941178,부산진중;초연중;초읍중,0,0,0,,,,0,3,False,0.0
TRADE_AC041F55D8EA,1,4,72.78676470588235,94.26470588235294,36.50000000000001,57.764705882352935,94.26470588235294,36.50000000000001,사직여중;사직중;여명중;온천중,0,0,0,,,,0,4,False,0.0
TRADE_AC0FFEA67186,1,3,59.529411764705884,78.3529411764706,36.50000000000001,41.85294117647059,78.3529411764706,36.50000000000001,동래중;온천중;유락여중,0,0,0,,,,0,3,False,0.0
TRADE_AC1AB537015F,1,4,60.55882352941177,76.79411764705881,45.05882352941177,31.735294117647044,76.79411764705881,45.05882352941177,감천중;동주여중;삼성중;장평중,0,0,0,,,,0,4,False,0.0
TRADE_ACA2DDAA96D4,1,3,32.509803921568626,43.470588235294116,21.14705882352941,22.323529411764707,43.470588235294116,21.14705882352941,개금여중;개림중;부산개성중,0,0,0,,,,0,3,False,0.0
TRADE_ACA312207BFA,1,3,82.88235294117648,93.44117647058823,67.5,25.941176470588232,93.44117647058823,67.5,분포중;오륙도중;용호중,0,0,0,,,,0,3,False,0.0
TRADE_ACAFE8E76016,1,5,50.25294117647059,73.52941176470588,36.970588235294116,36.55882352941177,73.52941176470588,36.970588235294116,광안중;동수영중;동아중;부산수영중학교;한바다중,0,0,0,,,,0,5,False,0.0
TRADE_ACBDD5E67A3F,1,1,45.647058823529406,45.647058823529406,45.647058823529406,0.0,45.647058823529406,45.647058823529406,신호중,1,1,1,신호중,45.647058823529406,45.647058823529406,0,1,False,0.4564705882352941
TRADE_ACE27026D672,1,3,38.0,54.82352941176472,15.705882352941178,39.117647058823536,54.82352941176472,15.705882352941178,가야여중;부산개성중;서면중,0,0,0,,,,0,3,False,0.0
TRADE_ACE550EE0699,1,3,48.96078431372549,56.970588235294116,40.44117647058824,16.529411764705877,56.970588235294116,40.44117647058824,영도제일중;태종대중;해동중,0,0,0,,,,0,3,False,0.0
TRADE_ACEE8BC5CE92,1,1,94.26470588235294,94.26470588235294,94.26470588235294,0.0,94.26470588235294,94.26470588235294,여명중,0,0,0,,,,0,1,False,0.0
TRADE_ACF031A6BA26,1,1,18.705882352941178,18.705882352941178,18.705882352941178,0.0,18.705882352941178,18.705882352941178,모라중,1,1,1,모라중,18.705882352941178,18.705882352941178,0,1,False,0.18705882352941178
TRADE_AD1B10911EF3,1,3,23.774509803921564,27.088235294117645,19.323529411764707,7.7647058823529385,27.088235294117645,19.323529411764707,경남여중;부산서중;부산중,0,0,0,,,,0,3,False,0.0
TRADE_AD2807E71F70,1,0,,,,,,,,0,0,0,,,,0,0,False,0.0
TRADE_AD34F99C841A,1,3,66.3235294117647,87.20588235294116,40.23529411764706,46.9705882352941,87.20588235294116,40.23529411764706,남천중;대연중;대천중,0,0,0,,,,0,3,False,0.0
TRADE_AD5FEFADD173,1,2,34.794117647058826,45.38235294117647,24.205882352941178,21.176470588235293,45.38235294117647,24.205882352941178,초연중;초읍중,0,0,0,,,,0,2,False,0.0
TRADE_AD6A18D8E3F9,1,3,82.88235294117648,93.44117647058823,67.5,25.941176470588232,93.44117647058823,67.5,분포중;오륙도중;용호중,0,0,0,,,,0,3,False,0.0
TRADE_AD733185E5FD,1,3,75.27450980392156,94.26470588235294,51.8235294117647,42.44117647058824,94.26470588235294,51.8235294117647,거제여중;여명중;이사벨중,0,0,0,,,,0,3,False,0.0
TRADE_AD804BE1B50C,1,3,36.686274509803916,54.11764705882353,23.294117647058822,30.823529411764707,54.11764705882353,23.294117647058822,동주중;주례여중;주례중,0,0,0,,,,0,3,False,0.0
TRADE_AD997BA5C450,1,3,42.38235294117647,47.147058823529406,39.76470588235294,7.382352941176464,47.147058823529406,39.76470588235294,감만중;대연중;석포여중,0,0,0,,,,0,3,False,0.0
TRADE_ADA9624F3ECF,1,0,,,,,,,,0,0,0,,,,0,0,False,0.0
TRADE_ADB024C8A32B,1,3,41.931372549019606,44.85294117647059,36.970588235294116,7.882352941176471,44.85294117647059,36.970588235294116,동수영중;망미중;부산수영중학교,0,0,0,,,,0,3,False,0.0
TRADE_ADBF981AB9B2,1,6,52.04901960784314,76.79411764705881,34.82352941176471,41.9705882352941,76.79411764705881,34.82352941176471,감천중;경남중;부산여중;부산중앙여자중학교;삼성중;송도중,0,0,0,,,,0,6,False,0.0
TRADE_ADC01342D7ED,1,3,41.931372549019606,44.85294117647059,36.970588235294116,7.882352941176471,44.85294117647059,36.970588235294116,동수영중;망미중;부산수영중학교,0,0,0,,,,0,3,False,0.0
TRADE_ADDFD36757C1,1,3,59.529411764705884,78.3529411764706,36.50000000000001,41.85294117647059,78.3529411764706,36.50000000000001,동래중;온천중;유락여중,0,0,0,,,,0,3,False,0.0
TRADE_AE02AD2321A5,1,4,72.78676470588235,94.26470588235294,36.50000000000001,57.764705882352935,94.26470588235294,36.50000000000001,사직여중;사직중;여명중;온천중,0,0,0,,,,0,4,False,0.0
TRADE_AE1F729C8CE1,1,3,58.08823529411765,73.52941176470588,43.970588235294116,29.558823529411768,73.52941176470588,43.970588235294116,동아중;부산수영중학교;한바다중,0,0,0,,,,0,3,False,0.0
TRADE_AE24A8CA48AA,1,3,58.08823529411765,73.52941176470588,43.970588235294116,29.558823529411768,73.52941176470588,43.970588235294116,동아중;부산수영중학교;한바다중,0,0,0,,,,0,3,False,0.0
TRADE_AE42EF077D94,1,2,75.11764705882354,84.70588235294117,65.52941176470588,19.17647058823529,84.70588235294117,65.52941176470588,구서여중;남산중,0,0,0,,,,0,2,False,0.0
TRADE_AE49FD2E9102,1,3,82.88235294117648,93.44117647058823,67.5,25.941176470588232,93.44117647058823,67.5,분포중;오륙도중;용호중,0,0,0,,,,0,3,False,0.0
TRADE_AE4AD4B8AC78,1,2,60.63235294117648,69.55882352941177,51.70588235294118,17.852941176470587,69.55882352941177,51.70588235294118,부곡여자중;부곡중,0,0,0,,,,0,2,False,0.0
TRADE_AE701645E10C,1,3,59.529411764705884,78.3529411764706,36.50000000000001,41.85294117647059,78.3529411764706,36.50000000000001,동래중;온천중;유락여중,0,0,0,,,,0,3,False,0.0
TRADE_AE71B4A4D6B7,1,2,34.794117647058826,45.38235294117647,24.205882352941178,21.176470588235293,45.38235294117647,24.205882352941178,초연중;초읍중,0,0,0,,,,0,2,False,0.0
TRADE_AE772FEE4564,1,3,45.45098039215686,73.88235294117646,21.999999999999996,51.882352941176464,73.88235294117646,21.999999999999996,동의중;부산진여중;양동여중,0,0,0,,,,0,3,False,0.0
TRADE_AE82D09D6B60,1,4,72.78676470588235,94.26470588235294,36.50000000000001,57.764705882352935,94.26470588235294,36.50000000000001,사직여중;사직중;여명중;온천중,0,0,0,,,,0,4,False,0.0
TRADE_AEA069883F76,1,3,51.127450980392155,83.17647058823529,35.02941176470588,48.14705882352941,83.17647058823529,35.02941176470588,남도여중;부산남중;부산영선중학교,0,0,0,,,,0,3,False,0.0
TRADE_AEBEA6C2C4E6,1,3,56.68627450980392,58.67647058823528,54.82352941176472,3.8529411764705657,58.67647058823528,54.82352941176472,광무여중;부산진중;서면중,0,0,0,,,,0,3,False,0.0
TRADE_AEC70B5975FA,1,3,58.08823529411765,73.52941176470588,43.970588235294116,29.558823529411768,73.52941176470588,43.970588235294116,동아중;부산수영중학교;한바다중,0,0,0,,,,0,3,False,0.0
TRADE_AEECE52DF3C4,1,3,48.568627450980394,64.52941176470588,30.617647058823533,33.91176470588235,64.52941176470588,30.617647058823533,연산중;연일중;연제중,0,0,0,,,,0,3,False,0.0
TRADE_AF2CCDA509C4,1,3,58.08823529411765,73.52941176470588,43.970588235294116,29.558823529411768,73.52941176470588,43.970588235294116,동아중;부산수영중학교;한바다중,0,0,0,,,,0,3,False,0.0
TRADE_AF32080559C7,1,4,72.78676470588235,94.26470588235294,36.50000000000001,57.764705882352935,94.26470588235294,36.50000000000001,사직여중;사직중;여명중;온천중,0,0,0,,,,0,4,False,0.0
TRADE_AF3C8AB84591,1,2,38.705882352941174,54.11764705882353,23.294117647058822,30.823529411764707,54.11764705882353,23.294117647058822,동주중;주례여중,0,0,0,,,,0,2,False,0.0
TRADE_AF4C327321DB,1,4,53.57352941176471,73.52941176470588,40.02941176470588,33.50000000000001,73.52941176470588,40.02941176470588,광안중;동아중;부산수영중;한바다중,0,0,0,,,,0,4,False,0.0
TRADE_AF4DBCB164DD,1,1,45.647058823529406,45.647058823529406,45.647058823529406,0.0,45.647058823529406,45.647058823529406,신호중,1,1,1,신호중,45.647058823529406,45.647058823529406,0,1,False,0.4564705882352941
TRADE_AF73D8BB4E63,1,4,44.977941176470594,58.00000000000001,34.82352941176471,23.176470588235297,58.00000000000001,34.82352941176471,경남중;부산여중;부산중앙여자중학교;송도중,0,0,0,,,,0,4,False,0.0
TRADE_AFAAFA1F53E4,1,3,46.82352941176471,48.5,45.14705882352941,3.352941176470587,48.5,45.14705882352941,문현여중;배정중;부산동여중,0,0,0,,,,0,2,False,0.0
TRADE_AFAB4CC8A0D3,1,3,37.5,68.26470588235294,19.323529411764707,48.94117647058823,68.26470588235294,19.323529411764707,경남여중;부산중;선화여중,0,0,0,,,,0,3,False,0.0
TRADE_AFB14BC64C79,1,3,56.68627450980392,58.67647058823528,54.82352941176472,3.8529411764705657,58.67647058823528,54.82352941176472,광무여중;부산진중;서면중,0,0,0,,,,0,3,False,0.0
TRADE_AFC0244132E9,1,0,,,,,,,,0,0,0,,,,0,0,False,0.0
TRADE_AFC132C74C16,1,4,49.5,73.88235294117646,21.999999999999996,51.882352941176464,73.88235294117646,21.999999999999996,덕명여중;동의중;부산진여중;항도중,0,0,0,,,,0,4,False,0.0
TRADE_AFC462E0A80E,1,5,52.54117647058823,77.23529411764707,34.82352941176471,42.41176470588236,77.23529411764707,34.82352941176471,경남중;부산대신중학교;부산여중;부산중앙여자중학교;초장중,0,0,0,,,,0,5,False,0.0
TRADE_AFDC59D218CB,1,3,48.96078431372549,56.970588235294116,40.44117647058824,16.529411764705877,56.970588235294116,40.44117647058824,영도제일중;태종대중;해동중,0,0,0,,,,0,3,False,0.0
TRADE_AFE6070C92C2,1,4,53.57352941176471,73.52941176470588,40.02941176470588,33.50000000000001,73.52941176470588,40.02941176470588,광안중;동아중;부산수영중;한바다중,0,0,0,,,,0,4,False,0.0
TRADE_B02EABCE70DA,1,6,49.4264705882353,77.23529411764707,34.82352941176471,42.41176470588236,77.23529411764707,34.82352941176471,경남중;대신여중;부산여중;부산중앙여자중학교;송도중;초장중,0,0,0,,,,0,6,False,0.0
TRADE_B0338AA3C7DE,1,4,49.5,73.88235294117646,21.999999999999996,51.882352941176464,73.88235294117646,21.999999999999996,덕명여중;동의중;부산진여중;항도중,0,0,0,,,,0,4,False,0.0
TRADE_B04FBAB83A7F,1,6,45.35294117647059,58.00000000000001,34.82352941176471,23.176470588235297,58.00000000000001,34.82352941176471,경남중;대신여중;덕원중;부산대신중학교;부산여중;부산중앙여자중학교,0,0,0,,,,0,6,False,0.0
TRADE_B052CD2F09C3,1,4,25.022058823529413,40.294117647058826,8.088235294117647,32.20588235294118,40.294117647058826,8.088235294117647,모전중;부산중앙중;장안중;정관중,0,0,0,,,,0,4,False,0.0
TRADE_B05568AADF47,1,3,48.568627450980394,64.52941176470588,30.617647058823533,33.91176470588235,64.52941176470588,30.617647058823533,연산중;연일중;연제중,0,0,0,,,,0,3,False,0.0
TRADE_B06946A90281,1,4,68.85294117647058,78.3529411764706,56.529411764705884,21.82352941176471,78.3529411764706,56.529411764705884,동래중;동해중;부산내성중학교;유락여중,0,0,0,,,,0,4,False,0.0
TRADE_B08B73C8E853,1,3,51.127450980392155,83.17647058823529,35.02941176470588,48.14705882352941,83.17647058823529,35.02941176470588,남도여중;부산남중;부산영선중학교,0,0,0,,,,0,3,False,0.0
TRADE_B098D98E5683,1,2,73.89705882352942,82.26470588235294,65.52941176470588,16.735294117647058,82.26470588235294,65.52941176470588,금정중;남산중,0,0,0,,,,0,2,False,0.0
TRADE_B0BC0F2A9D5E,1,3,48.568627450980394,64.52941176470588,30.617647058823533,33.91176470588235,64.52941176470588,30.617647058823533,연산중;연일중;연제중,0,0,0,,,,0,3,False,0.0
TRADE_B0C3ED181925,1,3,59.529411764705884,78.3529411764706,36.50000000000001,41.85294117647059,78.3529411764706,36.50000000000001,동래중;온천중;유락여중,0,0,0,,,,0,3,False,0.0
TRADE_B0D9BC254554,1,3,42.38235294117647,47.147058823529406,39.76470588235294,7.382352941176464,47.147058823529406,39.76470588235294,감만중;대연중;석포여중,0,0,0,,,,0,3,False,0.0
TRADE_B0E2855D85BB,1,3,82.88235294117648,93.44117647058823,67.5,25.941176470588232,93.44117647058823,67.5,분포중;오륙도중;용호중,0,0,0,,,,0,3,False,0.0
TRADE_B0E94D83027E,1,4,61.13970588235294,69.70588235294117,46.5,23.205882352941174,69.70588235294117,46.5,건국중;당리중;사하중;하단중,0,0,0,,,,0,4,False,0.0
TRADE_B11D28641313,1,3,72.96078431372548,78.3529411764706,63.73529411764706,14.617647058823536,78.3529411764706,63.73529411764706,동래중;동해중;유락여중,0,0,0,,,,0,3,False,0.0
TRADE_B143E9C1FBF7,1,1,45.647058823529406,45.647058823529406,45.647058823529406,0.0,45.647058823529406,45.647058823529406,신호중,1,1,1,신호중,45.647058823529406,45.647058823529406,0,1,False,0.4564705882352941
TRADE_B165E7379E7A,1,4,61.13970588235294,69.70588235294117,46.5,23.205882352941174,69.70588235294117,46.5,건국중;당리중;사하중;하단중,0,0,0,,,,0,4,False,0.0
TRADE_B169FA44EAA0,1,4,83.57352941176471,97.70588235294117,54.23529411764706,43.470588235294116,97.70588235294117,54.23529411764706,동백중;해강중;해운대여중;해운대중,0,0,0,,,,0,4,False,0.0
TRADE_B1A37FAEE85C,1,2,75.11764705882354,84.70588235294117,65.52941176470588,19.17647058823529,84.70588235294117,65.52941176470588,구서여중;남산중,0,0,0,,,,0,2,False,0.0
TRADE_B1BFBB9DC215,1,3,51.127450980392155,83.17647058823529,35.02941176470588,48.14705882352941,83.17647058823529,35.02941176470588,남도여중;부산남중;부산영선중학교,0,0,0,,,,0,3,False,0.0
TRADE_B1D516480E07,1,2,11.073529411764707,21.058823529411764,1.0882352941176472,19.970588235294116,21.058823529411764,1.0882352941176472,기장중;대청중,0,0,0,,,,0,2,False,0.0
TRADE_B1D534C3B832,1,4,83.57352941176471,97.70588235294117,54.23529411764706,43.470588235294116,97.70588235294117,54.23529411764706,동백중;해강중;해운대여중;해운대중,0,0,0,,,,0,4,False,0.0
TRADE_B1EB020FDDB8,1,4,60.19117647058823,69.70588235294117,46.5,23.205882352941174,69.70588235294117,46.5,건국중;당리중;동주여중;사하중,0,0,0,,,,0,4,False,0.0
TRADE_B203839F1955,1,4,38.25,53.91176470588235,23.61764705882353,30.29411764705882,53.91176470588235,23.61764705882353,대동중;영남중;장림여중;장평중,0,0,0,,,,0,4,False,0.0
TRADE_B21CA0978735,1,3,23.774509803921564,27.088235294117645,19.323529411764707,7.7647058823529385,27.088235294117645,19.323529411764707,경남여중;부산서중;부산중,0,0,0,,,,0,3,False,0.0
TRADE_B21CDB6822FA,1,3,48.568627450980394,64.52941176470588,30.617647058823533,33.91176470588235,64.52941176470588,30.617647058823533,연산중;연일중;연제중,0,0,0,,,,0,3,False,0.0
TRADE_B224108B11FD,1,3,66.3235294117647,87.20588235294116,40.23529411764706,46.9705882352941,87.20588235294116,40.23529411764706,남천중;대연중;대천중,0,0,0,,,,0,3,False,0.0
TRADE_B24BFE6E10DF,1,5,66.6,87.20588235294116,43.970588235294116,43.235294117647044,87.20588235294116,43.970588235294116,남천중;대천중;동아중;부산수영중;한바다중,0,0,0,,,,0,5,False,0.0
TRADE_B255FA848FE2,1,0,,,,,,,,0,0,0,,,,0,0,False,0.0
TRADE_B266FD673D6D,1,4,43.794117647058826,58.82352941176471,30.617647058823533,28.205882352941178,58.82352941176471,30.617647058823533,망미중;연제중;연천중;토현중,0,0,0,,,,0,4,False,0.0
TRADE_B27088BEF13E,1,5,50.25294117647059,73.52941176470588,36.970588235294116,36.55882352941177,73.52941176470588,36.970588235294116,광안중;동수영중;동아중;부산수영중학교;한바다중,0,0,0,,,,0,5,False,0.0
TRADE_B2781C299156,1,5,50.25294117647059,73.52941176470588,36.970588235294116,36.55882352941177,73.52941176470588,36.970588235294116,광안중;동수영중;동아중;부산수영중학교;한바다중,0,0,0,,,,0,5,False,0.0
TRADE_B2811E987BEF,1,3,77.5,84.70588235294117,65.52941176470588,19.17647058823529,84.70588235294117,65.52941176470588,구서여중;금정중;남산중,0,0,0,,,,0,3,False,0.0
TRADE_B28CC8DCBAA3,1,3,48.568627450980394,64.52941176470588,30.617647058823533,33.91176470588235,64.52941176470588,30.617647058823533,연산중;연일중;연제중,0,0,0,,,,0,3,False,0.0
TRADE_B2B4A566A637,1,9,52.36601307189542,69.70588235294117,34.82352941176471,34.882352941176464,69.70588235294117,34.82352941176471,건국중;경남중;당리중;동주여중;부산대신중학교;부산여중;부산중앙여자중학교;사하중;장평중,0,0,0,,,,0,9,False,0.0
TRADE_B2C03E365C9D,1,3,37.5,68.26470588235294,19.323529411764707,48.94117647058823,68.26470588235294,19.323529411764707,경남여중;부산중;선화여중,0,0,0,,,,0,3,False,0.0
TRADE_B2C104CF5291,1,4,72.78676470588235,94.26470588235294,36.50000000000001,57.764705882352935,94.26470588235294,36.50000000000001,사직여중;사직중;여명중;온천중,0,0,0,,,,0,4,False,0.0
TRADE_B2C1C853D4EA,1,4,72.78676470588235,94.26470588235294,36.50000000000001,57.764705882352935,94.26470588235294,36.50000000000001,사직여중;사직중;여명중;온천중,0,0,0,,,,0,4,False,0.0
TRADE_B2D686309470,1,5,50.25294117647059,73.52941176470588,36.970588235294116,36.55882352941177,73.52941176470588,36.970588235294116,광안중;동수영중;동아중;부산수영중학교;한바다중,0,0,0,,,,0,5,False,0.0
TRADE_B2F5E35231C1,1,4,83.57352941176471,97.70588235294117,54.23529411764706,43.470588235294116,97.70588235294117,54.23529411764706,동백중;해강중;해운대여중;해운대중,0,0,0,,,,0,4,False,0.0
TRADE_B2FB1AE133A0,1,3,48.568627450980394,64.52941176470588,30.617647058823533,33.91176470588235,64.52941176470588,30.617647058823533,연산중;연일중;연제중,0,0,0,,,,0,3,False,0.0
TRADE_B30F8E291C56,1,2,11.073529411764707,21.058823529411764,1.0882352941176472,19.970588235294116,21.058823529411764,1.0882352941176472,기장중;대청중,0,0,0,,,,0,2,False,0.0
TRADE_B324B843A364,1,3,42.75490196078431,58.67647058823528,24.205882352941178,34.4705882352941,58.67647058823528,24.205882352941178,부산진중;초연중;초읍중,0,0,0,,,,0,3,False,0.0
TRADE_B324C5164FA1,1,6,49.4264705882353,77.23529411764707,34.82352941176471,42.41176470588236,77.23529411764707,34.82352941176471,경남중;대신여중;부산여중;부산중앙여자중학교;송도중;초장중,0,0,0,,,,0,6,False,0.0
TRADE_B384A2C9B81F,1,3,58.08823529411765,73.52941176470588,43.970588235294116,29.558823529411768,73.52941176470588,43.970588235294116,동아중;부산수영중학교;한바다중,0,0,0,,,,0,3,False,0.0
TRADE_B3919845A959,1,4,61.13970588235294,69.70588235294117,46.5,23.205882352941174,69.70588235294117,46.5,건국중;당리중;사하중;하단중,0,0,0,,,,0,4,False,0.0
TRADE_B399F31B16B2,1,5,50.25294117647059,73.52941176470588,36.970588235294116,36.55882352941177,73.52941176470588,36.970588235294116,광안중;동수영중;동아중;부산수영중학교;한바다중,0,0,0,,,,0,5,False,0.0
TRADE_B3C54F691638,1,4,61.13970588235294,69.70588235294117,46.5,23.205882352941174,69.70588235294117,46.5,건국중;당리중;사하중;하단중,0,0,0,,,,0,4,False,0.0
TRADE_B3EBBCE01E41,1,2,34.794117647058826,45.38235294117647,24.205882352941178,21.176470588235293,45.38235294117647,24.205882352941178,초연중;초읍중,0,0,0,,,,0,2,False,0.0
TRADE_B3F38974DC6B,1,6,49.220588235294116,64.79411764705883,34.82352941176471,29.970588235294116,64.79411764705883,34.82352941176471,경남중;동주여중;부산대신중학교;부산여중;부산중앙여자중학교;장평중,0,0,0,,,,0,6,False,0.0
TRADE_B3FB2FDBD5FD,1,2,73.89705882352942,82.26470588235294,65.52941176470588,16.735294117647058,82.26470588235294,65.52941176470588,금정중;남산중,0,0,0,,,,0,2,False,0.0
TRADE_B4362E4982B7,1,2,75.11764705882354,84.70588235294117,65.52941176470588,19.17647058823529,84.70588235294117,65.52941176470588,구서여중;남산중,0,0,0,,,,0,2,False,0.0
TRADE_B43749AEACA0,1,0,,,,,,,,0,0,0,,,,0,0,False,0.0
TRADE_B44577B8F074,1,0,,,,,,,,0,0,0,,,,0,0,False,0.0
TRADE_B46B41E7C3D1,1,3,75.27450980392156,94.26470588235294,51.8235294117647,42.44117647058824,94.26470588235294,51.8235294117647,거제여중;여명중;이사벨중,0,0,0,,,,0,3,False,0.0
TRADE_B46BA5358074,1,3,59.14705882352941,76.79411764705881,45.05882352941177,31.735294117647044,76.79411764705881,45.05882352941177,감천중;삼성중;장평중,0,0,0,,,,0,3,False,0.0
TRADE_B48F0E16B8B9,1,6,49.4264705882353,77.23529411764707,34.82352941176471,42.41176470588236,77.23529411764707,34.82352941176471,경남중;대신여중;부산여중;부산중앙여자중학교;송도중;초장중,0,0,0,,,,0,6,False,0.0
TRADE_B4A37176D203,1,3,28.725490196078436,44.0,18.705882352941178,25.294117647058822,44.0,18.705882352941178,덕포여중;모라중;신라중,0,0,0,,,,0,3,False,0.0
TRADE_B4CB3B7F0579,1,3,58.08823529411765,73.52941176470588,43.970588235294116,29.558823529411768,73.52941176470588,43.970588235294116,동아중;부산수영중학교;한바다중,0,0,0,,,,0,3,False,0.0
TRADE_B4D757CF26E6,1,3,45.45098039215686,73.88235294117646,21.999999999999996,51.882352941176464,73.88235294117646,21.999999999999996,동의중;부산진여중;양동여중,0,0,0,,,,0,3,False,0.0
TRADE_B4E315915B85,1,2,27.088235294117645,27.088235294117645,27.088235294117645,0.0,27.088235294117645,27.088235294117645,금성중;부산서중,0,0,0,,,,0,1,False,0.0
TRADE_B4FAEE558368,1,3,61.88235294117647,88.5,45.44117647058823,43.05882352941177,88.5,45.44117647058823,동현중;부곡여자중;장전중,0,0,0,,,,0,3,False,0.0
TRADE_B4FF67D555DB,1,4,61.13970588235294,69.70588235294117,46.5,23.205882352941174,69.70588235294117,46.5,건국중;당리중;사하중;하단중,0,0,0,,,,0,4,False,0.0
TRADE_B500C2FB0C57,1,3,48.568627450980394,64.52941176470588,30.617647058823533,33.91176470588235,64.52941176470588,30.617647058823533,연산중;연일중;연제중,0,0,0,,,,0,3,False,0.0
TRADE_B50584F294D0,1,0,,,,,,,,0,0,0,,,,0,0,False,0.0
TRADE_B52379628BE8,1,4,68.09558823529412,88.5,49.91176470588235,38.58823529411765,88.5,49.91176470588235,금정중;동래여중;부곡여자중;장전중,0,0,0,,,,0,4,False,0.0
TRADE_B52D96F0B019,1,3,82.88235294117648,93.44117647058823,67.5,25.941176470588232,93.44117647058823,67.5,분포중;오륙도중;용호중,0,0,0,,,,0,3,False,0.0
TRADE_B52DB7A4F5E6,1,0,,,,,,,,0,0,0,,,,0,0,False,0.0
TRADE_B53035E66516,1,3,66.3235294117647,87.20588235294116,40.23529411764706,46.9705882352941,87.20588235294116,40.23529411764706,남천중;대연중;대천중,0,0,0,,,,0,3,False,0.0
TRADE_B53102CA5569,1,3,32.31372549019608,41.76470588235294,18.176470588235293,23.58823529411765,41.76470588235294,18.176470588235293,다대중;다송중;두송중,0,0,0,,,,0,3,False,0.0
TRADE_B550CC487661,1,4,53.57352941176471,73.52941176470588,40.02941176470588,33.50000000000001,73.52941176470588,40.02941176470588,광안중;동아중;부산수영중;한바다중,0,0,0,,,,0,4,False,0.0
TRADE_B562FDB6FC5E,1,4,83.57352941176471,97.70588235294117,54.23529411764706,43.470588235294116,97.70588235294117,54.23529411764706,동백중;해강중;해운대여중;해운대중,0,0,0,,,,0,4,False,0.0
TRADE_B563E08B16DE,1,4,68.09558823529412,88.5,49.91176470588235,38.58823529411765,88.5,49.91176470588235,금정중;동래여중;부곡여자중;장전중,0,0,0,,,,0,4,False,0.0
TRADE_B5A28D9E55AC,1,9,54.25816993464051,76.79411764705881,34.82352941176471,41.9705882352941,76.79411764705881,34.82352941176471,경남중;당리중;동주여중;부산대신중학교;부산여중;부산중앙여자중학교;사하중;삼성중;장평중,0,0,0,,,,0,9,False,0.0
TRADE_B5AE14A0DDEB,1,6,49.4264705882353,77.23529411764707,34.82352941176471,42.41176470588236,77.23529411764707,34.82352941176471,경남중;대신여중;부산여중;부산중앙여자중학교;송도중;초장중,0,0,0,,,,0,6,False,0.0
TRADE_B5B4A1E9DFB7,1,4,44.867647058823536,58.00000000000001,34.82352941176471,23.176470588235297,58.00000000000001,34.82352941176471,경남중;대신여중;덕원중;부산여중,0,0,0,,,,0,4,False,0.0
TRADE_B5BEF5F2B166,1,2,73.89705882352942,82.26470588235294,65.52941176470588,16.735294117647058,82.26470588235294,65.52941176470588,금정중;남산중,0,0,0,,,,0,2,False,0.0
TRADE_B5C0391E7A0E,1,3,51.127450980392155,83.17647058823529,35.02941176470588,48.14705882352941,83.17647058823529,35.02941176470588,남도여중;부산남중;부산영선중학교,0,0,0,,,,0,3,False,0.0
TRADE_B5C0FE27273C,1,7,48.98319327731093,68.26470588235294,19.323529411764707,48.94117647058823,68.26470588235294,19.323529411764707,경남여중;경남중;덕원중;동주여중;부산대신중학교;부산여중;선화여중,0,0,0,,,,0,7,False,0.0
TRADE_B5DBE6FF1E43,1,3,37.794117647058826,48.5,27.088235294117645,21.411764705882355,48.5,27.088235294117645,금성중;부산동여중;부산서중,0,0,0,,,,0,2,False,0.0
TRADE_B5FCB6D787BB,1,9,54.25816993464051,76.79411764705881,34.82352941176471,41.9705882352941,76.79411764705881,34.82352941176471,경남중;당리중;동주여중;부산대신중학교;부산여중;부산중앙여자중학교;사하중;삼성중;장평중,0,0,0,,,,0,9,False,0.0
TRADE_B60632468ADA,1,3,34.29411764705882,40.23529411764706,22.882352941176467,17.35294117647059,40.23529411764706,22.882352941176467,대연중;석포여중;해연중,0,0,0,,,,0,3,False,0.0
TRADE_B638A586D7F4,1,5,50.25294117647059,73.52941176470588,36.970588235294116,36.55882352941177,73.52941176470588,36.970588235294116,광안중;동수영중;동아중;부산수영중학교;한바다중,0,0,0,,,,0,5,False,0.0
TRADE_B6501C067132,1,4,83.57352941176471,97.70588235294117,54.23529411764706,43.470588235294116,97.70588235294117,54.23529411764706,동백중;해강중;해운대여중;해운대중,0,0,0,,,,0,4,False,0.0
TRADE_B6633DAF7B38,1,2,11.073529411764707,21.058823529411764,1.0882352941176472,19.970588235294116,21.058823529411764,1.0882352941176472,기장중;대청중,0,0,0,,,,0,2,False,0.0
TRADE_B66426B47576,1,0,,,,,,,,0,0,0,,,,0,0,False,0.0
TRADE_B66AD2CF0F96,1,4,72.78676470588235,94.26470588235294,36.50000000000001,57.764705882352935,94.26470588235294,36.50000000000001,사직여중;사직중;여명중;온천중,0,0,0,,,,0,4,False,0.0
TRADE_B675C4420F87,1,3,58.08823529411765,73.52941176470588,43.970588235294116,29.558823529411768,73.52941176470588,43.970588235294116,동아중;부산수영중학교;한바다중,0,0,0,,,,0,3,False,0.0
TRADE_B677AF477873,1,3,82.88235294117648,93.44117647058823,67.5,25.941176470588232,93.44117647058823,67.5,분포중;오륙도중;용호중,0,0,0,,,,0,3,False,0.0
TRADE_B684F1FAABD1,1,2,21.970588235294116,21.970588235294116,21.970588235294116,0.0,21.970588235294116,21.970588235294116,반송중;운송중,0,0,0,,,,0,1,False,0.0
TRADE_B68DB57B5D63,1,2,71.77941176470588,89.32352941176471,54.23529411764706,35.08823529411765,89.32352941176471,54.23529411764706,동백중;신곡중,0,0,0,,,,0,2,False,0.0
TRADE_B68F77495C5C,1,9,54.25816993464051,76.79411764705881,34.82352941176471,41.9705882352941,76.79411764705881,34.82352941176471,경남중;당리중;동주여중;부산대신중학교;부산여중;부산중앙여자중학교;사하중;삼성중;장평중,0,0,0,,,,0,9,False,0.0
TRADE_B6A398F5FF46,1,2,11.073529411764707,21.058823529411764,1.0882352941176472,19.970588235294116,21.058823529411764,1.0882352941176472,기장중;대청중,0,0,0,,,,0,2,False,0.0
TRADE_B6D1494239B5,1,4,34.29411764705882,40.23529411764706,22.882352941176467,17.35294117647059,40.23529411764706,22.882352941176467,대연중;배정중;석포여중;해연중,0,0,0,,,,0,3,False,0.0
TRADE_B6ED60B0BA1E,1,9,54.25816993464051,76.79411764705881,34.82352941176471,41.9705882352941,76.79411764705881,34.82352941176471,경남중;당리중;동주여중;부산대신중학교;부산여중;부산중앙여자중학교;사하중;삼성중;장평중,0,0,0,,,,0,9,False,0.0
TRADE_B6FB95A15BC7,1,3,38.0,54.82352941176472,15.705882352941178,39.117647058823536,54.82352941176472,15.705882352941178,가야여중;부산개성중;서면중,0,0,0,,,,0,3,False,0.0
TRADE_B717BA6A2197,1,4,53.06617647058823,77.23529411764707,34.82352941176471,42.41176470588236,77.23529411764707,34.82352941176471,경남중;부산여중;부산중앙여자중학교;초장중,0,0,0,,,,0,4,False,0.0
TRADE_B7210B7570CE,1,3,17.95098039215686,31.705882352941174,1.0882352941176472,30.617647058823525,31.705882352941174,1.0882352941176472,기장중;대청중;일광중,0,0,0,,,,0,3,False,0.0
TRADE_B72207AB3ECC,1,4,60.19117647058823,69.70588235294117,46.5,23.205882352941174,69.70588235294117,46.5,건국중;당리중;동주여중;사하중,0,0,0,,,,0,4,False,0.0
TRADE_B730C66BDD45,1,5,41.476470588235294,71.8529411764706,26.294117647058822,45.55882352941177,71.8529411764706,26.294117647058822,동신중;안락중;충렬중;학산여자중;혜화여자중,0,0,0,,,,0,5,False,0.0
TRADE_B771669556C4,1,3,79.57843137254902,88.5,65.52941176470588,22.970588235294116,88.5,65.52941176470588,구서여중;남산중;장전중,0,0,0,,,,0,3,False,0.0
TRADE_B79255641BB9,1,0,,,,,,,,0,0,0,,,,0,0,False,0.0
TRADE_B7B45379FD3F,1,3,34.29411764705882,40.23529411764706,22.882352941176467,17.35294117647059,40.23529411764706,22.882352941176467,대연중;석포여중;해연중,0,0,0,,,,0,3,False,0.0
TRADE_B7CC5C7AC211,1,4,53.57352941176471,73.52941176470588,40.02941176470588,33.50000000000001,73.52941176470588,40.02941176470588,광안중;동아중;부산수영중;한바다중,0,0,0,,,,0,4,False,0.0
TRADE_B7D815DDD97F,1,4,68.09558823529412,88.5,49.91176470588235,38.58823529411765,88.5,49.91176470588235,금정중;동래여중;부곡여자중;장전중,0,0,0,,,,0,4,False,0.0
TRADE_B7DF946C6AE2,1,3,56.68627450980392,58.67647058823528,54.82352941176472,3.8529411764705657,58.67647058823528,54.82352941176472,광무여중;부산진중;서면중,0,0,0,,,,0,3,False,0.0
TRADE_B7E39DD9DDEC,1,0,,,,,,,,0,0,0,,,,0,0,False,0.0
TRADE_B7F75F3F1318,1,3,46.82352941176471,48.5,45.14705882352941,3.352941176470587,48.5,45.14705882352941,문현여중;배정중;부산동여중,0,0,0,,,,0,2,False,0.0
TRADE_B821D4F1F32E,1,5,50.25294117647059,73.52941176470588,36.970588235294116,36.55882352941177,73.52941176470588,36.970588235294116,광안중;동수영중;동아중;부산수영중학교;한바다중,0,0,0,,,,0,5,False,0.0
TRADE_B834D1411E25,1,4,80.42647058823529,83.41176470588236,77.88235294117646,5.529411764705898,83.41176470588236,77.88235294117646,부흥중;상당중;신도중;양운중,0,0,0,,,,0,4,False,0.0
TRADE_B843BFD93DA2,1,3,48.568627450980394,64.52941176470588,30.617647058823533,33.91176470588235,64.52941176470588,30.617647058823533,연산중;연일중;연제중,0,0,0,,,,0,3,False,0.0
TRADE_B846FD6779B8,1,2,34.794117647058826,45.38235294117647,24.205882352941178,21.176470588235293,45.38235294117647,24.205882352941178,초연중;초읍중,0,0,0,,,,0,2,False,0.0
TRADE_B85AD7036D6A,1,9,52.36601307189542,69.70588235294117,34.82352941176471,34.882352941176464,69.70588235294117,34.82352941176471,건국중;경남중;당리중;동주여중;부산대신중학교;부산여중;부산중앙여자중학교;사하중;장평중,0,0,0,,,,0,9,False,0.0
TRADE_B863A74C3317,1,3,34.29411764705882,40.23529411764706,22.882352941176467,17.35294117647059,40.23529411764706,22.882352941176467,대연중;석포여중;해연중,0,0,0,,,,0,3,False,0.0
TRADE_B88398ACC4EA,1,3,23.774509803921564,27.088235294117645,19.323529411764707,7.7647058823529385,27.088235294117645,19.323529411764707,경남여중;부산서중;부산중,0,0,0,,,,0,3,False,0.0
TRADE_B88B8C92C1D8,1,6,49.220588235294116,64.79411764705883,34.82352941176471,29.970588235294116,64.79411764705883,34.82352941176471,경남중;동주여중;부산대신중학교;부산여중;부산중앙여자중학교;장평중,0,0,0,,,,0,6,False,0.0
TRADE_B88C85B1CA05,1,3,47.372549019607845,62.52941176470588,21.999999999999996,40.529411764705884,62.52941176470588,21.999999999999996,덕명여중;부산동중;부산진여중,0,0,0,,,,0,3,False,0.0
TRADE_B8908751D01C,1,6,50.333333333333336,79.73529411764706,30.617647058823533,49.11764705882352,79.73529411764706,30.617647058823533,동신중;연산중;연일중;연제중;이사벨중;토현중,0,0,0,,,,0,6,False,0.0
TRADE_B8B4B1C21B14,1,3,37.5,68.26470588235294,19.323529411764707,48.94117647058823,68.26470588235294,19.323529411764707,경남여중;부산중;선화여중,0,0,0,,,,0,3,False,0.0
TRADE_B8DB8EEF6597,1,3,61.88235294117647,88.5,45.44117647058823,43.05882352941177,88.5,45.44117647058823,동현중;부곡여자중;장전중,0,0,0,,,,0,3,False,0.0
TRADE_B8EAF3685600,1,4,61.13970588235294,69.70588235294117,46.5,23.205882352941174,69.70588235294117,46.5,건국중;당리중;사하중;하단중,0,0,0,,,,0,4,False,0.0
TRADE_B9127DB8CDDD,1,0,,,,,,,,0,0,0,,,,0,0,False,0.0
TRADE_B918EE5C34EA,1,5,50.25294117647059,73.52941176470588,36.970588235294116,36.55882352941177,73.52941176470588,36.970588235294116,광안중;동수영중;동아중;부산수영중학교;한바다중,0,0,0,,,,0,5,False,0.0
TRADE_B936A014BF30,1,3,48.568627450980394,64.52941176470588,30.617647058823533,33.91176470588235,64.52941176470588,30.617647058823533,연산중;연일중;연제중,0,0,0,,,,0,3,False,0.0
TRADE_B94A20B149F7,1,0,,,,,,,,0,0,0,,,,0,0,False,0.0
TRADE_B94C9EA479E7,1,3,37.5,68.26470588235294,19.323529411764707,48.94117647058823,68.26470588235294,19.323529411764707,경남여중;부산중;선화여중,0,0,0,,,,0,3,False,0.0
TRADE_B97BD68C7605,1,3,24.1078431372549,35.588235294117645,18.147058823529413,17.441176470588232,35.588235294117645,18.147058823529413,가람중;구남중;구포중,0,0,0,,,,0,3,False,0.0
TRADE_B990385075F2,1,0,,,,,,,,0,0,0,,,,0,0,False,0.0
TRADE_B9CFD1049395,1,6,50.35294117647059,77.23529411764707,34.82352941176471,42.41176470588236,77.23529411764707,34.82352941176471,경남중;대신여중;부산대신중학교;부산여중;부산중앙여자중학교;초장중,0,0,0,,,,0,6,False,0.0
TRADE_B9D171228754,1,6,49.4264705882353,77.23529411764707,34.82352941176471,42.41176470588236,77.23529411764707,34.82352941176471,경남중;대신여중;부산여중;부산중앙여자중학교;송도중;초장중,0,0,0,,,,0,6,False,0.0
TRADE_B9E1FECE04A8,1,4,61.13970588235294,69.70588235294117,46.5,23.205882352941174,69.70588235294117,46.5,건국중;당리중;사하중;하단중,0,0,0,,,,0,4,False,0.0
TRADE_B9E73B5789C4,1,5,50.25294117647059,73.52941176470588,36.970588235294116,36.55882352941177,73.52941176470588,36.970588235294116,광안중;동수영중;동아중;부산수영중학교;한바다중,0,0,0,,,,0,5,False,0.0
TRADE_B9F3DA54D5DD,1,3,65.62745098039215,80.5,36.50000000000001,43.99999999999999,80.5,36.50000000000001,사직여중;사직중;온천중,0,0,0,,,,0,3,False,0.0
TRADE_B9FB6C01E318,1,3,34.26470588235294,40.82352941176471,26.294117647058822,14.529411764705888,40.82352941176471,26.294117647058822,동신중;충렬중;학산여중,0,0,0,,,,0,3,False,0.0
TRADE_B9FC5356E8B4,1,3,56.68627450980392,58.67647058823528,54.82352941176472,3.8529411764705657,58.67647058823528,54.82352941176472,광무여중;부산진중;서면중,0,0,0,,,,0,3,False,0.0
TRADE_B9FC97FCBA7A,1,3,34.29411764705882,40.23529411764706,22.882352941176467,17.35294117647059,40.23529411764706,22.882352941176467,대연중;석포여중;해연중,0,0,0,,,,0,3,False,0.0
TRADE_BA09D051E0DE,1,3,37.794117647058826,48.5,27.088235294117645,21.411764705882355,48.5,27.088235294117645,금성중;부산동여중;부산서중,0,0,0,,,,0,2,False,0.0
TRADE_BA269C696E88,1,4,61.00735294117648,69.70588235294117,51.8235294117647,17.88235294117647,69.70588235294117,51.8235294117647,당리중;대동중;하남중;하단중,0,0,0,,,,0,4,False,0.0
TRADE_BA288B5CD044,1,3,79.57843137254902,88.5,65.52941176470588,22.970588235294116,88.5,65.52941176470588,구서여중;남산중;장전중,0,0,0,,,,0,3,False,0.0
TRADE_BA3236D92C10,1,3,66.3235294117647,87.20588235294116,40.23529411764706,46.9705882352941,87.20588235294116,40.23529411764706,남천중;대연중;대천중,0,0,0,,,,0,3,False,0.0
TRADE_BA35C4B45660,1,3,75.27450980392156,94.26470588235294,51.8235294117647,42.44117647058824,94.26470588235294,51.8235294117647,거제여자중;여명중;이사벨중,0,0,0,,,,0,3,False,0.0
TRADE_BA4215B3F443,1,0,,,,,,,,0,0,0,,,,0,0,False,0.0
TRADE_BA422AE30AF8,1,6,49.220588235294116,64.79411764705883,34.82352941176471,29.970588235294116,64.79411764705883,34.82352941176471,경남중;동주여중;부산대신중학교;부산여중;부산중앙여자중학교;장평중,0,0,0,,,,0,6,False,0.0
TRADE_BA4C025C5547,1,0,,,,,,,,0,0,0,,,,0,0,False,0.0
TRADE_BA5003006D6D,1,0,,,,,,,,0,0,0,,,,0,0,False,0.0
TRADE_BAA999EBCC24,1,1,18.705882352941178,18.705882352941178,18.705882352941178,0.0,18.705882352941178,18.705882352941178,모라중,1,1,1,모라중,18.705882352941178,18.705882352941178,0,1,False,0.18705882352941178
TRADE_BABFC21EA2CD,1,3,82.88235294117648,93.44117647058823,67.5,25.941176470588232,93.44117647058823,67.5,분포중;오륙도중;용호중,0,0,0,,,,0,3,False,0.0
TRADE_BACD984B84BA,1,3,79.57843137254902,88.5,65.52941176470588,22.970588235294116,88.5,65.52941176470588,구서여중;남산중;장전중,0,0,0,,,,0,3,False,0.0
TRADE_BAF9B4419277,1,3,58.08823529411765,73.52941176470588,43.970588235294116,29.558823529411768,73.52941176470588,43.970588235294116,동아중;부산수영중학교;한바다중,0,0,0,,,,0,3,False,0.0
TRADE_BAFCA032FEC1,1,4,61.13970588235294,69.70588235294117,46.5,23.205882352941174,69.70588235294117,46.5,건국중;당리중;사하중;하단중,0,0,0,,,,0,4,False,0.0
TRADE_BAFEF07B65B7,1,3,55.568627450980394,69.55882352941177,45.44117647058823,24.117647058823536,69.55882352941177,45.44117647058823,동현중;부곡여자중;부곡중,0,0,0,,,,0,3,False,0.0
TRADE_BB1F97BA004B,1,0,,,,,,,,0,0,0,,,,0,0,False,0.0
TRADE_BB307AF3D722,1,2,95.11764705882354,97.70588235294117,92.52941176470588,5.17647058823529,97.70588235294117,92.52941176470588,해강중;해운대중,0,0,0,,,,0,2,False,0.0
TRADE_BB5326F8A619,1,5,66.6,87.20588235294116,43.970588235294116,43.235294117647044,87.20588235294116,43.970588235294116,남천중;대천중;동아중;부산수영중;한바다중,0,0,0,,,,0,5,False,0.0
TRADE_BB60B03FFA07,1,3,48.96078431372549,56.970588235294116,40.44117647058824,16.529411764705877,56.970588235294116,40.44117647058824,영도제일중;태종대중;해동중,0,0,0,,,,0,3,False,0.0
TRADE_BB6FB4094248,1,1,21.176470588235293,21.176470588235293,21.176470588235293,0.0,21.176470588235293,21.176470588235293,주감중,1,1,1,주감중,21.176470588235293,21.176470588235293,0,1,False,0.21176470588235294
TRADE_BB7093042AF7,1,3,79.57843137254902,88.5,65.52941176470588,22.970588235294116,88.5,65.52941176470588,구서여중;남산중;장전중,0,0,0,,,,0,3,False,0.0
TRADE_BB82C4E84963,1,2,21.970588235294116,21.970588235294116,21.970588235294116,0.0,21.970588235294116,21.970588235294116,반송중;운송중,0,0,0,,,,0,1,False,0.0
TRADE_BB9317B7DC8A,1,3,75.27450980392156,94.26470588235294,51.8235294117647,42.44117647058824,94.26470588235294,51.8235294117647,거제여중;여명중;이사벨중,0,0,0,,,,0,3,False,0.0
TRADE_BBADD3EDF919,1,3,48.568627450980394,64.52941176470588,30.617647058823533,33.91176470588235,64.52941176470588,30.617647058823533,연산중;연일중;연제중,0,0,0,,,,0,3,False,0.0
TRADE_BBB98C44AC01,1,3,34.29411764705882,40.23529411764706,22.882352941176467,17.35294117647059,40.23529411764706,22.882352941176467,대연중;석포여중;해연중,0,0,0,,,,0,3,False,0.0
TRADE_BBC89621D48B,1,3,34.29411764705882,40.23529411764706,22.882352941176467,17.35294117647059,40.23529411764706,22.882352941176467,대연중;석포여중;해연중,0,0,0,,,,0,3,False,0.0
TRADE_BBF82E5B265B,1,0,,,,,,,,0,0,0,,,,0,0,False,0.0
TRADE_BC033F315974,1,4,60.19117647058823,69.70588235294117,46.5,23.205882352941174,69.70588235294117,46.5,건국중;당리중;동주여중;사하중,0,0,0,,,,0,4,False,0.0
TRADE_BC3FF9EC6475,1,3,41.931372549019606,44.85294117647059,36.970588235294116,7.882352941176471,44.85294117647059,36.970588235294116,동수영중;망미중;부산수영중,0,0,0,,,,0,3,False,0.0
TRADE_BC445DD045B0,1,5,66.6,87.20588235294116,43.970588235294116,43.235294117647044,87.20588235294116,43.970588235294116,남천중;대천중;동아중;부산수영중;한바다중,0,0,0,,,,0,5,False,0.0
TRADE_BC447EFE9ACC,1,3,34.29411764705882,40.23529411764706,22.882352941176467,17.35294117647059,40.23529411764706,22.882352941176467,대연중;석포여중;해연중,0,0,0,,,,0,3,False,0.0
TRADE_BC4918285DD2,1,2,40.58823529411765,50.55882352941177,30.617647058823533,19.941176470588236,50.55882352941177,30.617647058823533,연산중;연제중,0,0,0,,,,0,2,False,0.0
TRADE_BC5CE69B14A6,1,2,11.073529411764707,21.058823529411764,1.0882352941176472,19.970588235294116,21.058823529411764,1.0882352941176472,기장중;대청중,0,0,0,,,,0,2,False,0.0
TRADE_BC6E6271DD6E,1,2,11.073529411764707,21.058823529411764,1.0882352941176472,19.970588235294116,21.058823529411764,1.0882352941176472,기장중;대청중,0,0,0,,,,0,2,False,0.0
TRADE_BC849F52B6D9,1,3,51.127450980392155,83.17647058823529,35.02941176470588,48.14705882352941,83.17647058823529,35.02941176470588,남도여중;부산남중;부산영선중학교,0,0,0,,,,0,3,False,0.0
TRADE_BCBE9DD82FE8,1,2,11.073529411764707,21.058823529411764,1.0882352941176472,19.970588235294116,21.058823529411764,1.0882352941176472,기장중;대청중,0,0,0,,,,0,2,False,0.0
TRADE_BCCE6009241B,1,0,,,,,,,,0,0,0,,,,0,0,False,0.0
TRADE_BCE69C3A073B,1,5,52.54117647058823,77.23529411764707,34.82352941176471,42.41176470588236,77.23529411764707,34.82352941176471,경남중;부산대신중학교;부산여중;부산중앙여자중학교;초장중,0,0,0,,,,0,5,False,0.0
TRADE_BCF2FD52607E,1,4,44.867647058823536,58.00000000000001,34.82352941176471,23.176470588235297,58.00000000000001,34.82352941176471,경남중;대신여중;덕원중;부산여중,0,0,0,,,,0,4,False,0.0
TRADE_BCF495EF737A,1,3,23.774509803921564,27.088235294117645,19.323529411764707,7.7647058823529385,27.088235294117645,19.323529411764707,경남여중;부산서중;부산중,0,0,0,,,,0,3,False,0.0
TRADE_BD026ECE31C4,1,5,50.25294117647059,73.52941176470588,36.970588235294116,36.55882352941177,73.52941176470588,36.970588235294116,광안중;동수영중;동아중;부산수영중학교;한바다중,0,0,0,,,,0,5,False,0.0
TRADE_BD13737DE028,1,2,73.89705882352942,82.26470588235294,65.52941176470588,16.735294117647058,82.26470588235294,65.52941176470588,금정중;남산중,0,0,0,,,,0,2,False,0.0
TRADE_BD6F6808DCBB,1,3,48.568627450980394,64.52941176470588,30.617647058823533,33.91176470588235,64.52941176470588,30.617647058823533,연산중;연일중;연제중,0,0,0,,,,0,3,False,0.0
TRADE_BD8197A229F1,1,4,72.78676470588235,94.26470588235294,36.50000000000001,57.764705882352935,94.26470588235294,36.50000000000001,사직여중;사직중;여명중;온천중,0,0,0,,,,0,4,False,0.0
TRADE_BDA5F58465C8,1,2,11.073529411764707,21.058823529411764,1.0882352941176472,19.970588235294116,21.058823529411764,1.0882352941176472,기장중;대청중,0,0,0,,,,0,2,False,0.0
TRADE_BDADE465F35F,1,3,48.568627450980394,64.52941176470588,30.617647058823533,33.91176470588235,64.52941176470588,30.617647058823533,연산중;연일중;연제중,0,0,0,,,,0,3,False,0.0
TRADE_BDAFE7F1A7FA,1,4,61.13970588235294,69.70588235294117,46.5,23.205882352941174,69.70588235294117,46.5,건국중;당리중;사하중;하단중,0,0,0,,,,0,4,False,0.0
TRADE_BDB4F40C5FDE,1,4,83.57352941176471,97.70588235294117,54.23529411764706,43.470588235294116,97.70588235294117,54.23529411764706,동백중;해강중;해운대여중;해운대중,0,0,0,,,,0,4,False,0.0
TRADE_BE093CC57826,1,3,51.127450980392155,83.17647058823529,35.02941176470588,48.14705882352941,83.17647058823529,35.02941176470588,남도여중;부산남중;부산영선중학교,0,0,0,,,,0,3,False,0.0
TRADE_BE1C90282D6C,1,3,48.30392156862746,98.91176470588236,18.88235294117647,80.02941176470588,98.91176470588236,18.88235294117647,센텀중;재송여자중;재송중,0,0,0,,,,0,3,False,0.0
TRADE_BE4C8C0861B4,1,2,11.073529411764707,21.058823529411764,1.0882352941176472,19.970588235294116,21.058823529411764,1.0882352941176472,기장중;대청중,0,0,0,,,,0,2,False,0.0
TRADE_BE56369DBC10,1,3,58.08823529411765,73.52941176470588,43.970588235294116,29.558823529411768,73.52941176470588,43.970588235294116,동아중;부산수영중학교;한바다중,0,0,0,,,,0,3,False,0.0
TRADE_BE6A7BA0B502,1,3,24.1078431372549,35.588235294117645,18.147058823529413,17.441176470588232,35.588235294117645,18.147058823529413,가람중;구남중;구포중,0,0,0,,,,0,3,False,0.0
TRADE_BE6A94E2BE02,1,5,52.54117647058823,77.23529411764707,34.82352941176471,42.41176470588236,77.23529411764707,34.82352941176471,경남중;부산대신중학교;부산여중;부산중앙여자중학교;초장중,0,0,0,,,,0,5,False,0.0
TRADE_BE6B79CDBF88,1,2,75.11764705882354,84.70588235294117,65.52941176470588,19.17647058823529,84.70588235294117,65.52941176470588,구서여중;남산중,0,0,0,,,,0,2,False,0.0
TRADE_BE7BC1F66D14,1,3,68.95098039215686,78.3529411764706,51.70588235294118,26.647058823529413,78.3529411764706,51.70588235294118,동래중;동해중;부곡여중,0,0,0,,,,0,3,False,0.0
TRADE_BE82643AF322,1,3,48.568627450980394,64.52941176470588,30.617647058823533,33.91176470588235,64.52941176470588,30.617647058823533,연산중;연일중;연제중,0,0,0,,,,0,3,False,0.0
TRADE_BE82FD19515A,1,3,59.529411764705884,78.3529411764706,36.50000000000001,41.85294117647059,78.3529411764706,36.50000000000001,동래중;온천중;유락여중,0,0,0,,,,0,3,False,0.0
TRADE_BEAB689B2438,1,4,44.977941176470594,58.00000000000001,34.82352941176471,23.176470588235297,58.00000000000001,34.82352941176471,경남중;부산여중;부산중앙여자중학교;송도중,0,0,0,,,,0,4,False,0.0
TRADE_BEBEED3C7735,1,3,34.29411764705882,40.23529411764706,22.882352941176467,17.35294117647059,40.23529411764706,22.882352941176467,대연중;석포여중;해연중,0,0,0,,,,0,3,False,0.0
TRADE_BEC24D9B86AF,1,3,48.568627450980394,64.52941176470588,30.617647058823533,33.91176470588235,64.52941176470588,30.617647058823533,연산중;연일중;연제중,0,0,0,,,,0,3,False,0.0
TRADE_BEF7CF6DC656,1,5,41.476470588235294,71.8529411764706,26.294117647058822,45.55882352941177,71.8529411764706,26.294117647058822,동신중;안락중;충렬중;학산여자중;혜화여자중,0,0,0,,,,0,5,False,0.0
TRADE_BF05516619F3,1,5,60.3,87.20588235294116,40.02941176470588,47.17647058823528,87.20588235294116,40.02941176470588,광안중;남천중;동아중;부산수영중;한바다중,0,0,0,,,,0,5,False,0.0
TRADE_BF2C44F0AB67,1,5,50.25294117647059,73.52941176470588,36.970588235294116,36.55882352941177,73.52941176470588,36.970588235294116,광안중;동수영중;동아중;부산수영중학교;한바다중,0,0,0,,,,0,5,False,0.0
TRADE_BF56205BB17D,1,3,48.96078431372549,56.970588235294116,40.44117647058824,16.529411764705877,56.970588235294116,40.44117647058824,영도제일중;태종대중;해동중,0,0,0,,,,0,3,False,0.0
TRADE_BF79C86310F7,1,3,24.1078431372549,35.588235294117645,18.147058823529413,17.441176470588232,35.588235294117645,18.147058823529413,가람중;구남중;구포중,0,0,0,,,,0,3,False,0.0
TRADE_BF7DB98DF489,1,4,72.78676470588235,94.26470588235294,36.50000000000001,57.764705882352935,94.26470588235294,36.50000000000001,사직여중;사직중;여명중;온천중,0,0,0,,,,0,4,False,0.0
TRADE_BF85BB449398,1,5,52.54117647058823,77.23529411764707,34.82352941176471,42.41176470588236,77.23529411764707,34.82352941176471,경남중;부산대신중학교;부산여중;부산중앙여자중학교;초장중,0,0,0,,,,0,5,False,0.0
TRADE_BFEDBD2CBEC2,1,0,,,,,,,,0,0,0,,,,0,0,False,0.0
TRADE_C00D26A31B56,1,4,43.794117647058826,58.82352941176471,30.617647058823533,28.205882352941178,58.82352941176471,30.617647058823533,망미중;연제중;연천중;토현중,0,0,0,,,,0,4,False,0.0
TRADE_C0118F5C0319,1,4,53.57352941176471,73.52941176470588,40.02941176470588,33.50000000000001,73.52941176470588,40.02941176470588,광안중;동아중;부산수영중;한바다중,0,0,0,,,,0,4,False,0.0
TRADE_C01ECEB50CD8,1,2,75.11764705882354,84.70588235294117,65.52941176470588,19.17647058823529,84.70588235294117,65.52941176470588,구서여중;남산중,0,0,0,,,,0,2,False,0.0
TRADE_C027D143BF57,1,4,61.13970588235294,69.70588235294117,46.5,23.205882352941174,69.70588235294117,46.5,건국중;당리중;사하중;하단중,0,0,0,,,,0,4,False,0.0
TRADE_C02A6229A53E,1,3,79.57843137254902,88.5,65.52941176470588,22.970588235294116,88.5,65.52941176470588,구서여중;남산중;장전중,0,0,0,,,,0,3,False,0.0
TRADE_C0692AACBD50,1,3,48.17647058823528,58.67647058823528,40.470588235294116,18.205882352941167,58.67647058823528,40.470588235294116,부산진중;양동여중;초연중,0,0,0,,,,0,3,False,0.0
TRADE_C0731E87025B,1,0,,,,,,,,0,0,0,,,,0,0,False,0.0
TRADE_C084FE7046E6,1,3,78.86274509803923,92.52941176470588,54.23529411764706,38.294117647058826,92.52941176470588,54.23529411764706,동백중;해운대여중;해운대중,0,0,0,,,,0,3,False,0.0
TRADE_C08750E19FCD,1,3,51.127450980392155,83.17647058823529,35.02941176470588,48.14705882352941,83.17647058823529,35.02941176470588,남도여중;부산남중;부산영선중학교,0,0,0,,,,0,3,False,0.0
TRADE_C08D77E81C35,1,4,68.09558823529412,88.5,49.91176470588235,38.58823529411765,88.5,49.91176470588235,금정중;동래여중;부곡여자중;장전중,0,0,0,,,,0,4,False,0.0
TRADE_C0B8896E1EA0,1,4,68.09558823529412,88.5,49.91176470588235,38.58823529411765,88.5,49.91176470588235,금정중;동래여중;부곡여자중;장전중,0,0,0,,,,0,4,False,0.0
TRADE_C0BB1C15121C,1,3,59.529411764705884,78.3529411764706,36.50000000000001,41.85294117647059,78.3529411764706,36.50000000000001,동래중;온천중;유락여중,0,0,0,,,,0,3,False,0.0
TRADE_C0CE7CF33067,1,0,,,,,,,,0,0,0,,,,0,0,False,0.0
TRADE_C0DDE7A3D748,1,3,48.568627450980394,64.52941176470588,30.617647058823533,33.91176470588235,64.52941176470588,30.617647058823533,연산중;연일중;연제중,0,0,0,,,,0,3,False,0.0
TRADE_C0FF739F1357,1,3,48.96078431372549,56.970588235294116,40.44117647058824,16.529411764705877,56.970588235294116,40.44117647058824,영도제일중;태종대중;해동중,0,0,0,,,,0,3,False,0.0
TRADE_C1353BA0182D,1,3,53.72549019607843,58.67647058823528,45.20588235294118,13.470588235294102,58.67647058823528,45.20588235294118,동평여중;동평중;부산진중,0,0,0,,,,0,3,False,0.0
TRADE_C135EE3E19A2,1,5,45.14705882352941,58.82352941176471,30.617647058823533,28.205882352941178,58.82352941176471,30.617647058823533,망미중;연산중;연제중;연천중;토현중,0,0,0,,,,0,5,False,0.0
TRADE_C1BD6346E923,1,3,51.127450980392155,83.17647058823529,35.02941176470588,48.14705882352941,83.17647058823529,35.02941176470588,남도여중;부산남중;부산영선중학교,0,0,0,,,,0,3,False,0.0
TRADE_C1C1440BA053,1,0,,,,,,,,0,0,0,,,,0,0,False,0.0
TRADE_C1D1F16B56E0,1,2,75.11764705882354,84.70588235294117,65.52941176470588,19.17647058823529,84.70588235294117,65.52941176470588,구서여중;남산중,0,0,0,,,,0,2,False,0.0
TRADE_C1F514794E52,1,3,58.08823529411765,73.52941176470588,43.970588235294116,29.558823529411768,73.52941176470588,43.970588235294116,동아중;부산수영중학교;한바다중,0,0,0,,,,0,3,False,0.0
TRADE_C1F7579CA020,1,3,75.27450980392156,94.26470588235294,51.8235294117647,42.44117647058824,94.26470588235294,51.8235294117647,거제여자중;여명중;이사벨중,0,0,0,,,,0,3,False,0.0
TRADE_C209AE6372F9,1,2,34.794117647058826,45.38235294117647,24.205882352941178,21.176470588235293,45.38235294117647,24.205882352941178,초연중;초읍중,0,0,0,,,,0,2,False,0.0
TRADE_C20D856C2DC7,1,3,58.08823529411765,73.52941176470588,43.970588235294116,29.558823529411768,73.52941176470588,43.970588235294116,동아중;부산수영중학교;한바다중,0,0,0,,,,0,3,False,0.0
TRADE_C214B3E7D805,1,3,48.568627450980394,64.52941176470588,30.617647058823533,33.91176470588235,64.52941176470588,30.617647058823533,연산중;연일중;연제중,0,0,0,,,,0,3,False,0.0
TRADE_C219A4446E2F,1,5,45.14705882352941,58.82352941176471,30.617647058823533,28.205882352941178,58.82352941176471,30.617647058823533,망미중;연산중;연제중;연천중;토현중,0,0,0,,,,0,5,False,0.0
TRADE_C235EF7ADDD2,1,5,52.54117647058823,77.23529411764707,34.82352941176471,42.41176470588236,77.23529411764707,34.82352941176471,경남중;부산대신중학교;부산여중;부산중앙여자중학교;초장중,0,0,0,,,,0,5,False,0.0
TRADE_C23BEAD79FD1,1,6,54.509803921568626,76.79411764705881,34.82352941176471,41.9705882352941,76.79411764705881,34.82352941176471,경남중;동주여중;부산대신중학교;부산여중;부산중앙여자중학교;삼성중,0,0,0,,,,0,6,False,0.0
TRADE_C26D92F4E1A4,1,3,79.57843137254902,88.5,65.52941176470588,22.970588235294116,88.5,65.52941176470588,구서여중;남산중;장전중,0,0,0,,,,0,3,False,0.0
TRADE_C27B6E67CDAE,1,6,52.04901960784314,76.79411764705881,34.82352941176471,41.9705882352941,76.79411764705881,34.82352941176471,감천중;경남중;부산여중;부산중앙여자중학교;삼성중;송도중,0,0,0,,,,0,6,False,0.0
TRADE_C29255DA9B49,1,3,51.127450980392155,83.17647058823529,35.02941176470588,48.14705882352941,83.17647058823529,35.02941176470588,남도여중;부산남중;부산영선중학교,0,0,0,,,,0,3,False,0.0
TRADE_C2A7D4199828,1,3,59.529411764705884,78.3529411764706,36.50000000000001,41.85294117647059,78.3529411764706,36.50000000000001,동래중;온천중;유락여중,0,0,0,,,,0,3,False,0.0
TRADE_C2AAEA0A8F23,1,3,61.88235294117647,88.5,45.44117647058823,43.05882352941177,88.5,45.44117647058823,동현중;부곡여자중;장전중,0,0,0,,,,0,3,False,0.0
TRADE_C2B5FD2D256C,1,2,11.073529411764707,21.058823529411764,1.0882352941176472,19.970588235294116,21.058823529411764,1.0882352941176472,기장중;대청중,0,0,0,,,,0,2,False,0.0
TRADE_C2DE78D175B7,1,3,15.156862745098039,32.205882352941174,5.176470588235294,27.02941176470588,32.205882352941174,5.176470588235294,모전중;신정중;정관중,0,0,0,,,,0,3,False,0.0
TRADE_C2E67F97F821,1,2,75.11764705882354,84.70588235294117,65.52941176470588,19.17647058823529,84.70588235294117,65.52941176470588,구서여중;남산중,0,0,0,,,,0,2,False,0.0
TRADE_C2EA063B1D36,1,3,23.774509803921564,27.088235294117645,19.323529411764707,7.7647058823529385,27.088235294117645,19.323529411764707,경남여중;부산서중;부산중,0,0,0,,,,0,3,False,0.0
TRADE_C2F8674833E9,1,3,46.82352941176471,48.5,45.14705882352941,3.352941176470587,48.5,45.14705882352941,문현여중;배정중;부산동여중,0,0,0,,,,0,2,False,0.0
TRADE_C2FD7F179506,1,2,11.073529411764707,21.058823529411764,1.0882352941176472,19.970588235294116,21.058823529411764,1.0882352941176472,기장중;대청중,0,0,0,,,,0,2,False,0.0
TRADE_C3428BDB5934,1,3,48.30392156862746,98.91176470588236,18.88235294117647,80.02941176470588,98.91176470588236,18.88235294117647,센텀중;재송여자중;재송중,0,0,0,,,,0,3,False,0.0
TRADE_C34776DB26B6,1,1,45.647058823529406,45.647058823529406,45.647058823529406,0.0,45.647058823529406,45.647058823529406,신호중,1,1,1,신호중,45.647058823529406,45.647058823529406,0,1,False,0.4564705882352941
TRADE_C383B88EF303,1,3,45.45098039215686,73.88235294117646,21.999999999999996,51.882352941176464,73.88235294117646,21.999999999999996,동의중;부산진여중;양동여중,0,0,0,,,,0,3,False,0.0
TRADE_C3A2EEC69E64,1,0,,,,,,,,0,0,0,,,,0,0,False,0.0
TRADE_C3BD18AB4DF6,1,5,66.6,87.20588235294116,43.970588235294116,43.235294117647044,87.20588235294116,43.970588235294116,남천중;대천중;동아중;부산수영중;한바다중,0,0,0,,,,0,5,False,0.0
TRADE_C3C6A4522625,1,0,,,,,,,,0,0,0,,,,0,0,False,0.0
TRADE_C3D22324C35C,1,3,68.95098039215686,78.3529411764706,51.70588235294118,26.647058823529413,78.3529411764706,51.70588235294118,동래중;동해중;부곡여중,0,0,0,,,,0,3,False,0.0
TRADE_C45D40DA69D1,1,4,83.57352941176471,97.70588235294117,54.23529411764706,43.470588235294116,97.70588235294117,54.23529411764706,동백중;해강중;해운대여중;해운대중,0,0,0,,,,0,4,False,0.0
TRADE_C45E5392F6DA,1,5,50.25294117647059,73.52941176470588,36.970588235294116,36.55882352941177,73.52941176470588,36.970588235294116,광안중;동수영중;동아중;부산수영중학교;한바다중,0,0,0,,,,0,5,False,0.0
TRADE_C465E9C74561,1,4,44.867647058823536,58.00000000000001,34.82352941176471,23.176470588235297,58.00000000000001,34.82352941176471,경남중;대신여중;덕원중;부산여중,0,0,0,,,,0,4,False,0.0
TRADE_C47CC0C79F1E,1,1,15.705882352941176,15.705882352941176,15.705882352941176,0.0,15.705882352941176,15.705882352941176,덕천중,1,1,1,덕천중,15.705882352941176,15.705882352941176,0,1,False,0.15705882352941175
TRADE_C4872B8BB222,1,4,49.5,73.88235294117646,21.999999999999996,51.882352941176464,73.88235294117646,21.999999999999996,덕명여중;동의중;부산진여중;항도중,0,0,0,,,,0,4,False,0.0
TRADE_C490BF65FF2C,1,4,60.55882352941177,76.79411764705881,45.05882352941177,31.735294117647044,76.79411764705881,45.05882352941177,감천중;동주여중;삼성중;장평중,0,0,0,,,,0,4,False,0.0
TRADE_C4ADAA707ACB,1,3,48.96078431372549,56.970588235294116,40.44117647058824,16.529411764705877,56.970588235294116,40.44117647058824,영도제일중;태종대중;해동중,0,0,0,,,,0,3,False,0.0
TRADE_C4BCE66EA4CE,1,4,61.13970588235294,69.70588235294117,46.5,23.205882352941174,69.70588235294117,46.5,건국중;당리중;사하중;하단중,0,0,0,,,,0,4,False,0.0
TRADE_C4D597E710DD,1,6,49.220588235294116,64.79411764705883,34.82352941176471,29.970588235294116,64.79411764705883,34.82352941176471,경남중;동주여중;부산대신중학교;부산여중;부산중앙여자중학교;장평중,0,0,0,,,,0,6,False,0.0
TRADE_C4D5BF6B3123,1,5,66.6,87.20588235294116,43.970588235294116,43.235294117647044,87.20588235294116,43.970588235294116,남천중;대천중;동아중;부산수영중;한바다중,0,0,0,,,,0,5,False,0.0
TRADE_C4E7C2733A88,1,3,58.08823529411765,73.52941176470588,43.970588235294116,29.558823529411768,73.52941176470588,43.970588235294116,동아중;부산수영중학교;한바다중,0,0,0,,,,0,3,False,0.0
TRADE_C4EAB5FF2C98,1,3,37.5,68.26470588235294,19.323529411764707,48.94117647058823,68.26470588235294,19.323529411764707,경남여중;부산중;선화여중,0,0,0,,,,0,3,False,0.0
TRADE_C4EE0A5162D6,1,5,50.25294117647059,73.52941176470588,36.970588235294116,36.55882352941177,73.52941176470588,36.970588235294116,광안중;동수영중;동아중;부산수영중학교;한바다중,0,0,0,,,,0,5,False,0.0
TRADE_C50D96A82C2D,1,3,48.568627450980394,64.52941176470588,30.617647058823533,33.91176470588235,64.52941176470588,30.617647058823533,연산중;연일중;연제중,0,0,0,,,,0,3,False,0.0
TRADE_C52956689550,1,5,52.54117647058823,77.23529411764707,34.82352941176471,42.41176470588236,77.23529411764707,34.82352941176471,경남중;부산대신중학교;부산여중;부산중앙여자중학교;초장중,0,0,0,,,,0,5,False,0.0
TRADE_C536F90DAE85,1,4,61.13970588235294,69.70588235294117,46.5,23.205882352941174,69.70588235294117,46.5,건국중;당리중;사하중;하단중,0,0,0,,,,0,4,False,0.0
TRADE_C539AF68FFCC,1,3,34.29411764705882,40.23529411764706,22.882352941176467,17.35294117647059,40.23529411764706,22.882352941176467,대연중;석포여중;해연중,0,0,0,,,,0,3,False,0.0
TRADE_C53BFF95A9AF,1,3,61.88235294117647,88.5,45.44117647058823,43.05882352941177,88.5,45.44117647058823,동현중;부곡여자중;장전중,0,0,0,,,,0,3,False,0.0
TRADE_C549BD8F03B6,1,3,37.5,68.26470588235294,19.323529411764707,48.94117647058823,68.26470588235294,19.323529411764707,경남여중;부산중;선화여중,0,0,0,,,,0,3,False,0.0
TRADE_C560C414B659,1,2,11.073529411764707,21.058823529411764,1.0882352941176472,19.970588235294116,21.058823529411764,1.0882352941176472,기장중;대청중,0,0,0,,,,0,2,False,0.0
TRADE_C56643D8DF72,1,3,48.568627450980394,64.52941176470588,30.617647058823533,33.91176470588235,64.52941176470588,30.617647058823533,연산중;연일중;연제중,0,0,0,,,,0,3,False,0.0
TRADE_C56C54495623,1,5,45.14705882352941,58.82352941176471,30.617647058823533,28.205882352941178,58.82352941176471,30.617647058823533,망미중;연산중;연제중;연천중;토현중,0,0,0,,,,0,5,False,0.0
TRADE_C5844F501053,1,3,42.75490196078431,58.67647058823528,24.205882352941178,34.4705882352941,58.67647058823528,24.205882352941178,부산진중;초연중;초읍중,0,0,0,,,,0,3,False,0.0
TRADE_C58DD8971AE3,1,0,,,,,,,,0,0,0,,,,0,0,False,0.0
TRADE_C5944BAB8CBC,1,9,54.25816993464051,76.79411764705881,34.82352941176471,41.9705882352941,76.79411764705881,34.82352941176471,경남중;당리중;동주여중;부산대신중학교;부산여중;부산중앙여자중학교;사하중;삼성중;장평중,0,0,0,,,,0,9,False,0.0
TRADE_C5B04FEA0DC3,1,3,61.88235294117647,88.5,45.44117647058823,43.05882352941177,88.5,45.44117647058823,동현중;부곡여자중;장전중,0,0,0,,,,0,3,False,0.0
TRADE_C5C1F5402431,1,0,,,,,,,,0,0,0,,,,0,0,False,0.0
TRADE_C5D38CD99395,1,3,42.75490196078431,58.67647058823528,24.205882352941178,34.4705882352941,58.67647058823528,24.205882352941178,부산진중;초연중;초읍중,0,0,0,,,,0,3,False,0.0
TRADE_C5D5E73C14A4,1,3,23.774509803921564,27.088235294117645,19.323529411764707,7.7647058823529385,27.088235294117645,19.323529411764707,경남여중;부산서중;부산중,0,0,0,,,,0,3,False,0.0
TRADE_C62E89EDE4D8,1,3,55.568627450980394,69.55882352941177,45.44117647058823,24.117647058823536,69.55882352941177,45.44117647058823,동현중;부곡여자중;부곡중,0,0,0,,,,0,3,False,0.0
TRADE_C64C6F93F71A,1,1,15.705882352941176,15.705882352941176,15.705882352941176,0.0,15.705882352941176,15.705882352941176,덕천중,1,1,1,덕천중,15.705882352941176,15.705882352941176,0,1,False,0.15705882352941175
TRADE_C65E675BA908,1,4,33.786764705882355,54.82352941176472,15.705882352941178,39.117647058823536,54.82352941176472,15.705882352941178,가야여중;개림중;부산개성중;서면중,0,0,0,,,,0,4,False,0.0
TRADE_C676285591A7,1,4,34.29411764705882,40.23529411764706,22.882352941176467,17.35294117647059,40.23529411764706,22.882352941176467,대연중;배정중;석포여중;해연중,0,0,0,,,,0,3,False,0.0
TRADE_C687FA15EA3E,1,2,34.794117647058826,45.38235294117647,24.205882352941178,21.176470588235293,45.38235294117647,24.205882352941178,초연중;초읍중,0,0,0,,,,0,2,False,0.0
TRADE_C691014DE9E6,1,1,45.647058823529406,45.647058823529406,45.647058823529406,0.0,45.647058823529406,45.647058823529406,신호중,1,1,1,신호중,45.647058823529406,45.647058823529406,0,1,False,0.4564705882352941
TRADE_C6AD05A7A9B2,1,3,45.45098039215686,73.88235294117646,21.999999999999996,51.882352941176464,73.88235294117646,21.999999999999996,동의중;부산진여중;양동여중,0,0,0,,,,0,3,False,0.0
TRADE_C6C7D5A4085A,1,3,75.27450980392156,94.26470588235294,51.8235294117647,42.44117647058824,94.26470588235294,51.8235294117647,거제여중;여명중;이사벨중,0,0,0,,,,0,3,False,0.0
TRADE_C6D22CFF28A8,1,0,,,,,,,,0,0,0,,,,0,0,False,0.0
TRADE_C6E745AFCB8F,1,7,48.98319327731093,68.26470588235294,19.323529411764707,48.94117647058823,68.26470588235294,19.323529411764707,경남여중;경남중;덕원중;동주여중;부산대신중학교;부산여중;선화여중,0,0,0,,,,0,7,False,0.0
TRADE_C7005769B82C,1,3,53.72549019607843,58.67647058823528,45.20588235294118,13.470588235294102,58.67647058823528,45.20588235294118,동평여중;동평중;부산진중,0,0,0,,,,0,3,False,0.0
TRADE_C70F7700B36D,1,2,73.89705882352942,82.26470588235294,65.52941176470588,16.735294117647058,82.26470588235294,65.52941176470588,금정중;남산중,0,0,0,,,,0,2,False,0.0
TRADE_C717EAFFC1B4,1,9,54.25816993464051,76.79411764705881,34.82352941176471,41.9705882352941,76.79411764705881,34.82352941176471,경남중;당리중;동주여중;부산대신중학교;부산여중;부산중앙여자중학교;사하중;삼성중;장평중,0,0,0,,,,0,9,False,0.0
TRADE_C71C02E4C143,1,3,61.88235294117647,88.5,45.44117647058823,43.05882352941177,88.5,45.44117647058823,동현중;부곡여자중;장전중,0,0,0,,,,0,3,False,0.0
TRADE_C72B609EF475,1,4,53.57352941176471,73.52941176470588,40.02941176470588,33.50000000000001,73.52941176470588,40.02941176470588,광안중;동아중;부산수영중;한바다중,0,0,0,,,,0,4,False,0.0
TRADE_C77F2F0EA97C,1,3,48.96078431372549,56.970588235294116,40.44117647058824,16.529411764705877,56.970588235294116,40.44117647058824,영도제일중;태종대중;해동중,0,0,0,,,,0,3,False,0.0
TRADE_C7966341962E,1,2,75.11764705882354,84.70588235294117,65.52941176470588,19.17647058823529,84.70588235294117,65.52941176470588,구서여중;남산중,0,0,0,,,,0,2,False,0.0
TRADE_C79B232FA9DE,1,9,52.36601307189542,69.70588235294117,34.82352941176471,34.882352941176464,69.70588235294117,34.82352941176471,건국중;경남중;당리중;동주여중;부산대신중학교;부산여중;부산중앙여자중학교;사하중;장평중,0,0,0,,,,0,9,False,0.0
TRADE_C79CA50709F9,1,3,32.31372549019608,41.76470588235294,18.176470588235293,23.58823529411765,41.76470588235294,18.176470588235293,다대중;다송중;두송중,0,0,0,,,,0,3,False,0.0
TRADE_C7A0AF9864DE,1,3,51.127450980392155,83.17647058823529,35.02941176470588,48.14705882352941,83.17647058823529,35.02941176470588,남도여중;부산남중;부산영선중학교,0,0,0,,,,0,3,False,0.0
TRADE_C7A842155DCE,1,3,48.30392156862746,98.91176470588236,18.88235294117647,80.02941176470588,98.91176470588236,18.88235294117647,센텀중;재송여자중;재송중,0,0,0,,,,0,3,False,0.0
TRADE_C7D6A01FCD3D,1,2,38.705882352941174,54.11764705882353,23.294117647058822,30.823529411764707,54.11764705882353,23.294117647058822,동주중;주례여중,0,0,0,,,,0,2,False,0.0
TRADE_C7DC15AF59E8,1,3,56.0,68.35294117647058,43.970588235294116,24.382352941176464,68.35294117647058,43.970588235294116,금명중;명진중;화신중,0,0,0,,,,0,3,False,0.0
TRADE_C7DDCF6EA769,1,5,45.14705882352941,58.82352941176471,30.617647058823533,28.205882352941178,58.82352941176471,30.617647058823533,망미중;연산중;연제중;연천중;토현중,0,0,0,,,,0,5,False,0.0
TRADE_C7E6E02149A4,1,3,32.509803921568626,43.470588235294116,21.14705882352941,22.323529411764707,43.470588235294116,21.14705882352941,개금여중;개림중;부산개성중,0,0,0,,,,0,3,False,0.0
TRADE_C7EBE3DECA09,1,5,52.54117647058823,77.23529411764707,34.82352941176471,42.41176470588236,77.23529411764707,34.82352941176471,경남중;부산대신중학교;부산여중;부산중앙여자중학교;초장중,0,0,0,,,,0,5,False,0.0
TRADE_C80E96ACFCBA,1,6,49.4264705882353,77.23529411764707,34.82352941176471,42.41176470588236,77.23529411764707,34.82352941176471,경남중;대신여중;부산여중;부산중앙여자중학교;송도중;초장중,0,0,0,,,,0,6,False,0.0
TRADE_C8272DB19113,1,1,15.705882352941176,15.705882352941176,15.705882352941176,0.0,15.705882352941176,15.705882352941176,덕천중,1,1,1,덕천중,15.705882352941176,15.705882352941176,0,1,False,0.15705882352941175
TRADE_C82733165D5A,1,4,68.85294117647058,78.3529411764706,56.529411764705884,21.82352941176471,78.3529411764706,56.529411764705884,동래중;동해중;부산내성중학교;유락여중,0,0,0,,,,0,4,False,0.0
TRADE_C82F90C4A114,1,3,53.72549019607843,58.67647058823528,45.20588235294118,13.470588235294102,58.67647058823528,45.20588235294118,동평여중;동평중;부산진중,0,0,0,,,,0,3,False,0.0
TRADE_C8590805856B,1,0,,,,,,,,0,0,0,,,,0,0,False,0.0
TRADE_C86D31A529D8,1,5,52.54117647058823,77.23529411764707,34.82352941176471,42.41176470588236,77.23529411764707,34.82352941176471,경남중;부산대신중학교;부산여중;부산중앙여자중학교;초장중,0,0,0,,,,0,5,False,0.0
TRADE_C870420F4FB9,1,5,50.25294117647059,73.52941176470588,36.970588235294116,36.55882352941177,73.52941176470588,36.970588235294116,광안중;동수영중;동아중;부산수영중학교;한바다중,0,0,0,,,,0,5,False,0.0
TRADE_C873222128F0,1,5,50.25294117647059,73.52941176470588,36.970588235294116,36.55882352941177,73.52941176470588,36.970588235294116,광안중;동수영중;동아중;부산수영중학교;한바다중,0,0,0,,,,0,5,False,0.0
TRADE_C88661B34FC5,1,3,82.88235294117648,93.44117647058823,67.5,25.941176470588232,93.44117647058823,67.5,분포중;오륙도중;용호중,0,0,0,,,,0,3,False,0.0
TRADE_C88D8A5B84C5,1,4,83.57352941176471,97.70588235294117,54.23529411764706,43.470588235294116,97.70588235294117,54.23529411764706,동백중;해강중;해운대여중;해운대중,0,0,0,,,,0,4,False,0.0
TRADE_C894DFFD7E2C,1,3,48.568627450980394,64.52941176470588,30.617647058823533,33.91176470588235,64.52941176470588,30.617647058823533,연산중;연일중;연제중,0,0,0,,,,0,3,False,0.0
TRADE_C8AC209252A7,1,4,53.57352941176471,73.52941176470588,40.02941176470588,33.50000000000001,73.52941176470588,40.02941176470588,광안중;동아중;부산수영중;한바다중,0,0,0,,,,0,4,False,0.0
TRADE_C8BF5A7A7013,1,2,11.073529411764707,21.058823529411764,1.0882352941176472,19.970588235294116,21.058823529411764,1.0882352941176472,기장중;대청중,0,0,0,,,,0,2,False,0.0
TRADE_C8C0032D3A57,1,7,48.98319327731093,68.26470588235294,19.323529411764707,48.94117647058823,68.26470588235294,19.323529411764707,경남여중;경남중;덕원중;동주여중;부산대신중학교;부산여중;선화여중,0,0,0,,,,0,7,False,0.0
TRADE_C8D8824E5CC0,1,3,25.8921568627451,40.294117647058826,5.176470588235294,35.11764705882353,40.294117647058826,5.176470588235294,부산중앙중;신정중;정관중,0,0,0,,,,0,3,False,0.0
TRADE_C8E0043CB207,1,3,48.30392156862746,98.91176470588236,18.88235294117647,80.02941176470588,98.91176470588236,18.88235294117647,센텀중;재송여자중;재송중,0,0,0,,,,0,3,False,0.0
TRADE_C904B8A9CCF4,1,1,18.705882352941178,18.705882352941178,18.705882352941178,0.0,18.705882352941178,18.705882352941178,모라중,1,1,1,모라중,18.705882352941178,18.705882352941178,0,1,False,0.18705882352941178
TRADE_C9A7C0F056D2,1,9,52.36601307189542,69.70588235294117,34.82352941176471,34.882352941176464,69.70588235294117,34.82352941176471,건국중;경남중;당리중;동주여중;부산대신중학교;부산여중;부산중앙여자중학교;사하중;장평중,0,0,0,,,,0,9,False,0.0
TRADE_C9B9202D5DF5,1,3,51.127450980392155,83.17647058823529,35.02941176470588,48.14705882352941,83.17647058823529,35.02941176470588,남도여중;부산남중;부산영선중학교,0,0,0,,,,0,3,False,0.0
TRADE_C9C297E4DB3E,1,2,75.11764705882354,84.70588235294117,65.52941176470588,19.17647058823529,84.70588235294117,65.52941176470588,구서여중;남산중,0,0,0,,,,0,2,False,0.0
TRADE_C9C3FFDC8710,1,6,50.35294117647059,77.23529411764707,34.82352941176471,42.41176470588236,77.23529411764707,34.82352941176471,경남중;대신여중;부산대신중학교;부산여중;부산중앙여자중학교;초장중,0,0,0,,,,0,6,False,0.0
TRADE_C9CA9DA81CAA,1,4,44.977941176470594,58.00000000000001,34.82352941176471,23.176470588235297,58.00000000000001,34.82352941176471,경남중;부산여중;부산중앙여자중학교;송도중,0,0,0,,,,0,4,False,0.0
TRADE_C9F5D23B6A03,1,6,52.04901960784314,76.79411764705881,34.82352941176471,41.9705882352941,76.79411764705881,34.82352941176471,감천중;경남중;부산여중;부산중앙여자중학교;삼성중;송도중,0,0,0,,,,0,6,False,0.0
TRADE_CA387CD4485C,1,3,82.88235294117648,93.44117647058823,67.5,25.941176470588232,93.44117647058823,67.5,분포중;오륙도중;용호중,0,0,0,,,,0,3,False,0.0
TRADE_CA70359AD6F8,1,0,,,,,,,,0,0,0,,,,0,0,False,0.0
TRADE_CA726810E01F,1,3,51.127450980392155,83.17647058823529,35.02941176470588,48.14705882352941,83.17647058823529,35.02941176470588,남도여중;부산남중;부산영선중학교,0,0,0,,,,0,3,False,0.0
TRADE_CAE1FE91500A,1,3,42.720588235294116,45.14705882352941,40.294117647058826,4.852941176470587,45.14705882352941,40.294117647058826,문현여중;배정중;부산중앙중,0,0,0,,,,0,2,False,0.0
TRADE_CAEF7B8BCA4E,1,4,60.55882352941177,76.79411764705881,45.05882352941177,31.735294117647044,76.79411764705881,45.05882352941177,감천중;동주여중;삼성중;장평중,0,0,0,,,,0,4,False,0.0
TRADE_CB052E560F0A,1,3,45.45098039215686,73.88235294117646,21.999999999999996,51.882352941176464,73.88235294117646,21.999999999999996,동의중;부산진여중;양동여중,0,0,0,,,,0,3,False,0.0
TRADE_CB12FDB304AE,1,2,40.58823529411765,50.55882352941177,30.617647058823533,19.941176470588236,50.55882352941177,30.617647058823533,연산중;연제중,0,0,0,,,,0,2,False,0.0
TRADE_CB2BDF8E1D25,1,6,45.35294117647059,58.00000000000001,34.82352941176471,23.176470588235297,58.00000000000001,34.82352941176471,경남중;대신여중;덕원중;부산대신중학교;부산여중;부산중앙여자중학교,0,0,0,,,,0,6,False,0.0
TRADE_CB4582776187,1,2,71.23529411764707,76.91176470588236,65.55882352941177,11.352941176470594,76.91176470588236,65.55882352941177,용수중;화명중,0,0,0,,,,0,2,False,0.0
TRADE_CB483EEB6F58,1,3,32.509803921568626,43.470588235294116,21.14705882352941,22.323529411764707,43.470588235294116,21.14705882352941,개금여중;개림중;부산개성중,0,0,0,,,,0,3,False,0.0
TRADE_CB4BD0840A17,1,2,73.89705882352942,82.26470588235294,65.52941176470588,16.735294117647058,82.26470588235294,65.52941176470588,금정중;남산중,0,0,0,,,,0,2,False,0.0
TRADE_CB5E18DE35A8,1,4,45.669117647058826,58.00000000000001,34.82352941176471,23.176470588235297,58.00000000000001,34.82352941176471,경남중;대신여중;부산대신중학교;부산여중,0,0,0,,,,0,4,False,0.0
TRADE_CB6E8F30BAA0,1,4,61.13970588235294,69.70588235294117,46.5,23.205882352941174,69.70588235294117,46.5,건국중;당리중;사하중;하단중,0,0,0,,,,0,4,False,0.0
TRADE_CB7E2C13EEF5,1,1,32.647058823529406,32.647058823529406,32.647058823529406,0.0,32.647058823529406,32.647058823529406,주례중,1,1,1,주례중,32.647058823529406,32.647058823529406,0,1,False,0.32647058823529407
TRADE_CB8FDF169D8B,1,5,66.6,87.20588235294116,43.970588235294116,43.235294117647044,87.20588235294116,43.970588235294116,남천중;대천중;동아중;부산수영중;한바다중,0,0,0,,,,0,5,False,0.0
TRADE_CB990550D60B,1,3,38.0,54.82352941176472,15.705882352941178,39.117647058823536,54.82352941176472,15.705882352941178,가야여중;부산개성중;서면중,0,0,0,,,,0,3,False,0.0
TRADE_CB9AD7A33475,1,4,83.57352941176471,97.70588235294117,54.23529411764706,43.470588235294116,97.70588235294117,54.23529411764706,동백중;해강중;해운대여중;해운대중,0,0,0,,,,0,4,False,0.0
TRADE_CBCE519679E3,1,3,42.75490196078431,58.67647058823528,24.205882352941178,34.4705882352941,58.67647058823528,24.205882352941178,부산진중;초연중;초읍중,0,0,0,,,,0,3,False,0.0
TRADE_CBF1B76E8910,1,4,83.57352941176471,97.70588235294117,54.23529411764706,43.470588235294116,97.70588235294117,54.23529411764706,동백중;해강중;해운대여중;해운대중,0,0,0,,,,0,4,False,0.0
TRADE_CBFF4CB3DD16,1,4,42.63970588235294,56.55882352941176,15.705882352941178,40.85294117647058,56.55882352941176,15.705882352941178,가야여중;광무여중;부산개성중;서면중,0,0,0,,,,0,4,False,0.0
TRADE_CC0568DCA906,1,0,,,,,,,,0,0,0,,,,0,0,False,0.0
TRADE_CC1F2B2085FE,1,5,66.6,87.20588235294116,43.970588235294116,43.235294117647044,87.20588235294116,43.970588235294116,남천중;대천중;동아중;부산수영중;한바다중,0,0,0,,,,0,5,False,0.0
TRADE_CC442C5DF4A2,1,3,37.5,68.26470588235294,19.323529411764707,48.94117647058823,68.26470588235294,19.323529411764707,경남여중;부산중;선화여중,0,0,0,,,,0,3,False,0.0
TRADE_CC55784B7CC5,1,4,61.13970588235294,69.70588235294117,46.5,23.205882352941174,69.70588235294117,46.5,건국중;당리중;사하중;하단중,0,0,0,,,,0,4,False,0.0
TRADE_CC69CC27ABEA,1,3,24.1078431372549,35.588235294117645,18.147058823529413,17.441176470588232,35.588235294117645,18.147058823529413,가람중;구남중;구포중,0,0,0,,,,0,3,False,0.0
TRADE_CC75FB4C9610,1,7,48.98319327731093,68.26470588235294,19.323529411764707,48.94117647058823,68.26470588235294,19.323529411764707,경남여중;경남중;덕원중;동주여중;부산대신중학교;부산여중;선화여중,0,0,0,,,,0,7,False,0.0
TRADE_CCB98F18E782,1,3,48.568627450980394,64.52941176470588,30.617647058823533,33.91176470588235,64.52941176470588,30.617647058823533,연산중;연일중;연제중,0,0,0,,,,0,3,False,0.0
TRADE_CD00CFA4C3D9,1,5,50.25294117647059,73.52941176470588,36.970588235294116,36.55882352941177,73.52941176470588,36.970588235294116,광안중;동수영중;동아중;부산수영중학교;한바다중,0,0,0,,,,0,5,False,0.0
TRADE_CD082B303F35,1,5,52.54117647058823,77.23529411764707,34.82352941176471,42.41176470588236,77.23529411764707,34.82352941176471,경남중;부산대신중학교;부산여중;부산중앙여자중학교;초장중,0,0,0,,,,0,5,False,0.0
TRADE_CD10342DB464,1,3,42.75490196078431,58.67647058823528,24.205882352941178,34.4705882352941,58.67647058823528,24.205882352941178,부산진중;초연중;초읍중,0,0,0,,,,0,3,False,0.0
TRADE_CD155D5B7E58,1,3,37.794117647058826,48.5,27.088235294117645,21.411764705882355,48.5,27.088235294117645,금성중;부산동여중;부산서중,0,0,0,,,,0,2,False,0.0
TRADE_CD1EF44D64B8,1,3,37.5,68.26470588235294,19.323529411764707,48.94117647058823,68.26470588235294,19.323529411764707,경남여중;부산중;선화여중,0,0,0,,,,0,3,False,0.0
TRADE_CD2A46D77FF2,1,4,53.57352941176471,73.52941176470588,40.02941176470588,33.50000000000001,73.52941176470588,40.02941176470588,광안중;동아중;부산수영중;한바다중,0,0,0,,,,0,4,False,0.0
TRADE_CD2CC3E67A4E,1,3,34.29411764705882,40.23529411764706,22.882352941176467,17.35294117647059,40.23529411764706,22.882352941176467,대연중;석포여중;해연중,0,0,0,,,,0,3,False,0.0
TRADE_CD32DDA06339,1,3,34.29411764705882,40.23529411764706,22.882352941176467,17.35294117647059,40.23529411764706,22.882352941176467,대연중;석포여중;해연중,0,0,0,,,,0,3,False,0.0
TRADE_CD488B479BFA,1,6,49.4264705882353,77.23529411764707,34.82352941176471,42.41176470588236,77.23529411764707,34.82352941176471,경남중;대신여중;부산여중;부산중앙여자중학교;송도중;초장중,0,0,0,,,,0,6,False,0.0
TRADE_CD5311EFB1CE,1,2,71.04411764705883,78.3529411764706,63.73529411764706,14.617647058823536,78.3529411764706,63.73529411764706,동래중;유락여자중,0,0,0,,,,0,2,False,0.0
TRADE_CD5A97EEFAD7,1,3,59.529411764705884,78.3529411764706,36.50000000000001,41.85294117647059,78.3529411764706,36.50000000000001,동래중;온천중;유락여중,0,0,0,,,,0,3,False,0.0
TRADE_CD658B1C21CD,1,4,61.13970588235294,69.70588235294117,46.5,23.205882352941174,69.70588235294117,46.5,건국중;당리중;사하중;하단중,0,0,0,,,,0,4,False,0.0
TRADE_CD6F7F27EECD,1,6,54.509803921568626,76.79411764705881,34.82352941176471,41.9705882352941,76.79411764705881,34.82352941176471,경남중;동주여중;부산대신중학교;부산여중;부산중앙여자중학교;삼성중,0,0,0,,,,0,6,False,0.0
TRADE_CD71CE11785D,1,3,65.62745098039215,80.5,36.50000000000001,43.99999999999999,80.5,36.50000000000001,사직여중;사직중;온천중,0,0,0,,,,0,3,False,0.0
TRADE_CD76DEEC66F3,1,3,79.57843137254902,88.5,65.52941176470588,22.970588235294116,88.5,65.52941176470588,구서여중;남산중;장전중,0,0,0,,,,0,3,False,0.0
TRADE_CD79016F2583,1,4,49.5,73.88235294117646,21.999999999999996,51.882352941176464,73.88235294117646,21.999999999999996,덕명여중;동의중;부산진여중;항도중,0,0,0,,,,0,4,False,0.0
TRADE_CD7A72EBE172,1,3,48.96078431372549,56.970588235294116,40.44117647058824,16.529411764705877,56.970588235294116,40.44117647058824,영도제일중;태종대중;해동중,0,0,0,,,,0,3,False,0.0
TRADE_CDA05D79ED89,1,3,56.68627450980392,58.67647058823528,54.82352941176472,3.8529411764705657,58.67647058823528,54.82352941176472,광무여중;부산진중;서면중,0,0,0,,,,0,3,False,0.0
TRADE_CDB86710ECC4,1,1,15.705882352941176,15.705882352941176,15.705882352941176,0.0,15.705882352941176,15.705882352941176,덕천중,1,1,1,덕천중,15.705882352941176,15.705882352941176,0,1,False,0.15705882352941175
TRADE_CDC67B7AC951,1,3,45.45098039215686,73.88235294117646,21.999999999999996,51.882352941176464,73.88235294117646,21.999999999999996,동의중;부산진여중;양동여중,0,0,0,,,,0,3,False,0.0
TRADE_CDDEDCB87D44,1,4,42.63970588235294,56.55882352941176,15.705882352941178,40.85294117647058,56.55882352941176,15.705882352941178,가야여중;광무여중;부산개성중;서면중,0,0,0,,,,0,4,False,0.0
TRADE_CDDF02EDD886,1,3,28.725490196078436,44.0,18.705882352941178,25.294117647058822,44.0,18.705882352941178,덕포여중;모라중;신라중,0,0,0,,,,0,3,False,0.0
TRADE_CDEE45B4F683,1,2,11.073529411764707,21.058823529411764,1.0882352941176472,19.970588235294116,21.058823529411764,1.0882352941176472,기장중;대청중,0,0,0,,,,0,2,False,0.0
TRADE_CE0B2D6F74E5,1,1,45.647058823529406,45.647058823529406,45.647058823529406,0.0,45.647058823529406,45.647058823529406,신호중,1,1,1,신호중,45.647058823529406,45.647058823529406,0,1,False,0.4564705882352941
TRADE_CE226C998B51,1,3,42.75490196078431,58.67647058823528,24.205882352941178,34.4705882352941,58.67647058823528,24.205882352941178,부산진중;초연중;초읍중,0,0,0,,,,0,3,False,0.0
TRADE_CE3B62917378,1,3,82.88235294117648,93.44117647058823,67.5,25.941176470588232,93.44117647058823,67.5,분포중;오륙도중;용호중,0,0,0,,,,0,3,False,0.0
TRADE_CE41C526E97B,1,4,72.78676470588235,94.26470588235294,36.50000000000001,57.764705882352935,94.26470588235294,36.50000000000001,사직여중;사직중;여명중;온천중,0,0,0,,,,0,4,False,0.0
TRADE_CEAA108C03CB,1,4,42.63970588235294,56.55882352941176,15.705882352941178,40.85294117647058,56.55882352941176,15.705882352941178,가야여중;광무여중;부산개성중;서면중,0,0,0,,,,0,4,False,0.0
TRADE_CEDC5BEDBD18,1,3,65.62745098039215,80.5,36.50000000000001,43.99999999999999,80.5,36.50000000000001,사직여중;사직중;온천중,0,0,0,,,,0,3,False,0.0
TRADE_CEEA98BA24C0,1,4,61.13970588235294,69.70588235294117,46.5,23.205882352941174,69.70588235294117,46.5,건국중;당리중;사하중;하단중,0,0,0,,,,0,4,False,0.0
TRADE_CF19AF7B9F68,1,3,48.568627450980394,64.52941176470588,30.617647058823533,33.91176470588235,64.52941176470588,30.617647058823533,연산중;연일중;연제중,0,0,0,,,,0,3,False,0.0
TRADE_CF2C5194F1D6,1,2,11.073529411764707,21.058823529411764,1.0882352941176472,19.970588235294116,21.058823529411764,1.0882352941176472,기장중;대청중,0,0,0,,,,0,2,False,0.0
TRADE_CF4166BB2257,1,3,32.509803921568626,43.470588235294116,21.14705882352941,22.323529411764707,43.470588235294116,21.14705882352941,개금여중;개림중;부산개성중,0,0,0,,,,0,3,False,0.0
TRADE_CF5E3663A9BB,1,3,41.931372549019606,44.85294117647059,36.970588235294116,7.882352941176471,44.85294117647059,36.970588235294116,동수영중;망미중;부산수영중학교,0,0,0,,,,0,3,False,0.0
TRADE_CF8273298531,1,3,59.529411764705884,78.3529411764706,36.50000000000001,41.85294117647059,78.3529411764706,36.50000000000001,동래중;온천중;유락여중,0,0,0,,,,0,3,False,0.0
TRADE_CFA90E09DFF9,1,3,68.95098039215686,78.3529411764706,51.70588235294118,26.647058823529413,78.3529411764706,51.70588235294118,동래중;동해중;부곡여중,0,0,0,,,,0,3,False,0.0
TRADE_CFBF83E59150,1,3,66.3235294117647,87.20588235294116,40.23529411764706,46.9705882352941,87.20588235294116,40.23529411764706,남천중;대연중;대천중,0,0,0,,,,0,3,False,0.0
TRADE_CFFCB937494E,1,4,61.13970588235294,69.70588235294117,46.5,23.205882352941174,69.70588235294117,46.5,건국중;당리중;사하중;하단중,0,0,0,,,,0,4,False,0.0
TRADE_D03283A19BED,1,3,48.568627450980394,64.52941176470588,30.617647058823533,33.91176470588235,64.52941176470588,30.617647058823533,연산중;연일중;연제중,0,0,0,,,,0,3,False,0.0
TRADE_D03A0E31F1FC,1,4,72.78676470588235,94.26470588235294,36.50000000000001,57.764705882352935,94.26470588235294,36.50000000000001,사직여중;사직중;여명중;온천중,0,0,0,,,,0,4,False,0.0
TRADE_D03D2F3E3023,1,6,49.4264705882353,77.23529411764707,34.82352941176471,42.41176470588236,77.23529411764707,34.82352941176471,경남중;대신여중;부산여중;부산중앙여자중학교;송도중;초장중,0,0,0,,,,0,6,False,0.0
TRADE_D06A8097B20D,1,0,,,,,,,,0,0,0,,,,0,0,False,0.0
TRADE_D078CBCF25A4,1,2,75.11764705882354,84.70588235294117,65.52941176470588,19.17647058823529,84.70588235294117,65.52941176470588,구서여중;남산중,0,0,0,,,,0,2,False,0.0
TRADE_D0923CBA55F2,1,3,51.127450980392155,83.17647058823529,35.02941176470588,48.14705882352941,83.17647058823529,35.02941176470588,남도여중;부산남중;부산영선중학교,0,0,0,,,,0,3,False,0.0
TRADE_D097FDA30E4C,1,0,,,,,,,,0,0,0,,,,0,0,False,0.0
TRADE_D0BD69BD3B96,1,5,66.6,87.20588235294116,43.970588235294116,43.235294117647044,87.20588235294116,43.970588235294116,남천중;대천중;동아중;부산수영중;한바다중,0,0,0,,,,0,5,False,0.0
TRADE_D0C945A6846B,1,3,37.5,68.26470588235294,19.323529411764707,48.94117647058823,68.26470588235294,19.323529411764707,경남여중;부산중;선화여중,0,0,0,,,,0,3,False,0.0
TRADE_D0CA622757D1,1,3,48.568627450980394,64.52941176470588,30.617647058823533,33.91176470588235,64.52941176470588,30.617647058823533,연산중;연일중;연제중,0,0,0,,,,0,3,False,0.0
TRADE_D0D9602EF7FD,1,1,45.647058823529406,45.647058823529406,45.647058823529406,0.0,45.647058823529406,45.647058823529406,신호중,1,1,1,신호중,45.647058823529406,45.647058823529406,0,1,False,0.4564705882352941
TRADE_D0E637AD00FA,1,3,38.0,54.82352941176472,15.705882352941178,39.117647058823536,54.82352941176472,15.705882352941178,가야여중;부산개성중;서면중,0,0,0,,,,0,3,False,0.0
TRADE_D15B59806449,1,3,34.29411764705882,40.23529411764706,22.882352941176467,17.35294117647059,40.23529411764706,22.882352941176467,대연중;석포여중;해연중,0,0,0,,,,0,3,False,0.0
TRADE_D1696300FB6A,1,3,55.568627450980394,69.55882352941177,45.44117647058823,24.117647058823536,69.55882352941177,45.44117647058823,동현중;부곡여자중;부곡중,0,0,0,,,,0,3,False,0.0
TRADE_D186A640CD65,1,6,49.4264705882353,77.23529411764707,34.82352941176471,42.41176470588236,77.23529411764707,34.82352941176471,경남중;대신여중;부산여중;부산중앙여자중학교;송도중;초장중,0,0,0,,,,0,6,False,0.0
TRADE_D19DB75A6B0D,1,3,72.96078431372548,78.3529411764706,63.73529411764706,14.617647058823536,78.3529411764706,63.73529411764706,동래중;동해중;유락여중,0,0,0,,,,0,3,False,0.0
TRADE_D1AB6D863B4B,1,5,50.25294117647059,73.52941176470588,36.970588235294116,36.55882352941177,73.52941176470588,36.970588235294116,광안중;동수영중;동아중;부산수영중학교;한바다중,0,0,0,,,,0,5,False,0.0
TRADE_D1AF6434753D,1,3,48.30392156862746,98.91176470588236,18.88235294117647,80.02941176470588,98.91176470588236,18.88235294117647,센텀중;재송여자중;재송중,0,0,0,,,,0,3,False,0.0
TRADE_D1B64FC5111F,1,0,,,,,,,,0,0,0,,,,0,0,False,0.0
TRADE_D1C5E7B79BDB,1,2,40.58823529411765,50.55882352941177,30.617647058823533,19.941176470588236,50.55882352941177,30.617647058823533,연산중;연제중,0,0,0,,,,0,2,False,0.0
TRADE_D1FD5CC2C826,1,4,61.13970588235294,69.70588235294117,46.5,23.205882352941174,69.70588235294117,46.5,건국중;당리중;사하중;하단중,0,0,0,,,,0,4,False,0.0
TRADE_D222098E3BE2,1,3,75.27450980392156,94.26470588235294,51.8235294117647,42.44117647058824,94.26470588235294,51.8235294117647,거제여중;여명중;이사벨중,0,0,0,,,,0,3,False,0.0
TRADE_D2255023CCEC,1,4,61.13970588235294,69.70588235294117,46.5,23.205882352941174,69.70588235294117,46.5,건국중;당리중;사하중;하단중,0,0,0,,,,0,4,False,0.0
TRADE_D243E0121846,1,3,34.29411764705882,40.23529411764706,22.882352941176467,17.35294117647059,40.23529411764706,22.882352941176467,대연중;석포여중;해연중,0,0,0,,,,0,3,False,0.0
TRADE_D26B1B0E021B,1,4,83.57352941176471,97.70588235294117,54.23529411764706,43.470588235294116,97.70588235294117,54.23529411764706,동백중;해강중;해운대여중;해운대중,0,0,0,,,,0,4,False,0.0
TRADE_D2B572C94FF3,1,3,48.568627450980394,64.52941176470588,30.617647058823533,33.91176470588235,64.52941176470588,30.617647058823533,연산중;연일중;연제중,0,0,0,,,,0,3,False,0.0
TRADE_D2D45EB38A33,1,2,11.073529411764707,21.058823529411764,1.0882352941176472,19.970588235294116,21.058823529411764,1.0882352941176472,기장중;대청중,0,0,0,,,,0,2,False,0.0
TRADE_D2D79D55DA7B,1,5,50.25294117647059,73.52941176470588,36.970588235294116,36.55882352941177,73.52941176470588,36.970588235294116,광안중;동수영중;동아중;부산수영중학교;한바다중,0,0,0,,,,0,5,False,0.0
TRADE_D2EB5168F49D,1,1,15.705882352941176,15.705882352941176,15.705882352941176,0.0,15.705882352941176,15.705882352941176,덕천중,1,1,1,덕천중,15.705882352941176,15.705882352941176,0,1,False,0.15705882352941175
TRADE_D2EB57F8A20B,1,3,37.794117647058826,48.5,27.088235294117645,21.411764705882355,48.5,27.088235294117645,금성중;부산동여중;부산서중,0,0,0,,,,0,2,False,0.0
TRADE_D32C3B79AA82,1,4,25.022058823529413,40.294117647058826,8.088235294117647,32.20588235294118,40.294117647058826,8.088235294117647,모전중;부산중앙중;장안중;정관중,0,0,0,,,,0,4,False,0.0
TRADE_D33FBA04355E,1,0,,,,,,,,0,0,0,,,,0,0,False,0.0
TRADE_D340FAD9B7C4,1,3,66.3235294117647,87.20588235294116,40.23529411764706,46.9705882352941,87.20588235294116,40.23529411764706,남천중;대연중;대천중,0,0,0,,,,0,3,False,0.0
TRADE_D35AF0588781,1,3,79.57843137254902,88.5,65.52941176470588,22.970588235294116,88.5,65.52941176470588,구서여중;남산중;장전중,0,0,0,,,,0,3,False,0.0
TRADE_D378F4D56B77,1,5,41.476470588235294,71.8529411764706,26.294117647058822,45.55882352941177,71.8529411764706,26.294117647058822,동신중;안락중;충렬중;학산여자중;혜화여자중,0,0,0,,,,0,5,False,0.0
TRADE_D3C269C98075,1,5,52.54117647058823,77.23529411764707,34.82352941176471,42.41176470588236,77.23529411764707,34.82352941176471,경남중;부산대신중학교;부산여중;부산중앙여자중학교;초장중,0,0,0,,,,0,5,False,0.0
TRADE_D3EB796C0045,1,3,75.27450980392156,94.26470588235294,51.8235294117647,42.44117647058824,94.26470588235294,51.8235294117647,거제여자중;여명중;이사벨중,0,0,0,,,,0,3,False,0.0
TRADE_D3F588FF4839,1,0,,,,,,,,0,0,0,,,,0,0,False,0.0
TRADE_D45AFDC1AEB9,1,3,58.08823529411765,73.52941176470588,43.970588235294116,29.558823529411768,73.52941176470588,43.970588235294116,동아중;부산수영중학교;한바다중,0,0,0,,,,0,3,False,0.0
TRADE_D46C1F3EB53F,1,3,82.88235294117648,93.44117647058823,67.5,25.941176470588232,93.44117647058823,67.5,분포중;오륙도중;용호중,0,0,0,,,,0,3,False,0.0
TRADE_D4A8D6AEBF76,1,3,48.568627450980394,64.52941176470588,30.617647058823533,33.91176470588235,64.52941176470588,30.617647058823533,연산중;연일중;연제중,0,0,0,,,,0,3,False,0.0
TRADE_D4BE30996930,1,6,49.4264705882353,77.23529411764707,34.82352941176471,42.41176470588236,77.23529411764707,34.82352941176471,경남중;대신여중;부산여중;부산중앙여자중학교;송도중;초장중,0,0,0,,,,0,6,False,0.0
TRADE_D4F395C4A923,1,5,52.54117647058823,77.23529411764707,34.82352941176471,42.41176470588236,77.23529411764707,34.82352941176471,경남중;부산대신중학교;부산여중;부산중앙여자중학교;초장중,0,0,0,,,,0,5,False,0.0
TRADE_D51A59BB7C5C,1,4,34.29411764705882,40.23529411764706,22.882352941176467,17.35294117647059,40.23529411764706,22.882352941176467,대연중;배정중;석포여중;해연중,0,0,0,,,,0,3,False,0.0
TRADE_D5652CFE5CFF,1,4,53.57352941176471,73.52941176470588,40.02941176470588,33.50000000000001,73.52941176470588,40.02941176470588,광안중;동아중;부산수영중;한바다중,0,0,0,,,,0,4,False,0.0
TRADE_D573FCA62FCD,1,3,43.455882352941174,47.147058823529406,39.76470588235294,7.382352941176464,47.147058823529406,39.76470588235294,감만중;배정중;석포여중,0,0,0,,,,0,2,False,0.0
TRADE_D576478B7FB5,1,3,42.75490196078431,58.67647058823528,24.205882352941178,34.4705882352941,58.67647058823528,24.205882352941178,부산진중;초연중;초읍중,0,0,0,,,,0,3,False,0.0
TRADE_D57B625E54DA,1,4,68.85294117647058,78.3529411764706,56.529411764705884,21.82352941176471,78.3529411764706,56.529411764705884,동래중;동해중;부산내성중학교;유락여중,0,0,0,,,,0,4,False,0.0
TRADE_D57F6C36F3B8,1,3,48.96078431372549,56.970588235294116,40.44117647058824,16.529411764705877,56.970588235294116,40.44117647058824,영도제일중;태종대중;해동중,0,0,0,,,,0,3,False,0.0
TRADE_D581DB70D3CE,1,3,48.568627450980394,64.52941176470588,30.617647058823533,33.91176470588235,64.52941176470588,30.617647058823533,연산중;연일중;연제중,0,0,0,,,,0,3,False,0.0
TRADE_D58416AEAF80,1,3,34.29411764705882,40.23529411764706,22.882352941176467,17.35294117647059,40.23529411764706,22.882352941176467,대연중;석포여중;해연중,0,0,0,,,,0,3,False,0.0
TRADE_D5927C5D7BEE,1,3,79.57843137254902,88.5,65.52941176470588,22.970588235294116,88.5,65.52941176470588,구서여중;남산중;장전중,0,0,0,,,,0,3,False,0.0
TRADE_D5A41E16C4B9,1,4,44.867647058823536,58.00000000000001,34.82352941176471,23.176470588235297,58.00000000000001,34.82352941176471,경남중;대신여중;덕원중;부산여중,0,0,0,,,,0,4,False,0.0
TRADE_D5B0BC4A3FF2,1,4,72.78676470588235,94.26470588235294,36.50000000000001,57.764705882352935,94.26470588235294,36.50000000000001,사직여중;사직중;여명중;온천중,0,0,0,,,,0,4,False,0.0
TRADE_D5B467050982,1,4,38.25,53.91176470588235,23.61764705882353,30.29411764705882,53.91176470588235,23.61764705882353,대동중;영남중;장림여중;장평중,0,0,0,,,,0,4,False,0.0
TRADE_D5B9695A6AFA,1,6,54.509803921568626,76.79411764705881,34.82352941176471,41.9705882352941,76.79411764705881,34.82352941176471,경남중;동주여중;부산대신중학교;부산여중;부산중앙여자중학교;삼성중,0,0,0,,,,0,6,False,0.0
TRADE_D5D628FC215D,1,3,47.372549019607845,62.52941176470588,21.999999999999996,40.529411764705884,62.52941176470588,21.999999999999996,덕명여중;부산동중;부산진여중,0,0,0,,,,0,3,False,0.0
TRADE_D5DD5B558583,1,2,75.11764705882354,84.70588235294117,65.52941176470588,19.17647058823529,84.70588235294117,65.52941176470588,구서여중;남산중,0,0,0,,,,0,2,False,0.0
TRADE_D5E119E8F369,1,2,71.04411764705883,78.3529411764706,63.73529411764706,14.617647058823536,78.3529411764706,63.73529411764706,동래중;유락여자중,0,0,0,,,,0,2,False,0.0
TRADE_D5E5B05AB857,1,1,45.647058823529406,45.647058823529406,45.647058823529406,0.0,45.647058823529406,45.647058823529406,신호중,1,1,1,신호중,45.647058823529406,45.647058823529406,0,1,False,0.4564705882352941
TRADE_D5E9B9A71F2C,1,3,65.62745098039215,80.5,36.50000000000001,43.99999999999999,80.5,36.50000000000001,사직여중;사직중;온천중,0,0,0,,,,0,3,False,0.0
TRADE_D5EF2B385B51,1,4,60.55882352941177,76.79411764705881,45.05882352941177,31.735294117647044,76.79411764705881,45.05882352941177,감천중;동주여중;삼성중;장평중,0,0,0,,,,0,4,False,0.0
TRADE_D60516D065D2,1,3,51.127450980392155,83.17647058823529,35.02941176470588,48.14705882352941,83.17647058823529,35.02941176470588,남도여중;부산남중;부산영선중학교,0,0,0,,,,0,3,False,0.0
TRADE_D611C9FE284D,1,1,45.647058823529406,45.647058823529406,45.647058823529406,0.0,45.647058823529406,45.647058823529406,신호중,1,1,1,신호중,45.647058823529406,45.647058823529406,0,1,False,0.4564705882352941
TRADE_D629DC54FCFA,1,5,50.25294117647059,73.52941176470588,36.970588235294116,36.55882352941177,73.52941176470588,36.970588235294116,광안중;동수영중;동아중;부산수영중학교;한바다중,0,0,0,,,,0,5,False,0.0
TRADE_D63E0756127C,1,5,66.6,87.20588235294116,43.970588235294116,43.235294117647044,87.20588235294116,43.970588235294116,남천중;대천중;동아중;부산수영중;한바다중,0,0,0,,,,0,5,False,0.0
TRADE_D6495F91ED15,1,2,11.073529411764707,21.058823529411764,1.0882352941176472,19.970588235294116,21.058823529411764,1.0882352941176472,기장중;대청중,0,0,0,,,,0,2,False,0.0
TRADE_D6649A180D34,1,1,45.647058823529406,45.647058823529406,45.647058823529406,0.0,45.647058823529406,45.647058823529406,신호중,1,1,1,신호중,45.647058823529406,45.647058823529406,0,1,False,0.4564705882352941
TRADE_D66BFBBD8E1B,1,3,59.529411764705884,78.3529411764706,36.50000000000001,41.85294117647059,78.3529411764706,36.50000000000001,동래중;온천중;유락여중,0,0,0,,,,0,3,False,0.0
TRADE_D68214AD87E4,1,0,,,,,,,,0,0,0,,,,0,0,False,0.0
TRADE_D69C291481D1,1,3,37.794117647058826,48.5,27.088235294117645,21.411764705882355,48.5,27.088235294117645,금성중;부산동여중;부산서중,0,0,0,,,,0,2,False,0.0
TRADE_D6A68F464214,1,0,,,,,,,,0,0,0,,,,0,0,False,0.0
TRADE_D6A7CD60822E,1,2,11.073529411764707,21.058823529411764,1.0882352941176472,19.970588235294116,21.058823529411764,1.0882352941176472,기장중;대청중,0,0,0,,,,0,2,False,0.0
TRADE_D6D18F551CAB,1,0,,,,,,,,0,0,0,,,,0,0,False,0.0
TRADE_D6E98E6A8BB2,1,5,50.25294117647059,73.52941176470588,36.970588235294116,36.55882352941177,73.52941176470588,36.970588235294116,광안중;동수영중;동아중;부산수영중학교;한바다중,0,0,0,,,,0,5,False,0.0
TRADE_D6EE4E522ACD,1,3,23.774509803921564,27.088235294117645,19.323529411764707,7.7647058823529385,27.088235294117645,19.323529411764707,경남여중;부산서중;부산중,0,0,0,,,,0,3,False,0.0
TRADE_D6F25C183DEF,1,3,41.931372549019606,44.85294117647059,36.970588235294116,7.882352941176471,44.85294117647059,36.970588235294116,동수영중;망미중;부산수영중학교,0,0,0,,,,0,3,False,0.0
TRADE_D6FA35BA9049,1,0,,,,,,,,0,0,0,,,,0,0,False,0.0
TRADE_D72B17ED7013,1,4,44.61764705882353,57.294117647058826,21.14705882352941,36.14705882352942,57.294117647058826,21.14705882352941,개림중;동평여중;동평중;서면중,0,0,0,,,,0,4,False,0.0
TRADE_D7337A5F4355,1,3,55.568627450980394,69.55882352941177,45.44117647058823,24.117647058823536,69.55882352941177,45.44117647058823,동현중;부곡여자중;부곡중,0,0,0,,,,0,3,False,0.0
TRADE_D73D51B316D2,1,3,48.17647058823528,58.67647058823528,40.470588235294116,18.205882352941167,58.67647058823528,40.470588235294116,부산진중;양동여중;초연중,0,0,0,,,,0,3,False,0.0
TRADE_D74D594C9797,1,3,45.45098039215686,73.88235294117646,21.999999999999996,51.882352941176464,73.88235294117646,21.999999999999996,동의중;부산진여중;양동여중,0,0,0,,,,0,3,False,0.0
TRADE_D75C48617108,1,2,73.89705882352942,82.26470588235294,65.52941176470588,16.735294117647058,82.26470588235294,65.52941176470588,금정중;남산중,0,0,0,,,,0,2,False,0.0
TRADE_D75C7E9CAC2D,1,6,50.35294117647059,77.23529411764707,34.82352941176471,42.41176470588236,77.23529411764707,34.82352941176471,경남중;대신여중;부산대신중학교;부산여중;부산중앙여자중학교;초장중,0,0,0,,,,0,6,False,0.0
TRADE_D791A4434B02,1,2,34.794117647058826,45.38235294117647,24.205882352941178,21.176470588235293,45.38235294117647,24.205882352941178,초연중;초읍중,0,0,0,,,,0,2,False,0.0
TRADE_D79ADE0626DC,1,9,54.25816993464051,76.79411764705881,34.82352941176471,41.9705882352941,76.79411764705881,34.82352941176471,경남중;당리중;동주여중;부산대신중학교;부산여중;부산중앙여자중학교;사하중;삼성중;장평중,0,0,0,,,,0,9,False,0.0
TRADE_D79C540DB6FF,1,3,53.72549019607843,58.67647058823528,45.20588235294118,13.470588235294102,58.67647058823528,45.20588235294118,동평여중;동평중;부산진중,0,0,0,,,,0,3,False,0.0
TRADE_D7BC8693D8E8,1,6,52.04901960784314,76.79411764705881,34.82352941176471,41.9705882352941,76.79411764705881,34.82352941176471,감천중;경남중;부산여중;부산중앙여자중학교;삼성중;송도중,0,0,0,,,,0,6,False,0.0
TRADE_D7BCA49FC7C7,1,2,30.82352941176471,41.76470588235294,19.882352941176475,21.882352941176467,41.76470588235294,19.882352941176475,엄궁중;학장중,0,0,0,,,,0,2,False,0.0
TRADE_D7BF6ACB33F6,1,5,50.25294117647059,73.52941176470588,36.970588235294116,36.55882352941177,73.52941176470588,36.970588235294116,광안중;동수영중;동아중;부산수영중학교;한바다중,0,0,0,,,,0,5,False,0.0
TRADE_D7C4C89B77C1,1,4,53.57352941176471,73.52941176470588,40.02941176470588,33.50000000000001,73.52941176470588,40.02941176470588,광안중;동아중;부산수영중;한바다중,0,0,0,,,,0,4,False,0.0
TRADE_D7C8A5838995,1,3,42.75490196078431,58.67647058823528,24.205882352941178,34.4705882352941,58.67647058823528,24.205882352941178,부산진중;초연중;초읍중,0,0,0,,,,0,3,False,0.0
TRADE_D7CBB5688666,1,2,11.073529411764707,21.058823529411764,1.0882352941176472,19.970588235294116,21.058823529411764,1.0882352941176472,기장중;대청중,0,0,0,,,,0,2,False,0.0
TRADE_D7D1EB313DCA,1,6,49.4264705882353,77.23529411764707,34.82352941176471,42.41176470588236,77.23529411764707,34.82352941176471,경남중;대신여중;부산여중;부산중앙여자중학교;송도중;초장중,0,0,0,,,,0,6,False,0.0
TRADE_D7D47DDDEE77,1,4,83.57352941176471,97.70588235294117,54.23529411764706,43.470588235294116,97.70588235294117,54.23529411764706,동백중;해강중;해운대여중;해운대중,0,0,0,,,,0,4,False,0.0
TRADE_D7EC169D1613,1,3,78.86274509803923,92.52941176470588,54.23529411764706,38.294117647058826,92.52941176470588,54.23529411764706,동백중;해운대여중;해운대중,0,0,0,,,,0,3,False,0.0
TRADE_D82FB95E8A87,1,3,79.57843137254902,88.5,65.52941176470588,22.970588235294116,88.5,65.52941176470588,구서여중;남산중;장전중,0,0,0,,,,0,3,False,0.0
TRADE_D85C3ED1B300,1,4,44.867647058823536,58.00000000000001,34.82352941176471,23.176470588235297,58.00000000000001,34.82352941176471,경남중;대신여중;덕원중;부산여중,0,0,0,,,,0,4,False,0.0
TRADE_D85F25C59224,1,9,54.25816993464051,76.79411764705881,34.82352941176471,41.9705882352941,76.79411764705881,34.82352941176471,경남중;당리중;동주여중;부산대신중학교;부산여중;부산중앙여자중학교;사하중;삼성중;장평중,0,0,0,,,,0,9,False,0.0
TRADE_D85F51AFB257,1,3,93.3529411764706,97.70588235294117,89.82352941176471,7.882352941176464,97.70588235294117,89.82352941176471,해강중;해운대여중;해운대중,0,0,0,,,,0,3,False,0.0
TRADE_D87A386F6940,1,5,66.6,87.20588235294116,43.970588235294116,43.235294117647044,87.20588235294116,43.970588235294116,남천중;대천중;동아중;부산수영중;한바다중,0,0,0,,,,0,5,False,0.0
TRADE_D880A4C67CCE,1,1,62.76470588235294,62.76470588235294,62.76470588235294,0.0,62.76470588235294,62.76470588235294,녹산중,1,1,1,녹산중,62.76470588235294,62.76470588235294,0,1,False,0.6276470588235294
TRADE_D8CC1AAC27BA,1,3,75.27450980392156,94.26470588235294,51.8235294117647,42.44117647058824,94.26470588235294,51.8235294117647,거제여중;여명중;이사벨중학교,0,0,0,,,,0,3,False,0.0
TRADE_D8CECE0D675A,1,3,51.127450980392155,83.17647058823529,35.02941176470588,48.14705882352941,83.17647058823529,35.02941176470588,남도여중;부산남중;부산영선중학교,0,0,0,,,,0,3,False,0.0
TRADE_D8CEED69AEF7,1,3,47.372549019607845,62.52941176470588,21.999999999999996,40.529411764705884,62.52941176470588,21.999999999999996,덕명여중;부산동중;부산진여중,0,0,0,,,,0,3,False,0.0
TRADE_D8D1FAE0256F,1,4,60.55882352941177,76.79411764705881,45.05882352941177,31.735294117647044,76.79411764705881,45.05882352941177,감천중;동주여중;삼성중;장평중,0,0,0,,,,0,4,False,0.0
TRADE_D8D4EA4F1EDA,1,2,25.64705882352941,35.588235294117645,15.705882352941176,19.88235294117647,35.588235294117645,15.705882352941176,덕천중;양덕여중,0,0,0,,,,0,2,False,0.0
TRADE_D8D790FB4840,1,4,60.19117647058823,69.70588235294117,46.5,23.205882352941174,69.70588235294117,46.5,건국중;당리중;동주여중;사하중,0,0,0,,,,0,4,False,0.0
TRADE_D8DB72E3B524,1,3,41.931372549019606,44.85294117647059,36.970588235294116,7.882352941176471,44.85294117647059,36.970588235294116,동수영중;망미중;부산수영중학교,0,0,0,,,,0,3,False,0.0
TRADE_D8F7CECBBB6B,1,3,56.68627450980392,58.67647058823528,54.82352941176472,3.8529411764705657,58.67647058823528,54.82352941176472,광무여중;부산진중;서면중,0,0,0,,,,0,3,False,0.0
TRADE_D90D03BD4E5D,1,6,50.35294117647059,77.23529411764707,34.82352941176471,42.41176470588236,77.23529411764707,34.82352941176471,경남중;대신여중;부산대신중학교;부산여중;부산중앙여자중학교;초장중,0,0,0,,,,0,6,False,0.0
TRADE_D9390B93D25E,1,6,50.35294117647059,77.23529411764707,34.82352941176471,42.41176470588236,77.23529411764707,34.82352941176471,경남중;대신여중;부산대신중학교;부산여중;부산중앙여자중학교;초장중,0,0,0,,,,0,6,False,0.0
TRADE_D93CDBCE017E,1,3,59.529411764705884,78.3529411764706,36.50000000000001,41.85294117647059,78.3529411764706,36.50000000000001,동래중;온천중;유락여중,0,0,0,,,,0,3,False,0.0
TRADE_D951B7B7F7D7,1,2,11.073529411764707,21.058823529411764,1.0882352941176472,19.970588235294116,21.058823529411764,1.0882352941176472,기장중;대청중,0,0,0,,,,0,2,False,0.0
TRADE_D9593139618F,1,4,61.13970588235294,69.70588235294117,46.5,23.205882352941174,69.70588235294117,46.5,건국중;당리중;사하중;하단중,0,0,0,,,,0,4,False,0.0
TRADE_D97384459ACB,1,6,50.35294117647059,77.23529411764707,34.82352941176471,42.41176470588236,77.23529411764707,34.82352941176471,경남중;대신여중;부산대신중학교;부산여중;부산중앙여자중학교;초장중,0,0,0,,,,0,6,False,0.0
TRADE_D97F7AA8AA97,1,4,43.794117647058826,58.82352941176471,30.617647058823533,28.205882352941178,58.82352941176471,30.617647058823533,망미중;연제중;연천중;토현중,0,0,0,,,,0,4,False,0.0
TRADE_D983860881BF,1,3,59.529411764705884,78.3529411764706,36.50000000000001,41.85294117647059,78.3529411764706,36.50000000000001,동래중;온천중;유락여중,0,0,0,,,,0,3,False,0.0
TRADE_D9988E454745,1,2,11.073529411764707,21.058823529411764,1.0882352941176472,19.970588235294116,21.058823529411764,1.0882352941176472,기장중;대청중,0,0,0,,,,0,2,False,0.0
TRADE_D9BDAF9EAE4B,1,0,,,,,,,,0,0,0,,,,0,0,False,0.0
TRADE_DA2C1DADF8AD,1,3,46.82352941176471,48.5,45.14705882352941,3.352941176470587,48.5,45.14705882352941,문현여중;배정중;부산동여중,0,0,0,,,,0,2,False,0.0
TRADE_DA3147D7B5D4,1,4,72.78676470588235,94.26470588235294,36.50000000000001,57.764705882352935,94.26470588235294,36.50000000000001,사직여중;사직중;여명중;온천중,0,0,0,,,,0,4,False,0.0
TRADE_DA3884F62418,1,4,55.205882352941174,68.58823529411767,46.5,22.088235294117666,68.58823529411767,46.5,대동중;사하중;하남중;하단중,0,0,0,,,,0,4,False,0.0
TRADE_DA6D5B22D5B8,1,6,49.4264705882353,77.23529411764707,34.82352941176471,42.41176470588236,77.23529411764707,34.82352941176471,경남중;대신여중;부산여중;부산중앙여자중학교;송도중;초장중,0,0,0,,,,0,6,False,0.0
TRADE_DA7678C1BA53,1,2,11.073529411764707,21.058823529411764,1.0882352941176472,19.970588235294116,21.058823529411764,1.0882352941176472,기장중;대청중,0,0,0,,,,0,2,False,0.0
TRADE_DA76B0579F30,1,3,48.96078431372549,56.970588235294116,40.44117647058824,16.529411764705877,56.970588235294116,40.44117647058824,영도제일중;태종대중;해동중,0,0,0,,,,0,3,False,0.0
TRADE_DA7E956E1815,1,3,46.32352941176472,71.8529411764706,26.294117647058822,45.55882352941177,71.8529411764706,26.294117647058822,안락중;충렬중;학산여중,0,0,0,,,,0,3,False,0.0
TRADE_DAB067067C8F,1,2,11.073529411764707,21.058823529411764,1.0882352941176472,19.970588235294116,21.058823529411764,1.0882352941176472,기장중;대청중,0,0,0,,,,0,2,False,0.0
TRADE_DAD7F2747FB5,1,3,46.32352941176472,71.8529411764706,26.294117647058822,45.55882352941177,71.8529411764706,26.294117647058822,안락중;충렬중;학산여중,0,0,0,,,,0,3,False,0.0
TRADE_DAE5E04E8682,1,3,37.5,68.26470588235294,19.323529411764707,48.94117647058823,68.26470588235294,19.323529411764707,경남여중;부산중;선화여중,0,0,0,,,,0,3,False,0.0
TRADE_DAEBBADFCD66,1,3,45.45098039215686,73.88235294117646,21.999999999999996,51.882352941176464,73.88235294117646,21.999999999999996,동의중;부산진여중;양동여중,0,0,0,,,,0,3,False,0.0
TRADE_DAF12D14BC89,1,4,34.29411764705882,40.23529411764706,22.882352941176467,17.35294117647059,40.23529411764706,22.882352941176467,대연중;배정중;석포여중;해연중,0,0,0,,,,0,3,False,0.0
TRADE_DAF1EA907467,1,0,,,,,,,,0,0,0,,,,0,0,False,0.0
TRADE_DB0042AE5217,2,3,36.686274509803916,54.11764705882353,23.294117647058822,30.823529411764707,54.11764705882353,23.294117647058822,동주중;주례여중;주례중,1,0,1,주례중,32.647058823529406,32.647058823529406,0,3,False,0.32647058823529407
TRADE_DB48372CA9ED,1,4,72.78676470588235,94.26470588235294,36.50000000000001,57.764705882352935,94.26470588235294,36.50000000000001,사직여중;사직중;여명중;온천중,0,0,0,,,,0,4,False,0.0
TRADE_DB613622B154,1,3,77.5,84.70588235294117,65.52941176470588,19.17647058823529,84.70588235294117,65.52941176470588,구서여중;금정중;남산중,0,0,0,,,,0,3,False,0.0
TRADE_DB653C1F0E0B,1,1,45.647058823529406,45.647058823529406,45.647058823529406,0.0,45.647058823529406,45.647058823529406,신호중,1,1,1,신호중,45.647058823529406,45.647058823529406,0,1,False,0.4564705882352941
TRADE_DB94624BB8C6,1,3,61.88235294117647,88.5,45.44117647058823,43.05882352941177,88.5,45.44117647058823,동현중;부곡여자중;장전중,0,0,0,,,,0,3,False,0.0
TRADE_DB96121845A7,1,3,48.568627450980394,64.52941176470588,30.617647058823533,33.91176470588235,64.52941176470588,30.617647058823533,연산중;연일중;연제중,0,0,0,,,,0,3,False,0.0
TRADE_DB98F451FD78,1,3,52.44117647058824,57.294117647058826,45.20588235294118,12.088235294117645,57.294117647058826,45.20588235294118,동평여중;동평중;서면중,0,0,0,,,,0,3,False,0.0
TRADE_DBC8E42C4DBB,1,2,38.705882352941174,54.11764705882353,23.294117647058822,30.823529411764707,54.11764705882353,23.294117647058822,동주중;주례여중,0,0,0,,,,0,2,False,0.0
TRADE_DBE046DF5069,1,3,48.568627450980394,64.52941176470588,30.617647058823533,33.91176470588235,64.52941176470588,30.617647058823533,연산중;연일중;연제중,0,0,0,,,,0,3,False,0.0
TRADE_DBED2AF880BB,1,3,34.29411764705882,40.23529411764706,22.882352941176467,17.35294117647059,40.23529411764706,22.882352941176467,대연중;석포여중;해연중,0,0,0,,,,0,3,False,0.0
TRADE_DBF5FDF693BC,1,5,66.6,87.20588235294116,43.970588235294116,43.235294117647044,87.20588235294116,43.970588235294116,남천중;대천중;동아중;부산수영중;한바다중,0,0,0,,,,0,5,False,0.0
TRADE_DC0ACB77001E,1,3,82.88235294117648,93.44117647058823,67.5,25.941176470588232,93.44117647058823,67.5,분포중;오륙도중;용호중,0,0,0,,,,0,3,False,0.0
TRADE_DC17784B5FF3,1,3,32.31372549019608,41.76470588235294,18.176470588235293,23.58823529411765,41.76470588235294,18.176470588235293,다대중;다송중;두송중,0,0,0,,,,0,3,False,0.0
TRADE_DC501F063EEB,1,4,68.85294117647058,78.3529411764706,56.529411764705884,21.82352941176471,78.3529411764706,56.529411764705884,동래중;동해중;부산내성중학교;유락여중,0,0,0,,,,0,4,False,0.0
TRADE_DC559FED2516,1,3,48.568627450980394,64.52941176470588,30.617647058823533,33.91176470588235,64.52941176470588,30.617647058823533,연산중;연일중;연제중,0,0,0,,,,0,3,False,0.0
TRADE_DC59C9AE2618,1,3,74.15686274509805,88.5,51.70588235294118,36.79411764705882,88.5,51.70588235294118,금정중;부곡여중;장전중,0,0,0,,,,0,3,False,0.0
TRADE_DC820E59F7F3,1,3,34.29411764705882,40.23529411764706,22.882352941176467,17.35294117647059,40.23529411764706,22.882352941176467,대연중;석포여중;해연중,0,0,0,,,,0,3,False,0.0
TRADE_DC822EFAC927,1,5,50.25294117647059,73.52941176470588,36.970588235294116,36.55882352941177,73.52941176470588,36.970588235294116,광안중;동수영중;동아중;부산수영중학교;한바다중,0,0,0,,,,0,5,False,0.0
TRADE_DC848D2C9F6B,1,2,75.11764705882354,84.70588235294117,65.52941176470588,19.17647058823529,84.70588235294117,65.52941176470588,구서여중;남산중,0,0,0,,,,0,2,False,0.0
TRADE_DCC49323A77D,1,3,33.37254901960784,44.0,23.47058823529412,20.52941176470588,44.0,23.47058823529412,덕포여중;신라중;주례중,0,0,0,,,,0,3,False,0.0
TRADE_DCDEA829E6ED,1,0,,,,,,,,0,0,0,,,,0,0,False,0.0
TRADE_DD03FE79C4FE,1,6,45.35294117647059,58.00000000000001,34.82352941176471,23.176470588235297,58.00000000000001,34.82352941176471,경남중;대신여중;덕원중;부산대신중학교;부산여중;부산중앙여자중학교,0,0,0,,,,0,6,False,0.0
TRADE_DD0F9CFF2430,1,3,58.08823529411765,73.52941176470588,43.970588235294116,29.558823529411768,73.52941176470588,43.970588235294116,동아중;부산수영중학교;한바다중,0,0,0,,,,0,3,False,0.0
TRADE_DD18F9B9C75F,1,2,75.11764705882354,84.70588235294117,65.52941176470588,19.17647058823529,84.70588235294117,65.52941176470588,구서여중;남산중,0,0,0,,,,0,2,False,0.0
TRADE_DD25344A1A1D,1,4,53.06617647058823,77.23529411764707,34.82352941176471,42.41176470588236,77.23529411764707,34.82352941176471,경남중;부산여중;부산중앙여자중학교;초장중,0,0,0,,,,0,4,False,0.0
TRADE_DD2E3FF53535,1,3,32.509803921568626,43.470588235294116,21.14705882352941,22.323529411764707,43.470588235294116,21.14705882352941,개금여중;개림중;부산개성중,0,0,0,,,,0,3,False,0.0
TRADE_DD31EA4C20AF,1,1,45.647058823529406,45.647058823529406,45.647058823529406,0.0,45.647058823529406,45.647058823529406,신호중,1,1,1,신호중,45.647058823529406,45.647058823529406,0,1,False,0.4564705882352941
TRADE_DD40C95D49AD,1,3,34.29411764705882,40.23529411764706,22.882352941176467,17.35294117647059,40.23529411764706,22.882352941176467,대연중;석포여중;해연중,0,0,0,,,,0,3,False,0.0
TRADE_DD547DEF3DEC,1,6,49.4264705882353,77.23529411764707,34.82352941176471,42.41176470588236,77.23529411764707,34.82352941176471,경남중;대신여중;부산여중;부산중앙여자중학교;송도중;초장중,0,0,0,,,,0,6,False,0.0
TRADE_DD55C742BD49,1,4,72.78676470588235,94.26470588235294,36.50000000000001,57.764705882352935,94.26470588235294,36.50000000000001,사직여중;사직중;여명중;온천중,0,0,0,,,,0,4,False,0.0
TRADE_DD5B6B6C0220,1,3,55.568627450980394,69.55882352941177,45.44117647058823,24.117647058823536,69.55882352941177,45.44117647058823,동현중;부곡여자중;부곡중,0,0,0,,,,0,3,False,0.0
TRADE_DD62CE833E53,1,3,34.29411764705882,40.23529411764706,22.882352941176467,17.35294117647059,40.23529411764706,22.882352941176467,대연중;석포여중;해연중,0,0,0,,,,0,3,False,0.0
TRADE_DD651F4DFEA6,1,1,15.705882352941176,15.705882352941176,15.705882352941176,0.0,15.705882352941176,15.705882352941176,덕천중,1,1,1,덕천중,15.705882352941176,15.705882352941176,0,1,False,0.15705882352941175
TRADE_DD6E2FAA28FD,1,3,56.68627450980392,58.67647058823528,54.82352941176472,3.8529411764705657,58.67647058823528,54.82352941176472,광무여중;부산진중;서면중,0,0,0,,,,0,3,False,0.0
TRADE_DD6F0F1D87B0,1,4,83.57352941176471,97.70588235294117,54.23529411764706,43.470588235294116,97.70588235294117,54.23529411764706,동백중;해강중;해운대여중;해운대중,0,0,0,,,,0,4,False,0.0
TRADE_DDA32D2C7FDD,1,3,48.568627450980394,64.52941176470588,30.617647058823533,33.91176470588235,64.52941176470588,30.617647058823533,연산중;연일중;연제중,0,0,0,,,,0,3,False,0.0
TRADE_DDD06853F2DA,1,3,82.88235294117648,93.44117647058823,67.5,25.941176470588232,93.44117647058823,67.5,분포중;오륙도중;용호중,0,0,0,,,,0,3,False,0.0
TRADE_DDD341C94FDF,1,4,49.5,73.88235294117646,21.999999999999996,51.882352941176464,73.88235294117646,21.999999999999996,덕명여중;동의중;부산진여중;항도중,0,0,0,,,,0,4,False,0.0
TRADE_DE118170A9F8,1,3,55.568627450980394,69.55882352941177,45.44117647058823,24.117647058823536,69.55882352941177,45.44117647058823,동현중;부곡여자중;부곡중,0,0,0,,,,0,3,False,0.0
TRADE_DE3B4298ADF7,1,3,79.57843137254902,88.5,65.52941176470588,22.970588235294116,88.5,65.52941176470588,구서여중;남산중;장전중,0,0,0,,,,0,3,False,0.0
TRADE_DEB51D82966B,1,3,59.529411764705884,78.3529411764706,36.50000000000001,41.85294117647059,78.3529411764706,36.50000000000001,동래중;온천중;유락여중,0,0,0,,,,0,3,False,0.0
TRADE_DEB6D394AF28,1,3,48.96078431372549,56.970588235294116,40.44117647058824,16.529411764705877,56.970588235294116,40.44117647058824,영도제일중;태종대중;해동중,0,0,0,,,,0,3,False,0.0
TRADE_DEBAE48372E1,1,3,42.75490196078431,58.67647058823528,24.205882352941178,34.4705882352941,58.67647058823528,24.205882352941178,부산진중;초연중;초읍중,0,0,0,,,,0,3,False,0.0
TRADE_DEC5856F7E9B,1,3,61.88235294117647,88.5,45.44117647058823,43.05882352941177,88.5,45.44117647058823,동현중;부곡여자중;장전중,0,0,0,,,,0,3,False,0.0
TRADE_DEC7EF9D5741,1,0,,,,,,,,0,0,0,,,,0,0,False,0.0
TRADE_DEF29CF99188,1,0,,,,,,,,0,0,0,,,,0,0,False,0.0
TRADE_DEFA63A8D182,1,3,56.68627450980392,58.67647058823528,54.82352941176472,3.8529411764705657,58.67647058823528,54.82352941176472,광무여중;부산진중;서면중,0,0,0,,,,0,3,False,0.0
TRADE_DF6A4D5C3B5D,1,0,,,,,,,,0,0,0,,,,0,0,False,0.0
TRADE_DF8253050B21,1,3,38.00000000000001,54.82352941176472,15.705882352941178,39.117647058823536,54.82352941176472,15.705882352941178,가야여중;부산개성중;서면중,0,0,0,,,,0,3,False,0.0
TRADE_DF8B214E9F3E,1,4,61.13970588235294,69.70588235294117,46.5,23.205882352941174,69.70588235294117,46.5,건국중;당리중;사하중;하단중,0,0,0,,,,0,4,False,0.0
TRADE_DF8E549D2B6E,1,4,72.78676470588235,94.26470588235294,36.50000000000001,57.764705882352935,94.26470588235294,36.50000000000001,사직여중;사직중;여명중;온천중,0,0,0,,,,0,4,False,0.0
TRADE_DFA55CC0F401,1,3,41.931372549019606,44.85294117647059,36.970588235294116,7.882352941176471,44.85294117647059,36.970588235294116,동수영중;망미중;부산수영중학교,0,0,0,,,,0,3,False,0.0
TRADE_DFB799CC45D5,1,3,59.529411764705884,78.3529411764706,36.50000000000001,41.85294117647059,78.3529411764706,36.50000000000001,동래중;온천중;유락여중,0,0,0,,,,0,3,False,0.0
TRADE_DFD1C42296D1,1,4,83.57352941176471,97.70588235294117,54.23529411764706,43.470588235294116,97.70588235294117,54.23529411764706,동백중;해강중;해운대여중;해운대중,0,0,0,,,,0,4,False,0.0
TRADE_DFEAAB2C3CF9,1,3,47.372549019607845,62.52941176470588,21.999999999999996,40.529411764705884,62.52941176470588,21.999999999999996,덕명여중;부산동중;부산진여중,0,0,0,,,,0,3,False,0.0
TRADE_E0072AE0E050,1,2,40.58823529411765,50.55882352941177,30.617647058823533,19.941176470588236,50.55882352941177,30.617647058823533,연산중;연제중,0,0,0,,,,0,2,False,0.0
TRADE_E016F6F51B3F,1,6,45.35294117647059,58.00000000000001,34.82352941176471,23.176470588235297,58.00000000000001,34.82352941176471,경남중;대신여중;덕원중;부산대신중학교;부산여중;부산중앙여자중학교,0,0,0,,,,0,6,False,0.0
TRADE_E01E2BBE5D85,1,3,66.3235294117647,87.20588235294116,40.23529411764706,46.9705882352941,87.20588235294116,40.23529411764706,남천중;대연중;대천중,0,0,0,,,,0,3,False,0.0
TRADE_E039B02189EF,1,3,48.30392156862746,98.91176470588236,18.88235294117647,80.02941176470588,98.91176470588236,18.88235294117647,센텀중;재송여자중;재송중,0,0,0,,,,0,3,False,0.0
TRADE_E05BD454B09F,1,3,59.529411764705884,78.3529411764706,36.50000000000001,41.85294117647059,78.3529411764706,36.50000000000001,동래중;온천중;유락여중,0,0,0,,,,0,3,False,0.0
TRADE_E05F6D5F29E7,1,2,71.04411764705883,78.3529411764706,63.73529411764706,14.617647058823536,78.3529411764706,63.73529411764706,동래중;유락여자중,0,0,0,,,,0,2,False,0.0
TRADE_E06C6E98E179,1,5,41.476470588235294,71.8529411764706,26.294117647058822,45.55882352941177,71.8529411764706,26.294117647058822,동신중;안락중;충렬중;학산여자중;혜화여자중,0,0,0,,,,0,5,False,0.0
TRADE_E0CC0554B36C,1,3,37.5,68.26470588235294,19.323529411764707,48.94117647058823,68.26470588235294,19.323529411764707,경남여중;부산중;선화여중,0,0,0,,,,0,3,False,0.0
TRADE_E0CE18644605,1,4,80.42647058823529,83.41176470588236,77.88235294117646,5.529411764705898,83.41176470588236,77.88235294117646,부흥중;상당중;신도중;양운중,0,0,0,,,,0,4,False,0.0
TRADE_E0EAD94B49C5,1,6,45.35294117647059,58.00000000000001,34.82352941176471,23.176470588235297,58.00000000000001,34.82352941176471,경남중;대신여중;덕원중;부산대신중학교;부산여중;부산중앙여자중학교,0,0,0,,,,0,6,False,0.0
TRADE_E0F450A574CC,1,3,82.88235294117648,93.44117647058823,67.5,25.941176470588232,93.44117647058823,67.5,분포중;오륙도중;용호중,0,0,0,,,,0,3,False,0.0
TRADE_E10385DE0C9F,1,3,37.794117647058826,48.5,27.088235294117645,21.411764705882355,48.5,27.088235294117645,금성중;부산동여중;부산서중,0,0,0,,,,0,2,False,0.0
TRADE_E1060FB1F1CE,1,3,34.29411764705882,40.23529411764706,22.882352941176467,17.35294117647059,40.23529411764706,22.882352941176467,대연중;석포여중;해연중,0,0,0,,,,0,3,False,0.0
TRADE_E119098B1883,1,3,48.30392156862746,98.91176470588236,18.88235294117647,80.02941176470588,98.91176470588236,18.88235294117647,센텀중;재송여자중;재송중,0,0,0,,,,0,3,False,0.0
TRADE_E125E9B15657,1,1,15.705882352941176,15.705882352941176,15.705882352941176,0.0,15.705882352941176,15.705882352941176,덕천중,1,1,1,덕천중,15.705882352941176,15.705882352941176,0,1,False,0.15705882352941175
TRADE_E12D0B9A9556,1,3,48.96078431372549,56.970588235294116,40.44117647058824,16.529411764705877,56.970588235294116,40.44117647058824,영도제일중;태종대중;해동중,0,0,0,,,,0,3,False,0.0
TRADE_E13201913CC7,1,0,,,,,,,,0,0,0,,,,0,0,False,0.0
TRADE_E13279858129,1,4,61.13970588235294,69.70588235294117,46.5,23.205882352941174,69.70588235294117,46.5,건국중;당리중;사하중;하단중,0,0,0,,,,0,4,False,0.0
TRADE_E162B49101C0,1,3,72.96078431372548,78.3529411764706,63.73529411764706,14.617647058823536,78.3529411764706,63.73529411764706,동래중;동해중;유락여중,0,0,0,,,,0,3,False,0.0
TRADE_E188A1526FCF,1,3,47.372549019607845,62.52941176470588,21.999999999999996,40.529411764705884,62.52941176470588,21.999999999999996,덕명여중;부산동중;부산진여중,0,0,0,,,,0,3,False,0.0
TRADE_E18A431F437A,1,3,48.568627450980394,64.52941176470588,30.617647058823533,33.91176470588235,64.52941176470588,30.617647058823533,연산중;연일중;연제중,0,0,0,,,,0,3,False,0.0
TRADE_E195C1392C3E,1,5,66.6,87.20588235294116,43.970588235294116,43.235294117647044,87.20588235294116,43.970588235294116,남천중;대천중;동아중;부산수영중;한바다중,0,0,0,,,,0,5,False,0.0
TRADE_E1B49E7226F0,1,4,51.639705882352935,58.67647058823528,45.20588235294118,13.470588235294102,58.67647058823528,45.20588235294118,동평여중;동평중;부산진중;초연중,0,0,0,,,,0,4,False,0.0
TRADE_E1D2889FDA66,1,0,,,,,,,,0,0,0,,,,0,0,False,0.0
TRADE_E1D77375DA0A,1,5,66.6,87.20588235294116,43.970588235294116,43.235294117647044,87.20588235294116,43.970588235294116,남천중;대천중;동아중;부산수영중;한바다중,0,0,0,,,,0,5,False,0.0
TRADE_E1E0D08648A3,1,3,75.27450980392156,94.26470588235294,51.8235294117647,42.44117647058824,94.26470588235294,51.8235294117647,거제여중;여명중;이사벨중,0,0,0,,,,0,3,False,0.0
TRADE_E1E9A8FCB9E4,1,3,51.127450980392155,83.17647058823529,35.02941176470588,48.14705882352941,83.17647058823529,35.02941176470588,남도여중;부산남중;부산영선중학교,0,0,0,,,,0,3,False,0.0
TRADE_E2267934B566,1,3,82.88235294117648,93.44117647058823,67.5,25.941176470588232,93.44117647058823,67.5,분포중;오륙도중;용호중,0,0,0,,,,0,3,False,0.0
TRADE_E242B8901AAC,1,3,37.5,68.26470588235294,19.323529411764707,48.94117647058823,68.26470588235294,19.323529411764707,경남여중;부산중;선화여중,0,0,0,,,,0,3,False,0.0
TRADE_E25AAD295312,1,5,60.3,87.20588235294116,40.02941176470588,47.17647058823528,87.20588235294116,40.02941176470588,광안중;남천중;동아중;부산수영중;한바다중,0,0,0,,,,0,5,False,0.0
TRADE_E263A70E4F76,1,3,59.14705882352941,76.79411764705881,45.05882352941177,31.735294117647044,76.79411764705881,45.05882352941177,감천중;삼성중;장평중,0,0,0,,,,0,3,False,0.0
TRADE_E28322B418F2,1,3,55.568627450980394,69.55882352941177,45.44117647058823,24.117647058823536,69.55882352941177,45.44117647058823,동현중;부곡여자중;부곡중,0,0,0,,,,0,3,False,0.0
TRADE_E29FC6D7C08D,1,3,75.27450980392156,94.26470588235294,51.8235294117647,42.44117647058824,94.26470588235294,51.8235294117647,거제여중;여명중;이사벨중,0,0,0,,,,0,3,False,0.0
TRADE_E2A735F2E79E,1,2,73.89705882352942,82.26470588235294,65.52941176470588,16.735294117647058,82.26470588235294,65.52941176470588,금정중;남산중,0,0,0,,,,0,2,False,0.0
TRADE_E2B4408B59E7,1,4,83.57352941176471,97.70588235294117,54.23529411764706,43.470588235294116,97.70588235294117,54.23529411764706,동백중;해강중;해운대여중;해운대중,0,0,0,,,,0,4,False,0.0
TRADE_E2FA8C561F7B,1,6,49.4264705882353,77.23529411764707,34.82352941176471,42.41176470588236,77.23529411764707,34.82352941176471,경남중;대신여중;부산여중;부산중앙여자중학교;송도중;초장중,0,0,0,,,,0,6,False,0.0
TRADE_E3087BF2C0B5,1,5,66.6,87.20588235294116,43.970588235294116,43.235294117647044,87.20588235294116,43.970588235294116,남천중;대천중;동아중;부산수영중;한바다중,0,0,0,,,,0,5,False,0.0
TRADE_E331A9290EB4,1,0,,,,,,,,0,0,0,,,,0,0,False,0.0
TRADE_E34DC3C76565,1,3,48.568627450980394,64.52941176470588,30.617647058823533,33.91176470588235,64.52941176470588,30.617647058823533,연산중;연일중;연제중,0,0,0,,,,0,3,False,0.0
TRADE_E35EC3A69B1F,1,5,50.25294117647059,73.52941176470588,36.970588235294116,36.55882352941177,73.52941176470588,36.970588235294116,광안중;동수영중;동아중;부산수영중학교;한바다중,0,0,0,,,,0,5,False,0.0
TRADE_E368920772EF,1,5,66.6,87.20588235294116,43.970588235294116,43.235294117647044,87.20588235294116,43.970588235294116,남천중;대천중;동아중;부산수영중;한바다중,0,0,0,,,,0,5,False,0.0
TRADE_E3705805E6E6,1,5,60.3,87.20588235294116,40.02941176470588,47.17647058823528,87.20588235294116,40.02941176470588,광안중;남천중;동아중;부산수영중;한바다중,0,0,0,,,,0,5,False,0.0
TRADE_E3826330E7CB,1,3,51.127450980392155,83.17647058823529,35.02941176470588,48.14705882352941,83.17647058823529,35.02941176470588,남도여중;부산남중;부산영선중학교,0,0,0,,,,0,3,False,0.0
TRADE_E3864B82DC25,1,3,78.86274509803923,92.52941176470588,54.23529411764706,38.294117647058826,92.52941176470588,54.23529411764706,동백중;해운대여중;해운대중,0,0,0,,,,0,3,False,0.0
TRADE_E387773D437E,1,3,75.27450980392156,94.26470588235294,51.8235294117647,42.44117647058824,94.26470588235294,51.8235294117647,거제여중;여명중;이사벨중,0,0,0,,,,0,3,False,0.0
TRADE_E390D7954C53,1,2,75.11764705882354,84.70588235294117,65.52941176470588,19.17647058823529,84.70588235294117,65.52941176470588,구서여중;남산중,0,0,0,,,,0,2,False,0.0
TRADE_E39E749875E3,1,3,28.725490196078436,44.0,18.705882352941178,25.294117647058822,44.0,18.705882352941178,덕포여중;모라중;신라중,0,0,0,,,,0,3,False,0.0
TRADE_E3C6BDE4084B,1,4,83.57352941176471,97.70588235294117,54.23529411764706,43.470588235294116,97.70588235294117,54.23529411764706,동백중;해강중;해운대여중;해운대중,0,0,0,,,,0,4,False,0.0
TRADE_E3D6EDFD126C,1,6,49.4264705882353,77.23529411764707,34.82352941176471,42.41176470588236,77.23529411764707,34.82352941176471,경남중;대신여중;부산여중;부산중앙여자중학교;송도중;초장중,0,0,0,,,,0,6,False,0.0
TRADE_E3EB72882B69,1,4,56.51470588235294,69.70588235294117,45.05882352941177,24.647058823529406,69.70588235294117,45.05882352941177,당리중;동주여중;사하중;장평중,0,0,0,,,,0,4,False,0.0
TRADE_E3FF01AA29A3,1,3,61.88235294117647,88.5,45.44117647058823,43.05882352941177,88.5,45.44117647058823,동현중;부곡여자중;장전중,0,0,0,,,,0,3,False,0.0
TRADE_E400F58E1B46,1,5,66.6,87.20588235294116,43.970588235294116,43.235294117647044,87.20588235294116,43.970588235294116,남천중;대천중;동아중;부산수영중;한바다중,0,0,0,,,,0,5,False,0.0
TRADE_E40BFED61C90,1,3,75.27450980392156,94.26470588235294,51.8235294117647,42.44117647058824,94.26470588235294,51.8235294117647,거제여중;여명중;이사벨중학교,0,0,0,,,,0,3,False,0.0
TRADE_E41DD8974371,1,4,43.66176470588235,71.8529411764706,26.294117647058822,45.55882352941177,71.8529411764706,26.294117647058822,동신중;안락중;충렬중;학산여중,0,0,0,,,,0,4,False,0.0
TRADE_E43FCC2C8C3F,1,4,61.13970588235294,69.70588235294117,46.5,23.205882352941174,69.70588235294117,46.5,건국중;당리중;사하중;하단중,0,0,0,,,,0,4,False,0.0
TRADE_E47CA44F8C21,1,0,,,,,,,,0,0,0,,,,0,0,False,0.0
TRADE_E48AC4675A11,1,2,38.705882352941174,54.11764705882353,23.294117647058822,30.823529411764707,54.11764705882353,23.294117647058822,동주중;주례여중,0,0,0,,,,0,2,False,0.0
TRADE_E491DC3F07EB,1,3,79.57843137254902,88.5,65.52941176470588,22.970588235294116,88.5,65.52941176470588,구서여중;남산중;장전중,0,0,0,,,,0,3,False,0.0
TRADE_E493D6B9CC7E,1,3,34.29411764705882,40.23529411764706,22.882352941176467,17.35294117647059,40.23529411764706,22.882352941176467,대연중;석포여중;해연중,0,0,0,,,,0,3,False,0.0
TRADE_E4A896CC1ABC,1,5,45.14705882352941,58.82352941176471,30.617647058823533,28.205882352941178,58.82352941176471,30.617647058823533,망미중;연산중;연제중;연천중;토현중,0,0,0,,,,0,5,False,0.0
TRADE_E4B027E2ADB7,1,4,61.13970588235294,69.70588235294117,46.5,23.205882352941174,69.70588235294117,46.5,건국중;당리중;사하중;하단중,0,0,0,,,,0,4,False,0.0
TRADE_E4CDCBEA6E82,1,3,79.57843137254902,88.5,65.52941176470588,22.970588235294116,88.5,65.52941176470588,구서여중;남산중;장전중,0,0,0,,,,0,3,False,0.0
TRADE_E4D92BA20816,1,2,75.11764705882354,84.70588235294117,65.52941176470588,19.17647058823529,84.70588235294117,65.52941176470588,구서여중;남산중,0,0,0,,,,0,2,False,0.0
TRADE_E508FF584514,1,6,50.35294117647059,77.23529411764707,34.82352941176471,42.41176470588236,77.23529411764707,34.82352941176471,경남중;대신여중;부산대신중학교;부산여중;부산중앙여자중학교;초장중,0,0,0,,,,0,6,False,0.0
TRADE_E51A5FE21665,1,3,65.62745098039215,80.5,36.50000000000001,43.99999999999999,80.5,36.50000000000001,사직여중;사직중;온천중,0,0,0,,,,0,3,False,0.0
TRADE_E51F70D71DA0,1,3,24.1078431372549,35.588235294117645,18.147058823529413,17.441176470588232,35.588235294117645,18.147058823529413,가람중;구남중;구포중,0,0,0,,,,0,3,False,0.0
TRADE_E525596104C2,1,3,32.509803921568626,43.470588235294116,21.14705882352941,22.323529411764707,43.470588235294116,21.14705882352941,개금여중;개림중;부산개성중,0,0,0,,,,0,3,False,0.0
TRADE_E5488CB7EEF2,1,3,48.568627450980394,64.52941176470588,30.617647058823533,33.91176470588235,64.52941176470588,30.617647058823533,연산중;연일중;연제중,0,0,0,,,,0,3,False,0.0
TRADE_E551C4722B9C,1,3,37.5,68.26470588235294,19.323529411764707,48.94117647058823,68.26470588235294,19.323529411764707,경남여중;부산중;선화여중,0,0,0,,,,0,3,False,0.0
TRADE_E5674E979FD4,1,3,58.08823529411765,73.52941176470588,43.970588235294116,29.558823529411768,73.52941176470588,43.970588235294116,동아중;부산수영중학교;한바다중,0,0,0,,,,0,3,False,0.0
TRADE_E56B5950AC14,1,3,55.568627450980394,69.55882352941177,45.44117647058823,24.117647058823536,69.55882352941177,45.44117647058823,동현중;부곡여자중;부곡중,0,0,0,,,,0,3,False,0.0
TRADE_E57006390284,1,5,50.25294117647059,73.52941176470588,36.970588235294116,36.55882352941177,73.52941176470588,36.970588235294116,광안중;동수영중;동아중;부산수영중학교;한바다중,0,0,0,,,,0,5,False,0.0
TRADE_E570DA919D5B,1,3,48.568627450980394,64.52941176470588,30.617647058823533,33.91176470588235,64.52941176470588,30.617647058823533,연산중;연일중;연제중,0,0,0,,,,0,3,False,0.0
TRADE_E58891430D12,1,3,45.45098039215686,73.88235294117646,21.999999999999996,51.882352941176464,73.88235294117646,21.999999999999996,동의중;부산진여중;양동여중,0,0,0,,,,0,3,False,0.0
TRADE_E5920ED6A69D,1,3,34.29411764705882,40.23529411764706,22.882352941176467,17.35294117647059,40.23529411764706,22.882352941176467,대연중;석포여중;해연중,0,0,0,,,,0,3,False,0.0
TRADE_E5B775A94B47,1,3,82.88235294117648,93.44117647058823,67.5,25.941176470588232,93.44117647058823,67.5,분포중;오륙도중;용호중,0,0,0,,,,0,3,False,0.0
TRADE_E5D0EFF025B6,1,5,50.25294117647059,73.52941176470588,36.970588235294116,36.55882352941177,73.52941176470588,36.970588235294116,광안중;동수영중;동아중;부산수영중학교;한바다중,0,0,0,,,,0,5,False,0.0
TRADE_E5EA906975CA,1,2,11.073529411764707,21.058823529411764,1.0882352941176472,19.970588235294116,21.058823529411764,1.0882352941176472,기장중;대청중,0,0,0,,,,0,2,False,0.0
TRADE_E5EF11F4A981,1,2,34.794117647058826,45.38235294117647,24.205882352941178,21.176470588235293,45.38235294117647,24.205882352941178,초연중;초읍중,0,0,0,,,,0,2,False,0.0
TRADE_E6094356C9DD,1,2,75.11764705882354,84.70588235294117,65.52941176470588,19.17647058823529,84.70588235294117,65.52941176470588,구서여중;남산중,0,0,0,,,,0,2,False,0.0
TRADE_E61C0FF5C89A,1,3,51.127450980392155,83.17647058823529,35.02941176470588,48.14705882352941,83.17647058823529,35.02941176470588,남도여중;부산남중;부산영선중학교,0,0,0,,,,0,3,False,0.0
TRADE_E67776AE1EA0,1,6,49.4264705882353,77.23529411764707,34.82352941176471,42.41176470588236,77.23529411764707,34.82352941176471,경남중;대신여중;부산여중;부산중앙여자중학교;송도중;초장중,0,0,0,,,,0,6,False,0.0
TRADE_E688C388FEA2,1,9,54.25816993464051,76.79411764705881,34.82352941176471,41.9705882352941,76.79411764705881,34.82352941176471,경남중;당리중;동주여중;부산대신중학교;부산여중;부산중앙여자중학교;사하중;삼성중;장평중,0,0,0,,,,0,9,False,0.0
TRADE_E69EB08B05B0,1,3,33.37254901960784,44.0,23.47058823529412,20.52941176470588,44.0,23.47058823529412,덕포여중;신라중;주례중,0,0,0,,,,0,3,False,0.0
TRADE_E6EF4A45044B,1,3,41.931372549019606,44.85294117647059,36.970588235294116,7.882352941176471,44.85294117647059,36.970588235294116,동수영중;망미중;부산수영중,0,0,0,,,,0,3,False,0.0
TRADE_E6F2519B8AC8,1,3,47.372549019607845,62.52941176470588,21.999999999999996,40.529411764705884,62.52941176470588,21.999999999999996,덕명여중;부산동중;부산진여중,0,0,0,,,,0,3,False,0.0
TRADE_E6FDC129DD0C,1,3,52.44117647058824,57.294117647058826,45.20588235294118,12.088235294117645,57.294117647058826,45.20588235294118,동평여중;동평중;서면중,0,0,0,,,,0,3,False,0.0
TRADE_E71272DDE262,1,3,46.82352941176471,48.5,45.14705882352941,3.352941176470587,48.5,45.14705882352941,문현여중;배정중;부산동여중,0,0,0,,,,0,2,False,0.0
TRADE_E7217DBE55A4,1,3,79.57843137254902,88.5,65.52941176470588,22.970588235294116,88.5,65.52941176470588,구서여중;남산중;장전중,0,0,0,,,,0,3,False,0.0
TRADE_E76CB80D9FC5,1,3,42.75490196078431,58.67647058823528,24.205882352941178,34.4705882352941,58.67647058823528,24.205882352941178,부산진중;초연중;초읍중,0,0,0,,,,0,3,False,0.0
TRADE_E78B14517058,1,2,73.89705882352942,82.26470588235294,65.52941176470588,16.735294117647058,82.26470588235294,65.52941176470588,금정중;남산중,0,0,0,,,,0,2,False,0.0
TRADE_E7AED6E4C4C7,1,3,38.0,54.82352941176472,15.705882352941178,39.117647058823536,54.82352941176472,15.705882352941178,가야여중;부산개성중;서면중,0,0,0,,,,0,3,False,0.0
TRADE_E7BB0B8178EB,1,0,,,,,,,,0,0,0,,,,0,0,False,0.0
TRADE_E7C415F11093,1,3,48.17647058823528,58.67647058823528,40.470588235294116,18.205882352941167,58.67647058823528,40.470588235294116,부산진중;양동여중;초연중,0,0,0,,,,0,3,False,0.0
TRADE_E7C9A75CCCC8,1,0,,,,,,,,0,0,0,,,,0,0,False,0.0
TRADE_E7F374A26AC3,1,3,45.45098039215686,73.88235294117646,21.999999999999996,51.882352941176464,73.88235294117646,21.999999999999996,동의중;부산진여중;양동여중,0,0,0,,,,0,3,False,0.0
TRADE_E7F9AA0A886F,1,3,42.69117647058823,45.14705882352941,40.23529411764706,4.911764705882355,45.14705882352941,40.23529411764706,대연중;문현여중;배정중,0,0,0,,,,0,2,False,0.0
TRADE_E818A9CF40A0,1,4,44.867647058823536,58.00000000000001,34.82352941176471,23.176470588235297,58.00000000000001,34.82352941176471,경남중;대신여중;덕원중;부산여중,0,0,0,,,,0,4,False,0.0
TRADE_E8221F8E2AF1,1,3,48.30392156862746,98.91176470588236,18.88235294117647,80.02941176470588,98.91176470588236,18.88235294117647,센텀중;재송여자중;재송중,0,0,0,,,,0,3,False,0.0
TRADE_E830541EEBF8,1,3,48.30392156862746,98.91176470588236,18.88235294117647,80.02941176470588,98.91176470588236,18.88235294117647,센텀중;재송여자중;재송중,0,0,0,,,,0,3,False,0.0
TRADE_E8422C6CBDA4,1,5,50.25294117647059,73.52941176470588,36.970588235294116,36.55882352941177,73.52941176470588,36.970588235294116,광안중;동수영중;동아중;부산수영중학교;한바다중,0,0,0,,,,0,5,False,0.0
TRADE_E84BDC08D225,1,6,49.220588235294116,64.79411764705883,34.82352941176471,29.970588235294116,64.79411764705883,34.82352941176471,경남중;동주여중;부산대신중학교;부산여중;부산중앙여자중학교;장평중,0,0,0,,,,0,6,False,0.0
TRADE_E84D6DA1D5C8,1,3,61.88235294117647,88.5,45.44117647058823,43.05882352941177,88.5,45.44117647058823,동현중;부곡여자중;장전중,0,0,0,,,,0,3,False,0.0
TRADE_E84E890C246C,1,3,72.96078431372548,78.3529411764706,63.73529411764706,14.617647058823536,78.3529411764706,63.73529411764706,동래중;동해중;유락여중,0,0,0,,,,0,3,False,0.0
TRADE_E87A15015D01,1,2,73.89705882352942,82.26470588235294,65.52941176470588,16.735294117647058,82.26470588235294,65.52941176470588,금정중;남산중,0,0,0,,,,0,2,False,0.0
TRADE_E8892F6768D2,1,2,60.63235294117648,69.55882352941177,51.70588235294118,17.852941176470587,69.55882352941177,51.70588235294118,부곡여자중;부곡중,0,0,0,,,,0,2,False,0.0
TRADE_E8B7BEFD270C,1,3,24.1078431372549,35.588235294117645,18.147058823529413,17.441176470588232,35.588235294117645,18.147058823529413,가람중;구남중;구포중,0,0,0,,,,0,3,False,0.0
TRADE_E8C049221C05,1,3,45.45098039215686,73.88235294117646,21.999999999999996,51.882352941176464,73.88235294117646,21.999999999999996,동의중;부산진여중;양동여중,0,0,0,,,,0,3,False,0.0
TRADE_E8D28664166A,1,3,43.455882352941174,47.147058823529406,39.76470588235294,7.382352941176464,47.147058823529406,39.76470588235294,감만중;배정중;석포여중,0,0,0,,,,0,2,False,0.0
TRADE_E8F29259661D,1,4,43.66176470588235,71.8529411764706,26.294117647058822,45.55882352941177,71.8529411764706,26.294117647058822,동신중;안락중;충렬중;학산여중,0,0,0,,,,0,4,False,0.0
TRADE_E9187A17F456,1,6,52.04901960784314,76.79411764705881,34.82352941176471,41.9705882352941,76.79411764705881,34.82352941176471,감천중;경남중;부산여중;부산중앙여자중학교;삼성중;송도중,0,0,0,,,,0,6,False,0.0
TRADE_E9266D073CD6,1,4,38.25,53.91176470588235,23.61764705882353,30.29411764705882,53.91176470588235,23.61764705882353,대동중;영남중;장림여중;장평중,0,0,0,,,,0,4,False,0.0
TRADE_E92BAB8CA4FC,1,3,48.96078431372549,56.970588235294116,40.44117647058824,16.529411764705877,56.970588235294116,40.44117647058824,영도제일중;태종대중;해동중,0,0,0,,,,0,3,False,0.0
TRADE_E93640ADA580,1,1,45.647058823529406,45.647058823529406,45.647058823529406,0.0,45.647058823529406,45.647058823529406,신호중,1,1,1,신호중,45.647058823529406,45.647058823529406,0,1,False,0.4564705882352941
TRADE_E94A0360D65E,1,2,60.63235294117648,69.55882352941177,51.70588235294118,17.852941176470587,69.55882352941177,51.70588235294118,부곡여자중;부곡중,0,0,0,,,,0,2,False,0.0
TRADE_E977A8F421CA,1,3,42.75490196078431,58.67647058823528,24.205882352941178,34.4705882352941,58.67647058823528,24.205882352941178,부산진중;초연중;초읍중,0,0,0,,,,0,3,False,0.0
TRADE_E977B55F064F,1,5,50.25294117647059,73.52941176470588,36.970588235294116,36.55882352941177,73.52941176470588,36.970588235294116,광안중;동수영중;동아중;부산수영중학교;한바다중,0,0,0,,,,0,5,False,0.0
TRADE_E98D0641F140,1,2,11.073529411764707,21.058823529411764,1.0882352941176472,19.970588235294116,21.058823529411764,1.0882352941176472,기장중;대청중,0,0,0,,,,0,2,False,0.0
TRADE_E9AA9422C933,1,4,36.088235294117645,45.14705882352941,22.882352941176467,22.264705882352946,45.14705882352941,22.882352941176467,대연중;문현여중;배정중;해연중,0,0,0,,,,0,3,False,0.0
TRADE_E9BADB136710,1,3,47.372549019607845,62.52941176470588,21.999999999999996,40.529411764705884,62.52941176470588,21.999999999999996,덕명여중;부산동중;부산진여중,0,0,0,,,,0,3,False,0.0
TRADE_E9C91380940C,1,1,32.647058823529406,32.647058823529406,32.647058823529406,0.0,32.647058823529406,32.647058823529406,주례중,1,1,1,주례중,32.647058823529406,32.647058823529406,0,1,False,0.32647058823529407
TRADE_E9D35C3A54AA,1,3,34.29411764705882,40.23529411764706,22.882352941176467,17.35294117647059,40.23529411764706,22.882352941176467,대연중;석포여중;해연중,0,0,0,,,,0,3,False,0.0
TRADE_E9D717CF96CC,1,3,78.86274509803923,92.52941176470588,54.23529411764706,38.294117647058826,92.52941176470588,54.23529411764706,동백중;해운대여중;해운대중,0,0,0,,,,0,3,False,0.0
TRADE_E9F1913E8008,1,3,37.794117647058826,48.5,27.088235294117645,21.411764705882355,48.5,27.088235294117645,금성중;부산동여중;부산서중,0,0,0,,,,0,2,False,0.0
TRADE_E9F355A85C8D,1,2,11.073529411764707,21.058823529411764,1.0882352941176472,19.970588235294116,21.058823529411764,1.0882352941176472,기장중;대청중,0,0,0,,,,0,2,False,0.0
TRADE_EA33ABCCD52B,1,6,50.259803921568626,83.17647058823529,19.323529411764707,63.85294117647058,83.17647058823529,19.323529411764707,경남여중;덕원중;부산남중;부산대신중학교;선화여중;신선중,0,0,0,,,,0,6,False,0.0
TRADE_EA4938BBEFEB,1,3,48.96078431372549,56.970588235294116,40.44117647058824,16.529411764705877,56.970588235294116,40.44117647058824,영도제일중;태종대중;해동중,0,0,0,,,,0,3,False,0.0
TRADE_EA4EDFBF2FFE,1,3,45.45098039215686,73.88235294117646,21.999999999999996,51.882352941176464,73.88235294117646,21.999999999999996,동의중;부산진여중;양동여중,0,0,0,,,,0,3,False,0.0
TRADE_EA6C281ACFFF,1,0,,,,,,,,0,0,0,,,,0,0,False,0.0
TRADE_EA82A4F5F59B,1,3,51.127450980392155,83.17647058823529,35.02941176470588,48.14705882352941,83.17647058823529,35.02941176470588,남도여중;부산남중;부산영선중학교,0,0,0,,,,0,3,False,0.0
TRADE_EAA7CEF63DBA,1,5,52.54117647058823,77.23529411764707,34.82352941176471,42.41176470588236,77.23529411764707,34.82352941176471,경남중;부산대신중학교;부산여중;부산중앙여자중학교;초장중,0,0,0,,,,0,5,False,0.0
TRADE_EAEA854FCAE1,1,4,26.977941176470587,35.588235294117645,18.147058823529413,17.441176470588232,35.588235294117645,18.147058823529413,가람중;구남중;구포중;양덕여중,0,0,0,,,,0,4,False,0.0
TRADE_EB01431CBD5F,1,3,55.568627450980394,69.55882352941177,45.44117647058823,24.117647058823536,69.55882352941177,45.44117647058823,동현중;부곡여자중;부곡중,0,0,0,,,,0,3,False,0.0
TRADE_EB0F21DABB68,1,3,65.62745098039215,80.5,36.50000000000001,43.99999999999999,80.5,36.50000000000001,사직여중;사직중;온천중,0,0,0,,,,0,3,False,0.0
TRADE_EB0FD844CEB6,1,4,53.06617647058823,77.23529411764707,34.82352941176471,42.41176470588236,77.23529411764707,34.82352941176471,경남중;부산여중;부산중앙여자중학교;초장중,0,0,0,,,,0,4,False,0.0
TRADE_EB134E28D9D7,1,2,45.14705882352941,45.14705882352941,45.14705882352941,0.0,45.14705882352941,45.14705882352941,문현여중;배정중,0,0,0,,,,0,1,False,0.0
TRADE_EB19B5C2C57B,1,3,24.1078431372549,35.588235294117645,18.147058823529413,17.441176470588232,35.588235294117645,18.147058823529413,가람중;구남중;구포중,0,0,0,,,,0,3,False,0.0
TRADE_EB1E1AD6233A,1,2,45.14705882352941,45.14705882352941,45.14705882352941,0.0,45.14705882352941,45.14705882352941,문현여중;배정중,0,0,0,,,,0,1,False,0.0
TRADE_EB2F3E0C3E8B,1,6,50.35294117647059,77.23529411764707,34.82352941176471,42.41176470588236,77.23529411764707,34.82352941176471,경남중;대신여중;부산대신중학교;부산여중;부산중앙여자중학교;초장중,0,0,0,,,,0,6,False,0.0
TRADE_EB33ADAF8768,1,4,61.13970588235294,69.70588235294117,46.5,23.205882352941174,69.70588235294117,46.5,건국중;당리중;사하중;하단중,0,0,0,,,,0,4,False,0.0
TRADE_EB525DE2120D,1,0,,,,,,,,0,0,0,,,,0,0,False,0.0
TRADE_EB66A0E2E32E,1,1,94.26470588235294,94.26470588235294,94.26470588235294,0.0,94.26470588235294,94.26470588235294,여명중,0,0,0,,,,0,1,False,0.0
TRADE_EB758A33EA93,1,3,93.3529411764706,97.70588235294117,89.82352941176471,7.882352941176464,97.70588235294117,89.82352941176471,해강중;해운대여중;해운대중,0,0,0,,,,0,3,False,0.0
TRADE_EBA76438BED0,1,3,59.14705882352941,76.79411764705881,45.05882352941177,31.735294117647044,76.79411764705881,45.05882352941177,감천중;삼성중;장평중,0,0,0,,,,0,3,False,0.0
TRADE_EBB2AD9CCE3A,1,3,41.931372549019606,44.85294117647059,36.970588235294116,7.882352941176471,44.85294117647059,36.970588235294116,동수영중;망미중;부산수영중학교,0,0,0,,,,0,3,False,0.0
TRADE_EBB4BDF2B736,1,3,37.5,68.26470588235294,19.323529411764707,48.94117647058823,68.26470588235294,19.323529411764707,경남여중;부산중;선화여중,0,0,0,,,,0,3,False,0.0
TRADE_EBE9B9239709,1,3,75.27450980392156,94.26470588235294,51.8235294117647,42.44117647058824,94.26470588235294,51.8235294117647,거제여중;여명중;이사벨중,0,0,0,,,,0,3,False,0.0
TRADE_EC1CD868BC7A,1,3,82.88235294117648,93.44117647058823,67.5,25.941176470588232,93.44117647058823,67.5,분포중;오륙도중;용호중,0,0,0,,,,0,3,False,0.0
TRADE_EC38E84A3C80,1,2,17.14705882352941,18.588235294117645,15.705882352941176,2.8823529411764692,18.588235294117645,15.705882352941176,가람중;덕천중,0,0,0,,,,0,2,False,0.0
TRADE_EC44A19E22F1,1,4,61.13970588235294,69.70588235294117,46.5,23.205882352941174,69.70588235294117,46.5,건국중;당리중;사하중;하단중,0,0,0,,,,0,4,False,0.0
TRADE_EC4CB8B15B10,1,4,83.57352941176471,97.70588235294117,54.23529411764706,43.470588235294116,97.70588235294117,54.23529411764706,동백중;해강중;해운대여중;해운대중,0,0,0,,,,0,4,False,0.0
TRADE_EC8A8F4691FD,1,6,49.4264705882353,77.23529411764707,34.82352941176471,42.41176470588236,77.23529411764707,34.82352941176471,경남중;대신여중;부산여중;부산중앙여자중학교;송도중;초장중,0,0,0,,,,0,6,False,0.0
TRADE_EC8BB66AE76B,1,3,41.931372549019606,44.85294117647059,36.970588235294116,7.882352941176471,44.85294117647059,36.970588235294116,동수영중;망미중;부산수영중,0,0,0,,,,0,3,False,0.0
TRADE_EC979B4D0449,1,6,50.259803921568626,83.17647058823529,19.323529411764707,63.85294117647058,83.17647058823529,19.323529411764707,경남여중;덕원중;부산남중;부산대신중학교;선화여중;신선중,0,0,0,,,,0,6,False,0.0
TRADE_ECEF8096FDF9,1,6,54.509803921568626,76.79411764705881,34.82352941176471,41.9705882352941,76.79411764705881,34.82352941176471,경남중;동주여중;부산대신중학교;부산여중;부산중앙여자중학교;삼성중,0,0,0,,,,0,6,False,0.0
TRADE_ECFC0E3E6468,1,9,54.25816993464051,76.79411764705881,34.82352941176471,41.9705882352941,76.79411764705881,34.82352941176471,경남중;당리중;동주여중;부산대신중학교;부산여중;부산중앙여자중학교;사하중;삼성중;장평중,0,0,0,,,,0,9,False,0.0
TRADE_ED1381B71A6D,1,6,45.35294117647059,58.00000000000001,34.82352941176471,23.176470588235297,58.00000000000001,34.82352941176471,경남중;대신여중;덕원중;부산대신중학교;부산여중;부산중앙여자중학교,0,0,0,,,,0,6,False,0.0
TRADE_ED1767D8BA65,1,6,50.35294117647059,77.23529411764707,34.82352941176471,42.41176470588236,77.23529411764707,34.82352941176471,경남중;대신여중;부산대신중학교;부산여중;부산중앙여자중학교;초장중,0,0,0,,,,0,6,False,0.0
TRADE_ED21BE5ACE3F,1,3,59.529411764705884,78.3529411764706,36.50000000000001,41.85294117647059,78.3529411764706,36.50000000000001,동래중;온천중;유락여중,0,0,0,,,,0,3,False,0.0
TRADE_ED511AB5082C,1,6,50.35294117647059,77.23529411764707,34.82352941176471,42.41176470588236,77.23529411764707,34.82352941176471,경남중;대신여중;부산대신중학교;부산여중;부산중앙여자중학교;초장중,0,0,0,,,,0,6,False,0.0
TRADE_ED7B49EE8167,1,5,50.25294117647059,73.52941176470588,36.970588235294116,36.55882352941177,73.52941176470588,36.970588235294116,광안중;동수영중;동아중;부산수영중학교;한바다중,0,0,0,,,,0,5,False,0.0
TRADE_EDA4D0BFF07F,1,2,30.82352941176471,41.76470588235294,19.882352941176475,21.882352941176467,41.76470588235294,19.882352941176475,엄궁중;학장중,0,0,0,,,,0,2,False,0.0
TRADE_EDB2779F6BDF,1,1,15.705882352941176,15.705882352941176,15.705882352941176,0.0,15.705882352941176,15.705882352941176,덕천중,1,1,1,덕천중,15.705882352941176,15.705882352941176,0,1,False,0.15705882352941175
TRADE_EDBC70B21818,1,3,51.127450980392155,83.17647058823529,35.02941176470588,48.14705882352941,83.17647058823529,35.02941176470588,남도여중;부산남중;부산영선중학교,0,0,0,,,,0,3,False,0.0
TRADE_EDD80C5CDDD3,1,4,61.13970588235294,69.70588235294117,46.5,23.205882352941174,69.70588235294117,46.5,건국중;당리중;사하중;하단중,0,0,0,,,,0,4,False,0.0
TRADE_EE0150B8B42D,1,0,,,,,,,,0,0,0,,,,0,0,False,0.0
TRADE_EE1082BD4718,1,4,44.867647058823536,58.00000000000001,34.82352941176471,23.176470588235297,58.00000000000001,34.82352941176471,경남중;대신여중;덕원중;부산여중,0,0,0,,,,0,4,False,0.0
TRADE_EE13A82326DC,1,4,83.57352941176471,97.70588235294117,54.23529411764706,43.470588235294116,97.70588235294117,54.23529411764706,동백중;해강중;해운대여중;해운대중,0,0,0,,,,0,4,False,0.0
TRADE_EE18736D8974,1,3,48.568627450980394,64.52941176470588,30.617647058823533,33.91176470588235,64.52941176470588,30.617647058823533,연산중;연일중;연제중,0,0,0,,,,0,3,False,0.0
TRADE_EE1EDD4CF515,1,3,45.45098039215686,73.88235294117646,21.999999999999996,51.882352941176464,73.88235294117646,21.999999999999996,동의중;부산진여중;양동여중,0,0,0,,,,0,3,False,0.0
TRADE_EE3F0AE04252,1,5,66.6,87.20588235294116,43.970588235294116,43.235294117647044,87.20588235294116,43.970588235294116,남천중;대천중;동아중;부산수영중;한바다중,0,0,0,,,,0,5,False,0.0
TRADE_EE5B6C1C0BF4,1,4,68.09558823529412,88.5,49.91176470588235,38.58823529411765,88.5,49.91176470588235,금정중;동래여중;부곡여자중;장전중,0,0,0,,,,0,4,False,0.0
TRADE_EE5E065D4FC7,1,3,72.96078431372548,78.3529411764706,63.73529411764706,14.617647058823536,78.3529411764706,63.73529411764706,동래중;동해중;유락여중,0,0,0,,,,0,3,False,0.0
TRADE_EE9068F194AF,1,2,71.77941176470588,89.32352941176471,54.23529411764706,35.08823529411765,89.32352941176471,54.23529411764706,동백중;신곡중,0,0,0,,,,0,2,False,0.0
TRADE_EEC5650CA344,1,3,74.15686274509805,88.5,51.70588235294118,36.79411764705882,88.5,51.70588235294118,금정중;부곡여중;장전중,0,0,0,,,,0,3,False,0.0
TRADE_EEDB6AE2799C,1,3,51.127450980392155,83.17647058823529,35.02941176470588,48.14705882352941,83.17647058823529,35.02941176470588,남도여중;부산남중;부산영선중학교,0,0,0,,,,0,3,False,0.0
TRADE_EEDD993DA835,1,2,11.073529411764707,21.058823529411764,1.0882352941176472,19.970588235294116,21.058823529411764,1.0882352941176472,기장중;대청중,0,0,0,,,,0,2,False,0.0
TRADE_EEEB18C7510C,1,4,34.29411764705882,40.23529411764706,22.882352941176467,17.35294117647059,40.23529411764706,22.882352941176467,대연중;배정중;석포여중;해연중,0,0,0,,,,0,3,False,0.0
TRADE_EEF9948DF779,1,2,11.073529411764707,21.058823529411764,1.0882352941176472,19.970588235294116,21.058823529411764,1.0882352941176472,기장중;대청중,0,0,0,,,,0,2,False,0.0
TRADE_EF12FDDDDA4C,1,3,41.931372549019606,44.85294117647059,36.970588235294116,7.882352941176471,44.85294117647059,36.970588235294116,동수영중;망미중;부산수영중학교,0,0,0,,,,0,3,False,0.0
TRADE_EF2D04A54190,1,1,18.705882352941178,18.705882352941178,18.705882352941178,0.0,18.705882352941178,18.705882352941178,모라중,1,1,1,모라중,18.705882352941178,18.705882352941178,0,1,False,0.18705882352941178
TRADE_EF39407F1462,1,3,41.931372549019606,44.85294117647059,36.970588235294116,7.882352941176471,44.85294117647059,36.970588235294116,동수영중;망미중;부산수영중,0,0,0,,,,0,3,False,0.0
TRADE_EF486EC19180,1,4,43.66176470588235,71.8529411764706,26.294117647058822,45.55882352941177,71.8529411764706,26.294117647058822,동신중;안락중;충렬중;학산여중,0,0,0,,,,0,4,False,0.0
TRADE_EF5148799CEC,1,4,61.13970588235294,69.70588235294117,46.5,23.205882352941174,69.70588235294117,46.5,건국중;당리중;사하중;하단중,0,0,0,,,,0,4,False,0.0
TRADE_EF582FCFC701,1,3,45.45098039215686,73.88235294117646,21.999999999999996,51.882352941176464,73.88235294117646,21.999999999999996,동의중;부산진여중;양동여중,0,0,0,,,,0,3,False,0.0
TRADE_EF6549D1791D,1,4,44.977941176470594,58.00000000000001,34.82352941176471,23.176470588235297,58.00000000000001,34.82352941176471,경남중;부산여중;부산중앙여자중학교;송도중,0,0,0,,,,0,4,False,0.0
TRADE_EF65EFD08190,1,4,53.57352941176471,73.52941176470588,40.02941176470588,33.50000000000001,73.52941176470588,40.02941176470588,광안중;동아중;부산수영중;한바다중,0,0,0,,,,0,4,False,0.0
TRADE_EF75D0C53E4D,1,3,37.5,68.26470588235294,19.323529411764707,48.94117647058823,68.26470588235294,19.323529411764707,경남여중;부산중;선화여중,0,0,0,,,,0,3,False,0.0
TRADE_EF8776C7F9C5,1,3,59.14705882352941,76.79411764705881,45.05882352941177,31.735294117647044,76.79411764705881,45.05882352941177,감천중;삼성중;장평중,0,0,0,,,,0,3,False,0.0
TRADE_EFDAD08C908B,1,3,59.529411764705884,78.3529411764706,36.50000000000001,41.85294117647059,78.3529411764706,36.50000000000001,동래중;온천중;유락여중,0,0,0,,,,0,3,False,0.0
TRADE_EFDC400167EB,1,4,56.51470588235294,69.70588235294117,45.05882352941177,24.647058823529406,69.70588235294117,45.05882352941177,당리중;동주여중;사하중;장평중,0,0,0,,,,0,4,False,0.0
TRADE_F0028E519AE4,1,4,60.19117647058823,69.70588235294117,46.5,23.205882352941174,69.70588235294117,46.5,건국중;당리중;동주여중;사하중,0,0,0,,,,0,4,False,0.0
TRADE_F002974D5E71,1,3,82.88235294117648,93.44117647058823,67.5,25.941176470588232,93.44117647058823,67.5,분포중;오륙도중;용호중,0,0,0,,,,0,3,False,0.0
TRADE_F0434FA558A4,1,6,52.04901960784314,76.79411764705881,34.82352941176471,41.9705882352941,76.79411764705881,34.82352941176471,감천중;경남중;부산여중;부산중앙여자중학교;삼성중;송도중,0,0,0,,,,0,6,False,0.0
TRADE_F09179810A21,1,2,75.11764705882354,84.70588235294117,65.52941176470588,19.17647058823529,84.70588235294117,65.52941176470588,구서여중;남산중,0,0,0,,,,0,2,False,0.0
TRADE_F09DB0D9E8DD,1,3,59.529411764705884,78.3529411764706,36.50000000000001,41.85294117647059,78.3529411764706,36.50000000000001,동래중;온천중;유락여중,0,0,0,,,,0,3,False,0.0
TRADE_F0CF5583636B,1,1,15.705882352941176,15.705882352941176,15.705882352941176,0.0,15.705882352941176,15.705882352941176,덕천중,1,1,1,덕천중,15.705882352941176,15.705882352941176,0,1,False,0.15705882352941175
TRADE_F0E8166DC357,1,3,48.96078431372549,56.970588235294116,40.44117647058824,16.529411764705877,56.970588235294116,40.44117647058824,영도제일중;태종대중;해동중,0,0,0,,,,0,3,False,0.0
TRADE_F1406606D78C,1,4,55.205882352941174,68.58823529411767,46.5,22.088235294117666,68.58823529411767,46.5,대동중;사하중;하남중;하단중,0,0,0,,,,0,4,False,0.0
TRADE_F146B8F01667,1,3,34.29411764705882,40.23529411764706,22.882352941176467,17.35294117647059,40.23529411764706,22.882352941176467,대연중;석포여중;해연중,0,0,0,,,,0,3,False,0.0
TRADE_F1533B5451AA,1,5,50.25294117647059,73.52941176470588,36.970588235294116,36.55882352941177,73.52941176470588,36.970588235294116,광안중;동수영중;동아중;부산수영중학교;한바다중,0,0,0,,,,0,5,False,0.0
TRADE_F156D8CE171F,1,4,72.78676470588235,94.26470588235294,36.50000000000001,57.764705882352935,94.26470588235294,36.50000000000001,사직여중;사직중;여명중;온천중,0,0,0,,,,0,4,False,0.0
TRADE_F17F13639B32,1,3,56.68627450980392,58.67647058823528,54.82352941176472,3.8529411764705657,58.67647058823528,54.82352941176472,광무여중;부산진중;서면중,0,0,0,,,,0,3,False,0.0
TRADE_F1BAB253A9BF,1,2,30.82352941176471,41.76470588235294,19.882352941176475,21.882352941176467,41.76470588235294,19.882352941176475,엄궁중;학장중,0,0,0,,,,0,2,False,0.0
TRADE_F1E1C44B97ED,1,3,55.568627450980394,69.55882352941177,45.44117647058823,24.117647058823536,69.55882352941177,45.44117647058823,동현중;부곡여자중;부곡중,0,0,0,,,,0,3,False,0.0
TRADE_F21B82EB6D8B,1,3,42.720588235294116,45.14705882352941,40.294117647058826,4.852941176470587,45.14705882352941,40.294117647058826,문현여중;배정중;부산중앙중,0,0,0,,,,0,2,False,0.0
TRADE_F22162C535D5,1,3,48.568627450980394,64.52941176470588,30.617647058823533,33.91176470588235,64.52941176470588,30.617647058823533,연산중;연일중;연제중,0,0,0,,,,0,3,False,0.0
TRADE_F226ECF0BD7E,1,2,34.794117647058826,45.38235294117647,24.205882352941178,21.176470588235293,45.38235294117647,24.205882352941178,초연중;초읍중,0,0,0,,,,0,2,False,0.0
TRADE_F22B812AB314,1,5,50.25294117647059,73.52941176470588,36.970588235294116,36.55882352941177,73.52941176470588,36.970588235294116,광안중;동수영중;동아중;부산수영중학교;한바다중,0,0,0,,,,0,5,False,0.0
TRADE_F2348E1F52F3,1,4,83.57352941176471,97.70588235294117,54.23529411764706,43.470588235294116,97.70588235294117,54.23529411764706,동백중;해강중;해운대여중;해운대중,0,0,0,,,,0,4,False,0.0
TRADE_F246C68B129A,1,4,53.47058823529412,57.294117647058826,45.20588235294118,12.088235294117645,57.294117647058826,45.20588235294118,광무여중;동평여중;동평중;서면중,0,0,0,,,,0,4,False,0.0
TRADE_F247FD985A74,1,2,34.794117647058826,45.38235294117647,24.205882352941178,21.176470588235293,45.38235294117647,24.205882352941178,초연중;초읍중,0,0,0,,,,0,2,False,0.0
TRADE_F258CEB8190C,1,3,47.372549019607845,62.52941176470588,21.999999999999996,40.529411764705884,62.52941176470588,21.999999999999996,덕명여중;부산동중;부산진여중,0,0,0,,,,0,3,False,0.0
TRADE_F261E132BB04,1,3,34.26470588235294,40.82352941176471,26.294117647058822,14.529411764705888,40.82352941176471,26.294117647058822,동신중;충렬중;학산여중,0,0,0,,,,0,3,False,0.0
TRADE_F27E6CF3F979,1,5,50.25294117647059,73.52941176470588,36.970588235294116,36.55882352941177,73.52941176470588,36.970588235294116,광안중;동수영중;동아중;부산수영중학교;한바다중,0,0,0,,,,0,5,False,0.0
TRADE_F280B32D4A85,1,3,51.127450980392155,83.17647058823529,35.02941176470588,48.14705882352941,83.17647058823529,35.02941176470588,남도여중;부산남중;부산영선중학교,0,0,0,,,,0,3,False,0.0
TRADE_F28E1A121F72,1,4,49.5,73.88235294117646,21.999999999999996,51.882352941176464,73.88235294117646,21.999999999999996,덕명여중;동의중;부산진여중;항도중,0,0,0,,,,0,4,False,0.0
TRADE_F295554D28CB,1,3,59.14705882352941,76.79411764705881,45.05882352941177,31.735294117647044,76.79411764705881,45.05882352941177,감천중;삼성중;장평중,0,0,0,,,,0,3,False,0.0
TRADE_F2AAC799D447,1,3,66.3235294117647,87.20588235294116,40.23529411764706,46.9705882352941,87.20588235294116,40.23529411764706,남천중;대연중;대천중,0,0,0,,,,0,3,False,0.0
TRADE_F2B051EAD7BA,1,4,44.977941176470594,58.00000000000001,34.82352941176471,23.176470588235297,58.00000000000001,34.82352941176471,경남중;부산여중;부산중앙여자중학교;송도중,0,0,0,,,,0,4,False,0.0
TRADE_F2B81CBAB54B,1,0,,,,,,,,0,0,0,,,,0,0,False,0.0
TRADE_F2EC81162DB7,1,3,17.95098039215686,31.705882352941174,1.0882352941176472,30.617647058823525,31.705882352941174,1.0882352941176472,기장중;대청중;일광중,0,0,0,,,,0,3,False,0.0
TRADE_F2F1A8A361BF,1,3,74.15686274509805,88.5,51.70588235294118,36.79411764705882,88.5,51.70588235294118,금정중;부곡여중;장전중,0,0,0,,,,0,3,False,0.0
TRADE_F303A5E3B11E,1,5,50.25294117647059,73.52941176470588,36.970588235294116,36.55882352941177,73.52941176470588,36.970588235294116,광안중;동수영중;동아중;부산수영중학교;한바다중,0,0,0,,,,0,5,False,0.0
TRADE_F315A7264692,1,6,49.4264705882353,77.23529411764707,34.82352941176471,42.41176470588236,77.23529411764707,34.82352941176471,경남중;대신여중;부산여중;부산중앙여자중학교;송도중;초장중,0,0,0,,,,0,6,False,0.0
TRADE_F31CF1D9E1EA,1,2,38.705882352941174,54.11764705882353,23.294117647058822,30.823529411764707,54.11764705882353,23.294117647058822,동주중;주례여중,0,0,0,,,,0,2,False,0.0
TRADE_F32C48FE3147,1,2,43.51470588235294,48.088235294117645,38.94117647058823,9.147058823529413,48.088235294117645,38.94117647058823,만덕중;백양중,0,0,0,,,,0,2,False,0.0
TRADE_F3685EBECB50,1,3,34.29411764705882,40.23529411764706,22.882352941176467,17.35294117647059,40.23529411764706,22.882352941176467,대연중;석포여중;해연중,0,0,0,,,,0,3,False,0.0
TRADE_F3CC5F71AC5B,1,3,75.27450980392156,94.26470588235294,51.8235294117647,42.44117647058824,94.26470588235294,51.8235294117647,거제여중;여명중;이사벨중,0,0,0,,,,0,3,False,0.0
TRADE_F3D21EAA19CE,1,1,18.705882352941178,18.705882352941178,18.705882352941178,0.0,18.705882352941178,18.705882352941178,모라중,1,1,1,모라중,18.705882352941178,18.705882352941178,0,1,False,0.18705882352941178
TRADE_F3D4F19867A6,1,3,48.30392156862746,98.91176470588236,18.88235294117647,80.02941176470588,98.91176470588236,18.88235294117647,센텀중;재송여자중;재송중,0,0,0,,,,0,3,False,0.0
TRADE_F412B9206AA6,1,4,60.19117647058823,69.70588235294117,46.5,23.205882352941174,69.70588235294117,46.5,건국중;당리중;동주여중;사하중,0,0,0,,,,0,4,False,0.0
TRADE_F41AC68C1854,1,3,82.88235294117648,93.44117647058823,67.5,25.941176470588232,93.44117647058823,67.5,분포중;오륙도중;용호중,0,0,0,,,,0,3,False,0.0
TRADE_F42A500E22B9,1,3,37.5,68.26470588235294,19.323529411764707,48.94117647058823,68.26470588235294,19.323529411764707,경남여중;부산중;선화여중,0,0,0,,,,0,3,False,0.0
TRADE_F4373A02FA12,1,3,79.57843137254902,88.5,65.52941176470588,22.970588235294116,88.5,65.52941176470588,구서여중;남산중;장전중,0,0,0,,,,0,3,False,0.0
TRADE_F48AFC728D91,1,3,79.57843137254902,88.5,65.52941176470588,22.970588235294116,88.5,65.52941176470588,구서여중;남산중;장전중,0,0,0,,,,0,3,False,0.0
TRADE_F49DE35A1079,1,4,72.78676470588235,94.26470588235294,36.50000000000001,57.764705882352935,94.26470588235294,36.50000000000001,사직여중;사직중;여명중;온천중,0,0,0,,,,0,4,False,0.0
TRADE_F4CA64879670,1,3,37.5,68.26470588235294,19.323529411764707,48.94117647058823,68.26470588235294,19.323529411764707,경남여중;부산중;선화여중,0,0,0,,,,0,3,False,0.0
TRADE_F52D6291D5CB,1,3,47.372549019607845,62.52941176470588,21.999999999999996,40.529411764705884,62.52941176470588,21.999999999999996,덕명여중;부산동중;부산진여중,0,0,0,,,,0,3,False,0.0
TRADE_F52E2D4F5368,1,3,51.127450980392155,83.17647058823529,35.02941176470588,48.14705882352941,83.17647058823529,35.02941176470588,남도여중;부산남중;부산영선중학교,0,0,0,,,,0,3,False,0.0
TRADE_F52EF3A4B17A,1,3,34.29411764705882,40.23529411764706,22.882352941176467,17.35294117647059,40.23529411764706,22.882352941176467,대연중;석포여중;해연중,0,0,0,,,,0,3,False,0.0
TRADE_F53D98B94F32,1,3,72.96078431372548,78.3529411764706,63.73529411764706,14.617647058823536,78.3529411764706,63.73529411764706,동래중;동해중;유락여중,0,0,0,,,,0,3,False,0.0
TRADE_F53E77C97822,1,3,34.29411764705882,40.23529411764706,22.882352941176467,17.35294117647059,40.23529411764706,22.882352941176467,대연중;석포여중;해연중,0,0,0,,,,0,3,False,0.0
TRADE_F565230433ED,1,5,66.6,87.20588235294116,43.970588235294116,43.235294117647044,87.20588235294116,43.970588235294116,남천중;대천중;동아중;부산수영중;한바다중,0,0,0,,,,0,5,False,0.0
TRADE_F5B3A938871B,1,3,55.568627450980394,69.55882352941177,45.44117647058823,24.117647058823536,69.55882352941177,45.44117647058823,동현중;부곡여자중;부곡중,0,0,0,,,,0,3,False,0.0
TRADE_F605EE2BCFC1,1,3,46.32352941176472,71.8529411764706,26.294117647058822,45.55882352941177,71.8529411764706,26.294117647058822,안락중;충렬중;학산여중,0,0,0,,,,0,3,False,0.0
TRADE_F609199FC0D4,1,3,42.75490196078431,58.67647058823528,24.205882352941178,34.4705882352941,58.67647058823528,24.205882352941178,부산진중;초연중;초읍중,0,0,0,,,,0,3,False,0.0
TRADE_F61E3F4B7C06,1,3,58.08823529411765,73.52941176470588,43.970588235294116,29.558823529411768,73.52941176470588,43.970588235294116,동아중;부산수영중학교;한바다중,0,0,0,,,,0,3,False,0.0
TRADE_F63773697251,1,3,82.88235294117648,93.44117647058823,67.5,25.941176470588232,93.44117647058823,67.5,분포중;오륙도중;용호중,0,0,0,,,,0,3,False,0.0
TRADE_F63E4A063087,1,5,66.6,87.20588235294116,43.970588235294116,43.235294117647044,87.20588235294116,43.970588235294116,남천중;대천중;동아중;부산수영중;한바다중,0,0,0,,,,0,5,False,0.0
TRADE_F64CA2787881,1,4,53.57352941176471,73.52941176470588,40.02941176470588,33.50000000000001,73.52941176470588,40.02941176470588,광안중;동아중;부산수영중;한바다중,0,0,0,,,,0,4,False,0.0
TRADE_F660740AE1B1,1,7,48.98319327731093,68.26470588235294,19.323529411764707,48.94117647058823,68.26470588235294,19.323529411764707,경남여중;경남중;덕원중;동주여중;부산대신중학교;부산여중;선화여중,0,0,0,,,,0,7,False,0.0
TRADE_F6A967CA1AFF,1,2,75.11764705882354,84.70588235294117,65.52941176470588,19.17647058823529,84.70588235294117,65.52941176470588,구서여중;남산중,0,0,0,,,,0,2,False,0.0
TRADE_F6B5F66FA1FB,1,5,66.6,87.20588235294116,43.970588235294116,43.235294117647044,87.20588235294116,43.970588235294116,남천중;대천중;동아중;부산수영중;한바다중,0,0,0,,,,0,5,False,0.0
TRADE_F6C0DB44824B,1,6,50.333333333333336,79.73529411764706,30.617647058823533,49.11764705882352,79.73529411764706,30.617647058823533,동신중;연산중;연일중;연제중;이사벨중;토현중,0,0,0,,,,0,6,False,0.0
TRADE_F6CD2C623016,1,3,48.17647058823528,58.67647058823528,40.470588235294116,18.205882352941167,58.67647058823528,40.470588235294116,부산진중;양동여중;초연중,0,0,0,,,,0,3,False,0.0
TRADE_F6D46AA1464A,1,3,59.529411764705884,78.3529411764706,36.50000000000001,41.85294117647059,78.3529411764706,36.50000000000001,동래중;온천중;유락여중,0,0,0,,,,0,3,False,0.0
TRADE_F6E2CEAC06F0,1,4,44.867647058823536,58.00000000000001,34.82352941176471,23.176470588235297,58.00000000000001,34.82352941176471,경남중;대신여중;덕원중;부산여중,0,0,0,,,,0,4,False,0.0
TRADE_F6EACFA14BD2,1,4,61.13970588235294,69.70588235294117,46.5,23.205882352941174,69.70588235294117,46.5,건국중;당리중;사하중;하단중,0,0,0,,,,0,4,False,0.0
TRADE_F6FD9C00777D,1,2,42.838235294117645,43.970588235294116,41.705882352941174,2.264705882352942,43.970588235294116,41.705882352941174,대천리중;화신중,0,0,0,,,,0,2,False,0.0
TRADE_F6FFD9298657,1,5,50.25294117647059,73.52941176470588,36.970588235294116,36.55882352941177,73.52941176470588,36.970588235294116,광안중;동수영중;동아중;부산수영중학교;한바다중,0,0,0,,,,0,5,False,0.0
TRADE_F71FA6C540B7,1,4,56.51470588235294,69.70588235294117,45.05882352941177,24.647058823529406,69.70588235294117,45.05882352941177,당리중;동주여중;사하중;장평중,0,0,0,,,,0,4,False,0.0
TRADE_F7291CD77554,1,3,53.72549019607843,58.67647058823528,45.20588235294118,13.470588235294102,58.67647058823528,45.20588235294118,동평여중;동평중;부산진중,0,0,0,,,,0,3,False,0.0
TRADE_F751F1BD988C,1,3,48.96078431372549,56.970588235294116,40.44117647058824,16.529411764705877,56.970588235294116,40.44117647058824,영도제일중;태종대중;해동중,0,0,0,,,,0,3,False,0.0
TRADE_F769E2E50A70,1,5,52.54117647058823,77.23529411764707,34.82352941176471,42.41176470588236,77.23529411764707,34.82352941176471,경남중;부산대신중학교;부산여중;부산중앙여자중학교;초장중,0,0,0,,,,0,5,False,0.0
TRADE_F780448DFB49,1,3,59.14705882352941,76.79411764705881,45.05882352941177,31.735294117647044,76.79411764705881,45.05882352941177,감천중;삼성중;장평중,0,0,0,,,,0,3,False,0.0
TRADE_F7AB6583136E,1,3,52.44117647058824,57.294117647058826,45.20588235294118,12.088235294117645,57.294117647058826,45.20588235294118,동평여중;동평중;서면중,0,0,0,,,,0,3,False,0.0
TRADE_F7B6D2F9B8AB,1,3,51.127450980392155,83.17647058823529,35.02941176470588,48.14705882352941,83.17647058823529,35.02941176470588,남도여중;부산남중;부산영선중학교,0,0,0,,,,0,3,False,0.0
TRADE_F7F70940A26D,1,5,50.25294117647059,73.52941176470588,36.970588235294116,36.55882352941177,73.52941176470588,36.970588235294116,광안중;동수영중;동아중;부산수영중학교;한바다중,0,0,0,,,,0,5,False,0.0
TRADE_F825D2D4A068,1,3,37.5,68.26470588235294,19.323529411764707,48.94117647058823,68.26470588235294,19.323529411764707,경남여중;부산중;선화여중,0,0,0,,,,0,3,False,0.0
TRADE_F82E9671D56C,1,4,61.13970588235294,69.70588235294117,46.5,23.205882352941174,69.70588235294117,46.5,건국중;당리중;사하중;하단중,0,0,0,,,,0,4,False,0.0
TRADE_F860B13E2AD5,1,6,49.220588235294116,64.79411764705883,34.82352941176471,29.970588235294116,64.79411764705883,34.82352941176471,경남중;동주여중;부산대신중학교;부산여중;부산중앙여자중학교;장평중,0,0,0,,,,0,6,False,0.0
TRADE_F86A82D14D89,1,5,38.95294117647059,53.91176470588235,23.61764705882353,30.29411764705882,53.91176470588235,23.61764705882353,대동중;두송중;영남중;장림여중;장평중,0,0,0,,,,0,5,False,0.0
TRADE_F87CBA95C285,1,3,37.5,68.26470588235294,19.323529411764707,48.94117647058823,68.26470588235294,19.323529411764707,경남여중;부산중;선화여중,0,0,0,,,,0,3,False,0.0
TRADE_F89441EC947E,1,2,73.89705882352942,82.26470588235294,65.52941176470588,16.735294117647058,82.26470588235294,65.52941176470588,금정중;남산중,0,0,0,,,,0,2,False,0.0
TRADE_F896634D0054,1,6,50.259803921568626,83.17647058823529,19.323529411764707,63.85294117647058,83.17647058823529,19.323529411764707,경남여중;덕원중;부산남중;부산대신중학교;선화여중;신선중,0,0,0,,,,0,6,False,0.0
TRADE_F89707273E3D,1,4,44.977941176470594,58.00000000000001,34.82352941176471,23.176470588235297,58.00000000000001,34.82352941176471,경남중;부산여중;부산중앙여자중학교;송도중,0,0,0,,,,0,4,False,0.0
TRADE_F8BEAE346959,1,4,60.19117647058823,69.70588235294117,46.5,23.205882352941174,69.70588235294117,46.5,건국중;당리중;동주여중;사하중,0,0,0,,,,0,4,False,0.0
TRADE_F8E6B8A09758,1,3,58.08823529411765,73.52941176470588,43.970588235294116,29.558823529411768,73.52941176470588,43.970588235294116,동아중;부산수영중학교;한바다중,0,0,0,,,,0,3,False,0.0
TRADE_F8FB24F2A8F9,1,5,50.25294117647059,73.52941176470588,36.970588235294116,36.55882352941177,73.52941176470588,36.970588235294116,광안중;동수영중;동아중;부산수영중학교;한바다중,0,0,0,,,,0,5,False,0.0
TRADE_F90EEC1D931E,1,2,11.073529411764707,21.058823529411764,1.0882352941176472,19.970588235294116,21.058823529411764,1.0882352941176472,기장중;대청중,0,0,0,,,,0,2,False,0.0
TRADE_F93875BF40B6,1,0,,,,,,,,0,0,0,,,,0,0,False,0.0
TRADE_F941CA8148CC,1,3,47.372549019607845,62.52941176470588,21.999999999999996,40.529411764705884,62.52941176470588,21.999999999999996,덕명여중;부산동중;부산진여중,0,0,0,,,,0,3,False,0.0
TRADE_F94389AEFDBD,1,3,65.62745098039215,80.5,36.50000000000001,43.99999999999999,80.5,36.50000000000001,사직여중;사직중;온천중,0,0,0,,,,0,3,False,0.0
TRADE_F945232E9E9B,1,6,50.35294117647059,77.23529411764707,34.82352941176471,42.41176470588236,77.23529411764707,34.82352941176471,경남중;대신여중;부산대신중학교;부산여중;부산중앙여자중학교;초장중,0,0,0,,,,0,6,False,0.0
TRADE_F95DC655188B,1,2,75.11764705882354,84.70588235294117,65.52941176470588,19.17647058823529,84.70588235294117,65.52941176470588,구서여중;남산중,0,0,0,,,,0,2,False,0.0
TRADE_F96483CD848B,1,4,53.57352941176471,73.52941176470588,40.02941176470588,33.50000000000001,73.52941176470588,40.02941176470588,광안중;동아중;부산수영중;한바다중,0,0,0,,,,0,4,False,0.0
TRADE_F9AC72B59BA6,1,2,75.11764705882354,84.70588235294117,65.52941176470588,19.17647058823529,84.70588235294117,65.52941176470588,구서여중;남산중,0,0,0,,,,0,2,False,0.0
TRADE_F9E18A9D484F,1,4,45.669117647058826,58.00000000000001,34.82352941176471,23.176470588235297,58.00000000000001,34.82352941176471,경남중;대신여중;부산대신중학교;부산여중,0,0,0,,,,0,4,False,0.0
TRADE_F9F1F72BD7E3,1,6,50.259803921568626,83.17647058823529,19.323529411764707,63.85294117647058,83.17647058823529,19.323529411764707,경남여중;덕원중;부산남중;부산대신중학교;선화여중;신선중,0,0,0,,,,0,6,False,0.0
TRADE_FA0E876D5DAA,1,6,54.509803921568626,76.79411764705881,34.82352941176471,41.9705882352941,76.79411764705881,34.82352941176471,경남중;동주여중;부산대신중학교;부산여중;부산중앙여자중학교;삼성중,0,0,0,,,,0,6,False,0.0
TRADE_FA2382D96D4B,1,5,60.3,87.20588235294116,40.02941176470588,47.17647058823528,87.20588235294116,40.02941176470588,광안중;남천중;동아중;부산수영중;한바다중,0,0,0,,,,0,5,False,0.0
TRADE_FA3846C69CAC,1,6,45.35294117647059,58.00000000000001,34.82352941176471,23.176470588235297,58.00000000000001,34.82352941176471,경남중;대신여중;덕원중;부산대신중학교;부산여중;부산중앙여자중학교,0,0,0,,,,0,6,False,0.0
TRADE_FA6F2B02E376,1,2,11.073529411764707,21.058823529411764,1.0882352941176472,19.970588235294116,21.058823529411764,1.0882352941176472,기장중;대청중,0,0,0,,,,0,2,False,0.0
TRADE_FA7A48A8B617,1,3,82.88235294117648,93.44117647058823,67.5,25.941176470588232,93.44117647058823,67.5,분포중;오륙도중;용호중,0,0,0,,,,0,3,False,0.0
TRADE_FA7D459F759B,1,5,50.25294117647059,73.52941176470588,36.970588235294116,36.55882352941177,73.52941176470588,36.970588235294116,광안중;동수영중;동아중;부산수영중학교;한바다중,0,0,0,,,,0,5,False,0.0
TRADE_FA84C84729E5,1,3,59.529411764705884,78.3529411764706,36.50000000000001,41.85294117647059,78.3529411764706,36.50000000000001,동래중;온천중;유락여중,0,0,0,,,,0,3,False,0.0
TRADE_FAA4D1C6344C,1,9,52.36601307189542,69.70588235294117,34.82352941176471,34.882352941176464,69.70588235294117,34.82352941176471,건국중;경남중;당리중;동주여중;부산대신중학교;부산여중;부산중앙여자중학교;사하중;장평중,0,0,0,,,,0,9,False,0.0
TRADE_FAC5A998B61D,1,3,48.568627450980394,64.52941176470588,30.617647058823533,33.91176470588235,64.52941176470588,30.617647058823533,연산중;연일중;연제중,0,0,0,,,,0,3,False,0.0
TRADE_FACB08F6D0EA,1,0,,,,,,,,0,0,0,,,,0,0,False,0.0
TRADE_FAD12E226CB3,1,1,42.67647058823529,42.67647058823529,42.67647058823529,0.0,42.67647058823529,42.67647058823529,낙동중,1,1,1,낙동중,42.67647058823529,42.67647058823529,0,1,False,0.4267647058823529
TRADE_FAE0D07C0522,1,5,38.95294117647059,53.91176470588235,23.61764705882353,30.29411764705882,53.91176470588235,23.61764705882353,대동중;두송중;영남중;장림여중;장평중,0,0,0,,,,0,5,False,0.0
TRADE_FAF65060E522,1,3,77.5,84.70588235294117,65.52941176470588,19.17647058823529,84.70588235294117,65.52941176470588,구서여중;금정중;남산중,0,0,0,,,,0,3,False,0.0
TRADE_FAF8701F5D68,1,0,,,,,,,,0,0,0,,,,0,0,False,0.0
TRADE_FB36773A293B,1,3,43.455882352941174,47.147058823529406,39.76470588235294,7.382352941176464,47.147058823529406,39.76470588235294,감만중;배정중;석포여중,0,0,0,,,,0,2,False,0.0
TRADE_FB48E8240033,1,3,79.57843137254902,88.5,65.52941176470588,22.970588235294116,88.5,65.52941176470588,구서여중;남산중;장전중,0,0,0,,,,0,3,False,0.0
TRADE_FB4C70EACA84,1,3,75.27450980392156,94.26470588235294,51.8235294117647,42.44117647058824,94.26470588235294,51.8235294117647,거제여중;여명중;이사벨중,0,0,0,,,,0,3,False,0.0
TRADE_FB7DF34C9AC7,1,2,11.073529411764707,21.058823529411764,1.0882352941176472,19.970588235294116,21.058823529411764,1.0882352941176472,기장중;대청중,0,0,0,,,,0,2,False,0.0
TRADE_FB81EFB1B358,1,0,,,,,,,,0,0,0,,,,0,0,False,0.0
TRADE_FB8B7B91CBD1,1,4,83.57352941176471,97.70588235294117,54.23529411764706,43.470588235294116,97.70588235294117,54.23529411764706,동백중;해강중;해운대여중;해운대중,0,0,0,,,,0,4,False,0.0
TRADE_FBA125C38AC2,1,6,49.220588235294116,64.79411764705883,34.82352941176471,29.970588235294116,64.79411764705883,34.82352941176471,경남중;동주여중;부산대신중학교;부산여중;부산중앙여자중학교;장평중,0,0,0,,,,0,6,False,0.0
TRADE_FBA3A6E33748,1,6,49.4264705882353,77.23529411764707,34.82352941176471,42.41176470588236,77.23529411764707,34.82352941176471,경남중;대신여중;부산여중;부산중앙여자중학교;송도중;초장중,0,0,0,,,,0,6,False,0.0
TRADE_FBA8D9FD3CAD,1,3,34.29411764705882,40.23529411764706,22.882352941176467,17.35294117647059,40.23529411764706,22.882352941176467,대연중;석포여중;해연중,0,0,0,,,,0,3,False,0.0
TRADE_FBB6D79AB8DC,1,4,61.13970588235294,69.70588235294117,46.5,23.205882352941174,69.70588235294117,46.5,건국중;당리중;사하중;하단중,0,0,0,,,,0,4,False,0.0
TRADE_FBC36BF0DD6D,1,2,71.04411764705883,78.3529411764706,63.73529411764706,14.617647058823536,78.3529411764706,63.73529411764706,동래중;유락여자중,0,0,0,,,,0,2,False,0.0
TRADE_FBE80D2A64BC,1,2,21.970588235294116,21.970588235294116,21.970588235294116,0.0,21.970588235294116,21.970588235294116,반송중;운송중,0,0,0,,,,0,1,False,0.0
TRADE_FBEAD503BDC9,1,5,50.25294117647059,73.52941176470588,36.970588235294116,36.55882352941177,73.52941176470588,36.970588235294116,광안중;동수영중;동아중;부산수영중학교;한바다중,0,0,0,,,,0,5,False,0.0
TRADE_FC1AD1DC5B24,1,3,34.26470588235294,40.82352941176471,26.294117647058822,14.529411764705888,40.82352941176471,26.294117647058822,동신중;충렬중;학산여중,0,0,0,,,,0,3,False,0.0
TRADE_FC2C4081ADEA,1,3,37.794117647058826,48.5,27.088235294117645,21.411764705882355,48.5,27.088235294117645,금성중;부산동여중;부산서중,0,0,0,,,,0,2,False,0.0
TRADE_FC339FBFA39B,1,3,48.17647058823528,58.67647058823528,40.470588235294116,18.205882352941167,58.67647058823528,40.470588235294116,부산진중;양동여중;초연중,0,0,0,,,,0,3,False,0.0
TRADE_FC598129D427,1,2,73.89705882352942,82.26470588235294,65.52941176470588,16.735294117647058,82.26470588235294,65.52941176470588,금정중;남산중,0,0,0,,,,0,2,False,0.0
TRADE_FC653D216CA8,1,2,11.073529411764707,21.058823529411764,1.0882352941176472,19.970588235294116,21.058823529411764,1.0882352941176472,기장중;대청중,0,0,0,,,,0,2,False,0.0
TRADE_FC9E269CCAB2,1,3,42.720588235294116,45.14705882352941,40.294117647058826,4.852941176470587,45.14705882352941,40.294117647058826,문현여중;배정중;부산중앙중,0,0,0,,,,0,2,False,0.0
TRADE_FCD800419D4B,1,4,68.85294117647058,78.3529411764706,56.529411764705884,21.82352941176471,78.3529411764706,56.529411764705884,동래중;동해중;부산내성중학교;유락여중,0,0,0,,,,0,4,False,0.0
TRADE_FCDBD6AE1241,1,4,49.5,73.88235294117646,21.999999999999996,51.882352941176464,73.88235294117646,21.999999999999996,덕명여중;동의중;부산진여중;항도중,0,0,0,,,,0,4,False,0.0
TRADE_FCE3EAB6B5F9,1,3,55.568627450980394,69.55882352941177,45.44117647058823,24.117647058823536,69.55882352941177,45.44117647058823,동현중;부곡여자중;부곡중,0,0,0,,,,0,3,False,0.0
TRADE_FCE45A0A9045,1,3,51.127450980392155,83.17647058823529,35.02941176470588,48.14705882352941,83.17647058823529,35.02941176470588,남도여중;부산남중;부산영선중학교,0,0,0,,,,0,3,False,0.0
TRADE_FCE7828F1D73,1,5,50.25294117647059,73.52941176470588,36.970588235294116,36.55882352941177,73.52941176470588,36.970588235294116,광안중;동수영중;동아중;부산수영중학교;한바다중,0,0,0,,,,0,5,False,0.0
TRADE_FCF19637D809,1,2,38.705882352941174,54.11764705882353,23.294117647058822,30.823529411764707,54.11764705882353,23.294117647058822,동주중;주례여중,0,0,0,,,,0,2,False,0.0
TRADE_FD1E94616D30,1,5,50.25294117647059,73.52941176470588,36.970588235294116,36.55882352941177,73.52941176470588,36.970588235294116,광안중;동수영중;동아중;부산수영중학교;한바다중,0,0,0,,,,0,5,False,0.0
TRADE_FD254D962EA5,1,1,45.647058823529406,45.647058823529406,45.647058823529406,0.0,45.647058823529406,45.647058823529406,신호중,1,1,1,신호중,45.647058823529406,45.647058823529406,0,1,False,0.4564705882352941
TRADE_FD260E5E347D,1,3,48.568627450980394,64.52941176470588,30.617647058823533,33.91176470588235,64.52941176470588,30.617647058823533,연산중;연일중;연제중,0,0,0,,,,0,3,False,0.0
TRADE_FD47723F21D2,1,3,72.96078431372548,78.3529411764706,63.73529411764706,14.617647058823536,78.3529411764706,63.73529411764706,동래중;동해중;유락여중,0,0,0,,,,0,3,False,0.0
TRADE_FD64EA77AA7E,1,4,38.25,53.91176470588235,23.61764705882353,30.29411764705882,53.91176470588235,23.61764705882353,대동중;영남중;장림여중;장평중,0,0,0,,,,0,4,False,0.0
TRADE_FD774613AC5C,1,3,34.29411764705882,40.23529411764706,22.882352941176467,17.35294117647059,40.23529411764706,22.882352941176467,대연중;석포여중;해연중,0,0,0,,,,0,3,False,0.0
TRADE_FD7E5E379BA6,1,3,32.509803921568626,43.470588235294116,21.14705882352941,22.323529411764707,43.470588235294116,21.14705882352941,개금여중;개림중;부산개성중,0,0,0,,,,0,3,False,0.0
TRADE_FDC566300C9F,1,4,72.78676470588235,94.26470588235294,36.50000000000001,57.764705882352935,94.26470588235294,36.50000000000001,사직여중;사직중;여명중;온천중,0,0,0,,,,0,4,False,0.0
TRADE_FDC9A8C6349B,1,3,65.62745098039215,80.5,36.50000000000001,43.99999999999999,80.5,36.50000000000001,사직여중;사직중;온천중,0,0,0,,,,0,3,False,0.0
TRADE_FDDE676AC71A,1,3,23.774509803921564,27.088235294117645,19.323529411764707,7.7647058823529385,27.088235294117645,19.323529411764707,경남여중;부산서중;부산중,0,0,0,,,,0,3,False,0.0
TRADE_FDE09C8F5A88,1,4,53.57352941176471,73.52941176470588,40.02941176470588,33.50000000000001,73.52941176470588,40.02941176470588,광안중;동아중;부산수영중;한바다중,0,0,0,,,,0,4,False,0.0
TRADE_FDF3FDEB87C5,1,4,43.794117647058826,58.82352941176471,30.617647058823533,28.205882352941178,58.82352941176471,30.617647058823533,망미중;연제중;연천중;토현중,0,0,0,,,,0,4,False,0.0
TRADE_FE02DA1E7FE9,1,3,47.372549019607845,62.52941176470588,21.999999999999996,40.529411764705884,62.52941176470588,21.999999999999996,덕명여중;부산동중;부산진여중,0,0,0,,,,0,3,False,0.0
TRADE_FE082A95E642,1,4,38.25,53.91176470588235,23.61764705882353,30.29411764705882,53.91176470588235,23.61764705882353,대동중;영남중;장림여중;장평중,0,0,0,,,,0,4,False,0.0
TRADE_FE32441BDE82,1,3,41.931372549019606,44.85294117647059,36.970588235294116,7.882352941176471,44.85294117647059,36.970588235294116,동수영중;망미중;부산수영중,0,0,0,,,,0,3,False,0.0
TRADE_FE4E811D0C95,1,6,50.35294117647059,77.23529411764707,34.82352941176471,42.41176470588236,77.23529411764707,34.82352941176471,경남중;대신여중;부산대신중학교;부산여중;부산중앙여자중학교;초장중,0,0,0,,,,0,6,False,0.0
TRADE_FE4F9D604910,1,3,68.95098039215686,78.3529411764706,51.70588235294118,26.647058823529413,78.3529411764706,51.70588235294118,동래중;동해중;부곡여중,0,0,0,,,,0,3,False,0.0
TRADE_FE7249F7FE1C,1,4,72.78676470588235,94.26470588235294,36.50000000000001,57.764705882352935,94.26470588235294,36.50000000000001,사직여중;사직중;여명중;온천중,0,0,0,,,,0,4,False,0.0
TRADE_FE76CDDCCE50,1,5,66.6,87.20588235294116,43.970588235294116,43.235294117647044,87.20588235294116,43.970588235294116,남천중;대천중;동아중;부산수영중;한바다중,0,0,0,,,,0,5,False,0.0
TRADE_FE78D5C28629,1,5,50.25294117647059,73.52941176470588,36.970588235294116,36.55882352941177,73.52941176470588,36.970588235294116,광안중;동수영중;동아중;부산수영중학교;한바다중,0,0,0,,,,0,5,False,0.0
TRADE_FE7B7B0CDB1E,1,2,38.705882352941174,54.11764705882353,23.294117647058822,30.823529411764707,54.11764705882353,23.294117647058822,동주중;주례여중,0,0,0,,,,0,2,False,0.0
TRADE_FED9360CDFBC,1,3,42.720588235294116,45.14705882352941,40.294117647058826,4.852941176470587,45.14705882352941,40.294117647058826,문현여중;배정중;부산중앙중,0,0,0,,,,0,2,False,0.0
TRADE_FEDA3FE09651,1,4,61.13970588235294,69.70588235294117,46.5,23.205882352941174,69.70588235294117,46.5,건국중;당리중;사하중;하단중,0,0,0,,,,0,4,False,0.0
TRADE_FF05FA1F129D,1,3,79.57843137254902,88.5,65.52941176470588,22.970588235294116,88.5,65.52941176470588,구서여중;남산중;장전중,0,0,0,,,,0,3,False,0.0
TRADE_FF34EA81A295,1,4,60.19117647058823,69.70588235294117,46.5,23.205882352941174,69.70588235294117,46.5,건국중;당리중;동주여중;사하중,0,0,0,,,,0,4,False,0.0
TRADE_FF5A4DF0ED62,1,3,42.720588235294116,45.14705882352941,40.294117647058826,4.852941176470587,45.14705882352941,40.294117647058826,문현여중;배정중;부산중앙중,0,0,0,,,,0,2,False,0.0
TRADE_FF6255ECEC1D,1,3,79.57843137254902,88.5,65.52941176470588,22.970588235294116,88.5,65.52941176470588,구서여중;남산중;장전중,0,0,0,,,,0,3,False,0.0
TRADE_FF6E61E9C090,1,3,45.45098039215686,73.88235294117646,21.999999999999996,51.882352941176464,73.88235294117646,21.999999999999996,동의중;부산진여중;양동여중,0,0,0,,,,0,3,False,0.0
TRADE_FF7A451516DA,1,2,75.11764705882354,84.70588235294117,65.52941176470588,19.17647058823529,84.70588235294117,65.52941176470588,구서여중;남산중,0,0,0,,,,0,2,False,0.0
TRADE_FF7BFC029F3F,1,4,49.5,73.88235294117646,21.999999999999996,51.882352941176464,73.88235294117646,21.999999999999996,덕명여중;동의중;부산진여중;항도중,0,0,0,,,,0,4,False,0.0
TRADE_FF91EDB8FF69,1,1,45.647058823529406,45.647058823529406,45.647058823529406,0.0,45.647058823529406,45.647058823529406,신호중,1,1,1,신호중,45.647058823529406,45.647058823529406,0,1,False,0.4564705882352941
TRADE_FF939441C63B,1,3,82.88235294117648,93.44117647058823,67.5,25.941176470588232,93.44117647058823,67.5,분포중;오륙도중;용호중,0,0,0,,,,0,3,False,0.0
TRADE_FFC5ED31B9D9,1,3,68.95098039215686,78.3529411764706,51.70588235294118,26.647058823529413,78.3529411764706,51.70588235294118,동래중;동해중;부곡여중,0,0,0,,,,0,3,False,0.0
TRADE_FFD104985BBC,1,4,49.5,73.88235294117646,21.999999999999996,51.882352941176464,73.88235294117646,21.999999999999996,덕명여중;동의중;부산진여중;항도중,0,0,0,,,,0,4,False,0.0
TRADE_FFD4A5F5A17C,1,2,27.088235294117645,27.088235294117645,27.088235294117645,0.0,27.088235294117645,27.088235294117645,금성중;부산서중,0,0,0,,,,0,1,False,0.0
TRADE_FFE056CFA891,1,1,45.647058823529406,45.647058823529406,45.647058823529406,0.0,45.647058823529406,45.647058823529406,신호중,1,1,1,신호중,45.647058823529406,45.647058823529406,0,1,False,0.4564705882352941
TRADE_FFE71C9A2872,1,0,,,,,,,,0,0,0,,,,0,0,False,0.0
TRADE_FFF84D96A3D9,1,2,11.073529411764707,21.058823529411764,1.0882352941176472,19.970588235294116,21.058823529411764,1.0882352941176472,기장중;대청중,0,0,0,,,,0,2,False,0.0
