month,kapt_code,complex_name,sigungu,dong,households,confirmed_households,priced_households,household_coverage,price_coverage,share_3m,share_6m,share_12m,market_cap_krw,partial_cap_krw,per_household_krw,market_cap_1m_krw,small_sample_1m,grade,reason,composition_hash,method_signature,historical_limit,initial_history_short,input_hash,rules_hash,master_hash,run_id,executed_at
2026-08,A10024328,동대신역비스타동원아파트,서구,동대신동1가,503.0,503,0,1.0,0.0,0.0,0.0,0.0,,,,,True,산정 불완전,가격 부족 또는 면적 연결 미확인,5fd85924d52b251424df53154c43ee8939a6b3fc5b21b19e89ba42a80d6fdc18,"[[""exclusive_39.74"", ""unavailable""], [""exclusive_59.99"", ""unavailable""], [""exclusive_73.9"", ""unavailable""], [""exclusive_74.45"", ""unavailable""], [""exclusive_84.42"", ""unavailable""], [""exclusive_84.51"", ""unavailable""]]",현재 확보 자료로 재구성한 과거 추정치; 과거 세대 구성 미확인,False,555b475dcef496b2254b825ba10b0724d7994196dba4c4e18f34e7f5aa4db599,54cb25d3544257419c8c9faa1ee168a8848dbea69689888cc0985fdd2c7a4797,ed22070000c1f425633073aec41cd0475b986c3ad372d2a8aae8d6171a317f44,f2a5f0d6492eb8372b471470,2026-09-18T13:45:05.713829+09:00
2026-08,A10024875,동대신동 브라운스톤하이포레아파트,서구,동대신동3가,554.0,524,497,0.9458483754512635,0.8971119133574007,0.0,0.5126353790613718,0.3844765342960289,,237888000000.0,,,True,산정 불완전,평형 세대수 합계 불일치; 임대·혼합 또는 분양 범위 미확인; 가격 부족 또는 면적 연결 미확인,f590b3dec6fcbd0066a04069b4db04c29d3b7104553d19e24bc6b4cd00f63e94,"[[""exclusive_59.92"", ""small_sample""], [""exclusive_59.96"", ""median_12m""], [""exclusive_74.44"", ""median_12m""], [""exclusive_74.9"", ""median_12m""], [""exclusive_74.43"", ""unavailable""], [""exclusive_84.95"", ""median_6m""], [""exclusive_84.94"", ""median_6m""]]",현재 확보 자료로 재구성한 과거 추정치; 과거 세대 구성 미확인,False,555b475dcef496b2254b825ba10b0724d7994196dba4c4e18f34e7f5aa4db599,54cb25d3544257419c8c9faa1ee168a8848dbea69689888cc0985fdd2c7a4797,ed22070000c1f425633073aec41cd0475b986c3ad372d2a8aae8d6171a317f44,f2a5f0d6492eb8372b471470,2026-09-18T13:45:05.713829+09:00
2026-08,A10026034,대신푸르지오아파트,서구,서대신동1가,959.0,932,0,0.9718456725755996,0.0,0.0,0.0,0.0,,,,,True,산정 불완전,평형 세대수 합계 불일치; 임대·혼합 또는 분양 범위 미확인; 가격 부족 또는 면적 연결 미확인,97800760b32aba0eb3b6870d672f38c19dc40816a602e984ed4bd456b707c538,"[[""exclusive_39.93"", ""unavailable""], [""exclusive_59.87"", ""unavailable""], [""exclusive_74.61"", ""unavailable""], [""exclusive_84.72"", ""unavailable""], [""exclusive_84.65"", ""unavailable""], [""exclusive_84.94"", ""unavailable""], [""exclusive_102.79"", ""unavailable""], [""exclusive_115.82"", ""unavailable""]]",현재 확보 자료로 재구성한 과거 추정치; 과거 세대 구성 미확인,False,555b475dcef496b2254b825ba10b0724d7994196dba4c4e18f34e7f5aa4db599,54cb25d3544257419c8c9faa1ee168a8848dbea69689888cc0985fdd2c7a4797,ed22070000c1f425633073aec41cd0475b986c3ad372d2a8aae8d6171a317f44,f2a5f0d6492eb8372b471470,2026-09-18T13:45:05.713829+09:00
2026-08,A10023704,대신해모로센트럴아파트,서구,서대신동2가,733.0,733,0,1.0,0.0,0.0,0.0,0.0,,,,,True,산정 불완전,임대·혼합 또는 분양 범위 미확인; 가격 부족 또는 면적 연결 미확인,0da10352000d4ff1e8e5c30d1f2012ba1ef4c4a9d771e322291483890f9dc24d,"[[""exclusive_39.99"", ""unavailable""], [""exclusive_49.83"", ""unavailable""], [""exclusive_59.78"", ""unavailable""], [""exclusive_67.67"", ""unavailable""], [""exclusive_76.95"", ""unavailable""], [""exclusive_76.52"", ""unavailable""], [""exclusive_84.94"", ""unavailable""], [""exclusive_83.89"", ""unavailable""], [""exclusive_114.8"", ""unavailable""]]",현재 확보 자료로 재구성한 과거 추정치; 과거 세대 구성 미확인,False,555b475dcef496b2254b825ba10b0724d7994196dba4c4e18f34e7f5aa4db599,54cb25d3544257419c8c9faa1ee168a8848dbea69689888cc0985fdd2c7a4797,ed22070000c1f425633073aec41cd0475b986c3ad372d2a8aae8d6171a317f44,f2a5f0d6492eb8372b471470,2026-09-18T13:45:05.713829+09:00
2026-08,A10024535,대신2차푸르지오,서구,서대신동2가,815.0,783,0,0.9607361963190184,0.0,0.0,0.0,0.0,,,,,True,산정 불완전,평형 세대수 합계 불일치; 가격 부족 또는 면적 연결 미확인,d8be931ae1e260d61d01cd66b43730ec43b71069242a5ee44a72592a0782c7b5,"[[""exclusive_39.53"", ""unavailable""], [""exclusive_59.92"", ""unavailable""], [""exclusive_72.53"", ""unavailable""], [""exclusive_84.95"", ""unavailable""], [""exclusive_84.92"", ""unavailable""], [""exclusive_98.65"", ""unavailable""]]",현재 확보 자료로 재구성한 과거 추정치; 과거 세대 구성 미확인,False,555b475dcef496b2254b825ba10b0724d7994196dba4c4e18f34e7f5aa4db599,54cb25d3544257419c8c9faa1ee168a8848dbea69689888cc0985fdd2c7a4797,ed22070000c1f425633073aec41cd0475b986c3ad372d2a8aae8d6171a317f44,f2a5f0d6492eb8372b471470,2026-09-18T13:45:05.713829+09:00
2026-08,A10028182,대신롯데캐슬아파트,서구,서대신동3가,753.0,673,0,0.8937583001328021,0.0,0.0,0.0,0.0,,,,,True,산정 불완전,평형 세대수 합계 불일치; 가격 부족 또는 면적 연결 미확인,c97e1926c9902aded95fbc81b3fa94423814596c13a0410b75eb3fcefb7d920f,"[[""exclusive_59.88"", ""unavailable""], [""exclusive_84.78"", ""unavailable""], [""exclusive_84.99"", ""unavailable""], [""exclusive_102.78"", ""unavailable""], [""exclusive_129.71"", ""unavailable""]]",현재 확보 자료로 재구성한 과거 추정치; 과거 세대 구성 미확인,False,555b475dcef496b2254b825ba10b0724d7994196dba4c4e18f34e7f5aa4db599,54cb25d3544257419c8c9faa1ee168a8848dbea69689888cc0985fdd2c7a4797,ed22070000c1f425633073aec41cd0475b986c3ad372d2a8aae8d6171a317f44,f2a5f0d6492eb8372b471470,2026-09-18T13:45:05.713829+09:00
2026-08,A60275104,남성한빛아파트,서구,서대신동3가,564.0,564,564,1.0,1.0,0.4326241134751773,0.0,0.5673758865248227,120292000000.0,120292000000.0,213283687.9432624,,True,D,,62ae1dbf078186ae13ee53353b15424eb7462986c5b1b2b4fc3cbe2e0ee034f0,"[[""exclusive_59.34"", ""median_3m""], [""exclusive_84.96"", ""median_12m""], [""exclusive_119.37"", ""small_sample""]]",현재 확보 자료로 재구성한 과거 추정치; 과거 세대 구성 미확인,False,555b475dcef496b2254b825ba10b0724d7994196dba4c4e18f34e7f5aa4db599,54cb25d3544257419c8c9faa1ee168a8848dbea69689888cc0985fdd2c7a4797,ed22070000c1f425633073aec41cd0475b986c3ad372d2a8aae8d6171a317f44,f2a5f0d6492eb8372b471470,2026-09-18T13:45:05.713829+09:00
2026-08,A60270501,부민e-편한세상아파트,서구,부민동3가,613.0,613,501,1.0,0.8172920065252854,0.3295269168026101,0.48776508972267535,0.0,,109542000000.0,,,True,산정 불완전,가격 부족 또는 면적 연결 미확인,24674f8b49624e9dc183a26619876a8098f9547048d3b9c377d4832e32f1470d,"[[""exclusive_60"", ""median_3m""], [""exclusive_85"", ""median_6m""], [""exclusive_117.59"", ""unavailable""]]",현재 확보 자료로 재구성한 과거 추정치; 과거 세대 구성 미확인,False,555b475dcef496b2254b825ba10b0724d7994196dba4c4e18f34e7f5aa4db599,54cb25d3544257419c8c9faa1ee168a8848dbea69689888cc0985fdd2c7a4797,ed22070000c1f425633073aec41cd0475b986c3ad372d2a8aae8d6171a317f44,f2a5f0d6492eb8372b471470,2026-09-18T13:45:05.713829+09:00
2026-08,A10022985,경동포레스트힐 행복주택 아미,서구,아미동2가,767.0,0,0,0.0,0.0,0.0,0.0,0.0,,,,,True,산정 불완전,평형별 세대수 보완 필요; 임대·혼합 또는 분양 범위 미확인,c38eb7731a2edbf2c405dc922468ded84aa651100a03e86668e60fb8b6b0b8e7,[],현재 확보 자료로 재구성한 과거 추정치; 과거 세대 구성 미확인,False,555b475dcef496b2254b825ba10b0724d7994196dba4c4e18f34e7f5aa4db599,54cb25d3544257419c8c9faa1ee168a8848dbea69689888cc0985fdd2c7a4797,ed22070000c1f425633073aec41cd0475b986c3ad372d2a8aae8d6171a317f44,f2a5f0d6492eb8372b471470,2026-09-18T13:45:05.713829+09:00
2026-08,A60275201,남부민풀리페,서구,남부민동,782.0,0,0,0.0,0.0,0.0,0.0,0.0,,,,,True,산정 불완전,평형별 세대수 보완 필요; 임대·혼합 또는 분양 범위 미확인,c38eb7731a2edbf2c405dc922468ded84aa651100a03e86668e60fb8b6b0b8e7,[],현재 확보 자료로 재구성한 과거 추정치; 과거 세대 구성 미확인,False,555b475dcef496b2254b825ba10b0724d7994196dba4c4e18f34e7f5aa4db599,54cb25d3544257419c8c9faa1ee168a8848dbea69689888cc0985fdd2c7a4797,ed22070000c1f425633073aec41cd0475b986c3ad372d2a8aae8d6171a317f44,f2a5f0d6492eb8372b471470,2026-09-18T13:45:05.713829+09:00
2026-08,A10022434,e편한세상 송도 더퍼스트비치,서구,암남동,1302.0,1302,442,1.0,0.33947772657450076,0.33947772657450076,0.0,0.0,,292250400000.0,,,True,산정 불완전,가격 부족 또는 면적 연결 미확인,7d44bb36165e6d35a05e8f2a5808ce3d48cd97396c9f1caa068ec9bea98bf24b,"[[""exclusive_59.62"", ""unavailable""], [""exclusive_59.98"", ""unavailable""], [""exclusive_59.95"", ""unavailable""], [""exclusive_59.99"", ""unavailable""], [""exclusive_59.97"", ""unavailable""], [""exclusive_59.94"", ""unavailable""], [""exclusive_84.38"", ""unavailable""], [""exclusive_84.84"", ""unavailable""], [""exclusive_84.8"", ""unavailable""], [""exclusive_84.92"", ""median_3m""], [""exclusive_99.93"", ""unavailable""], [""exclusive_110.14"", ""unavailable""], [""exclusive_115.97"", ""unavailable""]]",현재 확보 자료로 재구성한 과거 추정치; 과거 세대 구성 미확인,False,555b475dcef496b2254b825ba10b0724d7994196dba4c4e18f34e7f5aa4db599,54cb25d3544257419c8c9faa1ee168a8848dbea69689888cc0985fdd2c7a4797,ed22070000c1f425633073aec41cd0475b986c3ad372d2a8aae8d6171a317f44,f2a5f0d6492eb8372b471470,2026-09-18T13:45:05.713829+09:00
2026-08,A10023790,힐스테이트이진베이시티,서구,암남동,1368.0,1368,0,1.0,0.0,0.0,0.0,0.0,,,,,True,산정 불완전,가격 부족 또는 면적 연결 미확인,59b8cf1761ea4aa0bcd4cdd2e5b72ce0414e58efc97b0f59b9c2f171b16795c7,"[[""exclusive_84.86"", ""unavailable""], [""exclusive_84.51"", ""unavailable""], [""exclusive_92.75"", ""unavailable""], [""exclusive_92.9"", ""unavailable""], [""exclusive_105.47"", ""unavailable""], [""exclusive_105.53"", ""unavailable""], [""exclusive_116.55"", ""unavailable""], [""exclusive_116.12"", ""unavailable""], [""exclusive_138.86"", ""unavailable""]]",현재 확보 자료로 재구성한 과거 추정치; 과거 세대 구성 미확인,False,555b475dcef496b2254b825ba10b0724d7994196dba4c4e18f34e7f5aa4db599,54cb25d3544257419c8c9faa1ee168a8848dbea69689888cc0985fdd2c7a4797,ed22070000c1f425633073aec41cd0475b986c3ad372d2a8aae8d6171a317f44,f2a5f0d6492eb8372b471470,2026-09-18T13:45:05.713829+09:00
2026-08,A10024998,범양레우스 센트럴베이,동구,초량동,856.0,856,214,1.0,0.25,0.0,0.25,0.0,,105930000000.0,,,True,산정 불완전,가격 부족 또는 면적 연결 미확인,f50b6d1d1ff0c6e66afcee3d952ebd037f22b65246f3d2d29c1e0842e30c5abf,"[[""exclusive_72.71"", ""unavailable""], [""exclusive_73.9"", ""median_6m""], [""exclusive_84.94"", ""unavailable""], [""exclusive_84.96"", ""unavailable""]]",현재 확보 자료로 재구성한 과거 추정치; 과거 세대 구성 미확인,False,555b475dcef496b2254b825ba10b0724d7994196dba4c4e18f34e7f5aa4db599,54cb25d3544257419c8c9faa1ee168a8848dbea69689888cc0985fdd2c7a4797,ed22070000c1f425633073aec41cd0475b986c3ad372d2a8aae8d6171a317f44,f2a5f0d6492eb8372b471470,2026-09-18T13:45:05.713829+09:00
2026-08,A10025359,e편한세상부산항,동구,초량동,752.0,752,70,1.0,0.09308510638297872,0.0,0.0,0.09308510638297872,,39900000000.0,,,True,산정 불완전,가격 부족 또는 면적 연결 미확인,339b5b7d144cbbddd72790414c94180d6670b674152de9bf8080d77a479a9cab,"[[""exclusive_69.48"", ""median_12m""], [""exclusive_69.93"", ""unavailable""], [""exclusive_69.73"", ""unavailable""], [""exclusive_84.68"", ""unavailable""], [""exclusive_84.7"", ""unavailable""], [""exclusive_84.87"", ""unavailable""]]",현재 확보 자료로 재구성한 과거 추정치; 과거 세대 구성 미확인,False,555b475dcef496b2254b825ba10b0724d7994196dba4c4e18f34e7f5aa4db599,54cb25d3544257419c8c9faa1ee168a8848dbea69689888cc0985fdd2c7a4797,ed22070000c1f425633073aec41cd0475b986c3ad372d2a8aae8d6171a317f44,f2a5f0d6492eb8372b471470,2026-09-18T13:45:05.713829+09:00
2026-08,A10025380,협성휴포레부산진역오션뷰아파트,동구,수정동,788.0,788,0,1.0,0.0,0.0,0.0,0.0,,,,,True,산정 불완전,가격 부족 또는 면적 연결 미확인,076b087bb06c28fa6b9c330754468fac215454f8ab33772537b42a27fd70bba3,"[[""exclusive_59.66"", ""unavailable""], [""exclusive_69.21"", ""unavailable""], [""exclusive_69.51"", ""unavailable""], [""exclusive_82.87"", ""unavailable""]]",현재 확보 자료로 재구성한 과거 추정치; 과거 세대 구성 미확인,False,555b475dcef496b2254b825ba10b0724d7994196dba4c4e18f34e7f5aa4db599,54cb25d3544257419c8c9faa1ee168a8848dbea69689888cc0985fdd2c7a4797,ed22070000c1f425633073aec41cd0475b986c3ad372d2a8aae8d6171a317f44,f2a5f0d6492eb8372b471470,2026-09-18T13:45:05.713829+09:00
2026-08,A10023963,부산항일동미라주더오션아파트,동구,좌천동,546.0,546,0,1.0,0.0,0.0,0.0,0.0,,,,,True,산정 불완전,가격 부족 또는 면적 연결 미확인,588f8f49defa6a679d63d0e5e8fd6ea8a414ec985967ec05630c81459d32f268,"[[""exclusive_59.93"", ""unavailable""], [""exclusive_73.82"", ""unavailable""], [""exclusive_73.63"", ""unavailable""], [""exclusive_84.87"", ""unavailable""], [""exclusive_74.77"", ""unavailable""]]",현재 확보 자료로 재구성한 과거 추정치; 과거 세대 구성 미확인,False,555b475dcef496b2254b825ba10b0724d7994196dba4c4e18f34e7f5aa4db599,54cb25d3544257419c8c9faa1ee168a8848dbea69689888cc0985fdd2c7a4797,ed22070000c1f425633073aec41cd0475b986c3ad372d2a8aae8d6171a317f44,f2a5f0d6492eb8372b471470,2026-09-18T13:45:05.713829+09:00
2026-08,A10023208,두산위브더제니스 하버시티,동구,범일동,2040.0,2040,0,1.0,0.0,0.0,0.0,0.0,,,,,True,산정 불완전,가격 부족 또는 면적 연결 미확인,aabb93f326a57de1fcc543b953a0a683c814d0161ee179503f666aa8fe834a12,"[[""exclusive_59.87"", ""unavailable""], [""exclusive_75.55"", ""unavailable""], [""exclusive_75.64"", ""unavailable""], [""exclusive_75.67"", ""unavailable""], [""exclusive_84.63"", ""unavailable""], [""exclusive_84.9"", ""unavailable""]]",현재 확보 자료로 재구성한 과거 추정치; 과거 세대 구성 미확인,False,555b475dcef496b2254b825ba10b0724d7994196dba4c4e18f34e7f5aa4db599,54cb25d3544257419c8c9faa1ee168a8848dbea69689888cc0985fdd2c7a4797,ed22070000c1f425633073aec41cd0475b986c3ad372d2a8aae8d6171a317f44,f2a5f0d6492eb8372b471470,2026-09-18T13:45:05.713829+09:00
2026-08,A10026746,오션브릿지,동구,범일동,652.0,652,652,1.0,1.0,0.25153374233128833,0.6319018404907976,0.1165644171779141,294760000000.0,294760000000.0,452085889.5705522,,True,C,,80b3498cff8f6b710c0aed8b3668999c1c428d7b2399898ba8cefa16fb350f73,"[[""exclusive_59.92"", ""median_3m""], [""exclusive_59.95"", ""median_6m""], [""exclusive_84.98"", ""median_6m""], [""exclusive_84.95"", ""median_12m""], [""exclusive_118.89"", ""median_6m""]]",현재 확보 자료로 재구성한 과거 추정치; 과거 세대 구성 미확인,False,555b475dcef496b2254b825ba10b0724d7994196dba4c4e18f34e7f5aa4db599,54cb25d3544257419c8c9faa1ee168a8848dbea69689888cc0985fdd2c7a4797,ed22070000c1f425633073aec41cd0475b986c3ad372d2a8aae8d6171a317f44,f2a5f0d6492eb8372b471470,2026-09-18T13:45:05.713829+09:00
2026-08,A60106001,한성기린프라자,동구,범일동,547.0,547,547,1.0,1.0,0.0,0.45521023765996343,0.5447897623400365,113973000000.0,113973000000.0,208360146.25228518,,True,D,,94df95943f5feed92af250029b6eaa45c46133803ab5884516dc19c2cefe3725,"[[""exclusive_60"", ""median_6m""], [""exclusive_84.21"", ""median_12m""], [""exclusive_98.68"", ""small_sample""], [""exclusive_115.04"", ""small_sample""]]",현재 확보 자료로 재구성한 과거 추정치; 과거 세대 구성 미확인,False,555b475dcef496b2254b825ba10b0724d7994196dba4c4e18f34e7f5aa4db599,54cb25d3544257419c8c9faa1ee168a8848dbea69689888cc0985fdd2c7a4797,ed22070000c1f425633073aec41cd0475b986c3ad372d2a8aae8d6171a317f44,f2a5f0d6492eb8372b471470,2026-09-18T13:45:05.713829+09:00
2026-08,A60106002,두산위브포세이돈Ⅱ,동구,범일동,690.0,690,618,1.0,0.8956521739130435,0.0,0.1246376811594203,0.7710144927536232,,301730000000.0,,,True,산정 불완전,가격 부족 또는 면적 연결 미확인,5a3493291c72466be45219fddcd73e1add2f43439a07409dcf8646897467288b,"[[""exclusive_84.95"", ""small_sample""], [""exclusive_84.98"", ""median_12m""], [""exclusive_84.99"", ""median_12m""], [""exclusive_127"", ""small_sample""], [""exclusive_127.05"", ""unavailable""], [""exclusive_127.24"", ""median_12m""], [""exclusive_127.29"", ""small_sample""], [""exclusive_150.59"", ""median_6m""], [""exclusive_225.83"", ""unavailable""], [""exclusive_227.27"", ""unavailable""]]",현재 확보 자료로 재구성한 과거 추정치; 과거 세대 구성 미확인,False,555b475dcef496b2254b825ba10b0724d7994196dba4c4e18f34e7f5aa4db599,54cb25d3544257419c8c9faa1ee168a8848dbea69689888cc0985fdd2c7a4797,ed22070000c1f425633073aec41cd0475b986c3ad372d2a8aae8d6171a317f44,f2a5f0d6492eb8372b471470,2026-09-18T13:45:05.713829+09:00
2026-08,A60681702,영선동반도보라아파트,영도구,영선동4가,868.0,868,820,1.0,0.9447004608294931,0.0,0.3870967741935484,0.5576036866359447,,249362000000.0,,,True,산정 불완전,가격 부족 또는 면적 연결 미확인,ead12802c9ee91dc52517bc900d3ca65e2deea7de7c6b3aa3d5c138adf793074,"[[""exclusive_59.7"", ""median_6m""], [""exclusive_84.81"", ""median_12m""], [""exclusive_99.96"", ""median_12m""], [""exclusive_134.82"", ""small_sample""], [""exclusive_167.66"", ""unavailable""]]",현재 확보 자료로 재구성한 과거 추정치; 과거 세대 구성 미확인,False,555b475dcef496b2254b825ba10b0724d7994196dba4c4e18f34e7f5aa4db599,54cb25d3544257419c8c9faa1ee168a8848dbea69689888cc0985fdd2c7a4797,ed22070000c1f425633073aec41cd0475b986c3ad372d2a8aae8d6171a317f44,f2a5f0d6492eb8372b471470,2026-09-18T13:45:05.713829+09:00
2026-08,A60675801,미광마린타워아파트,영도구,봉래동2가,676.0,676,494,1.0,0.7307692307692307,0.0,0.0,0.7307692307692307,,188634000000.0,,,True,산정 불완전,가격 부족 또는 면적 연결 미확인,5a1456b200b7cf93c257a3dfdfc849645e74a01a32e1ef31ac00ec92643d0ef7,"[[""exclusive_84.78"", ""median_12m""], [""exclusive_84.92"", ""small_sample""], [""exclusive_122.74"", ""unavailable""], [""exclusive_149.22"", ""small_sample""], [""exclusive_189.85"", ""unavailable""]]",현재 확보 자료로 재구성한 과거 추정치; 과거 세대 구성 미확인,False,555b475dcef496b2254b825ba10b0724d7994196dba4c4e18f34e7f5aa4db599,54cb25d3544257419c8c9faa1ee168a8848dbea69689888cc0985fdd2c7a4797,ed22070000c1f425633073aec41cd0475b986c3ad372d2a8aae8d6171a317f44,f2a5f0d6492eb8372b471470,2026-09-18T13:45:05.713829+09:00
2026-08,A10024303,영도 센트럴 에일린의뜰,영도구,봉래동4가,1216.0,1216,132,1.0,0.10855263157894737,0.0,0.10855263157894737,0.0,,64218000000.0,,,True,산정 불완전,임대·혼합 또는 분양 범위 미확인; 가격 부족 또는 면적 연결 미확인,eda01b21cd6db07bfb6e5e07219663ba12bd5de4815be1469612817dc779fd3b,"[[""exclusive_39.9"", ""unavailable""], [""exclusive_39.97"", ""unavailable""], [""exclusive_49.95"", ""unavailable""], [""exclusive_59.97"", ""unavailable""], [""exclusive_72.38"", ""unavailable""], [""exclusive_72.9"", ""unavailable""], [""exclusive_84.94"", ""median_6m""], [""exclusive_84.88"", ""unavailable""], [""exclusive_84.95"", ""unavailable""], [""exclusive_84.97"", ""unavailable""], [""exclusive_102.96"", ""unavailable""]]",현재 확보 자료로 재구성한 과거 추정치; 과거 세대 구성 미확인,False,555b475dcef496b2254b825ba10b0724d7994196dba4c4e18f34e7f5aa4db599,54cb25d3544257419c8c9faa1ee168a8848dbea69689888cc0985fdd2c7a4797,ed22070000c1f425633073aec41cd0475b986c3ad372d2a8aae8d6171a317f44,f2a5f0d6492eb8372b471470,2026-09-18T13:45:05.713829+09:00
2026-08,A60607003,신영도롯데낙천대,영도구,청학동,528.0,528,234,1.0,0.4431818181818182,0.4431818181818182,0.0,0.0,,44226000000.0,,,True,산정 불완전,가격 부족 또는 면적 연결 미확인,b8a57154edb902f61bbaa3b1e20be49bbcc514b3fb1daf173d864be9966e4d06,"[[""exclusive_59.96"", ""unavailable""], [""exclusive_74.46"", ""unavailable""], [""exclusive_84.97"", ""median_3m""], [""exclusive_101.79"", ""unavailable""]]",현재 확보 자료로 재구성한 과거 추정치; 과거 세대 구성 미확인,False,555b475dcef496b2254b825ba10b0724d7994196dba4c4e18f34e7f5aa4db599,54cb25d3544257419c8c9faa1ee168a8848dbea69689888cc0985fdd2c7a4797,ed22070000c1f425633073aec41cd0475b986c3ad372d2a8aae8d6171a317f44,f2a5f0d6492eb8372b471470,2026-09-18T13:45:05.713829+09:00
2026-08,A60607004,청학영도신도브래뉴,영도구,청학동,508.0,508,0,1.0,0.0,0.0,0.0,0.0,,,,,True,산정 불완전,가격 부족 또는 면적 연결 미확인,fe304474cb136278314bdd63beb9080033cdaa6ede2c90c8ec1d2144f71b4d0d,"[[""exclusive_59.98"", ""unavailable""], [""exclusive_84.96"", ""unavailable""], [""exclusive_118.71"", ""unavailable""]]",현재 확보 자료로 재구성한 과거 추정치; 과거 세대 구성 미확인,False,555b475dcef496b2254b825ba10b0724d7994196dba4c4e18f34e7f5aa4db599,54cb25d3544257419c8c9faa1ee168a8848dbea69689888cc0985fdd2c7a4797,ed22070000c1f425633073aec41cd0475b986c3ad372d2a8aae8d6171a317f44,f2a5f0d6492eb8372b471470,2026-09-18T13:45:05.713829+09:00
2026-08,A10022267,오션라이프에일린의 뜰,영도구,동삼동,1228.0,1228,0,1.0,0.0,0.0,0.0,0.0,,,,,True,산정 불완전,임대·혼합 또는 분양 범위 미확인; 가격 부족 또는 면적 연결 미확인,2b9a85803339f88a2e993dea0a0048a43b7d0b209dd0e9b77527c495852fbf10,"[[""exclusive_38.5"", ""unavailable""], [""exclusive_59.76"", ""unavailable""], [""exclusive_74.97"", ""unavailable""], [""exclusive_74.96"", ""unavailable""], [""exclusive_84.89"", ""unavailable""], [""exclusive_84.93"", ""unavailable""], [""exclusive_101.99"", ""unavailable""]]",현재 확보 자료로 재구성한 과거 추정치; 과거 세대 구성 미확인,False,555b475dcef496b2254b825ba10b0724d7994196dba4c4e18f34e7f5aa4db599,54cb25d3544257419c8c9faa1ee168a8848dbea69689888cc0985fdd2c7a4797,ed22070000c1f425633073aec41cd0475b986c3ad372d2a8aae8d6171a317f44,f2a5f0d6492eb8372b471470,2026-09-18T13:45:05.713829+09:00
2026-08,A10023837,부산오션시티푸르지오,영도구,동삼동,846.0,846,135,1.0,0.1595744680851064,0.0,0.0,0.1595744680851064,,51300000000.0,,,True,산정 불완전,가격 부족 또는 면적 연결 미확인,34955c18dfa971e5f34ed48418990735d062351f6615e11cebc75cc2dbc5b77b,"[[""exclusive_84.82"", ""unavailable""], [""exclusive_84.93"", ""unavailable""], [""exclusive_84.91"", ""unavailable""], [""exclusive_84.84"", ""median_12m""], [""exclusive_84.8"", ""unavailable""], [""exclusive_84.98"", ""unavailable""], [""exclusive_115.84"", ""unavailable""], [""exclusive_115.73"", ""unavailable""]]",현재 확보 자료로 재구성한 과거 추정치; 과거 세대 구성 미확인,False,555b475dcef496b2254b825ba10b0724d7994196dba4c4e18f34e7f5aa4db599,54cb25d3544257419c8c9faa1ee168a8848dbea69689888cc0985fdd2c7a4797,ed22070000c1f425633073aec41cd0475b986c3ad372d2a8aae8d6171a317f44,f2a5f0d6492eb8372b471470,2026-09-18T13:45:05.713829+09:00
2026-08,A60608002,조양비취맨션,영도구,동삼동,630.0,628,324,0.9968253968253968,0.5142857142857142,0.0,0.0,0.5142857142857142,,30360000000.0,,,True,산정 불완전,평형 세대수 합계 불일치; 가격 부족 또는 면적 연결 미확인,befaaeef1d00a1731331ca13c269de351e3407f1330ae3765758654f61a4217d,"[[""exclusive_48.45"", ""unavailable""], [""exclusive_52.05"", ""unavailable""], [""exclusive_53.85"", ""median_12m""], [""exclusive_56.01"", ""unavailable""], [""exclusive_58.8"", ""unavailable""], [""exclusive_61.05"", ""unavailable""], [""exclusive_66.09"", ""small_sample""], [""exclusive_84.45"", ""unavailable""]]",현재 확보 자료로 재구성한 과거 추정치; 과거 세대 구성 미확인,False,555b475dcef496b2254b825ba10b0724d7994196dba4c4e18f34e7f5aa4db599,54cb25d3544257419c8c9faa1ee168a8848dbea69689888cc0985fdd2c7a4797,ed22070000c1f425633073aec41cd0475b986c3ad372d2a8aae8d6171a317f44,f2a5f0d6492eb8372b471470,2026-09-18T13:45:05.713829+09:00
2026-08,A60608303,동삼그린힐,영도구,동삼동,2088.0,0,0,0.0,0.0,0.0,0.0,0.0,,,,,True,산정 불완전,평형별 세대수 보완 필요,c38eb7731a2edbf2c405dc922468ded84aa651100a03e86668e60fb8b6b0b8e7,[],현재 확보 자료로 재구성한 과거 추정치; 과거 세대 구성 미확인,False,555b475dcef496b2254b825ba10b0724d7994196dba4c4e18f34e7f5aa4db599,54cb25d3544257419c8c9faa1ee168a8848dbea69689888cc0985fdd2c7a4797,ed22070000c1f425633073aec41cd0475b986c3ad372d2a8aae8d6171a317f44,f2a5f0d6492eb8372b471470,2026-09-18T13:45:05.713829+09:00
2026-08,A60670101,도시공사동삼2지구영구임대아파트,영도구,동삼동,1120.0,0,0,0.0,0.0,0.0,0.0,0.0,,,,,True,산정 불완전,평형별 세대수 보완 필요; 임대·혼합 또는 분양 범위 미확인,c38eb7731a2edbf2c405dc922468ded84aa651100a03e86668e60fb8b6b0b8e7,[],현재 확보 자료로 재구성한 과거 추정치; 과거 세대 구성 미확인,False,555b475dcef496b2254b825ba10b0724d7994196dba4c4e18f34e7f5aa4db599,54cb25d3544257419c8c9faa1ee168a8848dbea69689888cc0985fdd2c7a4797,ed22070000c1f425633073aec41cd0475b986c3ad372d2a8aae8d6171a317f44,f2a5f0d6492eb8372b471470,2026-09-18T13:45:05.713829+09:00
2026-08,A60675110,함지그린,영도구,동삼동,1000.0,1000,1000,1.0,1.0,0.6,0.4,0.0,135100000000.0,135100000000.0,135100000.0,,True,B,,702622101cdeca0e9c1bc48f0367ea94600b0f9cbf130ad36089ef9888342844,"[[""exclusive_45.5"", ""median_6m""], [""exclusive_57.09"", ""median_3m""]]",현재 확보 자료로 재구성한 과거 추정치; 과거 세대 구성 미확인,False,555b475dcef496b2254b825ba10b0724d7994196dba4c4e18f34e7f5aa4db599,54cb25d3544257419c8c9faa1ee168a8848dbea69689888cc0985fdd2c7a4797,ed22070000c1f425633073aec41cd0475b986c3ad372d2a8aae8d6171a317f44,f2a5f0d6492eb8372b471470,2026-09-18T13:45:05.713829+09:00
2026-08,A60676104,부산동삼1,영도구,동삼동,976.0,0,0,0.0,0.0,0.0,0.0,0.0,,,,,True,산정 불완전,평형별 세대수 보완 필요; 임대·혼합 또는 분양 범위 미확인,c38eb7731a2edbf2c405dc922468ded84aa651100a03e86668e60fb8b6b0b8e7,[],현재 확보 자료로 재구성한 과거 추정치; 과거 세대 구성 미확인,False,555b475dcef496b2254b825ba10b0724d7994196dba4c4e18f34e7f5aa4db599,54cb25d3544257419c8c9faa1ee168a8848dbea69689888cc0985fdd2c7a4797,ed22070000c1f425633073aec41cd0475b986c3ad372d2a8aae8d6171a317f44,f2a5f0d6492eb8372b471470,2026-09-18T13:45:05.713829+09:00
2026-08,A60676205,부산동삼2주공,영도구,동삼동,1968.0,0,0,0.0,0.0,0.0,0.0,0.0,,,,,True,산정 불완전,평형별 세대수 보완 필요; 임대·혼합 또는 분양 범위 미확인,c38eb7731a2edbf2c405dc922468ded84aa651100a03e86668e60fb8b6b0b8e7,[],현재 확보 자료로 재구성한 과거 추정치; 과거 세대 구성 미확인,False,555b475dcef496b2254b825ba10b0724d7994196dba4c4e18f34e7f5aa4db599,54cb25d3544257419c8c9faa1ee168a8848dbea69689888cc0985fdd2c7a4797,ed22070000c1f425633073aec41cd0475b986c3ad372d2a8aae8d6171a317f44,f2a5f0d6492eb8372b471470,2026-09-18T13:45:05.713829+09:00
2026-08,A60680909,국제마마뉴비치,영도구,동삼동,522.0,522,522,1.0,1.0,0.6340996168582376,0.0,0.36590038314176243,97914000000.0,97914000000.0,187574712.64367816,,True,D,,db620c7049dd75399a7077f74d41d5077eea628d2851fcaa845af3956a5e5e82,"[[""exclusive_85.76"", ""median_3m""], [""exclusive_116.63"", ""small_sample""], [""exclusive_121.26"", ""small_sample""], [""exclusive_146.99"", ""median_12m""]]",현재 확보 자료로 재구성한 과거 추정치; 과거 세대 구성 미확인,False,555b475dcef496b2254b825ba10b0724d7994196dba4c4e18f34e7f5aa4db599,54cb25d3544257419c8c9faa1ee168a8848dbea69689888cc0985fdd2c7a4797,ed22070000c1f425633073aec41cd0475b986c3ad372d2a8aae8d6171a317f44,f2a5f0d6492eb8372b471470,2026-09-18T13:45:05.713829+09:00
2026-08,A60680912,절영아파트,영도구,동삼동,1340.0,1340,1340,1.0,1.0,1.0,0.0,0.0,120600000000.0,120600000000.0,90000000.0,120600000000.0,False,A,,0ed254c01e6a7e923f4d5530ce0f40ea0664f96163cd71f713958a30517cae78,"[[""exclusive_46.27"", ""median_3m""]]",현재 확보 자료로 재구성한 과거 추정치; 과거 세대 구성 미확인,False,555b475dcef496b2254b825ba10b0724d7994196dba4c4e18f34e7f5aa4db599,54cb25d3544257419c8c9faa1ee168a8848dbea69689888cc0985fdd2c7a4797,ed22070000c1f425633073aec41cd0475b986c3ad372d2a8aae8d6171a317f44,f2a5f0d6492eb8372b471470,2026-09-18T13:45:05.713829+09:00
2026-08,A10020870,양정자이더샵SKVIEW,부산진구,양정동,2276.0,2276,0,1.0,0.0,0.0,0.0,0.0,,,,,True,산정 불완전,임대·혼합 또는 분양 범위 미확인; 가격 부족 또는 면적 연결 미확인,e38a49c0733ffeb6cd2e10de525542682281f635071f616f329d82b42e7d264d,"[[""exclusive_39.56"", ""unavailable""], [""exclusive_46.25"", ""unavailable""], [""exclusive_59.97"", ""unavailable""], [""exclusive_72.37"", ""unavailable""], [""exclusive_72.27"", ""unavailable""], [""exclusive_72.38"", ""unavailable""], [""exclusive_84.92"", ""unavailable""], [""exclusive_84.89"", ""unavailable""], [""exclusive_100.94"", ""unavailable""]]",현재 확보 자료로 재구성한 과거 추정치; 과거 세대 구성 미확인,False,555b475dcef496b2254b825ba10b0724d7994196dba4c4e18f34e7f5aa4db599,54cb25d3544257419c8c9faa1ee168a8848dbea69689888cc0985fdd2c7a4797,ed22070000c1f425633073aec41cd0475b986c3ad372d2a8aae8d6171a317f44,f2a5f0d6492eb8372b471470,2026-09-18T13:45:05.713829+09:00
2026-08,A10023040,양정 포레힐즈 스위첸,부산진구,양정동,1338.0,1262,0,0.9431988041853513,0.0,0.0,0.0,0.0,,,,,True,산정 불완전,평형 세대수 합계 불일치; 임대·혼합 또는 분양 범위 미확인; 가격 부족 또는 면적 연결 미확인,123cdec13963733a89c2923bc25093244876f3164e3a2051905aa2d1fd2d583e,"[[""exclusive_59.93"", ""unavailable""], [""exclusive_59.99"", ""unavailable""], [""exclusive_73.84"", ""unavailable""], [""exclusive_73.96"", ""unavailable""], [""exclusive_84.99"", ""unavailable""], [""exclusive_84.97"", ""unavailable""], [""exclusive_102.93"", ""unavailable""], [""exclusive_102.98"", ""unavailable""]]",현재 확보 자료로 재구성한 과거 추정치; 과거 세대 구성 미확인,False,555b475dcef496b2254b825ba10b0724d7994196dba4c4e18f34e7f5aa4db599,54cb25d3544257419c8c9faa1ee168a8848dbea69689888cc0985fdd2c7a4797,ed22070000c1f425633073aec41cd0475b986c3ad372d2a8aae8d6171a317f44,f2a5f0d6492eb8372b471470,2026-09-18T13:45:05.713829+09:00
2026-08,A61475403,양정현대1차아파트,부산진구,양정동,1733.0,1733,1733,1.0,1.0,0.8845931909982689,0.1154068090017311,0.0,543475000000.0,543475000000.0,313603577.61107904,,True,B,,8378e00dccc94f4a78912caca32416d1acef0bcebfd258a05e399b78b3339a16,"[[""exclusive_42.63"", ""median_3m""], [""exclusive_59.95"", ""median_3m""], [""exclusive_84.99"", ""median_3m""], [""exclusive_114.98"", ""median_6m""]]",현재 확보 자료로 재구성한 과거 추정치; 과거 세대 구성 미확인,False,555b475dcef496b2254b825ba10b0724d7994196dba4c4e18f34e7f5aa4db599,54cb25d3544257419c8c9faa1ee168a8848dbea69689888cc0985fdd2c7a4797,ed22070000c1f425633073aec41cd0475b986c3ad372d2a8aae8d6171a317f44,f2a5f0d6492eb8372b471470,2026-09-18T13:45:05.713829+09:00
2026-08,A61479104,양정현대2차아파트,부산진구,양정동,1901.0,1901,1901,1.0,1.0,0.8190426091530774,0.18095739084692267,0.0,691240000000.0,691240000000.0,363619147.81693846,692960000000.0,True,B,,5d1a48b76de90c67d24e7f9e60f0a9b6cbfcfd76f940e1843648223984ed96d8,"[[""exclusive_59.95"", ""median_3m""], [""exclusive_84.99"", ""median_3m""], [""exclusive_114.98"", ""median_6m""]]",현재 확보 자료로 재구성한 과거 추정치; 과거 세대 구성 미확인,False,555b475dcef496b2254b825ba10b0724d7994196dba4c4e18f34e7f5aa4db599,54cb25d3544257419c8c9faa1ee168a8848dbea69689888cc0985fdd2c7a4797,ed22070000c1f425633073aec41cd0475b986c3ad372d2a8aae8d6171a317f44,f2a5f0d6492eb8372b471470,2026-09-18T13:45:05.713829+09:00
2026-08,A61479902,대원칸타빌멤버스,부산진구,양정동,840.0,840,0,1.0,0.0,0.0,0.0,0.0,,,,,True,산정 불완전,가격 부족 또는 면적 연결 미확인,7b4f2f48b2818e8695f14f7dcb25f09880ab2fbfdb779c3659986bc31d7e7447,"[[""exclusive_84.81"", ""unavailable""], [""exclusive_84.85"", ""unavailable""], [""exclusive_84.86"", ""unavailable""], [""exclusive_110.93"", ""unavailable""], [""exclusive_109.54"", ""unavailable""], [""exclusive_118.61"", ""unavailable""], [""exclusive_130.34"", ""unavailable""]]",현재 확보 자료로 재구성한 과거 추정치; 과거 세대 구성 미확인,False,555b475dcef496b2254b825ba10b0724d7994196dba4c4e18f34e7f5aa4db599,54cb25d3544257419c8c9faa1ee168a8848dbea69689888cc0985fdd2c7a4797,ed22070000c1f425633073aec41cd0475b986c3ad372d2a8aae8d6171a317f44,f2a5f0d6492eb8372b471470,2026-09-18T13:45:05.713829+09:00
2026-08,A10023625,e편한세상 시민공원 아파트,부산진구,전포동,1401.0,1401,0,1.0,0.0,0.0,0.0,0.0,,,,,True,산정 불완전,가격 부족 또는 면적 연결 미확인,49d72eb60c16262636e06563ef0b123955fc667719303f987c7177a0b3b85d38,"[[""exclusive_59.96"", ""unavailable""], [""exclusive_59.98"", ""unavailable""], [""exclusive_59.99"", ""unavailable""], [""exclusive_74.66"", ""unavailable""], [""exclusive_74.51"", ""unavailable""], [""exclusive_84.7"", ""unavailable""], [""exclusive_84.99"", ""unavailable""], [""exclusive_84.94"", ""unavailable""], [""exclusive_84.98"", ""unavailable""], [""exclusive_99.83"", ""unavailable""], [""exclusive_99.81"", ""unavailable""], [""exclusive_107.86"", ""unavailable""], [""exclusive_39.42"", ""unavailable""]]",현재 확보 자료로 재구성한 과거 추정치; 과거 세대 구성 미확인,False,555b475dcef496b2254b825ba10b0724d7994196dba4c4e18f34e7f5aa4db599,54cb25d3544257419c8c9faa1ee168a8848dbea69689888cc0985fdd2c7a4797,ed22070000c1f425633073aec41cd0475b986c3ad372d2a8aae8d6171a317f44,f2a5f0d6492eb8372b471470,2026-09-18T13:45:05.713829+09:00
2026-08,A10024602,서면아이파크아파트,부산진구,전포동,2144.0,2144,0,1.0,0.0,0.0,0.0,0.0,,,,,True,산정 불완전,가격 부족 또는 면적 연결 미확인,7589b85f8ce7f7778c5231224e656f3d59901658c625885ea4107148da50df97,"[[""exclusive_42.68"", ""unavailable""], [""exclusive_52.6"", ""unavailable""], [""exclusive_59.78"", ""unavailable""], [""exclusive_65.1"", ""unavailable""], [""exclusive_72.71"", ""unavailable""], [""exclusive_72.74"", ""unavailable""], [""exclusive_72.58"", ""unavailable""], [""exclusive_84.93"", ""unavailable""], [""exclusive_84.72"", ""unavailable""], [""exclusive_101.41"", ""unavailable""], [""exclusive_36.76"", ""unavailable""]]",현재 확보 자료로 재구성한 과거 추정치; 과거 세대 구성 미확인,False,555b475dcef496b2254b825ba10b0724d7994196dba4c4e18f34e7f5aa4db599,54cb25d3544257419c8c9faa1ee168a8848dbea69689888cc0985fdd2c7a4797,ed22070000c1f425633073aec41cd0475b986c3ad372d2a8aae8d6171a317f44,f2a5f0d6492eb8372b471470,2026-09-18T13:45:05.713829+09:00
2026-08,A10025901,부산전포동 사랑으로 부영아파트,부산진구,전포동,500.0,0,0,0.0,0.0,0.0,0.0,0.0,,,,,True,산정 불완전,평형별 세대수 보완 필요; 임대·혼합 또는 분양 범위 미확인,c38eb7731a2edbf2c405dc922468ded84aa651100a03e86668e60fb8b6b0b8e7,[],현재 확보 자료로 재구성한 과거 추정치; 과거 세대 구성 미확인,False,555b475dcef496b2254b825ba10b0724d7994196dba4c4e18f34e7f5aa4db599,54cb25d3544257419c8c9faa1ee168a8848dbea69689888cc0985fdd2c7a4797,ed22070000c1f425633073aec41cd0475b986c3ad372d2a8aae8d6171a317f44,f2a5f0d6492eb8372b471470,2026-09-18T13:45:05.713829+09:00
2026-08,A10027340,전포LH아파트,부산진구,전포동,794.0,0,0,0.0,0.0,0.0,0.0,0.0,,,,,True,산정 불완전,평형별 세대수 보완 필요; 임대·혼합 또는 분양 범위 미확인,c38eb7731a2edbf2c405dc922468ded84aa651100a03e86668e60fb8b6b0b8e7,[],현재 확보 자료로 재구성한 과거 추정치; 과거 세대 구성 미확인,False,555b475dcef496b2254b825ba10b0724d7994196dba4c4e18f34e7f5aa4db599,54cb25d3544257419c8c9faa1ee168a8848dbea69689888cc0985fdd2c7a4797,ed22070000c1f425633073aec41cd0475b986c3ad372d2a8aae8d6171a317f44,f2a5f0d6492eb8372b471470,2026-09-18T13:45:05.713829+09:00
2026-08,A61404006,서면한신,부산진구,전포동,705.0,705,705,1.0,1.0,0.4595744680851064,0.24964539007092199,0.2907801418439716,278275000000.0,278275000000.0,394716312.0567376,,True,D,,8d82f5187b9ef5a9985828004aeac20dbd48f94c986dc2b4cd103bf38f14a94d,"[[""exclusive_59.72"", ""median_12m""], [""exclusive_59.84"", ""median_6m""], [""exclusive_84.98"", ""median_3m""], [""exclusive_124.09"", ""small_sample""]]",현재 확보 자료로 재구성한 과거 추정치; 과거 세대 구성 미확인,False,555b475dcef496b2254b825ba10b0724d7994196dba4c4e18f34e7f5aa4db599,54cb25d3544257419c8c9faa1ee168a8848dbea69689888cc0985fdd2c7a4797,ed22070000c1f425633073aec41cd0475b986c3ad372d2a8aae8d6171a317f44,f2a5f0d6492eb8372b471470,2026-09-18T13:45:05.713829+09:00
2026-08,A61404007,서면롯데캐슬스카이,부산진구,전포동,1395.0,1395,0,1.0,0.0,0.0,0.0,0.0,,,,,True,산정 불완전,가격 부족 또는 면적 연결 미확인,00972a90b948e4dae8fa75bc90fabc48ff6c54d2b7abe021be09ed7b8e35aa4a,"[[""exclusive_25.97"", ""unavailable""], [""exclusive_33.74"", ""unavailable""], [""exclusive_52.76"", ""unavailable""], [""exclusive_59.94"", ""unavailable""], [""exclusive_72.21"", ""unavailable""], [""exclusive_84.81"", ""unavailable""], [""exclusive_102.55"", ""unavailable""], [""exclusive_113.03"", ""unavailable""], [""exclusive_141.19"", ""unavailable""]]",현재 확보 자료로 재구성한 과거 추정치; 과거 세대 구성 미확인,False,555b475dcef496b2254b825ba10b0724d7994196dba4c4e18f34e7f5aa4db599,54cb25d3544257419c8c9faa1ee168a8848dbea69689888cc0985fdd2c7a4797,ed22070000c1f425633073aec41cd0475b986c3ad372d2a8aae8d6171a317f44,f2a5f0d6492eb8372b471470,2026-09-18T13:45:05.713829+09:00
2026-08,A61404203,서면대우디오빌2,부산진구,전포동,751.0,751,714,1.0,0.9507323568575233,0.511318242343542,0.4394141145139814,0.0,,51882000000.0,,,True,산정 불완전,가격 부족 또는 면적 연결 미확인,6749f9292bb03cb01c9102c5a67519103d434cc945c5128c39a055ca1eac4282,"[[""exclusive_28.58"", ""median_3m""], [""exclusive_29.87"", ""unavailable""], [""exclusive_32.6"", ""median_6m""], [""exclusive_34.07"", ""unavailable""], [""exclusive_46.31"", ""unavailable""], [""exclusive_52.1"", ""unavailable""], [""exclusive_59.05"", ""unavailable""]]",현재 확보 자료로 재구성한 과거 추정치; 과거 세대 구성 미확인,False,555b475dcef496b2254b825ba10b0724d7994196dba4c4e18f34e7f5aa4db599,54cb25d3544257419c8c9faa1ee168a8848dbea69689888cc0985fdd2c7a4797,ed22070000c1f425633073aec41cd0475b986c3ad372d2a8aae8d6171a317f44,f2a5f0d6492eb8372b471470,2026-09-18T13:45:05.713829+09:00
2026-08,A61477302,서면유림노르웨이아침,부산진구,전포동,512.0,512,414,1.0,0.80859375,0.0,0.52734375,0.28125,,23487500000.0,,,True,산정 불완전,가격 부족 또는 면적 연결 미확인,aaee56ca7ffc782bbfbef81fc28b973b6b4e1ec2d48f51c82a2e996c5fa358c7,"[[""exclusive_28.8"", ""small_sample""], [""exclusive_30.49"", ""median_6m""], [""exclusive_33.74"", ""unavailable""], [""exclusive_38.53"", ""unavailable""], [""exclusive_39.82"", ""small_sample""], [""exclusive_41.76"", ""unavailable""], [""exclusive_44.64"", ""small_sample""], [""exclusive_45.15"", ""unavailable""], [""exclusive_46.33"", ""unavailable""], [""exclusive_60.99"", ""unavailable""], [""exclusive_64.23"", ""unavailable""]]",현재 확보 자료로 재구성한 과거 추정치; 과거 세대 구성 미확인,False,555b475dcef496b2254b825ba10b0724d7994196dba4c4e18f34e7f5aa4db599,54cb25d3544257419c8c9faa1ee168a8848dbea69689888cc0985fdd2c7a4797,ed22070000c1f425633073aec41cd0475b986c3ad372d2a8aae8d6171a317f44,f2a5f0d6492eb8372b471470,2026-09-18T13:45:05.713829+09:00
2026-08,A61486301,한라비발디,부산진구,전포동,511.0,511,0,1.0,0.0,0.0,0.0,0.0,,,,,True,산정 불완전,가격 부족 또는 면적 연결 미확인,5604f606f11b320fc3bb2fbdc7f7991d6e7524e691624f36873785e7adf65dd3,"[[""exclusive_84.98"", ""unavailable""], [""exclusive_84.76"", ""unavailable""], [""exclusive_84.86"", ""unavailable""], [""exclusive_84.97"", ""unavailable""], [""exclusive_126.72"", ""unavailable""], [""exclusive_128.91"", ""unavailable""]]",현재 확보 자료로 재구성한 과거 추정치; 과거 세대 구성 미확인,False,555b475dcef496b2254b825ba10b0724d7994196dba4c4e18f34e7f5aa4db599,54cb25d3544257419c8c9faa1ee168a8848dbea69689888cc0985fdd2c7a4797,ed22070000c1f425633073aec41cd0475b986c3ad372d2a8aae8d6171a317f44,f2a5f0d6492eb8372b471470,2026-09-18T13:45:05.713829+09:00
2026-08,A61403001,서면센트럴스타,부산진구,부전동,1360.0,1360,344,1.0,0.2529411764705882,0.0,0.0,0.2529411764705882,,244627000000.0,,,True,산정 불완전,가격 부족 또는 면적 연결 미확인,d8eeaa384c57dd23a515a095a349582e76cbbea3dc1d3b257fa6090ca3c03284,"[[""exclusive_103.23"", ""unavailable""], [""exclusive_103.9"", ""unavailable""], [""exclusive_105.5"", ""unavailable""], [""exclusive_109.18"", ""unavailable""], [""exclusive_116.25"", ""unavailable""], [""exclusive_118.39"", ""median_12m""], [""exclusive_119.08"", ""unavailable""], [""exclusive_121.21"", ""small_sample""], [""exclusive_125.12"", ""unavailable""], [""exclusive_126.26"", ""unavailable""], [""exclusive_130.25"", ""unavailable""], [""exclusive_129.96"", ""unavailable""], [""exclusive_141.7"", ""unavailable""], [""exclusive_142.62"", ""unavailable""], [""exclusive_144.35"", ""unavailable""], [""exclusive_149.21"", ""unavailable""], [""exclusive_153.16"", ""unavailable""], [""exclusive_154.28"", ""median_12m""], [""exclusive_154.46"", ""unavailable""], [""exclusive_156.89"", ""unavailable""], [""exclusive_156.99"", ""unavailable""], [""exclusive_157.92"", ""small_sample""], [""exclusive_155.82"", ""unavailable""], [""exclusive_175.85"", ""unavailable""], [""exclusive_180.36"", ""unavailable""], [""exclusive_183.68"", ""unavailable""], [""exclusive_183.41"", ""unavailable""], [""exclusive_181.99"", ""unavailable""], [""exclusive_191.38"", ""unavailable""], [""exclusive_194.54"", ""unavailable""], [""exclusive_199.58"", ""unavailable""], [""exclusive_199.09"", ""unavailable""], [""exclusive_200.86"", ""unavailable""], [""exclusive_202.41"", ""unavailable""], [""exclusive_210.17"", ""unavailable""], [""exclusive_241.89"", ""unavailable""], [""exclusive_242.67"", ""unavailable""]]",현재 확보 자료로 재구성한 과거 추정치; 과거 세대 구성 미확인,False,555b475dcef496b2254b825ba10b0724d7994196dba4c4e18f34e7f5aa4db599,54cb25d3544257419c8c9faa1ee168a8848dbea69689888cc0985fdd2c7a4797,ed22070000c1f425633073aec41cd0475b986c3ad372d2a8aae8d6171a317f44,f2a5f0d6492eb8372b471470,2026-09-18T13:45:05.713829+09:00
2026-08,A61473002,네오스포아파트,부산진구,부전동,782.0,782,0,1.0,0.0,0.0,0.0,0.0,,,,,True,산정 불완전,가격 부족 또는 면적 연결 미확인,2c4a70e03d85181ccaad9d784ee1191c6ff3f38fc6dc5feba181a539040ca3de,"[[""exclusive_59.9"", ""unavailable""], [""exclusive_71.02"", ""unavailable""], [""exclusive_78.76"", ""unavailable""], [""exclusive_84.64"", ""unavailable""], [""exclusive_122.84"", ""unavailable""]]",현재 확보 자료로 재구성한 과거 추정치; 과거 세대 구성 미확인,False,555b475dcef496b2254b825ba10b0724d7994196dba4c4e18f34e7f5aa4db599,54cb25d3544257419c8c9faa1ee168a8848dbea69689888cc0985fdd2c7a4797,ed22070000c1f425633073aec41cd0475b986c3ad372d2a8aae8d6171a317f44,f2a5f0d6492eb8372b471470,2026-09-18T13:45:05.713829+09:00
2026-08,A10023750,e편한세상 서면 더센트럴,부산진구,범천동,998.0,998,0,1.0,0.0,0.0,0.0,0.0,,,,,True,산정 불완전,가격 부족 또는 면적 연결 미확인,02ce47fec411466aacedcbf12f3a61901c6e2d0b91f8bb526cfba57dc8dc920b,"[[""exclusive_59.99"", ""unavailable""], [""exclusive_69.99"", ""unavailable""], [""exclusive_84.96"", ""unavailable""], [""exclusive_84.99"", ""unavailable""]]",현재 확보 자료로 재구성한 과거 추정치; 과거 세대 구성 미확인,False,555b475dcef496b2254b825ba10b0724d7994196dba4c4e18f34e7f5aa4db599,54cb25d3544257419c8c9faa1ee168a8848dbea69689888cc0985fdd2c7a4797,ed22070000c1f425633073aec41cd0475b986c3ad372d2a8aae8d6171a317f44,f2a5f0d6492eb8372b471470,2026-09-18T13:45:05.713829+09:00
2026-08,A10027052,서면DS·협성엘리시안아파트,부산진구,범천동,630.0,630,0,1.0,0.0,0.0,0.0,0.0,,,,,True,산정 불완전,가격 부족 또는 면적 연결 미확인,acbca478f19b59021262a00c5cffab0a5b94a2488f26897b203346a5c4f0091a,"[[""exclusive_30.14"", ""unavailable""], [""exclusive_59.89"", ""unavailable""], [""exclusive_59.8"", ""unavailable""], [""exclusive_59.79"", ""unavailable""], [""exclusive_62.76"", ""unavailable""], [""exclusive_74.7"", ""unavailable""]]",현재 확보 자료로 재구성한 과거 추정치; 과거 세대 구성 미확인,False,555b475dcef496b2254b825ba10b0724d7994196dba4c4e18f34e7f5aa4db599,54cb25d3544257419c8c9faa1ee168a8848dbea69689888cc0985fdd2c7a4797,ed22070000c1f425633073aec41cd0475b986c3ad372d2a8aae8d6171a317f44,f2a5f0d6492eb8372b471470,2026-09-18T13:45:05.713829+09:00
2026-08,A61402003,서면베르빌2,부산진구,범천동,606.0,606,478,1.0,0.7887788778877888,0.0,0.33993399339933994,0.44884488448844884,,24124000000.0,,,True,산정 불완전,가격 부족 또는 면적 연결 미확인,c14ed71981044c5b5d41bd60ae53c6230bc747ab9404edc762a9c7fee2725401,"[[""exclusive_22.28"", ""small_sample""], [""exclusive_23"", ""unavailable""], [""exclusive_23.88"", ""median_6m""], [""exclusive_24.3"", ""unavailable""], [""exclusive_24.59"", ""small_sample""], [""exclusive_28.62"", ""small_sample""], [""exclusive_29.03"", ""small_sample""], [""exclusive_31.14"", ""small_sample""], [""exclusive_32.58"", ""unavailable""], [""exclusive_39.06"", ""small_sample""], [""exclusive_56.23"", ""unavailable""]]",현재 확보 자료로 재구성한 과거 추정치; 과거 세대 구성 미확인,False,555b475dcef496b2254b825ba10b0724d7994196dba4c4e18f34e7f5aa4db599,54cb25d3544257419c8c9faa1ee168a8848dbea69689888cc0985fdd2c7a4797,ed22070000c1f425633073aec41cd0475b986c3ad372d2a8aae8d6171a317f44,f2a5f0d6492eb8372b471470,2026-09-18T13:45:05.713829+09:00
2026-08,A61476002,범천경남아파트,부산진구,범천동,950.0,950,50,1.0,0.05263157894736842,0.0,0.0,0.05263157894736842,,18925000000.0,,,True,산정 불완전,가격 부족 또는 면적 연결 미확인,6adef5eb4bf1669c7af23f789009a1f2a9768570145a7c6b211429b0fd164989,"[[""exclusive_59.94"", ""unavailable""], [""exclusive_84.93"", ""unavailable""], [""exclusive_119"", ""small_sample""]]",현재 확보 자료로 재구성한 과거 추정치; 과거 세대 구성 미확인,False,555b475dcef496b2254b825ba10b0724d7994196dba4c4e18f34e7f5aa4db599,54cb25d3544257419c8c9faa1ee168a8848dbea69689888cc0985fdd2c7a4797,ed22070000c1f425633073aec41cd0475b986c3ad372d2a8aae8d6171a317f44,f2a5f0d6492eb8372b471470,2026-09-18T13:45:05.713829+09:00
2026-08,A61476004,범천LH,부산진구,범천동,533.0,0,0,0.0,0.0,0.0,0.0,0.0,,,,,True,산정 불완전,평형별 세대수 보완 필요; 임대·혼합 또는 분양 범위 미확인,c38eb7731a2edbf2c405dc922468ded84aa651100a03e86668e60fb8b6b0b8e7,[],현재 확보 자료로 재구성한 과거 추정치; 과거 세대 구성 미확인,False,555b475dcef496b2254b825ba10b0724d7994196dba4c4e18f34e7f5aa4db599,54cb25d3544257419c8c9faa1ee168a8848dbea69689888cc0985fdd2c7a4797,ed22070000c1f425633073aec41cd0475b986c3ad372d2a8aae8d6171a317f44,f2a5f0d6492eb8372b471470,2026-09-18T13:45:05.713829+09:00
2026-08,A61483202,서면e-편한세상,부산진구,범천동,623.0,623,0,1.0,0.0,0.0,0.0,0.0,,,,,True,산정 불완전,가격 부족 또는 면적 연결 미확인,280916f93c5197a8c04669048029aad392991e5f23fe3a1b4b0f71259172fa72,"[[""exclusive_84.87"", ""unavailable""], [""exclusive_84.98"", ""unavailable""], [""exclusive_84.78"", ""unavailable""], [""exclusive_84.91"", ""unavailable""], [""exclusive_84.65"", ""unavailable""], [""exclusive_117.02"", ""unavailable""], [""exclusive_119.73"", ""unavailable""], [""exclusive_118.02"", ""unavailable""], [""exclusive_141.4"", ""unavailable""]]",현재 확보 자료로 재구성한 과거 추정치; 과거 세대 구성 미확인,False,555b475dcef496b2254b825ba10b0724d7994196dba4c4e18f34e7f5aa4db599,54cb25d3544257419c8c9faa1ee168a8848dbea69689888cc0985fdd2c7a4797,ed22070000c1f425633073aec41cd0475b986c3ad372d2a8aae8d6171a317f44,f2a5f0d6492eb8372b471470,2026-09-18T13:45:05.713829+09:00
2026-08,A10025540,삼한골든뷰센트럴파크,부산진구,범전동,1272.0,1272,0,1.0,0.0,0.0,0.0,0.0,,,,,True,산정 불완전,가격 부족 또는 면적 연결 미확인,ed2927512f1e124f957ec6dd8b919f7731f089a61a07b09c6e1db6e5d3817175,"[[""exclusive_84.99"", ""unavailable""], [""exclusive_84.97"", ""unavailable""]]",현재 확보 자료로 재구성한 과거 추정치; 과거 세대 구성 미확인,False,555b475dcef496b2254b825ba10b0724d7994196dba4c4e18f34e7f5aa4db599,54cb25d3544257419c8c9faa1ee168a8848dbea69689888cc0985fdd2c7a4797,ed22070000c1f425633073aec41cd0475b986c3ad372d2a8aae8d6171a317f44,f2a5f0d6492eb8372b471470,2026-09-18T13:45:05.713829+09:00
2026-08,A10023616,래미안 어반파크,부산진구,연지동,2616.0,2484,2350,0.9495412844036697,0.8983180428134556,0.827217125382263,0.045871559633027525,0.02522935779816514,,1788702500000.0,,,True,산정 불완전,평형 세대수 합계 불일치; 임대·혼합 또는 분양 범위 미확인; 가격 부족 또는 면적 연결 미확인,b9fe09d818b5f96c669a2fdcd38301f97a754e3a2851554ffa417b7edd21e36c,"[[""exclusive_51.95"", ""unavailable""], [""exclusive_51.93"", ""unavailable""], [""exclusive_51.91"", ""unavailable""], [""exclusive_59.76"", ""median_3m""], [""exclusive_74.97"", ""median_3m""], [""exclusive_84.94"", ""median_3m""], [""exclusive_84.89"", ""median_3m""], [""exclusive_84.85"", ""median_3m""], [""exclusive_84.86"", ""median_3m""], [""exclusive_91.36"", ""unavailable""], [""exclusive_99.88"", ""unavailable""], [""exclusive_99.64"", ""small_sample""], [""exclusive_110.42"", ""unavailable""], [""exclusive_111.53"", ""unavailable""], [""exclusive_114.84"", ""median_6m""], [""exclusive_117.92"", ""unavailable""], [""exclusive_121.33"", ""unavailable""], [""exclusive_121.61"", ""unavailable""], [""exclusive_122.59"", ""small_sample""], [""exclusive_123.74"", ""unavailable""], [""exclusive_124.88"", ""unavailable""], [""exclusive_125.8"", ""unavailable""], [""exclusive_126.91"", ""small_sample""], [""exclusive_132.96"", ""unavailable""]]",현재 확보 자료로 재구성한 과거 추정치; 과거 세대 구성 미확인,False,555b475dcef496b2254b825ba10b0724d7994196dba4c4e18f34e7f5aa4db599,54cb25d3544257419c8c9faa1ee168a8848dbea69689888cc0985fdd2c7a4797,ed22070000c1f425633073aec41cd0475b986c3ad372d2a8aae8d6171a317f44,f2a5f0d6492eb8372b471470,2026-09-18T13:45:05.713829+09:00
2026-08,A61478807,화인연지아파트,부산진구,연지동,654.0,654,654,1.0,1.0,0.5259938837920489,0.0,0.4740061162079511,156029500000.0,156029500000.0,238577217.12538227,,True,D,,3bb1ebece48bd7cfbbd91a72196d79650e1456bc779fcb8a49d08934e6ae26dd,"[[""exclusive_39.34"", ""small_sample""], [""exclusive_59.72"", ""median_3m""], [""exclusive_84.88"", ""median_12m""], [""exclusive_134.85"", ""small_sample""]]",현재 확보 자료로 재구성한 과거 추정치; 과거 세대 구성 미확인,False,555b475dcef496b2254b825ba10b0724d7994196dba4c4e18f34e7f5aa4db599,54cb25d3544257419c8c9faa1ee168a8848dbea69689888cc0985fdd2c7a4797,ed22070000c1f425633073aec41cd0475b986c3ad372d2a8aae8d6171a317f44,f2a5f0d6492eb8372b471470,2026-09-18T13:45:05.713829+09:00
2026-08,A61478901,연지자이2차,부산진구,연지동,1011.0,940,0,0.9297725024727992,0.0,0.0,0.0,0.0,,,,,True,산정 불완전,평형 세대수 합계 불일치; 가격 부족 또는 면적 연결 미확인,f1e0c997bc3d5f324da3708f39e6679f8b9b0446d79023ffa39a7fb1bbd2d976,"[[""exclusive_39.98"", ""unavailable""], [""exclusive_59.9"", ""unavailable""], [""exclusive_59.74"", ""unavailable""], [""exclusive_84.92"", ""unavailable""], [""exclusive_100.14"", ""unavailable""], [""exclusive_117.61"", ""unavailable""], [""exclusive_127.25"", ""unavailable""], [""exclusive_149.6"", ""unavailable""]]",현재 확보 자료로 재구성한 과거 추정치; 과거 세대 구성 미확인,False,555b475dcef496b2254b825ba10b0724d7994196dba4c4e18f34e7f5aa4db599,54cb25d3544257419c8c9faa1ee168a8848dbea69689888cc0985fdd2c7a4797,ed22070000c1f425633073aec41cd0475b986c3ad372d2a8aae8d6171a317f44,f2a5f0d6492eb8372b471470,2026-09-18T13:45:05.713829+09:00
2026-08,A61485906,연지2차청구아파트,부산진구,연지동,554.0,554,320,1.0,0.5776173285198556,0.5415162454873647,0.0,0.036101083032490974,,79960000000.0,,,True,산정 불완전,가격 부족 또는 면적 연결 미확인,5cc92fd1b5b6f86ca6a2d601d9bb73fb63c35d7f2117fc524749fdd5036121d2,"[[""exclusive_59.89"", ""unavailable""], [""exclusive_76.56"", ""small_sample""], [""exclusive_84.72"", ""median_3m""]]",현재 확보 자료로 재구성한 과거 추정치; 과거 세대 구성 미확인,False,555b475dcef496b2254b825ba10b0724d7994196dba4c4e18f34e7f5aa4db599,54cb25d3544257419c8c9faa1ee168a8848dbea69689888cc0985fdd2c7a4797,ed22070000c1f425633073aec41cd0475b986c3ad372d2a8aae8d6171a317f44,f2a5f0d6492eb8372b471470,2026-09-18T13:45:05.713829+09:00
2026-08,A61486005,연지자이1차아파트,부산진구,연지동,547.0,547,0,1.0,0.0,0.0,0.0,0.0,,,,,True,산정 불완전,가격 부족 또는 면적 연결 미확인,91bed82f82fdcfb329ebc32c0ae7953b90ed900c573b47e6d6112d14b6de295c,"[[""exclusive_59.96"", ""unavailable""], [""exclusive_84.98"", ""unavailable""], [""exclusive_84.87"", ""unavailable""], [""exclusive_84.89"", ""unavailable""], [""exclusive_121.84"", ""unavailable""]]",현재 확보 자료로 재구성한 과거 추정치; 과거 세대 구성 미확인,False,555b475dcef496b2254b825ba10b0724d7994196dba4c4e18f34e7f5aa4db599,54cb25d3544257419c8c9faa1ee168a8848dbea69689888cc0985fdd2c7a4797,ed22070000c1f425633073aec41cd0475b986c3ad372d2a8aae8d6171a317f44,f2a5f0d6492eb8372b471470,2026-09-18T13:45:05.713829+09:00
2026-08,A61486008,세동한신아파트,부산진구,연지동,789.0,789,789,1.0,1.0,0.3865652724968314,0.41825095057034223,0.19518377693282637,216739750000.0,216739750000.0,274701837.76932824,,True,C,,94cd038094c5aa3760d561af02b028ae3b457919eedbe9820d18eefc9aeb0579,"[[""exclusive_59.91"", ""median_6m""], [""exclusive_84.98"", ""median_3m""], [""exclusive_134.93"", ""median_12m""]]",현재 확보 자료로 재구성한 과거 추정치; 과거 세대 구성 미확인,False,555b475dcef496b2254b825ba10b0724d7994196dba4c4e18f34e7f5aa4db599,54cb25d3544257419c8c9faa1ee168a8848dbea69689888cc0985fdd2c7a4797,ed22070000c1f425633073aec41cd0475b986c3ad372d2a8aae8d6171a317f44,f2a5f0d6492eb8372b471470,2026-09-18T13:45:05.713829+09:00
2026-08,A10022574,초읍하늘채포레스원아파트,부산진구,초읍동,756.0,716,0,0.9470899470899471,0.0,0.0,0.0,0.0,,,,,True,산정 불완전,평형 세대수 합계 불일치; 임대·혼합 또는 분양 범위 미확인; 가격 부족 또는 면적 연결 미확인,5069f6ccedeb679bf3e4de1792c25836533492b8e0b9f4d6784b0ada5f238ba8,"[[""exclusive_59.94"", ""unavailable""], [""exclusive_59.99"", ""unavailable""], [""exclusive_84.96"", ""unavailable""]]",현재 확보 자료로 재구성한 과거 추정치; 과거 세대 구성 미확인,False,555b475dcef496b2254b825ba10b0724d7994196dba4c4e18f34e7f5aa4db599,54cb25d3544257419c8c9faa1ee168a8848dbea69689888cc0985fdd2c7a4797,ed22070000c1f425633073aec41cd0475b986c3ad372d2a8aae8d6171a317f44,f2a5f0d6492eb8372b471470,2026-09-18T13:45:05.713829+09:00
2026-08,A10024953,포레나부산초읍,부산진구,초읍동,1113.0,1113,0,1.0,0.0,0.0,0.0,0.0,,,,,True,산정 불완전,임대·혼합 또는 분양 범위 미확인; 가격 부족 또는 면적 연결 미확인,44eedcbea4361077595f2e796067720cf7d0e4842ad413fac54299e53ca440e4,"[[""exclusive_39.16"", ""unavailable""], [""exclusive_59.91"", ""unavailable""], [""exclusive_72.9"", ""unavailable""], [""exclusive_84.91"", ""unavailable""], [""exclusive_84.95"", ""unavailable""]]",현재 확보 자료로 재구성한 과거 추정치; 과거 세대 구성 미확인,False,555b475dcef496b2254b825ba10b0724d7994196dba4c4e18f34e7f5aa4db599,54cb25d3544257419c8c9faa1ee168a8848dbea69689888cc0985fdd2c7a4797,ed22070000c1f425633073aec41cd0475b986c3ad372d2a8aae8d6171a317f44,f2a5f0d6492eb8372b471470,2026-09-18T13:45:05.713829+09:00
2026-08,A10020721,백양산서희스타힐스(백양산서희스타힐스),부산진구,부암동,1295.0,1295,0,1.0,0.0,0.0,0.0,0.0,,,,,True,산정 불완전,가격 부족 또는 면적 연결 미확인,23bfa99e4584dc5b0b1681f0527c7672b2dd012bed9f1abf19ec7e7a90a05022,"[[""exclusive_59.94"", ""unavailable""], [""exclusive_59.95"", ""unavailable""], [""exclusive_65.09"", ""unavailable""], [""exclusive_84.98"", ""unavailable""], [""exclusive_84.9"", ""unavailable""]]",현재 확보 자료로 재구성한 과거 추정치; 과거 세대 구성 미확인,False,555b475dcef496b2254b825ba10b0724d7994196dba4c4e18f34e7f5aa4db599,54cb25d3544257419c8c9faa1ee168a8848dbea69689888cc0985fdd2c7a4797,ed22070000c1f425633073aec41cd0475b986c3ad372d2a8aae8d6171a317f44,f2a5f0d6492eb8372b471470,2026-09-18T13:45:05.713829+09:00
2026-08,A10022844,롯데캐슬라센트,부산진구,부암동,2195.0,2079,2079,0.9471526195899772,0.9471526195899772,0.7899772209567198,0.0,0.1571753986332574,,1100968000000.0,,,True,산정 불완전,평형 세대수 합계 불일치; 임대·혼합 또는 분양 범위 미확인,a54b8cc797cfe8f5883462fb90ad8b3f911c827c92d638e5d20bf028bc143fdc,"[[""exclusive_59.02"", ""median_3m""], [""exclusive_59.2"", ""median_3m""], [""exclusive_72.13"", ""median_12m""], [""exclusive_84.8"", ""median_3m""], [""exclusive_101.89"", ""small_sample""], [""exclusive_101.92"", ""small_sample""]]",현재 확보 자료로 재구성한 과거 추정치; 과거 세대 구성 미확인,False,555b475dcef496b2254b825ba10b0724d7994196dba4c4e18f34e7f5aa4db599,54cb25d3544257419c8c9faa1ee168a8848dbea69689888cc0985fdd2c7a4797,ed22070000c1f425633073aec41cd0475b986c3ad372d2a8aae8d6171a317f44,f2a5f0d6492eb8372b471470,2026-09-18T13:45:05.713829+09:00
2026-08,A10026861,서면동일파크스위트3차아파트,부산진구,부암동,727.0,727,0,1.0,0.0,0.0,0.0,0.0,,,,,True,산정 불완전,가격 부족 또는 면적 연결 미확인,15b80d558194d0623c26501e9fd0a0fb0c9f19c40f54f98857024c27baf343dd,"[[""exclusive_39.86"", ""unavailable""], [""exclusive_67.88"", ""unavailable""], [""exclusive_79.93"", ""unavailable""], [""exclusive_79.78"", ""unavailable""], [""exclusive_84.97"", ""unavailable""], [""exclusive_110.82"", ""unavailable""]]",현재 확보 자료로 재구성한 과거 추정치; 과거 세대 구성 미확인,False,555b475dcef496b2254b825ba10b0724d7994196dba4c4e18f34e7f5aa4db599,54cb25d3544257419c8c9faa1ee168a8848dbea69689888cc0985fdd2c7a4797,ed22070000c1f425633073aec41cd0475b986c3ad372d2a8aae8d6171a317f44,f2a5f0d6492eb8372b471470,2026-09-18T13:45:05.713829+09:00
2026-08,A10028147,서면동일파크스위트1차아파트,부산진구,부암동,751.0,751,0,1.0,0.0,0.0,0.0,0.0,,,,,True,산정 불완전,가격 부족 또는 면적 연결 미확인,d458818bdff9bc77935c51e65c34aee1593e826ee8a9b1746e49fcd9bc006590,"[[""exclusive_67.8"", ""unavailable""], [""exclusive_67.96"", ""unavailable""], [""exclusive_68.61"", ""unavailable""], [""exclusive_67.95"", ""unavailable""], [""exclusive_79.42"", ""unavailable""], [""exclusive_79.27"", ""unavailable""], [""exclusive_79.7"", ""unavailable""], [""exclusive_84.99"", ""unavailable""], [""exclusive_100.86"", ""unavailable""], [""exclusive_110.34"", ""unavailable""]]",현재 확보 자료로 재구성한 과거 추정치; 과거 세대 구성 미확인,False,555b475dcef496b2254b825ba10b0724d7994196dba4c4e18f34e7f5aa4db599,54cb25d3544257419c8c9faa1ee168a8848dbea69689888cc0985fdd2c7a4797,ed22070000c1f425633073aec41cd0475b986c3ad372d2a8aae8d6171a317f44,f2a5f0d6492eb8372b471470,2026-09-18T13:45:05.713829+09:00
2026-08,A61409002,서면쌍용스윗닷홈스카이,부산진구,부암동,544.0,544,466,1.0,0.8566176470588235,0.2849264705882353,0.14338235294117646,0.42830882352941174,,221635000000.0,,,True,산정 불완전,가격 부족 또는 면적 연결 미확인,8bc13ffca67dbbfbf68fdd756bd434ca292d65cda30e951c6d0fcb0be9c9b3ef,"[[""exclusive_84.83"", ""unavailable""], [""exclusive_84.98"", ""median_12m""], [""exclusive_84.9"", ""median_3m""], [""exclusive_107.63"", ""median_12m""], [""exclusive_125.98"", ""median_6m""]]",현재 확보 자료로 재구성한 과거 추정치; 과거 세대 구성 미확인,False,555b475dcef496b2254b825ba10b0724d7994196dba4c4e18f34e7f5aa4db599,54cb25d3544257419c8c9faa1ee168a8848dbea69689888cc0985fdd2c7a4797,ed22070000c1f425633073aec41cd0475b986c3ad372d2a8aae8d6171a317f44,f2a5f0d6492eb8372b471470,2026-09-18T13:45:05.713829+09:00
2026-08,A61409003,일성in4아파트,부산진구,부암동,546.0,546,546,1.0,1.0,0.0,0.8076923076923077,0.19230769230769232,107016000000.0,107016000000.0,196000000.0,,True,D,,1fe78a5b43b3bc5710109af8d413e625a83e3f56b2e4917845c80b5592ef2547,"[[""exclusive_59.82"", ""small_sample""], [""exclusive_76.2"", ""median_6m""]]",현재 확보 자료로 재구성한 과거 추정치; 과거 세대 구성 미확인,False,555b475dcef496b2254b825ba10b0724d7994196dba4c4e18f34e7f5aa4db599,54cb25d3544257419c8c9faa1ee168a8848dbea69689888cc0985fdd2c7a4797,ed22070000c1f425633073aec41cd0475b986c3ad372d2a8aae8d6171a317f44,f2a5f0d6492eb8372b471470,2026-09-18T13:45:05.713829+09:00
2026-08,A61409004,타워베르빌,부산진구,부암동,704.0,0,0,0.0,0.0,0.0,0.0,0.0,,,,,True,산정 불완전,평형별 세대수 보완 필요,c38eb7731a2edbf2c405dc922468ded84aa651100a03e86668e60fb8b6b0b8e7,[],현재 확보 자료로 재구성한 과거 추정치; 과거 세대 구성 미확인,False,555b475dcef496b2254b825ba10b0724d7994196dba4c4e18f34e7f5aa4db599,54cb25d3544257419c8c9faa1ee168a8848dbea69689888cc0985fdd2c7a4797,ed22070000c1f425633073aec41cd0475b986c3ad372d2a8aae8d6171a317f44,f2a5f0d6492eb8372b471470,2026-09-18T13:45:05.713829+09:00
2026-08,A61409005,서면동문굿모닝힐,부산진구,부암동,559.0,559,0,1.0,0.0,0.0,0.0,0.0,,,,,True,산정 불완전,가격 부족 또는 면적 연결 미확인,061932e061d48c898a84dc3f5407b2b4fe47abb87f93bbec8a26e826e1018922,"[[""exclusive_70.3"", ""unavailable""], [""exclusive_84.92"", ""unavailable""], [""exclusive_100.71"", ""unavailable""], [""exclusive_105.29"", ""unavailable""], [""exclusive_118.11"", ""unavailable""], [""exclusive_115.73"", ""unavailable""], [""exclusive_129.77"", ""unavailable""], [""exclusive_138.59"", ""unavailable""]]",현재 확보 자료로 재구성한 과거 추정치; 과거 세대 구성 미확인,False,555b475dcef496b2254b825ba10b0724d7994196dba4c4e18f34e7f5aa4db599,54cb25d3544257419c8c9faa1ee168a8848dbea69689888cc0985fdd2c7a4797,ed22070000c1f425633073aec41cd0475b986c3ad372d2a8aae8d6171a317f44,f2a5f0d6492eb8372b471470,2026-09-18T13:45:05.713829+09:00
2026-08,A61409302,당감뜨란채아파트,부산진구,부암동,630.0,630,571,1.0,0.9063492063492063,0.9063492063492063,0.0,0.0,,94005000000.0,,,True,산정 불완전,가격 부족 또는 면적 연결 미확인,8a0798f158287b8166fc46f6be09193a2ccc025934aa0547bc47fddfec7ee073,"[[""exclusive_51.63"", ""median_3m""], [""exclusive_59.98"", ""median_3m""], [""exclusive_59.99"", ""unavailable""], [""exclusive_84.96"", ""unavailable""], [""exclusive_84.8"", ""unavailable""]]",현재 확보 자료로 재구성한 과거 추정치; 과거 세대 구성 미확인,False,555b475dcef496b2254b825ba10b0724d7994196dba4c4e18f34e7f5aa4db599,54cb25d3544257419c8c9faa1ee168a8848dbea69689888cc0985fdd2c7a4797,ed22070000c1f425633073aec41cd0475b986c3ad372d2a8aae8d6171a317f44,f2a5f0d6492eb8372b471470,2026-09-18T13:45:05.713829+09:00
2026-08,A61479403,백양산쌍용스윗닷홈아파트,부산진구,부암동,718.0,718,0,1.0,0.0,0.0,0.0,0.0,,,,,True,산정 불완전,가격 부족 또는 면적 연결 미확인,c214d32a41248618c57a080f95c501580765aa94b5862d44c770d48d9e6e04b4,"[[""exclusive_94.41"", ""unavailable""], [""exclusive_95.04"", ""unavailable""], [""exclusive_116.84"", ""unavailable""]]",현재 확보 자료로 재구성한 과거 추정치; 과거 세대 구성 미확인,False,555b475dcef496b2254b825ba10b0724d7994196dba4c4e18f34e7f5aa4db599,54cb25d3544257419c8c9faa1ee168a8848dbea69689888cc0985fdd2c7a4797,ed22070000c1f425633073aec41cd0475b986c3ad372d2a8aae8d6171a317f44,f2a5f0d6492eb8372b471470,2026-09-18T13:45:05.713829+09:00
2026-08,A61484004,협성피닉스아파트,부산진구,부암동,774.0,774,696,1.0,0.8992248062015504,0.0,0.0,0.8992248062015504,,163740000000.0,,,True,산정 불완전,가격 부족 또는 면적 연결 미확인,cbbcd29db69c4753319b3c390a4142352ca77939311231684628a69ccf447b88,"[[""exclusive_84.41"", ""unavailable""], [""exclusive_84.78"", ""median_12m""], [""exclusive_84.9"", ""small_sample""], [""exclusive_125.85"", ""small_sample""], [""exclusive_147.24"", ""unavailable""], [""exclusive_148.35"", ""small_sample""], [""exclusive_149.47"", ""unavailable""], [""exclusive_158.95"", ""small_sample""], [""exclusive_164.29"", ""small_sample""], [""exclusive_174.19"", ""small_sample""]]",현재 확보 자료로 재구성한 과거 추정치; 과거 세대 구성 미확인,False,555b475dcef496b2254b825ba10b0724d7994196dba4c4e18f34e7f5aa4db599,54cb25d3544257419c8c9faa1ee168a8848dbea69689888cc0985fdd2c7a4797,ed22070000c1f425633073aec41cd0475b986c3ad372d2a8aae8d6171a317f44,f2a5f0d6492eb8372b471470,2026-09-18T13:45:05.713829+09:00
2026-08,A61484005,화승삼성아파트,부산진구,부암동,1811.0,1811,1773,1.0,0.9790171176145775,0.9006073992269464,0.0,0.07840971838763114,,504520000000.0,,,True,산정 불완전,가격 부족 또는 면적 연결 미확인,6763c92d3779cd9b8fc62d8742fbaa7d4bed067411e827e954162610cd52a33d,"[[""exclusive_59.8"", ""median_3m""], [""exclusive_84.76"", ""median_3m""], [""exclusive_134.67"", ""median_12m""], [""exclusive_172.47"", ""unavailable""]]",현재 확보 자료로 재구성한 과거 추정치; 과거 세대 구성 미확인,False,555b475dcef496b2254b825ba10b0724d7994196dba4c4e18f34e7f5aa4db599,54cb25d3544257419c8c9faa1ee168a8848dbea69689888cc0985fdd2c7a4797,ed22070000c1f425633073aec41cd0475b986c3ad372d2a8aae8d6171a317f44,f2a5f0d6492eb8372b471470,2026-09-18T13:45:05.713829+09:00
2026-08,A10023021,서면 비스타동원,부산진구,당감동,806.0,806,0,1.0,0.0,0.0,0.0,0.0,,,,,True,산정 불완전,가격 부족 또는 면적 연결 미확인,63f0870c74e4cf217388cc7fa6435dd4e95c1f9e76b3554d595a9cc70b8c2351,"[[""exclusive_59.99"", ""unavailable""], [""exclusive_84.99"", ""unavailable""]]",현재 확보 자료로 재구성한 과거 추정치; 과거 세대 구성 미확인,False,555b475dcef496b2254b825ba10b0724d7994196dba4c4e18f34e7f5aa4db599,54cb25d3544257419c8c9faa1ee168a8848dbea69689888cc0985fdd2c7a4797,ed22070000c1f425633073aec41cd0475b986c3ad372d2a8aae8d6171a317f44,f2a5f0d6492eb8372b471470,2026-09-18T13:45:05.713829+09:00
2026-08,A10025434,서면2차 봄여름가을겨울아파트,부산진구,당감동,535.0,535,0,1.0,0.0,0.0,0.0,0.0,,,,,True,산정 불완전,가격 부족 또는 면적 연결 미확인,5675981b291683666750bae3c2dc29f56d4ef20e904e1b4c0d48ad404fe038c9,"[[""exclusive_59.79"", ""unavailable""], [""exclusive_62.21"", ""unavailable""], [""exclusive_64.44"", ""unavailable""], [""exclusive_81.68"", ""unavailable""], [""exclusive_82.66"", ""unavailable""]]",현재 확보 자료로 재구성한 과거 추정치; 과거 세대 구성 미확인,False,555b475dcef496b2254b825ba10b0724d7994196dba4c4e18f34e7f5aa4db599,54cb25d3544257419c8c9faa1ee168a8848dbea69689888cc0985fdd2c7a4797,ed22070000c1f425633073aec41cd0475b986c3ad372d2a8aae8d6171a317f44,f2a5f0d6492eb8372b471470,2026-09-18T13:45:05.713829+09:00
2026-08,A61410304,서면삼익아파트,부산진구,당감동,1074.0,1074,991,1.0,0.9227188081936686,0.0,0.11266294227188083,0.8100558659217877,,319956000000.0,,,True,산정 불완전,가격 부족 또는 면적 연결 미확인,95ff6a4329952a0865a8f9e595ba2a44ee7c748dd5ce723de1530ee7d36fcfd5,"[[""exclusive_44.76"", ""median_6m""], [""exclusive_64.44"", ""small_sample""], [""exclusive_64.43"", ""unavailable""], [""exclusive_79.95"", ""median_12m""], [""exclusive_92.74"", ""unavailable""], [""exclusive_107.56"", ""small_sample""], [""exclusive_108.26"", ""median_12m""]]",현재 확보 자료로 재구성한 과거 추정치; 과거 세대 구성 미확인,False,555b475dcef496b2254b825ba10b0724d7994196dba4c4e18f34e7f5aa4db599,54cb25d3544257419c8c9faa1ee168a8848dbea69689888cc0985fdd2c7a4797,ed22070000c1f425633073aec41cd0475b986c3ad372d2a8aae8d6171a317f44,f2a5f0d6492eb8372b471470,2026-09-18T13:45:05.713829+09:00
2026-08,A61475202,태화현대1차아파트,부산진구,당감동,668.0,668,668,1.0,1.0,0.0,0.3592814371257485,0.6407185628742516,213250000000.0,213250000000.0,319236526.9461078,,True,C,,939420ab58044d36c622636707b4735e381f76843876affd0f99a3fd21f7ee89,"[[""exclusive_59.72"", ""median_6m""], [""exclusive_84.77"", ""median_12m""], [""exclusive_84.94"", ""median_12m""], [""exclusive_111.41"", ""median_12m""]]",현재 확보 자료로 재구성한 과거 추정치; 과거 세대 구성 미확인,False,555b475dcef496b2254b825ba10b0724d7994196dba4c4e18f34e7f5aa4db599,54cb25d3544257419c8c9faa1ee168a8848dbea69689888cc0985fdd2c7a4797,ed22070000c1f425633073aec41cd0475b986c3ad372d2a8aae8d6171a317f44,f2a5f0d6492eb8372b471470,2026-09-18T13:45:05.713829+09:00
2026-08,A61475903,태화현대2차아파트,부산진구,당감동,820.0,820,820,1.0,1.0,0.3902439024390244,0.4,0.2097560975609756,272400000000.0,272400000000.0,332195121.9512195,,True,C,,ebcb08c4cf1f27333a33705f867e76db06574829df09c99dc2c0ecf4b70f0fa2,"[[""exclusive_59.72"", ""median_6m""], [""exclusive_84.94"", ""median_3m""], [""exclusive_111.41"", ""median_12m""]]",현재 확보 자료로 재구성한 과거 추정치; 과거 세대 구성 미확인,False,555b475dcef496b2254b825ba10b0724d7994196dba4c4e18f34e7f5aa4db599,54cb25d3544257419c8c9faa1ee168a8848dbea69689888cc0985fdd2c7a4797,ed22070000c1f425633073aec41cd0475b986c3ad372d2a8aae8d6171a317f44,f2a5f0d6492eb8372b471470,2026-09-18T13:45:05.713829+09:00
2026-08,A61477806,국제백양아파트,부산진구,당감동,1153.0,1153,0,1.0,0.0,0.0,0.0,0.0,,,,,True,산정 불완전,가격 부족 또는 면적 연결 미확인,6529e76894dc3792bbe2cec3b274ffd3ca3128c4c091e2e230c6aa4d5bf2b84d,"[[""exclusive_59.93"", ""unavailable""], [""exclusive_66.43"", ""unavailable""], [""exclusive_77.78"", ""unavailable""], [""exclusive_83.88"", ""unavailable""], [""exclusive_84.98"", ""unavailable""], [""exclusive_83.6"", ""unavailable""]]",현재 확보 자료로 재구성한 과거 추정치; 과거 세대 구성 미확인,False,555b475dcef496b2254b825ba10b0724d7994196dba4c4e18f34e7f5aa4db599,54cb25d3544257419c8c9faa1ee168a8848dbea69689888cc0985fdd2c7a4797,ed22070000c1f425633073aec41cd0475b986c3ad372d2a8aae8d6171a317f44,f2a5f0d6492eb8372b471470,2026-09-18T13:45:05.713829+09:00
2026-08,A61479605,당감동일스위트아파트,부산진구,당감동,1090.0,1090,0,1.0,0.0,0.0,0.0,0.0,,,,,True,산정 불완전,가격 부족 또는 면적 연결 미확인,8e7cfa601a3cdc0783187a680ccb4ec65ff07c848b3967991ee8a004e2108bd4,"[[""exclusive_59.99"", ""unavailable""], [""exclusive_80.23"", ""unavailable""], [""exclusive_84.97"", ""unavailable""], [""exclusive_110.22"", ""unavailable""], [""exclusive_126.89"", ""unavailable""]]",현재 확보 자료로 재구성한 과거 추정치; 과거 세대 구성 미확인,False,555b475dcef496b2254b825ba10b0724d7994196dba4c4e18f34e7f5aa4db599,54cb25d3544257419c8c9faa1ee168a8848dbea69689888cc0985fdd2c7a4797,ed22070000c1f425633073aec41cd0475b986c3ad372d2a8aae8d6171a317f44,f2a5f0d6492eb8372b471470,2026-09-18T13:45:05.713829+09:00
2026-08,A61482207,개금주공3단지아파트,부산진구,당감동,2716.0,2716,2715,1.0,0.9996318114874816,0.5301914580265096,0.044182621502209134,0.4252577319587629,,393740000000.0,,,True,산정 불완전,가격 부족 또는 면적 연결 미확인,07c17ddbb78d2c046db53bd0619534ec5c047951d326499cfd9287f423496829,"[[""exclusive_32.39"", ""small_sample""], [""exclusive_41.3"", ""median_3m""], [""exclusive_49.94"", ""median_3m""], [""exclusive_59.2"", ""small_sample""], [""exclusive_59.28"", ""median_12m""], [""exclusive_59.38"", ""unavailable""], [""exclusive_59.39"", ""small_sample""], [""exclusive_58.01"", ""median_12m""], [""exclusive_61.52"", ""median_12m""], [""exclusive_66.56"", ""median_12m""], [""exclusive_79.07"", ""median_6m""]]",현재 확보 자료로 재구성한 과거 추정치; 과거 세대 구성 미확인,False,555b475dcef496b2254b825ba10b0724d7994196dba4c4e18f34e7f5aa4db599,54cb25d3544257419c8c9faa1ee168a8848dbea69689888cc0985fdd2c7a4797,ed22070000c1f425633073aec41cd0475b986c3ad372d2a8aae8d6171a317f44,f2a5f0d6492eb8372b471470,2026-09-18T13:45:05.713829+09:00
2026-08,A61482302,백양뜨란채아파트,부산진구,당감동,851.0,851,0,1.0,0.0,0.0,0.0,0.0,,,,,True,산정 불완전,가격 부족 또는 면적 연결 미확인,45a5b14f560f654e3ee17fa80438579c0534f6a99d9da19bb25547a051f7cbe8,"[[""exclusive_59.54"", ""unavailable""], [""exclusive_59.55"", ""unavailable""], [""exclusive_59.89"", ""unavailable""], [""exclusive_59.91"", ""unavailable""], [""exclusive_84.5"", ""unavailable""], [""exclusive_84.97"", ""unavailable""]]",현재 확보 자료로 재구성한 과거 추정치; 과거 세대 구성 미확인,False,555b475dcef496b2254b825ba10b0724d7994196dba4c4e18f34e7f5aa4db599,54cb25d3544257419c8c9faa1ee168a8848dbea69689888cc0985fdd2c7a4797,ed22070000c1f425633073aec41cd0475b986c3ad372d2a8aae8d6171a317f44,f2a5f0d6492eb8372b471470,2026-09-18T13:45:05.713829+09:00
2026-08,A61482303,백양푸른채,부산진구,당감동,1116.0,1116,1062,1.0,0.9516129032258065,0.4399641577060932,0.4829749103942652,0.02867383512544803,,127269500000.0,,,True,산정 불완전,가격 부족 또는 면적 연결 미확인,603eac31f9d1a2f42b8f3c5589269db7eeaae16a6e39ab69d24f8c9fd7eb9978,"[[""exclusive_49.61"", ""small_sample""], [""exclusive_49.99"", ""median_6m""], [""exclusive_59.89"", ""median_6m""], [""exclusive_59.54"", ""median_6m""], [""exclusive_59.91"", ""median_3m""], [""exclusive_84.5"", ""unavailable""], [""exclusive_84.97"", ""unavailable""]]",현재 확보 자료로 재구성한 과거 추정치; 과거 세대 구성 미확인,False,555b475dcef496b2254b825ba10b0724d7994196dba4c4e18f34e7f5aa4db599,54cb25d3544257419c8c9faa1ee168a8848dbea69689888cc0985fdd2c7a4797,ed22070000c1f425633073aec41cd0475b986c3ad372d2a8aae8d6171a317f44,f2a5f0d6492eb8372b471470,2026-09-18T13:45:05.713829+09:00
2026-08,A10020213,가야역롯데캐슬스카이엘아파트,부산진구,가야동,725.0,725,0,1.0,0.0,0.0,0.0,0.0,,,,,True,산정 불완전,가격 부족 또는 면적 연결 미확인,f7cbb5c1999ff1c9f5f730a26c8fa7819a464b3b1eb66afe94d8d1822a93b7ab,"[[""exclusive_59.86"", ""unavailable""], [""exclusive_59.85"", ""unavailable""], [""exclusive_77.66"", ""unavailable""], [""exclusive_84.95"", ""unavailable""], [""exclusive_84.75"", ""unavailable""]]",현재 확보 자료로 재구성한 과거 추정치; 과거 세대 구성 미확인,False,555b475dcef496b2254b825ba10b0724d7994196dba4c4e18f34e7f5aa4db599,54cb25d3544257419c8c9faa1ee168a8848dbea69689888cc0985fdd2c7a4797,ed22070000c1f425633073aec41cd0475b986c3ad372d2a8aae8d6171a317f44,f2a5f0d6492eb8372b471470,2026-09-18T13:45:05.713829+09:00
2026-08,A10023627,가야롯데캐슬 골드아너,부산진구,가야동,935.0,935,0,1.0,0.0,0.0,0.0,0.0,,,,,True,산정 불완전,임대·혼합 또는 분양 범위 미확인; 가격 부족 또는 면적 연결 미확인,26572ea542de6febf555bdd3a2b7669040f687edc0fbaf8878793df4543d4b12,"[[""exclusive_39.97"", ""unavailable""], [""exclusive_59.92"", ""unavailable""], [""exclusive_59.99"", ""unavailable""], [""exclusive_84.99"", ""unavailable""], [""exclusive_84.96"", ""unavailable""], [""exclusive_102.53"", ""unavailable""]]",현재 확보 자료로 재구성한 과거 추정치; 과거 세대 구성 미확인,False,555b475dcef496b2254b825ba10b0724d7994196dba4c4e18f34e7f5aa4db599,54cb25d3544257419c8c9faa1ee168a8848dbea69689888cc0985fdd2c7a4797,ed22070000c1f425633073aec41cd0475b986c3ad372d2a8aae8d6171a317f44,f2a5f0d6492eb8372b471470,2026-09-18T13:45:05.713829+09:00
2026-08,A61476403,가야벽산아파트,부산진구,가야동,1772.0,1772,1694,1.0,0.9559819413092551,0.0,0.43340857787810383,0.5225733634311512,,423184000000.0,,,True,산정 불완전,가격 부족 또는 면적 연결 미확인,d4d32f671ca79bc67a53087c99d5d075ead71ec41a8174044eaad0865f7e9717,"[[""exclusive_69.28"", ""small_sample""], [""exclusive_77.04"", ""median_6m""], [""exclusive_84.99"", ""median_6m""], [""exclusive_85"", ""median_12m""], [""exclusive_122.57"", ""median_6m""], [""exclusive_123.3"", ""unavailable""], [""exclusive_136.68"", ""small_sample""], [""exclusive_174.2"", ""small_sample""]]",현재 확보 자료로 재구성한 과거 추정치; 과거 세대 구성 미확인,False,555b475dcef496b2254b825ba10b0724d7994196dba4c4e18f34e7f5aa4db599,54cb25d3544257419c8c9faa1ee168a8848dbea69689888cc0985fdd2c7a4797,ed22070000c1f425633073aec41cd0475b986c3ad372d2a8aae8d6171a317f44,f2a5f0d6492eb8372b471470,2026-09-18T13:45:05.713829+09:00
2026-08,A61479502,가야반도보라빌,부산진구,가야동,1048.0,1048,0,1.0,0.0,0.0,0.0,0.0,,,,,True,산정 불완전,가격 부족 또는 면적 연결 미확인,47f3a66483b01e22c758fd65064da9246c0cfc796a743e0c58f8f2174e3977b3,"[[""exclusive_71.65"", ""unavailable""], [""exclusive_84.85"", ""unavailable""], [""exclusive_114.99"", ""unavailable""], [""exclusive_130.59"", ""unavailable""]]",현재 확보 자료로 재구성한 과거 추정치; 과거 세대 구성 미확인,False,555b475dcef496b2254b825ba10b0724d7994196dba4c4e18f34e7f5aa4db599,54cb25d3544257419c8c9faa1ee168a8848dbea69689888cc0985fdd2c7a4797,ed22070000c1f425633073aec41cd0475b986c3ad372d2a8aae8d6171a317f44,f2a5f0d6492eb8372b471470,2026-09-18T13:45:05.713829+09:00
2026-08,A10023409,이진젠시티,부산진구,개금동,736.0,736,0,1.0,0.0,0.0,0.0,0.0,,,,,True,산정 불완전,가격 부족 또는 면적 연결 미확인,621446d12a3488b7b56a6f0ab998197699d5da65c2845260a15831d524588f44,"[[""exclusive_73.84"", ""unavailable""], [""exclusive_74.12"", ""unavailable""], [""exclusive_84.74"", ""unavailable""], [""exclusive_84.92"", ""unavailable""], [""exclusive_112"", ""unavailable""]]",현재 확보 자료로 재구성한 과거 추정치; 과거 세대 구성 미확인,False,555b475dcef496b2254b825ba10b0724d7994196dba4c4e18f34e7f5aa4db599,54cb25d3544257419c8c9faa1ee168a8848dbea69689888cc0985fdd2c7a4797,ed22070000c1f425633073aec41cd0475b986c3ad372d2a8aae8d6171a317f44,f2a5f0d6492eb8372b471470,2026-09-18T13:45:05.713829+09:00
2026-08,A10026363,금강펜테리움 더 스퀘어,부산진구,개금동,620.0,620,0,1.0,0.0,0.0,0.0,0.0,,,,,True,산정 불완전,가격 부족 또는 면적 연결 미확인,c72f41525b2f38d4b4d716a468f2c2b28117e18486aa6781c0e62e8cfc0e8750,"[[""exclusive_74.92"", ""unavailable""], [""exclusive_84.39"", ""unavailable""], [""exclusive_84.82"", ""unavailable""], [""exclusive_84.49"", ""unavailable""], [""exclusive_84.99"", ""unavailable""], [""exclusive_84.32"", ""unavailable""]]",현재 확보 자료로 재구성한 과거 추정치; 과거 세대 구성 미확인,False,555b475dcef496b2254b825ba10b0724d7994196dba4c4e18f34e7f5aa4db599,54cb25d3544257419c8c9faa1ee168a8848dbea69689888cc0985fdd2c7a4797,ed22070000c1f425633073aec41cd0475b986c3ad372d2a8aae8d6171a317f44,f2a5f0d6492eb8372b471470,2026-09-18T13:45:05.713829+09:00
2026-08,A61475512,개금주공2단지,부산진구,개금동,2544.0,2544,2544,1.0,1.0,0.2830188679245283,0.42452830188679247,0.29245283018867924,420282000000.0,420282000000.0,165205188.6792453,,True,D,,f87d5a7517714cd7a52cf4edc1107a01d24b7f528cd2733441bb475ede518db3,"[[""exclusive_32.39"", ""median_6m""], [""exclusive_41.3"", ""median_3m""], [""exclusive_49.94"", ""median_6m""], [""exclusive_58.01"", ""median_12m""], [""exclusive_61.52"", ""median_6m""], [""exclusive_66.56"", ""median_12m""], [""exclusive_79.07"", ""small_sample""]]",현재 확보 자료로 재구성한 과거 추정치; 과거 세대 구성 미확인,False,555b475dcef496b2254b825ba10b0724d7994196dba4c4e18f34e7f5aa4db599,54cb25d3544257419c8c9faa1ee168a8848dbea69689888cc0985fdd2c7a4797,ed22070000c1f425633073aec41cd0475b986c3ad372d2a8aae8d6171a317f44,f2a5f0d6492eb8372b471470,2026-09-18T13:45:05.713829+09:00
2026-08,A61477009,개금우드빌,부산진구,개금동,980.0,980,640,1.0,0.6530612244897959,0.6530612244897959,0.0,0.0,,55680000000.0,,,True,산정 불완전,가격 부족 또는 면적 연결 미확인,8099e12681a94ccb837f71b992cb9f7543d74c92820721f8e2d165161c7d9b5f,"[[""exclusive_44.87"", ""median_3m""], [""exclusive_56.88"", ""unavailable""]]",현재 확보 자료로 재구성한 과거 추정치; 과거 세대 구성 미확인,False,555b475dcef496b2254b825ba10b0724d7994196dba4c4e18f34e7f5aa4db599,54cb25d3544257419c8c9faa1ee168a8848dbea69689888cc0985fdd2c7a4797,ed22070000c1f425633073aec41cd0475b986c3ad372d2a8aae8d6171a317f44,f2a5f0d6492eb8372b471470,2026-09-18T13:45:05.713829+09:00
2026-08,A61477105,개금아이파크,부산진구,개금동,1424.0,1424,1386,1.0,0.973314606741573,0.41292134831460675,0.45365168539325845,0.10674157303370786,,395732000000.0,,,True,산정 불완전,가격 부족 또는 면적 연결 미확인,892ee46a0259687c0cd6d17210495f8a6d694e56e81dc9e6ae01b6b1d4131d16,"[[""exclusive_59.76"", ""median_3m""], [""exclusive_74.59"", ""median_3m""], [""exclusive_84.99"", ""median_6m""], [""exclusive_102.39"", ""median_6m""], [""exclusive_102.61"", ""small_sample""], [""exclusive_120.39"", ""small_sample""], [""exclusive_140.58"", ""unavailable""]]",현재 확보 자료로 재구성한 과거 추정치; 과거 세대 구성 미확인,False,555b475dcef496b2254b825ba10b0724d7994196dba4c4e18f34e7f5aa4db599,54cb25d3544257419c8c9faa1ee168a8848dbea69689888cc0985fdd2c7a4797,ed22070000c1f425633073aec41cd0475b986c3ad372d2a8aae8d6171a317f44,f2a5f0d6492eb8372b471470,2026-09-18T13:45:05.713829+09:00
2026-08,A61477403,개금시영아파트,부산진구,개금동,633.0,633,629,1.0,0.9936808846761453,0.9936808846761453,0.0,0.0,,31135500000.0,,,True,산정 불완전,가격 부족 또는 면적 연결 미확인,34d3b6065d67c81d56d3bf2fa1d235209b175dbd7c504398a108d4a08e2851f6,"[[""exclusive_39.66"", ""unavailable""], [""exclusive_39.67"", ""median_3m""]]",현재 확보 자료로 재구성한 과거 추정치; 과거 세대 구성 미확인,False,555b475dcef496b2254b825ba10b0724d7994196dba4c4e18f34e7f5aa4db599,54cb25d3544257419c8c9faa1ee168a8848dbea69689888cc0985fdd2c7a4797,ed22070000c1f425633073aec41cd0475b986c3ad372d2a8aae8d6171a317f44,f2a5f0d6492eb8372b471470,2026-09-18T13:45:05.713829+09:00
2026-08,A61480908,동원화인패밀리타운,부산진구,개금동,894.0,894,894,1.0,1.0,0.8344519015659956,0.0,0.16554809843400448,195300000000.0,195300000000.0,218456375.83892617,,True,D,,c2a2df5d14e28073110580fb8ddcc3384af9a90431f9bac6583e43db513e5d37,"[[""exclusive_84.98"", ""median_3m""], [""exclusive_117.95"", ""median_3m""], [""exclusive_131.66"", ""small_sample""]]",현재 확보 자료로 재구성한 과거 추정치; 과거 세대 구성 미확인,False,555b475dcef496b2254b825ba10b0724d7994196dba4c4e18f34e7f5aa4db599,54cb25d3544257419c8c9faa1ee168a8848dbea69689888cc0985fdd2c7a4797,ed22070000c1f425633073aec41cd0475b986c3ad372d2a8aae8d6171a317f44,f2a5f0d6492eb8372b471470,2026-09-18T13:45:05.713829+09:00
2026-08,A61480910,개금2지구도개공임대아파트,부산진구,개금동,990.0,0,0,0.0,0.0,0.0,0.0,0.0,,,,,True,산정 불완전,평형별 세대수 보완 필요; 임대·혼합 또는 분양 범위 미확인,c38eb7731a2edbf2c405dc922468ded84aa651100a03e86668e60fb8b6b0b8e7,[],현재 확보 자료로 재구성한 과거 추정치; 과거 세대 구성 미확인,False,555b475dcef496b2254b825ba10b0724d7994196dba4c4e18f34e7f5aa4db599,54cb25d3544257419c8c9faa1ee168a8848dbea69689888cc0985fdd2c7a4797,ed22070000c1f425633073aec41cd0475b986c3ad372d2a8aae8d6171a317f44,f2a5f0d6492eb8372b471470,2026-09-18T13:45:05.713829+09:00
2026-08,A61481111,신개금LG아파트,부산진구,개금동,2510.0,2510,2510,1.0,1.0,0.4306772908366534,0.37888446215139443,0.1904382470119522,780579500000.0,780579500000.0,310987848.6055777,,True,D,,95c1ad1416ef0e5c4c191ede23f44848276128b19e06e48bcc09143cf9460e1f,"[[""exclusive_60"", ""median_3m""], [""exclusive_59.99"", ""median_3m""], [""exclusive_84.99"", ""median_6m""], [""exclusive_118.47"", ""median_12m""], [""exclusive_134.92"", ""median_12m""], [""exclusive_164.97"", ""small_sample""]]",현재 확보 자료로 재구성한 과거 추정치; 과거 세대 구성 미확인,False,555b475dcef496b2254b825ba10b0724d7994196dba4c4e18f34e7f5aa4db599,54cb25d3544257419c8c9faa1ee168a8848dbea69689888cc0985fdd2c7a4797,ed22070000c1f425633073aec41cd0475b986c3ad372d2a8aae8d6171a317f44,f2a5f0d6492eb8372b471470,2026-09-18T13:45:05.713829+09:00
2026-08,A10025342,e편한세상동래명장,동래구,명장동,1384.0,1384,1303,1.0,0.9414739884393064,0.7384393063583815,0.1726878612716763,0.030346820809248554,,735897500000.0,,,True,산정 불완전,임대·혼합 또는 분양 범위 미확인; 가격 부족 또는 면적 연결 미확인,a38c7c8515747adcd96a68e8b49c0f49dec3dc9a071b8ebb6ddb6a49aee3e1d7,"[[""exclusive_37.83"", ""unavailable""], [""exclusive_59.99"", ""median_6m""], [""exclusive_59.98"", ""small_sample""], [""exclusive_65.23"", ""unavailable""], [""exclusive_65.21"", ""median_6m""], [""exclusive_76.33"", ""median_3m""], [""exclusive_76.22"", ""median_3m""], [""exclusive_84.98"", ""median_3m""], [""exclusive_84.68"", ""small_sample""], [""exclusive_84.9"", ""median_6m""]]",현재 확보 자료로 재구성한 과거 추정치; 과거 세대 구성 미확인,False,555b475dcef496b2254b825ba10b0724d7994196dba4c4e18f34e7f5aa4db599,54cb25d3544257419c8c9faa1ee168a8848dbea69689888cc0985fdd2c7a4797,ed22070000c1f425633073aec41cd0475b986c3ad372d2a8aae8d6171a317f44,f2a5f0d6492eb8372b471470,2026-09-18T13:45:05.713829+09:00
2026-08,A10026360,동래동일스위트,동래구,명장동,702.0,702,0,1.0,0.0,0.0,0.0,0.0,,,,,True,산정 불완전,가격 부족 또는 면적 연결 미확인,d71370648d29b9adb665cf4414a790cd72f4116d4e762c89ea862a621a7a88a0,"[[""exclusive_67.89"", ""unavailable""], [""exclusive_67.91"", ""unavailable""], [""exclusive_75.86"", ""unavailable""], [""exclusive_84.86"", ""unavailable""]]",현재 확보 자료로 재구성한 과거 추정치; 과거 세대 구성 미확인,False,555b475dcef496b2254b825ba10b0724d7994196dba4c4e18f34e7f5aa4db599,54cb25d3544257419c8c9faa1ee168a8848dbea69689888cc0985fdd2c7a4797,ed22070000c1f425633073aec41cd0475b986c3ad372d2a8aae8d6171a317f44,f2a5f0d6492eb8372b471470,2026-09-18T13:45:05.713829+09:00
2026-08,A10027972,안락경동리인아파트,동래구,안락동,693.0,693,0,1.0,0.0,0.0,0.0,0.0,,,,,True,산정 불완전,가격 부족 또는 면적 연결 미확인,af2fe17d83a810a514cae7208270081b4672b74557d628baddfa2496fd1a5db9,"[[""exclusive_55.35"", ""unavailable""], [""exclusive_72.77"", ""unavailable""], [""exclusive_72.2"", ""unavailable""], [""exclusive_79.16"", ""unavailable""], [""exclusive_78.94"", ""unavailable""], [""exclusive_84.98"", ""unavailable""], [""exclusive_96.79"", ""unavailable""], [""exclusive_109.07"", ""unavailable""]]",현재 확보 자료로 재구성한 과거 추정치; 과거 세대 구성 미확인,False,555b475dcef496b2254b825ba10b0724d7994196dba4c4e18f34e7f5aa4db599,54cb25d3544257419c8c9faa1ee168a8848dbea69689888cc0985fdd2c7a4797,ed22070000c1f425633073aec41cd0475b986c3ad372d2a8aae8d6171a317f44,f2a5f0d6492eb8372b471470,2026-09-18T13:45:05.713829+09:00
2026-08,A60710004,안락뜨란채2단지아파트,동래구,안락동,1420.0,1420,1420,1.0,1.0,0.8,0.2,0.0,584852000000.0,584852000000.0,411867605.63380283,,True,B,,456b9cd0eb23c08f24d7a74b8fe4b008a37524a91b2cf5c79db35182d5497731,"[[""exclusive_51.86"", ""median_3m""], [""exclusive_59.91"", ""median_3m""], [""exclusive_59.98"", ""median_3m""], [""exclusive_74.65"", ""median_6m""], [""exclusive_84.92"", ""median_3m""]]",현재 확보 자료로 재구성한 과거 추정치; 과거 세대 구성 미확인,False,555b475dcef496b2254b825ba10b0724d7994196dba4c4e18f34e7f5aa4db599,54cb25d3544257419c8c9faa1ee168a8848dbea69689888cc0985fdd2c7a4797,ed22070000c1f425633073aec41cd0475b986c3ad372d2a8aae8d6171a317f44,f2a5f0d6492eb8372b471470,2026-09-18T13:45:05.713829+09:00
2026-08,A60777205,안락1차SK아파트,동래구,안락동,1898.0,1898,1362,1.0,0.7175974710221286,0.0,0.6185458377239199,0.09905163329820864,,572216000000.0,,,True,산정 불완전,가격 부족 또는 면적 연결 미확인,5b206a77462c224ef47da2a273469a9c5555e6e80c59d64e5748dbcbb335c52b,"[[""exclusive_59.91"", ""median_12m""], [""exclusive_59.81"", ""unavailable""], [""exclusive_84.93"", ""median_6m""], [""exclusive_84.96"", ""median_6m""], [""exclusive_115.65"", ""median_6m""], [""exclusive_134.97"", ""median_6m""], [""exclusive_164.78"", ""unavailable""], [""exclusive_202.49"", ""unavailable""]]",현재 확보 자료로 재구성한 과거 추정치; 과거 세대 구성 미확인,False,555b475dcef496b2254b825ba10b0724d7994196dba4c4e18f34e7f5aa4db599,54cb25d3544257419c8c9faa1ee168a8848dbea69689888cc0985fdd2c7a4797,ed22070000c1f425633073aec41cd0475b986c3ad372d2a8aae8d6171a317f44,f2a5f0d6492eb8372b471470,2026-09-18T13:45:05.713829+09:00
2026-08,A60777206,부산안락4휴먼시아,동래구,안락동,619.0,0,0,0.0,0.0,0.0,0.0,0.0,,,,,True,산정 불완전,평형별 세대수 보완 필요; 임대·혼합 또는 분양 범위 미확인,c38eb7731a2edbf2c405dc922468ded84aa651100a03e86668e60fb8b6b0b8e7,[],현재 확보 자료로 재구성한 과거 추정치; 과거 세대 구성 미확인,False,555b475dcef496b2254b825ba10b0724d7994196dba4c4e18f34e7f5aa4db599,54cb25d3544257419c8c9faa1ee168a8848dbea69689888cc0985fdd2c7a4797,ed22070000c1f425633073aec41cd0475b986c3ad372d2a8aae8d6171a317f44,f2a5f0d6492eb8372b471470,2026-09-18T13:45:05.713829+09:00
2026-08,A60777604,안락현대아파트,동래구,안락동,738.0,738,700,1.0,0.948509485094851,0.21138211382113822,0.6341463414634146,0.10298102981029811,,225747000000.0,,,True,산정 불완전,가격 부족 또는 면적 연결 미확인,7515e9b86cf2ad548ee3e9a717babb64a4f4d420fb81cf297120122778bf15fd,"[[""exclusive_59.87"", ""median_3m""], [""exclusive_77.85"", ""median_6m""], [""exclusive_84.83"", ""median_6m""], [""exclusive_118.53"", ""small_sample""], [""exclusive_141.69"", ""unavailable""]]",현재 확보 자료로 재구성한 과거 추정치; 과거 세대 구성 미확인,False,555b475dcef496b2254b825ba10b0724d7994196dba4c4e18f34e7f5aa4db599,54cb25d3544257419c8c9faa1ee168a8848dbea69689888cc0985fdd2c7a4797,ed22070000c1f425633073aec41cd0475b986c3ad372d2a8aae8d6171a317f44,f2a5f0d6492eb8372b471470,2026-09-18T13:45:05.713829+09:00
2026-08,A60778502,강변뜨란채,동래구,안락동,814.0,814,814,1.0,1.0,0.4668304668304668,0.1941031941031941,0.33906633906633904,345111000000.0,345111000000.0,423969287.46928746,,True,C,,0c1b6839f783b9c3dd6504ff51d4543ef299c68d04625bfda57986908559b007,"[[""exclusive_59.69"", ""median_3m""], [""exclusive_74.65"", ""median_6m""], [""exclusive_84.92"", ""median_12m""]]",현재 확보 자료로 재구성한 과거 추정치; 과거 세대 구성 미확인,False,555b475dcef496b2254b825ba10b0724d7994196dba4c4e18f34e7f5aa4db599,54cb25d3544257419c8c9faa1ee168a8848dbea69689888cc0985fdd2c7a4797,ed22070000c1f425633073aec41cd0475b986c3ad372d2a8aae8d6171a317f44,f2a5f0d6492eb8372b471470,2026-09-18T13:45:05.713829+09:00
2026-08,A60782701,동래화목타운,동래구,안락동,793.0,793,643,1.0,0.8108448928121059,0.4501891551071879,0.2849936948297604,0.07566204287515763,,169430000000.0,,,True,산정 불완전,가격 부족 또는 면적 연결 미확인,a30baebfe72961d90f27768ca3bec90875d098bb9dc5b77815a99c6b59051235,"[[""exclusive_84.95"", ""median_3m""], [""exclusive_134.82"", ""median_6m""], [""exclusive_146.69"", ""small_sample""], [""exclusive_151.55"", ""unavailable""], [""exclusive_182.99"", ""unavailable""], [""exclusive_187.85"", ""unavailable""]]",현재 확보 자료로 재구성한 과거 추정치; 과거 세대 구성 미확인,False,555b475dcef496b2254b825ba10b0724d7994196dba4c4e18f34e7f5aa4db599,54cb25d3544257419c8c9faa1ee168a8848dbea69689888cc0985fdd2c7a4797,ed22070000c1f425633073aec41cd0475b986c3ad372d2a8aae8d6171a317f44,f2a5f0d6492eb8372b471470,2026-09-18T13:45:05.713829+09:00
2026-08,A10025662,포레나동래아파트,동래구,낙민동,732.0,732,0,1.0,0.0,0.0,0.0,0.0,,,,,True,산정 불완전,가격 부족 또는 면적 연결 미확인,025939dfae8eca32ae9c187ec3427646b6e353d298bc3159764ccea80b50051c,"[[""exclusive_84.82"", ""unavailable""], [""exclusive_84.64"", ""unavailable""]]",현재 확보 자료로 재구성한 과거 추정치; 과거 세대 구성 미확인,False,555b475dcef496b2254b825ba10b0724d7994196dba4c4e18f34e7f5aa4db599,54cb25d3544257419c8c9faa1ee168a8848dbea69689888cc0985fdd2c7a4797,ed22070000c1f425633073aec41cd0475b986c3ad372d2a8aae8d6171a317f44,f2a5f0d6492eb8372b471470,2026-09-18T13:45:05.713829+09:00
2026-08,A60775407,동원로얄듀크,동래구,낙민동,632.0,632,264,1.0,0.4177215189873418,0.0,0.0,0.4177215189873418,,107844000000.0,,,True,산정 불완전,가격 부족 또는 면적 연결 미확인,fd283177bd07ee04022b7d7a657513c50a12323aeb87b059dabe3743344b599c,"[[""exclusive_59.95"", ""unavailable""], [""exclusive_84.86"", ""median_12m""], [""exclusive_84.98"", ""median_12m""], [""exclusive_121.79"", ""unavailable""]]",현재 확보 자료로 재구성한 과거 추정치; 과거 세대 구성 미확인,False,555b475dcef496b2254b825ba10b0724d7994196dba4c4e18f34e7f5aa4db599,54cb25d3544257419c8c9faa1ee168a8848dbea69689888cc0985fdd2c7a4797,ed22070000c1f425633073aec41cd0475b986c3ad372d2a8aae8d6171a317f44,f2a5f0d6492eb8372b471470,2026-09-18T13:45:05.713829+09:00
2026-08,A60775605,동래우성아파트,동래구,낙민동,531.0,531,182,1.0,0.3427495291902072,0.0,0.3427495291902072,0.0,,40580000000.0,,,True,산정 불완전,가격 부족 또는 면적 연결 미확인,edf77d884ec96d539453d843c950d7d05fa3326d237c584399cb0a4b99fa425e,"[[""exclusive_40.3"", ""median_6m""], [""exclusive_52.44"", ""unavailable""], [""exclusive_59.64"", ""median_6m""], [""exclusive_84.87"", ""unavailable""], [""exclusive_134.88"", ""unavailable""]]",현재 확보 자료로 재구성한 과거 추정치; 과거 세대 구성 미확인,False,555b475dcef496b2254b825ba10b0724d7994196dba4c4e18f34e7f5aa4db599,54cb25d3544257419c8c9faa1ee168a8848dbea69689888cc0985fdd2c7a4797,ed22070000c1f425633073aec41cd0475b986c3ad372d2a8aae8d6171a317f44,f2a5f0d6492eb8372b471470,2026-09-18T13:45:05.713829+09:00
2026-08,A60776006,동래한양아파트,동래구,낙민동,552.0,552,552,1.0,1.0,0.0,0.3188405797101449,0.6811594202898551,277040000000.0,277040000000.0,501884057.9710145,,True,D,,9ddad5a57acdf514805feebe20d0d6f9a848118ccac84f0a45bb171132391c93,"[[""exclusive_82.91"", ""median_6m""], [""exclusive_96.4"", ""small_sample""], [""exclusive_113.39"", ""small_sample""], [""exclusive_133.42"", ""small_sample""]]",현재 확보 자료로 재구성한 과거 추정치; 과거 세대 구성 미확인,False,555b475dcef496b2254b825ba10b0724d7994196dba4c4e18f34e7f5aa4db599,54cb25d3544257419c8c9faa1ee168a8848dbea69689888cc0985fdd2c7a4797,ed22070000c1f425633073aec41cd0475b986c3ad372d2a8aae8d6171a317f44,f2a5f0d6492eb8372b471470,2026-09-18T13:45:05.713829+09:00
2026-08,A60780104,중앙하이츠2차아파트,동래구,낙민동,511.0,511,511,1.0,1.0,0.7181996086105675,0.28180039138943247,0.0,142363000000.0,142363000000.0,278596868.88454014,,True,B,,8b1e8b2570002a2aeb14b934305e7938b1aff5b888e5a045179191b7d40bc571,"[[""exclusive_59.9"", ""median_3m""], [""exclusive_84.83"", ""median_6m""]]",현재 확보 자료로 재구성한 과거 추정치; 과거 세대 구성 미확인,False,555b475dcef496b2254b825ba10b0724d7994196dba4c4e18f34e7f5aa4db599,54cb25d3544257419c8c9faa1ee168a8848dbea69689888cc0985fdd2c7a4797,ed22070000c1f425633073aec41cd0475b986c3ad372d2a8aae8d6171a317f44,f2a5f0d6492eb8372b471470,2026-09-18T13:45:05.713829+09:00
2026-08,A60780108,낙민한일유앤아이,동래구,낙민동,935.0,935,0,1.0,0.0,0.0,0.0,0.0,,,,,True,산정 불완전,가격 부족 또는 면적 연결 미확인,db82152eec8e1c20ff7ee6024ab743cc03ea74039cfa02f3f0438bcbe2875de8,"[[""exclusive_71.01"", ""unavailable""], [""exclusive_76.61"", ""unavailable""], [""exclusive_84.95"", ""unavailable""], [""exclusive_84.93"", ""unavailable""], [""exclusive_84.98"", ""unavailable""], [""exclusive_105.18"", ""unavailable""], [""exclusive_112.17"", ""unavailable""], [""exclusive_124.97"", ""unavailable""]]",현재 확보 자료로 재구성한 과거 추정치; 과거 세대 구성 미확인,False,555b475dcef496b2254b825ba10b0724d7994196dba4c4e18f34e7f5aa4db599,54cb25d3544257419c8c9faa1ee168a8848dbea69689888cc0985fdd2c7a4797,ed22070000c1f425633073aec41cd0475b986c3ad372d2a8aae8d6171a317f44,f2a5f0d6492eb8372b471470,2026-09-18T13:45:05.713829+09:00
2026-08,A60702002,우성베스토피아아파트,동래구,복천동,744.0,744,588,1.0,0.7903225806451613,0.0,0.44623655913978494,0.34408602150537637,,220970000000.0,,,True,산정 불완전,가격 부족 또는 면적 연결 미확인,da2c53670a16f877e2cdfa762e9e159a29a3cff55e93ad92b99ff9384cb29796,"[[""exclusive_84.87"", ""median_6m""], [""exclusive_112.37"", ""median_12m""], [""exclusive_124.7"", ""median_12m""], [""exclusive_134.77"", ""unavailable""], [""exclusive_152.71"", ""unavailable""], [""exclusive_174.16"", ""small_sample""], [""exclusive_201.4"", ""small_sample""], [""exclusive_234.08"", ""unavailable""]]",현재 확보 자료로 재구성한 과거 추정치; 과거 세대 구성 미확인,False,555b475dcef496b2254b825ba10b0724d7994196dba4c4e18f34e7f5aa4db599,54cb25d3544257419c8c9faa1ee168a8848dbea69689888cc0985fdd2c7a4797,ed22070000c1f425633073aec41cd0475b986c3ad372d2a8aae8d6171a317f44,f2a5f0d6492eb8372b471470,2026-09-18T13:45:05.713829+09:00
2026-08,A10023781,힐스테이트 명륜 트라디움,동래구,명륜동,874.0,874,0,1.0,0.0,0.0,0.0,0.0,,,,,True,산정 불완전,가격 부족 또는 면적 연결 미확인,91bb030fa1a438a0ebe7775902323972b779b4b46fc219951faf88d6cbfd4c6e,"[[""exclusive_84.93"", ""unavailable""], [""exclusive_84.96"", ""unavailable""], [""exclusive_109.98"", ""unavailable""], [""exclusive_137.32"", ""unavailable""], [""exclusive_137.9"", ""unavailable""]]",현재 확보 자료로 재구성한 과거 추정치; 과거 세대 구성 미확인,False,555b475dcef496b2254b825ba10b0724d7994196dba4c4e18f34e7f5aa4db599,54cb25d3544257419c8c9faa1ee168a8848dbea69689888cc0985fdd2c7a4797,ed22070000c1f425633073aec41cd0475b986c3ad372d2a8aae8d6171a317f44,f2a5f0d6492eb8372b471470,2026-09-18T13:45:05.713829+09:00
2026-08,A10025687,명륜자이,동래구,명륜동,671.0,671,0,1.0,0.0,0.0,0.0,0.0,,,,,True,산정 불완전,가격 부족 또는 면적 연결 미확인,da43f39513e4fbc21c1654ec7035d0d99290a97226e0dc8fbe20d597d0904f36,"[[""exclusive_39.59"", ""unavailable""], [""exclusive_45.95"", ""unavailable""], [""exclusive_45.93"", ""unavailable""], [""exclusive_59.94"", ""unavailable""], [""exclusive_59.9"", ""unavailable""], [""exclusive_59.99"", ""unavailable""], [""exclusive_59.88"", ""unavailable""], [""exclusive_59.92"", ""unavailable""], [""exclusive_84.93"", ""unavailable""], [""exclusive_84.96"", ""unavailable""]]",현재 확보 자료로 재구성한 과거 추정치; 과거 세대 구성 미확인,False,555b475dcef496b2254b825ba10b0724d7994196dba4c4e18f34e7f5aa4db599,54cb25d3544257419c8c9faa1ee168a8848dbea69689888cc0985fdd2c7a4797,ed22070000c1f425633073aec41cd0475b986c3ad372d2a8aae8d6171a317f44,f2a5f0d6492eb8372b471470,2026-09-18T13:45:05.713829+09:00
2026-08,A10027690,명륜2차아이파크아파트,동래구,명륜동,2058.0,1882,0,0.9144800777453839,0.0,0.0,0.0,0.0,,,,,True,산정 불완전,평형 세대수 합계 불일치; 임대·혼합 또는 분양 범위 미확인; 가격 부족 또는 면적 연결 미확인,652032fea688059f617b456c831f4071f4144a026bcf18ef3238e87bec7d11ac,"[[""exclusive_59.9"", ""unavailable""], [""exclusive_84.91"", ""unavailable""], [""exclusive_84.97"", ""unavailable""], [""exclusive_84.82"", ""unavailable""], [""exclusive_108.27"", ""unavailable""], [""exclusive_108.73"", ""unavailable""], [""exclusive_108.79"", ""unavailable""], [""exclusive_125.94"", ""unavailable""], [""exclusive_126.56"", ""unavailable""]]",현재 확보 자료로 재구성한 과거 추정치; 과거 세대 구성 미확인,False,555b475dcef496b2254b825ba10b0724d7994196dba4c4e18f34e7f5aa4db599,54cb25d3544257419c8c9faa1ee168a8848dbea69689888cc0985fdd2c7a4797,ed22070000c1f425633073aec41cd0475b986c3ad372d2a8aae8d6171a317f44,f2a5f0d6492eb8372b471470,2026-09-18T13:45:05.713829+09:00
2026-08,A60701003,동래센트럴파크하이츠2단지,동래구,명륜동,680.0,680,0,1.0,0.0,0.0,0.0,0.0,,,,,True,산정 불완전,가격 부족 또는 면적 연결 미확인,9157f61bbf37bce37cd816da5ced9ed5b47596c5f35ceb352ffbe3696fc2b1f0,"[[""exclusive_84.92"", ""unavailable""], [""exclusive_84.97"", ""unavailable""], [""exclusive_131.77"", ""unavailable""], [""exclusive_134.18"", ""unavailable""], [""exclusive_183.68"", ""unavailable""]]",현재 확보 자료로 재구성한 과거 추정치; 과거 세대 구성 미확인,False,555b475dcef496b2254b825ba10b0724d7994196dba4c4e18f34e7f5aa4db599,54cb25d3544257419c8c9faa1ee168a8848dbea69689888cc0985fdd2c7a4797,ed22070000c1f425633073aec41cd0475b986c3ad372d2a8aae8d6171a317f44,f2a5f0d6492eb8372b471470,2026-09-18T13:45:05.713829+09:00
2026-08,A60701004,명륜아이파크,동래구,명륜동,1409.0,0,0,0.0,0.0,0.0,0.0,0.0,,,,,True,산정 불완전,평형별 세대수 보완 필요,c38eb7731a2edbf2c405dc922468ded84aa651100a03e86668e60fb8b6b0b8e7,[],현재 확보 자료로 재구성한 과거 추정치; 과거 세대 구성 미확인,False,555b475dcef496b2254b825ba10b0724d7994196dba4c4e18f34e7f5aa4db599,54cb25d3544257419c8c9faa1ee168a8848dbea69689888cc0985fdd2c7a4797,ed22070000c1f425633073aec41cd0475b986c3ad372d2a8aae8d6171a317f44,f2a5f0d6492eb8372b471470,2026-09-18T13:45:05.713829+09:00
2026-08,A10022002,래미안포레스티지,동래구,온천동,4043.0,4043,0,1.0,0.0,0.0,0.0,0.0,,,,,True,산정 불완전,임대·혼합 또는 분양 범위 미확인; 가격 부족 또는 면적 연결 미확인,7399801bf7cfd2ababfa9d936f49f2a7dff43f39ece12b09b372ccb0be554e76,"[[""exclusive_39.93"", ""unavailable""], [""exclusive_49.97"", ""unavailable""], [""exclusive_59.98"", ""unavailable""], [""exclusive_72.78"", ""unavailable""], [""exclusive_72.72"", ""unavailable""], [""exclusive_72.91"", ""unavailable""], [""exclusive_72.97"", ""unavailable""], [""exclusive_84.99"", ""unavailable""], [""exclusive_84.98"", ""unavailable""], [""exclusive_84.97"", ""unavailable""], [""exclusive_97.73"", ""unavailable""], [""exclusive_115.99"", ""unavailable""], [""exclusive_120.87"", ""unavailable""], [""exclusive_135.09"", ""unavailable""], [""exclusive_132.57"", ""unavailable""], [""exclusive_145.77"", ""unavailable""], [""exclusive_147.1"", ""unavailable""]]",현재 확보 자료로 재구성한 과거 추정치; 과거 세대 구성 미확인,False,555b475dcef496b2254b825ba10b0724d7994196dba4c4e18f34e7f5aa4db599,54cb25d3544257419c8c9faa1ee168a8848dbea69689888cc0985fdd2c7a4797,ed22070000c1f425633073aec41cd0475b986c3ad372d2a8aae8d6171a317f44,f2a5f0d6492eb8372b471470,2026-09-18T13:45:05.713829+09:00
2026-08,A10023417,더샵 동래,동래구,온천동,603.0,603,0,1.0,0.0,0.0,0.0,0.0,,,,,True,산정 불완전,가격 부족 또는 면적 연결 미확인,c0b91b4c0eeb2617051b5cf768fb5ea7c5f4b40bd3dedbe531fed9c3289279ff,"[[""exclusive_74.77"", ""unavailable""], [""exclusive_84.88"", ""unavailable""], [""exclusive_84.9"", ""unavailable""], [""exclusive_84.74"", ""unavailable""]]",현재 확보 자료로 재구성한 과거 추정치; 과거 세대 구성 미확인,False,555b475dcef496b2254b825ba10b0724d7994196dba4c4e18f34e7f5aa4db599,54cb25d3544257419c8c9faa1ee168a8848dbea69689888cc0985fdd2c7a4797,ed22070000c1f425633073aec41cd0475b986c3ad372d2a8aae8d6171a317f44,f2a5f0d6492eb8372b471470,2026-09-18T13:45:05.713829+09:00
2026-08,A10023975,동래래미안아이파크아파트,동래구,온천동,3853.0,3853,0,1.0,0.0,0.0,0.0,0.0,,,,,True,산정 불완전,임대·혼합 또는 분양 범위 미확인; 가격 부족 또는 면적 연결 미확인,ccb2c48241654c7f12fc4620e99fb3bf6a88e7654b393001eb526d49df774dd6,"[[""exclusive_59.98"", ""unavailable""], [""exclusive_59.9"", ""unavailable""], [""exclusive_75.52"", ""unavailable""], [""exclusive_75.95"", ""unavailable""], [""exclusive_84.98"", ""unavailable""], [""exclusive_84.94"", ""unavailable""], [""exclusive_84.99"", ""unavailable""], [""exclusive_89.67"", ""unavailable""], [""exclusive_100.85"", ""unavailable""], [""exclusive_114.83"", ""unavailable""], [""exclusive_114.91"", ""unavailable""], [""exclusive_29.89"", ""unavailable""], [""exclusive_49.85"", ""unavailable""]]",현재 확보 자료로 재구성한 과거 추정치; 과거 세대 구성 미확인,False,555b475dcef496b2254b825ba10b0724d7994196dba4c4e18f34e7f5aa4db599,54cb25d3544257419c8c9faa1ee168a8848dbea69689888cc0985fdd2c7a4797,ed22070000c1f425633073aec41cd0475b986c3ad372d2a8aae8d6171a317f44,f2a5f0d6492eb8372b471470,2026-09-18T13:45:05.713829+09:00
2026-08,A10024005,동래3차 SK VIEW 아파트,동래구,온천동,999.0,999,0,1.0,0.0,0.0,0.0,0.0,,,,,True,산정 불완전,가격 부족 또는 면적 연결 미확인,74ef27a0d68dceba851348af7b4f5c3f02c1e756b676c0783addefc9a89c2a77,"[[""exclusive_59.96"", ""unavailable""], [""exclusive_59.97"", ""unavailable""], [""exclusive_59.99"", ""unavailable""], [""exclusive_74.86"", ""unavailable""], [""exclusive_84.81"", ""unavailable""], [""exclusive_84.88"", ""unavailable""], [""exclusive_84.87"", ""unavailable""]]",현재 확보 자료로 재구성한 과거 추정치; 과거 세대 구성 미확인,False,555b475dcef496b2254b825ba10b0724d7994196dba4c4e18f34e7f5aa4db599,54cb25d3544257419c8c9faa1ee168a8848dbea69689888cc0985fdd2c7a4797,ed22070000c1f425633073aec41cd0475b986c3ad372d2a8aae8d6171a317f44,f2a5f0d6492eb8372b471470,2026-09-18T13:45:05.713829+09:00
2026-08,A10025463,동래효성해링턴플레이스,동래구,온천동,762.0,762,0,1.0,0.0,0.0,0.0,0.0,,,,,True,산정 불완전,가격 부족 또는 면적 연결 미확인,99e3e3a887f05fd6a849c767858f5c52be5fbf1a613a90cc40d26006adffe97f,"[[""exclusive_84.47"", ""unavailable""], [""exclusive_84.57"", ""unavailable""], [""exclusive_84.61"", ""unavailable""], [""exclusive_84.37"", ""unavailable""], [""exclusive_105.31"", ""unavailable""]]",현재 확보 자료로 재구성한 과거 추정치; 과거 세대 구성 미확인,False,555b475dcef496b2254b825ba10b0724d7994196dba4c4e18f34e7f5aa4db599,54cb25d3544257419c8c9faa1ee168a8848dbea69689888cc0985fdd2c7a4797,ed22070000c1f425633073aec41cd0475b986c3ad372d2a8aae8d6171a317f44,f2a5f0d6492eb8372b471470,2026-09-18T13:45:05.713829+09:00
2026-08,A10026316,동래삼정그린코아포레스트,동래구,온천동,582.0,582,0,1.0,0.0,0.0,0.0,0.0,,,,,True,산정 불완전,가격 부족 또는 면적 연결 미확인,fe2fc420b7c8496073c2663f535791ec49ac7cfe31415fbe551aff0c1fabd829,"[[""exclusive_84.56"", ""unavailable""], [""exclusive_84.91"", ""unavailable""], [""exclusive_84.86"", ""unavailable""], [""exclusive_84.79"", ""unavailable""], [""exclusive_84.67"", ""unavailable""]]",현재 확보 자료로 재구성한 과거 추정치; 과거 세대 구성 미확인,False,555b475dcef496b2254b825ba10b0724d7994196dba4c4e18f34e7f5aa4db599,54cb25d3544257419c8c9faa1ee168a8848dbea69689888cc0985fdd2c7a4797,ed22070000c1f425633073aec41cd0475b986c3ad372d2a8aae8d6171a317f44,f2a5f0d6492eb8372b471470,2026-09-18T13:45:05.713829+09:00
2026-08,A60775306,동래럭키아파트,동래구,온천동,1536.0,1536,1396,1.0,0.9088541666666666,0.0,0.390625,0.5182291666666666,,1409570000000.0,,,True,산정 불완전,가격 부족 또는 면적 연결 미확인,43698bd90c6db058ab6c7f4cde7bd46923c77570e07d88778b6e82d9201a02bf,"[[""exclusive_84.72"", ""median_6m""], [""exclusive_84.64"", ""median_6m""], [""exclusive_132.49"", ""small_sample""], [""exclusive_163.96"", ""small_sample""], [""exclusive_190.55"", ""unavailable""]]",현재 확보 자료로 재구성한 과거 추정치; 과거 세대 구성 미확인,False,555b475dcef496b2254b825ba10b0724d7994196dba4c4e18f34e7f5aa4db599,54cb25d3544257419c8c9faa1ee168a8848dbea69689888cc0985fdd2c7a4797,ed22070000c1f425633073aec41cd0475b986c3ad372d2a8aae8d6171a317f44,f2a5f0d6492eb8372b471470,2026-09-18T13:45:05.713829+09:00
2026-08,A60783306,벽산 아스타,동래구,온천동,648.0,648,0,1.0,0.0,0.0,0.0,0.0,,,,,True,산정 불완전,가격 부족 또는 면적 연결 미확인,18434d00bb6c914c5cee9fead3354c2dcd7fe83430b92013792b2ec2ab405f06,"[[""exclusive_84.81"", ""unavailable""], [""exclusive_84.97"", ""unavailable""], [""exclusive_119.3"", ""unavailable""], [""exclusive_119.93"", ""unavailable""], [""exclusive_117.9"", ""unavailable""], [""exclusive_117.77"", ""unavailable""], [""exclusive_134.9"", ""unavailable""], [""exclusive_135.81"", ""unavailable""], [""exclusive_136.89"", ""unavailable""], [""exclusive_171.48"", ""unavailable""], [""exclusive_196.97"", ""unavailable""], [""exclusive_222.89"", ""unavailable""], [""exclusive_223.1"", ""unavailable""]]",현재 확보 자료로 재구성한 과거 추정치; 과거 세대 구성 미확인,False,555b475dcef496b2254b825ba10b0724d7994196dba4c4e18f34e7f5aa4db599,54cb25d3544257419c8c9faa1ee168a8848dbea69689888cc0985fdd2c7a4797,ed22070000c1f425633073aec41cd0475b986c3ad372d2a8aae8d6171a317f44,f2a5f0d6492eb8372b471470,2026-09-18T13:45:05.713829+09:00
2026-08,A60784207,온천동반도보라스카이뷰,동래구,온천동,1149.0,1149,0,1.0,0.0,0.0,0.0,0.0,,,,,True,산정 불완전,가격 부족 또는 면적 연결 미확인,4e4fd9019d4332b88b45ee25ac13d03a69f8276b28ccacbbc9107f014bc241f6,"[[""exclusive_84.88"", ""unavailable""], [""exclusive_84.95"", ""unavailable""], [""exclusive_101.4"", ""unavailable""], [""exclusive_128.53"", ""unavailable""], [""exclusive_128.26"", ""unavailable""], [""exclusive_148.45"", ""unavailable""], [""exclusive_163.43"", ""unavailable""], [""exclusive_182.46"", ""unavailable""]]",현재 확보 자료로 재구성한 과거 추정치; 과거 세대 구성 미확인,False,555b475dcef496b2254b825ba10b0724d7994196dba4c4e18f34e7f5aa4db599,54cb25d3544257419c8c9faa1ee168a8848dbea69689888cc0985fdd2c7a4797,ed22070000c1f425633073aec41cd0475b986c3ad372d2a8aae8d6171a317f44,f2a5f0d6492eb8372b471470,2026-09-18T13:45:05.713829+09:00
2026-08,A10022591,사직 하늘채 리센티아,동래구,사직동,690.0,690,0,1.0,0.0,0.0,0.0,0.0,,,,,True,산정 불완전,가격 부족 또는 면적 연결 미확인,f6d43960114b7b0be1a4c15da72b214df70e2e3df9ce8e375237272836882642,"[[""exclusive_59.9"", ""unavailable""], [""exclusive_84.91"", ""unavailable""], [""exclusive_84.89"", ""unavailable""]]",현재 확보 자료로 재구성한 과거 추정치; 과거 세대 구성 미확인,False,555b475dcef496b2254b825ba10b0724d7994196dba4c4e18f34e7f5aa4db599,54cb25d3544257419c8c9faa1ee168a8848dbea69689888cc0985fdd2c7a4797,ed22070000c1f425633073aec41cd0475b986c3ad372d2a8aae8d6171a317f44,f2a5f0d6492eb8372b471470,2026-09-18T13:45:05.713829+09:00
2026-08,A10024982,쌍용 더 플래티넘 사직 아시아드,동래구,사직동,914.0,914,0,1.0,0.0,0.0,0.0,0.0,,,,,True,산정 불완전,가격 부족 또는 면적 연결 미확인,c96c90391978822e3e24b0b47e761bb89c94f10bd7b9ee54f81a5299225144c4,"[[""exclusive_59.94"", ""unavailable""], [""exclusive_69.18"", ""unavailable""], [""exclusive_84.92"", ""unavailable""], [""exclusive_84.93"", ""unavailable""], [""exclusive_84.47"", ""unavailable""], [""exclusive_84.59"", ""unavailable""]]",현재 확보 자료로 재구성한 과거 추정치; 과거 세대 구성 미확인,False,555b475dcef496b2254b825ba10b0724d7994196dba4c4e18f34e7f5aa4db599,54cb25d3544257419c8c9faa1ee168a8848dbea69689888cc0985fdd2c7a4797,ed22070000c1f425633073aec41cd0475b986c3ad372d2a8aae8d6171a317f44,f2a5f0d6492eb8372b471470,2026-09-18T13:45:05.713829+09:00
2026-08,A10027054,사직롯데캐슬더클래식,동래구,사직동,1064.0,978,0,0.9191729323308271,0.0,0.0,0.0,0.0,,,,,True,산정 불완전,평형 세대수 합계 불일치; 임대·혼합 또는 분양 범위 미확인; 가격 부족 또는 면적 연결 미확인,fe44a249ac0fa7ec2b671c18f3bc9136d2a050e502ebeb300818bc74e646bb50,"[[""exclusive_59.9"", ""unavailable""], [""exclusive_84.85"", ""unavailable""], [""exclusive_84.97"", ""unavailable""], [""exclusive_84.89"", ""unavailable""], [""exclusive_112.78"", ""unavailable""], [""exclusive_112.79"", ""unavailable""], [""exclusive_123.93"", ""unavailable""], [""exclusive_124.73"", ""unavailable""]]",현재 확보 자료로 재구성한 과거 추정치; 과거 세대 구성 미확인,False,555b475dcef496b2254b825ba10b0724d7994196dba4c4e18f34e7f5aa4db599,54cb25d3544257419c8c9faa1ee168a8848dbea69689888cc0985fdd2c7a4797,ed22070000c1f425633073aec41cd0475b986c3ad372d2a8aae8d6171a317f44,f2a5f0d6492eb8372b471470,2026-09-18T13:45:05.713829+09:00
2026-08,A10027341,사직KCC스위첸,동래구,사직동,999.0,999,0,1.0,0.0,0.0,0.0,0.0,,,,,True,산정 불완전,가격 부족 또는 면적 연결 미확인,7a41174b8baa4207e2ce62de21734cf051a1cc0d8f88fb420ba4873f39fc1352,"[[""exclusive_54.34"", ""unavailable""], [""exclusive_59.99"", ""unavailable""], [""exclusive_73.29"", ""unavailable""], [""exclusive_84.99"", ""unavailable""], [""exclusive_84.98"", ""unavailable""], [""exclusive_84.9"", ""unavailable""], [""exclusive_98.58"", ""unavailable""], [""exclusive_102.06"", ""unavailable""]]",현재 확보 자료로 재구성한 과거 추정치; 과거 세대 구성 미확인,False,555b475dcef496b2254b825ba10b0724d7994196dba4c4e18f34e7f5aa4db599,54cb25d3544257419c8c9faa1ee168a8848dbea69689888cc0985fdd2c7a4797,ed22070000c1f425633073aec41cd0475b986c3ad372d2a8aae8d6171a317f44,f2a5f0d6492eb8372b471470,2026-09-18T13:45:05.713829+09:00
2026-08,A60712001,사직2차삼정그린코아,동래구,사직동,560.0,560,0,1.0,0.0,0.0,0.0,0.0,,,,,True,산정 불완전,가격 부족 또는 면적 연결 미확인,698db25362a3eb0c17a14dce886f3c99e4f6310231281c52ab9657bfa37ebb52,"[[""exclusive_49.28"", ""unavailable""], [""exclusive_80.43"", ""unavailable""], [""exclusive_84.92"", ""unavailable""], [""exclusive_94.62"", ""unavailable""], [""exclusive_112.44"", ""unavailable""], [""exclusive_131.57"", ""unavailable""], [""exclusive_165.16"", ""unavailable""]]",현재 확보 자료로 재구성한 과거 추정치; 과거 세대 구성 미확인,False,555b475dcef496b2254b825ba10b0724d7994196dba4c4e18f34e7f5aa4db599,54cb25d3544257419c8c9faa1ee168a8848dbea69689888cc0985fdd2c7a4797,ed22070000c1f425633073aec41cd0475b986c3ad372d2a8aae8d6171a317f44,f2a5f0d6492eb8372b471470,2026-09-18T13:45:05.713829+09:00
2026-08,A60712204,사직한신아파트,동래구,사직동,710.0,710,710,1.0,1.0,0.27323943661971833,0.35774647887323946,0.36901408450704226,161721000000.0,161721000000.0,227776056.33802816,,True,D,,b84f01c93c86d77fcedc91a2af0a3548cd55c04f141e41231414e9c37b26a2bf,"[[""exclusive_59.8"", ""median_3m""], [""exclusive_59.82"", ""median_12m""], [""exclusive_59.98"", ""small_sample""], [""exclusive_84.94"", ""median_6m""], [""exclusive_126.65"", ""median_12m""], [""exclusive_164.93"", ""small_sample""]]",현재 확보 자료로 재구성한 과거 추정치; 과거 세대 구성 미확인,False,555b475dcef496b2254b825ba10b0724d7994196dba4c4e18f34e7f5aa4db599,54cb25d3544257419c8c9faa1ee168a8848dbea69689888cc0985fdd2c7a4797,ed22070000c1f425633073aec41cd0475b986c3ad372d2a8aae8d6171a317f44,f2a5f0d6492eb8372b471470,2026-09-18T13:45:05.713829+09:00
2026-08,A60776402,사직2차쌍용예가,동래구,사직동,625.0,625,0,1.0,0.0,0.0,0.0,0.0,,,,,True,산정 불완전,가격 부족 또는 면적 연결 미확인,ae95545594e3b05f807b8496fecfdb7b27c50bc5cb8a52504e000530bad8e976,"[[""exclusive_84.99"", ""unavailable""], [""exclusive_84.97"", ""unavailable""], [""exclusive_120.42"", ""unavailable""], [""exclusive_159.52"", ""unavailable""]]",현재 확보 자료로 재구성한 과거 추정치; 과거 세대 구성 미확인,False,555b475dcef496b2254b825ba10b0724d7994196dba4c4e18f34e7f5aa4db599,54cb25d3544257419c8c9faa1ee168a8848dbea69689888cc0985fdd2c7a4797,ed22070000c1f425633073aec41cd0475b986c3ad372d2a8aae8d6171a317f44,f2a5f0d6492eb8372b471470,2026-09-18T13:45:05.713829+09:00
2026-08,A60778608,사직쌍용예가,동래구,사직동,2947.0,2947,0,1.0,0.0,0.0,0.0,0.0,,,,,True,산정 불완전,가격 부족 또는 면적 연결 미확인,ea031a40ac49205d34dd983f4508270fba583573bf672a53360b12bac88e2f3d,"[[""exclusive_59.93"", ""unavailable""], [""exclusive_84.96"", ""unavailable""], [""exclusive_119"", ""unavailable""], [""exclusive_134.31"", ""unavailable""], [""exclusive_154.53"", ""unavailable""]]",현재 확보 자료로 재구성한 과거 추정치; 과거 세대 구성 미확인,False,555b475dcef496b2254b825ba10b0724d7994196dba4c4e18f34e7f5aa4db599,54cb25d3544257419c8c9faa1ee168a8848dbea69689888cc0985fdd2c7a4797,ed22070000c1f425633073aec41cd0475b986c3ad372d2a8aae8d6171a317f44,f2a5f0d6492eb8372b471470,2026-09-18T13:45:05.713829+09:00
2026-08,A60782005,사직삼정그린코아아파트,동래구,사직동,874.0,874,874,1.0,1.0,0.6636155606407322,0.0,0.33638443935926776,233286000000.0,233286000000.0,266917620.13729978,,True,C,,168794ec5c6c2de1eb9375fa7733a75ea845794dfbc18185e235b01db2254351,"[[""exclusive_59.73"", ""median_3m""], [""exclusive_59.76"", ""median_3m""], [""exclusive_75.29"", ""median_12m""], [""exclusive_84.76"", ""median_3m""], [""exclusive_116.24"", ""median_12m""], [""exclusive_144.37"", ""median_12m""]]",현재 확보 자료로 재구성한 과거 추정치; 과거 세대 구성 미확인,False,555b475dcef496b2254b825ba10b0724d7994196dba4c4e18f34e7f5aa4db599,54cb25d3544257419c8c9faa1ee168a8848dbea69689888cc0985fdd2c7a4797,ed22070000c1f425633073aec41cd0475b986c3ad372d2a8aae8d6171a317f44,f2a5f0d6492eb8372b471470,2026-09-18T13:45:05.713829+09:00
2026-08,A10022847,더비치푸르지오써밋,남구,대연동,1384.0,1384,0,1.0,0.0,0.0,0.0,0.0,,,,,True,산정 불완전,가격 부족 또는 면적 연결 미확인,7d4253939eb94b267afe09664734af5207d206cc074eab5cda3ea37cf122e786,"[[""exclusive_59.89"", ""unavailable""], [""exclusive_59.93"", ""unavailable""], [""exclusive_59.85"", ""unavailable""], [""exclusive_76.59"", ""unavailable""], [""exclusive_84.92"", ""unavailable""], [""exclusive_84.98"", ""unavailable""], [""exclusive_100.19"", ""unavailable""], [""exclusive_100.16"", ""unavailable""], [""exclusive_114.98"", ""unavailable""], [""exclusive_114.68"", ""unavailable""]]",현재 확보 자료로 재구성한 과거 추정치; 과거 세대 구성 미확인,False,555b475dcef496b2254b825ba10b0724d7994196dba4c4e18f34e7f5aa4db599,54cb25d3544257419c8c9faa1ee168a8848dbea69689888cc0985fdd2c7a4797,ed22070000c1f425633073aec41cd0475b986c3ad372d2a8aae8d6171a317f44,f2a5f0d6492eb8372b471470,2026-09-18T13:45:05.713829+09:00
2026-08,A10022999,대연푸르지오클라센트,남구,대연동,1057.0,998,0,0.9441816461684012,0.0,0.0,0.0,0.0,,,,,True,산정 불완전,평형 세대수 합계 불일치; 임대·혼합 또는 분양 범위 미확인; 가격 부족 또는 면적 연결 미확인,b553721ddedbe06eef5507727f094edce26e486a03c88286b3a18e358ffb179b,"[[""exclusive_59.96"", ""unavailable""], [""exclusive_59.98"", ""unavailable""], [""exclusive_74.97"", ""unavailable""], [""exclusive_74.91"", ""unavailable""], [""exclusive_84.96"", ""unavailable""], [""exclusive_84.98"", ""unavailable""], [""exclusive_84.99"", ""unavailable""]]",현재 확보 자료로 재구성한 과거 추정치; 과거 세대 구성 미확인,False,555b475dcef496b2254b825ba10b0724d7994196dba4c4e18f34e7f5aa4db599,54cb25d3544257419c8c9faa1ee168a8848dbea69689888cc0985fdd2c7a4797,ed22070000c1f425633073aec41cd0475b986c3ad372d2a8aae8d6171a317f44,f2a5f0d6492eb8372b471470,2026-09-18T13:45:05.713829+09:00
2026-08,A10025593,대연자이 아파트,남구,대연동,965.0,950,0,0.9844559585492227,0.0,0.0,0.0,0.0,,,,,True,산정 불완전,평형 세대수 합계 불일치; 가격 부족 또는 면적 연결 미확인,6d40f71863700df3518759c7a3430453668ae7be819f52a3f2d421a2d9704d3f,"[[""exclusive_39.91"", ""unavailable""], [""exclusive_50.96"", ""unavailable""], [""exclusive_50.98"", ""unavailable""], [""exclusive_59.89"", ""unavailable""], [""exclusive_59.98"", ""unavailable""], [""exclusive_72.96"", ""unavailable""], [""exclusive_84.98"", ""unavailable""], [""exclusive_84.97"", ""unavailable""]]",현재 확보 자료로 재구성한 과거 추정치; 과거 세대 구성 미확인,False,555b475dcef496b2254b825ba10b0724d7994196dba4c4e18f34e7f5aa4db599,54cb25d3544257419c8c9faa1ee168a8848dbea69689888cc0985fdd2c7a4797,ed22070000c1f425633073aec41cd0475b986c3ad372d2a8aae8d6171a317f44,f2a5f0d6492eb8372b471470,2026-09-18T13:45:05.713829+09:00
2026-08,A10026094,대연sk뷰힐스아파트,남구,대연동,994.0,994,0,1.0,0.0,0.0,0.0,0.0,,,,,True,산정 불완전,가격 부족 또는 면적 연결 미확인,49946b25d41223d23487ce3875492f60d822f71c40c15b93dadc19316b6ed3ad,"[[""exclusive_59.99"", ""unavailable""], [""exclusive_59.97"", ""unavailable""], [""exclusive_74.29"", ""unavailable""], [""exclusive_84.99"", ""unavailable""], [""exclusive_84.96"", ""unavailable""], [""exclusive_99.51"", ""unavailable""], [""exclusive_111.97"", ""unavailable""]]",현재 확보 자료로 재구성한 과거 추정치; 과거 세대 구성 미확인,False,555b475dcef496b2254b825ba10b0724d7994196dba4c4e18f34e7f5aa4db599,54cb25d3544257419c8c9faa1ee168a8848dbea69689888cc0985fdd2c7a4797,ed22070000c1f425633073aec41cd0475b986c3ad372d2a8aae8d6171a317f44,f2a5f0d6492eb8372b471470,2026-09-18T13:45:05.713829+09:00
2026-08,A10026184,대연파크푸르지오아파트,남구,대연동,1422.0,1422,0,1.0,0.0,0.0,0.0,0.0,,,,,True,산정 불완전,가격 부족 또는 면적 연결 미확인,56a48a66bb834d09904a61bb73dde30336f4236ec9a884b884b968110d4eb01e,"[[""exclusive_39.78"", ""unavailable""], [""exclusive_59.98"", ""unavailable""], [""exclusive_59.87"", ""unavailable""], [""exclusive_74.95"", ""unavailable""], [""exclusive_84.98"", ""unavailable""], [""exclusive_84.92"", ""unavailable""], [""exclusive_84.96"", ""unavailable""], [""exclusive_99.93"", ""unavailable""]]",현재 확보 자료로 재구성한 과거 추정치; 과거 세대 구성 미확인,False,555b475dcef496b2254b825ba10b0724d7994196dba4c4e18f34e7f5aa4db599,54cb25d3544257419c8c9faa1ee168a8848dbea69689888cc0985fdd2c7a4797,ed22070000c1f425633073aec41cd0475b986c3ad372d2a8aae8d6171a317f44,f2a5f0d6492eb8372b471470,2026-09-18T13:45:05.713829+09:00
2026-08,A10026452,대연롯데캐슬레전드,남구,대연동,3149.0,3149,3149,1.0,1.0,0.7018100984439505,0.2137186408383614,0.08447126071768815,2363497500000.0,2363497500000.0,750554938.0755795,,True,C,,7bc6a8985611512ab203de3a4c2c8721344e8a29182a212e68e1ce6ad9d9581b,"[[""exclusive_39.7"", ""median_3m""], [""exclusive_49.31"", ""median_6m""], [""exclusive_59.94"", ""median_3m""], [""exclusive_59.99"", ""median_3m""], [""exclusive_59.96"", ""median_6m""], [""exclusive_84.98"", ""median_3m""], [""exclusive_84.95"", ""median_3m""], [""exclusive_100.95"", ""median_6m""], [""exclusive_100.99"", ""median_12m""], [""exclusive_121.97"", ""median_12m""]]",현재 확보 자료로 재구성한 과거 추정치; 과거 세대 구성 미확인,False,555b475dcef496b2254b825ba10b0724d7994196dba4c4e18f34e7f5aa4db599,54cb25d3544257419c8c9faa1ee168a8848dbea69689888cc0985fdd2c7a4797,ed22070000c1f425633073aec41cd0475b986c3ad372d2a8aae8d6171a317f44,f2a5f0d6492eb8372b471470,2026-09-18T13:45:05.713829+09:00
2026-08,A10028145,대연롯데캐슬,남구,대연동,564.0,514,0,0.9113475177304965,0.0,0.0,0.0,0.0,,,,,True,산정 불완전,평형 세대수 합계 불일치; 임대·혼합 또는 분양 범위 미확인; 가격 부족 또는 면적 연결 미확인,720becf2f8ba6fb333140713c01107171677065b189fae60c482aa4ecb1a74bf,"[[""exclusive_59.78"", ""unavailable""], [""exclusive_84.57"", ""unavailable""], [""exclusive_84.48"", ""unavailable""], [""exclusive_84.67"", ""unavailable""], [""exclusive_122.53"", ""unavailable""]]",현재 확보 자료로 재구성한 과거 추정치; 과거 세대 구성 미확인,False,555b475dcef496b2254b825ba10b0724d7994196dba4c4e18f34e7f5aa4db599,54cb25d3544257419c8c9faa1ee168a8848dbea69689888cc0985fdd2c7a4797,ed22070000c1f425633073aec41cd0475b986c3ad372d2a8aae8d6171a317f44,f2a5f0d6492eb8372b471470,2026-09-18T13:45:05.713829+09:00
2026-08,A60802001,대연힐스테이트푸르지오,남구,대연동,2304.0,2304,2292,1.0,0.9947916666666666,0.3506944444444444,0.14192708333333334,0.5021701388888888,,2515647000000.0,,,True,산정 불완전,가격 부족 또는 면적 연결 미확인,63a3a1a3cda99c98d88ca558fe1cdfe20f12219ada5b2a9e1e954989caa54591,"[[""exclusive_59.99"", ""median_12m""], [""exclusive_84.36"", ""median_6m""], [""exclusive_84.38"", ""median_3m""], [""exclusive_84.92"", ""median_3m""], [""exclusive_84.69"", ""median_12m""], [""exclusive_102.14"", ""median_12m""], [""exclusive_99.98"", ""median_6m""], [""exclusive_99.51"", ""median_12m""], [""exclusive_102.38"", ""median_6m""], [""exclusive_115.07"", ""median_12m""], [""exclusive_118.19"", ""median_3m""], [""exclusive_118.32"", ""small_sample""], [""exclusive_115.29"", ""median_12m""], [""exclusive_134.05"", ""median_12m""], [""exclusive_134.54"", ""unavailable""], [""exclusive_134.45"", ""unavailable""], [""exclusive_155.58"", ""unavailable""], [""exclusive_155.39"", ""unavailable""], [""exclusive_163.69"", ""unavailable""], [""exclusive_163.68"", ""unavailable""], [""exclusive_95.86"", ""small_sample""], [""exclusive_96.15"", ""small_sample""], [""exclusive_109.7"", ""median_12m""]]",현재 확보 자료로 재구성한 과거 추정치; 과거 세대 구성 미확인,False,555b475dcef496b2254b825ba10b0724d7994196dba4c4e18f34e7f5aa4db599,54cb25d3544257419c8c9faa1ee168a8848dbea69689888cc0985fdd2c7a4797,ed22070000c1f425633073aec41cd0475b986c3ad372d2a8aae8d6171a317f44,f2a5f0d6492eb8372b471470,2026-09-18T13:45:05.713829+09:00
2026-08,A60874408,대연동푸르지오,남구,대연동,678.0,678,630,1.0,0.9292035398230089,0.0,0.6091445427728613,0.3200589970501475,,305803000000.0,,,True,산정 불완전,가격 부족 또는 면적 연결 미확인,b80c571e052e428d826348b7f7580d16e20fbdd0a196a5d9b0582a4e62d04fc8,"[[""exclusive_29.24"", ""median_6m""], [""exclusive_44.45"", ""unavailable""], [""exclusive_73.13"", ""median_12m""], [""exclusive_84.96"", ""median_12m""], [""exclusive_112.04"", ""unavailable""], [""exclusive_129.2"", ""median_6m""], [""exclusive_147.59"", ""unavailable""], [""exclusive_160.33"", ""small_sample""], [""exclusive_198.1"", ""unavailable""], [""exclusive_221.09"", ""unavailable""], [""exclusive_221.38"", ""unavailable""], [""exclusive_262.42"", ""unavailable""]]",현재 확보 자료로 재구성한 과거 추정치; 과거 세대 구성 미확인,False,555b475dcef496b2254b825ba10b0724d7994196dba4c4e18f34e7f5aa4db599,54cb25d3544257419c8c9faa1ee168a8848dbea69689888cc0985fdd2c7a4797,ed22070000c1f425633073aec41cd0475b986c3ad372d2a8aae8d6171a317f44,f2a5f0d6492eb8372b471470,2026-09-18T13:45:05.713829+09:00
2026-08,A60875509,대우그린아파트,남구,대연동,691.0,691,691,1.0,1.0,0.0,0.0,1.0,145712500000.0,145712500000.0,210871924.74674386,,True,C,,c87f2a7ce294f022587694c5183be748fff7a1c4d6d43dac2fefd3401dab7a72,"[[""exclusive_59.99"", ""median_12m""], [""exclusive_84.95"", ""median_12m""], [""exclusive_134.78"", ""median_12m""]]",현재 확보 자료로 재구성한 과거 추정치; 과거 세대 구성 미확인,False,555b475dcef496b2254b825ba10b0724d7994196dba4c4e18f34e7f5aa4db599,54cb25d3544257419c8c9faa1ee168a8848dbea69689888cc0985fdd2c7a4797,ed22070000c1f425633073aec41cd0475b986c3ad372d2a8aae8d6171a317f44,f2a5f0d6492eb8372b471470,2026-09-18T13:45:05.713829+09:00
2026-08,A60877710,삼익그린타운,남구,대연동,725.0,725,675,1.0,0.9310344827586207,0.2206896551724138,0.1793103448275862,0.5310344827586206,,145301500000.0,,,True,산정 불완전,가격 부족 또는 면적 연결 미확인,e90fb1ce89b60b20505ae843c6cbe58187bea6621ce3081b8fbe44d82ca318cb,"[[""exclusive_59.86"", ""median_6m""], [""exclusive_59.99"", ""median_3m""], [""exclusive_84.98"", ""median_12m""], [""exclusive_134.98"", ""small_sample""], [""exclusive_164.34"", ""unavailable""]]",현재 확보 자료로 재구성한 과거 추정치; 과거 세대 구성 미확인,False,555b475dcef496b2254b825ba10b0724d7994196dba4c4e18f34e7f5aa4db599,54cb25d3544257419c8c9faa1ee168a8848dbea69689888cc0985fdd2c7a4797,ed22070000c1f425633073aec41cd0475b986c3ad372d2a8aae8d6171a317f44,f2a5f0d6492eb8372b471470,2026-09-18T13:45:05.713829+09:00
2026-08,A60877907,대연청구아파트,남구,대연동,604.0,604,604,1.0,1.0,0.0,0.0,1.0,164272000000.0,164272000000.0,271973509.9337748,,True,D,,bacd0708f5945b274f57ac27f5144aa9e831113bd718874b847f90831f727549,"[[""exclusive_59.8"", ""median_12m""], [""exclusive_59.99"", ""small_sample""], [""exclusive_84.99"", ""median_12m""], [""exclusive_84.91"", ""median_12m""], [""exclusive_140.14"", ""median_12m""], [""exclusive_201.94"", ""small_sample""]]",현재 확보 자료로 재구성한 과거 추정치; 과거 세대 구성 미확인,False,555b475dcef496b2254b825ba10b0724d7994196dba4c4e18f34e7f5aa4db599,54cb25d3544257419c8c9faa1ee168a8848dbea69689888cc0985fdd2c7a4797,ed22070000c1f425633073aec41cd0475b986c3ad372d2a8aae8d6171a317f44,f2a5f0d6492eb8372b471470,2026-09-18T13:45:05.713829+09:00
2026-08,A10023436,데시앙해링턴플레이스파크시티,남구,용호동,1725.0,1725,0,1.0,0.0,0.0,0.0,0.0,,,,,True,산정 불완전,가격 부족 또는 면적 연결 미확인,5e123f5e5cd0f927ce4343a0263d5dbb26cbf49465c63735a6242af2c5abf61b,"[[""exclusive_39.95"", ""unavailable""], [""exclusive_59.97"", ""unavailable""], [""exclusive_59.74"", ""unavailable""], [""exclusive_73.9"", ""unavailable""], [""exclusive_73.86"", ""unavailable""], [""exclusive_84.99"", ""unavailable""], [""exclusive_84.72"", ""unavailable""], [""exclusive_84.94"", ""unavailable""]]",현재 확보 자료로 재구성한 과거 추정치; 과거 세대 구성 미확인,False,555b475dcef496b2254b825ba10b0724d7994196dba4c4e18f34e7f5aa4db599,54cb25d3544257419c8c9faa1ee168a8848dbea69689888cc0985fdd2c7a4797,ed22070000c1f425633073aec41cd0475b986c3ad372d2a8aae8d6171a317f44,f2a5f0d6492eb8372b471470,2026-09-18T13:45:05.713829+09:00
2026-08,A10026391,W 아파트,남구,용호동,1488.0,1488,6,1.0,0.004032258064516129,0.0,0.0,0.004032258064516129,,8999400000.0,,,True,산정 불완전,가격 부족 또는 면적 연결 미확인,a9f4c49b05d9a53d9928f93a98e14bfc748099a50a5df6d88da7dde505649929,"[[""exclusive_98.99"", ""unavailable""], [""exclusive_99.13"", ""unavailable""], [""exclusive_99.03"", ""unavailable""], [""exclusive_99.54"", ""unavailable""], [""exclusive_99.28"", ""unavailable""], [""exclusive_99.7"", ""unavailable""], [""exclusive_99.46"", ""unavailable""], [""exclusive_100.2"", ""unavailable""], [""exclusive_100.1"", ""unavailable""], [""exclusive_100.49"", ""unavailable""], [""exclusive_99.81"", ""small_sample""], [""exclusive_104.19"", ""unavailable""], [""exclusive_106.72"", ""unavailable""], [""exclusive_108.14"", ""unavailable""], [""exclusive_107.59"", ""unavailable""], [""exclusive_110.26"", ""unavailable""], [""exclusive_111.17"", ""unavailable""], [""exclusive_111.89"", ""unavailable""], [""exclusive_112.23"", ""unavailable""], [""exclusive_117.42"", ""unavailable""], [""exclusive_118.28"", ""unavailable""], [""exclusive_117.28"", ""unavailable""], [""exclusive_117.38"", ""unavailable""], [""exclusive_121.69"", ""unavailable""], [""exclusive_121.91"", ""unavailable""], [""exclusive_123.46"", ""unavailable""], [""exclusive_123.69"", ""unavailable""], [""exclusive_124.11"", ""unavailable""], [""exclusive_124.34"", ""unavailable""], [""exclusive_124.23"", ""unavailable""], [""exclusive_126.58"", ""unavailable""], [""exclusive_133.07"", ""unavailable""], [""exclusive_134.08"", ""unavailable""], [""exclusive_134.43"", ""unavailable""], [""exclusive_134.31"", ""unavailable""], [""exclusive_133.69"", ""unavailable""], [""exclusive_134.52"", ""unavailable""], [""exclusive_141.08"", ""unavailable""], [""exclusive_141.83"", ""unavailable""], [""exclusive_142.15"", ""unavailable""], [""exclusive_142.91"", ""unavailable""], [""exclusive_143.06"", ""unavailable""], [""exclusive_142.89"", ""unavailable""], [""exclusive_143.89"", ""unavailable""], [""exclusive_144.18"", ""unavailable""], [""exclusive_144.97"", ""unavailable""], [""exclusive_145.55"", ""unavailable""], [""exclusive_143.47"", ""unavailable""], [""exclusive_144.73"", ""unavailable""], [""exclusive_148.02"", ""unavailable""], [""exclusive_148.52"", ""unavailable""], [""exclusive_165.41"", ""unavailable""], [""exclusive_169.09"", ""unavailable""], [""exclusive_180.73"", ""unavailable""], [""exclusive_182.56"", ""unavailable""], [""exclusive_199.89"", ""unavailable""], [""exclusive_244.99"", ""unavailable""]]",현재 확보 자료로 재구성한 과거 추정치; 과거 세대 구성 미확인,False,555b475dcef496b2254b825ba10b0724d7994196dba4c4e18f34e7f5aa4db599,54cb25d3544257419c8c9faa1ee168a8848dbea69689888cc0985fdd2c7a4797,ed22070000c1f425633073aec41cd0475b986c3ad372d2a8aae8d6171a317f44,f2a5f0d6492eb8372b471470,2026-09-18T13:45:05.713829+09:00
2026-08,A60809002,GS하이츠자이,남구,용호동,1149.0,1149,0,1.0,0.0,0.0,0.0,0.0,,,,,True,산정 불완전,가격 부족 또는 면적 연결 미확인,a8be0737683e27ecf0bbbf376311ed87c2ace1b8a508fb4cc8b6c74f2aa67065,"[[""exclusive_84.9"", ""unavailable""], [""exclusive_84.88"", ""unavailable""], [""exclusive_84.78"", ""unavailable""], [""exclusive_130.17"", ""unavailable""], [""exclusive_151.27"", ""unavailable""], [""exclusive_171.5"", ""unavailable""]]",현재 확보 자료로 재구성한 과거 추정치; 과거 세대 구성 미확인,False,555b475dcef496b2254b825ba10b0724d7994196dba4c4e18f34e7f5aa4db599,54cb25d3544257419c8c9faa1ee168a8848dbea69689888cc0985fdd2c7a4797,ed22070000c1f425633073aec41cd0475b986c3ad372d2a8aae8d6171a317f44,f2a5f0d6492eb8372b471470,2026-09-18T13:45:05.713829+09:00
2026-08,A60809003,오륙도SK VIEW,남구,용호동,3000.0,3000,0,1.0,0.0,0.0,0.0,0.0,,,,,True,산정 불완전,가격 부족 또는 면적 연결 미확인,1db296552f18f0a46f15f3841011eb8c761947e6fdca9c188ca7b35e94e4a368,"[[""exclusive_84.27"", ""unavailable""], [""exclusive_84.96"", ""unavailable""], [""exclusive_98.4"", ""unavailable""], [""exclusive_122.27"", ""unavailable""], [""exclusive_123.3"", ""unavailable""], [""exclusive_126.61"", ""unavailable""], [""exclusive_149.54"", ""unavailable""], [""exclusive_171.67"", ""unavailable""], [""exclusive_174.1"", ""unavailable""], [""exclusive_200.89"", ""unavailable""], [""exclusive_208.68"", ""unavailable""], [""exclusive_223.24"", ""unavailable""], [""exclusive_244.86"", ""unavailable""]]",현재 확보 자료로 재구성한 과거 추정치; 과거 세대 구성 미확인,False,555b475dcef496b2254b825ba10b0724d7994196dba4c4e18f34e7f5aa4db599,54cb25d3544257419c8c9faa1ee168a8848dbea69689888cc0985fdd2c7a4797,ed22070000c1f425633073aec41cd0475b986c3ad372d2a8aae8d6171a317f44,f2a5f0d6492eb8372b471470,2026-09-18T13:45:05.713829+09:00
2026-08,A60809004,LG메트로시티아파트,남구,용호동,7374.0,0,0,0.0,0.0,0.0,0.0,0.0,,,,,True,산정 불완전,평형별 세대수 보완 필요,c38eb7731a2edbf2c405dc922468ded84aa651100a03e86668e60fb8b6b0b8e7,[],현재 확보 자료로 재구성한 과거 추정치; 과거 세대 구성 미확인,False,555b475dcef496b2254b825ba10b0724d7994196dba4c4e18f34e7f5aa4db599,54cb25d3544257419c8c9faa1ee168a8848dbea69689888cc0985fdd2c7a4797,ed22070000c1f425633073aec41cd0475b986c3ad372d2a8aae8d6171a317f44,f2a5f0d6492eb8372b471470,2026-09-18T13:45:05.713829+09:00
2026-08,A60876301,용호일신프리빌리지,남구,용호동,518.0,518,518,1.0,1.0,0.7316602316602316,0.0,0.26833976833976836,148660000000.0,148660000000.0,286988416.98841697,,True,D,,b771f3dbcd11c88c8acd64173143642cf8e1e8d010dc0121847988eed5788669,"[[""exclusive_59.96"", ""median_3m""], [""exclusive_84.93"", ""small_sample""], [""exclusive_84.99"", ""median_3m""], [""exclusive_110.6"", ""small_sample""]]",현재 확보 자료로 재구성한 과거 추정치; 과거 세대 구성 미확인,False,555b475dcef496b2254b825ba10b0724d7994196dba4c4e18f34e7f5aa4db599,54cb25d3544257419c8c9faa1ee168a8848dbea69689888cc0985fdd2c7a4797,ed22070000c1f425633073aec41cd0475b986c3ad372d2a8aae8d6171a317f44,f2a5f0d6492eb8372b471470,2026-09-18T13:45:05.713829+09:00
2026-08,A60876402,현대비치아파트,남구,용호동,648.0,648,648,1.0,1.0,0.0,0.9290123456790124,0.07098765432098765,178726500000.0,178726500000.0,275812500.0,,True,D,,7ffb7468a014f756b78f1512278f9e570736484bdb598613190cd9f746107aef,"[[""exclusive_52.29"", ""median_6m""], [""exclusive_59.62"", ""median_6m""], [""exclusive_72.43"", ""median_6m""], [""exclusive_84.99"", ""small_sample""]]",현재 확보 자료로 재구성한 과거 추정치; 과거 세대 구성 미확인,False,555b475dcef496b2254b825ba10b0724d7994196dba4c4e18f34e7f5aa4db599,54cb25d3544257419c8c9faa1ee168a8848dbea69689888cc0985fdd2c7a4797,ed22070000c1f425633073aec41cd0475b986c3ad372d2a8aae8d6171a317f44,f2a5f0d6492eb8372b471470,2026-09-18T13:45:05.713829+09:00
2026-08,A60883203,일신-님Ⅱ아파트,남구,용호동,710.0,710,0,1.0,0.0,0.0,0.0,0.0,,,,,True,산정 불완전,가격 부족 또는 면적 연결 미확인,935190872aafc7e358bb837f8fa1ee4bf0672001fe830bad118ed38d118f043b,"[[""exclusive_59.96"", ""unavailable""], [""exclusive_84.97"", ""unavailable""], [""exclusive_84.95"", ""unavailable""], [""exclusive_117.8"", ""unavailable""]]",현재 확보 자료로 재구성한 과거 추정치; 과거 세대 구성 미확인,False,555b475dcef496b2254b825ba10b0724d7994196dba4c4e18f34e7f5aa4db599,54cb25d3544257419c8c9faa1ee168a8848dbea69689888cc0985fdd2c7a4797,ed22070000c1f425633073aec41cd0475b986c3ad372d2a8aae8d6171a317f44,f2a5f0d6492eb8372b471470,2026-09-18T13:45:05.713829+09:00
2026-08,A61202008,쌍용예가,남구,용호동,773.0,773,0,1.0,0.0,0.0,0.0,0.0,,,,,True,산정 불완전,가격 부족 또는 면적 연결 미확인,74d1df10028fcb1141afb374a8e5d21bbb432243456d3e574eb62d5761f1cd10,"[[""exclusive_59.99"", ""unavailable""], [""exclusive_59.96"", ""unavailable""], [""exclusive_74.93"", ""unavailable""], [""exclusive_74.99"", ""unavailable""], [""exclusive_84.99"", ""unavailable""], [""exclusive_84.86"", ""unavailable""]]",현재 확보 자료로 재구성한 과거 추정치; 과거 세대 구성 미확인,False,555b475dcef496b2254b825ba10b0724d7994196dba4c4e18f34e7f5aa4db599,54cb25d3544257419c8c9faa1ee168a8848dbea69689888cc0985fdd2c7a4797,ed22070000c1f425633073aec41cd0475b986c3ad372d2a8aae8d6171a317f44,f2a5f0d6492eb8372b471470,2026-09-18T13:45:05.713829+09:00
2026-08,A60871104,용당현대I-PARK,남구,용당동,748.0,748,0,1.0,0.0,0.0,0.0,0.0,,,,,True,산정 불완전,가격 부족 또는 면적 연결 미확인,8d2646c78243f867faa8453311021d23df792cbd5645b001ae95bdd98a548aa7,"[[""exclusive_59.93"", ""unavailable""], [""exclusive_77.48"", ""unavailable""], [""exclusive_84.96"", ""unavailable""], [""exclusive_99.75"", ""unavailable""], [""exclusive_119.04"", ""unavailable""]]",현재 확보 자료로 재구성한 과거 추정치; 과거 세대 구성 미확인,False,555b475dcef496b2254b825ba10b0724d7994196dba4c4e18f34e7f5aa4db599,54cb25d3544257419c8c9faa1ee168a8848dbea69689888cc0985fdd2c7a4797,ed22070000c1f425633073aec41cd0475b986c3ad372d2a8aae8d6171a317f44,f2a5f0d6492eb8372b471470,2026-09-18T13:45:05.713829+09:00
2026-08,A60883003,신대연코오롱하늘채아파트,남구,용당동,712.0,712,0,1.0,0.0,0.0,0.0,0.0,,,,,True,산정 불완전,가격 부족 또는 면적 연결 미확인,8d47c83c0ad5e3d576ca19dd4d84335e75d8741e186139d1dfc1c1d552e8b9d3,"[[""exclusive_84.65"", ""unavailable""], [""exclusive_126.13"", ""unavailable""], [""exclusive_153.97"", ""unavailable""]]",현재 확보 자료로 재구성한 과거 추정치; 과거 세대 구성 미확인,False,555b475dcef496b2254b825ba10b0724d7994196dba4c4e18f34e7f5aa4db599,54cb25d3544257419c8c9faa1ee168a8848dbea69689888cc0985fdd2c7a4797,ed22070000c1f425633073aec41cd0475b986c3ad372d2a8aae8d6171a317f44,f2a5f0d6492eb8372b471470,2026-09-18T13:45:05.713829+09:00
2026-08,A10020004,롯데캐슬 인피니엘,남구,문현동,715.0,715,0,1.0,0.0,0.0,0.0,0.0,,,,,True,산정 불완전,가격 부족 또는 면적 연결 미확인,32f6790900c8cac55bdad7b636dd77a008db181706c207fdcea2d2588802bed9,"[[""exclusive_36.2"", ""unavailable""], [""exclusive_59.96"", ""unavailable""], [""exclusive_84.95"", ""unavailable""]]",현재 확보 자료로 재구성한 과거 추정치; 과거 세대 구성 미확인,False,555b475dcef496b2254b825ba10b0724d7994196dba4c4e18f34e7f5aa4db599,54cb25d3544257419c8c9faa1ee168a8848dbea69689888cc0985fdd2c7a4797,ed22070000c1f425633073aec41cd0475b986c3ad372d2a8aae8d6171a317f44,f2a5f0d6492eb8372b471470,2026-09-18T13:45:05.713829+09:00
2026-08,A10023533,오션파라곤,남구,문현동,662.0,662,0,1.0,0.0,0.0,0.0,0.0,,,,,True,산정 불완전,가격 부족 또는 면적 연결 미확인,c89924ac349d3bbcecc6c4e2b28279fac59b2076bea8bb317cd8c0cfc73e16a9,"[[""exclusive_59.95"", ""unavailable""], [""exclusive_59.51"", ""unavailable""], [""exclusive_72.94"", ""unavailable""], [""exclusive_72.97"", ""unavailable""], [""exclusive_74.94"", ""unavailable""], [""exclusive_74.97"", ""unavailable""], [""exclusive_74.9"", ""unavailable""], [""exclusive_74.85"", ""unavailable""]]",현재 확보 자료로 재구성한 과거 추정치; 과거 세대 구성 미확인,False,555b475dcef496b2254b825ba10b0724d7994196dba4c4e18f34e7f5aa4db599,54cb25d3544257419c8c9faa1ee168a8848dbea69689888cc0985fdd2c7a4797,ed22070000c1f425633073aec41cd0475b986c3ad372d2a8aae8d6171a317f44,f2a5f0d6492eb8372b471470,2026-09-18T13:45:05.713829+09:00
2026-08,A10023872,대연양우내안애 아파트,남구,문현동,560.0,560,0,1.0,0.0,0.0,0.0,0.0,,,,,True,산정 불완전,가격 부족 또는 면적 연결 미확인,448c8ee9f0c7a085d2c700d18c756c9450e7ac57cd900d457a419bc2a070e00b,"[[""exclusive_59.9"", ""unavailable""], [""exclusive_59.8"", ""unavailable""], [""exclusive_84.99"", ""unavailable""], [""exclusive_84.86"", ""unavailable""], [""exclusive_84.96"", ""unavailable""]]",현재 확보 자료로 재구성한 과거 추정치; 과거 세대 구성 미확인,False,555b475dcef496b2254b825ba10b0724d7994196dba4c4e18f34e7f5aa4db599,54cb25d3544257419c8c9faa1ee168a8848dbea69689888cc0985fdd2c7a4797,ed22070000c1f425633073aec41cd0475b986c3ad372d2a8aae8d6171a317f44,f2a5f0d6492eb8372b471470,2026-09-18T13:45:05.713829+09:00
2026-08,A10024704,문현경동리인,남구,문현동,600.0,600,0,1.0,0.0,0.0,0.0,0.0,,,,,True,산정 불완전,가격 부족 또는 면적 연결 미확인,594e9d3be3e10f20febef6f8e399764f855250999c6f0619a83ab5297a82c4cb,"[[""exclusive_72.58"", ""unavailable""], [""exclusive_74.6"", ""unavailable""], [""exclusive_79.62"", ""unavailable""], [""exclusive_79.96"", ""unavailable""], [""exclusive_84.61"", ""unavailable""], [""exclusive_84.67"", ""unavailable""], [""exclusive_84.39"", ""unavailable""], [""exclusive_84.66"", ""unavailable""]]",현재 확보 자료로 재구성한 과거 추정치; 과거 세대 구성 미확인,False,555b475dcef496b2254b825ba10b0724d7994196dba4c4e18f34e7f5aa4db599,54cb25d3544257419c8c9faa1ee168a8848dbea69689888cc0985fdd2c7a4797,ed22070000c1f425633073aec41cd0475b986c3ad372d2a8aae8d6171a317f44,f2a5f0d6492eb8372b471470,2026-09-18T13:45:05.713829+09:00
2026-08,A10025508,문현베스티움아파트,남구,문현동,743.0,743,0,1.0,0.0,0.0,0.0,0.0,,,,,True,산정 불완전,가격 부족 또는 면적 연결 미확인,8b911e84d58bf454c549e84815b1b7e5f999c9b9f9dd52aaf62bceddebee67ed,"[[""exclusive_33.68"", ""unavailable""], [""exclusive_59.98"", ""unavailable""], [""exclusive_59.95"", ""unavailable""], [""exclusive_84.69"", ""unavailable""], [""exclusive_84.77"", ""unavailable""]]",현재 확보 자료로 재구성한 과거 추정치; 과거 세대 구성 미확인,False,555b475dcef496b2254b825ba10b0724d7994196dba4c4e18f34e7f5aa4db599,54cb25d3544257419c8c9faa1ee168a8848dbea69689888cc0985fdd2c7a4797,ed22070000c1f425633073aec41cd0475b986c3ad372d2a8aae8d6171a317f44,f2a5f0d6492eb8372b471470,2026-09-18T13:45:05.713829+09:00
2026-08,A60804003,문현동삼성아파트,남구,문현동,916.0,916,816,1.0,0.8908296943231441,0.3635371179039301,0.3220524017467249,0.2052401746724891,,340020000000.0,,,True,산정 불완전,가격 부족 또는 면적 연결 미확인,fc4aa539198b116c639f3752c4f0e852a459b27fb85fb3aab835ac9763ab083e,"[[""exclusive_59.92"", ""median_6m""], [""exclusive_84.85"", ""median_3m""], [""exclusive_114.99"", ""unavailable""], [""exclusive_149.98"", ""small_sample""], [""exclusive_197.92"", ""unavailable""]]",현재 확보 자료로 재구성한 과거 추정치; 과거 세대 구성 미확인,False,555b475dcef496b2254b825ba10b0724d7994196dba4c4e18f34e7f5aa4db599,54cb25d3544257419c8c9faa1ee168a8848dbea69689888cc0985fdd2c7a4797,ed22070000c1f425633073aec41cd0475b986c3ad372d2a8aae8d6171a317f44,f2a5f0d6492eb8372b471470,2026-09-18T13:45:05.713829+09:00
2026-08,A60872101,대림문현시티프라자,남구,문현동,521.0,521,115,1.0,0.22072936660268713,0.0,0.22072936660268713,0.0,,23805000000.0,,,True,산정 불완전,가격 부족 또는 면적 연결 미확인,8919fcacfe06c682b5d2cdd6fc48a752e8b04a1fca4427f130e5acbd1aa7dbca,"[[""exclusive_42.09"", ""unavailable""], [""exclusive_42.49"", ""unavailable""], [""exclusive_50.71"", ""unavailable""], [""exclusive_59"", ""unavailable""], [""exclusive_59.4"", ""median_6m""], [""exclusive_59.63"", ""unavailable""], [""exclusive_59.67"", ""unavailable""], [""exclusive_75.91"", ""unavailable""], [""exclusive_84.76"", ""unavailable""], [""exclusive_84.91"", ""unavailable""], [""exclusive_92.7"", ""unavailable""], [""exclusive_106.79"", ""unavailable""], [""exclusive_130.11"", ""unavailable""], [""exclusive_133.83"", ""unavailable""]]",현재 확보 자료로 재구성한 과거 추정치; 과거 세대 구성 미확인,False,555b475dcef496b2254b825ba10b0724d7994196dba4c4e18f34e7f5aa4db599,54cb25d3544257419c8c9faa1ee168a8848dbea69689888cc0985fdd2c7a4797,ed22070000c1f425633073aec41cd0475b986c3ad372d2a8aae8d6171a317f44,f2a5f0d6492eb8372b471470,2026-09-18T13:45:05.713829+09:00
2026-08,A60879704,문현현대아파트,남구,문현동,693.0,693,0,1.0,0.0,0.0,0.0,0.0,,,,,True,산정 불완전,가격 부족 또는 면적 연결 미확인,2f1572d26f56c3c2751a2a09896509f8a0f1ffa62e99575a63545bcfd2d5c70b,"[[""exclusive_59.95"", ""unavailable""], [""exclusive_84.84"", ""unavailable""], [""exclusive_115.45"", ""unavailable""]]",현재 확보 자료로 재구성한 과거 추정치; 과거 세대 구성 미확인,False,555b475dcef496b2254b825ba10b0724d7994196dba4c4e18f34e7f5aa4db599,54cb25d3544257419c8c9faa1ee168a8848dbea69689888cc0985fdd2c7a4797,ed22070000c1f425633073aec41cd0475b986c3ad372d2a8aae8d6171a317f44,f2a5f0d6492eb8372b471470,2026-09-18T13:45:05.713829+09:00
2026-08,A10020289,두산위브더제니스 오션시티 ,남구,우암동,3048.0,3048,0,1.0,0.0,0.0,0.0,0.0,,,,,True,산정 불완전,임대·혼합 또는 분양 범위 미확인; 가격 부족 또는 면적 연결 미확인,586ae8aac4ae448e47e18c19b38b927d279fbe029ca87b7444a94c28e14c1615,"[[""exclusive_39.94"", ""unavailable""], [""exclusive_59.78"", ""unavailable""], [""exclusive_59.96"", ""unavailable""], [""exclusive_75.47"", ""unavailable""], [""exclusive_75.45"", ""unavailable""], [""exclusive_75.34"", ""unavailable""], [""exclusive_84.97"", ""unavailable""], [""exclusive_84.99"", ""unavailable""], [""exclusive_84.94"", ""unavailable""]]",현재 확보 자료로 재구성한 과거 추정치; 과거 세대 구성 미확인,False,555b475dcef496b2254b825ba10b0724d7994196dba4c4e18f34e7f5aa4db599,54cb25d3544257419c8c9faa1ee168a8848dbea69689888cc0985fdd2c7a4797,ed22070000c1f425633073aec41cd0475b986c3ad372d2a8aae8d6171a317f44,f2a5f0d6492eb8372b471470,2026-09-18T13:45:05.713829+09:00
2026-08,A60877107,우암일신보라,남구,우암동,661.0,661,661,1.0,1.0,0.0,0.8547655068078669,0.14523449319213314,128025000000.0,128025000000.0,193683812.4054463,,True,D,,87f904ac2157287be9ae607d154bc9ff0bcd2b92d48e5ffabb17a8a71ec9bea3,"[[""exclusive_59.96"", ""median_6m""], [""exclusive_84.87"", ""median_6m""], [""exclusive_116.85"", ""small_sample""]]",현재 확보 자료로 재구성한 과거 추정치; 과거 세대 구성 미확인,False,555b475dcef496b2254b825ba10b0724d7994196dba4c4e18f34e7f5aa4db599,54cb25d3544257419c8c9faa1ee168a8848dbea69689888cc0985fdd2c7a4797,ed22070000c1f425633073aec41cd0475b986c3ad372d2a8aae8d6171a317f44,f2a5f0d6492eb8372b471470,2026-09-18T13:45:05.713829+09:00
2026-08,A60875305,감만현대1차아파트,남구,감만동,885.0,885,885,1.0,1.0,0.7830508474576271,0.0,0.21694915254237288,121204500000.0,121204500000.0,136954237.2881356,,True,D,,539f12bebb79f5c9d7504e1bd424b893060d2c064f4a67928302e4025d208763,"[[""exclusive_59.92"", ""median_3m""], [""exclusive_72.36"", ""small_sample""], [""exclusive_84.99"", ""small_sample""]]",현재 확보 자료로 재구성한 과거 추정치; 과거 세대 구성 미확인,False,555b475dcef496b2254b825ba10b0724d7994196dba4c4e18f34e7f5aa4db599,54cb25d3544257419c8c9faa1ee168a8848dbea69689888cc0985fdd2c7a4797,ed22070000c1f425633073aec41cd0475b986c3ad372d2a8aae8d6171a317f44,f2a5f0d6492eb8372b471470,2026-09-18T13:45:05.713829+09:00
2026-08,A60880104,감만동일스위트아파트,남구,감만동,548.0,548,0,1.0,0.0,0.0,0.0,0.0,,,,,True,산정 불완전,가격 부족 또는 면적 연결 미확인,7b07905fce645827d0f909b7a394b3f1520f1fefdc0e10c1acb22cadfdf4250f,"[[""exclusive_59.99"", ""unavailable""], [""exclusive_59.91"", ""unavailable""], [""exclusive_74.07"", ""unavailable""], [""exclusive_80.16"", ""unavailable""], [""exclusive_84.97"", ""unavailable""]]",현재 확보 자료로 재구성한 과거 추정치; 과거 세대 구성 미확인,False,555b475dcef496b2254b825ba10b0724d7994196dba4c4e18f34e7f5aa4db599,54cb25d3544257419c8c9faa1ee168a8848dbea69689888cc0985fdd2c7a4797,ed22070000c1f425633073aec41cd0475b986c3ad372d2a8aae8d6171a317f44,f2a5f0d6492eb8372b471470,2026-09-18T13:45:05.713829+09:00
2026-08,A10027989,신화명리버뷰자이아파트,북구,금곡동,792.0,717,218,0.9053030303030303,0.27525252525252525,0.0,0.27525252525252525,0.0,,86873000000.0,,,True,산정 불완전,평형 세대수 합계 불일치; 가격 부족 또는 면적 연결 미확인,b0a6be6993654f0f82804715c35cb59b3a91e75ff131827b3889759fa1daf5b0,"[[""exclusive_59.89"", ""unavailable""], [""exclusive_84.96"", ""unavailable""], [""exclusive_84.97"", ""unavailable""], [""exclusive_84.99"", ""median_6m""]]",현재 확보 자료로 재구성한 과거 추정치; 과거 세대 구성 미확인,False,555b475dcef496b2254b825ba10b0724d7994196dba4c4e18f34e7f5aa4db599,54cb25d3544257419c8c9faa1ee168a8848dbea69689888cc0985fdd2c7a4797,ed22070000c1f425633073aec41cd0475b986c3ad372d2a8aae8d6171a317f44,f2a5f0d6492eb8372b471470,2026-09-18T13:45:05.713829+09:00
2026-08,A10028138,동원역삼정그린코아,북구,금곡동,529.0,526,0,0.994328922495274,0.0,0.0,0.0,0.0,,,,,True,산정 불완전,평형 세대수 합계 불일치; 가격 부족 또는 면적 연결 미확인,606b4e7fb25bb811a550eff45d697c62f0d9c89c4744e84db7c8d356fde7a3f5,"[[""exclusive_59.76"", ""unavailable""], [""exclusive_59.9"", ""unavailable""], [""exclusive_59.63"", ""unavailable""], [""exclusive_71.04"", ""unavailable""], [""exclusive_73.57"", ""unavailable""], [""exclusive_84.97"", ""unavailable""], [""exclusive_84.95"", ""unavailable""]]",현재 확보 자료로 재구성한 과거 추정치; 과거 세대 구성 미확인,False,555b475dcef496b2254b825ba10b0724d7994196dba4c4e18f34e7f5aa4db599,54cb25d3544257419c8c9faa1ee168a8848dbea69689888cc0985fdd2c7a4797,ed22070000c1f425633073aec41cd0475b986c3ad372d2a8aae8d6171a317f44,f2a5f0d6492eb8372b471470,2026-09-18T13:45:05.713829+09:00
2026-08,A61673902,율리벽산블루밍,북구,금곡동,589.0,0,0,0.0,0.0,0.0,0.0,0.0,,,,,True,산정 불완전,평형별 세대수 보완 필요,c38eb7731a2edbf2c405dc922468ded84aa651100a03e86668e60fb8b6b0b8e7,[],현재 확보 자료로 재구성한 과거 추정치; 과거 세대 구성 미확인,False,555b475dcef496b2254b825ba10b0724d7994196dba4c4e18f34e7f5aa4db599,54cb25d3544257419c8c9faa1ee168a8848dbea69689888cc0985fdd2c7a4797,ed22070000c1f425633073aec41cd0475b986c3ad372d2a8aae8d6171a317f44,f2a5f0d6492eb8372b471470,2026-09-18T13:45:05.713829+09:00
2026-08,A61674824,부산율리마을,북구,금곡동,840.0,0,0,0.0,0.0,0.0,0.0,0.0,,,,,True,산정 불완전,평형별 세대수 보완 필요; 임대·혼합 또는 분양 범위 미확인,c38eb7731a2edbf2c405dc922468ded84aa651100a03e86668e60fb8b6b0b8e7,[],현재 확보 자료로 재구성한 과거 추정치; 과거 세대 구성 미확인,False,555b475dcef496b2254b825ba10b0724d7994196dba4c4e18f34e7f5aa4db599,54cb25d3544257419c8c9faa1ee168a8848dbea69689888cc0985fdd2c7a4797,ed22070000c1f425633073aec41cd0475b986c3ad372d2a8aae8d6171a317f44,f2a5f0d6492eb8372b471470,2026-09-18T13:45:05.713829+09:00
2026-08,A61674912,화명뜨란채,북구,금곡동,981.0,981,981,1.0,1.0,0.9113149847094801,0.0,0.08868501529051988,299358000000.0,299358000000.0,305155963.3027523,,True,C,,2f0e54c31540fad26ffc483c2233fe064daac9ecfef244c9d5de7da916213c0c,"[[""exclusive_59.77"", ""median_3m""], [""exclusive_76.72"", ""median_3m""], [""exclusive_84.68"", ""median_12m""]]",현재 확보 자료로 재구성한 과거 추정치; 과거 세대 구성 미확인,False,555b475dcef496b2254b825ba10b0724d7994196dba4c4e18f34e7f5aa4db599,54cb25d3544257419c8c9faa1ee168a8848dbea69689888cc0985fdd2c7a4797,ed22070000c1f425633073aec41cd0475b986c3ad372d2a8aae8d6171a317f44,f2a5f0d6492eb8372b471470,2026-09-18T13:45:05.713829+09:00
2026-08,A61676006,금곡한솔아파트,북구,금곡동,532.0,532,76,1.0,0.14285714285714285,0.0,0.0,0.14285714285714285,,18620000000.0,,,True,산정 불완전,가격 부족 또는 면적 연결 미확인,5ad8f1a70064914b2b6e24d9eaeedac4787c411d5f999217a98ca773def47a7c,"[[""exclusive_85.99"", ""unavailable""], [""exclusive_99.99"", ""small_sample""], [""exclusive_125.77"", ""unavailable""]]",현재 확보 자료로 재구성한 과거 추정치; 과거 세대 구성 미확인,False,555b475dcef496b2254b825ba10b0724d7994196dba4c4e18f34e7f5aa4db599,54cb25d3544257419c8c9faa1ee168a8848dbea69689888cc0985fdd2c7a4797,ed22070000c1f425633073aec41cd0475b986c3ad372d2a8aae8d6171a317f44,f2a5f0d6492eb8372b471470,2026-09-18T13:45:05.713829+09:00
2026-08,A61676118,금곡주공1단지,북구,금곡동,1099.0,0,0,0.0,0.0,0.0,0.0,0.0,,,,,True,산정 불완전,평형별 세대수 보완 필요; 임대·혼합 또는 분양 범위 미확인,c38eb7731a2edbf2c405dc922468ded84aa651100a03e86668e60fb8b6b0b8e7,[],현재 확보 자료로 재구성한 과거 추정치; 과거 세대 구성 미확인,False,555b475dcef496b2254b825ba10b0724d7994196dba4c4e18f34e7f5aa4db599,54cb25d3544257419c8c9faa1ee168a8848dbea69689888cc0985fdd2c7a4797,ed22070000c1f425633073aec41cd0475b986c3ad372d2a8aae8d6171a317f44,f2a5f0d6492eb8372b471470,2026-09-18T13:45:05.713829+09:00
2026-08,A61676215,금곡주공2단지,북구,금곡동,1460.0,0,0,0.0,0.0,0.0,0.0,0.0,,,,,True,산정 불완전,평형별 세대수 보완 필요; 임대·혼합 또는 분양 범위 미확인,c38eb7731a2edbf2c405dc922468ded84aa651100a03e86668e60fb8b6b0b8e7,[],현재 확보 자료로 재구성한 과거 추정치; 과거 세대 구성 미확인,False,555b475dcef496b2254b825ba10b0724d7994196dba4c4e18f34e7f5aa4db599,54cb25d3544257419c8c9faa1ee168a8848dbea69689888cc0985fdd2c7a4797,ed22070000c1f425633073aec41cd0475b986c3ad372d2a8aae8d6171a317f44,f2a5f0d6492eb8372b471470,2026-09-18T13:45:05.713829+09:00
2026-08,A61676316,금곡주공3단지아파트,북구,금곡동,1484.0,1484,1310,1.0,0.8827493261455526,0.5633423180592992,0.2830188679245283,0.03638814016172507,,89291000000.0,,,True,산정 불완전,가격 부족 또는 면적 연결 미확인,4051c393c8b957ce1dd086a1d122f6b9702c2ab60b4862ce8c30e83e8b69a0a8,"[[""exclusive_41.85"", ""median_3m""], [""exclusive_42.66"", ""small_sample""], [""exclusive_49.77"", ""median_6m""], [""exclusive_58.65"", ""unavailable""], [""exclusive_59.97"", ""median_6m""]]",현재 확보 자료로 재구성한 과거 추정치; 과거 세대 구성 미확인,False,555b475dcef496b2254b825ba10b0724d7994196dba4c4e18f34e7f5aa4db599,54cb25d3544257419c8c9faa1ee168a8848dbea69689888cc0985fdd2c7a4797,ed22070000c1f425633073aec41cd0475b986c3ad372d2a8aae8d6171a317f44,f2a5f0d6492eb8372b471470,2026-09-18T13:45:05.713829+09:00
2026-08,A61676422,금곡주공4단지,북구,금곡동,1937.0,0,0,0.0,0.0,0.0,0.0,0.0,,,,,True,산정 불완전,평형별 세대수 보완 필요; 임대·혼합 또는 분양 범위 미확인,c38eb7731a2edbf2c405dc922468ded84aa651100a03e86668e60fb8b6b0b8e7,[],현재 확보 자료로 재구성한 과거 추정치; 과거 세대 구성 미확인,False,555b475dcef496b2254b825ba10b0724d7994196dba4c4e18f34e7f5aa4db599,54cb25d3544257419c8c9faa1ee168a8848dbea69689888cc0985fdd2c7a4797,ed22070000c1f425633073aec41cd0475b986c3ad372d2a8aae8d6171a317f44,f2a5f0d6492eb8372b471470,2026-09-18T13:45:05.713829+09:00
2026-08,A61676509,금곡주공5단지아파트,북구,금곡동,713.0,713,713,1.0,1.0,1.0,0.0,0.0,66657500000.0,66657500000.0,93488779.80364656,66418000000.0,True,A,,7e01f80c454d1b2977cb710d09c7025e0672687ab1c66a49a6f2cc525dd1cf36,"[[""exclusive_41.85"", ""median_3m""], [""exclusive_42.75"", ""median_3m""], [""exclusive_49.77"", ""median_3m""]]",현재 확보 자료로 재구성한 과거 추정치; 과거 세대 구성 미확인,False,555b475dcef496b2254b825ba10b0724d7994196dba4c4e18f34e7f5aa4db599,54cb25d3544257419c8c9faa1ee168a8848dbea69689888cc0985fdd2c7a4797,ed22070000c1f425633073aec41cd0475b986c3ad372d2a8aae8d6171a317f44,f2a5f0d6492eb8372b471470,2026-09-18T13:45:05.713829+09:00
2026-08,A61676605,금곡주공6단지아파트,북구,금곡동,504.0,504,504,1.0,1.0,0.0,0.44047619047619047,0.5595238095238095,48546000000.0,48546000000.0,96321428.57142857,,True,C,,7185616a2b6114d6e3bf25ed4666cf63c2d25d408e711beef58392613e9056ef,"[[""exclusive_48.89"", ""median_6m""], [""exclusive_49.32"", ""median_12m""]]",현재 확보 자료로 재구성한 과거 추정치; 과거 세대 구성 미확인,False,555b475dcef496b2254b825ba10b0724d7994196dba4c4e18f34e7f5aa4db599,54cb25d3544257419c8c9faa1ee168a8848dbea69689888cc0985fdd2c7a4797,ed22070000c1f425633073aec41cd0475b986c3ad372d2a8aae8d6171a317f44,f2a5f0d6492eb8372b471470,2026-09-18T13:45:05.713829+09:00
2026-08,A61676723,금곡주공7단지,북구,금곡동,802.0,0,0,0.0,0.0,0.0,0.0,0.0,,,,,True,산정 불완전,평형별 세대수 보완 필요; 임대·혼합 또는 분양 범위 미확인,c38eb7731a2edbf2c405dc922468ded84aa651100a03e86668e60fb8b6b0b8e7,[],현재 확보 자료로 재구성한 과거 추정치; 과거 세대 구성 미확인,False,555b475dcef496b2254b825ba10b0724d7994196dba4c4e18f34e7f5aa4db599,54cb25d3544257419c8c9faa1ee168a8848dbea69689888cc0985fdd2c7a4797,ed22070000c1f425633073aec41cd0475b986c3ad372d2a8aae8d6171a317f44,f2a5f0d6492eb8372b471470,2026-09-18T13:45:05.713829+09:00
2026-08,A61676814,금곡9단지주공,북구,금곡동,1366.0,1366,1366,1.0,1.0,0.3484626647144949,0.6515373352855052,0.0,93128500000.0,93128500000.0,68176061.49341142,,True,B,,31cbdf02e39bd866db29d6026853028c6308b039a728051247151afd43609a26,"[[""exclusive_39.43"", ""median_6m""], [""exclusive_39.41"", ""median_3m""], [""exclusive_42.29"", ""median_6m""], [""exclusive_48.85"", ""median_6m""]]",현재 확보 자료로 재구성한 과거 추정치; 과거 세대 구성 미확인,False,555b475dcef496b2254b825ba10b0724d7994196dba4c4e18f34e7f5aa4db599,54cb25d3544257419c8c9faa1ee168a8848dbea69689888cc0985fdd2c7a4797,ed22070000c1f425633073aec41cd0475b986c3ad372d2a8aae8d6171a317f44,f2a5f0d6492eb8372b471470,2026-09-18T13:45:05.713829+09:00
2026-08,A61677013,화명한일유앤아이,북구,금곡동,1026.0,1026,1026,1.0,1.0,0.6237816764132553,0.22807017543859648,0.14814814814814814,335554000000.0,335554000000.0,327050682.2612086,,True,D,,48fac88ebe3145eda82cf2b403bf6fca80bcb447dfbce945f4e99f9a9dd0a897,"[[""exclusive_59.79"", ""median_6m""], [""exclusive_59.7"", ""small_sample""], [""exclusive_83.5"", ""median_3m""], [""exclusive_84.76"", ""median_12m""]]",현재 확보 자료로 재구성한 과거 추정치; 과거 세대 구성 미확인,False,555b475dcef496b2254b825ba10b0724d7994196dba4c4e18f34e7f5aa4db599,54cb25d3544257419c8c9faa1ee168a8848dbea69689888cc0985fdd2c7a4797,ed22070000c1f425633073aec41cd0475b986c3ad372d2a8aae8d6171a317f44,f2a5f0d6492eb8372b471470,2026-09-18T13:45:05.713829+09:00
2026-08,A61681107,금곡화목타운,북구,금곡동,576.0,576,576,1.0,1.0,0.0,1.0,0.0,79488000000.0,79488000000.0,138000000.0,76608000000.0,True,B,,dc29b82f657bb6f1267b4ae4857064511e64a7d923cda5f3184b17f5a3cef40e,"[[""exclusive_68.12"", ""median_6m""]]",현재 확보 자료로 재구성한 과거 추정치; 과거 세대 구성 미확인,False,555b475dcef496b2254b825ba10b0724d7994196dba4c4e18f34e7f5aa4db599,54cb25d3544257419c8c9faa1ee168a8848dbea69689888cc0985fdd2c7a4797,ed22070000c1f425633073aec41cd0475b986c3ad372d2a8aae8d6171a317f44,f2a5f0d6492eb8372b471470,2026-09-18T13:45:05.713829+09:00
2026-08,A61681108,금곡조성협진아파트,북구,금곡동,576.0,576,576,1.0,1.0,1.0,0.0,0.0,76608000000.0,76608000000.0,133000000.0,75744000000.0,True,A,,3a8076b4bd915df38f1aff8a7d3be7d59f9abf912955709c7dd11dcf28ffbfd6,"[[""exclusive_67.97"", ""median_3m""]]",현재 확보 자료로 재구성한 과거 추정치; 과거 세대 구성 미확인,False,555b475dcef496b2254b825ba10b0724d7994196dba4c4e18f34e7f5aa4db599,54cb25d3544257419c8c9faa1ee168a8848dbea69689888cc0985fdd2c7a4797,ed22070000c1f425633073aec41cd0475b986c3ad372d2a8aae8d6171a317f44,f2a5f0d6492eb8372b471470,2026-09-18T13:45:05.713829+09:00
2026-08,A61684110,화명리버빌2차아파트,북구,금곡동,722.0,722,722,1.0,1.0,0.0,0.703601108033241,0.296398891966759,219285000000.0,219285000000.0,303718836.565097,,True,C,,bd34ae6634810eebce3aa72ab886fa71719d66779ad5d3cae6c4b8d733efc203,"[[""exclusive_59.89"", ""median_12m""], [""exclusive_59.79"", ""median_12m""], [""exclusive_82.63"", ""median_6m""], [""exclusive_83.11"", ""median_6m""]]",현재 확보 자료로 재구성한 과거 추정치; 과거 세대 구성 미확인,False,555b475dcef496b2254b825ba10b0724d7994196dba4c4e18f34e7f5aa4db599,54cb25d3544257419c8c9faa1ee168a8848dbea69689888cc0985fdd2c7a4797,ed22070000c1f425633073aec41cd0475b986c3ad372d2a8aae8d6171a317f44,f2a5f0d6492eb8372b471470,2026-09-18T13:45:05.713829+09:00
2026-08,A10024341,화명푸르지오헤리센트,북구,화명동,886.0,871,0,0.9830699774266366,0.0,0.0,0.0,0.0,,,,,True,산정 불완전,평형 세대수 합계 불일치; 임대·혼합 또는 분양 범위 미확인; 가격 부족 또는 면적 연결 미확인,13e54a037b4b672ef11adfd7253b25f64e044f6a2328ade62a0ebd5cdbe411e1,"[[""exclusive_39.75"", ""unavailable""], [""exclusive_59.92"", ""unavailable""], [""exclusive_59.98"", ""unavailable""], [""exclusive_59.99"", ""unavailable""], [""exclusive_74.95"", ""unavailable""], [""exclusive_74.98"", ""unavailable""], [""exclusive_84.92"", ""unavailable""], [""exclusive_84.94"", ""unavailable""], [""exclusive_84.95"", ""unavailable""]]",현재 확보 자료로 재구성한 과거 추정치; 과거 세대 구성 미확인,False,555b475dcef496b2254b825ba10b0724d7994196dba4c4e18f34e7f5aa4db599,54cb25d3544257419c8c9faa1ee168a8848dbea69689888cc0985fdd2c7a4797,ed22070000c1f425633073aec41cd0475b986c3ad372d2a8aae8d6171a317f44,f2a5f0d6492eb8372b471470,2026-09-18T13:45:05.713829+09:00
2026-08,A10027790,e편한세상 화명힐스 아파트,북구,화명동,800.0,800,800,1.0,1.0,0.8525,0.0625,0.085,,468364000000.0,,,True,산정 불완전,임대·혼합 또는 분양 범위 미확인,2feb87aa966b70f9dbf0b2618e45a894977fd7c1670a46e57e1313e2fc43f105,"[[""exclusive_39.98"", ""small_sample""], [""exclusive_69.98"", ""median_6m""], [""exclusive_84.98"", ""median_3m""], [""exclusive_100.98"", ""median_3m""]]",현재 확보 자료로 재구성한 과거 추정치; 과거 세대 구성 미확인,False,555b475dcef496b2254b825ba10b0724d7994196dba4c4e18f34e7f5aa4db599,54cb25d3544257419c8c9faa1ee168a8848dbea69689888cc0985fdd2c7a4797,ed22070000c1f425633073aec41cd0475b986c3ad372d2a8aae8d6171a317f44,f2a5f0d6492eb8372b471470,2026-09-18T13:45:05.713829+09:00
2026-08,A61612010,화명2차현대아파트,북구,화명동,743.0,743,40,1.0,0.05383580080753701,0.0,0.0,0.05383580080753701,,18240000000.0,,,True,산정 불완전,가격 부족 또는 면적 연결 미확인,ad5dec64896569f2c32a9578dfaf40fe576552e3be71d093169498e9b0a837ae,"[[""exclusive_59.93"", ""unavailable""], [""exclusive_84.99"", ""unavailable""], [""exclusive_99.91"", ""unavailable""], [""exclusive_119.34"", ""median_12m""], [""exclusive_134.94"", ""unavailable""]]",현재 확보 자료로 재구성한 과거 추정치; 과거 세대 구성 미확인,False,555b475dcef496b2254b825ba10b0724d7994196dba4c4e18f34e7f5aa4db599,54cb25d3544257419c8c9faa1ee168a8848dbea69689888cc0985fdd2c7a4797,ed22070000c1f425633073aec41cd0475b986c3ad372d2a8aae8d6171a317f44,f2a5f0d6492eb8372b471470,2026-09-18T13:45:05.713829+09:00
2026-08,A61612011,화명대우이안아파트,북구,화명동,989.0,989,0,1.0,0.0,0.0,0.0,0.0,,,,,True,산정 불완전,가격 부족 또는 면적 연결 미확인,e7942308660c51edd76428b5c40dd5e6e8705e1969791eca4f05bb99a4e4bb6d,"[[""exclusive_59.9"", ""unavailable""], [""exclusive_84.98"", ""unavailable""], [""exclusive_83.77"", ""unavailable""], [""exclusive_116.19"", ""unavailable""], [""exclusive_143.57"", ""unavailable""]]",현재 확보 자료로 재구성한 과거 추정치; 과거 세대 구성 미확인,False,555b475dcef496b2254b825ba10b0724d7994196dba4c4e18f34e7f5aa4db599,54cb25d3544257419c8c9faa1ee168a8848dbea69689888cc0985fdd2c7a4797,ed22070000c1f425633073aec41cd0475b986c3ad372d2a8aae8d6171a317f44,f2a5f0d6492eb8372b471470,2026-09-18T13:45:05.713829+09:00
2026-08,A61612013,화명코오롱하늘채1차아파트,북구,화명동,1280.0,1280,272,1.0,0.2125,0.0,0.0,0.2125,,136000000000.0,,,True,산정 불완전,가격 부족 또는 면적 연결 미확인,664a658eeb5bae6f0ef83f4f08c1802715c8e71a9591a22d210f5a1ee8019774,"[[""exclusive_59.89"", ""unavailable""], [""exclusive_59.94"", ""unavailable""], [""exclusive_69.33"", ""unavailable""], [""exclusive_84.97"", ""unavailable""], [""exclusive_114.9"", ""median_12m""], [""exclusive_147.19"", ""unavailable""]]",현재 확보 자료로 재구성한 과거 추정치; 과거 세대 구성 미확인,False,555b475dcef496b2254b825ba10b0724d7994196dba4c4e18f34e7f5aa4db599,54cb25d3544257419c8c9faa1ee168a8848dbea69689888cc0985fdd2c7a4797,ed22070000c1f425633073aec41cd0475b986c3ad372d2a8aae8d6171a317f44,f2a5f0d6492eb8372b471470,2026-09-18T13:45:05.713829+09:00
2026-08,A61612016,화명수정강변타운,북구,화명동,1780.0,1780,1780,1.0,1.0,0.947752808988764,0.052247191011235955,0.0,519361000000.0,519361000000.0,291775842.6966292,,True,B,,b135a20626c0f67082e6719cec9c3ae5f71bdba00ec1256ff0cb21e802e8b2d5,"[[""exclusive_49.82"", ""median_3m""], [""exclusive_59.4"", ""median_3m""], [""exclusive_59.57"", ""median_6m""], [""exclusive_84.34"", ""median_3m""]]",현재 확보 자료로 재구성한 과거 추정치; 과거 세대 구성 미확인,False,555b475dcef496b2254b825ba10b0724d7994196dba4c4e18f34e7f5aa4db599,54cb25d3544257419c8c9faa1ee168a8848dbea69689888cc0985fdd2c7a4797,ed22070000c1f425633073aec41cd0475b986c3ad372d2a8aae8d6171a317f44,f2a5f0d6492eb8372b471470,2026-09-18T13:45:05.713829+09:00
2026-08,A61612017,대림쌍용강변타운,북구,화명동,1895.0,1895,1895,1.0,1.0,0.6686015831134564,0.1783641160949868,0.15303430079155672,1021789000000.0,1021789000000.0,539202638.5224274,,True,D,,4b5a90a51f4d9457827e76698ceac0aac89cc88e9ce6b369df9ba46e0fa2ac6d,"[[""exclusive_59.89"", ""median_3m""], [""exclusive_84.97"", ""median_3m""], [""exclusive_84.92"", ""median_12m""], [""exclusive_133.53"", ""small_sample""], [""exclusive_128.32"", ""median_12m""], [""exclusive_131.07"", ""median_6m""]]",현재 확보 자료로 재구성한 과거 추정치; 과거 세대 구성 미확인,False,555b475dcef496b2254b825ba10b0724d7994196dba4c4e18f34e7f5aa4db599,54cb25d3544257419c8c9faa1ee168a8848dbea69689888cc0985fdd2c7a4797,ed22070000c1f425633073aec41cd0475b986c3ad372d2a8aae8d6171a317f44,f2a5f0d6492eb8372b471470,2026-09-18T13:45:05.713829+09:00
2026-08,A61612018,화명롯데낙천대,북구,화명동,1950.0,1950,0,1.0,0.0,0.0,0.0,0.0,,,,,True,산정 불완전,가격 부족 또는 면적 연결 미확인,ac1e883f5b419a85f880d3e12ab445e84f4539876944e16aa2df3be87402aa49,"[[""exclusive_59.8"", ""unavailable""], [""exclusive_59.44"", ""unavailable""], [""exclusive_84.76"", ""unavailable""], [""exclusive_116.81"", ""unavailable""], [""exclusive_142.18"", ""unavailable""]]",현재 확보 자료로 재구성한 과거 추정치; 과거 세대 구성 미확인,False,555b475dcef496b2254b825ba10b0724d7994196dba4c4e18f34e7f5aa4db599,54cb25d3544257419c8c9faa1ee168a8848dbea69689888cc0985fdd2c7a4797,ed22070000c1f425633073aec41cd0475b986c3ad372d2a8aae8d6171a317f44,f2a5f0d6492eb8372b471470,2026-09-18T13:45:05.713829+09:00
2026-08,A61612019,화명대림타운,북구,화명동,3382.0,3382,3382,1.0,1.0,0.7344766410408042,0.17681845062093435,0.08870490833826139,906977000000.0,906977000000.0,268177705.49970433,,True,D,,ecafcdce8e78e16382c8194fd1d8a54161988a44de5537c66eb1066b603923a7,"[[""exclusive_59.8"", ""median_3m""], [""exclusive_75.86"", ""small_sample""], [""exclusive_84.98"", ""median_6m""], [""exclusive_84.99"", ""median_3m""], [""exclusive_111.74"", ""median_6m""], [""exclusive_139.9"", ""median_12m""]]",현재 확보 자료로 재구성한 과거 추정치; 과거 세대 구성 미확인,False,555b475dcef496b2254b825ba10b0724d7994196dba4c4e18f34e7f5aa4db599,54cb25d3544257419c8c9faa1ee168a8848dbea69689888cc0985fdd2c7a4797,ed22070000c1f425633073aec41cd0475b986c3ad372d2a8aae8d6171a317f44,f2a5f0d6492eb8372b471470,2026-09-18T13:45:05.713829+09:00
2026-08,A61673302,삼한힐파크아파트,북구,화명동,807.0,807,0,1.0,0.0,0.0,0.0,0.0,,,,,True,산정 불완전,가격 부족 또는 면적 연결 미확인,86bdc80839cce080a5e2e8a3d301f8e9ddcc273c9cc2191a973465c1de3ea81f,"[[""exclusive_84.99"", ""unavailable""]]",현재 확보 자료로 재구성한 과거 추정치; 과거 세대 구성 미확인,False,555b475dcef496b2254b825ba10b0724d7994196dba4c4e18f34e7f5aa4db599,54cb25d3544257419c8c9faa1ee168a8848dbea69689888cc0985fdd2c7a4797,ed22070000c1f425633073aec41cd0475b986c3ad372d2a8aae8d6171a317f44,f2a5f0d6492eb8372b471470,2026-09-18T13:45:05.713829+09:00
2026-08,A61673304,화명동원로얄듀크,북구,화명동,1627.0,1627,0,1.0,0.0,0.0,0.0,0.0,,,,,True,산정 불완전,가격 부족 또는 면적 연결 미확인,54f4b22782bafba0f454d44d37649229bf7ccaf38126ab76aa31026456a26168,"[[""exclusive_59.99"", ""unavailable""], [""exclusive_84.99"", ""unavailable""], [""exclusive_124.56"", ""unavailable""]]",현재 확보 자료로 재구성한 과거 추정치; 과거 세대 구성 미확인,False,555b475dcef496b2254b825ba10b0724d7994196dba4c4e18f34e7f5aa4db599,54cb25d3544257419c8c9faa1ee168a8848dbea69689888cc0985fdd2c7a4797,ed22070000c1f425633073aec41cd0475b986c3ad372d2a8aae8d6171a317f44,f2a5f0d6492eb8372b471470,2026-09-18T13:45:05.713829+09:00
2026-08,A61673305,화명유림아파트,북구,화명동,506.0,506,0,1.0,0.0,0.0,0.0,0.0,,,,,True,산정 불완전,가격 부족 또는 면적 연결 미확인,978e4b7fbc64b3a77ee19896f3459eeb14af8d75b15da9331e8f8509eef34e9e,"[[""exclusive_59.92"", ""unavailable""]]",현재 확보 자료로 재구성한 과거 추정치; 과거 세대 구성 미확인,False,555b475dcef496b2254b825ba10b0724d7994196dba4c4e18f34e7f5aa4db599,54cb25d3544257419c8c9faa1ee168a8848dbea69689888cc0985fdd2c7a4797,ed22070000c1f425633073aec41cd0475b986c3ad372d2a8aae8d6171a317f44,f2a5f0d6492eb8372b471470,2026-09-18T13:45:05.713829+09:00
2026-08,A61673308,화명롯데캐슬카이저,북구,화명동,5239.0,5239,5239,1.0,1.0,0.6930711967932811,0.1517465165107845,0.15518228669593434,3888480000000.0,3888480000000.0,742217980.5306356,,True,D,,9857e85d3bdf56aaee734f4d64debeeebf2dc92d801cb21be80b003ba196c1e5,"[[""exclusive_59.69"", ""median_3m""], [""exclusive_59.98"", ""small_sample""], [""exclusive_71.91"", ""median_6m""], [""exclusive_84.95"", ""median_3m""], [""exclusive_84.77"", ""median_3m""], [""exclusive_84.82"", ""median_6m""], [""exclusive_98.07"", ""median_3m""], [""exclusive_115.03"", ""median_3m""], [""exclusive_116.03"", ""small_sample""], [""exclusive_115.95"", ""median_3m""], [""exclusive_131.05"", ""median_3m""], [""exclusive_131.78"", ""small_sample""], [""exclusive_145.65"", ""median_12m""], [""exclusive_145.49"", ""median_3m""], [""exclusive_171.77"", ""median_6m""]]",현재 확보 자료로 재구성한 과거 추정치; 과거 세대 구성 미확인,False,555b475dcef496b2254b825ba10b0724d7994196dba4c4e18f34e7f5aa4db599,54cb25d3544257419c8c9faa1ee168a8848dbea69689888cc0985fdd2c7a4797,ed22070000c1f425633073aec41cd0475b986c3ad372d2a8aae8d6171a317f44,f2a5f0d6492eb8372b471470,2026-09-18T13:45:05.713829+09:00
2026-08,A61679206,벽산강변타운아파트,북구,화명동,1044.0,1044,1044,1.0,1.0,1.0,0.0,0.0,246915000000.0,246915000000.0,236508620.68965518,,True,A,,69e97549ffe28242aeb17cc27331b766624d783bf47a2e8cf5120813ec88cec3,"[[""exclusive_74.48"", ""median_3m""], [""exclusive_84.89"", ""median_3m""]]",현재 확보 자료로 재구성한 과거 추정치; 과거 세대 구성 미확인,False,555b475dcef496b2254b825ba10b0724d7994196dba4c4e18f34e7f5aa4db599,54cb25d3544257419c8c9faa1ee168a8848dbea69689888cc0985fdd2c7a4797,ed22070000c1f425633073aec41cd0475b986c3ad372d2a8aae8d6171a317f44,f2a5f0d6492eb8372b471470,2026-09-18T13:45:05.713829+09:00
2026-08,A61679207,도시화명그린(21B)아파트,북구,화명동,720.0,720,720,1.0,1.0,1.0,0.0,0.0,71640000000.0,71640000000.0,99500000.0,81000000000.0,True,A,,0c506bea48d18c74806e9979544b0428847345ea3b734de9a8e878c5c9b43a81,"[[""exclusive_49.42"", ""median_3m""]]",현재 확보 자료로 재구성한 과거 추정치; 과거 세대 구성 미확인,False,555b475dcef496b2254b825ba10b0724d7994196dba4c4e18f34e7f5aa4db599,54cb25d3544257419c8c9faa1ee168a8848dbea69689888cc0985fdd2c7a4797,ed22070000c1f425633073aec41cd0475b986c3ad372d2a8aae8d6171a317f44,f2a5f0d6492eb8372b471470,2026-09-18T13:45:05.713829+09:00
2026-08,A61679208,화명경남아너스빌,북구,화명동,570.0,570,530,1.0,0.9298245614035088,0.5789473684210527,0.0,0.3508771929824561,,204045000000.0,,,True,산정 불완전,가격 부족 또는 면적 연결 미확인,c960dd937bace6cf0b2d462a00f58e3e4fac3a66435028f02e2b276e6ea56b33,"[[""exclusive_84.91"", ""median_3m""], [""exclusive_99.66"", ""small_sample""], [""exclusive_133.86"", ""median_12m""], [""exclusive_158.58"", ""unavailable""]]",현재 확보 자료로 재구성한 과거 추정치; 과거 세대 구성 미확인,False,555b475dcef496b2254b825ba10b0724d7994196dba4c4e18f34e7f5aa4db599,54cb25d3544257419c8c9faa1ee168a8848dbea69689888cc0985fdd2c7a4797,ed22070000c1f425633073aec41cd0475b986c3ad372d2a8aae8d6171a317f44,f2a5f0d6492eb8372b471470,2026-09-18T13:45:05.713829+09:00
2026-08,A61683305,그린숲속(화명그린24),북구,화명동,900.0,900,900,1.0,1.0,1.0,0.0,0.0,111150000000.0,111150000000.0,123500000.0,120600000000.0,False,A,,11fe9cb558067b4511157f22c52949d8793aa21a1d57adc432d7fe3d158b3f81,"[[""exclusive_59.82"", ""median_3m""]]",현재 확보 자료로 재구성한 과거 추정치; 과거 세대 구성 미확인,False,555b475dcef496b2254b825ba10b0724d7994196dba4c4e18f34e7f5aa4db599,54cb25d3544257419c8c9faa1ee168a8848dbea69689888cc0985fdd2c7a4797,ed22070000c1f425633073aec41cd0475b986c3ad372d2a8aae8d6171a317f44,f2a5f0d6492eb8372b471470,2026-09-18T13:45:05.713829+09:00
2026-08,A61685214,화명코오롱하늘채2차,북구,화명동,1344.0,1344,0,1.0,0.0,0.0,0.0,0.0,,,,,True,산정 불완전,가격 부족 또는 면적 연결 미확인,9f47a4f8fed7ae45618e1f5c3de7a68008cb75ec8743818d4c50b233ce566c76,"[[""exclusive_59.8"", ""unavailable""], [""exclusive_84.93"", ""unavailable""], [""exclusive_118.98"", ""unavailable""], [""exclusive_142.53"", ""unavailable""]]",현재 확보 자료로 재구성한 과거 추정치; 과거 세대 구성 미확인,False,555b475dcef496b2254b825ba10b0724d7994196dba4c4e18f34e7f5aa4db599,54cb25d3544257419c8c9faa1ee168a8848dbea69689888cc0985fdd2c7a4797,ed22070000c1f425633073aec41cd0475b986c3ad372d2a8aae8d6171a317f44,f2a5f0d6492eb8372b471470,2026-09-18T13:45:05.713829+09:00
2026-08,A10023725,백양산 베스티움에코포레,북구,만덕동,593.0,593,0,1.0,0.0,0.0,0.0,0.0,,,,,True,산정 불완전,가격 부족 또는 면적 연결 미확인,3cfb8f53a97336b409be2742d25446d095c2347990988e9601066cd8e6aa23cd,"[[""exclusive_59.99"", ""unavailable""], [""exclusive_84.95"", ""unavailable""]]",현재 확보 자료로 재구성한 과거 추정치; 과거 세대 구성 미확인,False,555b475dcef496b2254b825ba10b0724d7994196dba4c4e18f34e7f5aa4db599,54cb25d3544257419c8c9faa1ee168a8848dbea69689888cc0985fdd2c7a4797,ed22070000c1f425633073aec41cd0475b986c3ad372d2a8aae8d6171a317f44,f2a5f0d6492eb8372b471470,2026-09-18T13:45:05.713829+09:00
2026-08,A10024318,e편한세상 금정산 아파트,북구,만덕동,1969.0,1239,0,0.6292534281361097,0.0,0.0,0.0,0.0,,,,,True,산정 불완전,평형 세대수 합계 불일치; 임대·혼합 또는 분양 범위 미확인; 가격 부족 또는 면적 연결 미확인,43a0cf9e98ef3e3cc2b15d479ded78802f925607b9802e715c1b4ded557b1d42,"[[""exclusive_51.58"", ""unavailable""], [""exclusive_59.96"", ""unavailable""], [""exclusive_59.91"", ""unavailable""], [""exclusive_74.92"", ""unavailable""], [""exclusive_84.93"", ""unavailable""], [""exclusive_84.91"", ""unavailable""]]",현재 확보 자료로 재구성한 과거 추정치; 과거 세대 구성 미확인,False,555b475dcef496b2254b825ba10b0724d7994196dba4c4e18f34e7f5aa4db599,54cb25d3544257419c8c9faa1ee168a8848dbea69689888cc0985fdd2c7a4797,ed22070000c1f425633073aec41cd0475b986c3ad372d2a8aae8d6171a317f44,f2a5f0d6492eb8372b471470,2026-09-18T13:45:05.713829+09:00
2026-08,A10025235,더래디언트금정산,북구,만덕동,1677.0,1677,1654,1.0,0.9862850327966607,0.8968395945140131,0.046511627906976744,0.04293381037567084,,603256000000.0,,,True,산정 불완전,가격 부족 또는 면적 연결 미확인,a7c82723113103a895abc8d30e290b05517c774f3baba3e6ea275bc7c2bbeeb8,"[[""exclusive_59.81"", ""median_6m""], [""exclusive_59.98"", ""median_3m""], [""exclusive_59.99"", ""median_3m""], [""exclusive_74.85"", ""median_3m""], [""exclusive_74.98"", ""small_sample""], [""exclusive_74.4"", ""unavailable""], [""exclusive_74.81"", ""small_sample""], [""exclusive_74.95"", ""unavailable""], [""exclusive_84.82"", ""small_sample""], [""exclusive_84.95"", ""median_3m""], [""exclusive_114.4"", ""unavailable""], [""exclusive_114.92"", ""unavailable""]]",현재 확보 자료로 재구성한 과거 추정치; 과거 세대 구성 미확인,False,555b475dcef496b2254b825ba10b0724d7994196dba4c4e18f34e7f5aa4db599,54cb25d3544257419c8c9faa1ee168a8848dbea69689888cc0985fdd2c7a4797,ed22070000c1f425633073aec41cd0475b986c3ad372d2a8aae8d6171a317f44,f2a5f0d6492eb8372b471470,2026-09-18T13:45:05.713829+09:00
2026-08,A10027832,백양디이스트,북구,만덕동,3790.0,0,0,0.0,0.0,0.0,0.0,0.0,,,,,True,산정 불완전,평형별 세대수 보완 필요,c38eb7731a2edbf2c405dc922468ded84aa651100a03e86668e60fb8b6b0b8e7,[],현재 확보 자료로 재구성한 과거 추정치; 과거 세대 구성 미확인,False,555b475dcef496b2254b825ba10b0724d7994196dba4c4e18f34e7f5aa4db599,54cb25d3544257419c8c9faa1ee168a8848dbea69689888cc0985fdd2c7a4797,ed22070000c1f425633073aec41cd0475b986c3ad372d2a8aae8d6171a317f44,f2a5f0d6492eb8372b471470,2026-09-18T13:45:05.713829+09:00
2026-08,A61673103,신만덕쌍용예가,북구,만덕동,600.0,600,0,1.0,0.0,0.0,0.0,0.0,,,,,True,산정 불완전,가격 부족 또는 면적 연결 미확인,ec74b7443212e261c3b16356f104a2b76f3ae4d18328973c799b8bab55c0d5b9,"[[""exclusive_59.88"", ""unavailable""], [""exclusive_84.98"", ""unavailable""], [""exclusive_99.19"", ""unavailable""]]",현재 확보 자료로 재구성한 과거 추정치; 과거 세대 구성 미확인,False,555b475dcef496b2254b825ba10b0724d7994196dba4c4e18f34e7f5aa4db599,54cb25d3544257419c8c9faa1ee168a8848dbea69689888cc0985fdd2c7a4797,ed22070000c1f425633073aec41cd0475b986c3ad372d2a8aae8d6171a317f44,f2a5f0d6492eb8372b471470,2026-09-18T13:45:05.713829+09:00
2026-08,A61675601,만덕 상록한신휴플러스아파트,북구,만덕동,882.0,882,0,1.0,0.0,0.0,0.0,0.0,,,,,True,산정 불완전,가격 부족 또는 면적 연결 미확인,551b658a0e39b076c0afdf0b740fb5c3831d2e91e5f9ab832b07bb266f83eef9,"[[""exclusive_59.94"", ""unavailable""], [""exclusive_59.91"", ""unavailable""], [""exclusive_84.99"", ""unavailable""]]",현재 확보 자료로 재구성한 과거 추정치; 과거 세대 구성 미확인,False,555b475dcef496b2254b825ba10b0724d7994196dba4c4e18f34e7f5aa4db599,54cb25d3544257419c8c9faa1ee168a8848dbea69689888cc0985fdd2c7a4797,ed22070000c1f425633073aec41cd0475b986c3ad372d2a8aae8d6171a317f44,f2a5f0d6492eb8372b471470,2026-09-18T13:45:05.713829+09:00
2026-08,A61675806,만덕삼성아파트,북구,만덕동,600.0,600,600,1.0,1.0,0.0,0.3983333333333333,0.6016666666666667,125163750000.0,125163750000.0,208606250.0,,True,D,,69f89a05133d6dc0072675427ff12550ce891d268b53cfb8b0f546e33b3859c3,"[[""exclusive_57.78"", ""median_12m""], [""exclusive_68.7"", ""small_sample""], [""exclusive_82.2"", ""median_6m""]]",현재 확보 자료로 재구성한 과거 추정치; 과거 세대 구성 미확인,False,555b475dcef496b2254b825ba10b0724d7994196dba4c4e18f34e7f5aa4db599,54cb25d3544257419c8c9faa1ee168a8848dbea69689888cc0985fdd2c7a4797,ed22070000c1f425633073aec41cd0475b986c3ad372d2a8aae8d6171a317f44,f2a5f0d6492eb8372b471470,2026-09-18T13:45:05.713829+09:00
2026-08,A61678209,만덕그린코아아파트,북구,만덕동,1468.0,1468,1378,1.0,0.9386920980926431,0.0,0.5926430517711172,0.3460490463215259,,239681000000.0,,,True,산정 불완전,가격 부족 또는 면적 연결 미확인,7198c78d385b5bac8e194611e5b36453e7495bb8c55110e27b960f0619d4072a,"[[""exclusive_75.57"", ""median_6m""], [""exclusive_84.69"", ""median_6m""], [""exclusive_84.9"", ""small_sample""], [""exclusive_106.2"", ""small_sample""], [""exclusive_116.06"", ""small_sample""], [""exclusive_119.69"", ""unavailable""], [""exclusive_134.99"", ""median_12m""], [""exclusive_148.26"", ""median_12m""]]",현재 확보 자료로 재구성한 과거 추정치; 과거 세대 구성 미확인,False,555b475dcef496b2254b825ba10b0724d7994196dba4c4e18f34e7f5aa4db599,54cb25d3544257419c8c9faa1ee168a8848dbea69689888cc0985fdd2c7a4797,ed22070000c1f425633073aec41cd0475b986c3ad372d2a8aae8d6171a317f44,f2a5f0d6492eb8372b471470,2026-09-18T13:45:05.713829+09:00
2026-08,A61678706,럭키만덕1차아파트,북구,만덕동,900.0,900,600,1.0,0.6666666666666666,0.0,0.6666666666666666,0.0,,82800000000.0,,,True,산정 불완전,가격 부족 또는 면적 연결 미확인,e7d6ad58ddad53b57b27476e5fc1a2ff777b338d9237164d96c2bb3e7d47d88b,"[[""exclusive_79.19"", ""unavailable""], [""exclusive_84.28"", ""median_6m""]]",현재 확보 자료로 재구성한 과거 추정치; 과거 세대 구성 미확인,False,555b475dcef496b2254b825ba10b0724d7994196dba4c4e18f34e7f5aa4db599,54cb25d3544257419c8c9faa1ee168a8848dbea69689888cc0985fdd2c7a4797,ed22070000c1f425633073aec41cd0475b986c3ad372d2a8aae8d6171a317f44,f2a5f0d6492eb8372b471470,2026-09-18T13:45:05.713829+09:00
2026-08,A61678804,럭키만덕2차아파트,북구,만덕동,714.0,714,714,1.0,1.0,1.0,0.0,0.0,132804000000.0,132804000000.0,186000000.0,132804000000.0,False,A,,c7bba46d38c15c6e2580ffc183c2bf9f99ee2de1cd223140e86361719cd65a0b,"[[""exclusive_84.94"", ""median_3m""]]",현재 확보 자료로 재구성한 과거 추정치; 과거 세대 구성 미확인,False,555b475dcef496b2254b825ba10b0724d7994196dba4c4e18f34e7f5aa4db599,54cb25d3544257419c8c9faa1ee168a8848dbea69689888cc0985fdd2c7a4797,ed22070000c1f425633073aec41cd0475b986c3ad372d2a8aae8d6171a317f44,f2a5f0d6492eb8372b471470,2026-09-18T13:45:05.713829+09:00
2026-08,A61679609,부산만덕3단지 주공아파트,북구,만덕동,1350.0,0,0,0.0,0.0,0.0,0.0,0.0,,,,,True,산정 불완전,평형별 세대수 보완 필요; 임대·혼합 또는 분양 범위 미확인,c38eb7731a2edbf2c405dc922468ded84aa651100a03e86668e60fb8b6b0b8e7,[],현재 확보 자료로 재구성한 과거 추정치; 과거 세대 구성 미확인,False,555b475dcef496b2254b825ba10b0724d7994196dba4c4e18f34e7f5aa4db599,54cb25d3544257419c8c9faa1ee168a8848dbea69689888cc0985fdd2c7a4797,ed22070000c1f425633073aec41cd0475b986c3ad372d2a8aae8d6171a317f44,f2a5f0d6492eb8372b471470,2026-09-18T13:45:05.713829+09:00
2026-08,A61682607,만덕대성타워,북구,만덕동,816.0,816,816,1.0,1.0,0.23529411764705882,0.5171568627450981,0.24754901960784315,197388000000.0,197388000000.0,241897058.82352942,,True,C,,dfebd92e8c3a56ab300af365cc633d1c0c7c8f387b3625c99f4e695a4ec5d258,"[[""exclusive_84.78"", ""median_3m""], [""exclusive_84.92"", ""median_6m""], [""exclusive_132.18"", ""median_12m""], [""exclusive_134.14"", ""median_12m""]]",현재 확보 자료로 재구성한 과거 추정치; 과거 세대 구성 미확인,False,555b475dcef496b2254b825ba10b0724d7994196dba4c4e18f34e7f5aa4db599,54cb25d3544257419c8c9faa1ee168a8848dbea69689888cc0985fdd2c7a4797,ed22070000c1f425633073aec41cd0475b986c3ad372d2a8aae8d6171a317f44,f2a5f0d6492eb8372b471470,2026-09-18T13:45:05.713829+09:00
2026-08,A61682907,만덕동원,북구,만덕동,988.0,988,988,1.0,1.0,0.7874493927125507,0.0,0.2125506072874494,151800000000.0,151800000000.0,153643724.69635627,,True,C,,95cf144fad3250861ed22381331441ebc913ef20cb29adb0c2dc0ed4d96dd7b7,"[[""exclusive_59.84"", ""median_3m""], [""exclusive_77.82"", ""median_3m""], [""exclusive_84.96"", ""median_12m""]]",현재 확보 자료로 재구성한 과거 추정치; 과거 세대 구성 미확인,False,555b475dcef496b2254b825ba10b0724d7994196dba4c4e18f34e7f5aa4db599,54cb25d3544257419c8c9faa1ee168a8848dbea69689888cc0985fdd2c7a4797,ed22070000c1f425633073aec41cd0475b986c3ad372d2a8aae8d6171a317f44,f2a5f0d6492eb8372b471470,2026-09-18T13:45:05.713829+09:00
2026-08,A61682908,벽산라인타운 아파트,북구,만덕동,1166.0,1166,1166,1.0,1.0,0.0,0.2915951972555746,0.7084048027444254,217630000000.0,217630000000.0,186646655.2315609,,True,D,,661fb8de187740f5d98981c95456d1d89e18f7665d38198300992943c9c90acc,"[[""exclusive_59.67"", ""median_12m""], [""exclusive_59.85"", ""median_12m""], [""exclusive_74.6"", ""median_6m""], [""exclusive_84.99"", ""median_12m""], [""exclusive_113.82"", ""small_sample""]]",현재 확보 자료로 재구성한 과거 추정치; 과거 세대 구성 미확인,False,555b475dcef496b2254b825ba10b0724d7994196dba4c4e18f34e7f5aa4db599,54cb25d3544257419c8c9faa1ee168a8848dbea69689888cc0985fdd2c7a4797,ed22070000c1f425633073aec41cd0475b986c3ad372d2a8aae8d6171a317f44,f2a5f0d6492eb8372b471470,2026-09-18T13:45:05.713829+09:00
2026-08,A10022905,포레나부산덕천2차,북구,덕천동,795.0,795,0,1.0,0.0,0.0,0.0,0.0,,,,,True,산정 불완전,가격 부족 또는 면적 연결 미확인,8d335095b53bd9d9dad0c71cfc38ea47d3ba939eab3942211941446562d39d7f,"[[""exclusive_59.99"", ""unavailable""], [""exclusive_74.95"", ""unavailable""], [""exclusive_74.71"", ""unavailable""], [""exclusive_84.83"", ""unavailable""]]",현재 확보 자료로 재구성한 과거 추정치; 과거 세대 구성 미확인,False,555b475dcef496b2254b825ba10b0724d7994196dba4c4e18f34e7f5aa4db599,54cb25d3544257419c8c9faa1ee168a8848dbea69689888cc0985fdd2c7a4797,ed22070000c1f425633073aec41cd0475b986c3ad372d2a8aae8d6171a317f44,f2a5f0d6492eb8372b471470,2026-09-18T13:45:05.713829+09:00
2026-08,A10023684,포레나부산덕천아파트,북구,덕천동,636.0,636,0,1.0,0.0,0.0,0.0,0.0,,,,,True,산정 불완전,가격 부족 또는 면적 연결 미확인,facff67cedeb6570af0ae97b9473c16f0d43d0d30c3362923b4f4d4a367bd0ec,"[[""exclusive_59.99"", ""unavailable""], [""exclusive_74.55"", ""unavailable""], [""exclusive_74.71"", ""unavailable""], [""exclusive_84.97"", ""unavailable""]]",현재 확보 자료로 재구성한 과거 추정치; 과거 세대 구성 미확인,False,555b475dcef496b2254b825ba10b0724d7994196dba4c4e18f34e7f5aa4db599,54cb25d3544257419c8c9faa1ee168a8848dbea69689888cc0985fdd2c7a4797,ed22070000c1f425633073aec41cd0475b986c3ad372d2a8aae8d6171a317f44,f2a5f0d6492eb8372b471470,2026-09-18T13:45:05.713829+09:00
2026-08,A61610003,덕천동롯데아파트,북구,덕천동,705.0,705,0,1.0,0.0,0.0,0.0,0.0,,,,,True,산정 불완전,가격 부족 또는 면적 연결 미확인,b86d792979f01676c0126c62039e4d6ba6395b58d87d3128dde89c5f54989ff7,"[[""exclusive_59.96"", ""unavailable""], [""exclusive_84.75"", ""unavailable""], [""exclusive_122.06"", ""unavailable""]]",현재 확보 자료로 재구성한 과거 추정치; 과거 세대 구성 미확인,False,555b475dcef496b2254b825ba10b0724d7994196dba4c4e18f34e7f5aa4db599,54cb25d3544257419c8c9faa1ee168a8848dbea69689888cc0985fdd2c7a4797,ed22070000c1f425633073aec41cd0475b986c3ad372d2a8aae8d6171a317f44,f2a5f0d6492eb8372b471470,2026-09-18T13:45:05.713829+09:00
2026-08,A61670501,덕천삼정그린코아,북구,덕천동,560.0,560,0,1.0,0.0,0.0,0.0,0.0,,,,,True,산정 불완전,가격 부족 또는 면적 연결 미확인,300f305e13ad01491897dfcdf33a8fee69ffa16030eac6aa53ba304abb98fd31,"[[""exclusive_59.61"", ""unavailable""], [""exclusive_59.97"", ""unavailable""], [""exclusive_78.19"", ""unavailable""], [""exclusive_84.36"", ""unavailable""], [""exclusive_102.01"", ""unavailable""], [""exclusive_121.81"", ""unavailable""]]",현재 확보 자료로 재구성한 과거 추정치; 과거 세대 구성 미확인,False,555b475dcef496b2254b825ba10b0724d7994196dba4c4e18f34e7f5aa4db599,54cb25d3544257419c8c9faa1ee168a8848dbea69689888cc0985fdd2c7a4797,ed22070000c1f425633073aec41cd0475b986c3ad372d2a8aae8d6171a317f44,f2a5f0d6492eb8372b471470,2026-09-18T13:45:05.713829+09:00
2026-08,A61677404,덕천주공2단지,북구,덕천동,1507.0,0,0,0.0,0.0,0.0,0.0,0.0,,,,,True,산정 불완전,평형별 세대수 보완 필요; 임대·혼합 또는 분양 범위 미확인,c38eb7731a2edbf2c405dc922468ded84aa651100a03e86668e60fb8b6b0b8e7,[],현재 확보 자료로 재구성한 과거 추정치; 과거 세대 구성 미확인,False,555b475dcef496b2254b825ba10b0724d7994196dba4c4e18f34e7f5aa4db599,54cb25d3544257419c8c9faa1ee168a8848dbea69689888cc0985fdd2c7a4797,ed22070000c1f425633073aec41cd0475b986c3ad372d2a8aae8d6171a317f44,f2a5f0d6492eb8372b471470,2026-09-18T13:45:05.713829+09:00
2026-08,A61677608,기비골마을아파트,북구,덕천동,825.0,825,825,1.0,1.0,0.0,1.0,0.0,88890000000.0,88890000000.0,107745454.54545455,,True,B,,f1709018fe84a60e44a633fe8212c827a35b8527e9c28d42494a232d835b7e2f,"[[""exclusive_44.87"", ""median_6m""], [""exclusive_55.77"", ""median_6m""]]",현재 확보 자료로 재구성한 과거 추정치; 과거 세대 구성 미확인,False,555b475dcef496b2254b825ba10b0724d7994196dba4c4e18f34e7f5aa4db599,54cb25d3544257419c8c9faa1ee168a8848dbea69689888cc0985fdd2c7a4797,ed22070000c1f425633073aec41cd0475b986c3ad372d2a8aae8d6171a317f44,f2a5f0d6492eb8372b471470,2026-09-18T13:45:05.713829+09:00
2026-08,A61681409,부산도시공사 덕천2지구 아파트,북구,덕천동,990.0,0,0,0.0,0.0,0.0,0.0,0.0,,,,,True,산정 불완전,평형별 세대수 보완 필요; 임대·혼합 또는 분양 범위 미확인,c38eb7731a2edbf2c405dc922468ded84aa651100a03e86668e60fb8b6b0b8e7,[],현재 확보 자료로 재구성한 과거 추정치; 과거 세대 구성 미확인,False,555b475dcef496b2254b825ba10b0724d7994196dba4c4e18f34e7f5aa4db599,54cb25d3544257419c8c9faa1ee168a8848dbea69689888cc0985fdd2c7a4797,ed22070000c1f425633073aec41cd0475b986c3ad372d2a8aae8d6171a317f44,f2a5f0d6492eb8372b471470,2026-09-18T13:45:05.713829+09:00
2026-08,A61682303,덕천주공1단지아파트,북구,덕천동,1320.0,1320,1290,1.0,0.9772727272727273,0.0,0.45454545454545453,0.5227272727272727,,122820000000.0,,,True,산정 불완전,가격 부족 또는 면적 연결 미확인,4a4ee3db25dd71c3b1fc67e0b4183554a70ce6222fe7cac2657b4af56ec815a3,"[[""exclusive_38.64"", ""median_12m""], [""exclusive_36.16"", ""small_sample""], [""exclusive_36.34"", ""unavailable""], [""exclusive_41.3"", ""median_6m""], [""exclusive_44.94"", ""median_12m""], [""exclusive_49.94"", ""median_6m""]]",현재 확보 자료로 재구성한 과거 추정치; 과거 세대 구성 미확인,False,555b475dcef496b2254b825ba10b0724d7994196dba4c4e18f34e7f5aa4db599,54cb25d3544257419c8c9faa1ee168a8848dbea69689888cc0985fdd2c7a4797,ed22070000c1f425633073aec41cd0475b986c3ad372d2a8aae8d6171a317f44,f2a5f0d6492eb8372b471470,2026-09-18T13:45:05.713829+09:00
2026-08,A10024201,리버파크반도유보라,북구,구포동,790.0,790,0,1.0,0.0,0.0,0.0,0.0,,,,,True,산정 불완전,가격 부족 또는 면적 연결 미확인,79956ffe4a1d1ec122680f1ca91102f47066a1eecb827fa0a4580c90473080d8,"[[""exclusive_39.79"", ""unavailable""], [""exclusive_48.73"", ""unavailable""], [""exclusive_59.72"", ""unavailable""], [""exclusive_59.94"", ""unavailable""], [""exclusive_74.9"", ""unavailable""], [""exclusive_84.96"", ""unavailable""], [""exclusive_84.85"", ""unavailable""]]",현재 확보 자료로 재구성한 과거 추정치; 과거 세대 구성 미확인,False,555b475dcef496b2254b825ba10b0724d7994196dba4c4e18f34e7f5aa4db599,54cb25d3544257419c8c9faa1ee168a8848dbea69689888cc0985fdd2c7a4797,ed22070000c1f425633073aec41cd0475b986c3ad372d2a8aae8d6171a317f44,f2a5f0d6492eb8372b471470,2026-09-18T13:45:05.713829+09:00
2026-08,A61609002,동원로얄듀크비스타,북구,구포동,1079.0,1079,0,1.0,0.0,0.0,0.0,0.0,,,,,True,산정 불완전,가격 부족 또는 면적 연결 미확인,915ef0ae8b21e0393f092a48f2a97a4fa56db50b697de8a15774926b4fffbc00,"[[""exclusive_73.11"", ""unavailable""], [""exclusive_84.98"", ""unavailable""], [""exclusive_99.24"", ""unavailable""]]",현재 확보 자료로 재구성한 과거 추정치; 과거 세대 구성 미확인,False,555b475dcef496b2254b825ba10b0724d7994196dba4c4e18f34e7f5aa4db599,54cb25d3544257419c8c9faa1ee168a8848dbea69689888cc0985fdd2c7a4797,ed22070000c1f425633073aec41cd0475b986c3ad372d2a8aae8d6171a317f44,f2a5f0d6492eb8372b471470,2026-09-18T13:45:05.713829+09:00
2026-08,A61609206,구포유림노르웨이숲,북구,구포동,1176.0,1176,0,1.0,0.0,0.0,0.0,0.0,,,,,True,산정 불완전,가격 부족 또는 면적 연결 미확인,bdf65e52b681a752e6b72b1ba18518004e5dcf7d0122a228321465c63e6c5628,"[[""exclusive_59.88"", ""unavailable""], [""exclusive_84.91"", ""unavailable""], [""exclusive_118.45"", ""unavailable""]]",현재 확보 자료로 재구성한 과거 추정치; 과거 세대 구성 미확인,False,555b475dcef496b2254b825ba10b0724d7994196dba4c4e18f34e7f5aa4db599,54cb25d3544257419c8c9faa1ee168a8848dbea69689888cc0985fdd2c7a4797,ed22070000c1f425633073aec41cd0475b986c3ad372d2a8aae8d6171a317f44,f2a5f0d6492eb8372b471470,2026-09-18T13:45:05.713829+09:00
2026-08,A61680705,구포삼정그린코아아파트,북구,구포동,668.0,668,668,1.0,1.0,0.23353293413173654,0.47005988023952094,0.2964071856287425,187581000000.0,187581000000.0,280809880.23952097,,True,C,,d72bc1b96e29f31a2c5cf42e61994ee9c0084ddea94f7aebc56dd107822e1462,"[[""exclusive_59.73"", ""median_6m""], [""exclusive_59.76"", ""median_12m""], [""exclusive_75.29"", ""median_12m""], [""exclusive_84.76"", ""median_3m""], [""exclusive_116.96"", ""median_6m""]]",현재 확보 자료로 재구성한 과거 추정치; 과거 세대 구성 미확인,False,555b475dcef496b2254b825ba10b0724d7994196dba4c4e18f34e7f5aa4db599,54cb25d3544257419c8c9faa1ee168a8848dbea69689888cc0985fdd2c7a4797,ed22070000c1f425633073aec41cd0475b986c3ad372d2a8aae8d6171a317f44,f2a5f0d6492eb8372b471470,2026-09-18T13:45:05.713829+09:00
2026-08,A61680707,구포현대아파트,북구,구포동,1741.0,1741,1741,1.0,1.0,0.6898334290637564,0.2067777139574957,0.10338885697874785,362450000000.0,362450000000.0,208184951.1774842,,True,D,,aada52d47441a05495e00ab9b7e70d33324293800a55a3d26f46169ad158aa46,"[[""exclusive_59.26"", ""median_12m""], [""exclusive_61.2"", ""median_3m""], [""exclusive_72.87"", ""median_3m""], [""exclusive_78.18"", ""median_6m""], [""exclusive_84.73"", ""small_sample""], [""exclusive_84.91"", ""median_3m""]]",현재 확보 자료로 재구성한 과거 추정치; 과거 세대 구성 미확인,False,555b475dcef496b2254b825ba10b0724d7994196dba4c4e18f34e7f5aa4db599,54cb25d3544257419c8c9faa1ee168a8848dbea69689888cc0985fdd2c7a4797,ed22070000c1f425633073aec41cd0475b986c3ad372d2a8aae8d6171a317f44,f2a5f0d6492eb8372b471470,2026-09-18T13:45:05.713829+09:00
2026-08,A61273009,부산도시공사 반송영구임대아파트,해운대구,반송동,1050.0,0,0,0.0,0.0,0.0,0.0,0.0,,,,,True,산정 불완전,평형별 세대수 보완 필요; 임대·혼합 또는 분양 범위 미확인,c38eb7731a2edbf2c405dc922468ded84aa651100a03e86668e60fb8b6b0b8e7,[],현재 확보 자료로 재구성한 과거 추정치; 과거 세대 구성 미확인,False,555b475dcef496b2254b825ba10b0724d7994196dba4c4e18f34e7f5aa4db599,54cb25d3544257419c8c9faa1ee168a8848dbea69689888cc0985fdd2c7a4797,ed22070000c1f425633073aec41cd0475b986c3ad372d2a8aae8d6171a317f44,f2a5f0d6492eb8372b471470,2026-09-18T13:45:05.713829+09:00
2026-08,A61273306,벽산삼협한솔,해운대구,반송동,764.0,764,0,1.0,0.0,0.0,0.0,0.0,,,,,True,산정 불완전,가격 부족 또는 면적 연결 미확인,3dab5dd76cb9955a241656ad1cec0c0b75a19d9131f1b819666a2b672113f08e,"[[""exclusive_59.91"", ""unavailable""]]",현재 확보 자료로 재구성한 과거 추정치; 과거 세대 구성 미확인,False,555b475dcef496b2254b825ba10b0724d7994196dba4c4e18f34e7f5aa4db599,54cb25d3544257419c8c9faa1ee168a8848dbea69689888cc0985fdd2c7a4797,ed22070000c1f425633073aec41cd0475b986c3ad372d2a8aae8d6171a317f44,f2a5f0d6492eb8372b471470,2026-09-18T13:45:05.713829+09:00
2026-08,A61273507,반송삼한2차,해운대구,반송동,848.0,848,848,1.0,1.0,0.294811320754717,0.7051886792452831,0.0,118961000000.0,118961000000.0,140284198.11320755,,True,B,,2bbbd2054c348522088d4d36a2172bdf01bee6a69d16e41f1b147e1dc3700a5f,"[[""exclusive_59.92"", ""median_6m""], [""exclusive_59.98"", ""median_6m""], [""exclusive_84.9"", ""median_3m""]]",현재 확보 자료로 재구성한 과거 추정치; 과거 세대 구성 미확인,False,555b475dcef496b2254b825ba10b0724d7994196dba4c4e18f34e7f5aa4db599,54cb25d3544257419c8c9faa1ee168a8848dbea69689888cc0985fdd2c7a4797,ed22070000c1f425633073aec41cd0475b986c3ad372d2a8aae8d6171a317f44,f2a5f0d6492eb8372b471470,2026-09-18T13:45:05.713829+09:00
2026-08,A61273609,부산반송주공,해운대구,반송동,1710.0,0,0,0.0,0.0,0.0,0.0,0.0,,,,,True,산정 불완전,평형별 세대수 보완 필요; 임대·혼합 또는 분양 범위 미확인,c38eb7731a2edbf2c405dc922468ded84aa651100a03e86668e60fb8b6b0b8e7,[],현재 확보 자료로 재구성한 과거 추정치; 과거 세대 구성 미확인,False,555b475dcef496b2254b825ba10b0724d7994196dba4c4e18f34e7f5aa4db599,54cb25d3544257419c8c9faa1ee168a8848dbea69689888cc0985fdd2c7a4797,ed22070000c1f425633073aec41cd0475b986c3ad372d2a8aae8d6171a317f44,f2a5f0d6492eb8372b471470,2026-09-18T13:45:05.713829+09:00
2026-08,A61280805,삼한그린타운1차아파트,해운대구,반송동,560.0,560,560,1.0,1.0,0.0,1.0,0.0,98000000000.0,98000000000.0,175000000.0,,True,B,,5901e67ff78384a528dab3337edea4bf53287eff534229076f169e24e8d24cad,"[[""exclusive_84.87"", ""median_6m""]]",현재 확보 자료로 재구성한 과거 추정치; 과거 세대 구성 미확인,False,555b475dcef496b2254b825ba10b0724d7994196dba4c4e18f34e7f5aa4db599,54cb25d3544257419c8c9faa1ee168a8848dbea69689888cc0985fdd2c7a4797,ed22070000c1f425633073aec41cd0475b986c3ad372d2a8aae8d6171a317f44,f2a5f0d6492eb8372b471470,2026-09-18T13:45:05.713829+09:00
2026-08,A10022405,드파인센텀아파트,해운대구,반여동,750.0,750,0,1.0,0.0,0.0,0.0,0.0,,,,,True,산정 불완전,임대·혼합 또는 분양 범위 미확인; 가격 부족 또는 면적 연결 미확인,744b04fac6cbd9357765a7aa81b6676697ac3612e45f1ff5d44380a3f3ea9ad1,"[[""exclusive_39.66"", ""unavailable""], [""exclusive_39.71"", ""unavailable""], [""exclusive_59.99"", ""unavailable""], [""exclusive_59.97"", ""unavailable""], [""exclusive_74.71"", ""unavailable""], [""exclusive_74.74"", ""unavailable""], [""exclusive_84.98"", ""unavailable""]]",현재 확보 자료로 재구성한 과거 추정치; 과거 세대 구성 미확인,False,555b475dcef496b2254b825ba10b0724d7994196dba4c4e18f34e7f5aa4db599,54cb25d3544257419c8c9faa1ee168a8848dbea69689888cc0985fdd2c7a4797,ed22070000c1f425633073aec41cd0475b986c3ad372d2a8aae8d6171a317f44,f2a5f0d6492eb8372b471470,2026-09-18T13:45:05.713829+09:00
2026-08,A10023647,센텀KCC스위첸아파트,해운대구,반여동,638.0,638,603,1.0,0.945141065830721,0.731974921630094,0.0,0.21316614420062696,,387358000000.0,,,True,산정 불완전,가격 부족 또는 면적 연결 미확인,83f97c6ae3a545f937868f48abcd5e4d236bd32c630395147ed27304ec8e81c6,"[[""exclusive_39.94"", ""unavailable""], [""exclusive_59.87"", ""median_12m""], [""exclusive_64.98"", ""median_12m""], [""exclusive_84.61"", ""median_3m""], [""exclusive_84.91"", ""median_3m""], [""exclusive_102.92"", ""small_sample""]]",현재 확보 자료로 재구성한 과거 추정치; 과거 세대 구성 미확인,False,555b475dcef496b2254b825ba10b0724d7994196dba4c4e18f34e7f5aa4db599,54cb25d3544257419c8c9faa1ee168a8848dbea69689888cc0985fdd2c7a4797,ed22070000c1f425633073aec41cd0475b986c3ad372d2a8aae8d6171a317f44,f2a5f0d6492eb8372b471470,2026-09-18T13:45:05.713829+09:00
2026-08,A10024249,센텀트루엘 아파트,해운대구,반여동,531.0,531,0,1.0,0.0,0.0,0.0,0.0,,,,,True,산정 불완전,가격 부족 또는 면적 연결 미확인,03fbce583a3f12445190b572d8799d3f949a01d5ec4ae3293d6585a3e9a01537,"[[""exclusive_59.96"", ""unavailable""], [""exclusive_74.98"", ""unavailable""], [""exclusive_84.95"", ""unavailable""], [""exclusive_84.98"", ""unavailable""], [""exclusive_75.28"", ""unavailable""]]",현재 확보 자료로 재구성한 과거 추정치; 과거 세대 구성 미확인,False,555b475dcef496b2254b825ba10b0724d7994196dba4c4e18f34e7f5aa4db599,54cb25d3544257419c8c9faa1ee168a8848dbea69689888cc0985fdd2c7a4797,ed22070000c1f425633073aec41cd0475b986c3ad372d2a8aae8d6171a317f44,f2a5f0d6492eb8372b471470,2026-09-18T13:45:05.713829+09:00
2026-08,A61206110,센텀롯데캐슬3차,해운대구,반여동,517.0,517,0,1.0,0.0,0.0,0.0,0.0,,,,,True,산정 불완전,가격 부족 또는 면적 연결 미확인,bdd16c97479f8f02310ef76dae75639ca932e2f002426358c8198dbc8944269a,"[[""exclusive_59.93"", ""unavailable""], [""exclusive_59.62"", ""unavailable""], [""exclusive_84.97"", ""unavailable""]]",현재 확보 자료로 재구성한 과거 추정치; 과거 세대 구성 미확인,False,555b475dcef496b2254b825ba10b0724d7994196dba4c4e18f34e7f5aa4db599,54cb25d3544257419c8c9faa1ee168a8848dbea69689888cc0985fdd2c7a4797,ed22070000c1f425633073aec41cd0475b986c3ad372d2a8aae8d6171a317f44,f2a5f0d6492eb8372b471470,2026-09-18T13:45:05.713829+09:00
2026-08,A61206113,우방신세계타운아파트,해운대구,반여동,998.0,998,998,1.0,1.0,0.5130260521042084,0.2565130260521042,0.23046092184368738,284014000000.0,284014000000.0,284583166.3326653,,True,D,,9eb6898e6cc94bfe4958d62febb83c796c0d2c9c6cb65dc7e1cfadc45375dbc7,"[[""exclusive_59.97"", ""median_12m""], [""exclusive_59.96"", ""median_3m""], [""exclusive_77.67"", ""median_3m""], [""exclusive_84.92"", ""median_6m""], [""exclusive_126.84"", ""small_sample""], [""exclusive_154.91"", ""small_sample""]]",현재 확보 자료로 재구성한 과거 추정치; 과거 세대 구성 미확인,False,555b475dcef496b2254b825ba10b0724d7994196dba4c4e18f34e7f5aa4db599,54cb25d3544257419c8c9faa1ee168a8848dbea69689888cc0985fdd2c7a4797,ed22070000c1f425633073aec41cd0475b986c3ad372d2a8aae8d6171a317f44,f2a5f0d6492eb8372b471470,2026-09-18T13:45:05.713829+09:00
2026-08,A61206114,센텀롯데캐슬2차,해운대구,반여동,1165.0,1165,578,1.0,0.496137339055794,0.496137339055794,0.0,0.0,,195364000000.0,,,True,산정 불완전,가격 부족 또는 면적 연결 미확인,a720737fe525792396868147162bdc5033738c712b77699df5f2466002ae9a5e,"[[""exclusive_59.96"", ""unavailable""], [""exclusive_84.97"", ""median_3m""], [""exclusive_101.79"", ""unavailable""], [""exclusive_122.98"", ""unavailable""], [""exclusive_142.65"", ""unavailable""]]",현재 확보 자료로 재구성한 과거 추정치; 과거 세대 구성 미확인,False,555b475dcef496b2254b825ba10b0724d7994196dba4c4e18f34e7f5aa4db599,54cb25d3544257419c8c9faa1ee168a8848dbea69689888cc0985fdd2c7a4797,ed22070000c1f425633073aec41cd0475b986c3ad372d2a8aae8d6171a317f44,f2a5f0d6492eb8372b471470,2026-09-18T13:45:05.713829+09:00
2026-08,A61206118,메가센텀꿈에그린아파트,해운대구,반여동,1564.0,1564,0,1.0,0.0,0.0,0.0,0.0,,,,,True,산정 불완전,가격 부족 또는 면적 연결 미확인,8a2b7d5732697b76860ead7798a4fba9058609db486fb50bce0bb0c3155bdf21,"[[""exclusive_84.93"", ""unavailable""], [""exclusive_84.99"", ""unavailable""], [""exclusive_84.97"", ""unavailable""], [""exclusive_100.99"", ""unavailable""], [""exclusive_119.35"", ""unavailable""], [""exclusive_119.61"", ""unavailable""], [""exclusive_129.74"", ""unavailable""], [""exclusive_135.19"", ""unavailable""]]",현재 확보 자료로 재구성한 과거 추정치; 과거 세대 구성 미확인,False,555b475dcef496b2254b825ba10b0724d7994196dba4c4e18f34e7f5aa4db599,54cb25d3544257419c8c9faa1ee168a8848dbea69689888cc0985fdd2c7a4797,ed22070000c1f425633073aec41cd0475b986c3ad372d2a8aae8d6171a317f44,f2a5f0d6492eb8372b471470,2026-09-18T13:45:05.713829+09:00
2026-08,A61270515,센텀롯데캐슬,해운대구,반여동,1198.0,1198,480,1.0,0.4006677796327212,0.4006677796327212,0.0,0.0,,197280000000.0,,,True,산정 불완전,가격 부족 또는 면적 연결 미확인,fd629562397ebd81ad586e6156acf098a1d29bd8af07954c4aac7a4555b68141,"[[""exclusive_59.96"", ""unavailable""], [""exclusive_59.76"", ""unavailable""], [""exclusive_84.97"", ""median_3m""], [""exclusive_101.79"", ""unavailable""], [""exclusive_127.36"", ""unavailable""], [""exclusive_154.06"", ""unavailable""]]",현재 확보 자료로 재구성한 과거 추정치; 과거 세대 구성 미확인,False,555b475dcef496b2254b825ba10b0724d7994196dba4c4e18f34e7f5aa4db599,54cb25d3544257419c8c9faa1ee168a8848dbea69689888cc0985fdd2c7a4797,ed22070000c1f425633073aec41cd0475b986c3ad372d2a8aae8d6171a317f44,f2a5f0d6492eb8372b471470,2026-09-18T13:45:05.713829+09:00
2026-08,A61271919,아시아선수촌아파트,해운대구,반여동,2290.0,2290,2248,1.0,0.9816593886462882,0.29563318777292574,0.6410480349344978,0.044978165938864625,,1059073500000.0,,,True,산정 불완전,가격 부족 또는 면적 연결 미확인,1cda40054b9f3e88a5983602a88e0c9dfe84bf5c0327d93ec75aa2614b54179f,"[[""exclusive_59.92"", ""median_6m""], [""exclusive_75.57"", ""median_6m""], [""exclusive_84.8"", ""median_3m""], [""exclusive_101.55"", ""median_6m""], [""exclusive_101.67"", ""median_6m""], [""exclusive_118.72"", ""median_6m""], [""exclusive_118.73"", ""unavailable""], [""exclusive_134.58"", ""small_sample""], [""exclusive_134.7"", ""small_sample""]]",현재 확보 자료로 재구성한 과거 추정치; 과거 세대 구성 미확인,False,555b475dcef496b2254b825ba10b0724d7994196dba4c4e18f34e7f5aa4db599,54cb25d3544257419c8c9faa1ee168a8848dbea69689888cc0985fdd2c7a4797,ed22070000c1f425633073aec41cd0475b986c3ad372d2a8aae8d6171a317f44,f2a5f0d6492eb8372b471470,2026-09-18T13:45:05.713829+09:00
2026-08,A61272011,반여현대그린아파트,해운대구,반여동,600.0,600,390,1.0,0.65,0.0,0.0,0.65,,121665000000.0,,,True,산정 불완전,가격 부족 또는 면적 연결 미확인,615bc745d661e661ee350cbf172cac175854cdcbe69213ebbc39833cf9bfb5dd,"[[""exclusive_57.09"", ""small_sample""], [""exclusive_64.98"", ""unavailable""], [""exclusive_73.8"", ""unavailable""], [""exclusive_76.35"", ""small_sample""], [""exclusive_84.81"", ""small_sample""], [""exclusive_84.87"", ""unavailable""], [""exclusive_101.53"", ""small_sample""]]",현재 확보 자료로 재구성한 과거 추정치; 과거 세대 구성 미확인,False,555b475dcef496b2254b825ba10b0724d7994196dba4c4e18f34e7f5aa4db599,54cb25d3544257419c8c9faa1ee168a8848dbea69689888cc0985fdd2c7a4797,ed22070000c1f425633073aec41cd0475b986c3ad372d2a8aae8d6171a317f44,f2a5f0d6492eb8372b471470,2026-09-18T13:45:05.713829+09:00
2026-08,A61279802,일동미라주,해운대구,반여동,564.0,564,0,1.0,0.0,0.0,0.0,0.0,,,,,True,산정 불완전,가격 부족 또는 면적 연결 미확인,e806448e2ed1a98d1c1183e7384f180616260ca63bd8ff996b1ec8b28f4a693c,"[[""exclusive_56.97"", ""unavailable""]]",현재 확보 자료로 재구성한 과거 추정치; 과거 세대 구성 미확인,False,555b475dcef496b2254b825ba10b0724d7994196dba4c4e18f34e7f5aa4db599,54cb25d3544257419c8c9faa1ee168a8848dbea69689888cc0985fdd2c7a4797,ed22070000c1f425633073aec41cd0475b986c3ad372d2a8aae8d6171a317f44,f2a5f0d6492eb8372b471470,2026-09-18T13:45:05.713829+09:00
2026-08,A61279804,센텀SK뷰,해운대구,반여동,1374.0,1374,1374,1.0,1.0,0.09024745269286755,0.7641921397379913,0.14556040756914118,455597000000.0,455597000000.0,331584425.0363901,,True,D,,833a86a601b1cd991bb21c0c6ad3fa0d6f7c8945f5ee68bdddfd564405ca8746,"[[""exclusive_59.52"", ""median_3m""], [""exclusive_59.91"", ""median_6m""], [""exclusive_76.56"", ""median_6m""], [""exclusive_84.77"", ""median_6m""], [""exclusive_103.05"", ""median_12m""], [""exclusive_124.59"", ""median_6m""], [""exclusive_151.26"", ""small_sample""]]",현재 확보 자료로 재구성한 과거 추정치; 과거 세대 구성 미확인,False,555b475dcef496b2254b825ba10b0724d7994196dba4c4e18f34e7f5aa4db599,54cb25d3544257419c8c9faa1ee168a8848dbea69689888cc0985fdd2c7a4797,ed22070000c1f425633073aec41cd0475b986c3ad372d2a8aae8d6171a317f44,f2a5f0d6492eb8372b471470,2026-09-18T13:45:05.713829+09:00
2026-08,A61281117,센텀대림,해운대구,반여동,1500.0,1500,1500,1.0,1.0,0.8106666666666666,0.18933333333333333,0.0,483228000000.0,483228000000.0,322152000.0,,True,B,,0b14b0963e554fdb00859833ec8ae9e4456e67c6afed133d3a5ca8301fcc1cd7,"[[""exclusive_59.99"", ""median_3m""], [""exclusive_84.98"", ""median_3m""], [""exclusive_126.93"", ""median_6m""]]",현재 확보 자료로 재구성한 과거 추정치; 과거 세대 구성 미확인,False,555b475dcef496b2254b825ba10b0724d7994196dba4c4e18f34e7f5aa4db599,54cb25d3544257419c8c9faa1ee168a8848dbea69689888cc0985fdd2c7a4797,ed22070000c1f425633073aec41cd0475b986c3ad372d2a8aae8d6171a317f44,f2a5f0d6492eb8372b471470,2026-09-18T13:45:05.713829+09:00
2026-08,A10026557,센텀리슈빌 아파트,해운대구,재송동,753.0,0,0,0.0,0.0,0.0,0.0,0.0,,,,,True,산정 불완전,평형별 세대수 보완 필요,c38eb7731a2edbf2c405dc922468ded84aa651100a03e86668e60fb8b6b0b8e7,[],현재 확보 자료로 재구성한 과거 추정치; 과거 세대 구성 미확인,False,555b475dcef496b2254b825ba10b0724d7994196dba4c4e18f34e7f5aa4db599,54cb25d3544257419c8c9faa1ee168a8848dbea69689888cc0985fdd2c7a4797,ed22070000c1f425633073aec41cd0475b986c3ad372d2a8aae8d6171a317f44,f2a5f0d6492eb8372b471470,2026-09-18T13:45:05.713829+09:00
2026-08,A61205002,센텀동부센트레빌아파트,해운대구,재송동,703.0,703,0,1.0,0.0,0.0,0.0,0.0,,,,,True,산정 불완전,가격 부족 또는 면적 연결 미확인,04e6422d37a985420125e6d45265011c6b03f88379ca674cbc803d88130a4fd2,"[[""exclusive_84.99"", ""unavailable""], [""exclusive_84.97"", ""unavailable""], [""exclusive_84.98"", ""unavailable""], [""exclusive_117.41"", ""unavailable""]]",현재 확보 자료로 재구성한 과거 추정치; 과거 세대 구성 미확인,False,555b475dcef496b2254b825ba10b0724d7994196dba4c4e18f34e7f5aa4db599,54cb25d3544257419c8c9faa1ee168a8848dbea69689888cc0985fdd2c7a4797,ed22070000c1f425633073aec41cd0475b986c3ad372d2a8aae8d6171a317f44,f2a5f0d6492eb8372b471470,2026-09-18T13:45:05.713829+09:00
2026-08,A61205003,더샵센텀스타,해운대구,재송동,629.0,629,565,1.0,0.8982511923688394,0.0,0.3370429252782194,0.56120826709062,,938572000000.0,,,True,산정 불완전,가격 부족 또는 면적 연결 미확인,b028c2bf9d46e10421fc03b35ac6b597d69e92537d3bb9fc962f2ff7f40e9b4e,"[[""exclusive_98.51"", ""unavailable""], [""exclusive_109.14"", ""median_12m""], [""exclusive_115.93"", ""median_12m""], [""exclusive_135.65"", ""median_6m""], [""exclusive_164.32"", ""median_12m""], [""exclusive_209.89"", ""unavailable""], [""exclusive_215.64"", ""small_sample""], [""exclusive_244.67"", ""unavailable""], [""exclusive_244.98"", ""unavailable""]]",현재 확보 자료로 재구성한 과거 추정치; 과거 세대 구성 미확인,False,555b475dcef496b2254b825ba10b0724d7994196dba4c4e18f34e7f5aa4db599,54cb25d3544257419c8c9faa1ee168a8848dbea69689888cc0985fdd2c7a4797,ed22070000c1f425633073aec41cd0475b986c3ad372d2a8aae8d6171a317f44,f2a5f0d6492eb8372b471470,2026-09-18T13:45:05.713829+09:00
2026-08,A61271204,더샵센텀파크1차,해운대구,재송동,2752.0,2752,0,1.0,0.0,0.0,0.0,0.0,,,,,True,산정 불완전,가격 부족 또는 면적 연결 미확인,78520de92459481e5015322f9661c41d79d77880debd6acb7cc6fd960ac4204d,"[[""exclusive_84.63"", ""unavailable""], [""exclusive_84.65"", ""unavailable""], [""exclusive_100.94"", ""unavailable""], [""exclusive_125.41"", ""unavailable""], [""exclusive_126.9"", ""unavailable""], [""exclusive_151.91"", ""unavailable""], [""exclusive_175.12"", ""unavailable""]]",현재 확보 자료로 재구성한 과거 추정치; 과거 세대 구성 미확인,False,555b475dcef496b2254b825ba10b0724d7994196dba4c4e18f34e7f5aa4db599,54cb25d3544257419c8c9faa1ee168a8848dbea69689888cc0985fdd2c7a4797,ed22070000c1f425633073aec41cd0475b986c3ad372d2a8aae8d6171a317f44,f2a5f0d6492eb8372b471470,2026-09-18T13:45:05.713829+09:00
2026-08,A61271302,더샵센텀파크2차,해운대구,재송동,998.0,998,0,1.0,0.0,0.0,0.0,0.0,,,,,True,산정 불완전,가격 부족 또는 면적 연결 미확인,300eeb8cfd2672f195cf2458f6e484249f2f175c74f88c71ec5588a703ff45fb,"[[""exclusive_84.63"", ""unavailable""], [""exclusive_84.65"", ""unavailable""], [""exclusive_100.94"", ""unavailable""], [""exclusive_127.48"", ""unavailable""]]",현재 확보 자료로 재구성한 과거 추정치; 과거 세대 구성 미확인,False,555b475dcef496b2254b825ba10b0724d7994196dba4c4e18f34e7f5aa4db599,54cb25d3544257419c8c9faa1ee168a8848dbea69689888cc0985fdd2c7a4797,ed22070000c1f425633073aec41cd0475b986c3ad372d2a8aae8d6171a317f44,f2a5f0d6492eb8372b471470,2026-09-18T13:45:05.713829+09:00
2026-08,A61274815,센텀(재송)삼익,해운대구,재송동,936.0,936,588,1.0,0.6282051282051282,0.0,0.3087606837606838,0.3194444444444444,,111656000000.0,,,True,산정 불완전,가격 부족 또는 면적 연결 미확인,9e518654ea04db3d04ca8cb872089fcc52e06dec160e362674d9724908e701b9,"[[""exclusive_49.96"", ""median_6m""], [""exclusive_49.98"", ""unavailable""], [""exclusive_49.99"", ""unavailable""], [""exclusive_50.6"", ""unavailable""], [""exclusive_53.24"", ""unavailable""], [""exclusive_53.71"", ""unavailable""], [""exclusive_70.58"", ""median_12m""], [""exclusive_71.2"", ""small_sample""]]",현재 확보 자료로 재구성한 과거 추정치; 과거 세대 구성 미확인,False,555b475dcef496b2254b825ba10b0724d7994196dba4c4e18f34e7f5aa4db599,54cb25d3544257419c8c9faa1ee168a8848dbea69689888cc0985fdd2c7a4797,ed22070000c1f425633073aec41cd0475b986c3ad372d2a8aae8d6171a317f44,f2a5f0d6492eb8372b471470,2026-09-18T13:45:05.713829+09:00
2026-08,A61278214,센텀우신골든빌,해운대구,재송동,846.0,846,0,1.0,0.0,0.0,0.0,0.0,,,,,True,산정 불완전,가격 부족 또는 면적 연결 미확인,0133b7a3a46d559558ca71676d45de7e9717f8e4902a47814f8442b84bec99cc,"[[""exclusive_59.6"", ""unavailable""], [""exclusive_75.79"", ""unavailable""], [""exclusive_76.06"", ""unavailable""], [""exclusive_84.84"", ""unavailable""], [""exclusive_84.4"", ""unavailable""]]",현재 확보 자료로 재구성한 과거 추정치; 과거 세대 구성 미확인,False,555b475dcef496b2254b825ba10b0724d7994196dba4c4e18f34e7f5aa4db599,54cb25d3544257419c8c9faa1ee168a8848dbea69689888cc0985fdd2c7a4797,ed22070000c1f425633073aec41cd0475b986c3ad372d2a8aae8d6171a317f44,f2a5f0d6492eb8372b471470,2026-09-18T13:45:05.713829+09:00
2026-08,A61281512,센텀피오레1차,해운대구,재송동,774.0,774,0,1.0,0.0,0.0,0.0,0.0,,,,,True,산정 불완전,가격 부족 또는 면적 연결 미확인,2f9148421f7500934d6d28e0f1a1ae74f126c27f2bb23c4a61dd66a8da38686e,"[[""exclusive_74.22"", ""unavailable""], [""exclusive_84.94"", ""unavailable""]]",현재 확보 자료로 재구성한 과거 추정치; 과거 세대 구성 미확인,False,555b475dcef496b2254b825ba10b0724d7994196dba4c4e18f34e7f5aa4db599,54cb25d3544257419c8c9faa1ee168a8848dbea69689888cc0985fdd2c7a4797,ed22070000c1f425633073aec41cd0475b986c3ad372d2a8aae8d6171a317f44,f2a5f0d6492eb8372b471470,2026-09-18T13:45:05.713829+09:00
2026-08,A61283211,재송그린,해운대구,재송동,560.0,560,560,1.0,1.0,0.0,0.0,1.0,73440000000.0,73440000000.0,131142857.14285715,,True,D,,b819d870c7b243c4b9cf7d7d069c43f8243bcea2b058d4045abdcf083168cd1c,"[[""exclusive_36.33"", ""small_sample""], [""exclusive_47.79"", ""small_sample""], [""exclusive_50.31"", ""small_sample""], [""exclusive_58.59"", ""small_sample""]]",현재 확보 자료로 재구성한 과거 추정치; 과거 세대 구성 미확인,False,555b475dcef496b2254b825ba10b0724d7994196dba4c4e18f34e7f5aa4db599,54cb25d3544257419c8c9faa1ee168a8848dbea69689888cc0985fdd2c7a4797,ed22070000c1f425633073aec41cd0475b986c3ad372d2a8aae8d6171a317f44,f2a5f0d6492eb8372b471470,2026-09-18T13:45:05.713829+09:00
2026-08,A61283410,센텀동국아파트,해운대구,재송동,536.0,536,502,1.0,0.9365671641791045,0.6977611940298507,0.0,0.23880597014925373,,62322000000.0,,,True,산정 불완전,가격 부족 또는 면적 연결 미확인,73fbfc9022b9311727d3cc0c5d20da8e7e8d369ba7e084d438ac99ad6d8bd129,"[[""exclusive_59.64"", ""median_3m""], [""exclusive_84.78"", ""unavailable""], [""exclusive_84.93"", ""small_sample""], [""exclusive_84.95"", ""median_3m""]]",현재 확보 자료로 재구성한 과거 추정치; 과거 세대 구성 미확인,False,555b475dcef496b2254b825ba10b0724d7994196dba4c4e18f34e7f5aa4db599,54cb25d3544257419c8c9faa1ee168a8848dbea69689888cc0985fdd2c7a4797,ed22070000c1f425633073aec41cd0475b986c3ad372d2a8aae8d6171a317f44,f2a5f0d6492eb8372b471470,2026-09-18T13:45:05.713829+09:00
2026-08,A61286403,센텀이편한세상,해운대구,재송동,1190.0,1190,500,1.0,0.42016806722689076,0.34789915966386553,0.0,0.07226890756302522,,380711500000.0,,,True,산정 불완전,가격 부족 또는 면적 연결 미확인,5d06f48246d188f951dac61c6c55b3f85322264b79a14d4a30d294164a2dea02,"[[""exclusive_73.4"", ""unavailable""], [""exclusive_84.84"", ""unavailable""], [""exclusive_84.98"", ""median_3m""], [""exclusive_123.86"", ""small_sample""]]",현재 확보 자료로 재구성한 과거 추정치; 과거 세대 구성 미확인,False,555b475dcef496b2254b825ba10b0724d7994196dba4c4e18f34e7f5aa4db599,54cb25d3544257419c8c9faa1ee168a8848dbea69689888cc0985fdd2c7a4797,ed22070000c1f425633073aec41cd0475b986c3ad372d2a8aae8d6171a317f44,f2a5f0d6492eb8372b471470,2026-09-18T13:45:05.713829+09:00
2026-08,A10022568,해운대 경동리인뷰2차,해운대구,우동,632.0,632,0,1.0,0.0,0.0,0.0,0.0,,,,,True,산정 불완전,가격 부족 또는 면적 연결 미확인,565509561b49e2561d4d87d47861cad3c19ca746030b2abd1c4628b8e7d0e0d1,"[[""exclusive_69.91"", ""unavailable""], [""exclusive_84.62"", ""unavailable""], [""exclusive_84.96"", ""unavailable""], [""exclusive_84.51"", ""unavailable""], [""exclusive_84.94"", ""unavailable""], [""exclusive_84.97"", ""unavailable""], [""exclusive_84.8"", ""unavailable""], [""exclusive_84.43"", ""unavailable""]]",현재 확보 자료로 재구성한 과거 추정치; 과거 세대 구성 미확인,False,555b475dcef496b2254b825ba10b0724d7994196dba4c4e18f34e7f5aa4db599,54cb25d3544257419c8c9faa1ee168a8848dbea69689888cc0985fdd2c7a4797,ed22070000c1f425633073aec41cd0475b986c3ad372d2a8aae8d6171a317f44,f2a5f0d6492eb8372b471470,2026-09-18T13:45:05.713829+09:00
2026-08,A10023542,해운대센트럴푸르지오,해운대구,우동,548.0,548,0,1.0,0.0,0.0,0.0,0.0,,,,,True,산정 불완전,가격 부족 또는 면적 연결 미확인,d86bc56dbd0efd64ad836f282d0b33fe6705f721b1d5804e38497d75b07002c0,"[[""exclusive_84.54"", ""unavailable""], [""exclusive_84.43"", ""unavailable""], [""exclusive_84.99"", ""unavailable""]]",현재 확보 자료로 재구성한 과거 추정치; 과거 세대 구성 미확인,False,555b475dcef496b2254b825ba10b0724d7994196dba4c4e18f34e7f5aa4db599,54cb25d3544257419c8c9faa1ee168a8848dbea69689888cc0985fdd2c7a4797,ed22070000c1f425633073aec41cd0475b986c3ad372d2a8aae8d6171a317f44,f2a5f0d6492eb8372b471470,2026-09-18T13:45:05.713829+09:00
2026-08,A10025214,해운대비스타동원,해운대구,우동,504.0,504,0,1.0,0.0,0.0,0.0,0.0,,,,,True,산정 불완전,가격 부족 또는 면적 연결 미확인,66ffba536837d55fa6e5263989ff8bb9adb054364812f46c43f15ab0062f2947,"[[""exclusive_84.94"", ""unavailable""], [""exclusive_104.74"", ""unavailable""]]",현재 확보 자료로 재구성한 과거 추정치; 과거 세대 구성 미확인,False,555b475dcef496b2254b825ba10b0724d7994196dba4c4e18f34e7f5aa4db599,54cb25d3544257419c8c9faa1ee168a8848dbea69689888cc0985fdd2c7a4797,ed22070000c1f425633073aec41cd0475b986c3ad372d2a8aae8d6171a317f44,f2a5f0d6492eb8372b471470,2026-09-18T13:45:05.713829+09:00
2026-08,A10026484,해운대 자이2차,해운대구,우동,813.0,743,0,0.9138991389913899,0.0,0.0,0.0,0.0,,,,,True,산정 불완전,평형 세대수 합계 불일치; 임대·혼합 또는 분양 범위 미확인; 가격 부족 또는 면적 연결 미확인,cd925eaa7aa6ee20921b4299160d7b16abb81515db78e0bf1c2b653ad6645483,"[[""exclusive_59.81"", ""unavailable""], [""exclusive_74.99"", ""unavailable""], [""exclusive_84.96"", ""unavailable""], [""exclusive_84.76"", ""unavailable""], [""exclusive_84.91"", ""unavailable""], [""exclusive_84.98"", ""unavailable""]]",현재 확보 자료로 재구성한 과거 추정치; 과거 세대 구성 미확인,False,555b475dcef496b2254b825ba10b0724d7994196dba4c4e18f34e7f5aa4db599,54cb25d3544257419c8c9faa1ee168a8848dbea69689888cc0985fdd2c7a4797,ed22070000c1f425633073aec41cd0475b986c3ad372d2a8aae8d6171a317f44,f2a5f0d6492eb8372b471470,2026-09-18T13:45:05.713829+09:00
2026-08,A61202004,트럼프월드센텀,해운대구,우동,564.0,564,493,1.0,0.874113475177305,0.0,0.35106382978723405,0.5230496453900709,,834702500000.0,,,True,산정 불완전,가격 부족 또는 면적 연결 미확인,da26adbb39be0d467f8567b3bf9a69727851d89c5ed5b24f21770267992c8472,"[[""exclusive_84.98"", ""median_12m""], [""exclusive_84.97"", ""median_6m""], [""exclusive_97.58"", ""median_12m""], [""exclusive_108.51"", ""unavailable""], [""exclusive_109.57"", ""median_12m""], [""exclusive_125.09"", ""unavailable""], [""exclusive_131.48"", ""median_12m""], [""exclusive_132.11"", ""small_sample""], [""exclusive_168.55"", ""unavailable""], [""exclusive_203.16"", ""unavailable""], [""exclusive_205.78"", ""unavailable""]]",현재 확보 자료로 재구성한 과거 추정치; 과거 세대 구성 미확인,False,555b475dcef496b2254b825ba10b0724d7994196dba4c4e18f34e7f5aa4db599,54cb25d3544257419c8c9faa1ee168a8848dbea69689888cc0985fdd2c7a4797,ed22070000c1f425633073aec41cd0475b986c3ad372d2a8aae8d6171a317f44,f2a5f0d6492eb8372b471470,2026-09-18T13:45:05.713829+09:00
2026-08,A61202007,해운대두산위브더제니스,해운대구,우동,1788.0,1788,336,1.0,0.18791946308724833,0.18791946308724833,0.0,0.0,,489384000000.0,,,True,산정 불완전,가격 부족 또는 면적 연결 미확인,bae1beb45564cf9b37be826b75d6308b041101b4253f6fae13d9232fb4c94595,"[[""exclusive_99.4"", ""unavailable""], [""exclusive_100.96"", ""unavailable""], [""exclusive_104.49"", ""unavailable""], [""exclusive_111.07"", ""median_3m""], [""exclusive_118.37"", ""unavailable""], [""exclusive_127.65"", ""unavailable""], [""exclusive_145.8"", ""unavailable""], [""exclusive_157.01"", ""unavailable""], [""exclusive_156.57"", ""unavailable""], [""exclusive_159.54"", ""unavailable""], [""exclusive_168.89"", ""unavailable""], [""exclusive_204.9"", ""unavailable""], [""exclusive_209.83"", ""unavailable""], [""exclusive_222.59"", ""unavailable""]]",현재 확보 자료로 재구성한 과거 추정치; 과거 세대 구성 미확인,False,555b475dcef496b2254b825ba10b0724d7994196dba4c4e18f34e7f5aa4db599,54cb25d3544257419c8c9faa1ee168a8848dbea69689888cc0985fdd2c7a4797,ed22070000c1f425633073aec41cd0475b986c3ad372d2a8aae8d6171a317f44,f2a5f0d6492eb8372b471470,2026-09-18T13:45:05.713829+09:00
2026-08,A61202009,해운대자이,해운대구,우동,1059.0,0,0,0.0,0.0,0.0,0.0,0.0,,,,,True,산정 불완전,평형별 세대수 보완 필요,c38eb7731a2edbf2c405dc922468ded84aa651100a03e86668e60fb8b6b0b8e7,[],현재 확보 자료로 재구성한 과거 추정치; 과거 세대 구성 미확인,False,555b475dcef496b2254b825ba10b0724d7994196dba4c4e18f34e7f5aa4db599,54cb25d3544257419c8c9faa1ee168a8848dbea69689888cc0985fdd2c7a4797,ed22070000c1f425633073aec41cd0475b986c3ad372d2a8aae8d6171a317f44,f2a5f0d6492eb8372b471470,2026-09-18T13:45:05.713829+09:00
2026-08,A61202011,해운대센텀두산위브,해운대구,우동,581.0,531,0,0.9139414802065404,0.0,0.0,0.0,0.0,,,,,True,산정 불완전,평형 세대수 합계 불일치; 임대·혼합 또는 분양 범위 미확인; 가격 부족 또는 면적 연결 미확인,64d7a17ecf7ac07f09f869fbdda0f69a7942eafcb6300cafcaa84fb66a33b144,"[[""exclusive_53.1"", ""unavailable""], [""exclusive_84.99"", ""unavailable""], [""exclusive_84.97"", ""unavailable""], [""exclusive_105.99"", ""unavailable""], [""exclusive_124.67"", ""unavailable""], [""exclusive_126.71"", ""unavailable""]]",현재 확보 자료로 재구성한 과거 추정치; 과거 세대 구성 미확인,False,555b475dcef496b2254b825ba10b0724d7994196dba4c4e18f34e7f5aa4db599,54cb25d3544257419c8c9faa1ee168a8848dbea69689888cc0985fdd2c7a4797,ed22070000c1f425633073aec41cd0475b986c3ad372d2a8aae8d6171a317f44,f2a5f0d6492eb8372b471470,2026-09-18T13:45:05.713829+09:00
2026-08,A61271101,센텀삼환아파트,해운대구,우동,926.0,926,926,1.0,1.0,0.0,0.8639308855291576,0.13606911447084233,580735000000.0,580735000000.0,627143628.5097193,,True,D,,e92a68d3948be30feee5fd3f3de0ff95f29f7d6efbc44cb69ce61282c8d0ef7d,"[[""exclusive_59.86"", ""median_6m""], [""exclusive_84.84"", ""median_6m""], [""exclusive_123.78"", ""small_sample""]]",현재 확보 자료로 재구성한 과거 추정치; 과거 세대 구성 미확인,False,555b475dcef496b2254b825ba10b0724d7994196dba4c4e18f34e7f5aa4db599,54cb25d3544257419c8c9faa1ee168a8848dbea69689888cc0985fdd2c7a4797,ed22070000c1f425633073aec41cd0475b986c3ad372d2a8aae8d6171a317f44,f2a5f0d6492eb8372b471470,2026-09-18T13:45:05.713829+09:00
2026-08,A61274011,경남마리나아파트,해운대구,우동,624.0,624,564,1.0,0.9038461538461539,0.4551282051282051,0.0,0.44871794871794873,,523320000000.0,,,True,산정 불완전,가격 부족 또는 면적 연결 미확인,942c92177047ba23505fe009e34645d349fcce7c93041492945b50b6c6fdd72e,"[[""exclusive_59.83"", ""median_3m""], [""exclusive_84.93"", ""median_12m""], [""exclusive_134.82"", ""unavailable""], [""exclusive_164.63"", ""small_sample""]]",현재 확보 자료로 재구성한 과거 추정치; 과거 세대 구성 미확인,False,555b475dcef496b2254b825ba10b0724d7994196dba4c4e18f34e7f5aa4db599,54cb25d3544257419c8c9faa1ee168a8848dbea69689888cc0985fdd2c7a4797,ed22070000c1f425633073aec41cd0475b986c3ad372d2a8aae8d6171a317f44,f2a5f0d6492eb8372b471470,2026-09-18T13:45:05.713829+09:00
2026-08,A61274013,해운대아이파크,해운대구,우동,1631.0,1631,53,1.0,0.03249540159411404,0.0,0.0,0.03249540159411404,,126440000000.0,,,True,산정 불완전,가격 부족 또는 면적 연결 미확인,6647f2ff1025cf684938bd1681fbec433fa3af21e56b0e0c1dd6dd9e91fd9f05,"[[""exclusive_80.79"", ""unavailable""], [""exclusive_83.01"", ""unavailable""], [""exclusive_80.57"", ""unavailable""], [""exclusive_85.94"", ""unavailable""], [""exclusive_89.34"", ""unavailable""], [""exclusive_89.49"", ""unavailable""], [""exclusive_87.3"", ""unavailable""], [""exclusive_88.78"", ""unavailable""], [""exclusive_90.99"", ""unavailable""], [""exclusive_92.74"", ""unavailable""], [""exclusive_92.15"", ""unavailable""], [""exclusive_94.17"", ""unavailable""], [""exclusive_93.04"", ""unavailable""], [""exclusive_94.45"", ""unavailable""], [""exclusive_90.84"", ""unavailable""], [""exclusive_92.89"", ""unavailable""], [""exclusive_93.99"", ""unavailable""], [""exclusive_98.55"", ""unavailable""], [""exclusive_94.11"", ""unavailable""], [""exclusive_98.47"", ""unavailable""], [""exclusive_99.79"", ""unavailable""], [""exclusive_97.29"", ""unavailable""], [""exclusive_96.81"", ""unavailable""], [""exclusive_103.03"", ""unavailable""], [""exclusive_98.18"", ""unavailable""], [""exclusive_100.46"", ""unavailable""], [""exclusive_98.92"", ""unavailable""], [""exclusive_100.43"", ""unavailable""], [""exclusive_102.42"", ""unavailable""], [""exclusive_107.97"", ""unavailable""], [""exclusive_108.1"", ""unavailable""], [""exclusive_110.15"", ""unavailable""], [""exclusive_110.44"", ""unavailable""], [""exclusive_106.87"", ""unavailable""], [""exclusive_107.61"", ""unavailable""], [""exclusive_110.12"", ""unavailable""], [""exclusive_110.47"", ""unavailable""], [""exclusive_111.9"", ""unavailable""], [""exclusive_112.13"", ""unavailable""], [""exclusive_112.6"", ""unavailable""], [""exclusive_111.02"", ""unavailable""], [""exclusive_108.76"", ""unavailable""], [""exclusive_112.99"", ""unavailable""], [""exclusive_114.38"", ""unavailable""], [""exclusive_111.61"", ""unavailable""], [""exclusive_115.68"", ""unavailable""], [""exclusive_117.74"", ""unavailable""], [""exclusive_119.85"", ""unavailable""], [""exclusive_117.4"", ""unavailable""], [""exclusive_119.44"", ""unavailable""], [""exclusive_117.63"", ""unavailable""], [""exclusive_126.13"", ""unavailable""], [""exclusive_126.36"", ""unavailable""], [""exclusive_127.66"", ""unavailable""], [""exclusive_120.99"", ""unavailable""], [""exclusive_125.73"", ""unavailable""], [""exclusive_126.6"", ""unavailable""], [""exclusive_126.79"", ""unavailable""], [""exclusive_124.01"", ""unavailable""], [""exclusive_124.72"", ""unavailable""], [""exclusive_126.65"", ""unavailable""], [""exclusive_125.65"", ""unavailable""], [""exclusive_127.26"", ""unavailable""], [""exclusive_127.63"", ""unavailable""], [""exclusive_135.23"", ""unavailable""], [""exclusive_135.94"", ""unavailable""], [""exclusive_138.72"", ""unavailable""], [""exclusive_139.31"", ""unavailable""], [""exclusive_132.21"", ""unavailable""], [""exclusive_136.15"", ""unavailable""], [""exclusive_136.55"", ""unavailable""], [""exclusive_139.44"", ""unavailable""], [""exclusive_137.97"", ""unavailable""], [""exclusive_142.61"", ""unavailable""], [""exclusive_146.03"", ""unavailable""], [""exclusive_146.2"", ""unavailable""], [""exclusive_154.62"", ""unavailable""], [""exclusive_146.27"", ""unavailable""], [""exclusive_150.53"", ""unavailable""], [""exclusive_156.5"", ""unavailable""], [""exclusive_157.51"", ""unavailable""], [""exclusive_150.11"", ""unavailable""], [""exclusive_154.77"", ""unavailable""], [""exclusive_154.65"", ""unavailable""], [""exclusive_161.66"", ""unavailable""], [""exclusive_158.98"", ""small_sample""], [""exclusive_162.82"", ""unavailable""], [""exclusive_155.24"", ""unavailable""], [""exclusive_158.47"", ""unavailable""], [""exclusive_161.49"", ""unavailable""], [""exclusive_160.65"", ""unavailable""], [""exclusive_160.57"", ""unavailable""], [""exclusive_166.38"", ""unavailable""], [""exclusive_164.47"", ""unavailable""], [""exclusive_161.6"", ""unavailable""], [""exclusive_163.14"", ""unavailable""], [""exclusive_168.5"", ""small_sample""], [""exclusive_165.03"", ""unavailable""], [""exclusive_165.66"", ""unavailable""], [""exclusive_165.76"", ""unavailable""], [""exclusive_169.34"", ""unavailable""], [""exclusive_170.05"", ""unavailable""], [""exclusive_168.01"", ""unavailable""], [""exclusive_167.93"", ""unavailable""], [""exclusive_179.7"", ""unavailable""], [""exclusive_180.19"", ""unavailable""], [""exclusive_173.62"", ""unavailable""], [""exclusive_174.36"", ""unavailable""], [""exclusive_177.75"", ""unavailable""], [""exclusive_184.36"", ""unavailable""], [""exclusive_184.62"", ""unavailable""], [""exclusive_172.42"", ""unavailable""], [""exclusive_179.47"", ""unavailable""], [""exclusive_181.64"", ""unavailable""], [""exclusive_182.03"", ""unavailable""], [""exclusive_185.08"", ""unavailable""], [""exclusive_183.17"", ""unavailable""], [""exclusive_185.54"", ""unavailable""], [""exclusive_190.24"", ""unavailable""], [""exclusive_191.18"", ""unavailable""], [""exclusive_191.6"", ""unavailable""], [""exclusive_193.03"", ""unavailable""], [""exclusive_197.54"", ""unavailable""], [""exclusive_194.79"", ""unavailable""], [""exclusive_196.83"", ""unavailable""], [""exclusive_199.86"", ""unavailable""], [""exclusive_200.62"", ""small_sample""], [""exclusive_199.04"", ""unavailable""], [""exclusive_202.64"", ""unavailable""], [""exclusive_200.3"", ""unavailable""], [""exclusive_203.81"", ""unavailable""], [""exclusive_206.35"", ""unavailable""], [""exclusive_205.21"", ""unavailable""], [""exclusive_202.03"", ""unavailable""], [""exclusive_207.4"", ""unavailable""], [""exclusive_205.34"", ""small_sample""], [""exclusive_201.04"", ""unavailable""], [""exclusive_208.3"", ""unavailable""], [""exclusive_205.53"", ""unavailable""], [""exclusive_212.86"", ""unavailable""], [""exclusive_214.96"", ""unavailable""], [""exclusive_212.32"", ""unavailable""], [""exclusive_213.92"", ""unavailable""], [""exclusive_221.14"", ""unavailable""], [""exclusive_221.49"", ""unavailable""], [""exclusive_223.77"", ""unavailable""], [""exclusive_219.01"", ""unavailable""], [""exclusive_221.44"", ""unavailable""], [""exclusive_219.94"", ""unavailable""], [""exclusive_223.46"", ""unavailable""], [""exclusive_232.91"", ""unavailable""], [""exclusive_229.85"", ""unavailable""], [""exclusive_229.37"", ""unavailable""], [""exclusive_224.26"", ""unavailable""], [""exclusive_237.33"", ""unavailable""], [""exclusive_230.37"", ""unavailable""], [""exclusive_238.55"", ""unavailable""], [""exclusive_233.15"", ""unavailable""], [""exclusive_231.36"", ""unavailable""], [""exclusive_234.57"", ""unavailable""], [""exclusive_235.25"", ""unavailable""], [""exclusive_240.22"", ""unavailable""], [""exclusive_244.99"", ""unavailable""], [""exclusive_243.54"", ""unavailable""], [""exclusive_241.9"", ""unavailable""], [""exclusive_244.79"", ""unavailable""], [""exclusive_250.75"", ""unavailable""], [""exclusive_285.86"", ""unavailable""]]",현재 확보 자료로 재구성한 과거 추정치; 과거 세대 구성 미확인,False,555b475dcef496b2254b825ba10b0724d7994196dba4c4e18f34e7f5aa4db599,54cb25d3544257419c8c9faa1ee168a8848dbea69689888cc0985fdd2c7a4797,ed22070000c1f425633073aec41cd0475b986c3ad372d2a8aae8d6171a317f44,f2a5f0d6492eb8372b471470,2026-09-18T13:45:05.713829+09:00
2026-08,A61274114,경동마리나아파트,해운대구,우동,892.0,892,538,1.0,0.6031390134529148,0.2556053811659193,0.0,0.3475336322869955,,430004000000.0,,,True,산정 불완전,가격 부족 또는 면적 연결 미확인,4eb99ec20f042fcafe6f78ef909dbc74df88be5cffea8bf0794c237231be3fdf,"[[""exclusive_58.69"", ""unavailable""], [""exclusive_59.55"", ""small_sample""], [""exclusive_59.53"", ""unavailable""], [""exclusive_84.95"", ""median_3m""], [""exclusive_84.77"", ""median_12m""], [""exclusive_84.25"", ""unavailable""], [""exclusive_84.88"", ""unavailable""], [""exclusive_123.98"", ""median_12m""], [""exclusive_175.41"", ""median_12m""], [""exclusive_187.38"", ""unavailable""], [""exclusive_191.43"", ""small_sample""]]",현재 확보 자료로 재구성한 과거 추정치; 과거 세대 구성 미확인,False,555b475dcef496b2254b825ba10b0724d7994196dba4c4e18f34e7f5aa4db599,54cb25d3544257419c8c9faa1ee168a8848dbea69689888cc0985fdd2c7a4797,ed22070000c1f425633073aec41cd0475b986c3ad372d2a8aae8d6171a317f44,f2a5f0d6492eb8372b471470,2026-09-18T13:45:05.713829+09:00
2026-08,A61274213,해운대롯데아파트,해운대구,우동,852.0,852,852,1.0,1.0,0.6126760563380281,0.0,0.3873239436619718,647028000000.0,647028000000.0,759422535.2112676,,True,D,,2f3b366c0a09f69719dc3b8ffd1579e806703a6a1b0352fc2f15a7c7d1e70fa7,"[[""exclusive_84.84"", ""median_3m""], [""exclusive_134.63"", ""small_sample""], [""exclusive_145.12"", ""median_12m""], [""exclusive_159.15"", ""median_12m""], [""exclusive_202.68"", ""small_sample""]]",현재 확보 자료로 재구성한 과거 추정치; 과거 세대 구성 미확인,False,555b475dcef496b2254b825ba10b0724d7994196dba4c4e18f34e7f5aa4db599,54cb25d3544257419c8c9faa1ee168a8848dbea69689888cc0985fdd2c7a4797,ed22070000c1f425633073aec41cd0475b986c3ad372d2a8aae8d6171a317f44,f2a5f0d6492eb8372b471470,2026-09-18T13:45:05.713829+09:00
2026-08,A61274508,동부올림픽아파트,해운대구,우동,1680.0,1680,1680,1.0,1.0,0.7619047619047619,0.23809523809523808,0.0,1519200000000.0,1519200000000.0,904285714.2857143,,True,B,,087f378eb6bf36aa55f4811d5f0753b1ebadabd6e3f13875680af256e006e0c9,"[[""exclusive_59.8"", ""median_3m""], [""exclusive_84.96"", ""median_3m""], [""exclusive_114.92"", ""median_6m""]]",현재 확보 자료로 재구성한 과거 추정치; 과거 세대 구성 미확인,False,555b475dcef496b2254b825ba10b0724d7994196dba4c4e18f34e7f5aa4db599,54cb25d3544257419c8c9faa1ee168a8848dbea69689888cc0985fdd2c7a4797,ed22070000c1f425633073aec41cd0475b986c3ad372d2a8aae8d6171a317f44,f2a5f0d6492eb8372b471470,2026-09-18T13:45:05.713829+09:00
2026-08,A61274707,삼호가든아파트,해운대구,우동,1076.0,1076,620,1.0,0.5762081784386617,0.0,0.5762081784386617,0.0,,553472000000.0,,,True,산정 불완전,가격 부족 또는 면적 연결 미확인,c753e07ee77e7f1c119d9603cf9fbabd9d77bdf4db1579cf6c9527d5ebfbb80a,"[[""exclusive_63"", ""median_6m""], [""exclusive_84.69"", ""unavailable""], [""exclusive_84.99"", ""median_6m""], [""exclusive_75.15"", ""unavailable""], [""exclusive_114.39"", ""unavailable""], [""exclusive_128.6"", ""unavailable""], [""exclusive_128.27"", ""unavailable""], [""exclusive_163.94"", ""unavailable""]]",현재 확보 자료로 재구성한 과거 추정치; 과거 세대 구성 미확인,False,555b475dcef496b2254b825ba10b0724d7994196dba4c4e18f34e7f5aa4db599,54cb25d3544257419c8c9faa1ee168a8848dbea69689888cc0985fdd2c7a4797,ed22070000c1f425633073aec41cd0475b986c3ad372d2a8aae8d6171a317f44,f2a5f0d6492eb8372b471470,2026-09-18T13:45:05.713829+09:00
2026-08,A61278912,대우마리나3차아파트,해운대구,우동,750.0,750,540,1.0,0.72,0.0,0.64,0.08,,507600000000.0,,,True,산정 불완전,가격 부족 또는 면적 연결 미확인,896b88986770f198abed9a1eb9bc30d4681f807ac30242f030ab1be6830adef7,"[[""exclusive_59.81"", ""median_6m""], [""exclusive_84.51"", ""median_6m""], [""exclusive_84.93"", ""unavailable""], [""exclusive_101.72"", ""median_6m""], [""exclusive_131.27"", ""small_sample""], [""exclusive_164.41"", ""unavailable""]]",현재 확보 자료로 재구성한 과거 추정치; 과거 세대 구성 미확인,False,555b475dcef496b2254b825ba10b0724d7994196dba4c4e18f34e7f5aa4db599,54cb25d3544257419c8c9faa1ee168a8848dbea69689888cc0985fdd2c7a4797,ed22070000c1f425633073aec41cd0475b986c3ad372d2a8aae8d6171a317f44,f2a5f0d6492eb8372b471470,2026-09-18T13:45:05.713829+09:00
2026-08,A61282215,"대우마리나1,2차아파트",해운대구,우동,1164.0,1164,0,1.0,0.0,0.0,0.0,0.0,,,,,True,산정 불완전,가격 부족 또는 면적 연결 미확인,846bd94d392f42d547f324742fb2e6add94c466533e469b347e469eadeaa324f,"[[""exclusive_70.45"", ""unavailable""], [""exclusive_84.22"", ""unavailable""], [""exclusive_115.45"", ""unavailable""], [""exclusive_134.65"", ""unavailable""], [""exclusive_142.86"", ""unavailable""], [""exclusive_163.34"", ""unavailable""], [""exclusive_173.08"", ""unavailable""], [""exclusive_191.8"", ""unavailable""]]",현재 확보 자료로 재구성한 과거 추정치; 과거 세대 구성 미확인,False,555b475dcef496b2254b825ba10b0724d7994196dba4c4e18f34e7f5aa4db599,54cb25d3544257419c8c9faa1ee168a8848dbea69689888cc0985fdd2c7a4797,ed22070000c1f425633073aec41cd0475b986c3ad372d2a8aae8d6171a317f44,f2a5f0d6492eb8372b471470,2026-09-18T13:45:05.713829+09:00
2026-08,A61282705,센텀센시빌구새한센시빌,해운대구,우동,800.0,800,0,1.0,0.0,0.0,0.0,0.0,,,,,True,산정 불완전,가격 부족 또는 면적 연결 미확인,526805542f8c171ba05c1ba8b925c8848bafbbd5f2095954ab1bc87f3671b4d7,"[[""exclusive_84.97"", ""unavailable""], [""exclusive_84.94"", ""unavailable""]]",현재 확보 자료로 재구성한 과거 추정치; 과거 세대 구성 미확인,False,555b475dcef496b2254b825ba10b0724d7994196dba4c4e18f34e7f5aa4db599,54cb25d3544257419c8c9faa1ee168a8848dbea69689888cc0985fdd2c7a4797,ed22070000c1f425633073aec41cd0475b986c3ad372d2a8aae8d6171a317f44,f2a5f0d6492eb8372b471470,2026-09-18T13:45:05.713829+09:00
2026-08,A61286810,해운대반도보라빌,해운대구,우동,548.0,548,0,1.0,0.0,0.0,0.0,0.0,,,,,True,산정 불완전,가격 부족 또는 면적 연결 미확인,1fac96ce0fbaa4dfdb84b71da4c5aae2d31df13542a18a154e43673f0c4f1fbe,"[[""exclusive_71.69"", ""unavailable""], [""exclusive_84.9"", ""unavailable""], [""exclusive_118.98"", ""unavailable""]]",현재 확보 자료로 재구성한 과거 추정치; 과거 세대 구성 미확인,False,555b475dcef496b2254b825ba10b0724d7994196dba4c4e18f34e7f5aa4db599,54cb25d3544257419c8c9faa1ee168a8848dbea69689888cc0985fdd2c7a4797,ed22070000c1f425633073aec41cd0475b986c3ad372d2a8aae8d6171a317f44,f2a5f0d6492eb8372b471470,2026-09-18T13:45:05.713829+09:00
2026-08,A10024591,해운대 롯데캐슬 스타 아파트,해운대구,중동,828.0,828,0,1.0,0.0,0.0,0.0,0.0,,,,,True,산정 불완전,가격 부족 또는 면적 연결 미확인,1cca95323bc0feb2b10f64d338390d588971d1e089626fadc8dcbe97fcc2f91d,"[[""exclusive_84.91"", ""unavailable""], [""exclusive_84.99"", ""unavailable""], [""exclusive_95.91"", ""unavailable""]]",현재 확보 자료로 재구성한 과거 추정치; 과거 세대 구성 미확인,False,555b475dcef496b2254b825ba10b0724d7994196dba4c4e18f34e7f5aa4db599,54cb25d3544257419c8c9faa1ee168a8848dbea69689888cc0985fdd2c7a4797,ed22070000c1f425633073aec41cd0475b986c3ad372d2a8aae8d6171a317f44,f2a5f0d6492eb8372b471470,2026-09-18T13:45:05.713829+09:00
2026-08,A10025181,해운대 LCT 더샵아파트,해운대구,중동,882.0,882,0,1.0,0.0,0.0,0.0,0.0,,,,,True,산정 불완전,가격 부족 또는 면적 연결 미확인,c3a41b39f1f41fa1a35d41947d1644521eeaa8b62afb35b3359ec23e0174ab84,"[[""exclusive_144.25"", ""unavailable""], [""exclusive_161.98"", ""unavailable""], [""exclusive_186"", ""unavailable""], [""exclusive_244.29"", ""unavailable""], [""exclusive_244.61"", ""unavailable""]]",현재 확보 자료로 재구성한 과거 추정치; 과거 세대 구성 미확인,False,555b475dcef496b2254b825ba10b0724d7994196dba4c4e18f34e7f5aa4db599,54cb25d3544257419c8c9faa1ee168a8848dbea69689888cc0985fdd2c7a4797,ed22070000c1f425633073aec41cd0475b986c3ad372d2a8aae8d6171a317f44,f2a5f0d6492eb8372b471470,2026-09-18T13:45:05.713829+09:00
2026-08,A10028037,해운대힐스테이트위브,해운대구,중동,2369.0,2369,0,1.0,0.0,0.0,0.0,0.0,,,,,True,산정 불완전,가격 부족 또는 면적 연결 미확인,23fe263d5f5ad580fa5263d0ae42c1bed6f8457d63127b605dac86e04bb9ee5d,"[[""exclusive_44.63"", ""unavailable""], [""exclusive_52.73"", ""unavailable""], [""exclusive_59.95"", ""unavailable""], [""exclusive_59.96"", ""unavailable""], [""exclusive_81.37"", ""unavailable""], [""exclusive_80.94"", ""unavailable""], [""exclusive_84.96"", ""unavailable""], [""exclusive_98.19"", ""unavailable""], [""exclusive_101.13"", ""unavailable""], [""exclusive_98.55"", ""unavailable""], [""exclusive_84.58"", ""unavailable""], [""exclusive_102.31"", ""unavailable""], [""exclusive_106.34"", ""unavailable""], [""exclusive_105.88"", ""unavailable""], [""exclusive_109.27"", ""unavailable""], [""exclusive_115.49"", ""unavailable""], [""exclusive_114.75"", ""unavailable""], [""exclusive_116.53"", ""unavailable""], [""exclusive_125.07"", ""unavailable""], [""exclusive_129.15"", ""unavailable""], [""exclusive_129.87"", ""unavailable""], [""exclusive_134.31"", ""unavailable""], [""exclusive_132.52"", ""unavailable""], [""exclusive_132.74"", ""unavailable""], [""exclusive_153.57"", ""unavailable""], [""exclusive_153.01"", ""unavailable""], [""exclusive_158.61"", ""unavailable""], [""exclusive_233.14"", ""unavailable""], [""exclusive_241.89"", ""unavailable""]]",현재 확보 자료로 재구성한 과거 추정치; 과거 세대 구성 미확인,False,555b475dcef496b2254b825ba10b0724d7994196dba4c4e18f34e7f5aa4db599,54cb25d3544257419c8c9faa1ee168a8848dbea69689888cc0985fdd2c7a4797,ed22070000c1f425633073aec41cd0475b986c3ad372d2a8aae8d6171a317f44,f2a5f0d6492eb8372b471470,2026-09-18T13:45:05.713829+09:00
2026-08,A61201007,롯데캐슬마린,해운대구,중동,792.0,792,0,1.0,0.0,0.0,0.0,0.0,,,,,True,산정 불완전,가격 부족 또는 면적 연결 미확인,df030fb4ec092111f3912e44e9082c93608ec7b857c723511136a87aba7d3d87,"[[""exclusive_84.97"", ""unavailable""], [""exclusive_101.92"", ""unavailable""], [""exclusive_125.19"", ""unavailable""]]",현재 확보 자료로 재구성한 과거 추정치; 과거 세대 구성 미확인,False,555b475dcef496b2254b825ba10b0724d7994196dba4c4e18f34e7f5aa4db599,54cb25d3544257419c8c9faa1ee168a8848dbea69689888cc0985fdd2c7a4797,ed22070000c1f425633073aec41cd0475b986c3ad372d2a8aae8d6171a317f44,f2a5f0d6492eb8372b471470,2026-09-18T13:45:05.713829+09:00
2026-08,A61288603,래미안해운대,해운대구,중동,747.0,681,0,0.9116465863453815,0.0,0.0,0.0,0.0,,,,,True,산정 불완전,평형 세대수 합계 불일치; 임대·혼합 또는 분양 범위 미확인; 가격 부족 또는 면적 연결 미확인,d3dea2c863d6dba685d936e147097a7e1ee74d98a57a134718dd872ebd822dd1,"[[""exclusive_59.86"", ""unavailable""], [""exclusive_84.98"", ""unavailable""], [""exclusive_101.59"", ""unavailable""], [""exclusive_114.43"", ""unavailable""], [""exclusive_123.05"", ""unavailable""], [""exclusive_140.73"", ""unavailable""]]",현재 확보 자료로 재구성한 과거 추정치; 과거 세대 구성 미확인,False,555b475dcef496b2254b825ba10b0724d7994196dba4c4e18f34e7f5aa4db599,54cb25d3544257419c8c9faa1ee168a8848dbea69689888cc0985fdd2c7a4797,ed22070000c1f425633073aec41cd0475b986c3ad372d2a8aae8d6171a317f44,f2a5f0d6492eb8372b471470,2026-09-18T13:45:05.713829+09:00
2026-08,A61203012,해운대영남아파트,해운대구,좌동,512.0,512,282,1.0,0.55078125,0.0,0.0,0.55078125,,142227000000.0,,,True,산정 불완전,가격 부족 또는 면적 연결 미확인,ce38b770bbb01ba2dc95cbb8d49f35f0a515596bd694de64bf6ebe875ee3adec,"[[""exclusive_59.58"", ""unavailable""], [""exclusive_84.9"", ""median_12m""], [""exclusive_134.99"", ""small_sample""]]",현재 확보 자료로 재구성한 과거 추정치; 과거 세대 구성 미확인,False,555b475dcef496b2254b825ba10b0724d7994196dba4c4e18f34e7f5aa4db599,54cb25d3544257419c8c9faa1ee168a8848dbea69689888cc0985fdd2c7a4797,ed22070000c1f425633073aec41cd0475b986c3ad372d2a8aae8d6171a317f44,f2a5f0d6492eb8372b471470,2026-09-18T13:45:05.713829+09:00
2026-08,A61203013,두산2차아파트,해운대구,좌동,632.0,632,632,1.0,1.0,1.0,0.0,0.0,355060000000.0,355060000000.0,561803797.4683545,331112000000.0,True,A,,118b350042affff42a944f90c781a9e6d120818ee27b5acbb3ad4709b808d277,"[[""exclusive_59.94"", ""median_3m""], [""exclusive_84.9"", ""median_3m""], [""exclusive_134.97"", ""median_3m""]]",현재 확보 자료로 재구성한 과거 추정치; 과거 세대 구성 미확인,False,555b475dcef496b2254b825ba10b0724d7994196dba4c4e18f34e7f5aa4db599,54cb25d3544257419c8c9faa1ee168a8848dbea69689888cc0985fdd2c7a4797,ed22070000c1f425633073aec41cd0475b986c3ad372d2a8aae8d6171a317f44,f2a5f0d6492eb8372b471470,2026-09-18T13:45:05.713829+09:00
2026-08,A61203014,경남아너스빌,해운대구,좌동,655.0,655,232,1.0,0.35419847328244275,0.0,0.0,0.35419847328244275,,128934000000.0,,,True,산정 불완전,가격 부족 또는 면적 연결 미확인,f5d87d2376a2eb1c3554b5ade9bf068dbaea2cc949911674af4f1ee8c445287d,"[[""exclusive_58.8"", ""unavailable""], [""exclusive_84.03"", ""unavailable""], [""exclusive_101.94"", ""small_sample""], [""exclusive_134.47"", ""small_sample""]]",현재 확보 자료로 재구성한 과거 추정치; 과거 세대 구성 미확인,False,555b475dcef496b2254b825ba10b0724d7994196dba4c4e18f34e7f5aa4db599,54cb25d3544257419c8c9faa1ee168a8848dbea69689888cc0985fdd2c7a4797,ed22070000c1f425633073aec41cd0475b986c3ad372d2a8aae8d6171a317f44,f2a5f0d6492eb8372b471470,2026-09-18T13:45:05.713829+09:00
2026-08,A61203015,해운대한일아파트,해운대구,좌동,662.0,662,662,1.0,1.0,0.45317220543806647,0.0,0.5468277945619335,297847000000.0,297847000000.0,449919939.5770393,,True,D,,bdaacaf1327e37797a6ad765ce9e40ce072eade368cacd6e246e6242e07ce795,"[[""exclusive_58.2"", ""median_3m""], [""exclusive_84.93"", ""median_12m""], [""exclusive_128.37"", ""median_12m""], [""exclusive_134.25"", ""small_sample""], [""exclusive_164.85"", ""small_sample""]]",현재 확보 자료로 재구성한 과거 추정치; 과거 세대 구성 미확인,False,555b475dcef496b2254b825ba10b0724d7994196dba4c4e18f34e7f5aa4db599,54cb25d3544257419c8c9faa1ee168a8848dbea69689888cc0985fdd2c7a4797,ed22070000c1f425633073aec41cd0475b986c3ad372d2a8aae8d6171a317f44,f2a5f0d6492eb8372b471470,2026-09-18T13:45:05.713829+09:00
2026-08,A61203016,해운대동신아파트,해운대구,좌동,676.0,676,518,1.0,0.7662721893491125,0.0,0.44970414201183434,0.3165680473372781,,209520000000.0,,,True,산정 불완전,가격 부족 또는 면적 연결 미확인,295b877176691ca9f07ebafb60e7a789ab952e7b6f3b0f87bfa8b063d419af74,"[[""exclusive_55.68"", ""median_6m""], [""exclusive_84.93"", ""small_sample""], [""exclusive_101.73"", ""small_sample""], [""exclusive_134.88"", ""unavailable""], [""exclusive_150.98"", ""unavailable""]]",현재 확보 자료로 재구성한 과거 추정치; 과거 세대 구성 미확인,False,555b475dcef496b2254b825ba10b0724d7994196dba4c4e18f34e7f5aa4db599,54cb25d3544257419c8c9faa1ee168a8848dbea69689888cc0985fdd2c7a4797,ed22070000c1f425633073aec41cd0475b986c3ad372d2a8aae8d6171a317f44,f2a5f0d6492eb8372b471470,2026-09-18T13:45:05.713829+09:00
2026-08,A61203017,해운대동부아파트,해운대구,좌동,679.0,679,679,1.0,1.0,0.0,0.4477172312223859,0.5522827687776142,339762500000.0,339762500000.0,500386597.9381443,,True,D,,573d61f509884ca4e9fe5b4737d4e1cc7528f947a95334f3e3e49dc7d3fafed0,"[[""exclusive_58.44"", ""median_6m""], [""exclusive_83.6"", ""median_12m""], [""exclusive_99.78"", ""median_12m""], [""exclusive_134.19"", ""small_sample""]]",현재 확보 자료로 재구성한 과거 추정치; 과거 세대 구성 미확인,False,555b475dcef496b2254b825ba10b0724d7994196dba4c4e18f34e7f5aa4db599,54cb25d3544257419c8c9faa1ee168a8848dbea69689888cc0985fdd2c7a4797,ed22070000c1f425633073aec41cd0475b986c3ad372d2a8aae8d6171a317f44,f2a5f0d6492eb8372b471470,2026-09-18T13:45:05.713829+09:00
2026-08,A61203018,해운대대림2차아파트,해운대구,좌동,682.0,682,0,1.0,0.0,0.0,0.0,0.0,,,,,True,산정 불완전,가격 부족 또는 면적 연결 미확인,4fc9d0583c520060ed8d56926db1a8168db1f75d83ce971a1e05bc01bc3da6d5,"[[""exclusive_59.81"", ""unavailable""], [""exclusive_84.97"", ""unavailable""], [""exclusive_101.98"", ""unavailable""], [""exclusive_134.11"", ""unavailable""], [""exclusive_164.84"", ""unavailable""]]",현재 확보 자료로 재구성한 과거 추정치; 과거 세대 구성 미확인,False,555b475dcef496b2254b825ba10b0724d7994196dba4c4e18f34e7f5aa4db599,54cb25d3544257419c8c9faa1ee168a8848dbea69689888cc0985fdd2c7a4797,ed22070000c1f425633073aec41cd0475b986c3ad372d2a8aae8d6171a317f44,f2a5f0d6492eb8372b471470,2026-09-18T13:45:05.713829+09:00
2026-08,A61203019,해운대삼성아파트,해운대구,좌동,728.0,728,240,1.0,0.32967032967032966,0.0,0.0,0.32967032967032966,,177550000000.0,,,True,산정 불완전,가격 부족 또는 면적 연결 미확인,a60543510d29571191779831e4e77e6691ad7171dde5f8534b1e70a5f55caa3f,"[[""exclusive_59.91"", ""unavailable""], [""exclusive_59.94"", ""unavailable""], [""exclusive_84.99"", ""unavailable""], [""exclusive_134.97"", ""small_sample""], [""exclusive_164.91"", ""median_12m""]]",현재 확보 자료로 재구성한 과거 추정치; 과거 세대 구성 미확인,False,555b475dcef496b2254b825ba10b0724d7994196dba4c4e18f34e7f5aa4db599,54cb25d3544257419c8c9faa1ee168a8848dbea69689888cc0985fdd2c7a4797,ed22070000c1f425633073aec41cd0475b986c3ad372d2a8aae8d6171a317f44,f2a5f0d6492eb8372b471470,2026-09-18T13:45:05.713829+09:00
2026-08,A61203020,해운대LIG건영아파트,해운대구,좌동,788.0,788,788,1.0,1.0,0.4517766497461929,0.3553299492385787,0.19289340101522842,389280000000.0,389280000000.0,494010152.28426397,,True,D,,0b458d2450f7c834530408ca3ffad742662567ed07a824357465d6c1d493e901,"[[""exclusive_59.88"", ""median_3m""], [""exclusive_84.93"", ""median_6m""], [""exclusive_99.96"", ""small_sample""], [""exclusive_134.83"", ""median_6m""], [""exclusive_164.76"", ""small_sample""]]",현재 확보 자료로 재구성한 과거 추정치; 과거 세대 구성 미확인,False,555b475dcef496b2254b825ba10b0724d7994196dba4c4e18f34e7f5aa4db599,54cb25d3544257419c8c9faa1ee168a8848dbea69689888cc0985fdd2c7a4797,ed22070000c1f425633073aec41cd0475b986c3ad372d2a8aae8d6171a317f44,f2a5f0d6492eb8372b471470,2026-09-18T13:45:05.713829+09:00
2026-08,A61203021,해운대센트럴파크아파트,해운대구,좌동,799.0,799,799,1.0,1.0,0.6182728410513142,0.0,0.38172715894868586,216670000000.0,216670000000.0,271176470.5882353,,True,D,,d2f210ab8117048f9dcc0af0c4eac216023eefa051d4830297c27b509fb8c48f,"[[""exclusive_39.95"", ""median_12m""], [""exclusive_49.73"", ""median_12m""], [""exclusive_59.9"", ""small_sample""], [""exclusive_59.99"", ""median_3m""]]",현재 확보 자료로 재구성한 과거 추정치; 과거 세대 구성 미확인,False,555b475dcef496b2254b825ba10b0724d7994196dba4c4e18f34e7f5aa4db599,54cb25d3544257419c8c9faa1ee168a8848dbea69689888cc0985fdd2c7a4797,ed22070000c1f425633073aec41cd0475b986c3ad372d2a8aae8d6171a317f44,f2a5f0d6492eb8372b471470,2026-09-18T13:45:05.713829+09:00
2026-08,A61203022,해운대롯데3차아파트,해운대구,좌동,824.0,824,824,1.0,1.0,1.0,0.0,0.0,331776000000.0,331776000000.0,402640776.69902915,334032000000.0,True,A,,d449363620771baeb8bf922e2931c0859b6bb6fd3ed03833e93e5189d68d2b16,"[[""exclusive_59.6"", ""median_3m""], [""exclusive_59.76"", ""median_3m""]]",현재 확보 자료로 재구성한 과거 추정치; 과거 세대 구성 미확인,False,555b475dcef496b2254b825ba10b0724d7994196dba4c4e18f34e7f5aa4db599,54cb25d3544257419c8c9faa1ee168a8848dbea69689888cc0985fdd2c7a4797,ed22070000c1f425633073aec41cd0475b986c3ad372d2a8aae8d6171a317f44,f2a5f0d6492eb8372b471470,2026-09-18T13:45:05.713829+09:00
2026-08,A61203023,해운대롯데4차아파트,해운대구,좌동,842.0,842,618,1.0,0.7339667458432304,0.0,0.7339667458432304,0.0,,213555000000.0,,,True,산정 불완전,가격 부족 또는 면적 연결 미확인,3b2c17b571ce30593bc148915fc2f7e04802b601dee8dad57a9e6385df4466ad,"[[""exclusive_59.6"", ""median_6m""], [""exclusive_59.76"", ""median_6m""], [""exclusive_84.93"", ""unavailable""]]",현재 확보 자료로 재구성한 과거 추정치; 과거 세대 구성 미확인,False,555b475dcef496b2254b825ba10b0724d7994196dba4c4e18f34e7f5aa4db599,54cb25d3544257419c8c9faa1ee168a8848dbea69689888cc0985fdd2c7a4797,ed22070000c1f425633073aec41cd0475b986c3ad372d2a8aae8d6171a317f44,f2a5f0d6492eb8372b471470,2026-09-18T13:45:05.713829+09:00
2026-08,A61203024,대우1차아파트,해운대구,좌동,852.0,852,304,1.0,0.3568075117370892,0.0,0.22535211267605634,0.13145539906103287,,192698000000.0,,,True,산정 불완전,가격 부족 또는 면적 연결 미확인,a9d08d5c6ce1d4c10c7dd507f6c60feaf295823e5b7a77c925d4d5110d10a6bf,"[[""exclusive_59.94"", ""unavailable""], [""exclusive_84.96"", ""unavailable""], [""exclusive_101.94"", ""median_12m""], [""exclusive_134.64"", ""median_6m""], [""exclusive_155.31"", ""median_12m""]]",현재 확보 자료로 재구성한 과거 추정치; 과거 세대 구성 미확인,False,555b475dcef496b2254b825ba10b0724d7994196dba4c4e18f34e7f5aa4db599,54cb25d3544257419c8c9faa1ee168a8848dbea69689888cc0985fdd2c7a4797,ed22070000c1f425633073aec41cd0475b986c3ad372d2a8aae8d6171a317f44,f2a5f0d6492eb8372b471470,2026-09-18T13:45:05.713829+09:00
2026-08,A61203025,해운대벽산1차아파트,해운대구,좌동,880.0,880,880,1.0,1.0,0.65,0.21363636363636362,0.13636363636363635,590692000000.0,590692000000.0,671240909.0909091,,True,D,,c1ce7e52d109a34c4128c8f6918cb51f58e3a078042a5849448b4f5508b881ff,"[[""exclusive_59.73"", ""median_3m""], [""exclusive_84.99"", ""median_6m""], [""exclusive_101.78"", ""small_sample""], [""exclusive_134.95"", ""median_3m""], [""exclusive_164.74"", ""small_sample""]]",현재 확보 자료로 재구성한 과거 추정치; 과거 세대 구성 미확인,False,555b475dcef496b2254b825ba10b0724d7994196dba4c4e18f34e7f5aa4db599,54cb25d3544257419c8c9faa1ee168a8848dbea69689888cc0985fdd2c7a4797,ed22070000c1f425633073aec41cd0475b986c3ad372d2a8aae8d6171a317f44,f2a5f0d6492eb8372b471470,2026-09-18T13:45:05.713829+09:00
2026-08,A61203026,해운대 화목타운,해운대구,좌동,896.0,896,494,1.0,0.5513392857142857,0.0,0.20089285714285715,0.35044642857142855,,337928000000.0,,,True,산정 불완전,가격 부족 또는 면적 연결 미확인,9b93bd9aa0a481a33391938aceb3bccc000988fb6523b52e2183855bb1a30c97,"[[""exclusive_56.34"", ""unavailable""], [""exclusive_84.36"", ""median_6m""], [""exclusive_101.76"", ""small_sample""], [""exclusive_134.19"", ""small_sample""], [""exclusive_155.41"", ""small_sample""]]",현재 확보 자료로 재구성한 과거 추정치; 과거 세대 구성 미확인,False,555b475dcef496b2254b825ba10b0724d7994196dba4c4e18f34e7f5aa4db599,54cb25d3544257419c8c9faa1ee168a8848dbea69689888cc0985fdd2c7a4797,ed22070000c1f425633073aec41cd0475b986c3ad372d2a8aae8d6171a317f44,f2a5f0d6492eb8372b471470,2026-09-18T13:45:05.713829+09:00
2026-08,A61203027,LH뜨란채아파트,해운대구,좌동,928.0,928,928,1.0,1.0,0.6896551724137931,0.3103448275862069,0.0,249920000000.0,249920000000.0,269310344.82758623,,True,B,,84fb6e58c9a925f7246602f5dcd19af3463a638971a7dc33ce074c117e77c05b,"[[""exclusive_49.94"", ""median_6m""], [""exclusive_59.98"", ""median_3m""]]",현재 확보 자료로 재구성한 과거 추정치; 과거 세대 구성 미확인,False,555b475dcef496b2254b825ba10b0724d7994196dba4c4e18f34e7f5aa4db599,54cb25d3544257419c8c9faa1ee168a8848dbea69689888cc0985fdd2c7a4797,ed22070000c1f425633073aec41cd0475b986c3ad372d2a8aae8d6171a317f44,f2a5f0d6492eb8372b471470,2026-09-18T13:45:05.713829+09:00
2026-08,A61203028,코오롱아파트,해운대구,좌동,928.0,928,512,1.0,0.5517241379310345,0.0,0.0,0.5517241379310345,,309600000000.0,,,True,산정 불완전,가격 부족 또는 면적 연결 미확인,fab9a4145d5418bc5fe39a13d25d1bdd83e8a8864f55ad33dbe2f2579cc5f47b,"[[""exclusive_59.98"", ""unavailable""], [""exclusive_84.95"", ""median_12m""], [""exclusive_101.97"", ""median_12m""], [""exclusive_134.94"", ""small_sample""]]",현재 확보 자료로 재구성한 과거 추정치; 과거 세대 구성 미확인,False,555b475dcef496b2254b825ba10b0724d7994196dba4c4e18f34e7f5aa4db599,54cb25d3544257419c8c9faa1ee168a8848dbea69689888cc0985fdd2c7a4797,ed22070000c1f425633073aec41cd0475b986c3ad372d2a8aae8d6171a317f44,f2a5f0d6492eb8372b471470,2026-09-18T13:45:05.713829+09:00
2026-08,A61203029,해운대건영2차아파트,해운대구,좌동,938.0,938,676,1.0,0.720682302771855,0.5479744136460555,0.17270788912579957,0.0,,403575000000.0,,,True,산정 불완전,가격 부족 또는 면적 연결 미확인,eaec74458ceca2493a5366fac68ce7f9593df819d89ccc61b72f64fe0ea54e39,"[[""exclusive_59.52"", ""unavailable""], [""exclusive_84.64"", ""median_6m""], [""exclusive_84.84"", ""median_3m""]]",현재 확보 자료로 재구성한 과거 추정치; 과거 세대 구성 미확인,False,555b475dcef496b2254b825ba10b0724d7994196dba4c4e18f34e7f5aa4db599,54cb25d3544257419c8c9faa1ee168a8848dbea69689888cc0985fdd2c7a4797,ed22070000c1f425633073aec41cd0475b986c3ad372d2a8aae8d6171a317f44,f2a5f0d6492eb8372b471470,2026-09-18T13:45:05.713829+09:00
2026-08,A61203031,해운대상록아파트,해운대구,좌동,1000.0,1000,1000,1.0,1.0,1.0,0.0,0.0,292000000000.0,292000000000.0,292000000.0,288000000000.0,False,A,,ce0184720e7a0ccc536b34378d7bc463620867a23120dd929a2eaf991d1715a3,"[[""exclusive_59.85"", ""median_3m""]]",현재 확보 자료로 재구성한 과거 추정치; 과거 세대 구성 미확인,False,555b475dcef496b2254b825ba10b0724d7994196dba4c4e18f34e7f5aa4db599,54cb25d3544257419c8c9faa1ee168a8848dbea69689888cc0985fdd2c7a4797,ed22070000c1f425633073aec41cd0475b986c3ad372d2a8aae8d6171a317f44,f2a5f0d6492eb8372b471470,2026-09-18T13:45:05.713829+09:00
2026-08,A61203032,해운대대우2차아파트,해운대구,좌동,1002.0,1002,334,1.0,0.3333333333333333,0.22554890219560877,0.0,0.10778443113772455,,212430000000.0,,,True,산정 불완전,가격 부족 또는 면적 연결 미확인,524457f325cbd0378b25d00ab61e30ff22e7d19e007e1f41bc75ab39d7b64871,"[[""exclusive_59.94"", ""unavailable""], [""exclusive_84.96"", ""unavailable""], [""exclusive_134.64"", ""median_3m""], [""exclusive_155.31"", ""small_sample""]]",현재 확보 자료로 재구성한 과거 추정치; 과거 세대 구성 미확인,False,555b475dcef496b2254b825ba10b0724d7994196dba4c4e18f34e7f5aa4db599,54cb25d3544257419c8c9faa1ee168a8848dbea69689888cc0985fdd2c7a4797,ed22070000c1f425633073aec41cd0475b986c3ad372d2a8aae8d6171a317f44,f2a5f0d6492eb8372b471470,2026-09-18T13:45:05.713829+09:00
2026-08,A61203033,해운대벽산2차아파트,해운대구,좌동,1070.0,1070,1070,1.0,1.0,0.6579439252336449,0.0,0.34205607476635513,470957500000.0,470957500000.0,440147196.2616823,,True,D,,d1b06545fe6c624730035c4f7e59927ad566b9742e91d94bc4aa10e80ae63675,"[[""exclusive_59.73"", ""median_3m""], [""exclusive_84.99"", ""median_3m""], [""exclusive_101.78"", ""median_12m""], [""exclusive_134.95"", ""small_sample""], [""exclusive_164.74"", ""median_12m""]]",현재 확보 자료로 재구성한 과거 추정치; 과거 세대 구성 미확인,False,555b475dcef496b2254b825ba10b0724d7994196dba4c4e18f34e7f5aa4db599,54cb25d3544257419c8c9faa1ee168a8848dbea69689888cc0985fdd2c7a4797,ed22070000c1f425633073aec41cd0475b986c3ad372d2a8aae8d6171a317f44,f2a5f0d6492eb8372b471470,2026-09-18T13:45:05.713829+09:00
2026-08,A61203034,해운대대동타운아파트,해운대구,좌동,1240.0,1240,920,1.0,0.7419354838709677,0.1935483870967742,0.2,0.34838709677419355,,511484000000.0,,,True,산정 불완전,가격 부족 또는 면적 연결 미확인,38b4a77bf1055873c23f5c13ab516042e5ef1bfc4f99b14b96c344aae5adc3a7,"[[""exclusive_50.57"", ""unavailable""], [""exclusive_59.95"", ""median_3m""], [""exclusive_84.88"", ""median_6m""], [""exclusive_115.64"", ""median_12m""], [""exclusive_134.01"", ""small_sample""]]",현재 확보 자료로 재구성한 과거 추정치; 과거 세대 구성 미확인,False,555b475dcef496b2254b825ba10b0724d7994196dba4c4e18f34e7f5aa4db599,54cb25d3544257419c8c9faa1ee168a8848dbea69689888cc0985fdd2c7a4797,ed22070000c1f425633073aec41cd0475b986c3ad372d2a8aae8d6171a317f44,f2a5f0d6492eb8372b471470,2026-09-18T13:45:05.713829+09:00
2026-08,A61203035,경남선경아파트,해운대구,좌동,1358.0,1358,1062,1.0,0.7820324005891016,0.5257731958762887,0.05891016200294551,0.19734904270986744,,376814000000.0,,,True,산정 불완전,가격 부족 또는 면적 연결 미확인,bc788e280699a4955605ada9668ba96f5746f9b2bcd4aa2511a4fe5a1529dda1,"[[""exclusive_59.85"", ""median_3m""], [""exclusive_84.93"", ""median_12m""], [""exclusive_116.25"", ""median_6m""], [""exclusive_133.29"", ""unavailable""], [""exclusive_153.84"", ""median_3m""]]",현재 확보 자료로 재구성한 과거 추정치; 과거 세대 구성 미확인,False,555b475dcef496b2254b825ba10b0724d7994196dba4c4e18f34e7f5aa4db599,54cb25d3544257419c8c9faa1ee168a8848dbea69689888cc0985fdd2c7a4797,ed22070000c1f425633073aec41cd0475b986c3ad372d2a8aae8d6171a317f44,f2a5f0d6492eb8372b471470,2026-09-18T13:45:05.713829+09:00
2026-08,A61203036,두산1차,해운대구,좌동,1422.0,1422,1422,1.0,1.0,0.6582278481012658,0.0,0.34177215189873417,676968000000.0,676968000000.0,476067510.5485232,,True,D,,38e4bc99054e841bfade5885db0eefae2722fc9515755bcf93e8650221ebc654,"[[""exclusive_59.94"", ""median_3m""], [""exclusive_84.9"", ""median_3m""], [""exclusive_101.7"", ""small_sample""], [""exclusive_134.97"", ""median_12m""]]",현재 확보 자료로 재구성한 과거 추정치; 과거 세대 구성 미확인,False,555b475dcef496b2254b825ba10b0724d7994196dba4c4e18f34e7f5aa4db599,54cb25d3544257419c8c9faa1ee168a8848dbea69689888cc0985fdd2c7a4797,ed22070000c1f425633073aec41cd0475b986c3ad372d2a8aae8d6171a317f44,f2a5f0d6492eb8372b471470,2026-09-18T13:45:05.713829+09:00
2026-08,A61203037,대림1차아파트,해운대구,좌동,1424.0,1424,200,1.0,0.1404494382022472,0.0,0.1404494382022472,0.0,,151000000000.0,,,True,산정 불완전,가격 부족 또는 면적 연결 미확인,8e641322aecb1aa9cb596e378ecc6c16805042d6f08c6bf3336b18d5bfd5beb1,"[[""exclusive_59.81"", ""unavailable""], [""exclusive_84.97"", ""unavailable""], [""exclusive_101.98"", ""unavailable""], [""exclusive_118.68"", ""unavailable""], [""exclusive_134.25"", ""median_6m""], [""exclusive_164.84"", ""unavailable""]]",현재 확보 자료로 재구성한 과거 추정치; 과거 세대 구성 미확인,False,555b475dcef496b2254b825ba10b0724d7994196dba4c4e18f34e7f5aa4db599,54cb25d3544257419c8c9faa1ee168a8848dbea69689888cc0985fdd2c7a4797,ed22070000c1f425633073aec41cd0475b986c3ad372d2a8aae8d6171a317f44,f2a5f0d6492eb8372b471470,2026-09-18T13:45:05.713829+09:00
2026-08,A61203038,SKVIEW아파트,해운대구,좌동,1721.0,1721,1721,1.0,1.0,0.7321324811156305,0.14235909355026147,0.12550842533410808,386153500000.0,386153500000.0,224377396.86228937,,True,C,,c41b2ef8dc8eb1bafdd4e918192be16d1a4dfe404a80221e307c692a82c3c0ba,"[[""exclusive_39.95"", ""median_6m""], [""exclusive_39.96"", ""median_12m""], [""exclusive_49.73"", ""median_12m""], [""exclusive_49.98"", ""median_6m""], [""exclusive_59.91"", ""median_3m""], [""exclusive_59.99"", ""median_3m""]]",현재 확보 자료로 재구성한 과거 추정치; 과거 세대 구성 미확인,False,555b475dcef496b2254b825ba10b0724d7994196dba4c4e18f34e7f5aa4db599,54cb25d3544257419c8c9faa1ee168a8848dbea69689888cc0985fdd2c7a4797,ed22070000c1f425633073aec41cd0475b986c3ad372d2a8aae8d6171a317f44,f2a5f0d6492eb8372b471470,2026-09-18T13:45:05.713829+09:00
2026-08,A61203039,해운대LG아파트,해운대구,좌동,1848.0,1848,1424,1.0,0.7705627705627706,0.2305194805194805,0.2196969696969697,0.3203463203463203,,689210000000.0,,,True,산정 불완전,가격 부족 또는 면적 연결 미확인,a539f4995ac03709f11af99582b674a384ed344c2e1c3b21f7109b25dd6ed885,"[[""exclusive_49.83"", ""median_6m""], [""exclusive_59.94"", ""median_3m""], [""exclusive_84.97"", ""unavailable""], [""exclusive_101.79"", ""small_sample""], [""exclusive_117.98"", ""unavailable""], [""exclusive_134.94"", ""median_12m""], [""exclusive_162.27"", ""small_sample""]]",현재 확보 자료로 재구성한 과거 추정치; 과거 세대 구성 미확인,False,555b475dcef496b2254b825ba10b0724d7994196dba4c4e18f34e7f5aa4db599,54cb25d3544257419c8c9faa1ee168a8848dbea69689888cc0985fdd2c7a4797,ed22070000c1f425633073aec41cd0475b986c3ad372d2a8aae8d6171a317f44,f2a5f0d6492eb8372b471470,2026-09-18T13:45:05.713829+09:00
2026-08,A61275302,해운대현대,해운대구,좌동,957.0,957,357,1.0,0.3730407523510972,0.0,0.3730407523510972,0.0,,201028500000.0,,,True,산정 불완전,가격 부족 또는 면적 연결 미확인,072ede121abbf72a32aa5ca6e5bbe1cd4629030b7f3a2ee04c8c110df724362c,"[[""exclusive_59.44"", ""unavailable""], [""exclusive_84.41"", ""median_6m""], [""exclusive_102.08"", ""median_6m""], [""exclusive_134"", ""unavailable""]]",현재 확보 자료로 재구성한 과거 추정치; 과거 세대 구성 미확인,False,555b475dcef496b2254b825ba10b0724d7994196dba4c4e18f34e7f5aa4db599,54cb25d3544257419c8c9faa1ee168a8848dbea69689888cc0985fdd2c7a4797,ed22070000c1f425633073aec41cd0475b986c3ad372d2a8aae8d6171a317f44,f2a5f0d6492eb8372b471470,2026-09-18T13:45:05.713829+09:00
2026-08,A61204001,송정1단지주공아파트,해운대구,송정동,828.0,0,0,0.0,0.0,0.0,0.0,0.0,,,,,True,산정 불완전,평형별 세대수 보완 필요; 임대·혼합 또는 분양 범위 미확인,c38eb7731a2edbf2c405dc922468ded84aa651100a03e86668e60fb8b6b0b8e7,[],현재 확보 자료로 재구성한 과거 추정치; 과거 세대 구성 미확인,False,555b475dcef496b2254b825ba10b0724d7994196dba4c4e18f34e7f5aa4db599,54cb25d3544257419c8c9faa1ee168a8848dbea69689888cc0985fdd2c7a4797,ed22070000c1f425633073aec41cd0475b986c3ad372d2a8aae8d6171a317f44,f2a5f0d6492eb8372b471470,2026-09-18T13:45:05.713829+09:00
2026-08,A61204002,부산송정2휴먼시아,해운대구,송정동,890.0,0,0,0.0,0.0,0.0,0.0,0.0,,,,,True,산정 불완전,평형별 세대수 보완 필요; 임대·혼합 또는 분양 범위 미확인,c38eb7731a2edbf2c405dc922468ded84aa651100a03e86668e60fb8b6b0b8e7,[],현재 확보 자료로 재구성한 과거 추정치; 과거 세대 구성 미확인,False,555b475dcef496b2254b825ba10b0724d7994196dba4c4e18f34e7f5aa4db599,54cb25d3544257419c8c9faa1ee168a8848dbea69689888cc0985fdd2c7a4797,ed22070000c1f425633073aec41cd0475b986c3ad372d2a8aae8d6171a317f44,f2a5f0d6492eb8372b471470,2026-09-18T13:45:05.713829+09:00
2026-08,A10023440,힐스테이트사하역 아파트,사하구,괴정동,1314.0,1314,0,1.0,0.0,0.0,0.0,0.0,,,,,True,산정 불완전,가격 부족 또는 면적 연결 미확인,b14d453743d4c1293096d779aac9423cdb0896fcba42b26cb98f02c4ac0e339a,"[[""exclusive_84.92"", ""unavailable""], [""exclusive_84.97"", ""unavailable""], [""exclusive_100.85"", ""unavailable""], [""exclusive_114.97"", ""unavailable""]]",현재 확보 자료로 재구성한 과거 추정치; 과거 세대 구성 미확인,False,555b475dcef496b2254b825ba10b0724d7994196dba4c4e18f34e7f5aa4db599,54cb25d3544257419c8c9faa1ee168a8848dbea69689888cc0985fdd2c7a4797,ed22070000c1f425633073aec41cd0475b986c3ad372d2a8aae8d6171a317f44,f2a5f0d6492eb8372b471470,2026-09-18T13:45:05.713829+09:00
2026-08,A10023969,사하한신더휴아파트,사하구,괴정동,835.0,835,0,1.0,0.0,0.0,0.0,0.0,,,,,True,산정 불완전,임대·혼합 또는 분양 범위 미확인; 가격 부족 또는 면적 연결 미확인,446d4342186d724fecba8ffa52eeda65e0426b010a5281e307ec0cb699c0efbb,"[[""exclusive_39.98"", ""unavailable""], [""exclusive_59.94"", ""unavailable""], [""exclusive_59.79"", ""unavailable""], [""exclusive_74.99"", ""unavailable""], [""exclusive_84.97"", ""unavailable""], [""exclusive_84.85"", ""unavailable""], [""exclusive_84.93"", ""unavailable""]]",현재 확보 자료로 재구성한 과거 추정치; 과거 세대 구성 미확인,False,555b475dcef496b2254b825ba10b0724d7994196dba4c4e18f34e7f5aa4db599,54cb25d3544257419c8c9faa1ee168a8848dbea69689888cc0985fdd2c7a4797,ed22070000c1f425633073aec41cd0475b986c3ad372d2a8aae8d6171a317f44,f2a5f0d6492eb8372b471470,2026-09-18T13:45:05.713829+09:00
2026-08,A10024383,사하역비스타동원,사하구,괴정동,513.0,513,0,1.0,0.0,0.0,0.0,0.0,,,,,True,산정 불완전,가격 부족 또는 면적 연결 미확인,9ad272a194eb5671c842290c13c0df0da2ff63cf27c933aed2a0cd1ee1f7191a,"[[""exclusive_74.97"", ""unavailable""], [""exclusive_84.98"", ""unavailable""], [""exclusive_84.99"", ""unavailable""]]",현재 확보 자료로 재구성한 과거 추정치; 과거 세대 구성 미확인,False,555b475dcef496b2254b825ba10b0724d7994196dba4c4e18f34e7f5aa4db599,54cb25d3544257419c8c9faa1ee168a8848dbea69689888cc0985fdd2c7a4797,ed22070000c1f425633073aec41cd0475b986c3ad372d2a8aae8d6171a317f44,f2a5f0d6492eb8372b471470,2026-09-18T13:45:05.713829+09:00
2026-08,A60471810,당리푸르지오,사하구,당리동,542.0,494,0,0.9114391143911439,0.0,0.0,0.0,0.0,,,,,True,산정 불완전,평형 세대수 합계 불일치; 가격 부족 또는 면적 연결 미확인,f36cef196df9b702ade6f4108eccc76e17a3988cd629ab703ce99815799255ec,"[[""exclusive_59.95"", ""unavailable""], [""exclusive_84.98"", ""unavailable""], [""exclusive_84.96"", ""unavailable""], [""exclusive_102.29"", ""unavailable""], [""exclusive_124.94"", ""unavailable""], [""exclusive_140.22"", ""unavailable""]]",현재 확보 자료로 재구성한 과거 추정치; 과거 세대 구성 미확인,False,555b475dcef496b2254b825ba10b0724d7994196dba4c4e18f34e7f5aa4db599,54cb25d3544257419c8c9faa1ee168a8848dbea69689888cc0985fdd2c7a4797,ed22070000c1f425633073aec41cd0475b986c3ad372d2a8aae8d6171a317f44,f2a5f0d6492eb8372b471470,2026-09-18T13:45:05.713829+09:00
2026-08,A60402003,하단 SK VIEW 아파트,사하구,하단동,1828.0,1828,0,1.0,0.0,0.0,0.0,0.0,,,,,True,산정 불완전,가격 부족 또는 면적 연결 미확인,db221ed07e5e3b7689290a66986f5e3ba55ff72a479b59b5c6ac2d1329620f1b,"[[""exclusive_59.67"", ""unavailable""], [""exclusive_74.2"", ""unavailable""], [""exclusive_84.77"", ""unavailable""], [""exclusive_84.98"", ""unavailable""], [""exclusive_124.23"", ""unavailable""]]",현재 확보 자료로 재구성한 과거 추정치; 과거 세대 구성 미확인,False,555b475dcef496b2254b825ba10b0724d7994196dba4c4e18f34e7f5aa4db599,54cb25d3544257419c8c9faa1ee168a8848dbea69689888cc0985fdd2c7a4797,ed22070000c1f425633073aec41cd0475b986c3ad372d2a8aae8d6171a317f44,f2a5f0d6492eb8372b471470,2026-09-18T13:45:05.713829+09:00
2026-08,A60474905,한신혜성아파트,사하구,하단동,533.0,533,483,1.0,0.9061913696060038,0.0,0.5309568480300187,0.37523452157598497,,74507000000.0,,,True,산정 불완전,가격 부족 또는 면적 연결 미확인,3f3ec16f699eacaa302373633fab427c557146d808b32a052c998449c0cb0978,"[[""exclusive_59.91"", ""median_6m""], [""exclusive_84.36"", ""median_12m""], [""exclusive_133.45"", ""unavailable""]]",현재 확보 자료로 재구성한 과거 추정치; 과거 세대 구성 미확인,False,555b475dcef496b2254b825ba10b0724d7994196dba4c4e18f34e7f5aa4db599,54cb25d3544257419c8c9faa1ee168a8848dbea69689888cc0985fdd2c7a4797,ed22070000c1f425633073aec41cd0475b986c3ad372d2a8aae8d6171a317f44,f2a5f0d6492eb8372b471470,2026-09-18T13:45:05.713829+09:00
2026-08,A60476101,가락타운1단지아파트,사하구,하단동,1746.0,1746,1746,1.0,1.0,0.6162657502863689,0.3321878579610538,0.05154639175257732,498802000000.0,498802000000.0,285682703.32187855,,True,D,,ef38fcedf73b048a062d80bfbaf48a79186f6c7735ee6af80b981af267cb5be6,"[[""exclusive_73.17"", ""small_sample""], [""exclusive_84.93"", ""median_3m""], [""exclusive_84.96"", ""median_6m""]]",현재 확보 자료로 재구성한 과거 추정치; 과거 세대 구성 미확인,False,555b475dcef496b2254b825ba10b0724d7994196dba4c4e18f34e7f5aa4db599,54cb25d3544257419c8c9faa1ee168a8848dbea69689888cc0985fdd2c7a4797,ed22070000c1f425633073aec41cd0475b986c3ad372d2a8aae8d6171a317f44,f2a5f0d6492eb8372b471470,2026-09-18T13:45:05.713829+09:00
2026-08,A60476206,가락타운2.3단지아파트,사하구,하단동,2980.0,2980,2980,1.0,1.0,0.7959731543624161,0.0,0.2040268456375839,871703000000.0,871703000000.0,292517785.23489934,,True,D,,f0a8ec48d3f16aa91bde1daf67aab77cf3e2090c259bde9c91df9ca2f5972d73,"[[""exclusive_84.93"", ""median_3m""], [""exclusive_84.96"", ""median_3m""], [""exclusive_122.52"", ""small_sample""], [""exclusive_122.76"", ""small_sample""], [""exclusive_138.56"", ""median_12m""]]",현재 확보 자료로 재구성한 과거 추정치; 과거 세대 구성 미확인,False,555b475dcef496b2254b825ba10b0724d7994196dba4c4e18f34e7f5aa4db599,54cb25d3544257419c8c9faa1ee168a8848dbea69689888cc0985fdd2c7a4797,ed22070000c1f425633073aec41cd0475b986c3ad372d2a8aae8d6171a317f44,f2a5f0d6492eb8372b471470,2026-09-18T13:45:05.713829+09:00
2026-08,A10023928,사하코오롱하늘채아파트,사하구,신평동,969.0,969,0,1.0,0.0,0.0,0.0,0.0,,,,,True,산정 불완전,가격 부족 또는 면적 연결 미확인,d84ad5314db29510356a2b6b0b715c087b2775d3b46c86be1825b2e0a9f274b1,"[[""exclusive_59.93"", ""unavailable""], [""exclusive_59.95"", ""unavailable""], [""exclusive_76.66"", ""unavailable""], [""exclusive_84.89"", ""unavailable""]]",현재 확보 자료로 재구성한 과거 추정치; 과거 세대 구성 미확인,False,555b475dcef496b2254b825ba10b0724d7994196dba4c4e18f34e7f5aa4db599,54cb25d3544257419c8c9faa1ee168a8848dbea69689888cc0985fdd2c7a4797,ed22070000c1f425633073aec41cd0475b986c3ad372d2a8aae8d6171a317f44,f2a5f0d6492eb8372b471470,2026-09-18T13:45:05.713829+09:00
2026-08,A10027236,사하뷰웰아파트,사하구,신평동,900.0,900,834,1.0,0.9266666666666666,0.3333333333333333,0.26222222222222225,0.33111111111111113,,204220000000.0,,,True,산정 불완전,가격 부족 또는 면적 연결 미확인,dc4e4862e02094fae08659c905249021d4aafb64d2ce06df77d296afabc56d97,"[[""exclusive_74.96"", ""median_12m""], [""exclusive_74.98"", ""median_12m""], [""exclusive_84.66"", ""unavailable""], [""exclusive_84.74"", ""median_3m""], [""exclusive_84.77"", ""small_sample""], [""exclusive_84.9"", ""median_6m""]]",현재 확보 자료로 재구성한 과거 추정치; 과거 세대 구성 미확인,False,555b475dcef496b2254b825ba10b0724d7994196dba4c4e18f34e7f5aa4db599,54cb25d3544257419c8c9faa1ee168a8848dbea69689888cc0985fdd2c7a4797,ed22070000c1f425633073aec41cd0475b986c3ad372d2a8aae8d6171a317f44,f2a5f0d6492eb8372b471470,2026-09-18T13:45:05.713829+09:00
2026-08,A60403002,신평럭키무지개타운아파트,사하구,신평동,505.0,505,385,1.0,0.7623762376237624,0.0,0.0,0.7623762376237624,,53343750000.0,,,True,산정 불완전,가격 부족 또는 면적 연결 미확인,820b871e37c892e36817ae4093ef486142ebc511be4b531e97479d4d439448cc,"[[""exclusive_55.65"", ""unavailable""], [""exclusive_58.62"", ""median_12m""], [""exclusive_63.3"", ""small_sample""], [""exclusive_84.95"", ""median_12m""], [""exclusive_143.51"", ""unavailable""], [""exclusive_156.8"", ""small_sample""]]",현재 확보 자료로 재구성한 과거 추정치; 과거 세대 구성 미확인,False,555b475dcef496b2254b825ba10b0724d7994196dba4c4e18f34e7f5aa4db599,54cb25d3544257419c8c9faa1ee168a8848dbea69689888cc0985fdd2c7a4797,ed22070000c1f425633073aec41cd0475b986c3ad372d2a8aae8d6171a317f44,f2a5f0d6492eb8372b471470,2026-09-18T13:45:05.713829+09:00
2026-08,A60475903,신익강변타운아파트,사하구,신평동,937.0,937,632,1.0,0.6744930629669157,0.0,0.11205976520811099,0.5624332977588047,,114458000000.0,,,True,산정 불완전,가격 부족 또는 면적 연결 미확인,c3e95d817755efd9cbeda9f527d0e98584a7b8138448cc19dd5d4b827dba67b1,"[[""exclusive_74.07"", ""unavailable""], [""exclusive_78.94"", ""unavailable""], [""exclusive_71.4"", ""small_sample""], [""exclusive_84.77"", ""median_6m""], [""exclusive_84.29"", ""unavailable""], [""exclusive_84.95"", ""median_12m""], [""exclusive_84.76"", ""unavailable""], [""exclusive_84.96"", ""unavailable""], [""exclusive_94.93"", ""unavailable""], [""exclusive_84.9"", ""small_sample""], [""exclusive_108.68"", ""unavailable""], [""exclusive_112.03"", ""unavailable""], [""exclusive_114.82"", ""unavailable""], [""exclusive_118.86"", ""small_sample""], [""exclusive_132.84"", ""unavailable""], [""exclusive_143.28"", ""small_sample""]]",현재 확보 자료로 재구성한 과거 추정치; 과거 세대 구성 미확인,False,555b475dcef496b2254b825ba10b0724d7994196dba4c4e18f34e7f5aa4db599,54cb25d3544257419c8c9faa1ee168a8848dbea69689888cc0985fdd2c7a4797,ed22070000c1f425633073aec41cd0475b986c3ad372d2a8aae8d6171a317f44,f2a5f0d6492eb8372b471470,2026-09-18T13:45:05.713829+09:00
2026-08,A60476805,신평현대아파트,사하구,신평동,992.0,992,992,1.0,1.0,0.5040322580645161,0.2721774193548387,0.22379032258064516,203578000000.0,203578000000.0,205219758.06451613,,True,D,,37ecd17d417775cb8f6b7af856ebc50732b7139bddea8043283e6cd9c0b44da2,"[[""exclusive_59.16"", ""small_sample""], [""exclusive_59.97"", ""median_6m""], [""exclusive_80.55"", ""median_6m""], [""exclusive_81.78"", ""median_12m""], [""exclusive_84.96"", ""median_3m""]]",현재 확보 자료로 재구성한 과거 추정치; 과거 세대 구성 미확인,False,555b475dcef496b2254b825ba10b0724d7994196dba4c4e18f34e7f5aa4db599,54cb25d3544257419c8c9faa1ee168a8848dbea69689888cc0985fdd2c7a4797,ed22070000c1f425633073aec41cd0475b986c3ad372d2a8aae8d6171a317f44,f2a5f0d6492eb8372b471470,2026-09-18T13:45:05.713829+09:00
2026-08,A60483404,신평한신아파트,사하구,신평동,937.0,937,937,1.0,1.0,0.6862326574172892,0.0,0.3137673425827108,163436000000.0,163436000000.0,174424759.8719317,,True,D,,7c60144bde15e813a7642bef37a57fb80fccae0c8e1936264c1b84aecc55a100,"[[""exclusive_75.09"", ""small_sample""], [""exclusive_84.96"", ""median_3m""], [""exclusive_122.99"", ""median_12m""], [""exclusive_136.65"", ""small_sample""], [""exclusive_137.89"", ""small_sample""], [""exclusive_141.13"", ""small_sample""]]",현재 확보 자료로 재구성한 과거 추정치; 과거 세대 구성 미확인,False,555b475dcef496b2254b825ba10b0724d7994196dba4c4e18f34e7f5aa4db599,54cb25d3544257419c8c9faa1ee168a8848dbea69689888cc0985fdd2c7a4797,ed22070000c1f425633073aec41cd0475b986c3ad372d2a8aae8d6171a317f44,f2a5f0d6492eb8372b471470,2026-09-18T13:45:05.713829+09:00
2026-08,A10022280,두산위브더센트럴사하,사하구,장림동,1643.0,1643,0,1.0,0.0,0.0,0.0,0.0,,,,,True,산정 불완전,가격 부족 또는 면적 연결 미확인,211f3a7a88b0b666bf9602ad4afd8e08ad9f068c3b1cbed0013a451a0b2b155b,"[[""exclusive_39.99"", ""unavailable""], [""exclusive_59.93"", ""unavailable""], [""exclusive_59.85"", ""unavailable""], [""exclusive_70.34"", ""unavailable""], [""exclusive_70.05"", ""unavailable""], [""exclusive_84.95"", ""unavailable""], [""exclusive_99.7"", ""unavailable""]]",현재 확보 자료로 재구성한 과거 추정치; 과거 세대 구성 미확인,False,555b475dcef496b2254b825ba10b0724d7994196dba4c4e18f34e7f5aa4db599,54cb25d3544257419c8c9faa1ee168a8848dbea69689888cc0985fdd2c7a4797,ed22070000c1f425633073aec41cd0475b986c3ad372d2a8aae8d6171a317f44,f2a5f0d6492eb8372b471470,2026-09-18T13:45:05.713829+09:00
2026-08,A60474002,장림동원로얄듀크,사하구,장림동,1973.0,1973,0,1.0,0.0,0.0,0.0,0.0,,,,,True,산정 불완전,가격 부족 또는 면적 연결 미확인,3e88103d964822c887f8817542b9a5299334e60fb2f6758f40b4233b571dd58f,"[[""exclusive_59.99"", ""unavailable""], [""exclusive_84.99"", ""unavailable""]]",현재 확보 자료로 재구성한 과거 추정치; 과거 세대 구성 미확인,False,555b475dcef496b2254b825ba10b0724d7994196dba4c4e18f34e7f5aa4db599,54cb25d3544257419c8c9faa1ee168a8848dbea69689888cc0985fdd2c7a4797,ed22070000c1f425633073aec41cd0475b986c3ad372d2a8aae8d6171a317f44,f2a5f0d6492eb8372b471470,2026-09-18T13:45:05.713829+09:00
2026-08,A60474516,장림신세대지큐빌아파트,사하구,장림동,990.0,990,556,1.0,0.5616161616161616,0.5616161616161616,0.0,0.0,,48372000000.0,,,True,산정 불완전,가격 부족 또는 면적 연결 미확인,e34e07e3648d1130d198069725276f80e39d3626280a635a005859ed1dd1ed6c,"[[""exclusive_49.14"", ""median_3m""], [""exclusive_59.07"", ""unavailable""]]",현재 확보 자료로 재구성한 과거 추정치; 과거 세대 구성 미확인,False,555b475dcef496b2254b825ba10b0724d7994196dba4c4e18f34e7f5aa4db599,54cb25d3544257419c8c9faa1ee168a8848dbea69689888cc0985fdd2c7a4797,ed22070000c1f425633073aec41cd0475b986c3ad372d2a8aae8d6171a317f44,f2a5f0d6492eb8372b471470,2026-09-18T13:45:05.713829+09:00
2026-08,A60477315,장림현대아파트,사하구,장림동,828.0,828,432,1.0,0.5217391304347826,0.0,0.0,0.5217391304347826,,58560000000.0,,,True,산정 불완전,가격 부족 또는 면적 연결 미확인,830b24450b60a224927a44f79b61d0ec631e134cbdaa3aa2d0870688964450a7,"[[""exclusive_61.08"", ""unavailable""], [""exclusive_66.03"", ""median_12m""], [""exclusive_72.54"", ""unavailable""], [""exclusive_79.92"", ""small_sample""], [""exclusive_84.89"", ""unavailable""]]",현재 확보 자료로 재구성한 과거 추정치; 과거 세대 구성 미확인,False,555b475dcef496b2254b825ba10b0724d7994196dba4c4e18f34e7f5aa4db599,54cb25d3544257419c8c9faa1ee168a8848dbea69689888cc0985fdd2c7a4797,ed22070000c1f425633073aec41cd0475b986c3ad372d2a8aae8d6171a317f44,f2a5f0d6492eb8372b471470,2026-09-18T13:45:05.713829+09:00
2026-08,A60484514,장림협성르네상스타운,사하구,장림동,650.0,650,0,1.0,0.0,0.0,0.0,0.0,,,,,True,산정 불완전,가격 부족 또는 면적 연결 미확인,9b952fa7dd24c18304faa7ecb6d3ec47f71c3b8a8b5d85435a001ad73d1ae176,"[[""exclusive_43.55"", ""unavailable""], [""exclusive_59.99"", ""unavailable""], [""exclusive_84.99"", ""unavailable""]]",현재 확보 자료로 재구성한 과거 추정치; 과거 세대 구성 미확인,False,555b475dcef496b2254b825ba10b0724d7994196dba4c4e18f34e7f5aa4db599,54cb25d3544257419c8c9faa1ee168a8848dbea69689888cc0985fdd2c7a4797,ed22070000c1f425633073aec41cd0475b986c3ad372d2a8aae8d6171a317f44,f2a5f0d6492eb8372b471470,2026-09-18T13:45:05.713829+09:00
2026-08,A60405001,다대롯데캐슬몰운대,사하구,다대동,3462.0,3462,258,1.0,0.07452339688041594,0.0,0.07452339688041594,0.0,,77400000000.0,,,True,산정 불완전,가격 부족 또는 면적 연결 미확인,a98c0dcdf5d806a534ab751f3ed4ebb7c983073b22cfab6393a165befa6279c0,"[[""exclusive_59.91"", ""unavailable""], [""exclusive_84.97"", ""unavailable""], [""exclusive_84.99"", ""unavailable""], [""exclusive_106.06"", ""unavailable""], [""exclusive_117.59"", ""median_6m""], [""exclusive_140.43"", ""unavailable""], [""exclusive_183.54"", ""unavailable""]]",현재 확보 자료로 재구성한 과거 추정치; 과거 세대 구성 미확인,False,555b475dcef496b2254b825ba10b0724d7994196dba4c4e18f34e7f5aa4db599,54cb25d3544257419c8c9faa1ee168a8848dbea69689888cc0985fdd2c7a4797,ed22070000c1f425633073aec41cd0475b986c3ad372d2a8aae8d6171a317f44,f2a5f0d6492eb8372b471470,2026-09-18T13:45:05.713829+09:00
2026-08,A60405002,다대롯데캐슬블루,사하구,다대동,1326.0,1326,739,1.0,0.557315233785822,0.557315233785822,0.0,0.0,,281559000000.0,,,True,산정 불완전,가격 부족 또는 면적 연결 미확인,b5cdc3575ecd04474f9407a3c66e72de4fdc8835ef0a9af246261c17f9d018c8,"[[""exclusive_84.96"", ""median_3m""], [""exclusive_84.99"", ""unavailable""], [""exclusive_101.85"", ""unavailable""], [""exclusive_101.35"", ""unavailable""], [""exclusive_119.94"", ""unavailable""], [""exclusive_119.63"", ""unavailable""]]",현재 확보 자료로 재구성한 과거 추정치; 과거 세대 구성 미확인,False,555b475dcef496b2254b825ba10b0724d7994196dba4c4e18f34e7f5aa4db599,54cb25d3544257419c8c9faa1ee168a8848dbea69689888cc0985fdd2c7a4797,ed22070000c1f425633073aec41cd0475b986c3ad372d2a8aae8d6171a317f44,f2a5f0d6492eb8372b471470,2026-09-18T13:45:05.713829+09:00
2026-08,A60472901,다대푸르지오,사하구,다대동,972.0,772,0,0.7942386831275721,0.0,0.0,0.0,0.0,,,,,True,산정 불완전,평형 세대수 합계 불일치; 가격 부족 또는 면적 연결 미확인,d5cf84a05acadc9977a2ec8a40e16128c6742827b41375901a6f3ce3f8d10c40,"[[""exclusive_84.55"", ""unavailable""], [""exclusive_84.77"", ""unavailable""], [""exclusive_84.99"", ""unavailable""], [""exclusive_104"", ""unavailable""], [""exclusive_104.66"", ""unavailable""], [""exclusive_105.19"", ""unavailable""], [""exclusive_121.96"", ""unavailable""]]",현재 확보 자료로 재구성한 과거 추정치; 과거 세대 구성 미확인,False,555b475dcef496b2254b825ba10b0724d7994196dba4c4e18f34e7f5aa4db599,54cb25d3544257419c8c9faa1ee168a8848dbea69689888cc0985fdd2c7a4797,ed22070000c1f425633073aec41cd0475b986c3ad372d2a8aae8d6171a317f44,f2a5f0d6492eb8372b471470,2026-09-18T13:45:05.713829+09:00
2026-08,A60474307,다대해송아파트,사하구,다대동,714.0,714,714,1.0,1.0,0.0,1.0,0.0,99246000000.0,99246000000.0,139000000.0,112812000000.0,True,B,,e768762fe3af62cf8c3e8a448adde7582489a3175e19ab01658ee9641a94491b,"[[""exclusive_52.11"", ""median_6m""]]",현재 확보 자료로 재구성한 과거 추정치; 과거 세대 구성 미확인,False,555b475dcef496b2254b825ba10b0724d7994196dba4c4e18f34e7f5aa4db599,54cb25d3544257419c8c9faa1ee168a8848dbea69689888cc0985fdd2c7a4797,ed22070000c1f425633073aec41cd0475b986c3ad372d2a8aae8d6171a317f44,f2a5f0d6492eb8372b471470,2026-09-18T13:45:05.713829+09:00
2026-08,A60475305,신다대아파트,사하구,다대동,570.0,570,570,1.0,1.0,1.0,0.0,0.0,33630000000.0,33630000000.0,59000000.0,33630000000.0,False,A,,32be425e439eb03ae984b24d653751dc11e875afea28e58af4880259cb8f979e,"[[""exclusive_39.78"", ""median_3m""]]",현재 확보 자료로 재구성한 과거 추정치; 과거 세대 구성 미확인,False,555b475dcef496b2254b825ba10b0724d7994196dba4c4e18f34e7f5aa4db599,54cb25d3544257419c8c9faa1ee168a8848dbea69689888cc0985fdd2c7a4797,ed22070000c1f425633073aec41cd0475b986c3ad372d2a8aae8d6171a317f44,f2a5f0d6492eb8372b471470,2026-09-18T13:45:05.713829+09:00
2026-08,A60475309,3지구도개공아파트,사하구,다대동,750.0,0,0,0.0,0.0,0.0,0.0,0.0,,,,,True,산정 불완전,평형별 세대수 보완 필요; 임대·혼합 또는 분양 범위 미확인,c38eb7731a2edbf2c405dc922468ded84aa651100a03e86668e60fb8b6b0b8e7,[],현재 확보 자료로 재구성한 과거 추정치; 과거 세대 구성 미확인,False,555b475dcef496b2254b825ba10b0724d7994196dba4c4e18f34e7f5aa4db599,54cb25d3544257419c8c9faa1ee168a8848dbea69689888cc0985fdd2c7a4797,ed22070000c1f425633073aec41cd0475b986c3ad372d2a8aae8d6171a317f44,f2a5f0d6492eb8372b471470,2026-09-18T13:45:05.713829+09:00
2026-08,A60475408,국제그린아파트,사하구,다대동,996.0,996,996,1.0,1.0,1.0,0.0,0.0,69720000000.0,69720000000.0,70000000.0,66234000000.0,True,A,,2a8815ef4ddeac7ceb8bf47c5308edf889627006367e0741c22b99d6a0919ecf,"[[""exclusive_45.5"", ""median_3m""]]",현재 확보 자료로 재구성한 과거 추정치; 과거 세대 구성 미확인,False,555b475dcef496b2254b825ba10b0724d7994196dba4c4e18f34e7f5aa4db599,54cb25d3544257419c8c9faa1ee168a8848dbea69689888cc0985fdd2c7a4797,ed22070000c1f425633073aec41cd0475b986c3ad372d2a8aae8d6171a317f44,f2a5f0d6492eb8372b471470,2026-09-18T13:45:05.713829+09:00
2026-08,A60475411,도개공다대4지구영구임대아파트,사하구,다대동,1920.0,0,0,0.0,0.0,0.0,0.0,0.0,,,,,True,산정 불완전,평형별 세대수 보완 필요; 임대·혼합 또는 분양 범위 미확인,c38eb7731a2edbf2c405dc922468ded84aa651100a03e86668e60fb8b6b0b8e7,[],현재 확보 자료로 재구성한 과거 추정치; 과거 세대 구성 미확인,False,555b475dcef496b2254b825ba10b0724d7994196dba4c4e18f34e7f5aa4db599,54cb25d3544257419c8c9faa1ee168a8848dbea69689888cc0985fdd2c7a4797,ed22070000c1f425633073aec41cd0475b986c3ad372d2a8aae8d6171a317f44,f2a5f0d6492eb8372b471470,2026-09-18T13:45:05.713829+09:00
2026-08,A60475412,다대다송,사하구,다대동,500.0,500,500,1.0,1.0,1.0,0.0,0.0,27000000000.0,27000000000.0,54000000.0,28500000000.0,True,A,,71e31b79da55cef4acdc27311ee2b6a9d1eb7df1eb7766dfdd70a766bd237b10,"[[""exclusive_41.27"", ""median_3m""]]",현재 확보 자료로 재구성한 과거 추정치; 과거 세대 구성 미확인,False,555b475dcef496b2254b825ba10b0724d7994196dba4c4e18f34e7f5aa4db599,54cb25d3544257419c8c9faa1ee168a8848dbea69689888cc0985fdd2c7a4797,ed22070000c1f425633073aec41cd0475b986c3ad372d2a8aae8d6171a317f44,f2a5f0d6492eb8372b471470,2026-09-18T13:45:05.713829+09:00
2026-08,A60475507,다대대우아파트,사하구,다대동,546.0,546,546,1.0,1.0,0.0,0.0,1.0,228237000000.0,228237000000.0,418016483.51648355,,True,D,,b8afdfba8f3a1ce7569e66fb585524e11f1f3375aaeae0268622445b0c3f45ee,"[[""exclusive_99.92"", ""small_sample""], [""exclusive_134.96"", ""median_12m""]]",현재 확보 자료로 재구성한 과거 추정치; 과거 세대 구성 미확인,False,555b475dcef496b2254b825ba10b0724d7994196dba4c4e18f34e7f5aa4db599,54cb25d3544257419c8c9faa1ee168a8848dbea69689888cc0985fdd2c7a4797,ed22070000c1f425633073aec41cd0475b986c3ad372d2a8aae8d6171a317f44,f2a5f0d6492eb8372b471470,2026-09-18T13:45:05.713829+09:00
2026-08,A60475509,다대푸른아파트,사하구,다대동,640.0,640,640,1.0,1.0,1.0,0.0,0.0,59520000000.0,59520000000.0,93000000.0,54880000000.0,True,A,,d36477a0a05a61d0a6f3126b11fd4ee445c1439554e58cb689de28ec53c1bf7c,"[[""exclusive_48.51"", ""median_3m""]]",현재 확보 자료로 재구성한 과거 추정치; 과거 세대 구성 미확인,False,555b475dcef496b2254b825ba10b0724d7994196dba4c4e18f34e7f5aa4db599,54cb25d3544257419c8c9faa1ee168a8848dbea69689888cc0985fdd2c7a4797,ed22070000c1f425633073aec41cd0475b986c3ad372d2a8aae8d6171a317f44,f2a5f0d6492eb8372b471470,2026-09-18T13:45:05.713829+09:00
2026-08,A60475612,다대현대아파트,사하구,다대동,2181.0,2181,2181,1.0,1.0,0.0,0.547455295735901,0.45254470426409904,520754500000.0,520754500000.0,238768684.08986703,,True,D,,e4c527fe4c9fff2ce76af7d5b75b28fff29764eb000f1dd7aa5aa14a6609b85f,"[[""exclusive_73.4"", ""small_sample""], [""exclusive_78.11"", ""median_6m""], [""exclusive_78.3"", ""median_6m""], [""exclusive_79.8"", ""median_12m""], [""exclusive_84.88"", ""median_6m""], [""exclusive_115.53"", ""median_12m""], [""exclusive_142.32"", ""small_sample""], [""exclusive_142.35"", ""small_sample""], [""exclusive_185.23"", ""median_12m""]]",현재 확보 자료로 재구성한 과거 추정치; 과거 세대 구성 미확인,False,555b475dcef496b2254b825ba10b0724d7994196dba4c4e18f34e7f5aa4db599,54cb25d3544257419c8c9faa1ee168a8848dbea69689888cc0985fdd2c7a4797,ed22070000c1f425633073aec41cd0475b986c3ad372d2a8aae8d6171a317f44,f2a5f0d6492eb8372b471470,2026-09-18T13:45:05.713829+09:00
2026-08,A60475710,다대삼환아파트,사하구,다대동,1669.0,1669,1669,1.0,1.0,0.7603355302576393,0.14979029358897544,0.08987417615338526,410730000000.0,410730000000.0,246093469.14319953,,True,D,,99025e3fb3cb5fc07e6a3be6be92a9d9f75d2e5dc866100a80fbc080b8f284e3,"[[""exclusive_59.76"", ""median_3m""], [""exclusive_84.87"", ""median_3m""], [""exclusive_121.65"", ""median_6m""], [""exclusive_191.43"", ""small_sample""]]",현재 확보 자료로 재구성한 과거 추정치; 과거 세대 구성 미확인,False,555b475dcef496b2254b825ba10b0724d7994196dba4c4e18f34e7f5aa4db599,54cb25d3544257419c8c9faa1ee168a8848dbea69689888cc0985fdd2c7a4797,ed22070000c1f425633073aec41cd0475b986c3ad372d2a8aae8d6171a317f44,f2a5f0d6492eb8372b471470,2026-09-18T13:45:05.713829+09:00
2026-08,A60476511,다대자유아파트,사하구,다대동,987.0,987,987,1.0,1.0,0.0,0.5552178318135765,0.4447821681864235,239703500000.0,239703500000.0,242860688.95643362,,True,D,,9e9fbcf2378a359fc2c8fc35d1b8bb84d124e4330751544adcf2d12b04acfa63,"[[""exclusive_57.06"", ""median_12m""], [""exclusive_84.97"", ""median_6m""], [""exclusive_120.82"", ""median_12m""], [""exclusive_144.61"", ""small_sample""]]",현재 확보 자료로 재구성한 과거 추정치; 과거 세대 구성 미확인,False,555b475dcef496b2254b825ba10b0724d7994196dba4c4e18f34e7f5aa4db599,54cb25d3544257419c8c9faa1ee168a8848dbea69689888cc0985fdd2c7a4797,ed22070000c1f425633073aec41cd0475b986c3ad372d2a8aae8d6171a317f44,f2a5f0d6492eb8372b471470,2026-09-18T13:45:05.713829+09:00
2026-08,A60476604,다대코오롱아파트(코오롱맨션),사하구,다대동,520.0,520,365,1.0,0.7019230769230769,0.0,0.0,0.7019230769230769,,75530000000.0,,,True,산정 불완전,가격 부족 또는 면적 연결 미확인,995a4657f80e2d8918b84d6c5cc1684b67d16f57f1d50a95bf6c220fc15c15b1,"[[""exclusive_43.33"", ""median_12m""], [""exclusive_47.68"", ""unavailable""], [""exclusive_62"", ""median_12m""], [""exclusive_68.9"", ""small_sample""], [""exclusive_77"", ""small_sample""], [""exclusive_84.9"", ""unavailable""]]",현재 확보 자료로 재구성한 과거 추정치; 과거 세대 구성 미확인,False,555b475dcef496b2254b825ba10b0724d7994196dba4c4e18f34e7f5aa4db599,54cb25d3544257419c8c9faa1ee168a8848dbea69689888cc0985fdd2c7a4797,ed22070000c1f425633073aec41cd0475b986c3ad372d2a8aae8d6171a317f44,f2a5f0d6492eb8372b471470,2026-09-18T13:45:05.713829+09:00
2026-08,A60482013,다대몰운대아파트,사하구,다대동,2960.0,2960,2960,1.0,1.0,1.0,0.0,0.0,293040000000.0,293040000000.0,99000000.0,279720000000.0,False,A,,1c9517a7f409fed75694cc39aeb3dd5ec46f19f8b8ae94416a63cd042d3ce138,"[[""exclusive_49.08"", ""median_3m""]]",현재 확보 자료로 재구성한 과거 추정치; 과거 세대 구성 미확인,False,555b475dcef496b2254b825ba10b0724d7994196dba4c4e18f34e7f5aa4db599,54cb25d3544257419c8c9faa1ee168a8848dbea69689888cc0985fdd2c7a4797,ed22070000c1f425633073aec41cd0475b986c3ad372d2a8aae8d6171a317f44,f2a5f0d6492eb8372b471470,2026-09-18T13:45:05.713829+09:00
2026-08,A60482708,성원아파트,사하구,다대동,546.0,546,546,1.0,1.0,0.0,0.7252747252747253,0.27472527472527475,265911000000.0,265911000000.0,487016483.51648355,,True,D,,3228f78e2faf49dd49327a91da7d695ef4088d46f007ce3fcc9a7ee2e84892ae,"[[""exclusive_99.92"", ""small_sample""], [""exclusive_134.96"", ""median_6m""]]",현재 확보 자료로 재구성한 과거 추정치; 과거 세대 구성 미확인,False,555b475dcef496b2254b825ba10b0724d7994196dba4c4e18f34e7f5aa4db599,54cb25d3544257419c8c9faa1ee168a8848dbea69689888cc0985fdd2c7a4797,ed22070000c1f425633073aec41cd0475b986c3ad372d2a8aae8d6171a317f44,f2a5f0d6492eb8372b471470,2026-09-18T13:45:05.713829+09:00
2026-08,A60482712,5지구몰운대영구임대아파트,사하구,다대동,2107.0,0,0,0.0,0.0,0.0,0.0,0.0,,,,,True,산정 불완전,평형별 세대수 보완 필요; 임대·혼합 또는 분양 범위 미확인,c38eb7731a2edbf2c405dc922468ded84aa651100a03e86668e60fb8b6b0b8e7,[],현재 확보 자료로 재구성한 과거 추정치; 과거 세대 구성 미확인,False,555b475dcef496b2254b825ba10b0724d7994196dba4c4e18f34e7f5aa4db599,54cb25d3544257419c8c9faa1ee168a8848dbea69689888cc0985fdd2c7a4797,ed22070000c1f425633073aec41cd0475b986c3ad372d2a8aae8d6171a317f44,f2a5f0d6492eb8372b471470,2026-09-18T13:45:05.713829+09:00
2026-08,A10024185,부산사하중흥S-클래스,사하구,구평동,665.0,0,0,0.0,0.0,0.0,0.0,0.0,,,,,True,산정 불완전,평형별 세대수 보완 필요; 임대·혼합 또는 분양 범위 미확인,c38eb7731a2edbf2c405dc922468ded84aa651100a03e86668e60fb8b6b0b8e7,[],현재 확보 자료로 재구성한 과거 추정치; 과거 세대 구성 미확인,False,555b475dcef496b2254b825ba10b0724d7994196dba4c4e18f34e7f5aa4db599,54cb25d3544257419c8c9faa1ee168a8848dbea69689888cc0985fdd2c7a4797,ed22070000c1f425633073aec41cd0475b986c3ad372d2a8aae8d6171a317f44,f2a5f0d6492eb8372b471470,2026-09-18T13:45:05.713829+09:00
2026-08,A10026651,e-편한세상 사하2차 아파트,사하구,구평동,946.0,946,0,1.0,0.0,0.0,0.0,0.0,,,,,True,산정 불완전,가격 부족 또는 면적 연결 미확인,43e4259cc03d99b4f8de9b7da13360a119b6d09a1d2a6296c7f58c6d461975c9,"[[""exclusive_59.94"", ""unavailable""], [""exclusive_59.98"", ""unavailable""], [""exclusive_59.99"", ""unavailable""], [""exclusive_74.95"", ""unavailable""], [""exclusive_74.97"", ""unavailable""], [""exclusive_84.6"", ""unavailable""], [""exclusive_84.95"", ""unavailable""], [""exclusive_84.99"", ""unavailable""]]",현재 확보 자료로 재구성한 과거 추정치; 과거 세대 구성 미확인,False,555b475dcef496b2254b825ba10b0724d7994196dba4c4e18f34e7f5aa4db599,54cb25d3544257419c8c9faa1ee168a8848dbea69689888cc0985fdd2c7a4797,ed22070000c1f425633073aec41cd0475b986c3ad372d2a8aae8d6171a317f44,f2a5f0d6492eb8372b471470,2026-09-18T13:45:05.713829+09:00
2026-08,A10027306,대림e편한세상사하1차아파트,사하구,구평동,1068.0,1068,0,1.0,0.0,0.0,0.0,0.0,,,,,True,산정 불완전,가격 부족 또는 면적 연결 미확인,8daa136c7bd00cb1e0435db7f1b0de1bd65816711a780ca9184c688171fcc450,"[[""exclusive_59.92"", ""unavailable""], [""exclusive_59.71"", ""unavailable""], [""exclusive_72.96"", ""unavailable""], [""exclusive_72.97"", ""unavailable""], [""exclusive_84.14"", ""unavailable""], [""exclusive_84.99"", ""unavailable""], [""exclusive_84.88"", ""unavailable""], [""exclusive_84.86"", ""unavailable""], [""exclusive_84.97"", ""unavailable""], [""exclusive_84.85"", ""unavailable""]]",현재 확보 자료로 재구성한 과거 추정치; 과거 세대 구성 미확인,False,555b475dcef496b2254b825ba10b0724d7994196dba4c4e18f34e7f5aa4db599,54cb25d3544257419c8c9faa1ee168a8848dbea69689888cc0985fdd2c7a4797,ed22070000c1f425633073aec41cd0475b986c3ad372d2a8aae8d6171a317f44,f2a5f0d6492eb8372b471470,2026-09-18T13:45:05.713829+09:00
2026-08,A60481703,구평1차자유아파트,사하구,구평동,584.0,584,584,1.0,1.0,0.3578767123287671,0.6421232876712328,0.0,74156000000.0,74156000000.0,126979452.05479452,,True,B,,a911dbb930c4dddfa04ddad916f8ef36c4204617282dd79e8a625b395547c2ff,"[[""exclusive_49.98"", ""median_6m""], [""exclusive_59.97"", ""median_3m""], [""exclusive_84.6"", ""median_6m""]]",현재 확보 자료로 재구성한 과거 추정치; 과거 세대 구성 미확인,False,555b475dcef496b2254b825ba10b0724d7994196dba4c4e18f34e7f5aa4db599,54cb25d3544257419c8c9faa1ee168a8848dbea69689888cc0985fdd2c7a4797,ed22070000c1f425633073aec41cd0475b986c3ad372d2a8aae8d6171a317f44,f2a5f0d6492eb8372b471470,2026-09-18T13:45:05.713829+09:00
2026-08,A60480608,부영벽산파라빌아파트,사하구,감천동,634.0,634,0,1.0,0.0,0.0,0.0,0.0,,,,,True,산정 불완전,가격 부족 또는 면적 연결 미확인,aec800db6655a4c71c8b2f2df2ce854df960d277577927365059c9f7573450e8,"[[""exclusive_59.86"", ""unavailable""], [""exclusive_59.97"", ""unavailable""], [""exclusive_84.99"", ""unavailable""], [""exclusive_120.79"", ""unavailable""]]",현재 확보 자료로 재구성한 과거 추정치; 과거 세대 구성 미확인,False,555b475dcef496b2254b825ba10b0724d7994196dba4c4e18f34e7f5aa4db599,54cb25d3544257419c8c9faa1ee168a8848dbea69689888cc0985fdd2c7a4797,ed22070000c1f425633073aec41cd0475b986c3ad372d2a8aae8d6171a317f44,f2a5f0d6492eb8372b471470,2026-09-18T13:45:05.713829+09:00
2026-08,A60976902,청룡경동아파트,금정구,청룡동,612.0,612,540,1.0,0.8823529411764706,0.4444444444444444,0.0,0.43790849673202614,,127010000000.0,,,True,산정 불완전,가격 부족 또는 면적 연결 미확인,35a5f539a9ec2603a604f65f2503806ccad6e9dc5b037d283cac6b80cfca4bcf,"[[""exclusive_59.79"", ""median_12m""], [""exclusive_84.62"", ""median_3m""], [""exclusive_150.28"", ""unavailable""], [""exclusive_186.65"", ""small_sample""]]",현재 확보 자료로 재구성한 과거 추정치; 과거 세대 구성 미확인,False,555b475dcef496b2254b825ba10b0724d7994196dba4c4e18f34e7f5aa4db599,54cb25d3544257419c8c9faa1ee168a8848dbea69689888cc0985fdd2c7a4797,ed22070000c1f425633073aec41cd0475b986c3ad372d2a8aae8d6171a317f44,f2a5f0d6492eb8372b471470,2026-09-18T13:45:05.713829+09:00
2026-08,A10027325,구서 SK VIEW 1단지,금정구,구서동,532.0,532,0,1.0,0.0,0.0,0.0,0.0,,,,,True,산정 불완전,가격 부족 또는 면적 연결 미확인,4a62f1eb9128add90d0de07ed4642a21a811c5c7de97e42f101c78c236714586,"[[""exclusive_64.77"", ""unavailable""], [""exclusive_64.82"", ""unavailable""], [""exclusive_84.84"", ""unavailable""], [""exclusive_84.74"", ""unavailable""], [""exclusive_84.95"", ""unavailable""], [""exclusive_100.98"", ""unavailable""], [""exclusive_100.49"", ""unavailable""], [""exclusive_101.65"", ""unavailable""], [""exclusive_114.16"", ""unavailable""], [""exclusive_114"", ""unavailable""]]",현재 확보 자료로 재구성한 과거 추정치; 과거 세대 구성 미확인,False,555b475dcef496b2254b825ba10b0724d7994196dba4c4e18f34e7f5aa4db599,54cb25d3544257419c8c9faa1ee168a8848dbea69689888cc0985fdd2c7a4797,ed22070000c1f425633073aec41cd0475b986c3ad372d2a8aae8d6171a317f44,f2a5f0d6492eb8372b471470,2026-09-18T13:45:05.713829+09:00
2026-08,A60931004,구서동 쌍용예가 2단지,금정구,구서동,809.0,809,0,1.0,0.0,0.0,0.0,0.0,,,,,True,산정 불완전,가격 부족 또는 면적 연결 미확인,1c2b810168cb6390f9a4c3b172b6cf53ca71f6acbaaeadfef575ce79b3925a8f,"[[""exclusive_84.99"", ""unavailable""], [""exclusive_132.39"", ""unavailable""], [""exclusive_132.06"", ""unavailable""], [""exclusive_157.79"", ""unavailable""], [""exclusive_156.82"", ""unavailable""]]",현재 확보 자료로 재구성한 과거 추정치; 과거 세대 구성 미확인,False,555b475dcef496b2254b825ba10b0724d7994196dba4c4e18f34e7f5aa4db599,54cb25d3544257419c8c9faa1ee168a8848dbea69689888cc0985fdd2c7a4797,ed22070000c1f425633073aec41cd0475b986c3ad372d2a8aae8d6171a317f44,f2a5f0d6492eb8372b471470,2026-09-18T13:45:05.713829+09:00
2026-08,A60931207,구서동롯데캐슬골드2단지(1049),금정구,구서동,1926.0,1926,1794,1.0,0.9314641744548287,0.22429906542056074,0.5498442367601246,0.1573208722741433,,1076692000000.0,,,True,산정 불완전,가격 부족 또는 면적 연결 미확인,ed6c4a13c56dffcaf9e45548d5dbbf967ed7ebba29bcb83f5e33ed6395095cde,"[[""exclusive_59.96"", ""median_6m""], [""exclusive_59.81"", ""small_sample""], [""exclusive_77.1"", ""median_6m""], [""exclusive_84.98"", ""median_3m""], [""exclusive_110.72"", ""median_6m""], [""exclusive_119.68"", ""median_6m""], [""exclusive_133.57"", ""median_6m""], [""exclusive_175.89"", ""small_sample""], [""exclusive_201.26"", ""unavailable""], [""exclusive_230.27"", ""median_12m""]]",현재 확보 자료로 재구성한 과거 추정치; 과거 세대 구성 미확인,False,555b475dcef496b2254b825ba10b0724d7994196dba4c4e18f34e7f5aa4db599,54cb25d3544257419c8c9faa1ee168a8848dbea69689888cc0985fdd2c7a4797,ed22070000c1f425633073aec41cd0475b986c3ad372d2a8aae8d6171a317f44,f2a5f0d6492eb8372b471470,2026-09-18T13:45:05.713829+09:00
2026-08,A60971101,롯데캐슬골드1단지,금정구,구서동,1728.0,1728,1728,1.0,1.0,0.7743055555555556,0.05787037037037037,0.16782407407407407,950985500000.0,950985500000.0,550338831.0185186,,True,D,,290ea1508a6bf7ae5023812c06bc396dedcbd3827f605eadc4e5c5f32c45b293,"[[""exclusive_59.96"", ""small_sample""], [""exclusive_59.81"", ""median_12m""], [""exclusive_77.1"", ""median_12m""], [""exclusive_84.98"", ""median_3m""], [""exclusive_96.42"", ""median_6m""], [""exclusive_110.72"", ""median_3m""], [""exclusive_119.68"", ""small_sample""]]",현재 확보 자료로 재구성한 과거 추정치; 과거 세대 구성 미확인,False,555b475dcef496b2254b825ba10b0724d7994196dba4c4e18f34e7f5aa4db599,54cb25d3544257419c8c9faa1ee168a8848dbea69689888cc0985fdd2c7a4797,ed22070000c1f425633073aec41cd0475b986c3ad372d2a8aae8d6171a317f44,f2a5f0d6492eb8372b471470,2026-09-18T13:45:05.713829+09:00
2026-08,A60975204,구서선경아파트,금정구,구서동,616.0,616,556,1.0,0.9025974025974026,0.0,0.0,0.9025974025974026,,262996000000.0,,,True,산정 불완전,가격 부족 또는 면적 연결 미확인,bccbf87b4ed79209791b86b486a43e101a4d2b6361fd91b72451b3daf5e40294,"[[""exclusive_84.96"", ""median_12m""], [""exclusive_85"", ""small_sample""], [""exclusive_101.94"", ""small_sample""], [""exclusive_120.69"", ""small_sample""], [""exclusive_125.78"", ""unavailable""], [""exclusive_135.23"", ""small_sample""], [""exclusive_166.71"", ""small_sample""]]",현재 확보 자료로 재구성한 과거 추정치; 과거 세대 구성 미확인,False,555b475dcef496b2254b825ba10b0724d7994196dba4c4e18f34e7f5aa4db599,54cb25d3544257419c8c9faa1ee168a8848dbea69689888cc0985fdd2c7a4797,ed22070000c1f425633073aec41cd0475b986c3ad372d2a8aae8d6171a317f44,f2a5f0d6492eb8372b471470,2026-09-18T13:45:05.713829+09:00
2026-08,A60976105,구서선경3차아파트,금정구,구서동,795.0,795,615,1.0,0.7735849056603774,0.1509433962264151,0.0,0.6226415094339622,,201990000000.0,,,True,산정 불완전,가격 부족 또는 면적 연결 미확인,9ee5672e3b7bcf0d842ef4efe5f639c45d4a31374e799bacd2a4addcb08a07dd,"[[""exclusive_84.82"", ""median_12m""], [""exclusive_84.96"", ""median_3m""], [""exclusive_122.22"", ""median_12m""], [""exclusive_139.68"", ""unavailable""], [""exclusive_166.15"", ""unavailable""], [""exclusive_183.45"", ""small_sample""], [""exclusive_183.66"", ""small_sample""]]",현재 확보 자료로 재구성한 과거 추정치; 과거 세대 구성 미확인,False,555b475dcef496b2254b825ba10b0724d7994196dba4c4e18f34e7f5aa4db599,54cb25d3544257419c8c9faa1ee168a8848dbea69689888cc0985fdd2c7a4797,ed22070000c1f425633073aec41cd0475b986c3ad372d2a8aae8d6171a317f44,f2a5f0d6492eb8372b471470,2026-09-18T13:45:05.713829+09:00
2026-08,A60980506,구서우성아파트,금정구,구서동,1118.0,1118,1104,1.0,0.9874776386404294,0.7316636851520573,0.0,0.2558139534883721,,224890000000.0,,,True,산정 불완전,가격 부족 또는 면적 연결 미확인,5d49e2347948d1c22678ba3b709d05fbab716e93318d47f78f51e4cb4fa3c11c,"[[""exclusive_73.08"", ""median_12m""], [""exclusive_84.84"", ""unavailable""], [""exclusive_84.97"", ""median_3m""]]",현재 확보 자료로 재구성한 과거 추정치; 과거 세대 구성 미확인,False,555b475dcef496b2254b825ba10b0724d7994196dba4c4e18f34e7f5aa4db599,54cb25d3544257419c8c9faa1ee168a8848dbea69689888cc0985fdd2c7a4797,ed22070000c1f425633073aec41cd0475b986c3ad372d2a8aae8d6171a317f44,f2a5f0d6492eb8372b471470,2026-09-18T13:45:05.713829+09:00
2026-08,A10026780,래미안 장전,금정구,장전동,1938.0,1938,29,1.0,0.014963880288957688,0.0,0.014963880288957688,0.0,,37265000000.0,,,True,산정 불완전,가격 부족 또는 면적 연결 미확인,46264e0df56dc4256a284f80f325cc4b36fefb98f8a22014bee0d4bbe79f7d63,"[[""exclusive_37.22"", ""unavailable""], [""exclusive_49.64"", ""unavailable""], [""exclusive_59.9"", ""unavailable""], [""exclusive_59.93"", ""unavailable""], [""exclusive_84.89"", ""unavailable""], [""exclusive_84.84"", ""unavailable""], [""exclusive_102.81"", ""median_6m""], [""exclusive_114.73"", ""unavailable""]]",현재 확보 자료로 재구성한 과거 추정치; 과거 세대 구성 미확인,False,555b475dcef496b2254b825ba10b0724d7994196dba4c4e18f34e7f5aa4db599,54cb25d3544257419c8c9faa1ee168a8848dbea69689888cc0985fdd2c7a4797,ed22070000c1f425633073aec41cd0475b986c3ad372d2a8aae8d6171a317f44,f2a5f0d6492eb8372b471470,2026-09-18T13:45:05.713829+09:00
2026-08,A60939002,금정산sk뷰,금정구,장전동,1306.0,1306,402,1.0,0.30781010719754975,0.0,0.0,0.30781010719754975,,308405500000.0,,,True,산정 불완전,가격 부족 또는 면적 연결 미확인,277cf5f0828e5db345f4dba21ae747e11a8153df238e411ac4d7e0f933791523,"[[""exclusive_59.97"", ""unavailable""], [""exclusive_84.99"", ""unavailable""], [""exclusive_101.88"", ""unavailable""], [""exclusive_127.62"", ""median_12m""], [""exclusive_150.13"", ""median_12m""], [""exclusive_164.98"", ""unavailable""]]",현재 확보 자료로 재구성한 과거 추정치; 과거 세대 구성 미확인,False,555b475dcef496b2254b825ba10b0724d7994196dba4c4e18f34e7f5aa4db599,54cb25d3544257419c8c9faa1ee168a8848dbea69689888cc0985fdd2c7a4797,ed22070000c1f425633073aec41cd0475b986c3ad372d2a8aae8d6171a317f44,f2a5f0d6492eb8372b471470,2026-09-18T13:45:05.713829+09:00
2026-08,A60939003,벽산블루밍장전디자인시티,금정구,장전동,1539.0,1539,0,1.0,0.0,0.0,0.0,0.0,,,,,True,산정 불완전,가격 부족 또는 면적 연결 미확인,e2dcbc268b3feb1718fbb5278a9ed07b56b17def20289296f2dfffbe6d07996f,"[[""exclusive_59.99"", ""unavailable""], [""exclusive_67.37"", ""unavailable""], [""exclusive_67.4"", ""unavailable""], [""exclusive_67.41"", ""unavailable""], [""exclusive_84.99"", ""unavailable""], [""exclusive_104.86"", ""unavailable""], [""exclusive_104.17"", ""unavailable""], [""exclusive_132.27"", ""unavailable""], [""exclusive_132.21"", ""unavailable""], [""exclusive_132.86"", ""unavailable""], [""exclusive_147.65"", ""unavailable""], [""exclusive_147.27"", ""unavailable""], [""exclusive_164.72"", ""unavailable""]]",현재 확보 자료로 재구성한 과거 추정치; 과거 세대 구성 미확인,False,555b475dcef496b2254b825ba10b0724d7994196dba4c4e18f34e7f5aa4db599,54cb25d3544257419c8c9faa1ee168a8848dbea69689888cc0985fdd2c7a4797,ed22070000c1f425633073aec41cd0475b986c3ad372d2a8aae8d6171a317f44,f2a5f0d6492eb8372b471470,2026-09-18T13:45:05.713829+09:00
2026-08,A60939004,금정산쌍용예가,금정구,장전동,514.0,514,157,1.0,0.30544747081712065,0.0,0.30544747081712065,0.0,,78500000000.0,,,True,산정 불완전,가격 부족 또는 면적 연결 미확인,b1e380d5158bfc6b7297e8e1c0339d29a545c60b95670fd0f1656513a1ab04f2,"[[""exclusive_74.04"", ""unavailable""], [""exclusive_84.9"", ""unavailable""], [""exclusive_84.86"", ""median_6m""], [""exclusive_84.94"", ""unavailable""], [""exclusive_114.7"", ""unavailable""]]",현재 확보 자료로 재구성한 과거 추정치; 과거 세대 구성 미확인,False,555b475dcef496b2254b825ba10b0724d7994196dba4c4e18f34e7f5aa4db599,54cb25d3544257419c8c9faa1ee168a8848dbea69689888cc0985fdd2c7a4797,ed22070000c1f425633073aec41cd0475b986c3ad372d2a8aae8d6171a317f44,f2a5f0d6492eb8372b471470,2026-09-18T13:45:05.713829+09:00
2026-08,A60939005,금정산 2차 쌍용 예가,금정구,장전동,565.0,565,0,1.0,0.0,0.0,0.0,0.0,,,,,True,산정 불완전,가격 부족 또는 면적 연결 미확인,5ab53d7016f3145b29ed5341db95aa47a578ab2d842145ffe192835273b57104,"[[""exclusive_75.97"", ""unavailable""], [""exclusive_84.96"", ""unavailable""], [""exclusive_84.94"", ""unavailable""]]",현재 확보 자료로 재구성한 과거 추정치; 과거 세대 구성 미확인,False,555b475dcef496b2254b825ba10b0724d7994196dba4c4e18f34e7f5aa4db599,54cb25d3544257419c8c9faa1ee168a8848dbea69689888cc0985fdd2c7a4797,ed22070000c1f425633073aec41cd0475b986c3ad372d2a8aae8d6171a317f44,f2a5f0d6492eb8372b471470,2026-09-18T13:45:05.713829+09:00
2026-08,A10024226,삼한골든뷰에듀스테이션,금정구,부곡동,610.0,610,0,1.0,0.0,0.0,0.0,0.0,,,,,True,산정 불완전,가격 부족 또는 면적 연결 미확인,32ce3a12ddd3ebeed867809dc54ee63d44e18a749900a999dbf1d473b08a6757,"[[""exclusive_59.94"", ""unavailable""], [""exclusive_59.82"", ""unavailable""], [""exclusive_59.99"", ""unavailable""], [""exclusive_84.66"", ""unavailable""], [""exclusive_84.98"", ""unavailable""], [""exclusive_107.98"", ""unavailable""]]",현재 확보 자료로 재구성한 과거 추정치; 과거 세대 구성 미확인,False,555b475dcef496b2254b825ba10b0724d7994196dba4c4e18f34e7f5aa4db599,54cb25d3544257419c8c9faa1ee168a8848dbea69689888cc0985fdd2c7a4797,ed22070000c1f425633073aec41cd0475b986c3ad372d2a8aae8d6171a317f44,f2a5f0d6492eb8372b471470,2026-09-18T13:45:05.713829+09:00
2026-08,A60932003,부곡동푸르지오아파트,금정구,부곡동,540.0,540,540,1.0,1.0,0.26296296296296295,0.5,0.23703703703703705,255432000000.0,255432000000.0,473022222.2222222,,True,C,,cddc0347b0f466f01179611b1579bfba47cfcd9e028b38bd2fb046a05e58b12a,"[[""exclusive_84.41"", ""median_6m""], [""exclusive_84.81"", ""median_3m""], [""exclusive_107.89"", ""median_12m""], [""exclusive_145.64"", ""median_6m""]]",현재 확보 자료로 재구성한 과거 추정치; 과거 세대 구성 미확인,False,555b475dcef496b2254b825ba10b0724d7994196dba4c4e18f34e7f5aa4db599,54cb25d3544257419c8c9faa1ee168a8848dbea69689888cc0985fdd2c7a4797,ed22070000c1f425633073aec41cd0475b986c3ad372d2a8aae8d6171a317f44,f2a5f0d6492eb8372b471470,2026-09-18T13:45:05.713829+09:00
2026-08,A60970301,부곡대우아파트,금정구,부곡동,1270.0,1270,676,1.0,0.5322834645669291,0.0,0.4582677165354331,0.07401574803149606,,275542000000.0,,,True,산정 불완전,가격 부족 또는 면적 연결 미확인,c13655e3c37d226c22b22fc39de155bf378e959cd67e74fa3006bc0d1e098318,"[[""exclusive_40.95"", ""median_6m""], [""exclusive_59.93"", ""median_6m""], [""exclusive_84.96"", ""unavailable""], [""exclusive_84.95"", ""median_6m""], [""exclusive_114.99"", ""unavailable""], [""exclusive_134.64"", ""unavailable""], [""exclusive_155.31"", ""small_sample""]]",현재 확보 자료로 재구성한 과거 추정치; 과거 세대 구성 미확인,False,555b475dcef496b2254b825ba10b0724d7994196dba4c4e18f34e7f5aa4db599,54cb25d3544257419c8c9faa1ee168a8848dbea69689888cc0985fdd2c7a4797,ed22070000c1f425633073aec41cd0475b986c3ad372d2a8aae8d6171a317f44,f2a5f0d6492eb8372b471470,2026-09-18T13:45:05.713829+09:00
2026-08,A60975303,경남한신,금정구,부곡동,1408.0,1408,1408,1.0,1.0,0.7272727272727273,0.2159090909090909,0.056818181818181816,507952000000.0,507952000000.0,360761363.6363636,,True,D,,ec8d4cd67672b6890ebbb2b3551e7d48af7b8422d08ed14ee1fa3674a031facf,"[[""exclusive_59.99"", ""median_3m""], [""exclusive_84.95"", ""median_3m""], [""exclusive_115.51"", ""median_6m""], [""exclusive_134.12"", ""median_6m""], [""exclusive_170.76"", ""small_sample""]]",현재 확보 자료로 재구성한 과거 추정치; 과거 세대 구성 미확인,False,555b475dcef496b2254b825ba10b0724d7994196dba4c4e18f34e7f5aa4db599,54cb25d3544257419c8c9faa1ee168a8848dbea69689888cc0985fdd2c7a4797,ed22070000c1f425633073aec41cd0475b986c3ad372d2a8aae8d6171a317f44,f2a5f0d6492eb8372b471470,2026-09-18T13:45:05.713829+09:00
2026-08,A60975404,부곡뉴그린아파트,금정구,부곡동,990.0,990,780,1.0,0.7878787878787878,0.25757575757575757,0.2727272727272727,0.25757575757575757,,104160000000.0,,,True,산정 불완전,가격 부족 또는 면적 연결 미확인,6fca7210ffe20195c57e2adabeb39eca6aa57f683e43f81e0e9ae793809c2a9a,"[[""exclusive_57.33"", ""unavailable""], [""exclusive_54.9"", ""median_3m""], [""exclusive_58.59"", ""small_sample""], [""exclusive_58.41"", ""unavailable""], [""exclusive_57.15"", ""median_6m""], [""exclusive_59.76"", ""median_12m""]]",현재 확보 자료로 재구성한 과거 추정치; 과거 세대 구성 미확인,False,555b475dcef496b2254b825ba10b0724d7994196dba4c4e18f34e7f5aa4db599,54cb25d3544257419c8c9faa1ee168a8848dbea69689888cc0985fdd2c7a4797,ed22070000c1f425633073aec41cd0475b986c3ad372d2a8aae8d6171a317f44,f2a5f0d6492eb8372b471470,2026-09-18T13:45:05.713829+09:00
2026-08,A60975502,부곡SK아파트,금정구,부곡동,1084.0,1084,922,1.0,0.8505535055350554,0.18450184501845018,0.0,0.6660516605166051,,393417400000.0,,,True,산정 불완전,가격 부족 또는 면적 연결 미확인,ac02e0336beb49ee6ac8f7ce967ed4a315c320fe6eee394b334c2fe51eae0512,"[[""exclusive_30.78"", ""small_sample""], [""exclusive_47.19"", ""small_sample""], [""exclusive_59.91"", ""median_3m""], [""exclusive_59.81"", ""unavailable""], [""exclusive_84.93"", ""median_12m""], [""exclusive_134.82"", ""small_sample""], [""exclusive_163.85"", ""small_sample""]]",현재 확보 자료로 재구성한 과거 추정치; 과거 세대 구성 미확인,False,555b475dcef496b2254b825ba10b0724d7994196dba4c4e18f34e7f5aa4db599,54cb25d3544257419c8c9faa1ee168a8848dbea69689888cc0985fdd2c7a4797,ed22070000c1f425633073aec41cd0475b986c3ad372d2a8aae8d6171a317f44,f2a5f0d6492eb8372b471470,2026-09-18T13:45:05.713829+09:00
2026-08,A60976501,부곡시영,금정구,부곡동,553.0,0,0,0.0,0.0,0.0,0.0,0.0,,,,,True,산정 불완전,평형별 세대수 보완 필요; 임대·혼합 또는 분양 범위 미확인,c38eb7731a2edbf2c405dc922468ded84aa651100a03e86668e60fb8b6b0b8e7,[],현재 확보 자료로 재구성한 과거 추정치; 과거 세대 구성 미확인,False,555b475dcef496b2254b825ba10b0724d7994196dba4c4e18f34e7f5aa4db599,54cb25d3544257419c8c9faa1ee168a8848dbea69689888cc0985fdd2c7a4797,ed22070000c1f425633073aec41cd0475b986c3ad372d2a8aae8d6171a317f44,f2a5f0d6492eb8372b471470,2026-09-18T13:45:05.713829+09:00
2026-08,A60976502,부곡늘푸른아파트,금정구,부곡동,885.0,0,0,0.0,0.0,0.0,0.0,0.0,,,,,True,산정 불완전,평형별 세대수 보완 필요,c38eb7731a2edbf2c405dc922468ded84aa651100a03e86668e60fb8b6b0b8e7,[],현재 확보 자료로 재구성한 과거 추정치; 과거 세대 구성 미확인,False,555b475dcef496b2254b825ba10b0724d7994196dba4c4e18f34e7f5aa4db599,54cb25d3544257419c8c9faa1ee168a8848dbea69689888cc0985fdd2c7a4797,ed22070000c1f425633073aec41cd0475b986c3ad372d2a8aae8d6171a317f44,f2a5f0d6492eb8372b471470,2026-09-18T13:45:05.713829+09:00
2026-08,A60982103,우신뉴타운,금정구,부곡동,552.0,552,506,1.0,0.9166666666666666,0.0,0.0,0.9166666666666666,,160599500000.0,,,True,산정 불완전,가격 부족 또는 면적 연결 미확인,fb07f9a621850fe330e197eb4e49fab69a3f1dd17a088f1b60c4c0ef419e78c8,"[[""exclusive_59.82"", ""median_12m""], [""exclusive_84.87"", ""median_12m""], [""exclusive_134.4"", ""median_12m""], [""exclusive_180.16"", ""unavailable""]]",현재 확보 자료로 재구성한 과거 추정치; 과거 세대 구성 미확인,False,555b475dcef496b2254b825ba10b0724d7994196dba4c4e18f34e7f5aa4db599,54cb25d3544257419c8c9faa1ee168a8848dbea69689888cc0985fdd2c7a4797,ed22070000c1f425633073aec41cd0475b986c3ad372d2a8aae8d6171a317f44,f2a5f0d6492eb8372b471470,2026-09-18T13:45:05.713829+09:00
2026-08,A10020020,부산에코델타시티 디에트르 더 퍼스트아파트,강서구,강동동,972.0,972,0,1.0,0.0,0.0,0.0,0.0,,,,,True,산정 불완전,가격 부족 또는 면적 연결 미확인,903347b4d79874ec1806945b2afc485be3a10819932cfe258b8a7ecd46779909,"[[""exclusive_84.99"", ""unavailable""], [""exclusive_110.98"", ""unavailable""], [""exclusive_110.96"", ""unavailable""]]",현재 확보 자료로 재구성한 과거 추정치; 과거 세대 구성 미확인,False,555b475dcef496b2254b825ba10b0724d7994196dba4c4e18f34e7f5aa4db599,54cb25d3544257419c8c9faa1ee168a8848dbea69689888cc0985fdd2c7a4797,ed22070000c1f425633073aec41cd0475b986c3ad372d2a8aae8d6171a317f44,f2a5f0d6492eb8372b471470,2026-09-18T13:45:05.713829+09:00
2026-08,A10020264,에코델타 더 베르힐 아파트,강서구,강동동,1120.0,1120,0,1.0,0.0,0.0,0.0,0.0,,,,,True,산정 불완전,가격 부족 또는 면적 연결 미확인,6ab97ecf6491dcdd445bfdea7fdbba128703d15c1763f244c2dc8b21cabca9dc,"[[""exclusive_84.42"", ""unavailable""], [""exclusive_84.95"", ""unavailable""], [""exclusive_84.98"", ""unavailable""], [""exclusive_106.42"", ""unavailable""]]",현재 확보 자료로 재구성한 과거 추정치; 과거 세대 구성 미확인,False,555b475dcef496b2254b825ba10b0724d7994196dba4c4e18f34e7f5aa4db599,54cb25d3544257419c8c9faa1ee168a8848dbea69689888cc0985fdd2c7a4797,ed22070000c1f425633073aec41cd0475b986c3ad372d2a8aae8d6171a317f44,f2a5f0d6492eb8372b471470,2026-09-18T13:45:05.713829+09:00
2026-08,A10020378,에코델타시티 푸르지오린,강서구,강동동,895.0,886,0,0.9899441340782122,0.0,0.0,0.0,0.0,,,,,True,산정 불완전,평형 세대수 합계 불일치; 가격 부족 또는 면적 연결 미확인,b8ee178e7caa22d7def9f31886d3286e0411d32290a0029100c6c47c0d1e2222,"[[""exclusive_84.9"", ""unavailable""], [""exclusive_84.95"", ""unavailable""], [""exclusive_95.34"", ""unavailable""], [""exclusive_93.79"", ""unavailable""], [""exclusive_95.38"", ""unavailable""], [""exclusive_99.66"", ""unavailable""], [""exclusive_103.2"", ""unavailable""], [""exclusive_110.44"", ""unavailable""]]",현재 확보 자료로 재구성한 과거 추정치; 과거 세대 구성 미확인,False,555b475dcef496b2254b825ba10b0724d7994196dba4c4e18f34e7f5aa4db599,54cb25d3544257419c8c9faa1ee168a8848dbea69689888cc0985fdd2c7a4797,ed22070000c1f425633073aec41cd0475b986c3ad372d2a8aae8d6171a317f44,f2a5f0d6492eb8372b471470,2026-09-18T13:45:05.713829+09:00
2026-08,A10020569,에코델타시티 푸르지오 센터파크,강서구,강동동,972.0,972,0,1.0,0.0,0.0,0.0,0.0,,,,,True,산정 불완전,가격 부족 또는 면적 연결 미확인,02d6dccdf196dbfc2adfe972a465b1e93a417d5c880810fe3a5e11977b871c70,"[[""exclusive_74.42"", ""unavailable""], [""exclusive_74.96"", ""unavailable""], [""exclusive_84.88"", ""unavailable""], [""exclusive_84.65"", ""unavailable""], [""exclusive_84.59"", ""unavailable""], [""exclusive_84.72"", ""unavailable""], [""exclusive_84.76"", ""unavailable""], [""exclusive_84.97"", ""unavailable""], [""exclusive_84.56"", ""unavailable""]]",현재 확보 자료로 재구성한 과거 추정치; 과거 세대 구성 미확인,False,555b475dcef496b2254b825ba10b0724d7994196dba4c4e18f34e7f5aa4db599,54cb25d3544257419c8c9faa1ee168a8848dbea69689888cc0985fdd2c7a4797,ed22070000c1f425633073aec41cd0475b986c3ad372d2a8aae8d6171a317f44,f2a5f0d6492eb8372b471470,2026-09-18T13:45:05.713829+09:00
2026-08,A10020645,강서자이 에코델타,강서구,강동동,856.0,856,0,1.0,0.0,0.0,0.0,0.0,,,,,True,산정 불완전,가격 부족 또는 면적 연결 미확인,f1de8b35f7d67781b084de5ce7542583ce49055a03dbd036aa0b09493d309ef4,"[[""exclusive_70.23"", ""unavailable""], [""exclusive_70.44"", ""unavailable""], [""exclusive_84.4"", ""unavailable""], [""exclusive_84.21"", ""unavailable""], [""exclusive_84.32"", ""unavailable""], [""exclusive_84.26"", ""unavailable""], [""exclusive_84.2"", ""unavailable""], [""exclusive_84.45"", ""unavailable""]]",현재 확보 자료로 재구성한 과거 추정치; 과거 세대 구성 미확인,False,555b475dcef496b2254b825ba10b0724d7994196dba4c4e18f34e7f5aa4db599,54cb25d3544257419c8c9faa1ee168a8848dbea69689888cc0985fdd2c7a4797,ed22070000c1f425633073aec41cd0475b986c3ad372d2a8aae8d6171a317f44,f2a5f0d6492eb8372b471470,2026-09-18T13:45:05.713829+09:00
2026-08,A10020649,e편한세상 에코델타 센터포인트,강서구,강동동,953.0,953,0,1.0,0.0,0.0,0.0,0.0,,,,,True,산정 불완전,가격 부족 또는 면적 연결 미확인,6db29b539de10d074f60014d76a61de5b47ef3c904ac1aa1529c389adc32d382,"[[""exclusive_68.97"", ""unavailable""], [""exclusive_68.99"", ""unavailable""], [""exclusive_71.81"", ""unavailable""], [""exclusive_79.99"", ""unavailable""], [""exclusive_79.98"", ""unavailable""], [""exclusive_84.98"", ""unavailable""], [""exclusive_84.99"", ""unavailable""]]",현재 확보 자료로 재구성한 과거 추정치; 과거 세대 구성 미확인,False,555b475dcef496b2254b825ba10b0724d7994196dba4c4e18f34e7f5aa4db599,54cb25d3544257419c8c9faa1ee168a8848dbea69689888cc0985fdd2c7a4797,ed22070000c1f425633073aec41cd0475b986c3ad372d2a8aae8d6171a317f44,f2a5f0d6492eb8372b471470,2026-09-18T13:45:05.713829+09:00
2026-08,A10022541,에코델타 스마트시티 수자인,강서구,강동동,554.0,554,0,1.0,0.0,0.0,0.0,0.0,,,,,True,산정 불완전,가격 부족 또는 면적 연결 미확인,de7ba43dc80241d8c735687b153f46f01cd379472c91a461c6c8216b19a8eb9c,"[[""exclusive_102.02"", ""unavailable""], [""exclusive_107.84"", ""unavailable""], [""exclusive_132.46"", ""unavailable""], [""exclusive_132.24"", ""unavailable""], [""exclusive_132.96"", ""unavailable""]]",현재 확보 자료로 재구성한 과거 추정치; 과거 세대 구성 미확인,False,555b475dcef496b2254b825ba10b0724d7994196dba4c4e18f34e7f5aa4db599,54cb25d3544257419c8c9faa1ee168a8848dbea69689888cc0985fdd2c7a4797,ed22070000c1f425633073aec41cd0475b986c3ad372d2a8aae8d6171a317f44,f2a5f0d6492eb8372b471470,2026-09-18T13:45:05.713829+09:00
2026-08,A10022696,부산호반써밋스마트시티아파트,강서구,강동동,526.0,526,0,1.0,0.0,0.0,0.0,0.0,,,,,True,산정 불완전,가격 부족 또는 면적 연결 미확인,6d77aa11862c9bac2f0816e4a389b0f51264dc1d053072eab7f1014a2e34b6f1,"[[""exclusive_84.93"", ""unavailable""], [""exclusive_84.88"", ""unavailable""], [""exclusive_84.91"", ""unavailable""]]",현재 확보 자료로 재구성한 과거 추정치; 과거 세대 구성 미확인,False,555b475dcef496b2254b825ba10b0724d7994196dba4c4e18f34e7f5aa4db599,54cb25d3544257419c8c9faa1ee168a8848dbea69689888cc0985fdd2c7a4797,ed22070000c1f425633073aec41cd0475b986c3ad372d2a8aae8d6171a317f44,f2a5f0d6492eb8372b471470,2026-09-18T13:45:05.713829+09:00
2026-08,A10024664,더샵명지퍼스트월드3단지,강서구,명지동,1530.0,1530,0,1.0,0.0,0.0,0.0,0.0,,,,,True,산정 불완전,가격 부족 또는 면적 연결 미확인,68aad70c991e757d8dc714d434b5732678ebbca942fb7ca73792811f4ad75f32,"[[""exclusive_80.78"", ""unavailable""], [""exclusive_84.99"", ""unavailable""], [""exclusive_84.95"", ""unavailable""], [""exclusive_99.92"", ""unavailable""], [""exclusive_113.93"", ""unavailable""]]",현재 확보 자료로 재구성한 과거 추정치; 과거 세대 구성 미확인,False,555b475dcef496b2254b825ba10b0724d7994196dba4c4e18f34e7f5aa4db599,54cb25d3544257419c8c9faa1ee168a8848dbea69689888cc0985fdd2c7a4797,ed22070000c1f425633073aec41cd0475b986c3ad372d2a8aae8d6171a317f44,f2a5f0d6492eb8372b471470,2026-09-18T13:45:05.713829+09:00
2026-08,A10024697,더샵명지퍼스트월드2단지아파트,강서구,명지동,1406.0,1406,0,1.0,0.0,0.0,0.0,0.0,,,,,True,산정 불완전,가격 부족 또는 면적 연결 미확인,76948b33ff01650b9b0bb59cf3649b5a19c6368dca0975a99a9b4f37a108be4c,"[[""exclusive_80.78"", ""unavailable""], [""exclusive_84.99"", ""unavailable""], [""exclusive_84.95"", ""unavailable""], [""exclusive_99.92"", ""unavailable""], [""exclusive_113.93"", ""unavailable""]]",현재 확보 자료로 재구성한 과거 추정치; 과거 세대 구성 미확인,False,555b475dcef496b2254b825ba10b0724d7994196dba4c4e18f34e7f5aa4db599,54cb25d3544257419c8c9faa1ee168a8848dbea69689888cc0985fdd2c7a4797,ed22070000c1f425633073aec41cd0475b986c3ad372d2a8aae8d6171a317f44,f2a5f0d6492eb8372b471470,2026-09-18T13:45:05.713829+09:00
2026-08,A10025776,더 힐 시그니처,강서구,명지동,1210.0,1210,0,1.0,0.0,0.0,0.0,0.0,,,,,True,산정 불완전,가격 부족 또는 면적 연결 미확인,4cd885a2934a94f0e6e9a04e84a1ecb0ec8de98445f45b8158e19aa82c13272c,"[[""exclusive_91.63"", ""unavailable""], [""exclusive_135.3"", ""unavailable""], [""exclusive_135.8"", ""unavailable""], [""exclusive_135.55"", ""unavailable""]]",현재 확보 자료로 재구성한 과거 추정치; 과거 세대 구성 미확인,False,555b475dcef496b2254b825ba10b0724d7994196dba4c4e18f34e7f5aa4db599,54cb25d3544257419c8c9faa1ee168a8848dbea69689888cc0985fdd2c7a4797,ed22070000c1f425633073aec41cd0475b986c3ad372d2a8aae8d6171a317f44,f2a5f0d6492eb8372b471470,2026-09-18T13:45:05.713829+09:00
2026-08,A10025923,스위트팰리스,강서구,명지동,908.0,142,22,0.15638766519823788,0.024229074889867842,0.0,0.0,0.024229074889867842,,8800000000.0,,,True,산정 불완전,평형 세대수 합계 불일치; 임대·혼합 또는 분양 범위 미확인; 가격 부족 또는 면적 연결 미확인,7f6fd5e57416886bdbd0ff332794d88437d8bda172ae480ab5777ef457a2b769,"[[""exclusive_74.84"", ""unavailable""], [""exclusive_74.9"", ""unavailable""], [""exclusive_84.88"", ""small_sample""]]",현재 확보 자료로 재구성한 과거 추정치; 과거 세대 구성 미확인,False,555b475dcef496b2254b825ba10b0724d7994196dba4c4e18f34e7f5aa4db599,54cb25d3544257419c8c9faa1ee168a8848dbea69689888cc0985fdd2c7a4797,ed22070000c1f425633073aec41cd0475b986c3ad372d2a8aae8d6171a317f44,f2a5f0d6492eb8372b471470,2026-09-18T13:45:05.713829+09:00
2026-08,A10025932,명지금강펜테리움센트럴파크3차,강서구,명지동,870.0,0,0,0.0,0.0,0.0,0.0,0.0,,,,,True,산정 불완전,평형별 세대수 보완 필요; 임대·혼합 또는 분양 범위 미확인,c38eb7731a2edbf2c405dc922468ded84aa651100a03e86668e60fb8b6b0b8e7,[],현재 확보 자료로 재구성한 과거 추정치; 과거 세대 구성 미확인,False,555b475dcef496b2254b825ba10b0724d7994196dba4c4e18f34e7f5aa4db599,54cb25d3544257419c8c9faa1ee168a8848dbea69689888cc0985fdd2c7a4797,ed22070000c1f425633073aec41cd0475b986c3ad372d2a8aae8d6171a317f44,f2a5f0d6492eb8372b471470,2026-09-18T13:45:05.713829+09:00
2026-08,A10026157,명지더웨스턴,강서구,명지동,1201.0,1201,1201,1.0,1.0,0.5886761032472939,0.32556203164029973,0.08576186511240633,475708000000.0,475708000000.0,396093255.6203164,,True,C,,91cc72db8a56e56931a321b5e103ebbcbb6312fb940194b5d6e07457f5f8bcbc,"[[""exclusive_74.62"", ""median_3m""], [""exclusive_74.8"", ""median_6m""], [""exclusive_84.56"", ""median_12m""], [""exclusive_84.61"", ""median_6m""]]",현재 확보 자료로 재구성한 과거 추정치; 과거 세대 구성 미확인,False,555b475dcef496b2254b825ba10b0724d7994196dba4c4e18f34e7f5aa4db599,54cb25d3544257419c8c9faa1ee168a8848dbea69689888cc0985fdd2c7a4797,ed22070000c1f425633073aec41cd0475b986c3ad372d2a8aae8d6171a317f44,f2a5f0d6492eb8372b471470,2026-09-18T13:45:05.713829+09:00
2026-08,A10026445,중흥S-클래스에듀오션,강서구,명지동,750.0,750,0,1.0,0.0,0.0,0.0,0.0,,,,,True,산정 불완전,가격 부족 또는 면적 연결 미확인,94371d94bc2f602e8c34580a2b6d0b6bd8124d0f934616d1e796e2c26a145c18,"[[""exclusive_67.62"", ""unavailable""], [""exclusive_75.45"", ""unavailable""], [""exclusive_75.95"", ""unavailable""], [""exclusive_84.66"", ""unavailable""]]",현재 확보 자료로 재구성한 과거 추정치; 과거 세대 구성 미확인,False,555b475dcef496b2254b825ba10b0724d7994196dba4c4e18f34e7f5aa4db599,54cb25d3544257419c8c9faa1ee168a8848dbea69689888cc0985fdd2c7a4797,ed22070000c1f425633073aec41cd0475b986c3ad372d2a8aae8d6171a317f44,f2a5f0d6492eb8372b471470,2026-09-18T13:45:05.713829+09:00
2026-08,A10027139,호반써밋명지국제,강서구,명지동,694.0,694,0,1.0,0.0,0.0,0.0,0.0,,,,,True,산정 불완전,가격 부족 또는 면적 연결 미확인,8b36423aa7407e511c173de9a9ec2bbb8b3a840198ddc204edb7e9db06ecfed5,"[[""exclusive_70.74"", ""unavailable""], [""exclusive_70.8"", ""unavailable""], [""exclusive_70.81"", ""unavailable""], [""exclusive_84.8"", ""unavailable""]]",현재 확보 자료로 재구성한 과거 추정치; 과거 세대 구성 미확인,False,555b475dcef496b2254b825ba10b0724d7994196dba4c4e18f34e7f5aa4db599,54cb25d3544257419c8c9faa1ee168a8848dbea69689888cc0985fdd2c7a4797,ed22070000c1f425633073aec41cd0475b986c3ad372d2a8aae8d6171a317f44,f2a5f0d6492eb8372b471470,2026-09-18T13:45:05.713829+09:00
2026-08,A10027280,명지 협성휴포레,강서구,명지동,1664.0,1664,0,1.0,0.0,0.0,0.0,0.0,,,,,True,산정 불완전,가격 부족 또는 면적 연결 미확인,cdaff9195b7fcc2c4b6192e43f5d7a2830a19c1610debd53ba8642174eb7f644,"[[""exclusive_54.22"", ""unavailable""], [""exclusive_54.31"", ""unavailable""], [""exclusive_59.93"", ""unavailable""], [""exclusive_59.98"", ""unavailable""], [""exclusive_59.92"", ""unavailable""], [""exclusive_59.95"", ""unavailable""]]",현재 확보 자료로 재구성한 과거 추정치; 과거 세대 구성 미확인,False,555b475dcef496b2254b825ba10b0724d7994196dba4c4e18f34e7f5aa4db599,54cb25d3544257419c8c9faa1ee168a8848dbea69689888cc0985fdd2c7a4797,ed22070000c1f425633073aec41cd0475b986c3ad372d2a8aae8d6171a317f44,f2a5f0d6492eb8372b471470,2026-09-18T13:45:05.713829+09:00
2026-08,A10027282,중흥S클래스프라디움아파트,강서구,명지동,1033.0,1033,0,1.0,0.0,0.0,0.0,0.0,,,,,True,산정 불완전,가격 부족 또는 면적 연결 미확인,ed6b18b7358743b586f7fd436d7f084ea99b723e63e9505d644658b05463d782,"[[""exclusive_59.99"", ""unavailable""], [""exclusive_59.98"", ""unavailable""], [""exclusive_59.97"", ""unavailable""]]",현재 확보 자료로 재구성한 과거 추정치; 과거 세대 구성 미확인,False,555b475dcef496b2254b825ba10b0724d7994196dba4c4e18f34e7f5aa4db599,54cb25d3544257419c8c9faa1ee168a8848dbea69689888cc0985fdd2c7a4797,ed22070000c1f425633073aec41cd0475b986c3ad372d2a8aae8d6171a317f44,f2a5f0d6492eb8372b471470,2026-09-18T13:45:05.713829+09:00
2026-08,A10027581,명지대방노블랜드오션뷰2차아파트,강서구,명지동,600.0,600,0,1.0,0.0,0.0,0.0,0.0,,,,,True,산정 불완전,가격 부족 또는 면적 연결 미확인,b22758b1cecd57b7f52c61248bf5583d4de3162ab6405cc4cf81841e5e0d8191,"[[""exclusive_84.99"", ""unavailable""]]",현재 확보 자료로 재구성한 과거 추정치; 과거 세대 구성 미확인,False,555b475dcef496b2254b825ba10b0724d7994196dba4c4e18f34e7f5aa4db599,54cb25d3544257419c8c9faa1ee168a8848dbea69689888cc0985fdd2c7a4797,ed22070000c1f425633073aec41cd0475b986c3ad372d2a8aae8d6171a317f44,f2a5f0d6492eb8372b471470,2026-09-18T13:45:05.713829+09:00
2026-08,A10027621,명지2차 금강펜테리움 센트럴파크,강서구,명지동,670.0,670,0,1.0,0.0,0.0,0.0,0.0,,,,,True,산정 불완전,가격 부족 또는 면적 연결 미확인,67a85f63ac98d622b80ab4e151911a87f0bd85787c67ef92f3ea88a355c6e688,"[[""exclusive_66.52"", ""unavailable""], [""exclusive_66.06"", ""unavailable""], [""exclusive_66.66"", ""unavailable""], [""exclusive_84.25"", ""unavailable""], [""exclusive_84.32"", ""unavailable""]]",현재 확보 자료로 재구성한 과거 추정치; 과거 세대 구성 미확인,False,555b475dcef496b2254b825ba10b0724d7994196dba4c4e18f34e7f5aa4db599,54cb25d3544257419c8c9faa1ee168a8848dbea69689888cc0985fdd2c7a4797,ed22070000c1f425633073aec41cd0475b986c3ad372d2a8aae8d6171a317f44,f2a5f0d6492eb8372b471470,2026-09-18T13:45:05.713829+09:00
2026-08,A10027656,대방노블랜드오션뷰1차아파트,강서구,명지동,737.0,737,0,1.0,0.0,0.0,0.0,0.0,,,,,True,산정 불완전,가격 부족 또는 면적 연결 미확인,285ce831574a8c3b39ea6782a964eba48f3518a863960d2f753cee13b2a73c6d,"[[""exclusive_84.91"", ""unavailable""], [""exclusive_84.93"", ""unavailable""]]",현재 확보 자료로 재구성한 과거 추정치; 과거 세대 구성 미확인,False,555b475dcef496b2254b825ba10b0724d7994196dba4c4e18f34e7f5aa4db599,54cb25d3544257419c8c9faa1ee168a8848dbea69689888cc0985fdd2c7a4797,ed22070000c1f425633073aec41cd0475b986c3ad372d2a8aae8d6171a317f44,f2a5f0d6492eb8372b471470,2026-09-18T13:45:05.713829+09:00
2026-08,A10027698,명지 국제신도시 호반베르디움1차,강서구,명지동,642.0,642,0,1.0,0.0,0.0,0.0,0.0,,,,,True,산정 불완전,가격 부족 또는 면적 연결 미확인,f6fe11633ba2c1c277147015a565878fdbd1fbb324eabbcc1c6fd24916ccb3f4,"[[""exclusive_66.91"", ""unavailable""], [""exclusive_74.81"", ""unavailable""], [""exclusive_74.93"", ""unavailable""], [""exclusive_84.96"", ""unavailable""]]",현재 확보 자료로 재구성한 과거 추정치; 과거 세대 구성 미확인,False,555b475dcef496b2254b825ba10b0724d7994196dba4c4e18f34e7f5aa4db599,54cb25d3544257419c8c9faa1ee168a8848dbea69689888cc0985fdd2c7a4797,ed22070000c1f425633073aec41cd0475b986c3ad372d2a8aae8d6171a317f44,f2a5f0d6492eb8372b471470,2026-09-18T13:45:05.713829+09:00
2026-08,A10027918,명지1차금강펜테리움센트럴파크,강서구,명지동,850.0,850,0,1.0,0.0,0.0,0.0,0.0,,,,,True,산정 불완전,가격 부족 또는 면적 연결 미확인,3a22432abe2836388513ac529acb3d0674c270995ae9d09209166ba63db263a1,"[[""exclusive_61.25"", ""unavailable""], [""exclusive_84.39"", ""unavailable""], [""exclusive_84.25"", ""unavailable""], [""exclusive_84.24"", ""unavailable""]]",현재 확보 자료로 재구성한 과거 추정치; 과거 세대 구성 미확인,False,555b475dcef496b2254b825ba10b0724d7994196dba4c4e18f34e7f5aa4db599,54cb25d3544257419c8c9faa1ee168a8848dbea69689888cc0985fdd2c7a4797,ed22070000c1f425633073aec41cd0475b986c3ad372d2a8aae8d6171a317f44,f2a5f0d6492eb8372b471470,2026-09-18T13:45:05.713829+09:00
2026-08,A10027953,명지에일린의뜰아파트,강서구,명지동,980.0,980,0,1.0,0.0,0.0,0.0,0.0,,,,,True,산정 불완전,가격 부족 또는 면적 연결 미확인,3860ddda09656268d6df2f6c4d7bf04fda8069ba92b6230c3fe4bb6c3723ea13,"[[""exclusive_66.93"", ""unavailable""], [""exclusive_75.7"", ""unavailable""], [""exclusive_75.28"", ""unavailable""], [""exclusive_84.99"", ""unavailable""], [""exclusive_84.98"", ""unavailable""]]",현재 확보 자료로 재구성한 과거 추정치; 과거 세대 구성 미확인,False,555b475dcef496b2254b825ba10b0724d7994196dba4c4e18f34e7f5aa4db599,54cb25d3544257419c8c9faa1ee168a8848dbea69689888cc0985fdd2c7a4797,ed22070000c1f425633073aec41cd0475b986c3ad372d2a8aae8d6171a317f44,f2a5f0d6492eb8372b471470,2026-09-18T13:45:05.713829+09:00
2026-08,A10028117,명지삼정그린코아,강서구,명지동,610.0,610,0,1.0,0.0,0.0,0.0,0.0,,,,,True,산정 불완전,가격 부족 또는 면적 연결 미확인,e22d9eb9bad43db534c6f4fed96a552ef5016e7efc8a0f68cbc35d6bad59c515,"[[""exclusive_70.69"", ""unavailable""], [""exclusive_79.17"", ""unavailable""], [""exclusive_84.95"", ""unavailable""], [""exclusive_84.94"", ""unavailable""], [""exclusive_98.2"", ""unavailable""]]",현재 확보 자료로 재구성한 과거 추정치; 과거 세대 구성 미확인,False,555b475dcef496b2254b825ba10b0724d7994196dba4c4e18f34e7f5aa4db599,54cb25d3544257419c8c9faa1ee168a8848dbea69689888cc0985fdd2c7a4797,ed22070000c1f425633073aec41cd0475b986c3ad372d2a8aae8d6171a317f44,f2a5f0d6492eb8372b471470,2026-09-18T13:45:05.713829+09:00
2026-08,A61820001,명지롯데캐슬,강서구,명지동,1122.0,1122,1032,1.0,0.9197860962566845,0.31194295900178254,0.23707664884135474,0.37076648841354726,,389254000000.0,,,True,산정 불완전,가격 부족 또는 면적 연결 미확인,8d19b255ba009855f504bf4be72f45cf07af7d20b0eb98666a79cb81140f99c0,"[[""exclusive_84.94"", ""median_3m""], [""exclusive_84.93"", ""median_12m""], [""exclusive_101.88"", ""median_6m""], [""exclusive_125.79"", ""unavailable""], [""exclusive_126.77"", ""small_sample""], [""exclusive_147.94"", ""median_12m""]]",현재 확보 자료로 재구성한 과거 추정치; 과거 세대 구성 미확인,False,555b475dcef496b2254b825ba10b0724d7994196dba4c4e18f34e7f5aa4db599,54cb25d3544257419c8c9faa1ee168a8848dbea69689888cc0985fdd2c7a4797,ed22070000c1f425633073aec41cd0475b986c3ad372d2a8aae8d6171a317f44,f2a5f0d6492eb8372b471470,2026-09-18T13:45:05.713829+09:00
2026-08,A61870404,퀸덤1차아인슈타인타운,강서구,명지동,1112.0,1112,1044,1.0,0.9388489208633094,0.0,0.2158273381294964,0.7230215827338129,,394281000000.0,,,True,산정 불완전,가격 부족 또는 면적 연결 미확인,d7bec0dee3770a41ee0be2a2a97521d40d1f84cb458b2ae2523d82e6ac98b005,"[[""exclusive_84.97"", ""median_6m""], [""exclusive_84.85"", ""median_12m""], [""exclusive_101.4"", ""median_12m""], [""exclusive_101.86"", ""small_sample""], [""exclusive_117.27"", ""median_12m""], [""exclusive_116.02"", ""small_sample""], [""exclusive_144.5"", ""unavailable""]]",현재 확보 자료로 재구성한 과거 추정치; 과거 세대 구성 미확인,False,555b475dcef496b2254b825ba10b0724d7994196dba4c4e18f34e7f5aa4db599,54cb25d3544257419c8c9faa1ee168a8848dbea69689888cc0985fdd2c7a4797,ed22070000c1f425633073aec41cd0475b986c3ad372d2a8aae8d6171a317f44,f2a5f0d6492eb8372b471470,2026-09-18T13:45:05.713829+09:00
2026-08,A61870405,영어도시퀸덤1차링컨타운,강서구,명지동,1102.0,1102,1027,1.0,0.9319419237749547,0.0,0.23593466424682397,0.6960072595281307,,402679500000.0,,,True,산정 불완전,가격 부족 또는 면적 연결 미확인,fc97723dbfe111618750113bf04c83ed26a50daa564dd4e3e83243708c092bcb,"[[""exclusive_84.97"", ""small_sample""], [""exclusive_84.85"", ""median_12m""], [""exclusive_84.81"", ""small_sample""], [""exclusive_84.84"", ""median_12m""], [""exclusive_101.4"", ""median_6m""], [""exclusive_101.86"", ""small_sample""], [""exclusive_101.88"", ""small_sample""], [""exclusive_117.27"", ""median_12m""], [""exclusive_116.55"", ""small_sample""], [""exclusive_116.02"", ""unavailable""], [""exclusive_144.5"", ""small_sample""], [""exclusive_232.09"", ""unavailable""]]",현재 확보 자료로 재구성한 과거 추정치; 과거 세대 구성 미확인,False,555b475dcef496b2254b825ba10b0724d7994196dba4c4e18f34e7f5aa4db599,54cb25d3544257419c8c9faa1ee168a8848dbea69689888cc0985fdd2c7a4797,ed22070000c1f425633073aec41cd0475b986c3ad372d2a8aae8d6171a317f44,f2a5f0d6492eb8372b471470,2026-09-18T13:45:05.713829+09:00
2026-08,A61870406,영어도시퀸덤에디슨타운,강서구,명지동,652.0,652,477,1.0,0.7315950920245399,0.0,0.0,0.7315950920245399,,182165000000.0,,,True,산정 불완전,가격 부족 또는 면적 연결 미확인,a6da98068bf63fadcb833c964a8312f8e5b4bbb00acf254ea0a6a0578fd83e3d,"[[""exclusive_84.97"", ""small_sample""], [""exclusive_84.85"", ""unavailable""], [""exclusive_84.81"", ""small_sample""], [""exclusive_84.84"", ""median_12m""], [""exclusive_101.86"", ""unavailable""], [""exclusive_101.4"", ""small_sample""], [""exclusive_117.27"", ""median_12m""], [""exclusive_144.5"", ""unavailable""], [""exclusive_232.09"", ""unavailable""]]",현재 확보 자료로 재구성한 과거 추정치; 과거 세대 구성 미확인,False,555b475dcef496b2254b825ba10b0724d7994196dba4c4e18f34e7f5aa4db599,54cb25d3544257419c8c9faa1ee168a8848dbea69689888cc0985fdd2c7a4797,ed22070000c1f425633073aec41cd0475b986c3ad372d2a8aae8d6171a317f44,f2a5f0d6492eb8372b471470,2026-09-18T13:45:05.713829+09:00
2026-08,A61870410,명지두산위브포세이돈,강서구,명지동,1256.0,1256,0,1.0,0.0,0.0,0.0,0.0,,,,,True,산정 불완전,가격 부족 또는 면적 연결 미확인,845de2fe20508ed4e19382dc4d99c6e1be3ed749061ad70abd63045e8a6b2b77,"[[""exclusive_70.86"", ""unavailable""], [""exclusive_84.98"", ""unavailable""], [""exclusive_84.97"", ""unavailable""], [""exclusive_127.79"", ""unavailable""]]",현재 확보 자료로 재구성한 과거 추정치; 과거 세대 구성 미확인,False,555b475dcef496b2254b825ba10b0724d7994196dba4c4e18f34e7f5aa4db599,54cb25d3544257419c8c9faa1ee168a8848dbea69689888cc0985fdd2c7a4797,ed22070000c1f425633073aec41cd0475b986c3ad372d2a8aae8d6171a317f44,f2a5f0d6492eb8372b471470,2026-09-18T13:45:05.713829+09:00
2026-08,A61870411,명지오션시티한신휴플러스,강서구,명지동,841.0,841,841,1.0,1.0,0.7919143876337693,0.1545778834720571,0.0535077288941736,263124000000.0,263124000000.0,312870392.3900119,,True,D,,9930b96a9027272d981235a56366534ac3e85578e4ee2fa8fa10669817282f9a,"[[""exclusive_74.65"", ""median_6m""], [""exclusive_74.74"", ""small_sample""], [""exclusive_84.99"", ""median_3m""]]",현재 확보 자료로 재구성한 과거 추정치; 과거 세대 구성 미확인,False,555b475dcef496b2254b825ba10b0724d7994196dba4c4e18f34e7f5aa4db599,54cb25d3544257419c8c9faa1ee168a8848dbea69689888cc0985fdd2c7a4797,ed22070000c1f425633073aec41cd0475b986c3ad372d2a8aae8d6171a317f44,f2a5f0d6492eb8372b471470,2026-09-18T13:45:05.713829+09:00
2026-08,A61881402,명지극동스타클래스,강서구,명지동,1124.0,1124,1107,1.0,0.9848754448398577,0.3087188612099644,0.5088967971530249,0.16725978647686832,,381669000000.0,,,True,산정 불완전,가격 부족 또는 면적 연결 미확인,3e435257037983944ed4dd61b7445bf43f8b1a686b6f4cf6d2179b8f065bc555,"[[""exclusive_84.97"", ""median_3m""], [""exclusive_84.99"", ""small_sample""], [""exclusive_101.96"", ""median_6m""], [""exclusive_101.99"", ""median_6m""], [""exclusive_101.92"", ""median_6m""], [""exclusive_114.49"", ""small_sample""], [""exclusive_133.77"", ""median_6m""], [""exclusive_149.87"", ""unavailable""], [""exclusive_202.34"", ""unavailable""]]",현재 확보 자료로 재구성한 과거 추정치; 과거 세대 구성 미확인,False,555b475dcef496b2254b825ba10b0724d7994196dba4c4e18f34e7f5aa4db599,54cb25d3544257419c8c9faa1ee168a8848dbea69689888cc0985fdd2c7a4797,ed22070000c1f425633073aec41cd0475b986c3ad372d2a8aae8d6171a317f44,f2a5f0d6492eb8372b471470,2026-09-18T13:45:05.713829+09:00
2026-08,A10025154,명지화전지구우방아이유쉘아파트,강서구,화전동,1515.0,0,0,0.0,0.0,0.0,0.0,0.0,,,,,True,산정 불완전,평형별 세대수 보완 필요,c38eb7731a2edbf2c405dc922468ded84aa651100a03e86668e60fb8b6b0b8e7,[],현재 확보 자료로 재구성한 과거 추정치; 과거 세대 구성 미확인,False,555b475dcef496b2254b825ba10b0724d7994196dba4c4e18f34e7f5aa4db599,54cb25d3544257419c8c9faa1ee168a8848dbea69689888cc0985fdd2c7a4797,ed22070000c1f425633073aec41cd0475b986c3ad372d2a8aae8d6171a317f44,f2a5f0d6492eb8372b471470,2026-09-18T13:45:05.713829+09:00
2026-08,A10027026,지사과학단지 삼정그린코아아파트,강서구,지사동,1013.0,1013,0,1.0,0.0,0.0,0.0,0.0,,,,,True,산정 불완전,가격 부족 또는 면적 연결 미확인,b58979032948da2289dd848842192f5a111968c309269560f694e5e820bc53d8,"[[""exclusive_59.95"", ""unavailable""], [""exclusive_59.98"", ""unavailable""], [""exclusive_59.99"", ""unavailable""], [""exclusive_66.3"", ""unavailable""], [""exclusive_75.23"", ""unavailable""], [""exclusive_81.33"", ""unavailable""]]",현재 확보 자료로 재구성한 과거 추정치; 과거 세대 구성 미확인,False,555b475dcef496b2254b825ba10b0724d7994196dba4c4e18f34e7f5aa4db599,54cb25d3544257419c8c9faa1ee168a8848dbea69689888cc0985fdd2c7a4797,ed22070000c1f425633073aec41cd0475b986c3ad372d2a8aae8d6171a317f44,f2a5f0d6492eb8372b471470,2026-09-18T13:45:05.713829+09:00
2026-08,A10028069,협성.DS엘리시안아파트,강서구,지사동,1277.0,1277,0,1.0,0.0,0.0,0.0,0.0,,,,,True,산정 불완전,가격 부족 또는 면적 연결 미확인,ade08971976b5fa9acb668fc87aa117fc95342c83d66388475b4af770b6338dd,"[[""exclusive_59.95"", ""unavailable""], [""exclusive_59.93"", ""unavailable""], [""exclusive_59.99"", ""unavailable""], [""exclusive_68.13"", ""unavailable""], [""exclusive_84.98"", ""unavailable""], [""exclusive_84.88"", ""unavailable""]]",현재 확보 자료로 재구성한 과거 추정치; 과거 세대 구성 미확인,False,555b475dcef496b2254b825ba10b0724d7994196dba4c4e18f34e7f5aa4db599,54cb25d3544257419c8c9faa1ee168a8848dbea69689888cc0985fdd2c7a4797,ed22070000c1f425633073aec41cd0475b986c3ad372d2a8aae8d6171a317f44,f2a5f0d6492eb8372b471470,2026-09-18T13:45:05.713829+09:00
2026-08,A61823001,지사휴먼시아,강서구,지사동,961.0,0,0,0.0,0.0,0.0,0.0,0.0,,,,,True,산정 불완전,평형별 세대수 보완 필요; 임대·혼합 또는 분양 범위 미확인,c38eb7731a2edbf2c405dc922468ded84aa651100a03e86668e60fb8b6b0b8e7,[],현재 확보 자료로 재구성한 과거 추정치; 과거 세대 구성 미확인,False,555b475dcef496b2254b825ba10b0724d7994196dba4c4e18f34e7f5aa4db599,54cb25d3544257419c8c9faa1ee168a8848dbea69689888cc0985fdd2c7a4797,ed22070000c1f425633073aec41cd0475b986c3ad372d2a8aae8d6171a317f44,f2a5f0d6492eb8372b471470,2026-09-18T13:45:05.713829+09:00
2026-08,A61823002,금강펜테리움,강서구,지사동,1111.0,1111,0,1.0,0.0,0.0,0.0,0.0,,,,,True,산정 불완전,가격 부족 또는 면적 연결 미확인,a06842ef693c1b6b857da86126e3c73c3d70e5a01832d146c41e3f0defa22b0a,"[[""exclusive_59.98"", ""unavailable""], [""exclusive_59.95"", ""unavailable""], [""exclusive_59.93"", ""unavailable""], [""exclusive_59.94"", ""unavailable""], [""exclusive_59.97"", ""unavailable""]]",현재 확보 자료로 재구성한 과거 추정치; 과거 세대 구성 미확인,False,555b475dcef496b2254b825ba10b0724d7994196dba4c4e18f34e7f5aa4db599,54cb25d3544257419c8c9faa1ee168a8848dbea69689888cc0985fdd2c7a4797,ed22070000c1f425633073aec41cd0475b986c3ad372d2a8aae8d6171a317f44,f2a5f0d6492eb8372b471470,2026-09-18T13:45:05.713829+09:00
2026-08,A61829001,신호윌더하임,강서구,신호동,671.0,671,0,1.0,0.0,0.0,0.0,0.0,,,,,True,산정 불완전,가격 부족 또는 면적 연결 미확인,385e7226535a9ae0cb2dda3c4783c8b850ae8743d74ae4cc801644c243bd8daa,"[[""exclusive_84.99"", ""unavailable""], [""exclusive_97.37"", ""unavailable""], [""exclusive_127.63"", ""unavailable""]]",현재 확보 자료로 재구성한 과거 추정치; 과거 세대 구성 미확인,False,555b475dcef496b2254b825ba10b0724d7994196dba4c4e18f34e7f5aa4db599,54cb25d3544257419c8c9faa1ee168a8848dbea69689888cc0985fdd2c7a4797,ed22070000c1f425633073aec41cd0475b986c3ad372d2a8aae8d6171a317f44,f2a5f0d6492eb8372b471470,2026-09-18T13:45:05.713829+09:00
2026-08,A61872201,부산신호사랑으로부영1차아파트,강서구,신호동,1064.0,40,0,0.03759398496240601,0.0,0.0,0.0,0.0,,,,,True,산정 불완전,평형 세대수 합계 불일치; 임대·혼합 또는 분양 범위 미확인; 가격 부족 또는 면적 연결 미확인,9ac2bb57f1d0e005afa2505ec8b3f694f67d8d147bd76f0f6bd0f14fef49ca7b,"[[""exclusive_147.1"", ""unavailable""]]",현재 확보 자료로 재구성한 과거 추정치; 과거 세대 구성 미확인,False,555b475dcef496b2254b825ba10b0724d7994196dba4c4e18f34e7f5aa4db599,54cb25d3544257419c8c9faa1ee168a8848dbea69689888cc0985fdd2c7a4797,ed22070000c1f425633073aec41cd0475b986c3ad372d2a8aae8d6171a317f44,f2a5f0d6492eb8372b471470,2026-09-18T13:45:05.713829+09:00
2026-08,A61872202,부산신호 사랑으로 부영2차아파트,강서구,신호동,1388.0,64,0,0.04610951008645533,0.0,0.0,0.0,0.0,,,,,True,산정 불완전,평형 세대수 합계 불일치; 임대·혼합 또는 분양 범위 미확인; 가격 부족 또는 면적 연결 미확인,dc6b3de6ee5c236fa76d34fc40f07e9ad4270932f37e186e46a960dc3552c554,"[[""exclusive_147.1"", ""unavailable""]]",현재 확보 자료로 재구성한 과거 추정치; 과거 세대 구성 미확인,False,555b475dcef496b2254b825ba10b0724d7994196dba4c4e18f34e7f5aa4db599,54cb25d3544257419c8c9faa1ee168a8848dbea69689888cc0985fdd2c7a4797,ed22070000c1f425633073aec41cd0475b986c3ad372d2a8aae8d6171a317f44,f2a5f0d6492eb8372b471470,2026-09-18T13:45:05.713829+09:00
2026-08,A61872203,부산신호사랑으로부영5차,강서구,신호동,1109.0,0,0,0.0,0.0,0.0,0.0,0.0,,,,,True,산정 불완전,평형별 세대수 보완 필요; 임대·혼합 또는 분양 범위 미확인,c38eb7731a2edbf2c405dc922468ded84aa651100a03e86668e60fb8b6b0b8e7,[],현재 확보 자료로 재구성한 과거 추정치; 과거 세대 구성 미확인,False,555b475dcef496b2254b825ba10b0724d7994196dba4c4e18f34e7f5aa4db599,54cb25d3544257419c8c9faa1ee168a8848dbea69689888cc0985fdd2c7a4797,ed22070000c1f425633073aec41cd0475b986c3ad372d2a8aae8d6171a317f44,f2a5f0d6492eb8372b471470,2026-09-18T13:45:05.713829+09:00
2026-08,A61872204,부산신호3사랑으로부영3차,강서구,신호동,1278.0,0,0,0.0,0.0,0.0,0.0,0.0,,,,,True,산정 불완전,평형별 세대수 보완 필요; 임대·혼합 또는 분양 범위 미확인,c38eb7731a2edbf2c405dc922468ded84aa651100a03e86668e60fb8b6b0b8e7,[],현재 확보 자료로 재구성한 과거 추정치; 과거 세대 구성 미확인,False,555b475dcef496b2254b825ba10b0724d7994196dba4c4e18f34e7f5aa4db599,54cb25d3544257419c8c9faa1ee168a8848dbea69689888cc0985fdd2c7a4797,ed22070000c1f425633073aec41cd0475b986c3ad372d2a8aae8d6171a317f44,f2a5f0d6492eb8372b471470,2026-09-18T13:45:05.713829+09:00
2026-08,A10022890,레이카운티 아파트,연제구,거제동,4470.0,4470,0,1.0,0.0,0.0,0.0,0.0,,,,,True,산정 불완전,임대·혼합 또는 분양 범위 미확인; 가격 부족 또는 면적 연결 미확인,ba3a10f4d7cf3e582358bf0c5936d69ec5e9f3bafa211493e3024325f55e177e,"[[""exclusive_59.98"", ""unavailable""], [""exclusive_59.99"", ""unavailable""], [""exclusive_84.82"", ""unavailable""], [""exclusive_84.98"", ""unavailable""], [""exclusive_75.93"", ""unavailable""], [""exclusive_75.9"", ""unavailable""], [""exclusive_101.65"", ""unavailable""], [""exclusive_101.86"", ""unavailable""], [""exclusive_114.64"", ""unavailable""], [""exclusive_114.94"", ""unavailable""], [""exclusive_39.43"", ""unavailable""], [""exclusive_49.86"", ""unavailable""]]",현재 확보 자료로 재구성한 과거 추정치; 과거 세대 구성 미확인,False,555b475dcef496b2254b825ba10b0724d7994196dba4c4e18f34e7f5aa4db599,54cb25d3544257419c8c9faa1ee168a8848dbea69689888cc0985fdd2c7a4797,ed22070000c1f425633073aec41cd0475b986c3ad372d2a8aae8d6171a317f44,f2a5f0d6492eb8372b471470,2026-09-18T13:45:05.713829+09:00
2026-08,A10025258,아시아드코오롱하늘채,연제구,거제동,660.0,0,0,0.0,0.0,0.0,0.0,0.0,,,,,True,산정 불완전,평형별 세대수 보완 필요,c38eb7731a2edbf2c405dc922468ded84aa651100a03e86668e60fb8b6b0b8e7,[],현재 확보 자료로 재구성한 과거 추정치; 과거 세대 구성 미확인,False,555b475dcef496b2254b825ba10b0724d7994196dba4c4e18f34e7f5aa4db599,54cb25d3544257419c8c9faa1ee168a8848dbea69689888cc0985fdd2c7a4797,ed22070000c1f425633073aec41cd0475b986c3ad372d2a8aae8d6171a317f44,f2a5f0d6492eb8372b471470,2026-09-18T13:45:05.713829+09:00
2026-08,A10025950,거제센트럴자이,연제구,거제동,878.0,878,0,1.0,0.0,0.0,0.0,0.0,,,,,True,산정 불완전,가격 부족 또는 면적 연결 미확인,8eb3ef69bbb263427401d9ed2a1f514f684f038089b79ff02c16884b62ffe8d9,"[[""exclusive_39.49"", ""unavailable""], [""exclusive_59.96"", ""unavailable""], [""exclusive_74.97"", ""unavailable""], [""exclusive_84.99"", ""unavailable""], [""exclusive_84.95"", ""unavailable""], [""exclusive_84.86"", ""unavailable""], [""exclusive_99.85"", ""unavailable""], [""exclusive_99.93"", ""unavailable""], [""exclusive_103.98"", ""unavailable""]]",현재 확보 자료로 재구성한 과거 추정치; 과거 세대 구성 미확인,False,555b475dcef496b2254b825ba10b0724d7994196dba4c4e18f34e7f5aa4db599,54cb25d3544257419c8c9faa1ee168a8848dbea69689888cc0985fdd2c7a4797,ed22070000c1f425633073aec41cd0475b986c3ad372d2a8aae8d6171a317f44,f2a5f0d6492eb8372b471470,2026-09-18T13:45:05.713829+09:00
2026-08,A61175804,거제현대아파트,연제구,거제동,618.0,618,618,1.0,1.0,0.0,0.36893203883495146,0.6310679611650486,261786000000.0,261786000000.0,423601941.74757284,,True,C,,5d5c1ba81af79325ec599ef14218c0f0722e3a218ffa3429db380d94634a168a,"[[""exclusive_72.77"", ""median_6m""], [""exclusive_84.96"", ""median_12m""]]",현재 확보 자료로 재구성한 과거 추정치; 과거 세대 구성 미확인,False,555b475dcef496b2254b825ba10b0724d7994196dba4c4e18f34e7f5aa4db599,54cb25d3544257419c8c9faa1ee168a8848dbea69689888cc0985fdd2c7a4797,ed22070000c1f425633073aec41cd0475b986c3ad372d2a8aae8d6171a317f44,f2a5f0d6492eb8372b471470,2026-09-18T13:45:05.713829+09:00
2026-08,A61176513,거제1차현대홈타운,연제구,거제동,1127.0,1127,1127,1.0,1.0,0.5199645075421473,0.09582963620230701,0.3842058562555457,717105000000.0,717105000000.0,636295474.7116238,,True,D,,79214fe96070035db2db569b1b2bed6e5c505dbc67f8c018b0492aa96af6da99,"[[""exclusive_59.84"", ""median_6m""], [""exclusive_59.93"", ""median_3m""], [""exclusive_70.71"", ""small_sample""], [""exclusive_84.93"", ""median_3m""], [""exclusive_84.96"", ""median_12m""], [""exclusive_128.09"", ""small_sample""], [""exclusive_156.42"", ""median_12m""], [""exclusive_179.77"", ""median_12m""]]",현재 확보 자료로 재구성한 과거 추정치; 과거 세대 구성 미확인,False,555b475dcef496b2254b825ba10b0724d7994196dba4c4e18f34e7f5aa4db599,54cb25d3544257419c8c9faa1ee168a8848dbea69689888cc0985fdd2c7a4797,ed22070000c1f425633073aec41cd0475b986c3ad372d2a8aae8d6171a317f44,f2a5f0d6492eb8372b471470,2026-09-18T13:45:05.713829+09:00
2026-08,A61176612,거제2차현대홈타운아파트,연제구,거제동,1110.0,1110,0,1.0,0.0,0.0,0.0,0.0,,,,,True,산정 불완전,가격 부족 또는 면적 연결 미확인,b9766484e2465797a025d005ea89bea7e82051890675b824dc8d33ecbc5cfa3f,"[[""exclusive_59.67"", ""unavailable""], [""exclusive_84.71"", ""unavailable""], [""exclusive_121.06"", ""unavailable""], [""exclusive_140.72"", ""unavailable""]]",현재 확보 자료로 재구성한 과거 추정치; 과거 세대 구성 미확인,False,555b475dcef496b2254b825ba10b0724d7994196dba4c4e18f34e7f5aa4db599,54cb25d3544257419c8c9faa1ee168a8848dbea69689888cc0985fdd2c7a4797,ed22070000c1f425633073aec41cd0475b986c3ad372d2a8aae8d6171a317f44,f2a5f0d6492eb8372b471470,2026-09-18T13:45:05.713829+09:00
2026-08,A61176709,거제쌍용스윗닷홈아파트,연제구,거제동,502.0,502,0,1.0,0.0,0.0,0.0,0.0,,,,,True,산정 불완전,가격 부족 또는 면적 연결 미확인,e561dcbd8c23c710231bcb670c052379d209d92c50bb08593447af47afe77ffd,"[[""exclusive_59.99"", ""unavailable""], [""exclusive_84.97"", ""unavailable""], [""exclusive_122.45"", ""unavailable""], [""exclusive_147.4"", ""unavailable""]]",현재 확보 자료로 재구성한 과거 추정치; 과거 세대 구성 미확인,False,555b475dcef496b2254b825ba10b0724d7994196dba4c4e18f34e7f5aa4db599,54cb25d3544257419c8c9faa1ee168a8848dbea69689888cc0985fdd2c7a4797,ed22070000c1f425633073aec41cd0475b986c3ad372d2a8aae8d6171a317f44,f2a5f0d6492eb8372b471470,2026-09-18T13:45:05.713829+09:00
2026-08,A61176911,거제동롯데캐슬아파트,연제구,거제동,540.0,540,0,1.0,0.0,0.0,0.0,0.0,,,,,True,산정 불완전,가격 부족 또는 면적 연결 미확인,6c9af097c47b5efd13c8915e9dd82af6e7b824b89afc96bf22e5d524f4614d7a,"[[""exclusive_59.66"", ""unavailable""], [""exclusive_84.93"", ""unavailable""], [""exclusive_103.16"", ""unavailable""]]",현재 확보 자료로 재구성한 과거 추정치; 과거 세대 구성 미확인,False,555b475dcef496b2254b825ba10b0724d7994196dba4c4e18f34e7f5aa4db599,54cb25d3544257419c8c9faa1ee168a8848dbea69689888cc0985fdd2c7a4797,ed22070000c1f425633073aec41cd0475b986c3ad372d2a8aae8d6171a317f44,f2a5f0d6492eb8372b471470,2026-09-18T13:45:05.713829+09:00
2026-08,A61177214,거제동월드메르디앙,연제구,거제동,1156.0,1156,0,1.0,0.0,0.0,0.0,0.0,,,,,True,산정 불완전,가격 부족 또는 면적 연결 미확인,dd6e8f9135f01b1d625381f37270e3d52ba18ab6c8f3882db9ca28dedd462ac5,"[[""exclusive_84.91"", ""unavailable""], [""exclusive_84.99"", ""unavailable""], [""exclusive_101.99"", ""unavailable""], [""exclusive_127.16"", ""unavailable""], [""exclusive_141.26"", ""unavailable""], [""exclusive_157.85"", ""unavailable""], [""exclusive_181.74"", ""unavailable""]]",현재 확보 자료로 재구성한 과거 추정치; 과거 세대 구성 미확인,False,555b475dcef496b2254b825ba10b0724d7994196dba4c4e18f34e7f5aa4db599,54cb25d3544257419c8c9faa1ee168a8848dbea69689888cc0985fdd2c7a4797,ed22070000c1f425633073aec41cd0475b986c3ad372d2a8aae8d6171a317f44,f2a5f0d6492eb8372b471470,2026-09-18T13:45:05.713829+09:00
2026-08,A61180503,유림아시아드아파트,연제구,거제동,1330.0,1330,350,1.0,0.2631578947368421,0.0,0.2631578947368421,0.0,,149625000000.0,,,True,산정 불완전,가격 부족 또는 면적 연결 미확인,0c7f57f06e6670785388403beca7b1fa166716110f7eed0586b142bfcca44c42,"[[""exclusive_45.06"", ""unavailable""], [""exclusive_59.93"", ""unavailable""], [""exclusive_84.38"", ""unavailable""], [""exclusive_84.97"", ""unavailable""], [""exclusive_84.78"", ""unavailable""], [""exclusive_130.89"", ""median_6m""], [""exclusive_146.1"", ""unavailable""], [""exclusive_168.53"", ""unavailable""]]",현재 확보 자료로 재구성한 과거 추정치; 과거 세대 구성 미확인,False,555b475dcef496b2254b825ba10b0724d7994196dba4c4e18f34e7f5aa4db599,54cb25d3544257419c8c9faa1ee168a8848dbea69689888cc0985fdd2c7a4797,ed22070000c1f425633073aec41cd0475b986c3ad372d2a8aae8d6171a317f44,f2a5f0d6492eb8372b471470,2026-09-18T13:45:05.713829+09:00
2026-08,A10020498,시청앞 행복주택1단지,연제구,연산동,589.0,0,0,0.0,0.0,0.0,0.0,0.0,,,,,True,산정 불완전,평형별 세대수 보완 필요; 임대·혼합 또는 분양 범위 미확인,c38eb7731a2edbf2c405dc922468ded84aa651100a03e86668e60fb8b6b0b8e7,[],현재 확보 자료로 재구성한 과거 추정치; 과거 세대 구성 미확인,False,555b475dcef496b2254b825ba10b0724d7994196dba4c4e18f34e7f5aa4db599,54cb25d3544257419c8c9faa1ee168a8848dbea69689888cc0985fdd2c7a4797,ed22070000c1f425633073aec41cd0475b986c3ad372d2a8aae8d6171a317f44,f2a5f0d6492eb8372b471470,2026-09-18T13:45:05.713829+09:00
2026-08,A10022365,연산포레서희스타힐스,연제구,연산동,612.0,612,0,1.0,0.0,0.0,0.0,0.0,,,,,True,산정 불완전,가격 부족 또는 면적 연결 미확인,05e507565684f3805f083105191304dbb1b7340551c2f7095287767e18b0d9ee,"[[""exclusive_75.85"", ""unavailable""], [""exclusive_84.85"", ""unavailable""], [""exclusive_84.94"", ""unavailable""]]",현재 확보 자료로 재구성한 과거 추정치; 과거 세대 구성 미확인,False,555b475dcef496b2254b825ba10b0724d7994196dba4c4e18f34e7f5aa4db599,54cb25d3544257419c8c9faa1ee168a8848dbea69689888cc0985fdd2c7a4797,ed22070000c1f425633073aec41cd0475b986c3ad372d2a8aae8d6171a317f44,f2a5f0d6492eb8372b471470,2026-09-18T13:45:05.713829+09:00
2026-08,A10023014,시청앞 행복주택2단지,연제구,연산동,999.0,0,0,0.0,0.0,0.0,0.0,0.0,,,,,True,산정 불완전,평형별 세대수 보완 필요; 임대·혼합 또는 분양 범위 미확인,c38eb7731a2edbf2c405dc922468ded84aa651100a03e86668e60fb8b6b0b8e7,[],현재 확보 자료로 재구성한 과거 추정치; 과거 세대 구성 미확인,False,555b475dcef496b2254b825ba10b0724d7994196dba4c4e18f34e7f5aa4db599,54cb25d3544257419c8c9faa1ee168a8848dbea69689888cc0985fdd2c7a4797,ed22070000c1f425633073aec41cd0475b986c3ad372d2a8aae8d6171a317f44,f2a5f0d6492eb8372b471470,2026-09-18T13:45:05.713829+09:00
2026-08,A10023526,힐스테이트연산 아파트,연제구,연산동,1651.0,1309,0,0.7928528164748637,0.0,0.0,0.0,0.0,,,,,True,산정 불완전,평형 세대수 합계 불일치; 임대·혼합 또는 분양 범위 미확인; 가격 부족 또는 면적 연결 미확인,c5c850127cb147d2a3866c1e3834cabb2e098b91f318d9ce8ac02e6126d2ca01,"[[""exclusive_39.92"", ""unavailable""], [""exclusive_59.97"", ""unavailable""], [""exclusive_74.67"", ""unavailable""], [""exclusive_84.96"", ""unavailable""], [""exclusive_84.95"", ""unavailable""], [""exclusive_84.9"", ""unavailable""]]",현재 확보 자료로 재구성한 과거 추정치; 과거 세대 구성 미확인,False,555b475dcef496b2254b825ba10b0724d7994196dba4c4e18f34e7f5aa4db599,54cb25d3544257419c8c9faa1ee168a8848dbea69689888cc0985fdd2c7a4797,ed22070000c1f425633073aec41cd0475b986c3ad372d2a8aae8d6171a317f44,f2a5f0d6492eb8372b471470,2026-09-18T13:45:05.713829+09:00
2026-08,A10024627,연산롯데캐슬골드포레,연제구,연산동,1230.0,1230,0,1.0,0.0,0.0,0.0,0.0,,,,,True,산정 불완전,가격 부족 또는 면적 연결 미확인,ccdcffeaa941bd68164c2c29389a8b10cbadba1aa74772b420e036481e9477e2,"[[""exclusive_39.87"", ""unavailable""], [""exclusive_59.94"", ""unavailable""], [""exclusive_59.84"", ""unavailable""], [""exclusive_72.83"", ""unavailable""], [""exclusive_84.98"", ""unavailable""], [""exclusive_84.99"", ""unavailable""], [""exclusive_105.79"", ""unavailable""]]",현재 확보 자료로 재구성한 과거 추정치; 과거 세대 구성 미확인,False,555b475dcef496b2254b825ba10b0724d7994196dba4c4e18f34e7f5aa4db599,54cb25d3544257419c8c9faa1ee168a8848dbea69689888cc0985fdd2c7a4797,ed22070000c1f425633073aec41cd0475b986c3ad372d2a8aae8d6171a317f44,f2a5f0d6492eb8372b471470,2026-09-18T13:45:05.713829+09:00
2026-08,A10025135,시청역 비스타동원아파트,연제구,연산동,740.0,740,0,1.0,0.0,0.0,0.0,0.0,,,,,True,산정 불완전,가격 부족 또는 면적 연결 미확인,16da810c5236e2d615ae9ebf18b634f23896c1d7f7d5fcf7fb2b3d8799834543,"[[""exclusive_84.99"", ""unavailable""], [""exclusive_84.98"", ""unavailable""], [""exclusive_84.97"", ""unavailable""]]",현재 확보 자료로 재구성한 과거 추정치; 과거 세대 구성 미확인,False,555b475dcef496b2254b825ba10b0724d7994196dba4c4e18f34e7f5aa4db599,54cb25d3544257419c8c9faa1ee168a8848dbea69689888cc0985fdd2c7a4797,ed22070000c1f425633073aec41cd0475b986c3ad372d2a8aae8d6171a317f44,f2a5f0d6492eb8372b471470,2026-09-18T13:45:05.713829+09:00
2026-08,A10025559,연산더샵아파트,연제구,연산동,1071.0,1071,0,1.0,0.0,0.0,0.0,0.0,,,,,True,산정 불완전,가격 부족 또는 면적 연결 미확인,1f5e0d6f15d109f76b51d51d850f05819a34df1427a34d9e0ee020f1f27d69f1,"[[""exclusive_39.96"", ""unavailable""], [""exclusive_59.88"", ""unavailable""], [""exclusive_74.9"", ""unavailable""], [""exclusive_84.98"", ""unavailable""], [""exclusive_84.78"", ""unavailable""], [""exclusive_84.77"", ""unavailable""]]",현재 확보 자료로 재구성한 과거 추정치; 과거 세대 구성 미확인,False,555b475dcef496b2254b825ba10b0724d7994196dba4c4e18f34e7f5aa4db599,54cb25d3544257419c8c9faa1ee168a8848dbea69689888cc0985fdd2c7a4797,ed22070000c1f425633073aec41cd0475b986c3ad372d2a8aae8d6171a317f44,f2a5f0d6492eb8372b471470,2026-09-18T13:45:05.713829+09:00
2026-08,A10025994,연제 롯데캐슬앤데시앙,연제구,연산동,1168.0,1168,1168,1.0,1.0,0.23972602739726026,0.5642123287671232,0.19606164383561644,835555000000.0,835555000000.0,715372431.5068493,,True,C,,b1a2525ab666e909a04b320bf57255da9ab1a22915c35f96b9fa83647c1b0dde,"[[""exclusive_59.91"", ""median_6m""], [""exclusive_59.94"", ""median_12m""], [""exclusive_72.04"", ""median_6m""], [""exclusive_84.82"", ""median_6m""], [""exclusive_84.83"", ""median_3m""], [""exclusive_84.98"", ""median_12m""], [""exclusive_84.9"", ""median_6m""], [""exclusive_84.96"", ""median_12m""], [""exclusive_101.89"", ""median_12m""]]",현재 확보 자료로 재구성한 과거 추정치; 과거 세대 구성 미확인,False,555b475dcef496b2254b825ba10b0724d7994196dba4c4e18f34e7f5aa4db599,54cb25d3544257419c8c9faa1ee168a8848dbea69689888cc0985fdd2c7a4797,ed22070000c1f425633073aec41cd0475b986c3ad372d2a8aae8d6171a317f44,f2a5f0d6492eb8372b471470,2026-09-18T13:45:05.713829+09:00
2026-08,A10026902,연산동 일동미라주 더 스타,연제구,연산동,624.0,624,110,1.0,0.1762820512820513,0.0,0.0,0.1762820512820513,,52195000000.0,,,True,산정 불완전,가격 부족 또는 면적 연결 미확인,7252e1b0845a51fe196d73bb06f0d69ab511d79b120c394a759a8152b044a1a7,"[[""exclusive_31.73"", ""unavailable""], [""exclusive_39.2"", ""unavailable""], [""exclusive_70.99"", ""unavailable""], [""exclusive_77.35"", ""unavailable""], [""exclusive_77.86"", ""median_12m""]]",현재 확보 자료로 재구성한 과거 추정치; 과거 세대 구성 미확인,False,555b475dcef496b2254b825ba10b0724d7994196dba4c4e18f34e7f5aa4db599,54cb25d3544257419c8c9faa1ee168a8848dbea69689888cc0985fdd2c7a4797,ed22070000c1f425633073aec41cd0475b986c3ad372d2a8aae8d6171a317f44,f2a5f0d6492eb8372b471470,2026-09-18T13:45:05.713829+09:00
2026-08,A10027085,센텀리버sk뷰,연제구,연산동,529.0,529,0,1.0,0.0,0.0,0.0,0.0,,,,,True,산정 불완전,가격 부족 또는 면적 연결 미확인,8f78066ce80872a408f987154f2e3e3c2b484c2fba45fd1f8c90abdf77e757e1,"[[""exclusive_64.01"", ""unavailable""], [""exclusive_84.99"", ""unavailable""], [""exclusive_84.95"", ""unavailable""]]",현재 확보 자료로 재구성한 과거 추정치; 과거 세대 구성 미확인,False,555b475dcef496b2254b825ba10b0724d7994196dba4c4e18f34e7f5aa4db599,54cb25d3544257419c8c9faa1ee168a8848dbea69689888cc0985fdd2c7a4797,ed22070000c1f425633073aec41cd0475b986c3ad372d2a8aae8d6171a317f44,f2a5f0d6492eb8372b471470,2026-09-18T13:45:05.713829+09:00
2026-08,A10027159,브라운스톤연제,연제구,연산동,521.0,475,0,0.9117082533589251,0.0,0.0,0.0,0.0,,,,,True,산정 불완전,평형 세대수 합계 불일치; 가격 부족 또는 면적 연결 미확인,4f39dbf44004d64b22fa916264fbbaf421581dd467445ed7c6a925a83533fc3b,"[[""exclusive_59.99"", ""unavailable""], [""exclusive_74.95"", ""unavailable""], [""exclusive_84.95"", ""unavailable""]]",현재 확보 자료로 재구성한 과거 추정치; 과거 세대 구성 미확인,False,555b475dcef496b2254b825ba10b0724d7994196dba4c4e18f34e7f5aa4db599,54cb25d3544257419c8c9faa1ee168a8848dbea69689888cc0985fdd2c7a4797,ed22070000c1f425633073aec41cd0475b986c3ad372d2a8aae8d6171a317f44,f2a5f0d6492eb8372b471470,2026-09-18T13:45:05.713829+09:00
2026-08,A10027937,더샵 파크시티,연제구,연산동,1758.0,1758,1758,1.0,1.0,0.18714448236632536,0.3845278725824801,0.4283276450511945,1218832000000.0,1218832000000.0,693306029.5790671,,True,C,,a3320e17d65c795e1c369a9046b7f8189e8dc36519c3017050e8985a985bbef0,"[[""exclusive_69.9"", ""median_12m""], [""exclusive_69.93"", ""median_12m""], [""exclusive_74.97"", ""median_12m""], [""exclusive_84.98"", ""median_6m""], [""exclusive_84.91"", ""median_3m""], [""exclusive_84.97"", ""median_12m""], [""exclusive_84.99"", ""median_6m""], [""exclusive_84.96"", ""median_12m""], [""exclusive_84.94"", ""median_12m""], [""exclusive_101.97"", ""median_6m""], [""exclusive_101.94"", ""median_12m""], [""exclusive_101.95"", ""median_6m""]]",현재 확보 자료로 재구성한 과거 추정치; 과거 세대 구성 미확인,False,555b475dcef496b2254b825ba10b0724d7994196dba4c4e18f34e7f5aa4db599,54cb25d3544257419c8c9faa1ee168a8848dbea69689888cc0985fdd2c7a4797,ed22070000c1f425633073aec41cd0475b986c3ad372d2a8aae8d6171a317f44,f2a5f0d6492eb8372b471470,2026-09-18T13:45:05.713829+09:00
2026-08,A10028028,부산센텀푸르지오,연제구,연산동,560.0,560,0,1.0,0.0,0.0,0.0,0.0,,,,,True,산정 불완전,가격 부족 또는 면적 연결 미확인,481e5f7e9833ee251f9c1480c06955106e5fec72eb2f23857e900eb022250503,"[[""exclusive_59.97"", ""unavailable""], [""exclusive_74.62"", ""unavailable""], [""exclusive_84.99"", ""unavailable""], [""exclusive_84.97"", ""unavailable""]]",현재 확보 자료로 재구성한 과거 추정치; 과거 세대 구성 미확인,False,555b475dcef496b2254b825ba10b0724d7994196dba4c4e18f34e7f5aa4db599,54cb25d3544257419c8c9faa1ee168a8848dbea69689888cc0985fdd2c7a4797,ed22070000c1f425633073aec41cd0475b986c3ad372d2a8aae8d6171a317f44,f2a5f0d6492eb8372b471470,2026-09-18T13:45:05.713829+09:00
2026-08,A61175110,망미주공아파트,연제구,연산동,2038.0,2038,1998,1.0,0.9803729146221786,0.0,0.2448478900883219,0.7355250245338567,,839137000000.0,,,True,산정 불완전,가격 부족 또는 면적 연결 미확인,9ee6c71e57c2a6363acc3cb6ee4cc6fbc7726dacc04daadfc0b58560bbb42d9b,"[[""exclusive_54.9"", ""median_12m""], [""exclusive_61.56"", ""median_12m""], [""exclusive_64.62"", ""median_12m""], [""exclusive_75.24"", ""small_sample""], [""exclusive_69.08"", ""small_sample""], [""exclusive_75.75"", ""median_12m""], [""exclusive_84.15"", ""median_6m""], [""exclusive_116.04"", ""unavailable""]]",현재 확보 자료로 재구성한 과거 추정치; 과거 세대 구성 미확인,False,555b475dcef496b2254b825ba10b0724d7994196dba4c4e18f34e7f5aa4db599,54cb25d3544257419c8c9faa1ee168a8848dbea69689888cc0985fdd2c7a4797,ed22070000c1f425633073aec41cd0475b986c3ad372d2a8aae8d6171a317f44,f2a5f0d6492eb8372b471470,2026-09-18T13:45:05.713829+09:00
2026-08,A61175209,연산한양아파트,연제구,연산동,1452.0,0,0,0.0,0.0,0.0,0.0,0.0,,,,,True,산정 불완전,평형별 세대수 보완 필요,c38eb7731a2edbf2c405dc922468ded84aa651100a03e86668e60fb8b6b0b8e7,[],현재 확보 자료로 재구성한 과거 추정치; 과거 세대 구성 미확인,False,555b475dcef496b2254b825ba10b0724d7994196dba4c4e18f34e7f5aa4db599,54cb25d3544257419c8c9faa1ee168a8848dbea69689888cc0985fdd2c7a4797,ed22070000c1f425633073aec41cd0475b986c3ad372d2a8aae8d6171a317f44,f2a5f0d6492eb8372b471470,2026-09-18T13:45:05.713829+09:00
2026-08,A61175901,연산자이,연제구,연산동,1598.0,1598,0,1.0,0.0,0.0,0.0,0.0,,,,,True,산정 불완전,가격 부족 또는 면적 연결 미확인,c84409f78a264da415a1fd965c8a1103cc4994b82d56a67f2965a6b259d6f98a,"[[""exclusive_84.51"", ""unavailable""], [""exclusive_84.65"", ""unavailable""], [""exclusive_84.86"", ""unavailable""], [""exclusive_120.63"", ""unavailable""], [""exclusive_121.67"", ""unavailable""], [""exclusive_131.9"", ""unavailable""], [""exclusive_159.83"", ""unavailable""], [""exclusive_161.69"", ""unavailable""], [""exclusive_182.76"", ""unavailable""], [""exclusive_240.03"", ""unavailable""]]",현재 확보 자료로 재구성한 과거 추정치; 과거 세대 구성 미확인,False,555b475dcef496b2254b825ba10b0724d7994196dba4c4e18f34e7f5aa4db599,54cb25d3544257419c8c9faa1ee168a8848dbea69689888cc0985fdd2c7a4797,ed22070000c1f425633073aec41cd0475b986c3ad372d2a8aae8d6171a317f44,f2a5f0d6492eb8372b471470,2026-09-18T13:45:05.713829+09:00
2026-08,A61176308,연산선경아파트,연제구,연산동,576.0,576,576,1.0,1.0,0.0,0.3125,0.6875,245970000000.0,245970000000.0,427031250.0,,True,D,,8ed9c7210039e8328b3d8c0338b17e23a53b0c4818f023a35581834cd5c59443,"[[""exclusive_59.55"", ""small_sample""], [""exclusive_84.75"", ""median_6m""], [""exclusive_134.62"", ""median_12m""], [""exclusive_164.95"", ""small_sample""]]",현재 확보 자료로 재구성한 과거 추정치; 과거 세대 구성 미확인,False,555b475dcef496b2254b825ba10b0724d7994196dba4c4e18f34e7f5aa4db599,54cb25d3544257419c8c9faa1ee168a8848dbea69689888cc0985fdd2c7a4797,ed22070000c1f425633073aec41cd0475b986c3ad372d2a8aae8d6171a317f44,f2a5f0d6492eb8372b471470,2026-09-18T13:45:05.713829+09:00
2026-08,A61176411,연산LG아파트,연제구,연산동,2302.0,2302,1766,1.0,0.7671589921807124,0.5534317984361424,0.0,0.21372719374456994,,621894000000.0,,,True,산정 불완전,가격 부족 또는 면적 연결 미확인,06e3d2797b0f2ea007430d51a86ad1d13c712794137ca32ddb028d2fbe3f264d,"[[""exclusive_60"", ""median_12m""], [""exclusive_59.99"", ""unavailable""], [""exclusive_84.99"", ""median_3m""], [""exclusive_119.25"", ""median_3m""], [""exclusive_141.51"", ""median_12m""], [""exclusive_175.98"", ""small_sample""]]",현재 확보 자료로 재구성한 과거 추정치; 과거 세대 구성 미확인,False,555b475dcef496b2254b825ba10b0724d7994196dba4c4e18f34e7f5aa4db599,54cb25d3544257419c8c9faa1ee168a8848dbea69689888cc0985fdd2c7a4797,ed22070000c1f425633073aec41cd0475b986c3ad372d2a8aae8d6171a317f44,f2a5f0d6492eb8372b471470,2026-09-18T13:45:05.713829+09:00
2026-08,A10025433,수영sk뷰 1단지,수영구,망미동,1147.0,1147,0,1.0,0.0,0.0,0.0,0.0,,,,,True,산정 불완전,가격 부족 또는 면적 연결 미확인,ea212a0e23a06490b15d3be7fbec5d474f67567f399057a86c2b2127e6f1ee3d,"[[""exclusive_59.96"", ""unavailable""], [""exclusive_59.98"", ""unavailable""], [""exclusive_59.91"", ""unavailable""], [""exclusive_73.48"", ""unavailable""], [""exclusive_84.98"", ""unavailable""]]",현재 확보 자료로 재구성한 과거 추정치; 과거 세대 구성 미확인,False,555b475dcef496b2254b825ba10b0724d7994196dba4c4e18f34e7f5aa4db599,54cb25d3544257419c8c9faa1ee168a8848dbea69689888cc0985fdd2c7a4797,ed22070000c1f425633073aec41cd0475b986c3ad372d2a8aae8d6171a317f44,f2a5f0d6492eb8372b471470,2026-09-18T13:45:05.713829+09:00
2026-08,A61313001,망미삼성아파트,수영구,망미동,672.0,672,405,1.0,0.6026785714285714,0.0,0.0,0.6026785714285714,,127507500000.0,,,True,산정 불완전,가격 부족 또는 면적 연결 미확인,dd5ef6f80e99c896b6ac2a7fae2ad1fd1ac7f80b3fec4c0c6669651432d3f4ae,"[[""exclusive_84.59"", ""unavailable""], [""exclusive_84.86"", ""median_12m""], [""exclusive_84.92"", ""unavailable""], [""exclusive_84.95"", ""median_12m""], [""exclusive_115.71"", ""unavailable""], [""exclusive_133.94"", ""median_12m""], [""exclusive_147.89"", ""unavailable""], [""exclusive_163.44"", ""unavailable""]]",현재 확보 자료로 재구성한 과거 추정치; 과거 세대 구성 미확인,False,555b475dcef496b2254b825ba10b0724d7994196dba4c4e18f34e7f5aa4db599,54cb25d3544257419c8c9faa1ee168a8848dbea69689888cc0985fdd2c7a4797,ed22070000c1f425633073aec41cd0475b986c3ad372d2a8aae8d6171a317f44,f2a5f0d6492eb8372b471470,2026-09-18T13:45:05.713829+09:00
2026-08,A61313002,망미동the#파크리치,수영구,망미동,862.0,862,96,1.0,0.11136890951276102,0.0,0.11136890951276102,0.0,,59280000000.0,,,True,산정 불완전,가격 부족 또는 면적 연결 미확인,a3b0b8b5ba4fce35f63197d76a5dfa63b09ced46daf1e57ff08b26c6f97f69b6,"[[""exclusive_84.98"", ""median_6m""], [""exclusive_101.81"", ""unavailable""], [""exclusive_117.61"", ""unavailable""], [""exclusive_127.38"", ""unavailable""], [""exclusive_129.34"", ""unavailable""], [""exclusive_149.85"", ""unavailable""], [""exclusive_179.49"", ""unavailable""]]",현재 확보 자료로 재구성한 과거 추정치; 과거 세대 구성 미확인,False,555b475dcef496b2254b825ba10b0724d7994196dba4c4e18f34e7f5aa4db599,54cb25d3544257419c8c9faa1ee168a8848dbea69689888cc0985fdd2c7a4797,ed22070000c1f425633073aec41cd0475b986c3ad372d2a8aae8d6171a317f44,f2a5f0d6492eb8372b471470,2026-09-18T13:45:05.713829+09:00
2026-08,A61313203,센텀수영강변3차 e-편한세상아파트,수영구,망미동,530.0,530,0,1.0,0.0,0.0,0.0,0.0,,,,,True,산정 불완전,가격 부족 또는 면적 연결 미확인,3a492c81b7cf7dd431b829c386d2a1c534baa0922fa62b772001c4721435d853,"[[""exclusive_84.97"", ""unavailable""], [""exclusive_84.73"", ""unavailable""]]",현재 확보 자료로 재구성한 과거 추정치; 과거 세대 구성 미확인,False,555b475dcef496b2254b825ba10b0724d7994196dba4c4e18f34e7f5aa4db599,54cb25d3544257419c8c9faa1ee168a8848dbea69689888cc0985fdd2c7a4797,ed22070000c1f425633073aec41cd0475b986c3ad372d2a8aae8d6171a317f44,f2a5f0d6492eb8372b471470,2026-09-18T13:45:05.713829+09:00
2026-08,A61375702,수영현대아파트,수영구,수영동,1180.0,1180,1169,1.0,0.9906779661016949,0.0,0.2796610169491525,0.7110169491525423,,960650000000.0,,,True,산정 불완전,가격 부족 또는 면적 연결 미확인,345ddcf0775975cff8d6e46264bc9a4ea8881fd56298a26efaddae81e8ddd6b6,"[[""exclusive_52.38"", ""median_12m""], [""exclusive_53.46"", ""unavailable""], [""exclusive_52.29"", ""small_sample""], [""exclusive_53.37"", ""unavailable""], [""exclusive_62.1"", ""small_sample""], [""exclusive_68.85"", ""median_12m""], [""exclusive_68.76"", ""median_6m""], [""exclusive_62.01"", ""unavailable""], [""exclusive_84.21"", ""median_12m""], [""exclusive_84.37"", ""median_12m""], [""exclusive_84.13"", ""small_sample""], [""exclusive_125.25"", ""small_sample""]]",현재 확보 자료로 재구성한 과거 추정치; 과거 세대 구성 미확인,False,555b475dcef496b2254b825ba10b0724d7994196dba4c4e18f34e7f5aa4db599,54cb25d3544257419c8c9faa1ee168a8848dbea69689888cc0985fdd2c7a4797,ed22070000c1f425633073aec41cd0475b986c3ad372d2a8aae8d6171a317f44,f2a5f0d6492eb8372b471470,2026-09-18T13:45:05.713829+09:00
2026-08,A61383101,수영협성르네상스타운,수영구,수영동,684.0,684,0,1.0,0.0,0.0,0.0,0.0,,,,,True,산정 불완전,가격 부족 또는 면적 연결 미확인,9f7e4f432c2ade32f69ad788d4c69c6b7719c0b7e6735afef036a9172508d6ff,"[[""exclusive_59.99"", ""unavailable""], [""exclusive_84.94"", ""unavailable""], [""exclusive_126.55"", ""unavailable""], [""exclusive_154.56"", ""unavailable""]]",현재 확보 자료로 재구성한 과거 추정치; 과거 세대 구성 미확인,False,555b475dcef496b2254b825ba10b0724d7994196dba4c4e18f34e7f5aa4db599,54cb25d3544257419c8c9faa1ee168a8848dbea69689888cc0985fdd2c7a4797,ed22070000c1f425633073aec41cd0475b986c3ad372d2a8aae8d6171a317f44,f2a5f0d6492eb8372b471470,2026-09-18T13:45:05.713829+09:00
2026-08,A10025075,e편한세상 오션테라스,수영구,민락동,1038.0,0,0,0.0,0.0,0.0,0.0,0.0,,,,,True,산정 불완전,평형별 세대수 보완 필요,c38eb7731a2edbf2c405dc922468ded84aa651100a03e86668e60fb8b6b0b8e7,[],현재 확보 자료로 재구성한 과거 추정치; 과거 세대 구성 미확인,False,555b475dcef496b2254b825ba10b0724d7994196dba4c4e18f34e7f5aa4db599,54cb25d3544257419c8c9faa1ee168a8848dbea69689888cc0985fdd2c7a4797,ed22070000c1f425633073aec41cd0475b986c3ad372d2a8aae8d6171a317f44,f2a5f0d6492eb8372b471470,2026-09-18T13:45:05.713829+09:00
2026-08,A10026760,센텀비스타동원아파트,수영구,민락동,840.0,840,0,1.0,0.0,0.0,0.0,0.0,,,,,True,산정 불완전,가격 부족 또는 면적 연결 미확인,eb2b8a792e128dd72e11c61f50ba2cfc4f779ff1a1f9814da43d83523ad985cc,"[[""exclusive_84.93"", ""unavailable""], [""exclusive_84.82"", ""unavailable""], [""exclusive_88.67"", ""unavailable""], [""exclusive_109.18"", ""unavailable""]]",현재 확보 자료로 재구성한 과거 추정치; 과거 세대 구성 미확인,False,555b475dcef496b2254b825ba10b0724d7994196dba4c4e18f34e7f5aa4db599,54cb25d3544257419c8c9faa1ee168a8848dbea69689888cc0985fdd2c7a4797,ed22070000c1f425633073aec41cd0475b986c3ad372d2a8aae8d6171a317f44,f2a5f0d6492eb8372b471470,2026-09-18T13:45:05.713829+09:00
2026-08,A61377105,센텀비치푸르지오아파트,수영구,민락동,1082.0,1082,1082,1.0,1.0,0.0,0.5212569316081331,0.4787430683918669,701364000000.0,701364000000.0,648210720.8872459,,True,D,,8113b26396907b66d74fc9910b31b013042b372fb1a308de4d9ca91772010631,"[[""exclusive_73.09"", ""median_6m""], [""exclusive_84.88"", ""median_6m""], [""exclusive_84.98"", ""median_6m""], [""exclusive_84.97"", ""median_6m""], [""exclusive_98.94"", ""median_12m""], [""exclusive_131.18"", ""median_12m""], [""exclusive_132.19"", ""small_sample""], [""exclusive_150.8"", ""small_sample""]]",현재 확보 자료로 재구성한 과거 추정치; 과거 세대 구성 미확인,False,555b475dcef496b2254b825ba10b0724d7994196dba4c4e18f34e7f5aa4db599,54cb25d3544257419c8c9faa1ee168a8848dbea69689888cc0985fdd2c7a4797,ed22070000c1f425633073aec41cd0475b986c3ad372d2a8aae8d6171a317f44,f2a5f0d6492eb8372b471470,2026-09-18T13:45:05.713829+09:00
2026-08,A61377106,부산더샵센텀포레,수영구,민락동,1006.0,920,0,0.9145129224652088,0.0,0.0,0.0,0.0,,,,,True,산정 불완전,평형 세대수 합계 불일치; 임대·혼합 또는 분양 범위 미확인; 가격 부족 또는 면적 연결 미확인,6eb717d6b70ed5ac5de2a63544554f7d1be7e3e6afd7ca5724c2c59674e9deb5,"[[""exclusive_59.94"", ""unavailable""], [""exclusive_84.89"", ""unavailable""], [""exclusive_84.91"", ""unavailable""], [""exclusive_84.93"", ""unavailable""], [""exclusive_84.83"", ""unavailable""], [""exclusive_99.14"", ""unavailable""], [""exclusive_129.72"", ""unavailable""], [""exclusive_128.6"", ""unavailable""], [""exclusive_154.18"", ""unavailable""]]",현재 확보 자료로 재구성한 과거 추정치; 과거 세대 구성 미확인,False,555b475dcef496b2254b825ba10b0724d7994196dba4c4e18f34e7f5aa4db599,54cb25d3544257419c8c9faa1ee168a8848dbea69689888cc0985fdd2c7a4797,ed22070000c1f425633073aec41cd0475b986c3ad372d2a8aae8d6171a317f44,f2a5f0d6492eb8372b471470,2026-09-18T13:45:05.713829+09:00
2026-08,A61377204,롯데캐슬자이안트아파트,수영구,민락동,591.0,591,0,1.0,0.0,0.0,0.0,0.0,,,,,True,산정 불완전,가격 부족 또는 면적 연결 미확인,39cacd271da9ae41500c152735b7ee6cf71f2bcb1d1fdeea41d25d19a6518a4d,"[[""exclusive_84.93"", ""unavailable""], [""exclusive_121.19"", ""unavailable""], [""exclusive_141.81"", ""unavailable""], [""exclusive_170.03"", ""unavailable""]]",현재 확보 자료로 재구성한 과거 추정치; 과거 세대 구성 미확인,False,555b475dcef496b2254b825ba10b0724d7994196dba4c4e18f34e7f5aa4db599,54cb25d3544257419c8c9faa1ee168a8848dbea69689888cc0985fdd2c7a4797,ed22070000c1f425633073aec41cd0475b986c3ad372d2a8aae8d6171a317f44,f2a5f0d6492eb8372b471470,2026-09-18T13:45:05.713829+09:00
2026-08,A10020002,드파인 광안,수영구,광안동,1233.0,1169,0,0.9480940794809408,0.0,0.0,0.0,0.0,,,,,True,산정 불완전,평형 세대수 합계 불일치; 가격 부족 또는 면적 연결 미확인,f74fda36de10cca853ef4fd262b6fadc49b86fd10e04e508d2d965aea5032229,"[[""exclusive_59.89"", ""unavailable""], [""exclusive_78.86"", ""unavailable""], [""exclusive_78.27"", ""unavailable""], [""exclusive_84.95"", ""unavailable""], [""exclusive_84.89"", ""unavailable""], [""exclusive_100.83"", ""unavailable""], [""exclusive_115.18"", ""unavailable""]]",현재 확보 자료로 재구성한 과거 추정치; 과거 세대 구성 미확인,False,555b475dcef496b2254b825ba10b0724d7994196dba4c4e18f34e7f5aa4db599,54cb25d3544257419c8c9faa1ee168a8848dbea69689888cc0985fdd2c7a4797,ed22070000c1f425633073aec41cd0475b986c3ad372d2a8aae8d6171a317f44,f2a5f0d6492eb8372b471470,2026-09-18T13:45:05.713829+09:00
2026-08,A10024695,광안자이아파트,수영구,광안동,971.0,971,971,1.0,1.0,0.8383110195674562,0.0,0.16168898043254376,900928000000.0,900928000000.0,927835221.4212153,,True,C,,67b99de1fea48844ad499934d47f887b0be77f158423b84789d18a4528626a6a,"[[""exclusive_59.85"", ""median_12m""], [""exclusive_73.67"", ""median_3m""], [""exclusive_84.48"", ""median_3m""], [""exclusive_84.93"", ""median_3m""], [""exclusive_84.57"", ""median_3m""], [""exclusive_100.43"", ""median_12m""]]",현재 확보 자료로 재구성한 과거 추정치; 과거 세대 구성 미확인,False,555b475dcef496b2254b825ba10b0724d7994196dba4c4e18f34e7f5aa4db599,54cb25d3544257419c8c9faa1ee168a8848dbea69689888cc0985fdd2c7a4797,ed22070000c1f425633073aec41cd0475b986c3ad372d2a8aae8d6171a317f44,f2a5f0d6492eb8372b471470,2026-09-18T13:45:05.713829+09:00
2026-08,A61310007,광안쌍용예가디오션,수영구,광안동,928.0,928,418,1.0,0.4504310344827586,0.0,0.4504310344827586,0.0,,407550000000.0,,,True,산정 불완전,가격 부족 또는 면적 연결 미확인,d75a2c2b7ea4fd792d264c6e36c88b7cc454ef4c06445982468d54cf664df722,"[[""exclusive_59.99"", ""unavailable""], [""exclusive_84.97"", ""unavailable""], [""exclusive_84.98"", ""median_6m""], [""exclusive_84.95"", ""unavailable""], [""exclusive_84.96"", ""unavailable""], [""exclusive_112.01"", ""unavailable""], [""exclusive_113.5"", ""unavailable""], [""exclusive_153.56"", ""unavailable""], [""exclusive_161.28"", ""unavailable""]]",현재 확보 자료로 재구성한 과거 추정치; 과거 세대 구성 미확인,False,555b475dcef496b2254b825ba10b0724d7994196dba4c4e18f34e7f5aa4db599,54cb25d3544257419c8c9faa1ee168a8848dbea69689888cc0985fdd2c7a4797,ed22070000c1f425633073aec41cd0475b986c3ad372d2a8aae8d6171a317f44,f2a5f0d6492eb8372b471470,2026-09-18T13:45:05.713829+09:00
2026-08,A61375202,광원아파트,수영구,광안동,589.0,589,461,1.0,0.7826825127334465,0.33276740237691,0.44991511035653653,0.0,,136690000000.0,,,True,산정 불완전,가격 부족 또는 면적 연결 미확인,b4b69280eeeaadb0f65ec18003ebd2daa962be1bc5a0df936584a3447761bf0a,"[[""exclusive_59.94"", ""median_6m""], [""exclusive_84.99"", ""median_3m""], [""exclusive_130.9"", ""unavailable""]]",현재 확보 자료로 재구성한 과거 추정치; 과거 세대 구성 미확인,False,555b475dcef496b2254b825ba10b0724d7994196dba4c4e18f34e7f5aa4db599,54cb25d3544257419c8c9faa1ee168a8848dbea69689888cc0985fdd2c7a4797,ed22070000c1f425633073aec41cd0475b986c3ad372d2a8aae8d6171a317f44,f2a5f0d6492eb8372b471470,2026-09-18T13:45:05.713829+09:00
2026-08,A61375603,비치-그린아파트,수영구,광안동,1038.0,1038,1038,1.0,1.0,0.4210019267822736,0.5789980732177264,0.0,330693000000.0,330693000000.0,318586705.2023121,357295000000.0,True,B,,5d83b07b83dc61b15d5cfd48f2e588e70ff738178fb469ea3171867c99630809,"[[""exclusive_59.76"", ""median_3m""], [""exclusive_84.9"", ""median_6m""]]",현재 확보 자료로 재구성한 과거 추정치; 과거 세대 구성 미확인,False,555b475dcef496b2254b825ba10b0724d7994196dba4c4e18f34e7f5aa4db599,54cb25d3544257419c8c9faa1ee168a8848dbea69689888cc0985fdd2c7a4797,ed22070000c1f425633073aec41cd0475b986c3ad372d2a8aae8d6171a317f44,f2a5f0d6492eb8372b471470,2026-09-18T13:45:05.713829+09:00
2026-08,A10023420,남천자이아파트,수영구,남천동,913.0,913,0,1.0,0.0,0.0,0.0,0.0,,,,,True,산정 불완전,가격 부족 또는 면적 연결 미확인,e4c66b85e3b0bc60b4caa67dffec19b5af5835eb2c3c9f3b968732df55de5b28,"[[""exclusive_59.96"", ""unavailable""], [""exclusive_59.99"", ""unavailable""], [""exclusive_59.98"", ""unavailable""], [""exclusive_74.99"", ""unavailable""], [""exclusive_74.98"", ""unavailable""], [""exclusive_77.98"", ""unavailable""], [""exclusive_84.98"", ""unavailable""], [""exclusive_84.99"", ""unavailable""], [""exclusive_101.68"", ""unavailable""], [""exclusive_115.41"", ""unavailable""], [""exclusive_125.97"", ""unavailable""], [""exclusive_142.59"", ""unavailable""], [""exclusive_145.39"", ""unavailable""], [""exclusive_145.9"", ""unavailable""], [""exclusive_157.04"", ""unavailable""], [""exclusive_157.24"", ""unavailable""]]",현재 확보 자료로 재구성한 과거 추정치; 과거 세대 구성 미확인,False,555b475dcef496b2254b825ba10b0724d7994196dba4c4e18f34e7f5aa4db599,54cb25d3544257419c8c9faa1ee168a8848dbea69689888cc0985fdd2c7a4797,ed22070000c1f425633073aec41cd0475b986c3ad372d2a8aae8d6171a317f44,f2a5f0d6492eb8372b471470,2026-09-18T13:45:05.713829+09:00
2026-08,A10023607,더샵남천프레스티지아파트,수영구,남천동,975.0,975,68,1.0,0.06974358974358974,0.06974358974358974,0.0,0.0,,103700000000.0,,,True,산정 불완전,임대·혼합 또는 분양 범위 미확인; 가격 부족 또는 면적 연결 미확인,c9d50030ca0e8853f0cedad65d678962b34786bce38988bbf9bf6fd2be4f0a4a,"[[""exclusive_39.36"", ""unavailable""], [""exclusive_59.18"", ""unavailable""], [""exclusive_59.95"", ""unavailable""], [""exclusive_84.12"", ""unavailable""], [""exclusive_84.42"", ""unavailable""], [""exclusive_84.49"", ""unavailable""], [""exclusive_92.04"", ""unavailable""], [""exclusive_93.36"", ""unavailable""], [""exclusive_107.35"", ""median_3m""], [""exclusive_107.52"", ""unavailable""]]",현재 확보 자료로 재구성한 과거 추정치; 과거 세대 구성 미확인,False,555b475dcef496b2254b825ba10b0724d7994196dba4c4e18f34e7f5aa4db599,54cb25d3544257419c8c9faa1ee168a8848dbea69689888cc0985fdd2c7a4797,ed22070000c1f425633073aec41cd0475b986c3ad372d2a8aae8d6171a317f44,f2a5f0d6492eb8372b471470,2026-09-18T13:45:05.713829+09:00
2026-08,A61301003,삼익비치아파트,수영구,남천동,3060.0,3060,3059,1.0,0.9996732026143791,0.7408496732026144,0.2581699346405229,0.00065359477124183,,3803331500000.0,,,True,산정 불완전,가격 부족 또는 면적 연결 미확인,ac180e171b5068b218b13b00382964184edf893fe0b5eb706adf9bf86aaf709f,"[[""exclusive_41.52"", ""median_3m""], [""exclusive_41.54"", ""unavailable""], [""exclusive_61.09"", ""median_3m""], [""exclusive_60.83"", ""median_3m""], [""exclusive_73.92"", ""median_3m""], [""exclusive_84.82"", ""small_sample""], [""exclusive_84.83"", ""median_6m""], [""exclusive_95.17"", ""median_3m""], [""exclusive_115.6"", ""median_6m""], [""exclusive_131.27"", ""median_3m""], [""exclusive_148.2"", ""median_3m""]]",현재 확보 자료로 재구성한 과거 추정치; 과거 세대 구성 미확인,False,555b475dcef496b2254b825ba10b0724d7994196dba4c4e18f34e7f5aa4db599,54cb25d3544257419c8c9faa1ee168a8848dbea69689888cc0985fdd2c7a4797,ed22070000c1f425633073aec41cd0475b986c3ad372d2a8aae8d6171a317f44,f2a5f0d6492eb8372b471470,2026-09-18T13:45:05.713829+09:00
2026-08,A61381805,남천코오롱하늘채골든비치,수영구,남천동,987.0,987,982,1.0,0.9949341438703141,0.3708206686930091,0.1540020263424519,0.47011144883485306,,1182802500000.0,,,True,산정 불완전,가격 부족 또는 면적 연결 미확인,30819a2f3b91149fc1128b9f35633394e65383d89b9b6e375a3e7ea00d9768ba,"[[""exclusive_84.97"", ""median_3m""], [""exclusive_101.97"", ""median_6m""], [""exclusive_118.56"", ""small_sample""], [""exclusive_126.23"", ""small_sample""], [""exclusive_129.64"", ""small_sample""], [""exclusive_125.5"", ""small_sample""], [""exclusive_147.58"", ""median_3m""], [""exclusive_170.8"", ""median_12m""], [""exclusive_236.87"", ""unavailable""], [""exclusive_269.68"", ""unavailable""]]",현재 확보 자료로 재구성한 과거 추정치; 과거 세대 구성 미확인,False,555b475dcef496b2254b825ba10b0724d7994196dba4c4e18f34e7f5aa4db599,54cb25d3544257419c8c9faa1ee168a8848dbea69689888cc0985fdd2c7a4797,ed22070000c1f425633073aec41cd0475b986c3ad372d2a8aae8d6171a317f44,f2a5f0d6492eb8372b471470,2026-09-18T13:45:05.713829+09:00
2026-08,A61381903,남천뉴비치아파트,수영구,남천동,990.0,990,990,1.0,1.0,0.0,0.21212121212121213,0.7878787878787878,865987500000.0,865987500000.0,874734848.4848485,,True,D,,79b4e475e68377d81f239c5ac4a713b197b40ba29f2e94858226f109e3b37d2a,"[[""exclusive_41.46"", ""median_12m""], [""exclusive_42.93"", ""median_12m""], [""exclusive_75.42"", ""median_12m""], [""exclusive_84.96"", ""median_6m""], [""exclusive_102.52"", ""small_sample""], [""exclusive_123.19"", ""median_12m""], [""exclusive_145.05"", ""median_12m""], [""exclusive_182.67"", ""small_sample""], [""exclusive_209.76"", ""small_sample""]]",현재 확보 자료로 재구성한 과거 추정치; 과거 세대 구성 미확인,False,555b475dcef496b2254b825ba10b0724d7994196dba4c4e18f34e7f5aa4db599,54cb25d3544257419c8c9faa1ee168a8848dbea69689888cc0985fdd2c7a4797,ed22070000c1f425633073aec41cd0475b986c3ad372d2a8aae8d6171a317f44,f2a5f0d6492eb8372b471470,2026-09-18T13:45:05.713829+09:00
2026-08,A61775202,모라백양그린아파트,사상구,모라동,1080.0,1080,1080,1.0,1.0,0.4166666666666667,0.5833333333333334,0.0,94410000000.0,94410000000.0,87416666.66666667,,True,B,,d09261d62ca295d1b1c258b5ea06a5123bd8a3be2eac99a6179995c9eded8c17,"[[""exclusive_41.3"", ""median_3m""], [""exclusive_49.94"", ""median_6m""]]",현재 확보 자료로 재구성한 과거 추정치; 과거 세대 구성 미확인,False,555b475dcef496b2254b825ba10b0724d7994196dba4c4e18f34e7f5aa4db599,54cb25d3544257419c8c9faa1ee168a8848dbea69689888cc0985fdd2c7a4797,ed22070000c1f425633073aec41cd0475b986c3ad372d2a8aae8d6171a317f44,f2a5f0d6492eb8372b471470,2026-09-18T13:45:05.713829+09:00
2026-08,A61775307,부산모라주공3,사상구,모라동,2385.0,0,0,0.0,0.0,0.0,0.0,0.0,,,,,True,산정 불완전,평형별 세대수 보완 필요; 임대·혼합 또는 분양 범위 미확인,c38eb7731a2edbf2c405dc922468ded84aa651100a03e86668e60fb8b6b0b8e7,[],현재 확보 자료로 재구성한 과거 추정치; 과거 세대 구성 미확인,False,555b475dcef496b2254b825ba10b0724d7994196dba4c4e18f34e7f5aa4db599,54cb25d3544257419c8c9faa1ee168a8848dbea69689888cc0985fdd2c7a4797,ed22070000c1f425633073aec41cd0475b986c3ad372d2a8aae8d6171a317f44,f2a5f0d6492eb8372b471470,2026-09-18T13:45:05.713829+09:00
2026-08,A61775401,백양푸른숲입주자대표회의,사상구,모라동,900.0,900,897,1.0,0.9966666666666667,0.0,0.8966666666666666,0.1,,88641000000.0,,,True,산정 불완전,가격 부족 또는 면적 연결 미확인,288abf5f817bae6ef2571b4844c832983098c367000146c4446cfa8645250d4c,"[[""exclusive_41.3"", ""median_6m""], [""exclusive_41.16"", ""small_sample""], [""exclusive_41.66"", ""unavailable""], [""exclusive_49.94"", ""median_6m""]]",현재 확보 자료로 재구성한 과거 추정치; 과거 세대 구성 미확인,False,555b475dcef496b2254b825ba10b0724d7994196dba4c4e18f34e7f5aa4db599,54cb25d3544257419c8c9faa1ee168a8848dbea69689888cc0985fdd2c7a4797,ed22070000c1f425633073aec41cd0475b986c3ad372d2a8aae8d6171a317f44,f2a5f0d6492eb8372b471470,2026-09-18T13:45:05.713829+09:00
2026-08,A61775706,우성아파트,사상구,모라동,796.0,796,796,1.0,1.0,0.0,0.32914572864321606,0.6708542713567839,176881000000.0,176881000000.0,222212311.55778894,,True,D,,6a5814d434000dcaabef5dab9b98da05735eea7aa2dc5845ef31b74b2eb9dcf1,"[[""exclusive_72.42"", ""median_6m""], [""exclusive_84.54"", ""median_12m""], [""exclusive_123.1"", ""median_12m""], [""exclusive_135.88"", ""small_sample""]]",현재 확보 자료로 재구성한 과거 추정치; 과거 세대 구성 미확인,False,555b475dcef496b2254b825ba10b0724d7994196dba4c4e18f34e7f5aa4db599,54cb25d3544257419c8c9faa1ee168a8848dbea69689888cc0985fdd2c7a4797,ed22070000c1f425633073aec41cd0475b986c3ad372d2a8aae8d6171a317f44,f2a5f0d6492eb8372b471470,2026-09-18T13:45:05.713829+09:00
2026-08,A61781706,모라주공1단지,사상구,모라동,2529.0,0,0,0.0,0.0,0.0,0.0,0.0,,,,,True,산정 불완전,평형별 세대수 보완 필요; 임대·혼합 또는 분양 범위 미확인,c38eb7731a2edbf2c405dc922468ded84aa651100a03e86668e60fb8b6b0b8e7,[],현재 확보 자료로 재구성한 과거 추정치; 과거 세대 구성 미확인,False,555b475dcef496b2254b825ba10b0724d7994196dba4c4e18f34e7f5aa4db599,54cb25d3544257419c8c9faa1ee168a8848dbea69689888cc0985fdd2c7a4797,ed22070000c1f425633073aec41cd0475b986c3ad372d2a8aae8d6171a317f44,f2a5f0d6492eb8372b471470,2026-09-18T13:45:05.713829+09:00
2026-08,A61781805,모라벽산아파트,사상구,모라동,780.0,780,780,1.0,1.0,0.34615384615384615,0.0,0.6538461538461539,160464000000.0,160464000000.0,205723076.92307693,,True,C,,b0faa3378528e46cb376dc1cc846a021a990f45ff12712342550cd22decfa379,"[[""exclusive_59.88"", ""median_3m""], [""exclusive_84.9"", ""median_12m""], [""exclusive_121.83"", ""median_12m""]]",현재 확보 자료로 재구성한 과거 추정치; 과거 세대 구성 미확인,False,555b475dcef496b2254b825ba10b0724d7994196dba4c4e18f34e7f5aa4db599,54cb25d3544257419c8c9faa1ee168a8848dbea69689888cc0985fdd2c7a4797,ed22070000c1f425633073aec41cd0475b986c3ad372d2a8aae8d6171a317f44,f2a5f0d6492eb8372b471470,2026-09-18T13:45:05.713829+09:00
2026-08,A61781807,모라동원타운,사상구,모라동,1110.0,1110,1110,1.0,1.0,0.0,0.5945945945945946,0.40540540540540543,217912500000.0,217912500000.0,196317567.56756756,,True,D,,bda36c80be861321ba447d7a8921e14d4e9088794526c89811c7149ed6a284d5,"[[""exclusive_59.7"", ""median_6m""], [""exclusive_67.45"", ""median_12m""], [""exclusive_76.87"", ""median_6m""], [""exclusive_76.33"", ""small_sample""], [""exclusive_84.97"", ""median_6m""], [""exclusive_84.99"", ""small_sample""]]",현재 확보 자료로 재구성한 과거 추정치; 과거 세대 구성 미확인,False,555b475dcef496b2254b825ba10b0724d7994196dba4c4e18f34e7f5aa4db599,54cb25d3544257419c8c9faa1ee168a8848dbea69689888cc0985fdd2c7a4797,ed22070000c1f425633073aec41cd0475b986c3ad372d2a8aae8d6171a317f44,f2a5f0d6492eb8372b471470,2026-09-18T13:45:05.713829+09:00
2026-08,A61781808,우신모라아파트,사상구,모라동,1620.0,1620,1620,1.0,1.0,0.5648148148148148,0.3425925925925926,0.09259259259259259,230715000000.0,230715000000.0,142416666.66666666,,True,C,,72efd4d6f37883a5481d8f574c0a1297364aeed9384aedb91128085e692e21f9,"[[""exclusive_47.37"", ""median_3m""], [""exclusive_59.67"", ""median_6m""], [""exclusive_59.99"", ""median_6m""], [""exclusive_74.93"", ""median_12m""], [""exclusive_78.84"", ""median_3m""]]",현재 확보 자료로 재구성한 과거 추정치; 과거 세대 구성 미확인,False,555b475dcef496b2254b825ba10b0724d7994196dba4c4e18f34e7f5aa4db599,54cb25d3544257419c8c9faa1ee168a8848dbea69689888cc0985fdd2c7a4797,ed22070000c1f425633073aec41cd0475b986c3ad372d2a8aae8d6171a317f44,f2a5f0d6492eb8372b471470,2026-09-18T13:45:05.713829+09:00
2026-08,A10023104,사상 중흥S-클래스 그랜드센트럴,사상구,덕포동,1572.0,1492,0,0.9491094147582697,0.0,0.0,0.0,0.0,,,,,True,산정 불완전,평형 세대수 합계 불일치; 가격 부족 또는 면적 연결 미확인,3f2ef00d80f786130c7683672b6c3b9d810fbbf6e2834c1b9c39c4677bc6e4d5,"[[""exclusive_59.94"", ""unavailable""], [""exclusive_74.96"", ""unavailable""], [""exclusive_79.85"", ""unavailable""], [""exclusive_84.96"", ""unavailable""], [""exclusive_99.9"", ""unavailable""]]",현재 확보 자료로 재구성한 과거 추정치; 과거 세대 구성 미확인,False,555b475dcef496b2254b825ba10b0724d7994196dba4c4e18f34e7f5aa4db599,54cb25d3544257419c8c9faa1ee168a8848dbea69689888cc0985fdd2c7a4797,ed22070000c1f425633073aec41cd0475b986c3ad372d2a8aae8d6171a317f44,f2a5f0d6492eb8372b471470,2026-09-18T13:45:05.713829+09:00
2026-08,A61777903,덕포경동메르빌,사상구,덕포동,517.0,517,0,1.0,0.0,0.0,0.0,0.0,,,,,True,산정 불완전,가격 부족 또는 면적 연결 미확인,82a82ee9c9fd3e56c95580ea1e4ece901531b0e22dab3e9f147d2de619708791,"[[""exclusive_68.53"", ""unavailable""], [""exclusive_74"", ""unavailable""], [""exclusive_73.51"", ""unavailable""], [""exclusive_73.89"", ""unavailable""], [""exclusive_77.08"", ""unavailable""], [""exclusive_81.13"", ""unavailable""], [""exclusive_82.35"", ""unavailable""], [""exclusive_84.89"", ""unavailable""]]",현재 확보 자료로 재구성한 과거 추정치; 과거 세대 구성 미확인,False,555b475dcef496b2254b825ba10b0724d7994196dba4c4e18f34e7f5aa4db599,54cb25d3544257419c8c9faa1ee168a8848dbea69689888cc0985fdd2c7a4797,ed22070000c1f425633073aec41cd0475b986c3ad372d2a8aae8d6171a317f44,f2a5f0d6492eb8372b471470,2026-09-18T13:45:05.713829+09:00
2026-08,A61781005,덕포자유아파트,사상구,덕포동,780.0,780,720,1.0,0.9230769230769231,0.0,0.3076923076923077,0.6153846153846154,,91905000000.0,,,True,산정 불완전,가격 부족 또는 면적 연결 미확인,add5ff42c10954645c5435b211a13971673033752ff02f09df55fc3ba73b4eb8,"[[""exclusive_38.64"", ""small_sample""], [""exclusive_39.72"", ""small_sample""], [""exclusive_45.12"", ""small_sample""], [""exclusive_46.2"", ""median_6m""], [""exclusive_54"", ""median_12m""], [""exclusive_63.99"", ""unavailable""], [""exclusive_61.56"", ""median_6m""], [""exclusive_66.51"", ""unavailable""], [""exclusive_84.94"", ""small_sample""], [""exclusive_122.85"", ""unavailable""]]",현재 확보 자료로 재구성한 과거 추정치; 과거 세대 구성 미확인,False,555b475dcef496b2254b825ba10b0724d7994196dba4c4e18f34e7f5aa4db599,54cb25d3544257419c8c9faa1ee168a8848dbea69689888cc0985fdd2c7a4797,ed22070000c1f425633073aec41cd0475b986c3ad372d2a8aae8d6171a317f44,f2a5f0d6492eb8372b471470,2026-09-18T13:45:05.713829+09:00
2026-08,A10023544,센트럴 스타힐스,사상구,괘법동,874.0,874,0,1.0,0.0,0.0,0.0,0.0,,,,,True,산정 불완전,가격 부족 또는 면적 연결 미확인,0d5161406a04900490df3d6b7062798f1d732808a7479a011971882044c4f2ef,"[[""exclusive_59.99"", ""unavailable""], [""exclusive_59.91"", ""unavailable""], [""exclusive_84.8"", ""unavailable""], [""exclusive_84.85"", ""unavailable""]]",현재 확보 자료로 재구성한 과거 추정치; 과거 세대 구성 미확인,False,555b475dcef496b2254b825ba10b0724d7994196dba4c4e18f34e7f5aa4db599,54cb25d3544257419c8c9faa1ee168a8848dbea69689888cc0985fdd2c7a4797,ed22070000c1f425633073aec41cd0475b986c3ad372d2a8aae8d6171a317f44,f2a5f0d6492eb8372b471470,2026-09-18T13:45:05.713829+09:00
2026-08,A61776003,괘법2차한신아파트,사상구,괘법동,1094.0,1094,1094,1.0,1.0,0.0,0.9085923217550275,0.09140767824497258,336494000000.0,336494000000.0,307581352.833638,,True,C,,cb1cd5da2557dee7e44076917de59ed1704bee899cbbaeafa71c089f526e4d0b,"[[""exclusive_59.84"", ""median_6m""], [""exclusive_73.4"", ""median_6m""], [""exclusive_84.96"", ""median_6m""], [""exclusive_115.02"", ""median_12m""]]",현재 확보 자료로 재구성한 과거 추정치; 과거 세대 구성 미확인,False,555b475dcef496b2254b825ba10b0724d7994196dba4c4e18f34e7f5aa4db599,54cb25d3544257419c8c9faa1ee168a8848dbea69689888cc0985fdd2c7a4797,ed22070000c1f425633073aec41cd0475b986c3ad372d2a8aae8d6171a317f44,f2a5f0d6492eb8372b471470,2026-09-18T13:45:05.713829+09:00
2026-08,A61780802,사상강변동원아파트,사상구,괘법동,600.0,600,400,1.0,0.6666666666666666,0.0,0.3333333333333333,0.3333333333333333,,125300000000.0,,,True,산정 불완전,가격 부족 또는 면적 연결 미확인,daf56e125ca20cc1a800e9f2c6160c52cf775eff0e9c44e3e1298cf819530576,"[[""exclusive_59.95"", ""unavailable""], [""exclusive_74.12"", ""median_12m""], [""exclusive_84.86"", ""median_6m""]]",현재 확보 자료로 재구성한 과거 추정치; 과거 세대 구성 미확인,False,555b475dcef496b2254b825ba10b0724d7994196dba4c4e18f34e7f5aa4db599,54cb25d3544257419c8c9faa1ee168a8848dbea69689888cc0985fdd2c7a4797,ed22070000c1f425633073aec41cd0475b986c3ad372d2a8aae8d6171a317f44,f2a5f0d6492eb8372b471470,2026-09-18T13:45:05.713829+09:00
2026-08,A10028191,감전엘에이치,사상구,감전동,622.0,0,0,0.0,0.0,0.0,0.0,0.0,,,,,True,산정 불완전,평형별 세대수 보완 필요; 임대·혼합 또는 분양 범위 미확인,c38eb7731a2edbf2c405dc922468ded84aa651100a03e86668e60fb8b6b0b8e7,[],현재 확보 자료로 재구성한 과거 추정치; 과거 세대 구성 미확인,False,555b475dcef496b2254b825ba10b0724d7994196dba4c4e18f34e7f5aa4db599,54cb25d3544257419c8c9faa1ee168a8848dbea69689888cc0985fdd2c7a4797,ed22070000c1f425633073aec41cd0475b986c3ad372d2a8aae8d6171a317f44,f2a5f0d6492eb8372b471470,2026-09-18T13:45:05.713829+09:00
2026-08,A10023571,주례롯데캐슬골드스마트,사상구,주례동,998.0,998,0,1.0,0.0,0.0,0.0,0.0,,,,,True,산정 불완전,임대·혼합 또는 분양 범위 미확인; 가격 부족 또는 면적 연결 미확인,7d8bc9760424cb8d1bc72bf2bc4accdc50a36baa66b09612aa808597a980d1c1,"[[""exclusive_39.72"", ""unavailable""], [""exclusive_59.92"", ""unavailable""], [""exclusive_73.67"", ""unavailable""], [""exclusive_84.87"", ""unavailable""], [""exclusive_84.85"", ""unavailable""], [""exclusive_84.91"", ""unavailable""]]",현재 확보 자료로 재구성한 과거 추정치; 과거 세대 구성 미확인,False,555b475dcef496b2254b825ba10b0724d7994196dba4c4e18f34e7f5aa4db599,54cb25d3544257419c8c9faa1ee168a8848dbea69689888cc0985fdd2c7a4797,ed22070000c1f425633073aec41cd0475b986c3ad372d2a8aae8d6171a317f44,f2a5f0d6492eb8372b471470,2026-09-18T13:45:05.713829+09:00
2026-08,A10026975,주례경동리인아파트,사상구,주례동,839.0,839,0,1.0,0.0,0.0,0.0,0.0,,,,,True,산정 불완전,가격 부족 또는 면적 연결 미확인,f72ed0bdacdddc742dfc1dccb0fb890cf1bf4d69297fa1779acb7258cb1e1a1a,"[[""exclusive_67.75"", ""unavailable""], [""exclusive_72.62"", ""unavailable""], [""exclusive_74.52"", ""unavailable""], [""exclusive_80.16"", ""unavailable""], [""exclusive_84.53"", ""unavailable""], [""exclusive_84.77"", ""unavailable""], [""exclusive_84.92"", ""unavailable""]]",현재 확보 자료로 재구성한 과거 추정치; 과거 세대 구성 미확인,False,555b475dcef496b2254b825ba10b0724d7994196dba4c4e18f34e7f5aa4db599,54cb25d3544257419c8c9faa1ee168a8848dbea69689888cc0985fdd2c7a4797,ed22070000c1f425633073aec41cd0475b986c3ad372d2a8aae8d6171a317f44,f2a5f0d6492eb8372b471470,2026-09-18T13:45:05.713829+09:00
2026-08,A61701002,주례한일유앤아이아파트,사상구,주례동,988.0,988,988,1.0,1.0,0.0,0.6538461538461539,0.34615384615384615,286919000000.0,286919000000.0,290403846.15384614,,True,D,,df01ec0eb8220f01588225db54e5c7ccc1b6062c2c791ab153e0e438abe9a162,"[[""exclusive_59.67"", ""median_6m""], [""exclusive_59.73"", ""median_6m""], [""exclusive_84.36"", ""median_6m""], [""exclusive_125.16"", ""median_12m""], [""exclusive_149.93"", ""small_sample""]]",현재 확보 자료로 재구성한 과거 추정치; 과거 세대 구성 미확인,False,555b475dcef496b2254b825ba10b0724d7994196dba4c4e18f34e7f5aa4db599,54cb25d3544257419c8c9faa1ee168a8848dbea69689888cc0985fdd2c7a4797,ed22070000c1f425633073aec41cd0475b986c3ad372d2a8aae8d6171a317f44,f2a5f0d6492eb8372b471470,2026-09-18T13:45:05.713829+09:00
2026-08,A61776104,주례반도보라매머드아파트,사상구,주례동,1206.0,1206,1206,1.0,1.0,0.7354892205638475,0.1451077943615257,0.11940298507462686,232256500000.0,232256500000.0,192584162.5207297,,True,D,,4bb89df2ef237c7b65c3248748c9d5eb39bcad088a55d274dfced997bc7dba8a,"[[""exclusive_59.76"", ""median_6m""], [""exclusive_59.88"", ""median_3m""], [""exclusive_84.99"", ""median_3m""], [""exclusive_113.59"", ""small_sample""], [""exclusive_129.06"", ""small_sample""]]",현재 확보 자료로 재구성한 과거 추정치; 과거 세대 구성 미확인,False,555b475dcef496b2254b825ba10b0724d7994196dba4c4e18f34e7f5aa4db599,54cb25d3544257419c8c9faa1ee168a8848dbea69689888cc0985fdd2c7a4797,ed22070000c1f425633073aec41cd0475b986c3ad372d2a8aae8d6171a317f44,f2a5f0d6492eb8372b471470,2026-09-18T13:45:05.713829+09:00
2026-08,A61776303,주례럭키아파트,사상구,주례동,2293.0,0,0,0.0,0.0,0.0,0.0,0.0,,,,,True,산정 불완전,평형별 세대수 보완 필요,c38eb7731a2edbf2c405dc922468ded84aa651100a03e86668e60fb8b6b0b8e7,[],현재 확보 자료로 재구성한 과거 추정치; 과거 세대 구성 미확인,False,555b475dcef496b2254b825ba10b0724d7994196dba4c4e18f34e7f5aa4db599,54cb25d3544257419c8c9faa1ee168a8848dbea69689888cc0985fdd2c7a4797,ed22070000c1f425633073aec41cd0475b986c3ad372d2a8aae8d6171a317f44,f2a5f0d6492eb8372b471470,2026-09-18T13:45:05.713829+09:00
2026-08,A61778608,주례청구아파트,사상구,주례동,831.0,831,755,1.0,0.9085439229843562,0.0,0.0,0.9085439229843562,,140566000000.0,,,True,산정 불완전,가격 부족 또는 면적 연결 미확인,f733d0f79d03b0b02d51d117ad102a92c8f7c452ae2c8696914712a4b60a3f94,"[[""exclusive_59.99"", ""small_sample""], [""exclusive_59.76"", ""median_12m""], [""exclusive_75.06"", ""median_12m""], [""exclusive_84.99"", ""small_sample""], [""exclusive_84.91"", ""median_12m""], [""exclusive_122.8"", ""unavailable""]]",현재 확보 자료로 재구성한 과거 추정치; 과거 세대 구성 미확인,False,555b475dcef496b2254b825ba10b0724d7994196dba4c4e18f34e7f5aa4db599,54cb25d3544257419c8c9faa1ee168a8848dbea69689888cc0985fdd2c7a4797,ed22070000c1f425633073aec41cd0475b986c3ad372d2a8aae8d6171a317f44,f2a5f0d6492eb8372b471470,2026-09-18T13:45:05.713829+09:00
2026-08,A61783202,신주례2차LG아파트,사상구,주례동,874.0,874,564,1.0,0.6453089244851259,0.5377574370709383,0.0,0.10755148741418764,,117030000000.0,,,True,산정 불완전,가격 부족 또는 면적 연결 미확인,cff5a618de49dd2d75346b719c230c2e8027321f9da00de5c5c22660e93e9288,"[[""exclusive_59.97"", ""median_3m""], [""exclusive_84.97"", ""unavailable""], [""exclusive_134.94"", ""unavailable""], [""exclusive_164.85"", ""small_sample""]]",현재 확보 자료로 재구성한 과거 추정치; 과거 세대 구성 미확인,False,555b475dcef496b2254b825ba10b0724d7994196dba4c4e18f34e7f5aa4db599,54cb25d3544257419c8c9faa1ee168a8848dbea69689888cc0985fdd2c7a4797,ed22070000c1f425633073aec41cd0475b986c3ad372d2a8aae8d6171a317f44,f2a5f0d6492eb8372b471470,2026-09-18T13:45:05.713829+09:00
2026-08,A61783203,LG신주례1단지아파트,사상구,주례동,953.0,953,657,1.0,0.689401888772298,0.46065057712486884,0.0,0.22875131164742918,,160765000000.0,,,True,산정 불완전,가격 부족 또는 면적 연결 미확인,90a96e57f43774b618d3d953452cc6368c3ee4c1c859a9c7885a5e751b7ca494,"[[""exclusive_59.97"", ""median_3m""], [""exclusive_84.97"", ""unavailable""], [""exclusive_134.94"", ""small_sample""], [""exclusive_164.85"", ""small_sample""]]",현재 확보 자료로 재구성한 과거 추정치; 과거 세대 구성 미확인,False,555b475dcef496b2254b825ba10b0724d7994196dba4c4e18f34e7f5aa4db599,54cb25d3544257419c8c9faa1ee168a8848dbea69689888cc0985fdd2c7a4797,ed22070000c1f425633073aec41cd0475b986c3ad372d2a8aae8d6171a317f44,f2a5f0d6492eb8372b471470,2026-09-18T13:45:05.713829+09:00
2026-08,A61783402,주례현대무지개아파트,사상구,주례동,977.0,977,655,1.0,0.6704196519959058,0.0,0.0,0.6704196519959058,,116185000000.0,,,True,산정 불완전,가격 부족 또는 면적 연결 미확인,bccb057208587acbf2a5de832abce2b1a735376fb774e81d2d433dd5f0d2f6f3,"[[""exclusive_76.51"", ""unavailable""], [""exclusive_84.99"", ""median_12m""], [""exclusive_105.24"", ""small_sample""], [""exclusive_109.64"", ""unavailable""], [""exclusive_114.62"", ""unavailable""]]",현재 확보 자료로 재구성한 과거 추정치; 과거 세대 구성 미확인,False,555b475dcef496b2254b825ba10b0724d7994196dba4c4e18f34e7f5aa4db599,54cb25d3544257419c8c9faa1ee168a8848dbea69689888cc0985fdd2c7a4797,ed22070000c1f425633073aec41cd0475b986c3ad372d2a8aae8d6171a317f44,f2a5f0d6492eb8372b471470,2026-09-18T13:45:05.713829+09:00
2026-08,A61776907,학장금강,사상구,학장동,730.0,730,730,1.0,1.0,0.0,0.7123287671232876,0.2876712328767123,93750000000.0,93750000000.0,128424657.53424658,,True,C,,b4101745bfd1bb39ea4d19809d036ce0e8a15c75cb5ca9091974e0bac03c6f43,"[[""exclusive_79.34"", ""median_12m""], [""exclusive_84.96"", ""median_6m""], [""exclusive_84.81"", ""median_6m""]]",현재 확보 자료로 재구성한 과거 추정치; 과거 세대 구성 미확인,False,555b475dcef496b2254b825ba10b0724d7994196dba4c4e18f34e7f5aa4db599,54cb25d3544257419c8c9faa1ee168a8848dbea69689888cc0985fdd2c7a4797,ed22070000c1f425633073aec41cd0475b986c3ad372d2a8aae8d6171a317f44,f2a5f0d6492eb8372b471470,2026-09-18T13:45:05.713829+09:00
2026-08,A61777010,학장무학,사상구,학장동,893.0,893,893,1.0,1.0,0.7648376259798432,0.0,0.23516237402015677,153165000000.0,153165000000.0,171517357.22284433,,True,C,,e974442b3a527bebdd8f4676665abeb214c0c9ade6f63fe9acdbc960162ede51,"[[""exclusive_59.99"", ""median_3m""], [""exclusive_84.91"", ""median_12m""]]",현재 확보 자료로 재구성한 과거 추정치; 과거 세대 구성 미확인,False,555b475dcef496b2254b825ba10b0724d7994196dba4c4e18f34e7f5aa4db599,54cb25d3544257419c8c9faa1ee168a8848dbea69689888cc0985fdd2c7a4797,ed22070000c1f425633073aec41cd0475b986c3ad372d2a8aae8d6171a317f44,f2a5f0d6492eb8372b471470,2026-09-18T13:45:05.713829+09:00
2026-08,A61777105,학장벽산아파트,사상구,학장동,526.0,526,526,1.0,1.0,0.0,0.5893536121673004,0.41064638783269963,125644000000.0,125644000000.0,238866920.15209126,,True,C,,3c9b96ffd32401d706f63c2ec228c8ecb9b5d57e0683428f8449c95303692ad9,"[[""exclusive_95.95"", ""median_12m""], [""exclusive_119.24"", ""median_6m""]]",현재 확보 자료로 재구성한 과거 추정치; 과거 세대 구성 미확인,False,555b475dcef496b2254b825ba10b0724d7994196dba4c4e18f34e7f5aa4db599,54cb25d3544257419c8c9faa1ee168a8848dbea69689888cc0985fdd2c7a4797,ed22070000c1f425633073aec41cd0475b986c3ad372d2a8aae8d6171a317f44,f2a5f0d6492eb8372b471470,2026-09-18T13:45:05.713829+09:00
2026-08,A61777312,학장반도보라타운,사상구,학장동,998.0,998,916,1.0,0.9178356713426854,0.843687374749499,0.0,0.07414829659318638,,170758000000.0,,,True,산정 불완전,가격 부족 또는 면적 연결 미확인,295d576f2a5b9c568e199c39fa455b5568198d37b739295a5657619ad5704e98,"[[""exclusive_59.88"", ""median_3m""], [""exclusive_84.9"", ""median_3m""], [""exclusive_131.88"", ""unavailable""], [""exclusive_137.55"", ""small_sample""]]",현재 확보 자료로 재구성한 과거 추정치; 과거 세대 구성 미확인,False,555b475dcef496b2254b825ba10b0724d7994196dba4c4e18f34e7f5aa4db599,54cb25d3544257419c8c9faa1ee168a8848dbea69689888cc0985fdd2c7a4797,ed22070000c1f425633073aec41cd0475b986c3ad372d2a8aae8d6171a317f44,f2a5f0d6492eb8372b471470,2026-09-18T13:45:05.713829+09:00
2026-08,A61777409,구덕대림,사상구,학장동,825.0,825,825,1.0,1.0,0.0,0.0,1.0,104624250000.0,104624250000.0,126817272.72727273,,True,D,,d870a2d55ea0ad5ed146e9768417589312b466b2706c131d7a8cc02be47a450f,"[[""exclusive_59.94"", ""median_12m""], [""exclusive_75.61"", ""median_12m""], [""exclusive_84.99"", ""small_sample""]]",현재 확보 자료로 재구성한 과거 추정치; 과거 세대 구성 미확인,False,555b475dcef496b2254b825ba10b0724d7994196dba4c4e18f34e7f5aa4db599,54cb25d3544257419c8c9faa1ee168a8848dbea69689888cc0985fdd2c7a4797,ed22070000c1f425633073aec41cd0475b986c3ad372d2a8aae8d6171a317f44,f2a5f0d6492eb8372b471470,2026-09-18T13:45:05.713829+09:00
2026-08,A61777410,학장1지구도개공임대,사상구,학장동,720.0,0,0,0.0,0.0,0.0,0.0,0.0,,,,,True,산정 불완전,평형별 세대수 보완 필요; 임대·혼합 또는 분양 범위 미확인,c38eb7731a2edbf2c405dc922468ded84aa651100a03e86668e60fb8b6b0b8e7,[],현재 확보 자료로 재구성한 과거 추정치; 과거 세대 구성 미확인,False,555b475dcef496b2254b825ba10b0724d7994196dba4c4e18f34e7f5aa4db599,54cb25d3544257419c8c9faa1ee168a8848dbea69689888cc0985fdd2c7a4797,ed22070000c1f425633073aec41cd0475b986c3ad372d2a8aae8d6171a317f44,f2a5f0d6492eb8372b471470,2026-09-18T13:45:05.713829+09:00
2026-08,A61777411,학장삼정그린코아,사상구,학장동,511.0,511,0,1.0,0.0,0.0,0.0,0.0,,,,,True,산정 불완전,가격 부족 또는 면적 연결 미확인,1efdd0fa13c65a736c5f4a8ab6a3fcbf14262e997c2c531b5948e89adcdf4cb3,"[[""exclusive_59.88"", ""unavailable""], [""exclusive_59.91"", ""unavailable""], [""exclusive_59.99"", ""unavailable""], [""exclusive_69.91"", ""unavailable""], [""exclusive_84.95"", ""unavailable""]]",현재 확보 자료로 재구성한 과거 추정치; 과거 세대 구성 미확인,False,555b475dcef496b2254b825ba10b0724d7994196dba4c4e18f34e7f5aa4db599,54cb25d3544257419c8c9faa1ee168a8848dbea69689888cc0985fdd2c7a4797,ed22070000c1f425633073aec41cd0475b986c3ad372d2a8aae8d6171a317f44,f2a5f0d6492eb8372b471470,2026-09-18T13:45:05.713829+09:00
2026-08,A61777711,학장목화,사상구,학장동,999.0,999,0,1.0,0.0,0.0,0.0,0.0,,,,,True,산정 불완전,가격 부족 또는 면적 연결 미확인,d55ddf0ba6da2f8094a1a645ce8f4cbc8a3da57ed117894501b61f2b3df306b7,"[[""exclusive_40.42"", ""unavailable""], [""exclusive_49.96"", ""unavailable""]]",현재 확보 자료로 재구성한 과거 추정치; 과거 세대 구성 미확인,False,555b475dcef496b2254b825ba10b0724d7994196dba4c4e18f34e7f5aa4db599,54cb25d3544257419c8c9faa1ee168a8848dbea69689888cc0985fdd2c7a4797,ed22070000c1f425633073aec41cd0475b986c3ad372d2a8aae8d6171a317f44,f2a5f0d6492eb8372b471470,2026-09-18T13:45:05.713829+09:00
2026-08,A61777806,학장동2차삼성,사상구,학장동,549.0,549,288,1.0,0.5245901639344263,0.0,0.0,0.5245901639344263,,58764000000.0,,,True,산정 불완전,가격 부족 또는 면적 연결 미확인,c16b35de977bd431e615261e5e88a96dc741ec833520f776662dfa8fd3cd24af,"[[""exclusive_59.79"", ""small_sample""], [""exclusive_59.94"", ""unavailable""], [""exclusive_74.13"", ""median_12m""], [""exclusive_84.99"", ""unavailable""]]",현재 확보 자료로 재구성한 과거 추정치; 과거 세대 구성 미확인,False,555b475dcef496b2254b825ba10b0724d7994196dba4c4e18f34e7f5aa4db599,54cb25d3544257419c8c9faa1ee168a8848dbea69689888cc0985fdd2c7a4797,ed22070000c1f425633073aec41cd0475b986c3ad372d2a8aae8d6171a317f44,f2a5f0d6492eb8372b471470,2026-09-18T13:45:05.713829+09:00
2026-08,A61784208,신구덕우성,사상구,학장동,763.0,763,763,1.0,1.0,0.0,0.0,1.0,167948000000.0,167948000000.0,220115334.20707732,,True,D,,3b380ae6cb6297e9e28b6aec214d8dc825c0929b4299e44f6b2c4bc017d591e1,"[[""exclusive_59.98"", ""median_12m""], [""exclusive_75.65"", ""median_12m""], [""exclusive_84.97"", ""median_12m""], [""exclusive_110.48"", ""small_sample""], [""exclusive_134.99"", ""small_sample""]]",현재 확보 자료로 재구성한 과거 추정치; 과거 세대 구성 미확인,False,555b475dcef496b2254b825ba10b0724d7994196dba4c4e18f34e7f5aa4db599,54cb25d3544257419c8c9faa1ee168a8848dbea69689888cc0985fdd2c7a4797,ed22070000c1f425633073aec41cd0475b986c3ad372d2a8aae8d6171a317f44,f2a5f0d6492eb8372b471470,2026-09-18T13:45:05.713829+09:00
2026-08,A61784213,구학마을아파트,사상구,학장동,1110.0,1110,1110,1.0,1.0,1.0,0.0,0.0,82140000000.0,82140000000.0,74000000.0,,True,A,,2b3525e502d78a9d0a77534e7d44452a252328546821f402526f30e60af85053,"[[""exclusive_46.32"", ""median_3m""]]",현재 확보 자료로 재구성한 과거 추정치; 과거 세대 구성 미확인,False,555b475dcef496b2254b825ba10b0724d7994196dba4c4e18f34e7f5aa4db599,54cb25d3544257419c8c9faa1ee168a8848dbea69689888cc0985fdd2c7a4797,ed22070000c1f425633073aec41cd0475b986c3ad372d2a8aae8d6171a317f44,f2a5f0d6492eb8372b471470,2026-09-18T13:45:05.713829+09:00
2026-08,A61776508,엄궁대림아파트,사상구,엄궁동,741.0,741,741,1.0,1.0,0.0,0.5951417004048583,0.4048582995951417,146700000000.0,146700000000.0,197975708.5020243,,True,D,,d50b634d2da019d9594abb2757768a94adf813adcdc68ad7d2073a41436f9d79,"[[""exclusive_59.85"", ""median_6m""], [""exclusive_84.87"", ""median_12m""], [""exclusive_131.98"", ""small_sample""]]",현재 확보 자료로 재구성한 과거 추정치; 과거 세대 구성 미확인,False,555b475dcef496b2254b825ba10b0724d7994196dba4c4e18f34e7f5aa4db599,54cb25d3544257419c8c9faa1ee168a8848dbea69689888cc0985fdd2c7a4797,ed22070000c1f425633073aec41cd0475b986c3ad372d2a8aae8d6171a317f44,f2a5f0d6492eb8372b471470,2026-09-18T13:45:05.713829+09:00
2026-08,A61776509,엄궁롯데캐슬리버아파트,사상구,엄궁동,1852.0,1852,0,1.0,0.0,0.0,0.0,0.0,,,,,True,산정 불완전,가격 부족 또는 면적 연결 미확인,f87483c1cc81878e10d18641e17579380c041de68c994f25b0c521147428d126,"[[""exclusive_59.99"", ""unavailable""], [""exclusive_72.44"", ""unavailable""], [""exclusive_84.96"", ""unavailable""], [""exclusive_84.99"", ""unavailable""], [""exclusive_84.98"", ""unavailable""], [""exclusive_101.11"", ""unavailable""], [""exclusive_126.27"", ""unavailable""], [""exclusive_126.39"", ""unavailable""], [""exclusive_145.13"", ""unavailable""]]",현재 확보 자료로 재구성한 과거 추정치; 과거 세대 구성 미확인,False,555b475dcef496b2254b825ba10b0724d7994196dba4c4e18f34e7f5aa4db599,54cb25d3544257419c8c9faa1ee168a8848dbea69689888cc0985fdd2c7a4797,ed22070000c1f425633073aec41cd0475b986c3ad372d2a8aae8d6171a317f44,f2a5f0d6492eb8372b471470,2026-09-18T13:45:05.713829+09:00
2026-08,A61776710,엄궁한신2차아파트,사상구,엄궁동,1016.0,1016,920,1.0,0.905511811023622,0.43700787401574803,0.0,0.468503937007874,,173026000000.0,,,True,산정 불완전,가격 부족 또는 면적 연결 미확인,8cba9876efdd6bac228255610a201182e80acd0808d9307650ae94a6f6fa28ca,"[[""exclusive_59.99"", ""unavailable""], [""exclusive_59.98"", ""median_3m""], [""exclusive_73.2"", ""small_sample""], [""exclusive_84.9"", ""median_12m""], [""exclusive_118.51"", ""median_12m""]]",현재 확보 자료로 재구성한 과거 추정치; 과거 세대 구성 미확인,False,555b475dcef496b2254b825ba10b0724d7994196dba4c4e18f34e7f5aa4db599,54cb25d3544257419c8c9faa1ee168a8848dbea69689888cc0985fdd2c7a4797,ed22070000c1f425633073aec41cd0475b986c3ad372d2a8aae8d6171a317f44,f2a5f0d6492eb8372b471470,2026-09-18T13:45:05.713829+09:00
2026-08,A61776811,엄궁코오롱아파트,사상구,엄궁동,1158.0,1158,1122,1.0,0.9689119170984456,0.540587219343696,0.0,0.4283246977547496,,195263000000.0,,,True,산정 불완전,가격 부족 또는 면적 연결 미확인,6d266d8472b8bb0b4368378075f9e7e4cfeb04b4fc9ceac785f48e17a59a9d36,"[[""exclusive_59.9"", ""median_12m""], [""exclusive_59.94"", ""median_3m""], [""exclusive_84.85"", ""median_12m""], [""exclusive_105.42"", ""median_12m""], [""exclusive_105.3"", ""small_sample""], [""exclusive_134.64"", ""unavailable""]]",현재 확보 자료로 재구성한 과거 추정치; 과거 세대 구성 미확인,False,555b475dcef496b2254b825ba10b0724d7994196dba4c4e18f34e7f5aa4db599,54cb25d3544257419c8c9faa1ee168a8848dbea69689888cc0985fdd2c7a4797,ed22070000c1f425633073aec41cd0475b986c3ad372d2a8aae8d6171a317f44,f2a5f0d6492eb8372b471470,2026-09-18T13:45:05.713829+09:00
2026-08,A61778507,엄궁쌍용스윗닷홈,사상구,엄궁동,607.0,607,0,1.0,0.0,0.0,0.0,0.0,,,,,True,산정 불완전,가격 부족 또는 면적 연결 미확인,df2b6f27e710dfdbd9cf9fa139df2a9040d22bd2074d87f1746aa8c7a8bd46c9,"[[""exclusive_59.93"", ""unavailable""], [""exclusive_84.96"", ""unavailable""], [""exclusive_116.96"", ""unavailable""]]",현재 확보 자료로 재구성한 과거 추정치; 과거 세대 구성 미확인,False,555b475dcef496b2254b825ba10b0724d7994196dba4c4e18f34e7f5aa4db599,54cb25d3544257419c8c9faa1ee168a8848dbea69689888cc0985fdd2c7a4797,ed22070000c1f425633073aec41cd0475b986c3ad372d2a8aae8d6171a317f44,f2a5f0d6492eb8372b471470,2026-09-18T13:45:05.713829+09:00
2026-08,A61990514,기장한신그린코아아파트,기장군,기장읍,1131.0,1131,626,1.0,0.5534924845269673,0.46684350132625996,0.0,0.08664898320070734,,101324000000.0,,,True,산정 불완전,가격 부족 또는 면적 연결 미확인,18ffd78bfbe4845c7eb25f72ab23b57a13dda986b573ef8b49acaae880bdccb4,"[[""exclusive_59.85"", ""median_3m""], [""exclusive_84.98"", ""unavailable""], [""exclusive_99.9"", ""median_12m""]]",현재 확보 자료로 재구성한 과거 추정치; 과거 세대 구성 미확인,False,555b475dcef496b2254b825ba10b0724d7994196dba4c4e18f34e7f5aa4db599,54cb25d3544257419c8c9faa1ee168a8848dbea69689888cc0985fdd2c7a4797,ed22070000c1f425633073aec41cd0475b986c3ad372d2a8aae8d6171a317f44,f2a5f0d6492eb8372b471470,2026-09-18T13:45:05.713829+09:00
2026-08,A61970415,부산기장교리,기장군,기장읍,875.0,0,0,0.0,0.0,0.0,0.0,0.0,,,,,True,산정 불완전,평형별 세대수 보완 필요; 임대·혼합 또는 분양 범위 미확인,c38eb7731a2edbf2c405dc922468ded84aa651100a03e86668e60fb8b6b0b8e7,[],현재 확보 자료로 재구성한 과거 추정치; 과거 세대 구성 미확인,False,555b475dcef496b2254b825ba10b0724d7994196dba4c4e18f34e7f5aa4db599,54cb25d3544257419c8c9faa1ee168a8848dbea69689888cc0985fdd2c7a4797,ed22070000c1f425633073aec41cd0475b986c3ad372d2a8aae8d6171a317f44,f2a5f0d6492eb8372b471470,2026-09-18T13:45:05.713829+09:00
2026-08,A61990108,이진캐스빌블루1차,기장군,기장읍,620.0,620,0,1.0,0.0,0.0,0.0,0.0,,,,,True,산정 불완전,가격 부족 또는 면적 연결 미확인,1f8a380abb1697e3ae35775e216d4a9e35b37804394f0762f906c7ce533ae03e,"[[""exclusive_71.72"", ""unavailable""], [""exclusive_84.92"", ""unavailable""], [""exclusive_84.9"", ""unavailable""], [""exclusive_84.97"", ""unavailable""], [""exclusive_84.94"", ""unavailable""], [""exclusive_106.77"", ""unavailable""], [""exclusive_115.64"", ""unavailable""], [""exclusive_119.89"", ""unavailable""], [""exclusive_134.69"", ""unavailable""], [""exclusive_162.6"", ""unavailable""], [""exclusive_181.95"", ""unavailable""]]",현재 확보 자료로 재구성한 과거 추정치; 과거 세대 구성 미확인,False,555b475dcef496b2254b825ba10b0724d7994196dba4c4e18f34e7f5aa4db599,54cb25d3544257419c8c9faa1ee168a8848dbea69689888cc0985fdd2c7a4797,ed22070000c1f425633073aec41cd0475b986c3ad372d2a8aae8d6171a317f44,f2a5f0d6492eb8372b471470,2026-09-18T13:45:05.713829+09:00
2026-08,A61970311,기장서부주공아파트,기장군,기장읍,702.0,702,702,1.0,1.0,0.0,0.7891737891737892,0.21082621082621084,137317000000.0,137317000000.0,195608262.10826212,,True,C,,9630a365adf68edb24bfe16de2fcde380f2984a8424a1811163068deaaf657e5,"[[""exclusive_46.2"", ""median_12m""], [""exclusive_59.83"", ""median_6m""], [""exclusive_59.92"", ""median_6m""]]",현재 확보 자료로 재구성한 과거 추정치; 과거 세대 구성 미확인,False,555b475dcef496b2254b825ba10b0724d7994196dba4c4e18f34e7f5aa4db599,54cb25d3544257419c8c9faa1ee168a8848dbea69689888cc0985fdd2c7a4797,ed22070000c1f425633073aec41cd0475b986c3ad372d2a8aae8d6171a317f44,f2a5f0d6492eb8372b471470,2026-09-18T13:45:05.713829+09:00
2026-08,A10023692,웨이브리즈아파트,기장군,기장읍,728.0,486,486,0.6675824175824175,0.6675824175824175,0.6675824175824175,0.0,0.0,,128676000000.0,,,True,산정 불완전,평형 세대수 합계 불일치; 임대·혼합 또는 분양 범위 미확인,da0547cfe1484133b502fc0d4b617af553edac1699620d251757d962ebb61dca,"[[""exclusive_55.99"", ""median_3m""], [""exclusive_59.99"", ""median_3m""]]",현재 확보 자료로 재구성한 과거 추정치; 과거 세대 구성 미확인,False,555b475dcef496b2254b825ba10b0724d7994196dba4c4e18f34e7f5aa4db599,54cb25d3544257419c8c9faa1ee168a8848dbea69689888cc0985fdd2c7a4797,ed22070000c1f425633073aec41cd0475b986c3ad372d2a8aae8d6171a317f44,f2a5f0d6492eb8372b471470,2026-09-18T13:45:05.713829+09:00
2026-08,A61970112,기장현대아파트,기장군,기장읍,930.0,930,915,1.0,0.9838709677419355,0.9032258064516129,0.0,0.08064516129032258,,203010000000.0,,,True,산정 불완전,가격 부족 또는 면적 연결 미확인,a096565043be9b3b706fedea10230513dca563d46b837d9b093359516e58476e,"[[""exclusive_59.95"", ""median_3m""], [""exclusive_84.03"", ""unavailable""], [""exclusive_84.69"", ""small_sample""], [""exclusive_84.6"", ""median_3m""]]",현재 확보 자료로 재구성한 과거 추정치; 과거 세대 구성 미확인,False,555b475dcef496b2254b825ba10b0724d7994196dba4c4e18f34e7f5aa4db599,54cb25d3544257419c8c9faa1ee168a8848dbea69689888cc0985fdd2c7a4797,ed22070000c1f425633073aec41cd0475b986c3ad372d2a8aae8d6171a317f44,f2a5f0d6492eb8372b471470,2026-09-18T13:45:05.713829+09:00
2026-08,A61970210,우신네오빌아파트,기장군,기장읍,524.0,524,50,1.0,0.09541984732824428,0.0,0.0,0.09541984732824428,,18500000000.0,,,True,산정 불완전,가격 부족 또는 면적 연결 미확인,348f01d85f54b82960334cbb8aef64fdb9a724727eec7f530b1495aa30b39895,"[[""exclusive_49.47"", ""unavailable""], [""exclusive_59.98"", ""unavailable""], [""exclusive_84.98"", ""unavailable""], [""exclusive_130.04"", ""small_sample""]]",현재 확보 자료로 재구성한 과거 추정치; 과거 세대 구성 미확인,False,555b475dcef496b2254b825ba10b0724d7994196dba4c4e18f34e7f5aa4db599,54cb25d3544257419c8c9faa1ee168a8848dbea69689888cc0985fdd2c7a4797,ed22070000c1f425633073aec41cd0475b986c3ad372d2a8aae8d6171a317f44,f2a5f0d6492eb8372b471470,2026-09-18T13:45:05.713829+09:00
2026-08,A61990609,기장2주공아파트,기장군,기장읍,520.0,520,461,1.0,0.8865384615384615,0.0,0.28846153846153844,0.5980769230769231,,48970000000.0,,,True,산정 불완전,가격 부족 또는 면적 연결 미확인,05e15a80ae16dfdd8462cdf4bc3e1a364d8d6772108310e2c88fea89ffc8acdc,"[[""exclusive_32.76"", ""unavailable""], [""exclusive_39.3"", ""small_sample""], [""exclusive_39.69"", ""median_6m""], [""exclusive_39.99"", ""small_sample""], [""exclusive_42.48"", ""small_sample""]]",현재 확보 자료로 재구성한 과거 추정치; 과거 세대 구성 미확인,False,555b475dcef496b2254b825ba10b0724d7994196dba4c4e18f34e7f5aa4db599,54cb25d3544257419c8c9faa1ee168a8848dbea69689888cc0985fdd2c7a4797,ed22070000c1f425633073aec41cd0475b986c3ad372d2a8aae8d6171a317f44,f2a5f0d6492eb8372b471470,2026-09-18T13:45:05.713829+09:00
2026-08,A10026865,동부산 삼정그린코아 더베스트,기장군,기장읍,549.0,549,0,1.0,0.0,0.0,0.0,0.0,,,,,True,산정 불완전,가격 부족 또는 면적 연결 미확인,734877dcfc5ae7a2113a07a71cfa146f013ff6d185a54d0eb29ebb18e8cecb62,"[[""exclusive_79.98"", ""unavailable""], [""exclusive_79.97"", ""unavailable""], [""exclusive_84.98"", ""unavailable""]]",현재 확보 자료로 재구성한 과거 추정치; 과거 세대 구성 미확인,False,555b475dcef496b2254b825ba10b0724d7994196dba4c4e18f34e7f5aa4db599,54cb25d3544257419c8c9faa1ee168a8848dbea69689888cc0985fdd2c7a4797,ed22070000c1f425633073aec41cd0475b986c3ad372d2a8aae8d6171a317f44,f2a5f0d6492eb8372b471470,2026-09-18T13:45:05.713829+09:00
2026-08,A61990213,내리 휴먼시아1단지,기장군,기장읍,1002.0,0,0,0.0,0.0,0.0,0.0,0.0,,,,,True,산정 불완전,평형별 세대수 보완 필요; 임대·혼합 또는 분양 범위 미확인,c38eb7731a2edbf2c405dc922468ded84aa651100a03e86668e60fb8b6b0b8e7,[],현재 확보 자료로 재구성한 과거 추정치; 과거 세대 구성 미확인,False,555b475dcef496b2254b825ba10b0724d7994196dba4c4e18f34e7f5aa4db599,54cb25d3544257419c8c9faa1ee168a8848dbea69689888cc0985fdd2c7a4797,ed22070000c1f425633073aec41cd0475b986c3ad372d2a8aae8d6171a317f44,f2a5f0d6492eb8372b471470,2026-09-18T13:45:05.713829+09:00
2026-08,A10028142,가화만사성정관타운아파트,기장군,정관읍,560.0,560,0,1.0,0.0,0.0,0.0,0.0,,,,,True,산정 불완전,가격 부족 또는 면적 연결 미확인,0e1aabbecc2bb61b1007f237ccb6d64dd1d021cba1809117570eef72d1ecf297,"[[""exclusive_59.95"", ""unavailable""], [""exclusive_59.94"", ""unavailable""], [""exclusive_59.91"", ""unavailable""], [""exclusive_84.77"", ""unavailable""]]",현재 확보 자료로 재구성한 과거 추정치; 과거 세대 구성 미확인,False,555b475dcef496b2254b825ba10b0724d7994196dba4c4e18f34e7f5aa4db599,54cb25d3544257419c8c9faa1ee168a8848dbea69689888cc0985fdd2c7a4797,ed22070000c1f425633073aec41cd0475b986c3ad372d2a8aae8d6171a317f44,f2a5f0d6492eb8372b471470,2026-09-18T13:45:05.713829+09:00
2026-08,A61996111,정관동원로얄듀크2차,기장군,정관읍,1249.0,1249,0,1.0,0.0,0.0,0.0,0.0,,,,,True,산정 불완전,가격 부족 또는 면적 연결 미확인,8d545ac10b5bcd098f91c80a6c8007dca966a974609bfda1597bc600137d9f9f,"[[""exclusive_59.99"", ""unavailable""], [""exclusive_84.99"", ""unavailable""]]",현재 확보 자료로 재구성한 과거 추정치; 과거 세대 구성 미확인,False,555b475dcef496b2254b825ba10b0724d7994196dba4c4e18f34e7f5aa4db599,54cb25d3544257419c8c9faa1ee168a8848dbea69689888cc0985fdd2c7a4797,ed22070000c1f425633073aec41cd0475b986c3ad372d2a8aae8d6171a317f44,f2a5f0d6492eb8372b471470,2026-09-18T13:45:05.713829+09:00
2026-08,A61996102,정관센트럴파크,기장군,정관읍,588.0,588,425,1.0,0.7227891156462585,0.1717687074829932,0.0,0.5510204081632653,,102195000000.0,,,True,산정 불완전,가격 부족 또는 면적 연결 미확인,fdcd2cff0db58a7fb42ad2d8c002cf679daf9773cea8a8bfa7137ef3f70c3a6b,"[[""exclusive_59.81"", ""median_12m""], [""exclusive_59.83"", ""median_3m""], [""exclusive_84.41"", ""unavailable""], [""exclusive_84.53"", ""unavailable""], [""exclusive_84.59"", ""median_12m""], [""exclusive_84.73"", ""unavailable""], [""exclusive_84.93"", ""unavailable""], [""exclusive_84.99"", ""median_12m""]]",현재 확보 자료로 재구성한 과거 추정치; 과거 세대 구성 미확인,False,555b475dcef496b2254b825ba10b0724d7994196dba4c4e18f34e7f5aa4db599,54cb25d3544257419c8c9faa1ee168a8848dbea69689888cc0985fdd2c7a4797,ed22070000c1f425633073aec41cd0475b986c3ad372d2a8aae8d6171a317f44,f2a5f0d6492eb8372b471470,2026-09-18T13:45:05.713829+09:00
2026-08,A61996105,정관LH4단지,기장군,정관읍,964.0,0,0,0.0,0.0,0.0,0.0,0.0,,,,,True,산정 불완전,평형별 세대수 보완 필요; 임대·혼합 또는 분양 범위 미확인,c38eb7731a2edbf2c405dc922468ded84aa651100a03e86668e60fb8b6b0b8e7,[],현재 확보 자료로 재구성한 과거 추정치; 과거 세대 구성 미확인,False,555b475dcef496b2254b825ba10b0724d7994196dba4c4e18f34e7f5aa4db599,54cb25d3544257419c8c9faa1ee168a8848dbea69689888cc0985fdd2c7a4797,ed22070000c1f425633073aec41cd0475b986c3ad372d2a8aae8d6171a317f44,f2a5f0d6492eb8372b471470,2026-09-18T13:45:05.713829+09:00
2026-08,A61996108,정관1차동원로얄듀크,기장군,정관읍,1028.0,1028,0,1.0,0.0,0.0,0.0,0.0,,,,,True,산정 불완전,가격 부족 또는 면적 연결 미확인,71084780f2da46c2c29a20ac6884599fc84917fafe6ff2b3c922c072f47bea41,"[[""exclusive_59.99"", ""unavailable""], [""exclusive_79.6"", ""unavailable""], [""exclusive_79.65"", ""unavailable""]]",현재 확보 자료로 재구성한 과거 추정치; 과거 세대 구성 미확인,False,555b475dcef496b2254b825ba10b0724d7994196dba4c4e18f34e7f5aa4db599,54cb25d3544257419c8c9faa1ee168a8848dbea69689888cc0985fdd2c7a4797,ed22070000c1f425633073aec41cd0475b986c3ad372d2a8aae8d6171a317f44,f2a5f0d6492eb8372b471470,2026-09-18T13:45:05.713829+09:00
2026-08,A61996112,정관신도시LH5단지,기장군,정관읍,1128.0,0,0,0.0,0.0,0.0,0.0,0.0,,,,,True,산정 불완전,평형별 세대수 보완 필요; 임대·혼합 또는 분양 범위 미확인,c38eb7731a2edbf2c405dc922468ded84aa651100a03e86668e60fb8b6b0b8e7,[],현재 확보 자료로 재구성한 과거 추정치; 과거 세대 구성 미확인,False,555b475dcef496b2254b825ba10b0724d7994196dba4c4e18f34e7f5aa4db599,54cb25d3544257419c8c9faa1ee168a8848dbea69689888cc0985fdd2c7a4797,ed22070000c1f425633073aec41cd0475b986c3ad372d2a8aae8d6171a317f44,f2a5f0d6492eb8372b471470,2026-09-18T13:45:05.713829+09:00
2026-08,A10025749,부산정관 행복주택,기장군,정관읍,856.0,0,0,0.0,0.0,0.0,0.0,0.0,,,,,True,산정 불완전,평형별 세대수 보완 필요; 임대·혼합 또는 분양 범위 미확인,c38eb7731a2edbf2c405dc922468ded84aa651100a03e86668e60fb8b6b0b8e7,[],현재 확보 자료로 재구성한 과거 추정치; 과거 세대 구성 미확인,False,555b475dcef496b2254b825ba10b0724d7994196dba4c4e18f34e7f5aa4db599,54cb25d3544257419c8c9faa1ee168a8848dbea69689888cc0985fdd2c7a4797,ed22070000c1f425633073aec41cd0475b986c3ad372d2a8aae8d6171a317f44,f2a5f0d6492eb8372b471470,2026-09-18T13:45:05.713829+09:00
2026-08,A10026813,정관 엘에이치 7단지,기장군,정관읍,1934.0,0,0,0.0,0.0,0.0,0.0,0.0,,,,,True,산정 불완전,평형별 세대수 보완 필요; 임대·혼합 또는 분양 범위 미확인,c38eb7731a2edbf2c405dc922468ded84aa651100a03e86668e60fb8b6b0b8e7,[],현재 확보 자료로 재구성한 과거 추정치; 과거 세대 구성 미확인,False,555b475dcef496b2254b825ba10b0724d7994196dba4c4e18f34e7f5aa4db599,54cb25d3544257419c8c9faa1ee168a8848dbea69689888cc0985fdd2c7a4797,ed22070000c1f425633073aec41cd0475b986c3ad372d2a8aae8d6171a317f44,f2a5f0d6492eb8372b471470,2026-09-18T13:45:05.713829+09:00
2026-08,A10028081,정관이지더원3차아파트,기장군,정관읍,1035.0,1035,0,1.0,0.0,0.0,0.0,0.0,,,,,True,산정 불완전,가격 부족 또는 면적 연결 미확인,9bcf639c38787c6fdb0bc49c488cd2d8bd2ec95d4ae61227d000d06ff2b34c73,"[[""exclusive_65.65"", ""unavailable""], [""exclusive_74.16"", ""unavailable""], [""exclusive_84.97"", ""unavailable""]]",현재 확보 자료로 재구성한 과거 추정치; 과거 세대 구성 미확인,False,555b475dcef496b2254b825ba10b0724d7994196dba4c4e18f34e7f5aa4db599,54cb25d3544257419c8c9faa1ee168a8848dbea69689888cc0985fdd2c7a4797,ed22070000c1f425633073aec41cd0475b986c3ad372d2a8aae8d6171a317f44,f2a5f0d6492eb8372b471470,2026-09-18T13:45:05.713829+09:00
2026-08,A61990110,정관신도시이지더원1차,기장군,정관읍,978.0,978,0,1.0,0.0,0.0,0.0,0.0,,,,,True,산정 불완전,가격 부족 또는 면적 연결 미확인,b2db0e930ab58cd87f8581f1a3223789bad61370faecb38887e64124484c91e5,"[[""exclusive_59.88"", ""unavailable""], [""exclusive_84.78"", ""unavailable""], [""exclusive_84.88"", ""unavailable""]]",현재 확보 자료로 재구성한 과거 추정치; 과거 세대 구성 미확인,False,555b475dcef496b2254b825ba10b0724d7994196dba4c4e18f34e7f5aa4db599,54cb25d3544257419c8c9faa1ee168a8848dbea69689888cc0985fdd2c7a4797,ed22070000c1f425633073aec41cd0475b986c3ad372d2a8aae8d6171a317f44,f2a5f0d6492eb8372b471470,2026-09-18T13:45:05.713829+09:00
2026-08,A61996103,정관신도시휴먼시아2단지,기장군,정관읍,1301.0,0,0,0.0,0.0,0.0,0.0,0.0,,,,,True,산정 불완전,평형별 세대수 보완 필요; 임대·혼합 또는 분양 범위 미확인,c38eb7731a2edbf2c405dc922468ded84aa651100a03e86668e60fb8b6b0b8e7,[],현재 확보 자료로 재구성한 과거 추정치; 과거 세대 구성 미확인,False,555b475dcef496b2254b825ba10b0724d7994196dba4c4e18f34e7f5aa4db599,54cb25d3544257419c8c9faa1ee168a8848dbea69689888cc0985fdd2c7a4797,ed22070000c1f425633073aec41cd0475b986c3ad372d2a8aae8d6171a317f44,f2a5f0d6492eb8372b471470,2026-09-18T13:45:05.713829+09:00
2026-08,A61996106,EGthe12차,기장군,정관읍,756.0,756,0,1.0,0.0,0.0,0.0,0.0,,,,,True,산정 불완전,가격 부족 또는 면적 연결 미확인,13bfa322a4f914048c722d868bfb82d17f52d0f809f66d147e4d47a9b3813908,"[[""exclusive_59.89"", ""unavailable""], [""exclusive_59.99"", ""unavailable""], [""exclusive_84.96"", ""unavailable""]]",현재 확보 자료로 재구성한 과거 추정치; 과거 세대 구성 미확인,False,555b475dcef496b2254b825ba10b0724d7994196dba4c4e18f34e7f5aa4db599,54cb25d3544257419c8c9faa1ee168a8848dbea69689888cc0985fdd2c7a4797,ed22070000c1f425633073aec41cd0475b986c3ad372d2a8aae8d6171a317f44,f2a5f0d6492eb8372b471470,2026-09-18T13:45:05.713829+09:00
2026-08,A61996109,정관롯데캐슬2차,기장군,정관읍,911.0,911,0,1.0,0.0,0.0,0.0,0.0,,,,,True,산정 불완전,가격 부족 또는 면적 연결 미확인,1ac60b0f99c15572222aac7bd115ac8fa374eeb218c5e75a8187b7978d3bd7ae,"[[""exclusive_101.81"", ""unavailable""], [""exclusive_101.58"", ""unavailable""], [""exclusive_127.26"", ""unavailable""], [""exclusive_149.61"", ""unavailable""]]",현재 확보 자료로 재구성한 과거 추정치; 과거 세대 구성 미확인,False,555b475dcef496b2254b825ba10b0724d7994196dba4c4e18f34e7f5aa4db599,54cb25d3544257419c8c9faa1ee168a8848dbea69689888cc0985fdd2c7a4797,ed22070000c1f425633073aec41cd0475b986c3ad372d2a8aae8d6171a317f44,f2a5f0d6492eb8372b471470,2026-09-18T13:45:05.713829+09:00
2026-08,A61996110,정관동일스위트2차,기장군,정관읍,1638.0,1638,0,1.0,0.0,0.0,0.0,0.0,,,,,True,산정 불완전,가격 부족 또는 면적 연결 미확인,1eca7d144761c30f5a984e8057bbcd46cd8a602d70bab95fb38a9d7aedc6e83b,"[[""exclusive_59.93"", ""unavailable""], [""exclusive_59.98"", ""unavailable""], [""exclusive_78.53"", ""unavailable""], [""exclusive_84.98"", ""unavailable""]]",현재 확보 자료로 재구성한 과거 추정치; 과거 세대 구성 미확인,False,555b475dcef496b2254b825ba10b0724d7994196dba4c4e18f34e7f5aa4db599,54cb25d3544257419c8c9faa1ee168a8848dbea69689888cc0985fdd2c7a4797,ed22070000c1f425633073aec41cd0475b986c3ad372d2a8aae8d6171a317f44,f2a5f0d6492eb8372b471470,2026-09-18T13:45:05.713829+09:00
2026-08,A61996114,정관동일스위트3차,기장군,정관읍,1500.0,1500,0,1.0,0.0,0.0,0.0,0.0,,,,,True,산정 불완전,가격 부족 또는 면적 연결 미확인,e7162ce2fae5183e6846a0bef4f3bc5287043135f3445c2184cc93dfdf2b2e77,"[[""exclusive_65.98"", ""unavailable""], [""exclusive_65.93"", ""unavailable""], [""exclusive_75.57"", ""unavailable""], [""exclusive_84.99"", ""unavailable""], [""exclusive_84.91"", ""unavailable""], [""exclusive_100.23"", ""unavailable""], [""exclusive_100.76"", ""unavailable""]]",현재 확보 자료로 재구성한 과거 추정치; 과거 세대 구성 미확인,False,555b475dcef496b2254b825ba10b0724d7994196dba4c4e18f34e7f5aa4db599,54cb25d3544257419c8c9faa1ee168a8848dbea69689888cc0985fdd2c7a4797,ed22070000c1f425633073aec41cd0475b986c3ad372d2a8aae8d6171a317f44,f2a5f0d6492eb8372b471470,2026-09-18T13:45:05.713829+09:00
2026-08,A61996204,정관신도시현진아파트,기장군,정관읍,690.0,690,0,1.0,0.0,0.0,0.0,0.0,,,,,True,산정 불완전,가격 부족 또는 면적 연결 미확인,6408d586efaefa1621dafcf9fda1fb36a1de278a73ff6be381b422dbc8bca29a,"[[""exclusive_84.98"", ""unavailable""], [""exclusive_116.02"", ""unavailable""], [""exclusive_132.24"", ""unavailable""], [""exclusive_143.69"", ""unavailable""], [""exclusive_166.18"", ""unavailable""]]",현재 확보 자료로 재구성한 과거 추정치; 과거 세대 구성 미확인,False,555b475dcef496b2254b825ba10b0724d7994196dba4c4e18f34e7f5aa4db599,54cb25d3544257419c8c9faa1ee168a8848dbea69689888cc0985fdd2c7a4797,ed22070000c1f425633073aec41cd0475b986c3ad372d2a8aae8d6171a317f44,f2a5f0d6492eb8372b471470,2026-09-18T13:45:05.713829+09:00
2026-08,A10027503,정관양우내안애,기장군,정관읍,830.0,828,0,0.9975903614457832,0.0,0.0,0.0,0.0,,,,,True,산정 불완전,평형 세대수 합계 불일치; 가격 부족 또는 면적 연결 미확인,2f9e26d2cd8afd07a823d6255de6fc8aa7705a881fd020628c4eae830c05d2bd,"[[""exclusive_59.89"", ""unavailable""], [""exclusive_59.99"", ""unavailable""], [""exclusive_59.95"", ""unavailable""]]",현재 확보 자료로 재구성한 과거 추정치; 과거 세대 구성 미확인,False,555b475dcef496b2254b825ba10b0724d7994196dba4c4e18f34e7f5aa4db599,54cb25d3544257419c8c9faa1ee168a8848dbea69689888cc0985fdd2c7a4797,ed22070000c1f425633073aec41cd0475b986c3ad372d2a8aae8d6171a317f44,f2a5f0d6492eb8372b471470,2026-09-18T13:45:05.713829+09:00
2026-08,A61996005,정관신도시롯데캐슬,기장군,정관읍,761.0,761,732,1.0,0.961892247043364,0.11432325886990802,0.278580814717477,0.568988173455979,,258338500000.0,,,True,산정 불완전,가격 부족 또는 면적 연결 미확인,a3c6e009790ffa097782c47be4e9f61e040d79cb62b8050c458e196b3d07bac1,"[[""exclusive_84.85"", ""median_6m""], [""exclusive_84.9"", ""small_sample""], [""exclusive_101.74"", ""median_12m""], [""exclusive_122.42"", ""unavailable""], [""exclusive_123.35"", ""median_12m""], [""exclusive_146.81"", ""median_3m""]]",현재 확보 자료로 재구성한 과거 추정치; 과거 세대 구성 미확인,False,555b475dcef496b2254b825ba10b0724d7994196dba4c4e18f34e7f5aa4db599,54cb25d3544257419c8c9faa1ee168a8848dbea69689888cc0985fdd2c7a4797,ed22070000c1f425633073aec41cd0475b986c3ad372d2a8aae8d6171a317f44,f2a5f0d6492eb8372b471470,2026-09-18T13:45:05.713829+09:00
2026-08,A61996107,정관동일스위트1차,기장군,정관읍,1758.0,1758,0,1.0,0.0,0.0,0.0,0.0,,,,,True,산정 불완전,가격 부족 또는 면적 연결 미확인,bedb77b40e2dba710755388f90387f169a966451a639c9abe284dafdb6f3b39f,"[[""exclusive_59.49"", ""unavailable""], [""exclusive_59.65"", ""unavailable""], [""exclusive_59.83"", ""unavailable""], [""exclusive_59.82"", ""unavailable""], [""exclusive_74.52"", ""unavailable""], [""exclusive_74.25"", ""unavailable""], [""exclusive_84.87"", ""unavailable""], [""exclusive_84.99"", ""unavailable""], [""exclusive_84.98"", ""unavailable""]]",현재 확보 자료로 재구성한 과거 추정치; 과거 세대 구성 미확인,False,555b475dcef496b2254b825ba10b0724d7994196dba4c4e18f34e7f5aa4db599,54cb25d3544257419c8c9faa1ee168a8848dbea69689888cc0985fdd2c7a4797,ed22070000c1f425633073aec41cd0475b986c3ad372d2a8aae8d6171a317f44,f2a5f0d6492eb8372b471470,2026-09-18T13:45:05.713829+09:00
2026-08,A61996115,정관이진캐스빌,기장군,정관읍,539.0,539,0,1.0,0.0,0.0,0.0,0.0,,,,,True,산정 불완전,가격 부족 또는 면적 연결 미확인,24e265cb51264a028f8d9bfd3d49776270a0a4e93fb1dcf4949220d39d97a8e2,"[[""exclusive_59.88"", ""unavailable""], [""exclusive_84.92"", ""unavailable""], [""exclusive_84.98"", ""unavailable""]]",현재 확보 자료로 재구성한 과거 추정치; 과거 세대 구성 미확인,False,555b475dcef496b2254b825ba10b0724d7994196dba4c4e18f34e7f5aa4db599,54cb25d3544257419c8c9faa1ee168a8848dbea69689888cc0985fdd2c7a4797,ed22070000c1f425633073aec41cd0475b986c3ad372d2a8aae8d6171a317f44,f2a5f0d6492eb8372b471470,2026-09-18T13:45:05.713829+09:00
2026-08,A61996303,정관신도시 신동아파밀리에,기장군,정관읍,655.0,655,625,1.0,0.9541984732824428,0.0,0.3480916030534351,0.6061068702290077,,259963000000.0,,,True,산정 불완전,가격 부족 또는 면적 연결 미확인,c6640fbf71141adc7c887c56a5761d5dbff6721ffaca7e1714b6624198579b55,"[[""exclusive_107.83"", ""median_6m""], [""exclusive_110.33"", ""small_sample""], [""exclusive_116.69"", ""small_sample""], [""exclusive_138.22"", ""small_sample""], [""exclusive_140.11"", ""median_12m""], [""exclusive_139.93"", ""unavailable""], [""exclusive_152.64"", ""small_sample""]]",현재 확보 자료로 재구성한 과거 추정치; 과거 세대 구성 미확인,False,555b475dcef496b2254b825ba10b0724d7994196dba4c4e18f34e7f5aa4db599,54cb25d3544257419c8c9faa1ee168a8848dbea69689888cc0985fdd2c7a4797,ed22070000c1f425633073aec41cd0475b986c3ad372d2a8aae8d6171a317f44,f2a5f0d6492eb8372b471470,2026-09-18T13:45:05.713829+09:00
2026-08,A61996306,정관한진해모로,기장군,정관읍,763.0,763,0,1.0,0.0,0.0,0.0,0.0,,,,,True,산정 불완전,가격 부족 또는 면적 연결 미확인,5b8f57701d29fda78e73cbf2c47785d807103cb1e3048f8966c26a36b1e3ed3d,"[[""exclusive_110.13"", ""unavailable""], [""exclusive_109.63"", ""unavailable""], [""exclusive_109.3"", ""unavailable""], [""exclusive_122.91"", ""unavailable""], [""exclusive_123.48"", ""unavailable""], [""exclusive_135.61"", ""unavailable""], [""exclusive_147.13"", ""unavailable""]]",현재 확보 자료로 재구성한 과거 추정치; 과거 세대 구성 미확인,False,555b475dcef496b2254b825ba10b0724d7994196dba4c4e18f34e7f5aa4db599,54cb25d3544257419c8c9faa1ee168a8848dbea69689888cc0985fdd2c7a4797,ed22070000c1f425633073aec41cd0475b986c3ad372d2a8aae8d6171a317f44,f2a5f0d6492eb8372b471470,2026-09-18T13:45:05.713829+09:00
2026-08,A61996308,정관신도시휴먼시아1단지,기장군,정관읍,1533.0,0,0,0.0,0.0,0.0,0.0,0.0,,,,,True,산정 불완전,평형별 세대수 보완 필요; 임대·혼합 또는 분양 범위 미확인,c38eb7731a2edbf2c405dc922468ded84aa651100a03e86668e60fb8b6b0b8e7,[],현재 확보 자료로 재구성한 과거 추정치; 과거 세대 구성 미확인,False,555b475dcef496b2254b825ba10b0724d7994196dba4c4e18f34e7f5aa4db599,54cb25d3544257419c8c9faa1ee168a8848dbea69689888cc0985fdd2c7a4797,ed22070000c1f425633073aec41cd0475b986c3ad372d2a8aae8d6171a317f44,f2a5f0d6492eb8372b471470,2026-09-18T13:45:05.713829+09:00
2026-08,A10020313,일광동원로얄듀크,기장군,일광읍,1134.0,0,0,0.0,0.0,0.0,0.0,0.0,,,,,True,산정 불완전,평형별 세대수 보완 필요; 임대·혼합 또는 분양 범위 미확인,c38eb7731a2edbf2c405dc922468ded84aa651100a03e86668e60fb8b6b0b8e7,[],현재 확보 자료로 재구성한 과거 추정치; 과거 세대 구성 미확인,False,555b475dcef496b2254b825ba10b0724d7994196dba4c4e18f34e7f5aa4db599,54cb25d3544257419c8c9faa1ee168a8848dbea69689888cc0985fdd2c7a4797,ed22070000c1f425633073aec41cd0475b986c3ad372d2a8aae8d6171a317f44,f2a5f0d6492eb8372b471470,2026-09-18T13:45:05.713829+09:00
2026-08,A10023283,금호센트럴베이 행복주택 일광,기장군,일광읍,999.0,0,0,0.0,0.0,0.0,0.0,0.0,,,,,True,산정 불완전,평형별 세대수 보완 필요; 임대·혼합 또는 분양 범위 미확인,c38eb7731a2edbf2c405dc922468ded84aa651100a03e86668e60fb8b6b0b8e7,[],현재 확보 자료로 재구성한 과거 추정치; 과거 세대 구성 미확인,False,555b475dcef496b2254b825ba10b0724d7994196dba4c4e18f34e7f5aa4db599,54cb25d3544257419c8c9faa1ee168a8848dbea69689888cc0985fdd2c7a4797,ed22070000c1f425633073aec41cd0475b986c3ad372d2a8aae8d6171a317f44,f2a5f0d6492eb8372b471470,2026-09-18T13:45:05.713829+09:00
2026-08,A10023778,이지더원2차포레온아파트,기장군,일광읍,786.0,0,0,0.0,0.0,0.0,0.0,0.0,,,,,True,산정 불완전,평형별 세대수 보완 필요; 임대·혼합 또는 분양 범위 미확인,c38eb7731a2edbf2c405dc922468ded84aa651100a03e86668e60fb8b6b0b8e7,[],현재 확보 자료로 재구성한 과거 추정치; 과거 세대 구성 미확인,False,555b475dcef496b2254b825ba10b0724d7994196dba4c4e18f34e7f5aa4db599,54cb25d3544257419c8c9faa1ee168a8848dbea69689888cc0985fdd2c7a4797,ed22070000c1f425633073aec41cd0475b986c3ad372d2a8aae8d6171a317f44,f2a5f0d6492eb8372b471470,2026-09-18T13:45:05.713829+09:00
2026-08,A10023912,일광한신더휴센트럴포레,기장군,일광읍,1298.0,1298,0,1.0,0.0,0.0,0.0,0.0,,,,,True,산정 불완전,가격 부족 또는 면적 연결 미확인,ea6b298955086c5c71f0ca70aff64fba3f0b02b7c3a6755da3d3f6b910163317,"[[""exclusive_59.81"", ""unavailable""], [""exclusive_75.95"", ""unavailable""], [""exclusive_84.93"", ""unavailable""], [""exclusive_84.96"", ""unavailable""]]",현재 확보 자료로 재구성한 과거 추정치; 과거 세대 구성 미확인,False,555b475dcef496b2254b825ba10b0724d7994196dba4c4e18f34e7f5aa4db599,54cb25d3544257419c8c9faa1ee168a8848dbea69689888cc0985fdd2c7a4797,ed22070000c1f425633073aec41cd0475b986c3ad372d2a8aae8d6171a317f44,f2a5f0d6492eb8372b471470,2026-09-18T13:45:05.713829+09:00
2026-08,A10024606,일광 대성베르힐,기장군,일광읍,518.0,518,0,1.0,0.0,0.0,0.0,0.0,,,,,True,산정 불완전,가격 부족 또는 면적 연결 미확인,d40f784f6ed8b4815503e6cd03c41eaa86c02c5a2ad69019fca21c4fb0f76ae2,"[[""exclusive_84.55"", ""unavailable""], [""exclusive_84.38"", ""unavailable""], [""exclusive_84.5"", ""unavailable""]]",현재 확보 자료로 재구성한 과거 추정치; 과거 세대 구성 미확인,False,555b475dcef496b2254b825ba10b0724d7994196dba4c4e18f34e7f5aa4db599,54cb25d3544257419c8c9faa1ee168a8848dbea69689888cc0985fdd2c7a4797,ed22070000c1f425633073aec41cd0475b986c3ad372d2a8aae8d6171a317f44,f2a5f0d6492eb8372b471470,2026-09-18T13:45:05.713829+09:00
2026-08,A10024909,일광자이푸르지오 2단지,기장군,일광읍,1059.0,1059,0,1.0,0.0,0.0,0.0,0.0,,,,,True,산정 불완전,가격 부족 또는 면적 연결 미확인,387732547ad355c6c456cbb90a2168e5c07846fb24fe8f66eb4ffe521f1f2a23,"[[""exclusive_63.89"", ""unavailable""], [""exclusive_75.55"", ""unavailable""], [""exclusive_84.97"", ""unavailable""], [""exclusive_84.98"", ""unavailable""], [""exclusive_84.9"", ""unavailable""], [""exclusive_84.96"", ""unavailable""], [""exclusive_84.95"", ""unavailable""]]",현재 확보 자료로 재구성한 과거 추정치; 과거 세대 구성 미확인,False,555b475dcef496b2254b825ba10b0724d7994196dba4c4e18f34e7f5aa4db599,54cb25d3544257419c8c9faa1ee168a8848dbea69689888cc0985fdd2c7a4797,ed22070000c1f425633073aec41cd0475b986c3ad372d2a8aae8d6171a317f44,f2a5f0d6492eb8372b471470,2026-09-18T13:45:05.713829+09:00
2026-08,A10024919,일광신도시비스타동원1차아파트,기장군,일광읍,701.0,701,0,1.0,0.0,0.0,0.0,0.0,,,,,True,산정 불완전,가격 부족 또는 면적 연결 미확인,849775775c4c674ededcab52f2828f7bf4fc15894335eb8741350005b9d8e8b7,"[[""exclusive_96.17"", ""unavailable""], [""exclusive_104.2"", ""unavailable""], [""exclusive_159.9"", ""unavailable""]]",현재 확보 자료로 재구성한 과거 추정치; 과거 세대 구성 미확인,False,555b475dcef496b2254b825ba10b0724d7994196dba4c4e18f34e7f5aa4db599,54cb25d3544257419c8c9faa1ee168a8848dbea69689888cc0985fdd2c7a4797,ed22070000c1f425633073aec41cd0475b986c3ad372d2a8aae8d6171a317f44,f2a5f0d6492eb8372b471470,2026-09-18T13:45:05.713829+09:00
2026-08,A10024933,일광 이지더원1차오션포레,기장군,일광읍,653.0,653,0,1.0,0.0,0.0,0.0,0.0,,,,,True,산정 불완전,가격 부족 또는 면적 연결 미확인,619c2e345e74a2425f4fe7d77be60627149aadbf5e11d6342aa01d68a569386b,"[[""exclusive_59.61"", ""unavailable""], [""exclusive_59.62"", ""unavailable""]]",현재 확보 자료로 재구성한 과거 추정치; 과거 세대 구성 미확인,False,555b475dcef496b2254b825ba10b0724d7994196dba4c4e18f34e7f5aa4db599,54cb25d3544257419c8c9faa1ee168a8848dbea69689888cc0985fdd2c7a4797,ed22070000c1f425633073aec41cd0475b986c3ad372d2a8aae8d6171a317f44,f2a5f0d6492eb8372b471470,2026-09-18T13:45:05.713829+09:00
2026-08,A10025042,e편한세상일광아파트,기장군,일광읍,913.0,913,0,1.0,0.0,0.0,0.0,0.0,,,,,True,산정 불완전,가격 부족 또는 면적 연결 미확인,2d58b9985a92f6cef48b89269dfa530a7156403e9ef69899e36b447d5c5b1487,"[[""exclusive_74.97"", ""unavailable""], [""exclusive_79.98"", ""unavailable""], [""exclusive_84.98"", ""unavailable""], [""exclusive_84.97"", ""unavailable""]]",현재 확보 자료로 재구성한 과거 추정치; 과거 세대 구성 미확인,False,555b475dcef496b2254b825ba10b0724d7994196dba4c4e18f34e7f5aa4db599,54cb25d3544257419c8c9faa1ee168a8848dbea69689888cc0985fdd2c7a4797,ed22070000c1f425633073aec41cd0475b986c3ad372d2a8aae8d6171a317f44,f2a5f0d6492eb8372b471470,2026-09-18T13:45:05.713829+09:00
2026-08,A10024476,일광신도시 비스타동원2차아파트,기장군,일광읍,917.0,917,0,1.0,0.0,0.0,0.0,0.0,,,,,True,산정 불완전,가격 부족 또는 면적 연결 미확인,ac5919d46e716e3f8dc790932377956ccddeacde3401c9ad0d8445ceaff92036,"[[""exclusive_96.17"", ""unavailable""], [""exclusive_104.2"", ""unavailable""], [""exclusive_159.9"", ""unavailable""]]",현재 확보 자료로 재구성한 과거 추정치; 과거 세대 구성 미확인,False,555b475dcef496b2254b825ba10b0724d7994196dba4c4e18f34e7f5aa4db599,54cb25d3544257419c8c9faa1ee168a8848dbea69689888cc0985fdd2c7a4797,ed22070000c1f425633073aec41cd0475b986c3ad372d2a8aae8d6171a317f44,f2a5f0d6492eb8372b471470,2026-09-18T13:45:05.713829+09:00
2026-08,A61987101,고촌휴먼시아,기장군,철마면,1084.0,0,0,0.0,0.0,0.0,0.0,0.0,,,,,True,산정 불완전,평형별 세대수 보완 필요; 임대·혼합 또는 분양 범위 미확인,c38eb7731a2edbf2c405dc922468ded84aa651100a03e86668e60fb8b6b0b8e7,[],현재 확보 자료로 재구성한 과거 추정치; 과거 세대 구성 미확인,False,555b475dcef496b2254b825ba10b0724d7994196dba4c4e18f34e7f5aa4db599,54cb25d3544257419c8c9faa1ee168a8848dbea69689888cc0985fdd2c7a4797,ed22070000c1f425633073aec41cd0475b986c3ad372d2a8aae8d6171a317f44,f2a5f0d6492eb8372b471470,2026-09-18T13:45:05.713829+09:00
