month,kapt_code,complex_name,sigungu,dong,households,confirmed_households,priced_households,household_coverage,price_coverage,share_3m,share_6m,share_12m,market_cap_krw,partial_cap_krw,per_household_krw,market_cap_1m_krw,small_sample_1m,grade,reason,composition_hash,method_signature,historical_limit,initial_history_short,input_hash,rules_hash,master_hash,run_id,executed_at,kapt_name,bjd_code,sido,sigungu_kapt,eupmyeondong,as4,legal_address,sale_type,codeHeatNm,kaptTarea,kaptDongCnt,total_households,kaptBcompany,kaptAcompany,kaptTel,kaptUrl,codeAptNm,road_address,codeMgrNm,codeHallNm,approval_date,kaptFax,ho_households,kaptMarea,kapt_mparea_60,kapt_mparea_85,kapt_mparea_135,kapt_mparea_136,privArea,kaptTopFloor,ktownFlrNo,kaptBaseFloor,kaptdEcntp,zipcode,codeMgr,kaptMgrCnt,kaptCcompany,codeSec,kaptdScnt,kaptdSecCom,codeClean,kaptdClcnt,codeGarbage,codeDisinf,kaptdDcnt,disposalType,codeStr,kaptdEcapa,codeEcon,codeEmgr,codeFalarm,codeWsupply,codeElev,kaptdEcnt,kaptdPcnt,kaptdPcntu,codeNet,kaptdCccnt,welfareFacility,kaptdWtimebus,subwayLine,subwayStation,kaptdWtimesub,convenientFacility,educationFacility,groundElChargerCnt,undergroundElChargerCnt,useYn
2026-08,A10024328,동대신역비스타동원아파트,서구,동대신동1가,503.0,0,0,0.0,0.0,0.0,0.0,0.0,,,,,True,산정 불완전,평형별 세대수 보완 필요,c38eb7731a2edbf2c405dc922468ded84aa651100a03e86668e60fb8b6b0b8e7,[],현재 확보 자료로 재구성한 과거 추정치; 과거 세대 구성 미확인,False,555b475dcef496b2254b825ba10b0724d7994196dba4c4e18f34e7f5aa4db599,54cb25d3544257419c8c9faa1ee168a8848dbea69689888cc0985fdd2c7a4797,5fb6c1e071a73763f6eb52e67a11f05f6d609819ae4f39c925745faf40f5b4fd,8b30a9aec44c70f7b04a7800,2026-09-17T13:53:18.573481+09:00,동대신역비스타동원아파트,2614010100,부산광역시,서구,동대신동1가,,부산광역시 서구 동대신동1가 24 동대신역비스타동원아파트,분양,개별난방,71907.68,6,503.0,(주)동원개발,동대신2구역주택재개발조합,0512545558, ,아파트,부산광역시 서구 보수대로154번길 29,위탁관리,혼합식,20210330,0512545559,503,48834.004,212.0,291.0,0.0,0.0,35045.5856,29,29,3,15,49220,위탁관리,5,(주)아주관리,위탁관리,3,(주)에스케이쉴더스,위탁관리,5,음식물쓰레기종량제,위탁관리,3,분무식,철근콘크리트구조,3050,종합계약,상주선임,GR형,부스타방식,위탁관리,15,0,558,유,208,"관리사무소, 노인정, 보육시설, 문고, 주민공동시설, 어린이놀이터, 휴게시설, 유치원, 커뮤니티공간, 자전거보관소",5분이내,1호선,,5분이내,,,0,12,Y
2026-08,A10024875,동대신동 브라운스톤하이포레아파트,서구,동대신동3가,554.0,0,0,0.0,0.0,0.0,0.0,0.0,,,,,True,산정 불완전,평형별 세대수 보완 필요; 임대·혼합 또는 분양 범위 미확인,c38eb7731a2edbf2c405dc922468ded84aa651100a03e86668e60fb8b6b0b8e7,[],현재 확보 자료로 재구성한 과거 추정치; 과거 세대 구성 미확인,False,555b475dcef496b2254b825ba10b0724d7994196dba4c4e18f34e7f5aa4db599,54cb25d3544257419c8c9faa1ee168a8848dbea69689888cc0985fdd2c7a4797,5fb6c1e071a73763f6eb52e67a11f05f6d609819ae4f39c925745faf40f5b4fd,8b30a9aec44c70f7b04a7800,2026-09-17T13:53:18.573481+09:00,동대신동 브라운스톤하이포레아파트,2614010300,부산광역시,서구,동대신동3가,,부산광역시 서구 동대신동3가 63-2 동대신동 브라운스톤하이포레아파트,혼합,개별난방,82203.45,6,554.0,이수건설,동대신1구역주택재개발정비사업조합,0512572920,https://v2admin.aptner.com/,아파트,부산광역시 서구 동대로19번길 32,위탁관리,계단식,20200922,0512572921,554,56614.21,79.0,475.0,0.0,0.0,42489.85,27,27,2,13,49201,위탁관리,5,부경공영(주),위탁관리,4,주식회사 에스원,위탁관리,6,음식물쓰레기종량제,위탁관리,5,분무식,철근콘크리트구조,3950,단일계약,상주선임,R형,부스타방식,위탁관리,13,0,592,유,203,"관리사무소, 노인정, 보육시설, 문고, 주민공동시설, 어린이놀이터, 휴게시설, 유치원, 커뮤니티공간, 자전거보관소",5분이내,1호선,,10~15분이내,관공서(서구청) 병원(동아대학교병원) 공원(대신공원),초등학교(구덕초) 중학교(대신중) 고등학교(경남고) 대학교(동아대),0,12,Y
2026-08,A10026034,대신푸르지오아파트,서구,서대신동1가,959.0,0,0,0.0,0.0,0.0,0.0,0.0,,,,,True,산정 불완전,평형별 세대수 보완 필요; 임대·혼합 또는 분양 범위 미확인,c38eb7731a2edbf2c405dc922468ded84aa651100a03e86668e60fb8b6b0b8e7,[],현재 확보 자료로 재구성한 과거 추정치; 과거 세대 구성 미확인,False,555b475dcef496b2254b825ba10b0724d7994196dba4c4e18f34e7f5aa4db599,54cb25d3544257419c8c9faa1ee168a8848dbea69689888cc0985fdd2c7a4797,5fb6c1e071a73763f6eb52e67a11f05f6d609819ae4f39c925745faf40f5b4fd,8b30a9aec44c70f7b04a7800,2026-09-17T13:53:18.573481+09:00,대신푸르지오아파트,2614010400,부산광역시,서구,서대신동1가,,부산광역시 서구 서대신동1가 212 대신푸르지오아파트,혼합,개별난방,154017.0,8,959.0,대우건설,서대신7구역주택재개발정비사업조합,0512578652, ,아파트,부산광역시 서구 대영로38번길 11,위탁관리,혼합식,20180427,0512578653,959,79714.19,139.0,638.0,182.0,0.0,79714.1912,34,34,3,19,49232,위탁관리,9,(주)하나종합관리,위탁관리,6,(주)에스원,위탁관리,10,음식물쓰레기종량제,위탁관리,4,분무식,철근콘크리트구조,5500,단일계약,상주선임,R형,부스타방식,위탁관리,22,0,1154,유,275,"관리사무소, 노인정, 보육시설, 주민공동시설, 어린이놀이터, 휴게시설, 유치원, 커뮤니티공간, 자전거보관소, 기타",5~10분이내,1호선,,5~10분이내,"관공서(서구청,서부산세무서,서부경찰서) 병원(동아대병원,삼육병원) 공원(대신공원)","초등학교(부민초등학교) 중학교(중앙여중,대신중학교) 고등학교(부경고등학교) 대학교(동아대학교)",0,24,Y
2026-08,A10023704,대신해모로센트럴아파트,서구,서대신동2가,733.0,0,0,0.0,0.0,0.0,0.0,0.0,,,,,True,산정 불완전,평형별 세대수 보완 필요; 임대·혼합 또는 분양 범위 미확인,c38eb7731a2edbf2c405dc922468ded84aa651100a03e86668e60fb8b6b0b8e7,[],현재 확보 자료로 재구성한 과거 추정치; 과거 세대 구성 미확인,False,555b475dcef496b2254b825ba10b0724d7994196dba4c4e18f34e7f5aa4db599,54cb25d3544257419c8c9faa1ee168a8848dbea69689888cc0985fdd2c7a4797,5fb6c1e071a73763f6eb52e67a11f05f6d609819ae4f39c925745faf40f5b4fd,8b30a9aec44c70f7b04a7800,2026-09-17T13:53:18.573481+09:00,대신해모로센트럴아파트,2614010500,부산광역시,서구,서대신동2가,,부산광역시 서구 서대신동2가 394-7 대신해모로센트럴아파트,혼합,개별난방,113336.01,8,733.0,HJ중공업 건설,서대신5구역주택재개발 정비사업조합,0512436011, ,아파트,부산광역시 서구 대티로 178,위탁관리,복도식,20220729,0512436013,733,74664.12,243.0,433.0,57.0,0.0,55745.7195,29,29,6,24,49230,위탁관리,7,(주)듀델코리아,위탁관리,5,(주)에스원,위탁관리,9,음식물쓰레기종량제,위탁관리,3,분무식,철골철근콘크리트구조,3050,단일계약,상주선임,R형,고가수조식,위탁관리,24,0,800,유,311,"관리사무소, 노인정, 보육시설, 문고, 주민공동시설, 어린이놀이터, 휴게시설, 유치원, 커뮤니티공간, 자전거보관소",5분이내,1호선,,5분이내,"관공서(서부산세무서, 서부경찰서) 병원(삼육부산병원, 동아대학교병원, 부산대학교병원) 백화점(롯데백화점) 대형상가(탑마트, 롯데마트) 공원(대신공원, 중앙공원, 부산민주공원)","초등학교(대신초등학교, 동신초등학교) 중학교(부산대신중학교, 부산중앙여자중학교, 부산여자중학교) 고등학교(부경고등학교, 경성전자고등학교, 부산서여자고등학교, 경남고등학교) 대학교(동아대학교)",0,40,Y
2026-08,A10024535,대신2차푸르지오,서구,서대신동2가,815.0,0,0,0.0,0.0,0.0,0.0,0.0,,,,,True,산정 불완전,평형별 세대수 보완 필요,c38eb7731a2edbf2c405dc922468ded84aa651100a03e86668e60fb8b6b0b8e7,[],현재 확보 자료로 재구성한 과거 추정치; 과거 세대 구성 미확인,False,555b475dcef496b2254b825ba10b0724d7994196dba4c4e18f34e7f5aa4db599,54cb25d3544257419c8c9faa1ee168a8848dbea69689888cc0985fdd2c7a4797,5fb6c1e071a73763f6eb52e67a11f05f6d609819ae4f39c925745faf40f5b4fd,8b30a9aec44c70f7b04a7800,2026-09-17T13:53:18.573481+09:00,대신2차푸르지오,2614010500,부산광역시,서구,서대신동2가,,부산광역시 서구 서대신동2가 414-1 대신2차푸르지오,분양,개별난방,123548.06,7,815.0,(주)대우건설,서대신6구역주택재개발정비사업조합,0512430815, ,아파트,부산광역시 서구 고운들로 181,위탁관리,계단식,20210122,0512430816,815,87988.89,146.0,489.0,180.0,0.0,65395.6975,31,31,3,19,49229,위탁관리,7,(주)대우에스티,위탁관리,4,남부건업(주),위탁관리,9,음식물쓰레기종량제,위탁관리,3,분무식,철근콘크리트구조,3150,단일계약,상주선임,R형,부스타방식,위탁관리,19,0,944,유,149,"관리사무소, 노인정, 보육시설, 문고, 주민공동시설, 어린이놀이터, 휴게시설, 유치원, 커뮤니티공간, 자전거보관소",5분이내,1호선,,5분이내,관공서() 병원() 백화점() 공원(),초등학교() 중학교() 고등학교() 대학교(),0,19,Y
2026-08,A10028182,대신롯데캐슬아파트,서구,서대신동3가,753.0,0,0,0.0,0.0,0.0,0.0,0.0,,,,,True,산정 불완전,평형별 세대수 보완 필요,c38eb7731a2edbf2c405dc922468ded84aa651100a03e86668e60fb8b6b0b8e7,[],현재 확보 자료로 재구성한 과거 추정치; 과거 세대 구성 미확인,False,555b475dcef496b2254b825ba10b0724d7994196dba4c4e18f34e7f5aa4db599,54cb25d3544257419c8c9faa1ee168a8848dbea69689888cc0985fdd2c7a4797,5fb6c1e071a73763f6eb52e67a11f05f6d609819ae4f39c925745faf40f5b4fd,8b30a9aec44c70f7b04a7800,2026-09-17T13:53:18.573481+09:00,대신롯데캐슬아파트,2614010600,부산광역시,서구,서대신동3가,,부산광역시 서구 서대신동3가 650 대신롯데캐슬아파트,분양,개별난방,119013.62,10,753.0,(주)롯데건설,서대신1구역 주택재개발 정비사업,0512449002, ,아파트,부산광역시 서구 대티로 161,위탁관리,계단식,20141030,0512449008,753,83758.086,204.0,388.0,161.0,0.0,63135.2395,22,22,4,23,49208,위탁관리,6,(주)주우관리,위탁관리,0,,위탁관리,8,음식물쓰레기종량제,위탁관리,6,분무식,철골철근콘크리트구조,5000,단일계약,상주선임,R형,부스타방식,위탁관리,23,0,888,유,247,"관리사무소, 노인정, 보육시설, 문고, 주민공동시설, 어린이놀이터, 휴게시설, 커뮤니티공간, 자전거보관소",5분이내,1호선,,5분이내,"관공서(서대신3동 주민센터, 서부산세무서, 서부경찰서) 병원(삼육병원, 동아대병원) 대형상가(서원유통, 서대신동 시장) 공원(체육공원)","초등학교(대신초등학교) 중학교(부산대신중학교) 고등학교(부경고등학교, 경성전자고등학교) 대학교(동아대학교 부민캠퍼스)",0,18,Y
2026-08,A60275104,남성한빛아파트,서구,서대신동3가,564.0,0,0,0.0,0.0,0.0,0.0,0.0,,,,,True,산정 불완전,평형별 세대수 보완 필요,c38eb7731a2edbf2c405dc922468ded84aa651100a03e86668e60fb8b6b0b8e7,[],현재 확보 자료로 재구성한 과거 추정치; 과거 세대 구성 미확인,False,555b475dcef496b2254b825ba10b0724d7994196dba4c4e18f34e7f5aa4db599,54cb25d3544257419c8c9faa1ee168a8848dbea69689888cc0985fdd2c7a4797,5fb6c1e071a73763f6eb52e67a11f05f6d609819ae4f39c925745faf40f5b4fd,8b30a9aec44c70f7b04a7800,2026-09-17T13:53:18.573481+09:00,남성한빛아파트,2614010600,부산광역시,서구,서대신동3가,,부산광역시 서구 서대신동3가 161-13 남성한빛아파트,분양,개별난방,68401.62,2,564.0,남성건설,남성건설,0512462806, ,아파트,부산광역시 서구 꽃마을로 43,위탁관리,혼합식,19961010,0512543934,564,59280.2,244.0,228.0,92.0,0.0,44831.88,23,23,2,11,49207,위탁관리,5,(주)명건,위탁관리,6,범양기업,위탁관리,5,음식물쓰레기종량제,위탁관리,4,"도포식,분무식",철근콘크리트구조,1600,종합계약,상주선임,P형,고가수조식,위탁관리,11,119,342,무,64,"관리사무소, 노인정, 어린이놀이터, 기타",5~10분이내,1호선,,10~15분이내,"관공서(서부교육청,서구청,서부산세무서) 병원(위생병원) 대형상가(LG하이프라자) 공원(꽃마을공원) 기타(구덕운동장)",초등학교(대신초등교) 중학교(중앙여중교) 고등학교(경성전자정보고등학교),0,9,Y
2026-08,A60270501,부민e-편한세상아파트,서구,부민동3가,613.0,0,0,0.0,0.0,0.0,0.0,0.0,,,,,True,산정 불완전,평형별 세대수 보완 필요,c38eb7731a2edbf2c405dc922468ded84aa651100a03e86668e60fb8b6b0b8e7,[],현재 확보 자료로 재구성한 과거 추정치; 과거 세대 구성 미확인,False,555b475dcef496b2254b825ba10b0724d7994196dba4c4e18f34e7f5aa4db599,54cb25d3544257419c8c9faa1ee168a8848dbea69689888cc0985fdd2c7a4797,5fb6c1e071a73763f6eb52e67a11f05f6d609819ae4f39c925745faf40f5b4fd,8b30a9aec44c70f7b04a7800,2026-09-17T13:53:18.573481+09:00,부민e-편한세상아파트,2614011100,부산광역시,서구,부민동3가,,부산광역시 서구 부민동3가 76 부민e-편한세상아파트,분양,개별난방,81507.0,8,613.0,대림산업,부민동주택재개발조합,0512551603, ,아파트,부산광역시 서구 해돋이로 313,위탁관리,계단식,20040916,07082601605,613,61357.04,202.0,299.0,112.0,0.0,50705.304,20,20,5,18,49239,위탁관리,5,(주)디이씨오,위탁관리,8,(주)디이씨오,위탁관리,5,음식물쓰레기종량제,위탁관리,5,분무식,철근콘크리트구조,1950,단일계약,상주선임,R형,부스타방식,위탁관리,18,106,504,무,142,"관리사무소, 노인정, 보육시설, 주민공동시설, 어린이놀이터, 기타",5~10분이내,1호선,,5~10분이내,"관공서(부민동주민센터, 서구청) 병원(부산대학교병원) 백화점(롯대백화점) 기타(임시수도기념관)","초등학교(부민초등학교, 토성초등학교) 중학교(경남중학교) 대학교(동아대학교 부민캠퍼스)",0,13,Y
2026-08,A10022985,경동포레스트힐 행복주택 아미,서구,아미동2가,767.0,0,0,0.0,0.0,0.0,0.0,0.0,,,,,True,산정 불완전,평형별 세대수 보완 필요; 임대·혼합 또는 분양 범위 미확인,c38eb7731a2edbf2c405dc922468ded84aa651100a03e86668e60fb8b6b0b8e7,[],현재 확보 자료로 재구성한 과거 추정치; 과거 세대 구성 미확인,False,555b475dcef496b2254b825ba10b0724d7994196dba4c4e18f34e7f5aa4db599,54cb25d3544257419c8c9faa1ee168a8848dbea69689888cc0985fdd2c7a4797,5fb6c1e071a73763f6eb52e67a11f05f6d609819ae4f39c925745faf40f5b4fd,8b30a9aec44c70f7b04a7800,2026-09-17T13:53:18.573481+09:00,경동포레스트힐 행복주택 아미,2614011600,부산광역시,서구,아미동2가,,부산광역시 서구 아미동2가 286 경동포레스트힐 행복주택 아미,임대,개별난방,69189.305,4,767.0,경동건설,부산도시공사,0519310701, ,아파트,부산광역시 서구 까치고개로130번길 11-4,위탁관리,복도식,20230901,0519310702,767,67293.36,767.0,0.0,0.0,0.0,30275.473,20,20,0,13,49242,위탁관리,7,(주)에이치엠 우성,위탁관리,0,,위탁관리,5,음식물쓰레기종량제,,,,,,,,,,위탁관리,13,,,유,,"관리사무소, 노인정, 보육시설, 문고, 주민공동시설, 어린이놀이터, 자전거보관소",5분이내,1호선,,15~20분이내,병원(),,0,0,Y
2026-08,A60275201,남부민풀리페,서구,남부민동,782.0,0,0,0.0,0.0,0.0,0.0,0.0,,,,,True,산정 불완전,평형별 세대수 보완 필요; 임대·혼합 또는 분양 범위 미확인,c38eb7731a2edbf2c405dc922468ded84aa651100a03e86668e60fb8b6b0b8e7,[],현재 확보 자료로 재구성한 과거 추정치; 과거 세대 구성 미확인,False,555b475dcef496b2254b825ba10b0724d7994196dba4c4e18f34e7f5aa4db599,54cb25d3544257419c8c9faa1ee168a8848dbea69689888cc0985fdd2c7a4797,5fb6c1e071a73763f6eb52e67a11f05f6d609819ae4f39c925745faf40f5b4fd,8b30a9aec44c70f7b04a7800,2026-09-17T13:53:18.573481+09:00,남부민풀리페,2614012300,부산광역시,서구,남부민동,,부산광역시 서구 남부민동 706 남부민풀리페,임대,개별난방,73925.6,6,782.0,코오롱건설외 4개 콘소시움,부산도시공사,0512577011,www.apthome.co.kr/2129,아파트,부산광역시 서구 해돋이로 23,위탁관리,혼합식,20130625,0512577013,783,73139.086,782.0,0.0,0.0,0.0,41107.88,24,24,0,21,49265,위탁관리,8,(주)명가종합관리,위탁관리,6,주식회사 삼성보안공사,위탁관리,7,음식물쓰레기종량제,위탁관리,4,분무식,철근콘크리트구조,2300,단일계약,상주선임,R형,부스타방식,위탁관리,21,197,434,무,101,"관리사무소, 노인정, 보육시설, 주민공동시설, 어린이놀이터, 커뮤니티공간, 자전거보관소",5~10분이내,1호선,,15~20분이내,관공서(남부민2동사무소) 병원(송가정의원) 대형상가(삼성디지털프라자),"초등학교(천마초등학교) 중학교(송도중학교) 고등학교(부산정보디자인고, 부산맹아학교)",0,42,Y
2026-08,A10022434,e편한세상 송도 더퍼스트비치,서구,암남동,1302.0,0,0,0.0,0.0,0.0,0.0,0.0,,,,,True,산정 불완전,평형별 세대수 보완 필요,c38eb7731a2edbf2c405dc922468ded84aa651100a03e86668e60fb8b6b0b8e7,[],현재 확보 자료로 재구성한 과거 추정치; 과거 세대 구성 미확인,False,555b475dcef496b2254b825ba10b0724d7994196dba4c4e18f34e7f5aa4db599,54cb25d3544257419c8c9faa1ee168a8848dbea69689888cc0985fdd2c7a4797,5fb6c1e071a73763f6eb52e67a11f05f6d609819ae4f39c925745faf40f5b4fd,8b30a9aec44c70f7b04a7800,2026-09-17T13:53:18.573481+09:00,e편한세상 송도 더퍼스트비치,2614012400,부산광역시,서구,암남동,,부산광역시 서구 암남동 419- e편한세상 송도 더퍼스트비치,분양,개별난방,199902.0,10,1302.0,디엘이앤씨주식회사,송도지역주택조합 외 1사,0512462920, ,아파트,부산광역시 서구 충무대로21번길 9,위탁관리,계단식,20240809,0512462921,1302,130727.484,507.0,729.0,66.0,0.0,98827.143,34,34,4,4,,위탁관리,13,(주)디이씨오,위탁관리,,(주)디이씨오,위탁관리,13,음식물쓰레기종량제,관리방식미정,5,,철골콘크리트구조,4900,기타,상주선임,R형,부스타방식,위탁관리,30,0,1475,유,452,"관리사무소, 노인정, 문고, 주민공동시설, 어린이놀이터, 휴게시설, 유치원, 커뮤니티공간, 자전거보관소, 기타",5분이내,1호선,,20분초과,관공서(부산서구청) 병원(동아대학교) 백화점(롯데백화점 광복점) 대형상가(하나로마트 자갈치점) 공원(암남공원) 기타(송도해수욕장),초등학교(송도초등학교) 중학교(경남중학교) 고등학교(부산관광고등학교) 대학교(동아대학교),0,50,Y
2026-08,A10023790,힐스테이트이진베이시티,서구,암남동,1368.0,0,0,0.0,0.0,0.0,0.0,0.0,,,,,True,산정 불완전,평형별 세대수 보완 필요,c38eb7731a2edbf2c405dc922468ded84aa651100a03e86668e60fb8b6b0b8e7,[],현재 확보 자료로 재구성한 과거 추정치; 과거 세대 구성 미확인,False,555b475dcef496b2254b825ba10b0724d7994196dba4c4e18f34e7f5aa4db599,54cb25d3544257419c8c9faa1ee168a8848dbea69689888cc0985fdd2c7a4797,5fb6c1e071a73763f6eb52e67a11f05f6d609819ae4f39c925745faf40f5b4fd,8b30a9aec44c70f7b04a7800,2026-09-17T13:53:18.573481+09:00,힐스테이트이진베이시티,2614012400,부산광역시,서구,암남동,,부산광역시 서구 암남동 123-15 힐스테이트이진베이시티,분양,개별난방,309345.0,3,1368.0,현대건설,(주)아이제이동수,0512467739, ,주상복합,부산광역시 서구 송도해변로 192,위탁관리,계단식,20220524,0512477739,1368,195083.02,0.0,432.0,810.0,126.0,137975.8158,69,69,6,31,49264,위탁관리,22,(주)디이씨오,위탁관리,19,주식회사 에스텍시스템,위탁관리,19,음식물쓰레기종량제,위탁관리,3,,철골철근콘크리트구조,9500,종합계약,상주선임,기타,압력탱크식,위탁관리,37,0,2224,유,2000,"관리사무소, 노인정, 보육시설, 문고, 주민공동시설, 어린이놀이터, 휴게시설, 커뮤니티공간, 자전거보관소, 기타",5~10분이내,1호선,,10~15분이내,관공서() 병원() 대형상가() 공원() 기타(),초등학교() 대학교(),0,27,Y
2026-08,A10024998,범양레우스 센트럴베이,동구,초량동,856.0,0,0,0.0,0.0,0.0,0.0,0.0,,,,,True,산정 불완전,평형별 세대수 보완 필요,c38eb7731a2edbf2c405dc922468ded84aa651100a03e86668e60fb8b6b0b8e7,[],현재 확보 자료로 재구성한 과거 추정치; 과거 세대 구성 미확인,False,555b475dcef496b2254b825ba10b0724d7994196dba4c4e18f34e7f5aa4db599,54cb25d3544257419c8c9faa1ee168a8848dbea69689888cc0985fdd2c7a4797,5fb6c1e071a73763f6eb52e67a11f05f6d609819ae4f39c925745faf40f5b4fd,8b30a9aec44c70f7b04a7800,2026-09-17T13:53:18.573481+09:00,범양레우스 센트럴베이,2617010100,부산광역시,동구,초량동,,부산광역시 동구 초량동 1224 범양레우스 센트럴베이,분양,개별난방,141756.52,3,856.0,(주)범양건영,초량1-3구역도시환경정비사업조합,0514698892,byreus.aptner.com/,주상복합,부산광역시 동구 초량중로 114,위탁관리,복도식,20200227,0514698894,856,92387.09,0.0,856.0,0.0,0.0,67737.1846,40,40,5,6,48795,위탁관리,7,(주)디이씨오,위탁관리,5,(주)에스원,위탁관리,8,음식물쓰레기종량제,위탁관리,5,분무식,철근콘크리트구조,5650,종합계약,상주선임,R형,부스타방식,위탁관리,12,0,996,유,289,"관리사무소, 노인정, 보육시설, 문고, 어린이놀이터, 유치원, 자전거보관소",5분이내,1호선,,5분이내,관공서(초량3동 주민센터) 병원(인창병원) 기타(초량시장),초등학교(초량초등학교) 중학교(부산중학교  경남여자 중학교) 고등학교(부산고등학교),0,20,Y
2026-08,A10025359,e편한세상부산항,동구,초량동,752.0,0,0,0.0,0.0,0.0,0.0,0.0,,,,,True,산정 불완전,평형별 세대수 보완 필요,c38eb7731a2edbf2c405dc922468ded84aa651100a03e86668e60fb8b6b0b8e7,[],현재 확보 자료로 재구성한 과거 추정치; 과거 세대 구성 미확인,False,555b475dcef496b2254b825ba10b0724d7994196dba4c4e18f34e7f5aa4db599,54cb25d3544257419c8c9faa1ee168a8848dbea69689888cc0985fdd2c7a4797,5fb6c1e071a73763f6eb52e67a11f05f6d609819ae4f39c925745faf40f5b4fd,8b30a9aec44c70f7b04a7800,2026-09-17T13:53:18.573481+09:00,e편한세상부산항,2617010100,부산광역시,동구,초량동,,부산광역시 동구 초량동 1218 e편한세상부산항,분양,개별난방,138872.0,4,752.0,대림산업주식회사,초량1다시1구역 도시환경정비사업조합,0514699507,http://ebusanhang.aptner.com/,주상복합,부산광역시 동구 홍곡로 50,위탁관리,계단식,20190723,0514699508,752,124467.16,0.0,752.0,0.0,0.0,60038.1637,36,36,4,24,48794,위탁관리,8,(주)주우관리,위탁관리,6,(주)에스원,위탁관리,10,음식물쓰레기종량제,위탁관리,5,분무식,철근콘크리트구조,4200,단일계약,상주선임,R형,부스타방식,위탁관리,24,0,996,유,263,"관리사무소, 노인정, 보육시설, 문고, 주민공동시설, 어린이놀이터, 휴게시설, 커뮤니티공간, 자전거보관소, 기타",5분이내,1호선,,5~10분이내,"관공서(초량3동 주민센터, 동구청) 병원(인창병원, 봉생병원)",초등학교(동일중앙초등학교) 중학교(경남 여중) 고등학교(부산고등학교),0,38,Y
2026-08,A10025380,협성휴포레부산진역오션뷰아파트,동구,수정동,788.0,0,0,0.0,0.0,0.0,0.0,0.0,,,,,True,산정 불완전,평형별 세대수 보완 필요,c38eb7731a2edbf2c405dc922468ded84aa651100a03e86668e60fb8b6b0b8e7,[],현재 확보 자료로 재구성한 과거 추정치; 과거 세대 구성 미확인,False,555b475dcef496b2254b825ba10b0724d7994196dba4c4e18f34e7f5aa4db599,54cb25d3544257419c8c9faa1ee168a8848dbea69689888cc0985fdd2c7a4797,5fb6c1e071a73763f6eb52e67a11f05f6d609819ae4f39c925745faf40f5b4fd,8b30a9aec44c70f7b04a7800,2026-09-17T13:53:18.573481+09:00,협성휴포레부산진역오션뷰아파트,2617010200,부산광역시,동구,수정동,,부산광역시 동구 수정동 1352 협성휴포레부산진역오션뷰아파트,분양,개별난방,121938.69,3,788.0,(주)협성건설,수정1구역 도시환경정비사업조합,0514610311, ,주상복합,부산광역시 동구 중앙대로 357,위탁관리,복도식,20190730,0514610313,788,77493.945,263.0,525.0,0.0,0.0,53936.917,47,47,5,6,48790,위탁관리,10,(주)혜강종합관리,위탁관리,5,(주)혜강종합관리,위탁관리,7,음식물쓰레기종량제,위탁관리,4,"도포식,분무식,기구부착식",철골철근콘크리트구조,5400,종합계약,상주선임,R형,부스타방식,위탁관리,13,0,795,무,212,"관리사무소, 노인정, 문고, 주민공동시설, 어린이놀이터, 휴게시설, 유치원, 커뮤니티공간, 자전거보관소",5분이내,1호선,,5분이내,"관공서(동구청, 동구문화원, 부산진세무서, 부산동부경찰서) 병원(봉생병원)",초등학교(수정초등학교),0,19,Y
2026-08,A10023963,부산항일동미라주더오션아파트,동구,좌천동,546.0,0,0,0.0,0.0,0.0,0.0,0.0,,,,,True,산정 불완전,평형별 세대수 보완 필요,c38eb7731a2edbf2c405dc922468ded84aa651100a03e86668e60fb8b6b0b8e7,[],현재 확보 자료로 재구성한 과거 추정치; 과거 세대 구성 미확인,False,555b475dcef496b2254b825ba10b0724d7994196dba4c4e18f34e7f5aa4db599,54cb25d3544257419c8c9faa1ee168a8848dbea69689888cc0985fdd2c7a4797,5fb6c1e071a73763f6eb52e67a11f05f6d609819ae4f39c925745faf40f5b4fd,8b30a9aec44c70f7b04a7800,2026-09-17T13:53:18.573481+09:00,부산항일동미라주더오션아파트,2617010300,부산광역시,동구,좌천동,,부산광역시 동구 좌천동 120 부산항일동미라주더오션아파트,분양,개별난방,91994.69,5,546.0,(주)일동,좌천2구역도시환경정비사업조합,0516479866, ,주상복합,부산광역시 동구 자성로 2,위탁관리,계단식,20211230,0516479868,614,53922.188,102.0,444.0,0.0,0.0,61563.1314,39,38,4,14,48728,위탁관리,7,(주)하나종합관리,위탁관리,4,(주)데코,위탁관리,7,음식물쓰레기종량제,위탁관리,5,분무식,철골철근콘크리트구조,4100,종합계약,상주선임,R형,부스타방식,위탁관리,14,332,318,유,263,"관리사무소, 노인정, 보육시설, 어린이놀이터, 자전거보관소",5~10분이내,1호선,,5~10분이내,,,0,13,Y
2026-08,A10023208,두산위브더제니스 하버시티,동구,범일동,2040.0,0,0,0.0,0.0,0.0,0.0,0.0,,,,,True,산정 불완전,평형별 세대수 보완 필요,c38eb7731a2edbf2c405dc922468ded84aa651100a03e86668e60fb8b6b0b8e7,[],현재 확보 자료로 재구성한 과거 추정치; 과거 세대 구성 미확인,False,555b475dcef496b2254b825ba10b0724d7994196dba4c4e18f34e7f5aa4db599,54cb25d3544257419c8c9faa1ee168a8848dbea69689888cc0985fdd2c7a4797,5fb6c1e071a73763f6eb52e67a11f05f6d609819ae4f39c925745faf40f5b4fd,8b30a9aec44c70f7b04a7800,2026-09-17T13:53:18.573481+09:00,두산위브더제니스 하버시티,2617010400,부산광역시,동구,범일동,,부산광역시 동구 범일동 252-1562 두산위브더제니스 하버시티,분양,개별난방,336605.0,7,2040.0,(주)두산건설,좌천.범일구역 통합3지구 도시환경정비사업,0517140188, ,아파트,부산광역시 동구 범일로 21,위탁관리,혼합식,20230525,0517140189,2040,221731.05,392.0,1648.0,0.0,0.0,154276.2519,49,49,5,28,48753,위탁관리,22,(주)타워피엠씨,위탁관리,13,(주)에스텍,위탁관리,19,음식물쓰레기종량제,관리방식미정,4,"도포식,분무식",철근콘크리트구조,10250,종합계약,상주선임,R형,부스타방식,관리방식미정,28,0,2247,유,214,"관리사무소, 노인정, 보육시설, 문고, 주민공동시설, 어린이놀이터, 휴게시설, 커뮤니티공간, 자전거보관소, 기타",5분이내,1호선,,5~10분이내,,초등학교(성남초등학교),0,45,Y
2026-08,A10026746,오션브릿지,동구,범일동,652.0,0,0,0.0,0.0,0.0,0.0,0.0,,,,,True,산정 불완전,평형별 세대수 보완 필요,c38eb7731a2edbf2c405dc922468ded84aa651100a03e86668e60fb8b6b0b8e7,[],현재 확보 자료로 재구성한 과거 추정치; 과거 세대 구성 미확인,False,555b475dcef496b2254b825ba10b0724d7994196dba4c4e18f34e7f5aa4db599,54cb25d3544257419c8c9faa1ee168a8848dbea69689888cc0985fdd2c7a4797,5fb6c1e071a73763f6eb52e67a11f05f6d609819ae4f39c925745faf40f5b4fd,8b30a9aec44c70f7b04a7800,2026-09-17T13:53:18.573481+09:00,오션브릿지,2617010400,부산광역시,동구,범일동,,부산광역시 동구 범일동 1655 오션브릿지,분양,개별난방,110992.89,2,652.0,(주)삼부건설,한국토지주택공사,0516477531, ,아파트,부산광역시 동구 범일로 41,위탁관리,복도식,20170725,0516477532,652,99345.266,326.0,240.0,86.0,0.0,50156.24,48,48,4,12,48752,위탁관리,6,세화플러스 주식회사,위탁관리,6,(주)비앤에이서비스,위탁관리,7,음식물쓰레기종량제,위탁관리,5,분무식,철골콘크리트구조,5950,종합계약,상주선임,R형,부스타방식,위탁관리,14,121,686,유,176,"관리사무소, 노인정, 보육시설, 문고, 주민공동시설, 어린이놀이터, 휴게시설, 커뮤니티공간, 자전거보관소",5분이내,1호선,,5~10분이내,관공서(범5동 주민센터) 병원(봉생병원) 백화점(현대백화점) 대형상가(이마트.부산진시장) 공원(자성대공원),초등학교(성남초등학교),0,16,Y
2026-08,A60106001,한성기린프라자,동구,범일동,547.0,0,0,0.0,0.0,0.0,0.0,0.0,,,,,True,산정 불완전,평형별 세대수 보완 필요,c38eb7731a2edbf2c405dc922468ded84aa651100a03e86668e60fb8b6b0b8e7,[],현재 확보 자료로 재구성한 과거 추정치; 과거 세대 구성 미확인,False,555b475dcef496b2254b825ba10b0724d7994196dba4c4e18f34e7f5aa4db599,54cb25d3544257419c8c9faa1ee168a8848dbea69689888cc0985fdd2c7a4797,5fb6c1e071a73763f6eb52e67a11f05f6d609819ae4f39c925745faf40f5b4fd,8b30a9aec44c70f7b04a7800,2026-09-17T13:53:18.573481+09:00,한성기린프라자,2617010400,부산광역시,동구,범일동,,부산광역시 동구 범일동 62-720 한성기린프라자,분양,개별난방,85572.56,1,547.0,한성기린건설,한성기린건설,0516334597, ,주상복합,부산광역시 동구 중앙대로 514,위탁관리,복도식,19971025,0516334598,547,59622.05,249.0,198.0,100.0,0.0,42299.58,28,28,8,6,48726,위탁관리,6,(주)고태,위탁관리,6,(주)고태,위탁관리,5,음식물쓰레기종량제,위탁관리,5,"분무식,기구부착식",철근콘크리트구조,1950,단일계약,상주선임,P형,부스타방식,위탁관리,8,0,503,무,41,"관리사무소, 노인정, 주민공동시설, 어린이놀이터, 자전거보관소",5분이내,1호선,,5~10분이내,관공서(동구청) 병원(좋은문화병원) 백화점(현대백화점-부산점) 공원(자성대공원),초등학교(좌성초등학교) 고등학교(데레사여자고등학교),0,10,Y
2026-08,A60106002,두산위브포세이돈Ⅱ,동구,범일동,690.0,0,0,0.0,0.0,0.0,0.0,0.0,,,,,True,산정 불완전,평형별 세대수 보완 필요,c38eb7731a2edbf2c405dc922468ded84aa651100a03e86668e60fb8b6b0b8e7,[],현재 확보 자료로 재구성한 과거 추정치; 과거 세대 구성 미확인,False,555b475dcef496b2254b825ba10b0724d7994196dba4c4e18f34e7f5aa4db599,54cb25d3544257419c8c9faa1ee168a8848dbea69689888cc0985fdd2c7a4797,5fb6c1e071a73763f6eb52e67a11f05f6d609819ae4f39c925745faf40f5b4fd,8b30a9aec44c70f7b04a7800,2026-09-17T13:53:18.573481+09:00,두산위브포세이돈Ⅱ,2617010400,부산광역시,동구,범일동,,부산광역시 동구 범일동 825-7 두산위브포세이돈Ⅱ,분양,개별난방,159076.27,4,690.0,두산건설,두산건설,0516467060, ,주상복합,부산광역시 동구 자성로116번길 2,위탁관리,계단식,20061229,0516467061,690,98085.36,0.0,330.0,270.0,90.0,76233.69,47,47,4,17,48748,위탁관리,9,(주)디이씨오,위탁관리,9,(주)비앤에이서비스,위탁관리,9,차량수거방식,위탁관리,8,"도포식,분무식",철근콘크리트구조,4750,단일계약,상주선임,R형,부스타방식,위탁관리,17,0,1243,무,114,"관리사무소, 노인정, 보육시설, 자전거보관소",5분이내,"1호선, 2호선",,5~10분이내,병원(수성한의원) 대형상가(부산진시장) 공원(자성대공원),초등학교(성남초),0,27,Y
2026-08,A60681702,영선동반도보라아파트,영도구,영선동4가,868.0,0,0,0.0,0.0,0.0,0.0,0.0,,,,,True,산정 불완전,평형별 세대수 보완 필요,c38eb7731a2edbf2c405dc922468ded84aa651100a03e86668e60fb8b6b0b8e7,[],현재 확보 자료로 재구성한 과거 추정치; 과거 세대 구성 미확인,False,555b475dcef496b2254b825ba10b0724d7994196dba4c4e18f34e7f5aa4db599,54cb25d3544257419c8c9faa1ee168a8848dbea69689888cc0985fdd2c7a4797,5fb6c1e071a73763f6eb52e67a11f05f6d609819ae4f39c925745faf40f5b4fd,8b30a9aec44c70f7b04a7800,2026-09-17T13:53:18.573481+09:00,영선동반도보라아파트,2620011100,부산광역시,영도구,영선동4가,,부산광역시 영도구 영선동4가 186-46 영선동반도보라아파트,분양,개별난방,117923.0,10,868.0,(주)반도,반도,0514188900, ,아파트,부산광역시 영도구 해안산책길 30,위탁관리,계단식,20000616,07070051314,877,96393.22,336.0,292.0,192.0,48.0,75410.28,25,25,2,19,49080,위탁관리,7,(주)삼성T.M.S,위탁관리,6,(주)썬앤문,위탁관리,10,음식물쓰레기종량제,위탁관리,4,"분무식,기구부착식",철근콘크리트구조,2350,단일계약,상주선임,R형,고가수조식,위탁관리,19,38,956,무,114,"관리사무소, 노인정, 보육시설, 주민공동시설, 어린이놀이터, 자전거보관소, 기타",5~10분이내,1호선,,,관공서() 병원() 백화점(),초등학교(남항초등학교) 고등학교(테크노과학고교),0,20,Y
2026-08,A60675801,미광마린타워아파트,영도구,봉래동2가,676.0,0,0,0.0,0.0,0.0,0.0,0.0,,,,,True,산정 불완전,평형별 세대수 보완 필요,c38eb7731a2edbf2c405dc922468ded84aa651100a03e86668e60fb8b6b0b8e7,[],현재 확보 자료로 재구성한 과거 추정치; 과거 세대 구성 미확인,False,555b475dcef496b2254b825ba10b0724d7994196dba4c4e18f34e7f5aa4db599,54cb25d3544257419c8c9faa1ee168a8848dbea69689888cc0985fdd2c7a4797,5fb6c1e071a73763f6eb52e67a11f05f6d609819ae4f39c925745faf40f5b4fd,8b30a9aec44c70f7b04a7800,2026-09-17T13:53:18.573481+09:00,미광마린타워아파트,2620011600,부산광역시,영도구,봉래동2가,,부산광역시 영도구 봉래동2가 112 미광마린타워아파트,분양,개별난방,98803.36,4,676.0,대우건설,대우건설,0514163908, ,아파트,부산광역시 영도구 대교로14번길 17,자치관리,계단식,19920605,0514163909,676,72868.2,0.0,406.0,138.0,132.0,72868.2,23,23,0,15,49004,자치관리,5,,위탁관리,4,(주)듀델코리아,위탁관리,6,기타,위탁관리,7,,철근콘크리트구조,2260,단일계약,상주선임,GR형,부스타방식,위탁관리,15,251,220,무,98,"관리사무소, 노인정, 주민공동시설, 어린이놀이터, 자전거보관소",5분이내,,,5~10분이내,관공서(봉래1동사무소) 병원(해동병원) 대형상가(홈플러스),초등학교(대교초교),12,0,Y
2026-08,A10024303,영도 센트럴 에일린의뜰,영도구,봉래동4가,1216.0,0,0,0.0,0.0,0.0,0.0,0.0,,,,,True,산정 불완전,평형별 세대수 보완 필요; 임대·혼합 또는 분양 범위 미확인,c38eb7731a2edbf2c405dc922468ded84aa651100a03e86668e60fb8b6b0b8e7,[],현재 확보 자료로 재구성한 과거 추정치; 과거 세대 구성 미확인,False,555b475dcef496b2254b825ba10b0724d7994196dba4c4e18f34e7f5aa4db599,54cb25d3544257419c8c9faa1ee168a8848dbea69689888cc0985fdd2c7a4797,5fb6c1e071a73763f6eb52e67a11f05f6d609819ae4f39c925745faf40f5b4fd,8b30a9aec44c70f7b04a7800,2026-09-17T13:53:18.573481+09:00,영도 센트럴 에일린의뜰,2620011800,부산광역시,영도구,봉래동4가,,부산광역시 영도구 봉래동4가 69-1 영도 센트럴 에일린의뜰,혼합,개별난방,126989.0,12,1216.0,아이에스동서,봉래1구역 주택재개발 정비사업조합,0514188847, ,아파트,부산광역시 영도구 태종로 172,위탁관리,계단식,20210429,0514188849,1216,124687.17,397.0,764.0,55.0,0.0,91078.1778,34,34,3,27,49057,위탁관리,9,(주)케이비아주,위탁관리,6,s1,위탁관리,12,음식물쓰레기종량제,위탁관리,4,"분무식,기구부착식",철근콘크리트구조,4750,종합계약,상주선임,R형,부스타방식,위탁관리,27,0,1336,유,326,"관리사무소, 노인정, 보육시설, 문고, 주민공동시설, 어린이놀이터, 유치원, 커뮤니티공간, 자전거보관소",5분이내,,,5~10분이내,"관공서(영도구청,영도구보건소,봉래동주민센터) 병원(수도병원,해동병원,영도병원) 백화점(롯데백화점) 대형상가(홈플러스,롯데마트) 공원(하늘소공원)","초등학교(대교초등학교,영도초등학교,청학초등학교,) 중학교(영선중학교,남도여자중학교,부산남중학교) 고등학교(부산영상예술고등학교,부산보건고등학교) 대학교(고신대학교)",0,27,Y
2026-08,A60607003,신영도롯데낙천대,영도구,청학동,528.0,0,0,0.0,0.0,0.0,0.0,0.0,,,,,True,산정 불완전,평형별 세대수 보완 필요,c38eb7731a2edbf2c405dc922468ded84aa651100a03e86668e60fb8b6b0b8e7,[],현재 확보 자료로 재구성한 과거 추정치; 과거 세대 구성 미확인,False,555b475dcef496b2254b825ba10b0724d7994196dba4c4e18f34e7f5aa4db599,54cb25d3544257419c8c9faa1ee168a8848dbea69689888cc0985fdd2c7a4797,5fb6c1e071a73763f6eb52e67a11f05f6d609819ae4f39c925745faf40f5b4fd,8b30a9aec44c70f7b04a7800,2026-09-17T13:53:18.573481+09:00,신영도롯데낙천대,2620012000,부산광역시,영도구,청학동,,부산광역시 영도구 청학동 99-294 신영도롯데낙천대,분양,개별난방,67929.69,8,528.0,롯데건설주식회사,태산종합건설주식회사,0514120560, ,아파트,부산광역시 영도구 청학남로 48,위탁관리,계단식,20051026,0514120561,528,51761.3,218.0,270.0,40.0,0.0,39708.7774,20,20,4,14,49085,위탁관리,6,세화플러스 주식회사,위탁관리,4,(주)세웅서비스,위탁관리,5,음식물쓰레기종량제,위탁관리,4,"분무식,기구설치식",철근콘크리트구조,2300,단일계약,상주선임,R형,부스타방식,위탁관리,14,127,386,유,117,"관리사무소, 노인정, 보육시설, 주민공동시설, 어린이놀이터",5~10분이내,1호선,,,관공서(영도구청) 병원(천성재활의원) 대형상가(LG하이프라자),초등학교(청동초교),0,22,Y
2026-08,A60607004,청학영도신도브래뉴,영도구,청학동,508.0,0,0,0.0,0.0,0.0,0.0,0.0,,,,,True,산정 불완전,평형별 세대수 보완 필요,c38eb7731a2edbf2c405dc922468ded84aa651100a03e86668e60fb8b6b0b8e7,[],현재 확보 자료로 재구성한 과거 추정치; 과거 세대 구성 미확인,False,555b475dcef496b2254b825ba10b0724d7994196dba4c4e18f34e7f5aa4db599,54cb25d3544257419c8c9faa1ee168a8848dbea69689888cc0985fdd2c7a4797,5fb6c1e071a73763f6eb52e67a11f05f6d609819ae4f39c925745faf40f5b4fd,8b30a9aec44c70f7b04a7800,2026-09-17T13:53:18.573481+09:00,청학영도신도브래뉴,2620012000,부산광역시,영도구,청학동,,부산광역시 영도구 청학동 536 청학영도신도브래뉴,분양,개별난방,55829.207,11,508.0,신도건설,신도건설,0514127300, ,아파트,부산광역시 영도구 태종로 260,위탁관리,계단식,20090730,0514127302,509,55710.918,142.0,300.0,66.0,0.0,41841.0788,20,20,3,13,49021,위탁관리,6,남부건업(주),위탁관리,6,(주)필립피엠씨,위탁관리,5,음식물쓰레기종량제,위탁관리,5,분무식,철근콘크리트구조,1750,단일계약,상주선임,R형,부스타방식,위탁관리,13,8,565,유,163,"관리사무소, 노인정, 보육시설, 주민공동시설, 어린이놀이터, 휴게시설, 커뮤니티공간, 자전거보관소",5분이내,1호선,,10~15분이내,관공서(영도구청) 병원(해동병원) 백화점(롯대백화점(광복점)) 대형상가(삼성디지털 프라자) 공원(청학수변공원),초등학교(봉학초등학교),0,5,Y
2026-08,A10022267,오션라이프에일린의 뜰,영도구,동삼동,1228.0,0,0,0.0,0.0,0.0,0.0,0.0,,,,,True,산정 불완전,평형별 세대수 보완 필요; 임대·혼합 또는 분양 범위 미확인,c38eb7731a2edbf2c405dc922468ded84aa651100a03e86668e60fb8b6b0b8e7,[],현재 확보 자료로 재구성한 과거 추정치; 과거 세대 구성 미확인,False,555b475dcef496b2254b825ba10b0724d7994196dba4c4e18f34e7f5aa4db599,54cb25d3544257419c8c9faa1ee168a8848dbea69689888cc0985fdd2c7a4797,5fb6c1e071a73763f6eb52e67a11f05f6d609819ae4f39c925745faf40f5b4fd,8b30a9aec44c70f7b04a7800,2026-09-17T13:53:18.573481+09:00,오션라이프에일린의 뜰,2620012100,부산광역시,영도구,동삼동,,부산광역시 영도구 동삼동 383-1 오션라이프에일린의 뜰,혼합,개별난방,176968.0,10,0.0,아이에스동서건설(주),동삼2구역재개발정비사업조합,0514040790,동삼2구역재개발정비사업조합,아파트,부산광역시 영도구 태종로 611,위탁관리,계단식,20230628,0514040793,1228,124361.836,0.0,0.0,0.0,0.0,184316.4076,35,35,2,23,,위탁관리,11,(주)하나종합관리,위탁관리,,(주)비엔에이서비스,위탁관리,12,음식물쓰레기종량제,위탁관리,3,"분무식,기구부착식",철근콘크리트구조,8150,단일계약,상주선임,R형,부스타방식,위탁관리,23,13,1279,유,420,"관리사무소, 노인정, 보육시설, 문고, 주민공동시설, 어린이놀이터, 휴게시설, 커뮤니티공간, 자전거보관소",5분이내,,,,관공서(영도구청) 병원(해동병원  영도병원) 공원(아마르),초등학교(동삼초등학교),0,26,Y
2026-08,A10023837,부산오션시티푸르지오,영도구,동삼동,846.0,0,0,0.0,0.0,0.0,0.0,0.0,,,,,True,산정 불완전,평형별 세대수 보완 필요,c38eb7731a2edbf2c405dc922468ded84aa651100a03e86668e60fb8b6b0b8e7,[],현재 확보 자료로 재구성한 과거 추정치; 과거 세대 구성 미확인,False,555b475dcef496b2254b825ba10b0724d7994196dba4c4e18f34e7f5aa4db599,54cb25d3544257419c8c9faa1ee168a8848dbea69689888cc0985fdd2c7a4797,5fb6c1e071a73763f6eb52e67a11f05f6d609819ae4f39c925745faf40f5b4fd,8b30a9aec44c70f7b04a7800,2026-09-17T13:53:18.573481+09:00,부산오션시티푸르지오,2620012100,부산광역시,영도구,동삼동,,부산광역시 영도구 동삼동 1180 부산오션시티푸르지오,분양,개별난방,161798.97,4,846.0,대우건설,하버시티개발(주),0514051180, ,아파트,부산광역시 영도구 동삼오션로 30,위탁관리,계단식,20220428,0514051183,846,100511.87,0.0,839.0,7.0,0.0,72025.4783,49,49,3,16,49128,위탁관리,8,(주)혜강종합관리,위탁관리,6,(주)에스원,위탁관리,10,음식물쓰레기종량제,위탁관리,3,분무식,철골철근콘크리트구조,4250,종합계약,상주선임,GR형,부스타방식,위탁관리,16,0,937,무,247,"관리사무소, 노인정, 보육시설, 어린이놀이터, 휴게시설, 커뮤니티공간, 자전거보관소",5~10분이내,1호선,,20분초과,,,0,19,Y
2026-08,A60608002,조양비취맨션,영도구,동삼동,630.0,0,0,0.0,0.0,0.0,0.0,0.0,,,,,True,산정 불완전,평형별 세대수 보완 필요,c38eb7731a2edbf2c405dc922468ded84aa651100a03e86668e60fb8b6b0b8e7,[],현재 확보 자료로 재구성한 과거 추정치; 과거 세대 구성 미확인,False,555b475dcef496b2254b825ba10b0724d7994196dba4c4e18f34e7f5aa4db599,54cb25d3544257419c8c9faa1ee168a8848dbea69689888cc0985fdd2c7a4797,5fb6c1e071a73763f6eb52e67a11f05f6d609819ae4f39c925745faf40f5b4fd,8b30a9aec44c70f7b04a7800,2026-09-17T13:53:18.573481+09:00,조양비취맨션,2620012100,부산광역시,영도구,동삼동,,부산광역시 영도구 동삼동 656 조양비취맨션,분양,개별난방,39100.6,9,630.0,(주)조양개발,(주)조양개발,0514050668, ,아파트,부산광역시 영도구 절영로 504,자치관리,계단식,19851221,0519858585,630,39100.6,555.0,75.0,0.0,0.0,34447.5,5,5,0,0,49121,자치관리,3,,자치관리,6,,위탁관리(직영+위탁),4,음식물쓰레기종량제,위탁관리,6,분무식,철근콘크리트구조,59,기타,위탁선임,기타,고가수조식,,0,320,0,무,40,"관리사무소, 노인정, 어린이놀이터",10~15분이내,,,,,,7,0,Y
2026-08,A60608303,동삼그린힐,영도구,동삼동,2088.0,0,0,0.0,0.0,0.0,0.0,0.0,,,,,True,산정 불완전,평형별 세대수 보완 필요,c38eb7731a2edbf2c405dc922468ded84aa651100a03e86668e60fb8b6b0b8e7,[],현재 확보 자료로 재구성한 과거 추정치; 과거 세대 구성 미확인,False,555b475dcef496b2254b825ba10b0724d7994196dba4c4e18f34e7f5aa4db599,54cb25d3544257419c8c9faa1ee168a8848dbea69689888cc0985fdd2c7a4797,5fb6c1e071a73763f6eb52e67a11f05f6d609819ae4f39c925745faf40f5b4fd,8b30a9aec44c70f7b04a7800,2026-09-17T13:53:18.573481+09:00,동삼그린힐,2620012100,부산광역시,영도구,동삼동,,부산광역시 영도구 동삼동 1123 동삼그린힐,분양,개별난방,145714.14,17,2088.0,"(주)성신,(주)국제종합토건,남도개발주식회사",대한주택공사,0514038754, ,아파트,부산광역시 영도구 상리로 1,위탁관리,복도식,19930922,0514038773,2088,145714.14,2088.0,0.0,0.0,0.0,103848.48,15,15,0,28,49089,위탁관리,10,(주)디이씨오,위탁관리,36,(주)에스코아,위탁관리,14,음식물쓰레기종량제,위탁관리,4,기구부착식,철근콘크리트구조,3100,단일계약,상주선임,P형,부스타방식,위탁관리,28,913,0,무,128,"관리사무소, 노인정, 보육시설, 어린이놀이터, 휴게시설, 자전거보관소",5분이내,1호선,,20분초과,관공서(동삼제3동사무소),"초등학교(상리초등학교) 고등학교(광명고등학교) 대학교(해양대학교, 고신대학교)",30,0,Y
2026-08,A60670101,도시공사동삼2지구영구임대아파트,영도구,동삼동,1120.0,0,0,0.0,0.0,0.0,0.0,0.0,,,,,True,산정 불완전,평형별 세대수 보완 필요; 임대·혼합 또는 분양 범위 미확인,c38eb7731a2edbf2c405dc922468ded84aa651100a03e86668e60fb8b6b0b8e7,[],현재 확보 자료로 재구성한 과거 추정치; 과거 세대 구성 미확인,False,555b475dcef496b2254b825ba10b0724d7994196dba4c4e18f34e7f5aa4db599,54cb25d3544257419c8c9faa1ee168a8848dbea69689888cc0985fdd2c7a4797,5fb6c1e071a73763f6eb52e67a11f05f6d609819ae4f39c925745faf40f5b4fd,8b30a9aec44c70f7b04a7800,2026-09-17T13:53:18.573481+09:00,도시공사동삼2지구영구임대아파트,2620012100,부산광역시,영도구,동삼동,,부산광역시 영도구 동삼동 510 도시공사동삼2지구영구임대아파트,임대,중앙난방,49035.3,7,1120.0,두진건설,부산도시공사,0514034223, ,아파트,부산광역시 영도구 함지로79번길 53,자치관리,복도식,19951020,0514034228,1120,30856.0,1120.0,0.0,0.0,0.0,30856,20,20,1,14,49114,자치관리,11,,위탁관리,11,로이안에프엔씨,위탁관리,4,차량수거방식,위탁관리,3,"분무식,기구부착식",철근콘크리트구조,1950,종합계약,상주선임,R형,고가수조식,위탁관리,14,190,0,무,72,,5~10분이내,,,20분초과,,초등학교(중리초교) 대학교(고신대학교),4,0,Y
2026-08,A60675110,함지그린,영도구,동삼동,1000.0,0,0,0.0,0.0,0.0,0.0,0.0,,,,,True,산정 불완전,평형별 세대수 보완 필요,c38eb7731a2edbf2c405dc922468ded84aa651100a03e86668e60fb8b6b0b8e7,[],현재 확보 자료로 재구성한 과거 추정치; 과거 세대 구성 미확인,False,555b475dcef496b2254b825ba10b0724d7994196dba4c4e18f34e7f5aa4db599,54cb25d3544257419c8c9faa1ee168a8848dbea69689888cc0985fdd2c7a4797,5fb6c1e071a73763f6eb52e67a11f05f6d609819ae4f39c925745faf40f5b4fd,8b30a9aec44c70f7b04a7800,2026-09-17T13:53:18.573481+09:00,함지그린,2620012100,부산광역시,영도구,동삼동,,부산광역시 영도구 동삼동 1124 함지그린,분양,개별난방,76973.23,9,1000.0,"삼협개발,남도개발",부산도시개발공사,0514046343,joyapt.com/58,아파트,부산광역시 영도구 함지로 8,위탁관리,복도식,19940506,0514046344,1000,74049.56,1000.0,0.0,0.0,0.0,52454,21,21,1,10,49119,위탁관리,7,(주)삼성보안공사,위탁관리,18,(주)삼성보안공사,위탁관리,3,음식물쓰레기종량제,위탁관리,3,분무식,철근콘크리트구조,1600,단일계약,상주선임,P형,고가수조식,위탁관리,10,496,54,무,60,"관리사무소, 노인정, 주민공동시설, 어린이놀이터",5분이내,1호선,,20분초과,공원(체육공원),초등학교(절영초등교) 중학교(영도여중교) 고등학교(부산체육고등학교) 대학교(고신대학교),12,0,Y
2026-08,A60676104,부산동삼1,영도구,동삼동,976.0,0,0,0.0,0.0,0.0,0.0,0.0,,,,,True,산정 불완전,평형별 세대수 보완 필요; 임대·혼합 또는 분양 범위 미확인,c38eb7731a2edbf2c405dc922468ded84aa651100a03e86668e60fb8b6b0b8e7,[],현재 확보 자료로 재구성한 과거 추정치; 과거 세대 구성 미확인,False,555b475dcef496b2254b825ba10b0724d7994196dba4c4e18f34e7f5aa4db599,54cb25d3544257419c8c9faa1ee168a8848dbea69689888cc0985fdd2c7a4797,5fb6c1e071a73763f6eb52e67a11f05f6d609819ae4f39c925745faf40f5b4fd,8b30a9aec44c70f7b04a7800,2026-09-17T13:53:18.573481+09:00,부산동삼1,2620012100,부산광역시,영도구,동삼동,,부산광역시 영도구 동삼동 1121 부산동삼1,임대,중앙난방,43047.0,4,976.0,한국토지주택공사,한국토지주택공사,0514036546,www.kohom.or.kr/index.jsp,아파트,부산광역시 영도구 동삼북로 2,자치관리,복도식,19911115,0514030557,976,39872.29,976.0,0.0,0.0,0.0,26920.17,15,15,0,18,49093,자치관리,8,주택관리공단(주),위탁관리,6,(주)명가종합관리,위탁관리,1,차량수거방식,위탁관리,3,,철근콘크리트구조,20000,단일계약,상주선임,R형,부스타방식,위탁관리,18,166,0,무,57,"관리사무소, 기타",10~15분이내,,,,관공서(동삼제3동사무소) 병원(김해원소아과의원),초등학교(태종대초교) 고등학교(광명고등학교) 대학교(해양대학교),0,0,Y
2026-08,A60676205,부산동삼2주공,영도구,동삼동,1968.0,0,0,0.0,0.0,0.0,0.0,0.0,,,,,True,산정 불완전,평형별 세대수 보완 필요; 임대·혼합 또는 분양 범위 미확인,c38eb7731a2edbf2c405dc922468ded84aa651100a03e86668e60fb8b6b0b8e7,[],현재 확보 자료로 재구성한 과거 추정치; 과거 세대 구성 미확인,False,555b475dcef496b2254b825ba10b0724d7994196dba4c4e18f34e7f5aa4db599,54cb25d3544257419c8c9faa1ee168a8848dbea69689888cc0985fdd2c7a4797,5fb6c1e071a73763f6eb52e67a11f05f6d609819ae4f39c925745faf40f5b4fd,8b30a9aec44c70f7b04a7800,2026-09-17T13:53:18.573481+09:00,부산동삼2주공,2620012100,부산광역시,영도구,동삼동,,부산광역시 영도구 동삼동 1123 부산동삼2주공,임대,중앙난방,84213.43,9,1968.0,국제종합토건 외4개업체,대한주택공사,0514035583,www.kohom.or.kr,아파트,부산광역시 영도구 상리로 1,위탁관리,복도식,19931020,0514040045,1968,79048.4,1968.0,0.0,0.0,0.0,53371.26,15,15,1,24,49089,위탁관리,12,주택관리공단,위탁관리,8,신서림에스앤에스,위탁관리,2,차량수거방식,위탁관리,3,분무식,철근콘크리트구조,1550,단일계약,상주선임,R형,부스타방식,위탁관리,25,217,0,무,78,"관리사무소, 노인정, 보육시설, 주민공동시설, 어린이놀이터, 휴게시설, 자전거보관소, 기타",5~10분이내,1호선,,20분초과,관공서(동삼제3동사무소) 병원(김해원소아과의원),초등학교(상리초교) 고등학교(광명고등학교) 대학교(해양대학교),5,0,Y
2026-08,A60680909,국제마마뉴비치,영도구,동삼동,522.0,0,0,0.0,0.0,0.0,0.0,0.0,,,,,True,산정 불완전,평형별 세대수 보완 필요,c38eb7731a2edbf2c405dc922468ded84aa651100a03e86668e60fb8b6b0b8e7,[],현재 확보 자료로 재구성한 과거 추정치; 과거 세대 구성 미확인,False,555b475dcef496b2254b825ba10b0724d7994196dba4c4e18f34e7f5aa4db599,54cb25d3544257419c8c9faa1ee168a8848dbea69689888cc0985fdd2c7a4797,5fb6c1e071a73763f6eb52e67a11f05f6d609819ae4f39c925745faf40f5b4fd,8b30a9aec44c70f7b04a7800,2026-09-17T13:53:18.573481+09:00,국제마마뉴비치,2620012100,부산광역시,영도구,동삼동,,부산광역시 영도구 동삼동 510-33 국제마마뉴비치,분양,개별난방,74274.03,6,522.0,마마주택,국제종합건설,0514057282, ,아파트,부산광역시 영도구 중리로 32,자치관리,계단식,19950703,0519857280,522,64320.004,0.0,0.0,442.0,80.0,53350.97,15,15,1,19,49116,자치관리,5,,위탁관리,7,(주)삼성보안공사,위탁관리,5,음식물쓰레기종량제,위탁관리,4,"도포식,분무식",철근콘크리트구조,1300,단일계약,상주선임,P형,부스타방식,위탁관리,19,196,377,무,105,"관리사무소, 노인정, 어린이놀이터",10~15분이내,1호선,,20분초과,관공서() 병원() 공원() 기타(),초등학교(중리초교) 중학교(동삼중학교) 고등학교(남고등학교) 대학교(고신대학교),2,10,Y
2026-08,A60680912,절영아파트,영도구,동삼동,1340.0,0,0,0.0,0.0,0.0,0.0,0.0,,,,,True,산정 불완전,평형별 세대수 보완 필요,c38eb7731a2edbf2c405dc922468ded84aa651100a03e86668e60fb8b6b0b8e7,[],현재 확보 자료로 재구성한 과거 추정치; 과거 세대 구성 미확인,False,555b475dcef496b2254b825ba10b0724d7994196dba4c4e18f34e7f5aa4db599,54cb25d3544257419c8c9faa1ee168a8848dbea69689888cc0985fdd2c7a4797,5fb6c1e071a73763f6eb52e67a11f05f6d609819ae4f39c925745faf40f5b4fd,8b30a9aec44c70f7b04a7800,2026-09-17T13:53:18.573481+09:00,절영아파트,2620012100,부산광역시,영도구,동삼동,,부산광역시 영도구 동삼동 510-11 절영아파트,분양,개별난방,92006.89,10,1340.0,부산도시개발공사,부산도시개발공사,0514054202, ,아파트,부산광역시 영도구 와치로 231,위탁관리,복도식,19951020,0514054203,1340,88440.0,1340.0,0.0,0.0,0.0,62001.8,20,20,1,22,49105,위탁관리,10,삼성티엠에스,위탁관리,14,삼성티엠에스,위탁관리,7,음식물쓰레기종량제,위탁관리,3,도포식,철근콘크리트구조,3000,종합계약,상주선임,P형,부스타방식,위탁관리,22,685,0,무,144,"관리사무소, 노인정, 보육시설, 어린이놀이터, 자전거보관소",5분이내,1호선,,20분초과,관공서(동삼1동사무소) 병원(연세의원) 대형상가(LG하이프라자),초등학교(중리초교) 중학교(영도중학교) 고등학교(영도여자고등학교) 대학교(고신대학교),14,0,Y
2026-08,A10020870,양정자이더샵SKVIEW,부산진구,양정동,2276.0,0,0,0.0,0.0,0.0,0.0,0.0,,,,,True,산정 불완전,평형별 세대수 보완 필요; 임대·혼합 또는 분양 범위 미확인,c38eb7731a2edbf2c405dc922468ded84aa651100a03e86668e60fb8b6b0b8e7,[],현재 확보 자료로 재구성한 과거 추정치; 과거 세대 구성 미확인,False,555b475dcef496b2254b825ba10b0724d7994196dba4c4e18f34e7f5aa4db599,54cb25d3544257419c8c9faa1ee168a8848dbea69689888cc0985fdd2c7a4797,5fb6c1e071a73763f6eb52e67a11f05f6d609819ae4f39c925745faf40f5b4fd,8b30a9aec44c70f7b04a7800,2026-09-17T13:53:18.573481+09:00,양정자이더샵SKVIEW,2623010100,부산광역시,부산진구,양정동,,부산광역시 부산진구 양정동 73-7 양정자이더샵SKVIEW,혼합,개별난방,375859.88,22,0.0,"GS건설, 포스코건설,  에스케이에코플랜트",양정1구역주택재개발정비사업조합,0517101690, ,아파트,부산광역시 부산진구 진남로 554,위탁관리,혼합식,20250124,0517101691,2276,241122.19,0.0,0.0,0.0,0.0,168797.7793,34,34,5,86,,위탁관리,22,제일에스테이트서비스 주식회사,위탁관리,,에스텍,위탁관리,22,,,,,철골콘크리트구조,15900,종합계약,상주선임,R형,부스타방식,,86,,2839,유,1848,"관리사무소, 노인정, 보육시설, 문고, 주민공동시설, 어린이놀이터, 휴게시설, 유치원, 커뮤니티공간, 자전거보관소",5~10분이내,1호선,,5~10분이내,,,0,0,Y
2026-08,A10023040,양정 포레힐즈 스위첸,부산진구,양정동,1338.0,0,0,0.0,0.0,0.0,0.0,0.0,,,,,True,산정 불완전,평형별 세대수 보완 필요; 임대·혼합 또는 분양 범위 미확인,c38eb7731a2edbf2c405dc922468ded84aa651100a03e86668e60fb8b6b0b8e7,[],현재 확보 자료로 재구성한 과거 추정치; 과거 세대 구성 미확인,False,555b475dcef496b2254b825ba10b0724d7994196dba4c4e18f34e7f5aa4db599,54cb25d3544257419c8c9faa1ee168a8848dbea69689888cc0985fdd2c7a4797,5fb6c1e071a73763f6eb52e67a11f05f6d609819ae4f39c925745faf40f5b4fd,8b30a9aec44c70f7b04a7800,2026-09-17T13:53:18.573481+09:00,양정 포레힐즈 스위첸,2623010100,부산광역시,부산진구,양정동,,부산광역시 부산진구 양정동 12-6 양정 포레힐즈 스위첸,혼합,개별난방,202964.0,14,0.0,KCC건설,양정2구역 주택재개발 정비사업 조합,0518531213, ,아파트,부산광역시 부산진구 양연로 36,위탁관리,계단식,20230831,0518531214,1338,140404.03,0.0,0.0,0.0,0.0,101620.6277,35,35,4,0,47226,위탁관리,12,(주)삼성T.M.S,위탁관리,7,((주)삼성T.M.S,위탁관리,17,음식물쓰레기종량제,위탁관리,4,"분무식,기구부착식,독이식",철골철근콘크리트구조,8074,종합계약,상주선임,R형,부스타방식,위탁관리,36,12,1554,유,774,"관리사무소, 노인정, 보육시설, 문고, 주민공동시설, 어린이놀이터, 휴게시설, 유치원, 커뮤니티공간, 자전거보관소",5~10분이내,"1호선, 3호선",,5~10분이내,"관공서(부산시청,부산시교육청,부산지방국세청, 부산시청우체국, 연제구청, 양정2동 주민센터, 연제도서관) 병원(동의의료원) 백화점(롯데백화점) 대형상가(이마트연제점) 공원(송상현광장 공원,)","초등학교(양정초등학교, 양동초등학교) 중학교(양동여중) 고등학교(부산진여고, 세정고등학교) 대학교(동의과학대)",0,32,Y
2026-08,A61475403,양정현대1차아파트,부산진구,양정동,1733.0,0,0,0.0,0.0,0.0,0.0,0.0,,,,,True,산정 불완전,평형별 세대수 보완 필요,c38eb7731a2edbf2c405dc922468ded84aa651100a03e86668e60fb8b6b0b8e7,[],현재 확보 자료로 재구성한 과거 추정치; 과거 세대 구성 미확인,False,555b475dcef496b2254b825ba10b0724d7994196dba4c4e18f34e7f5aa4db599,54cb25d3544257419c8c9faa1ee168a8848dbea69689888cc0985fdd2c7a4797,5fb6c1e071a73763f6eb52e67a11f05f6d609819ae4f39c925745faf40f5b4fd,8b30a9aec44c70f7b04a7800,2026-09-17T13:53:18.573481+09:00,양정현대1차아파트,2623010100,부산광역시,부산진구,양정동,,부산광역시 부산진구 양정동 458-5 양정현대1차아파트,분양,개별난방,206159.02,13,1733.0,현대건설(주),현대건설,0518630662, ,아파트,부산광역시 부산진구 동평로 352,위탁관리,혼합식,19971115,0518649130,1733,162819.81,905.0,628.0,200.0,0.0,126727.47,25,25,1,33,47206,위탁관리,11,(주)장천,위탁관리,14,(주)한특,위탁관리,13,차량수거방식,위탁관리,3,분무식,철근콘크리트구조,3350,단일계약,기타,기타,고가수조식,위탁관리,33,502,888,무,242,"관리사무소, 노인정, 주민공동시설, 어린이놀이터",5~10분이내,1호선,,10~15분이내,관공서(부산시청) 병원(동의의료원) 대형상가(이마트) 공원(시민공원),"초등학교(양정초등교,) 고등학교(양정고교, 부산진여상고교,) 대학교(부산여자대학교, 동의공업대학)",0,13,Y
2026-08,A61479104,양정현대2차아파트,부산진구,양정동,1901.0,0,0,0.0,0.0,0.0,0.0,0.0,,,,,True,산정 불완전,평형별 세대수 보완 필요,c38eb7731a2edbf2c405dc922468ded84aa651100a03e86668e60fb8b6b0b8e7,[],현재 확보 자료로 재구성한 과거 추정치; 과거 세대 구성 미확인,False,555b475dcef496b2254b825ba10b0724d7994196dba4c4e18f34e7f5aa4db599,54cb25d3544257419c8c9faa1ee168a8848dbea69689888cc0985fdd2c7a4797,5fb6c1e071a73763f6eb52e67a11f05f6d609819ae4f39c925745faf40f5b4fd,8b30a9aec44c70f7b04a7800,2026-09-17T13:53:18.573481+09:00,양정현대2차아파트,2623010100,부산광역시,부산진구,양정동,,부산광역시 부산진구 양정동 458-20 양정현대2차아파트,분양,개별난방,230153.7,15,1901.0,현대건설,현대건설,0518669474, ,아파트,부산광역시 부산진구 거제대로 37,위탁관리,계단식,19980715,0518642322,1901,190922.97,809.0,748.0,344.0,0.0,151625.19,25,25,3,0,47208,위탁관리,12,(주)명건,위탁관리,14,(주)세웅서비스,위탁관리,14,음식물쓰레기종량제,위탁관리,9,분무식,철근콘크리트구조,5025,단일계약,상주선임,R형,고가수조식,위탁관리,40,524,1458,무,248,"관리사무소, 노인정, 어린이놀이터",5~10분이내,1호선,,10~15분이내,관공서(부산시청) 병원(동의의료원) 대형상가(이마트) 공원(시민공원),"초등학교(양성초등교,) 고등학교(양정고교, 부산진여상고교,) 대학교(부산여자대학교, 동의공업대학)",38,62,Y
2026-08,A61479902,대원칸타빌멤버스,부산진구,양정동,840.0,0,0,0.0,0.0,0.0,0.0,0.0,,,,,True,산정 불완전,평형별 세대수 보완 필요,c38eb7731a2edbf2c405dc922468ded84aa651100a03e86668e60fb8b6b0b8e7,[],현재 확보 자료로 재구성한 과거 추정치; 과거 세대 구성 미확인,False,555b475dcef496b2254b825ba10b0724d7994196dba4c4e18f34e7f5aa4db599,54cb25d3544257419c8c9faa1ee168a8848dbea69689888cc0985fdd2c7a4797,5fb6c1e071a73763f6eb52e67a11f05f6d609819ae4f39c925745faf40f5b4fd,8b30a9aec44c70f7b04a7800,2026-09-17T13:53:18.573481+09:00,대원칸타빌멤버스,2623010100,부산광역시,부산진구,양정동,,부산광역시 부산진구 양정동 525 대원칸타빌멤버스,분양,개별난방,165915.61,6,840.0,(주)대원,(주)대원,0518669230,www.cantavil.or.kr,아파트,부산광역시 부산진구 거제대로 26,위탁관리,계단식,20060829,0518669231,840,85394.46,0.0,394.0,446.0,0.0,85399.5654,43,43,5,18,47214,위탁관리,6,명건,위탁관리,8,(주)듀델코리아,위탁관리,9,음식물쓰레기종량제,위탁관리,5,"도포식,분무식,기구부착식",철근콘크리트구조,4000,단일계약,상주선임,R형,부스타방식,위탁관리,18,217,996,무,241,"관리사무소, 노인정, 보육시설, 주민공동시설, 어린이놀이터, 휴게시설, 커뮤니티공간, 자전거보관소",5~10분이내,1호선,,5~10분이내,관공서(부산시청) 병원(동의의료원) 대형상가(이마트),"초등학교(양정초) 고등학교(양정고교, 부산진여상고교,) 대학교(부산여자대학교, 동의공업대학)",0,35,Y
2026-08,A10023625,e편한세상 시민공원 아파트,부산진구,전포동,1401.0,0,0,0.0,0.0,0.0,0.0,0.0,,,,,True,산정 불완전,평형별 세대수 보완 필요,c38eb7731a2edbf2c405dc922468ded84aa651100a03e86668e60fb8b6b0b8e7,[],현재 확보 자료로 재구성한 과거 추정치; 과거 세대 구성 미확인,False,555b475dcef496b2254b825ba10b0724d7994196dba4c4e18f34e7f5aa4db599,54cb25d3544257419c8c9faa1ee168a8848dbea69689888cc0985fdd2c7a4797,5fb6c1e071a73763f6eb52e67a11f05f6d609819ae4f39c925745faf40f5b4fd,8b30a9aec44c70f7b04a7800,2026-09-17T13:53:18.573481+09:00,e편한세상 시민공원 아파트,2623010200,부산광역시,부산진구,전포동,,부산광역시 부산진구 전포동 927 e편한세상 시민공원 아파트,분양,개별난방,206666.8,17,1401.0,DL E&C,전포1-1구역 주택재개발정비사업조합,0518163361,https://e편한세상시민공원.apti.co.kr/,아파트,부산광역시 부산진구 진남로 460,위탁관리,계단식,20220929,0518163362,1401,140138.17,603.0,714.0,84.0,0.0,103022.9282,35,35,5,33,47230,위탁관리,11,남부건업(주),위탁관리,9,(주)에스원,위탁관리,16,음식물쓰레기종량제,위탁관리,4,분무식,철골철근콘크리트구조,5250,단일계약,상주선임,GR형,부스타방식,위탁관리,33,6,1661,유,647,"관리사무소, 노인정, 보육시설, 문고, 주민공동시설, 어린이놀이터, 휴게시설, 커뮤니티공간, 자전거보관소, 기타",5분이내,"1호선, 2호선",,5~10분이내,,,0,39,Y
2026-08,A10024602,서면아이파크아파트,부산진구,전포동,2144.0,0,0,0.0,0.0,0.0,0.0,0.0,,,,,True,산정 불완전,평형별 세대수 보완 필요,c38eb7731a2edbf2c405dc922468ded84aa651100a03e86668e60fb8b6b0b8e7,[],현재 확보 자료로 재구성한 과거 추정치; 과거 세대 구성 미확인,False,555b475dcef496b2254b825ba10b0724d7994196dba4c4e18f34e7f5aa4db599,54cb25d3544257419c8c9faa1ee168a8848dbea69689888cc0985fdd2c7a4797,5fb6c1e071a73763f6eb52e67a11f05f6d609819ae4f39c925745faf40f5b4fd,8b30a9aec44c70f7b04a7800,2026-09-17T13:53:18.573481+09:00,서면아이파크아파트,2623010200,부산광역시,부산진구,전포동,,부산광역시 부산진구 전포동 268 서면아이파크아파트,분양,개별난방,291993.5,27,2144.0,HDC현대산업개발,전포2-1구역주택재개발정비사업조합,0518092920, ,아파트,부산광역시 부산진구 동성로 50,위탁관리,혼합식,20201016,0518092922,2144,205293.39,916.0,1172.0,56.0,0.0,149171.1898,30,30,3,9,47309,위탁관리,13,우리관리(주),위탁관리,12,에스원,위탁관리,24,음식물쓰레기종량제,위탁관리,4,분무식,철골철근콘크리트구조,9200,종합계약,상주선임,R형,부스타방식,위탁관리,50,0,2342,유,666,"관리사무소, 노인정, 보육시설, 문고, 주민공동시설, 어린이놀이터, 휴게시설, 커뮤니티공간, 자전거보관소, 기타",5~10분이내,2호선,,5~10분이내,,,0,47,Y
2026-08,A10025901,부산전포동 사랑으로 부영아파트,부산진구,전포동,500.0,0,0,0.0,0.0,0.0,0.0,0.0,,,,,True,산정 불완전,평형별 세대수 보완 필요; 임대·혼합 또는 분양 범위 미확인,c38eb7731a2edbf2c405dc922468ded84aa651100a03e86668e60fb8b6b0b8e7,[],현재 확보 자료로 재구성한 과거 추정치; 과거 세대 구성 미확인,False,555b475dcef496b2254b825ba10b0724d7994196dba4c4e18f34e7f5aa4db599,54cb25d3544257419c8c9faa1ee168a8848dbea69689888cc0985fdd2c7a4797,5fb6c1e071a73763f6eb52e67a11f05f6d609819ae4f39c925745faf40f5b4fd,8b30a9aec44c70f7b04a7800,2026-09-17T13:53:18.573481+09:00,부산전포동 사랑으로 부영아파트,2623010200,부산광역시,부산진구,전포동,,부산광역시 부산진구 전포동 188-9 부산전포동 사랑으로 부영아파트,임대,개별난방,84568.82,8,500.0,(주)부영주택,(주)부영주택,0518091889, ,아파트,부산광역시 부산진구 동성로 82,위탁관리,계단식,20181130,0518091890,500,54669.312,56.0,444.0,0.0,0.0,41090.7512,24,24,2,13,47240,위탁관리,6,부강주택관리(주),위탁관리,4,(주)티에스산업,위탁관리,5,음식물쓰레기종량제,위탁관리,3,분무식,철근콘크리트구조,1800,종합계약,상주선임,R형,부스타방식,위탁관리,28,0,543,유,164,"관리사무소, 노인정, 보육시설, 문고, 주민공동시설, 어린이놀이터, 휴게시설, 자전거보관소",5~10분이내,2호선,,15~20분이내,관공서() 병원() 백화점(),초등학교() 중학교() 고등학교() 대학교(),0,11,Y
2026-08,A10027340,전포LH아파트,부산진구,전포동,794.0,0,0,0.0,0.0,0.0,0.0,0.0,,,,,True,산정 불완전,평형별 세대수 보완 필요; 임대·혼합 또는 분양 범위 미확인,c38eb7731a2edbf2c405dc922468ded84aa651100a03e86668e60fb8b6b0b8e7,[],현재 확보 자료로 재구성한 과거 추정치; 과거 세대 구성 미확인,False,555b475dcef496b2254b825ba10b0724d7994196dba4c4e18f34e7f5aa4db599,54cb25d3544257419c8c9faa1ee168a8848dbea69689888cc0985fdd2c7a4797,5fb6c1e071a73763f6eb52e67a11f05f6d609819ae4f39c925745faf40f5b4fd,8b30a9aec44c70f7b04a7800,2026-09-17T13:53:18.573481+09:00,전포LH아파트,2623010200,부산광역시,부산진구,전포동,,부산광역시 부산진구 전포동 116 전포LH아파트,임대,개별난방,68168.89,2,794.0,LH한국토지주택공사,LH한국토지주택공사,0518037739, ,아파트,부산광역시 부산진구 중앙대로 861,위탁관리(직영+위탁),복도식,20161013,0518027738,794,47401.29,794.0,0.0,0.0,0.0,31205.4,28,28,3,0,47215,위탁관리(직영+위탁),7,(주)하이테크주택,위탁관리,4,(주)덕일산업,위탁관리,6,차량수거방식,위탁관리,4,분무식,철근콘크리트구조,3100,단일계약,상주선임,GR형,부스타방식,위탁관리,13,35,641,무,112,"관리사무소, 노인정, 보육시설, 문고, 주민공동시설, 어린이놀이터, 커뮤니티공간, 자전거보관소",10~15분이내,1호선,,10~15분이내,"관공서(부산시청, 전포2동주민센터, 건강보험관리공단) 병원(동의의료원외) 백화점(롯데백화점, 현대백화점) 대형상가(이마트 트레이더스, 농협하나로클럽, 부전시장) 공원(시민공원, 송상현광장)","초등학교(성전초등학교) 중학교(항도중학교) 고등학교(양정고등학교, 동의공고) 대학교(동의과학대학교, 부산여자대학교)",0,2,Y
2026-08,A61404006,서면한신,부산진구,전포동,705.0,0,0,0.0,0.0,0.0,0.0,0.0,,,,,True,산정 불완전,평형별 세대수 보완 필요,c38eb7731a2edbf2c405dc922468ded84aa651100a03e86668e60fb8b6b0b8e7,[],현재 확보 자료로 재구성한 과거 추정치; 과거 세대 구성 미확인,False,555b475dcef496b2254b825ba10b0724d7994196dba4c4e18f34e7f5aa4db599,54cb25d3544257419c8c9faa1ee168a8848dbea69689888cc0985fdd2c7a4797,5fb6c1e071a73763f6eb52e67a11f05f6d609819ae4f39c925745faf40f5b4fd,8b30a9aec44c70f7b04a7800,2026-09-17T13:53:18.573481+09:00,서면한신,2623010200,부산광역시,부산진구,전포동,,부산광역시 부산진구 전포동 170-1 서면한신,분양,개별난방,89630.0,5,705.0,(주)한신공영,(주)대양고무,0518081263, ,아파트,부산광역시 부산진구 전포대로 294,위탁관리,계단식,19970913,0518081264,705,71637.46,301.0,324.0,80.0,0.0,55457.56,26,26,2,15,47236,위탁관리,6,세화플러스 주식회사,위탁관리,8,삼성tms,위탁관리,5,음식물쓰레기종량제,위탁관리,3,분무식,철근콘크리트구조,1650,단일계약,상주선임,R형,고가수조식,위탁관리,15,115,580,무,128,"관리사무소, 노인정, 보육시설, 어린이놀이터",5~10분이내,1호선,,10~15분이내,"관공서(전포2동사무소) 병원(속시원내과) 백화점(NC백화점, 롯데백화점) 공원(시민공원) 기타(부전도서관)",초등학교(성전초교) 중학교(항도중) 고등학교(경남공고) 대학교(동의공대),0,5,Y
2026-08,A61404007,서면롯데캐슬스카이,부산진구,전포동,1395.0,0,0,0.0,0.0,0.0,0.0,0.0,,,,,True,산정 불완전,평형별 세대수 보완 필요,c38eb7731a2edbf2c405dc922468ded84aa651100a03e86668e60fb8b6b0b8e7,[],현재 확보 자료로 재구성한 과거 추정치; 과거 세대 구성 미확인,False,555b475dcef496b2254b825ba10b0724d7994196dba4c4e18f34e7f5aa4db599,54cb25d3544257419c8c9faa1ee168a8848dbea69689888cc0985fdd2c7a4797,5fb6c1e071a73763f6eb52e67a11f05f6d609819ae4f39c925745faf40f5b4fd,8b30a9aec44c70f7b04a7800,2026-09-17T13:53:18.573481+09:00,서면롯데캐슬스카이,2623010200,부산광역시,부산진구,전포동,,부산광역시 부산진구 전포동 587 서면롯데캐슬스카이,분양,개별난방,181216.0,9,1395.0,롯데건설,롯데건설,0518160074, ,아파트,부산광역시 부산진구 전포대로275번길 20,위탁관리,계단식,20041218,0518160076,1395,133889.53,613.0,554.0,181.0,47.0,98223.5088,38,38,3,27,47241,위탁관리,9,(주)케이비아주,위탁관리,10,(주)비씨에스,위탁관리,11,음식물쓰레기종량제,위탁관리,3,"도포식,분무식",철근콘크리트구조,4000,단일계약,상주선임,GR형,부스타방식,위탁관리,27,232,1087,유,247,"관리사무소, 노인정, 보육시설, 주민공동시설, 어린이놀이터, 자전거보관소",5~10분이내,1호선,부전,5~10분이내,"관공서(전포2동사무소) 병원(김덕호신경정신과의원) 대형상가(밀리오레, 지오플레이스) 기타(부전도서관)",초등학교(성전초교) 중학교(항도중) 고등학교(경남공고) 대학교(동의공대),0,27,Y
2026-08,A61404203,서면대우디오빌2,부산진구,전포동,751.0,0,0,0.0,0.0,0.0,0.0,0.0,,,,,True,산정 불완전,평형별 세대수 보완 필요,c38eb7731a2edbf2c405dc922468ded84aa651100a03e86668e60fb8b6b0b8e7,[],현재 확보 자료로 재구성한 과거 추정치; 과거 세대 구성 미확인,False,555b475dcef496b2254b825ba10b0724d7994196dba4c4e18f34e7f5aa4db599,54cb25d3544257419c8c9faa1ee168a8848dbea69689888cc0985fdd2c7a4797,5fb6c1e071a73763f6eb52e67a11f05f6d609819ae4f39c925745faf40f5b4fd,8b30a9aec44c70f7b04a7800,2026-09-17T13:53:18.573481+09:00,서면대우디오빌2,2623010200,부산광역시,부산진구,전포동,,부산광역시 부산진구 전포동 181-1 서면대우디오빌2,분양,개별난방,43141.69,1,751.0,대우건설,진영자산관리,0518193333, ,주상복합,부산광역시 부산진구 전포대로 274,위탁관리,복도식,20050526,0519393323,751,38458.0,751.0,0.0,0.0,0.0,23518.82,30,30,3,6,47237,위탁관리,6,부경공영주식회사,위탁관리,3,부경공영주식회사,위탁관리,5,차량수거방식,위탁관리,5,분무식,철근콘크리트구조,2900,단일계약,상주선임,R형,부스타방식,위탁관리,6,210,178,무,146,"관리사무소, 주민공동시설, 휴게시설, 자전거보관소",5~10분이내,1호선,,5~10분이내,"관공서(전포2동사무소) 병원(스마트병원) 백화점(롯데백화점 부산본점) 대형상가(밀리오레, 지오플레이스) 공원(송상현 광장) 기타(부전도서관)",초등학교(성전초교) 중학교(항도중) 고등학교(경남공고) 대학교(동의공대),0,7,Y
2026-08,A61477302,서면유림노르웨이아침,부산진구,전포동,512.0,0,0,0.0,0.0,0.0,0.0,0.0,,,,,True,산정 불완전,평형별 세대수 보완 필요,c38eb7731a2edbf2c405dc922468ded84aa651100a03e86668e60fb8b6b0b8e7,[],현재 확보 자료로 재구성한 과거 추정치; 과거 세대 구성 미확인,False,555b475dcef496b2254b825ba10b0724d7994196dba4c4e18f34e7f5aa4db599,54cb25d3544257419c8c9faa1ee168a8848dbea69689888cc0985fdd2c7a4797,5fb6c1e071a73763f6eb52e67a11f05f6d609819ae4f39c925745faf40f5b4fd,8b30a9aec44c70f7b04a7800,2026-09-17T13:53:18.573481+09:00,서면유림노르웨이아침,2623010200,부산광역시,부산진구,전포동,,부산광역시 부산진구 전포동 892-21 서면유림노르웨이아침,분양,개별난방,33030.0,1,512.0,유림건설,유림건설,0518177063, ,주상복합,부산광역시 부산진구 동천로 10-1,위탁관리,복도식,20041001,0518177064,512,27009.04,506.0,6.0,0.0,0.0,16896.74,27,27,4,4,47299,위탁관리,5,(주)휴먼빌리지,위탁관리,4,휴먼빌리지,위탁관리,4,차량수거방식,위탁관리,5,분무식,철골철근콘크리트구조,2800,단일계약,상주선임,R형,부스타방식,위탁관리,6,0,265,무,83,관리사무소,5~10분이내,1호선,,5~10분이내,관공서(전포3동사무소) 대형상가(지오플레이스) 기타(부전도서관),초등학교(성전초교) 중학교(항도중) 고등학교(경남공고) 대학교(동의공대),0,2,Y
2026-08,A61486301,한라비발디,부산진구,전포동,511.0,0,0,0.0,0.0,0.0,0.0,0.0,,,,,True,산정 불완전,평형별 세대수 보완 필요,c38eb7731a2edbf2c405dc922468ded84aa651100a03e86668e60fb8b6b0b8e7,[],현재 확보 자료로 재구성한 과거 추정치; 과거 세대 구성 미확인,False,555b475dcef496b2254b825ba10b0724d7994196dba4c4e18f34e7f5aa4db599,54cb25d3544257419c8c9faa1ee168a8848dbea69689888cc0985fdd2c7a4797,5fb6c1e071a73763f6eb52e67a11f05f6d609819ae4f39c925745faf40f5b4fd,8b30a9aec44c70f7b04a7800,2026-09-17T13:53:18.573481+09:00,한라비발디,2623010200,부산광역시,부산진구,전포동,,부산광역시 부산진구 전포동 362-64 한라비발디,분양,개별난방,85212.484,2,511.0,한라건설,리츠종합건설,0518037733, ,아파트,부산광역시 부산진구 전포대로 156,위탁관리,계단식,20050826,0518030076,520,62283.91,0.0,383.0,128.0,0.0,48878.5118,35,35,0,8,47306,위탁관리,5,(주)하나종합관리,위탁관리,4,(주)목평,위탁관리,4,음식물쓰레기종량제,위탁관리,6,도포식,철근콘크리트구조,2100,단일계약,상주선임,R형,부스타방식,위탁관리,8,0,648,유,60,"관리사무소, 노인정, 보육시설, 어린이놀이터, 기타",5~10분이내,2호선,,5~10분이내,"관공서(전포3동사무소) 병원(세브란스의원) 백화점(엔씨) 대형상가(밀리오레, 지오플레이스) 공원(시민공원) 기타(부전도서관)",초등학교(성북초교) 중학교(항도중) 고등학교(경남공고) 대학교(동의공대),0,13,Y
2026-08,A61403001,서면센트럴스타,부산진구,부전동,1360.0,0,0,0.0,0.0,0.0,0.0,0.0,,,,,True,산정 불완전,평형별 세대수 보완 필요,c38eb7731a2edbf2c405dc922468ded84aa651100a03e86668e60fb8b6b0b8e7,[],현재 확보 자료로 재구성한 과거 추정치; 과거 세대 구성 미확인,False,555b475dcef496b2254b825ba10b0724d7994196dba4c4e18f34e7f5aa4db599,54cb25d3544257419c8c9faa1ee168a8848dbea69689888cc0985fdd2c7a4797,5fb6c1e071a73763f6eb52e67a11f05f6d609819ae4f39c925745faf40f5b4fd,8b30a9aec44c70f7b04a7800,2026-09-17T13:53:18.573481+09:00,서면센트럴스타,2623010300,부산광역시,부산진구,부전동,,부산광역시 부산진구 부전동 537-9 서면센트럴스타,분양,중앙난방,433835.25,5,1360.0,포스코건설,하나다올신탁,0518191091,centralstart.kr,주상복합,부산광역시 부산진구 중앙대로666번길 50,위탁관리,복도식,20110617,0518190101,1360,342037.88,0.0,0.0,648.0,712.0,191491.79,58,58,5,50,47300,위탁관리,30,우리관리(주),위탁관리,31,에스원,위탁관리,37,거점장비수거방식,위탁관리,3,분무식,철근콘크리트구조,15964,종합계약,상주선임,GR형,부스타방식,위탁관리,55,0,3287,유,830,"관리사무소, 주민공동시설, 어린이놀이터, 커뮤니티공간, 자전거보관소",5분이내,"1호선, 2호선",,5분이내,,,0,66,Y
2026-08,A61473002,네오스포아파트,부산진구,부전동,782.0,0,0,0.0,0.0,0.0,0.0,0.0,,,,,True,산정 불완전,평형별 세대수 보완 필요,c38eb7731a2edbf2c405dc922468ded84aa651100a03e86668e60fb8b6b0b8e7,[],현재 확보 자료로 재구성한 과거 추정치; 과거 세대 구성 미확인,False,555b475dcef496b2254b825ba10b0724d7994196dba4c4e18f34e7f5aa4db599,54cb25d3544257419c8c9faa1ee168a8848dbea69689888cc0985fdd2c7a4797,5fb6c1e071a73763f6eb52e67a11f05f6d609819ae4f39c925745faf40f5b4fd,8b30a9aec44c70f7b04a7800,2026-09-17T13:53:18.573481+09:00,네오스포아파트,2623010300,부산광역시,부산진구,부전동,,부산광역시 부산진구 부전동 450 네오스포아파트,분양,개별난방,104854.0,1,782.0,대림산업주식회사,대림산업주식회사,0518170890,www.neospotapt.co.kr,주상복합,부산광역시 부산진구 신천대로 122,자치관리,혼합식,19991209,0518170891,782,86677.734,322.0,414.0,46.0,0.0,59398.443,27,27,4,14,47282,자치관리,7,,위탁관리,10,(주)삼성보안공사,위탁관리,6,음식물쓰레기종량제,위탁관리,4,"도포식,분무식",철근콘크리트구조,2500,단일계약,상주선임,R형,고가수조식,위탁관리,14,60,722,무,105,"관리사무소, 노인정, 주민공동시설, 어린이놀이터, 휴게시설, 커뮤니티공간, 자전거보관소, 기타",5~10분이내,"1호선, 2호선",,5~10분이내,관공서(부산진구청) 병원(부창의원) 백화점(롯데백화점),"초등학교(성지초등교, 부전초등교) 중학교(부산진중교)",0,16,Y
2026-08,A10023750,e편한세상 서면 더센트럴,부산진구,범천동,998.0,0,0,0.0,0.0,0.0,0.0,0.0,,,,,True,산정 불완전,평형별 세대수 보완 필요,c38eb7731a2edbf2c405dc922468ded84aa651100a03e86668e60fb8b6b0b8e7,[],현재 확보 자료로 재구성한 과거 추정치; 과거 세대 구성 미확인,False,555b475dcef496b2254b825ba10b0724d7994196dba4c4e18f34e7f5aa4db599,54cb25d3544257419c8c9faa1ee168a8848dbea69689888cc0985fdd2c7a4797,5fb6c1e071a73763f6eb52e67a11f05f6d609819ae4f39c925745faf40f5b4fd,8b30a9aec44c70f7b04a7800,2026-09-17T13:53:18.573481+09:00,e편한세상 서면 더센트럴,2623010400,부산광역시,부산진구,범천동,,부산광역시 부산진구 범천동 1187 e편한세상 서면 더센트럴,분양,개별난방,145613.94,8,998.0,(주)대림,범천3구역지역주택조합,0516399945, ,아파트,부산광역시 부산진구 신암로 133,위탁관리,계단식,20220624,0516399946,998,100732.34,241.0,757.0,0.0,0.0,76094.2218,29,29,4,21,47348,위탁관리,9,세화플러스 주식회사,위탁관리,7,(주)세웅서비스,위탁관리,10,음식물쓰레기종량제,위탁관리,3,분무식,철근콘크리트구조,3660,종합계약,상주선임,R형,부스타방식,위탁관리,25,0,1020,유,310,,5~10분이내,,,15~20분이내,,,0,11,Y
2026-08,A10027052,서면DS·협성엘리시안아파트,부산진구,범천동,630.0,0,0,0.0,0.0,0.0,0.0,0.0,,,,,True,산정 불완전,평형별 세대수 보완 필요,c38eb7731a2edbf2c405dc922468ded84aa651100a03e86668e60fb8b6b0b8e7,[],현재 확보 자료로 재구성한 과거 추정치; 과거 세대 구성 미확인,False,555b475dcef496b2254b825ba10b0724d7994196dba4c4e18f34e7f5aa4db599,54cb25d3544257419c8c9faa1ee168a8848dbea69689888cc0985fdd2c7a4797,5fb6c1e071a73763f6eb52e67a11f05f6d609819ae4f39c925745faf40f5b4fd,8b30a9aec44c70f7b04a7800,2026-09-17T13:53:18.573481+09:00,서면DS·협성엘리시안아파트,2623010400,부산광역시,부산진구,범천동,,부산광역시 부산진구 범천동 1647 서면DS·협성엘리시안아파트,분양,개별난방,77287.16,7,630.0,(주)동부토건 / (주)협성,(주)DS종합건설 / (주)협성,0516330573, ,아파트,부산광역시 부산진구 만리산로 11,위탁관리,혼합식,20170328,0516330575,630,53549.523,474.0,156.0,0.0,0.0,37289.9019,28,28,3,0,47368,위탁관리,6,남부건업(주),위탁관리,4,남부건업(주),위탁관리,6,음식물쓰레기종량제,위탁관리,3,분무식,철근콘크리트구조,2300,단일계약,상주선임,R형,부스타방식,위탁관리,20,580,54,무,224,"관리사무소, 노인정, 보육시설, 문고, 주민공동시설, 어린이놀이터, 커뮤니티공간, 자전거보관소",5분이내,1호선,,10~15분이내,관공서() 병원() 백화점() 대형상가() 공원() 기타(),초등학교() 중학교() 고등학교(),13,0,Y
2026-08,A61402003,서면베르빌2,부산진구,범천동,606.0,0,0,0.0,0.0,0.0,0.0,0.0,,,,,True,산정 불완전,평형별 세대수 보완 필요,c38eb7731a2edbf2c405dc922468ded84aa651100a03e86668e60fb8b6b0b8e7,[],현재 확보 자료로 재구성한 과거 추정치; 과거 세대 구성 미확인,False,555b475dcef496b2254b825ba10b0724d7994196dba4c4e18f34e7f5aa4db599,54cb25d3544257419c8c9faa1ee168a8848dbea69689888cc0985fdd2c7a4797,5fb6c1e071a73763f6eb52e67a11f05f6d609819ae4f39c925745faf40f5b4fd,8b30a9aec44c70f7b04a7800,2026-09-17T13:53:18.573481+09:00,서면베르빌2,2623010400,부산광역시,부산진구,범천동,,부산광역시 부산진구 범천동 879-2 서면베르빌2,분양,개별난방,29025.81,1,606.0,디오스페이스,대교디엔에서,0516337848, ,주상복합,부산광역시 부산진구 중앙대로 584,위탁관리,복도식,20040818,0516437848,632,24870.16,606.0,0.0,0.0,0.0,16035.44,20,20,0,6,47358,위탁관리,6,길연종합관리(주),위탁관리,2,길연시스템(주),위탁관리,2,음식물쓰레기종량제,위탁관리,3,분무식,철근콘크리트구조,2700,단일계약,상주선임,GR형,부스타방식,위탁관리,6,200,0,무,16,관리사무소,5~10분이내,1호선,범내골,10~15분이내,"관공서(범천1동사무소) 병원(박경식이비인후과) 백화점(현대백화점, 롯데백화점) 대형상가(지오플레이스)","초등학교(부산진초등교, 부전초등교)",0,1,Y
2026-08,A61476002,범천경남아파트,부산진구,범천동,950.0,0,0,0.0,0.0,0.0,0.0,0.0,,,,,True,산정 불완전,평형별 세대수 보완 필요,c38eb7731a2edbf2c405dc922468ded84aa651100a03e86668e60fb8b6b0b8e7,[],현재 확보 자료로 재구성한 과거 추정치; 과거 세대 구성 미확인,False,555b475dcef496b2254b825ba10b0724d7994196dba4c4e18f34e7f5aa4db599,54cb25d3544257419c8c9faa1ee168a8848dbea69689888cc0985fdd2c7a4797,5fb6c1e071a73763f6eb52e67a11f05f6d609819ae4f39c925745faf40f5b4fd,8b30a9aec44c70f7b04a7800,2026-09-17T13:53:18.573481+09:00,범천경남아파트,2623010400,부산광역시,부산진구,범천동,,부산광역시 부산진구 범천동 944-1 범천경남아파트,분양,개별난방,109449.0,7,950.0,경남종합건설,경남종합건설,0516459832, ,아파트,부산광역시 부산진구 신암로 32,위탁관리,계단식,20030513,0516459833,950,84078.5,698.0,200.0,52.0,0.0,64897.245,25,25,2,19,47370,위탁관리,7,(주)디이씨오,위탁관리,8,(주)삼성보안공사,위탁관리,5,음식물쓰레기종량제,위탁관리,3,분무식,철근콘크리트구조,2800,단일계약,상주선임,P형,고가수조식,위탁관리,19,239,726,무,124,"관리사무소, 노인정, 보육시설, 주민공동시설, 어린이놀이터",5~10분이내,1호선,,10~15분이내,"관공서(범천2동사무소) 병원(춘해병원) 백화점(현대백화점, 롯데백화점) 대형상가(지오플레이스 홈플러스)","초등학교(부산진초등교, 부전초등교)",0,15,Y
2026-08,A61476004,범천LH,부산진구,범천동,533.0,0,0,0.0,0.0,0.0,0.0,0.0,,,,,True,산정 불완전,평형별 세대수 보완 필요; 임대·혼합 또는 분양 범위 미확인,c38eb7731a2edbf2c405dc922468ded84aa651100a03e86668e60fb8b6b0b8e7,[],현재 확보 자료로 재구성한 과거 추정치; 과거 세대 구성 미확인,False,555b475dcef496b2254b825ba10b0724d7994196dba4c4e18f34e7f5aa4db599,54cb25d3544257419c8c9faa1ee168a8848dbea69689888cc0985fdd2c7a4797,5fb6c1e071a73763f6eb52e67a11f05f6d609819ae4f39c925745faf40f5b4fd,8b30a9aec44c70f7b04a7800,2026-09-17T13:53:18.573481+09:00,범천LH,2623010400,부산광역시,부산진구,범천동,,부산광역시 부산진구 범천동 1644 범천LH,임대,개별난방,63076.49,2,533.0,계룡건설산업(주),한국토지주택공사,0516370095, ,주상복합,부산광역시 부산진구 신암로 66,위탁관리,복도식,20130516,0516370096,533,56375.4,533.0,0.0,0.0,0.0,23179.47,37,37,4,7,47343,위탁관리,6,(주)주우관리,위탁관리,4,(주)한특,위탁관리,4,음식물쓰레기종량제,위탁관리,3,"도포식,분무식",철근콘크리트구조,1500,단일계약,상주선임,GR형,부스타방식,위탁관리,7,0,484,무,108,"관리사무소, 노인정, 보육시설, 문고, 주민공동시설, 어린이놀이터, 휴게시설, 커뮤니티공간, 자전거보관소",5분이내,1호선,,10~15분이내,관공서(상공회의소) 병원(춘해병원) 백화점(현대백화점) 대형상가(롯데마트),초등학교(부산진초등학교),0,2,Y
2026-08,A61483202,서면e-편한세상,부산진구,범천동,623.0,0,0,0.0,0.0,0.0,0.0,0.0,,,,,True,산정 불완전,평형별 세대수 보완 필요,c38eb7731a2edbf2c405dc922468ded84aa651100a03e86668e60fb8b6b0b8e7,[],현재 확보 자료로 재구성한 과거 추정치; 과거 세대 구성 미확인,False,555b475dcef496b2254b825ba10b0724d7994196dba4c4e18f34e7f5aa4db599,54cb25d3544257419c8c9faa1ee168a8848dbea69689888cc0985fdd2c7a4797,5fb6c1e071a73763f6eb52e67a11f05f6d609819ae4f39c925745faf40f5b4fd,8b30a9aec44c70f7b04a7800,2026-09-17T13:53:18.573481+09:00,서면e-편한세상,2623010400,부산광역시,부산진구,범천동,,부산광역시 부산진구 범천동 1054 서면e-편한세상,분양,개별난방,115887.18,4,623.0,대림산업(주),대림산업(주),0518176755,cafe.daum.net/dlsmapt,아파트,부산광역시 부산진구 가야대로 702,위탁관리,계단식,20061227,0518176766,623,81777.91,0.0,345.0,173.0,105.0,64567.186,37,37,4,10,47278,위탁관리,5,남부공영(주),위탁관리,6,비엔에이서비스,위탁관리,4,음식물쓰레기종량제,위탁관리,4,"도포식,분무식,기구부착식",철근콘크리트구조,2250,단일계약,상주선임,R형,부스타방식,위탁관리,10,95,866,유,178,"관리사무소, 노인정, 보육시설, 어린이놀이터, 자전거보관소",5분이내,2호선,부전,5분이내,"관공서(당감2동사무소) 병원(온종합병원) 백화점(현대백화점, 롯데백화점) 대형상가(지오플레이스)","초등학교(부산진초등교, 부전초등교) 중학교(개성중학교(진입))",0,4,Y
2026-08,A10025540,삼한골든뷰센트럴파크,부산진구,범전동,1272.0,0,0,0.0,0.0,0.0,0.0,0.0,,,,,True,산정 불완전,평형별 세대수 보완 필요,c38eb7731a2edbf2c405dc922468ded84aa651100a03e86668e60fb8b6b0b8e7,[],현재 확보 자료로 재구성한 과거 추정치; 과거 세대 구성 미확인,False,555b475dcef496b2254b825ba10b0724d7994196dba4c4e18f34e7f5aa4db599,54cb25d3544257419c8c9faa1ee168a8848dbea69689888cc0985fdd2c7a4797,5fb6c1e071a73763f6eb52e67a11f05f6d609819ae4f39c925745faf40f5b4fd,8b30a9aec44c70f7b04a7800,2026-09-17T13:53:18.573481+09:00,삼한골든뷰센트럴파크,2623010500,부산광역시,부산진구,범전동,,부산광역시 부산진구 범전동 338-39 삼한골든뷰센트럴파크,분양,개별난방,225565.45,3,1272.0,(주)삼한종합건설,(주)삼한종합건설,0518197360,shgolden.aptner.com/,주상복합,부산광역시 부산진구 중앙대로 821,위탁관리,기타,20190503,0518197362,1272,150509.56,0.0,1272.0,0.0,0.0,108098.7894,58,58,6,0,47249,위탁관리,12,(주)하나종합관리,위탁관리,6,에스원,위탁관리,14,음식물쓰레기종량제,위탁관리,3,분무식,철근콘크리트구조,7250,단일계약,상주선임,GR형,부스타방식,위탁관리,25,0,1400,유,266,"관리사무소, 노인정, 보육시설, 문고, 주민공동시설, 어린이놀이터, 휴게시설, 커뮤니티공간, 자전거보관소",5분이내,1호선,,5분이내,"관공서(부전1동 주민센터, 부산진구청) 병원(세흥병원) 백화점(롯데백화점 부산본점) 대형상가(이마트트레이더스, 롯데키즈마트) 공원(부산시민공원, 송상현광장) 기타(부산진구장애인복지관)","초등학교(성지초등학교, 성전초등학교, 전포초등학교) 중학교(항도중학교, 부산진중학교, 동의중학교) 고등학교(성모여자고등학교, 양정고등학교, 부산진여자고등학교) 대학교(부산여자대학교, 동의과학대학교)",0,177,Y
2026-08,A10023616,래미안 어반파크,부산진구,연지동,2616.0,0,0,0.0,0.0,0.0,0.0,0.0,,,,,True,산정 불완전,평형별 세대수 보완 필요; 임대·혼합 또는 분양 범위 미확인,c38eb7731a2edbf2c405dc922468ded84aa651100a03e86668e60fb8b6b0b8e7,[],현재 확보 자료로 재구성한 과거 추정치; 과거 세대 구성 미확인,False,555b475dcef496b2254b825ba10b0724d7994196dba4c4e18f34e7f5aa4db599,54cb25d3544257419c8c9faa1ee168a8848dbea69689888cc0985fdd2c7a4797,5fb6c1e071a73763f6eb52e67a11f05f6d609819ae4f39c925745faf40f5b4fd,8b30a9aec44c70f7b04a7800,2026-09-17T13:53:18.573481+09:00,래미안 어반파크,2623010600,부산광역시,부산진구,연지동,,부산광역시 부산진구 연지동 250-76 래미안 어반파크,혼합,개별난방,433649.0,24,2616.0,삼성물산,연지2구역 주택재개발정비사업조합,0518166777, ,아파트,부산광역시 부산진구 성지로 37,위탁관리,혼합식,20220929,0518166222,2616,289419.28,519.0,1813.0,284.0,0.0,211131.3,33,33,5,80,47128,위탁관리,21,(주)타워피엠씨,위탁관리,19,(주)에스원,위탁관리,28,음식물쓰레기종량제,위탁관리,3,분무식,철근콘크리트구조,13274,종합계약,상주선임,GR형,부스타방식,위탁관리,80,0,3191,유,996,"관리사무소, 노인정, 보육시설, 문고, 주민공동시설, 어린이놀이터, 휴게시설, 커뮤니티공간, 자전거보관소, 기타",5~10분이내,2호선,,5~10분이내,,,0,68,Y
2026-08,A61478807,화인연지아파트,부산진구,연지동,654.0,0,0,0.0,0.0,0.0,0.0,0.0,,,,,True,산정 불완전,평형별 세대수 보완 필요,c38eb7731a2edbf2c405dc922468ded84aa651100a03e86668e60fb8b6b0b8e7,[],현재 확보 자료로 재구성한 과거 추정치; 과거 세대 구성 미확인,False,555b475dcef496b2254b825ba10b0724d7994196dba4c4e18f34e7f5aa4db599,54cb25d3544257419c8c9faa1ee168a8848dbea69689888cc0985fdd2c7a4797,5fb6c1e071a73763f6eb52e67a11f05f6d609819ae4f39c925745faf40f5b4fd,8b30a9aec44c70f7b04a7800,2026-09-17T13:53:18.573481+09:00,화인연지아파트,2623010600,부산광역시,부산진구,연지동,,부산광역시 부산진구 연지동 50-6 화인연지아파트,분양,개별난방,75559.52,4,654.0,화인건설,화인,0518068166, ,아파트,부산광역시 부산진구 동평로291번길 30,위탁관리,계단식,19960814,0518068167,654,62000.91,379.0,225.0,50.0,0.0,47761.08,25,25,3,15,47120,위탁관리,5,(주)주우관리,위탁관리,8,(주)비앤에이써비스,위탁관리,5,음식물쓰레기종량제,위탁관리,4,"도포식,분무식",철근콘크리트구조,2000,단일계약,상주선임,P형,고가수조식,위탁관리,15,59,372,무,122,"관리사무소, 노인정, 주민공동시설, 어린이놀이터, 유치원, 기타",5분이내,1호선,,10~15분이내,"관공서(부산진구청, 부산진경찰서, 부산광역시 교육청) 병원(온종합병원) 백화점(롯데백화점) 대형상가(이마트트레저스, 롯데키즈마트) 공원(부산시민공원)","초등학교(연지초등학교, 성지초등학교) 중학교(부산진중학교, 초읍중학교) 고등학교(부산정보고등학교, 부산진고등학교) 대학교(동의대 양정캠퍼스, 부산교육대학교)",0,9,Y
2026-08,A61478901,연지자이2차,부산진구,연지동,1011.0,0,0,0.0,0.0,0.0,0.0,0.0,,,,,True,산정 불완전,평형별 세대수 보완 필요,c38eb7731a2edbf2c405dc922468ded84aa651100a03e86668e60fb8b6b0b8e7,[],현재 확보 자료로 재구성한 과거 추정치; 과거 세대 구성 미확인,False,555b475dcef496b2254b825ba10b0724d7994196dba4c4e18f34e7f5aa4db599,54cb25d3544257419c8c9faa1ee168a8848dbea69689888cc0985fdd2c7a4797,5fb6c1e071a73763f6eb52e67a11f05f6d609819ae4f39c925745faf40f5b4fd,8b30a9aec44c70f7b04a7800,2026-09-17T13:53:18.573481+09:00,연지자이2차,2623010600,부산광역시,부산진구,연지동,,부산광역시 부산진구 연지동 406 연지자이2차,분양,개별난방,175531.0,13,1011.0,GS건설,GS건설,0518199582,aptree.co.kr/home/user/2908,아파트,부산광역시 부산진구 초연로 11,위탁관리,계단식,20111202,0518179584,1011,119624.516,265.0,436.0,265.0,45.0,89356.6708,23,23,3,29,47110,위탁관리,8,세화플러스 주식회사,위탁관리,13,케이티텔레캅(주),위탁관리,15,음식물쓰레기종량제,위탁관리,3,분무식,철근콘크리트구조,5750,단일계약,상주선임,R형,부스타방식,위탁관리,29,0,1282,유,340,"관리사무소, 노인정, 보육시설, 어린이놀이터",5~10분이내,,,,"공원(어린이대공원, 부산시민공원)",초등학교(연지초),0,27,Y
2026-08,A61485906,연지2차청구아파트,부산진구,연지동,554.0,0,0,0.0,0.0,0.0,0.0,0.0,,,,,True,산정 불완전,평형별 세대수 보완 필요,c38eb7731a2edbf2c405dc922468ded84aa651100a03e86668e60fb8b6b0b8e7,[],현재 확보 자료로 재구성한 과거 추정치; 과거 세대 구성 미확인,False,555b475dcef496b2254b825ba10b0724d7994196dba4c4e18f34e7f5aa4db599,54cb25d3544257419c8c9faa1ee168a8848dbea69689888cc0985fdd2c7a4797,5fb6c1e071a73763f6eb52e67a11f05f6d609819ae4f39c925745faf40f5b4fd,8b30a9aec44c70f7b04a7800,2026-09-17T13:53:18.573481+09:00,연지2차청구아파트,2623010600,부산광역시,부산진구,연지동,,부산광역시 부산진구 연지동 23-17 연지2차청구아파트,분양,개별난방,65216.0,3,554.0,(주)청구,연지재건축조합 (주)청구,0518046474, ,아파트,부산광역시 부산진구 동평로291번길 30-17,위탁관리,혼합식,20020905,0518046633,554,53484.52,234.0,320.0,0.0,0.0,40962.63,25,25,1,9,47121,위탁관리,5,주식회사 네오피엠,위탁관리,6,(주)목평인력관리개발,위탁관리,5,,위탁관리,4,분무식,철근콘크리트구조,1300,단일계약,상주선임,P형,부스타방식,위탁관리,9,135,390,무,76,"관리사무소, 노인정, 주민공동시설, 어린이놀이터",5분이내,,,20분초과,"관공서(부산진구청) 병원(온병원) 백화점(롯데백화점) 공원(부산시민공원, 어린이대공원)",초등학교(연지초),3,9,Y
2026-08,A61486005,연지자이1차아파트,부산진구,연지동,547.0,0,0,0.0,0.0,0.0,0.0,0.0,,,,,True,산정 불완전,평형별 세대수 보완 필요,c38eb7731a2edbf2c405dc922468ded84aa651100a03e86668e60fb8b6b0b8e7,[],현재 확보 자료로 재구성한 과거 추정치; 과거 세대 구성 미확인,False,555b475dcef496b2254b825ba10b0724d7994196dba4c4e18f34e7f5aa4db599,54cb25d3544257419c8c9faa1ee168a8848dbea69689888cc0985fdd2c7a4797,5fb6c1e071a73763f6eb52e67a11f05f6d609819ae4f39c925745faf40f5b4fd,8b30a9aec44c70f7b04a7800,2026-09-17T13:53:18.573481+09:00,연지자이1차아파트,2623010600,부산광역시,부산진구,연지동,,부산광역시 부산진구 연지동 403 연지자이1차아파트,분양,개별난방,93805.0,8,547.0,GS건설,GS건설,0518050818,https://xi1.aptner.com/,아파트,부산광역시 부산진구 동평로183번길 67,위탁관리,계단식,20071218,0518050819,547,63506.59,142.0,252.0,153.0,0.0,48562.5344,20,20,4,18,47110,위탁관리,6,주식회사 네오피엠,위탁관리,6,에스원,위탁관리,6,음식물쓰레기종량제,위탁관리,5,,철근콘크리트구조,2600,단일계약,상주선임,R형,부스타방식,위탁관리,18,0,686,유,158,"관리사무소, 노인정, 문고, 주민공동시설, 어린이놀이터, 기타",5~10분이내,"1호선, 3호선",,15~20분이내,"관공서(진구청) 백화점(롯데백화점) 대형상가(이마트) 공원(어린이대공원, 시민공원)",초등학교(연지초),0,14,Y
2026-08,A61486008,세동한신아파트,부산진구,연지동,789.0,0,0,0.0,0.0,0.0,0.0,0.0,,,,,True,산정 불완전,평형별 세대수 보완 필요,c38eb7731a2edbf2c405dc922468ded84aa651100a03e86668e60fb8b6b0b8e7,[],현재 확보 자료로 재구성한 과거 추정치; 과거 세대 구성 미확인,False,555b475dcef496b2254b825ba10b0724d7994196dba4c4e18f34e7f5aa4db599,54cb25d3544257419c8c9faa1ee168a8848dbea69689888cc0985fdd2c7a4797,5fb6c1e071a73763f6eb52e67a11f05f6d609819ae4f39c925745faf40f5b4fd,8b30a9aec44c70f7b04a7800,2026-09-17T13:53:18.573481+09:00,세동한신아파트,2623010600,부산광역시,부산진구,연지동,,부산광역시 부산진구 연지동 353-1 세동한신아파트,분양,개별난방,99224.47,5,789.0,한신공영(주),(주)세동건설,0518086105, ,아파트,부산광역시 부산진구 새싹로 183,위탁관리,혼합식,19951227,0519126105,789,86278.29,330.0,305.0,154.0,0.0,66468.42,25,25,1,14,47109,위탁관리,6,부경공영(주),위탁관리,10,(주)비엔비서비스,위탁관리,6,차량수거방식,위탁관리,3,"도포식,분무식,기구부착식",철근콘크리트구조,2550,단일계약,상주선임,R형,고가수조식,위탁관리,14,220,402,무,107,"관리사무소, 노인정, 주민공동시설, 어린이놀이터, 자전거보관소, 기타",5분이내,"1호선, 2호선",,15~20분이내,"관공서(부산진구청) 병원(온종합병원) 백화점(롯데백화점) 대형상가( 이마트, 롯데마트) 공원(어린이대공원,시민공원)","초등학교(연지초,연학초) 중학교(초연중) 고등학교(부산진고)",0,13,Y
2026-08,A10022574,초읍하늘채포레스원아파트,부산진구,초읍동,756.0,0,0,0.0,0.0,0.0,0.0,0.0,,,,,True,산정 불완전,평형별 세대수 보완 필요; 임대·혼합 또는 분양 범위 미확인,c38eb7731a2edbf2c405dc922468ded84aa651100a03e86668e60fb8b6b0b8e7,[],현재 확보 자료로 재구성한 과거 추정치; 과거 세대 구성 미확인,False,555b475dcef496b2254b825ba10b0724d7994196dba4c4e18f34e7f5aa4db599,54cb25d3544257419c8c9faa1ee168a8848dbea69689888cc0985fdd2c7a4797,5fb6c1e071a73763f6eb52e67a11f05f6d609819ae4f39c925745faf40f5b4fd,8b30a9aec44c70f7b04a7800,2026-09-17T13:53:18.573481+09:00,초읍하늘채포레스원아파트,2623010700,부산광역시,부산진구,초읍동,,부산광역시 부산진구 초읍동 556 초읍하늘채포레스원아파트,혼합,개별난방,114750.0,9,756.0,코오롱글로벌(주),초읍2구역주택재개발정비사업조합,0517170516, ,아파트,부산광역시 부산진구 성지로 117,위탁관리,계단식,20240529,0517170517,756,65426.02,556.0,200.0,0.0,0.0,49128.6596,30,30,3,15,47125,위탁관리,8,주식회사 비씨에스,위탁관리,5,주식회사 비씨에스,위탁관리,9,음식물쓰레기종량제,위탁관리,3,분무식,철골콘크리트구조,52500,종합계약,상주선임,GR형,부스타방식,위탁관리,17,8,1057,유,419,"관리사무소, 노인정, 보육시설, 문고, 주민공동시설, 어린이놀이터, 휴게시설, 커뮤니티공간, 자전거보관소",5분이내,,,10~15분이내,관공서(초읍동주민센터) 병원(부산의료원) 백화점(롯데백화점 부산본점) 대형상가(GS더프레시) 공원(초연근린공원),초등학교(초읍초등학교) 중학교(초연중학교) 고등학교(부산진고등학교),0,23,Y
2026-08,A10024953,포레나부산초읍,부산진구,초읍동,1113.0,0,0,0.0,0.0,0.0,0.0,0.0,,,,,True,산정 불완전,평형별 세대수 보완 필요; 임대·혼합 또는 분양 범위 미확인,c38eb7731a2edbf2c405dc922468ded84aa651100a03e86668e60fb8b6b0b8e7,[],현재 확보 자료로 재구성한 과거 추정치; 과거 세대 구성 미확인,False,555b475dcef496b2254b825ba10b0724d7994196dba4c4e18f34e7f5aa4db599,54cb25d3544257419c8c9faa1ee168a8848dbea69689888cc0985fdd2c7a4797,5fb6c1e071a73763f6eb52e67a11f05f6d609819ae4f39c925745faf40f5b4fd,8b30a9aec44c70f7b04a7800,2026-09-17T13:53:18.573481+09:00,포레나부산초읍,2623010700,부산광역시,부산진구,초읍동,,부산광역시 부산진구 초읍동 676 포레나부산초읍,혼합,개별난방,157940.0,11,1113.0,한화건설,연지1-2구역 주택재개발정비사업조합,0518172920, ,아파트,부산광역시 부산진구 초연로 6,위탁관리,계단식,20200330,0518172921,1117,111304.47,365.0,748.0,0.0,0.0,82652.6226,29,29,5,33,47107,위탁관리,9,(주)로이안H&F,위탁관리,6,(주)에스원,위탁관리,11,음식물쓰레기종량제,위탁관리,3,"분무식,독이식",철근콘크리트구조,4700,단일계약,상주선임,R형,부스타방식,위탁관리,33,0,1117,유,449,"관리사무소, 노인정, 보육시설, 문고, 주민공동시설, 어린이놀이터, 휴게시설, 커뮤니티공간, 자전거보관소",5분이내,1호선,,10~15분이내,"관공서(부산진구청) 병원(부산의료원) 백화점(롯데백화점) 대형상가(이트레드스) 공원(부산시민공원, 어린이대공원)",초등학교(연학초등학교) 중학교(초연중학교) 고등학교(부산진고등학교),0,23,Y
2026-08,A10020721,백양산서희스타힐스(백양산서희스타힐스),부산진구,부암동,1295.0,0,0,0.0,0.0,0.0,0.0,0.0,,,,,True,산정 불완전,평형별 세대수 보완 필요,c38eb7731a2edbf2c405dc922468ded84aa651100a03e86668e60fb8b6b0b8e7,[],현재 확보 자료로 재구성한 과거 추정치; 과거 세대 구성 미확인,False,555b475dcef496b2254b825ba10b0724d7994196dba4c4e18f34e7f5aa4db599,54cb25d3544257419c8c9faa1ee168a8848dbea69689888cc0985fdd2c7a4797,5fb6c1e071a73763f6eb52e67a11f05f6d609819ae4f39c925745faf40f5b4fd,8b30a9aec44c70f7b04a7800,2026-09-17T13:53:18.573481+09:00,백양산서희스타힐스(백양산서희스타힐스),2623010800,부산광역시,부산진구,부암동,,부산광역시 부산진구 부암동 610-88 백양산서희스타힐스(백양산서희스타힐스),분양,개별난방,171198.06,13,1295.0,(주)서희건설,부산 부암지역주택조합,0518670632, ,아파트,부산광역시 부산진구 백양산로 22,위탁관리,계단식,20250325,0518670633,1295,170202.2,555.0,740.0,0.0,0.0,93765.4292,27,27,2,34,,위탁관리,12,(주)장천,위탁관리,,,위탁관리,15,음식물쓰레기종량제,위탁관리,3,,철골철근콘크리트구조,5500,종합계약,상주선임,R형,부스타방식,위탁관리,34,0,1405,유,348,"관리사무소, 노인정, 보육시설, 문고, 주민공동시설, 어린이놀이터, 휴게시설, 커뮤니티공간, 자전거보관소",5분이내,,,,,,0,30,Y
2026-08,A10022844,롯데캐슬라센트,부산진구,부암동,2195.0,0,0,0.0,0.0,0.0,0.0,0.0,,,,,True,산정 불완전,평형별 세대수 보완 필요; 임대·혼합 또는 분양 범위 미확인,c38eb7731a2edbf2c405dc922468ded84aa651100a03e86668e60fb8b6b0b8e7,[],현재 확보 자료로 재구성한 과거 추정치; 과거 세대 구성 미확인,False,555b475dcef496b2254b825ba10b0724d7994196dba4c4e18f34e7f5aa4db599,54cb25d3544257419c8c9faa1ee168a8848dbea69689888cc0985fdd2c7a4797,5fb6c1e071a73763f6eb52e67a11f05f6d609819ae4f39c925745faf40f5b4fd,8b30a9aec44c70f7b04a7800,2026-09-17T13:53:18.573481+09:00,롯데캐슬라센트,2623010800,부산광역시,부산진구,부암동,,부산광역시 부산진구 부암동 567 롯데캐슬라센트,혼합,개별난방,314988.9,21,2195.0,롯데건설,부암1구역재개발정비사업조합,0518071377, ,아파트,부산광역시 부산진구 백양순환로 75,위탁관리,계단식,20250206,0518071377,2195,222339.8,891.0,1153.0,151.0,0.0,161092.26,34,34,4,49,47151,위탁관리,15,남부건업(주),위탁관리,8,남부건업(주),위탁관리,22,음식물쓰레기종량제,위탁관리,4,,철근콘크리트구조,11461,기타,상주선임,GR형,부스타방식,관리방식미정,98,0,2387,유,965,"관리사무소, 노인정, 보육시설, 문고, 주민공동시설, 어린이놀이터, 휴게시설, 커뮤니티공간, 자전거보관소, 기타",5분이내,2호선,,15~20분이내,,,0,51,Y
2026-08,A10026861,서면동일파크스위트3차아파트,부산진구,부암동,727.0,0,0,0.0,0.0,0.0,0.0,0.0,,,,,True,산정 불완전,평형별 세대수 보완 필요,c38eb7731a2edbf2c405dc922468ded84aa651100a03e86668e60fb8b6b0b8e7,[],현재 확보 자료로 재구성한 과거 추정치; 과거 세대 구성 미확인,False,555b475dcef496b2254b825ba10b0724d7994196dba4c4e18f34e7f5aa4db599,54cb25d3544257419c8c9faa1ee168a8848dbea69689888cc0985fdd2c7a4797,5fb6c1e071a73763f6eb52e67a11f05f6d609819ae4f39c925745faf40f5b4fd,8b30a9aec44c70f7b04a7800,2026-09-17T13:53:18.573481+09:00,서면동일파크스위트3차아파트,2623010800,부산광역시,부산진구,부암동,,부산광역시 부산진구 부암동 17-4 서면동일파크스위트3차아파트,분양,개별난방,109137.68,9,727.0,(주)동일,(주)동일,0518021620,https://dongilpark3.aptner.com/,아파트,부산광역시 부산진구 동평로 162,위탁관리,계단식,20170630,0518021621,727,75124.36,26.0,656.0,45.0,0.0,56716.5455,29,29,5,0,47184,위탁관리,6,(주)디이씨오,위탁관리,5,(주)에스원,위탁관리,8,음식물쓰레기종량제,위탁관리,4,분무식,철근콘크리트구조,4150,단일계약,상주선임,R형,부스타방식,위탁관리,18,0,808,유,176,"관리사무소, 노인정, 보육시설, 문고, 주민공동시설, 어린이놀이터, 휴게시설, 커뮤니티공간, 자전거보관소",5분이내,1호선,,5~10분이내,병원(온종합병원) 백화점(본점 서면롯데백화점) 대형상가(E트레이더스) 공원(부산시민공원),초등학교(부암초등학교),0,42,Y
2026-08,A10028147,서면동일파크스위트1차아파트,부산진구,부암동,751.0,0,0,0.0,0.0,0.0,0.0,0.0,,,,,True,산정 불완전,평형별 세대수 보완 필요,c38eb7731a2edbf2c405dc922468ded84aa651100a03e86668e60fb8b6b0b8e7,[],현재 확보 자료로 재구성한 과거 추정치; 과거 세대 구성 미확인,False,555b475dcef496b2254b825ba10b0724d7994196dba4c4e18f34e7f5aa4db599,54cb25d3544257419c8c9faa1ee168a8848dbea69689888cc0985fdd2c7a4797,5fb6c1e071a73763f6eb52e67a11f05f6d609819ae4f39c925745faf40f5b4fd,8b30a9aec44c70f7b04a7800,2026-09-17T13:53:18.573481+09:00,서면동일파크스위트1차아파트,2623010800,부산광역시,부산진구,부암동,,부산광역시 부산진구 부암동 736 서면동일파크스위트1차아파트,분양,개별난방,113973.26,8,751.0,(주)동일,(주)동일,0518080941, ,아파트,부산광역시 부산진구 동평로150번길 14,위탁관리,계단식,20141127,0518080940,751,80855.38,0.0,704.0,47.0,0.0,62303.8484,25,25,3,17,47183,위탁관리,6,(주)디이씨오,위탁관리,4,SK쉴더스 주식회사,위탁관리,8,음식물쓰레기종량제,위탁관리,4,분무식,철골철근콘크리트구조,4182,단일계약,상주선임,R형,부스타방식,위탁관리,17,0,857,유,153,"관리사무소, 노인정, 보육시설, 문고, 주민공동시설, 어린이놀이터, 자전거보관소",5분이내,2호선,,,관공서(진구청) 병원(온병원) 백화점(롯데백화점) 대형상가(이마트) 공원(시민공원),"초등학교(부암초등학교) 중학교(동평중학교, 동평여중) 고등학교(경원고등학교) 대학교(동의대학교)",0,18,Y
2026-08,A61409002,서면쌍용스윗닷홈스카이,부산진구,부암동,544.0,0,0,0.0,0.0,0.0,0.0,0.0,,,,,True,산정 불완전,평형별 세대수 보완 필요,c38eb7731a2edbf2c405dc922468ded84aa651100a03e86668e60fb8b6b0b8e7,[],현재 확보 자료로 재구성한 과거 추정치; 과거 세대 구성 미확인,False,555b475dcef496b2254b825ba10b0724d7994196dba4c4e18f34e7f5aa4db599,54cb25d3544257419c8c9faa1ee168a8848dbea69689888cc0985fdd2c7a4797,5fb6c1e071a73763f6eb52e67a11f05f6d609819ae4f39c925745faf40f5b4fd,8b30a9aec44c70f7b04a7800,2026-09-17T13:53:18.573481+09:00,서면쌍용스윗닷홈스카이,2623010800,부산광역시,부산진구,부암동,,부산광역시 부산진구 부암동 63-3 서면쌍용스윗닷홈스카이,분양,개별난방,97584.24,2,544.0,(주)랜드원,(주)랜드원,0518073266,www.skyapt.co.kr,아파트,부산광역시 부산진구 시민공원로 11,위탁관리,계단식,20071128,0518073269,544,71477.12,0.0,310.0,234.0,0.0,52936.42,40,40,4,10,47192,위탁관리,5,주)삼성티엠에스,위탁관리,4,(주)듀델코리아,위탁관리,4,음식물쓰레기종량제,위탁관리,3,분무식,철근콘크리트구조,2500,종합계약,상주선임,R형,부스타방식,위탁관리,10,24,750,유,72,"관리사무소, 노인정, 보육시설, 문고, 주민공동시설, 어린이놀이터, 휴게시설, 커뮤니티공간, 자전거보관소",5~10분이내,"1호선, 2호선",부암,5~10분이내,관공서(부산진구청) 병원() 백화점(롯데백화점) 대형상가(홈플러스) 공원() 기타(이마트),초등학교(부암초) 중학교(서면중),0,16,Y
2026-08,A61409003,일성in4아파트,부산진구,부암동,546.0,0,0,0.0,0.0,0.0,0.0,0.0,,,,,True,산정 불완전,평형별 세대수 보완 필요,c38eb7731a2edbf2c405dc922468ded84aa651100a03e86668e60fb8b6b0b8e7,[],현재 확보 자료로 재구성한 과거 추정치; 과거 세대 구성 미확인,False,555b475dcef496b2254b825ba10b0724d7994196dba4c4e18f34e7f5aa4db599,54cb25d3544257419c8c9faa1ee168a8848dbea69689888cc0985fdd2c7a4797,5fb6c1e071a73763f6eb52e67a11f05f6d609819ae4f39c925745faf40f5b4fd,8b30a9aec44c70f7b04a7800,2026-09-17T13:53:18.573481+09:00,일성in4아파트,2623010800,부산광역시,부산진구,부암동,,부산광역시 부산진구 부암동 55-6 일성in4아파트,분양,개별난방,56441.28,4,546.0,일성종합건설주식회사,부암지구 지역주택조합,0518099223, ,주상복합,부산광역시 부산진구 신천대로 252,위탁관리,복도식,19971208,0518099224,546,56441.28,105.0,441.0,0.0,0.0,39885.3,25,25,7,6,47192,위탁관리,4,(주)디이씨오,위탁관리,4,(주)하나종합관리,위탁관리,4,거점장비수거방식,위탁관리,3,분무식,철골철근콘크리트구조,2100,단일계약,상주선임,R형,부스타방식,위탁관리,8,0,473,유,97,"관리사무소, 노인정, 어린이놀이터, 휴게시설, 자전거보관소, 기타",5~10분이내,"1호선, 2호선",,10~15분이내,관공서(부산진구청 근접) 병원(휴병원 근접) 백화점(서면 롯데백화점 근접) 대형상가(이마트트레이더스. 롯데마트 근접) 공원(시민공원 근접),초등학교(),0,24,Y
2026-08,A61409004,타워베르빌,부산진구,부암동,704.0,0,0,0.0,0.0,0.0,0.0,0.0,,,,,True,산정 불완전,평형별 세대수 보완 필요,c38eb7731a2edbf2c405dc922468ded84aa651100a03e86668e60fb8b6b0b8e7,[],현재 확보 자료로 재구성한 과거 추정치; 과거 세대 구성 미확인,False,555b475dcef496b2254b825ba10b0724d7994196dba4c4e18f34e7f5aa4db599,54cb25d3544257419c8c9faa1ee168a8848dbea69689888cc0985fdd2c7a4797,5fb6c1e071a73763f6eb52e67a11f05f6d609819ae4f39c925745faf40f5b4fd,8b30a9aec44c70f7b04a7800,2026-09-17T13:53:18.573481+09:00,타워베르빌,2623010800,부산광역시,부산진구,부암동,,부산광역시 부산진구 부암동 48-3 타워베르빌,분양,개별난방,91835.055,1,704.0,(주)대교디앤에스,(주)대교디앤에스,0519135800, ,주상복합,부산광역시 부산진구 시민공원로19번길 65,위탁관리,복도식,20051115,0519135801,712,81825.6,128.0,499.0,77.0,0.0,47665.296,43,43,6,8,47191,위탁관리,6,(주)HM우성,위탁관리,4,(주)hm우성,위탁관리,4,차량수거방식,위탁관리,6,"분무식,독이식",철골철근콘크리트구조,2550,종합계약,상주선임,R형,부스타방식,위탁관리,10,40,591,무,127,"관리사무소, 노인정, 문고, 주민공동시설, 어린이놀이터, 휴게시설, 자전거보관소",5분이내,"1호선, 2호선",,5~10분이내,"관공서(부산진구청) 병원(동아한의원) 백화점(롯데백화점) 대형상가(롯데마트,이마트) 공원(부산시민공원)","초등학교(부암초) 중학교(동평중) 고등학교(부산미용고) 대학교(동의대, 동서대)",0,15,Y
2026-08,A61409005,서면동문굿모닝힐,부산진구,부암동,559.0,0,0,0.0,0.0,0.0,0.0,0.0,,,,,True,산정 불완전,평형별 세대수 보완 필요,c38eb7731a2edbf2c405dc922468ded84aa651100a03e86668e60fb8b6b0b8e7,[],현재 확보 자료로 재구성한 과거 추정치; 과거 세대 구성 미확인,False,555b475dcef496b2254b825ba10b0724d7994196dba4c4e18f34e7f5aa4db599,54cb25d3544257419c8c9faa1ee168a8848dbea69689888cc0985fdd2c7a4797,5fb6c1e071a73763f6eb52e67a11f05f6d609819ae4f39c925745faf40f5b4fd,8b30a9aec44c70f7b04a7800,2026-09-17T13:53:18.573481+09:00,서면동문굿모닝힐,2623010800,부산광역시,부산진구,부암동,,부산광역시 부산진구 부암동 735 서면동문굿모닝힐,분양,개별난방,116975.11,5,559.0,(주)동문건설,동문건설 외 5개업체,0518077801,없음,아파트,부산광역시 부산진구 신천대로220번길 65,위탁관리,계단식,20110927,0518077803,559,76371.99,0.0,219.0,284.0,56.0,58398.7212,35,35,6,0,47193,위탁관리,6,남부공영(주),위탁관리,4,남부공영(주),위탁관리,6,음식물쓰레기종량제,위탁관리,3,"도포식,분무식",철근콘크리트구조,3000,단일계약,상주선임,R형,부스타방식,위탁관리,10,78,838,유,211,"관리사무소, 노인정, 보육시설, 주민공동시설, 어린이놀이터, 휴게시설, 자전거보관소",5분이내,"1호선, 2호선, 동해선",,10~15분이내,"관공서(부산진구청) 병원(온병원) 백화점(롯데백화점) 대형상가(이마트트레이더스, 롯데마트) 공원(부산시민공원)",초등학교(성지초) 중학교(부산진),0,19,Y
2026-08,A61409302,당감뜨란채아파트,부산진구,부암동,630.0,0,0,0.0,0.0,0.0,0.0,0.0,,,,,True,산정 불완전,평형별 세대수 보완 필요,c38eb7731a2edbf2c405dc922468ded84aa651100a03e86668e60fb8b6b0b8e7,[],현재 확보 자료로 재구성한 과거 추정치; 과거 세대 구성 미확인,False,555b475dcef496b2254b825ba10b0724d7994196dba4c4e18f34e7f5aa4db599,54cb25d3544257419c8c9faa1ee168a8848dbea69689888cc0985fdd2c7a4797,5fb6c1e071a73763f6eb52e67a11f05f6d609819ae4f39c925745faf40f5b4fd,8b30a9aec44c70f7b04a7800,2026-09-17T13:53:18.573481+09:00,당감뜨란채아파트,2623010800,부산광역시,부산진구,부암동,,부산광역시 부산진구 부암동 725 당감뜨란채아파트,분양,개별난방,64969.734,6,630.0,대한주택공사,대한주택공사,0518042051, ,아파트,부산광역시 부산진구 백양산로 57,위탁관리,계단식,20050828,0518042052,630,50856.88,586.0,44.0,0.0,0.0,37645.43,25,25,0,14,47148,위탁관리,5,(주)주우관리,위탁관리,6,삼성보안공사,위탁관리,3,차량수거방식,위탁관리,4,분무식,철근콘크리트구조,1409,단일계약,위탁선임,R형,부스타방식,위탁관리,14,185,355,무,108,"관리사무소, 노인정, 보육시설, 어린이놀이터, 자전거보관소",5분이내,"1호선, 2호선, 3호선",,,"관공서(부산진구청) 백화점(롯데백화점) 대형상가(홈플러스,이마트)",초등학교(부암초) 중학교(동평중) 고등학교(부산미용고),3,12,Y
2026-08,A61479403,백양산쌍용스윗닷홈아파트,부산진구,부암동,718.0,0,0,0.0,0.0,0.0,0.0,0.0,,,,,True,산정 불완전,평형별 세대수 보완 필요,c38eb7731a2edbf2c405dc922468ded84aa651100a03e86668e60fb8b6b0b8e7,[],현재 확보 자료로 재구성한 과거 추정치; 과거 세대 구성 미확인,False,555b475dcef496b2254b825ba10b0724d7994196dba4c4e18f34e7f5aa4db599,54cb25d3544257419c8c9faa1ee168a8848dbea69689888cc0985fdd2c7a4797,5fb6c1e071a73763f6eb52e67a11f05f6d609819ae4f39c925745faf40f5b4fd,8b30a9aec44c70f7b04a7800,2026-09-17T13:53:18.573481+09:00,백양산쌍용스윗닷홈아파트,2623010800,부산광역시,부산진구,부암동,,부산광역시 부산진구 부암동 720 백양산쌍용스윗닷홈아파트,분양,개별난방,110161.0,8,718.0,쌍용건설(주),금봉건설(주),0518044280, ,아파트,부산광역시 부산진구 백양산로 70,위탁관리,계단식,20041217,0518044281,718,90299.65,0.0,0.0,718.0,0.0,70737.679,23,23,4,20,47148,위탁관리,6,(주)에이치엠우성,위탁관리,9,(주)에스원,위탁관리,8,음식물쓰레기종량제,위탁관리,4,분무식,철근콘크리트구조,2550,단일계약,상주선임,R형,부스타방식,위탁관리,20,271,743,무,120,"관리사무소, 노인정, 보육시설, 주민공동시설, 어린이놀이터, 휴게시설, 자전거보관소",5분이내,2호선,,,"관공서(부산진구청) 병원(온병원) 백화점(롯데백화점) 대형상가(홈플러스,이마트) 공원(부산시민공원)",초등학교(부암초) 중학교(동평중) 고등학교(부산미용고),0,21,Y
2026-08,A61484004,협성피닉스아파트,부산진구,부암동,774.0,0,0,0.0,0.0,0.0,0.0,0.0,,,,,True,산정 불완전,평형별 세대수 보완 필요,c38eb7731a2edbf2c405dc922468ded84aa651100a03e86668e60fb8b6b0b8e7,[],현재 확보 자료로 재구성한 과거 추정치; 과거 세대 구성 미확인,False,555b475dcef496b2254b825ba10b0724d7994196dba4c4e18f34e7f5aa4db599,54cb25d3544257419c8c9faa1ee168a8848dbea69689888cc0985fdd2c7a4797,5fb6c1e071a73763f6eb52e67a11f05f6d609819ae4f39c925745faf40f5b4fd,8b30a9aec44c70f7b04a7800,2026-09-17T13:53:18.573481+09:00,협성피닉스아파트,2623010800,부산광역시,부산진구,부암동,,부산광역시 부산진구 부암동 560-14 협성피닉스아파트,분양,개별난방,130115.64,7,774.0,협성건설,협성건설,0518094188, ,아파트,부산광역시 부산진구 당감로 118,자치관리,계단식,19931210,0518094189,774,121666.62,0.0,330.0,90.0,354.0,95927.88,15,15,0,28,47135,자치관리,5,,위탁관리(직영+위탁),14,조은관리시스템,자치관리,7,차량수거방식,위탁관리,5,분무식,철근콘크리트구조,850,단일계약,상주선임,P형,고가수조식,위탁관리,28,317,387,무,126,,5분이내,,,15~20분이내,"관공서(부산진구청) 병원(부산양지의원.온병원.백병원) 백화점(롯데백화점) 대형상가(홈플러스,이마트)",초등학교(부암초 당감초등학교) 중학교(동평중) 고등학교(부산미용고),0,5,Y
2026-08,A61484005,화승삼성아파트,부산진구,부암동,1811.0,0,0,0.0,0.0,0.0,0.0,0.0,,,,,True,산정 불완전,평형별 세대수 보완 필요,c38eb7731a2edbf2c405dc922468ded84aa651100a03e86668e60fb8b6b0b8e7,[],현재 확보 자료로 재구성한 과거 추정치; 과거 세대 구성 미확인,False,555b475dcef496b2254b825ba10b0724d7994196dba4c4e18f34e7f5aa4db599,54cb25d3544257419c8c9faa1ee168a8848dbea69689888cc0985fdd2c7a4797,5fb6c1e071a73763f6eb52e67a11f05f6d609819ae4f39c925745faf40f5b4fd,8b30a9aec44c70f7b04a7800,2026-09-17T13:53:18.573481+09:00,화승삼성아파트,2623010800,부산광역시,부산진구,부암동,,부산광역시 부산진구 부암동 500 화승삼성아파트,분양,개별난방,220587.3,20,1811.0,(주)삼성물산,(주)화승,0518164931, ,아파트,부산광역시 부산진구 당감로 79,위탁관리,혼합식,19970329,0518084930,1811,145057.3,755.0,876.0,141.0,39.0,145075.76,25,25,1,35,47143,위탁관리,13,세화플러스 주식회사,위탁관리,20,(주)한특,위탁관리,17,음식물쓰레기종량제,위탁관리,3,분무식,철근콘크리트구조,4550,단일계약,상주선임,R형,고가수조식,위탁관리,35,803,1031,무,256,"관리사무소, 노인정, 어린이놀이터, 유치원",5분이내,2호선,,5~10분이내,"관공서(부산진구청) 병원(동주치과) 대형상가(홈플러스,이마트)",초등학교(부암초) 중학교(동평중) 고등학교(부산미용고),19,18,Y
2026-08,A10023021,서면 비스타동원,부산진구,당감동,806.0,0,0,0.0,0.0,0.0,0.0,0.0,,,,,True,산정 불완전,평형별 세대수 보완 필요,c38eb7731a2edbf2c405dc922468ded84aa651100a03e86668e60fb8b6b0b8e7,[],현재 확보 자료로 재구성한 과거 추정치; 과거 세대 구성 미확인,False,555b475dcef496b2254b825ba10b0724d7994196dba4c4e18f34e7f5aa4db599,54cb25d3544257419c8c9faa1ee168a8848dbea69689888cc0985fdd2c7a4797,5fb6c1e071a73763f6eb52e67a11f05f6d609819ae4f39c925745faf40f5b4fd,8b30a9aec44c70f7b04a7800,2026-09-17T13:53:18.573481+09:00,서면 비스타동원,2623010900,부산광역시,부산진구,당감동,,부산광역시 부산진구 당감동 573-89 서면 비스타동원,분양,개별난방,118280.0,6,806.0,동원개발,서면지역주택조합,0518977574,smvistadw.aptner.com/v2,아파트,부산광역시 부산진구 마철로 114,위탁관리,계단식,20240411,0518977573,806,79923.93,407.0,399.0,0.0,0.0,58334.5396,36,36,2,14,47263,위탁관리,6,우리관리(주),위탁관리,4,sk쉴더스,위탁관리,8,음식물쓰레기종량제,위탁관리,5,"도포식,분무식,기구부착식",철근콘크리트구조,3750,단일계약,상주선임,R형,부스타방식,위탁관리,26,0,954,유,285,"관리사무소, 노인정, 보육시설, 문고, 주민공동시설, 어린이놀이터, 휴게시설, 유치원, 커뮤니티공간, 자전거보관소",5~10분이내,2호선,,5~10분이내,관공서(부산진구청 051-605-4000) 병원(온종합병원051-607-0114) 백화점(롯데백화점 1577-0001) 공원(부산시민공원),"초등학교(가야초등학교) 중학교(가야여자중학교, 개성중학교) 고등학교(가야고등학교) 대학교(동의대학교 가야캠퍼스)",0,5,Y
2026-08,A10025434,서면2차 봄여름가을겨울아파트,부산진구,당감동,535.0,0,0,0.0,0.0,0.0,0.0,0.0,,,,,True,산정 불완전,평형별 세대수 보완 필요,c38eb7731a2edbf2c405dc922468ded84aa651100a03e86668e60fb8b6b0b8e7,[],현재 확보 자료로 재구성한 과거 추정치; 과거 세대 구성 미확인,False,555b475dcef496b2254b825ba10b0724d7994196dba4c4e18f34e7f5aa4db599,54cb25d3544257419c8c9faa1ee168a8848dbea69689888cc0985fdd2c7a4797,5fb6c1e071a73763f6eb52e67a11f05f6d609819ae4f39c925745faf40f5b4fd,8b30a9aec44c70f7b04a7800,2026-09-17T13:53:18.573481+09:00,서면2차 봄여름가을겨울아파트,2623010900,부산광역시,부산진구,당감동,,부산광역시 부산진구 당감동 1024 서면2차 봄여름가을겨울아파트,분양,개별난방,87484.63,3,535.0,수근종합건설(주),수영주택건설(주),0518918471,season2.aptner.com,주상복합,부산광역시 부산진구 신천대로197번길 15,위탁관리,기타,20190416,0518918474,535,39562.957,107.0,428.0,0.0,0.0,39562.9565,37,37,4,0,47261,위탁관리,5,(주)삼성T.M.S,위탁관리,5,(주)삼성티엠에스,위탁관리,3,음식물쓰레기종량제,위탁관리,5,분무식,철근콘크리트구조,3750,단일계약,상주선임,R형,부스타방식,위탁관리,8,78,542,무,190,"관리사무소, 노인정, 보육시설, 문고, 어린이놀이터, 자전거보관소",5분이내,2호선,,5분이내,관공서(부산진구청) 병원(온병원) 백화점(롯데백화점) 대형상가(이트레이드) 공원(부산시민공원),초등학교(부전초등학교) 중학교(개성중학교) 고등학교(부산진고등학교) 대학교(동서대학교),0,13,Y
2026-08,A61410304,서면삼익아파트,부산진구,당감동,1074.0,0,0,0.0,0.0,0.0,0.0,0.0,,,,,True,산정 불완전,평형별 세대수 보완 필요,c38eb7731a2edbf2c405dc922468ded84aa651100a03e86668e60fb8b6b0b8e7,[],현재 확보 자료로 재구성한 과거 추정치; 과거 세대 구성 미확인,False,555b475dcef496b2254b825ba10b0724d7994196dba4c4e18f34e7f5aa4db599,54cb25d3544257419c8c9faa1ee168a8848dbea69689888cc0985fdd2c7a4797,5fb6c1e071a73763f6eb52e67a11f05f6d609819ae4f39c925745faf40f5b4fd,8b30a9aec44c70f7b04a7800,2026-09-17T13:53:18.573481+09:00,서면삼익아파트,2623010900,부산광역시,부산진구,당감동,,부산광역시 부산진구 당감동 175-2 서면삼익아파트,분양,개별난방,118331.0,11,1074.0,삼익주택,삼익주택,0518976996, ,아파트,부산광역시 부산진구 당감로 17,자치관리,복도식,19781205,0518976127,1074,103520.94,121.0,646.0,307.0,0.0,86423.26,14,14,0,18,47190,자치관리,8,,위탁관리,16,주식회사 무진종합관리,위탁관리,7,음식물쓰레기종량제,위탁관리,8,,철근콘크리트구조,1758,단일계약,상주선임,P형,고가수조식,위탁관리,18,700,0,무,65,"관리사무소, 노인정, 어린이놀이터, 휴게시설, 자전거보관소",5~10분이내,,,,관공서(당감1동사무소) 병원(박치과의원),"초등학교(당평초,당감초,동평초) 중학교(개금여중) 고등학교(경원고,개성고)",0,0,Y
2026-08,A61475202,태화현대1차아파트,부산진구,당감동,668.0,0,0,0.0,0.0,0.0,0.0,0.0,,,,,True,산정 불완전,평형별 세대수 보완 필요,c38eb7731a2edbf2c405dc922468ded84aa651100a03e86668e60fb8b6b0b8e7,[],현재 확보 자료로 재구성한 과거 추정치; 과거 세대 구성 미확인,False,555b475dcef496b2254b825ba10b0724d7994196dba4c4e18f34e7f5aa4db599,54cb25d3544257419c8c9faa1ee168a8848dbea69689888cc0985fdd2c7a4797,5fb6c1e071a73763f6eb52e67a11f05f6d609819ae4f39c925745faf40f5b4fd,8b30a9aec44c70f7b04a7800,2026-09-17T13:53:18.573481+09:00,태화현대1차아파트,2623010900,부산광역시,부산진구,당감동,,부산광역시 부산진구 당감동 109-1 태화현대1차아파트,분양,개별난방,76350.46,6,668.0,현대건설(주),현대건설(주),0518948094, ,아파트,부산광역시 부산진구 가야대로 635-20,위탁관리,계단식,19960105,0518948095,668,67498.84,240.0,336.0,92.0,0.0,53089.72,25,25,2,14,47275,위탁관리,5,(주)삼성티엠에스,위탁관리,8,(주)목평인력개발,위탁관리,6,차량수거방식,위탁관리,5,,철골콘크리트구조,1600,단일계약,상주선임,P형,부스타방식,위탁관리,14,173,337,무,111,"관리사무소, 노인정, 주민공동시설, 어린이놀이터",5분이내,2호선,,5분이내,"관공서(부산진구청) 병원(온종합병원, 백병원) 백화점(서면롯데백화점)",초등학교(가야초등학교) 대학교(동의대학교),0,11,Y
2026-08,A61475903,태화현대2차아파트,부산진구,당감동,820.0,0,0,0.0,0.0,0.0,0.0,0.0,,,,,True,산정 불완전,평형별 세대수 보완 필요,c38eb7731a2edbf2c405dc922468ded84aa651100a03e86668e60fb8b6b0b8e7,[],현재 확보 자료로 재구성한 과거 추정치; 과거 세대 구성 미확인,False,555b475dcef496b2254b825ba10b0724d7994196dba4c4e18f34e7f5aa4db599,54cb25d3544257419c8c9faa1ee168a8848dbea69689888cc0985fdd2c7a4797,5fb6c1e071a73763f6eb52e67a11f05f6d609819ae4f39c925745faf40f5b4fd,8b30a9aec44c70f7b04a7800,2026-09-17T13:53:18.573481+09:00,태화현대2차아파트,2623010900,부산광역시,부산진구,당감동,,부산광역시 부산진구 당감동 123 태화현대2차아파트,분양,개별난방,98065.94,9,820.0,현대건설,(주)태화,0518966252,없음,아파트,부산광역시 부산진구 가야대로 635-13,위탁관리,계단식,19960607,0518966253,820,83453.12,328.0,320.0,172.0,0.0,65931.48,25,25,2,18,47274,위탁관리,6,(주)우림종합관리,위탁관리,6,(주)삼성보안공사,위탁관리,8,음식물쓰레기종량제,위탁관리,3,분무식,철근콘크리트구조,2600,단일계약,상주선임,P형,부스타방식,위탁관리,18,168,492,무,128,"관리사무소, 노인정, 어린이놀이터, 자전거보관소",5~10분이내,2호선,,5~10분이내,관공서(당감2동주민센터) 병원(백병원) 백화점(롯데백화점) 대형상가(홈플러스),"초등학교(가야초) 중학교(개금여중) 고등학교(경원고,개성고)",0,14,Y
2026-08,A61477806,국제백양아파트,부산진구,당감동,1153.0,0,0,0.0,0.0,0.0,0.0,0.0,,,,,True,산정 불완전,평형별 세대수 보완 필요,c38eb7731a2edbf2c405dc922468ded84aa651100a03e86668e60fb8b6b0b8e7,[],현재 확보 자료로 재구성한 과거 추정치; 과거 세대 구성 미확인,False,555b475dcef496b2254b825ba10b0724d7994196dba4c4e18f34e7f5aa4db599,54cb25d3544257419c8c9faa1ee168a8848dbea69689888cc0985fdd2c7a4797,5fb6c1e071a73763f6eb52e67a11f05f6d609819ae4f39c925745faf40f5b4fd,8b30a9aec44c70f7b04a7800,2026-09-17T13:53:18.573481+09:00,국제백양아파트,2623010900,부산광역시,부산진구,당감동,,부산광역시 부산진구 당감동 791 국제백양아파트,분양,개별난방,118772.0,11,1153.0,국제종합토건(주),금융조합,0518976483, ,아파트,부산광역시 부산진구 백양관문로 104,위탁관리,혼합식,19950121,0518976485,1153,113579.92,150.0,1003.0,0.0,0.0,92229.7725,15,15,0,35,47157,위탁관리,8,(주)삼성T.M.S,위탁관리,10,(주)비앤에이서비스,위탁관리,6,음식물쓰레기종량제,위탁관리,3,"도포식,분무식",철근콘크리트구조,2250,단일계약,상주선임,P형,부스타방식,위탁관리,35,837,0,무,120,"관리사무소, 노인정, 어린이놀이터, 기타",5분이내,2호선,,,관공서(당감1동주민센터) 병원(미래메디컬의원) 백화점(롯데백화점 부산본점) 대형상가(홈플러스 가야점) 공원(개금테마공원),"초등학교(개원초등학교) 중학교(개금여자중학교, 광무여자중학교) 고등학교(개성고등학교, 경원고등학교) 대학교(동의대학교)",18,0,Y
2026-08,A61479605,당감동일스위트아파트,부산진구,당감동,1090.0,0,0,0.0,0.0,0.0,0.0,0.0,,,,,True,산정 불완전,평형별 세대수 보완 필요,c38eb7731a2edbf2c405dc922468ded84aa651100a03e86668e60fb8b6b0b8e7,[],현재 확보 자료로 재구성한 과거 추정치; 과거 세대 구성 미확인,False,555b475dcef496b2254b825ba10b0724d7994196dba4c4e18f34e7f5aa4db599,54cb25d3544257419c8c9faa1ee168a8848dbea69689888cc0985fdd2c7a4797,5fb6c1e071a73763f6eb52e67a11f05f6d609819ae4f39c925745faf40f5b4fd,8b30a9aec44c70f7b04a7800,2026-09-17T13:53:18.573481+09:00,당감동일스위트아파트,2623010900,부산광역시,부산진구,당감동,,부산광역시 부산진구 당감동 807-4 당감동일스위트아파트,분양,개별난방,155557.0,10,1090.0,(주)동일,(주)동일,0518989787, ,아파트,부산광역시 부산진구 백양관문로 115,위탁관리,계단식,20050328,0518989789,1090,118069.72,250.0,740.0,100.0,0.0,88561.8128,25,25,0,22,47163,위탁관리,7,(주)삼성보안공사,위탁관리,16,(주)삼성보안공사,위탁관리,7,음식물쓰레기종량제,위탁관리,4,분무식,철근콘크리트구조,3350,단일계약,상주선임,R형,부스타방식,위탁관리,22,379,886,무,128,"관리사무소, 노인정, 보육시설, 어린이놀이터, 유치원, 자전거보관소",5~10분이내,2호선,,,병원(삼성치과의원),"초등학교(당평초,당감초,동평초) 중학교(개금여중) 고등학교(경원고,개성고)",0,26,Y
2026-08,A61482207,개금주공3단지아파트,부산진구,당감동,2716.0,0,0,0.0,0.0,0.0,0.0,0.0,,,,,True,산정 불완전,평형별 세대수 보완 필요,c38eb7731a2edbf2c405dc922468ded84aa651100a03e86668e60fb8b6b0b8e7,[],현재 확보 자료로 재구성한 과거 추정치; 과거 세대 구성 미확인,False,555b475dcef496b2254b825ba10b0724d7994196dba4c4e18f34e7f5aa4db599,54cb25d3544257419c8c9faa1ee168a8848dbea69689888cc0985fdd2c7a4797,5fb6c1e071a73763f6eb52e67a11f05f6d609819ae4f39c925745faf40f5b4fd,8b30a9aec44c70f7b04a7800,2026-09-17T13:53:18.573481+09:00,개금주공3단지아파트,2623010900,부산광역시,부산진구,당감동,,부산광역시 부산진구 당감동 516 개금주공3단지아파트,분양,중앙난방,194323.2,20,2716.0,대한주택공사,대한주택공사,0518911996,www.hebibi.com/2056,아파트,부산광역시 부산진구 백양관문로 10,위탁관리,복도식,19890601,0518921996,2723,191760.2,2236.0,480.0,0.0,0.0,139359.67,15,15,0,33,47179,위탁관리,16,(주)하나종합관리,위탁관리,41,남부건업(주),위탁관리,18,음식물쓰레기종량제,위탁관리,6,분무식,철근콘크리트구조,4850,단일계약,상주선임,P형,부스타방식,위탁관리,33,1091,0,무,122,"관리사무소, 노인정, 어린이놀이터",5~10분이내,2호선,,5~10분이내,,"초등학교(당평초,당감초,동평초) 중학교(개금여중) 고등학교(경원고,개성고)",0,0,Y
2026-08,A61482302,백양뜨란채아파트,부산진구,당감동,851.0,0,0,0.0,0.0,0.0,0.0,0.0,,,,,True,산정 불완전,평형별 세대수 보완 필요,c38eb7731a2edbf2c405dc922468ded84aa651100a03e86668e60fb8b6b0b8e7,[],현재 확보 자료로 재구성한 과거 추정치; 과거 세대 구성 미확인,False,555b475dcef496b2254b825ba10b0724d7994196dba4c4e18f34e7f5aa4db599,54cb25d3544257419c8c9faa1ee168a8848dbea69689888cc0985fdd2c7a4797,5fb6c1e071a73763f6eb52e67a11f05f6d609819ae4f39c925745faf40f5b4fd,8b30a9aec44c70f7b04a7800,2026-09-17T13:53:18.573481+09:00,백양뜨란채아파트,2623010900,부산광역시,부산진구,당감동,,부산광역시 부산진구 당감동 797 백양뜨란채아파트,분양,개별난방,88506.914,13,851.0,"자유건설, 영남건설",대한주택공사,0518968584,없음,아파트,부산광역시 부산진구 백양산로53번길 125,위탁관리,혼합식,19990721,0518968583,851,68882.81,793.0,58.0,0.0,0.0,52351.88,25,25,0,15,47156,위탁관리,6,(주)주우관리,위탁관리,10,(주)장천,위탁관리,7,차량수거방식,위탁관리,5,"도포식,분무식",철근콘크리트구조,1450,단일계약,상주선임,R형,부스타방식,위탁관리,15,57,537,무,148,"관리사무소, 노인정, 보육시설, 어린이놀이터, 자전거보관소",5~10분이내,2호선,,,관공서(당감4동 주민센터) 병원(온병원) 백화점(서면 롯데백화점) 대형상가(이마트 트레이더스) 공원(가족공원),"초등학교(동원초) 중학교(동양중) 고등학교(경원고,개성고,부산국제고) 대학교(동의대)",0,12,Y
2026-08,A61482303,백양푸른채,부산진구,당감동,1116.0,0,0,0.0,0.0,0.0,0.0,0.0,,,,,True,산정 불완전,평형별 세대수 보완 필요,c38eb7731a2edbf2c405dc922468ded84aa651100a03e86668e60fb8b6b0b8e7,[],현재 확보 자료로 재구성한 과거 추정치; 과거 세대 구성 미확인,False,555b475dcef496b2254b825ba10b0724d7994196dba4c4e18f34e7f5aa4db599,54cb25d3544257419c8c9faa1ee168a8848dbea69689888cc0985fdd2c7a4797,5fb6c1e071a73763f6eb52e67a11f05f6d609819ae4f39c925745faf40f5b4fd,8b30a9aec44c70f7b04a7800,2026-09-17T13:53:18.573481+09:00,백양푸른채,2623010900,부산광역시,부산진구,당감동,,부산광역시 부산진구 당감동 794 백양푸른채,분양,개별난방,89620.0,13,1116.0,(주)한양,대한주택공사,0518940275, ,아파트,부산광역시 부산진구 백양산로53번길 62,자치관리,혼합식,19991127,0518940274,1117,89522.73,1062.0,54.0,0.0,0.0,65885.74,25,25,0,24,47155,자치관리,7,,위탁관리,12,(주)혜강종합관리,위탁관리,7,음식물쓰레기종량제,위탁관리,4,분무식,철근콘크리트구조,3200,단일계약,상주선임,R형,고가수조식,위탁관리,24,535,200,무,171,"관리사무소, 노인정, 보육시설, 주민공동시설, 어린이놀이터, 휴게시설, 자전거보관소",15~20분이내,"1호선, 2호선",,15~20분이내,관공서(당감4동 주민센타) 병원(백양메디칼센타) 공원(백양산),"초등학교(당평초,당감초,동평초) 중학교(개금여중) 고등학교(경원고,개성고)",0,75,Y
2026-08,A10020213,가야역롯데캐슬스카이엘아파트,부산진구,가야동,725.0,0,0,0.0,0.0,0.0,0.0,0.0,,,,,True,산정 불완전,평형별 세대수 보완 필요,c38eb7731a2edbf2c405dc922468ded84aa651100a03e86668e60fb8b6b0b8e7,[],현재 확보 자료로 재구성한 과거 추정치; 과거 세대 구성 미확인,False,555b475dcef496b2254b825ba10b0724d7994196dba4c4e18f34e7f5aa4db599,54cb25d3544257419c8c9faa1ee168a8848dbea69689888cc0985fdd2c7a4797,5fb6c1e071a73763f6eb52e67a11f05f6d609819ae4f39c925745faf40f5b4fd,8b30a9aec44c70f7b04a7800,2026-09-17T13:53:18.573481+09:00,가야역롯데캐슬스카이엘아파트,2623011000,부산광역시,부산진구,가야동,,부산광역시 부산진구 가야동 3-11 가야역롯데캐슬스카이엘아파트,분양,개별난방,110721.41,4,725.0,롯데건설,케이리츠,0518962411, ,주상복합,부산광역시 부산진구 가야대로 661,위탁관리,계단식,20260122,0518972411,725,79378.375,0.0,120.0,605.0,0.0,79378.3761,43,0,4,15,,위탁관리,9,(주)듀델코리아,위탁관리,,(주)듀델코리아,위탁관리,8,음식물쓰레기종량제,관리방식미정,,,철골철근콘크리트구조,5250,종합계약,상주선임,R형,부스타방식,위탁관리,20,0,826,유,313,,,,,,,,0,0,Y
2026-08,A10023627,가야롯데캐슬 골드아너,부산진구,가야동,935.0,0,0,0.0,0.0,0.0,0.0,0.0,,,,,True,산정 불완전,평형별 세대수 보완 필요; 임대·혼합 또는 분양 범위 미확인,c38eb7731a2edbf2c405dc922468ded84aa651100a03e86668e60fb8b6b0b8e7,[],현재 확보 자료로 재구성한 과거 추정치; 과거 세대 구성 미확인,False,555b475dcef496b2254b825ba10b0724d7994196dba4c4e18f34e7f5aa4db599,54cb25d3544257419c8c9faa1ee168a8848dbea69689888cc0985fdd2c7a4797,5fb6c1e071a73763f6eb52e67a11f05f6d609819ae4f39c925745faf40f5b4fd,8b30a9aec44c70f7b04a7800,2026-09-17T13:53:18.573481+09:00,가야롯데캐슬 골드아너,2623011000,부산광역시,부산진구,가야동,,부산광역시 부산진구 가야동 186 가야롯데캐슬 골드아너,혼합,개별난방,147483.55,6,935.0,롯데건설,가야3구역 주택재개발정비사업조함,0518984535, ,아파트,부산광역시 부산진구 가야대로 538,위탁관리,혼합식,20220929,0518984536,935,93898.43,418.0,416.0,101.0,0.0,69086.6086,36,36,3,16,47326,위탁관리,8,(주)하나종합관리,위탁관리,7,썬앤문주식회사,위탁관리,9,음식물쓰레기종량제,위탁관리,3,"도포식,분무식",철근콘크리트구조,4636,종합계약,상주선임,GR형,부스타방식,위탁관리,16,0,1360,유,388,"관리사무소, 노인정, 보육시설, 문고, 주민공동시설, 어린이놀이터, 휴게시설, 유치원, 커뮤니티공간, 자전거보관소",5분이내,2호선,,5분이내,,,0,30,Y
2026-08,A61476403,가야벽산아파트,부산진구,가야동,1772.0,0,0,0.0,0.0,0.0,0.0,0.0,,,,,True,산정 불완전,평형별 세대수 보완 필요,c38eb7731a2edbf2c405dc922468ded84aa651100a03e86668e60fb8b6b0b8e7,[],현재 확보 자료로 재구성한 과거 추정치; 과거 세대 구성 미확인,False,555b475dcef496b2254b825ba10b0724d7994196dba4c4e18f34e7f5aa4db599,54cb25d3544257419c8c9faa1ee168a8848dbea69689888cc0985fdd2c7a4797,5fb6c1e071a73763f6eb52e67a11f05f6d609819ae4f39c925745faf40f5b4fd,8b30a9aec44c70f7b04a7800,2026-09-17T13:53:18.573481+09:00,가야벽산아파트,2623011000,부산광역시,부산진구,가야동,,부산광역시 부산진구 가야동 668 가야벽산아파트,분양,개별난방,210987.9,21,1772.0,벽산건설주식회사,벽산건설주식회사,0518929949, ,아파트,부산광역시 부산진구 엄광로 68,위탁관리,계단식,19910128,0518932465,1772,205471.78,0.0,1274.0,228.0,270.0,169994.84,15,15,1,66,47391,위탁관리,10,(주)명건,위탁관리,30,(주)목평인력개발,위탁관리,20,음식물쓰레기종량제,위탁관리,3,분무식,철근콘크리트구조,5400,단일계약,상주선임,P형,부스타방식,위탁관리,66,1338,0,유,227,"관리사무소, 노인정, 어린이놀이터",5분이내,2호선,,15~20분이내,"관공서(가야2동주민센터, 개금2동주민센터) 병원(인제대학교 부산백병원) 공원(가야공원)","초등학교(가평초,주원초) 중학교(가야여중, 개성중) 고등학교(가야고) 대학교(동의대)",0,0,Y
2026-08,A61479502,가야반도보라빌,부산진구,가야동,1048.0,0,0,0.0,0.0,0.0,0.0,0.0,,,,,True,산정 불완전,평형별 세대수 보완 필요,c38eb7731a2edbf2c405dc922468ded84aa651100a03e86668e60fb8b6b0b8e7,[],현재 확보 자료로 재구성한 과거 추정치; 과거 세대 구성 미확인,False,555b475dcef496b2254b825ba10b0724d7994196dba4c4e18f34e7f5aa4db599,54cb25d3544257419c8c9faa1ee168a8848dbea69689888cc0985fdd2c7a4797,5fb6c1e071a73763f6eb52e67a11f05f6d609819ae4f39c925745faf40f5b4fd,8b30a9aec44c70f7b04a7800,2026-09-17T13:53:18.573481+09:00,가야반도보라빌,2623011000,부산광역시,부산진구,가야동,,부산광역시 부산진구 가야동 588 가야반도보라빌,분양,개별난방,159897.0,11,1048.0,반도건설,반도건설,0518989660, ,아파트,부산광역시 부산진구 가야공원로 41,위탁관리,계단식,20050202,0518989662,1048,119828.11,0.0,844.0,204.0,0.0,93326.8695,25,25,3,26,47383,위탁관리,8,(주)명건,위탁관리,14,(주)목평,위탁관리,9,음식물쓰레기종량제,위탁관리,3,"도포식,분무식,독이식",철골철근콘크리트구조,3850,단일계약,상주선임,R형,부스타방식,위탁관리,26,196,1113,유,197,"관리사무소, 노인정, 보육시설, 어린이놀이터, 자전거보관소",5~10분이내,2호선,,5~10분이내,,,0,102,Y
2026-08,A10023409,이진젠시티,부산진구,개금동,736.0,0,0,0.0,0.0,0.0,0.0,0.0,,,,,True,산정 불완전,평형별 세대수 보완 필요,c38eb7731a2edbf2c405dc922468ded84aa651100a03e86668e60fb8b6b0b8e7,[],현재 확보 자료로 재구성한 과거 추정치; 과거 세대 구성 미확인,False,555b475dcef496b2254b825ba10b0724d7994196dba4c4e18f34e7f5aa4db599,54cb25d3544257419c8c9faa1ee168a8848dbea69689888cc0985fdd2c7a4797,5fb6c1e071a73763f6eb52e67a11f05f6d609819ae4f39c925745faf40f5b4fd,8b30a9aec44c70f7b04a7800,2026-09-17T13:53:18.573481+09:00,이진젠시티,2623011100,부산광역시,부산진구,개금동,,부산광역시 부산진구 개금동 187-1 이진젠시티,분양,개별난방,132788.84,4,736.0,이진종합건설(주),이진종합건설(주),0518912003,www.aptree.co.kr/home/user/2862,주상복합,부산광역시 부산진구 가야대로 497,위탁관리,혼합식,20230126,0518962004,736,79073.484,0.0,646.0,90.0,0.0,60868.2788,49,49,6,0,47269,위탁관리,7,(주)하나종합관리,위탁관리,5,에스원,위탁관리,7,음식물쓰레기종량제,위탁관리,3,"분무식,기구부착식",철골철근콘크리트구조,4000,단일계약,상주선임,R형,부스타방식,위탁관리,16,0,954,유,130,"관리사무소, 노인정, 보육시설, 문고, 주민공동시설, 어린이놀이터, 휴게시설, 커뮤니티공간, 자전거보관소",5분이내,2호선,,5분이내,관공서() 병원() 대형상가() 공원(),초등학교() 중학교() 고등학교() 대학교(),0,20,Y
2026-08,A10026363,금강펜테리움 더 스퀘어,부산진구,개금동,620.0,0,0,0.0,0.0,0.0,0.0,0.0,,,,,True,산정 불완전,평형별 세대수 보완 필요,c38eb7731a2edbf2c405dc922468ded84aa651100a03e86668e60fb8b6b0b8e7,[],현재 확보 자료로 재구성한 과거 추정치; 과거 세대 구성 미확인,False,555b475dcef496b2254b825ba10b0724d7994196dba4c4e18f34e7f5aa4db599,54cb25d3544257419c8c9faa1ee168a8848dbea69689888cc0985fdd2c7a4797,5fb6c1e071a73763f6eb52e67a11f05f6d609819ae4f39c925745faf40f5b4fd,8b30a9aec44c70f7b04a7800,2026-09-17T13:53:18.573481+09:00,금강펜테리움 더 스퀘어,2623011100,부산광역시,부산진구,개금동,,부산광역시 부산진구 개금동 875 금강펜테리움 더 스퀘어,분양,개별난방,84987.44,4,620.0,(주)금강주택,(주)하이아트이앤씨,0518953033, ,주상복합,부산광역시 부산진구 가야대로 450,위탁관리,계단식,20180227,0518953032,620,72281.18,0.0,619.0,0.0,1.0,51773.8606,39,39,5,21,47323,위탁관리,7,(주)디이씨오,위탁관리,6,(주)에스원,위탁관리,8,거점장비수거방식,위탁관리,5,"도포식,분무식",철골콘크리트구조,7200,종합계약,상주선임,R형,부스타방식,위탁관리,22,115,659,유,242,"관리사무소, 노인정, 보육시설, 문고, 주민공동시설, 어린이놀이터, 휴게시설, 유치원, 커뮤니티공간, 자전거보관소, 기타",5분이내,2호선,,5분이내,"관공서(개금1동주민센터, 개금1치안센터 등) 병원(부산백병원, 참병원, 미래여성병원 등) 대형상가(홈플러스)","초등학교(개금초등학교, 주원초등학교, 가평초등학교, 주학초등학교) 중학교(주례중학교, 주례여자중학교) 고등학교(주례여자고등학교) 대학교(경남정보대학교, 동서대학교, 인제대학교의과대학)",11,5,Y
2026-08,A61475512,개금주공2단지,부산진구,개금동,2544.0,0,0,0.0,0.0,0.0,0.0,0.0,,,,,True,산정 불완전,평형별 세대수 보완 필요,c38eb7731a2edbf2c405dc922468ded84aa651100a03e86668e60fb8b6b0b8e7,[],현재 확보 자료로 재구성한 과거 추정치; 과거 세대 구성 미확인,False,555b475dcef496b2254b825ba10b0724d7994196dba4c4e18f34e7f5aa4db599,54cb25d3544257419c8c9faa1ee168a8848dbea69689888cc0985fdd2c7a4797,5fb6c1e071a73763f6eb52e67a11f05f6d609819ae4f39c925745faf40f5b4fd,8b30a9aec44c70f7b04a7800,2026-09-17T13:53:18.573481+09:00,개금주공2단지,2623011100,부산광역시,부산진구,개금동,,부산광역시 부산진구 개금동 53 개금주공2단지,분양,개별난방,189707.0,18,2544.0,대한주택공사,대한주택공사,0518956631,hebibi.com/2055,아파트,부산광역시 부산진구 백양관문로 7,위탁관리,복도식,19880630,0518956466,2544,183121.8,1704.0,840.0,0.0,0.0,131860.1,15,15,0,33,47171,위탁관리,13,(주)디이씨오,위탁관리,38,(주)청진시스템,위탁관리,11,거점장비수거방식,위탁관리,5,"분무식,기구부착식",철근콘크리트구조,4450,단일계약,상주선임,P형,부스타방식,위탁관리,33,897,0,무,194,"관리사무소, 노인정, 주민공동시설, 어린이놀이터, 유치원",5분이내,2호선,,5~10분이내,병원(백병원) 대형상가(홈플러스) 공원(개금그린공원),초등학교(개포초) 중학교(광무여중) 고등학교(개금고) 대학교(동의대),0,0,Y
2026-08,A61477009,개금우드빌,부산진구,개금동,980.0,0,0,0.0,0.0,0.0,0.0,0.0,,,,,True,산정 불완전,평형별 세대수 보완 필요,c38eb7731a2edbf2c405dc922468ded84aa651100a03e86668e60fb8b6b0b8e7,[],현재 확보 자료로 재구성한 과거 추정치; 과거 세대 구성 미확인,False,555b475dcef496b2254b825ba10b0724d7994196dba4c4e18f34e7f5aa4db599,54cb25d3544257419c8c9faa1ee168a8848dbea69689888cc0985fdd2c7a4797,5fb6c1e071a73763f6eb52e67a11f05f6d609819ae4f39c925745faf40f5b4fd,8b30a9aec44c70f7b04a7800,2026-09-17T13:53:18.573481+09:00,개금우드빌,2623011100,부산광역시,부산진구,개금동,,부산광역시 부산진구 개금동 1-7 개금우드빌,분양,개별난방,70175.0,8,980.0,도시개발공사,(주)국제종합토건,0518967286, ,아파트,부산광역시 부산진구 백양대로208번길 144,위탁관리,복도식,19940709,0518972898,980,69289.24,980.0,0.0,0.0,0.0,48056,20,20,1,16,47165,위탁관리,6,(주)하나종합관리,위탁관리,10,(주)목평,위탁관리,3,음식물쓰레기종량제,위탁관리,4,도포식,철근콘크리트구조,2200,단일계약,상주선임,P형,부스타방식,위탁관리,16,515,20,무,85,"관리사무소, 노인정, 주민공동시설, 어린이놀이터, 휴게시설",5분이내,,,,병원(백병원) 대형상가(홈플러스) 공원(개금그린공원),초등학교(개원초) 중학교(광무여중) 고등학교(개금고) 대학교(동의대),11,0,Y
2026-08,A61477105,개금아이파크,부산진구,개금동,1424.0,0,0,0.0,0.0,0.0,0.0,0.0,,,,,True,산정 불완전,평형별 세대수 보완 필요,c38eb7731a2edbf2c405dc922468ded84aa651100a03e86668e60fb8b6b0b8e7,[],현재 확보 자료로 재구성한 과거 추정치; 과거 세대 구성 미확인,False,555b475dcef496b2254b825ba10b0724d7994196dba4c4e18f34e7f5aa4db599,54cb25d3544257419c8c9faa1ee168a8848dbea69689888cc0985fdd2c7a4797,5fb6c1e071a73763f6eb52e67a11f05f6d609819ae4f39c925745faf40f5b4fd,8b30a9aec44c70f7b04a7800,2026-09-17T13:53:18.573481+09:00,개금아이파크,2623011100,부산광역시,부산진구,개금동,,부산광역시 부산진구 개금동 618-2 개금아이파크,분양,개별난방,197874.77,18,1424.0,현대산업개발(주),개금2동주공아파트재건축주택조합,0519144880, ,아파트,부산광역시 부산진구 복지로 70,위탁관리,계단식,20020628,0518934880,1424,149350.08,284.0,874.0,228.0,38.0,118163.18,19,19,4,38,47387,위탁관리,9,(주)하나종합관리,위탁관리,13,(주)듀델코리아,위탁관리,12,음식물쓰레기종량제,위탁관리,4,도포식,철근콘크리트구조,3400,단일계약,상주선임,R형,부스타방식,위탁관리,38,449,1224,무,165,"관리사무소, 노인정, 보육시설, 어린이놀이터, 휴게시설, 자전거보관소",5~10분이내,2호선,,5분이내,병원(백병원),초등학교(개금초) 대학교(동의대),0,44,Y
2026-08,A61477403,개금시영아파트,부산진구,개금동,633.0,0,0,0.0,0.0,0.0,0.0,0.0,,,,,True,산정 불완전,평형별 세대수 보완 필요,c38eb7731a2edbf2c405dc922468ded84aa651100a03e86668e60fb8b6b0b8e7,[],현재 확보 자료로 재구성한 과거 추정치; 과거 세대 구성 미확인,False,555b475dcef496b2254b825ba10b0724d7994196dba4c4e18f34e7f5aa4db599,54cb25d3544257419c8c9faa1ee168a8848dbea69689888cc0985fdd2c7a4797,5fb6c1e071a73763f6eb52e67a11f05f6d609819ae4f39c925745faf40f5b4fd,8b30a9aec44c70f7b04a7800,2026-09-17T13:53:18.573481+09:00,개금시영아파트,2623011100,부산광역시,부산진구,개금동,,부산광역시 부산진구 개금동 627-1 개금시영아파트,분양,개별난방,27627.6,17,633.0,부산시,부산시,0518915287, ,아파트,부산광역시 부산진구 진사로61번길 29,자치관리,계단식,19750101,0518955287,633,25953.0,633.0,0.0,0.0,0.0,25174.79,5,5,0,0,47393,자치관리,2,,,,,위탁관리(직영+위탁),3,차량수거방식,자치관리,12,,철골철근콘크리트구조,200,기타,선정안함,기타,기타,,0,30,0,무,32,"관리사무소, 노인정",5~10분이내,2호선,,20분초과,관공서(개금2동사무소) 병원(백병원) 대형상가(홈플러스),초등학교(개금초) 고등학교(주례여자고등학교) 대학교(동의대),0,0,Y
2026-08,A61480908,동원화인패밀리타운,부산진구,개금동,894.0,0,0,0.0,0.0,0.0,0.0,0.0,,,,,True,산정 불완전,평형별 세대수 보완 필요,c38eb7731a2edbf2c405dc922468ded84aa651100a03e86668e60fb8b6b0b8e7,[],현재 확보 자료로 재구성한 과거 추정치; 과거 세대 구성 미확인,False,555b475dcef496b2254b825ba10b0724d7994196dba4c4e18f34e7f5aa4db599,54cb25d3544257419c8c9faa1ee168a8848dbea69689888cc0985fdd2c7a4797,5fb6c1e071a73763f6eb52e67a11f05f6d609819ae4f39c925745faf40f5b4fd,8b30a9aec44c70f7b04a7800,2026-09-17T13:53:18.573481+09:00,동원화인패밀리타운,2623011100,부산광역시,부산진구,개금동,,부산광역시 부산진구 개금동 1-12 동원화인패밀리타운,분양,개별난방,128002.77,5,894.0,"동원개발,화인건설","동원개발,화인건설",0518960257, ,아파트,부산광역시 부산진구 백양관문로77번길 55,위탁관리,계단식,19951024,0518983055,894,110664.92,0.0,546.0,348.0,0.0,89474.76,25,25,0,19,47164,위탁관리,7,(주)주우관리,위탁관리,8,(주)장천,위탁관리,6,음식물쓰레기종량제,위탁관리,4,"분무식,기구부착식",철근콘크리트구조,1850,단일계약,상주선임,R형,부스타방식,위탁관리,19,413,542,유,110,"관리사무소, 노인정, 어린이놀이터",5분이내,2호선,,5~10분이내,,,20,5,Y
2026-08,A61480910,개금2지구도개공임대아파트,부산진구,개금동,990.0,0,0,0.0,0.0,0.0,0.0,0.0,,,,,True,산정 불완전,평형별 세대수 보완 필요; 임대·혼합 또는 분양 범위 미확인,c38eb7731a2edbf2c405dc922468ded84aa651100a03e86668e60fb8b6b0b8e7,[],현재 확보 자료로 재구성한 과거 추정치; 과거 세대 구성 미확인,False,555b475dcef496b2254b825ba10b0724d7994196dba4c4e18f34e7f5aa4db599,54cb25d3544257419c8c9faa1ee168a8848dbea69689888cc0985fdd2c7a4797,5fb6c1e071a73763f6eb52e67a11f05f6d609819ae4f39c925745faf40f5b4fd,8b30a9aec44c70f7b04a7800,2026-09-17T13:53:18.573481+09:00,개금2지구도개공임대아파트,2623011100,부산광역시,부산진구,개금동,,부산광역시 부산진구 개금동 1-1 개금2지구도개공임대아파트,임대,중앙난방,39677.22,6,990.0,남흥건설,부산도시공사,0518980051, ,아파트,부산광역시 부산진구 백양관문로77번길 145,자치관리,복도식,19940709,0518980052,990,39677.22,990.0,0.0,0.0,0.0,26373.6,15,15,0,9,47166,자치관리,7,,위탁관리,14,(주)에스코아,위탁관리,4,차량수거방식,위탁관리,4,"도포식,분무식",철근콘크리트구조,1250,단일계약,상주선임,R형,부스타방식,위탁관리,12,255,0,무,61,"관리사무소, 노인정, 보육시설, 어린이놀이터",5분이내,2호선,,10~15분이내,병원(백병원) 대형상가(홈플러스),초등학교(개원초) 중학교(광무여중) 고등학교(개금고교) 대학교(동의대),5,0,Y
2026-08,A61481111,신개금LG아파트,부산진구,개금동,2510.0,0,0,0.0,0.0,0.0,0.0,0.0,,,,,True,산정 불완전,평형별 세대수 보완 필요,c38eb7731a2edbf2c405dc922468ded84aa651100a03e86668e60fb8b6b0b8e7,[],현재 확보 자료로 재구성한 과거 추정치; 과거 세대 구성 미확인,False,555b475dcef496b2254b825ba10b0724d7994196dba4c4e18f34e7f5aa4db599,54cb25d3544257419c8c9faa1ee168a8848dbea69689888cc0985fdd2c7a4797,5fb6c1e071a73763f6eb52e67a11f05f6d609819ae4f39c925745faf40f5b4fd,8b30a9aec44c70f7b04a7800,2026-09-17T13:53:18.573481+09:00,신개금LG아파트,2623011100,부산광역시,부산진구,개금동,,부산광역시 부산진구 개금동 455 신개금LG아파트,분양,개별난방,330137.22,24,2510.0,엘지건설,엘지건설,0518958586,aptree.co.kr,아파트,부산광역시 부산진구 백양대로300번길 20,위탁관리,계단식,19981102,0518958833,2510,259840.39,1081.0,951.0,444.0,34.0,206881.78,27,27,0,54,47174,위탁관리,15,부경공영(주),위탁관리,48,(주)보승,위탁관리,22,음식물쓰레기종량제,위탁관리,3,,철근콘크리트구조,7600,단일계약,상주선임,P형,고가수조식,위탁관리,54,436,2245,무,355,"관리사무소, 노인정, 보육시설, 주민공동시설, 어린이놀이터, 휴게시설",5~10분이내,2호선,,5~10분이내,관공서(개금3동사무소) 병원(백병원) 대형상가(홈플러스),초등학교(개금초) 중학교(개림중) 대학교(동의대),0,10,Y
2026-08,A10025342,e편한세상동래명장,동래구,명장동,1384.0,0,0,0.0,0.0,0.0,0.0,0.0,,,,,True,산정 불완전,평형별 세대수 보완 필요; 임대·혼합 또는 분양 범위 미확인,c38eb7731a2edbf2c405dc922468ded84aa651100a03e86668e60fb8b6b0b8e7,[],현재 확보 자료로 재구성한 과거 추정치; 과거 세대 구성 미확인,False,555b475dcef496b2254b825ba10b0724d7994196dba4c4e18f34e7f5aa4db599,54cb25d3544257419c8c9faa1ee168a8848dbea69689888cc0985fdd2c7a4797,5fb6c1e071a73763f6eb52e67a11f05f6d609819ae4f39c925745faf40f5b4fd,8b30a9aec44c70f7b04a7800,2026-09-17T13:53:18.573481+09:00,e편한세상동래명장,2626010100,부산광역시,동래구,명장동,,부산광역시 동래구 명장동 431 e편한세상동래명장,혼합,개별난방,212770.38,17,0.0,대림산업(주),명장1구역 주택재개발정비사업조합,0515329107,epdm9107.aptner.com/,아파트,부산광역시 동래구 명장로 65,위탁관리,계단식,20190805,0515329108,1384,143105.77,0.0,0.0,0.0,0.0,215509.06,29,29,3,35,47767,위탁관리,10,(주)에이치엠 우성,위탁관리,9,(주)에스원,위탁관리,15,거점장비수거방식,위탁관리,4,분무식,철근콘크리트구조,5950,종합계약,기타,R형,부스타방식,위탁관리(직영+위탁),35,0,1607,유,513,"관리사무소, 노인정, 보육시설, 문고, 주민공동시설, 어린이놀이터, 휴게시설, 커뮤니티공간, 자전거보관소, 기타",5분이내,4호선,,10~15분이내,"관공서(동래구청,동래소방서,동래경찰서) 병원() 백화점(롯데백화점) 대형상가(LG마트) 공원(대동병원)","초등학교(명동초등학교) 중학교(충렬중학교 ,혜화여자중학교) 고등학교(금정고교,충렬고등학교) 대학교(부산대학교)",0,33,Y
2026-08,A10026360,동래동일스위트,동래구,명장동,702.0,0,0,0.0,0.0,0.0,0.0,0.0,,,,,True,산정 불완전,평형별 세대수 보완 필요,c38eb7731a2edbf2c405dc922468ded84aa651100a03e86668e60fb8b6b0b8e7,[],현재 확보 자료로 재구성한 과거 추정치; 과거 세대 구성 미확인,False,555b475dcef496b2254b825ba10b0724d7994196dba4c4e18f34e7f5aa4db599,54cb25d3544257419c8c9faa1ee168a8848dbea69689888cc0985fdd2c7a4797,5fb6c1e071a73763f6eb52e67a11f05f6d609819ae4f39c925745faf40f5b4fd,8b30a9aec44c70f7b04a7800,2026-09-17T13:53:18.573481+09:00,동래동일스위트,2626010100,부산광역시,동래구,명장동,,부산광역시 동래구 명장동 617 동래동일스위트,분양,개별난방,96532.28,9,702.0,(주)동일,(주)동일,0515215301, ,아파트,부산광역시 동래구 시실로 119,위탁관리,계단식,20180202,0515215335,702,67083.08,0.0,702.0,0.0,0.0,50843.83,26,26,3,20,47758,위탁관리,6,(주)하나종합관리,위탁관리,4,(주)하나종합관리,위탁관리,7,음식물쓰레기종량제,위탁관리,3,도포식,철골철근콘크리트구조,3750,단일계약,상주선임,GR형,부스타방식,위탁관리,20,7,772,유,177,"관리사무소, 노인정, 보육시설, 문고, 주민공동시설, 어린이놀이터, 커뮤니티공간, 자전거보관소",5분이내,"1호선, 4호선",,10~15분이내,"관공서(명장2동 주민센터) 병원(대동병원, 봉생병원) 백화점(롯데백화점) 대형상가(메가마트)","초등학교(명장초등학교) 중학교(동신중학교, 학성여중) 고등학교(용인고등학교, 대명여자고등학교, 학산여자고등학교)",3,34,Y
2026-08,A10027972,안락경동리인아파트,동래구,안락동,693.0,0,0,0.0,0.0,0.0,0.0,0.0,,,,,True,산정 불완전,평형별 세대수 보완 필요,c38eb7731a2edbf2c405dc922468ded84aa651100a03e86668e60fb8b6b0b8e7,[],현재 확보 자료로 재구성한 과거 추정치; 과거 세대 구성 미확인,False,555b475dcef496b2254b825ba10b0724d7994196dba4c4e18f34e7f5aa4db599,54cb25d3544257419c8c9faa1ee168a8848dbea69689888cc0985fdd2c7a4797,5fb6c1e071a73763f6eb52e67a11f05f6d609819ae4f39c925745faf40f5b4fd,8b30a9aec44c70f7b04a7800,2026-09-17T13:53:18.573481+09:00,안락경동리인아파트,2626010200,부산광역시,동래구,안락동,,부산광역시 동래구 안락동 1258 안락경동리인아파트,분양,개별난방,115125.35,6,693.0,경동건설,안락3구역 재건축조합,0515329655, ,아파트,부산광역시 동래구 충렬대로446번길 68,위탁관리,계단식,20150624,0515329657,693,73190.08,106.0,471.0,116.0,0.0,54123.5819,32,32,2,2,47896,위탁관리,6,삼성T.M.S,위탁관리,4,(주)하나종합관리,위탁관리,8,음식물쓰레기종량제,위탁관리,4,분무식,철근콘크리트구조,4250,종합계약,상주선임,GR형,부스타방식,위탁관리,14,28,824,유,163,"관리사무소, 노인정, 보육시설, 주민공동시설, 어린이놀이터, 휴게시설, 커뮤니티공간, 자전거보관소",5분이내,"4호선, 동해선",,20분초과,공원(온천천공원),초등학교(안남초등학교) 중학교(안락중학교) 고등학교(동래고등학교) 대학교(경상대학교),0,74,Y
2026-08,A60710004,안락뜨란채2단지아파트,동래구,안락동,1420.0,0,0,0.0,0.0,0.0,0.0,0.0,,,,,True,산정 불완전,평형별 세대수 보완 필요,c38eb7731a2edbf2c405dc922468ded84aa651100a03e86668e60fb8b6b0b8e7,[],현재 확보 자료로 재구성한 과거 추정치; 과거 세대 구성 미확인,False,555b475dcef496b2254b825ba10b0724d7994196dba4c4e18f34e7f5aa4db599,54cb25d3544257419c8c9faa1ee168a8848dbea69689888cc0985fdd2c7a4797,5fb6c1e071a73763f6eb52e67a11f05f6d609819ae4f39c925745faf40f5b4fd,8b30a9aec44c70f7b04a7800,2026-09-17T13:53:18.573481+09:00,안락뜨란채2단지아파트,2626010200,부산광역시,동래구,안락동,,부산광역시 동래구 안락동 1242 안락뜨란채2단지아파트,분양,개별난방,151487.55,13,1420.0,한국토지주택공사,경일건설(201~204).명지건설(205~209).국제종합토건(210~213),0515250018,www.apthome.co.kr/2131,아파트,부산광역시 동래구 연안로 74,위탁관리,계단식,20051026,0515250019,1420,132735.95,616.0,804.0,0.0,0.0,100609.6,20,20,1,39,47904,위탁관리,11,(주)주우관리,위탁관리,12,(주)비씨에스,위탁관리,14,음식물쓰레기종량제,위탁관리,4,분무식,철근콘크리트구조,2950,단일계약,상주선임,R형,부스타방식,위탁관리,78,869,558,무,175,"관리사무소, 노인정, 보육시설, 주민공동시설, 어린이놀이터, 자전거보관소, 기타",5분이내,동해선,,10~15분이내,"관공서(안락2동 동사무소) 병원(봉생병원) 대형상가(OK마트) 공원(부산시민공원,온천천공원) 기타(충렬시장, 안락시장)",초등학교(안남초등학교) 중학교(안락중학교.남일중학교),20,10,Y
2026-08,A60777205,안락1차SK아파트,동래구,안락동,1898.0,0,0,0.0,0.0,0.0,0.0,0.0,,,,,True,산정 불완전,평형별 세대수 보완 필요,c38eb7731a2edbf2c405dc922468ded84aa651100a03e86668e60fb8b6b0b8e7,[],현재 확보 자료로 재구성한 과거 추정치; 과거 세대 구성 미확인,False,555b475dcef496b2254b825ba10b0724d7994196dba4c4e18f34e7f5aa4db599,54cb25d3544257419c8c9faa1ee168a8848dbea69689888cc0985fdd2c7a4797,5fb6c1e071a73763f6eb52e67a11f05f6d609819ae4f39c925745faf40f5b4fd,8b30a9aec44c70f7b04a7800,2026-09-17T13:53:18.573481+09:00,안락1차SK아파트,2626010200,부산광역시,동래구,안락동,,부산광역시 동래구 안락동 472-57 안락1차SK아파트,분양,개별난방,288837.03,16,1898.0,sk건설(주),천경콘테이너 터미널(주),0515251662,www.arskapt.com,아파트,부산광역시 동래구 충렬대로 487,위탁관리,계단식,19990519,0515251664,1898,226406.61,574.0,686.0,488.0,150.0,182195.168,25,25,3,44,47798,위탁관리,12,(주)삼성T.M.S,위탁관리,20,에이스엠,위탁관리,20,음식물쓰레기종량제,위탁관리,3,분무식,철근콘크리트구조,4500,단일계약,상주선임,R형,고가수조식,위탁관리,44,452,2189,유,273,"관리사무소, 노인정, 문고, 어린이놀이터, 자전거보관소",5분이내,"1호선, 4호선, 동해선",,15~20분이내,관공서(안락2동 동사무소) 병원(안락병원) 대형상가(LG하이프라자) 기타(충렬시장),초등학교(충렬초등학교) 중학교(충렬중학교) 고등학교(충렬고등학교),0,53,Y
2026-08,A60777206,부산안락4휴먼시아,동래구,안락동,619.0,0,0,0.0,0.0,0.0,0.0,0.0,,,,,True,산정 불완전,평형별 세대수 보완 필요; 임대·혼합 또는 분양 범위 미확인,c38eb7731a2edbf2c405dc922468ded84aa651100a03e86668e60fb8b6b0b8e7,[],현재 확보 자료로 재구성한 과거 추정치; 과거 세대 구성 미확인,False,555b475dcef496b2254b825ba10b0724d7994196dba4c4e18f34e7f5aa4db599,54cb25d3544257419c8c9faa1ee168a8848dbea69689888cc0985fdd2c7a4797,5fb6c1e071a73763f6eb52e67a11f05f6d609819ae4f39c925745faf40f5b4fd,8b30a9aec44c70f7b04a7800,2026-09-17T13:53:18.573481+09:00,부산안락4휴먼시아,2626010200,부산광역시,동래구,안락동,,부산광역시 동래구 안락동 1256 부산안락4휴먼시아,임대,개별난방,49358.93,8,619.0,대명건설,한국토지주택공사,0515328775, ,아파트,부산광역시 동래구 충렬대로447번길 38,위탁관리,혼합식,20110713,0515328776,619,49167.902,619.0,0.0,0.0,0.0,27958.8,15,15,1,15,47792,위탁관리,5,(주)에이비씨서비스,위탁관리,6,삼성티엠에스,위탁관리,5,차량수거방식,위탁관리,3,분무식,철골철근콘크리트구조,1800,단일계약,상주선임,R형,부스타방식,위탁관리,15,244,303,무,90,"관리사무소, 노인정, 보육시설, 주민공동시설, 어린이놀이터, 휴게시설, 자전거보관소",5~10분이내,3호선,,10~15분이내,관공서(안락2동 동사무소) 병원(안락병원) 대형상가(LG하이프라자) 기타(충렬시장),초등학교(충렬초등학교) 중학교(충렬중학교) 고등학교(충렬고등학교),0,11,Y
2026-08,A60777604,안락현대아파트,동래구,안락동,738.0,0,0,0.0,0.0,0.0,0.0,0.0,,,,,True,산정 불완전,평형별 세대수 보완 필요,c38eb7731a2edbf2c405dc922468ded84aa651100a03e86668e60fb8b6b0b8e7,[],현재 확보 자료로 재구성한 과거 추정치; 과거 세대 구성 미확인,False,555b475dcef496b2254b825ba10b0724d7994196dba4c4e18f34e7f5aa4db599,54cb25d3544257419c8c9faa1ee168a8848dbea69689888cc0985fdd2c7a4797,5fb6c1e071a73763f6eb52e67a11f05f6d609819ae4f39c925745faf40f5b4fd,8b30a9aec44c70f7b04a7800,2026-09-17T13:53:18.573481+09:00,안락현대아파트,2626010200,부산광역시,동래구,안락동,,부산광역시 동래구 안락동 15-26 안락현대아파트,분양,개별난방,92906.0,8,738.0,현대산업개발,현대산업개발,0515247611,www.joyapt.com/home/user/1630/,아파트,부산광역시 동래구 삼어로 9,위탁관리,계단식,20010331,0515247612,739,78304.6,156.0,468.0,76.0,38.0,62329.82,20,20,1,19,47770,위탁관리,6,목송산업개발(주),위탁관리,12,삼성티엠에스,위탁관리,6,차량수거방식,위탁관리,4,분무식,철근콘크리트구조,2250,단일계약,상주선임,R형,부스타방식,위탁관리,19,340,472,무,75,"관리사무소, 노인정, 보육시설, 주민공동시설, 어린이놀이터, 휴게시설, 자전거보관소",10~15분이내,"4호선, 동해선",,,관공서(안락2동 동사무소) 병원(안락병원) 대형상가(LG하이프라자) 기타(충렬시장),초등학교(충렬초등학교) 중학교(충렬중학교) 고등학교(충렬고등학교),26,0,Y
2026-08,A60778502,강변뜨란채,동래구,안락동,814.0,0,0,0.0,0.0,0.0,0.0,0.0,,,,,True,산정 불완전,평형별 세대수 보완 필요,c38eb7731a2edbf2c405dc922468ded84aa651100a03e86668e60fb8b6b0b8e7,[],현재 확보 자료로 재구성한 과거 추정치; 과거 세대 구성 미확인,False,555b475dcef496b2254b825ba10b0724d7994196dba4c4e18f34e7f5aa4db599,54cb25d3544257419c8c9faa1ee168a8848dbea69689888cc0985fdd2c7a4797,5fb6c1e071a73763f6eb52e67a11f05f6d609819ae4f39c925745faf40f5b4fd,8b30a9aec44c70f7b04a7800,2026-09-17T13:53:18.573481+09:00,강변뜨란채,2626010200,부산광역시,동래구,안락동,,부산광역시 동래구 안락동 1251 강변뜨란채,분양,개별난방,90575.75,9,814.0,"남양건설,경동건설",한국토지주택공사,0515252460,www.joyapt.com/2160,아파트,부산광역시 동래구 안남로 79,위탁관리,계단식,20060428,0515252461,814,79312.37,380.0,434.0,0.0,0.0,57914.82,25,25,1,0,47894,위탁관리,6,(주)하나종합관리,위탁관리,8,주식회사 에이비씨서비스,위탁관리,7,음식물쓰레기종량제,위탁관리,4,분무식,철근콘크리트구조,1600,단일계약,상주선임,R형,부스타방식,위탁관리,20,395,421,무,129,"관리사무소, 노인정, 보육시설, 문고, 주민공동시설, 어린이놀이터, 자전거보관소, 기타",5분이내,"4호선, 동해선",,10~15분이내,관공서(안락1동 동사무소) 병원(동래봉생병원) 기타(충렬사),초등학교(안민초등학교) 중학교(안락중학교),10,7,Y
2026-08,A60782701,동래화목타운,동래구,안락동,793.0,0,0,0.0,0.0,0.0,0.0,0.0,,,,,True,산정 불완전,평형별 세대수 보완 필요,c38eb7731a2edbf2c405dc922468ded84aa651100a03e86668e60fb8b6b0b8e7,[],현재 확보 자료로 재구성한 과거 추정치; 과거 세대 구성 미확인,False,555b475dcef496b2254b825ba10b0724d7994196dba4c4e18f34e7f5aa4db599,54cb25d3544257419c8c9faa1ee168a8848dbea69689888cc0985fdd2c7a4797,5fb6c1e071a73763f6eb52e67a11f05f6d609819ae4f39c925745faf40f5b4fd,8b30a9aec44c70f7b04a7800,2026-09-17T13:53:18.573481+09:00,동래화목타운,2626010200,부산광역시,동래구,안락동,,부산광역시 동래구 안락동 962 동래화목타운,분양,개별난방,114331.52,6,793.0,(주)화목주택,(주)화목주택,0515215971,dhwamok.aptner.com,아파트,부산광역시 동래구 충렬사로 39,위탁관리,계단식,19900831,0515215970,793,114331.52,0.0,357.0,226.0,210.0,96248.97,15,15,0,27,47753,위탁관리,6,(주)디이씨오,위탁관리,16,(주)비엔에이서비스,위탁관리,6,음식물쓰레기종량제,위탁관리,5,분무식,철근콘크리트구조,2200,단일계약,상주선임,P형,부스타방식,위탁관리,27,669,0,무,118,"관리사무소, 노인정, 주민공동시설, 어린이놀이터, 자전거보관소",5~10분이내,4호선,,5~10분이내,관공서(안락1동 동사무소) 병원(동래봉생병원) 백화점(동래롯데백화점) 기타(충렬사),"초등학교(안락초등학교) 중학교(학산여자중학교, 동신중학교) 고등학교(동래고등학교)",20,0,Y
2026-08,A10025662,포레나동래아파트,동래구,낙민동,732.0,0,0,0.0,0.0,0.0,0.0,0.0,,,,,True,산정 불완전,평형별 세대수 보완 필요,c38eb7731a2edbf2c405dc922468ded84aa651100a03e86668e60fb8b6b0b8e7,[],현재 확보 자료로 재구성한 과거 추정치; 과거 세대 구성 미확인,False,555b475dcef496b2254b825ba10b0724d7994196dba4c4e18f34e7f5aa4db599,54cb25d3544257419c8c9faa1ee168a8848dbea69689888cc0985fdd2c7a4797,5fb6c1e071a73763f6eb52e67a11f05f6d609819ae4f39c925745faf40f5b4fd,8b30a9aec44c70f7b04a7800,2026-09-17T13:53:18.573481+09:00,포레나동래아파트,2626010400,부산광역시,동래구,낙민동,,부산광역시 동래구 낙민동 133-3 포레나동래아파트,분양,개별난방,110670.23,4,0.0,(주)한화건설,(주)생보부동산신탁,0515585407, ,아파트,부산광역시 동래구 온천천로339번길 51,위탁관리,계단식,20190226,0515585409,732,83564.13,0.0,0.0,0.0,0.0,124053.9432,49,49,2,16,47885,위탁관리,7,(주)아주관리,위탁관리,4,지엔비,위탁관리,7,음식물쓰레기종량제,위탁관리,3,분무식,철골철근콘크리트구조,3650,단일계약,상주선임,P형,부스타방식,위탁관리,16,79,737,유,186,"관리사무소, 노인정, 보육시설, 문고, 주민공동시설, 어린이놀이터, 휴게시설, 커뮤니티공간, 자전거보관소",5분이내,동해선,,5분이내,관공서() 병원() 백화점() 대형상가() 공원() 기타(),초등학교(),0,24,Y
2026-08,A60775407,동원로얄듀크,동래구,낙민동,632.0,0,0,0.0,0.0,0.0,0.0,0.0,,,,,True,산정 불완전,평형별 세대수 보완 필요,c38eb7731a2edbf2c405dc922468ded84aa651100a03e86668e60fb8b6b0b8e7,[],현재 확보 자료로 재구성한 과거 추정치; 과거 세대 구성 미확인,False,555b475dcef496b2254b825ba10b0724d7994196dba4c4e18f34e7f5aa4db599,54cb25d3544257419c8c9faa1ee168a8848dbea69689888cc0985fdd2c7a4797,5fb6c1e071a73763f6eb52e67a11f05f6d609819ae4f39c925745faf40f5b4fd,8b30a9aec44c70f7b04a7800,2026-09-17T13:53:18.573481+09:00,동원로얄듀크,2626010400,부산광역시,동래구,낙민동,,부산광역시 동래구 낙민동 94-1 동원로얄듀크,분양,개별난방,77083.09,6,632.0,동진주택,동진개발,0515290848, ,아파트,부산광역시 동래구 온천천로399번길 14,위탁관리,계단식,19981229,0515290849,632,65875.32,280.0,264.0,88.0,0.0,49923.8,22,22,1,15,47902,위탁관리,6,(주)주우관리,위탁관리,7,(주)장천,위탁관리,5,음식물쓰레기종량제,위탁관리,6,"도포식,분무식",철근콘크리트구조,1700,단일계약,상주선임,R형,고가수조식,위탁관리,15,173,472,무,94,"관리사무소, 노인정, 보육시설, 주민공동시설, 어린이놀이터, 휴게시설, 커뮤니티공간, 자전거보관소, 기타",5~10분이내,분당선,,5~10분이내,관공서(동래세무서) 병원(동래봉생병원) 공원(연산동 제1어린이공원) 기타(동래경찰서),초등학교(낙민초등학교) 고등학교(동래고등학교),0,13,Y
2026-08,A60775605,동래우성아파트,동래구,낙민동,531.0,0,0,0.0,0.0,0.0,0.0,0.0,,,,,True,산정 불완전,평형별 세대수 보완 필요,c38eb7731a2edbf2c405dc922468ded84aa651100a03e86668e60fb8b6b0b8e7,[],현재 확보 자료로 재구성한 과거 추정치; 과거 세대 구성 미확인,False,555b475dcef496b2254b825ba10b0724d7994196dba4c4e18f34e7f5aa4db599,54cb25d3544257419c8c9faa1ee168a8848dbea69689888cc0985fdd2c7a4797,5fb6c1e071a73763f6eb52e67a11f05f6d609819ae4f39c925745faf40f5b4fd,8b30a9aec44c70f7b04a7800,2026-09-17T13:53:18.573481+09:00,동래우성아파트,2626010400,부산광역시,동래구,낙민동,,부산광역시 동래구 낙민동 83-1 동래우성아파트,분양,개별난방,68992.0,4,531.0,"(주)원진, 부산협동원료(주)",우성,0515290540, ,아파트,부산광역시 동래구 안남로 9,위탁관리,혼합식,19970804,0515290755,531,56684.33,228.0,177.0,126.0,0.0,44125.422,25,25,2,0,47892,위탁관리,5,(주)케이비아주,위탁관리,7,(주)비씨에스,위탁관리,4,음식물쓰레기종량제,위탁관리,3,분무식,철근콘크리트구조,1118,기타,상주선임,P형,고가수조식,위탁관리,12,138,346,무,105,"관리사무소, 노인정, 주민공동시설, 어린이놀이터",5~10분이내,4호선,,5~10분이내,관공서(동래세무서) 병원(동래봉생병원) 공원(연산동 제1어린이공원) 기타(동래경찰서),초등학교(낙민초등학교) 고등학교(동래고등학교),12,10,Y
2026-08,A60776006,동래한양아파트,동래구,낙민동,552.0,0,0,0.0,0.0,0.0,0.0,0.0,,,,,True,산정 불완전,평형별 세대수 보완 필요,c38eb7731a2edbf2c405dc922468ded84aa651100a03e86668e60fb8b6b0b8e7,[],현재 확보 자료로 재구성한 과거 추정치; 과거 세대 구성 미확인,False,555b475dcef496b2254b825ba10b0724d7994196dba4c4e18f34e7f5aa4db599,54cb25d3544257419c8c9faa1ee168a8848dbea69689888cc0985fdd2c7a4797,5fb6c1e071a73763f6eb52e67a11f05f6d609819ae4f39c925745faf40f5b4fd,8b30a9aec44c70f7b04a7800,2026-09-17T13:53:18.573481+09:00,동래한양아파트,2626010400,부산광역시,동래구,낙민동,,부산광역시 동래구 낙민동 172 동래한양아파트,분양,개별난방,70107.84,8,552.0,동국건설주식회사,(주)한양건설,0515550192, ,아파트,부산광역시 동래구 충렬대로 314,위탁관리,혼합식,19800430,0515552192,554,70107.84,0.0,176.0,376.0,0.0,56640.11,11,11,1,18,47881,위탁관리,5,(주)디이씨오,위탁관리,8,(주)명가종합관리,위탁관리,5,음식물쓰레기종량제,위탁관리,3,분무식,철근콘크리트구조,1825,단일계약,상주선임,P형,부스타방식,위탁관리,18,181,0,무,62,"관리사무소, 노인정, 어린이놀이터",5분이내,"4호선, 동해선",,5분이내,관공서(동래세무서) 병원(동래봉생병원) 대형상가(삼성디지털프라자) 공원(연산동 제1어린이공원) 기타(동래경찰서),초등학교(낙민초등학교) 고등학교(동래고등학교),2,0,Y
2026-08,A60780104,중앙하이츠2차아파트,동래구,낙민동,511.0,0,0,0.0,0.0,0.0,0.0,0.0,,,,,True,산정 불완전,평형별 세대수 보완 필요,c38eb7731a2edbf2c405dc922468ded84aa651100a03e86668e60fb8b6b0b8e7,[],현재 확보 자료로 재구성한 과거 추정치; 과거 세대 구성 미확인,False,555b475dcef496b2254b825ba10b0724d7994196dba4c4e18f34e7f5aa4db599,54cb25d3544257419c8c9faa1ee168a8848dbea69689888cc0985fdd2c7a4797,5fb6c1e071a73763f6eb52e67a11f05f6d609819ae4f39c925745faf40f5b4fd,8b30a9aec44c70f7b04a7800,2026-09-17T13:53:18.573481+09:00,중앙하이츠2차아파트,2626010400,부산광역시,동래구,낙민동,,부산광역시 동래구 낙민동 90-6 중앙하이츠2차아파트,분양,개별난방,49462.0,4,511.0,중앙건설,(주)동림종합건업,0515289194, ,아파트,부산광역시 동래구 안남로 36,위탁관리,혼합식,19960617,0515279194,511,46398.8,367.0,144.0,0.0,0.0,34198.82,25,25,0,9,47903,위탁관리,5,(주)명건,위탁관리,6,(주)목평인력개발,위탁관리,4,기타,위탁관리,3,분무식,철근콘크리트구조,1727,단일계약,상주선임,R형,부스타방식,위탁관리,9,172,148,무,48,"관리사무소, 노인정, 주민공동시설, 어린이놀이터, 유치원, 자전거보관소",5~10분이내,"1호선, 4호선, 동해선",,5~10분이내,관공서(동래세무서) 병원(동래봉생병원) 공원(연산동 어린이공원) 기타(동래경찰서),초등학교(안민초등학교) 고등학교(동래고등학교),0,6,Y
2026-08,A60780108,낙민한일유앤아이,동래구,낙민동,935.0,0,0,0.0,0.0,0.0,0.0,0.0,,,,,True,산정 불완전,평형별 세대수 보완 필요,c38eb7731a2edbf2c405dc922468ded84aa651100a03e86668e60fb8b6b0b8e7,[],현재 확보 자료로 재구성한 과거 추정치; 과거 세대 구성 미확인,False,555b475dcef496b2254b825ba10b0724d7994196dba4c4e18f34e7f5aa4db599,54cb25d3544257419c8c9faa1ee168a8848dbea69689888cc0985fdd2c7a4797,5fb6c1e071a73763f6eb52e67a11f05f6d609819ae4f39c925745faf40f5b4fd,8b30a9aec44c70f7b04a7800,2026-09-17T13:53:18.573481+09:00,낙민한일유앤아이,2626010400,부산광역시,동래구,낙민동,,부산광역시 동래구 낙민동 77-1 낙민한일유앤아이,분양,개별난방,168325.44,9,935.0,한일건설,낙민건설,0515577701, ,아파트,부산광역시 동래구 온천천로339번길 28,위탁관리,계단식,20070731,0515577709,948,117819.555,0.0,489.0,446.0,0.0,91048.8833,38,38,3,20,47886,위탁관리,7,(주)삼성T.M.S,위탁관리,16,비엔에이(주),위탁관리,10,차량수거방식,위탁관리,3,분무식,철근콘크리트구조,4400,단일계약,상주선임,R형,부스타방식,위탁관리,20,17,1301,유,146,"관리사무소, 노인정, 보육시설, 주민공동시설, 어린이놀이터, 자전거보관소",5분이내,4호선,,5분이내,관공서(동래세무서) 병원(동래봉생병원) 대형상가() 공원(온천천) 기타(동래경찰서),초등학교(안민초등학교) 중학교() 고등학교() 대학교(),0,31,Y
2026-08,A60702002,우성베스토피아아파트,동래구,복천동,744.0,0,0,0.0,0.0,0.0,0.0,0.0,,,,,True,산정 불완전,평형별 세대수 보완 필요,c38eb7731a2edbf2c405dc922468ded84aa651100a03e86668e60fb8b6b0b8e7,[],현재 확보 자료로 재구성한 과거 추정치; 과거 세대 구성 미확인,False,555b475dcef496b2254b825ba10b0724d7994196dba4c4e18f34e7f5aa4db599,54cb25d3544257419c8c9faa1ee168a8848dbea69689888cc0985fdd2c7a4797,5fb6c1e071a73763f6eb52e67a11f05f6d609819ae4f39c925745faf40f5b4fd,8b30a9aec44c70f7b04a7800,2026-09-17T13:53:18.573481+09:00,우성베스토피아아파트,2626010500,부산광역시,동래구,복천동,,부산광역시 동래구 복천동 500-1 우성베스토피아아파트,분양,중앙난방,110937.16,11,744.0,천일/로얄,우성,0515581238, ,아파트,부산광역시 동래구 복천로5번길 34,위탁관리,계단식,19890208,0515534596,744,108146.74,0.0,332.0,230.0,182.0,90199.12,13,13,0,29,47803,위탁관리,9,남부공영(주),위탁관리,13,(주)목평인력개발,위탁관리,5,음식물쓰레기종량제,위탁관리,5,분무식,철근콘크리트구조,2300,단일계약,상주선임,P형,고가수조식,위탁관리,29,736,0,무,75,"관리사무소, 노인정, 어린이놀이터",5~10분이내,"1호선, 4호선",,10~15분이내,관공서(동래구청) 병원(대동병원) 백화점(동래롯데백화점) 대형상가(동래메가마켓) 공원(동래복천동고분) 기타(동래시장),초등학교(내성초등학교) 고등학교(동래고등학교),12,0,Y
2026-08,A10023781,힐스테이트 명륜 트라디움,동래구,명륜동,874.0,0,0,0.0,0.0,0.0,0.0,0.0,,,,,True,산정 불완전,평형별 세대수 보완 필요,c38eb7731a2edbf2c405dc922468ded84aa651100a03e86668e60fb8b6b0b8e7,[],현재 확보 자료로 재구성한 과거 추정치; 과거 세대 구성 미확인,False,555b475dcef496b2254b825ba10b0724d7994196dba4c4e18f34e7f5aa4db599,54cb25d3544257419c8c9faa1ee168a8848dbea69689888cc0985fdd2c7a4797,5fb6c1e071a73763f6eb52e67a11f05f6d609819ae4f39c925745faf40f5b4fd,8b30a9aec44c70f7b04a7800,2026-09-17T13:53:18.573481+09:00,힐스테이트 명륜 트라디움,2626010700,부산광역시,동래구,명륜동,,부산광역시 동래구 명륜동 700-101 힐스테이트 명륜 트라디움,분양,개별난방,151490.4,8,874.0,현대엔지니어링,원일건설,0515520217, ,아파트,부산광역시 동래구 동래로57번길 94,위탁관리,계단식,20220526,0515520218,874,107315.97,0.0,703.0,163.0,8.0,78746.1193,42,42,2,25,47740,위탁관리,8,(주)하나종합관리,위탁관리,7,(주)에스원,위탁관리,8,음식물쓰레기종량제,위탁관리,3,분무식,철근콘크리트구조,4250,단일계약,상주선임,R형,부스타방식,위탁관리,25,0,1085,유,411,"관리사무소, 노인정, 보육시설, 문고, 주민공동시설, 어린이놀이터, 커뮤니티공간, 자전거보관소",5분이내,1호선,,5분이내,관공서(명륜동행정복지센터) 병원(대동병원) 백화점(롯데백화점 동래점) 기타(동래구노인복지관),"초등학교(명륜초등학교, 교동초등학교) 중학교(동래중학교) 고등학교(중앙여자고등학교) 대학교(부산대학교)",0,22,Y
2026-08,A10025687,명륜자이,동래구,명륜동,671.0,0,0,0.0,0.0,0.0,0.0,0.0,,,,,True,산정 불완전,평형별 세대수 보완 필요,c38eb7731a2edbf2c405dc922468ded84aa651100a03e86668e60fb8b6b0b8e7,[],현재 확보 자료로 재구성한 과거 추정치; 과거 세대 구성 미확인,False,555b475dcef496b2254b825ba10b0724d7994196dba4c4e18f34e7f5aa4db599,54cb25d3544257419c8c9faa1ee168a8848dbea69689888cc0985fdd2c7a4797,5fb6c1e071a73763f6eb52e67a11f05f6d609819ae4f39c925745faf40f5b4fd,8b30a9aec44c70f7b04a7800,2026-09-17T13:53:18.573481+09:00,명륜자이,2626010700,부산광역시,동래구,명륜동,,부산광역시 동래구 명륜동 650-1 명륜자이,분양,개별난방,96219.05,7,671.0,지에스건설,명륜 4동 재건축조합,0517147420, ,아파트,부산광역시 동래구 명륜로139번길 22,위탁관리,계단식,20190225,0517147421,671,67673.61,235.0,436.0,0.0,0.0,49882.323,28,28,2,16,47735,위탁관리,7,(주)하나종합관리,위탁관리,6,(주)에스원,위탁관리,7,음식물쓰레기종량제,위탁관리,4,"도포식,분무식",철골철근콘크리트구조,3300,단일계약,상주선임,R형,부스타방식,위탁관리,16,0,744,유,197,"관리사무소, 노인정, 보육시설, 문고, 주민공동시설, 어린이놀이터, 휴게시설, 커뮤니티공간, 자전거보관소, 기타",5분이내,"1호선, 4호선",,5분이내,관공서() 병원() 백화점() 대형상가() 공원() 기타(),초등학교() 중학교() 고등학교() 대학교(),0,17,Y
2026-08,A10027690,명륜2차아이파크아파트,동래구,명륜동,2058.0,0,0,0.0,0.0,0.0,0.0,0.0,,,,,True,산정 불완전,평형별 세대수 보완 필요; 임대·혼합 또는 분양 범위 미확인,c38eb7731a2edbf2c405dc922468ded84aa651100a03e86668e60fb8b6b0b8e7,[],현재 확보 자료로 재구성한 과거 추정치; 과거 세대 구성 미확인,False,555b475dcef496b2254b825ba10b0724d7994196dba4c4e18f34e7f5aa4db599,54cb25d3544257419c8c9faa1ee168a8848dbea69689888cc0985fdd2c7a4797,5fb6c1e071a73763f6eb52e67a11f05f6d609819ae4f39c925745faf40f5b4fd,8b30a9aec44c70f7b04a7800,2026-09-17T13:53:18.573481+09:00,명륜2차아이파크아파트,2626010700,부산광역시,동래구,명륜동,,부산광역시 동래구 명륜동 100 명륜2차아이파크아파트,혼합,개별난방,342170.0,23,2058.0,HDC현대산업개발,명륜제2구역주택재개발정비사업조합,0515585517, ,아파트,부산광역시 동래구 시실로 48,위탁관리,계단식,20151130,0515585518,2058,238754.78,370.0,1109.0,579.0,0.0,177092.376,30,30,4,47,47744,위탁관리,20,(주)하나종합관리,위탁관리,16,에스원,위탁관리,20,음식물쓰레기종량제,위탁관리,3,분무식,철골철근콘크리트구조,11955,종합계약,상주선임,R형,부스타방식,위탁관리,47,0,2542,유,416,"관리사무소, 노인정, 보육시설, 문고, 어린이놀이터, 커뮤니티공간, 자전거보관소",10~15분이내,1호선,,10~15분이내,,,0,48,Y
2026-08,A60701003,동래센트럴파크하이츠2단지,동래구,명륜동,680.0,0,0,0.0,0.0,0.0,0.0,0.0,,,,,True,산정 불완전,평형별 세대수 보완 필요,c38eb7731a2edbf2c405dc922468ded84aa651100a03e86668e60fb8b6b0b8e7,[],현재 확보 자료로 재구성한 과거 추정치; 과거 세대 구성 미확인,False,555b475dcef496b2254b825ba10b0724d7994196dba4c4e18f34e7f5aa4db599,54cb25d3544257419c8c9faa1ee168a8848dbea69689888cc0985fdd2c7a4797,5fb6c1e071a73763f6eb52e67a11f05f6d609819ae4f39c925745faf40f5b4fd,8b30a9aec44c70f7b04a7800,2026-09-17T13:53:18.573481+09:00,동래센트럴파크하이츠2단지,2626010700,부산광역시,동래구,명륜동,,부산광역시 동래구 명륜동 756-1 동래센트럴파크하이츠2단지,분양,개별난방,143659.0,7,680.0,(주)중앙건설,소슬종합건설,0515520342, ,아파트,부산광역시 동래구 문화로 33,위탁관리,계단식,20101231,0515520343,680,100511.37,0.0,346.0,222.0,112.0,79351.7094,29,29,6,16,47747,위탁관리,8,(주)HM우성,위탁관리,8,(주)한특,위탁관리,8,음식물쓰레기종량제,위탁관리,4,분무식,철근콘크리트구조,3750,단일계약,상주선임,R형,부스타방식,위탁관리,16,0,1174,유,153,"관리사무소, 노인정, 보육시설, 주민공동시설, 어린이놀이터, 유치원, 커뮤니티공간, 자전거보관소",5~10분이내,1호선,,5~10분이내,관공서(동래구청) 병원(대동병원) 백화점(롯데백화점) 대형상가(롯데마트) 기타(동래문화회관),초등학교(명륜초) 중학교(동래중) 고등학교(중앙여고),0,25,Y
2026-08,A60701004,명륜아이파크,동래구,명륜동,1409.0,0,0,0.0,0.0,0.0,0.0,0.0,,,,,True,산정 불완전,평형별 세대수 보완 필요,c38eb7731a2edbf2c405dc922468ded84aa651100a03e86668e60fb8b6b0b8e7,[],현재 확보 자료로 재구성한 과거 추정치; 과거 세대 구성 미확인,False,555b475dcef496b2254b825ba10b0724d7994196dba4c4e18f34e7f5aa4db599,54cb25d3544257419c8c9faa1ee168a8848dbea69689888cc0985fdd2c7a4797,5fb6c1e071a73763f6eb52e67a11f05f6d609819ae4f39c925745faf40f5b4fd,8b30a9aec44c70f7b04a7800,2026-09-17T13:53:18.573481+09:00,명륜아이파크,2626010700,부산광역시,동래구,명륜동,,부산광역시 동래구 명륜동 757 명륜아이파크,분양,개별난방,247838.0,20,1409.0,현대산업개발,명륜3구역주택재개발정비조합,0515589322,mrip.aptner.co.kr,아파트,부산광역시 동래구 명륜로 170,위탁관리,계단식,20131230,0515589323,1409,168389.14,124.0,868.0,351.0,66.0,125151.9609,28,28,3,44,47748,위탁관리,10,남부공영(주),위탁관리,14,(주)에스원,위탁관리,16,음식물쓰레기종량제,위탁관리,7,"분무식,기구부착식,독이식",철근콘크리트구조,9900,단일계약,상주선임,R형,부스타방식,위탁관리,44,13,1899,유,352,"관리사무소, 노인정, 보육시설, 문고, 주민공동시설, 어린이놀이터, 휴게시설, 유치원, 커뮤니티공간, 자전거보관소",5~10분이내,"1호선, 4호선",,5~10분이내,"관공서(동래구청) 병원(대동병원) 백화점(롯데백화점) 대형상가(롯데마트, 메가마트) 공원(동래사적공원)",초등학교(명륜초) 중학교(동래중) 고등학교(중앙여고),0,39,Y
2026-08,A10022002,래미안포레스티지,동래구,온천동,4043.0,0,0,0.0,0.0,0.0,0.0,0.0,,,,,True,산정 불완전,평형별 세대수 보완 필요; 임대·혼합 또는 분양 범위 미확인,c38eb7731a2edbf2c405dc922468ded84aa651100a03e86668e60fb8b6b0b8e7,[],현재 확보 자료로 재구성한 과거 추정치; 과거 세대 구성 미확인,False,555b475dcef496b2254b825ba10b0724d7994196dba4c4e18f34e7f5aa4db599,54cb25d3544257419c8c9faa1ee168a8848dbea69689888cc0985fdd2c7a4797,5fb6c1e071a73763f6eb52e67a11f05f6d609819ae4f39c925745faf40f5b4fd,8b30a9aec44c70f7b04a7800,2026-09-17T13:53:18.573481+09:00,래미안포레스티지,2626010800,부산광역시,동래구,온천동,,부산광역시 동래구 온천동 1861- 래미안포레스티지,혼합,개별난방,6684193.0,36,0.0,삼성물산(주),온천4구역주택재개발정비사업조합,0515547773, ,아파트,부산광역시 동래구 금강로131번길 42,위탁관리,계단식,20240930,051558774,4043,442027.06,0.0,0.0,0.0,0.0,317780.7933,1,35,6,0,,위탁관리,31,(주)케이비아주,위탁관리,,에스케이쉴더스,위탁관리,44,음식물쓰레기종량제,위탁관리,3,분무식,철근콘크리트구조,19592,종합계약,상주선임,GR형,부스타방식,위탁관리,109,0,4912,유,1499,"노인정, 보육시설, 주민공동시설, 어린이놀이터, 휴게시설, 커뮤니티공간, 자전거보관소, 기타",5~10분이내,1호선,,,,,0,206,Y
2026-08,A10023417,더샵 동래,동래구,온천동,603.0,0,0,0.0,0.0,0.0,0.0,0.0,,,,,True,산정 불완전,평형별 세대수 보완 필요,c38eb7731a2edbf2c405dc922468ded84aa651100a03e86668e60fb8b6b0b8e7,[],현재 확보 자료로 재구성한 과거 추정치; 과거 세대 구성 미확인,False,555b475dcef496b2254b825ba10b0724d7994196dba4c4e18f34e7f5aa4db599,54cb25d3544257419c8c9faa1ee168a8848dbea69689888cc0985fdd2c7a4797,5fb6c1e071a73763f6eb52e67a11f05f6d609819ae4f39c925745faf40f5b4fd,8b30a9aec44c70f7b04a7800,2026-09-17T13:53:18.573481+09:00,더샵 동래,2626010800,부산광역시,동래구,온천동,,부산광역시 동래구 온천동 455-2 더샵 동래,분양,개별난방,120124.0,3,603.0,포스코건설,(주)하나자산신탁  / 한국기업,0515582927,cafe.naver.com/dnthesharp,주상복합,부산광역시 동래구 온천장로 38,위탁관리,계단식,20230119,0515582928,603,69749.625,0.0,603.0,0.0,0.0,50226.6002,49,49,6,2,47714,위탁관리,6,부경공영(주),위탁관리,4,(주)에스원,위탁관리,6,음식물쓰레기종량제,위탁관리,5,분무식,철근콘크리트구조,5900,단일계약,상주선임,R형,부스타방식,위탁관리,17,0,776,유,376,"관리사무소, 노인정, 보육시설, 주민공동시설, 어린이놀이터, 휴게시설, 커뮤니티공간, 자전거보관소",5분이내,1호선,,5분이내,,,0,22,Y
2026-08,A10023975,동래래미안아이파크아파트,동래구,온천동,3853.0,0,0,0.0,0.0,0.0,0.0,0.0,,,,,True,산정 불완전,평형별 세대수 보완 필요; 임대·혼합 또는 분양 범위 미확인,c38eb7731a2edbf2c405dc922468ded84aa651100a03e86668e60fb8b6b0b8e7,[],현재 확보 자료로 재구성한 과거 추정치; 과거 세대 구성 미확인,False,555b475dcef496b2254b825ba10b0724d7994196dba4c4e18f34e7f5aa4db599,54cb25d3544257419c8c9faa1ee168a8848dbea69689888cc0985fdd2c7a4797,5fb6c1e071a73763f6eb52e67a11f05f6d609819ae4f39c925745faf40f5b4fd,8b30a9aec44c70f7b04a7800,2026-09-17T13:53:18.573481+09:00,동래래미안아이파크아파트,2626010800,부산광역시,동래구,온천동,,부산광역시 동래구 온천동 1853 동래래미안아이파크아파트,혼합,개별난방,583832.0,32,3853.0,"삼성물산,현대산업개발",온천2지구주택재개발조합,0515568003,www.driapt.com,아파트,부산광역시 동래구 충렬대로107번길 65,위탁관리,계단식,20220614,0515568004,3853,405383.28,898.0,2563.0,392.0,0.0,300110.6957,35,35,4,100,47730,위탁관리,32,(주)타워피엠씨,위탁관리,27,에스케이쉴더스주식회사,위탁관리,42,음식물쓰레기종량제,위탁관리,3,분무식,철골철근콘크리트구조,17680,단일계약,상주선임,GR형,부스타방식,위탁관리,100,0,4277,유,1239,"관리사무소, 노인정, 보육시설, 문고, 주민공동시설, 어린이놀이터, 휴게시설, 유치원, 커뮤니티공간, 자전거보관소",5분이내,"1호선, 3호선, 4호선",,5~10분이내,"관공서(온천지구대, 동래소방서, 동래구보건소, 온천2동 행정복지센터) 병원(광혜병원) 백화점(롯데백화점) 대형상가(홈플러스)","초등학교(온샘초등학교) 중학교(내성중학교) 고등학교(중앙여자고등학교, 사직고등학교) 대학교(부산대학교)",0,137,Y
2026-08,A10024005,동래3차 SK VIEW 아파트,동래구,온천동,999.0,0,0,0.0,0.0,0.0,0.0,0.0,,,,,True,산정 불완전,평형별 세대수 보완 필요,c38eb7731a2edbf2c405dc922468ded84aa651100a03e86668e60fb8b6b0b8e7,[],현재 확보 자료로 재구성한 과거 추정치; 과거 세대 구성 미확인,False,555b475dcef496b2254b825ba10b0724d7994196dba4c4e18f34e7f5aa4db599,54cb25d3544257419c8c9faa1ee168a8848dbea69689888cc0985fdd2c7a4797,5fb6c1e071a73763f6eb52e67a11f05f6d609819ae4f39c925745faf40f5b4fd,8b30a9aec44c70f7b04a7800,2026-09-17T13:53:18.573481+09:00,동래3차 SK VIEW 아파트,2626010800,부산광역시,동래구,온천동,,부산광역시 동래구 온천동 183-3 동래3차 SK VIEW 아파트,분양,개별난방,150590.02,7,999.0,에스케이에코플랜트(주),동래SK지역주택조합,0515585854, ,아파트,부산광역시 동래구 온천장로65번길 9,위탁관리,계단식,20211206,0515585855,999,104953.914,236.0,763.0,0.0,0.0,77419.218,39,39,5,21,47712,위탁관리,10,(주)디이씨오,위탁관리(직영+위탁),4,(주)디이씨오,위탁관리(직영+위탁),10,음식물쓰레기종량제,위탁관리,4,분무식,철골철근콘크리트구조,4385,종합계약,상주선임,R형,부스타방식,위탁관리,21,0,1148,유,282,"관리사무소, 노인정, 보육시설, 문고, 주민공동시설, 어린이놀이터, 휴게시설, 커뮤니티공간, 자전거보관소",5분이내,1호선,,10~15분이내,관공서(동래구청) 병원() 백화점(롯데백화점) 대형상가(메가마트),초등학교() 중학교() 고등학교() 대학교(),0,23,Y
2026-08,A10025463,동래효성해링턴플레이스,동래구,온천동,762.0,0,0,0.0,0.0,0.0,0.0,0.0,,,,,True,산정 불완전,평형별 세대수 보완 필요,c38eb7731a2edbf2c405dc922468ded84aa651100a03e86668e60fb8b6b0b8e7,[],현재 확보 자료로 재구성한 과거 추정치; 과거 세대 구성 미확인,False,555b475dcef496b2254b825ba10b0724d7994196dba4c4e18f34e7f5aa4db599,54cb25d3544257419c8c9faa1ee168a8848dbea69689888cc0985fdd2c7a4797,5fb6c1e071a73763f6eb52e67a11f05f6d609819ae4f39c925745faf40f5b4fd,8b30a9aec44c70f7b04a7800,2026-09-17T13:53:18.573481+09:00,동래효성해링턴플레이스,2626010800,부산광역시,동래구,온천동,,부산광역시 동래구 온천동 1838 동래효성해링턴플레이스,분양,개별난방,98711.0,3,762.0,효성중공업(주),KB부동산신탁(주),0515078623, ,주상복합,부산광역시 동래구 아시아드대로255번길 14,위탁관리,계단식,20190530,0515078624,762,98710.9,0.0,582.0,180.0,0.0,68159.9724,49,49,4,6,47846,위탁관리,7,(주)디이씨오,위탁관리,5,(주)에스원,위탁관리,8,음식물쓰레기종량제,위탁관리,3,분무식,철근콘크리트구조,3500,종합계약,상주선임,R형,부스타방식,관리방식미정,19,85,867,유,272,"관리사무소, 노인정, 보육시설, 문고, 주민공동시설, 어린이놀이터, 유치원, 커뮤니티공간, 자전거보관소",5분이내,3호선,,5분이내,,,10,0,Y
2026-08,A10026316,동래삼정그린코아포레스트,동래구,온천동,582.0,0,0,0.0,0.0,0.0,0.0,0.0,,,,,True,산정 불완전,평형별 세대수 보완 필요,c38eb7731a2edbf2c405dc922468ded84aa651100a03e86668e60fb8b6b0b8e7,[],현재 확보 자료로 재구성한 과거 추정치; 과거 세대 구성 미확인,False,555b475dcef496b2254b825ba10b0724d7994196dba4c4e18f34e7f5aa4db599,54cb25d3544257419c8c9faa1ee168a8848dbea69689888cc0985fdd2c7a4797,5fb6c1e071a73763f6eb52e67a11f05f6d609819ae4f39c925745faf40f5b4fd,8b30a9aec44c70f7b04a7800,2026-09-17T13:53:18.573481+09:00,동래삼정그린코아포레스트,2626010800,부산광역시,동래구,온천동,,부산광역시 동래구 온천동 1833 동래삼정그린코아포레스트,분양,개별난방,86946.41,6,582.0,(주)삼정기업,(주)씨앤드하이,0515051860,forest0427@naver.com,아파트,부산광역시 동래구 쇠미로 153,위탁관리,계단식,20180427,0515051869,582,65264.42,0.0,582.0,0.0,0.0,49343.2402,29,29,2,12,47869,위탁관리,5,(주)디이씨오,위탁관리,4,(주)에스원,위탁관리,6,음식물쓰레기종량제,위탁관리,4,분무식,철근콘크리트구조,3000,단일계약,상주선임,R형,부스타방식,위탁관리,13,36,627,유,118,"관리사무소, 노인정, 보육시설, 문고, 주민공동시설, 어린이놀이터, 커뮤니티공간, 자전거보관소",10~15분이내,3호선,,10~15분이내,,초등학교() 중학교() 고등학교(),0,24,Y
2026-08,A60775306,동래럭키아파트,동래구,온천동,1536.0,0,0,0.0,0.0,0.0,0.0,0.0,,,,,True,산정 불완전,평형별 세대수 보완 필요,c38eb7731a2edbf2c405dc922468ded84aa651100a03e86668e60fb8b6b0b8e7,[],현재 확보 자료로 재구성한 과거 추정치; 과거 세대 구성 미확인,False,555b475dcef496b2254b825ba10b0724d7994196dba4c4e18f34e7f5aa4db599,54cb25d3544257419c8c9faa1ee168a8848dbea69689888cc0985fdd2c7a4797,5fb6c1e071a73763f6eb52e67a11f05f6d609819ae4f39c925745faf40f5b4fd,8b30a9aec44c70f7b04a7800,2026-09-17T13:53:18.573481+09:00,동래럭키아파트,2626010800,부산광역시,동래구,온천동,,부산광역시 동래구 온천동 707 동래럭키아파트,분양,개별난방,228075.0,18,1536.0,럭키개발,럭키개발,0515533998,https://www.dongnaelucky.com/,아파트,부산광역시 동래구 충렬대로107번길 54,자치관리,혼합식,19830404,0519533998,1536,190526.62,0.0,600.0,556.0,380.0,190502.492,15,15,0,45,47732,자치관리,11,자치관리,위탁관리,45,주식회사 에스원,위탁관리,17,음식물쓰레기종량제,위탁관리,3,분무식,철근콘크리트구조,4200,단일계약,상주선임,P형,부스타방식,위탁관리,45,668,0,무,203,"관리사무소, 노인정, 어린이놀이터, 기타",5분이내,"1호선, 3호선, 1호선, 3호선","동래, 동래",5분이내,관공서(온천2동 동사무소) 병원(광혜병원) 백화점(롯데백화점) 대형상가(LG하이프라자-온천점) 공원() 기타(동래구보건소),초등학교(온천초등학교) 중학교(동래중학교) 고등학교(중앙여자고등학교),0,0,Y
2026-08,A60783306,벽산 아스타,동래구,온천동,648.0,0,0,0.0,0.0,0.0,0.0,0.0,,,,,True,산정 불완전,평형별 세대수 보완 필요,c38eb7731a2edbf2c405dc922468ded84aa651100a03e86668e60fb8b6b0b8e7,[],현재 확보 자료로 재구성한 과거 추정치; 과거 세대 구성 미확인,False,555b475dcef496b2254b825ba10b0724d7994196dba4c4e18f34e7f5aa4db599,54cb25d3544257419c8c9faa1ee168a8848dbea69689888cc0985fdd2c7a4797,5fb6c1e071a73763f6eb52e67a11f05f6d609819ae4f39c925745faf40f5b4fd,8b30a9aec44c70f7b04a7800,2026-09-17T13:53:18.573481+09:00,벽산 아스타,2626010800,부산광역시,동래구,온천동,,부산광역시 동래구 온천동 178-7 벽산 아스타,분양,개별난방,146108.27,3,648.0,벽산건설,더 랜드,0515577765,cafe.naver.com/astaryurim,아파트,부산광역시 동래구 중앙대로1473번길 13,위탁관리,혼합식,20080221,0515577764,648,101082.195,0.0,139.0,368.0,141.0,77332.519,52,52,5,9,47711,위탁관리,15,(주)타워피엠씨,위탁관리,15,(주)에스원,위탁관리,17,음식물쓰레기종량제,위탁관리,3,,철근콘크리트구조,5250,종합계약,상주선임,R형,부스타방식,위탁관리,13,174,955,유,256,"관리사무소, 노인정, 보육시설, 주민공동시설, 어린이놀이터, 휴게시설, 커뮤니티공간, 자전거보관소",5분이내,1호선,,5~10분이내,관공서(온천1동사무소) 병원(대동병원) 백화점(롯데백화점) 대형상가(홈플러스) 공원(금강식물원),초등학교(온천초등학교) 중학교(유락여중) 고등학교(부산중앙여고) 대학교(부산대학교),11,70,Y
2026-08,A60784207,온천동반도보라스카이뷰,동래구,온천동,1149.0,0,0,0.0,0.0,0.0,0.0,0.0,,,,,True,산정 불완전,평형별 세대수 보완 필요,c38eb7731a2edbf2c405dc922468ded84aa651100a03e86668e60fb8b6b0b8e7,[],현재 확보 자료로 재구성한 과거 추정치; 과거 세대 구성 미확인,False,555b475dcef496b2254b825ba10b0724d7994196dba4c4e18f34e7f5aa4db599,54cb25d3544257419c8c9faa1ee168a8848dbea69689888cc0985fdd2c7a4797,5fb6c1e071a73763f6eb52e67a11f05f6d609819ae4f39c925745faf40f5b4fd,8b30a9aec44c70f7b04a7800,2026-09-17T13:53:18.573481+09:00,온천동반도보라스카이뷰,2626010800,부산광역시,동래구,온천동,,부산광역시 동래구 온천동 1412-1 온천동반도보라스카이뷰,분양,개별난방,228198.19,8,1149.0,(주)반도건설,(주)반도건설,0515039119, ,아파트,부산광역시 동래구 아시아드대로 234,위탁관리,계단식,20060106,0515039132,1150,148981.69,0.0,619.0,515.0,15.0,114963.5552,40,40,3,0,47837,위탁관리,9,(주)삼성T.M.S,위탁관리,12,(주)에스원,위탁관리,12,음식물쓰레기종량제,위탁관리,3,분무식,철근콘크리트구조,5000,단일계약,상주선임,R형,부스타방식,위탁관리,30,115,1279,유,283,"관리사무소, 노인정, 보육시설, 주민공동시설, 어린이놀이터, 휴게시설, 자전거보관소",5분이내,3호선,,5분이내,관공서(온천3동사무소) 병원(광혜병원) 백화점(롯데백화점 동래점) 대형상가(삼성디지털프라자) 기타(탑마트),초등학교(금강) 중학교(온천) 고등학교() 대학교(부산교육대학교),0,28,Y
2026-08,A10022591,사직 하늘채 리센티아,동래구,사직동,690.0,0,0,0.0,0.0,0.0,0.0,0.0,,,,,True,산정 불완전,평형별 세대수 보완 필요,c38eb7731a2edbf2c405dc922468ded84aa651100a03e86668e60fb8b6b0b8e7,[],현재 확보 자료로 재구성한 과거 추정치; 과거 세대 구성 미확인,False,555b475dcef496b2254b825ba10b0724d7994196dba4c4e18f34e7f5aa4db599,54cb25d3544257419c8c9faa1ee168a8848dbea69689888cc0985fdd2c7a4797,5fb6c1e071a73763f6eb52e67a11f05f6d609819ae4f39c925745faf40f5b4fd,8b30a9aec44c70f7b04a7800,2026-09-17T13:53:18.573481+09:00,사직 하늘채 리센티아,2626010900,부산광역시,동래구,사직동,,부산광역시 동래구 사직동 566-3 사직 하늘채 리센티아,분양,개별난방,101472.66,8,690.0,코오롱글로벌(주),부산사직 지역주택조합,0515078665, ,아파트,부산광역시 동래구 사직북로48번길 77,위탁관리,계단식,20240523,0515078664,690,71213.336,138.0,552.0,0.0,0.0,55132.312,28,28,3,19,47854,위탁관리,7,세화플러스 주식회사,위탁관리,5,(주)에스원,위탁관리,9,거점장비수거방식,위탁관리,3,,철골철근콘크리트구조,4200,종합계약,상주선임,R형,부스타방식,위탁관리,19,0,756,유,356,"관리사무소, 노인정, 보육시설, 주민공동시설, 어린이놀이터, 커뮤니티공간, 자전거보관소",5~10분이내,3호선,,5~10분이내,,,0,0,Y
2026-08,A10024982,쌍용 더 플래티넘 사직 아시아드,동래구,사직동,914.0,0,0,0.0,0.0,0.0,0.0,0.0,,,,,True,산정 불완전,평형별 세대수 보완 필요,c38eb7731a2edbf2c405dc922468ded84aa651100a03e86668e60fb8b6b0b8e7,[],현재 확보 자료로 재구성한 과거 추정치; 과거 세대 구성 미확인,False,555b475dcef496b2254b825ba10b0724d7994196dba4c4e18f34e7f5aa4db599,54cb25d3544257419c8c9faa1ee168a8848dbea69689888cc0985fdd2c7a4797,5fb6c1e071a73763f6eb52e67a11f05f6d609819ae4f39c925745faf40f5b4fd,8b30a9aec44c70f7b04a7800,2026-09-17T13:53:18.573481+09:00,쌍용 더 플래티넘 사직 아시아드,2626010900,부산광역시,동래구,사직동,,부산광역시 동래구 사직동 1058 쌍용 더 플래티넘 사직 아시아드,분양,개별난방,129509.95,6,914.0,쌍용건설,사직아시아드 지역주택조합,0515067333, ,아파트,부산광역시 동래구 아시아드대로134번길 14,위탁관리,계단식,20200228,0515069333,914,100294.164,109.0,805.0,0.0,0.0,73092.5874,41,41,2,26,47844,위탁관리,9,(주)주우관리,위탁관리,6,SK쉴더스,위탁관리,9,음식물쓰레기종량제,위탁관리,4,분무식,철골콘크리트구조,0,종합계약,상주선임,기타,부스타방식,위탁관리,26,188,795,유,265,"관리사무소, 노인정, 보육시설, 주민공동시설, 어린이놀이터, 휴게시설, 커뮤니티공간, 자전거보관소, 기타",5분이내,3호선,,5분이내,"관공서(동래구청, 동래경찰서, 동래보건소, 동래소방서, 사직119안전센터, 사직 지구대, 사직3동사무소) 병원(세계로병원, 대동병원, 광혜병원, 부산의료원) 백화점(동래백화점) 대형상가(홈플러스, 메가마트, 롯데마트, 탑마트) 공원(아시아드 조각광장, 금강공원) 기타(사직종합운동장)","초등학교(사직초, 예원초, 금강초, 미남초, 달북초, 창신초, 거학초, 온천초, 내산초) 중학교(사직중, 사직여중, 여명중, 내성중, 동래중) 고등학교(사직고, 동인고, 사직여고, 이사벨고) 대학교(부산대, 부산교대)",0,20,Y
2026-08,A10027054,사직롯데캐슬더클래식,동래구,사직동,1064.0,0,0,0.0,0.0,0.0,0.0,0.0,,,,,True,산정 불완전,평형별 세대수 보완 필요; 임대·혼합 또는 분양 범위 미확인,c38eb7731a2edbf2c405dc922468ded84aa651100a03e86668e60fb8b6b0b8e7,[],현재 확보 자료로 재구성한 과거 추정치; 과거 세대 구성 미확인,False,555b475dcef496b2254b825ba10b0724d7994196dba4c4e18f34e7f5aa4db599,54cb25d3544257419c8c9faa1ee168a8848dbea69689888cc0985fdd2c7a4797,5fb6c1e071a73763f6eb52e67a11f05f6d609819ae4f39c925745faf40f5b4fd,8b30a9aec44c70f7b04a7800,2026-09-17T13:53:18.573481+09:00,사직롯데캐슬더클래식,2626010900,부산광역시,동래구,사직동,,부산광역시 동래구 사직동 1041 사직롯데캐슬더클래식,혼합,개별난방,169920.7,8,1064.0,롯데건설,사직1구역주택재개발정비사업조합,0515078768, ,아파트,부산광역시 동래구 아시아드대로146번길 1,위탁관리,혼합식,20170116,0515078770,1064,117074.35,208.0,726.0,130.0,0.0,88006.7602,34,34,3,1,47842,위탁관리,10,(주)명건,위탁관리,8,케이티텔레갑(주),위탁관리,14,음식물쓰레기종량제,위탁관리,3,분무식,철근콘크리트구조,7000,단일계약,상주선임,R형,부스타방식,위탁관리(직영+위탁),22,0,1388,유,324,"관리사무소, 노인정, 보육시설, 문고, 주민공동시설, 어린이놀이터, 커뮤니티공간, 자전거보관소, 기타",5분이내,3호선,,5분이내,"관공서(사직3동 주민센터, 사직1치안센터) 병원(세계로병원) 대형상가(CGV홈플러스) 공원(부산시민공원, 어린이대공원) 기타(사직야구장, 사직운동장)","초등학교(여고초등학교, 남문초등학교, 부산교대부설초등학교) 중학교(여명중학교, 사직여자중학교) 고등학교(이사벨고등학교, 사직여자고등학교, 동인고등학교, 사직고등학교) 대학교(부산교육대학교)",0,28,Y
2026-08,A10027341,사직KCC스위첸,동래구,사직동,999.0,0,0,0.0,0.0,0.0,0.0,0.0,,,,,True,산정 불완전,평형별 세대수 보완 필요,c38eb7731a2edbf2c405dc922468ded84aa651100a03e86668e60fb8b6b0b8e7,[],현재 확보 자료로 재구성한 과거 추정치; 과거 세대 구성 미확인,False,555b475dcef496b2254b825ba10b0724d7994196dba4c4e18f34e7f5aa4db599,54cb25d3544257419c8c9faa1ee168a8848dbea69689888cc0985fdd2c7a4797,5fb6c1e071a73763f6eb52e67a11f05f6d609819ae4f39c925745faf40f5b4fd,8b30a9aec44c70f7b04a7800,2026-09-17T13:53:18.573481+09:00,사직KCC스위첸,2626010900,부산광역시,동래구,사직동,,부산광역시 동래구 사직동 614-4 사직KCC스위첸,분양,개별난방,105728.24,12,999.0,KCC건설,사직1-4지구 주택재건축 정비사업조합,0515069962,sgkcc.apter.co.kr,아파트,부산광역시 동래구 사직북로 64,위탁관리,계단식,20160913,0515069964,999,105413.17,250.0,682.0,67.0,0.0,79143.5977,32,32,4,0,47861,위탁관리,9,남부공영(주),위탁관리,8,(주)에스원,위탁관리,11,차량수거방식,위탁관리,3,분무식,철골철근콘크리트구조,5000,단일계약,상주선임,GR형,부스타방식,위탁관리,21,0,1103,유,364,"관리사무소, 노인정, 보육시설, 문고, 주민공동시설, 어린이놀이터, 휴게시설, 커뮤니티공간, 자전거보관소",5분이내,3호선,,5~10분이내,,초등학교() 중학교() 고등학교(),0,25,Y
2026-08,A60712001,사직2차삼정그린코아,동래구,사직동,560.0,0,0,0.0,0.0,0.0,0.0,0.0,,,,,True,산정 불완전,평형별 세대수 보완 필요,c38eb7731a2edbf2c405dc922468ded84aa651100a03e86668e60fb8b6b0b8e7,[],현재 확보 자료로 재구성한 과거 추정치; 과거 세대 구성 미확인,False,555b475dcef496b2254b825ba10b0724d7994196dba4c4e18f34e7f5aa4db599,54cb25d3544257419c8c9faa1ee168a8848dbea69689888cc0985fdd2c7a4797,5fb6c1e071a73763f6eb52e67a11f05f6d609819ae4f39c925745faf40f5b4fd,8b30a9aec44c70f7b04a7800,2026-09-17T13:53:18.573481+09:00,사직2차삼정그린코아,2626010900,부산광역시,동래구,사직동,,부산광역시 동래구 사직동 590-3 사직2차삼정그린코아,분양,개별난방,110516.54,7,560.0,(주)삼정,(주)삼정,0515051965,www.hebibi.com,아파트,부산광역시 동래구 쇠미로81번길 22,위탁관리,계단식,20060807,0515051966,560,76383.48,20.0,155.0,349.0,36.0,61165.8526,25,25,3,14,47871,위탁관리,6,(주)명건,위탁관리,8,(주)명건,위탁관리,5,차량수거방식,위탁관리,3,분무식,철근콘크리트구조,2740,종합계약,상주선임,R형,부스타방식,위탁관리,14,153,797,무,99,"관리사무소, 노인정, 보육시설, 어린이놀이터, 자전거보관소",5~10분이내,"3호선, 3호선","사직, 사직",20분초과,관공서(사직2동 동사무소) 공원(아시아드조각공원) 기타(부산종합운동장),초등학교(사직초등학교) 중학교(사직중학교) 고등학교(사직고등학교),0,19,Y
2026-08,A60712204,사직한신아파트,동래구,사직동,710.0,0,0,0.0,0.0,0.0,0.0,0.0,,,,,True,산정 불완전,평형별 세대수 보완 필요,c38eb7731a2edbf2c405dc922468ded84aa651100a03e86668e60fb8b6b0b8e7,[],현재 확보 자료로 재구성한 과거 추정치; 과거 세대 구성 미확인,False,555b475dcef496b2254b825ba10b0724d7994196dba4c4e18f34e7f5aa4db599,54cb25d3544257419c8c9faa1ee168a8848dbea69689888cc0985fdd2c7a4797,5fb6c1e071a73763f6eb52e67a11f05f6d609819ae4f39c925745faf40f5b4fd,8b30a9aec44c70f7b04a7800,2026-09-17T13:53:18.573481+09:00,사직한신아파트,2626010900,부산광역시,동래구,사직동,,부산광역시 동래구 사직동 597 사직한신아파트,분양,개별난방,95777.56,9,710.0,한신공영(주),한신공영(주),0515018745, ,아파트,부산광역시 동래구 쇠미로81번길 33,자치관리,계단식,19990331,0515019455,710,76418.66,294.0,254.0,132.0,30.0,60826.86,23,23,3,3,47872,자치관리,6,,위탁관리,8,목평,위탁관리,7,음식물쓰레기종량제,위탁관리,3,분무식,철근콘크리트구조,2400,단일계약,상주선임,R형,고가수조식,위탁관리,20,198,530,무,96,"관리사무소, 노인정, 보육시설, 어린이놀이터, 자전거보관소",5~10분이내,3호선,,15~20분이내,관공서(사직2동 동사무소) 병원(부산시립의료원) 대형상가(홈플러스) 공원(아시아드조각공원) 기타(부산종합운동장),초등학교(사직초등학교) 중학교(사직중학교) 고등학교(사직고등학교) 대학교(교육대학교),0,9,Y
2026-08,A60776402,사직2차쌍용예가,동래구,사직동,625.0,0,0,0.0,0.0,0.0,0.0,0.0,,,,,True,산정 불완전,평형별 세대수 보완 필요,c38eb7731a2edbf2c405dc922468ded84aa651100a03e86668e60fb8b6b0b8e7,[],현재 확보 자료로 재구성한 과거 추정치; 과거 세대 구성 미확인,False,555b475dcef496b2254b825ba10b0724d7994196dba4c4e18f34e7f5aa4db599,54cb25d3544257419c8c9faa1ee168a8848dbea69689888cc0985fdd2c7a4797,5fb6c1e071a73763f6eb52e67a11f05f6d609819ae4f39c925745faf40f5b4fd,8b30a9aec44c70f7b04a7800,2026-09-17T13:53:18.573481+09:00,사직2차쌍용예가,2626010900,부산광역시,동래구,사직동,,부산광역시 동래구 사직동 1020 사직2차쌍용예가,분양,개별난방,107724.62,8,625.0,(주)쌍용건설,사직2지구아파트재건축정비사업조합,0515072112, ,아파트,부산광역시 동래구 쇠미로40번길 55,위탁관리,계단식,20101122,0515072118,625,75586.17,0.0,462.0,136.0,27.0,59950.418,25,25,0,17,47862,위탁관리,6,(주)썬앤문,위탁관리,6,태영개발주식회사,위탁관리,7,음식물쓰레기종량제,위탁관리,4,분무식,철근콘크리트구조,2800,종합계약,상주선임,R형,부스타방식,위탁관리,34,8,827,유,146,"관리사무소, 노인정, 문고, 주민공동시설, 어린이놀이터, 휴게시설, 커뮤니티공간, 자전거보관소",10~15분이내,"3호선, 3호선","사직, 사직",15~20분이내,관공서(사직2동 동사무소) 공원(아시아드조각공원) 기타(부산종합운동장),초등학교(사직초등학교) 중학교(사직중학교) 고등학교(사직고등학교),0,8,Y
2026-08,A60778608,사직쌍용예가,동래구,사직동,2947.0,0,0,0.0,0.0,0.0,0.0,0.0,,,,,True,산정 불완전,평형별 세대수 보완 필요,c38eb7731a2edbf2c405dc922468ded84aa651100a03e86668e60fb8b6b0b8e7,[],현재 확보 자료로 재구성한 과거 추정치; 과거 세대 구성 미확인,False,555b475dcef496b2254b825ba10b0724d7994196dba4c4e18f34e7f5aa4db599,54cb25d3544257419c8c9faa1ee168a8848dbea69689888cc0985fdd2c7a4797,5fb6c1e071a73763f6eb52e67a11f05f6d609819ae4f39c925745faf40f5b4fd,8b30a9aec44c70f7b04a7800,2026-09-17T13:53:18.573481+09:00,사직쌍용예가,2626010900,부산광역시,동래구,사직동,,부산광역시 동래구 사직동 1017 사직쌍용예가,분양,개별난방,462126.2,29,2947.0,(주)쌍용건설,사직주공재건축조합,0515056070,www.ssyega.com,아파트,부산광역시 동래구 사직로 80,위탁관리,계단식,20061207,0515056072,2947,345048.06,518.0,1464.0,822.0,143.0,280502.08,25,25,0,75,47863,위탁관리,20,남부공영(주),위탁관리,21,(주)에스원,위탁관리,32,음식물쓰레기종량제,위탁관리,4,,철근콘크리트구조,9600,단일계약,상주선임,R형,부스타방식,위탁관리,75,383,3470,무,524,"관리사무소, 노인정, 주민공동시설, 어린이놀이터",10~15분이내,3호선,,15~20분이내,관공서(사직2동 동사무소) 공원(아시아드조각공원) 기타(부산종합운동장),초등학교(사직초등학교) 중학교(사직중학교) 고등학교(사직고등학교),0,80,Y
2026-08,A60782005,사직삼정그린코아아파트,동래구,사직동,874.0,0,0,0.0,0.0,0.0,0.0,0.0,,,,,True,산정 불완전,평형별 세대수 보완 필요,c38eb7731a2edbf2c405dc922468ded84aa651100a03e86668e60fb8b6b0b8e7,[],현재 확보 자료로 재구성한 과거 추정치; 과거 세대 구성 미확인,False,555b475dcef496b2254b825ba10b0724d7994196dba4c4e18f34e7f5aa4db599,54cb25d3544257419c8c9faa1ee168a8848dbea69689888cc0985fdd2c7a4797,5fb6c1e071a73763f6eb52e67a11f05f6d609819ae4f39c925745faf40f5b4fd,8b30a9aec44c70f7b04a7800,2026-09-17T13:53:18.573481+09:00,사직삼정그린코아아파트,2626010900,부산광역시,동래구,사직동,,부산광역시 동래구 사직동 981-100 사직삼정그린코아아파트,분양,개별난방,92947.58,10,874.0,(주)삼정,(주)삼정,0515051612, ,아파트,부산광역시 동래구 쇠미로 37,자치관리,계단식,19980725,0515051613,874,92947.58,370.0,294.0,126.0,84.0,73001.16,21,21,0,21,47873,자치관리,6,,위탁관리,10,(주)비앤에이서비스,위탁관리,7,거점장비수거방식,위탁관리,3,분무식,철근콘크리트구조,2550,단일계약,상주선임,R형,고가수조식,위탁관리,21,213,716,무,137,"관리사무소, 노인정, 어린이놀이터, 유치원",15~20분이내,3호선,,15~20분이내,관공서(사직2동 동사무소) 병원(대동병원) 공원(아시아드조각공원) 기타(부산종합운동장),초등학교(사직초등학교) 중학교(사직중학교) 고등학교(사직고등학교),19,0,Y
2026-08,A10022847,더비치푸르지오써밋,남구,대연동,1384.0,0,0,0.0,0.0,0.0,0.0,0.0,,,,,True,산정 불완전,평형별 세대수 보완 필요,c38eb7731a2edbf2c405dc922468ded84aa651100a03e86668e60fb8b6b0b8e7,[],현재 확보 자료로 재구성한 과거 추정치; 과거 세대 구성 미확인,False,555b475dcef496b2254b825ba10b0724d7994196dba4c4e18f34e7f5aa4db599,54cb25d3544257419c8c9faa1ee168a8848dbea69689888cc0985fdd2c7a4797,5fb6c1e071a73763f6eb52e67a11f05f6d609819ae4f39c925745faf40f5b4fd,8b30a9aec44c70f7b04a7800,2026-09-17T13:53:18.573481+09:00,더비치푸르지오써밋,2629010600,부산광역시,남구,대연동,,부산광역시 남구 대연동 1808 더비치푸르지오써밋,분양,개별난방,221954.0,8,1384.0,(주)대우건설,대연4구역주택재건축정비사업조합,0518530630, ,아파트,부산광역시 남구 황령대로 504,위탁관리,계단식,20250523,0518530631,1384,143979.56,556.0,594.0,234.0,0.0,107625.7659,43,43,3,0,48514,위탁관리,12,(주)하나종합관리,위탁관리,8,(주)에스원,위탁관리,15,음식물쓰레기종량제,,4,분무식,철골콘크리트구조,7114,종합계약,상주선임,R형,부스타방식,관리방식미정,36,39,1768,유,610,"관리사무소, 노인정, 보육시설, 문고, 주민공동시설, 어린이놀이터, 휴게시설, 커뮤니티공간, 자전거보관소, 기타",5분이내,2호선,,5분이내,,,0,70,Y
2026-08,A10022999,대연푸르지오클라센트,남구,대연동,1057.0,0,0,0.0,0.0,0.0,0.0,0.0,,,,,True,산정 불완전,평형별 세대수 보완 필요; 임대·혼합 또는 분양 범위 미확인,c38eb7731a2edbf2c405dc922468ded84aa651100a03e86668e60fb8b6b0b8e7,[],현재 확보 자료로 재구성한 과거 추정치; 과거 세대 구성 미확인,False,555b475dcef496b2254b825ba10b0724d7994196dba4c4e18f34e7f5aa4db599,54cb25d3544257419c8c9faa1ee168a8848dbea69689888cc0985fdd2c7a4797,5fb6c1e071a73763f6eb52e67a11f05f6d609819ae4f39c925745faf40f5b4fd,8b30a9aec44c70f7b04a7800,2026-09-17T13:53:18.573481+09:00,대연푸르지오클라센트,2629010600,부산광역시,남구,대연동,,부산광역시 남구 대연동 1203-100 대연푸르지오클라센트,혼합,개별난방,102351.44,8,1057.0,(주)대우건설,대연4구역 주택재개발정비사업조합,0516267172, ,아파트,부산광역시 남구 유엔로 81,위탁관리,혼합식,20240809,0516267173,1057,102351.44,329.0,728.0,0.0,0.0,76603.1708,36,36,4,34,,위탁관리,10,(주)혜강종합관리,위탁관리,8,케이티텔레캅(주),위탁관리,11,음식물쓰레기종량제,위탁관리,3,분무식,철근콘크리트구조,3800,종합계약,상주선임,R형,부스타방식,위탁관리,34,0,1132,유,350,"관리사무소, 노인정, 보육시설, 문고, 주민공동시설, 어린이놀이터, 커뮤니티공간, 자전거보관소",5분이내,2호선,,5~10분이내,대형상가(홈플러스감만점) 공원(천제산),"초등학교(석포초등학교) 중학교(대연중학교, 감만중학교) 고등학교(성지고등학교, 부산공업고등학교)",0,64,Y
2026-08,A10025593,대연자이 아파트,남구,대연동,965.0,0,0,0.0,0.0,0.0,0.0,0.0,,,,,True,산정 불완전,평형별 세대수 보완 필요,c38eb7731a2edbf2c405dc922468ded84aa651100a03e86668e60fb8b6b0b8e7,[],현재 확보 자료로 재구성한 과거 추정치; 과거 세대 구성 미확인,False,555b475dcef496b2254b825ba10b0724d7994196dba4c4e18f34e7f5aa4db599,54cb25d3544257419c8c9faa1ee168a8848dbea69689888cc0985fdd2c7a4797,5fb6c1e071a73763f6eb52e67a11f05f6d609819ae4f39c925745faf40f5b4fd,8b30a9aec44c70f7b04a7800,2026-09-17T13:53:18.573481+09:00,대연자이 아파트,2629010600,부산광역시,남구,대연동,,부산광역시 남구 대연동 630-1 대연자이 아파트,분양,개별난방,85534.25,9,965.0,GS건설,대연5구역 주택재개발 정비사업조합,0517146422,v2admin.aptner.com,아파트,부산광역시 남구 유엔로 246,위탁관리,계단식,20190328,0517146423,965,84641.97,697.0,268.0,0.0,0.0,61404.9534,29,29,2,24,48530,위탁관리,7,세화플러스 주식회사,위탁관리,6,(주)세화플러스,위탁관리,9,거점장비수거방식,위탁관리,3,분무식,철골콘크리트구조,5250,단일계약,상주선임,GR형,부스타방식,위탁관리,24,4,1071,유,280,"관리사무소, 노인정, 보육시설, 문고, 주민공동시설, 어린이놀이터, 휴게시설, 커뮤니티공간, 자전거보관소",5분이내,2호선,,5~10분이내,관공서() 병원() 공원(),초등학교() 중학교() 고등학교() 대학교(),0,22,Y
2026-08,A10026094,대연sk뷰힐스아파트,남구,대연동,994.0,0,0,0.0,0.0,0.0,0.0,0.0,,,,,True,산정 불완전,평형별 세대수 보완 필요,c38eb7731a2edbf2c405dc922468ded84aa651100a03e86668e60fb8b6b0b8e7,[],현재 확보 자료로 재구성한 과거 추정치; 과거 세대 구성 미확인,False,555b475dcef496b2254b825ba10b0724d7994196dba4c4e18f34e7f5aa4db599,54cb25d3544257419c8c9faa1ee168a8848dbea69689888cc0985fdd2c7a4797,5fb6c1e071a73763f6eb52e67a11f05f6d609819ae4f39c925745faf40f5b4fd,8b30a9aec44c70f7b04a7800,2026-09-17T13:53:18.573481+09:00,대연sk뷰힐스아파트,2629010600,부산광역시,남구,대연동,,부산광역시 남구 대연동 1346-345 대연sk뷰힐스아파트,분양,개별난방,157529.53,11,994.0,sk건설,대연7구역 주택재개발정비사업조합,0516240831, ,아파트,부산광역시 남구 수영로 261,위탁관리,계단식,20180711,0516240832,994,105924.02,226.0,686.0,82.0,0.0,79699.5759,26,26,4,29,48442,위탁관리,9,(주)디이씨오,위탁관리,8,(주)디이씨오,위탁관리,11,음식물쓰레기종량제,위탁관리,4,,철근콘크리트구조,5500,종합계약,상주선임,GR형,부스타방식,위탁관리,29,0,1187,유,360,"관리사무소, 노인정, 보육시설, 어린이놀이터, 자전거보관소",5~10분이내,2호선,,5~10분이내,관공서() 병원(),초등학교() 대학교(),0,25,Y
2026-08,A10026184,대연파크푸르지오아파트,남구,대연동,1422.0,0,0,0.0,0.0,0.0,0.0,0.0,,,,,True,산정 불완전,평형별 세대수 보완 필요,c38eb7731a2edbf2c405dc922468ded84aa651100a03e86668e60fb8b6b0b8e7,[],현재 확보 자료로 재구성한 과거 추정치; 과거 세대 구성 미확인,False,555b475dcef496b2254b825ba10b0724d7994196dba4c4e18f34e7f5aa4db599,54cb25d3544257419c8c9faa1ee168a8848dbea69689888cc0985fdd2c7a4797,5fb6c1e071a73763f6eb52e67a11f05f6d609819ae4f39c925745faf40f5b4fd,8b30a9aec44c70f7b04a7800,2026-09-17T13:53:18.573481+09:00,대연파크푸르지오아파트,2629010600,부산광역시,남구,대연동,,부산광역시 남구 대연동 1160-1 대연파크푸르지오아파트,분양,개별난방,199950.75,14,1422.0,(주)대우건설,대연6구역 주택재개발정비사업조합,0516278882,dyparkprugio.com,아파트,부산광역시 남구 홍곡로 360,위탁관리,혼합식,20180628,0516278820,1422,148257.48,387.0,958.0,77.0,0.0,106849.9189,28,28,3,36,48532,위탁관리,13,(주)디이씨오,위탁관리,11,(주)에스원,위탁관리,13,음식물쓰레기종량제,위탁관리,3,분무식,철근콘크리트구조,8050,종합계약,상주선임,GR형,부스타방식,위탁관리,72,16,1496,유,354,"관리사무소, 노인정, 보육시설, 문고, 주민공동시설, 어린이놀이터, 휴게시설, 커뮤니티공간, 자전거보관소, 기타",5분이내,2호선,,10~15분이내,"관공서(남구청, 남부경찰서, 대연4동 주민센터, 대연4동 우체국, 대연4동 치안센터) 병원(부산성소병원, 부산고려병원) 대형상가(감만 홈플러스,남천동 메가마트, 문현이마트) 공원(유엔기념공원, 평화공원)","초등학교(석포초등학교, 동천초등학교, 부산대천초등학교) 중학교(감만중학교, 석포여자중학교, 동항중학교) 고등학교(대연고등학교, 부산공업고등학교, 성지고등학교, 부산항만물류고등학교) 대학교(경성대학교, 부경대학교, 동명대학교)",0,31,Y
2026-08,A10026452,대연롯데캐슬레전드,남구,대연동,3149.0,0,0,0.0,0.0,0.0,0.0,0.0,,,,,True,산정 불완전,평형별 세대수 보완 필요,c38eb7731a2edbf2c405dc922468ded84aa651100a03e86668e60fb8b6b0b8e7,[],현재 확보 자료로 재구성한 과거 추정치; 과거 세대 구성 미확인,False,555b475dcef496b2254b825ba10b0724d7994196dba4c4e18f34e7f5aa4db599,54cb25d3544257419c8c9faa1ee168a8848dbea69689888cc0985fdd2c7a4797,5fb6c1e071a73763f6eb52e67a11f05f6d609819ae4f39c925745faf40f5b4fd,8b30a9aec44c70f7b04a7800,2026-09-17T13:53:18.573481+09:00,대연롯데캐슬레전드,2629010600,부산광역시,남구,대연동,,부산광역시 남구 대연동 1872 대연롯데캐슬레전드,분양,개별난방,509360.38,30,3149.0,롯데건설(주),대연2구역 주택재개발정비사업조합,0516478326,dylotte.aptner.com/,아파트,부산광역시 남구 수영로 135,위탁관리,혼합식,20180227,0516478330,3149,345443.1,784.0,1634.0,731.0,0.0,260411.95,35,35,6,9,48454,위탁관리,20,(주)하나종합관리,위탁관리,25,(주)삼성보안공사,위탁관리,40,음식물쓰레기종량제,위탁관리,3,분무식,철골콘크리트구조,12650,종합계약,상주선임,R형,부스타방식,위탁관리,66,26,3680,유,1470,"관리사무소, 노인정, 문고, 주민공동시설, 어린이놀이터, 휴게시설, 커뮤니티공간, 자전거보관소, 기타",5분이내,2호선,,5분이내,"관공서(남구청, 남부 교육지원청, 대연6동 주민센터)","초등학교(연포초등학교) 중학교(해연중학교, 대연중학교) 고등학교(부산중앙고등학교, 부산공업고등학교) 대학교(경성대학교, 부경대학교)",0,75,Y
2026-08,A10028145,대연롯데캐슬,남구,대연동,564.0,0,0,0.0,0.0,0.0,0.0,0.0,,,,,True,산정 불완전,평형별 세대수 보완 필요; 임대·혼합 또는 분양 범위 미확인,c38eb7731a2edbf2c405dc922468ded84aa651100a03e86668e60fb8b6b0b8e7,[],현재 확보 자료로 재구성한 과거 추정치; 과거 세대 구성 미확인,False,555b475dcef496b2254b825ba10b0724d7994196dba4c4e18f34e7f5aa4db599,54cb25d3544257419c8c9faa1ee168a8848dbea69689888cc0985fdd2c7a4797,5fb6c1e071a73763f6eb52e67a11f05f6d609819ae4f39c925745faf40f5b4fd,8b30a9aec44c70f7b04a7800,2026-09-17T13:53:18.573481+09:00,대연롯데캐슬,2629010600,부산광역시,남구,대연동,,부산광역시 남구 대연동 158 대연롯데캐슬,혼합,개별난방,95263.0,9,564.0,롯데건설,대연1구역주택재개발정비사업조합,0516269531, ,아파트,부산광역시 남구 수영로325번길 61,위탁관리,혼합식,20150112,0516269536,564,65135.94,92.0,300.0,172.0,0.0,50944.0352,25,25,2,14,48433,위탁관리,6,(주)디이씨오,위탁관리,5,(주)삼성보안공사,위탁관리,9,음식물쓰레기종량제,위탁관리,3,분무식,철근콘크리트구조,3000,단일계약,상주선임,R형,부스타방식,위탁관리,14,0,758,유,204,"관리사무소, 노인정, 문고, 주민공동시설, 어린이놀이터, 휴게시설, 유치원, 커뮤니티공간, 자전거보관소",5분이내,2호선,,5분이내,병원() 기타(),초등학교(),0,15,Y
2026-08,A60802001,대연힐스테이트푸르지오,남구,대연동,2304.0,0,0,0.0,0.0,0.0,0.0,0.0,,,,,True,산정 불완전,평형별 세대수 보완 필요,c38eb7731a2edbf2c405dc922468ded84aa651100a03e86668e60fb8b6b0b8e7,[],현재 확보 자료로 재구성한 과거 추정치; 과거 세대 구성 미확인,False,555b475dcef496b2254b825ba10b0724d7994196dba4c4e18f34e7f5aa4db599,54cb25d3544257419c8c9faa1ee168a8848dbea69689888cc0985fdd2c7a4797,5fb6c1e071a73763f6eb52e67a11f05f6d609819ae4f39c925745faf40f5b4fd,8b30a9aec44c70f7b04a7800,2026-09-17T13:53:18.573481+09:00,대연힐스테이트푸르지오,2629010600,부산광역시,남구,대연동,,부산광역시 남구 대연동 1858 대연힐스테이트푸르지오,분양,개별난방,395860.0,14,2304.0,"현대건설,대우건설",부산도시공사,0516122710,www.daeyeonhp.kr/,주상복합,부산광역시 남구 수영로 345,위탁관리,계단식,20130531,0516242713,2304,221729.72,93.0,1060.0,1142.0,9.0,221729.72,40,40,3,48,48432,위탁관리,16,(주)하나종합관리,위탁관리,20,(주)비앤아이서비스,위탁관리,23,음식물쓰레기종량제,위탁관리,3,분무식,철근콘크리트구조,11550,단일계약,상주선임,GR형,부스타방식,위탁관리,48,107,3129,유,427,"관리사무소, 노인정, 보육시설, 문고, 주민공동시설, 어린이놀이터, 커뮤니티공간, 자전거보관소, 기타",5분이내,2호선,,5분이내,"관공서(남구청,남부교육청) 병원(이성동내과) 공원(UN공원)",초등학교(대연초) 중학교(남부직업중학교) 대학교(경성대),0,65,Y
2026-08,A60874408,대연동푸르지오,남구,대연동,678.0,0,0,0.0,0.0,0.0,0.0,0.0,,,,,True,산정 불완전,평형별 세대수 보완 필요,c38eb7731a2edbf2c405dc922468ded84aa651100a03e86668e60fb8b6b0b8e7,[],현재 확보 자료로 재구성한 과거 추정치; 과거 세대 구성 미확인,False,555b475dcef496b2254b825ba10b0724d7994196dba4c4e18f34e7f5aa4db599,54cb25d3544257419c8c9faa1ee168a8848dbea69689888cc0985fdd2c7a4797,5fb6c1e071a73763f6eb52e67a11f05f6d609819ae4f39c925745faf40f5b4fd,8b30a9aec44c70f7b04a7800,2026-09-17T13:53:18.573481+09:00,대연동푸르지오,2629010600,부산광역시,남구,대연동,,부산광역시 남구 대연동 93-3 대연동푸르지오,분양,개별난방,82712.39,5,678.0,대우건설,대우건설,0516236802,dyd.technovillage.com,아파트,부산광역시 남구 수영로325번길 12,위탁관리,혼합식,20050113,0516236803,678,63985.5,294.0,198.0,144.0,42.0,49382.79,29,29,2,12,48432,위탁관리,5,(주)하나종합관리,위탁관리,4,(주)에스원,위탁관리,7,음식물쓰레기종량제,위탁관리,4,분무식,철근콘크리트구조,2850,단일계약,상주선임,R형,부스타방식,위탁관리,24,187,506,무,82,"관리사무소, 노인정, 보육시설, 어린이놀이터, 자전거보관소",5~10분이내,2호선,,5~10분이내,"관공서(남구청,남부교육청) 병원(이성동내과)","초등학교(용소초) 중학교(남천중, 대천중) 대학교(경성대)",0,14,Y
2026-08,A60875509,대우그린아파트,남구,대연동,691.0,0,0,0.0,0.0,0.0,0.0,0.0,,,,,True,산정 불완전,평형별 세대수 보완 필요,c38eb7731a2edbf2c405dc922468ded84aa651100a03e86668e60fb8b6b0b8e7,[],현재 확보 자료로 재구성한 과거 추정치; 과거 세대 구성 미확인,False,555b475dcef496b2254b825ba10b0724d7994196dba4c4e18f34e7f5aa4db599,54cb25d3544257419c8c9faa1ee168a8848dbea69689888cc0985fdd2c7a4797,5fb6c1e071a73763f6eb52e67a11f05f6d609819ae4f39c925745faf40f5b4fd,8b30a9aec44c70f7b04a7800,2026-09-17T13:53:18.573481+09:00,대우그린아파트,2629010600,부산광역시,남구,대연동,,부산광역시 남구 대연동 245 대우그린아파트,분양,개별난방,89014.9,4,691.0,정토건설,대우,0516213854, ,아파트,부산광역시 남구 황령대로319번가길 190-6,위탁관리,혼합식,19970925,0516267898,691,76806.61,263.0,286.0,142.0,0.0,59211.83,24,24,2,14,48426,위탁관리,6,남부공영(주),위탁관리,6,삼성티엠에스,위탁관리,7,음식물쓰레기종량제,위탁관리,7,분무식,철근콘크리트구조,2450,단일계약,상주선임,P형,부스타방식,위탁관리,14,172,389,무,121,"관리사무소, 노인정, 어린이놀이터",5분이내,2호선,,5~10분이내,,,0,12,Y
2026-08,A60877710,삼익그린타운,남구,대연동,725.0,0,0,0.0,0.0,0.0,0.0,0.0,,,,,True,산정 불완전,평형별 세대수 보완 필요,c38eb7731a2edbf2c405dc922468ded84aa651100a03e86668e60fb8b6b0b8e7,[],현재 확보 자료로 재구성한 과거 추정치; 과거 세대 구성 미확인,False,555b475dcef496b2254b825ba10b0724d7994196dba4c4e18f34e7f5aa4db599,54cb25d3544257419c8c9faa1ee168a8848dbea69689888cc0985fdd2c7a4797,5fb6c1e071a73763f6eb52e67a11f05f6d609819ae4f39c925745faf40f5b4fd,8b30a9aec44c70f7b04a7800,2026-09-17T13:53:18.573481+09:00,삼익그린타운,2629010600,부산광역시,남구,대연동,,부산광역시 남구 대연동 245-23 삼익그린타운,분양,개별난방,99357.0,6,725.0,(주)삼익,(주)삼익,0516241711,https://samickgreen.aptner.com/v2,아파트,부산광역시 남구 황령대로319번가길 142,위탁관리,계단식,20010220,0516241712,725,80732.69,290.0,289.0,96.0,50.0,63114.5,25,25,1,16,48424,위탁관리,6,(주)디이씨오,위탁관리,8,(주)비앤에이서비스,위탁관리,6,음식물쓰레기종량제,위탁관리,3,"분무식,기구설치식",철근콘크리트구조,2650,단일계약,상주선임,P형,부스타방식,위탁관리,32,150,605,유,103,"관리사무소, 노인정, 보육시설, 문고, 주민공동시설, 어린이놀이터, 휴게시설",5분이내,2호선,,5~10분이내,관공서(남부경찰서) 병원(대연성모병원),초등학교(대남초등학교),0,16,Y
2026-08,A60877907,대연청구아파트,남구,대연동,604.0,0,0,0.0,0.0,0.0,0.0,0.0,,,,,True,산정 불완전,평형별 세대수 보완 필요,c38eb7731a2edbf2c405dc922468ded84aa651100a03e86668e60fb8b6b0b8e7,[],현재 확보 자료로 재구성한 과거 추정치; 과거 세대 구성 미확인,False,555b475dcef496b2254b825ba10b0724d7994196dba4c4e18f34e7f5aa4db599,54cb25d3544257419c8c9faa1ee168a8848dbea69689888cc0985fdd2c7a4797,5fb6c1e071a73763f6eb52e67a11f05f6d609819ae4f39c925745faf40f5b4fd,8b30a9aec44c70f7b04a7800,2026-09-17T13:53:18.573481+09:00,대연청구아파트,2629010600,부산광역시,남구,대연동,,부산광역시 남구 대연동 243-23 대연청구아파트,분양,개별난방,97075.0,11,604.0,청구건설,청구건설,0516211753, ,아파트,부산광역시 남구 황령대로319번가길 110,위탁관리,계단식,20010703,0519281753,604,76110.32,188.0,240.0,0.0,176.0,61003.84,20,20,0,16,48425,위탁관리,6,(주)디이씨오,위탁관리,8,(주)삼성보안공사,위탁관리,7,음식물쓰레기종량제,위탁관리,4,분무식,철근콘크리트구조,1900,단일계약,상주선임,기타,부스타방식,위탁관리,16,410,400,무,145,"관리사무소, 노인정, 어린이놀이터, 자전거보관소",5분이내,2호선,,10~15분이내,관공서() 병원(경찰병원),고등학교(동천고교),0,17,Y
2026-08,A10023436,데시앙해링턴플레이스파크시티,남구,용호동,1725.0,0,0,0.0,0.0,0.0,0.0,0.0,,,,,True,산정 불완전,평형별 세대수 보완 필요,c38eb7731a2edbf2c405dc922468ded84aa651100a03e86668e60fb8b6b0b8e7,[],현재 확보 자료로 재구성한 과거 추정치; 과거 세대 구성 미확인,False,555b475dcef496b2254b825ba10b0724d7994196dba4c4e18f34e7f5aa4db599,54cb25d3544257419c8c9faa1ee168a8848dbea69689888cc0985fdd2c7a4797,5fb6c1e071a73763f6eb52e67a11f05f6d609819ae4f39c925745faf40f5b4fd,8b30a9aec44c70f7b04a7800,2026-09-17T13:53:18.573481+09:00,데시앙해링턴플레이스파크시티,2629010700,부산광역시,남구,용호동,,부산광역시 남구 용호동 980 데시앙해링턴플레이스파크시티,분양,개별난방,230109.0,11,1725.0,"효성중공업, 태영",용호3주택재개발정비사업조합,0516222212, ,아파트,부산광역시 남구 용주로 36,위탁관리,계단식,20230525,0516222210,1725,227726.14,1080.0,645.0,0.0,0.0,114027.9062,35,35,0,35,48592,위탁관리,13,(주)아주관리,위탁관리,9,sk쉴더스(주),위탁관리,15,음식물쓰레기종량제,위탁관리,3,분무식,철골철근콘크리트구조,7500,종합계약,상주선임,GR형,부스타방식,위탁관리,35,18,1742,유,1264,"관리사무소, 노인정, 보육시설, 문고, 주민공동시설, 어린이놀이터, 휴게시설, 커뮤니티공간, 자전거보관소, 기타",5~10분이내,,,15~20분이내,,,0,30,Y
2026-08,A10026391,W 아파트,남구,용호동,1488.0,0,0,0.0,0.0,0.0,0.0,0.0,,,,,True,산정 불완전,평형별 세대수 보완 필요,c38eb7731a2edbf2c405dc922468ded84aa651100a03e86668e60fb8b6b0b8e7,[],현재 확보 자료로 재구성한 과거 추정치; 과거 세대 구성 미확인,False,555b475dcef496b2254b825ba10b0724d7994196dba4c4e18f34e7f5aa4db599,54cb25d3544257419c8c9faa1ee168a8848dbea69689888cc0985fdd2c7a4797,5fb6c1e071a73763f6eb52e67a11f05f6d609819ae4f39c925745faf40f5b4fd,8b30a9aec44c70f7b04a7800,2026-09-17T13:53:18.573481+09:00,W 아파트,2629010700,부산광역시,남구,용호동,,부산광역시 남구 용호동 954 W 아파트,분양,개별난방,490481.0,4,1488.0,IS동서(주),IS동서(주),0516216277,thew.aptner.co.kr,주상복합,부산광역시 남구 분포로 145,위탁관리,계단식,20180327,0516286277,1488,258999.0,0.0,0.0,867.0,621.0,196609.6271,69,69,6,38,48515,위탁관리,35,(주)케이비아주,위탁관리,28,(주)홈스웰,위탁관리,26,거점장비수거방식,위탁관리,3,"분무식,독이식",철근콘크리트구조,17250,종합계약,상주선임,R형,부스타방식,위탁관리,42,0,3090,유,1020,"관리사무소, 노인정, 보육시설, 문고, 주민공동시설, 어린이놀이터, 휴게시설, 유치원, 커뮤니티공간, 자전거보관소, 기타",5분이내,2호선,,5~10분이내,"관공서(남부운전면허장) 대형상가(W스퀘어, 힐탑플레이스) 공원(이기대 공원) 기타(용호만 유람선 터널, 분포도서관)",초등학교(분포초등학교) 중학교(분포중학교) 고등학교(분포고등학교) 대학교(부경대학교),0,62,Y
2026-08,A60809002,GS하이츠자이,남구,용호동,1149.0,0,0,0.0,0.0,0.0,0.0,0.0,,,,,True,산정 불완전,평형별 세대수 보완 필요,c38eb7731a2edbf2c405dc922468ded84aa651100a03e86668e60fb8b6b0b8e7,[],현재 확보 자료로 재구성한 과거 추정치; 과거 세대 구성 미확인,False,555b475dcef496b2254b825ba10b0724d7994196dba4c4e18f34e7f5aa4db599,54cb25d3544257419c8c9faa1ee168a8848dbea69689888cc0985fdd2c7a4797,5fb6c1e071a73763f6eb52e67a11f05f6d609819ae4f39c925745faf40f5b4fd,8b30a9aec44c70f7b04a7800,2026-09-17T13:53:18.573481+09:00,GS하이츠자이,2629010700,부산광역시,남구,용호동,,부산광역시 남구 용호동 197 GS하이츠자이,분양,개별난방,295366.0,9,1149.0,"GS건설,중앙건설","GS건설,중앙건설",0516260873, ,아파트,부산광역시 남구 신선로 566,위탁관리,계단식,20080403,0516260889,1149,150666.28,0.0,290.0,403.0,456.0,150666.2785,39,39,2,21,48515,위탁관리,16,(주)하나종합관리,위탁관리,17,(주)세웅서비스,위탁관리,16,음식물쓰레기종량제,위탁관리,3,분무식,철골철근콘크리트구조,7250,종합계약,상주선임,R형,부스타방식,위탁관리,21,200,2136,유,344,"관리사무소, 노인정, 보육시설, 주민공동시설, 어린이놀이터, 휴게시설, 커뮤니티공간, 자전거보관소",10~15분이내,2호선,,15~20분이내,병원(부산성모병원) 공원(이기대),"초등학교(용호, 용산, 백운) 중학교(용호) 고등학교(예문여고) 대학교(부경대)",0,47,Y
2026-08,A60809003,오륙도SK VIEW,남구,용호동,3000.0,0,0,0.0,0.0,0.0,0.0,0.0,,,,,True,산정 불완전,평형별 세대수 보완 필요,c38eb7731a2edbf2c405dc922468ded84aa651100a03e86668e60fb8b6b0b8e7,[],현재 확보 자료로 재구성한 과거 추정치; 과거 세대 구성 미확인,False,555b475dcef496b2254b825ba10b0724d7994196dba4c4e18f34e7f5aa4db599,54cb25d3544257419c8c9faa1ee168a8848dbea69689888cc0985fdd2c7a4797,5fb6c1e071a73763f6eb52e67a11f05f6d609819ae4f39c925745faf40f5b4fd,8b30a9aec44c70f7b04a7800,2026-09-17T13:53:18.573481+09:00,오륙도SK VIEW,2629010700,부산광역시,남구,용호동,,부산광역시 남구 용호동 944 오륙도SK VIEW,분양,개별난방,666124.0,15,3000.0,(주)무송엔지니어링,(주)무송엔지니어링,0516114411,ordskview.aptner.co.kr,아파트,부산광역시 남구 오륙도로 85,위탁관리,계단식,20081031,0516114477,3000,502481.0,0.0,914.0,1071.0,1015.0,377094.8218,47,47,3,79,48594,위탁관리,45,(주)주우관리,위탁관리,21,(주)에스케이쉴더스,위탁관리,38,음식물쓰레기종량제,위탁관리,9,분무식,철근콘크리트구조,15350,단일계약,상주선임,R형,부스타방식,위탁관리,79,384,5371,유,897,"관리사무소, 노인정, 보육시설, 어린이놀이터, 커뮤니티공간",5~10분이내,2호선,,20분초과,,초등학교(오륙도) 중학교(오륙도),0,463,Y
2026-08,A60809004,LG메트로시티아파트,남구,용호동,7374.0,0,0,0.0,0.0,0.0,0.0,0.0,,,,,True,산정 불완전,평형별 세대수 보완 필요,c38eb7731a2edbf2c405dc922468ded84aa651100a03e86668e60fb8b6b0b8e7,[],현재 확보 자료로 재구성한 과거 추정치; 과거 세대 구성 미확인,False,555b475dcef496b2254b825ba10b0724d7994196dba4c4e18f34e7f5aa4db599,54cb25d3544257419c8c9faa1ee168a8848dbea69689888cc0985fdd2c7a4797,5fb6c1e071a73763f6eb52e67a11f05f6d609819ae4f39c925745faf40f5b4fd,8b30a9aec44c70f7b04a7800,2026-09-17T13:53:18.573481+09:00,LG메트로시티아파트,2629010700,부산광역시,남구,용호동,,부산광역시 남구 용호동 176-30 LG메트로시티아파트,분양,개별난방,1364306.8,80,7374.0,"엘지건설(주), (주)중앙건설","엘지건설(주), (주)중앙건설",0516118901,https://v2admin.aptner.com/,아파트,부산광역시 남구 분포로 113,위탁관리,계단식,20010616,0516118903,7374,1024565.56,460.0,2726.0,2338.0,1850.0,836402.799,25,25,3,154,48516,위탁관리,48,우리관리(주),위탁관리,107,(주)삼성씨에스,위탁관리,73,음식물쓰레기종량제,위탁관리,3,"분무식,기구부착식,독이식",철근콘크리트구조,24600,단일계약,상주선임,R형,고가수조식,위탁관리,154,1530,10937,유,1576,"관리사무소, 노인정, 보육시설, 주민공동시설, 어린이놀이터, 유치원, 자전거보관소",5~10분이내,2호선,,15~20분이내,관공서(남부운전면허시험장) 병원(한나산부인과) 대형상가(삼성디지털프라자-용호점) 공원(이기대공원),초등학교(분포초등학교) 중학교(분포중학교) 고등학교(분포고등학교) 대학교(부경대학교),0,619,Y
2026-08,A60876301,용호일신프리빌리지,남구,용호동,518.0,0,0,0.0,0.0,0.0,0.0,0.0,,,,,True,산정 불완전,평형별 세대수 보완 필요,c38eb7731a2edbf2c405dc922468ded84aa651100a03e86668e60fb8b6b0b8e7,[],현재 확보 자료로 재구성한 과거 추정치; 과거 세대 구성 미확인,False,555b475dcef496b2254b825ba10b0724d7994196dba4c4e18f34e7f5aa4db599,54cb25d3544257419c8c9faa1ee168a8848dbea69689888cc0985fdd2c7a4797,5fb6c1e071a73763f6eb52e67a11f05f6d609819ae4f39c925745faf40f5b4fd,8b30a9aec44c70f7b04a7800,2026-09-17T13:53:18.573481+09:00,용호일신프리빌리지,2629010700,부산광역시,남구,용호동,,부산광역시 남구 용호동 179-4 용호일신프리빌리지,분양,개별난방,62837.0,3,518.0,일신건설,일신건설,0516286714, ,아파트,부산광역시 남구 용호로 34,위탁관리,계단식,19960226,0516286715,518,52327.37,185.0,283.0,50.0,0.0,40669.43,25,25,0,11,48517,위탁관리,6,(주)명건,위탁관리,4,(주)명건,자치관리,4,음식물쓰레기종량제,위탁관리,3,,철근콘크리트구조,1650,단일계약,상주선임,R형,고가수조식,위탁관리,11,167,214,무,80,"관리사무소, 노인정, 어린이놀이터, 휴게시설, 자전거보관소",5~10분이내,2호선,,,병원(한나산부인과) 대형상가(메가마트 남천점),중학교(용문중학교),0,5,Y
2026-08,A60876402,현대비치아파트,남구,용호동,648.0,0,0,0.0,0.0,0.0,0.0,0.0,,,,,True,산정 불완전,평형별 세대수 보완 필요,c38eb7731a2edbf2c405dc922468ded84aa651100a03e86668e60fb8b6b0b8e7,[],현재 확보 자료로 재구성한 과거 추정치; 과거 세대 구성 미확인,False,555b475dcef496b2254b825ba10b0724d7994196dba4c4e18f34e7f5aa4db599,54cb25d3544257419c8c9faa1ee168a8848dbea69689888cc0985fdd2c7a4797,5fb6c1e071a73763f6eb52e67a11f05f6d609819ae4f39c925745faf40f5b4fd,8b30a9aec44c70f7b04a7800,2026-09-17T13:53:18.573481+09:00,현대비치아파트,2629010700,부산광역시,남구,용호동,,부산광역시 남구 용호동 181-1 현대비치아파트,분양,개별난방,66782.0,2,648.0,신동성개발,현대산업개발,0516111884, ,아파트,부산광역시 남구 용호로42번길 14,위탁관리,계단식,19971112,0519281884,648,53280.71,460.0,188.0,0.0,0.0,39941.23,25,25,0,14,48517,위탁관리,5,(주)장천,위탁관리,6,(주)장천,위탁관리,5,음식물쓰레기종량제,위탁관리,4,"도포식,분무식,기구부착식",철근콘크리트구조,1750,단일계약,상주선임,P형,고가수조식,위탁관리,14,133,334,무,92,"관리사무소, 노인정, 보육시설, 주민공동시설, 어린이놀이터, 휴게시설, 자전거보관소",5분이내,2호선,,5~10분이내,"관공서(용호1동행정복지센터) 병원(성모병원) 대형상가(메가마트-남천점, 홈플러스-용호점) 공원(이기대수변공원, 백운포체육공원, 오륙도해맞이공원)","초등학교(용호초등학교) 중학교(용문중학교) 고등학교(분포고등학교, 예문여자고등학교, 한국조형예술고등학교) 대학교(부경대학교, 경성대학교, 동명대학교)",0,10,Y
2026-08,A60883203,일신-님Ⅱ아파트,남구,용호동,710.0,0,0,0.0,0.0,0.0,0.0,0.0,,,,,True,산정 불완전,평형별 세대수 보완 필요,c38eb7731a2edbf2c405dc922468ded84aa651100a03e86668e60fb8b6b0b8e7,[],현재 확보 자료로 재구성한 과거 추정치; 과거 세대 구성 미확인,False,555b475dcef496b2254b825ba10b0724d7994196dba4c4e18f34e7f5aa4db599,54cb25d3544257419c8c9faa1ee168a8848dbea69689888cc0985fdd2c7a4797,5fb6c1e071a73763f6eb52e67a11f05f6d609819ae4f39c925745faf40f5b4fd,8b30a9aec44c70f7b04a7800,2026-09-17T13:53:18.573481+09:00,일신-님Ⅱ아파트,2629010700,부산광역시,남구,용호동,,부산광역시 남구 용호동 179-9 일신-님Ⅱ아파트,분양,개별난방,95051.0,9,710.0,일신건설산업(주),일신건설산업(주),0516227901, ,아파트,부산광역시 남구 용호로 38-17,위탁관리,계단식,20060118,0516227902,710,77191.94,82.0,552.0,76.0,0.0,60774.5448,27,27,0,15,48517,위탁관리,6,남부공영(주),위탁관리,8,듀델코리아,위탁관리,7,거점장비수거방식,위탁관리,4,분무식,철근콘크리트구조,2450,단일계약,상주선임,R형,부스타방식,위탁관리,30,309,499,유,116,"관리사무소, 노인정, 보육시설, 문고, 주민공동시설, 어린이놀이터, 휴게시설, 커뮤니티공간, 자전거보관소, 기타",5~10분이내,,,,병원(한나산부인과) 공원(평화공원),초등학교(용호초등학교) 중학교(용문중학교),0,17,Y
2026-08,A61202008,쌍용예가,남구,용호동,773.0,0,0,0.0,0.0,0.0,0.0,0.0,,,,,True,산정 불완전,평형별 세대수 보완 필요,c38eb7731a2edbf2c405dc922468ded84aa651100a03e86668e60fb8b6b0b8e7,[],현재 확보 자료로 재구성한 과거 추정치; 과거 세대 구성 미확인,False,555b475dcef496b2254b825ba10b0724d7994196dba4c4e18f34e7f5aa4db599,54cb25d3544257419c8c9faa1ee168a8848dbea69689888cc0985fdd2c7a4797,5fb6c1e071a73763f6eb52e67a11f05f6d609819ae4f39c925745faf40f5b4fd,8b30a9aec44c70f7b04a7800,2026-09-17T13:53:18.573481+09:00,쌍용예가,2629010700,부산광역시,남구,용호동,,부산광역시 남구 용호동 976 쌍용예가,분양,개별난방,103004.1,9,773.0,부산도시공사,쌍용건설,0516268023, ,아파트,부산광역시 남구 용호로216번가길 10,위탁관리,계단식,20130605,0516268024,773,73062.0,363.0,410.0,0.0,0.0,55325.4312,25,25,4,18,48574,위탁관리,7,(주)명건,위탁관리,8,태영개발,위탁관리,7,음식물쓰레기종량제,위탁관리,3,분무식,철근콘크리트구조,3600,단일계약,상주선임,R형,부스타방식,위탁관리,18,0,777,유,168,"관리사무소, 보육시설, 문고, 주민공동시설, 어린이놀이터, 커뮤니티공간, 자전거보관소",5~10분이내,,,10~15분이내,"관공서(용호4동주민센터) 병원(부산성모병원) 공원(백운포체육공원, 이기대도시자연공원)",초등학교(백운초등학교) 중학교(용호중학교) 고등학교(예문여자고등학교) 대학교(동명대학교),0,10,Y
2026-08,A60871104,용당현대I-PARK,남구,용당동,748.0,0,0,0.0,0.0,0.0,0.0,0.0,,,,,True,산정 불완전,평형별 세대수 보완 필요,c38eb7731a2edbf2c405dc922468ded84aa651100a03e86668e60fb8b6b0b8e7,[],현재 확보 자료로 재구성한 과거 추정치; 과거 세대 구성 미확인,False,555b475dcef496b2254b825ba10b0724d7994196dba4c4e18f34e7f5aa4db599,54cb25d3544257419c8c9faa1ee168a8848dbea69689888cc0985fdd2c7a4797,5fb6c1e071a73763f6eb52e67a11f05f6d609819ae4f39c925745faf40f5b4fd,8b30a9aec44c70f7b04a7800,2026-09-17T13:53:18.573481+09:00,용당현대I-PARK,2629010800,부산광역시,남구,용당동,,부산광역시 남구 용당동 99-10 용당현대I-PARK,분양,개별난방,91746.0,7,748.0,현대산업개발(주),현대산업개발(주),0516244846, ,아파트,부산광역시 남구 동명로 26,위탁관리,계단식,20021228,0516244847,748,76561.14,200.0,449.0,99.0,0.0,59853.1266,25,25,2,15,48559,위탁관리,6,남부공영(주),위탁관리,8,남부공영(주),위탁관리,5,음식물쓰레기종량제,위탁관리,4,분무식,철근콘크리트구조,1700,단일계약,상주선임,R형,부스타방식,위탁관리,15,294,465,무,119,"관리사무소, 노인정, 보육시설, 문고, 주민공동시설, 어린이놀이터, 휴게시설, 자전거보관소",5분이내,2호선,,10~15분이내,관공서(남구청) 병원(성모병원) 공원(평화공원),"초등학교(용당초등학교) 중학교(대천중학교) 고등학교(동명정보공업고등학교) 대학교(부경대학교,동명대학교)",2,10,Y
2026-08,A60883003,신대연코오롱하늘채아파트,남구,용당동,712.0,0,0,0.0,0.0,0.0,0.0,0.0,,,,,True,산정 불완전,평형별 세대수 보완 필요,c38eb7731a2edbf2c405dc922468ded84aa651100a03e86668e60fb8b6b0b8e7,[],현재 확보 자료로 재구성한 과거 추정치; 과거 세대 구성 미확인,False,555b475dcef496b2254b825ba10b0724d7994196dba4c4e18f34e7f5aa4db599,54cb25d3544257419c8c9faa1ee168a8848dbea69689888cc0985fdd2c7a4797,5fb6c1e071a73763f6eb52e67a11f05f6d609819ae4f39c925745faf40f5b4fd,8b30a9aec44c70f7b04a7800,2026-09-17T13:53:18.573481+09:00,신대연코오롱하늘채아파트,2629010800,부산광역시,남구,용당동,,부산광역시 남구 용당동 599-1 신대연코오롱하늘채아파트,분양,개별난방,86418.0,15,712.0,코오롱건설(주),(주)한백,0516120355, ,아파트,부산광역시 남구 홍곡로320번길 132,위탁관리,계단식,20070328,0516120356,721,85421.97,0.0,586.0,104.0,22.0,66115.7822,15,15,0,27,48537,위탁관리,6,(주)로이안,위탁관리,5,(주)로이안,위탁관리,9,음식물쓰레기종량제,위탁관리,4,,철근콘크리트구조,2100,단일계약,상주선임,P형,부스타방식,위탁관리,27,296,606,유,212,"관리사무소, 노인정, 보육시설, 주민공동시설, 어린이놀이터, 자전거보관소",5~10분이내,2호선,,15~20분이내,관공서(부산지방경찰청) 공원(유엔기념공원),"초등학교(석포초등학교) 중학교(석포여중학교) 대학교(경성대학교,부경대학교,동명대학교)",0,5,Y
2026-08,A10020004,롯데캐슬 인피니엘,남구,문현동,715.0,0,0,0.0,0.0,0.0,0.0,0.0,,,,,True,산정 불완전,평형별 세대수 보완 필요,c38eb7731a2edbf2c405dc922468ded84aa651100a03e86668e60fb8b6b0b8e7,[],현재 확보 자료로 재구성한 과거 추정치; 과거 세대 구성 미확인,False,555b475dcef496b2254b825ba10b0724d7994196dba4c4e18f34e7f5aa4db599,54cb25d3544257419c8c9faa1ee168a8848dbea69689888cc0985fdd2c7a4797,5fb6c1e071a73763f6eb52e67a11f05f6d609819ae4f39c925745faf40f5b4fd,8b30a9aec44c70f7b04a7800,2026-09-17T13:53:18.573481+09:00,롯데캐슬 인피니엘,2629010900,부산광역시,남구,문현동,,부산광역시 남구 문현동 295-1 롯데캐슬 인피니엘,분양,개별난방,102624.35,9,715.0,롯데건설,문현제일지역주택조합,0517833288, ,아파트,부산광역시 남구 지게골로 102,위탁관리,계단식,20260624,0517843288,715,62691.535,0.0,621.0,94.0,0.0,62691.5343,25,0,5,0,,위탁관리,,(주)장천,,,,,,,,,,,,,,,,,0,,,,,,,,,,,,0,0,Y
2026-08,A10023533,오션파라곤,남구,문현동,662.0,0,0,0.0,0.0,0.0,0.0,0.0,,,,,True,산정 불완전,평형별 세대수 보완 필요,c38eb7731a2edbf2c405dc922468ded84aa651100a03e86668e60fb8b6b0b8e7,[],현재 확보 자료로 재구성한 과거 추정치; 과거 세대 구성 미확인,False,555b475dcef496b2254b825ba10b0724d7994196dba4c4e18f34e7f5aa4db599,54cb25d3544257419c8c9faa1ee168a8848dbea69689888cc0985fdd2c7a4797,5fb6c1e071a73763f6eb52e67a11f05f6d609819ae4f39c925745faf40f5b4fd,8b30a9aec44c70f7b04a7800,2026-09-17T13:53:18.573481+09:00,오션파라곤,2629010900,부산광역시,남구,문현동,,부산광역시 남구 문현동 1255 오션파라곤,분양,개별난방,93984.89,8,662.0,동양건설,부산오션힐지역주택조합,0516357747, ,아파트,부산광역시 남구 우암로 300,위탁관리,계단식,20221104,0516357767,662,60633.57,264.0,398.0,0.0,0.0,45393.7376,32,32,4,24,48478,위탁관리,6,(주)하나종합관리,위탁관리,4,비앤에이서비스,위탁관리,8,음식물쓰레기종량제,위탁관리,3,분무식,철골철근콘크리트구조,3000,종합계약,상주선임,R형,부스타방식,,25,0,743,유,259,"관리사무소, 노인정, 보육시설, 주민공동시설, 휴게시설, 커뮤니티공간, 자전거보관소, 기타",5~10분이내,,,20분초과,,초등학교() 중학교() 고등학교(),0,0,Y
2026-08,A10023872,대연양우내안애 아파트,남구,문현동,560.0,0,0,0.0,0.0,0.0,0.0,0.0,,,,,True,산정 불완전,평형별 세대수 보완 필요,c38eb7731a2edbf2c405dc922468ded84aa651100a03e86668e60fb8b6b0b8e7,[],현재 확보 자료로 재구성한 과거 추정치; 과거 세대 구성 미확인,False,555b475dcef496b2254b825ba10b0724d7994196dba4c4e18f34e7f5aa4db599,54cb25d3544257419c8c9faa1ee168a8848dbea69689888cc0985fdd2c7a4797,5fb6c1e071a73763f6eb52e67a11f05f6d609819ae4f39c925745faf40f5b4fd,8b30a9aec44c70f7b04a7800,2026-09-17T13:53:18.573481+09:00,대연양우내안애 아파트,2629010900,부산광역시,남구,문현동,,부산광역시 남구 문현동 310-1 대연양우내안애 아파트,분양,개별난방,91823.0,7,560.0,양우건설(주),대연마루지역주택조합,0516338338, ,아파트,부산광역시 남구 수영로 117,위탁관리,계단식,20220228,0516338339,560,58380.176,169.0,391.0,0.0,0.0,43332.3085,29,29,0,23,48455,위탁관리,6,우리관리(주),위탁관리,4,(주)에스원,위탁관리,6,음식물쓰레기종량제,관리방식미정,3,분무식,철골철근콘크리트구조,3250,종합계약,상주선임,GR형,부스타방식,위탁관리,23,0,699,유,236,"관리사무소, 노인정, 보육시설, 문고, 주민공동시설, 어린이놀이터, 휴게시설, 커뮤니티공간, 자전거보관소, 기타",5분이내,2호선,,5~10분이내,"관공서(부산 남구청, 남구보건소) 병원(좋은강안병원 . 인창요양원) 백화점(현대백화점) 공원(오륙도 공원)",,0,14,Y
2026-08,A10024704,문현경동리인,남구,문현동,600.0,0,0,0.0,0.0,0.0,0.0,0.0,,,,,True,산정 불완전,평형별 세대수 보완 필요,c38eb7731a2edbf2c405dc922468ded84aa651100a03e86668e60fb8b6b0b8e7,[],현재 확보 자료로 재구성한 과거 추정치; 과거 세대 구성 미확인,False,555b475dcef496b2254b825ba10b0724d7994196dba4c4e18f34e7f5aa4db599,54cb25d3544257419c8c9faa1ee168a8848dbea69689888cc0985fdd2c7a4797,5fb6c1e071a73763f6eb52e67a11f05f6d609819ae4f39c925745faf40f5b4fd,8b30a9aec44c70f7b04a7800,2026-09-17T13:53:18.573481+09:00,문현경동리인,2629010900,부산광역시,남구,문현동,,부산광역시 남구 문현동 1244 문현경동리인,분양,개별난방,99751.97,8,600.0,경동건설,경동건설,0516386651,www.joyapt.com/home/user/8172/,아파트,부산광역시 남구 문현로 36-1,위탁관리,계단식,20200728,0516386653,600,60734.004,0.0,600.0,0.0,0.0,47357.2784,27,27,4,19,48420,위탁관리,6,(주)디이씨오,위탁관리,5,(주)세웅서비스,위탁관리,7,음식물쓰레기종량제,위탁관리,3,,철골철근콘크리트구조,4200,단일계약,상주선임,GR형,부스타방식,위탁관리,19,5,666,유,251,"관리사무소, 노인정, 보육시설, 문고, 주민공동시설, 어린이놀이터, 휴게시설, 유치원, 커뮤니티공간, 자전거보관소",10~15분이내,2호선,,10~15분이내,,,0,14,Y
2026-08,A10025508,문현베스티움아파트,남구,문현동,743.0,0,0,0.0,0.0,0.0,0.0,0.0,,,,,True,산정 불완전,평형별 세대수 보완 필요,c38eb7731a2edbf2c405dc922468ded84aa651100a03e86668e60fb8b6b0b8e7,[],현재 확보 자료로 재구성한 과거 추정치; 과거 세대 구성 미확인,False,555b475dcef496b2254b825ba10b0724d7994196dba4c4e18f34e7f5aa4db599,54cb25d3544257419c8c9faa1ee168a8848dbea69689888cc0985fdd2c7a4797,5fb6c1e071a73763f6eb52e67a11f05f6d609819ae4f39c925745faf40f5b4fd,8b30a9aec44c70f7b04a7800,2026-09-17T13:53:18.573481+09:00,문현베스티움아파트,2629010900,부산광역시,남구,문현동,,부산광역시 남구 문현동 1234 문현베스티움아파트,분양,개별난방,102043.414,10,743.0,(주)동부토건,(주)DS종합건설,0516479037,joyapt.com/home/user/7631/,아파트,부산광역시 남구 고동골로 29,위탁관리,계단식,20190419,0516479038,744,67809.3,491.0,252.0,0.0,0.0,48790.155,31,31,4,7,48415,위탁관리,6,우리관리(주),위탁관리,7,(주)에스원,위탁관리,8,거점장비수거방식,위탁관리,3,,철근콘크리트구조,2650,단일계약,상주선임,R형,부스타방식,위탁관리,21,0,764,유,256,"관리사무소, 노인정, 보육시설, 문고, 주민공동시설, 어린이놀이터, 커뮤니티공간, 자전거보관소",5~10분이내,2호선,,5~10분이내,관공서(문현3동주민센터) 백화점(현대백화점) 대형상가(메가마트문현점) 공원(자성대),초등학교(성동초등학교) 중학교(성동중학교) 고등학교(부산중앙고등학교),0,28,Y
2026-08,A60804003,문현동삼성아파트,남구,문현동,916.0,0,0,0.0,0.0,0.0,0.0,0.0,,,,,True,산정 불완전,평형별 세대수 보완 필요,c38eb7731a2edbf2c405dc922468ded84aa651100a03e86668e60fb8b6b0b8e7,[],현재 확보 자료로 재구성한 과거 추정치; 과거 세대 구성 미확인,False,555b475dcef496b2254b825ba10b0724d7994196dba4c4e18f34e7f5aa4db599,54cb25d3544257419c8c9faa1ee168a8848dbea69689888cc0985fdd2c7a4797,5fb6c1e071a73763f6eb52e67a11f05f6d609819ae4f39c925745faf40f5b4fd,8b30a9aec44c70f7b04a7800,2026-09-17T13:53:18.573481+09:00,문현동삼성아파트,2629010900,부산광역시,남구,문현동,,부산광역시 남구 문현동 395 문현동삼성아파트,분양,개별난방,147842.0,14,916.0,삼성물산 주식회사,삼성물산 주식회사,0516470935, ,아파트,부산광역시 남구 전포대로20번길 15,위탁관리,계단식,20010518,0516470936,916,112426.93,295.0,333.0,50.0,238.0,89773.79,25,25,3,21,48414,위탁관리,8,우리관리(주),위탁관리,14,(주)삼성티엠에스,위탁관리,8,음식물쓰레기종량제,위탁관리,3,"분무식,기구부착식,독이식",철근콘크리트구조,3600,단일계약,상주선임,R형,고가수조식,위탁관리,21,278,983,무,113,"관리사무소, 노인정, 어린이놀이터",5~10분이내,2호선,,5~10분이내,관공서(시민회관) 병원(두남한의원) 대형상가(이마트),"초등학교(성동초등교) 중학교(문현여중) 고등학교(문현고교, 배정고교)",0,26,Y
2026-08,A60872101,대림문현시티프라자,남구,문현동,521.0,0,0,0.0,0.0,0.0,0.0,0.0,,,,,True,산정 불완전,평형별 세대수 보완 필요,c38eb7731a2edbf2c405dc922468ded84aa651100a03e86668e60fb8b6b0b8e7,[],현재 확보 자료로 재구성한 과거 추정치; 과거 세대 구성 미확인,False,555b475dcef496b2254b825ba10b0724d7994196dba4c4e18f34e7f5aa4db599,54cb25d3544257419c8c9faa1ee168a8848dbea69689888cc0985fdd2c7a4797,5fb6c1e071a73763f6eb52e67a11f05f6d609819ae4f39c925745faf40f5b4fd,8b30a9aec44c70f7b04a7800,2026-09-17T13:53:18.573481+09:00,대림문현시티프라자,2629010900,부산광역시,남구,문현동,,부산광역시 남구 문현동 363-1 대림문현시티프라자,분양,개별난방,83354.31,1,521.0,대림산업(주),대림산업(주),0516319921, ,주상복합,부산광역시 남구 수영로 26,위탁관리,혼합식,19990715,0516332471,521,52017.26,331.0,90.0,100.0,0.0,37336.765,36,36,3,9,48456,위탁관리,6,(주)에이비씨서비스,위탁관리,5,태영개발(주),위탁관리,5,음식물쓰레기종량제,위탁관리,5,분무식,철근콘크리트구조,1700,단일계약,상주선임,R형,부스타방식,위탁관리,11,369,166,무,58,"관리사무소, 노인정, 어린이놀이터, 휴게시설, 자전거보관소",5분이내,2호선,,5~10분이내,,,0,5,Y
2026-08,A60879704,문현현대아파트,남구,문현동,693.0,0,0,0.0,0.0,0.0,0.0,0.0,,,,,True,산정 불완전,평형별 세대수 보완 필요,c38eb7731a2edbf2c405dc922468ded84aa651100a03e86668e60fb8b6b0b8e7,[],현재 확보 자료로 재구성한 과거 추정치; 과거 세대 구성 미확인,False,555b475dcef496b2254b825ba10b0724d7994196dba4c4e18f34e7f5aa4db599,54cb25d3544257419c8c9faa1ee168a8848dbea69689888cc0985fdd2c7a4797,5fb6c1e071a73763f6eb52e67a11f05f6d609819ae4f39c925745faf40f5b4fd,8b30a9aec44c70f7b04a7800,2026-09-17T13:53:18.573481+09:00,문현현대아파트,2629010900,부산광역시,남구,문현동,,부산광역시 남구 문현동 73-1 문현현대아파트,분양,개별난방,84437.76,6,693.0,현대건설(주),현대건설(주),0516355288, ,아파트,부산광역시 남구 진남로198번길 9-1,위탁관리,계단식,19980629,0516356575,693,69148.34,298.0,305.0,90.0,0.0,54134.468,25,25,0,16,48423,위탁관리,6,(주)장천,위탁관리,11,(주)장천,위탁관리,5,음식물쓰레기종량제,위탁관리,3,분무식,철근콘크리트구조,2250,단일계약,상주선임,P형,부스타방식,위탁관리,16,252,451,무,123,"관리사무소, 노인정, 보육시설, 주민공동시설, 어린이놀이터",5~10분이내,"2호선, 3호선",,15~20분이내,관공서(시민회관) 병원(현대치과의원) 대형상가(이마트),"초등학교(성동초등교) 중학교(문현여중) 고등학교(문현고교, 배정고교) 대학교(부산홍익노인대학교)",3,15,Y
2026-08,A10020289,두산위브더제니스 오션시티 ,남구,우암동,3048.0,0,0,0.0,0.0,0.0,0.0,0.0,,,,,True,산정 불완전,평형별 세대수 보완 필요; 임대·혼합 또는 분양 범위 미확인,c38eb7731a2edbf2c405dc922468ded84aa651100a03e86668e60fb8b6b0b8e7,[],현재 확보 자료로 재구성한 과거 추정치; 과거 세대 구성 미확인,False,555b475dcef496b2254b825ba10b0724d7994196dba4c4e18f34e7f5aa4db599,54cb25d3544257419c8c9faa1ee168a8848dbea69689888cc0985fdd2c7a4797,5fb6c1e071a73763f6eb52e67a11f05f6d609819ae4f39c925745faf40f5b4fd,8b30a9aec44c70f7b04a7800,2026-09-17T13:53:18.573481+09:00,두산위브더제니스 오션시티 ,2629011000,부산광역시,남구,우암동,,부산광역시 남구 우암동 129 두산위브더제니스 오션시티 ,혼합,개별난방,440642.8,29,3048.0,우암2구역주택재개발정비사업조합,두산건설,0518670635, ,아파트,부산광역시 남구 유엔로 35,위탁관리,혼합식,20251229,0518670636,3048,303574.53,214.0,227.0,2607.0,0.0,303574.529,34,0,5,73,,위탁관리,28,(주)장천,위탁관리,,(주)장천,위탁관리,38,음식물쓰레기종량제,위탁관리,3,분무식,철근콘크리트구조,8750,종합계약,상주선임,R형,부스타방식,위탁관리,73,3705,3705,유,732,,,,,,,,0,0,Y
2026-08,A60877107,우암일신보라,남구,우암동,661.0,0,0,0.0,0.0,0.0,0.0,0.0,,,,,True,산정 불완전,평형별 세대수 보완 필요,c38eb7731a2edbf2c405dc922468ded84aa651100a03e86668e60fb8b6b0b8e7,[],현재 확보 자료로 재구성한 과거 추정치; 과거 세대 구성 미확인,False,555b475dcef496b2254b825ba10b0724d7994196dba4c4e18f34e7f5aa4db599,54cb25d3544257419c8c9faa1ee168a8848dbea69689888cc0985fdd2c7a4797,5fb6c1e071a73763f6eb52e67a11f05f6d609819ae4f39c925745faf40f5b4fd,8b30a9aec44c70f7b04a7800,2026-09-17T13:53:18.573481+09:00,우암일신보라,2629011000,부산광역시,남구,우암동,,부산광역시 남구 우암동 120-100 우암일신보라,분양,개별난방,85413.0,6,661.0,반도보라,반도보라,0519284883, ,아파트,부산광역시 남구 유엔로 15,위탁관리,계단식,19980911,0519284884,661,67449.96,275.0,290.0,96.0,0.0,52318.9,25,25,0,16,48473,위탁관리,6,(주)명건,위탁관리,12,듀델코리아,위탁관리,6,음식물쓰레기종량제,위탁관리,6,분무식,철골철근콘크리트구조,1500,단일계약,상주선임,R형,부스타방식,위탁관리,16,151,520,무,128,"관리사무소, 노인정, 어린이놀이터, 자전거보관소",5~10분이내,2호선,,,관공서(우암1동사무소) 병원(채정희치과),"초등학교(신연초교,우암초등학교) 중학교(동항중학교,감만중학교) 고등학교(성지공업고등학교)",0,14,Y
2026-08,A60875305,감만현대1차아파트,남구,감만동,885.0,0,0,0.0,0.0,0.0,0.0,0.0,,,,,True,산정 불완전,평형별 세대수 보완 필요,c38eb7731a2edbf2c405dc922468ded84aa651100a03e86668e60fb8b6b0b8e7,[],현재 확보 자료로 재구성한 과거 추정치; 과거 세대 구성 미확인,False,555b475dcef496b2254b825ba10b0724d7994196dba4c4e18f34e7f5aa4db599,54cb25d3544257419c8c9faa1ee168a8848dbea69689888cc0985fdd2c7a4797,5fb6c1e071a73763f6eb52e67a11f05f6d609819ae4f39c925745faf40f5b4fd,8b30a9aec44c70f7b04a7800,2026-09-17T13:53:18.573481+09:00,감만현대1차아파트,2629011100,부산광역시,남구,감만동,,부산광역시 남구 감만동 225-2 감만현대1차아파트,분양,개별난방,85955.89,5,885.0,현대산업개발(주),신동성개발(주),0516356855, ,아파트,부산광역시 남구 우암로2번길 5,위탁관리,계단식,19960501,0516356856,885,75508.62,693.0,192.0,0.0,0.0,56630.16,24,24,1,19,48555,위탁관리,6,(주)명건,위탁관리,8,(주)명건,위탁관리,8,음식물쓰레기종량제,위탁관리,4,"도포식,분무식,독이식",철골철근콘크리트구조,2150,단일계약,상주선임,R형,고가수조식,위탁관리,19,161,400,무,79,"관리사무소, 노인정, 주민공동시설, 어린이놀이터, 휴게시설, 자전거보관소, 기타",5~10분이내,2호선,,20분초과,관공서(남구청) 병원(고려병원) 백화점(현대백화점) 대형상가(홈플러스) 공원(유엔공원) 기타(오륙도 둘래길),초등학교(동광초교) 중학교(동광중교) 고등학교(대연고등) 대학교(동명대학),0,12,Y
2026-08,A60880104,감만동일스위트아파트,남구,감만동,548.0,0,0,0.0,0.0,0.0,0.0,0.0,,,,,True,산정 불완전,평형별 세대수 보완 필요,c38eb7731a2edbf2c405dc922468ded84aa651100a03e86668e60fb8b6b0b8e7,[],현재 확보 자료로 재구성한 과거 추정치; 과거 세대 구성 미확인,False,555b475dcef496b2254b825ba10b0724d7994196dba4c4e18f34e7f5aa4db599,54cb25d3544257419c8c9faa1ee168a8848dbea69689888cc0985fdd2c7a4797,5fb6c1e071a73763f6eb52e67a11f05f6d609819ae4f39c925745faf40f5b4fd,8b30a9aec44c70f7b04a7800,2026-09-17T13:53:18.573481+09:00,감만동일스위트아파트,2629011100,부산광역시,남구,감만동,,부산광역시 남구 감만동 73-212 감만동일스위트아파트,분양,개별난방,58652.0,7,548.0,(주)동일,(주)동일,0516395557, ,아파트,부산광역시 남구 우암로104번길 29,위탁관리,계단식,20051018,0519595557,551,50816.543,338.0,210.0,0.0,0.0,37047.1312,25,25,0,14,48543,위탁관리,5,(주)우림종합관리,위탁관리,4,태영개발주식회사,위탁관리,5,음식물쓰레기종량제,위탁관리,4,분무식,철근콘크리트구조,1700,단일계약,상주선임,R형,부스타방식,위탁관리,14,189,320,무,112,"관리사무소, 노인정, 어린이놀이터, 휴게시설, 자전거보관소",5~10분이내,2호선,못골,,관공서(감만1동사무소) 병원(신형용정형외과) 대형상가(홈플러스),초등학교(동천초등학교) 중학교(동광중교) 대학교(부산외국어대학교),7,0,Y
2026-08,A10027989,신화명리버뷰자이아파트,북구,금곡동,792.0,0,0,0.0,0.0,0.0,0.0,0.0,,,,,True,산정 불완전,평형별 세대수 보완 필요,c38eb7731a2edbf2c405dc922468ded84aa651100a03e86668e60fb8b6b0b8e7,[],현재 확보 자료로 재구성한 과거 추정치; 과거 세대 구성 미확인,False,555b475dcef496b2254b825ba10b0724d7994196dba4c4e18f34e7f5aa4db599,54cb25d3544257419c8c9faa1ee168a8848dbea69689888cc0985fdd2c7a4797,5fb6c1e071a73763f6eb52e67a11f05f6d609819ae4f39c925745faf40f5b4fd,8b30a9aec44c70f7b04a7800,2026-09-17T13:53:18.573481+09:00,신화명리버뷰자이아파트,2632010100,부산광역시,북구,금곡동,,부산광역시 북구 금곡동 1021 신화명리버뷰자이아파트,분양,개별난방,115725.47,8,792.0,GS건설,GS건설,0513639331,http://shmrvxi.aptner.com/,아파트,부산광역시 북구 금곡대로470번길 29,위탁관리,계단식,20150619,0513639334,792,83225.96,125.0,667.0,0.0,0.0,62725.836,29,29,2,18,46508,위탁관리,7,(주)디이씨오,위탁관리,6,(주)비앤에이서비스,위탁관리,8,음식물쓰레기종량제,위탁관리,3,분무식,철근콘크리트구조,4750,단일계약,상주선임,GR형,부스타방식,위탁관리,18,0,871,유,212,"관리사무소, 노인정, 보육시설, 주민공동시설, 어린이놀이터",5분이내,2호선,,,,,0,18,Y
2026-08,A10028138,동원역삼정그린코아,북구,금곡동,529.0,0,0,0.0,0.0,0.0,0.0,0.0,,,,,True,산정 불완전,평형별 세대수 보완 필요,c38eb7731a2edbf2c405dc922468ded84aa651100a03e86668e60fb8b6b0b8e7,[],현재 확보 자료로 재구성한 과거 추정치; 과거 세대 구성 미확인,False,555b475dcef496b2254b825ba10b0724d7994196dba4c4e18f34e7f5aa4db599,54cb25d3544257419c8c9faa1ee168a8848dbea69689888cc0985fdd2c7a4797,5fb6c1e071a73763f6eb52e67a11f05f6d609819ae4f39c925745faf40f5b4fd,8b30a9aec44c70f7b04a7800,2026-09-17T13:53:18.573481+09:00,동원역삼정그린코아,2632010100,부산광역시,북구,금곡동,,부산광역시 북구 금곡동 832 동원역삼정그린코아,분양,개별난방,77532.0,6,529.0,(주)삼정,(주)삼정지씨 건설,0513657506, ,아파트,부산광역시 북구 효열로 135,위탁관리,계단식,20141211,0513657507,531,50738.273,199.0,330.0,0.0,0.0,36937.6654,29,29,3,2,46507,위탁관리,6,(주)디이씨오,위탁관리,4,(주)비앤에이서비스,위탁관리,5,음식물쓰레기종량제,위탁관리,3,분무식,철근콘크리트구조,3182,단일계약,상주선임,R형,부스타방식,위탁관리,12,5,540,유,161,"관리사무소, 노인정, 보육시설, 문고, 주민공동시설, 어린이놀이터, 휴게시설, 커뮤니티공간, 자전거보관소",5분이내,2호선,,5분이내,병원(금곡제일의원) 대형상가(LG하이프라자) 기타(금곡청소년수련원),"초등학교(금곡초,신금초) 중학교(금곡중)",5,0,Y
2026-08,A61673902,율리벽산블루밍,북구,금곡동,589.0,0,0,0.0,0.0,0.0,0.0,0.0,,,,,True,산정 불완전,평형별 세대수 보완 필요,c38eb7731a2edbf2c405dc922468ded84aa651100a03e86668e60fb8b6b0b8e7,[],현재 확보 자료로 재구성한 과거 추정치; 과거 세대 구성 미확인,False,555b475dcef496b2254b825ba10b0724d7994196dba4c4e18f34e7f5aa4db599,54cb25d3544257419c8c9faa1ee168a8848dbea69689888cc0985fdd2c7a4797,5fb6c1e071a73763f6eb52e67a11f05f6d609819ae4f39c925745faf40f5b4fd,8b30a9aec44c70f7b04a7800,2026-09-17T13:53:18.573481+09:00,율리벽산블루밍,2632010100,부산광역시,북구,금곡동,,부산광역시 북구 금곡동 1915 율리벽산블루밍,분양,개별난방,92327.89,8,589.0,(주)벽산건설,금곡제2구역주택재개발정비사업조합,0513619914, ,아파트,부산광역시 북구 효열로 1,위탁관리,혼합식,20140329,0513615700,597,64345.99,104.0,485.0,0.0,0.0,46408.509,25,25,2,1,46509,위탁관리,6,(주)장천,위탁관리,6,(주)세웅서비스,위탁관리,6,음식물쓰레기종량제,위탁관리,4,분무식,철근콘크리트구조,3900,단일계약,상주선임,R형,부스타방식,위탁관리,16,15,637,유,139,"관리사무소, 노인정, 보육시설, 문고, 주민공동시설, 어린이놀이터, 휴게시설, 유치원, 커뮤니티공간, 자전거보관소",5분이내,2호선,,5분이내,"관공서(금곡동사무소,금곡동우체국,종합사회복지관) 병원(김내과소아과의원) 대형상가(농협하나로클럽전자랜드21) 기타(한국인력개발타운)","초등학교(신금초,금명초) 중학교(금명중) 고등학교(금곡)",2,13,Y
2026-08,A61674824,부산율리마을,북구,금곡동,840.0,0,0,0.0,0.0,0.0,0.0,0.0,,,,,True,산정 불완전,평형별 세대수 보완 필요; 임대·혼합 또는 분양 범위 미확인,c38eb7731a2edbf2c405dc922468ded84aa651100a03e86668e60fb8b6b0b8e7,[],현재 확보 자료로 재구성한 과거 추정치; 과거 세대 구성 미확인,False,555b475dcef496b2254b825ba10b0724d7994196dba4c4e18f34e7f5aa4db599,54cb25d3544257419c8c9faa1ee168a8848dbea69689888cc0985fdd2c7a4797,5fb6c1e071a73763f6eb52e67a11f05f6d609819ae4f39c925745faf40f5b4fd,8b30a9aec44c70f7b04a7800,2026-09-17T13:53:18.573481+09:00,부산율리마을,2632010100,부산광역시,북구,금곡동,,부산광역시 북구 금곡동 1882 부산율리마을,임대,개별난방,70999.34,5,840.0,한국토지주택공사,한국토지주택공사,0513618454,kohom.or.kr,아파트,부산광역시 북구 화명신도시로 255,위탁관리,계단식,20040524,0513618455,840,70496.445,840.0,0.0,0.0,0.0,44813.34,24,24,1,15,46521,위탁관리,6,주택관리공단(주),위탁관리,6,주식회사 진성티에스,위탁관리,5,음식물쓰레기종량제,위탁관리,3,분무식,철근콘크리트구조,1150,단일계약,상주선임,R형,부스타방식,위탁관리,15,313,281,무,71,"관리사무소, 노인정, 보육시설, 문고, 주민공동시설, 어린이놀이터, 휴게시설, 커뮤니티공간, 자전거보관소",5분이내,2호선,율리,5분이내,"관공서(금곡동행정복지센터, 금곡동우체국, 금곡파출소) 병원(김내과소아과의원) 대형상가(농협하나로클럽) 공원(화명생태공원) 기타(산업인력공단)","초등학교(신금초,금곡초) 중학교(금명중) 고등학교(금곡고)",12,0,Y
2026-08,A61674912,화명뜨란채,북구,금곡동,981.0,0,0,0.0,0.0,0.0,0.0,0.0,,,,,True,산정 불완전,평형별 세대수 보완 필요,c38eb7731a2edbf2c405dc922468ded84aa651100a03e86668e60fb8b6b0b8e7,[],현재 확보 자료로 재구성한 과거 추정치; 과거 세대 구성 미확인,False,555b475dcef496b2254b825ba10b0724d7994196dba4c4e18f34e7f5aa4db599,54cb25d3544257419c8c9faa1ee168a8848dbea69689888cc0985fdd2c7a4797,5fb6c1e071a73763f6eb52e67a11f05f6d609819ae4f39c925745faf40f5b4fd,8b30a9aec44c70f7b04a7800,2026-09-17T13:53:18.573481+09:00,화명뜨란채,2632010100,부산광역시,북구,금곡동,,부산광역시 북구 금곡동 1895 화명뜨란채,분양,개별난방,106361.13,9,981.0,두산중공업,주택공사,0513346618,www.joyapt.com/2255,아파트,부산광역시 북구 화명신도시로 219,위탁관리,계단식,20040702,0519396618,987,68479.89,441.0,540.0,0.0,0.0,68479.89,25,25,1,0,46522,위탁관리,6,부경공영(주),위탁관리,2,(주)듀델코리아,위탁관리,10,음식물쓰레기종량제,위탁관리,4,분무식,철근콘크리트구조,2050,단일계약,상주선임,R형,부스타방식,위탁관리,22,422,443,무,129,"관리사무소, 노인정, 보육시설, 문고, 어린이놀이터, 자전거보관소",5~10분이내,2호선,율리,5~10분이내,"관공서(금곡동사무소,금곡동우체국,종합사회복지관) 병원(남도의원) 대형상가(농협하나로클럽,전자랜드21) 공원(근린공원) 기타(한국인력개발타운)","초등학교(신금,금명) 중학교(금명중) 고등학교(금곡고)",13,0,Y
2026-08,A61676006,금곡한솔아파트,북구,금곡동,532.0,0,0,0.0,0.0,0.0,0.0,0.0,,,,,True,산정 불완전,평형별 세대수 보완 필요,c38eb7731a2edbf2c405dc922468ded84aa651100a03e86668e60fb8b6b0b8e7,[],현재 확보 자료로 재구성한 과거 추정치; 과거 세대 구성 미확인,False,555b475dcef496b2254b825ba10b0724d7994196dba4c4e18f34e7f5aa4db599,54cb25d3544257419c8c9faa1ee168a8848dbea69689888cc0985fdd2c7a4797,5fb6c1e071a73763f6eb52e67a11f05f6d609819ae4f39c925745faf40f5b4fd,8b30a9aec44c70f7b04a7800,2026-09-17T13:53:18.573481+09:00,금곡한솔아파트,2632010100,부산광역시,북구,금곡동,,부산광역시 북구 금곡동 56-1 금곡한솔아파트,분양,개별난방,69549.07,6,532.0,"벽산, 삼협","벽산, 삼협",0513623254,www.joyapt.com/2805,아파트,부산광역시 북구 효열로 265,위탁관리,계단식,19950527,0513624957,532,62307.08,0.0,0.0,532.0,0.0,49836.235,20,20,0,14,46505,위탁관리,5,(주)삼성T.M.S,위탁관리,12,(주)삼성보안공사,위탁관리,4,음식물쓰레기종량제,위탁관리,4,"도포식,분무식,기구부착식",철근콘크리트구조,1250,단일계약,상주선임,P형,부스타방식,위탁관리,14,351,246,무,82,"관리사무소, 노인정, 어린이놀이터, 자전거보관소",5분이내,2호선,,5분이내,"관공서(금곡소방파출소,금곡본동우체국,금곡종합사회복지관) 병원(금곡제일의원) 대형상가(LG하이프라자) 기타(금곡청소년수련원)","초등학교(금창초,금곡초) 중학교(금곡중) 고등학교(금곡고, 화명고)",0,12,Y
2026-08,A61676118,금곡주공1단지,북구,금곡동,1099.0,0,0,0.0,0.0,0.0,0.0,0.0,,,,,True,산정 불완전,평형별 세대수 보완 필요; 임대·혼합 또는 분양 범위 미확인,c38eb7731a2edbf2c405dc922468ded84aa651100a03e86668e60fb8b6b0b8e7,[],현재 확보 자료로 재구성한 과거 추정치; 과거 세대 구성 미확인,False,555b475dcef496b2254b825ba10b0724d7994196dba4c4e18f34e7f5aa4db599,54cb25d3544257419c8c9faa1ee168a8848dbea69689888cc0985fdd2c7a4797,5fb6c1e071a73763f6eb52e67a11f05f6d609819ae4f39c925745faf40f5b4fd,8b30a9aec44c70f7b04a7800,2026-09-17T13:53:18.573481+09:00,금곡주공1단지,2632010100,부산광역시,북구,금곡동,,부산광역시 북구 금곡동 53-1 금곡주공1단지,임대,중앙난방,49521.05,5,1099.0,"한라건설(주),(주)동신주택,마이즈(주) 등.",한국토지주택공사,0513632116,www.kohom.co.kr,아파트,부산광역시 북구 효열로 268,위탁관리,복도식,19940813,0513632119,1116,45770.33,1099.0,0.0,0.0,0.0,31193.28,15,15,1,14,46510,위탁관리,8,한국토지주택공사 금곡1관리소,위탁관리,6,목송산업개발(주),위탁관리,1,차량수거방식,위탁관리,3,,철근콘크리트구조,550,기타,상주선임,R형,부스타방식,위탁관리,14,253,0,무,53,,5분이내,,,5분이내,"관공서(금곡소방파출소,금곡본동우체국,금곡종합사회복지관) 병원(금곡제일의원) 대형상가(LG하이프라자) 공원(무지개공원) 기타(금곡청소년수련원)","초등학교(금창초,금곡초) 중학교(금곡중)",6,0,Y
2026-08,A61676215,금곡주공2단지,북구,금곡동,1460.0,0,0,0.0,0.0,0.0,0.0,0.0,,,,,True,산정 불완전,평형별 세대수 보완 필요; 임대·혼합 또는 분양 범위 미확인,c38eb7731a2edbf2c405dc922468ded84aa651100a03e86668e60fb8b6b0b8e7,[],현재 확보 자료로 재구성한 과거 추정치; 과거 세대 구성 미확인,False,555b475dcef496b2254b825ba10b0724d7994196dba4c4e18f34e7f5aa4db599,54cb25d3544257419c8c9faa1ee168a8848dbea69689888cc0985fdd2c7a4797,5fb6c1e071a73763f6eb52e67a11f05f6d609819ae4f39c925745faf40f5b4fd,8b30a9aec44c70f7b04a7800,2026-09-17T13:53:18.573481+09:00,금곡주공2단지,2632010100,부산광역시,북구,금곡동,,부산광역시 북구 금곡동 98-1 금곡주공2단지,임대,중앙난방,66386.36,10,1460.0,"기계(옥내) 삼협개발(주),(주)해걍",한국토지주택공사,0513612010,www.kohom.or.kr,아파트,부산광역시 북구 금곡대로616번길 10-9,위탁관리,복도식,19940813,0513612011,1460,42152.2,1460.0,0.0,0.0,0.0,42187.95,15,15,0,20,46507,위탁관리,11,한국토지주택공사 부산울산지역본부,위탁관리,8,신서림에스앤에스(주),위탁관리,2,기타,위탁관리,3,분무식,철근콘크리트구조,650,단일계약,상주선임,R형,부스타방식,위탁관리,20,372,0,무,79,"관리사무소, 노인정, 기타",5분이내,"2호선, 2호선","동원, 동원",5분이내,"관공서(금곡본동우체국,금곡종합사회복지관) 병원(금곡병원) 기타(금곡청소년수련원)","초등학교(금곡초,금창초) 중학교(금곡중)",9,0,Y
2026-08,A61676316,금곡주공3단지아파트,북구,금곡동,1484.0,0,0,0.0,0.0,0.0,0.0,0.0,,,,,True,산정 불완전,평형별 세대수 보완 필요,c38eb7731a2edbf2c405dc922468ded84aa651100a03e86668e60fb8b6b0b8e7,[],현재 확보 자료로 재구성한 과거 추정치; 과거 세대 구성 미확인,False,555b475dcef496b2254b825ba10b0724d7994196dba4c4e18f34e7f5aa4db599,54cb25d3544257419c8c9faa1ee168a8848dbea69689888cc0985fdd2c7a4797,5fb6c1e071a73763f6eb52e67a11f05f6d609819ae4f39c925745faf40f5b4fd,8b30a9aec44c70f7b04a7800,2026-09-17T13:53:18.573481+09:00,금곡주공3단지아파트,2632010100,부산광역시,북구,금곡동,,부산광역시 북구 금곡동 57-1 금곡주공3단지아파트,분양,개별난방,100534.0,14,1484.0,국제종합토건,대한주택공사,0513632126, ,아파트,부산광역시 북구 효열로220번길 23,위탁관리,복도식,19940829,0513632127,1491,96386.62,1484.0,0.0,0.0,0.0,70234.74,15,15,0,21,46512,위탁관리,8,(주)우림종합관리,위탁관리,18,(주)태협,위탁관리,6,음식물쓰레기종량제,위탁관리,3,분무식,철근콘크리트구조,1750,단일계약,상주선임,P형,부스타방식,위탁관리,21,586,65,무,118,"관리사무소, 노인정, 보육시설, 어린이놀이터, 자전거보관소",5~10분이내,2호선,,5~10분이내,"관공서(금곡소방파출소,금곡본동우체국,금곡종합사회복지관,금곡종합사회복지관) 병원(빛하늘의원. 연세소아청소년과) 대형상가(농협하나로마트, 롯데마트) 기타(금곡청소년수련원)","초등학교(금창초,금곡초) 중학교(금곡중) 고등학교(금곡고등학교)",12,0,Y
2026-08,A61676422,금곡주공4단지,북구,금곡동,1937.0,0,0,0.0,0.0,0.0,0.0,0.0,,,,,True,산정 불완전,평형별 세대수 보완 필요; 임대·혼합 또는 분양 범위 미확인,c38eb7731a2edbf2c405dc922468ded84aa651100a03e86668e60fb8b6b0b8e7,[],현재 확보 자료로 재구성한 과거 추정치; 과거 세대 구성 미확인,False,555b475dcef496b2254b825ba10b0724d7994196dba4c4e18f34e7f5aa4db599,54cb25d3544257419c8c9faa1ee168a8848dbea69689888cc0985fdd2c7a4797,5fb6c1e071a73763f6eb52e67a11f05f6d609819ae4f39c925745faf40f5b4fd,8b30a9aec44c70f7b04a7800,2026-09-17T13:53:18.573481+09:00,금곡주공4단지,2632010100,부산광역시,북구,금곡동,,부산광역시 북구 금곡동 1108 금곡주공4단지,임대,중앙난방,84192.0,13,1937.0,한국토지주택공사,한국토지주택공사,0513612115,www.kohom.co.kr,아파트,부산광역시 북구 효열로 76,위탁관리,복도식,19940708,0513612117,1937,79418.49,1937.0,0.0,0.0,0.0,53291.34,15,15,0,26,46514,위탁관리,11,주택관리공단(주),위탁관리,9,신서림에스앤에스(주),위탁관리,2,차량수거방식,위탁관리,3,,철근콘크리트구조,850,기타,상주선임,기타,부스타방식,위탁관리,27,351,0,무,88,"관리사무소, 노인정, 보육시설, 주민공동시설",10~15분이내,2호선,"동원,율리",10~15분이내,"관공서(금곡동사무소,금곡동우체국,종합사회복지관) 병원(금곡병원) 대형상가(농협하나로클럽전자랜드21) 기타(한국인력개발타운,금곡청소년수련원)","초등학교(신금초,금곡초) 중학교(금곡중)",8,0,Y
2026-08,A61676509,금곡주공5단지아파트,북구,금곡동,713.0,0,0,0.0,0.0,0.0,0.0,0.0,,,,,True,산정 불완전,평형별 세대수 보완 필요,c38eb7731a2edbf2c405dc922468ded84aa651100a03e86668e60fb8b6b0b8e7,[],현재 확보 자료로 재구성한 과거 추정치; 과거 세대 구성 미확인,False,555b475dcef496b2254b825ba10b0724d7994196dba4c4e18f34e7f5aa4db599,54cb25d3544257419c8c9faa1ee168a8848dbea69689888cc0985fdd2c7a4797,5fb6c1e071a73763f6eb52e67a11f05f6d609819ae4f39c925745faf40f5b4fd,8b30a9aec44c70f7b04a7800,2026-09-17T13:53:18.573481+09:00,금곡주공5단지아파트,2632010100,부산광역시,북구,금곡동,,부산광역시 북구 금곡동 1112-2 금곡주공5단지아파트,분양,개별난방,47228.0,7,713.0,한라건설,한라건설,0513612035, ,아파트,부산광역시 북구 효열로37번길 22,위탁관리,복도식,19941105,0513612036,713,44008.71,713.0,0.0,0.0,0.0,31110.75,20,20,1,4,46509,위탁관리,5,(주)deco,위탁관리,8,(주)DECO,위탁관리,2,음식물쓰레기종량제,위탁관리,4,"분무식,기구부착식",철근콘크리트구조,665,단일계약,위탁선임,P형,부스타방식,위탁관리,10,143,93,무,55,"관리사무소, 노인정, 어린이놀이터, 자전거보관소",5~10분이내,2호선,,5~10분이내,관공서(금곡공 주민센터) 병원(일신기독병원) 백화점(없음) 대형상가(롯데마트) 공원(화명생태공원) 기타(양산시설관리공단),"초등학교(신금초등학교) 중학교(금명중학교) 고등학교(금곡고등학교) 대학교(부산정보대학, 부산대학교양산캠퍼스)",3,2,Y
2026-08,A61676605,금곡주공6단지아파트,북구,금곡동,504.0,0,0,0.0,0.0,0.0,0.0,0.0,,,,,True,산정 불완전,평형별 세대수 보완 필요,c38eb7731a2edbf2c405dc922468ded84aa651100a03e86668e60fb8b6b0b8e7,[],현재 확보 자료로 재구성한 과거 추정치; 과거 세대 구성 미확인,False,555b475dcef496b2254b825ba10b0724d7994196dba4c4e18f34e7f5aa4db599,54cb25d3544257419c8c9faa1ee168a8848dbea69689888cc0985fdd2c7a4797,5fb6c1e071a73763f6eb52e67a11f05f6d609819ae4f39c925745faf40f5b4fd,8b30a9aec44c70f7b04a7800,2026-09-17T13:53:18.573481+09:00,금곡주공6단지아파트,2632010100,부산광역시,북구,금곡동,,부산광역시 북구 금곡동 1110 금곡주공6단지아파트,분양,개별난방,38182.0,4,504.0,대한주택공사,대한주택공사,0513622010,wwww.joyapt.com/home/user/764,아파트,부산광역시 북구 효열로 40,위탁관리,복도식,19950816,0513622011,504,37165.44,504.0,0.0,0.0,0.0,24761.82,25,25,0,8,46514,위탁관리,4,(주)우림종합관리,위탁관리,4,(주)우림종합관리,위탁관리,2,음식물쓰레기종량제,위탁관리,3,"도포식,분무식",철근콘크리트구조,200,기타,위탁선임,P형,고가수조식,위탁관리,8,146,111,무,48,"관리사무소, 노인정, 주민공동시설, 어린이놀이터, 기타",5~10분이내,2호선,,5~10분이내,"관공서(금곡동사무소,금곡동우체국,종합사회복지관) 병원(금곡병원) 대형상가(농협하나로클럽전자랜드21) 기타(한국인력개발타운,금곡청소년수련원)","초등학교(신금초,화명초,금명) 중학교(금명) 고등학교(금곡)",0,2,Y
2026-08,A61676723,금곡주공7단지,북구,금곡동,802.0,0,0,0.0,0.0,0.0,0.0,0.0,,,,,True,산정 불완전,평형별 세대수 보완 필요; 임대·혼합 또는 분양 범위 미확인,c38eb7731a2edbf2c405dc922468ded84aa651100a03e86668e60fb8b6b0b8e7,[],현재 확보 자료로 재구성한 과거 추정치; 과거 세대 구성 미확인,False,555b475dcef496b2254b825ba10b0724d7994196dba4c4e18f34e7f5aa4db599,54cb25d3544257419c8c9faa1ee168a8848dbea69689888cc0985fdd2c7a4797,5fb6c1e071a73763f6eb52e67a11f05f6d609819ae4f39c925745faf40f5b4fd,8b30a9aec44c70f7b04a7800,2026-09-17T13:53:18.573481+09:00,금곡주공7단지,2632010100,부산광역시,북구,금곡동,,부산광역시 북구 금곡동 811 금곡주공7단지,임대,개별난방,47701.0,8,802.0,한국토지주택공사,한국토지주택공사,0513622602,www.kohom.co.kr,아파트,부산광역시 북구 금곡대로550번길 23,위탁관리,복도식,19960506,0513622603,802,45039.25,802.0,0.0,0.0,0.0,31615.72,20,20,1,11,46507,위탁관리,6,주택관리공단(주),위탁관리,8,(주)명가종합관리,위탁관리,1,차량수거방식,위탁관리,3,분무식,철근콘크리트구조,250,종합계약,상주선임,R형,부스타방식,위탁관리,11,295,80,무,68,"관리사무소, 노인정, 어린이놀이터, 휴게시설, 자전거보관소, 기타",5분이내,2호선,,5분이내,"관공서(금곡본동우체국,금곡종합사회복지관) 병원(금곡병원) 대형상가(농협하나로클럽전자랜드21) 기타(금곡청소년수련원)","초등학교(금곡초,신금초) 중학교(금곡중)",6,0,Y
2026-08,A61676814,금곡9단지주공,북구,금곡동,1366.0,0,0,0.0,0.0,0.0,0.0,0.0,,,,,True,산정 불완전,평형별 세대수 보완 필요,c38eb7731a2edbf2c405dc922468ded84aa651100a03e86668e60fb8b6b0b8e7,[],현재 확보 자료로 재구성한 과거 추정치; 과거 세대 구성 미확인,False,555b475dcef496b2254b825ba10b0724d7994196dba4c4e18f34e7f5aa4db599,54cb25d3544257419c8c9faa1ee168a8848dbea69689888cc0985fdd2c7a4797,5fb6c1e071a73763f6eb52e67a11f05f6d609819ae4f39c925745faf40f5b4fd,8b30a9aec44c70f7b04a7800,2026-09-17T13:53:18.573481+09:00,금곡9단지주공,2632010100,부산광역시,북구,금곡동,,부산광역시 북구 금곡동 810 금곡9단지주공,분양,개별난방,87209.0,14,1366.0,대한주택공사,대한주택공사,0513622061,cafe.daum.net/kg810,아파트,부산광역시 북구 효열로 134,위탁관리,복도식,19960506,0513622062,1366,87194.8,1366.0,0.0,0.0,0.0,57010.44,20,20,1,18,46513,위탁관리,8,조은관리시스템 주식회사,위탁관리,14,부경공영(주),위탁관리,7,음식물쓰레기종량제,위탁관리,4,분무식,철근콘크리트구조,350,단일계약,위탁선임,기타,고가수조식,위탁관리,18,331,205,무,83,"관리사무소, 노인정, 보육시설, 어린이놀이터",5분이내,2호선,,5~10분이내,"관공서(금곡본동우체국,금곡종합사회복지관) 병원(금곡병원) 대형상가(농협하나로클럽전자랜드21) 기타(금곡청소년수련원)","초등학교(금곡초,신금초) 중학교(금곡중)",11,0,Y
2026-08,A61677013,화명한일유앤아이,북구,금곡동,1026.0,0,0,0.0,0.0,0.0,0.0,0.0,,,,,True,산정 불완전,평형별 세대수 보완 필요,c38eb7731a2edbf2c405dc922468ded84aa651100a03e86668e60fb8b6b0b8e7,[],현재 확보 자료로 재구성한 과거 추정치; 과거 세대 구성 미확인,False,555b475dcef496b2254b825ba10b0724d7994196dba4c4e18f34e7f5aa4db599,54cb25d3544257419c8c9faa1ee168a8848dbea69689888cc0985fdd2c7a4797,5fb6c1e071a73763f6eb52e67a11f05f6d609819ae4f39c925745faf40f5b4fd,8b30a9aec44c70f7b04a7800,2026-09-17T13:53:18.573481+09:00,화명한일유앤아이,2632010100,부산광역시,북구,금곡동,,부산광역시 북구 금곡동 1898 화명한일유앤아이,분양,개별난방,124244.266,12,1026.0,한일건설,부산도시개발공사,0513610444, ,아파트,부산광역시 북구 화명신도시로 194,위탁관리,계단식,20020208,0513610414,1026,107930.05,314.0,712.0,0.0,0.0,78309.58,25,25,1,24,46523,위탁관리,6,(주)하나종합관리,위탁관리,6,부경공영(주),위탁관리,7,음식물쓰레기종량제,위탁관리,3,분무식,철근콘크리트구조,2600,단일계약,상주선임,GR형,부스타방식,위탁관리,24,334,704,무,175,"관리사무소, 노인정, 보육시설, 문고, 주민공동시설, 어린이놀이터, 커뮤니티공간, 자전거보관소",5~10분이내,2호선,,5~10분이내,"관공서(금곡동사무소,금곡동우체국,종합사회복지관) 병원(남도의원) 대형상가(농협하나로클럽,전자랜드21) 공원(근린공원) 기타(한국인력개발타운)","초등학교(금명초,신금초) 중학교(금명중) 고등학교(금곡고)",21,16,Y
2026-08,A61681107,금곡화목타운,북구,금곡동,576.0,0,0,0.0,0.0,0.0,0.0,0.0,,,,,True,산정 불완전,평형별 세대수 보완 필요,c38eb7731a2edbf2c405dc922468ded84aa651100a03e86668e60fb8b6b0b8e7,[],현재 확보 자료로 재구성한 과거 추정치; 과거 세대 구성 미확인,False,555b475dcef496b2254b825ba10b0724d7994196dba4c4e18f34e7f5aa4db599,54cb25d3544257419c8c9faa1ee168a8848dbea69689888cc0985fdd2c7a4797,5fb6c1e071a73763f6eb52e67a11f05f6d609819ae4f39c925745faf40f5b4fd,8b30a9aec44c70f7b04a7800,2026-09-17T13:53:18.573481+09:00,금곡화목타운,2632010100,부산광역시,북구,금곡동,,부산광역시 북구 금곡동 97-10 금곡화목타운,분양,개별난방,51632.54,5,576.0,(주)화목주택,(주)화목주택,0513616767, ,아파트,부산광역시 북구 효열로220번길 22,위탁관리,계단식,19941111,0519376767,576,51621.12,0.0,576.0,0.0,0.0,39232.12,18,18,1,16,46512,위탁관리,4,(주)하나종합관리,위탁관리,6,(주)태협,위탁관리,3,음식물쓰레기종량제,위탁관리,4,"분무식,기구부착식",철근콘크리트구조,500,기타,위탁선임,P형,부스타방식,위탁관리,16,453,27,무,64,"관리사무소, 노인정, 자전거보관소, 기타",5~10분이내,2호선,,10~15분이내,"관공서(금곡본동우체국,금곡소방파출소,금곡종합사회복지관) 병원(좋은병원) 대형상가(하나로마트) 공원(솔공원) 기타(금곡청소년수련원)","초등학교(금창초,금곡초) 중학교(금곡중)",11,0,Y
2026-08,A61681108,금곡조성협진아파트,북구,금곡동,576.0,0,0,0.0,0.0,0.0,0.0,0.0,,,,,True,산정 불완전,평형별 세대수 보완 필요,c38eb7731a2edbf2c405dc922468ded84aa651100a03e86668e60fb8b6b0b8e7,[],현재 확보 자료로 재구성한 과거 추정치; 과거 세대 구성 미확인,False,555b475dcef496b2254b825ba10b0724d7994196dba4c4e18f34e7f5aa4db599,54cb25d3544257419c8c9faa1ee168a8848dbea69689888cc0985fdd2c7a4797,5fb6c1e071a73763f6eb52e67a11f05f6d609819ae4f39c925745faf40f5b4fd,8b30a9aec44c70f7b04a7800,2026-09-17T13:53:18.573481+09:00,금곡조성협진아파트,2632010100,부산광역시,북구,금곡동,,부산광역시 북구 금곡동 97-11 금곡조성협진아파트,분양,개별난방,51079.68,6,576.0,"(주)협진주택,조성건설(주)","(주)협진주택,조성건설(주)",0513614405, ,아파트,부산광역시 북구 효열로162번길 41,위탁관리,계단식,19941017,0513624510,576,51079.68,0.0,576.0,0.0,0.0,39150.72,18,18,0,16,46512,위탁관리,7,(주)명건,위탁관리,8,태영개발(주),위탁관리,3,음식물쓰레기종량제,위탁관리,3,분무식,철근콘크리트구조,500,기타,위탁선임,P형,부스타방식,위탁관리,16,390,0,무,64,"관리사무소, 노인정, 주민공동시설, 휴게시설, 기타",5~10분이내,2호선,,10~15분이내,"관공서(금곡본동우체국,금곡소방파출소,금곡종합사회복지관) 병원(금곡병원) 대형상가(LG하이프라자) 기타(금곡청소년수련원)","초등학교(금창초,금곡초) 중학교(금곡중)",9,0,Y
2026-08,A61684110,화명리버빌2차아파트,북구,금곡동,722.0,0,0,0.0,0.0,0.0,0.0,0.0,,,,,True,산정 불완전,평형별 세대수 보완 필요,c38eb7731a2edbf2c405dc922468ded84aa651100a03e86668e60fb8b6b0b8e7,[],현재 확보 자료로 재구성한 과거 추정치; 과거 세대 구성 미확인,False,555b475dcef496b2254b825ba10b0724d7994196dba4c4e18f34e7f5aa4db599,54cb25d3544257419c8c9faa1ee168a8848dbea69689888cc0985fdd2c7a4797,5fb6c1e071a73763f6eb52e67a11f05f6d609819ae4f39c925745faf40f5b4fd,8b30a9aec44c70f7b04a7800,2026-09-17T13:53:18.573481+09:00,화명리버빌2차아파트,2632010100,부산광역시,북구,금곡동,,부산광역시 북구 금곡동 1885 화명리버빌2차아파트,분양,개별난방,89451.28,9,722.0,(주)명지건설,도시개발공사,0513650994, ,아파트,부산광역시 북구 화명신도시로 244,위탁관리,계단식,20030617,0513650995,722,71315.48,214.0,508.0,0.0,0.0,54870.26,24,24,0,18,46520,위탁관리,6,부경공영(주),위탁관리,6,(주)부경공영,위탁관리,6,음식물쓰레기종량제,위탁관리,3,"분무식,기구부착식",철근콘크리트구조,2545,단일계약,상주선임,R형,부스타방식,위탁관리,18,171,564,무,165,"관리사무소, 노인정, 보육시설, 주민공동시설, 어린이놀이터, 자전거보관소",5분이내,2호선,,5분이내,"관공서(금곡동사무소,금곡동우체국,종합사회복지관) 병원(김내과소아과의원) 대형상가(농협하나로클럽전자랜드21) 기타(한국인력개발타운)","초등학교(신금초,금명초) 중학교(금명중) 고등학교(금곡)",22,15,Y
2026-08,A10024341,화명푸르지오헤리센트,북구,화명동,886.0,0,0,0.0,0.0,0.0,0.0,0.0,,,,,True,산정 불완전,평형별 세대수 보완 필요; 임대·혼합 또는 분양 범위 미확인,c38eb7731a2edbf2c405dc922468ded84aa651100a03e86668e60fb8b6b0b8e7,[],현재 확보 자료로 재구성한 과거 추정치; 과거 세대 구성 미확인,False,555b475dcef496b2254b825ba10b0724d7994196dba4c4e18f34e7f5aa4db599,54cb25d3544257419c8c9faa1ee168a8848dbea69689888cc0985fdd2c7a4797,5fb6c1e071a73763f6eb52e67a11f05f6d609819ae4f39c925745faf40f5b4fd,8b30a9aec44c70f7b04a7800,2026-09-17T13:53:18.573481+09:00,화명푸르지오헤리센트,2632010200,부산광역시,북구,화명동,,부산광역시 북구 화명동 1554-4 화명푸르지오헤리센트,혼합,개별난방,138589.56,9,886.0,(주)대우건설,화명 제2구역 주택재개발 정비사업조합,0519253330, ,아파트,부산광역시 북구 산성로 28,위탁관리,계단식,20210324,0519253331,886,90854.59,247.0,639.0,0.0,0.0,66703.9216,35,35,3,0,46530,위탁관리,7,(주)하나종합관리,위탁관리,5,(주)에스원,위탁관리,9,음식물쓰레기종량제,위탁관리,3,분무식,철근콘크리트구조,4306,단일계약,상주선임,GR형,부스타방식,위탁관리,19,0,1124,유,308,"관리사무소, 노인정, 보육시설, 문고, 주민공동시설, 어린이놀이터, 휴게시설, 유치원, 커뮤니티공간, 자전거보관소, 기타",5~10분이내,2호선,,10~15분이내,,,0,6,Y
2026-08,A10027790,e편한세상 화명힐스 아파트,북구,화명동,800.0,0,0,0.0,0.0,0.0,0.0,0.0,,,,,True,산정 불완전,평형별 세대수 보완 필요; 임대·혼합 또는 분양 범위 미확인,c38eb7731a2edbf2c405dc922468ded84aa651100a03e86668e60fb8b6b0b8e7,[],현재 확보 자료로 재구성한 과거 추정치; 과거 세대 구성 미확인,False,555b475dcef496b2254b825ba10b0724d7994196dba4c4e18f34e7f5aa4db599,54cb25d3544257419c8c9faa1ee168a8848dbea69689888cc0985fdd2c7a4797,5fb6c1e071a73763f6eb52e67a11f05f6d609819ae4f39c925745faf40f5b4fd,8b30a9aec44c70f7b04a7800,2026-09-17T13:53:18.573481+09:00,e편한세상 화명힐스 아파트,2632010200,부산광역시,북구,화명동,,부산광역시 북구 화명동 1358 e편한세상 화명힐스 아파트,혼합,개별난방,146139.62,10,800.0,주식회사 삼호,화명1구역주택재개발조합,0513621782, ,아파트,부산광역시 북구 화명대로 68,위탁관리,혼합식,20151029,0513621785,800,91158.71,68.0,368.0,364.0,0.0,69998,24,24,4,4,46533,위탁관리,8,(주)삼성T.M.S,위탁관리,8,(주)삼성티엠에스,위탁관리,8,차량수거방식,위탁관리,3,"도포식,분무식",철근콘크리트구조,4250,단일계약,상주선임,GR형,부스타방식,위탁관리,22,0,1120,유,244,"관리사무소, 노인정, 보육시설, 문고, 주민공동시설, 어린이놀이터, 휴게시설, 커뮤니티공간, 자전거보관소",5분이내,2호선,,5분이내,"관공서(화명1동 행정복지센터, 북부산우체국, 부산북부경찰서, 북부보건소) 병원(화명일신기독병원) 대형상가(롯데마트) 공원(장미원,) 기타(북구 국민체육센터, 부산 어촌민속관, 부산기후변화체험교육관)","초등학교(화잠초등학교, 와석초등학교) 중학교(화신중학교) 고등학교(화명고등학교)",0,23,Y
2026-08,A61612010,화명2차현대아파트,북구,화명동,743.0,0,0,0.0,0.0,0.0,0.0,0.0,,,,,True,산정 불완전,평형별 세대수 보완 필요,c38eb7731a2edbf2c405dc922468ded84aa651100a03e86668e60fb8b6b0b8e7,[],현재 확보 자료로 재구성한 과거 추정치; 과거 세대 구성 미확인,False,555b475dcef496b2254b825ba10b0724d7994196dba4c4e18f34e7f5aa4db599,54cb25d3544257419c8c9faa1ee168a8848dbea69689888cc0985fdd2c7a4797,5fb6c1e071a73763f6eb52e67a11f05f6d609819ae4f39c925745faf40f5b4fd,8b30a9aec44c70f7b04a7800,2026-09-17T13:53:18.573481+09:00,화명2차현대아파트,2632010200,부산광역시,북구,화명동,,부산광역시 북구 화명동 2307 화명2차현대아파트,분양,개별난방,96500.13,8,743.0,현대산업개발(주),"현대산업개발(주), 부산광역시 도시개발공사",0513642111, ,아파트,부산광역시 북구 화명신도시로 48,위탁관리,계단식,20011023,0513642112,743,87319.445,212.0,294.0,237.0,0.0,64883.5931,22,22,2,18,46541,위탁관리,6,(주)삼성T.M.S,위탁관리,6,비앤에이서비스,위탁관리,7,음식물쓰레기종량제,위탁관리,3,분무식,철근콘크리트구조,2100,단일계약,상주선임,R형,부스타방식,위탁관리,18,324,516,무,90,"관리사무소, 노인정, 어린이놀이터, 휴게시설, 유치원, 자전거보관소",5~10분이내,2호선,,5~10분이내,"관공서(화명3동사무소,북부산우체국,북부경찰서) 병원(일신기독) 대형상가(롯데마트) 공원(근린공원)","초등학교(와석,학사,용수 명덕) 중학교(화명,용수,덕천여) 고등학교(낙동) 대학교(한국방송통신대)",0,17,Y
2026-08,A61612011,화명대우이안아파트,북구,화명동,989.0,0,0,0.0,0.0,0.0,0.0,0.0,,,,,True,산정 불완전,평형별 세대수 보완 필요,c38eb7731a2edbf2c405dc922468ded84aa651100a03e86668e60fb8b6b0b8e7,[],현재 확보 자료로 재구성한 과거 추정치; 과거 세대 구성 미확인,False,555b475dcef496b2254b825ba10b0724d7994196dba4c4e18f34e7f5aa4db599,54cb25d3544257419c8c9faa1ee168a8848dbea69689888cc0985fdd2c7a4797,5fb6c1e071a73763f6eb52e67a11f05f6d609819ae4f39c925745faf40f5b4fd,8b30a9aec44c70f7b04a7800,2026-09-17T13:53:18.573481+09:00,화명대우이안아파트,2632010200,부산광역시,북구,화명동,,부산광역시 북구 화명동 2262 화명대우이안아파트,분양,개별난방,133092.0,10,989.0,대우자판(주),대우자판(주),0519391600,www.iaan-apt.com,아파트,부산광역시 북구 화명신도시로 145,위탁관리,계단식,20021026,0519391602,989,113152.72,275.0,586.0,80.0,48.0,82319.3436,24,24,1,24,46524,위탁관리,8,(주)하나종합관리,위탁관리,8,(주)하나종합관리,위탁관리,9,음식물쓰레기종량제,위탁관리,4,도포식,철근콘크리트구조,2200,단일계약,상주선임,R형,부스타방식,위탁관리,24,310,711,무,206,"관리사무소, 노인정, 주민공동시설, 어린이놀이터, 자전거보관소",5~10분이내,2호선,,5~10분이내,"관공서(북부산우체국,화명3동사무소,북부경찰서) 병원(북구보건소) 대형상가(롯데마트) 공원(근린공원) 기타(어촌민속전시관)","초등학교(화잠,명진,금영,와석) 중학교(명진,금명,화신) 고등학교(화명,금곡)",4,21,Y
2026-08,A61612013,화명코오롱하늘채1차아파트,북구,화명동,1280.0,0,0,0.0,0.0,0.0,0.0,0.0,,,,,True,산정 불완전,평형별 세대수 보완 필요,c38eb7731a2edbf2c405dc922468ded84aa651100a03e86668e60fb8b6b0b8e7,[],현재 확보 자료로 재구성한 과거 추정치; 과거 세대 구성 미확인,False,555b475dcef496b2254b825ba10b0724d7994196dba4c4e18f34e7f5aa4db599,54cb25d3544257419c8c9faa1ee168a8848dbea69689888cc0985fdd2c7a4797,5fb6c1e071a73763f6eb52e67a11f05f6d609819ae4f39c925745faf40f5b4fd,8b30a9aec44c70f7b04a7800,2026-09-17T13:53:18.573481+09:00,화명코오롱하늘채1차아파트,2632010200,부산광역시,북구,화명동,,부산광역시 북구 화명동 2290 화명코오롱하늘채1차아파트,분양,개별난방,171091.05,11,1280.0,코오롱건설,코오롱건설,0513421922, ,아파트,부산광역시 북구 화명신도시로 70,위탁관리,계단식,20020420,0513421923,1280,150535.23,360.0,514.0,272.0,134.0,114161.37,24,24,0,28,46526,위탁관리,8,(주)하나종합관리,위탁관리,12,(주)에스원,위탁관리,10,음식물쓰레기종량제,위탁관리,3,분무식,철근콘크리트구조,3750,단일계약,상주선임,R형,고가수조식,위탁관리,28,527,967,유,189,"관리사무소, 노인정, 보육시설, 주민공동시설, 어린이놀이터, 휴게시설, 유치원, 자전거보관소",5~10분이내,2호선,,5~10분이내,"관공서(화명3동사무소,북부우체국,북부경찰서) 병원(화명일신기독병원) 대형상가(롯데마트) 공원(근린공원) 기타(어촌민속전시관)","초등학교(와석,용수,학사,명진,명덕) 중학교(화신.명진,용수) 고등학교(화명) 대학교(한국방송통신)",26,5,Y
2026-08,A61612016,화명수정강변타운,북구,화명동,1780.0,0,0,0.0,0.0,0.0,0.0,0.0,,,,,True,산정 불완전,평형별 세대수 보완 필요,c38eb7731a2edbf2c405dc922468ded84aa651100a03e86668e60fb8b6b0b8e7,[],현재 확보 자료로 재구성한 과거 추정치; 과거 세대 구성 미확인,False,555b475dcef496b2254b825ba10b0724d7994196dba4c4e18f34e7f5aa4db599,54cb25d3544257419c8c9faa1ee168a8848dbea69689888cc0985fdd2c7a4797,5fb6c1e071a73763f6eb52e67a11f05f6d609819ae4f39c925745faf40f5b4fd,8b30a9aec44c70f7b04a7800,2026-09-17T13:53:18.573481+09:00,화명수정강변타운,2632010200,부산광역시,북구,화명동,,부산광역시 북구 화명동 2322 화명수정강변타운,분양,개별난방,178183.0,16,1780.0,대우건설,주택공사,0513417520, ,아파트,부산광역시 북구 학사로17번길 31,위탁관리,혼합식,20010804,0513417521,1780,178182.7,1270.0,510.0,0.0,0.0,115401.61,25,25,1,38,46542,위탁관리,10,(주)하이테크주택,위탁관리,10,(주)비앤에이서비스,위탁관리,15,음식물쓰레기종량제,위탁관리,4,"분무식,독이식",철근콘크리트구조,3700,단일계약,상주선임,R형,고가수조식,위탁관리,38,669,806,유,158,"관리사무소, 노인정, 보육시설, 어린이놀이터",5분이내,2호선,수정,5분이내,"관공서(화명3동사무소,북부산우체국,북부경찰서) 병원(일신기독) 대형상가(롯데마트) 공원(근린공원)","초등학교(와석,학사,명덕,용수) 중학교(화명,용수,덕천여) 고등학교(낙동) 대학교(방송통신대)",0,30,Y
2026-08,A61612017,대림쌍용강변타운,북구,화명동,1895.0,0,0,0.0,0.0,0.0,0.0,0.0,,,,,True,산정 불완전,평형별 세대수 보완 필요,c38eb7731a2edbf2c405dc922468ded84aa651100a03e86668e60fb8b6b0b8e7,[],현재 확보 자료로 재구성한 과거 추정치; 과거 세대 구성 미확인,False,555b475dcef496b2254b825ba10b0724d7994196dba4c4e18f34e7f5aa4db599,54cb25d3544257419c8c9faa1ee168a8848dbea69689888cc0985fdd2c7a4797,5fb6c1e071a73763f6eb52e67a11f05f6d609819ae4f39c925745faf40f5b4fd,8b30a9aec44c70f7b04a7800,2026-09-17T13:53:18.573481+09:00,대림쌍용강변타운,2632010200,부산광역시,북구,화명동,,부산광역시 북구 화명동 2306 대림쌍용강변타운,분양,개별난방,260818.48,17,1895.0,"대림산업(주),쌍용건설(주)","대림산업(주),쌍용건설(주)",0513437330,http://www.hebibi.com/2099,아파트,부산광역시 북구 화명신도시로 39,위탁관리,계단식,20040804,0513437332,1895,215519.16,553.0,782.0,560.0,0.0,172611.51,29,29,2,0,46540,위탁관리,11,우리관리(주),위탁관리,10,세진환경,위탁관리,21,음식물쓰레기종량제,위탁관리,3,"분무식,기구부착식",철근콘크리트구조,5500,단일계약,상주선임,R형,부스타방식,위탁관리,40,607,1645,유,320,"관리사무소, 노인정, 보육시설, 문고, 주민공동시설, 어린이놀이터, 자전거보관소",5분이내,2호선,,5분이내,"관공서(화명3동사무소,북부우체국,북부경찰서) 병원(일신기독) 대형상가(롯데마트) 공원(근린공원)","초등학교(학사,용수) 중학교(용수,화명,덕천여) 고등학교(낙동) 대학교(한국방송통신대)",0,46,Y
2026-08,A61612018,화명롯데낙천대,북구,화명동,1950.0,0,0,0.0,0.0,0.0,0.0,0.0,,,,,True,산정 불완전,평형별 세대수 보완 필요,c38eb7731a2edbf2c405dc922468ded84aa651100a03e86668e60fb8b6b0b8e7,[],현재 확보 자료로 재구성한 과거 추정치; 과거 세대 구성 미확인,False,555b475dcef496b2254b825ba10b0724d7994196dba4c4e18f34e7f5aa4db599,54cb25d3544257419c8c9faa1ee168a8848dbea69689888cc0985fdd2c7a4797,5fb6c1e071a73763f6eb52e67a11f05f6d609819ae4f39c925745faf40f5b4fd,8b30a9aec44c70f7b04a7800,2026-09-17T13:53:18.573481+09:00,화명롯데낙천대,2632010200,부산광역시,북구,화명동,,부산광역시 북구 화명동 2264 화명롯데낙천대,분양,개별난방,270497.0,15,1950.0,(주)롯데건설,(주)롯데건설,0513332264, ,아파트,부산광역시 북구 화명신도시로 156,위탁관리,계단식,20021029,0513332296,1950,236468.7,545.0,781.0,528.0,96.0,174044.364,30,30,1,39,46525,위탁관리,13,(주)아주관리,위탁관리,10,(주)지엔비,위탁관리,21,차량수거방식,위탁관리,4,"도포식,분무식",철근콘크리트구조,5000,단일계약,상주선임,R형,고가수조식,위탁관리,39,647,1619,무,195,"관리사무소, 노인정, 보육시설, 주민공동시설, 어린이놀이터, 자전거보관소",5분이내,2호선,,5분이내,"관공서(북부산우체국,화명3동사무소,북부경찰서) 병원(북구보건소,일신기독) 백화점() 대형상가(롯데마트) 공원(근린공원) 기타(어촌민속전시관)","초등학교(화잠,명진,금명,와석,화명) 중학교(화신,명진,금명) 고등학교(화명,금곡)",46,46,Y
2026-08,A61612019,화명대림타운,북구,화명동,3382.0,0,0,0.0,0.0,0.0,0.0,0.0,,,,,True,산정 불완전,평형별 세대수 보완 필요,c38eb7731a2edbf2c405dc922468ded84aa651100a03e86668e60fb8b6b0b8e7,[],현재 확보 자료로 재구성한 과거 추정치; 과거 세대 구성 미확인,False,555b475dcef496b2254b825ba10b0724d7994196dba4c4e18f34e7f5aa4db599,54cb25d3544257419c8c9faa1ee168a8848dbea69689888cc0985fdd2c7a4797,5fb6c1e071a73763f6eb52e67a11f05f6d609819ae4f39c925745faf40f5b4fd,8b30a9aec44c70f7b04a7800,2026-09-17T13:53:18.573481+09:00,화명대림타운,2632010200,부산광역시,북구,화명동,,부산광역시 북구 화명동 1170-1 화명대림타운,분양,개별난방,441737.53,35,3382.0,(주)흥아,대림산업(주),0513621710, ,아파트,부산광역시 북구 금곡대로 268,위탁관리,계단식,19980601,0519311711,3382,348003.5,1384.0,1450.0,348.0,200.0,271948.72,25,25,3,69,46536,위탁관리,17,남부건업(주),위탁관리,46,(주)에스코아,위탁관리,27,음식물쓰레기종량제,위탁관리,3,분무식,철근콘크리트구조,7450,단일계약,상주선임,R형,고가수조식,위탁관리,69,863,2796,무,367,"관리사무소, 노인정, 주민공동시설, 어린이놀이터, 휴게시설, 자전거보관소",5~10분이내,2호선,,5~10분이내,"관공서(북부경찰서,화명3동사무소,북부산우체국) 병원(일신기독) 대형상가(롯데마트) 기타(어촌민속전시관)","초등학교(와석,화잠,학사,용수,명덕,명진) 중학교(화명,용수,명진,화신) 고등학교(화명) 대학교(한국방송통신)",25,51,Y
2026-08,A61673302,삼한힐파크아파트,북구,화명동,807.0,0,0,0.0,0.0,0.0,0.0,0.0,,,,,True,산정 불완전,평형별 세대수 보완 필요,c38eb7731a2edbf2c405dc922468ded84aa651100a03e86668e60fb8b6b0b8e7,[],현재 확보 자료로 재구성한 과거 추정치; 과거 세대 구성 미확인,False,555b475dcef496b2254b825ba10b0724d7994196dba4c4e18f34e7f5aa4db599,54cb25d3544257419c8c9faa1ee168a8848dbea69689888cc0985fdd2c7a4797,5fb6c1e071a73763f6eb52e67a11f05f6d609819ae4f39c925745faf40f5b4fd,8b30a9aec44c70f7b04a7800,2026-09-17T13:53:18.573481+09:00,삼한힐파크아파트,2632010200,부산광역시,북구,화명동,,부산광역시 북구 화명동 732 삼한힐파크아파트,분양,개별난방,116097.0,8,807.0,(주)삼한종합건설,(주)삼한종합건설,0513639968,www.shhillpark.com,아파트,부산광역시 북구 화명대로 119,위탁관리,계단식,20031106,0519399968,807,86077.85,0.0,807.0,0.0,0.0,68590.158,24,24,1,19,46532,위탁관리,6,(주)하나종합관리,위탁관리,10,(주)듀델코리아,위탁관리,8,거점장비수거방식,위탁관리,3,"도포식,분무식,기구부착식",철근콘크리트구조,1950,단일계약,상주선임,R형,부스타방식,위탁관리,19,249,629,무,98,"관리사무소, 노인정, 주민공동시설, 어린이놀이터",5~10분이내,2호선,,5~10분이내,"관공서(화명1동주민센터, 북부산우체국) 병원(북구보건소) 대형상가(롯데마트) 기타(기후변화체험관, 어촌민속전시관)","초등학교(화잠) 중학교(화신, 대천리, 명진, 금명) 고등학교(화명, 금곡)",18,0,Y
2026-08,A61673304,화명동원로얄듀크,북구,화명동,1627.0,0,0,0.0,0.0,0.0,0.0,0.0,,,,,True,산정 불완전,평형별 세대수 보완 필요,c38eb7731a2edbf2c405dc922468ded84aa651100a03e86668e60fb8b6b0b8e7,[],현재 확보 자료로 재구성한 과거 추정치; 과거 세대 구성 미확인,False,555b475dcef496b2254b825ba10b0724d7994196dba4c4e18f34e7f5aa4db599,54cb25d3544257419c8c9faa1ee168a8848dbea69689888cc0985fdd2c7a4797,5fb6c1e071a73763f6eb52e67a11f05f6d609819ae4f39c925745faf40f5b4fd,8b30a9aec44c70f7b04a7800,2026-09-17T13:53:18.573481+09:00,화명동원로얄듀크,2632010200,부산광역시,북구,화명동,,부산광역시 북구 화명동 1150 화명동원로얄듀크,분양,개별난방,222659.0,13,1627.0,(주)동원개발,(주)동원개발,0513336994, ,아파트,부산광역시 북구 금곡대로 228,위탁관리,계단식,20041130,0519396994,1627,174181.83,498.0,929.0,200.0,0.0,133747.9711,25,25,3,39,46537,위탁관리,10,남부건업(주),위탁관리,18,남부건업(주),위탁관리,13,거점장비수거방식,위탁관리,3,분무식,철골철근콘크리트구조,5500,단일계약,상주선임,R형,고가수조식,위탁관리,39,319,1534,무,227,"관리사무소, 노인정, 보육시설, 문고, 어린이놀이터, 자전거보관소",5분이내,2호선,,5~10분이내,"관공서(화명1동 주민센터) 병원(구포성심병원,부민병) 백화점(뉴코아아울렛) 대형상가(롯데마트) 공원(화명중앙공원 등)","초등학교(명덕초등학교) 중학교(화명중학교) 고등학교(낙동고등학교,화명고등학교) 대학교(한국방통대 부산지역대학)",0,38,Y
2026-08,A61673305,화명유림아파트,북구,화명동,506.0,0,0,0.0,0.0,0.0,0.0,0.0,,,,,True,산정 불완전,평형별 세대수 보완 필요,c38eb7731a2edbf2c405dc922468ded84aa651100a03e86668e60fb8b6b0b8e7,[],현재 확보 자료로 재구성한 과거 추정치; 과거 세대 구성 미확인,False,555b475dcef496b2254b825ba10b0724d7994196dba4c4e18f34e7f5aa4db599,54cb25d3544257419c8c9faa1ee168a8848dbea69689888cc0985fdd2c7a4797,5fb6c1e071a73763f6eb52e67a11f05f6d609819ae4f39c925745faf40f5b4fd,8b30a9aec44c70f7b04a7800,2026-09-17T13:53:18.573481+09:00,화명유림아파트,2632010200,부산광역시,북구,화명동,,부산광역시 북구 화명동 749 화명유림아파트,분양,개별난방,50985.047,6,506.0,유림종합건설(주),대건주택,0513638100, ,아파트,부산광역시 북구 화명대로 110,위탁관리,계단식,20000330,0513638101,506,43019.11,506.0,0.0,0.0,0.0,30320.026,21,21,1,13,46534,위탁관리,5,(주)삼성T.M.S,위탁관리,4,(주)삼성티엠에스,위탁관리,5,음식물쓰레기종량제,위탁관리,3,분무식,철근콘크리트구조,1100,단일계약,상주선임,P형,고가수조식,위탁관리,13,162,213,무,50,"관리사무소, 노인정, 보육시설, 문고, 주민공동시설, 어린이놀이터, 휴게시설",5~10분이내,2호선,,5~10분이내,"관공서(화명1동사무소,북부산우체국) 병원(북구보건소) 대형상가(롯데마트) 기타(어촌민속전시관)","초등학교(화명,화잠,와석,명진,대천리,금명) 중학교(화신,대천리,명진,금명) 고등학교(화명,금곡)",0,8,Y
2026-08,A61673308,화명롯데캐슬카이저,북구,화명동,5239.0,0,0,0.0,0.0,0.0,0.0,0.0,,,,,True,산정 불완전,평형별 세대수 보완 필요,c38eb7731a2edbf2c405dc922468ded84aa651100a03e86668e60fb8b6b0b8e7,[],현재 확보 자료로 재구성한 과거 추정치; 과거 세대 구성 미확인,False,555b475dcef496b2254b825ba10b0724d7994196dba4c4e18f34e7f5aa4db599,54cb25d3544257419c8c9faa1ee168a8848dbea69689888cc0985fdd2c7a4797,5fb6c1e071a73763f6eb52e67a11f05f6d609819ae4f39c925745faf40f5b4fd,8b30a9aec44c70f7b04a7800,2026-09-17T13:53:18.573481+09:00,화명롯데캐슬카이저,2632010200,부산광역시,북구,화명동,,부산광역시 북구 화명동 2324 화명롯데캐슬카이저,분양,개별난방,1047100.0,48,5239.0,롯데건설,롯데건설,0513654044,kaiser.aptner.com,아파트,부산광역시 북구 금곡대로 166,위탁관리,계단식,20120627,0513654046,5239,744341.94,320.0,1477.0,2374.0,1068.0,591659.33,35,35,3,51,46539,위탁관리,40,(주)하나종합관리,위탁관리,18,(주) 비앤에이서비스,위탁관리,57,음식물쓰레기종량제,위탁관리,3,분무식,철근콘크리트구조,26750,종합계약,상주선임,GR형,부스타방식,위탁관리,96,423,8640,무,1310,"관리사무소, 노인정, 보육시설, 문고, 어린이놀이터, 유치원, 커뮤니티공간, 자전거보관소",5분이내,2호선,,5~10분이내,관공서(부산북부경찰서) 병원(일신기독병원) 대형상가(롯데마트),"초등학교(명덕초,학사초,화잠초,와석초,용수초) 중학교(용수중,화명중) 대학교(한국방송통신대)",0,10,Y
2026-08,A61679206,벽산강변타운아파트,북구,화명동,1044.0,0,0,0.0,0.0,0.0,0.0,0.0,,,,,True,산정 불완전,평형별 세대수 보완 필요,c38eb7731a2edbf2c405dc922468ded84aa651100a03e86668e60fb8b6b0b8e7,[],현재 확보 자료로 재구성한 과거 추정치; 과거 세대 구성 미확인,False,555b475dcef496b2254b825ba10b0724d7994196dba4c4e18f34e7f5aa4db599,54cb25d3544257419c8c9faa1ee168a8848dbea69689888cc0985fdd2c7a4797,5fb6c1e071a73763f6eb52e67a11f05f6d609819ae4f39c925745faf40f5b4fd,8b30a9aec44c70f7b04a7800,2026-09-17T13:53:18.573481+09:00,벽산강변타운아파트,2632010200,부산광역시,북구,화명동,,부산광역시 북구 화명동 188 벽산강변타운아파트,분양,개별난방,118239.57,12,1044.0,석천,벽산,0513620077, ,아파트,부산광역시 북구 양달로9번길 21,위탁관리,계단식,19951117,0513620078,1044,107151.984,0.0,1044.0,0.0,0.0,84877.56,18,18,1,30,46518,위탁관리,8,(주)삼성T.M.S,위탁관리,14,(주)삼성티엠에스,위탁관리,7,음식물쓰레기종량제,위탁관리,3,"도포식,분무식",철근콘크리트구조,3600,단일계약,상주선임,R형,부스타방식,위탁관리,60,448,492,무,150,"관리사무소, 노인정, 보육시설, 어린이놀이터",5분이내,2호선,,5분이내,"관공서(금곡동사무소,파출소,화명본동우체국) 병원(북구보건소) 대형상가(롯데마트) 공원(화명생태공원, 화명수목원)","초등학교(화명,금명,신금,명지,화잠,대천리) 중학교(대천리,화신,금명,명지) 고등학교(화명,금곡)",0,3,Y
2026-08,A61679207,도시화명그린(21B)아파트,북구,화명동,720.0,0,0,0.0,0.0,0.0,0.0,0.0,,,,,True,산정 불완전,평형별 세대수 보완 필요,c38eb7731a2edbf2c405dc922468ded84aa651100a03e86668e60fb8b6b0b8e7,[],현재 확보 자료로 재구성한 과거 추정치; 과거 세대 구성 미확인,False,555b475dcef496b2254b825ba10b0724d7994196dba4c4e18f34e7f5aa4db599,54cb25d3544257419c8c9faa1ee168a8848dbea69689888cc0985fdd2c7a4797,5fb6c1e071a73763f6eb52e67a11f05f6d609819ae4f39c925745faf40f5b4fd,8b30a9aec44c70f7b04a7800,2026-09-17T13:53:18.573481+09:00,도시화명그린(21B)아파트,2632010200,부산광역시,북구,화명동,,부산광역시 북구 화명동 295 도시화명그린(21B)아파트,분양,개별난방,52983.72,5,720.0,남도개발(주),도시개발공사,0513625561, ,아파트,부산광역시 북구 양달로 69,위탁관리,복도식,19960427,0513626815,720,35582.4,720.0,0.0,0.0,0.0,35582.4,20,20,1,0,46515,위탁관리,5,조은관리시스템 주식회사,위탁관리,6,(주)거린,위탁관리,5,차량수거방식,위탁관리,4,분무식,철골콘크리트구조,1350,단일계약,상주선임,P형,부스타방식,위탁관리,10,312,95,무,64,"관리사무소, 노인정, 어린이놀이터, 기타",5분이내,2호선,,15~20분이내,"관공서(화명2동사무소,화명본동우체국) 병원(북구보건소) 대형상가(롯데마트) 공원(화명동대천천체육시설공원)","초등학교(화명,대천리,명지,금명,화잠) 중학교(화신,대천리,금명,명지) 고등학교(금곡,화명)",8,0,Y
2026-08,A61679208,화명경남아너스빌,북구,화명동,570.0,0,0,0.0,0.0,0.0,0.0,0.0,,,,,True,산정 불완전,평형별 세대수 보완 필요,c38eb7731a2edbf2c405dc922468ded84aa651100a03e86668e60fb8b6b0b8e7,[],현재 확보 자료로 재구성한 과거 추정치; 과거 세대 구성 미확인,False,555b475dcef496b2254b825ba10b0724d7994196dba4c4e18f34e7f5aa4db599,54cb25d3544257419c8c9faa1ee168a8848dbea69689888cc0985fdd2c7a4797,5fb6c1e071a73763f6eb52e67a11f05f6d609819ae4f39c925745faf40f5b4fd,8b30a9aec44c70f7b04a7800,2026-09-17T13:53:18.573481+09:00,화명경남아너스빌,2632010200,부산광역시,북구,화명동,,부산광역시 북구 화명동 196 화명경남아너스빌,분양,개별난방,71146.5,7,570.0,(주)경남기업,(주)경남기업,0513616423,www.joyapt.com/1139,아파트,부산광역시 북구 대천천길 37,위탁관리,계단식,19981224,0513616424,571,57031.5,0.0,330.0,200.0,40.0,57031.507,20,20,2,16,46517,위탁관리,5,주우관리,위탁관리,12,경동기업,위탁관리,5,음식물쓰레기종량제,위탁관리,3,분무식,철근콘크리트구조,1820,단일계약,상주선임,P형,고가수조식,위탁관리,16,210,548,무,95,"관리사무소, 노인정, 보육시설, 어린이놀이터, 휴게시설, 자전거보관소, 기타",5분이내,2호선,,5~10분이내,"관공서(화명1동지구대,북구보건소,화명2동주민센터,인도네시아대사관) 병원(북구보건소) 대형상가(롯데마트, GS마트) 공원(화명생태공원,대천천)","초등학교(금명,명진,화명,대천리,화잠) 중학교(금명,화신,명진,대천리) 고등학교(금곡,화명)",15,0,Y
2026-08,A61683305,그린숲속(화명그린24),북구,화명동,900.0,0,0,0.0,0.0,0.0,0.0,0.0,,,,,True,산정 불완전,평형별 세대수 보완 필요,c38eb7731a2edbf2c405dc922468ded84aa651100a03e86668e60fb8b6b0b8e7,[],현재 확보 자료로 재구성한 과거 추정치; 과거 세대 구성 미확인,False,555b475dcef496b2254b825ba10b0724d7994196dba4c4e18f34e7f5aa4db599,54cb25d3544257419c8c9faa1ee168a8848dbea69689888cc0985fdd2c7a4797,5fb6c1e071a73763f6eb52e67a11f05f6d609819ae4f39c925745faf40f5b4fd,8b30a9aec44c70f7b04a7800,2026-09-17T13:53:18.573481+09:00,그린숲속(화명그린24),2632010200,부산광역시,북구,화명동,,부산광역시 북구 화명동 512 그린숲속(화명그린24),분양,개별난방,75384.34,6,900.0,도시개발공사,(주)삽협개발,0513626813, ,아파트,부산광역시 북구 산성로 88,위탁관리,복도식,19960608,0513624840,900,53838.0,900.0,0.0,0.0,0.0,53838,16,16,1,13,46529,위탁관리,7,(주)고태,위탁관리,6,(주)태협,위탁관리,6,음식물쓰레기종량제,위탁관리,3,,철근콘크리트구조,1970,단일계약,상주선임,P형,부스타방식,위탁관리,13,499,45,무,64,"관리사무소, 노인정, 주민공동시설, 휴게시설, 커뮤니티공간, 기타",5~10분이내,2호선,,10~15분이내,"관공서(화명동사무소,우체국) 병원(북구보건소) 대형상가(롯데마트)","초등학교(화명,화잠,대천리화신,대천리) 중학교(화신,대천리화신,대천리) 고등학교(금곡,화명)",11,0,Y
2026-08,A61685214,화명코오롱하늘채2차,북구,화명동,1344.0,0,0,0.0,0.0,0.0,0.0,0.0,,,,,True,산정 불완전,평형별 세대수 보완 필요,c38eb7731a2edbf2c405dc922468ded84aa651100a03e86668e60fb8b6b0b8e7,[],현재 확보 자료로 재구성한 과거 추정치; 과거 세대 구성 미확인,False,555b475dcef496b2254b825ba10b0724d7994196dba4c4e18f34e7f5aa4db599,54cb25d3544257419c8c9faa1ee168a8848dbea69689888cc0985fdd2c7a4797,5fb6c1e071a73763f6eb52e67a11f05f6d609819ae4f39c925745faf40f5b4fd,8b30a9aec44c70f7b04a7800,2026-09-17T13:53:18.573481+09:00,화명코오롱하늘채2차,2632010200,부산광역시,북구,화명동,,부산광역시 북구 화명동 2288 화명코오롱하늘채2차,분양,개별난방,185747.86,11,1344.0,코오롱건설,코오롱건설,0513355788,hmhanulche2.aptner.com,아파트,부산광역시 북구 화명신도시로 100,위탁관리,계단식,20021206,0519135788,1344,163152.34,388.0,528.0,305.0,123.0,121873.601,27,27,1,30,46526,위탁관리,9,남부건업(주),위탁관리,10,비앤에이서비스(주),위탁관리,12,차량수거방식,위탁관리,3,"분무식,독이식",철근콘크리트구조,6660,단일계약,상주선임,R형,부스타방식,위탁관리,30,502,1080,무,138,"관리사무소, 노인정, 보육시설, 문고, 주민공동시설, 어린이놀이터, 휴게시설, 커뮤니티공간, 자전거보관소",5~10분이내,2호선,,5~10분이내,"관공서(북부산우체국,화명3동사무소,북부경찰서) 병원(일신기독) 대형상가(롯데마트) 공원(근린공원) 기타(어촌민속전시관)","초등학교(명진,와석,학사,화잠,용수) 중학교(화신,용수,명진) 고등학교(화명) 대학교(한국방송통신)",0,32,Y
2026-08,A10023725,백양산 베스티움에코포레,북구,만덕동,593.0,0,0,0.0,0.0,0.0,0.0,0.0,,,,,True,산정 불완전,평형별 세대수 보완 필요,c38eb7731a2edbf2c405dc922468ded84aa651100a03e86668e60fb8b6b0b8e7,[],현재 확보 자료로 재구성한 과거 추정치; 과거 세대 구성 미확인,False,555b475dcef496b2254b825ba10b0724d7994196dba4c4e18f34e7f5aa4db599,54cb25d3544257419c8c9faa1ee168a8848dbea69689888cc0985fdd2c7a4797,5fb6c1e071a73763f6eb52e67a11f05f6d609819ae4f39c925745faf40f5b4fd,8b30a9aec44c70f7b04a7800,2026-09-17T13:53:18.573481+09:00,백양산 베스티움에코포레,2632010300,부산광역시,북구,만덕동,,부산광역시 북구 만덕동 861-7 백양산 베스티움에코포레,분양,개별난방,79041.0,12,593.0,(주)동부토건,만덕동신타운재건축조합,0513368932, ,아파트,부산광역시 북구 상리로 86,위탁관리,계단식,20220425,0513368933,593,57716.57,352.0,241.0,0.0,0.0,41592.2263,15,15,4,0,46608,위탁관리,5,(주)동남씨앤씨,위탁관리,5,(주)동남씨앤씨,위탁관리,5,음식물쓰레기종량제,위탁관리,4,분무식,철골철근콘크리트구조,3250,단일계약,상주선임,R형,부스타방식,위탁관리,24,117,480,유,263,"관리사무소, 노인정, 보육시설, 문고, 주민공동시설, 어린이놀이터, 휴게시설, 커뮤니티공간, 자전거보관소",5분이내,3호선,,5~10분이내,관공서() 병원() 공원(),초등학교() 중학교() 고등학교(),0,12,Y
2026-08,A10024318,e편한세상 금정산 아파트,북구,만덕동,1969.0,0,0,0.0,0.0,0.0,0.0,0.0,,,,,True,산정 불완전,평형별 세대수 보완 필요; 임대·혼합 또는 분양 범위 미확인,c38eb7731a2edbf2c405dc922468ded84aa651100a03e86668e60fb8b6b0b8e7,[],현재 확보 자료로 재구성한 과거 추정치; 과거 세대 구성 미확인,False,555b475dcef496b2254b825ba10b0724d7994196dba4c4e18f34e7f5aa4db599,54cb25d3544257419c8c9faa1ee168a8848dbea69689888cc0985fdd2c7a4797,5fb6c1e071a73763f6eb52e67a11f05f6d609819ae4f39c925745faf40f5b4fd,8b30a9aec44c70f7b04a7800,2026-09-17T13:53:18.573481+09:00,e편한세상 금정산 아파트,2632010300,부산광역시,북구,만덕동,,부산광역시 북구 만덕동 818 e편한세상 금정산 아파트,혼합,개별난방,261833.0,11,1969.0,"디엘이앤씨(주), 경동건설(주)","한국토지주택공사, 디엘이앤씨(주), 경동건설(주)",0513361663, ,아파트,부산광역시 북구 상학로 36,위탁관리,혼합식,20210412,0513361664,1969,189971.02,864.0,1105.0,0.0,0.0,137240.0887,28,28,4,8,46557,위탁관리,13,(주)케이비아주,위탁관리,7,에스케이쉴더스(주),위탁관리,15,음식물쓰레기종량제,위탁관리,4,"도포식,분무식",철골철근콘크리트구조,8000,단일계약,상주선임,GR형,부스타방식,위탁관리,43,6,2079,무,638,"관리사무소, 노인정, 보육시설, 문고, 주민공동시설, 어린이놀이터, 휴게시설, 커뮤니티공간, 자전거보관소",5분이내,3호선,,5~10분이내,,,0,33,Y
2026-08,A10025235,더래디언트금정산,북구,만덕동,1677.0,0,0,0.0,0.0,0.0,0.0,0.0,,,,,True,산정 불완전,평형별 세대수 보완 필요,c38eb7731a2edbf2c405dc922468ded84aa651100a03e86668e60fb8b6b0b8e7,[],현재 확보 자료로 재구성한 과거 추정치; 과거 세대 구성 미확인,False,555b475dcef496b2254b825ba10b0724d7994196dba4c4e18f34e7f5aa4db599,54cb25d3544257419c8c9faa1ee168a8848dbea69689888cc0985fdd2c7a4797,5fb6c1e071a73763f6eb52e67a11f05f6d609819ae4f39c925745faf40f5b4fd,8b30a9aec44c70f7b04a7800,2026-09-17T13:53:18.573481+09:00,더래디언트금정산,2632010300,부산광역시,북구,만덕동,,부산광역시 북구 만덕동 960 더래디언트금정산,분양,개별난방,221835.88,14,1677.0,(주)우미건설,한국토지주택공사,0513369570, ,아파트,부산광역시 북구 상학로 35,위탁관리,계단식,20191015,0513369571,1677,164353.3,729.0,928.0,20.0,0.0,120954.73,29,29,3,0,46557,위탁관리,12,(주)삼성T.M.S,위탁관리,8,(주)에스원,위탁관리,16,음식물쓰레기종량제,위탁관리,3,분무식,철골철근콘크리트구조,5500,종합계약,상주선임,R형,부스타방식,위탁관리,36,151,1614,유,442,"관리사무소, 노인정, 보육시설, 문고, 주민공동시설, 어린이놀이터, 휴게시설, 커뮤니티공간, 자전거보관소, 기타",5~10분이내,3호선,,5~10분이내,관공서(만덕1동 주민센터) 병원(속시원내과) 대형상가(농협하나로마트),초등학교(만덕초등학교) 중학교(만덕중학교),20,16,Y
2026-08,A10027832,백양디이스트,북구,만덕동,3790.0,0,0,0.0,0.0,0.0,0.0,0.0,,,,,True,산정 불완전,평형별 세대수 보완 필요,c38eb7731a2edbf2c405dc922468ded84aa651100a03e86668e60fb8b6b0b8e7,[],현재 확보 자료로 재구성한 과거 추정치; 과거 세대 구성 미확인,False,555b475dcef496b2254b825ba10b0724d7994196dba4c4e18f34e7f5aa4db599,54cb25d3544257419c8c9faa1ee168a8848dbea69689888cc0985fdd2c7a4797,5fb6c1e071a73763f6eb52e67a11f05f6d609819ae4f39c925745faf40f5b4fd,8b30a9aec44c70f7b04a7800,2026-09-17T13:53:18.573481+09:00,백양디이스트,2632010300,부산광역시,북구,만덕동,,부산광역시 북구 만덕동 955 백양디이스트,분양,개별난방,334502.2,30,3790.0,동문건설(주),만덕주공아파트 재건축조함,0513369886,bdmapt.co.kr,아파트,부산광역시 북구 덕천로276번길 60,위탁관리,계단식,20151021,0513369500,3160,334502.2,953.0,2569.0,268.0,0.0,248199.9391,29,29,3,74,46611,위탁관리,21,(주)에이치엠 우성,위탁관리,20,에스케이쉴더스 주식회사,위탁관리,30,음식물쓰레기종량제,위탁관리,3,분무식,콘크리트구조,14550,단일계약,상주선임,R형,부스타방식,위탁관리,99,0,3478,유,641,"관리사무소, 노인정, 보육시설, 문고, 주민공동시설, 어린이놀이터, 휴게시설, 유치원, 커뮤니티공간, 자전거보관소, 기타",10~15분이내,3호선,,5~10분이내,관공서(만덕2동행정복지센타) 병원(부민병원) 대형상가(메가마트덕천) 공원(무지개공원) 기타(북구디지털도서관),"초등학교(백양초,백산초,덕양초) 중학교(신덕중,백양중,만덕중) 고등학교(만덕고) 대학교(부산폴리텍대학)",0,10,Y
2026-08,A61673103,신만덕쌍용예가,북구,만덕동,600.0,0,0,0.0,0.0,0.0,0.0,0.0,,,,,True,산정 불완전,평형별 세대수 보완 필요,c38eb7731a2edbf2c405dc922468ded84aa651100a03e86668e60fb8b6b0b8e7,[],현재 확보 자료로 재구성한 과거 추정치; 과거 세대 구성 미확인,False,555b475dcef496b2254b825ba10b0724d7994196dba4c4e18f34e7f5aa4db599,54cb25d3544257419c8c9faa1ee168a8848dbea69689888cc0985fdd2c7a4797,5fb6c1e071a73763f6eb52e67a11f05f6d609819ae4f39c925745faf40f5b4fd,8b30a9aec44c70f7b04a7800,2026-09-17T13:53:18.573481+09:00,신만덕쌍용예가,2632010300,부산광역시,북구,만덕동,,부산광역시 북구 만덕동 953 신만덕쌍용예가,분양,개별난방,83454.0,6,600.0,쌍용건설,쌍용건설,0513310384, ,아파트,부산광역시 북구 만덕3로 49,위탁관리,계단식,20050629,0513310394,600,62148.75,200.0,300.0,100.0,0.0,47392.99,26,26,3,12,46563,위탁관리,5,(주)디이씨오,위탁관리,6,(주)디이씨오,위탁관리,5,음식물쓰레기종량제,위탁관리,5,,철근콘크리트구조,2350,종합계약,상주선임,R형,부스타방식,위탁관리,12,93,565,무,153,"관리사무소, 노인정, 보육시설, 문고, 주민공동시설, 어린이놀이터, 자전거보관소",5분이내,3호선,,5~10분이내,관공서(만덕1동 동사무소) 병원(소명한의원) 대형상가(메가마트),"초등학교(만덕,백산,덕양) 중학교(만덕중)",0,3,Y
2026-08,A61675601,만덕 상록한신휴플러스아파트,북구,만덕동,882.0,0,0,0.0,0.0,0.0,0.0,0.0,,,,,True,산정 불완전,평형별 세대수 보완 필요,c38eb7731a2edbf2c405dc922468ded84aa651100a03e86668e60fb8b6b0b8e7,[],현재 확보 자료로 재구성한 과거 추정치; 과거 세대 구성 미확인,False,555b475dcef496b2254b825ba10b0724d7994196dba4c4e18f34e7f5aa4db599,54cb25d3544257419c8c9faa1ee168a8848dbea69689888cc0985fdd2c7a4797,5fb6c1e071a73763f6eb52e67a11f05f6d609819ae4f39c925745faf40f5b4fd,8b30a9aec44c70f7b04a7800,2026-09-17T13:53:18.573481+09:00,만덕 상록한신휴플러스아파트,2632010300,부산광역시,북구,만덕동,,부산광역시 북구 만덕동 943-1 만덕 상록한신휴플러스아파트,분양,개별난방,102914.75,11,882.0,한신공영(주),공무원연금관리공단,0513357194, ,아파트,부산광역시 북구 함박봉로140번길 16,위탁관리,계단식,20060331,0513357195,882,84190.95,434.0,448.0,0.0,0.0,64084.669,15,15,0,30,46617,위탁관리,6,(주)하나종합관리,위탁관리,6,(주)태협,위탁관리,9,음식물쓰레기종량제,위탁관리,7,분무식,철근콘크리트구조,2400,단일계약,상주선임,R형,부스타방식,위탁관리,30,202,680,무,162,"관리사무소, 노인정, 보육시설, 주민공동시설, 어린이놀이터, 휴게시설, 자전거보관소, 기타",5분이내,3호선,,5~10분이내,병원(부산시노인전문) 대형상가(빅마트) 기타(상가 편의점),"초등학교(백양,신덕,덕양) 중학교(백양,신덕) 고등학교(만덕고)",0,18,Y
2026-08,A61675806,만덕삼성아파트,북구,만덕동,600.0,0,0,0.0,0.0,0.0,0.0,0.0,,,,,True,산정 불완전,평형별 세대수 보완 필요,c38eb7731a2edbf2c405dc922468ded84aa651100a03e86668e60fb8b6b0b8e7,[],현재 확보 자료로 재구성한 과거 추정치; 과거 세대 구성 미확인,False,555b475dcef496b2254b825ba10b0724d7994196dba4c4e18f34e7f5aa4db599,54cb25d3544257419c8c9faa1ee168a8848dbea69689888cc0985fdd2c7a4797,5fb6c1e071a73763f6eb52e67a11f05f6d609819ae4f39c925745faf40f5b4fd,8b30a9aec44c70f7b04a7800,2026-09-17T13:53:18.573481+09:00,만덕삼성아파트,2632010300,부산광역시,북구,만덕동,,부산광역시 북구 만덕동 290-1 만덕삼성아파트,분양,개별난방,62538.0,6,600.0,삼성종합건설(주),삼성종합건설(주),0513368774, ,아파트,부산광역시 북구 만덕2로 10,위탁관리,복도식,19890224,0513316201,600,59801.85,150.0,450.0,0.0,0.0,42822,15,15,0,12,46566,위탁관리,6,(주)에이치엠우성,위탁관리,13,(주)한특,위탁관리,6,음식물쓰레기종량제,위탁관리,4,분무식,철근콘크리트구조,1650,단일계약,상주선임,P형,부스타방식,위탁관리,12,407,0,무,33,"관리사무소, 노인정, 어린이놀이터, 유치원",5분이내,3호선,,5~10분이내,관공서(만덕2동사무소),"초등학교(백산,백양,만덕) 중학교(만덕,백양) 고등학교(만덕)",9,0,Y
2026-08,A61678209,만덕그린코아아파트,북구,만덕동,1468.0,0,0,0.0,0.0,0.0,0.0,0.0,,,,,True,산정 불완전,평형별 세대수 보완 필요,c38eb7731a2edbf2c405dc922468ded84aa651100a03e86668e60fb8b6b0b8e7,[],현재 확보 자료로 재구성한 과거 추정치; 과거 세대 구성 미확인,False,555b475dcef496b2254b825ba10b0724d7994196dba4c4e18f34e7f5aa4db599,54cb25d3544257419c8c9faa1ee168a8848dbea69689888cc0985fdd2c7a4797,5fb6c1e071a73763f6eb52e67a11f05f6d609819ae4f39c925745faf40f5b4fd,8b30a9aec44c70f7b04a7800,2026-09-17T13:53:18.573481+09:00,만덕그린코아아파트,2632010300,부산광역시,북구,만덕동,,부산광역시 북구 만덕동 216-7 만덕그린코아아파트,분양,개별난방,179583.83,16,1468.0,"(주)반도주택,삼정주택","(주)반도주택,삼정주택",0513381428,kl1428@in-apt.co.kr,아파트,부산광역시 북구 덕천로234번길 47,위탁관리,계단식,19910128,0513372575,1468,171476.2,0.0,958.0,450.0,60.0,142932,15,15,0,49,46605,위탁관리,10,(주)하나종합관리,위탁관리,32,(주)비엔에이서비스,위탁관리,13,음식물쓰레기종량제,위탁관리,3,분무식,철근콘크리트구조,3300,단일계약,상주선임,P형,고가수조식,위탁관리,49,1342,0,무,238,"관리사무소, 노인정",5~10분이내,,,5~10분이내,관공서(북구디지털도서관) 병원(부산시노인전문) 기타(),"초등학교(백양초) 중학교(신덕,백양) 고등학교(만덕)",8,0,Y
2026-08,A61678706,럭키만덕1차아파트,북구,만덕동,900.0,0,0,0.0,0.0,0.0,0.0,0.0,,,,,True,산정 불완전,평형별 세대수 보완 필요,c38eb7731a2edbf2c405dc922468ded84aa651100a03e86668e60fb8b6b0b8e7,[],현재 확보 자료로 재구성한 과거 추정치; 과거 세대 구성 미확인,False,555b475dcef496b2254b825ba10b0724d7994196dba4c4e18f34e7f5aa4db599,54cb25d3544257419c8c9faa1ee168a8848dbea69689888cc0985fdd2c7a4797,5fb6c1e071a73763f6eb52e67a11f05f6d609819ae4f39c925745faf40f5b4fd,8b30a9aec44c70f7b04a7800,2026-09-17T13:53:18.573481+09:00,럭키만덕1차아파트,2632010300,부산광역시,북구,만덕동,,부산광역시 북구 만덕동 774 럭키만덕1차아파트,분양,개별난방,91544.0,11,900.0,럭키개발,럭키개발,0513312853, ,아파트,부산광역시 북구 덕천로 194,위탁관리,계단식,19910803,0513343095,900,90090.0,0.0,900.0,0.0,0.0,74326.5,15,15,0,31,46606,위탁관리,6,(주)성아종합관리,위탁관리,12,(주)주우관리,위탁관리,7,차량수거방식,위탁관리,4,"분무식,기구부착식",철근콘크리트구조,1900,단일계약,상주선임,P형,부스타방식,위탁관리,31,601,0,무,23,"관리사무소, 노인정, 어린이놀이터",5~10분이내,"2호선, 3호선",", ",5~10분이내,관공서(만덕3동사무소) 병원(부민) 대형상가(메가마트) 기타(부산이노비스센타),"초등학교(만덕,백산,덕양,양천) 중학교(만덕)",12,0,Y
2026-08,A61678804,럭키만덕2차아파트,북구,만덕동,714.0,0,0,0.0,0.0,0.0,0.0,0.0,,,,,True,산정 불완전,평형별 세대수 보완 필요,c38eb7731a2edbf2c405dc922468ded84aa651100a03e86668e60fb8b6b0b8e7,[],현재 확보 자료로 재구성한 과거 추정치; 과거 세대 구성 미확인,False,555b475dcef496b2254b825ba10b0724d7994196dba4c4e18f34e7f5aa4db599,54cb25d3544257419c8c9faa1ee168a8848dbea69689888cc0985fdd2c7a4797,5fb6c1e071a73763f6eb52e67a11f05f6d609819ae4f39c925745faf40f5b4fd,8b30a9aec44c70f7b04a7800,2026-09-17T13:53:18.573481+09:00,럭키만덕2차아파트,2632010300,부산광역시,북구,만덕동,,부산광역시 북구 만덕동 911-3 럭키만덕2차아파트,분양,개별난방,82789.32,7,714.0,럭키개발(주),럭키개발(주),0513420054, ,아파트,부산광역시 북구 덕천로234번길 34,위탁관리,계단식,19920707,0513430054,714,77890.98,0.0,714.0,0.0,0.0,60647.16,15,15,0,24,46603,위탁관리,6,(주)디이씨오,위탁관리,9,(주)목평인력개발,위탁관리,5,거점장비수거방식,위탁관리,3,분무식,철근콘크리트구조,1850,단일계약,상주선임,P형,고가수조식,위탁관리,24,320,187,무,89,"관리사무소, 노인정, 어린이놀이터",5~10분이내,3호선,,5~10분이내,"관공서(만덕우체국,만덕3동사무소) 병원(부산시노인전문) 기타(부산은행)","초등학교(덕양,백산,백양,신덕) 중학교(백양,신덕) 고등학교(만덕) 대학교(폴리텍대학)",12,0,Y
2026-08,A61679609,부산만덕3단지 주공아파트,북구,만덕동,1350.0,0,0,0.0,0.0,0.0,0.0,0.0,,,,,True,산정 불완전,평형별 세대수 보완 필요; 임대·혼합 또는 분양 범위 미확인,c38eb7731a2edbf2c405dc922468ded84aa651100a03e86668e60fb8b6b0b8e7,[],현재 확보 자료로 재구성한 과거 추정치; 과거 세대 구성 미확인,False,555b475dcef496b2254b825ba10b0724d7994196dba4c4e18f34e7f5aa4db599,54cb25d3544257419c8c9faa1ee168a8848dbea69689888cc0985fdd2c7a4797,5fb6c1e071a73763f6eb52e67a11f05f6d609819ae4f39c925745faf40f5b4fd,8b30a9aec44c70f7b04a7800,2026-09-17T13:53:18.573481+09:00,부산만덕3단지 주공아파트,2632010300,부산광역시,북구,만덕동,,부산광역시 북구 만덕동 944-6 부산만덕3단지 주공아파트,임대,개별난방,102739.0,12,1350.0,대룡건사,대한주택공사,0513357733,www.kohom.or.kr,아파트,부산광역시 북구 함박봉로140번길 21,위탁관리,계단식,20031111,0513357738,1350,102439.01,1350.0,0.0,0.0,0.0,73634,15,15,0,47,46617,위탁관리,8,주택관리공단,위탁관리,12,상원에스앤씨,위탁관리,7,음식물쓰레기종량제,위탁관리,3,분무식,철근콘크리트구조,1900,종합계약,상주선임,R형,부스타방식,위탁관리,47,861,182,무,69,"관리사무소, 노인정, 보육시설, 주민공동시설, 어린이놀이터, 유치원, 자전거보관소",5~10분이내,2호선,,15~20분이내,관공서(부산시디지털도서과) 병원(부산시노인전문),"초등학교(신덕,백양,덕양) 중학교(백양,신덕) 고등학교(만덕고)",0,0,Y
2026-08,A61682607,만덕대성타워,북구,만덕동,816.0,0,0,0.0,0.0,0.0,0.0,0.0,,,,,True,산정 불완전,평형별 세대수 보완 필요,c38eb7731a2edbf2c405dc922468ded84aa651100a03e86668e60fb8b6b0b8e7,[],현재 확보 자료로 재구성한 과거 추정치; 과거 세대 구성 미확인,False,555b475dcef496b2254b825ba10b0724d7994196dba4c4e18f34e7f5aa4db599,54cb25d3544257419c8c9faa1ee168a8848dbea69689888cc0985fdd2c7a4797,5fb6c1e071a73763f6eb52e67a11f05f6d609819ae4f39c925745faf40f5b4fd,8b30a9aec44c70f7b04a7800,2026-09-17T13:53:18.573481+09:00,만덕대성타워,2632010300,부산광역시,북구,만덕동,,부산광역시 북구 만덕동 927-1 만덕대성타워,분양,개별난방,104108.5,5,816.0,(주)대성종합건설,(주)대성종합건설,0513425300, ,아파트,부산광역시 북구 덕천로259번길 30,위탁관리,계단식,19911122,0513425301,816,99701.22,0.0,614.0,202.0,0.0,78963.32,21,21,0,21,46565,위탁관리,7,(주)에이치엠우성,위탁관리,12,(주)비앤비서비스,위탁관리,5,음식물쓰레기종량제,위탁관리,4,"분무식,기구부착식",철근콘크리트구조,600,기타,상주선임,P형,고가수조식,위탁관리,21,420,122,무,100,"관리사무소, 노인정, 어린이놀이터",5~10분이내,3호선,,5분이내,"관공서(만덕1동사무소,만덕2동사무소) 병원(부민병원) 대형상가(LG하이프라자)","초등학교(백산,덕양,백양,만덕) 중학교(백양,만덕)",11,0,Y
2026-08,A61682907,만덕동원,북구,만덕동,988.0,0,0,0.0,0.0,0.0,0.0,0.0,,,,,True,산정 불완전,평형별 세대수 보완 필요,c38eb7731a2edbf2c405dc922468ded84aa651100a03e86668e60fb8b6b0b8e7,[],현재 확보 자료로 재구성한 과거 추정치; 과거 세대 구성 미확인,False,555b475dcef496b2254b825ba10b0724d7994196dba4c4e18f34e7f5aa4db599,54cb25d3544257419c8c9faa1ee168a8848dbea69689888cc0985fdd2c7a4797,5fb6c1e071a73763f6eb52e67a11f05f6d609819ae4f39c925745faf40f5b4fd,8b30a9aec44c70f7b04a7800,2026-09-17T13:53:18.573481+09:00,만덕동원,2632010300,부산광역시,북구,만덕동,,부산광역시 북구 만덕동 925-1 만덕동원,분양,개별난방,90598.44,6,988.0,동진주택,동원개발,0513351575,www.hebibi.com,아파트,부산광역시 북구 덕천로234번길 7,위탁관리,계단식,19921223,0519251575,988,87462.64,598.0,390.0,0.0,0.0,67633.52,15,15,0,33,46604,위탁관리,6,(주)명건,위탁관리,8,(주)태영,위탁관리,4,음식물쓰레기종량제,위탁관리,5,"분무식,기구부착식",철근콘크리트구조,450,기타,위탁선임,P형,고가수조식,위탁관리,33,266,110,무,106,"관리사무소, 노인정, 주민공동시설, 어린이놀이터",5분이내,3호선,,10~15분이내,관공서(만덕2동주민센터) 병원(아하브병원) 대형상가(메가마트덕천점) 공원(무지개공원) 기타(북구디지털도서관),"초등학교(백양초,백산초) 중학교(신덕중,백양중) 고등학교(만덕고) 대학교(부산폴리텍대학)",8,0,Y
2026-08,A61682908,벽산라인타운 아파트,북구,만덕동,1166.0,0,0,0.0,0.0,0.0,0.0,0.0,,,,,True,산정 불완전,평형별 세대수 보완 필요,c38eb7731a2edbf2c405dc922468ded84aa651100a03e86668e60fb8b6b0b8e7,[],현재 확보 자료로 재구성한 과거 추정치; 과거 세대 구성 미확인,False,555b475dcef496b2254b825ba10b0724d7994196dba4c4e18f34e7f5aa4db599,54cb25d3544257419c8c9faa1ee168a8848dbea69689888cc0985fdd2c7a4797,5fb6c1e071a73763f6eb52e67a11f05f6d609819ae4f39c925745faf40f5b4fd,8b30a9aec44c70f7b04a7800,2026-09-17T13:53:18.573481+09:00,벽산라인타운 아파트,2632010300,부산광역시,북구,만덕동,,부산광역시 북구 만덕동 774-7 벽산라인타운 아파트,분양,개별난방,150935.12,10,1166.0,벽산건설,벽산건설,0513350337,bs1166@in-apt.co.kr,아파트,부산광역시 북구 덕천로 182,위탁관리,계단식,19981214,0513350338,1177,110563.24,480.0,586.0,100.0,0.0,86309.54,25,25,0,27,46602,위탁관리,8,(주)에이비씨서비스,위탁관리,20,삼성보안공사,위탁관리,9,음식물쓰레기종량제,위탁관리,3,,철근콘크리트구조,3075,단일계약,상주선임,R형,고가수조식,위탁관리,27,329,844,무,187,"관리사무소, 노인정, 주민공동시설, 어린이놀이터, 휴게시설, 자전거보관소",5분이내,3호선,,5~10분이내,관공서(만덕3동사무소) 병원(부민) 대형상가(메가마트) 기타(부산이노비스센타),"초등학교(만덕,백산,덕양,양천) 중학교(만덕) 고등학교(만덕)",0,24,Y
2026-08,A10022905,포레나부산덕천2차,북구,덕천동,795.0,0,0,0.0,0.0,0.0,0.0,0.0,,,,,True,산정 불완전,평형별 세대수 보완 필요,c38eb7731a2edbf2c405dc922468ded84aa651100a03e86668e60fb8b6b0b8e7,[],현재 확보 자료로 재구성한 과거 추정치; 과거 세대 구성 미확인,False,555b475dcef496b2254b825ba10b0724d7994196dba4c4e18f34e7f5aa4db599,54cb25d3544257419c8c9faa1ee168a8848dbea69689888cc0985fdd2c7a4797,5fb6c1e071a73763f6eb52e67a11f05f6d609819ae4f39c925745faf40f5b4fd,8b30a9aec44c70f7b04a7800,2026-09-17T13:53:18.573481+09:00,포레나부산덕천2차,2632010400,부산광역시,북구,덕천동,,부산광역시 북구 덕천동 359-1 포레나부산덕천2차,분양,개별난방,110655.15,8,795.0,(주)한화건설,덕천2구역재건축조합,0513433736, ,아파트,부산광역시 북구 만덕대로 101,위탁관리,계단식,20231129,0513433737,795,73877.35,322.0,473.0,0.0,0.0,56627.7168,26,26,2,22,46555,위탁관리,7,(주)혜강종합관리,위탁관리,6,(주)에스원,위탁관리,9,음식물쓰레기종량제,위탁관리,3,분무식,철근콘크리트구조,4000,단일계약,상주선임,R형,부스타방식,위탁관리,22,13,876,유,306,"관리사무소, 노인정, 어린이놀이터, 커뮤니티공간, 자전거보관소",5~10분이내,3호선,,5~10분이내,"관공서(북구청, 덕천1동 행정복지센터) 병원(부민병원) 대형상가(메가마트) 공원(덕천생활체육공원)","초등학교(덕천초등학교, 덕성초등학교) 중학교(덕천중학교) 고등학교(낙동고등학교) 대학교(한국폴리텍대학 부산캠퍼스)",0,25,Y
2026-08,A10023684,포레나부산덕천아파트,북구,덕천동,636.0,0,0,0.0,0.0,0.0,0.0,0.0,,,,,True,산정 불완전,평형별 세대수 보완 필요,c38eb7731a2edbf2c405dc922468ded84aa651100a03e86668e60fb8b6b0b8e7,[],현재 확보 자료로 재구성한 과거 추정치; 과거 세대 구성 미확인,False,555b475dcef496b2254b825ba10b0724d7994196dba4c4e18f34e7f5aa4db599,54cb25d3544257419c8c9faa1ee168a8848dbea69689888cc0985fdd2c7a4797,5fb6c1e071a73763f6eb52e67a11f05f6d609819ae4f39c925745faf40f5b4fd,8b30a9aec44c70f7b04a7800,2026-09-17T13:53:18.573481+09:00,포레나부산덕천아파트,2632010400,부산광역시,북구,덕천동,,부산광역시 북구 덕천동 357-12 포레나부산덕천아파트,분양,개별난방,88456.0,6,636.0,(주)한화건설,덕천2-1주택정비조합,0513382785, ,아파트,부산광역시 북구 만덕대로 81,위탁관리,계단식,20220823,0513382786,636,60054.9,243.0,393.0,0.0,0.0,45254.1407,25,25,2,19,46555,위탁관리,6,(주)하나종합관리,위탁관리,4,(주)에스원,위탁관리,6,음식물쓰레기종량제,자치관리,2,,철골철근콘크리트구조,3050,종합계약,상주선임,R형,부스타방식,관리방식미정,19,17,712,유,240,"관리사무소, 노인정, 보육시설, 주민공동시설, 어린이놀이터, 휴게시설, 커뮤니티공간, 자전거보관소",5분이내,"2호선, 3호선",,5분이내,,,0,5,Y
2026-08,A61610003,덕천동롯데아파트,북구,덕천동,705.0,0,0,0.0,0.0,0.0,0.0,0.0,,,,,True,산정 불완전,평형별 세대수 보완 필요,c38eb7731a2edbf2c405dc922468ded84aa651100a03e86668e60fb8b6b0b8e7,[],현재 확보 자료로 재구성한 과거 추정치; 과거 세대 구성 미확인,False,555b475dcef496b2254b825ba10b0724d7994196dba4c4e18f34e7f5aa4db599,54cb25d3544257419c8c9faa1ee168a8848dbea69689888cc0985fdd2c7a4797,5fb6c1e071a73763f6eb52e67a11f05f6d609819ae4f39c925745faf40f5b4fd,8b30a9aec44c70f7b04a7800,2026-09-17T13:53:18.573481+09:00,덕천동롯데아파트,2632010400,부산광역시,북구,덕천동,,부산광역시 북구 덕천동 132-65 덕천동롯데아파트,분양,개별난방,81878.0,7,705.0,(주)롯데기공,남일대건설,0513434574, ,아파트,부산광역시 북구 함박봉로 26,위탁관리,계단식,20041206,0513434575,705,70721.0,254.0,409.0,42.0,0.0,55020.656,25,25,2,17,46590,위탁관리,6,부경공영(주),위탁관리,12,(주)경동기업,위탁관리,5,음식물쓰레기종량제,위탁관리,3,"분무식,기구설치식",철근콘크리트구조,2400,단일계약,상주선임,R형,부스타방식,위탁관리,17,223,489,유,106,"관리사무소, 노인정, 보육시설, 문고, 주민공동시설, 어린이놀이터",5~10분이내,3호선,,10~15분이내,관공서(덕천3동 동사무소) 병원(부민병원) 기타(덕천종합 사회복지회관),"초등학교(양천,덕양) 중학교(양덕여) 고등학교(경혜여) 대학교(부산기능대)",18,4,Y
2026-08,A61670501,덕천삼정그린코아,북구,덕천동,560.0,0,0,0.0,0.0,0.0,0.0,0.0,,,,,True,산정 불완전,평형별 세대수 보완 필요,c38eb7731a2edbf2c405dc922468ded84aa651100a03e86668e60fb8b6b0b8e7,[],현재 확보 자료로 재구성한 과거 추정치; 과거 세대 구성 미확인,False,555b475dcef496b2254b825ba10b0724d7994196dba4c4e18f34e7f5aa4db599,54cb25d3544257419c8c9faa1ee168a8848dbea69689888cc0985fdd2c7a4797,5fb6c1e071a73763f6eb52e67a11f05f6d609819ae4f39c925745faf40f5b4fd,8b30a9aec44c70f7b04a7800,2026-09-17T13:53:18.573481+09:00,덕천삼정그린코아,2632010400,부산광역시,북구,덕천동,,부산광역시 북구 덕천동 373-1 덕천삼정그린코아,분양,개별난방,84736.375,8,560.0,"(주)삼정,삼정기업",덕천대진 재건축조합,0513380971, ,아파트,부산광역시 북구 만덕대로155번길 15,위탁관리,계단식,20071224,0513380972,560,61663.58,60.0,300.0,200.0,0.0,50181.8438,24,24,2,13,46554,위탁관리,5,(주)하나종합관리,위탁관리,6,(주)비앤에이서비스,위탁관리,5,차량수거방식,위탁관리,3,분무식,철골철근콘크리트구조,2000,단일계약,상주선임,R형,부스타방식,위탁관리,13,112,548,무,84,"관리사무소, 노인정, 보육시설, 주민공동시설, 어린이놀이터, 커뮤니티공간, 자전거보관소",5~10분이내,3호선,,5~10분이내,,,0,14,Y
2026-08,A61677404,덕천주공2단지,북구,덕천동,1507.0,0,0,0.0,0.0,0.0,0.0,0.0,,,,,True,산정 불완전,평형별 세대수 보완 필요; 임대·혼합 또는 분양 범위 미확인,c38eb7731a2edbf2c405dc922468ded84aa651100a03e86668e60fb8b6b0b8e7,[],현재 확보 자료로 재구성한 과거 추정치; 과거 세대 구성 미확인,False,555b475dcef496b2254b825ba10b0724d7994196dba4c4e18f34e7f5aa4db599,54cb25d3544257419c8c9faa1ee168a8848dbea69689888cc0985fdd2c7a4797,5fb6c1e071a73763f6eb52e67a11f05f6d609819ae4f39c925745faf40f5b4fd,8b30a9aec44c70f7b04a7800,2026-09-17T13:53:18.573481+09:00,덕천주공2단지,2632010400,부산광역시,북구,덕천동,,부산광역시 북구 덕천동 808 덕천주공2단지,임대,중앙난방,67191.51,7,1507.0,한국토지주택공사,한국토지주택공사,0513316454, ,아파트,부산광역시 북구 덕천로 74,위탁관리,복도식,19911030,0513385969,1507,62333.26,1507.0,0.0,0.0,0.0,42397.74,15,15,0,18,46589,위탁관리,10,주택관리공단(주),위탁관리,10,(주)상원에스앤씨,위탁관리,2,차량수거방식,위탁관리,3,독이식,철근콘크리트구조,2250,단일계약,상주선임,R형,부스타방식,위탁관리,19,240,53,무,67,"관리사무소, 노인정, 보육시설, 주민공동시설, 어린이놀이터, 커뮤니티공간, 자전거보관소, 기타",5분이내,"2호선, 3호선",,15~20분이내,관공서(덕천3동 동사무소) 병원(부민) 기타(화영유치원),"초등학교(양천,양덕,) 중학교(양덕여,덕천) 고등학교(경혜여)",0,0,Y
2026-08,A61677608,기비골마을아파트,북구,덕천동,825.0,0,0,0.0,0.0,0.0,0.0,0.0,,,,,True,산정 불완전,평형별 세대수 보완 필요,c38eb7731a2edbf2c405dc922468ded84aa651100a03e86668e60fb8b6b0b8e7,[],현재 확보 자료로 재구성한 과거 추정치; 과거 세대 구성 미확인,False,555b475dcef496b2254b825ba10b0724d7994196dba4c4e18f34e7f5aa4db599,54cb25d3544257419c8c9faa1ee168a8848dbea69689888cc0985fdd2c7a4797,5fb6c1e071a73763f6eb52e67a11f05f6d609819ae4f39c925745faf40f5b4fd,8b30a9aec44c70f7b04a7800,2026-09-17T13:53:18.573481+09:00,기비골마을아파트,2632010400,부산광역시,북구,덕천동,,부산광역시 북구 덕천동 814-4 기비골마을아파트,분양,개별난방+기타,59572.74,8,825.0,"(주)한보, (주)동양건설",도시개발공사,0513418183, ,주상복합,부산광역시 북구 만덕1로104번길 29,위탁관리,복도식,19940923,0513418184,829,59519.85,825.0,0.0,0.0,0.0,40941.75,21,21,1,8,46551,위탁관리,5,(주)성아종합관리,위탁관리,6,주)성아종합관리,위탁관리,4,음식물쓰레기종량제,위탁관리,4,분무식,철근콘크리트구조,2200,단일계약,상주선임,P형,기타,위탁관리,8,422,37,무,37,"관리사무소, 노인정, 어린이놀이터",5~10분이내,3호선,,5~10분이내,관공서(부산지방환경청동부출장소) 병원(부민) 대형상가(메가마트),"초등학교(양천,양덕,덕천) 중학교(양덕여,덕천) 고등학교(경혜여) 대학교(부산기능대)",0,0,Y
2026-08,A61681409,부산도시공사 덕천2지구 아파트,북구,덕천동,990.0,0,0,0.0,0.0,0.0,0.0,0.0,,,,,True,산정 불완전,평형별 세대수 보완 필요; 임대·혼합 또는 분양 범위 미확인,c38eb7731a2edbf2c405dc922468ded84aa651100a03e86668e60fb8b6b0b8e7,[],현재 확보 자료로 재구성한 과거 추정치; 과거 세대 구성 미확인,False,555b475dcef496b2254b825ba10b0724d7994196dba4c4e18f34e7f5aa4db599,54cb25d3544257419c8c9faa1ee168a8848dbea69689888cc0985fdd2c7a4797,5fb6c1e071a73763f6eb52e67a11f05f6d609819ae4f39c925745faf40f5b4fd,8b30a9aec44c70f7b04a7800,2026-09-17T13:53:18.573481+09:00,부산도시공사 덕천2지구 아파트,2632010400,부산광역시,북구,덕천동,,부산광역시 북구 덕천동 814-1 부산도시공사 덕천2지구 아파트,임대,중앙난방,39369.46,8,990.0,국제종합토건(주),부산도시공사,0513428167, ,아파트,부산광역시 북구 만덕대로155번길 86-9,위탁관리,복도식,19941125,0513428168,990,39272.707,990.0,0.0,0.0,0.0,27135.9,15,15,0,16,46551,위탁관리,9,(주)장천,위탁관리,16,(주)에스코아,위탁관리,4,차량수거방식,위탁관리,4,"분무식,기구부착식",철근콘크리트구조,2050,단일계약,상주선임,R형,부스타방식,위탁관리,16,157,0,무,91,"관리사무소, 노인정, 어린이놀이터, 유치원, 자전거보관소, 기타",5~10분이내,"3호선, 3호선",", ",5~10분이내,관공서(부산지방환경청동부출장소) 병원(부민) 대형상가(메가마트),"초등학교(덕천,양천,양덕) 중학교(양덕여,덕천) 고등학교(경혜여) 대학교(부산기능대)",0,0,Y
2026-08,A61682303,덕천주공1단지아파트,북구,덕천동,1320.0,0,0,0.0,0.0,0.0,0.0,0.0,,,,,True,산정 불완전,평형별 세대수 보완 필요,c38eb7731a2edbf2c405dc922468ded84aa651100a03e86668e60fb8b6b0b8e7,[],현재 확보 자료로 재구성한 과거 추정치; 과거 세대 구성 미확인,False,555b475dcef496b2254b825ba10b0724d7994196dba4c4e18f34e7f5aa4db599,54cb25d3544257419c8c9faa1ee168a8848dbea69689888cc0985fdd2c7a4797,5fb6c1e071a73763f6eb52e67a11f05f6d609819ae4f39c925745faf40f5b4fd,8b30a9aec44c70f7b04a7800,2026-09-17T13:53:18.573481+09:00,덕천주공1단지아파트,2632010400,부산광역시,북구,덕천동,,부산광역시 북구 덕천동 802 덕천주공1단지아파트,분양,개별난방,79143.2,10,1320.0,대한주택공사,대한주택공사,0513316453, ,아파트,부산광역시 북구 덕천로 72,위탁관리,복도식,19911030,0513436972,1320,77201.7,1320.0,0.0,0.0,0.0,56397.9,15,15,1,16,46593,위탁관리,7,(주)삼성T.M.S,위탁관리,14,(주)에스코아,위탁관리,4,차량수거방식,위탁관리,3,분무식,철근콘크리트구조,2050,단일계약,상주선임,P형,부스타방식,위탁관리,16,368,0,무,69,"관리사무소, 노인정, 어린이놀이터",10~15분이내,"2호선, 3호선, 부산-김해경전철",,10~15분이내,,,8,0,Y
2026-08,A10024201,리버파크반도유보라,북구,구포동,790.0,0,0,0.0,0.0,0.0,0.0,0.0,,,,,True,산정 불완전,평형별 세대수 보완 필요,c38eb7731a2edbf2c405dc922468ded84aa651100a03e86668e60fb8b6b0b8e7,[],현재 확보 자료로 재구성한 과거 추정치; 과거 세대 구성 미확인,False,555b475dcef496b2254b825ba10b0724d7994196dba4c4e18f34e7f5aa4db599,54cb25d3544257419c8c9faa1ee168a8848dbea69689888cc0985fdd2c7a4797,5fb6c1e071a73763f6eb52e67a11f05f6d609819ae4f39c925745faf40f5b4fd,8b30a9aec44c70f7b04a7800,2026-09-17T13:53:18.573481+09:00,리버파크반도유보라,2632010500,부산광역시,북구,구포동,,부산광역시 북구 구포동 1300 리버파크반도유보라,분양,개별난방,116274.52,11,790.0,반도건설,구포9구역주택재개발정비사업조합,0513376994, ,아파트,부산광역시 북구 백양대로 1136,위탁관리,계단식,20210621,0513386994,790,77407.89,291.0,499.0,0.0,0.0,57031.1388,28,28,3,20,46629,위탁관리,6,남부공영(주),위탁관리,6,조은관리시스템,위탁관리,6,음식물쓰레기종량제,자치관리,2,분무식,철골콘크리트구조,5360,단일계약,상주선임,R형,부스타방식,위탁관리,24,5,859,유,264,"관리사무소, 노인정, 보육시설, 문고, 주민공동시설, 어린이놀이터, 휴게시설, 커뮤니티공간, 자전거보관소",5분이내,"2호선, 3호선",,5분이내,관공서(구포1동사무소) 병원(구포 성심병원),초등학교(구포초등학교),0,19,Y
2026-08,A61609002,동원로얄듀크비스타,북구,구포동,1079.0,0,0,0.0,0.0,0.0,0.0,0.0,,,,,True,산정 불완전,평형별 세대수 보완 필요,c38eb7731a2edbf2c405dc922468ded84aa651100a03e86668e60fb8b6b0b8e7,[],현재 확보 자료로 재구성한 과거 추정치; 과거 세대 구성 미확인,False,555b475dcef496b2254b825ba10b0724d7994196dba4c4e18f34e7f5aa4db599,54cb25d3544257419c8c9faa1ee168a8848dbea69689888cc0985fdd2c7a4797,5fb6c1e071a73763f6eb52e67a11f05f6d609819ae4f39c925745faf40f5b4fd,8b30a9aec44c70f7b04a7800,2026-09-17T13:53:18.573481+09:00,동원로얄듀크비스타,2632010500,부산광역시,북구,구포동,,부산광역시 북구 구포동 1296 동원로얄듀크비스타,분양,개별난방,170269.0,4,1079.0,(주)동원개발,(주)신세기건설,0513342700,www.gdrdv.com,아파트,부산광역시 북구 낙동대로1738번길 10,위탁관리,기타,20140717,0513342702,1079,92141.68,0.0,900.0,179.0,0.0,92141.6781,48,48,4,17,46501,위탁관리,9,남부공영(주),위탁관리,7,(주)한특,위탁관리,10,음식물쓰레기종량제,위탁관리,3,"분무식,기구부착식",철근콘크리트구조,7250,단일계약,상주선임,GR형,부스타방식,위탁관리,17,123,1151,유,218,"관리사무소, 노인정, 보육시설, 문고, 주민공동시설, 어린이놀이터, 휴게시설, 커뮤니티공간, 자전거보관소, 기타",5분이내,"2호선, 3호선",,5~10분이내,"관공서(북구청) 병원(구포성심병원,부민병원) 대형상가(뉴코아아울렛) 공원(생태공원) 기타(구포역(KTX))","초등학교(구남,구포) 중학교(가람,구포,구남) 고등학교(백양) 대학교(신라대학교,한국폴리텍대학,부산전문대학,)",0,31,Y
2026-08,A61609206,구포유림노르웨이숲,북구,구포동,1176.0,0,0,0.0,0.0,0.0,0.0,0.0,,,,,True,산정 불완전,평형별 세대수 보완 필요,c38eb7731a2edbf2c405dc922468ded84aa651100a03e86668e60fb8b6b0b8e7,[],현재 확보 자료로 재구성한 과거 추정치; 과거 세대 구성 미확인,False,555b475dcef496b2254b825ba10b0724d7994196dba4c4e18f34e7f5aa4db599,54cb25d3544257419c8c9faa1ee168a8848dbea69689888cc0985fdd2c7a4797,5fb6c1e071a73763f6eb52e67a11f05f6d609819ae4f39c925745faf40f5b4fd,8b30a9aec44c70f7b04a7800,2026-09-17T13:53:18.573481+09:00,구포유림노르웨이숲,2632010500,부산광역시,북구,구포동,,부산광역시 북구 구포동 1293 구포유림노르웨이숲,분양,개별난방,154213.31,13,1176.0,유림종합건설(주),유림종합건설(주),0513354112, ,아파트,부산광역시 북구 낙동북로 737,위탁관리,계단식,20050615,0513354113,1176,107343.58,786.0,350.0,40.0,0.0,81530.9064,21,21,0,0,46638,위탁관리,8,(주)하나종합관리,위탁관리,10,(주)비엔에이서비스,위탁관리,11,음식물쓰레기종량제,위탁관리,3,분무식,철근콘크리트구조,3500,단일계약,상주선임,R형,부스타방식,위탁관리,30,166,1057,무,122,"관리사무소, 노인정, 보육시설, 문고, 주민공동시설, 어린이놀이터, 자전거보관소",5~10분이내,2호선,,,"관공서(구포2동행정복지센터,학생예술문화회관, 솔로몬로파크) 대형상가(하이마트, 탑세일마트) 공원(무장애숲길) 기타(파스꾸찌카페,)","초등학교(신천초등,포천초등) 중학교(구포중, 구남중) 고등학교(성도고,삼정정보고,백양고) 대학교(부산과학기술대학)",17,12,Y
2026-08,A61680705,구포삼정그린코아아파트,북구,구포동,668.0,0,0,0.0,0.0,0.0,0.0,0.0,,,,,True,산정 불완전,평형별 세대수 보완 필요,c38eb7731a2edbf2c405dc922468ded84aa651100a03e86668e60fb8b6b0b8e7,[],현재 확보 자료로 재구성한 과거 추정치; 과거 세대 구성 미확인,False,555b475dcef496b2254b825ba10b0724d7994196dba4c4e18f34e7f5aa4db599,54cb25d3544257419c8c9faa1ee168a8848dbea69689888cc0985fdd2c7a4797,5fb6c1e071a73763f6eb52e67a11f05f6d609819ae4f39c925745faf40f5b4fd,8b30a9aec44c70f7b04a7800,2026-09-17T13:53:18.573481+09:00,구포삼정그린코아아파트,2632010500,부산광역시,북구,구포동,,부산광역시 북구 구포동 1095-2 구포삼정그린코아아파트,분양,개별난방,82918.66,7,668.0,삼정주택,삼정,0513383006,gpsj668@in-apt.co.kr,아파트,부산광역시 북구 백양대로1016번길 10,위탁관리,계단식,19990115,0519373006,671,68178.74,272.0,282.0,114.0,0.0,52291.26,21,21,0,17,46637,위탁관리,5,삼성T.M.S,위탁관리,6,(주)경동기업,위탁관리,4,음식물쓰레기종량제,위탁관리,3,분무식,철근콘크리트구조,1800,단일계약,상주선임,P형,고가수조식,위탁관리,17,568,100,유,123,"관리사무소, 노인정, 보육시설, 주민공동시설, 어린이놀이터, 휴게시설, 자전거보관소",5분이내,2호선,,5분이내,"관공서(구포도서관,북구청,북부산등기소) 병원(부민한중병원) 대형상가(lg디지털프라자, 하이마트) 기타(구포역)","초등학교(구남,구포) 중학교(구포,구남) 고등학교(부산정보여)",0,3,Y
2026-08,A61680707,구포현대아파트,북구,구포동,1741.0,0,0,0.0,0.0,0.0,0.0,0.0,,,,,True,산정 불완전,평형별 세대수 보완 필요,c38eb7731a2edbf2c405dc922468ded84aa651100a03e86668e60fb8b6b0b8e7,[],현재 확보 자료로 재구성한 과거 추정치; 과거 세대 구성 미확인,False,555b475dcef496b2254b825ba10b0724d7994196dba4c4e18f34e7f5aa4db599,54cb25d3544257419c8c9faa1ee168a8848dbea69689888cc0985fdd2c7a4797,5fb6c1e071a73763f6eb52e67a11f05f6d609819ae4f39c925745faf40f5b4fd,8b30a9aec44c70f7b04a7800,2026-09-17T13:53:18.573481+09:00,구포현대아파트,2632010500,부산광역시,북구,구포동,,부산광역시 북구 구포동 1103-2 구포현대아파트,분양,개별난방,172558.27,16,1741.0,동덕현대,주택조합,0513358191,cafe.naver.com/gupohyundai,아파트,부산광역시 북구 백양대로 1003,위탁관리,혼합식,19940228,0513385644,1741,172558.27,60.0,1681.0,0.0,0.0,134344.32,15,15,1,58,46651,위탁관리,11,(주)우림종합관리,위탁관리,18,(주)비앤에이서비스,위탁관리,15,음식물쓰레기종량제,위탁관리,4,분무식,철근콘크리트구조,3250,단일계약,상주선임,P형,부스타방식,위탁관리,58,601,317,무,185,"관리사무소, 노인정, 어린이놀이터, 유치원",5분이내,2호선,,5분이내,"관공서(구포도서관,북구청,북부산등기소) 병원(한중) 백화점(뉴코아) 대형상가(하이마트)","초등학교(구남,구포) 중학교(구포,구남) 고등학교(부산정보여)",12,13,Y
2026-08,A61273009,부산도시공사 반송영구임대아파트,해운대구,반송동,1050.0,0,0,0.0,0.0,0.0,0.0,0.0,,,,,True,산정 불완전,평형별 세대수 보완 필요; 임대·혼합 또는 분양 범위 미확인,c38eb7731a2edbf2c405dc922468ded84aa651100a03e86668e60fb8b6b0b8e7,[],현재 확보 자료로 재구성한 과거 추정치; 과거 세대 구성 미확인,False,555b475dcef496b2254b825ba10b0724d7994196dba4c4e18f34e7f5aa4db599,54cb25d3544257419c8c9faa1ee168a8848dbea69689888cc0985fdd2c7a4797,5fb6c1e071a73763f6eb52e67a11f05f6d609819ae4f39c925745faf40f5b4fd,8b30a9aec44c70f7b04a7800,2026-09-17T13:53:18.573481+09:00,부산도시공사 반송영구임대아파트,2635010100,부산광역시,해운대구,반송동,,부산광역시 해운대구 반송동 880 부산도시공사 반송영구임대아파트,임대,중앙난방,43382.0,7,1050.0,화인건설,부산도시공사,0515424050, ,아파트,부산광역시 해운대구 신반송로 159,위탁관리,복도식,19950214,0515424051,1050,43249.5,1050.0,0.0,0.0,0.0,27972,15,15,0,14,48012,위탁관리,10,(주)주우관리,위탁관리,10,(주)비앤에이서비스,위탁관리,4,차량수거방식,위탁관리,4,"분무식,독이식",철근콘크리트구조,360,단일계약,상주선임,R형,고가수조식,위탁관리,14,161,0,무,66,"관리사무소, 노인정, 보육시설, 주민공동시설, 어린이놀이터, 휴게시설, 자전거보관소",5~10분이내,4호선,,20분초과,관공서(반송2동사무소) 병원(현빈한의원),초등학교(운봉초등학교),0,0,Y
2026-08,A61273306,벽산삼협한솔,해운대구,반송동,764.0,0,0,0.0,0.0,0.0,0.0,0.0,,,,,True,산정 불완전,평형별 세대수 보완 필요,c38eb7731a2edbf2c405dc922468ded84aa651100a03e86668e60fb8b6b0b8e7,[],현재 확보 자료로 재구성한 과거 추정치; 과거 세대 구성 미확인,False,555b475dcef496b2254b825ba10b0724d7994196dba4c4e18f34e7f5aa4db599,54cb25d3544257419c8c9faa1ee168a8848dbea69689888cc0985fdd2c7a4797,5fb6c1e071a73763f6eb52e67a11f05f6d609819ae4f39c925745faf40f5b4fd,8b30a9aec44c70f7b04a7800,2026-09-17T13:53:18.573481+09:00,벽산삼협한솔,2635010100,부산광역시,해운대구,반송동,,부산광역시 해운대구 반송동 892 벽산삼협한솔,분양,개별난방,63514.805,6,764.0,"벽산,삼협건설",한솔,0515438733, ,아파트,부산광역시 해운대구 신반송로 29,위탁관리,계단식,19970530,0515438734,764,60608.12,764.0,0.0,0.0,0.0,45775.824,24,24,1,17,48008,위탁관리,6,(주)HM우성,위탁관리,4,(주)한특,위탁관리,4,음식물쓰레기종량제,위탁관리,3,분무식,철근콘크리트구조,2500,단일계약,상주선임,R형,고가수조식,위탁관리,17,356,121,무,128,"관리사무소, 노인정, 보육시설, 주민공동시설, 어린이놀이터, 자전거보관소",5~10분이내,4호선,,15~20분이내,관공서(반송2동사무소) 병원(강대식내과의원),초등학교(송운초등학교) 중학교(반송중학교),0,14,Y
2026-08,A61273507,반송삼한2차,해운대구,반송동,848.0,0,0,0.0,0.0,0.0,0.0,0.0,,,,,True,산정 불완전,평형별 세대수 보완 필요,c38eb7731a2edbf2c405dc922468ded84aa651100a03e86668e60fb8b6b0b8e7,[],현재 확보 자료로 재구성한 과거 추정치; 과거 세대 구성 미확인,False,555b475dcef496b2254b825ba10b0724d7994196dba4c4e18f34e7f5aa4db599,54cb25d3544257419c8c9faa1ee168a8848dbea69689888cc0985fdd2c7a4797,5fb6c1e071a73763f6eb52e67a11f05f6d609819ae4f39c925745faf40f5b4fd,8b30a9aec44c70f7b04a7800,2026-09-17T13:53:18.573481+09:00,반송삼한2차,2635010100,부산광역시,해운대구,반송동,,부산광역시 해운대구 반송동 872 반송삼한2차,분양,개별난방,84662.4,3,848.0,삼한주택,삼한주택,0515421596, ,아파트,부산광역시 해운대구 신반송로 102,위탁관리,계단식,19971124,0515421597,849,76234.75,598.0,250.0,0.0,0.0,57069.16,25,25,0,17,48012,위탁관리,6,(주)에이치엠 우성,위탁관리,6,(주)비앤에이서비스,위탁관리,5,차량수거방식,위탁관리,3,분무식,철근콘크리트구조,2500,단일계약,상주선임,R형,부스타방식,위탁관리,17,619,177,무,86,"관리사무소, 노인정, 어린이놀이터, 유치원, 기타",5~10분이내,4호선,,10~15분이내,관공서(반송2동사무소),초등학교(운봉초등학교) 대학교(영산대학교),0,14,Y
2026-08,A61273609,부산반송주공,해운대구,반송동,1710.0,0,0,0.0,0.0,0.0,0.0,0.0,,,,,True,산정 불완전,평형별 세대수 보완 필요; 임대·혼합 또는 분양 범위 미확인,c38eb7731a2edbf2c405dc922468ded84aa651100a03e86668e60fb8b6b0b8e7,[],현재 확보 자료로 재구성한 과거 추정치; 과거 세대 구성 미확인,False,555b475dcef496b2254b825ba10b0724d7994196dba4c4e18f34e7f5aa4db599,54cb25d3544257419c8c9faa1ee168a8848dbea69689888cc0985fdd2c7a4797,5fb6c1e071a73763f6eb52e67a11f05f6d609819ae4f39c925745faf40f5b4fd,8b30a9aec44c70f7b04a7800,2026-09-17T13:53:18.573481+09:00,부산반송주공,2635010100,부산광역시,해운대구,반송동,,부산광역시 해운대구 반송동 77 부산반송주공,임대,중앙난방,78906.0,7,1710.0,한국토지주택공사,한국토지주택공사,0515427784,325120@kohom.or.kr,아파트,부산광역시 해운대구 신반송로 200,자치관리,복도식,19911224,0515431972,1710,71468.7,1710.0,0.0,0.0,0.0,47360.7,15,15,0,24,48010,자치관리,11,주택관리공단,위탁관리,12,명가종합관리,위탁관리,2,음식물쓰레기종량제,위탁관리,3,분무식,철근콘크리트구조,2550,단일계약,상주선임,R형,부스타방식,위탁관리,24,270,0,무,84,"관리사무소, 노인정, 어린이놀이터, 기타",5~10분이내,4호선,,5~10분이내,관공서(반송2동사무소) 병원(해인의원) 대형상가(LG하이프라자),초등학교(운봉초등학교),0,0,Y
2026-08,A61280805,삼한그린타운1차아파트,해운대구,반송동,560.0,0,0,0.0,0.0,0.0,0.0,0.0,,,,,True,산정 불완전,평형별 세대수 보완 필요,c38eb7731a2edbf2c405dc922468ded84aa651100a03e86668e60fb8b6b0b8e7,[],현재 확보 자료로 재구성한 과거 추정치; 과거 세대 구성 미확인,False,555b475dcef496b2254b825ba10b0724d7994196dba4c4e18f34e7f5aa4db599,54cb25d3544257419c8c9faa1ee168a8848dbea69689888cc0985fdd2c7a4797,5fb6c1e071a73763f6eb52e67a11f05f6d609819ae4f39c925745faf40f5b4fd,8b30a9aec44c70f7b04a7800,2026-09-17T13:53:18.573481+09:00,삼한그린타운1차아파트,2635010100,부산광역시,해운대구,반송동,,부산광역시 해운대구 반송동 888 삼한그린타운1차아파트,분양,개별난방,69718.4,6,560.0,삼한주택,삼한주택,0515438852,www.hebibi.com/48,아파트,부산광역시 해운대구 신반송로 171,위탁관리,계단식,19950124,0515433100,560,59239.656,0.0,560.0,0.0,0.0,47527.2,20,20,1,15,48009,위탁관리,4,(주)명건,위탁관리,4,(주)명건,위탁관리,5,기타,위탁관리,4,분무식,철근콘크리트구조,450,기타,위탁선임,P형,부스타방식,위탁관리,15,173,308,무,78,"관리사무소, 노인정, 어린이놀이터, 휴게시설",5~10분이내,4호선,,15~20분이내,관공서(반송2동사무소) 병원(현빈한의원),초등학교(운봉초등학교),10,4,Y
2026-08,A10022405,드파인센텀아파트,해운대구,반여동,750.0,0,0,0.0,0.0,0.0,0.0,0.0,,,,,True,산정 불완전,평형별 세대수 보완 필요; 임대·혼합 또는 분양 범위 미확인,c38eb7731a2edbf2c405dc922468ded84aa651100a03e86668e60fb8b6b0b8e7,[],현재 확보 자료로 재구성한 과거 추정치; 과거 세대 구성 미확인,False,555b475dcef496b2254b825ba10b0724d7994196dba4c4e18f34e7f5aa4db599,54cb25d3544257419c8c9faa1ee168a8848dbea69689888cc0985fdd2c7a4797,5fb6c1e071a73763f6eb52e67a11f05f6d609819ae4f39c925745faf40f5b4fd,8b30a9aec44c70f7b04a7800,2026-09-17T13:53:18.573481+09:00,드파인센텀아파트,2635010300,부산광역시,해운대구,반여동,,부산광역시 해운대구 반여동 1349 드파인센텀아파트,혼합,개별난방,110253.0,8,0.0,sk에코플랜,반여1의2구역 주택재개발정비사업조합,0515243001, ,아파트,부산광역시 해운대구 선수촌로 30,위탁관리,계단식,20240627,0515243002,750,70723.555,0.0,0.0,0.0,0.0,53226.812,28,28,2,0,,위탁관리,6,(주)하나종합관리,위탁관리,,(주)에스원,위탁관리,9,거점장비수거방식,위탁관리,3,분무식,철골철근콘크리트구조,1000,종합계약,상주선임,GR형,부스타방식,위탁관리,20,0,920,유,450,"관리사무소, 노인정, 보육시설, 문고, 주민공동시설, 어린이놀이터, 휴게시설, 커뮤니티공간, 자전거보관소, 기타",5~10분이내,동해선,,5~10분이내,,,0,56,Y
2026-08,A10023647,센텀KCC스위첸아파트,해운대구,반여동,638.0,0,0,0.0,0.0,0.0,0.0,0.0,,,,,True,산정 불완전,평형별 세대수 보완 필요,c38eb7731a2edbf2c405dc922468ded84aa651100a03e86668e60fb8b6b0b8e7,[],현재 확보 자료로 재구성한 과거 추정치; 과거 세대 구성 미확인,False,555b475dcef496b2254b825ba10b0724d7994196dba4c4e18f34e7f5aa4db599,54cb25d3544257419c8c9faa1ee168a8848dbea69689888cc0985fdd2c7a4797,5fb6c1e071a73763f6eb52e67a11f05f6d609819ae4f39c925745faf40f5b4fd,8b30a9aec44c70f7b04a7800,2026-09-17T13:53:18.573481+09:00,센텀KCC스위첸아파트,2635010300,부산광역시,해운대구,반여동,,부산광역시 해운대구 반여동 1316 센텀KCC스위첸아파트,분양,개별난방+기타,96335.0,8,638.0,KCC건설(주),반여1-1구역 주택제개발정비사업조합,0515322006, ,아파트,부산광역시 해운대구 반여로 42,위탁관리,계단식,20220829,0515322007,638,67783.43,59.0,535.0,44.0,0.0,51385.37,28,28,2,17,48042,위탁관리,6,(주)주우관리,위탁관리,4,(주)하나종합관리,위탁관리,6,음식물쓰레기종량제,위탁관리,3,분무식,철골철근콘크리트구조,3300,단일계약,상주선임,R형,부스타방식,위탁관리,17,19,713,유,219,"관리사무소, 노인정, 보육시설, 주민공동시설, 어린이놀이터, 휴게시설, 유치원, 커뮤니티공간, 자전거보관소, 기타",10~15분이내,동해선,,10~15분이내,관공서(반여1동 동사무소) 병원(대동병원) 백화점(신세계백화점 센텀시티점) 대형상가(홈플러스),초등학교(무정초등학교) 중학교(인지중학교) 고등학교(센텀고등학교),14,4,Y
2026-08,A10024249,센텀트루엘 아파트,해운대구,반여동,531.0,0,0,0.0,0.0,0.0,0.0,0.0,,,,,True,산정 불완전,평형별 세대수 보완 필요,c38eb7731a2edbf2c405dc922468ded84aa651100a03e86668e60fb8b6b0b8e7,[],현재 확보 자료로 재구성한 과거 추정치; 과거 세대 구성 미확인,False,555b475dcef496b2254b825ba10b0724d7994196dba4c4e18f34e7f5aa4db599,54cb25d3544257419c8c9faa1ee168a8848dbea69689888cc0985fdd2c7a4797,5fb6c1e071a73763f6eb52e67a11f05f6d609819ae4f39c925745faf40f5b4fd,8b30a9aec44c70f7b04a7800,2026-09-17T13:53:18.573481+09:00,센텀트루엘 아파트,2635010300,부산광역시,해운대구,반여동,,부산광역시 해운대구 반여동 1676 센텀트루엘 아파트,분양,개별난방,75460.78,7,531.0,(주)일성건설,진모E&C,0515242007,centumtruel.aptner.com,아파트,부산광역시 해운대구 삼어로133번나길 17,위탁관리,기타,20190725,0515245002,531,53151.324,211.0,320.0,0.0,0.0,38326.6168,29,29,0,0,48045,위탁관리,5,(주)디이씨오,위탁관리,4,(주)에스원,위탁관리,4,음식물쓰레기종량제,위탁관리,3,분무식,철근콘크리트구조,3450,단일계약,상주선임,GR형,부스타방식,위탁관리,15,52,557,유,135,"관리사무소, 노인정, 보육시설, 주민공동시설, 어린이놀이터, 커뮤니티공간, 자전거보관소",5분이내,,,,관공서(반여4동 주민센터) 병원(센텀내과) 공원(명장공원),초등학교(삼어초등학교) 중학교(반안중학교) 고등학교(반여고등학교),3,40,Y
2026-08,A61206110,센텀롯데캐슬3차,해운대구,반여동,517.0,0,0,0.0,0.0,0.0,0.0,0.0,,,,,True,산정 불완전,평형별 세대수 보완 필요,c38eb7731a2edbf2c405dc922468ded84aa651100a03e86668e60fb8b6b0b8e7,[],현재 확보 자료로 재구성한 과거 추정치; 과거 세대 구성 미확인,False,555b475dcef496b2254b825ba10b0724d7994196dba4c4e18f34e7f5aa4db599,54cb25d3544257419c8c9faa1ee168a8848dbea69689888cc0985fdd2c7a4797,5fb6c1e071a73763f6eb52e67a11f05f6d609819ae4f39c925745faf40f5b4fd,8b30a9aec44c70f7b04a7800,2026-09-17T13:53:18.573481+09:00,센텀롯데캐슬3차,2635010300,부산광역시,해운대구,반여동,,부산광역시 해운대구 반여동 1641 센텀롯데캐슬3차,분양,개별난방,50266.68,4,517.0,롯데건설(주),롯데건설(주),0515218851, ,아파트,부산광역시 해운대구 반여로 83,위탁관리,계단식,20051202,0515218852,517,50266.68,228.0,289.0,0.0,0.0,38189.9778,29,29,0,11,48039,위탁관리,5,(주)삼성T.M.S,위탁관리,3,(주)듀델코리아,위탁관리,4,음식물쓰레기종량제,위탁관리,4,,철근콘크리트구조,1400,단일계약,상주선임,R형,부스타방식,위탁관리,22,259,258,무,60,"관리사무소, 노인정, 보육시설, 어린이놀이터, 유치원",5분이내,,,10~15분이내,"관공서(반여1동사무소) 병원(권순완소아과의원) 대형상가(탑마트,홈플러스,롯데마트)","초등학교(장산초등학교, 무정초등학교) 중학교(인지중학교, 장산중학교) 고등학교(반여고등학교)",15,11,Y
2026-08,A61206113,우방신세계타운아파트,해운대구,반여동,998.0,0,0,0.0,0.0,0.0,0.0,0.0,,,,,True,산정 불완전,평형별 세대수 보완 필요,c38eb7731a2edbf2c405dc922468ded84aa651100a03e86668e60fb8b6b0b8e7,[],현재 확보 자료로 재구성한 과거 추정치; 과거 세대 구성 미확인,False,555b475dcef496b2254b825ba10b0724d7994196dba4c4e18f34e7f5aa4db599,54cb25d3544257419c8c9faa1ee168a8848dbea69689888cc0985fdd2c7a4797,5fb6c1e071a73763f6eb52e67a11f05f6d609819ae4f39c925745faf40f5b4fd,8b30a9aec44c70f7b04a7800,2026-09-17T13:53:18.573481+09:00,우방신세계타운아파트,2635010300,부산광역시,해운대구,반여동,,부산광역시 해운대구 반여동 1190-1 우방신세계타운아파트,분양,개별난방,104508.01,9,998.0,(주)우방건설,ㅁㅁ,0515246580, ,아파트,부산광역시 해운대구 삼어로 61,위탁관리,계단식,20021128,0519166580,998,104508.01,284.0,576.0,92.0,46.0,82418.62,24,24,3,25,48046,위탁관리,6,(주)디이씨오,위탁관리,16,(주)비앤에이서비스,위탁관리,9,음식물쓰레기종량제,위탁관리,3,"도포식,분무식",철근콘크리트구조,2500,단일계약,상주선임,R형,부스타방식,위탁관리,25,394,758,무,145,"관리사무소, 노인정, 보육시설, 주민공동시설, 어린이놀이터, 자전거보관소",5~10분이내,4호선,,15~20분이내,관공서(반여1동사무소) 대형상가(탑마트) 기타(반여농산물도매시장),초등학교(반안초등학교) 중학교(반안중학교) 고등학교(부산골프고등학교),17,20,Y
2026-08,A61206114,센텀롯데캐슬2차,해운대구,반여동,1165.0,0,0,0.0,0.0,0.0,0.0,0.0,,,,,True,산정 불완전,평형별 세대수 보완 필요,c38eb7731a2edbf2c405dc922468ded84aa651100a03e86668e60fb8b6b0b8e7,[],현재 확보 자료로 재구성한 과거 추정치; 과거 세대 구성 미확인,False,555b475dcef496b2254b825ba10b0724d7994196dba4c4e18f34e7f5aa4db599,54cb25d3544257419c8c9faa1ee168a8848dbea69689888cc0985fdd2c7a4797,5fb6c1e071a73763f6eb52e67a11f05f6d609819ae4f39c925745faf40f5b4fd,8b30a9aec44c70f7b04a7800,2026-09-17T13:53:18.573481+09:00,센텀롯데캐슬2차,2635010300,부산광역시,해운대구,반여동,,부산광역시 해운대구 반여동 1660 센텀롯데캐슬2차,분양,개별난방,152906.0,12,1165.0,롯데건설(주),"롯데건설(주), (주)아시아드개발",0515211081, ,아파트,부산광역시 해운대구 반여로 68-12,위탁관리,계단식,20050224,0515211083,1165,127677.85,346.0,578.0,191.0,50.0,98514.3818,25,25,0,25,48040,위탁관리,9,(주)디이씨오,위탁관리,8,(주)비앤에이서비스,위탁관리,12,음식물쓰레기종량제,위탁관리,3,분무식,철근콘크리트구조,3150,단일계약,상주선임,R형,부스타방식,위탁관리,25,801,558,무,231,"관리사무소, 노인정, 보육시설, 주민공동시설, 어린이놀이터, 자전거보관소",5분이내,4호선,,10~15분이내,관공서(해운대구청) 병원(효성시티병원) 백화점(신세계백화점) 대형상가(삼성디지털프라자) 공원(누리마루공원),"초등학교(무정초등학교) 중학교(반여중학교) 고등학교(인지고등학교,반여고등학교)",28,0,Y
2026-08,A61206118,메가센텀꿈에그린아파트,해운대구,반여동,1564.0,0,0,0.0,0.0,0.0,0.0,0.0,,,,,True,산정 불완전,평형별 세대수 보완 필요,c38eb7731a2edbf2c405dc922468ded84aa651100a03e86668e60fb8b6b0b8e7,[],현재 확보 자료로 재구성한 과거 추정치; 과거 세대 구성 미확인,False,555b475dcef496b2254b825ba10b0724d7994196dba4c4e18f34e7f5aa4db599,54cb25d3544257419c8c9faa1ee168a8848dbea69689888cc0985fdd2c7a4797,5fb6c1e071a73763f6eb52e67a11f05f6d609819ae4f39c925745faf40f5b4fd,8b30a9aec44c70f7b04a7800,2026-09-17T13:53:18.573481+09:00,메가센텀꿈에그린아파트,2635010300,부산광역시,해운대구,반여동,,부산광역시 해운대구 반여동 1662 메가센텀꿈에그린아파트,분양,개별난방,301558.0,14,1564.0,한화건설,체이스개발,0515311630,www.hanwhamegacentum.co.kr,아파트,부산광역시 해운대구 반여로 67,위탁관리,계단식,20080428,0515210554,1564,212234.02,0.0,662.0,756.0,146.0,164207.1577,29,29,3,39,48039,위탁관리,18,(주)아주관리,위탁관리,9,에스케이쉴더스,위탁관리,18,음식물쓰레기종량제,위탁관리,5,분무식,철근콘크리트구조,7930,종합계약,상주선임,R형,부스타방식,위탁관리,39,68,2527,유,378,"관리사무소, 노인정, 보육시설, 문고, 주민공동시설, 어린이놀이터, 휴게시설, 커뮤니티공간, 자전거보관소",5분이내,,,10~15분이내,"관공서(반여1동 주민센터) 병원(바른길병원) 백화점(롯데백화점) 대형상가(홈플러스, 롯데마트) 공원(수영강변) 기타(반여농수산물시장)","초등학교(장산,무정,인지) 중학교(인지) 고등학교(반여) 대학교(부산경상대학교)",0,98,Y
2026-08,A61270515,센텀롯데캐슬,해운대구,반여동,1198.0,0,0,0.0,0.0,0.0,0.0,0.0,,,,,True,산정 불완전,평형별 세대수 보완 필요,c38eb7731a2edbf2c405dc922468ded84aa651100a03e86668e60fb8b6b0b8e7,[],현재 확보 자료로 재구성한 과거 추정치; 과거 세대 구성 미확인,False,555b475dcef496b2254b825ba10b0724d7994196dba4c4e18f34e7f5aa4db599,54cb25d3544257419c8c9faa1ee168a8848dbea69689888cc0985fdd2c7a4797,5fb6c1e071a73763f6eb52e67a11f05f6d609819ae4f39c925745faf40f5b4fd,8b30a9aec44c70f7b04a7800,2026-09-17T13:53:18.573481+09:00,센텀롯데캐슬,2635010300,부산광역시,해운대구,반여동,,부산광역시 해운대구 반여동 1619 센텀롯데캐슬,분양,개별난방,154451.89,13,1198.0,롯데건설,롯데건설,0515214343, ,아파트,부산광역시 해운대구 반여로 133,위탁관리,계단식,20041027,0515214774,1198,126192.31,478.0,480.0,204.0,36.0,97720.4894,24,24,3,35,48035,위탁관리,10,목송산업개발(주),위탁관리,8,(주)듀델코리아,위탁관리,12,음식물쓰레기종량제,위탁관리,4,"도포식,분무식,기구부착식",철근콘크리트구조,2800,단일계약,상주선임,R형,부스타방식,위탁관리,35,343,912,무,150,"관리사무소, 노인정, 보육시설, 어린이놀이터, 자전거보관소",5분이내,4호선,,5~10분이내,병원(바른길병원) 대형상가(탑마트) 기타(반여농산물도매시장),초등학교(인지초등학교) 중학교(인지중학교) 고등학교(반여고등학교),0,10,Y
2026-08,A61271919,아시아선수촌아파트,해운대구,반여동,2290.0,0,0,0.0,0.0,0.0,0.0,0.0,,,,,True,산정 불완전,평형별 세대수 보완 필요,c38eb7731a2edbf2c405dc922468ded84aa651100a03e86668e60fb8b6b0b8e7,[],현재 확보 자료로 재구성한 과거 추정치; 과거 세대 구성 미확인,False,555b475dcef496b2254b825ba10b0724d7994196dba4c4e18f34e7f5aa4db599,54cb25d3544257419c8c9faa1ee168a8848dbea69689888cc0985fdd2c7a4797,5fb6c1e071a73763f6eb52e67a11f05f6d609819ae4f39c925745faf40f5b4fd,8b30a9aec44c70f7b04a7800,2026-09-17T13:53:18.573481+09:00,아시아선수촌아파트,2635010300,부산광역시,해운대구,반여동,,부산광역시 해운대구 반여동 1638 아시아선수촌아파트,분양,개별난방,359325.28,20,2290.0,"현대건설,  서한",한국토지주택공사,0515217077,asiad.aptner.com,아파트,부산광역시 해운대구 선수촌로 122,위탁관리,계단식,20020624,0515217079,2290,206222.45,467.0,908.0,915.0,0.0,206222.45,25,25,2,0,48037,위탁관리,15,(주)삼성T.M.S,위탁관리,21,비엔에이서비스,위탁관리,20,음식물쓰레기종량제,위탁관리,3,분무식,철근콘크리트구조,8600,단일계약,상주선임,GR형,부스타방식,위탁관리,55,535,2384,유,439,"관리사무소, 노인정, 보육시설, 주민공동시설, 어린이놀이터, 휴게시설, 자전거보관소",5분이내,동해선,,,관공서(반여1동사무소) 대형상가(탑마트) 공원(아시아공원) 기타(반여농산물도매시장),"초등학교(인지초등학교, 장산초등학교) 중학교(인지중학교) 고등학교(반여고등학교)",0,29,Y
2026-08,A61272011,반여현대그린아파트,해운대구,반여동,600.0,0,0,0.0,0.0,0.0,0.0,0.0,,,,,True,산정 불완전,평형별 세대수 보완 필요,c38eb7731a2edbf2c405dc922468ded84aa651100a03e86668e60fb8b6b0b8e7,[],현재 확보 자료로 재구성한 과거 추정치; 과거 세대 구성 미확인,False,555b475dcef496b2254b825ba10b0724d7994196dba4c4e18f34e7f5aa4db599,54cb25d3544257419c8c9faa1ee168a8848dbea69689888cc0985fdd2c7a4797,5fb6c1e071a73763f6eb52e67a11f05f6d609819ae4f39c925745faf40f5b4fd,8b30a9aec44c70f7b04a7800,2026-09-17T13:53:18.573481+09:00,반여현대그린아파트,2635010300,부산광역시,해운대구,반여동,,부산광역시 해운대구 반여동 1411-10 반여현대그린아파트,분양,중앙난방,57318.223,6,600.0,연합철강공업(주),연합철강공업(주),0515316036,www.joyapt.com/255,아파트,부산광역시 해운대구 선수촌로21번길 65,위탁관리,계단식,19860531,0515316037,600,57018.0,90.0,420.0,90.0,0.0,46361.7,15,15,1,19,48043,위탁관리,7,(주)삼성T.M.S,위탁관리,6,삼성TMS,위탁관리,4,음식물쓰레기종량제,위탁관리,4,분무식,철근콘크리트구조,1100,종합계약,상주선임,P형,고가수조식,위탁관리,19,412,0,무,51,"관리사무소, 어린이놀이터, 자전거보관소",5~10분이내,동해선,,15~20분이내,"관공서(반여1동사무소) 병원(최성철내과소아과,바른정내과) 백화점(센텀롯데,신세계백화점) 대형상가(홈플러스 반여점)",초등학교(장산초등학교) 중학교(장산중학교) 고등학교(반여고),3,0,Y
2026-08,A61279802,일동미라주,해운대구,반여동,564.0,0,0,0.0,0.0,0.0,0.0,0.0,,,,,True,산정 불완전,평형별 세대수 보완 필요,c38eb7731a2edbf2c405dc922468ded84aa651100a03e86668e60fb8b6b0b8e7,[],현재 확보 자료로 재구성한 과거 추정치; 과거 세대 구성 미확인,False,555b475dcef496b2254b825ba10b0724d7994196dba4c4e18f34e7f5aa4db599,54cb25d3544257419c8c9faa1ee168a8848dbea69689888cc0985fdd2c7a4797,5fb6c1e071a73763f6eb52e67a11f05f6d609819ae4f39c925745faf40f5b4fd,8b30a9aec44c70f7b04a7800,2026-09-17T13:53:18.573481+09:00,일동미라주,2635010300,부산광역시,해운대구,반여동,,부산광역시 해운대구 반여동 1192-3 일동미라주,분양,개별난방,57544.0,5,564.0,(주)일동,(주)일동,0515263988, ,아파트,부산광역시 해운대구 삼어로 77,위탁관리,계단식,20010630,0515263989,564,44747.195,564.0,0.0,0.0,0.0,32131.3056,25,25,2,13,48045,위탁관리,5,목송산업개발(주),위탁관리,4,목평인력개발(주),위탁관리,4,음식물쓰레기종량제,위탁관리,6,분무식,철근콘크리트구조,1750,단일계약,상주선임,R형,고가수조식,위탁관리,26,96,333,무,87,"관리사무소, 노인정, 보육시설, 어린이놀이터, 자전거보관소",5~10분이내,4호선,,20분초과,관공서(반여1동사무소) 대형상가(탑마트) 기타(반여농산물도매시장),초등학교(반안초등학교) 중학교(반안중학교) 고등학교(부산골프고등학교),0,9,Y
2026-08,A61279804,센텀SK뷰,해운대구,반여동,1374.0,0,0,0.0,0.0,0.0,0.0,0.0,,,,,True,산정 불완전,평형별 세대수 보완 필요,c38eb7731a2edbf2c405dc922468ded84aa651100a03e86668e60fb8b6b0b8e7,[],현재 확보 자료로 재구성한 과거 추정치; 과거 세대 구성 미확인,False,555b475dcef496b2254b825ba10b0724d7994196dba4c4e18f34e7f5aa4db599,54cb25d3544257419c8c9faa1ee168a8848dbea69689888cc0985fdd2c7a4797,5fb6c1e071a73763f6eb52e67a11f05f6d609819ae4f39c925745faf40f5b4fd,8b30a9aec44c70f7b04a7800,2026-09-17T13:53:18.573481+09:00,센텀SK뷰,2635010300,부산광역시,해운대구,반여동,,부산광역시 해운대구 반여동 1174-1 센텀SK뷰,분양,개별난방,201906.0,17,1374.0,SK건설,SK건설,0515210506,www.hebibi.com,아파트,부산광역시 해운대구 삼어로 55,위탁관리,계단식,20010531,0519150506,1374,152357.28,318.0,630.0,376.0,50.0,121237.9,25,25,3,30,48046,위탁관리,10,(주)하나종합관리,위탁관리,20,부경공영(주),위탁관리,14,차량수거방식,위탁관리,4,"분무식,기구부착식",철근콘크리트구조,3550,단일계약,상주선임,R형,고가수조식,위탁관리,36,204,1506,무,294,"관리사무소, 노인정, 보육시설, 문고, 주민공동시설, 어린이놀이터, 커뮤니티공간, 자전거보관소",5분이내,,,,,,51,35,Y
2026-08,A61281117,센텀대림,해운대구,반여동,1500.0,0,0,0.0,0.0,0.0,0.0,0.0,,,,,True,산정 불완전,평형별 세대수 보완 필요,c38eb7731a2edbf2c405dc922468ded84aa651100a03e86668e60fb8b6b0b8e7,[],현재 확보 자료로 재구성한 과거 추정치; 과거 세대 구성 미확인,False,555b475dcef496b2254b825ba10b0724d7994196dba4c4e18f34e7f5aa4db599,54cb25d3544257419c8c9faa1ee168a8848dbea69689888cc0985fdd2c7a4797,5fb6c1e071a73763f6eb52e67a11f05f6d609819ae4f39c925745faf40f5b4fd,8b30a9aec44c70f7b04a7800,2026-09-17T13:53:18.573481+09:00,센텀대림,2635010300,부산광역시,해운대구,반여동,,부산광역시 해운대구 반여동 1199-11 센텀대림,분양,개별난방,186148.0,10,1500.0,(주)대림건설,삼해공업(주),0515249427,www.hebibi.com,아파트,부산광역시 해운대구 선수촌로 95,위탁관리,계단식,19960819,0515245622,1500,153963.52,600.0,616.0,284.0,0.0,124389.8,25,25,0,32,48038,위탁관리,9,목송산업개발(주),위탁관리,10,(주)하나종합관리,위탁관리,16,음식물쓰레기종량제,위탁관리,8,분무식,철근콘크리트구조,3450,단일계약,상주선임,R형,고가수조식,위탁관리,32,485,958,무,241,"관리사무소, 노인정, 주민공동시설, 어린이놀이터",5분이내,,,,관공서(반여1동사무소) 병원(권순완소아과의원) 대형상가(탑스토아할인매장),"초등학교(장산, 반석) 중학교(장산중학교)",20,10,Y
2026-08,A10026557,센텀리슈빌 아파트,해운대구,재송동,753.0,0,0,0.0,0.0,0.0,0.0,0.0,,,,,True,산정 불완전,평형별 세대수 보완 필요,c38eb7731a2edbf2c405dc922468ded84aa651100a03e86668e60fb8b6b0b8e7,[],현재 확보 자료로 재구성한 과거 추정치; 과거 세대 구성 미확인,False,555b475dcef496b2254b825ba10b0724d7994196dba4c4e18f34e7f5aa4db599,54cb25d3544257419c8c9faa1ee168a8848dbea69689888cc0985fdd2c7a4797,5fb6c1e071a73763f6eb52e67a11f05f6d609819ae4f39c925745faf40f5b4fd,8b30a9aec44c70f7b04a7800,2026-09-17T13:53:18.573481+09:00,센텀리슈빌 아파트,2635010400,부산광역시,해운대구,재송동,,부산광역시 해운대구 재송동 938 센텀리슈빌 아파트,분양,개별난방,110529.0,8,0.0,계룡건설,재송2구역 주택재개발정비사업 조합,0517843830, ,아파트,부산광역시 해운대구 해운대로76번길 40,위탁관리,혼합식,20171222,0517843831,753,82334.04,0.0,0.0,0.0,0.0,122274.6912,34,34,2,14,48047,위탁관리,9,(주)하나종합관리,위탁관리,6,sk쉴더스,위탁관리,9,음식물쓰레기종량제,위탁관리,3,분무식,철근콘크리트구조,2810,단일계약,상주선임,R형,부스타방식,위탁관리,14,0,855,유,184,"관리사무소, 노인정, 보육시설, 문고, 주민공동시설, 어린이놀이터, 휴게시설, 유치원, 커뮤니티공간, 자전거보관소, 기타",5~10분이내,동해선,,,,,0,5,Y
2026-08,A61205002,센텀동부센트레빌아파트,해운대구,재송동,703.0,0,0,0.0,0.0,0.0,0.0,0.0,,,,,True,산정 불완전,평형별 세대수 보완 필요,c38eb7731a2edbf2c405dc922468ded84aa651100a03e86668e60fb8b6b0b8e7,[],현재 확보 자료로 재구성한 과거 추정치; 과거 세대 구성 미확인,False,555b475dcef496b2254b825ba10b0724d7994196dba4c4e18f34e7f5aa4db599,54cb25d3544257419c8c9faa1ee168a8848dbea69689888cc0985fdd2c7a4797,5fb6c1e071a73763f6eb52e67a11f05f6d609819ae4f39c925745faf40f5b4fd,8b30a9aec44c70f7b04a7800,2026-09-17T13:53:18.573481+09:00,센텀동부센트레빌아파트,2635010400,부산광역시,해운대구,재송동,,부산광역시 해운대구 재송동 380-1 센텀동부센트레빌아파트,분양,개별난방,117410.45,7,703.0,동부건설,동부부산개발(유),0517840067, ,아파트,부산광역시 해운대구 해운대로161번길 12,위탁관리,혼합식,20060830,0517840068,703,81333.28,0.0,635.0,68.0,0.0,61949.9256,25,25,4,20,48056,위탁관리,6,(주)명건,위탁관리,8,케이티텔레캅(주),위탁관리,8,음식물쓰레기종량제,위탁관리,9,분무식,철근콘크리트구조,2750,종합계약,상주선임,R형,부스타방식,위탁관리,40,7,825,유,152,"관리사무소, 노인정, 보육시설, 문고, 자전거보관소",5분이내,,,,관공서(재송1동사무소) 병원(금호한의원) 대형상가(하이마트) 기타(해운대종합복지관),초등학교(센텀초등학교),0,7,Y
2026-08,A61205003,더샵센텀스타,해운대구,재송동,629.0,0,0,0.0,0.0,0.0,0.0,0.0,,,,,True,산정 불완전,평형별 세대수 보완 필요,c38eb7731a2edbf2c405dc922468ded84aa651100a03e86668e60fb8b6b0b8e7,[],현재 확보 자료로 재구성한 과거 추정치; 과거 세대 구성 미확인,False,555b475dcef496b2254b825ba10b0724d7994196dba4c4e18f34e7f5aa4db599,54cb25d3544257419c8c9faa1ee168a8848dbea69689888cc0985fdd2c7a4797,5fb6c1e071a73763f6eb52e67a11f05f6d609819ae4f39c925745faf40f5b4fd,8b30a9aec44c70f7b04a7800,2026-09-17T13:53:18.573481+09:00,더샵센텀스타,2635010400,부산광역시,해운대구,재송동,,부산광역시 해운대구 재송동 1196 더샵센텀스타,분양,중앙난방,206165.72,3,629.0,포스코,세진메이즈(포스코),0517835500,centumstar.co.kr,주상복합,부산광역시 해운대구 센텀동로 123,위탁관리,혼합식,20081127,0519025500,629,115794.73,0.0,0.0,227.0,402.0,88028.98,60,60,5,25,48050,위탁관리,18,(주)디이씨오,위탁관리,17,케이티텔레캅주식회사,위탁관리,20,차량수거방식,위탁관리,6,분무식,철근콘크리트구조,8450,종합계약,상주선임,R형,부스타방식,위탁관리,28,4,1846,유,347,"관리사무소, 어린이놀이터, 휴게시설, 커뮤니티공간, 자전거보관소, 기타",5분이내,동해선,,15~20분이내,"백화점(신세계백화점, 롯데백화점) 대형상가(하이마트, 홈플러스) 기타(영화의전당)",초등학교(센텀초등학교) 중학교(센텀중학교) 고등학교(센텀고등학교),0,43,Y
2026-08,A61271204,더샵센텀파크1차,해운대구,재송동,2752.0,0,0,0.0,0.0,0.0,0.0,0.0,,,,,True,산정 불완전,평형별 세대수 보완 필요,c38eb7731a2edbf2c405dc922468ded84aa651100a03e86668e60fb8b6b0b8e7,[],현재 확보 자료로 재구성한 과거 추정치; 과거 세대 구성 미확인,False,555b475dcef496b2254b825ba10b0724d7994196dba4c4e18f34e7f5aa4db599,54cb25d3544257419c8c9faa1ee168a8848dbea69689888cc0985fdd2c7a4797,5fb6c1e071a73763f6eb52e67a11f05f6d609819ae4f39c925745faf40f5b4fd,8b30a9aec44c70f7b04a7800,2026-09-17T13:53:18.573481+09:00,더샵센텀파크1차,2635010400,부산광역시,해운대구,재송동,,부산광역시 해운대구 재송동 1200 더샵센텀파크1차,분양,개별난방,492485.5,14,2752.0,포스코건설(주),(주)백송건설,0517444747,www.thesharpcentumpark.co.kr/index.html?d_goamin=danji1,아파트,부산광역시 해운대구 센텀중앙로 145,위탁관리,혼합식,20051026,0519150871,2752,414050.0,0.0,1042.0,1136.0,574.0,313720.197,51,51,0,48,48050,위탁관리,26,우리관리(주),위탁관리,24,SK쉴더스(주),위탁관리,41,음식물쓰레기종량제,위탁관리,4,"도포식,분무식,기구부착식",철근콘크리트구조,12200,종합계약,상주선임,R형,부스타방식,위탁관리,50,4599,0,유,678,,5분이내,,,5~10분이내,"관공서(재송1동사무소) 병원(이레소아과) 백화점(롯데백화점, 신세계백화점) 대형상가(하이마트) 공원(나루공원) 기타(해운대종합복지관)",초등학교(센텀초등학교) 중학교(센텀중학교) 고등학교(센텀고등학교),112,80,Y
2026-08,A61271302,더샵센텀파크2차,해운대구,재송동,998.0,0,0,0.0,0.0,0.0,0.0,0.0,,,,,True,산정 불완전,평형별 세대수 보완 필요,c38eb7731a2edbf2c405dc922468ded84aa651100a03e86668e60fb8b6b0b8e7,[],현재 확보 자료로 재구성한 과거 추정치; 과거 세대 구성 미확인,False,555b475dcef496b2254b825ba10b0724d7994196dba4c4e18f34e7f5aa4db599,54cb25d3544257419c8c9faa1ee168a8848dbea69689888cc0985fdd2c7a4797,5fb6c1e071a73763f6eb52e67a11f05f6d609819ae4f39c925745faf40f5b4fd,8b30a9aec44c70f7b04a7800,2026-09-17T13:53:18.573481+09:00,더샵센텀파크2차,2635010400,부산광역시,해운대구,재송동,,부산광역시 해운대구 재송동 1197 더샵센텀파크2차,분양,개별난방,171180.8,6,998.0,포스코,포스코,0517443366,www.thesharpcentumpark.com,아파트,부산광역시 해운대구 센텀중앙로 142,위탁관리,계단식,20051209,0519160220,998,101410.05,0.0,428.0,570.0,0.0,101410.05,50,50,2,9,48050,위탁관리,10,남부공영(주),위탁관리,10,SK쉴더스(주),위탁관리,13,음식물쓰레기종량제,위탁관리,3,분무식,철근콘크리트구조,3900,종합계약,상주선임,R형,부스타방식,위탁관리,18,680,731,무,240,"관리사무소, 노인정, 보육시설, 주민공동시설, 어린이놀이터, 커뮤니티공간, 자전거보관소, 기타",5분이내,동해선,센텀역,5분이내,"관공서(재송1동사무소) 병원(효성시티병원) 백화점(롯데백화점,신세계백화점) 대형상가(롯데마트,이마트,디지털프라자,LG베스트샵,하이마트) 공원(나루공원) 기타(해운대종합복지관)",초등학교(센텀초등학교) 중학교(센텀중학교) 고등학교(센텀고등학교),5,24,Y
2026-08,A61274815,센텀(재송)삼익,해운대구,재송동,936.0,0,0,0.0,0.0,0.0,0.0,0.0,,,,,True,산정 불완전,평형별 세대수 보완 필요,c38eb7731a2edbf2c405dc922468ded84aa651100a03e86668e60fb8b6b0b8e7,[],현재 확보 자료로 재구성한 과거 추정치; 과거 세대 구성 미확인,False,555b475dcef496b2254b825ba10b0724d7994196dba4c4e18f34e7f5aa4db599,54cb25d3544257419c8c9faa1ee168a8848dbea69689888cc0985fdd2c7a4797,5fb6c1e071a73763f6eb52e67a11f05f6d609819ae4f39c925745faf40f5b4fd,8b30a9aec44c70f7b04a7800,2026-09-17T13:53:18.573481+09:00,센텀(재송)삼익,2635010400,부산광역시,해운대구,재송동,,부산광역시 해운대구 재송동 1023 센텀(재송)삼익,분양,개별난방,59011.0,3,936.0,삼익건설,삼익건설,0517819589,없음,아파트,부산광역시 해운대구 해운대로61번가길 6,자치관리,복도식,19810730,0517843234,936,58486.22,637.0,299.0,0.0,0.0,53982.902,13,13,2,6,48051,자치관리,9,,위탁관리,9,(주)삼성보안공사,위탁관리(직영+위탁),4,차량수거방식,위탁관리,3,분무식,철골철근콘크리트구조,2275,종합계약,상주선임,P형,고가수조식,위탁관리,6,436,0,무,24,"관리사무소, 노인정, 어린이놀이터, 자전거보관소",5분이내,동해선,,5분이내,,,9,0,Y
2026-08,A61278214,센텀우신골든빌,해운대구,재송동,846.0,0,0,0.0,0.0,0.0,0.0,0.0,,,,,True,산정 불완전,평형별 세대수 보완 필요,c38eb7731a2edbf2c405dc922468ded84aa651100a03e86668e60fb8b6b0b8e7,[],현재 확보 자료로 재구성한 과거 추정치; 과거 세대 구성 미확인,False,555b475dcef496b2254b825ba10b0724d7994196dba4c4e18f34e7f5aa4db599,54cb25d3544257419c8c9faa1ee168a8848dbea69689888cc0985fdd2c7a4797,5fb6c1e071a73763f6eb52e67a11f05f6d609819ae4f39c925745faf40f5b4fd,8b30a9aec44c70f7b04a7800,2026-09-17T13:53:18.573481+09:00,센텀우신골든빌,2635010400,부산광역시,해운대구,재송동,,부산광역시 해운대구 재송동 1048-3 센텀우신골든빌,분양,개별난방,94614.57,8,846.0,우신건설,우신건설,0517835630,www.hebibi.com/2661,아파트,부산광역시 해운대구 재반로125번길 30,위탁관리,계단식,20061026,0517835631,855,77907.48,327.0,519.0,0.0,0.0,60526.4134,23,23,0,20,48054,위탁관리,6,(주)썬앤문,위탁관리,8,(주)썬앤문,위탁관리,9,음식물쓰레기종량제,위탁관리,4,"도포식,분무식",철골철근콘크리트구조,2700,단일계약,상주선임,R형,부스타방식,위탁관리,20,274,507,무,154,"관리사무소, 노인정, 보육시설, 문고, 어린이놀이터, 자전거보관소, 기타",5분이내,동해선,,15~20분이내,,,0,9,Y
2026-08,A61281512,센텀피오레1차,해운대구,재송동,774.0,0,0,0.0,0.0,0.0,0.0,0.0,,,,,True,산정 불완전,평형별 세대수 보완 필요,c38eb7731a2edbf2c405dc922468ded84aa651100a03e86668e60fb8b6b0b8e7,[],현재 확보 자료로 재구성한 과거 추정치; 과거 세대 구성 미확인,False,555b475dcef496b2254b825ba10b0724d7994196dba4c4e18f34e7f5aa4db599,54cb25d3544257419c8c9faa1ee168a8848dbea69689888cc0985fdd2c7a4797,5fb6c1e071a73763f6eb52e67a11f05f6d609819ae4f39c925745faf40f5b4fd,8b30a9aec44c70f7b04a7800,2026-09-17T13:53:18.573481+09:00,센텀피오레1차,2635010400,부산광역시,해운대구,재송동,,부산광역시 해운대구 재송동 1302 센텀피오레1차,분양,개별난방,105855.0,9,774.0,주식회사 대주건설,대주건설,0517811177, ,아파트,부산광역시 해운대구 수영강변대로 382,위탁관리,계단식,20050818,0517816633,786,83275.74,0.0,774.0,0.0,0.0,64203.2532,25,25,2,16,48047,위탁관리,6,(주)명건,위탁관리,8,(주)목평인력개발,위탁관리,7,음식물쓰레기종량제,위탁관리,4,"도포식,분무식",철근콘크리트구조,2500,단일계약,상주선임,R형,부스타방식,위탁관리,16,165,690,유,100,"관리사무소, 노인정, 보육시설, 주민공동시설, 어린이놀이터, 자전거보관소",5~10분이내,동해선,,5~10분이내,병원(안락),초등학교(신재) 중학교(남일),0,17,Y
2026-08,A61283211,재송그린,해운대구,재송동,560.0,0,0,0.0,0.0,0.0,0.0,0.0,,,,,True,산정 불완전,평형별 세대수 보완 필요,c38eb7731a2edbf2c405dc922468ded84aa651100a03e86668e60fb8b6b0b8e7,[],현재 확보 자료로 재구성한 과거 추정치; 과거 세대 구성 미확인,False,555b475dcef496b2254b825ba10b0724d7994196dba4c4e18f34e7f5aa4db599,54cb25d3544257419c8c9faa1ee168a8848dbea69689888cc0985fdd2c7a4797,5fb6c1e071a73763f6eb52e67a11f05f6d609819ae4f39c925745faf40f5b4fd,8b30a9aec44c70f7b04a7800,2026-09-17T13:53:18.573481+09:00,재송그린,2635010400,부산광역시,해운대구,재송동,,부산광역시 해운대구 재송동 1146-1 재송그린,분양,개별난방,31915.0,11,560.0,도시개발공사,부산시,0517811848, ,아파트,부산광역시 해운대구 재반로118번길 71,자치관리,계단식,19840423,0517811844,566,30611.568,560.0,0.0,0.0,0.0,27672.6,5,5,0,0,48053,자치관리,4,,자치관리,0,,자치관리,2,차량수거방식,자치관리,5,분무식,철근콘크리트구조,0,기타,선정안함,기타,수도직결식,,0,350,0,무,12,"관리사무소, 노인정, 어린이놀이터",5분이내,2호선,,10~15분이내,,,2,0,Y
2026-08,A61283410,센텀동국아파트,해운대구,재송동,536.0,0,0,0.0,0.0,0.0,0.0,0.0,,,,,True,산정 불완전,평형별 세대수 보완 필요,c38eb7731a2edbf2c405dc922468ded84aa651100a03e86668e60fb8b6b0b8e7,[],현재 확보 자료로 재구성한 과거 추정치; 과거 세대 구성 미확인,False,555b475dcef496b2254b825ba10b0724d7994196dba4c4e18f34e7f5aa4db599,54cb25d3544257419c8c9faa1ee168a8848dbea69689888cc0985fdd2c7a4797,5fb6c1e071a73763f6eb52e67a11f05f6d609819ae4f39c925745faf40f5b4fd,8b30a9aec44c70f7b04a7800,2026-09-17T13:53:18.573481+09:00,센텀동국아파트,2635010400,부산광역시,해운대구,재송동,,부산광역시 해운대구 재송동 1182-1 센텀동국아파트,분양,개별난방,58445.48,3,536.0,동국산업,동국,0517841063, ,아파트,부산광역시 해운대구 재송2로 91,자치관리,계단식,19930730,0519155261,536,57520.664,136.0,400.0,0.0,0.0,42082.7,17,17,3,16,48052,자치관리,4,,위탁관리,5,경동기업,위탁관리,1,차량수거방식,위탁관리,3,분무식,철근콘크리트구조,625,기타,위탁선임,P형,부스타방식,위탁관리,16,309,141,무,69,"관리사무소, 노인정, 주민공동시설, 어린이놀이터, 자전거보관소",5~10분이내,2호선,센텀시티역,20분초과,"관공서(부산지법동부지원) 병원(효성시티병원) 백화점(롯데백화점, 신세계백화점) 대형상가(홈플러스)",초등학교(반산초등학교) 중학교(재송중학교) 고등학교(센텀고등학교),14,5,Y
2026-08,A61286403,센텀이편한세상,해운대구,재송동,1190.0,0,0,0.0,0.0,0.0,0.0,0.0,,,,,True,산정 불완전,평형별 세대수 보완 필요,c38eb7731a2edbf2c405dc922468ded84aa651100a03e86668e60fb8b6b0b8e7,[],현재 확보 자료로 재구성한 과거 추정치; 과거 세대 구성 미확인,False,555b475dcef496b2254b825ba10b0724d7994196dba4c4e18f34e7f5aa4db599,54cb25d3544257419c8c9faa1ee168a8848dbea69689888cc0985fdd2c7a4797,5fb6c1e071a73763f6eb52e67a11f05f6d609819ae4f39c925745faf40f5b4fd,8b30a9aec44c70f7b04a7800,2026-09-17T13:53:18.573481+09:00,센텀이편한세상,2635010400,부산광역시,해운대구,재송동,,부산광역시 해운대구 재송동 939-2 센텀이편한세상,분양,개별난방,162453.9,11,1190.0,(주)대림,다우썸,0517830421,ecentum.aptner.com,아파트,부산광역시 해운대구 해운대로76번길 55,위탁관리,혼합식,20060218,0517830422,1190,130743.02,0.0,1104.0,86.0,0.0,100245.903,31,31,1,23,48048,위탁관리,9,(주)썬앤문,위탁관리,6,(주)듀델코리아,위탁관리,13,음식물쓰레기종량제,위탁관리,4,"분무식,기구부착식",철근콘크리트구조,3500,단일계약,상주선임,R형,부스타방식,위탁관리,23,470,846,유,245,"관리사무소, 노인정, 보육시설, 문고, 주민공동시설, 어린이놀이터, 휴게시설, 커뮤니티공간, 자전거보관소",5~10분이내,동해선,,,"관공서(부산지법동부지원) 병원(조성호정형외과의원) 대형상가(홈플러스, 이마트 트레이더스)",초등학교(송수초등학교),0,13,Y
2026-08,A10022568,해운대 경동리인뷰2차,해운대구,우동,632.0,0,0,0.0,0.0,0.0,0.0,0.0,,,,,True,산정 불완전,평형별 세대수 보완 필요,c38eb7731a2edbf2c405dc922468ded84aa651100a03e86668e60fb8b6b0b8e7,[],현재 확보 자료로 재구성한 과거 추정치; 과거 세대 구성 미확인,False,555b475dcef496b2254b825ba10b0724d7994196dba4c4e18f34e7f5aa4db599,54cb25d3544257419c8c9faa1ee168a8848dbea69689888cc0985fdd2c7a4797,5fb6c1e071a73763f6eb52e67a11f05f6d609819ae4f39c925745faf40f5b4fd,8b30a9aec44c70f7b04a7800,2026-09-17T13:53:18.573481+09:00,해운대 경동리인뷰2차,2635010500,부산광역시,해운대구,우동,,부산광역시 해운대구 우동 1565 해운대 경동리인뷰2차,분양,개별난방,108187.0,4,632.0,(주)경동건설,(주)아트만,0517479912, ,주상복합,부산광역시 해운대구 구남로 21,위탁관리,혼합식,20240604,0517479914,632,73997.33,0.0,632.0,0.0,0.0,51944.6338,45,45,6,14,48095,위탁관리,10,남부공영(주),위탁관리,4,목평인력개발,위탁관리,9,음식물쓰레기종량제,위탁관리,3,,철골콘크리트구조,4300,종합계약,상주선임,R형,부스타방식,위탁관리,14,0,812,유,264,"관리사무소, 노인정, 주민공동시설, 어린이놀이터, 휴게시설, 커뮤니티공간, 자전거보관소",5분이내,2호선,,5분이내,"관공서(해운대구청) 병원(부민병원,해운대백병원)",,0,18,Y
2026-08,A10023542,해운대센트럴푸르지오,해운대구,우동,548.0,0,0,0.0,0.0,0.0,0.0,0.0,,,,,True,산정 불완전,평형별 세대수 보완 필요,c38eb7731a2edbf2c405dc922468ded84aa651100a03e86668e60fb8b6b0b8e7,[],현재 확보 자료로 재구성한 과거 추정치; 과거 세대 구성 미확인,False,555b475dcef496b2254b825ba10b0724d7994196dba4c4e18f34e7f5aa4db599,54cb25d3544257419c8c9faa1ee168a8848dbea69689888cc0985fdd2c7a4797,5fb6c1e071a73763f6eb52e67a11f05f6d609819ae4f39c925745faf40f5b4fd,8b30a9aec44c70f7b04a7800,2026-09-17T13:53:18.573481+09:00,해운대센트럴푸르지오,2635010500,부산광역시,해운대구,우동,,부산광역시 해운대구 우동 587-1 해운대센트럴푸르지오,분양,개별난방,87146.96,3,548.0,대우건설,(주)케이앤투자개발,0517468552, ,주상복합,부산광역시 해운대구 해운대로 650,위탁관리,계단식,20230120,0517468553,548,62232.16,0.0,548.0,0.0,0.0,46401.6332,49,49,6,11,48095,위탁관리,6,(주)디이씨오,위탁관리,4,(주)디이씨오,위탁관리,8,음식물쓰레기종량제,위탁관리,3,분무식,철근콘크리트구조,2500,종합계약,상주선임,R형,부스타방식,위탁관리,11,0,603,유,241,,5분이내,,,5분이내,,,0,19,Y
2026-08,A10025214,해운대비스타동원,해운대구,우동,504.0,0,0,0.0,0.0,0.0,0.0,0.0,,,,,True,산정 불완전,평형별 세대수 보완 필요,c38eb7731a2edbf2c405dc922468ded84aa651100a03e86668e60fb8b6b0b8e7,[],현재 확보 자료로 재구성한 과거 추정치; 과거 세대 구성 미확인,False,555b475dcef496b2254b825ba10b0724d7994196dba4c4e18f34e7f5aa4db599,54cb25d3544257419c8c9faa1ee168a8848dbea69689888cc0985fdd2c7a4797,5fb6c1e071a73763f6eb52e67a11f05f6d609819ae4f39c925745faf40f5b4fd,8b30a9aec44c70f7b04a7800,2026-09-17T13:53:18.573481+09:00,해운대비스타동원,2635010500,부산광역시,해운대구,우동,,부산광역시 해운대구 우동 1549 해운대비스타동원,분양,개별난방,102102.0,2,504.0,(주)동원개발,(주)동원개발,0517449790, ,주상복합,부산광역시 해운대구 해운대로 663,위탁관리,계단식,20191030,0517449791,504,61778.184,0.0,420.0,84.0,0.0,44476.866,45,45,7,0,48086,위탁관리,6,(주)디이씨오,위탁관리,6,(주)에스원,위탁관리,7,음식물쓰레기종량제,위탁관리,3,"분무식,기구부착식",철근콘크리트구조,3800,단일계약,상주선임,GR형,부스타방식,위탁관리,9,0,542,유,213,"관리사무소, 노인정, 보육시설, 문고, 주민공동시설, 어린이놀이터, 커뮤니티공간, 자전거보관소",5분이내,2호선,,5~10분이내,,"초등학교(해동초등학교 740-7200) 중학교(해운대중학교 742-0315, 해운대여자중학교 746-2948) 고등학교(해운대고등학교 742-0312, 해운대여자고등학교 741-6813)",0,10,Y
2026-08,A10026484,해운대 자이2차,해운대구,우동,813.0,0,0,0.0,0.0,0.0,0.0,0.0,,,,,True,산정 불완전,평형별 세대수 보완 필요; 임대·혼합 또는 분양 범위 미확인,c38eb7731a2edbf2c405dc922468ded84aa651100a03e86668e60fb8b6b0b8e7,[],현재 확보 자료로 재구성한 과거 추정치; 과거 세대 구성 미확인,False,555b475dcef496b2254b825ba10b0724d7994196dba4c4e18f34e7f5aa4db599,54cb25d3544257419c8c9faa1ee168a8848dbea69689888cc0985fdd2c7a4797,5fb6c1e071a73763f6eb52e67a11f05f6d609819ae4f39c925745faf40f5b4fd,8b30a9aec44c70f7b04a7800,2026-09-17T13:53:18.573481+09:00,해운대 자이2차,2635010500,부산광역시,해운대구,우동,,부산광역시 해운대구 우동 1536 해운대 자이2차,혼합,개별난방,121284.46,8,813.0,GS건설,우동6구역재개발조합,0517427871, ,아파트,부산광역시 해운대구 해운대로469번길 110,위탁관리,혼합식,20180130,0517427872,813,82017.39,202.0,611.0,0.0,0.0,62153.0119,33,33,3,17,48063,위탁관리,7,(주)명건,위탁관리,6,(주)에스원,위탁관리,9,거점장비수거방식,위탁관리,4,분무식,철근콘크리트구조,5466,단일계약,상주선임,GR형,부스타방식,위탁관리,17,9,853,유,217,"관리사무소, 노인정, 보육시설, 주민공동시설, 어린이놀이터, 자전거보관소",5분이내,2호선,부산지하철,5~10분이내,관공서(우2동 주민센터) 병원(굿팀메디컬센터),초등학교(해림초등학교) 고등학교(해운대공업고등학교),0,19,Y
2026-08,A61202004,트럼프월드센텀,해운대구,우동,564.0,0,0,0.0,0.0,0.0,0.0,0.0,,,,,True,산정 불완전,평형별 세대수 보완 필요,c38eb7731a2edbf2c405dc922468ded84aa651100a03e86668e60fb8b6b0b8e7,[],현재 확보 자료로 재구성한 과거 추정치; 과거 세대 구성 미확인,False,555b475dcef496b2254b825ba10b0724d7994196dba4c4e18f34e7f5aa4db599,54cb25d3544257419c8c9faa1ee168a8848dbea69689888cc0985fdd2c7a4797,5fb6c1e071a73763f6eb52e67a11f05f6d609819ae4f39c925745faf40f5b4fd,8b30a9aec44c70f7b04a7800,2026-09-17T13:53:18.573481+09:00,트럼프월드센텀,2635010500,부산광역시,해운대구,우동,,부산광역시 해운대구 우동 1498 트럼프월드센텀,분양,개별난방,125513.59,4,564.0,대우건설,미래개발,0517445703,www.twcentum.com,주상복합,부산광역시 해운대구 센텀동로 9,위탁관리,계단식,20060728,0517445704,564,75942.12,0.0,252.0,307.0,5.0,57924.22,38,38,3,2,48059,위탁관리,10,(주)타워피엠씨,위탁관리,19,비앤에이서비스,위탁관리,10,음식물쓰레기종량제,위탁관리,5,분무식,철근콘크리트구조,4750,종합계약,상주선임,R형,부스타방식,위탁관리,12,0,937,유,114,"관리사무소, 노인정, 어린이놀이터, 커뮤니티공간, 자전거보관소",5분이내,2호선,,5분이내,관공서(해운대구청) 병원(효성시티병원) 백화점(롯데백화점) 대형상가(홈플러스) 공원(나루공원) 기타(시립미술관),초등학교(강동초등학교) 대학교(동서대학교센텀캠퍼스),0,19,Y
2026-08,A61202007,해운대두산위브더제니스,해운대구,우동,1788.0,0,0,0.0,0.0,0.0,0.0,0.0,,,,,True,산정 불완전,평형별 세대수 보완 필요,c38eb7731a2edbf2c405dc922468ded84aa651100a03e86668e60fb8b6b0b8e7,[],현재 확보 자료로 재구성한 과거 추정치; 과거 세대 구성 미확인,False,555b475dcef496b2254b825ba10b0724d7994196dba4c4e18f34e7f5aa4db599,54cb25d3544257419c8c9faa1ee168a8848dbea69689888cc0985fdd2c7a4797,5fb6c1e071a73763f6eb52e67a11f05f6d609819ae4f39c925745faf40f5b4fd,8b30a9aec44c70f7b04a7800,2026-09-17T13:53:18.573481+09:00,해운대두산위브더제니스,2635010500,부산광역시,해운대구,우동,,부산광역시 해운대구 우동 1407 해운대두산위브더제니스,분양,중앙난방,514794.56,3,1788.0,(주)두산건설,(주)대원플러스건설,0517449302,admin.aptner.com/,아파트,부산광역시 해운대구 마린시티2로 33,위탁관리,계단식,20111130,0517449305,1788,365151.12,0.0,0.0,1092.0,696.0,241276.4507,80,80,5,57,48119,위탁관리,37,우리관리(주),위탁관리,37,(주)에스텍시스템,위탁관리,42,차량수거방식,위탁관리,5,"도포식,분무식",철근콘크리트구조,18750,단일계약,상주선임,GR형,부스타방식,위탁관리,63,0,3942,유,640,"관리사무소, 노인정, 보육시설, 주민공동시설, 어린이놀이터, 휴게시설, 커뮤니티공간, 자전거보관소",5~10분이내,2호선,,5~10분이내,"대형상가(홈플러스) 공원(제니스공원, 해운대송림공원) 기타(해운대해수욕장)",초등학교(혜림),0,79,Y
2026-08,A61202009,해운대자이,해운대구,우동,1059.0,0,0,0.0,0.0,0.0,0.0,0.0,,,,,True,산정 불완전,평형별 세대수 보완 필요,c38eb7731a2edbf2c405dc922468ded84aa651100a03e86668e60fb8b6b0b8e7,[],현재 확보 자료로 재구성한 과거 추정치; 과거 세대 구성 미확인,False,555b475dcef496b2254b825ba10b0724d7994196dba4c4e18f34e7f5aa4db599,54cb25d3544257419c8c9faa1ee168a8848dbea69689888cc0985fdd2c7a4797,5fb6c1e071a73763f6eb52e67a11f05f6d609819ae4f39c925745faf40f5b4fd,8b30a9aec44c70f7b04a7800,2026-09-17T13:53:18.573481+09:00,해운대자이,2635010500,부산광역시,해운대구,우동,,부산광역시 해운대구 우동 1527 해운대자이,분양,개별난방,164533.0,11,1059.0,GS건설,우동제2구역주택재개발조합,0517313061, ,아파트,부산광역시 해운대구 해운대로 435,위탁관리,계단식,20130222,0517313082,1059,115925.695,239.0,627.0,193.0,0.0,89404.6553,25,25,0,27,48064,위탁관리,9,우리관리(주),위탁관리,12,주식회사 에스원,위탁관리,12,음식물쓰레기종량제,위탁관리,4,"도포식,분무식,기구부착식",철근콘크리트구조,6400,단일계약,상주선임,GR형,부스타방식,위탁관리,27,10,1285,유,250,"관리사무소, 노인정, 보육시설, 문고, 주민공동시설, 어린이놀이터, 휴게시설, 커뮤니티공간, 자전거보관소",5~10분이내,2호선,,5~10분이내,관공서(우2동사무소) 병원(성모의원) 백화점(신세계센텀백화점) 대형상가(홈플러스) 공원(나루공원) 기타(시립미술관),"초등학교(혜림초등학교) 중학교(해강중학교) 고등학교(해강고등학교, 문화여고)",0,7,Y
2026-08,A61202011,해운대센텀두산위브,해운대구,우동,581.0,0,0,0.0,0.0,0.0,0.0,0.0,,,,,True,산정 불완전,평형별 세대수 보완 필요; 임대·혼합 또는 분양 범위 미확인,c38eb7731a2edbf2c405dc922468ded84aa651100a03e86668e60fb8b6b0b8e7,[],현재 확보 자료로 재구성한 과거 추정치; 과거 세대 구성 미확인,False,555b475dcef496b2254b825ba10b0724d7994196dba4c4e18f34e7f5aa4db599,54cb25d3544257419c8c9faa1ee168a8848dbea69689888cc0985fdd2c7a4797,5fb6c1e071a73763f6eb52e67a11f05f6d609819ae4f39c925745faf40f5b4fd,8b30a9aec44c70f7b04a7800,2026-09-17T13:53:18.573481+09:00,해운대센텀두산위브,2635010500,부산광역시,해운대구,우동,,부산광역시 해운대구 우동 1105 해운대센텀두산위브,혼합,개별난방,96525.0,7,581.0,두산건설,해운대우동1구역주택재개발정비사업조합,0517436477, ,아파트,부산광역시 해운대구 해운대로383번길 93,위탁관리,계단식,20141114,0517436466,581,67326.945,65.0,392.0,124.0,0.0,50924.376,28,28,3,12,48062,위탁관리,6,(주)디이씨오,위탁관리,5,(주)에스케이쉴더스,위탁관리,7,차량수거방식,위탁관리,3,분무식,철골철근콘크리트구조,4250,종합계약,상주선임,R형,부스타방식,위탁관리,12,19,716,유,126,"관리사무소, 노인정, 보육시설, 문고, 주민공동시설, 어린이놀이터, 휴게시설, 커뮤니티공간, 자전거보관소",5~10분이내,"2호선, 동해선",,5~10분이내,관공서() 병원() 백화점() 대형상가() 공원(),초등학교(),0,15,Y
2026-08,A61271101,센텀삼환아파트,해운대구,우동,926.0,0,0,0.0,0.0,0.0,0.0,0.0,,,,,True,산정 불완전,평형별 세대수 보완 필요,c38eb7731a2edbf2c405dc922468ded84aa651100a03e86668e60fb8b6b0b8e7,[],현재 확보 자료로 재구성한 과거 추정치; 과거 세대 구성 미확인,False,555b475dcef496b2254b825ba10b0724d7994196dba4c4e18f34e7f5aa4db599,54cb25d3544257419c8c9faa1ee168a8848dbea69689888cc0985fdd2c7a4797,5fb6c1e071a73763f6eb52e67a11f05f6d609819ae4f39c925745faf40f5b4fd,8b30a9aec44c70f7b04a7800,2026-09-17T13:53:18.573481+09:00,센텀삼환아파트,2635010500,부산광역시,해운대구,우동,,부산광역시 해운대구 우동 1100 센텀삼환아파트,분양,개별난방,112292.87,7,926.0,삼환기업,삼환,0517470147,hebibi.com,아파트,부산광역시 해운대구 해운대로 361,위탁관리,혼합식,19960822,0517470148,926,94759.734,506.0,294.0,126.0,0.0,70828.4,19,19,0,22,48062,위탁관리,7,(주)디이씨오,위탁관리,14,(주)태협,위탁관리,7,음식물쓰레기종량제,위탁관리,4,"도포식,분무식",철근콘크리트구조,2700,단일계약,상주선임,GR형,부스타방식,위탁관리,22,352,603,무,134,"관리사무소, 노인정, 문고, 주민공동시설, 어린이놀이터, 유치원, 자전거보관소",5~10분이내,"2호선, 동해선",,5분이내,"관공서(우2동사무소) 병원(세화의원) 대형상가(삼성홈플러스) 기타(벡스코, 시립미술관)",초등학교(강동초등학교),0,20,Y
2026-08,A61274011,경남마리나아파트,해운대구,우동,624.0,0,0,0.0,0.0,0.0,0.0,0.0,,,,,True,산정 불완전,평형별 세대수 보완 필요,c38eb7731a2edbf2c405dc922468ded84aa651100a03e86668e60fb8b6b0b8e7,[],현재 확보 자료로 재구성한 과거 추정치; 과거 세대 구성 미확인,False,555b475dcef496b2254b825ba10b0724d7994196dba4c4e18f34e7f5aa4db599,54cb25d3544257419c8c9faa1ee168a8848dbea69689888cc0985fdd2c7a4797,5fb6c1e071a73763f6eb52e67a11f05f6d609819ae4f39c925745faf40f5b4fd,8b30a9aec44c70f7b04a7800,2026-09-17T13:53:18.573481+09:00,경남마리나아파트,2635010500,부산광역시,해운대구,우동,,부산광역시 해운대구 우동 1388-1 경남마리나아파트,분양,개별난방,73084.13,8,624.0,경남기업,경남기업,0517475547, ,아파트,부산광역시 해운대구 해운대해변로 99,자치관리,계단식,19960930,0517475548,624,66437.94,284.0,250.0,60.0,30.0,51252.32,15,15,1,22,48091,자치관리,6,,위탁관리,16,(주)듀델코리아,위탁관리,5,음식물쓰레기종량제,위탁관리,3,기구부착식,철근콘크리트구조,1600,단일계약,상주선임,P형,고가수조식,위탁관리,22,389,243,무,113,"관리사무소, 노인정, 보육시설, 어린이놀이터",5~10분이내,2호선,,5~10분이내,병원(맥한의원) 대형상가(홈에버할인매장),초등학교(해강초등학교),13,0,Y
2026-08,A61274013,해운대아이파크,해운대구,우동,1631.0,0,0,0.0,0.0,0.0,0.0,0.0,,,,,True,산정 불완전,평형별 세대수 보완 필요,c38eb7731a2edbf2c405dc922468ded84aa651100a03e86668e60fb8b6b0b8e7,[],현재 확보 자료로 재구성한 과거 추정치; 과거 세대 구성 미확인,False,555b475dcef496b2254b825ba10b0724d7994196dba4c4e18f34e7f5aa4db599,54cb25d3544257419c8c9faa1ee168a8848dbea69689888cc0985fdd2c7a4797,5fb6c1e071a73763f6eb52e67a11f05f6d609819ae4f39c925745faf40f5b4fd,8b30a9aec44c70f7b04a7800,2026-09-17T13:53:18.573481+09:00,해운대아이파크,2635010500,부산광역시,해운대구,우동,,부산광역시 해운대구 우동 1408 해운대아이파크,분양,중앙난방,456819.0,3,1631.0,현대산업개발(주),현대산업개발(주),0517448127,haeundaeipark.aptner.com/,주상복합,부산광역시 해운대구 마린시티2로 38,위탁관리,혼합식,20111103,0517448130,1631,299759.53,0.0,119.0,976.0,536.0,205936.254,72,72,6,0,48120,위탁관리,32,(주)하나종합관리,위탁관리,34,(주)에스텍,위탁관리,40,차량수거방식,위탁관리,5,분무식,철근콘크리트구조,15500,단일계약,상주선임,R형,부스타방식,위탁관리,52,0,3351,유,818,"관리사무소, 노인정, 주민공동시설, 어린이놀이터, 휴게시설, 커뮤니티공간, 자전거보관소",5~10분이내,2호선,,5~10분이내,기타(해운대해수욕장),초등학교(해림초),0,67,Y
2026-08,A61274114,경동마리나아파트,해운대구,우동,892.0,0,0,0.0,0.0,0.0,0.0,0.0,,,,,True,산정 불완전,평형별 세대수 보완 필요,c38eb7731a2edbf2c405dc922468ded84aa651100a03e86668e60fb8b6b0b8e7,[],현재 확보 자료로 재구성한 과거 추정치; 과거 세대 구성 미확인,False,555b475dcef496b2254b825ba10b0724d7994196dba4c4e18f34e7f5aa4db599,54cb25d3544257419c8c9faa1ee168a8848dbea69689888cc0985fdd2c7a4797,5fb6c1e071a73763f6eb52e67a11f05f6d609819ae4f39c925745faf40f5b4fd,8b30a9aec44c70f7b04a7800,2026-09-17T13:53:18.573481+09:00,경동마리나아파트,2635010500,부산광역시,해운대구,우동,,부산광역시 해운대구 우동 974 경동마리나아파트,분양,개별난방,128516.0,8,892.0,경동건설,경동건설,0517469527, ,아파트,부산광역시 해운대구 해운대해변로 85,위탁관리,계단식,19950615,0517469528,892,107827.05,315.0,321.0,112.0,144.0,85524.97,19,19,2,0,48091,위탁관리,7,(주)장천,위탁관리,6,(주)비앤에이서비스,위탁관리,8,음식물쓰레기종량제,위탁관리,3,분무식,철근콘크리트구조,2250,단일계약,상주선임,P형,고가수조식,위탁관리,28,207,755,유,72,"관리사무소, 노인정, 어린이놀이터",5분이내,"2호선, 2호선","동백, 동백",5~10분이내,병원(고려치과의원) 대형상가(홈에버) 기타(시립미술관),초등학교(해림초등학교) 고등학교(한독문화여자고등학교),0,10,Y
2026-08,A61274213,해운대롯데아파트,해운대구,우동,852.0,0,0,0.0,0.0,0.0,0.0,0.0,,,,,True,산정 불완전,평형별 세대수 보완 필요,c38eb7731a2edbf2c405dc922468ded84aa651100a03e86668e60fb8b6b0b8e7,[],현재 확보 자료로 재구성한 과거 추정치; 과거 세대 구성 미확인,False,555b475dcef496b2254b825ba10b0724d7994196dba4c4e18f34e7f5aa4db599,54cb25d3544257419c8c9faa1ee168a8848dbea69689888cc0985fdd2c7a4797,5fb6c1e071a73763f6eb52e67a11f05f6d609819ae4f39c925745faf40f5b4fd,8b30a9aec44c70f7b04a7800,2026-09-17T13:53:18.573481+09:00,해운대롯데아파트,2635010500,부산광역시,해운대구,우동,,부산광역시 해운대구 우동 938 해운대롯데아파트,분양,개별난방,144515.86,11,852.0,(주)롯데건설,(주)롯데건설,0517432526, ,아파트,부산광역시 해운대구 해운대로483번길 10,위탁관리,계단식,19930731,0517436492,852,98410.68,0.0,522.0,60.0,270.0,98410.68,15,15,0,29,48065,위탁관리,7,(주)디이씨오,위탁관리,22,(주)목평인력개발,위탁관리,7,음식물쓰레기종량제,위탁관리,9,분무식,철근콘크리트구조,2455,단일계약,상주선임,P형,부스타방식,위탁관리,29,487,666,무,126,"관리사무소, 노인정, 어린이놀이터",5~10분이내,2호선,,5분이내,병원(박진원소아과) 대형상가(홈에버) 기타(독일문화원),초등학교(해림초등학교) 고등학교(한독문화여자고등학교),0,25,Y
2026-08,A61274508,동부올림픽아파트,해운대구,우동,1680.0,0,0,0.0,0.0,0.0,0.0,0.0,,,,,True,산정 불완전,평형별 세대수 보완 필요,c38eb7731a2edbf2c405dc922468ded84aa651100a03e86668e60fb8b6b0b8e7,[],현재 확보 자료로 재구성한 과거 추정치; 과거 세대 구성 미확인,False,555b475dcef496b2254b825ba10b0724d7994196dba4c4e18f34e7f5aa4db599,54cb25d3544257419c8c9faa1ee168a8848dbea69689888cc0985fdd2c7a4797,5fb6c1e071a73763f6eb52e67a11f05f6d609819ae4f39c925745faf40f5b4fd,8b30a9aec44c70f7b04a7800,2026-09-17T13:53:18.573481+09:00,동부올림픽아파트,2635010500,부산광역시,해운대구,우동,,부산광역시 해운대구 우동 1008-5 동부올림픽아파트,분양,개별난방,224752.0,19,1680.0,동부건설,우2동 주택개발조합,0517310243, ,아파트,부산광역시 해운대구 해운대로 428,위탁관리,계단식,19990929,0517310244,1680,181421.44,360.0,920.0,400.0,0.0,145659.2,20,20,0,42,48089,위탁관리,11,(주)하나종합관리,위탁관리,20,(주)하나종합관리,위탁관리,16,음식물쓰레기종량제,위탁관리,4,분무식,철근콘크리트구조,3750,단일계약,상주선임,R형,고가수조식,위탁관리,42,619,1303,무,215,"관리사무소, 노인정, 보육시설, 어린이놀이터",5분이내,"2호선, 동해선",,5분이내,병원(성모안과병원) 대형상가(홈에버) 기타(시립미술관),초등학교(해강초등학교) 고등학교(한독문화여자고등학교),0,39,Y
2026-08,A61274707,삼호가든아파트,해운대구,우동,1076.0,0,0,0.0,0.0,0.0,0.0,0.0,,,,,True,산정 불완전,평형별 세대수 보완 필요,c38eb7731a2edbf2c405dc922468ded84aa651100a03e86668e60fb8b6b0b8e7,[],현재 확보 자료로 재구성한 과거 추정치; 과거 세대 구성 미확인,False,555b475dcef496b2254b825ba10b0724d7994196dba4c4e18f34e7f5aa4db599,54cb25d3544257419c8c9faa1ee168a8848dbea69689888cc0985fdd2c7a4797,5fb6c1e071a73763f6eb52e67a11f05f6d609819ae4f39c925745faf40f5b4fd,8b30a9aec44c70f7b04a7800,2026-09-17T13:53:18.573481+09:00,삼호가든아파트,2635010500,부산광역시,해운대구,우동,,부산광역시 해운대구 우동 1104-1 삼호가든아파트,분양,개별난방,127735.0,11,1076.0,삼호,삼호,0517435120,hebibi.com,아파트,부산광역시 해운대구 해운대로349번길 24,위탁관리,혼합식,19850112,0517417809,1076,124661.08,0.0,802.0,190.0,84.0,99775.196,15,15,0,31,48062,위탁관리,8,(주)DECO,위탁관리,24,(주)에스코아,위탁관리,8,음식물쓰레기종량제,위탁관리,4,분무식,철근콘크리트구조,2600,단일계약,상주선임,P형,고가수조식,위탁관리,31,1100,0,무,129,"관리사무소, 노인정, 어린이놀이터, 유치원",5~10분이내,"2호선, 동해선",,5~10분이내,,,0,0,Y
2026-08,A61278912,대우마리나3차아파트,해운대구,우동,750.0,0,0,0.0,0.0,0.0,0.0,0.0,,,,,True,산정 불완전,평형별 세대수 보완 필요,c38eb7731a2edbf2c405dc922468ded84aa651100a03e86668e60fb8b6b0b8e7,[],현재 확보 자료로 재구성한 과거 추정치; 과거 세대 구성 미확인,False,555b475dcef496b2254b825ba10b0724d7994196dba4c4e18f34e7f5aa4db599,54cb25d3544257419c8c9faa1ee168a8848dbea69689888cc0985fdd2c7a4797,5fb6c1e071a73763f6eb52e67a11f05f6d609819ae4f39c925745faf40f5b4fd,8b30a9aec44c70f7b04a7800,2026-09-17T13:53:18.573481+09:00,대우마리나3차아파트,2635010500,부산광역시,해운대구,우동,,부산광역시 해운대구 우동 977 대우마리나3차아파트,분양,개별난방,89024.34,10,750.0,(주)대우건설,대우건설,0517421160, ,아파트,부산광역시 해운대구 해운대해변로 115,자치관리,계단식,19941014,0519151160,750,78980.97,240.0,360.0,120.0,30.0,63766.38,15,15,0,25,48091,자치관리,6,,위탁관리,40,(주)엘림에스,위탁관리,4,음식물쓰레기종량제,위탁관리,3,분무식,철근콘크리트구조,2500,단일계약,상주선임,P형,부스타방식,위탁관리,25,279,341,무,96,"관리사무소, 노인정, 주민공동시설, 어린이놀이터, 휴게시설",5~10분이내,2호선,,5~10분이내,병원(느티나무내과) 기타(시립미술관),초등학교(해강초등학교),0,12,Y
2026-08,A61282215,"대우마리나1,2차아파트",해운대구,우동,1164.0,0,0,0.0,0.0,0.0,0.0,0.0,,,,,True,산정 불완전,평형별 세대수 보완 필요,c38eb7731a2edbf2c405dc922468ded84aa651100a03e86668e60fb8b6b0b8e7,[],현재 확보 자료로 재구성한 과거 추정치; 과거 세대 구성 미확인,False,555b475dcef496b2254b825ba10b0724d7994196dba4c4e18f34e7f5aa4db599,54cb25d3544257419c8c9faa1ee168a8848dbea69689888cc0985fdd2c7a4797,5fb6c1e071a73763f6eb52e67a11f05f6d609819ae4f39c925745faf40f5b4fd,8b30a9aec44c70f7b04a7800,2026-09-17T13:53:18.573481+09:00,"대우마리나1,2차아파트",2635010500,부산광역시,해운대구,우동,,"부산광역시 해운대구 우동 1388-4 대우마리나1,2차아파트",분양,개별난방,174503.34,21,1164.0,(주)대우,(주)대우,0517422941, ,아파트,부산광역시 해운대구 해운대해변로 117,위탁관리,계단식,19910621,0517418508,1164,174503.34,0.0,714.0,240.0,210.0,128681.6196,15,15,0,40,48091,위탁관리,10,(주)명건,위탁관리,43,(주)태협,위탁관리,11,음식물쓰레기종량제,위탁관리,12,분무식,철근콘크리트구조,3400,종합계약,상주선임,P형,부스타방식,위탁관리,40,766,300,무,125,"관리사무소, 노인정, 주민공동시설, 어린이놀이터",5~10분이내,2호선,,5분이내,병원(프라자치과의원) 대형상가(홈플러스) 기타(시립미술관),초등학교(해강초등학교),0,12,Y
2026-08,A61282705,센텀센시빌구새한센시빌,해운대구,우동,800.0,0,0,0.0,0.0,0.0,0.0,0.0,,,,,True,산정 불완전,평형별 세대수 보완 필요,c38eb7731a2edbf2c405dc922468ded84aa651100a03e86668e60fb8b6b0b8e7,[],현재 확보 자료로 재구성한 과거 추정치; 과거 세대 구성 미확인,False,555b475dcef496b2254b825ba10b0724d7994196dba4c4e18f34e7f5aa4db599,54cb25d3544257419c8c9faa1ee168a8848dbea69689888cc0985fdd2c7a4797,5fb6c1e071a73763f6eb52e67a11f05f6d609819ae4f39c925745faf40f5b4fd,8b30a9aec44c70f7b04a7800,2026-09-17T13:53:18.573481+09:00,센텀센시빌구새한센시빌,2635010500,부산광역시,해운대구,우동,,부산광역시 해운대구 우동 1228 센텀센시빌구새한센시빌,분양,개별난방,103633.19,7,800.0,새한건설,새한건설,0517469597, ,아파트,부산광역시 해운대구 해운대로 284,위탁관리,계단식,20031020,0519129597,800,67956.8,0.0,800.0,0.0,0.0,67956.9816,27,27,2,14,48059,위탁관리,6,(주)명건,위탁관리,6,(주)세웅서비스,위탁관리,9,음식물쓰레기종량제,위탁관리,3,분무식,철근콘크리트구조,2850,단일계약,상주선임,GR형,부스타방식,위탁관리,14,226,639,유,160,"관리사무소, 노인정, 보육시설, 문고, 주민공동시설, 어린이놀이터, 휴게시설, 유치원, 자전거보관소",5분이내,"2호선, 2호선","센텀시티역, 센텀시티역",5~10분이내,관공서(해운대구청) 백화점(신세계백화점) 대형상가(홈플러스) 기타(시립미술관),초등학교(강동초등학교),0,18,Y
2026-08,A61286810,해운대반도보라빌,해운대구,우동,548.0,0,0,0.0,0.0,0.0,0.0,0.0,,,,,True,산정 불완전,평형별 세대수 보완 필요,c38eb7731a2edbf2c405dc922468ded84aa651100a03e86668e60fb8b6b0b8e7,[],현재 확보 자료로 재구성한 과거 추정치; 과거 세대 구성 미확인,False,555b475dcef496b2254b825ba10b0724d7994196dba4c4e18f34e7f5aa4db599,54cb25d3544257419c8c9faa1ee168a8848dbea69689888cc0985fdd2c7a4797,5fb6c1e071a73763f6eb52e67a11f05f6d609819ae4f39c925745faf40f5b4fd,8b30a9aec44c70f7b04a7800,2026-09-17T13:53:18.573481+09:00,해운대반도보라빌,2635010500,부산광역시,해운대구,우동,,부산광역시 해운대구 우동 945 해운대반도보라빌,분양,개별난방,59656.46,7,548.0,(주)반도건설,(주)반도건설,0517310724, ,아파트,부산광역시 해운대구 해운대로 495,위탁관리,계단식,20060324,0519120725,548,59656.312,0.0,498.0,50.0,0.0,46621.5872,25,25,1,12,48065,위탁관리,5,남부공영(주),위탁관리,8,(주)로이안,위탁관리,5,음식물쓰레기종량제,위탁관리,3,분무식,철근콘크리트구조,2800,단일계약,상주선임,R형,부스타방식,위탁관리,12,166,442,유,88,"관리사무소, 노인정, 보육시설, 문고, 주민공동시설, 어린이놀이터, 휴게시설, 자전거보관소",5~10분이내,2호선,동백역,5분이내,병원(박진원소아과) 대형상가(홈에버) 기타(부산독일문화원),초등학교(해림) 고등학교(한독문화여자),0,7,Y
2026-08,A10024591,해운대 롯데캐슬 스타 아파트,해운대구,중동,828.0,0,0,0.0,0.0,0.0,0.0,0.0,,,,,True,산정 불완전,평형별 세대수 보완 필요,c38eb7731a2edbf2c405dc922468ded84aa651100a03e86668e60fb8b6b0b8e7,[],현재 확보 자료로 재구성한 과거 추정치; 과거 세대 구성 미확인,False,555b475dcef496b2254b825ba10b0724d7994196dba4c4e18f34e7f5aa4db599,54cb25d3544257419c8c9faa1ee168a8848dbea69689888cc0985fdd2c7a4797,5fb6c1e071a73763f6eb52e67a11f05f6d609819ae4f39c925745faf40f5b4fd,8b30a9aec44c70f7b04a7800,2026-09-17T13:53:18.573481+09:00,해운대 롯데캐슬 스타 아파트,2635010600,부산광역시,해운대구,중동,,부산광역시 해운대구 중동 1639 해운대 롯데캐슬 스타 아파트,분양,개별난방,151838.08,4,828.0,롯데건설,(주)하나자산신탁,0517466501, ,주상복합,부산광역시 해운대구 중동2로34번길 6,위탁관리,계단식,20200902,0517466503,828,98703.26,0.0,736.0,92.0,0.0,71369.667,49,49,4,14,48096,위탁관리,9,남부공영(주),위탁관리,7,(주)SK쉴더스,위탁관리,11,음식물쓰레기종량제,위탁관리,3,분무식,철근콘크리트구조,6260,단일계약,상주선임,R형,부스타방식,위탁관리,14,0,972,유,281,"관리사무소, 노인정, 보육시설, 문고, 어린이놀이터, 휴게시설, 커뮤니티공간, 자전거보관소",5~10분이내,2호선,,5~10분이내,"관공서(해운대구청) 병원(부민병원) 백화점(롯데백화점,신세계백화점) 대형상가()",초등학교() 중학교() 고등학교(),0,49,Y
2026-08,A10025181,해운대 LCT 더샵아파트,해운대구,중동,882.0,0,0,0.0,0.0,0.0,0.0,0.0,,,,,True,산정 불완전,평형별 세대수 보완 필요,c38eb7731a2edbf2c405dc922468ded84aa651100a03e86668e60fb8b6b0b8e7,[],현재 확보 자료로 재구성한 과거 추정치; 과거 세대 구성 미확인,False,555b475dcef496b2254b825ba10b0724d7994196dba4c4e18f34e7f5aa4db599,54cb25d3544257419c8c9faa1ee168a8848dbea69689888cc0985fdd2c7a4797,5fb6c1e071a73763f6eb52e67a11f05f6d609819ae4f39c925745faf40f5b4fd,8b30a9aec44c70f7b04a7800,2026-09-17T13:53:18.573481+09:00,해운대 LCT 더샵아파트,2635010600,부산광역시,해운대구,중동,,부산광역시 해운대구 중동 1058-39 해운대 LCT 더샵아파트,분양,중앙난방,290363.75,2,882.0,포스코건설,(주)엘시티 피에프브이,0517461900, ,아파트,부산광역시 해운대구 달맞이길 30,위탁관리,기타,20191129,0517469400,886,194442.55,0.0,0.0,0.0,882.0,145202.639,85,84,5,30,48099,위탁관리,29,(주)타워피엠씨,위탁관리,22,에스텍시스템,위탁관리,23,거점장비수거방식,위탁관리,3,"도포식,분무식",철골철근콘크리트구조,12500,종합계약,상주선임,GR형,부스타방식,위탁관리,33,0,2295,유,341,"관리사무소, 노인정, 문고, 주민공동시설, 어린이놀이터, 휴게시설, 커뮤니티공간, 자전거보관소",5분이내,2호선,중동역,5~10분이내,,,0,46,Y
2026-08,A10028037,해운대힐스테이트위브,해운대구,중동,2369.0,0,0,0.0,0.0,0.0,0.0,0.0,,,,,True,산정 불완전,평형별 세대수 보완 필요,c38eb7731a2edbf2c405dc922468ded84aa651100a03e86668e60fb8b6b0b8e7,[],현재 확보 자료로 재구성한 과거 추정치; 과거 세대 구성 미확인,False,555b475dcef496b2254b825ba10b0724d7994196dba4c4e18f34e7f5aa4db599,54cb25d3544257419c8c9faa1ee168a8848dbea69689888cc0985fdd2c7a4797,5fb6c1e071a73763f6eb52e67a11f05f6d609819ae4f39c925745faf40f5b4fd,8b30a9aec44c70f7b04a7800,2026-09-17T13:53:18.573481+09:00,해운대힐스테이트위브,2635010600,부산광역시,해운대구,중동,,부산광역시 해운대구 중동 1525 해운대힐스테이트위브,분양,중앙난방,497489.0,21,2369.0,현대건설/두산건설/경동건설,해운대주공아파트주택재건축정비사업조합,0517315577,www.hillstateweve.com,아파트,부산광역시 해운대구 좌동순환로433번길 30,위탁관리,혼합식,20150202,0517317200,2369,341502.84,143.0,402.0,1622.0,202.0,253467.2396,53,53,7,82,48114,위탁관리,27,(주)케이비아주,위탁관리,17,SK쉴더스,위탁관리,41,음식물쓰레기종량제,위탁관리,3,분무식,철골철근콘크리트구조,17000,단일계약,상주선임,GR형,부스타방식,위탁관리,82,0,3911,유,647,"관리사무소, 노인정, 보육시설, 문고, 주민공동시설, 어린이놀이터, 커뮤니티공간, 자전거보관소",10~15분이내,2호선,,20분초과,관공서() 병원() 백화점() 대형상가() 공원(),초등학교() 중학교() 고등학교(),7,72,Y
2026-08,A61201007,롯데캐슬마린,해운대구,중동,792.0,0,0,0.0,0.0,0.0,0.0,0.0,,,,,True,산정 불완전,평형별 세대수 보완 필요,c38eb7731a2edbf2c405dc922468ded84aa651100a03e86668e60fb8b6b0b8e7,[],현재 확보 자료로 재구성한 과거 추정치; 과거 세대 구성 미확인,False,555b475dcef496b2254b825ba10b0724d7994196dba4c4e18f34e7f5aa4db599,54cb25d3544257419c8c9faa1ee168a8848dbea69689888cc0985fdd2c7a4797,5fb6c1e071a73763f6eb52e67a11f05f6d609819ae4f39c925745faf40f5b4fd,8b30a9aec44c70f7b04a7800,2026-09-17T13:53:18.573481+09:00,롯데캐슬마린,2635010600,부산광역시,해운대구,중동,,부산광역시 해운대구 중동 1360 롯데캐슬마린,분양,개별난방,121428.81,6,792.0,(주)롯데건설,(주)백송종합건설,0517421889, ,아파트,부산광역시 해운대구 중동2로34번길 29,위탁관리,계단식,20041011,0519181889,792,75014.79,0.0,496.0,296.0,0.0,75014.8036,34,34,2,13,48096,위탁관리,7,(주)하나종합관리,위탁관리,6,듀델코리아,위탁관리,8,음식물쓰레기종량제,위탁관리,5,분무식,철근콘크리트구조,2350,단일계약,상주선임,R형,부스타방식,위탁관리,13,248,778,유,145,"관리사무소, 노인정, 보육시설, 주민공동시설, 어린이놀이터, 휴게시설, 자전거보관소",5~10분이내,2호선,,5분이내,관공서(해운대구청) 병원(한사랑의원) 백화점(세이브존) 대형상가(이마트) 공원(대천공원),초등학교(해운대초등학교),5,46,Y
2026-08,A61288603,래미안해운대,해운대구,중동,747.0,0,0,0.0,0.0,0.0,0.0,0.0,,,,,True,산정 불완전,평형별 세대수 보완 필요; 임대·혼합 또는 분양 범위 미확인,c38eb7731a2edbf2c405dc922468ded84aa651100a03e86668e60fb8b6b0b8e7,[],현재 확보 자료로 재구성한 과거 추정치; 과거 세대 구성 미확인,False,555b475dcef496b2254b825ba10b0724d7994196dba4c4e18f34e7f5aa4db599,54cb25d3544257419c8c9faa1ee168a8848dbea69689888cc0985fdd2c7a4797,5fb6c1e071a73763f6eb52e67a11f05f6d609819ae4f39c925745faf40f5b4fd,8b30a9aec44c70f7b04a7800,2026-09-17T13:53:18.573481+09:00,래미안해운대,2635010600,부산광역시,해운대구,중동,,부산광역시 해운대구 중동 1793 래미안해운대,혼합,지역난방,127868.164,7,747.0,삼성물산,중동3구역 주택재개발정비사업조합,0517469808,rmahwd.aptner.co.kr,아파트,부산광역시 해운대구 좌동순환로 402,위탁관리,계단식,20140527,0517469894,745,85936.99,91.0,443.0,186.0,27.0,66051.51,32,32,3,0,48104,위탁관리,9,(주)케이비아주,위탁관리,7,에스원,위탁관리,10,음식물쓰레기종량제,위탁관리,3,분무식,철근콘크리트구조,3750,종합계약,상주선임,R형,부스타방식,위탁관리,13,10,995,유,221,"관리사무소, 노인정, 보육시설, 문고, 주민공동시설, 어린이놀이터, 휴게시설, 커뮤니티공간, 자전거보관소",5분이내,2호선,,5~10분이내,"관공서(중2동사무소) 병원(자생한방,백병원) 백화점(NC백화점) 대형상가(이마트,하이마트) 공원(오산공원)",초등학교(해송초등학교) 중학교(동백중학교),0,71,Y
2026-08,A61203012,해운대영남아파트,해운대구,좌동,512.0,0,0,0.0,0.0,0.0,0.0,0.0,,,,,True,산정 불완전,평형별 세대수 보완 필요,c38eb7731a2edbf2c405dc922468ded84aa651100a03e86668e60fb8b6b0b8e7,[],현재 확보 자료로 재구성한 과거 추정치; 과거 세대 구성 미확인,False,555b475dcef496b2254b825ba10b0724d7994196dba4c4e18f34e7f5aa4db599,54cb25d3544257419c8c9faa1ee168a8848dbea69689888cc0985fdd2c7a4797,5fb6c1e071a73763f6eb52e67a11f05f6d609819ae4f39c925745faf40f5b4fd,8b30a9aec44c70f7b04a7800,2026-09-17T13:53:18.573481+09:00,해운대영남아파트,2635010700,부산광역시,해운대구,좌동,,부산광역시 해운대구 좌동 1328 해운대영남아파트,분양,지역난방,66095.51,7,512.0,영남건설,영남건설,0517010431, ,아파트,부산광역시 해운대구 좌동순환로311번길 8,위탁관리,계단식,19960827,0517010282,512,58897.316,230.0,102.0,180.0,0.0,46662.55,25,25,1,13,48113,위탁관리,6,(주)우림종합관리,위탁관리,4,(주)우림종합관리,위탁관리,5,음식물쓰레기종량제,위탁관리,4,분무식,철근콘크리트구조,1790,단일계약,위탁선임,P형,고가수조식,위탁관리,13,250,263,무,101,,5분이내,,,10~15분이내,관공서(좌2동사무소) 병원(해운대백병원) 백화점(NC백화점) 대형상가(2001아웃렛) 공원(대천공원),초등학교(좌산) 중학교(신곡) 고등학교(부흥),0,4,Y
2026-08,A61203013,두산2차아파트,해운대구,좌동,632.0,0,0,0.0,0.0,0.0,0.0,0.0,,,,,True,산정 불완전,평형별 세대수 보완 필요,c38eb7731a2edbf2c405dc922468ded84aa651100a03e86668e60fb8b6b0b8e7,[],현재 확보 자료로 재구성한 과거 추정치; 과거 세대 구성 미확인,False,555b475dcef496b2254b825ba10b0724d7994196dba4c4e18f34e7f5aa4db599,54cb25d3544257419c8c9faa1ee168a8848dbea69689888cc0985fdd2c7a4797,5fb6c1e071a73763f6eb52e67a11f05f6d609819ae4f39c925745faf40f5b4fd,8b30a9aec44c70f7b04a7800,2026-09-17T13:53:18.573481+09:00,두산2차아파트,2635010700,부산광역시,해운대구,좌동,,부산광역시 해운대구 좌동 1319 두산2차아파트,분양,지역난방,82458.16,9,632.0,두산건설(주),두산건설(주),0517014848, ,아파트,부산광역시 해운대구 대천로 225,위탁관리,계단식,19961029,0517012806,632,71973.555,284.0,132.0,216.0,0.0,57383.28,24,24,2,16,48110,위탁관리,6,남부건업(주),위탁관리,8,태영개발(주),위탁관리,5,음식물쓰레기종량제,위탁관리,3,"도포식,분무식",철근콘크리트구조,1400,단일계약,상주선임,R형,고가수조식,위탁관리,16,277,355,무,102,"관리사무소, 노인정, 보육시설, 주민공동시설, 어린이놀이터, 휴게시설, 자전거보관소, 기타",5분이내,2호선,,5분이내,관공서(좌2동사무소) 병원(해운대정형외과) 대형상가(2001아웃렛) 공원(대천공원),초등학교(신곡) 중학교(신곡) 고등학교(부흥),0,13,Y
2026-08,A61203014,경남아너스빌,해운대구,좌동,655.0,0,0,0.0,0.0,0.0,0.0,0.0,,,,,True,산정 불완전,평형별 세대수 보완 필요,c38eb7731a2edbf2c405dc922468ded84aa651100a03e86668e60fb8b6b0b8e7,[],현재 확보 자료로 재구성한 과거 추정치; 과거 세대 구성 미확인,False,555b475dcef496b2254b825ba10b0724d7994196dba4c4e18f34e7f5aa4db599,54cb25d3544257419c8c9faa1ee168a8848dbea69689888cc0985fdd2c7a4797,5fb6c1e071a73763f6eb52e67a11f05f6d609819ae4f39c925745faf40f5b4fd,8b30a9aec44c70f7b04a7800,2026-09-17T13:53:18.573481+09:00,경남아너스빌,2635010700,부산광역시,해운대구,좌동,,부산광역시 해운대구 좌동 1375 경남아너스빌,분양,지역난방,87055.0,10,655.0,경남기업주식회사,경남기업주식회사,0517313708,"honorsvill,aptner.co.kr",아파트,부산광역시 해운대구 좌동순환로99번길 22,위탁관리,계단식,19970530,0517313709,655,69708.31,289.0,134.0,232.0,0.0,55678.472,24,24,0,17,48080,위탁관리,7,(주)주우관리,위탁관리,7,(주)장천,위탁관리,6,음식물쓰레기종량제,위탁관리,5,분무식,철근콘크리트구조,1650,단일계약,상주선임,P형,고가수조식,위탁관리,17,150,520,유,162,"관리사무소, 노인정, 보육시설, 어린이놀이터, 자전거보관소",5분이내,2호선,,15~20분이내,관공서(좌3동사무소) 병원(해운대백병원) 백화점(NC백화점) 대형상가(이마트) 공원(대천공원) 기타(해운대도서관),초등학교(양운) 중학교(양운) 고등학교(양운),0,41,Y
2026-08,A61203015,해운대한일아파트,해운대구,좌동,662.0,0,0,0.0,0.0,0.0,0.0,0.0,,,,,True,산정 불완전,평형별 세대수 보완 필요,c38eb7731a2edbf2c405dc922468ded84aa651100a03e86668e60fb8b6b0b8e7,[],현재 확보 자료로 재구성한 과거 추정치; 과거 세대 구성 미확인,False,555b475dcef496b2254b825ba10b0724d7994196dba4c4e18f34e7f5aa4db599,54cb25d3544257419c8c9faa1ee168a8848dbea69689888cc0985fdd2c7a4797,5fb6c1e071a73763f6eb52e67a11f05f6d609819ae4f39c925745faf40f5b4fd,8b30a9aec44c70f7b04a7800,2026-09-17T13:53:18.573481+09:00,해운대한일아파트,2635010700,부산광역시,해운대구,좌동,,부산광역시 해운대구 좌동 1274 해운대한일아파트,분양,지역난방,96338.0,11,662.0,(주)한일건설,(주)한일건설,0517478311, ,아파트,부산광역시 해운대구 대천로 56,위탁관리,계단식,19960629,0517478312,662,75217.2,300.0,138.0,183.0,41.0,59436.78,22,22,0,0,48082,위탁관리,7,(주)주우관리,위탁관리,3,(주)장천,위탁관리,6,음식물쓰레기종량제,위탁관리,3,분무식,철근콘크리트구조,1500,단일계약,상주선임,R형,고가수조식,위탁관리,17,141,524,무,164,"관리사무소, 노인정, 주민공동시설, 어린이놀이터, 유치원, 자전거보관소",5분이내,2호선,,5~10분이내,관공서(좌3동행정복지센타) 병원(해운대 백병원) 백화점(NC백화점) 대형상가(NC백화점) 공원(대천공원),초등학교(신도) 중학교(신도) 고등학교(신도),0,18,Y
2026-08,A61203016,해운대동신아파트,해운대구,좌동,676.0,0,0,0.0,0.0,0.0,0.0,0.0,,,,,True,산정 불완전,평형별 세대수 보완 필요,c38eb7731a2edbf2c405dc922468ded84aa651100a03e86668e60fb8b6b0b8e7,[],현재 확보 자료로 재구성한 과거 추정치; 과거 세대 구성 미확인,False,555b475dcef496b2254b825ba10b0724d7994196dba4c4e18f34e7f5aa4db599,54cb25d3544257419c8c9faa1ee168a8848dbea69689888cc0985fdd2c7a4797,5fb6c1e071a73763f6eb52e67a11f05f6d609819ae4f39c925745faf40f5b4fd,8b30a9aec44c70f7b04a7800,2026-09-17T13:53:18.573481+09:00,해운대동신아파트,2635010700,부산광역시,해운대구,좌동,,부산광역시 해운대구 좌동 1302 해운대동신아파트,분양,지역난방,83470.03,9,676.0,(주)동신,(주)동신,0517010250,www.udongsin.co.kr,아파트,부산광역시 해운대구 좌동순환로217번길 7,위탁관리,계단식,19960530,0517025635,676,73832.18,304.0,136.0,194.0,42.0,58399.38,24,24,0,17,48076,위탁관리,7,(주)삼성T.M.S,위탁관리,6,(주)하나종합관리,위탁관리,6,음식물쓰레기종량제,위탁관리,4,분무식,철근콘크리트구조,1500,단일계약,상주선임,R형,고가수조식,위탁관리,17,312,369,무,161,"관리사무소, 노인정, 어린이놀이터",5분이내,2호선,,10~15분이내,관공서(좌4동사무소) 병원(우리소아과) 대형상가(2001아웃렛) 공원(대천공원),초등학교(부흥) 중학교(부흥) 고등학교(부흥),14,0,Y
2026-08,A61203017,해운대동부아파트,해운대구,좌동,679.0,0,0,0.0,0.0,0.0,0.0,0.0,,,,,True,산정 불완전,평형별 세대수 보완 필요,c38eb7731a2edbf2c405dc922468ded84aa651100a03e86668e60fb8b6b0b8e7,[],현재 확보 자료로 재구성한 과거 추정치; 과거 세대 구성 미확인,False,555b475dcef496b2254b825ba10b0724d7994196dba4c4e18f34e7f5aa4db599,54cb25d3544257419c8c9faa1ee168a8848dbea69689888cc0985fdd2c7a4797,5fb6c1e071a73763f6eb52e67a11f05f6d609819ae4f39c925745faf40f5b4fd,8b30a9aec44c70f7b04a7800,2026-09-17T13:53:18.573481+09:00,해운대동부아파트,2635010700,부산광역시,해운대구,좌동,,부산광역시 해운대구 좌동 1412 해운대동부아파트,분양,지역난방,91821.0,11,679.0,동부건설(주),동부건설(주),0517010326, ,아파트,부산광역시 해운대구 세실로 158,위탁관리,계단식,19961205,0519160326,679,73546.82,304.0,137.0,238.0,0.0,57095.8,24,24,1,17,48076,위탁관리,7,지산주택(주),위탁관리,6,삼성보안공사,위탁관리,6,음식물쓰레기종량제,위탁관리,3,분무식,철근콘크리트구조,1950,단일계약,상주선임,R형,고가수조식,위탁관리,17,135,564,무,117,"관리사무소, 노인정, 보육시설, 주민공동시설, 어린이놀이터, 유치원",5분이내,"2호선, 동해선",,15~20분이내,"관공서(좌4동사무소) 병원(고운치과 , 백병원) 백화점(NC) 대형상가(2001아웃렛) 공원(대천공원)",초등학교(상당) 중학교(상당) 고등학교(부흥),0,14,Y
2026-08,A61203018,해운대대림2차아파트,해운대구,좌동,682.0,0,0,0.0,0.0,0.0,0.0,0.0,,,,,True,산정 불완전,평형별 세대수 보완 필요,c38eb7731a2edbf2c405dc922468ded84aa651100a03e86668e60fb8b6b0b8e7,[],현재 확보 자료로 재구성한 과거 추정치; 과거 세대 구성 미확인,False,555b475dcef496b2254b825ba10b0724d7994196dba4c4e18f34e7f5aa4db599,54cb25d3544257419c8c9faa1ee168a8848dbea69689888cc0985fdd2c7a4797,5fb6c1e071a73763f6eb52e67a11f05f6d609819ae4f39c925745faf40f5b4fd,8b30a9aec44c70f7b04a7800,2026-09-17T13:53:18.573481+09:00,해운대대림2차아파트,2635010700,부산광역시,해운대구,좌동,,부산광역시 해운대구 좌동 1286 해운대대림2차아파트,분양,지역난방,92472.75,10,682.0,대림건설,대림산업주식회사,0517024440, ,아파트,부산광역시 해운대구 대천로103번길 9,위탁관리,계단식,19970327,0517024441,684,76205.24,308.0,136.0,196.0,42.0,59462.458,24,24,0,18,48078,위탁관리,7,(주)디이씨오,위탁관리,6,(주)삼성보안공사,위탁관리,6,음식물쓰레기종량제,위탁관리,4,분무식,철근콘크리트구조,1600,단일계약,상주선임,R형,고가수조식,위탁관리,18,188,520,무,85,"관리사무소, 노인정, 보육시설, 주민공동시설, 어린이놀이터, 휴게시설, 커뮤니티공간, 자전거보관소",5분이내,"2호선, 동해선",,10~15분이내,관공서(좌4동사무소) 병원(연세치과) 대형상가(2001아웃렛) 공원(대천공원),초등학교(좌동) 중학교(상당) 고등학교(양운),9,5,Y
2026-08,A61203019,해운대삼성아파트,해운대구,좌동,728.0,0,0,0.0,0.0,0.0,0.0,0.0,,,,,True,산정 불완전,평형별 세대수 보완 필요,c38eb7731a2edbf2c405dc922468ded84aa651100a03e86668e60fb8b6b0b8e7,[],현재 확보 자료로 재구성한 과거 추정치; 과거 세대 구성 미확인,False,555b475dcef496b2254b825ba10b0724d7994196dba4c4e18f34e7f5aa4db599,54cb25d3544257419c8c9faa1ee168a8848dbea69689888cc0985fdd2c7a4797,5fb6c1e071a73763f6eb52e67a11f05f6d609819ae4f39c925745faf40f5b4fd,8b30a9aec44c70f7b04a7800,2026-09-17T13:53:18.573481+09:00,해운대삼성아파트,2635010700,부산광역시,해운대구,좌동,,부산광역시 해운대구 좌동 1413 해운대삼성아파트,분양,지역난방,107777.55,12,728.0,삼성물산,삼성물산,0517025008,joyapt.com/510,아파트,부산광역시 해운대구 세실로 174,위탁관리,계단식,19970222,0519155008,728,87604.0,332.0,156.0,140.0,100.0,68542.604,25,25,2,17,48076,위탁관리,7,(주)H.M우성,위탁관리,12,태영개발주식회사,위탁관리,6,음식물쓰레기종량제,위탁관리,3,분무식,철근콘크리트구조,2410,종합계약,상주선임,R형,고가수조식,위탁관리,17,189,649,무,166,"관리사무소, 노인정, 보육시설, 주민공동시설, 어린이놀이터, 자전거보관소",5분이내,2호선,,15~20분이내,관공서(좌4동사무소) 병원(김천기피부과) 대형상가(2001아웃렛) 공원(대천공원),초등학교(상당) 중학교(상당) 고등학교(부흥),0,8,Y
2026-08,A61203020,해운대LIG건영아파트,해운대구,좌동,788.0,0,0,0.0,0.0,0.0,0.0,0.0,,,,,True,산정 불완전,평형별 세대수 보완 필요,c38eb7731a2edbf2c405dc922468ded84aa651100a03e86668e60fb8b6b0b8e7,[],현재 확보 자료로 재구성한 과거 추정치; 과거 세대 구성 미확인,False,555b475dcef496b2254b825ba10b0724d7994196dba4c4e18f34e7f5aa4db599,54cb25d3544257419c8c9faa1ee168a8848dbea69689888cc0985fdd2c7a4797,5fb6c1e071a73763f6eb52e67a11f05f6d609819ae4f39c925745faf40f5b4fd,8b30a9aec44c70f7b04a7800,2026-09-17T13:53:18.573481+09:00,해운대LIG건영아파트,2635010700,부산광역시,해운대구,좌동,,부산광역시 해운대구 좌동 1414 해운대LIG건영아파트,분양,지역난방,108437.18,13,788.0,(주)건영,(주)건영,0517032775,http://aptree.co.kr,아파트,부산광역시 해운대구 좌동순환로217번길 19,위탁관리,계단식,19981119,0517032776,788,87184.6,356.0,160.0,230.0,42.0,69001.2,25,25,0,19,48076,위탁관리,7,(주)명건,위탁관리,8,(주)듀델,위탁관리,7,음식물쓰레기종량제,위탁관리,3,분무식,철근콘크리트구조,1950,종합계약,상주선임,P형,고가수조식,위탁관리,19,219,626,무,169,"관리사무소, 노인정, 보육시설, 어린이놀이터",5분이내,2호선,,15~20분이내,관공서(좌4동사무소) 병원(해운대백병원) 백화점(NC백화점) 대형상가(2001아웃렛) 공원(대천공원),초등학교(부흥) 중학교(부흥) 고등학교(부흥),17,0,Y
2026-08,A61203021,해운대센트럴파크아파트,해운대구,좌동,799.0,0,0,0.0,0.0,0.0,0.0,0.0,,,,,True,산정 불완전,평형별 세대수 보완 필요,c38eb7731a2edbf2c405dc922468ded84aa651100a03e86668e60fb8b6b0b8e7,[],현재 확보 자료로 재구성한 과거 추정치; 과거 세대 구성 미확인,False,555b475dcef496b2254b825ba10b0724d7994196dba4c4e18f34e7f5aa4db599,54cb25d3544257419c8c9faa1ee168a8848dbea69689888cc0985fdd2c7a4797,5fb6c1e071a73763f6eb52e67a11f05f6d609819ae4f39c925745faf40f5b4fd,8b30a9aec44c70f7b04a7800,2026-09-17T13:53:18.573481+09:00,해운대센트럴파크아파트,2635010700,부산광역시,해운대구,좌동,,부산광역시 해운대구 좌동 1282 해운대센트럴파크아파트,분양,지역난방,70850.195,6,799.0,대능건설(주),대한주택공사,0517042017, ,아파트,부산광역시 해운대구 좌동순환로 118,위탁관리,혼합식,19980307,0517042018,799,44720.51,799.0,0.0,0.0,0.0,44720.51,25,25,1,16,48081,위탁관리,7,남부공영(주),위탁관리,6,(주)장천,위탁관리,6,음식물쓰레기종량제,위탁관리,6,분무식,철근콘크리트구조,1900,단일계약,상주선임,R형,고가수조식,위탁관리,16,247,312,무,99,"관리사무소, 노인정, 보육시설, 어린이놀이터, 자전거보관소",5분이내,2호선,,10~15분이내,관공서(좌3동사무소) 대형상가(2001아웃렛) 공원(대천공원),초등학교(양운) 중학교(양운) 고등학교(양운),6,4,Y
2026-08,A61203022,해운대롯데3차아파트,해운대구,좌동,824.0,0,0,0.0,0.0,0.0,0.0,0.0,,,,,True,산정 불완전,평형별 세대수 보완 필요,c38eb7731a2edbf2c405dc922468ded84aa651100a03e86668e60fb8b6b0b8e7,[],현재 확보 자료로 재구성한 과거 추정치; 과거 세대 구성 미확인,False,555b475dcef496b2254b825ba10b0724d7994196dba4c4e18f34e7f5aa4db599,54cb25d3544257419c8c9faa1ee168a8848dbea69689888cc0985fdd2c7a4797,5fb6c1e071a73763f6eb52e67a11f05f6d609819ae4f39c925745faf40f5b4fd,8b30a9aec44c70f7b04a7800,2026-09-17T13:53:18.573481+09:00,해운대롯데3차아파트,2635010700,부산광역시,해운대구,좌동,,부산광역시 해운대구 좌동 1300 해운대롯데3차아파트,분양,지역난방,83803.1,9,824.0,롯데건설,롯데건설,0517033037, ,아파트,부산광역시 해운대구 세실로 138,위탁관리,계단식,19971128,0517033038,834,66254.48,824.0,0.0,0.0,0.0,49153.92,20,20,2,21,48077,위탁관리,7,(주)하나종합관리,위탁관리,4,남부공영,위탁관리,7,음식물쓰레기종량제,위탁관리,3,분무식,철근콘크리트구조,2100,단일계약,상주선임,R형,고가수조식,위탁관리,21,176,506,무,21,"관리사무소, 노인정, 보육시설, 어린이놀이터, 자전거보관소",5분이내,2호선,장산,5~10분이내,관공서(좌4동사무소) 병원(한미치과) 대형상가(2001아웃렛) 공원(대천공원),초등학교(부흥) 중학교(부흥) 고등학교(부흥),0,14,Y
2026-08,A61203023,해운대롯데4차아파트,해운대구,좌동,842.0,0,0,0.0,0.0,0.0,0.0,0.0,,,,,True,산정 불완전,평형별 세대수 보완 필요,c38eb7731a2edbf2c405dc922468ded84aa651100a03e86668e60fb8b6b0b8e7,[],현재 확보 자료로 재구성한 과거 추정치; 과거 세대 구성 미확인,False,555b475dcef496b2254b825ba10b0724d7994196dba4c4e18f34e7f5aa4db599,54cb25d3544257419c8c9faa1ee168a8848dbea69689888cc0985fdd2c7a4797,5fb6c1e071a73763f6eb52e67a11f05f6d609819ae4f39c925745faf40f5b4fd,8b30a9aec44c70f7b04a7800,2026-09-17T13:53:18.573481+09:00,해운대롯데4차아파트,2635010700,부산광역시,해운대구,좌동,,부산광역시 해운대구 좌동 1419 해운대롯데4차아파트,분양,지역난방,89826.0,8,842.0,롯데건설(주),롯데건설(주),0517037311,lotte4@in-apt.co.kr,아파트,부산광역시 해운대구 좌동순환로217번길 8,위탁관리,계단식,19991021,0517037312,842,73717.95,618.0,224.0,0.0,0.0,55893.44,24,24,1,19,48076,위탁관리,7,(주)우림종합관리,위탁관리,4,(주)한특,위탁관리,8,음식물쓰레기종량제,위탁관리,3,"도포식,분무식",철근콘크리트구조,2150,단일계약,상주선임,R형,고가수조식,위탁관리,19,244,512,유,116,"관리사무소, 노인정, 보육시설, 주민공동시설, 어린이놀이터",5분이내,"2호선, 동해선",,10~15분이내,관공서(좌4동사무소) 병원(백병원) 백화점(NC백화점) 대형상가(2001아웃렛) 공원(대천공원),초등학교(부흥) 중학교(부흥) 고등학교(부흥) 대학교(),0,16,Y
2026-08,A61203024,대우1차아파트,해운대구,좌동,852.0,0,0,0.0,0.0,0.0,0.0,0.0,,,,,True,산정 불완전,평형별 세대수 보완 필요,c38eb7731a2edbf2c405dc922468ded84aa651100a03e86668e60fb8b6b0b8e7,[],현재 확보 자료로 재구성한 과거 추정치; 과거 세대 구성 미확인,False,555b475dcef496b2254b825ba10b0724d7994196dba4c4e18f34e7f5aa4db599,54cb25d3544257419c8c9faa1ee168a8848dbea69689888cc0985fdd2c7a4797,5fb6c1e071a73763f6eb52e67a11f05f6d609819ae4f39c925745faf40f5b4fd,8b30a9aec44c70f7b04a7800,2026-09-17T13:53:18.573481+09:00,대우1차아파트,2635010700,부산광역시,해운대구,좌동,,부산광역시 해운대구 좌동 1333 대우1차아파트,분양,지역난방,117558.0,12,852.0,(주)대우,(주)대우,0517013027, ,아파트,부산광역시 해운대구 세실로 19,위탁관리,계단식,19960916,0517013028,852,97006.62,372.0,176.0,260.0,44.0,76869.664,24,24,0,21,48112,위탁관리,8,(주)우림종합관리,위탁관리,15,(주)우림종합관리,위탁관리,9,음식물쓰레기종량제,위탁관리,5,도포식,철근콘크리트구조,2200,단일계약,상주선임,P형,고가수조식,위탁관리,21,275,620,무,117,"관리사무소, 노인정, 어린이놀이터",5분이내,"2호선, 2호선","장산, 장산",5~10분이내,관공서(좌2동사무소) 병원(메이져한의원) 백화점(엔씨백화점) 대형상가(2001아웃렛) 공원(대천공원),초등학교(해송) 중학교(신곡) 고등학교(부흥),18,5,Y
2026-08,A61203025,해운대벽산1차아파트,해운대구,좌동,880.0,0,0,0.0,0.0,0.0,0.0,0.0,,,,,True,산정 불완전,평형별 세대수 보완 필요,c38eb7731a2edbf2c405dc922468ded84aa651100a03e86668e60fb8b6b0b8e7,[],현재 확보 자료로 재구성한 과거 추정치; 과거 세대 구성 미확인,False,555b475dcef496b2254b825ba10b0724d7994196dba4c4e18f34e7f5aa4db599,54cb25d3544257419c8c9faa1ee168a8848dbea69689888cc0985fdd2c7a4797,5fb6c1e071a73763f6eb52e67a11f05f6d609819ae4f39c925745faf40f5b4fd,8b30a9aec44c70f7b04a7800,2026-09-17T13:53:18.573481+09:00,해운대벽산1차아파트,2635010700,부산광역시,해운대구,좌동,,부산광역시 해운대구 좌동 1321 해운대벽산1차아파트,분양,지역난방,123413.86,13,880.0,벽산건설(주),벽산건설(주),0517010417, ,아파트,부산광역시 해운대구 대천로 205,위탁관리,계단식,19960830,0517018484,880,103243.7,396.0,188.0,216.0,80.0,80632.8,24,24,2,21,48110,위탁관리,9,(주)삼성T.M.S,위탁관리,26,태영개발주식회사,위탁관리,7,음식물쓰레기종량제,위탁관리,5,분무식,철근콘크리트구조,2500,종합계약,상주선임,R형,고가수조식,위탁관리,21,358,607,무,106,"관리사무소, 노인정, 보육시설, 어린이놀이터",5분이내,2호선,,5분이내,관공서(좌2동사무소) 병원(해운대정형외과) 대형상가(2001아웃렛) 공원(대천공원),초등학교(신곡) 중학교(신곡) 고등학교(부흥),0,3,Y
2026-08,A61203026,해운대 화목타운,해운대구,좌동,896.0,0,0,0.0,0.0,0.0,0.0,0.0,,,,,True,산정 불완전,평형별 세대수 보완 필요,c38eb7731a2edbf2c405dc922468ded84aa651100a03e86668e60fb8b6b0b8e7,[],현재 확보 자료로 재구성한 과거 추정치; 과거 세대 구성 미확인,False,555b475dcef496b2254b825ba10b0724d7994196dba4c4e18f34e7f5aa4db599,54cb25d3544257419c8c9faa1ee168a8848dbea69689888cc0985fdd2c7a4797,5fb6c1e071a73763f6eb52e67a11f05f6d609819ae4f39c925745faf40f5b4fd,8b30a9aec44c70f7b04a7800,2026-09-17T13:53:18.573481+09:00,해운대 화목타운,2635010700,부산광역시,해운대구,좌동,,부산광역시 해운대구 좌동 1310 해운대 화목타운,분양,지역난방,119965.0,10,896.0,(주) 화목주택,(주) 화목주택,0517014026,hht187.co.kr,아파트,부산광역시 해운대구 대천로 187,위탁관리,계단식,19961130,0517014027,896,78093.43,402.0,180.0,268.0,46.0,78093.43,24,24,0,22,48107,위탁관리,8,(주)주우관리,위탁관리,13,(주)경동기업,위탁관리,7,음식물쓰레기종량제,위탁관리,3,분무식,철근콘크리트구조,2000,종합계약,상주선임,R형,고가수조식,위탁관리,22,265,664,무,122,"관리사무소, 노인정, 어린이놀이터, 유치원, 자전거보관소",5분이내,2호선,,5분이내,관공서(좌1동사무소) 병원(자생한방병원) 백화점(NC백화점) 대형상가(2001아웃렛) 공원(대천공원),초등학교(신곡) 중학교(부흥) 고등학교(부흥),0,10,Y
2026-08,A61203027,LH뜨란채아파트,해운대구,좌동,928.0,0,0,0.0,0.0,0.0,0.0,0.0,,,,,True,산정 불완전,평형별 세대수 보완 필요,c38eb7731a2edbf2c405dc922468ded84aa651100a03e86668e60fb8b6b0b8e7,[],현재 확보 자료로 재구성한 과거 추정치; 과거 세대 구성 미확인,False,555b475dcef496b2254b825ba10b0724d7994196dba4c4e18f34e7f5aa4db599,54cb25d3544257419c8c9faa1ee168a8848dbea69689888cc0985fdd2c7a4797,5fb6c1e071a73763f6eb52e67a11f05f6d609819ae4f39c925745faf40f5b4fd,8b30a9aec44c70f7b04a7800,2026-09-17T13:53:18.573481+09:00,LH뜨란채아파트,2635010700,부산광역시,해운대구,좌동,,부산광역시 해운대구 좌동 1278 LH뜨란채아파트,분양,지역난방,81602.03,9,928.0,(주)해강건설,대한주택공사,0517428863,www.joyapt.com,아파트,부산광역시 해운대구 대천로67번길 18,위탁관리,혼합식,19971207,0519168865,935,72670.914,928.0,0.0,0.0,0.0,52769.92,25,25,1,20,48081,위탁관리,8,(주)삼성T.M.S,위탁관리,8,(주)삼성티엠에스,위탁관리,7,기타,위탁관리,6,분무식,철근콘크리트구조,2209,단일계약,기타,기타,기타,위탁관리,20,207,340,무,84,"관리사무소, 노인정, 보육시설, 주민공동시설, 어린이놀이터, 휴게시설",5분이내,2호선,,10~15분이내,,,2,26,Y
2026-08,A61203028,코오롱아파트,해운대구,좌동,928.0,0,0,0.0,0.0,0.0,0.0,0.0,,,,,True,산정 불완전,평형별 세대수 보완 필요,c38eb7731a2edbf2c405dc922468ded84aa651100a03e86668e60fb8b6b0b8e7,[],현재 확보 자료로 재구성한 과거 추정치; 과거 세대 구성 미확인,False,555b475dcef496b2254b825ba10b0724d7994196dba4c4e18f34e7f5aa4db599,54cb25d3544257419c8c9faa1ee168a8848dbea69689888cc0985fdd2c7a4797,5fb6c1e071a73763f6eb52e67a11f05f6d609819ae4f39c925745faf40f5b4fd,8b30a9aec44c70f7b04a7800,2026-09-17T13:53:18.573481+09:00,코오롱아파트,2635010700,부산광역시,해운대구,좌동,,부산광역시 해운대구 좌동 1348 코오롱아파트,분양,지역난방,116942.0,12,928.0,"(주)효성,코오롱건설(주)","(주)효성,코오롱건설(주)",0517477348, ,아파트,부산광역시 해운대구 대천로 35,위탁관리,계단식,19970331,0517477349,929,100973.555,416.0,188.0,324.0,0.0,79369.72,24,24,0,22,48083,위탁관리,9,(주)우림종합관리,위탁관리,14,(주)비앤에이서비스,위탁관리,6,음식물쓰레기종량제,위탁관리,3,분무식,철근콘크리트구조,2200,단일계약,상주선임,R형,고가수조식,위탁관리,22,406,551,유,137,"관리사무소, 노인정, 보육시설, 어린이놀이터, 기타",5분이내,2호선,,5분이내,관공서(좌3동사무소) 병원(함재도한의원) 대형상가(이마트) 공원(대천공원),초등학교(신도) 중학교(신도) 고등학교(신도),0,20,Y
2026-08,A61203029,해운대건영2차아파트,해운대구,좌동,938.0,0,0,0.0,0.0,0.0,0.0,0.0,,,,,True,산정 불완전,평형별 세대수 보완 필요,c38eb7731a2edbf2c405dc922468ded84aa651100a03e86668e60fb8b6b0b8e7,[],현재 확보 자료로 재구성한 과거 추정치; 과거 세대 구성 미확인,False,555b475dcef496b2254b825ba10b0724d7994196dba4c4e18f34e7f5aa4db599,54cb25d3544257419c8c9faa1ee168a8848dbea69689888cc0985fdd2c7a4797,5fb6c1e071a73763f6eb52e67a11f05f6d609819ae4f39c925745faf40f5b4fd,8b30a9aec44c70f7b04a7800,2026-09-17T13:53:18.573481+09:00,해운대건영2차아파트,2635010700,부산광역시,해운대구,좌동,,부산광역시 해운대구 좌동 1298 해운대건영2차아파트,분양,지역난방,114122.39,12,938.0,(주)건영,군인공제회,0517030123, ,아파트,부산광역시 해운대구 세실로 126,위탁관리,복도식,19970930,0519340125,938,93082.93,262.0,676.0,0.0,0.0,72915.252,25,25,0,2,48077,위탁관리,8,(주)deco,위탁관리,8,(주)비앤에이서비스,위탁관리,8,음식물쓰레기종량제,위탁관리,4,분무식,철근콘크리트구조,3200,단일계약,상주선임,P형,고가수조식,위탁관리,24,268,670,무,173,"관리사무소, 노인정, 보육시설, 어린이놀이터, 자전거보관소",5~10분이내,"2호선, 동해선",,5~10분이내,관공서(좌4동사무소) 병원(한미치과) 백화점(NC백화점) 공원(대천공원),초등학교(부흥) 중학교(부흥) 고등학교(부흥),0,19,Y
2026-08,A61203031,해운대상록아파트,해운대구,좌동,1000.0,0,0,0.0,0.0,0.0,0.0,0.0,,,,,True,산정 불완전,평형별 세대수 보완 필요,c38eb7731a2edbf2c405dc922468ded84aa651100a03e86668e60fb8b6b0b8e7,[],현재 확보 자료로 재구성한 과거 추정치; 과거 세대 구성 미확인,False,555b475dcef496b2254b825ba10b0724d7994196dba4c4e18f34e7f5aa4db599,54cb25d3544257419c8c9faa1ee168a8848dbea69689888cc0985fdd2c7a4797,5fb6c1e071a73763f6eb52e67a11f05f6d609819ae4f39c925745faf40f5b4fd,8b30a9aec44c70f7b04a7800,2026-09-17T13:53:18.573481+09:00,해운대상록아파트,2635010700,부산광역시,해운대구,좌동,,부산광역시 해운대구 좌동 1331 해운대상록아파트,분양,지역난방,91443.58,9,1000.0,국제종합토건,공무원연금관리공단,0517044880, ,아파트,부산광역시 해운대구 세실로 7,위탁관리,계단식,19980715,0517044881,1000,79693.0,1000.0,0.0,0.0,0.0,59850,20,20,1,25,48112,위탁관리,9,(주)주우관리,위탁관리,8,(주)주우관리,위탁관리,7,음식물쓰레기종량제,위탁관리,4,분무식,철근콘크리트구조,2450,단일계약,상주선임,R형,고가수조식,위탁관리,25,354,375,무,107,"관리사무소, 노인정, 보육시설, 문고, 어린이놀이터, 자전거보관소",5분이내,2호선,,5~10분이내,관공서(좌2동사무소) 병원(해운대백병원) 대형상가(NC백화점) 공원(대천공원),초등학교(해송) 중학교(신곡) 고등학교(부흥),0,40,Y
2026-08,A61203032,해운대대우2차아파트,해운대구,좌동,1002.0,0,0,0.0,0.0,0.0,0.0,0.0,,,,,True,산정 불완전,평형별 세대수 보완 필요,c38eb7731a2edbf2c405dc922468ded84aa651100a03e86668e60fb8b6b0b8e7,[],현재 확보 자료로 재구성한 과거 추정치; 과거 세대 구성 미확인,False,555b475dcef496b2254b825ba10b0724d7994196dba4c4e18f34e7f5aa4db599,54cb25d3544257419c8c9faa1ee168a8848dbea69689888cc0985fdd2c7a4797,5fb6c1e071a73763f6eb52e67a11f05f6d609819ae4f39c925745faf40f5b4fd,8b30a9aec44c70f7b04a7800,2026-09-17T13:53:18.573481+09:00,해운대대우2차아파트,2635010700,부산광역시,해운대구,좌동,,부산광역시 해운대구 좌동 1438 해운대대우2차아파트,분양,지역난방,115201.0,12,1002.0,대우건설,대우건설,0517046097,www.aptree.kr,아파트,부산광역시 해운대구 좌동순환로 275,위탁관리,계단식,19980613,0517046098,1002,115198.88,444.0,224.0,226.0,108.0,92849.632,27,27,2,0,48109,위탁관리,10,(주)주우관리,위탁관리,18,(주)장천,위탁관리,9,음식물쓰레기종량제,위탁관리,4,분무식,철근콘크리트구조,3500,단일계약,상주선임,R형,고가수조식,위탁관리,21,374,694,무,181,"관리사무소, 노인정, 어린이놀이터, 유치원",5분이내,2호선,,5~10분이내,관공서(좌2동사무소) 병원(해운대 인제 백병원) 대형상가(2001아웃렛) 공원(대천공원),초등학교(신곡) 중학교(신곡) 고등학교(부흥),9,13,Y
2026-08,A61203033,해운대벽산2차아파트,해운대구,좌동,1070.0,0,0,0.0,0.0,0.0,0.0,0.0,,,,,True,산정 불완전,평형별 세대수 보완 필요,c38eb7731a2edbf2c405dc922468ded84aa651100a03e86668e60fb8b6b0b8e7,[],현재 확보 자료로 재구성한 과거 추정치; 과거 세대 구성 미확인,False,555b475dcef496b2254b825ba10b0724d7994196dba4c4e18f34e7f5aa4db599,54cb25d3544257419c8c9faa1ee168a8848dbea69689888cc0985fdd2c7a4797,5fb6c1e071a73763f6eb52e67a11f05f6d609819ae4f39c925745faf40f5b4fd,8b30a9aec44c70f7b04a7800,2026-09-17T13:53:18.573481+09:00,해운대벽산2차아파트,2635010700,부산광역시,해운대구,좌동,,부산광역시 해운대구 좌동 1439 해운대벽산2차아파트,분양,지역난방,120896.66,14,1070.0,(주)벽산건설,(주)벽산건설,0517014124, ,아파트,부산광역시 해운대구 좌동순환로299번길 11,위탁관리,계단식,19961130,0517026515,1070,119814.88,490.0,214.0,286.0,80.0,93923.26,25,25,2,26,48109,위탁관리,10,(주)우림종합관리,위탁관리,16,(주)에스코아,위탁관리,8,음식물쓰레기종량제,위탁관리,4,분무식,철골철근콘크리트구조,2750,단일계약,상주선임,R형,고가수조식,위탁관리,26,249,903,무,112,"관리사무소, 노인정, 보육시설, 어린이놀이터, 유치원",5~10분이내,2호선,,10~15분이내,병원(부산해운대백병원) 백화점(신세계백화점) 공원(장산),초등학교(좌산초등학교) 중학교(신곡중학교),10,28,Y
2026-08,A61203034,해운대대동타운아파트,해운대구,좌동,1240.0,0,0,0.0,0.0,0.0,0.0,0.0,,,,,True,산정 불완전,평형별 세대수 보완 필요,c38eb7731a2edbf2c405dc922468ded84aa651100a03e86668e60fb8b6b0b8e7,[],현재 확보 자료로 재구성한 과거 추정치; 과거 세대 구성 미확인,False,555b475dcef496b2254b825ba10b0724d7994196dba4c4e18f34e7f5aa4db599,54cb25d3544257419c8c9faa1ee168a8848dbea69689888cc0985fdd2c7a4797,5fb6c1e071a73763f6eb52e67a11f05f6d609819ae4f39c925745faf40f5b4fd,8b30a9aec44c70f7b04a7800,2026-09-17T13:53:18.573481+09:00,해운대대동타운아파트,2635010700,부산광역시,해운대구,좌동,,부산광역시 해운대구 좌동 1288 해운대대동타운아파트,분양,지역난방,155349.0,15,1240.0,(주)대동주택/무학건설(주),(주)대동,0517016461,aptree.co.kr/home/user/2034/,아파트,부산광역시 해운대구 대천로103번길 29,위탁관리,계단식,19960530,0517036462,1240,103415.72,560.0,248.0,432.0,0.0,103415.72,25,25,2,28,48078,위탁관리,9,(주)삼성T.M.S,위탁관리,10,(주)비앤에이서비스,위탁관리,10,음식물쓰레기종량제,위탁관리,4,분무식,철근콘크리트구조,3800,종합계약,상주선임,R형,부스타방식,위탁관리,28,373,939,무,120,"관리사무소, 노인정, 보육시설, 주민공동시설, 어린이놀이터, 휴게시설, 유치원, 자전거보관소",5분이내,"2호선, 동해선",,10~15분이내,관공서(좌1동사무소) 병원(연세치과) 대형상가(2001아웃렛) 공원(대천공원),초등학교(좌동) 중학교(상당) 고등학교(양운),0,15,Y
2026-08,A61203035,경남선경아파트,해운대구,좌동,1358.0,0,0,0.0,0.0,0.0,0.0,0.0,,,,,True,산정 불완전,평형별 세대수 보완 필요,c38eb7731a2edbf2c405dc922468ded84aa651100a03e86668e60fb8b6b0b8e7,[],현재 확보 자료로 재구성한 과거 추정치; 과거 세대 구성 미확인,False,555b475dcef496b2254b825ba10b0724d7994196dba4c4e18f34e7f5aa4db599,54cb25d3544257419c8c9faa1ee168a8848dbea69689888cc0985fdd2c7a4797,5fb6c1e071a73763f6eb52e67a11f05f6d609819ae4f39c925745faf40f5b4fd,8b30a9aec44c70f7b04a7800,2026-09-17T13:53:18.573481+09:00,경남선경아파트,2635010700,부산광역시,해운대구,좌동,,부산광역시 해운대구 좌동 1448 경남선경아파트,분양,지역난방,190185.14,19,1358.0,경남기업,선경,0517010386,www.knskapt.com,아파트,부산광역시 해운대구 청사포로 27,위탁관리,계단식,19961105,0517010384,1358,150361.31,634.0,268.0,376.0,80.0,121768.66,24,24,0,31,48113,위탁관리,11,(주)삼성T.M.S,위탁관리,19,(주)에스원,위탁관리,12,음식물쓰레기종량제,위탁관리,6,"분무식,기구설치식",철근콘크리트구조,3000,단일계약,상주선임,P형,고가수조식,위탁관리,31,384,1164,무,145,"관리사무소, 노인정, 보육시설, 주민공동시설, 어린이놀이터, 휴게시설, 자전거보관소",5분이내,2호선,,10~15분이내,관공서(좌2동사무소) 병원(해운대정형외과) 대형상가(2001아웃렛) 공원(대천공원),초등학교(좌산) 중학교(신곡) 고등학교(부흥),0,5,Y
2026-08,A61203036,두산1차,해운대구,좌동,1422.0,0,0,0.0,0.0,0.0,0.0,0.0,,,,,True,산정 불완전,평형별 세대수 보완 필요,c38eb7731a2edbf2c405dc922468ded84aa651100a03e86668e60fb8b6b0b8e7,[],현재 확보 자료로 재구성한 과거 추정치; 과거 세대 구성 미확인,False,555b475dcef496b2254b825ba10b0724d7994196dba4c4e18f34e7f5aa4db599,54cb25d3544257419c8c9faa1ee168a8848dbea69689888cc0985fdd2c7a4797,5fb6c1e071a73763f6eb52e67a11f05f6d609819ae4f39c925745faf40f5b4fd,8b30a9aec44c70f7b04a7800,2026-09-17T13:53:18.573481+09:00,두산1차,2635010700,부산광역시,해운대구,좌동,,부산광역시 해운대구 좌동 1394 두산1차,분양,지역난방,189156.0,15,1422.0,두산건설-동국산업,두산건설-동국산업,0517012243, ,아파트,부산광역시 해운대구 양운로 182,위탁관리,계단식,19961130,0517012244,1422,125693.82,648.0,288.0,486.0,0.0,125693.82,27,27,1,33,48075,위탁관리,12,(주)명건,위탁관리,16,듀델코리아,위탁관리,11,차량수거방식,위탁관리,4,분무식,철근콘크리트구조,3100,단일계약,상주선임,R형,고가수조식,위탁관리,33,501,964,무,151,"관리사무소, 노인정, 어린이놀이터",5분이내,"2호선, 동해선",,15~20분이내,관공서(좌4동사무소) 병원(해운대백병원) 대형상가(엔씨백화점) 공원(대천공원),초등학교(상당) 중학교(상당) 고등학교(양운),19,10,Y
2026-08,A61203037,대림1차아파트,해운대구,좌동,1424.0,0,0,0.0,0.0,0.0,0.0,0.0,,,,,True,산정 불완전,평형별 세대수 보완 필요,c38eb7731a2edbf2c405dc922468ded84aa651100a03e86668e60fb8b6b0b8e7,[],현재 확보 자료로 재구성한 과거 추정치; 과거 세대 구성 미확인,False,555b475dcef496b2254b825ba10b0724d7994196dba4c4e18f34e7f5aa4db599,54cb25d3544257419c8c9faa1ee168a8848dbea69689888cc0985fdd2c7a4797,5fb6c1e071a73763f6eb52e67a11f05f6d609819ae4f39c925745faf40f5b4fd,8b30a9aec44c70f7b04a7800,2026-09-17T13:53:18.573481+09:00,대림1차아파트,2635010700,부산광역시,해운대구,좌동,,부산광역시 해운대구 좌동 1396 대림1차아파트,분양,지역난방,186761.0,19,1424.0,대림건설,대림건설,0517016041, ,아파트,부산광역시 해운대구 대천로103번길 47,위탁관리,계단식,19961213,0517016043,1430,159248.2,660.0,288.0,424.0,52.0,125289.836,26,26,0,33,48075,위탁관리,14,(주)명건,위탁관리,20,(주)듀델코리아,위탁관리,10,음식물쓰레기종량제,위탁관리,3,분무식,철근콘크리트구조,4050,종합계약,상주선임,R형,고가수조식,위탁관리,66,576,935,유,162,,5분이내,2호선,,15~20분이내,관공서(좌4동사무소) 병원(상기종치과) 대형상가(2001아웃렛) 공원(대천공원),초등학교(상당) 중학교(상당) 고등학교(양운),31,0,Y
2026-08,A61203038,SKVIEW아파트,해운대구,좌동,1721.0,0,0,0.0,0.0,0.0,0.0,0.0,,,,,True,산정 불완전,평형별 세대수 보완 필요,c38eb7731a2edbf2c405dc922468ded84aa651100a03e86668e60fb8b6b0b8e7,[],현재 확보 자료로 재구성한 과거 추정치; 과거 세대 구성 미확인,False,555b475dcef496b2254b825ba10b0724d7994196dba4c4e18f34e7f5aa4db599,54cb25d3544257419c8c9faa1ee168a8848dbea69689888cc0985fdd2c7a4797,5fb6c1e071a73763f6eb52e67a11f05f6d609819ae4f39c925745faf40f5b4fd,8b30a9aec44c70f7b04a7800,2026-09-17T13:53:18.573481+09:00,SKVIEW아파트,2635010700,부산광역시,해운대구,좌동,,부산광역시 해운대구 좌동 1450 SKVIEW아파트,분양,지역난방,150999.0,16,1721.0,sk건설,대한주택공사,0517044008, ,아파트,부산광역시 해운대구 청사포로 12,위탁관리,혼합식,19980302,0519194008,1721,131015.32,1721.0,0.0,0.0,0.0,97295.03,25,25,0,35,48113,위탁관리,11,(주)우림종합관리,위탁관리,12,우림종합관리(주),위탁관리,13,거점장비수거방식,위탁관리,4,분무식,철근콘크리트구조,2800,단일계약,상주선임,R형,고가수조식,위탁관리,35,408,642,무,125,,5분이내,,,10~15분이내,관공서(좌2동사무소) 병원() 대형상가(2001아웃렛) 공원(대천공원),초등학교(동백) 중학교(신곡) 고등학교(부흥),0,21,Y
2026-08,A61203039,해운대LG아파트,해운대구,좌동,1848.0,0,0,0.0,0.0,0.0,0.0,0.0,,,,,True,산정 불완전,평형별 세대수 보완 필요,c38eb7731a2edbf2c405dc922468ded84aa651100a03e86668e60fb8b6b0b8e7,[],현재 확보 자료로 재구성한 과거 추정치; 과거 세대 구성 미확인,False,555b475dcef496b2254b825ba10b0724d7994196dba4c4e18f34e7f5aa4db599,54cb25d3544257419c8c9faa1ee168a8848dbea69689888cc0985fdd2c7a4797,5fb6c1e071a73763f6eb52e67a11f05f6d609819ae4f39c925745faf40f5b4fd,8b30a9aec44c70f7b04a7800,2026-09-17T13:53:18.573481+09:00,해운대LG아파트,2635010700,부산광역시,해운대구,좌동,,부산광역시 해운대구 좌동 1398 해운대LG아파트,분양,지역난방,254308.22,24,1848.0,lg건설,lg건설,0517019198, ,아파트,부산광역시 해운대구 대천로103번길 61,위탁관리,혼합식,19961029,0517040958,1848,205349.69,832.0,376.0,552.0,88.0,164076.868,24,24,0,39,48075,위탁관리,17,(주)주우관리,위탁관리,14,(주)듀델코리아,위탁관리,16,음식물쓰레기종량제,위탁관리,3,분무식,철근콘크리트구조,5000,단일계약,상주선임,R형,고가수조식,위탁관리,39,450,1534,유,246,"관리사무소, 노인정, 보육시설, 어린이놀이터, 자전거보관소",5분이내,2호선,장산,15~20분이내,관공서(좌4동사무소) 병원(상기종치과) 대형상가(NC백화점) 공원(대천공원),초등학교(상당) 중학교(상당) 고등학교(양운),0,40,Y
2026-08,A61275302,해운대현대,해운대구,좌동,957.0,0,0,0.0,0.0,0.0,0.0,0.0,,,,,True,산정 불완전,평형별 세대수 보완 필요,c38eb7731a2edbf2c405dc922468ded84aa651100a03e86668e60fb8b6b0b8e7,[],현재 확보 자료로 재구성한 과거 추정치; 과거 세대 구성 미확인,False,555b475dcef496b2254b825ba10b0724d7994196dba4c4e18f34e7f5aa4db599,54cb25d3544257419c8c9faa1ee168a8848dbea69689888cc0985fdd2c7a4797,5fb6c1e071a73763f6eb52e67a11f05f6d609819ae4f39c925745faf40f5b4fd,8b30a9aec44c70f7b04a7800,2026-09-17T13:53:18.573481+09:00,해운대현대,2635010700,부산광역시,해운대구,좌동,,부산광역시 해운대구 좌동 1337 해운대현대,분양,지역난방,125877.0,12,957.0,현대산업개발,현대산업개발,0517475231, ,아파트,부산광역시 해운대구 양운로37번길 11,위탁관리,계단식,19960530,0517475232,957,104434.19,430.0,195.0,332.0,0.0,81339.11,23,23,0,23,48104,위탁관리,8,(주)주우관리,위탁관리,8,듀델코리아,위탁관리,10,음식물쓰레기종량제,위탁관리,3,분무식,철근콘크리트구조,2650,단일계약,상주선임,R형,고가수조식,위탁관리,23,251,743,무,154,"관리사무소, 노인정, 주민공동시설, 어린이놀이터",5분이내,2호선,,5~10분이내,관공서(좌2동사무소) 병원(최수영외과) 대형상가(2001아웃렛) 공원(대천공원),초등학교(해송) 중학교(동백) 고등학교(부흥),0,4,Y
2026-08,A61204001,송정1단지주공아파트,해운대구,송정동,828.0,0,0,0.0,0.0,0.0,0.0,0.0,,,,,True,산정 불완전,평형별 세대수 보완 필요; 임대·혼합 또는 분양 범위 미확인,c38eb7731a2edbf2c405dc922468ded84aa651100a03e86668e60fb8b6b0b8e7,[],현재 확보 자료로 재구성한 과거 추정치; 과거 세대 구성 미확인,False,555b475dcef496b2254b825ba10b0724d7994196dba4c4e18f34e7f5aa4db599,54cb25d3544257419c8c9faa1ee168a8848dbea69689888cc0985fdd2c7a4797,5fb6c1e071a73763f6eb52e67a11f05f6d609819ae4f39c925745faf40f5b4fd,8b30a9aec44c70f7b04a7800,2026-09-17T13:53:18.573481+09:00,송정1단지주공아파트,2635010800,부산광역시,해운대구,송정동,,부산광역시 해운대구 송정동 929 송정1단지주공아파트,임대,개별난방,59111.0,8,828.0,신일건설,한국토지주택공사,0517022830, ,아파트,부산광역시 해운대구 송정1로 20,위탁관리,혼합식,20070406,0517022831,828,35419.43,828.0,0.0,0.0,0.0,35419.4,18,18,1,16,48068,위탁관리,6,나라솔루션(주),위탁관리,6,나라솔루션주식회사,위탁관리,5,차량수거방식,위탁관리,3,"도포식,분무식",철근콘크리트구조,1200,단일계약,상주선임,R형,부스타방식,위탁관리,16,356,229,무,68,"관리사무소, 노인정, 보육시설, 주민공동시설, 어린이놀이터, 휴게시설, 자전거보관소",5~10분이내,2호선,,20분초과,,초등학교(송정초등학교),0,12,Y
2026-08,A61204002,부산송정2휴먼시아,해운대구,송정동,890.0,0,0,0.0,0.0,0.0,0.0,0.0,,,,,True,산정 불완전,평형별 세대수 보완 필요; 임대·혼합 또는 분양 범위 미확인,c38eb7731a2edbf2c405dc922468ded84aa651100a03e86668e60fb8b6b0b8e7,[],현재 확보 자료로 재구성한 과거 추정치; 과거 세대 구성 미확인,False,555b475dcef496b2254b825ba10b0724d7994196dba4c4e18f34e7f5aa4db599,54cb25d3544257419c8c9faa1ee168a8848dbea69689888cc0985fdd2c7a4797,5fb6c1e071a73763f6eb52e67a11f05f6d609819ae4f39c925745faf40f5b4fd,8b30a9aec44c70f7b04a7800,2026-09-17T13:53:18.573481+09:00,부산송정2휴먼시아,2635010800,부산광역시,해운대구,송정동,,부산광역시 해운대구 송정동 934 부산송정2휴먼시아,임대,개별난방,83716.13,6,890.0,경남기업,한국토지주택공사,0517020596, ,아파트,부산광역시 해운대구 해운대로 1188,위탁관리,혼합식,20100701,0517020598,901,48412.18,890.0,0.0,0.0,0.0,48412.18,25,25,1,14,48069,위탁관리,7,(주)고태,위탁관리,6,(주)고태,위탁관리,6,음식물쓰레기종량제,위탁관리,4,분무식,철근콘크리트구조,1450,단일계약,상주선임,R형,부스타방식,위탁관리,28,508,392,무,89,"관리사무소, 노인정, 보육시설, 문고, 주민공동시설, 어린이놀이터, 유치원, 커뮤니티공간, 자전거보관소",5분이내,"2호선, 부산-김해경전철",,15~20분이내,관공서(해운대구청) 병원(부산백병원) 백화점(NC백화점) 대형상가(롯데쇼핑몰) 공원() 기타(송정해수욕장),"초등학교(송정초등학교) 중학교(부흥중학교) 고등학교(부흥고등학교) 대학교(영산대학교, 경상대학)",0,18,Y
2026-08,A10023440,힐스테이트사하역 아파트,사하구,괴정동,1314.0,0,0,0.0,0.0,0.0,0.0,0.0,,,,,True,산정 불완전,평형별 세대수 보완 필요,c38eb7731a2edbf2c405dc922468ded84aa651100a03e86668e60fb8b6b0b8e7,[],현재 확보 자료로 재구성한 과거 추정치; 과거 세대 구성 미확인,False,555b475dcef496b2254b825ba10b0724d7994196dba4c4e18f34e7f5aa4db599,54cb25d3544257419c8c9faa1ee168a8848dbea69689888cc0985fdd2c7a4797,5fb6c1e071a73763f6eb52e67a11f05f6d609819ae4f39c925745faf40f5b4fd,8b30a9aec44c70f7b04a7800,2026-09-17T13:53:18.573481+09:00,힐스테이트사하역 아파트,2638010100,부산광역시,사하구,괴정동,,부산광역시 사하구 괴정동 1208 힐스테이트사하역 아파트,분양,개별난방,222977.42,12,1314.0,현대엔지니어링,우리자산신탁(주),0512924445,www.aptree.co.kr/home,아파트,부산광역시 사하구 괴정로 166,위탁관리,계단식,20221228,0512924443,1314,152244.19,0.0,1238.0,76.0,0.0,113356.4006,38,38,2,0,49406,위탁관리,11,(주)하나종합관리,위탁관리,8,(주)에스원,위탁관리,13,음식물쓰레기종량제,위탁관리,3,도포식,철근콘크리트구조,8000,종합계약,상주선임,R형,부스타방식,위탁관리,46,0,1566,유,443,"관리사무소, 노인정, 보육시설, 문고, 주민공동시설, 어린이놀이터, 휴게시설, 커뮤니티공간, 자전거보관소, 기타",5~10분이내,1호선,,5~10분이내,관공서(사하구청),,0,76,Y
2026-08,A10023969,사하한신더휴아파트,사하구,괴정동,835.0,0,0,0.0,0.0,0.0,0.0,0.0,,,,,True,산정 불완전,평형별 세대수 보완 필요; 임대·혼합 또는 분양 범위 미확인,c38eb7731a2edbf2c405dc922468ded84aa651100a03e86668e60fb8b6b0b8e7,[],현재 확보 자료로 재구성한 과거 추정치; 과거 세대 구성 미확인,False,555b475dcef496b2254b825ba10b0724d7994196dba4c4e18f34e7f5aa4db599,54cb25d3544257419c8c9faa1ee168a8848dbea69689888cc0985fdd2c7a4797,5fb6c1e071a73763f6eb52e67a11f05f6d609819ae4f39c925745faf40f5b4fd,8b30a9aec44c70f7b04a7800,2026-09-17T13:53:18.573481+09:00,사하한신더휴아파트,2638010100,부산광역시,사하구,괴정동,,부산광역시 사하구 괴정동 218-32 사하한신더휴아파트,혼합,개별난방,119150.43,11,835.0,한신공영(주),괴정2구역 주택재개발 정비사업 조합,0512949606, ,아파트,부산광역시 사하구 사리로 106,위탁관리,계단식,20220610,0512949607,835,80893.34,415.0,420.0,0.0,0.0,58406.2109,29,29,3,21,49319,위탁관리,8,(주)디이씨오,위탁관리,6,(주)비씨에스,위탁관리,10,음식물쓰레기종량제,위탁관리,4,분무식,철골철근콘크리트구조,4750,종합계약,상주선임,GR형,부스타방식,위탁관리,21,5,897,유,284,,5~10분이내,,,5~10분이내,,,0,5,Y
2026-08,A10024383,사하역비스타동원,사하구,괴정동,513.0,0,0,0.0,0.0,0.0,0.0,0.0,,,,,True,산정 불완전,평형별 세대수 보완 필요,c38eb7731a2edbf2c405dc922468ded84aa651100a03e86668e60fb8b6b0b8e7,[],현재 확보 자료로 재구성한 과거 추정치; 과거 세대 구성 미확인,False,555b475dcef496b2254b825ba10b0724d7994196dba4c4e18f34e7f5aa4db599,54cb25d3544257419c8c9faa1ee168a8848dbea69689888cc0985fdd2c7a4797,5fb6c1e071a73763f6eb52e67a11f05f6d609819ae4f39c925745faf40f5b4fd,8b30a9aec44c70f7b04a7800,2026-09-17T13:53:18.573481+09:00,사하역비스타동원,2638010100,부산광역시,사하구,괴정동,,부산광역시 사하구 괴정동 1284 사하역비스타동원,분양,개별난방,55093.867,4,513.0,동원개발,괴정지역주택조합,0512715501, ,아파트,부산광역시 사하구 낙동대로 280,위탁관리,계단식,20210126,0512715502,513,53656.305,0.0,513.0,0.0,0.0,41337.3627,32,32,4,13,49343,위탁관리,5,(주)청풍산업,위탁관리,4,(주)태협,위탁관리,5,음식물쓰레기종량제,위탁관리,3,"도포식,분무식",철골철근콘크리트구조,2400,종합계약,상주선임,R형,부스타방식,위탁관리,13,0,616,유,198,"관리사무소, 노인정, 보육시설, 주민공동시설, 어린이놀이터, 휴게시설, 유치원, 커뮤니티공간, 자전거보관소",5분이내,1호선,,5분이내,관공서(사하구청) 병원(),초등학교() 중학교() 고등학교() 대학교(),0,13,Y
2026-08,A60471810,당리푸르지오,사하구,당리동,542.0,0,0,0.0,0.0,0.0,0.0,0.0,,,,,True,산정 불완전,평형별 세대수 보완 필요,c38eb7731a2edbf2c405dc922468ded84aa651100a03e86668e60fb8b6b0b8e7,[],현재 확보 자료로 재구성한 과거 추정치; 과거 세대 구성 미확인,False,555b475dcef496b2254b825ba10b0724d7994196dba4c4e18f34e7f5aa4db599,54cb25d3544257419c8c9faa1ee168a8848dbea69689888cc0985fdd2c7a4797,5fb6c1e071a73763f6eb52e67a11f05f6d609819ae4f39c925745faf40f5b4fd,8b30a9aec44c70f7b04a7800,2026-09-17T13:53:18.573481+09:00,당리푸르지오,2638010200,부산광역시,사하구,당리동,,부산광역시 사하구 당리동 572 당리푸르지오,분양,개별난방,93342.0,5,542.0,(주)대우건설,당리1지구주택재개발정비사업조함,0512022245, ,아파트,부산광역시 사하구 승학로71번길 30,위탁관리,계단식,20130724,0512022246,542,48754.62,98.0,248.0,171.0,25.0,48755.5576,26,26,3,13,49322,위탁관리,5,(주)에이비씨서비스,위탁관리,6,(주)목평인력개발,위탁관리,6,음식물쓰레기종량제,위탁관리,3,분무식,철근콘크리트구조,2500,단일계약,상주선임,P형,부스타방식,위탁관리,14,0,749,유,160,"관리사무소, 노인정, 보육시설, 문고, 주민공동시설, 어린이놀이터, 자전거보관소",5분이내,1호선,,5분이내,"관공서(사하구청) 병원(괴정병원) 백화점(롯데광복백화점) 대형상가(뉴코아아울렛,탑마트) 공원(에덴공원)","초등학교(당리초등교,낙동초등교,사동초등교) 중학교(사하중교,부산서여중교,건국중교) 고등학교(건국고교) 대학교(동아대학교승학캠퍼스,동주대학)",0,15,Y
2026-08,A60402003,하단 SK VIEW 아파트,사하구,하단동,1828.0,0,0,0.0,0.0,0.0,0.0,0.0,,,,,True,산정 불완전,평형별 세대수 보완 필요,c38eb7731a2edbf2c405dc922468ded84aa651100a03e86668e60fb8b6b0b8e7,[],현재 확보 자료로 재구성한 과거 추정치; 과거 세대 구성 미확인,False,555b475dcef496b2254b825ba10b0724d7994196dba4c4e18f34e7f5aa4db599,54cb25d3544257419c8c9faa1ee168a8848dbea69689888cc0985fdd2c7a4797,5fb6c1e071a73763f6eb52e67a11f05f6d609819ae4f39c925745faf40f5b4fd,8b30a9aec44c70f7b04a7800,2026-09-17T13:53:18.573481+09:00,하단 SK VIEW 아파트,2638010300,부산광역시,사하구,하단동,,부산광역시 사하구 하단동 1217-1 하단 SK VIEW 아파트,분양,개별난방,216003.6,17,1828.0,sk건설,sk건설,0512075557,http://www.hadanskview.com,아파트,부산광역시 사하구 하신번영로 400,위탁관리,계단식,20040531,0512941575,1828,182128.38,481.0,1201.0,146.0,0.0,144070.6082,25,25,2,38,49302,위탁관리,13,(주)삼성T.M.S,위탁관리,26,세명엔터프라이즈,위탁관리,18,음식물쓰레기종량제,위탁관리,3,분무식,철근콘크리트구조,3850,단일계약,상주선임,GR형,부스타방식,위탁관리,38,774,1084,유,175,"관리사무소, 노인정, 보육시설, 문고, 주민공동시설, 어린이놀이터, 휴게시설, 커뮤니티공간, 자전거보관소, 기타",5~10분이내,1호선,,15~20분이내,관공서(사하구청) 병원(은혜소아과) 공원(에덴공원),"초등학교(낙동초교, 을숙도초교) 중학교(건국중교) 고등학교(건국고교) 대학교(동아대학교)",0,38,Y
2026-08,A60474905,한신혜성아파트,사하구,하단동,533.0,0,0,0.0,0.0,0.0,0.0,0.0,,,,,True,산정 불완전,평형별 세대수 보완 필요,c38eb7731a2edbf2c405dc922468ded84aa651100a03e86668e60fb8b6b0b8e7,[],현재 확보 자료로 재구성한 과거 추정치; 과거 세대 구성 미확인,False,555b475dcef496b2254b825ba10b0724d7994196dba4c4e18f34e7f5aa4db599,54cb25d3544257419c8c9faa1ee168a8848dbea69689888cc0985fdd2c7a4797,5fb6c1e071a73763f6eb52e67a11f05f6d609819ae4f39c925745faf40f5b4fd,8b30a9aec44c70f7b04a7800,2026-09-17T13:53:18.573481+09:00,한신혜성아파트,2638010300,부산광역시,사하구,하단동,,부산광역시 사하구 하단동 277-2 한신혜성아파트,분양,개별난방,61268.0,4,533.0,한신공영(주),혜성개발,0512039882, ,아파트,부산광역시 사하구 동매로 120,자치관리,혼합식,19960507,0512039858,533,53693.72,283.0,200.0,50.0,0.0,40499.28,25,25,0,0,49415,자치관리,5,,위탁관리,4,(주)한특,위탁관리,5,음식물쓰레기종량제,위탁관리,6,"분무식,기구부착식,독이식",철근콘크리트구조,500,단일계약,위탁선임,P형,부스타방식,위탁관리,11,129,225,무,68,"관리사무소, 노인정, 어린이놀이터, 휴게시설, 자전거보관소",5~10분이내,1호선,,5분이내,관공서(사하구청) 병원(혜경한의원) 대형상가(아트몰링) 공원(에덴공원),"초등학교(당리초교, 낙동초교, 하단초교) 중학교(건국중교) 고등학교(건국고교) 대학교(동아대학교)",5,5,Y
2026-08,A60476101,가락타운1단지아파트,사하구,하단동,1746.0,0,0,0.0,0.0,0.0,0.0,0.0,,,,,True,산정 불완전,평형별 세대수 보완 필요,c38eb7731a2edbf2c405dc922468ded84aa651100a03e86668e60fb8b6b0b8e7,[],현재 확보 자료로 재구성한 과거 추정치; 과거 세대 구성 미확인,False,555b475dcef496b2254b825ba10b0724d7994196dba4c4e18f34e7f5aa4db599,54cb25d3544257419c8c9faa1ee168a8848dbea69689888cc0985fdd2c7a4797,5fb6c1e071a73763f6eb52e67a11f05f6d609819ae4f39c925745faf40f5b4fd,8b30a9aec44c70f7b04a7800,2026-09-17T13:53:18.573481+09:00,가락타운1단지아파트,2638010300,부산광역시,사하구,하단동,,부산광역시 사하구 하단동 365 가락타운1단지아파트,분양,개별난방,195664.0,18,1746.0,"현대산업개발(주),벽산건설(주)",현대산업개발(주),0512049566,cafe.daum.net/garak1town,아파트,부산광역시 사하구 하신번영로 365,위탁관리,계단식,19920914,0519919161,1746,189281.95,0.0,1746.0,0.0,0.0,147246.78,20,20,1,51,49305,위탁관리,12,(주)삼성T.M.S,위탁관리,30,(주)삼성티엠에스,위탁관리,10,음식물쓰레기종량제,위탁관리,3,"도포식,분무식",철근콘크리트구조,4700,단일계약,상주선임,P형,부스타방식,위탁관리,51,1065,207,무,218,"관리사무소, 노인정, 어린이놀이터, 유치원, 자전거보관소",5~10분이내,1호선,,15~20분이내,"관공서(사하구청,동사무소) 병원(한솔한의원) 공원(에덴공원,쌈지공원)","초등학교(낙동초교, 하단초교) 중학교(건국중교) 고등학교(건국고교) 대학교(동아대학교)",0,26,Y
2026-08,A60476206,가락타운2.3단지아파트,사하구,하단동,2980.0,0,0,0.0,0.0,0.0,0.0,0.0,,,,,True,산정 불완전,평형별 세대수 보완 필요,c38eb7731a2edbf2c405dc922468ded84aa651100a03e86668e60fb8b6b0b8e7,[],현재 확보 자료로 재구성한 과거 추정치; 과거 세대 구성 미확인,False,555b475dcef496b2254b825ba10b0724d7994196dba4c4e18f34e7f5aa4db599,54cb25d3544257419c8c9faa1ee168a8848dbea69689888cc0985fdd2c7a4797,5fb6c1e071a73763f6eb52e67a11f05f6d609819ae4f39c925745faf40f5b4fd,8b30a9aec44c70f7b04a7800,2026-09-17T13:53:18.573481+09:00,가락타운2.3단지아파트,2638010300,부산광역시,사하구,하단동,,부산광역시 사하구 하단동 1175 가락타운2.3단지아파트,분양,개별난방,375820.34,35,2980.0,"SK건설, 벽산건설",가락타운합동업단,0512047668,https://aptree.co.kr/home/user/2036/,아파트,부산광역시 사하구 하신번영로 233,자치관리,계단식,19920914,0512047670,2980,345210.62,0.0,2372.0,320.0,288.0,280628.88,24,24,1,87,49430,자치관리,16,,위탁관리,52,세호종합관리(주),위탁관리,26,음식물쓰레기종량제,위탁관리,3,분무식,철근콘크리트구조,7200,단일계약,상주선임,P형,고가수조식,위탁관리,87,1652,625,무,352,"관리사무소, 노인정, 보육시설, 주민공동시설, 어린이놀이터, 휴게시설, 유치원, 자전거보관소",5분이내,1호선,,5~10분이내,관공서(사하구청) 병원(창신한의원) 공원(에덴공원),"초등학교(낙동초교, 하단초교) 중학교(건국중교) 고등학교(건국고교) 대학교(동아대학교)",0,29,Y
2026-08,A10023928,사하코오롱하늘채아파트,사하구,신평동,969.0,0,0,0.0,0.0,0.0,0.0,0.0,,,,,True,산정 불완전,평형별 세대수 보완 필요,c38eb7731a2edbf2c405dc922468ded84aa651100a03e86668e60fb8b6b0b8e7,[],현재 확보 자료로 재구성한 과거 추정치; 과거 세대 구성 미확인,False,555b475dcef496b2254b825ba10b0724d7994196dba4c4e18f34e7f5aa4db599,54cb25d3544257419c8c9faa1ee168a8848dbea69689888cc0985fdd2c7a4797,5fb6c1e071a73763f6eb52e67a11f05f6d609819ae4f39c925745faf40f5b4fd,8b30a9aec44c70f7b04a7800,2026-09-17T13:53:18.573481+09:00,사하코오롱하늘채아파트,2638010400,부산광역시,사하구,신평동,,부산광역시 사하구 신평동 674 사하코오롱하늘채아파트,분양,개별난방,134268.0,11,969.0,(주)코오롱글로벌,신평지역주택조합,0512949111, ,아파트,부산광역시 사하구 신산북로 41,위탁관리,계단식,20211231,0512949110,969,94354.55,445.0,524.0,0.0,0.0,69644.8521,29,29,3,30,49420,위탁관리,10,(주)케이비아주,위탁관리,6,에스케이쉴더스 주식회사,위탁관리,11,음식물쓰레기종량제,위탁관리,4,분무식,철근콘크리트구조,5882,종합계약,상주선임,GR형,부스타방식,위탁관리,30,0,1042,유,254,"관리사무소, 노인정, 보육시설, 문고, 주민공동시설, 어린이놀이터, 휴게시설, 유치원, 커뮤니티공간, 자전거보관소",5~10분이내,1호선,,10~15분이내,관공서(사하구청 051-220-4000) 병원(사하보건소051-220-5701) 대형상가(신평탑마트),"초등학교(신평초등학교) 중학교(하남중학교) 고등학교(성일여고, 대동고등학교) 대학교(동아대학교)",0,21,Y
2026-08,A10027236,사하뷰웰아파트,사하구,신평동,900.0,0,0,0.0,0.0,0.0,0.0,0.0,,,,,True,산정 불완전,평형별 세대수 보완 필요,c38eb7731a2edbf2c405dc922468ded84aa651100a03e86668e60fb8b6b0b8e7,[],현재 확보 자료로 재구성한 과거 추정치; 과거 세대 구성 미확인,False,555b475dcef496b2254b825ba10b0724d7994196dba4c4e18f34e7f5aa4db599,54cb25d3544257419c8c9faa1ee168a8848dbea69689888cc0985fdd2c7a4797,5fb6c1e071a73763f6eb52e67a11f05f6d609819ae4f39c925745faf40f5b4fd,8b30a9aec44c70f7b04a7800,2026-09-17T13:53:18.573481+09:00,사하뷰웰아파트,2638010400,부산광역시,사하구,신평동,,부산광역시 사하구 신평동 669 사하뷰웰아파트,분양,개별난방,127691.0,13,900.0,동광건설,LH,0512948601,www.apthome.co.kr/2118,아파트,부산광역시 사하구 신산북로 43,위탁관리,계단식,20161202,0512948603,900,96202.1,0.0,900.0,0.0,0.0,73679.66,22,22,2,28,49418,위탁관리,8,(주)하나종합관리,위탁관리,6,(주)장천,위탁관리,9,음식물쓰레기종량제,위탁관리,3,"도포식,분무식",철근콘크리트구조,4200,단일계약,상주선임,R형,부스타방식,위탁관리,28,171,795,유,195,"관리사무소, 노인정, 보육시설, 문고, 주민공동시설, 어린이놀이터, 휴게시설, 커뮤니티공간, 자전거보관소",5~10분이내,1호선,,5~10분이내,"관공서(사하소방서) 대형상가(롯데마트, 홈플러스)",초등학교(신평초등학교) 고등학교(성일여자고등학교),6,20,Y
2026-08,A60403002,신평럭키무지개타운아파트,사하구,신평동,505.0,0,0,0.0,0.0,0.0,0.0,0.0,,,,,True,산정 불완전,평형별 세대수 보완 필요,c38eb7731a2edbf2c405dc922468ded84aa651100a03e86668e60fb8b6b0b8e7,[],현재 확보 자료로 재구성한 과거 추정치; 과거 세대 구성 미확인,False,555b475dcef496b2254b825ba10b0724d7994196dba4c4e18f34e7f5aa4db599,54cb25d3544257419c8c9faa1ee168a8848dbea69689888cc0985fdd2c7a4797,5fb6c1e071a73763f6eb52e67a11f05f6d609819ae4f39c925745faf40f5b4fd,8b30a9aec44c70f7b04a7800,2026-09-17T13:53:18.573481+09:00,신평럭키무지개타운아파트,2638010400,부산광역시,사하구,신평동,,부산광역시 사하구 신평동 206-1 신평럭키무지개타운아파트,분양,개별난방,64972.34,4,505.0,(주)부원,(주)부원,0512065919, ,아파트,부산광역시 사하구 신산북로43번길 43,자치관리,혼합식,19900725,0512050199,505,57190.07,75.0,310.0,0.0,120.0,46638.05,15,15,0,14,49418,자치관리,5,,위탁관리,4,태영개발(주),위탁관리,4,거점장비수거방식,위탁관리,3,분무식,철근콘크리트구조,1250,단일계약,상주선임,P형,고가수조식,위탁관리(직영+위탁),14,400,0,무,55,"관리사무소, 노인정, 어린이놀이터",5~10분이내,1호선,,10~15분이내,"관공서(사하소방서, 사하우체국, 주민자치센터) 병원(전성업치과의원. 박종남내과의원, 강동병원)",초등학교(신평초교) 고등학교(성일여자고등학교),8,0,Y
2026-08,A60475903,신익강변타운아파트,사하구,신평동,937.0,0,0,0.0,0.0,0.0,0.0,0.0,,,,,True,산정 불완전,평형별 세대수 보완 필요,c38eb7731a2edbf2c405dc922468ded84aa651100a03e86668e60fb8b6b0b8e7,[],현재 확보 자료로 재구성한 과거 추정치; 과거 세대 구성 미확인,False,555b475dcef496b2254b825ba10b0724d7994196dba4c4e18f34e7f5aa4db599,54cb25d3544257419c8c9faa1ee168a8848dbea69689888cc0985fdd2c7a4797,5fb6c1e071a73763f6eb52e67a11f05f6d609819ae4f39c925745faf40f5b4fd,8b30a9aec44c70f7b04a7800,2026-09-17T13:53:18.573481+09:00,신익강변타운아파트,2638010400,부산광역시,사하구,신평동,,부산광역시 사하구 신평동 408 신익강변타운아파트,분양,개별난방,113069.0,8,937.0,현대건설,신익개발(주),0512923068,shinik-org,아파트,부산광역시 사하구 하신중앙로 180,위탁관리,혼합식,19920325,0512056555,937,86944.9,0.0,670.0,237.0,30.0,86944.939,15,15,1,29,49419,위탁관리,7,(주)케이비아주,위탁관리,8,(주)경동기업,위탁관리,5,음식물쓰레기종량제,위탁관리,4,"분무식,기구부착식",철근콘크리트구조,2200,단일계약,상주선임,R형,부스타방식,위탁관리,29,323,178,유,128,"관리사무소, 노인정, 주민공동시설, 어린이놀이터, 휴게시설, 유치원",5분이내,1호선,,5분이내,"관공서(사하구보건소, 사하구노인복지관, 동사무소) 병원(의원) 대형상가(탑마트) 공원(신평레포츠공원) 기타(신평테니스장)","초등학교(신남초교, 하남초교) 중학교(하남중교)",3,23,Y
2026-08,A60476805,신평현대아파트,사하구,신평동,992.0,0,0,0.0,0.0,0.0,0.0,0.0,,,,,True,산정 불완전,평형별 세대수 보완 필요,c38eb7731a2edbf2c405dc922468ded84aa651100a03e86668e60fb8b6b0b8e7,[],현재 확보 자료로 재구성한 과거 추정치; 과거 세대 구성 미확인,False,555b475dcef496b2254b825ba10b0724d7994196dba4c4e18f34e7f5aa4db599,54cb25d3544257419c8c9faa1ee168a8848dbea69689888cc0985fdd2c7a4797,5fb6c1e071a73763f6eb52e67a11f05f6d609819ae4f39c925745faf40f5b4fd,8b30a9aec44c70f7b04a7800,2026-09-17T13:53:18.573481+09:00,신평현대아파트,2638010400,부산광역시,사하구,신평동,,부산광역시 사하구 신평동 400 신평현대아파트,분양,개별난방,98554.46,4,992.0,현대산업개발,교직원 조합,0512932611, ,아파트,부산광역시 사하구 하신중앙로 170,위탁관리,계단식,19941217,0512932612,992,98554.46,180.0,812.0,0.0,0.0,78618.06,25,25,1,23,49419,위탁관리,7,(주)삼성T.M.S,위탁관리,9,(주)경동기업,위탁관리,6,음식물쓰레기종량제,위탁관리,5,분무식,철근콘크리트구조,3250,단일계약,상주선임,R형,부스타방식,위탁관리,23,606,271,무,115,"관리사무소, 노인정, 보육시설, 어린이놀이터, 유치원, 자전거보관소",5~10분이내,1호선,,5~10분이내,병원(청아치과),"초등학교(신남초교, 하남초교) 중학교(하남중교)",0,26,Y
2026-08,A60483404,신평한신아파트,사하구,신평동,937.0,0,0,0.0,0.0,0.0,0.0,0.0,,,,,True,산정 불완전,평형별 세대수 보완 필요,c38eb7731a2edbf2c405dc922468ded84aa651100a03e86668e60fb8b6b0b8e7,[],현재 확보 자료로 재구성한 과거 추정치; 과거 세대 구성 미확인,False,555b475dcef496b2254b825ba10b0724d7994196dba4c4e18f34e7f5aa4db599,54cb25d3544257419c8c9faa1ee168a8848dbea69689888cc0985fdd2c7a4797,5fb6c1e071a73763f6eb52e67a11f05f6d609819ae4f39c925745faf40f5b4fd,8b30a9aec44c70f7b04a7800,2026-09-17T13:53:18.573481+09:00,신평한신아파트,2638010400,부산광역시,사하구,신평동,,부산광역시 사하구 신평동 425 신평한신아파트,분양,개별난방,129620.61,6,937.0,한신공영(주),신익개발(주),0512924015, ,아파트,부산광역시 사하구 비봉로 42,위탁관리,계단식,19931214,0512073745,937,112826.95,0.0,683.0,80.0,174.0,91454.18,25,25,4,0,49419,위탁관리,6,(주)명건,위탁관리,7,(주)비엔에이서비스,위탁관리,7,음식물쓰레기종량제,위탁관리,4,분무식,철근콘크리트구조,1260,단일계약,상주선임,R형,고가수조식,위탁관리,21,316,423,무,115,"관리사무소, 노인정, 어린이놀이터, 자전거보관소",5~10분이내,1호선,,5~10분이내,"관공서(사하구보건소,사하구노인복지관,동사무소) 병원(청아치과) 대형상가(탑마트) 공원()","초등학교(신남초교, 하남초교) 중학교(하남중교)",20,0,Y
2026-08,A10022280,두산위브더센트럴사하,사하구,장림동,1643.0,0,0,0.0,0.0,0.0,0.0,0.0,,,,,True,산정 불완전,평형별 세대수 보완 필요,c38eb7731a2edbf2c405dc922468ded84aa651100a03e86668e60fb8b6b0b8e7,[],현재 확보 자료로 재구성한 과거 추정치; 과거 세대 구성 미확인,False,555b475dcef496b2254b825ba10b0724d7994196dba4c4e18f34e7f5aa4db599,54cb25d3544257419c8c9faa1ee168a8848dbea69689888cc0985fdd2c7a4797,5fb6c1e071a73763f6eb52e67a11f05f6d609819ae4f39c925745faf40f5b4fd,8b30a9aec44c70f7b04a7800,2026-09-17T13:53:18.573481+09:00,두산위브더센트럴사하,2638010500,부산광역시,사하구,장림동,,부산광역시 사하구 장림동 1154- 두산위브더센트럴사하,분양,개별난방,240658.0,13,0.0,두산건설(주),장림1구역주택재개발정비사업조합,0512635888, ,아파트,부산광역시 사하구 장림로 199,위탁관리,계단식,20240926,0512636888,1643,159959.16,0.0,0.0,0.0,0.0,117316.1449,35,35,2,34,,위탁관리,12,남부건업(주),위탁관리,,에스케이쉴더스    주식회사	,위탁관리,16,음식물쓰레기종량제,관리방식미정,,,철근콘크리트구조,6500,종합계약,상주선임,GR형,부스타방식,위탁관리,34,0,2020,유,497,"관리사무소, 노인정, 보육시설, 주민공동시설, 어린이놀이터, 휴게시설, 커뮤니티공간, 자전거보관소",10~15분이내,,,15~20분이내,,,0,63,Y
2026-08,A60474002,장림동원로얄듀크,사하구,장림동,1973.0,0,0,0.0,0.0,0.0,0.0,0.0,,,,,True,산정 불완전,평형별 세대수 보완 필요,c38eb7731a2edbf2c405dc922468ded84aa651100a03e86668e60fb8b6b0b8e7,[],현재 확보 자료로 재구성한 과거 추정치; 과거 세대 구성 미확인,False,555b475dcef496b2254b825ba10b0724d7994196dba4c4e18f34e7f5aa4db599,54cb25d3544257419c8c9faa1ee168a8848dbea69689888cc0985fdd2c7a4797,5fb6c1e071a73763f6eb52e67a11f05f6d609819ae4f39c925745faf40f5b4fd,8b30a9aec44c70f7b04a7800,2026-09-17T13:53:18.573481+09:00,장림동원로얄듀크,2638010500,부산광역시,사하구,장림동,,부산광역시 사하구 장림동 875 장림동원로얄듀크,분양,개별난방,232800.0,18,1973.0,(주)동원개발,(주)동원개발,0512649720, ,아파트,부산광역시 사하구 하신중앙로 2,위탁관리,계단식,20050104,0519619724,1973,173383.48,1444.0,529.0,0.0,0.0,131594.5617,25,25,3,41,49481,위탁관리,14,(주)HM우성,위탁관리,17,조은관리시스템(주),위탁관리,14,음식물쓰레기종량제,위탁관리,3,분무식,철근콘크리트구조,5800,단일계약,상주선임,R형,부스타방식,위탁관리,41,446,1543,무,359,"관리사무소, 노인정, 보육시설, 문고, 주민공동시설, 어린이놀이터, 휴게시설, 유치원, 커뮤니티공간, 자전거보관소",5~10분이내,1호선,,10~15분이내,"병원(하나병원,강동병원) 대형상가(롯데마트,홈에버장림점,패션카운티지존)","초등학교(보림초등학교,장림초등학교,효림초등학교) 중학교(영남중학교,장림여중교) 고등학교(국제금융고교,부산자동차고교,대동고교,부경정보과학고,동아고)",0,40,Y
2026-08,A60474516,장림신세대지큐빌아파트,사하구,장림동,990.0,0,0,0.0,0.0,0.0,0.0,0.0,,,,,True,산정 불완전,평형별 세대수 보완 필요,c38eb7731a2edbf2c405dc922468ded84aa651100a03e86668e60fb8b6b0b8e7,[],현재 확보 자료로 재구성한 과거 추정치; 과거 세대 구성 미확인,False,555b475dcef496b2254b825ba10b0724d7994196dba4c4e18f34e7f5aa4db599,54cb25d3544257419c8c9faa1ee168a8848dbea69689888cc0985fdd2c7a4797,5fb6c1e071a73763f6eb52e67a11f05f6d609819ae4f39c925745faf40f5b4fd,8b30a9aec44c70f7b04a7800,2026-09-17T13:53:18.573481+09:00,장림신세대지큐빌아파트,2638010500,부산광역시,사하구,장림동,,부산광역시 사하구 장림동 16 장림신세대지큐빌아파트,분양,개별난방,86180.375,7,990.0,신세대건설 주식회사,신세대건설 주식회사,0512655092, ,아파트,부산광역시 사하구 다대로277번길 85,위탁관리,혼합식,20030424,0512655091,990,67796.984,990.0,0.0,0.0,0.0,52960.39,25,25,0,18,49510,위탁관리,7,(주)디이씨오,위탁관리,6,(주)삼성티엠에스,위탁관리,7,음식물쓰레기종량제,위탁관리,4,분무식,철근콘크리트구조,2500,단일계약,상주선임,GR형,고가수조식,위탁관리,18,301,399,무,90,"관리사무소, 노인정, 보육시설, 주민공동시설, 어린이놀이터, 기타",5~10분이내,1호선,,5~10분이내,"병원(하나병원,강동병원) 대형상가(롯데마트,탑마트,패션카운티지존)","초등학교(장림초등학교,효림초등학교,다송초등학교) 중학교(영남중학교,장림여중교) 고등학교(국제금융고교,부산자동차고교,대동고교,부경정보과학고)",17,18,Y
2026-08,A60477315,장림현대아파트,사하구,장림동,828.0,0,0,0.0,0.0,0.0,0.0,0.0,,,,,True,산정 불완전,평형별 세대수 보완 필요,c38eb7731a2edbf2c405dc922468ded84aa651100a03e86668e60fb8b6b0b8e7,[],현재 확보 자료로 재구성한 과거 추정치; 과거 세대 구성 미확인,False,555b475dcef496b2254b825ba10b0724d7994196dba4c4e18f34e7f5aa4db599,54cb25d3544257419c8c9faa1ee168a8848dbea69689888cc0985fdd2c7a4797,5fb6c1e071a73763f6eb52e67a11f05f6d609819ae4f39c925745faf40f5b4fd,8b30a9aec44c70f7b04a7800,2026-09-17T13:53:18.573481+09:00,장림현대아파트,2638010500,부산광역시,사하구,장림동,,부산광역시 사하구 장림동 372-4 장림현대아파트,분양,개별난방,70790.39,12,828.0,현대건설,현대건설,0512618350, ,아파트,부산광역시 사하구 다대로 301,위탁관리,계단식,19891020,0512618351,828,70790.39,0.0,828.0,0.0,0.0,60177.96,6,6,0,0,49511,위탁관리,4,(주)삼성T.M.S,위탁관리,6,(주)목평인력개발,위탁관리,4,음식물쓰레기종량제,위탁관리,4,분무식,철근콘크리트구조,118,기타,위탁선임,P형,고가수조식,,0,618,0,무,36,"관리사무소, 노인정, 어린이놀이터, 유치원",5분이내,1호선,,5~10분이내,"병원(하나병원,강동병원) 대형상가(롯데마트,홈플러스장림점,패션카운티지존)","초등학교(장림초등학교,효림초등학교,다송초등학교) 중학교(영남중학교,장림여중교) 고등학교(국제금융고교,부산자동차고교,대동고교,부경보건고)",12,0,Y
2026-08,A60484514,장림협성르네상스타운,사하구,장림동,650.0,0,0,0.0,0.0,0.0,0.0,0.0,,,,,True,산정 불완전,평형별 세대수 보완 필요,c38eb7731a2edbf2c405dc922468ded84aa651100a03e86668e60fb8b6b0b8e7,[],현재 확보 자료로 재구성한 과거 추정치; 과거 세대 구성 미확인,False,555b475dcef496b2254b825ba10b0724d7994196dba4c4e18f34e7f5aa4db599,54cb25d3544257419c8c9faa1ee168a8848dbea69689888cc0985fdd2c7a4797,5fb6c1e071a73763f6eb52e67a11f05f6d609819ae4f39c925745faf40f5b4fd,8b30a9aec44c70f7b04a7800,2026-09-17T13:53:18.573481+09:00,장림협성르네상스타운,2638010500,부산광역시,사하구,장림동,,부산광역시 사하구 장림동 585-1 장림협성르네상스타운,분양,개별난방,83494.17,6,650.0,(주)협성종합건업,협성르네상스(주),0512630496, ,아파트,부산광역시 사하구 장평로 87,위탁관리,계단식,20070511,0519006158,650,63590.02,266.0,384.0,0.0,0.0,47875.3938,25,25,0,19,49483,위탁관리,5,(주)명건,위탁관리,10,(주)명건,위탁관리,6,음식물쓰레기종량제,위탁관리,4,분무식,철근콘크리트구조,2550,단일계약,상주선임,R형,부스타방식,위탁관리,19,186,540,무,85,"관리사무소, 노인정, 주민공동시설, 어린이놀이터, 커뮤니티공간, 자전거보관소",5~10분이내,1호선,,,대형상가(롯데마트),초등학교(효림초등),9,6,Y
2026-08,A60405001,다대롯데캐슬몰운대,사하구,다대동,3462.0,0,0,0.0,0.0,0.0,0.0,0.0,,,,,True,산정 불완전,평형별 세대수 보완 필요,c38eb7731a2edbf2c405dc922468ded84aa651100a03e86668e60fb8b6b0b8e7,[],현재 확보 자료로 재구성한 과거 추정치; 과거 세대 구성 미확인,False,555b475dcef496b2254b825ba10b0724d7994196dba4c4e18f34e7f5aa4db599,54cb25d3544257419c8c9faa1ee168a8848dbea69689888cc0985fdd2c7a4797,5fb6c1e071a73763f6eb52e67a11f05f6d609819ae4f39c925745faf40f5b4fd,8b30a9aec44c70f7b04a7800,2026-09-17T13:53:18.573481+09:00,다대롯데캐슬몰운대,2638010600,부산광역시,사하구,다대동,,부산광역시 사하구 다대동 1624 다대롯데캐슬몰운대,분양,개별난방,537419.5,49,3462.0,롯데건설(주),신부국건업(주),0512654488,cafe.daum.net/ddlotte,아파트,부산광역시 사하구 다대낙조2길 100,위탁관리,계단식,20071126,0519194488,3462,413049.03,314.0,2077.0,845.0,226.0,323113.3362,20,20,0,96,49497,위탁관리,23,(주)아주관리,위탁관리,54,(주)부경,위탁관리,30,음식물쓰레기종량제,위탁관리,3,분무식,철근콘크리트구조,11600,단일계약,상주선임,R형,부스타방식,위탁관리,96,987,3710,무,498,"관리사무소, 노인정, 문고, 어린이놀이터",5~10분이내,1호선,,10~15분이내,공원(다대포),초등학교(몰운대) 중학교(다선),0,94,Y
2026-08,A60405002,다대롯데캐슬블루,사하구,다대동,1326.0,0,0,0.0,0.0,0.0,0.0,0.0,,,,,True,산정 불완전,평형별 세대수 보완 필요,c38eb7731a2edbf2c405dc922468ded84aa651100a03e86668e60fb8b6b0b8e7,[],현재 확보 자료로 재구성한 과거 추정치; 과거 세대 구성 미확인,False,555b475dcef496b2254b825ba10b0724d7994196dba4c4e18f34e7f5aa4db599,54cb25d3544257419c8c9faa1ee168a8848dbea69689888cc0985fdd2c7a4797,5fb6c1e071a73763f6eb52e67a11f05f6d609819ae4f39c925745faf40f5b4fd,8b30a9aec44c70f7b04a7800,2026-09-17T13:53:18.573481+09:00,다대롯데캐슬블루,2638010600,부산광역시,사하구,다대동,,부산광역시 사하구 다대동 86-6 다대롯데캐슬블루,분양,개별난방,220017.0,9,1326.0,롯데건설(주),다대2주공 재건축조합,0512651326, ,아파트,부산광역시 사하구 다송로 23,위탁관리,계단식,20141224,0512631326,1326,159809.52,0.0,922.0,404.0,0.0,123144.1572,35,35,0,23,49515,위탁관리,11,(주)에이치엠 우성,위탁관리,11,에스케이쉴더스 주식회사,위탁관리,15,음식물쓰레기종량제,위탁관리,3,분무식,철근콘크리트구조,6900,단일계약,상주선임,GR형,부스타방식,위탁관리,23,84,1677,유,345,"관리사무소, 노인정, 보육시설, 문고, 주민공동시설, 어린이놀이터, 휴게시설, 커뮤니티공간, 자전거보관소, 기타",5분이내,1호선,,15~20분이내,관공서(다대2동주민센터) 병원(경희병원 하나병원 한서병원 다대수병원) 공원(아시아드 공원),초등학교(다송초등학교 다선초등학교) 중학교(다송중학교 두송중학교) 고등학교(다대고등학교) 대학교(동아대학교),1,35,Y
2026-08,A60472901,다대푸르지오,사하구,다대동,972.0,0,0,0.0,0.0,0.0,0.0,0.0,,,,,True,산정 불완전,평형별 세대수 보완 필요,c38eb7731a2edbf2c405dc922468ded84aa651100a03e86668e60fb8b6b0b8e7,[],현재 확보 자료로 재구성한 과거 추정치; 과거 세대 구성 미확인,False,555b475dcef496b2254b825ba10b0724d7994196dba4c4e18f34e7f5aa4db599,54cb25d3544257419c8c9faa1ee168a8848dbea69689888cc0985fdd2c7a4797,5fb6c1e071a73763f6eb52e67a11f05f6d609819ae4f39c925745faf40f5b4fd,8b30a9aec44c70f7b04a7800,2026-09-17T13:53:18.573481+09:00,다대푸르지오,2638010600,부산광역시,사하구,다대동,,부산광역시 사하구 다대동 1667 다대푸르지오,분양,개별난방,159559.78,15,972.0,(주)대우건설,다대1주공아파트 재건축정비사업,0512652600,www.joyapt.com,아파트,부산광역시 사하구 윤공단로 123,위탁관리,계단식,20120928,0512652211,972,117859.88,0.0,532.0,440.0,0.0,91840.6588,29,29,2,22,49492,위탁관리,7,(주)명건,위탁관리,8,(주)명건,위탁관리,10,음식물쓰레기종량제,위탁관리,3,"도포식,분무식",철근콘크리트구조,5750,단일계약,상주선임,R형,부스타방식,위탁관리,22,41,1288,유,256,"관리사무소, 노인정, 보육시설, 문고, 주민공동시설, 어린이놀이터, 자전거보관소",5~10분이내,1호선,부산시 도시철도,5~10분이내,"관공서(주민센타, 지구대) 병원(다대 수병원, 경희병원, 한서병원, 기타) 대형상가(홈플러스, 롯데마트) 공원(다대포 윤공단, 통일 아시아드 공원, 몰운대 공원)","초등학교(다대초등학교) 중학교(다대중학교) 고등학교(다대고, 성일여고, 삼성여고)",0,27,Y
2026-08,A60474307,다대해송아파트,사하구,다대동,714.0,0,0,0.0,0.0,0.0,0.0,0.0,,,,,True,산정 불완전,평형별 세대수 보완 필요,c38eb7731a2edbf2c405dc922468ded84aa651100a03e86668e60fb8b6b0b8e7,[],현재 확보 자료로 재구성한 과거 추정치; 과거 세대 구성 미확인,False,555b475dcef496b2254b825ba10b0724d7994196dba4c4e18f34e7f5aa4db599,54cb25d3544257419c8c9faa1ee168a8848dbea69689888cc0985fdd2c7a4797,5fb6c1e071a73763f6eb52e67a11f05f6d609819ae4f39c925745faf40f5b4fd,8b30a9aec44c70f7b04a7800,2026-09-17T13:53:18.573481+09:00,다대해송아파트,2638010600,부산광역시,사하구,다대동,,부산광역시 사하구 다대동 113-11 다대해송아파트,분양,개별난방,86610.0,9,714.0,부산도시개발공사,부산도시개발공사,0512643281, ,아파트,부산광역시 사하구 다대로 470,자치관리,복도식,19911206,0512652573,714,51927.293,714.0,0.0,0.0,0.0,37206.54,15,15,1,11,49490,자치관리,5,,위탁관리,9,(주)삼성티엠에스,위탁관리,4,거점장비수거방식,위탁관리(직영+위탁),8,분무식,철근콘크리트구조,2100,단일계약,상주선임,P형,고가수조식,위탁관리,11,260,46,무,69,"관리사무소, 노인정, 어린이놀이터, 휴게시설",5~10분이내,1호선,,,"관공서(사하구청, 사하경찰서,) 병원(세림신경외과) 백화점(괴정뉴코아아울렛, 세정아울렛, 롯데광복점) 대형상가(홈플러스, 이마트, 롯데마트,) 공원(솔밭공원, 아시아드공원, 몰운대, 다대포해수욕장) 기타(한국전력공사다대변전소)","초등학교(다송초등교, 다대초등교) 중학교(두송중학교, 다송중학교, 다대중학교) 고등학교(다대고, 대동고, 해동고, 성일여고, 동아고, 부일외고,삼성여고) 대학교(동아대)",0,10,Y
2026-08,A60475305,신다대아파트,사하구,다대동,570.0,0,0,0.0,0.0,0.0,0.0,0.0,,,,,True,산정 불완전,평형별 세대수 보완 필요,c38eb7731a2edbf2c405dc922468ded84aa651100a03e86668e60fb8b6b0b8e7,[],현재 확보 자료로 재구성한 과거 추정치; 과거 세대 구성 미확인,False,555b475dcef496b2254b825ba10b0724d7994196dba4c4e18f34e7f5aa4db599,54cb25d3544257419c8c9faa1ee168a8848dbea69689888cc0985fdd2c7a4797,5fb6c1e071a73763f6eb52e67a11f05f6d609819ae4f39c925745faf40f5b4fd,8b30a9aec44c70f7b04a7800,2026-09-17T13:53:18.573481+09:00,신다대아파트,2638010600,부산광역시,사하구,다대동,,부산광역시 사하구 다대동 113 신다대아파트,분양,개별난방,32040.0,5,570.0,도시개발공사,도시개발공사,0519933283, ,아파트,부산광역시 사하구 다대로 400,위탁관리,복도식,19911222,0512653893,570,32033.031,570.0,0.0,0.0,0.0,22674.6,15,15,1,6,49490,위탁관리,4,(주)명건,위탁관리,4,(주)코스텍,위탁관리,2,차량수거방식,위탁관리,3,분무식,철근콘크리트구조,700,종합계약,위탁선임,P형,부스타방식,위탁관리,6,142,20,무,32,"관리사무소, 노인정",5~10분이내,1호선,,10~15분이내,관공서() 병원(도원소아과의원) 공원() 기타(한국전력공사다대변전소),초등학교(다송초등교),0,0,Y
2026-08,A60475309,3지구도개공아파트,사하구,다대동,750.0,0,0,0.0,0.0,0.0,0.0,0.0,,,,,True,산정 불완전,평형별 세대수 보완 필요; 임대·혼합 또는 분양 범위 미확인,c38eb7731a2edbf2c405dc922468ded84aa651100a03e86668e60fb8b6b0b8e7,[],현재 확보 자료로 재구성한 과거 추정치; 과거 세대 구성 미확인,False,555b475dcef496b2254b825ba10b0724d7994196dba4c4e18f34e7f5aa4db599,54cb25d3544257419c8c9faa1ee168a8848dbea69689888cc0985fdd2c7a4797,5fb6c1e071a73763f6eb52e67a11f05f6d609819ae4f39c925745faf40f5b4fd,8b30a9aec44c70f7b04a7800,2026-09-17T13:53:18.573481+09:00,3지구도개공아파트,2638010600,부산광역시,사하구,다대동,,부산광역시 사하구 다대동 113-13 3지구도개공아파트,임대,중앙난방,31747.5,5,750.0,국제종합토건,부산도시공사,0512643282, ,아파트,부산광역시 사하구 다대로 430,자치관리(직영),복도식,19891122,0512643345,750,31747.5,750.0,0.0,0.0,0.0,21240,15,15,1,5,49490,자치관리(직영),7,,위탁관리,5,(주)에스코아,위탁관리,5,음식물쓰레기종량제,위탁관리,9,"도포식,분무식",철근콘크리트구조,950,단일계약,위탁선임,R형,부스타방식,위탁관리,5,131,0,무,26,"관리사무소, 자전거보관소",5분이내,1호선,,15~20분이내,,,3,0,Y
2026-08,A60475408,국제그린아파트,사하구,다대동,996.0,0,0,0.0,0.0,0.0,0.0,0.0,,,,,True,산정 불완전,평형별 세대수 보완 필요,c38eb7731a2edbf2c405dc922468ded84aa651100a03e86668e60fb8b6b0b8e7,[],현재 확보 자료로 재구성한 과거 추정치; 과거 세대 구성 미확인,False,555b475dcef496b2254b825ba10b0724d7994196dba4c4e18f34e7f5aa4db599,54cb25d3544257419c8c9faa1ee168a8848dbea69689888cc0985fdd2c7a4797,5fb6c1e071a73763f6eb52e67a11f05f6d609819ae4f39c925745faf40f5b4fd,8b30a9aec44c70f7b04a7800,2026-09-17T13:53:18.573481+09:00,국제그린아파트,2638010600,부산광역시,사하구,다대동,,부산광역시 사하구 다대동 94-2 국제그린아파트,분양,개별난방,66573.61,7,996.0,한국주택공사,한국주택공사,0512644351, ,아파트,부산광역시 사하구 다대로381번길 75,위탁관리,복도식,19950501,0512644634,996,65851.234,996.0,0.0,0.0,0.0,45318,25,25,1,14,49513,위탁관리,6,(주)삼성T.M.S,위탁관리,8,삼성티엠에스,위탁관리,7,음식물쓰레기종량제,위탁관리,4,분무식,철근콘크리트구조,2800,단일계약,상주선임,P형,부스타방식,위탁관리,14,499,40,무,59,"관리사무소, 노인정, 어린이놀이터",5~10분이내,1호선,,,관공서() 병원(경희병원) 대형상가() 공원() 기타(다대포해수욕장),초등학교(다송초교),10,2,Y
2026-08,A60475411,도개공다대4지구영구임대아파트,사하구,다대동,1920.0,0,0,0.0,0.0,0.0,0.0,0.0,,,,,True,산정 불완전,평형별 세대수 보완 필요; 임대·혼합 또는 분양 범위 미확인,c38eb7731a2edbf2c405dc922468ded84aa651100a03e86668e60fb8b6b0b8e7,[],현재 확보 자료로 재구성한 과거 추정치; 과거 세대 구성 미확인,False,555b475dcef496b2254b825ba10b0724d7994196dba4c4e18f34e7f5aa4db599,54cb25d3544257419c8c9faa1ee168a8848dbea69689888cc0985fdd2c7a4797,5fb6c1e071a73763f6eb52e67a11f05f6d609819ae4f39c925745faf40f5b4fd,8b30a9aec44c70f7b04a7800,2026-09-17T13:53:18.573481+09:00,도개공다대4지구영구임대아파트,2638010600,부산광역시,사하구,다대동,,부산광역시 사하구 다대동 96-1 도개공다대4지구영구임대아파트,임대,중앙난방,82512.0,10,1920.0,삼성물산건설부문,부산도시공사,0512612316, ,아파트,부산광역시 사하구 다송로 59,자치관리,복도식,19950622,0512612317,1920,76165.25,1920.0,0.0,0.0,0.0,52627.2,25,25,1,20,49516,자치관리,15,,위탁관리,16,(주)에스코아,위탁관리,6,차량수거방식,위탁관리,9,분무식,철근콘크리트구조,2850,단일계약,상주선임,R형,고가수조식,위탁관리,20,250,0,무,83,"관리사무소, 노인정, 보육시설, 주민공동시설, 어린이놀이터, 휴게시설, 유치원, 커뮤니티공간",5분이내,1호선,,15~20분이내,관공서(다대2동사무소) 대형상가(탑마트(신다대점)) 기타(다대포해수욕장),"초등학교(다선초교, 다송초교) 중학교(다선중)",0,0,Y
2026-08,A60475412,다대다송,사하구,다대동,500.0,0,0,0.0,0.0,0.0,0.0,0.0,,,,,True,산정 불완전,평형별 세대수 보완 필요,c38eb7731a2edbf2c405dc922468ded84aa651100a03e86668e60fb8b6b0b8e7,[],현재 확보 자료로 재구성한 과거 추정치; 과거 세대 구성 미확인,False,555b475dcef496b2254b825ba10b0724d7994196dba4c4e18f34e7f5aa4db599,54cb25d3544257419c8c9faa1ee168a8848dbea69689888cc0985fdd2c7a4797,5fb6c1e071a73763f6eb52e67a11f05f6d609819ae4f39c925745faf40f5b4fd,8b30a9aec44c70f7b04a7800,2026-09-17T13:53:18.573481+09:00,다대다송,2638010600,부산광역시,사하구,다대동,,부산광역시 사하구 다대동 94-5 다대다송,분양,개별난방,29344.27,4,500.0,국제종합건설,부산도시개발공사,0512644350, ,아파트,부산광역시 사하구 다대로381번길 99,위탁관리,복도식,19950511,0519194350,500,29338.85,500.0,0.0,0.0,0.0,20635,25,25,2,8,49513,위탁관리,4,(주)에이비씨서비스,위탁관리,4,주)삼성보안공사,위탁관리,2,차량수거방식,위탁관리,6,분무식,철근콘크리트구조,800,단일계약,위탁선임,P형,고가수조식,위탁관리,8,167,23,무,32,"관리사무소, 노인정, 어린이놀이터",5~10분이내,2호선,,,기타(다대포해수욕장),"초등학교(다선초교, 다송초교) 중학교(다선중)",0,0,Y
2026-08,A60475507,다대대우아파트,사하구,다대동,546.0,0,0,0.0,0.0,0.0,0.0,0.0,,,,,True,산정 불완전,평형별 세대수 보완 필요,c38eb7731a2edbf2c405dc922468ded84aa651100a03e86668e60fb8b6b0b8e7,[],현재 확보 자료로 재구성한 과거 추정치; 과거 세대 구성 미확인,False,555b475dcef496b2254b825ba10b0724d7994196dba4c4e18f34e7f5aa4db599,54cb25d3544257419c8c9faa1ee168a8848dbea69689888cc0985fdd2c7a4797,5fb6c1e071a73763f6eb52e67a11f05f6d609819ae4f39c925745faf40f5b4fd,8b30a9aec44c70f7b04a7800,2026-09-17T13:53:18.573481+09:00,다대대우아파트,2638010600,부산광역시,사하구,다대동,,부산광역시 사하구 다대동 1552 다대대우아파트,분양,개별난방,99764.0,5,546.0,대우건설,대우건설,0512645733, ,아파트,부산광역시 사하구 다대낙조1길 12,자치관리,계단식,19980912,0512645734,546,81183.47,0.0,0.0,546.0,0.0,68432.16,25,25,1,0,49506,자치관리,6,,자치관리,6,,자치관리,5,음식물쓰레기종량제,위탁관리,3,분무식,철근콘크리트구조,2050,단일계약,상주선임,R형,부스타방식,위탁관리,11,306,631,무,79,"관리사무소, 노인정, 주민공동시설, 어린이놀이터, 휴게시설",5분이내,1호선,,5분이내,병원(원병원) 기타(다대포해수욕장),초등학교(응봉초교) 중학교(중현중교) 고등학교(다대고교),20,8,Y
2026-08,A60475509,다대푸른아파트,사하구,다대동,640.0,0,0,0.0,0.0,0.0,0.0,0.0,,,,,True,산정 불완전,평형별 세대수 보완 필요,c38eb7731a2edbf2c405dc922468ded84aa651100a03e86668e60fb8b6b0b8e7,[],현재 확보 자료로 재구성한 과거 추정치; 과거 세대 구성 미확인,False,555b475dcef496b2254b825ba10b0724d7994196dba4c4e18f34e7f5aa4db599,54cb25d3544257419c8c9faa1ee168a8848dbea69689888cc0985fdd2c7a4797,5fb6c1e071a73763f6eb52e67a11f05f6d609819ae4f39c925745faf40f5b4fd,8b30a9aec44c70f7b04a7800,2026-09-17T13:53:18.573481+09:00,다대푸른아파트,2638010600,부산광역시,사하구,다대동,,부산광역시 사하구 다대동 1548-13 다대푸른아파트,분양,개별난방,44258.32,4,640.0,(주)백일건설,부산 도시개발공사,0512656958, ,아파트,부산광역시 사하구 다대낙조2길 11,자치관리,복도식,19960627,0512653943,640,31045.824,640.0,0.0,0.0,0.0,31046.4,21,21,1,8,49504,자치관리,5,,위탁관리,8,경성종합관리,위탁관리,4,음식물쓰레기종량제,위탁관리,3,분무식,철근콘크리트구조,1110,종합계약,위탁선임,P형,부스타방식,위탁관리,8,276,35,무,32,"관리사무소, 노인정, 주민공동시설, 어린이놀이터",5~10분이내,1호선,,20분초과,기타(다대포해수욕장),초등학교(응봉초교) 중학교(중현중교) 고등학교(다대고교),6,0,Y
2026-08,A60475612,다대현대아파트,사하구,다대동,2181.0,0,0,0.0,0.0,0.0,0.0,0.0,,,,,True,산정 불완전,평형별 세대수 보완 필요,c38eb7731a2edbf2c405dc922468ded84aa651100a03e86668e60fb8b6b0b8e7,[],현재 확보 자료로 재구성한 과거 추정치; 과거 세대 구성 미확인,False,555b475dcef496b2254b825ba10b0724d7994196dba4c4e18f34e7f5aa4db599,54cb25d3544257419c8c9faa1ee168a8848dbea69689888cc0985fdd2c7a4797,5fb6c1e071a73763f6eb52e67a11f05f6d609819ae4f39c925745faf40f5b4fd,8b30a9aec44c70f7b04a7800,2026-09-17T13:53:18.573481+09:00,다대현대아파트,2638010600,부산광역시,사하구,다대동,,부산광역시 사하구 다대동 120-1 다대현대아파트,분양,중앙난방,323145.62,15,2181.0,현대건설,삼미금속,0512617251,다대현대.aptgate.co.kr/,아파트,부산광역시 사하구 다대로 473,위탁관리,계단식,19930909,0512663637,2181,281801.22,0.0,1331.0,350.0,500.0,226901.44,25,25,1,42,49520,위탁관리,20,(주)명건,위탁관리,36,(주)듀델코리아,위탁관리,16,음식물쓰레기종량제,위탁관리,4,,철근콘크리트구조,6750,단일계약,상주선임,P형,고가수조식,위탁관리,42,835,1194,무,207,"관리사무소, 노인정, 어린이놀이터",5분이내,1호선,,,관공서(다대2동사무소) 병원(세림신경외과) 기타(다대포해수욕장),"초등학교(다선초교, 다송초교) 중학교(다선중)",0,20,Y
2026-08,A60475710,다대삼환아파트,사하구,다대동,1669.0,0,0,0.0,0.0,0.0,0.0,0.0,,,,,True,산정 불완전,평형별 세대수 보완 필요,c38eb7731a2edbf2c405dc922468ded84aa651100a03e86668e60fb8b6b0b8e7,[],현재 확보 자료로 재구성한 과거 추정치; 과거 세대 구성 미확인,False,555b475dcef496b2254b825ba10b0724d7994196dba4c4e18f34e7f5aa4db599,54cb25d3544257419c8c9faa1ee168a8848dbea69689888cc0985fdd2c7a4797,5fb6c1e071a73763f6eb52e67a11f05f6d609819ae4f39c925745faf40f5b4fd,8b30a9aec44c70f7b04a7800,2026-09-17T13:53:18.573481+09:00,다대삼환아파트,2638010600,부산광역시,사하구,다대동,,부산광역시 사하구 다대동 120-10 다대삼환아파트,분양,중앙난방,219139.75,10,1669.0,삼환기업(주),삼미금속(주),0512646662, ,아파트,부산광역시 사하구 다대로429번길 20,위탁관리,혼합식,19960913,0512646663,1692,189970.34,675.0,594.0,250.0,150.0,149877.78,25,25,2,28,49519,위탁관리,15,(주)명건,위탁관리,15,(주)삼성티엠에스,위탁관리,15,음식물쓰레기종량제,위탁관리,9,"도포식,분무식,기구부착식",철근콘크리트구조,4926,단일계약,상주선임,R형,고가수조식,위탁관리,28,832,1011,무,253,"관리사무소, 노인정, 주민공동시설, 어린이놀이터, 유치원, 자전거보관소",5분이내,1호선,,5분이내,"관공서(다대2동사무소) 병원(경희병원,한서병원,하나병원,서울아동병원) 대형상가(탑마트,삼환A상가,양덕상가,맘모스상가) 공원(통일아시아드공원) 기타(오일장)","초등학교(다대초등학교,다선초등학교) 중학교(두송중학교,다송중학교) 고등학교(다대고등학교) 대학교(동아대학교)",0,37,Y
2026-08,A60476511,다대자유아파트,사하구,다대동,987.0,0,0,0.0,0.0,0.0,0.0,0.0,,,,,True,산정 불완전,평형별 세대수 보완 필요,c38eb7731a2edbf2c405dc922468ded84aa651100a03e86668e60fb8b6b0b8e7,[],현재 확보 자료로 재구성한 과거 추정치; 과거 세대 구성 미확인,False,555b475dcef496b2254b825ba10b0724d7994196dba4c4e18f34e7f5aa4db599,54cb25d3544257419c8c9faa1ee168a8848dbea69689888cc0985fdd2c7a4797,5fb6c1e071a73763f6eb52e67a11f05f6d609819ae4f39c925745faf40f5b4fd,8b30a9aec44c70f7b04a7800,2026-09-17T13:53:18.573481+09:00,다대자유아파트,2638010600,부산광역시,사하구,다대동,,부산광역시 사하구 다대동 382-3 다대자유아파트,분양,개별난방,121348.4,13,987.0,자유건설,자유건설,0512637746, ,아파트,부산광역시 사하구 다대로 617,위탁관리,혼합식,19931005,0512661567,987,116213.02,209.0,548.0,130.0,100.0,88656.7,25,25,0,20,49525,위탁관리,7,(주)삼성T.M.S,위탁관리,8,(주)바른기업,위탁관리,9,음식물쓰레기종량제,위탁관리,4,분무식,철근콘크리트구조,2750,단일계약,상주선임,P형,고가수조식,위탁관리,20,430,270,무,132,"관리사무소, 노인정",5분이내,1호선,,5분이내,"관공서(다대소방파출소) 병원(한가족의원) 기타(다대씨파크, 다대포해수욕장)",초등학교(응봉초교) 중학교(중현중) 고등학교(다대고교),10,6,Y
2026-08,A60476604,다대코오롱아파트(코오롱맨션),사하구,다대동,520.0,0,0,0.0,0.0,0.0,0.0,0.0,,,,,True,산정 불완전,평형별 세대수 보완 필요,c38eb7731a2edbf2c405dc922468ded84aa651100a03e86668e60fb8b6b0b8e7,[],현재 확보 자료로 재구성한 과거 추정치; 과거 세대 구성 미확인,False,555b475dcef496b2254b825ba10b0724d7994196dba4c4e18f34e7f5aa4db599,54cb25d3544257419c8c9faa1ee168a8848dbea69689888cc0985fdd2c7a4797,5fb6c1e071a73763f6eb52e67a11f05f6d609819ae4f39c925745faf40f5b4fd,8b30a9aec44c70f7b04a7800,2026-09-17T13:53:18.573481+09:00,다대코오롱아파트(코오롱맨션),2638010600,부산광역시,사하구,다대동,,부산광역시 사하구 다대동 37 다대코오롱아파트(코오롱맨션),분양,개별난방,35935.45,9,520.0,코오롱건설,코오롱건설,0512632643, ,아파트,부산광역시 사하구 다송로 36,자치관리,계단식,19880725,0512632645,520,35129.85,215.0,305.0,0.0,0.0,31131.6,5,5,0,0,49518,자치관리,4,,위탁관리,4,태영개발주식회사,위탁관리,2,음식물쓰레기종량제,위탁관리,3,"도포식,분무식,기구부착식",철근콘크리트구조,5,단일계약,기타,P형,부스타방식,,0,190,0,무,48,"관리사무소, 노인정, 어린이놀이터, 자전거보관소",5분이내,1호선,,5분이내,관공서(다대2동사무소) 병원(경희병원) 기타(다대포해수욕장),"초등학교(다선초교, 다송초교) 중학교(다선중) 고등학교(다대고등학교)",0,0,Y
2026-08,A60482013,다대몰운대아파트,사하구,다대동,2960.0,0,0,0.0,0.0,0.0,0.0,0.0,,,,,True,산정 불완전,평형별 세대수 보완 필요,c38eb7731a2edbf2c405dc922468ded84aa651100a03e86668e60fb8b6b0b8e7,[],현재 확보 자료로 재구성한 과거 추정치; 과거 세대 구성 미확인,False,555b475dcef496b2254b825ba10b0724d7994196dba4c4e18f34e7f5aa4db599,54cb25d3544257419c8c9faa1ee168a8848dbea69689888cc0985fdd2c7a4797,5fb6c1e071a73763f6eb52e67a11f05f6d609819ae4f39c925745faf40f5b4fd,8b30a9aec44c70f7b04a7800,2026-09-17T13:53:18.573481+09:00,다대몰운대아파트,2638010600,부산광역시,사하구,다대동,,부산광역시 사하구 다대동 1550 다대몰운대아파트,분양,개별난방,210154.0,17,2960.0,국제 등,도시개발공사,0512623585,www.hebibi.com/1263,아파트,부산광역시 사하구 다대낙조2길 12,위탁관리,복도식,19960110,0512623665,2960,205487.64,2960.0,0.0,0.0,0.0,145276.8,22,22,0,36,49503,위탁관리,16,조은관리시스템 주식회사,위탁관리,35,(주)조은관리시스템,위탁관리,18,차량수거방식,위탁관리,4,분무식,철근콘크리트구조,4200,단일계약,상주선임,P형,부스타방식,위탁관리,36,1461,0,무,320,"관리사무소, 노인정, 보육시설, 주민공동시설, 어린이놀이터, 휴게시설, 유치원, 커뮤니티공간",5~10분이내,1호선,,15~20분이내,관공서() 병원(김철현정형외과) 기타(다대포해수욕장),"초등학교(응봉초교,중현초교) 중학교(다선중교,다대중교) 고등학교(다대고교)",0,9,Y
2026-08,A60482708,성원아파트,사하구,다대동,546.0,0,0,0.0,0.0,0.0,0.0,0.0,,,,,True,산정 불완전,평형별 세대수 보완 필요,c38eb7731a2edbf2c405dc922468ded84aa651100a03e86668e60fb8b6b0b8e7,[],현재 확보 자료로 재구성한 과거 추정치; 과거 세대 구성 미확인,False,555b475dcef496b2254b825ba10b0724d7994196dba4c4e18f34e7f5aa4db599,54cb25d3544257419c8c9faa1ee168a8848dbea69689888cc0985fdd2c7a4797,5fb6c1e071a73763f6eb52e67a11f05f6d609819ae4f39c925745faf40f5b4fd,8b30a9aec44c70f7b04a7800,2026-09-17T13:53:18.573481+09:00,성원아파트,2638010600,부산광역시,사하구,다대동,,부산광역시 사하구 다대동 1552-19 성원아파트,분양,개별난방,97449.55,4,546.0,성원건설,성원건설,0512642820, ,아파트,부산광역시 사하구 다대낙조1길 42,자치관리,계단식,19980926,0519762821,546,24914.88,0.0,0.0,546.0,0.0,68432.16,25,25,2,11,49507,자치관리,7,,자치관리,6,,자치관리,5,차량수거방식,위탁관리,4,분무식,철근콘크리트구조,1700,종합계약,상주선임,P형,고가수조식,위탁관리,11,410,577,무,74,"관리사무소, 노인정, 어린이놀이터",5분이내,1호선,다대포해수욕장역,5분이내,,,20,0,Y
2026-08,A60482712,5지구몰운대영구임대아파트,사하구,다대동,2107.0,0,0,0.0,0.0,0.0,0.0,0.0,,,,,True,산정 불완전,평형별 세대수 보완 필요; 임대·혼합 또는 분양 범위 미확인,c38eb7731a2edbf2c405dc922468ded84aa651100a03e86668e60fb8b6b0b8e7,[],현재 확보 자료로 재구성한 과거 추정치; 과거 세대 구성 미확인,False,555b475dcef496b2254b825ba10b0724d7994196dba4c4e18f34e7f5aa4db599,54cb25d3544257419c8c9faa1ee168a8848dbea69689888cc0985fdd2c7a4797,5fb6c1e071a73763f6eb52e67a11f05f6d609819ae4f39c925745faf40f5b4fd,8b30a9aec44c70f7b04a7800,2026-09-17T13:53:18.573481+09:00,5지구몰운대영구임대아파트,2638010600,부산광역시,사하구,다대동,,부산광역시 사하구 다대동 1548-11 5지구몰운대영구임대아파트,임대,중앙난방,90468.0,12,2107.0,삼익건설,부산도시공사,0512648910, ,아파트,부산광역시 사하구 다대낙조2길 13,자치관리,복도식,19961024,0512640800,2107,90409.48,2107.0,0.0,0.0,0.0,56910.07,22,22,0,28,49504,자치관리,15,,위탁관리,20,(주)혜강종합관리,위탁관리,12,음식물쓰레기종량제,위탁관리,9,"도포식,분무식",철근콘크리트구조,3800,단일계약,상주선임,R형,고가수조식,위탁관리,28,560,0,무,134,"관리사무소, 노인정, 주민공동시설, 어린이놀이터",5~10분이내,1호선,,,기타(다대포해수욕장),초등학교(응봉초교) 중학교(중현중교) 고등학교(다대고교),0,0,Y
2026-08,A10024185,부산사하중흥S-클래스,사하구,구평동,665.0,0,0,0.0,0.0,0.0,0.0,0.0,,,,,True,산정 불완전,평형별 세대수 보완 필요; 임대·혼합 또는 분양 범위 미확인,c38eb7731a2edbf2c405dc922468ded84aa651100a03e86668e60fb8b6b0b8e7,[],현재 확보 자료로 재구성한 과거 추정치; 과거 세대 구성 미확인,False,555b475dcef496b2254b825ba10b0724d7994196dba4c4e18f34e7f5aa4db599,54cb25d3544257419c8c9faa1ee168a8848dbea69689888cc0985fdd2c7a4797,5fb6c1e071a73763f6eb52e67a11f05f6d609819ae4f39c925745faf40f5b4fd,8b30a9aec44c70f7b04a7800,2026-09-17T13:53:18.573481+09:00,부산사하중흥S-클래스,2638010700,부산광역시,사하구,구평동,,부산광역시 사하구 구평동 513 부산사하중흥S-클래스,임대,개별난방,95756.0,6,665.0,중봉건설,중봉건설,0512665999, ,아파트,부산광역시 사하구 서포로30번길 42,위탁관리,계단식,20210705,0512666999,665,63468.203,377.0,288.0,0.0,0.0,47097.1833,29,29,4,16,49459,위탁관리,7,드림씨엔씨 유한회사,위탁관리,4,드림씨엔씨(유),위탁관리,5,음식물쓰레기종량제,관리방식미정,2,"도포식,분무식",철골철근콘크리트구조,3950,단일계약,상주선임,R형,부스타방식,위탁관리,22,4,710,유,321,"관리사무소, 노인정, 보육시설, 문고, 주민공동시설, 어린이놀이터, 휴게시설, 유치원, 커뮤니티공간, 자전거보관소",5~10분이내,1호선,,20분초과,관공서(사하구청) 병원(경희병원) 백화점(롯데) 대형상가(홈플러스) 공원(몰운대) 기타(ㅂㅂ),초등학교(구평초등학교) 중학교(대동중학교) 고등학교(대동고등학교) 대학교(동아대학교),0,2,Y
2026-08,A10026651,e-편한세상 사하2차 아파트,사하구,구평동,946.0,0,0,0.0,0.0,0.0,0.0,0.0,,,,,True,산정 불완전,평형별 세대수 보완 필요,c38eb7731a2edbf2c405dc922468ded84aa651100a03e86668e60fb8b6b0b8e7,[],현재 확보 자료로 재구성한 과거 추정치; 과거 세대 구성 미확인,False,555b475dcef496b2254b825ba10b0724d7994196dba4c4e18f34e7f5aa4db599,54cb25d3544257419c8c9faa1ee168a8848dbea69689888cc0985fdd2c7a4797,5fb6c1e071a73763f6eb52e67a11f05f6d609819ae4f39c925745faf40f5b4fd,8b30a9aec44c70f7b04a7800,2026-09-17T13:53:18.573481+09:00,e-편한세상 사하2차 아파트,2638010700,부산광역시,사하구,구평동,,부산광역시 사하구 구평동 518 e-편한세상 사하2차 아파트,분양,개별난방,135006.98,8,946.0,대림산업,(주)복성개발산업,0512650600, ,아파트,부산광역시 사하구 서포로30번길 12,위탁관리,계단식,20171031,0512650605,946,96113.28,335.0,611.0,0.0,0.0,71167.8929,29,29,3,22,49459,위탁관리,8,(주)하나종합관리,위탁관리,6,(주)에스원,위탁관리,11,음식물쓰레기종량제,위탁관리,3,,철근콘크리트구조,3900,단일계약,상주선임,R형,부스타방식,위탁관리,22,0,1004,유,346,,5분이내,,,5~10분이내,,,0,20,Y
2026-08,A10027306,대림e편한세상사하1차아파트,사하구,구평동,1068.0,0,0,0.0,0.0,0.0,0.0,0.0,,,,,True,산정 불완전,평형별 세대수 보완 필요,c38eb7731a2edbf2c405dc922468ded84aa651100a03e86668e60fb8b6b0b8e7,[],현재 확보 자료로 재구성한 과거 추정치; 과거 세대 구성 미확인,False,555b475dcef496b2254b825ba10b0724d7994196dba4c4e18f34e7f5aa4db599,54cb25d3544257419c8c9faa1ee168a8848dbea69689888cc0985fdd2c7a4797,5fb6c1e071a73763f6eb52e67a11f05f6d609819ae4f39c925745faf40f5b4fd,8b30a9aec44c70f7b04a7800,2026-09-17T13:53:18.573481+09:00,대림e편한세상사하1차아파트,2638010700,부산광역시,사하구,구평동,,부산광역시 사하구 구평동 517 대림e편한세상사하1차아파트,분양,개별난방,148527.17,10,1068.0,(주)대림산업,(주)복성산업개발,0512667188,ep7188@naver.com,아파트,부산광역시 사하구 서포로30번길 26,위탁관리,계단식,20160909,0512667189,1068,107970.336,342.0,726.0,0.0,0.0,79796.4845,29,29,3,28,49459,위탁관리,8,(주)하나종합관리,위탁관리,6,(주)한특,위탁관리,12,음식물쓰레기종량제,위탁관리,4,"분무식,독이식",철골철근콘크리트구조,3000,종합계약,상주선임,R형,부스타방식,위탁관리,56,0,1078,유,254,"관리사무소, 노인정, 보육시설, 주민공동시설, 어린이놀이터, 휴게시설, 커뮤니티공간",10~15분이내,1호선,,20분초과,,,0,28,Y
2026-08,A60481703,구평1차자유아파트,사하구,구평동,584.0,0,0,0.0,0.0,0.0,0.0,0.0,,,,,True,산정 불완전,평형별 세대수 보완 필요,c38eb7731a2edbf2c405dc922468ded84aa651100a03e86668e60fb8b6b0b8e7,[],현재 확보 자료로 재구성한 과거 추정치; 과거 세대 구성 미확인,False,555b475dcef496b2254b825ba10b0724d7994196dba4c4e18f34e7f5aa4db599,54cb25d3544257419c8c9faa1ee168a8848dbea69689888cc0985fdd2c7a4797,5fb6c1e071a73763f6eb52e67a11f05f6d609819ae4f39c925745faf40f5b4fd,8b30a9aec44c70f7b04a7800,2026-09-17T13:53:18.573481+09:00,구평1차자유아파트,2638010700,부산광역시,사하구,구평동,,부산광역시 사하구 구평동 17 구평1차자유아파트,분양,개별난방,71290.0,5,584.0,자유건설,신평장림공단근로자 복지주택조함,0512660484,부산광역시 사하구 을숙도대로 709번길 31,아파트,부산광역시 사하구 을숙도대로709번길 31,위탁관리,계단식,19990305,0512622773,584,54651.13,281.0,303.0,0.0,0.0,41766.09,20,20,3,2,49396,위탁관리,5,(주)삼성T.M.S,위탁관리,3,(주)부경공영,위탁관리,5,차량수거방식,위탁관리,3,분무식,철근콘크리트구조,1400,단일계약,상주선임,P형,부스타방식,위탁관리,17,143,446,무,128,,5~10분이내,,,5~10분이내,병원(중앙병원) 대형상가(홈에버장림점),초등학교(구평초등교) 중학교(대동중학교) 고등학교(대동고등학교),0,12,Y
2026-08,A60480608,부영벽산파라빌아파트,사하구,감천동,634.0,0,0,0.0,0.0,0.0,0.0,0.0,,,,,True,산정 불완전,평형별 세대수 보완 필요,c38eb7731a2edbf2c405dc922468ded84aa651100a03e86668e60fb8b6b0b8e7,[],현재 확보 자료로 재구성한 과거 추정치; 과거 세대 구성 미확인,False,555b475dcef496b2254b825ba10b0724d7994196dba4c4e18f34e7f5aa4db599,54cb25d3544257419c8c9faa1ee168a8848dbea69689888cc0985fdd2c7a4797,5fb6c1e071a73763f6eb52e67a11f05f6d609819ae4f39c925745faf40f5b4fd,8b30a9aec44c70f7b04a7800,2026-09-17T13:53:18.573481+09:00,부영벽산파라빌아파트,2638010800,부산광역시,사하구,감천동,,부산광역시 사하구 감천동 567 부영벽산파라빌아파트,분양,개별난방,82934.0,7,634.0,"주, 벽산건설","주, 부영건설",0512948087, ,아파트,부산광역시 사하구 감천로21번길 35,위탁관리,계단식,20021218,0512948086,634,69557.84,198.0,352.0,84.0,0.0,51934.8176,25,25,0,17,49361,위탁관리,5,(주)부경공영,위탁관리,6,부경공영(주),위탁관리,6,음식물쓰레기종량제,위탁관리,3,분무식,철근콘크리트구조,1950,단일계약,상주선임,R형,부스타방식,위탁관리,17,460,178,무,171,"관리사무소, 노인정, 보육시설, 주민공동시설, 어린이놀이터, 휴게시설",5분이내,1호선,,10~15분이내,"병원(중앙병원,고신대학병원) 대형상가(우리마트)","초등학교(옥천초등교) 중학교(감천중학교,삼성중학교, 장평중학교) 고등학교(동아고등학교, 동아공업고등학교, 부일외국어고,삼성여고, 해동고등학교)",0,5,Y
2026-08,A60976902,청룡경동아파트,금정구,청룡동,612.0,0,0,0.0,0.0,0.0,0.0,0.0,,,,,True,산정 불완전,평형별 세대수 보완 필요,c38eb7731a2edbf2c405dc922468ded84aa651100a03e86668e60fb8b6b0b8e7,[],현재 확보 자료로 재구성한 과거 추정치; 과거 세대 구성 미확인,False,555b475dcef496b2254b825ba10b0724d7994196dba4c4e18f34e7f5aa4db599,54cb25d3544257419c8c9faa1ee168a8848dbea69689888cc0985fdd2c7a4797,5fb6c1e071a73763f6eb52e67a11f05f6d609819ae4f39c925745faf40f5b4fd,8b30a9aec44c70f7b04a7800,2026-09-17T13:53:18.573481+09:00,청룡경동아파트,2641010300,부산광역시,금정구,청룡동,,부산광역시 금정구 청룡동 350 청룡경동아파트,분양,개별난방,93440.21,6,612.0,경동건설,경동건설,0515088012,https://kdapt.modoo.at/,아파트,부산광역시 금정구 청룡예전로 74,자치관리,계단식,19971025,0515088013,612,72886.35,196.0,272.0,0.0,144.0,58994.44,18,18,0,18,46201,자치관리,6,,위탁관리,9,(주)삼성티엠에스,위탁관리,6,음식물쓰레기종량제,위탁관리,6,분무식,철근콘크리트구조,1500,단일계약,상주선임,R형,고가수조식,위탁관리,18,327,358,무,67,"관리사무소, 노인정, 어린이놀이터",20분초과,1호선,,15~20분이내,"관공서(청룡,노포동 동사무소) 기타(부산보호관찰소)","초등학교(청룡초등학교) 중학교(금정중, 동래여중) 고등학교(동래여고, 부산예고) 대학교(부산대, 부산외국어대)",0,15,Y
2026-08,A10027325,구서 SK VIEW 1단지,금정구,구서동,532.0,0,0,0.0,0.0,0.0,0.0,0.0,,,,,True,산정 불완전,평형별 세대수 보완 필요,c38eb7731a2edbf2c405dc922468ded84aa651100a03e86668e60fb8b6b0b8e7,[],현재 확보 자료로 재구성한 과거 추정치; 과거 세대 구성 미확인,False,555b475dcef496b2254b825ba10b0724d7994196dba4c4e18f34e7f5aa4db599,54cb25d3544257419c8c9faa1ee168a8848dbea69689888cc0985fdd2c7a4797,5fb6c1e071a73763f6eb52e67a11f05f6d609819ae4f39c925745faf40f5b4fd,8b30a9aec44c70f7b04a7800,2026-09-17T13:53:18.573481+09:00,구서 SK VIEW 1단지,2641010700,부산광역시,금정구,구서동,,부산광역시 금정구 구서동 1074 구서 SK VIEW 1단지,분양,개별난방,61154.195,6,532.0,에스케이건설(주),구서2구역주택재건축정비사업조합,0515147288, ,아파트,부산광역시 금정구 금샘로246번길 18,위탁관리,계단식,20160818,0515147289,532,46579.266,0.0,396.0,136.0,0.0,46579.2641,24,24,3,19,46245,위탁관리,6,(주)아스타아이비에스,위탁관리,4,에스케이쉴더스(주),위탁관리,6,음식물쓰레기종량제,위탁관리,3,,철근콘크리트구조,3250,단일계약,상주선임,R형,부스타방식,위탁관리,19,10,664,유,287,"관리사무소, 노인정, 보육시설, 문고, 주민공동시설, 어린이놀이터, 커뮤니티공간, 자전거보관소",5~10분이내,1호선,,10~15분이내,관공서(구서1동주민센터) 병원() 대형상가(E-마트),"초등학교(장서초등학교) 중학교(장전중학교,대진정보고) 대학교(부산대학교)",0,16,Y
2026-08,A60931004,구서동 쌍용예가 2단지,금정구,구서동,809.0,0,0,0.0,0.0,0.0,0.0,0.0,,,,,True,산정 불완전,평형별 세대수 보완 필요,c38eb7731a2edbf2c405dc922468ded84aa651100a03e86668e60fb8b6b0b8e7,[],현재 확보 자료로 재구성한 과거 추정치; 과거 세대 구성 미확인,False,555b475dcef496b2254b825ba10b0724d7994196dba4c4e18f34e7f5aa4db599,54cb25d3544257419c8c9faa1ee168a8848dbea69689888cc0985fdd2c7a4797,5fb6c1e071a73763f6eb52e67a11f05f6d609819ae4f39c925745faf40f5b4fd,8b30a9aec44c70f7b04a7800,2026-09-17T13:53:18.573481+09:00,구서동 쌍용예가 2단지,2641010700,부산광역시,금정구,구서동,,부산광역시 금정구 구서동 1059 구서동 쌍용예가 2단지,분양,개별난방,190257.0,13,809.0,쌍용건설,엠앤브이,0515152200, ,아파트,부산광역시 금정구 금샘로 262,위탁관리,계단식,20101028,0515152205,833,106900.46,0.0,149.0,386.0,274.0,106900.4647,25,25,3,26,46242,위탁관리,7,주식회사 로이안에이치앤에프,위탁관리,9,(주)에스원,위탁관리,10,음식물쓰레기종량제,위탁관리,4,분무식,철근콘크리트구조,6300,종합계약,상주선임,R형,부스타방식,위탁관리,26,38,1615,유,294,"관리사무소, 노인정, 보육시설, 문고, 주민공동시설, 어린이놀이터, 휴게시설, 유치원, 커뮤니티공간, 자전거보관소",5~10분이내,1호선,구서동,10~15분이내,관공서(구서1동 동사무소) 병원(행림병원) 대형상가(이마트) 기타(금정경찰서),초등학교(장서초등학교) 중학교(구서여자중학교) 고등학교(태광여상고등학교),0,34,Y
2026-08,A60931207,구서동롯데캐슬골드2단지(1049),금정구,구서동,1926.0,0,0,0.0,0.0,0.0,0.0,0.0,,,,,True,산정 불완전,평형별 세대수 보완 필요,c38eb7731a2edbf2c405dc922468ded84aa651100a03e86668e60fb8b6b0b8e7,[],현재 확보 자료로 재구성한 과거 추정치; 과거 세대 구성 미확인,False,555b475dcef496b2254b825ba10b0724d7994196dba4c4e18f34e7f5aa4db599,54cb25d3544257419c8c9faa1ee168a8848dbea69689888cc0985fdd2c7a4797,5fb6c1e071a73763f6eb52e67a11f05f6d609819ae4f39c925745faf40f5b4fd,8b30a9aec44c70f7b04a7800,2026-09-17T13:53:18.573481+09:00,구서동롯데캐슬골드2단지(1049),2641010700,부산광역시,금정구,구서동,,부산광역시 금정구 구서동 1049 구서동롯데캐슬골드2단지(1049),분양,개별난방,406606.2,29,1926.0,롯데건설(주),롯데건설(주),0515836810,gsdlotte2.aptner.co.kr/,아파트,부산광역시 금정구 금강로 503,위탁관리,계단식,20060210,0515836812,1926,233778.47,144.0,562.0,817.0,403.0,233790.47,25,25,4,44,46232,위탁관리,14,(주)에이치엠 우성,위탁관리,20,(주)에스원,위탁관리,18,음식물쓰레기종량제,위탁관리,5,분무식,철근콘크리트구조,7250,단일계약,상주선임,R형,부스타방식,위탁관리,44,106,3304,무,308,"관리사무소, 노인정, 문고, 주민공동시설, 어린이놀이터, 휴게시설, 커뮤니티공간, 자전거보관소",15~20분이내,1호선,,,관공서(구서2동 동사무소) 병원(행림병원) 대형상가(이마트) 기타(금정경찰서),초등학교(두실초등학교) 중학교(구서여자중학교) 고등학교(남산고등학교) 대학교(부산대학교),0,69,Y
2026-08,A60971101,롯데캐슬골드1단지,금정구,구서동,1728.0,0,0,0.0,0.0,0.0,0.0,0.0,,,,,True,산정 불완전,평형별 세대수 보완 필요,c38eb7731a2edbf2c405dc922468ded84aa651100a03e86668e60fb8b6b0b8e7,[],현재 확보 자료로 재구성한 과거 추정치; 과거 세대 구성 미확인,False,555b475dcef496b2254b825ba10b0724d7994196dba4c4e18f34e7f5aa4db599,54cb25d3544257419c8c9faa1ee168a8848dbea69689888cc0985fdd2c7a4797,5fb6c1e071a73763f6eb52e67a11f05f6d609819ae4f39c925745faf40f5b4fd,8b30a9aec44c70f7b04a7800,2026-09-17T13:53:18.573481+09:00,롯데캐슬골드1단지,2641010700,부산광역시,금정구,구서동,,부산광역시 금정구 구서동 1051 롯데캐슬골드1단지,분양,개별난방,285725.0,25,1728.0,롯데건설(주),롯데건설(주),0515833711,www.gscastle.com,아파트,부산광역시 금정구 금강로 502,위탁관리,계단식,20060210,0515838021,1728,208413.1,174.0,702.0,852.0,0.0,163238.71,26,26,0,39,46233,위탁관리,11,(주)하나종합관리,위탁관리,14,(주)세웅서비스,위탁관리,15,음식물쓰레기종량제,위탁관리,3,분무식,철근콘크리트구조,5250,단일계약,상주선임,R형,부스타방식,위탁관리,39,38,2239,무,288,"관리사무소, 노인정, 보육시설, 문고, 주민공동시설, 어린이놀이터, 휴게시설, 커뮤니티공간, 자전거보관소",10~15분이내,1호선,,5~10분이내,관공서(구서1동 동사무소) 병원(행림병원) 대형상가(이마트) 기타(금정경찰서),초등학교(두실초등학교) 중학교(구서여자중학교) 고등학교(태광여상고등학교) 대학교(부산대학교),0,46,Y
2026-08,A60975204,구서선경아파트,금정구,구서동,616.0,0,0,0.0,0.0,0.0,0.0,0.0,,,,,True,산정 불완전,평형별 세대수 보완 필요,c38eb7731a2edbf2c405dc922468ded84aa651100a03e86668e60fb8b6b0b8e7,[],현재 확보 자료로 재구성한 과거 추정치; 과거 세대 구성 미확인,False,555b475dcef496b2254b825ba10b0724d7994196dba4c4e18f34e7f5aa4db599,54cb25d3544257419c8c9faa1ee168a8848dbea69689888cc0985fdd2c7a4797,5fb6c1e071a73763f6eb52e67a11f05f6d609819ae4f39c925745faf40f5b4fd,8b30a9aec44c70f7b04a7800,2026-09-17T13:53:18.573481+09:00,구서선경아파트,2641010700,부산광역시,금정구,구서동,,부산광역시 금정구 구서동 185-1 구서선경아파트,분양,개별난방,83496.75,8,616.0,선경건설(주),선경건설(주),0515130876, ,아파트,부산광역시 금정구 구서중앙로 20,자치관리,계단식,19851115,0515174758,616,80545.46,0.0,270.0,216.0,130.0,66582.9,15,15,1,22,46230,자치관리,6,,위탁관리,16,(주)한특,위탁관리,6,음식물쓰레기종량제,위탁관리,4,분무식,철근콘크리트구조,1300,단일계약,상주선임,P형,부스타방식,위탁관리,22,597,0,무,25,"관리사무소, 노인정, 유치원",5~10분이내,1호선,,5분이내,관공서(구서2동 동사무소) 대형상가(이마트) 공원(금정체육공원),"초등학교(구서초등학교) 중학교(남산중,구서여중,동래여중) 고등학교(남산고,지산고,브니엘고,동래여고) 대학교(부산대학교, 외국어대학교)",0,0,Y
2026-08,A60976105,구서선경3차아파트,금정구,구서동,795.0,0,0,0.0,0.0,0.0,0.0,0.0,,,,,True,산정 불완전,평형별 세대수 보완 필요,c38eb7731a2edbf2c405dc922468ded84aa651100a03e86668e60fb8b6b0b8e7,[],현재 확보 자료로 재구성한 과거 추정치; 과거 세대 구성 미확인,False,555b475dcef496b2254b825ba10b0724d7994196dba4c4e18f34e7f5aa4db599,54cb25d3544257419c8c9faa1ee168a8848dbea69689888cc0985fdd2c7a4797,5fb6c1e071a73763f6eb52e67a11f05f6d609819ae4f39c925745faf40f5b4fd,8b30a9aec44c70f7b04a7800,2026-09-17T13:53:18.573481+09:00,구서선경3차아파트,2641010700,부산광역시,금정구,구서동,,부산광역시 금정구 구서동 1006-2 구서선경3차아파트,분양,개별난방,109924.66,12,795.0,선경건설(주),선경건설(주),0515172151,cafe.daum.net/sk3apt,아파트,부산광역시 금정구 금샘로 446,자치관리,계단식,19890701,0515179627,795,108049.586,0.0,360.0,210.0,225.0,91210.35,15,15,0,26,46228,자치관리,9,,자치관리,5,,자치관리,7,음식물쓰레기종량제,위탁관리,28,분무식,철근콘크리트구조,2815,종합계약,상주선임,R형,부스타방식,위탁관리,26,776,0,무,96,"관리사무소, 노인정, 주민공동시설, 어린이놀이터",5분이내,1호선,,5~10분이내,관공서(남산소방파출소) 병원(보람노인병원) 백화점(롯데백화점 동래점) 대형상가(이마트 금정점) 공원(스포원) 기타(안국문화원),초등학교(남산초등학교) 중학교(남산중학교) 고등학교(남산고등학교) 대학교(부산외국어대학),16,0,Y
2026-08,A60980506,구서우성아파트,금정구,구서동,1118.0,0,0,0.0,0.0,0.0,0.0,0.0,,,,,True,산정 불완전,평형별 세대수 보완 필요,c38eb7731a2edbf2c405dc922468ded84aa651100a03e86668e60fb8b6b0b8e7,[],현재 확보 자료로 재구성한 과거 추정치; 과거 세대 구성 미확인,False,555b475dcef496b2254b825ba10b0724d7994196dba4c4e18f34e7f5aa4db599,54cb25d3544257419c8c9faa1ee168a8848dbea69689888cc0985fdd2c7a4797,5fb6c1e071a73763f6eb52e67a11f05f6d609819ae4f39c925745faf40f5b4fd,8b30a9aec44c70f7b04a7800,2026-09-17T13:53:18.573481+09:00,구서우성아파트,2641010700,부산광역시,금정구,구서동,,부산광역시 금정구 구서동 1027-1 구서우성아파트,분양,개별난방,114485.85,14,1118.0,(주)우성건설,농협직장주택조합외 15개 주택조합,0515137762,www.hebibi.com/2125,아파트,부산광역시 금정구 금강로541번길 40,위탁관리,계단식,19941230,0515135747,1118,114485.85,0.0,1118.0,0.0,0.0,91594.1,15,15,1,42,46231,위탁관리,9,(주)명건,위탁관리,8,(주)삼성보안공사,위탁관리,11,거점장비수거방식,위탁관리,4,"도포식,분무식",철근콘크리트구조,2450,단일계약,상주선임,P형,부스타방식,위탁관리,42,484,62,무,151,"관리사무소, 노인정, 어린이놀이터",10~15분이내,1호선,,15~20분이내,관공서(구서2동 동사무소) 병원(행림병원) 대형상가(이마트),초등학교(구서초등학교) 고등학교(태광여상고등학교),6,5,Y
2026-08,A10026780,래미안 장전,금정구,장전동,1938.0,0,0,0.0,0.0,0.0,0.0,0.0,,,,,True,산정 불완전,평형별 세대수 보완 필요,c38eb7731a2edbf2c405dc922468ded84aa651100a03e86668e60fb8b6b0b8e7,[],현재 확보 자료로 재구성한 과거 추정치; 과거 세대 구성 미확인,False,555b475dcef496b2254b825ba10b0724d7994196dba4c4e18f34e7f5aa4db599,54cb25d3544257419c8c9faa1ee168a8848dbea69689888cc0985fdd2c7a4797,5fb6c1e071a73763f6eb52e67a11f05f6d609819ae4f39c925745faf40f5b4fd,8b30a9aec44c70f7b04a7800,2026-09-17T13:53:18.573481+09:00,래미안 장전,2641010800,부산광역시,금정구,장전동,,부산광역시 금정구 장전동 745 래미안 장전,분양,개별난방,300279.7,12,1938.0,삼성물산,장전3구역주택재개발정비사업조합,0515157010, ,아파트,부산광역시 금정구 금정로 20,위탁관리,계단식,20170921,0515157017,1938,212400.23,585.0,1192.0,161.0,0.0,152255.8321,38,38,2,47,46298,위탁관리,49,(주)타워피엠씨,위탁관리,15,에스케이쉴더스(주),위탁관리,22,음식물쓰레기종량제,위탁관리,3,분무식,철골철근콘크리트구조,7500,단일계약,상주선임,R형,부스타방식,위탁관리,47,0,2390,유,506,"관리사무소, 노인정, 보육시설, 문고, 주민공동시설, 어린이놀이터, 휴게시설, 커뮤니티공간, 자전거보관소, 기타",5분이내,1호선,,5분이내,,,0,48,Y
2026-08,A60939002,금정산sk뷰,금정구,장전동,1306.0,0,0,0.0,0.0,0.0,0.0,0.0,,,,,True,산정 불완전,평형별 세대수 보완 필요,c38eb7731a2edbf2c405dc922468ded84aa651100a03e86668e60fb8b6b0b8e7,[],현재 확보 자료로 재구성한 과거 추정치; 과거 세대 구성 미확인,False,555b475dcef496b2254b825ba10b0724d7994196dba4c4e18f34e7f5aa4db599,54cb25d3544257419c8c9faa1ee168a8848dbea69689888cc0985fdd2c7a4797,5fb6c1e071a73763f6eb52e67a11f05f6d609819ae4f39c925745faf40f5b4fd,8b30a9aec44c70f7b04a7800,2026-09-17T13:53:18.573481+09:00,금정산sk뷰,2641010800,부산광역시,금정구,장전동,,부산광역시 금정구 장전동 713 금정산sk뷰,분양,개별난방,250884.58,15,1306.0,(주)에스케이건설,장전1정비구역제1지구주택재개발정비사업조합,0515830065,www.금정산skview.com,아파트,부산광역시 금정구 식물원로 64,위탁관리,계단식,20100827,0515830061,1306,176420.02,174.0,504.0,383.0,245.0,136690.226,25,25,3,30,46296,위탁관리,10,(주)경일씨엔에스,위탁관리,9,(주)에스케이쉴더스,위탁관리,14,음식물쓰레기종량제,위탁관리,3,분무식,철근콘크리트구조,6400,단일계약,상주선임,R형,부스타방식,위탁관리,30,0,2005,유,416,"관리사무소, 노인정, 보육시설, 문고, 주민공동시설, 어린이놀이터, 휴게시설, 커뮤니티공간, 자전거보관소",5분이내,1호선,,10~15분이내,"관공서(장전2동 행정복지센터, 금정구청) 병원(조생한의원,우리들병원) 백화점(롯데백화점) 공원(금강공원, 금정식물원)","초등학교(금정, 금빛) 중학교(장전) 대학교(부산대학교)",0,30,Y
2026-08,A60939003,벽산블루밍장전디자인시티,금정구,장전동,1539.0,0,0,0.0,0.0,0.0,0.0,0.0,,,,,True,산정 불완전,평형별 세대수 보완 필요,c38eb7731a2edbf2c405dc922468ded84aa651100a03e86668e60fb8b6b0b8e7,[],현재 확보 자료로 재구성한 과거 추정치; 과거 세대 구성 미확인,False,555b475dcef496b2254b825ba10b0724d7994196dba4c4e18f34e7f5aa4db599,54cb25d3544257419c8c9faa1ee168a8848dbea69689888cc0985fdd2c7a4797,5fb6c1e071a73763f6eb52e67a11f05f6d609819ae4f39c925745faf40f5b4fd,8b30a9aec44c70f7b04a7800,2026-09-17T13:53:18.573481+09:00,벽산블루밍장전디자인시티,2641010800,부산광역시,금정구,장전동,,부산광역시 금정구 장전동 717 벽산블루밍장전디자인시티,분양,개별난방,279500.75,19,1539.0,벽산건설(주),장전1정비구역제2지구주택재개발정비사업조합,0515166676,www.bsblooming.com,아파트,부산광역시 금정구 금강로 225,위탁관리,계단식,20120626,0515176678,1539,193831.34,112.0,901.0,383.0,143.0,148617.3,25,25,3,40,46294,위탁관리,18,(주)디이씨오,위탁관리,14,(주)비앤에이서비스,위탁관리,18,음식물쓰레기종량제,위탁관리,5,분무식,철근콘크리트구조,10450,단일계약,상주선임,R형,부스타방식,위탁관리,40,8,2130,유,385,"관리사무소, 노인정, 보육시설, 문고, 주민공동시설, 어린이놀이터, 휴게시설, 유치원, 커뮤니티공간, 자전거보관소",5분이내,1호선,,5분이내,"병원(조생한의원,천수한의원) 백화점(NC백화점) 공원((주)오션프라자)","초등학교(금정, 금빛) 중학교(장전) 대학교(부산대학교)",0,44,Y
2026-08,A60939004,금정산쌍용예가,금정구,장전동,514.0,0,0,0.0,0.0,0.0,0.0,0.0,,,,,True,산정 불완전,평형별 세대수 보완 필요,c38eb7731a2edbf2c405dc922468ded84aa651100a03e86668e60fb8b6b0b8e7,[],현재 확보 자료로 재구성한 과거 추정치; 과거 세대 구성 미확인,False,555b475dcef496b2254b825ba10b0724d7994196dba4c4e18f34e7f5aa4db599,54cb25d3544257419c8c9faa1ee168a8848dbea69689888cc0985fdd2c7a4797,5fb6c1e071a73763f6eb52e67a11f05f6d609819ae4f39c925745faf40f5b4fd,8b30a9aec44c70f7b04a7800,2026-09-17T13:53:18.573481+09:00,금정산쌍용예가,2641010800,부산광역시,금정구,장전동,,부산광역시 금정구 장전동 732 금정산쌍용예가,분양,개별난방,85594.49,6,514.0,(주)쌍용건설,생보부동산신탁,0515838108,cafe.daum.net/ssangyong-1,아파트,부산광역시 금정구 금강로379번길 50,위탁관리,혼합식,20121030,0515839508,515,60558.55,0.0,416.0,98.0,0.0,46123.526,22,22,2,15,46246,위탁관리,6,세화플러스 주식회사,위탁관리,4,세화플러스주식회사,위탁관리,7,음식물쓰레기종량제,위탁관리,5,분무식,철근콘크리트구조,2960,단일계약,상주선임,R형,부스타방식,위탁관리,15,0,638,유,192,"관리사무소, 노인정, 보육시설, 문고, 주민공동시설, 어린이놀이터, 커뮤니티공간, 자전거보관소",5~10분이내,1호선,,10~15분이내,관공서(장전1동 동사무소) 병원(침례병원) 대형상가(롯데마트),초등학교(장전초등학교) 고등학교(대진전자통신고등학교) 대학교(부산대학교),0,14,Y
2026-08,A60939005,금정산 2차 쌍용 예가,금정구,장전동,565.0,0,0,0.0,0.0,0.0,0.0,0.0,,,,,True,산정 불완전,평형별 세대수 보완 필요,c38eb7731a2edbf2c405dc922468ded84aa651100a03e86668e60fb8b6b0b8e7,[],현재 확보 자료로 재구성한 과거 추정치; 과거 세대 구성 미확인,False,555b475dcef496b2254b825ba10b0724d7994196dba4c4e18f34e7f5aa4db599,54cb25d3544257419c8c9faa1ee168a8848dbea69689888cc0985fdd2c7a4797,5fb6c1e071a73763f6eb52e67a11f05f6d609819ae4f39c925745faf40f5b4fd,8b30a9aec44c70f7b04a7800,2026-09-17T13:53:18.573481+09:00,금정산 2차 쌍용 예가,2641010800,부산광역시,금정구,장전동,,부산광역시 금정구 장전동 739 금정산 2차 쌍용 예가,분양,개별난방,86721.23,6,565.0,쌍용건설(주),생보부동산신탁,0515187277, ,아파트,부산광역시 금정구 수림로72번길 21,위탁관리,계단식,20140527,0515187278,565,61637.562,0.0,565.0,0.0,0.0,46976.2934,25,25,3,15,46247,위탁관리,6,(주)하나종합관리,위탁관리,4,(주)에스원,위탁관리,7,음식물쓰레기종량제,위탁관리,4,분무식,철골철근콘크리트구조,3060,단일계약,상주선임,R형,부스타방식,위탁관리,15,4,623,유,157,"관리사무소, 노인정, 보육시설, 문고, 주민공동시설, 어린이놀이터, 휴게시설, 커뮤니티공간, 자전거보관소",5~10분이내,1호선,,5~10분이내,,초등학교(장전초등학교) 고등학교(대진정보고등학교) 대학교(부산대학교),0,6,Y
2026-08,A10024226,삼한골든뷰에듀스테이션,금정구,부곡동,610.0,0,0,0.0,0.0,0.0,0.0,0.0,,,,,True,산정 불완전,평형별 세대수 보완 필요,c38eb7731a2edbf2c405dc922468ded84aa651100a03e86668e60fb8b6b0b8e7,[],현재 확보 자료로 재구성한 과거 추정치; 과거 세대 구성 미확인,False,555b475dcef496b2254b825ba10b0724d7994196dba4c4e18f34e7f5aa4db599,54cb25d3544257419c8c9faa1ee168a8848dbea69689888cc0985fdd2c7a4797,5fb6c1e071a73763f6eb52e67a11f05f6d609819ae4f39c925745faf40f5b4fd,8b30a9aec44c70f7b04a7800,2026-09-17T13:53:18.573481+09:00,삼한골든뷰에듀스테이션,2641010900,부산광역시,금정구,부곡동,,부산광역시 금정구 부곡동 981 삼한골든뷰에듀스테이션,분양,개별난방,104621.66,5,610.0,삼한종합건설,"(주)삼한종합건설, (주)아이브이신라",0515175006, ,주상복합,부산광역시 금정구 중앙대로1629번길 16,위탁관리,혼합식,20210630,0515175007,610,67893.97,75.0,465.0,70.0,0.0,51485.634,37,37,6,19,46279,위탁관리,5,(주)디이씨오,위탁관리,4,(주)에스원,위탁관리(직영+위탁),6,음식물쓰레기종량제,위탁관리,4,분무식,철골철근콘크리트구조,4350,단일계약,상주선임,R형,부스타방식,위탁관리,19,0,758,유,276,"관리사무소, 노인정, 보육시설, 문고, 주민공동시설, 어린이놀이터, 휴게시설, 커뮤니티공간, 자전거보관소",5분이내,1호선,,5분이내,관공서(금정세무서),초등학교(부곡초등학교),0,16,Y
2026-08,A60932003,부곡동푸르지오아파트,금정구,부곡동,540.0,0,0,0.0,0.0,0.0,0.0,0.0,,,,,True,산정 불완전,평형별 세대수 보완 필요,c38eb7731a2edbf2c405dc922468ded84aa651100a03e86668e60fb8b6b0b8e7,[],현재 확보 자료로 재구성한 과거 추정치; 과거 세대 구성 미확인,False,555b475dcef496b2254b825ba10b0724d7994196dba4c4e18f34e7f5aa4db599,54cb25d3544257419c8c9faa1ee168a8848dbea69689888cc0985fdd2c7a4797,5fb6c1e071a73763f6eb52e67a11f05f6d609819ae4f39c925745faf40f5b4fd,8b30a9aec44c70f7b04a7800,2026-09-17T13:53:18.573481+09:00,부곡동푸르지오아파트,2641010900,부산광역시,금정구,부곡동,,부산광역시 금정구 부곡동 268-2 부곡동푸르지오아파트,분양,개별난방,106732.58,4,540.0,(주)대우건설,비엔에스개발,0519030005, ,주상복합,부산광역시 금정구 중앙대로 1617-12,위탁관리,계단식,20070816,0519030004,540,71087.6,0.0,284.0,128.0,128.0,56481.08,43,43,5,10,46279,위탁관리,6,(주)하나종합관리,위탁관리,4,(주)에스코아,위탁관리,5,음식물쓰레기종량제,위탁관리,3,분무식,철근콘크리트구조,2931,단일계약,상주선임,R형,부스타방식,위탁관리,20,0,942,무,128,"관리사무소, 노인정, 주민공동시설, 어린이놀이터, 자전거보관소",5분이내,1호선,,5분이내,병원(동래백병원),초등학교(부곡초등학교) 대학교(부산대학교),0,4,Y
2026-08,A60970301,부곡대우아파트,금정구,부곡동,1270.0,0,0,0.0,0.0,0.0,0.0,0.0,,,,,True,산정 불완전,평형별 세대수 보완 필요,c38eb7731a2edbf2c405dc922468ded84aa651100a03e86668e60fb8b6b0b8e7,[],현재 확보 자료로 재구성한 과거 추정치; 과거 세대 구성 미확인,False,555b475dcef496b2254b825ba10b0724d7994196dba4c4e18f34e7f5aa4db599,54cb25d3544257419c8c9faa1ee168a8848dbea69689888cc0985fdd2c7a4797,5fb6c1e071a73763f6eb52e67a11f05f6d609819ae4f39c925745faf40f5b4fd,8b30a9aec44c70f7b04a7800,2026-09-17T13:53:18.573481+09:00,부곡대우아파트,2641010900,부산광역시,금정구,부곡동,,부산광역시 금정구 부곡동 244-7 부곡대우아파트,분양,개별난방,192484.0,13,1270.0,(주)대우건설,.,0515171172, ,아파트,부산광역시 금정구 부산대학로 10,위탁관리,혼합식,19990714,0515171173,1270,142800.53,382.0,500.0,294.0,94.0,113875.44,25,25,3,25,46278,위탁관리,8,(주)디이씨오,위탁관리,12,(주)듀델코리아,위탁관리,11,음식물쓰레기종량제,위탁관리,3,분무식,철근콘크리트구조,2900,단일계약,상주선임,R형,고가수조식,위탁관리,50,48,1491,유,340,"관리사무소, 노인정, 문고, 주민공동시설, 어린이놀이터, 자전거보관소",10~15분이내,"1호선, 1호선","부산대, 부산대",10~15분이내,관공서(부곡2동 동사무소) 병원(한빛치과의원) 대형상가(LG하이프라자-금정점) 기타(금정세무서),초등학교(부곡초등학교) 중학교(부곡중학교) 고등학교(부산사범대학부속고등학교) 대학교(대동대학교),0,32,Y
2026-08,A60975303,경남한신,금정구,부곡동,1408.0,0,0,0.0,0.0,0.0,0.0,0.0,,,,,True,산정 불완전,평형별 세대수 보완 필요,c38eb7731a2edbf2c405dc922468ded84aa651100a03e86668e60fb8b6b0b8e7,[],현재 확보 자료로 재구성한 과거 추정치; 과거 세대 구성 미확인,False,555b475dcef496b2254b825ba10b0724d7994196dba4c4e18f34e7f5aa4db599,54cb25d3544257419c8c9faa1ee168a8848dbea69689888cc0985fdd2c7a4797,5fb6c1e071a73763f6eb52e67a11f05f6d609819ae4f39c925745faf40f5b4fd,8b30a9aec44c70f7b04a7800,2026-09-17T13:53:18.573481+09:00,경남한신,2641010900,부산광역시,금정구,부곡동,,부산광역시 금정구 부곡동 225-6 경남한신,분양,개별난방,199267.12,10,1408.0,한신공영(주),경남섬유공업(주),0515152311, ,아파트,부산광역시 금정구 중앙대로1685번길 24,위탁관리,혼합식,19950330,0515152314,1408,125418.0,504.0,520.0,304.0,80.0,125418,24,24,0,26,46277,위탁관리,9,(주)성아종합관리,위탁관리,13,비엔에이,위탁관리,15,음식물쓰레기종량제,위탁관리,6,"도포식,분무식",철근콘크리트구조,2700,단일계약,상주선임,R형,부스타방식,위탁관리,26,324,1017,무,237,"관리사무소, 노인정, 어린이놀이터, 유치원, 자전거보관소, 기타",5~10분이내,1호선,,,관공서(금정구청) 병원(동래백병원) 대형상가(GS마트) 기타(금정청소년회관),초등학교(금양초등학교) 중학교(금양중학교) 고등학교(부산예술고등학교) 대학교(대동불교대학),0,27,Y
2026-08,A60975404,부곡뉴그린아파트,금정구,부곡동,990.0,0,0,0.0,0.0,0.0,0.0,0.0,,,,,True,산정 불완전,평형별 세대수 보완 필요,c38eb7731a2edbf2c405dc922468ded84aa651100a03e86668e60fb8b6b0b8e7,[],현재 확보 자료로 재구성한 과거 추정치; 과거 세대 구성 미확인,False,555b475dcef496b2254b825ba10b0724d7994196dba4c4e18f34e7f5aa4db599,54cb25d3544257419c8c9faa1ee168a8848dbea69689888cc0985fdd2c7a4797,5fb6c1e071a73763f6eb52e67a11f05f6d609819ae4f39c925745faf40f5b4fd,8b30a9aec44c70f7b04a7800,2026-09-17T13:53:18.573481+09:00,부곡뉴그린아파트,2641010900,부산광역시,금정구,부곡동,,부산광역시 금정구 부곡동 962 부곡뉴그린아파트,분양,개별난방,78156.0,11,990.0,부산도시개발공사,부산도시공사,0515161136, ,아파트,부산광역시 금정구 동현로 103,위탁관리,복도식,19900709,0515128126,990,78018.93,990.0,0.0,0.0,0.0,56635.2,15,15,0,15,46308,위탁관리,3,남부공영(주),위탁관리,13,남부공영(주),위탁관리,4,음식물쓰레기종량제,위탁관리,4,분무식,철근콘크리트구조,3500,종합계약,상주선임,P형,고가수조식,위탁관리,15,579,0,무,50,"관리사무소, 노인정, 어린이놀이터, 자전거보관소",5분이내,1호선,온천장,15~20분이내,"관공서(부곡4동 동사무소) 병원(삼세한방병원,동래현대병원) 대형상가(삼성디지털프라자) 기타(가르멜여자수녀원)","초등학교(동현초등학교) 중학교(동현중학교) 고등학교(내성고등학교,부산정보관광고등학교)",0,0,Y
2026-08,A60975502,부곡SK아파트,금정구,부곡동,1084.0,0,0,0.0,0.0,0.0,0.0,0.0,,,,,True,산정 불완전,평형별 세대수 보완 필요,c38eb7731a2edbf2c405dc922468ded84aa651100a03e86668e60fb8b6b0b8e7,[],현재 확보 자료로 재구성한 과거 추정치; 과거 세대 구성 미확인,False,555b475dcef496b2254b825ba10b0724d7994196dba4c4e18f34e7f5aa4db599,54cb25d3544257419c8c9faa1ee168a8848dbea69689888cc0985fdd2c7a4797,5fb6c1e071a73763f6eb52e67a11f05f6d609819ae4f39c925745faf40f5b4fd,8b30a9aec44c70f7b04a7800,2026-09-17T13:53:18.573481+09:00,부곡SK아파트,2641010900,부산광역시,금정구,부곡동,,부산광역시 금정구 부곡동 63-11 부곡SK아파트,분양,개별난방,137941.0,11,1084.0,SK건설,현대모직(주),0515817453,www.hebibi.com/1327,아파트,부산광역시 금정구 수림로 12,위탁관리,계단식,19980925,0515817916,1084,113010.78,454.0,438.0,142.0,50.0,89794.606,25,25,0,23,46275,위탁관리,8,(주)남부공영,위탁관리,10,남부공영(주),위탁관리,12,음식물쓰레기종량제,위탁관리,4,분무식,철근콘크리트구조,3100,단일계약,상주선임,R형,고가수조식,위탁관리,23,912,275,유,189,"관리사무소, 노인정, 어린이놀이터",5~10분이내,1호선,,5~10분이내,관공서(금정구청) 병원(동래백병원) 백화점(롯데백화점 동래) 대형상가(휴마트) 기타(금정청소년회관),초등학교(금양초등학교) 중학교(금양중학교) 대학교(대동대학교),0,24,Y
2026-08,A60976501,부곡시영,금정구,부곡동,553.0,0,0,0.0,0.0,0.0,0.0,0.0,,,,,True,산정 불완전,평형별 세대수 보완 필요; 임대·혼합 또는 분양 범위 미확인,c38eb7731a2edbf2c405dc922468ded84aa651100a03e86668e60fb8b6b0b8e7,[],현재 확보 자료로 재구성한 과거 추정치; 과거 세대 구성 미확인,False,555b475dcef496b2254b825ba10b0724d7994196dba4c4e18f34e7f5aa4db599,54cb25d3544257419c8c9faa1ee168a8848dbea69689888cc0985fdd2c7a4797,5fb6c1e071a73763f6eb52e67a11f05f6d609819ae4f39c925745faf40f5b4fd,8b30a9aec44c70f7b04a7800,2026-09-17T13:53:18.573481+09:00,부곡시영,2641010900,부산광역시,금정구,부곡동,,부산광역시 금정구 부곡동 957 부곡시영,임대,중앙난방,25405.404,2,553.0,부산도시공사,부산도시공사,0515161136, ,아파트,부산광역시 금정구 동현로 77,위탁관리,복도식,19910603,0515128127,553,25360.58,553.0,0.0,0.0,0.0,16855.14,15,15,0,8,46304,위탁관리,5,남부공영(주),위탁관리,6,남부공영(주),위탁관리,2,음식물쓰레기종량제,위탁관리,3,분무식,철근콘크리트구조,650,종합계약,위탁선임,P형,고가수조식,위탁관리,8,60,0,무,12,"관리사무소, 노인정, 어린이놀이터",15~20분이내,1호선,온천장,15~20분이내,"관공서(부곡4동 동사무소) 병원(삼세한방병원,동래현대병원) 대형상가(삼성디지털프라자) 기타(가르멜여자수녀원)","초등학교(동현초등학교) 중학교(동현중학교) 고등학교(내성고등학교,부산정보관광고등학교)",0,0,Y
2026-08,A60976502,부곡늘푸른아파트,금정구,부곡동,885.0,0,0,0.0,0.0,0.0,0.0,0.0,,,,,True,산정 불완전,평형별 세대수 보완 필요,c38eb7731a2edbf2c405dc922468ded84aa651100a03e86668e60fb8b6b0b8e7,[],현재 확보 자료로 재구성한 과거 추정치; 과거 세대 구성 미확인,False,555b475dcef496b2254b825ba10b0724d7994196dba4c4e18f34e7f5aa4db599,54cb25d3544257419c8c9faa1ee168a8848dbea69689888cc0985fdd2c7a4797,5fb6c1e071a73763f6eb52e67a11f05f6d609819ae4f39c925745faf40f5b4fd,8b30a9aec44c70f7b04a7800,2026-09-17T13:53:18.573481+09:00,부곡늘푸른아파트,2641010900,부산광역시,금정구,부곡동,,부산광역시 금정구 부곡동 957 부곡늘푸른아파트,분양,개별난방,48474.93,8,885.0,부산도시공사,부산도시공사,0515161136, ,아파트,부산광역시 금정구 동현로 77,위탁관리,복도식,19910603,0515128126,735,48389.85,885.0,0.0,0.0,0.0,35399.7,15,15,0,11,46304,위탁관리,5,남부공영,위탁관리,9,남부공영(주),위탁관리,3,기타,위탁관리,3,분무식,철근콘크리트구조,3150,종합계약,상주선임,기타,고가수조식,위탁관리,11,339,0,무,20,"관리사무소, 노인정",15~20분이내,1호선,온천장,15~20분이내,"관공서(부곡4동 동사무소) 병원(삼세한방병원,동래현대병원) 기타(가르멜여자수녀원)","초등학교(동현초등학교) 중학교(동현중학교) 고등학교(내성고등학교,부산정보관광고등학교)",0,0,Y
2026-08,A60982103,우신뉴타운,금정구,부곡동,552.0,0,0,0.0,0.0,0.0,0.0,0.0,,,,,True,산정 불완전,평형별 세대수 보완 필요,c38eb7731a2edbf2c405dc922468ded84aa651100a03e86668e60fb8b6b0b8e7,[],현재 확보 자료로 재구성한 과거 추정치; 과거 세대 구성 미확인,False,555b475dcef496b2254b825ba10b0724d7994196dba4c4e18f34e7f5aa4db599,54cb25d3544257419c8c9faa1ee168a8848dbea69689888cc0985fdd2c7a4797,5fb6c1e071a73763f6eb52e67a11f05f6d609819ae4f39c925745faf40f5b4fd,8b30a9aec44c70f7b04a7800,2026-09-17T13:53:18.573481+09:00,우신뉴타운,2641010900,부산광역시,금정구,부곡동,,부산광역시 금정구 부곡동 235-5 우신뉴타운,분양,개별난방,68427.0,3,552.0,우신종합건설주식회사,우신종합건설주식회사,0515175203, ,아파트,부산광역시 금정구 중앙대로1667번길 8,위탁관리,혼합식,19950403,0515175263,552,61745.44,247.0,167.0,92.0,46.0,49600.99,24,24,1,10,46278,위탁관리,5,(주)주우관리,위탁관리,6,(주)주우관리,위탁관리,5,음식물쓰레기종량제,위탁관리,5,분무식,철근콘크리트구조,1800,단일계약,상주선임,P형,부스타방식,위탁관리,10,100,400,무,68,"관리사무소, 노인정, 보육시설, 어린이놀이터, 유치원, 자전거보관소, 기타",5~10분이내,1호선,,5~10분이내,"관공서(금정구청) 병원(화창한병원, 순여성병원) 백화점(동래 롯데백화점) 기타(금정청소년회관)",초등학교(금양초등학교) 중학교(금양중학교) 대학교(부산대학교),0,10,Y
2026-08,A10020020,부산에코델타시티 디에트르 더 퍼스트아파트,강서구,강동동,972.0,0,0,0.0,0.0,0.0,0.0,0.0,,,,,True,산정 불완전,평형별 세대수 보완 필요,c38eb7731a2edbf2c405dc922468ded84aa651100a03e86668e60fb8b6b0b8e7,[],현재 확보 자료로 재구성한 과거 추정치; 과거 세대 구성 미확인,False,555b475dcef496b2254b825ba10b0724d7994196dba4c4e18f34e7f5aa4db599,54cb25d3544257419c8c9faa1ee168a8848dbea69689888cc0985fdd2c7a4797,5fb6c1e071a73763f6eb52e67a11f05f6d609819ae4f39c925745faf40f5b4fd,8b30a9aec44c70f7b04a7800,2026-09-17T13:53:18.573481+09:00,부산에코델타시티 디에트르 더 퍼스트아파트,2644010300,부산광역시,강서구,강동동,,부산광역시 강서구 강동동 4677-2 부산에코델타시티 디에트르 더 퍼스트아파트,분양,지역난방,197346.81,22,0.0,대방건설(주),디비건설(주),0519719722, ,아파트,부산광역시 강서구 에코델타3로 120,위탁관리,계단식,20260612,0519719733,972,117476.836,0.0,0.0,0.0,0.0,89215.1476,10,10,2,55,,위탁관리,9,(주)대덕하우징씨스템,,,,위탁관리,15,음식물쓰레기종량제,관리방식미정,,,,,,,,,,55,0,1672,유,1024,,,,,,,,0,0,Y
2026-08,A10020264,에코델타 더 베르힐 아파트,강서구,강동동,1120.0,0,0,0.0,0.0,0.0,0.0,0.0,,,,,True,산정 불완전,평형별 세대수 보완 필요,c38eb7731a2edbf2c405dc922468ded84aa651100a03e86668e60fb8b6b0b8e7,[],현재 확보 자료로 재구성한 과거 추정치; 과거 세대 구성 미확인,False,555b475dcef496b2254b825ba10b0724d7994196dba4c4e18f34e7f5aa4db599,54cb25d3544257419c8c9faa1ee168a8848dbea69689888cc0985fdd2c7a4797,5fb6c1e071a73763f6eb52e67a11f05f6d609819ae4f39c925745faf40f5b4fd,8b30a9aec44c70f7b04a7800,2026-09-17T13:53:18.573481+09:00,에코델타 더 베르힐 아파트,2644010300,부산광역시,강서구,강동동,,부산광역시 강서구 강동동 4685-1 에코델타 더 베르힐 아파트,분양,지역난방,186905.14,16,0.0,디에스종합관리(주)  대성베르힐건설(주),(주)부산에코델타시티피에프브이,0518313990, ,아파트,부산광역시 강서구 에코델타5로 60,위탁관리,계단식,20260116,0518313991,1120,130766.625,0.0,0.0,0.0,0.0,101151.0042,21,21,1,32,,위탁관리,8,나라솔루션(주),위탁관리,,성화,위탁관리,11,음식물쓰레기종량제,관리방식미정,3,,철골철근콘크리트구조,6750,종합계약,상주선임,R형,부스타방식,위탁관리,32,4,1580,유,528,"관리사무소, 노인정, 보육시설, 문고, 주민공동시설, 어린이놀이터, 휴게시설, 커뮤니티공간, 자전거보관소",,2호선,,,,,0,80,Y
2026-08,A10020378,에코델타시티 푸르지오린,강서구,강동동,895.0,0,0,0.0,0.0,0.0,0.0,0.0,,,,,True,산정 불완전,평형별 세대수 보완 필요,c38eb7731a2edbf2c405dc922468ded84aa651100a03e86668e60fb8b6b0b8e7,[],현재 확보 자료로 재구성한 과거 추정치; 과거 세대 구성 미확인,False,555b475dcef496b2254b825ba10b0724d7994196dba4c4e18f34e7f5aa4db599,54cb25d3544257419c8c9faa1ee168a8848dbea69689888cc0985fdd2c7a4797,5fb6c1e071a73763f6eb52e67a11f05f6d609819ae4f39c925745faf40f5b4fd,8b30a9aec44c70f7b04a7800,2026-09-17T13:53:18.573481+09:00,에코델타시티 푸르지오린,2644010300,부산광역시,강서구,강동동,,부산광역시 강서구 강동동 27- 에코델타시티 푸르지오린,분양,지역난방,108757.86,14,0.0,주식회사 대우건설,명선종합건설,0519736663, ,아파트,부산광역시 강서구 에코델타3로 43,위탁관리,계단식,20250926,0519739994,895,105708.5,0.0,0.0,0.0,0.0,81341.3847,21,21,1,31,,위탁관리,8,주식회사 비씨에스,,,,위탁관리,12,음식물쓰레기종량제,위탁관리,3,분무식,철골철근콘크리트구조,4750,종합계약,상주선임,GR형,부스타방식,위탁관리,31,9,1248,유,631,"관리사무소, 노인정, 보육시설, 주민공동시설, 어린이놀이터, 휴게시설, 커뮤니티공간, 자전거보관소",,"3호선, 부산-김해경전철",,,,,0,66,Y
2026-08,A10020569,에코델타시티 푸르지오 센터파크,강서구,강동동,972.0,0,0,0.0,0.0,0.0,0.0,0.0,,,,,True,산정 불완전,평형별 세대수 보완 필요,c38eb7731a2edbf2c405dc922468ded84aa651100a03e86668e60fb8b6b0b8e7,[],현재 확보 자료로 재구성한 과거 추정치; 과거 세대 구성 미확인,False,555b475dcef496b2254b825ba10b0724d7994196dba4c4e18f34e7f5aa4db599,54cb25d3544257419c8c9faa1ee168a8848dbea69689888cc0985fdd2c7a4797,5fb6c1e071a73763f6eb52e67a11f05f6d609819ae4f39c925745faf40f5b4fd,8b30a9aec44c70f7b04a7800,2026-09-17T13:53:18.573481+09:00,에코델타시티 푸르지오 센터파크,2644010300,부산광역시,강서구,강동동,,부산광역시 강서구 강동동 - 에코델타시티 푸르지오 센터파크,분양,지역난방,154062.64,13,0.0,대우건설,부산도시공사,0519410178, ,아파트,부산광역시 강서구 에코델타1로 66,위탁관리,계단식,20250617,0519410179,972,107459.49,0.0,0.0,0.0,0.0,81127.1707,16,16,2,40,,위탁관리,9,주식회사 맨투맨써비스,위탁관리,,주식회사 맨투맨써비스,위탁관리,11,음식물쓰레기종량제,위탁관리,3,분무식,철근콘크리트구조,7818,단일계약,상주선임,GR형,부스타방식,위탁관리,40,0,1271,유,466,,,,,,,,0,87,Y
2026-08,A10020645,강서자이 에코델타,강서구,강동동,856.0,0,0,0.0,0.0,0.0,0.0,0.0,,,,,True,산정 불완전,평형별 세대수 보완 필요,c38eb7731a2edbf2c405dc922468ded84aa651100a03e86668e60fb8b6b0b8e7,[],현재 확보 자료로 재구성한 과거 추정치; 과거 세대 구성 미확인,False,555b475dcef496b2254b825ba10b0724d7994196dba4c4e18f34e7f5aa4db599,54cb25d3544257419c8c9faa1ee168a8848dbea69689888cc0985fdd2c7a4797,5fb6c1e071a73763f6eb52e67a11f05f6d609819ae4f39c925745faf40f5b4fd,8b30a9aec44c70f7b04a7800,2026-09-17T13:53:18.573481+09:00,강서자이 에코델타,2644010300,부산광역시,강서구,강동동,,부산광역시 강서구 강동동 - 강서자이 에코델타,분양,지역난방,133305.75,10,0.0,GS건설,부산도시공사,0517102653, ,아파트,부산광역시 강서구 에코델타1로 24,위탁관리,계단식,20250429,0517102654,856,92412.99,0.0,0.0,0.0,0.0,69351.023,22,22,2,23,,위탁관리,8,(주)케이비아주,위탁관리,,주식회사 에스텍베스트,위탁관리,10,차량수거방식,위탁관리,3,,철근콘크리트구조,5250,종합계약,상주선임,R형,부스타방식,위탁관리,23,0,1116,유,560,"관리사무소, 노인정, 주민공동시설, 어린이놀이터, 유치원, 자전거보관소",,,,,,,0,80,Y
2026-08,A10020649,e편한세상 에코델타 센터포인트,강서구,강동동,953.0,0,0,0.0,0.0,0.0,0.0,0.0,,,,,True,산정 불완전,평형별 세대수 보완 필요,c38eb7731a2edbf2c405dc922468ded84aa651100a03e86668e60fb8b6b0b8e7,[],현재 확보 자료로 재구성한 과거 추정치; 과거 세대 구성 미확인,False,555b475dcef496b2254b825ba10b0724d7994196dba4c4e18f34e7f5aa4db599,54cb25d3544257419c8c9faa1ee168a8848dbea69689888cc0985fdd2c7a4797,5fb6c1e071a73763f6eb52e67a11f05f6d609819ae4f39c925745faf40f5b4fd,8b30a9aec44c70f7b04a7800,2026-09-17T13:53:18.573481+09:00,e편한세상 에코델타 센터포인트,2644010300,부산광역시,강서구,강동동,,부산광역시 강서구 강동동 - e편한세상 에코델타 센터포인트,분양,지역난방,151396.72,15,0.0,DL E&C,도시개발공사,0519739735, ,아파트,부산광역시 강서구 에코델타1로 42,위탁관리,계단식,20250429,0519739736,953,105146.12,0.0,0.0,0.0,0.0,79445.4798,1,19,0,34,,위탁관리,8,(주)케이비아주,위탁관리,,에스케이쉴더스(주),위탁관리,12,음식물쓰레기종량제,위탁관리,3,,철골콘크리트구조,4250,종합계약,상주선임,R형,부스타방식,위탁관리,34,1239,7,유,444,,,,,,,,0,89,Y
2026-08,A10022541,에코델타 스마트시티 수자인,강서구,강동동,554.0,0,0,0.0,0.0,0.0,0.0,0.0,,,,,True,산정 불완전,평형별 세대수 보완 필요,c38eb7731a2edbf2c405dc922468ded84aa651100a03e86668e60fb8b6b0b8e7,[],현재 확보 자료로 재구성한 과거 추정치; 과거 세대 구성 미확인,False,555b475dcef496b2254b825ba10b0724d7994196dba4c4e18f34e7f5aa4db599,54cb25d3544257419c8c9faa1ee168a8848dbea69689888cc0985fdd2c7a4797,5fb6c1e071a73763f6eb52e67a11f05f6d609819ae4f39c925745faf40f5b4fd,8b30a9aec44c70f7b04a7800,2026-09-17T13:53:18.573481+09:00,에코델타 스마트시티 수자인,2644010300,부산광역시,강서구,강동동,,부산광역시 강서구 강동동 5058-9 에코델타 스마트시티 수자인,분양,지역난방,78274.0,7,554.0,(주)한양,에코델타피에스피에프브이(주),0519722920, ,아파트,부산광역시 강서구 에코중앙1로 33,위탁관리,계단식,20240628,0519722921,554,77470.195,0.0,0.0,554.0,0.0,62229.6415,24,24,2,16,,위탁관리,6,부경공영(주),위탁관리,,부경공영 (주),위탁관리,6,음식물쓰레기종량제,위탁관리,4,분무식,철골철근콘크리트구조,2750,단일계약,상주선임,R형,부스타방식,위탁관리,19,10,979,유,174,"관리사무소, 노인정, 문고, 주민공동시설, 어린이놀이터, 휴게시설, 커뮤니티공간, 자전거보관소, 기타",5분이내,"3호선, 부산-김해경전철",,,,,0,50,Y
2026-08,A10022696,부산호반써밋스마트시티아파트,강서구,강동동,526.0,0,0,0.0,0.0,0.0,0.0,0.0,,,,,True,산정 불완전,평형별 세대수 보완 필요,c38eb7731a2edbf2c405dc922468ded84aa651100a03e86668e60fb8b6b0b8e7,[],현재 확보 자료로 재구성한 과거 추정치; 과거 세대 구성 미확인,False,555b475dcef496b2254b825ba10b0724d7994196dba4c4e18f34e7f5aa4db599,54cb25d3544257419c8c9faa1ee168a8848dbea69689888cc0985fdd2c7a4797,5fb6c1e071a73763f6eb52e67a11f05f6d609819ae4f39c925745faf40f5b4fd,8b30a9aec44c70f7b04a7800,2026-09-17T13:53:18.573481+09:00,부산호반써밋스마트시티아파트,2644010300,부산광역시,강서구,강동동,,부산광역시 강서구 강동동 5076-5 부산호반써밋스마트시티아파트,분양,지역난방,58422.0,9,526.0,호반건설,호반앤리조트,0519735580, ,아파트,부산광역시 강서구 에코대로 243,위탁관리,계단식,20240313,0519735581,526,57489.008,0.0,526.0,0.0,0.0,44664.9866,18,18,2,14,46716,위탁관리,6,경원문화(주),위탁관리,4,(주)SK쉴더스,위탁관리,7,음식물쓰레기종량제,위탁관리,3,분무식,철골철근콘크리트구조,2750,단일계약,상주선임,R형,부스타방식,관리방식미정,14,0,737,유,306,"관리사무소, 노인정, 보육시설, 주민공동시설, 어린이놀이터, 커뮤니티공간, 자전거보관소",5분이내,,,,공원(),,0,29,Y
2026-08,A10024664,더샵명지퍼스트월드3단지,강서구,명지동,1530.0,0,0,0.0,0.0,0.0,0.0,0.0,,,,,True,산정 불완전,평형별 세대수 보완 필요,c38eb7731a2edbf2c405dc922468ded84aa651100a03e86668e60fb8b6b0b8e7,[],현재 확보 자료로 재구성한 과거 추정치; 과거 세대 구성 미확인,False,555b475dcef496b2254b825ba10b0724d7994196dba4c4e18f34e7f5aa4db599,54cb25d3544257419c8c9faa1ee168a8848dbea69689888cc0985fdd2c7a4797,5fb6c1e071a73763f6eb52e67a11f05f6d609819ae4f39c925745faf40f5b4fd,8b30a9aec44c70f7b04a7800,2026-09-17T13:53:18.573481+09:00,더샵명지퍼스트월드3단지,2644010400,부산광역시,강서구,명지동,,부산광역시 강서구 명지동 3595-3 더샵명지퍼스트월드3단지,분양,지역난방,250035.97,9,1530.0,포스코,대한토지신탁 주식회사,0517100802,firstworldapt3.postown.net/,아파트,부산광역시 강서구 명지국제2로 41,위탁관리,계단식,20200728,0517100803,1530,179038.34,0.0,1326.0,204.0,0.0,133114.062,34,34,3,23,46726,위탁관리,10,(주)주우관리,위탁관리,9,sk쉴더스,위탁관리,16,거점장비수거방식,관리방식미정,4,"도포식,기구부착식",철근콘크리트구조,7000,종합계약,상주선임,R형,부스타방식,위탁관리,48,0,1830,유,588,"관리사무소, 노인정, 보육시설, 문고, 주민공동시설, 어린이놀이터, 휴게시설, 커뮤니티공간, 자전거보관소",5~10분이내,,,,관공서(부산법원 서부지원),,0,37,Y
2026-08,A10024697,더샵명지퍼스트월드2단지아파트,강서구,명지동,1406.0,0,0,0.0,0.0,0.0,0.0,0.0,,,,,True,산정 불완전,평형별 세대수 보완 필요,c38eb7731a2edbf2c405dc922468ded84aa651100a03e86668e60fb8b6b0b8e7,[],현재 확보 자료로 재구성한 과거 추정치; 과거 세대 구성 미확인,False,555b475dcef496b2254b825ba10b0724d7994196dba4c4e18f34e7f5aa4db599,54cb25d3544257419c8c9faa1ee168a8848dbea69689888cc0985fdd2c7a4797,5fb6c1e071a73763f6eb52e67a11f05f6d609819ae4f39c925745faf40f5b4fd,8b30a9aec44c70f7b04a7800,2026-09-17T13:53:18.573481+09:00,더샵명지퍼스트월드2단지아파트,2644010400,부산광역시,강서구,명지동,,부산광역시 강서구 명지동 3594 더샵명지퍼스트월드2단지아파트,분양,지역난방,274223.94,11,1406.0,posco,엠에스에이,0512932224, ,아파트,부산광역시 강서구 명지국제7로 37,위탁관리,혼합식,20200728,0512932225,1406,167497.1,0.0,1166.0,240.0,0.0,124261.532,30,30,2,50,46726,위탁관리,12,(주)하나종합관리,위탁관리,8,(주)에스원,위탁관리,16,거점장비수거방식,위탁관리,3,분무식,철근콘크리트구조,7500,단일계약,상주선임,R형,부스타방식,위탁관리,50,0,1690,유,636,"관리사무소, 노인정, 보육시설, 문고, 주민공동시설, 어린이놀이터, 휴게시설, 유치원, 커뮤니티공간, 자전거보관소",5~10분이내,부산-김해경전철,,20분초과,관공서() 병원() 공원(),초등학교() 중학교() 고등학교(),0,77,Y
2026-08,A10025776,더 힐 시그니처,강서구,명지동,1210.0,0,0,0.0,0.0,0.0,0.0,0.0,,,,,True,산정 불완전,평형별 세대수 보완 필요,c38eb7731a2edbf2c405dc922468ded84aa651100a03e86668e60fb8b6b0b8e7,[],현재 확보 자료로 재구성한 과거 추정치; 과거 세대 구성 미확인,False,555b475dcef496b2254b825ba10b0724d7994196dba4c4e18f34e7f5aa4db599,54cb25d3544257419c8c9faa1ee168a8848dbea69689888cc0985fdd2c7a4797,5fb6c1e071a73763f6eb52e67a11f05f6d609819ae4f39c925745faf40f5b4fd,8b30a9aec44c70f7b04a7800,2026-09-17T13:53:18.573481+09:00,더 힐 시그니처,2644010400,부산광역시,강서구,명지동,,부산광역시 강서구 명지동 3404 더 힐 시그니처,분양,지역난방,244670.0,16,1210.0,동광주택(주),동광주택(주),0512713577, ,아파트,부산광역시 강서구 명지국제7로 110,위탁관리,계단식,20190128,0512713578,1210,169307.75,0.0,0.0,530.0,680.0,140810.257,20,20,1,32,46772,위탁관리,11,(주)굿모닝ENC,위탁관리,6,(주)에스원,위탁관리,13,음식물쓰레기종량제,위탁관리,3,"도포식,분무식,기구부착식",철근콘크리트구조,4400,종합계약,상주선임,R형,부스타방식,위탁관리,32,0,2176,유,362,"관리사무소, 노인정, 보육시설, 문고, 주민공동시설, 어린이놀이터, 휴게시설, 유치원, 커뮤니티공간, 자전거보관소",5분이내,,,20분초과,,초등학교() 중학교(),0,44,Y
2026-08,A10025923,스위트팰리스,강서구,명지동,908.0,0,0,0.0,0.0,0.0,0.0,0.0,,,,,True,산정 불완전,평형별 세대수 보완 필요; 임대·혼합 또는 분양 범위 미확인,c38eb7731a2edbf2c405dc922468ded84aa651100a03e86668e60fb8b6b0b8e7,[],현재 확보 자료로 재구성한 과거 추정치; 과거 세대 구성 미확인,False,555b475dcef496b2254b825ba10b0724d7994196dba4c4e18f34e7f5aa4db599,54cb25d3544257419c8c9faa1ee168a8848dbea69689888cc0985fdd2c7a4797,5fb6c1e071a73763f6eb52e67a11f05f6d609819ae4f39c925745faf40f5b4fd,8b30a9aec44c70f7b04a7800,2026-09-17T13:53:18.573481+09:00,스위트팰리스,2644010400,부산광역시,강서구,명지동,,부산광역시 강서구 명지동 3325 스위트팰리스,혼합,지역난방,123846.1,12,908.0,(주)한양,(주)NHF 제8호공공임대위탁관리부동산투자회사,0512010062, ,아파트,부산광역시 강서구 명지국제5로 165,위탁관리,계단식,20181121,0512010063,908,123846.1,0.0,908.0,0.0,0.0,69521.36,20,20,1,5,46773,위탁관리,9,(주)주우관리,위탁관리,6,(주)로이안,위탁관리,10,거점장비수거방식,위탁관리(직영+위탁),3,분무식,철골철근콘크리트구조,4400,종합계약,상주선임,R형,부스타방식,위탁관리,28,55,946,무,295,"관리사무소, 노인정, 보육시설, 문고, 주민공동시설, 어린이놀이터, 휴게시설, 유치원, 커뮤니티공간, 자전거보관소",5분이내,1호선,,20분초과,"관공서(강서경찰서, 강서구청, 서부산지방법원)",초등학교(명일초등학교) 중학교(경일중학교) 고등학교(경일고등학교) 대학교(동아대학교),8,13,Y
2026-08,A10025932,명지금강펜테리움센트럴파크3차,강서구,명지동,870.0,0,0,0.0,0.0,0.0,0.0,0.0,,,,,True,산정 불완전,평형별 세대수 보완 필요; 임대·혼합 또는 분양 범위 미확인,c38eb7731a2edbf2c405dc922468ded84aa651100a03e86668e60fb8b6b0b8e7,[],현재 확보 자료로 재구성한 과거 추정치; 과거 세대 구성 미확인,False,555b475dcef496b2254b825ba10b0724d7994196dba4c4e18f34e7f5aa4db599,54cb25d3544257419c8c9faa1ee168a8848dbea69689888cc0985fdd2c7a4797,5fb6c1e071a73763f6eb52e67a11f05f6d609819ae4f39c925745faf40f5b4fd,8b30a9aec44c70f7b04a7800,2026-09-17T13:53:18.573481+09:00,명지금강펜테리움센트럴파크3차,2644010400,부산광역시,강서구,명지동,,부산광역시 강서구 명지동 3347 명지금강펜테리움센트럴파크3차,임대,지역난방,98999.89,12,870.0,(주)센테리움이엔씨,(주)금강주택,0512014521, ,아파트,부산광역시 강서구 명지국제5로 110,위탁관리,계단식,20181119,0512014522,870,97914.88,870.0,0.0,0.0,0.0,52143.4427,20,20,1,0,46773,위탁관리,7,(주)금강피엠씨,위탁관리,4,(주)금강피엠씨,위탁관리,9,음식물쓰레기종량제,위탁관리,3,분무식,철근콘크리트구조,2250,단일계약,상주선임,R형,부스타방식,위탁관리,24,0,877,유,185,"관리사무소, 노인정, 보육시설, 문고, 주민공동시설, 어린이놀이터, 커뮤니티공간, 자전거보관소",5분이내,1호선,하단역,15~20분이내,"관공서(명지 1동 행정복지센터 051-970-4904) 병원(하단 본병원, 하단 프라임병원, 명지아동병원,큰나무정형외과,) 백화점(신세계백화점) 대형상가(GS마트, E마트) 공원(명지동 근린공원, 을숙도 철새공원,)","초등학교(명지초등학교) 중학교(명지중학교) 고등학교(경일고등학교, 경호고등학교,) 대학교(랭커스대학교(부산캠퍼스), 동아대학교(승학캠퍼스))",0,8,Y
2026-08,A10026157,명지더웨스턴,강서구,명지동,1201.0,0,0,0.0,0.0,0.0,0.0,0.0,,,,,True,산정 불완전,평형별 세대수 보완 필요,c38eb7731a2edbf2c405dc922468ded84aa651100a03e86668e60fb8b6b0b8e7,[],현재 확보 자료로 재구성한 과거 추정치; 과거 세대 구성 미확인,False,555b475dcef496b2254b825ba10b0724d7994196dba4c4e18f34e7f5aa4db599,54cb25d3544257419c8c9faa1ee168a8848dbea69689888cc0985fdd2c7a4797,5fb6c1e071a73763f6eb52e67a11f05f6d609819ae4f39c925745faf40f5b4fd,8b30a9aec44c70f7b04a7800,2026-09-17T13:53:18.573481+09:00,명지더웨스턴,2644010400,부산광역시,강서구,명지동,,부산광역시 강서구 명지동 3399 명지더웨스턴,분양,지역난방,167134.3,11,1201.0,대방건설(주),한국토지주택공사,0512015976,lhocean.aptner.com/,아파트,부산광역시 강서구 명지국제7로 111,위탁관리,계단식,20180612,0512015977,1213,127722.36,0.0,1201.0,0.0,0.0,93332.09,21,21,1,33,46772,위탁관리,10,(주)주우관리,위탁관리,6,에스원,위탁관리,13,음식물쓰레기종량제,위탁관리,3,분무식,철근콘크리트구조,5300,단일계약,상주선임,R형,부스타방식,위탁관리,33,162,1167,유,310,"관리사무소, 노인정, 보육시설, 문고, 주민공동시설, 어린이놀이터, 휴게시설, 커뮤니티공간, 자전거보관소, 기타",5분이내,,,20분초과,"관공서(명지1동주민센터, 부산법원 서부지원) 병원(갑을녹산병원) 대형상가(스타필드 명지점) 기타((단지 내 국공립어린이집))","초등학교(명원초등학교) 중학교(경일중학교, 명지중학교) 고등학교(명호고등학교)",0,27,Y
2026-08,A10026445,중흥S-클래스에듀오션,강서구,명지동,750.0,0,0,0.0,0.0,0.0,0.0,0.0,,,,,True,산정 불완전,평형별 세대수 보완 필요,c38eb7731a2edbf2c405dc922468ded84aa651100a03e86668e60fb8b6b0b8e7,[],현재 확보 자료로 재구성한 과거 추정치; 과거 세대 구성 미확인,False,555b475dcef496b2254b825ba10b0724d7994196dba4c4e18f34e7f5aa4db599,54cb25d3544257419c8c9faa1ee168a8848dbea69689888cc0985fdd2c7a4797,5fb6c1e071a73763f6eb52e67a11f05f6d609819ae4f39c925745faf40f5b4fd,8b30a9aec44c70f7b04a7800,2026-09-17T13:53:18.573481+09:00,중흥S-클래스에듀오션,2644010400,부산광역시,강서구,명지동,,부산광역시 강서구 명지동 3350 중흥S-클래스에듀오션,분양,지역난방,107671.0,12,750.0,(주)중흥토건,(주)새솔건설,0512015923, ,아파트,부산광역시 강서구 명지국제5로 90,위탁관리,계단식,20180208,0512015924,750,76421.2,0.0,750.0,0.0,0.0,56844.8114,20,20,1,0,46773,위탁관리,6,남부건업(주),위탁관리,6,남부건업(주),위탁관리,8,음식물쓰레기종량제,위탁관리,3,"도포식,분무식,기구부착식",철근콘크리트구조,2550,종합계약,상주선임,R형,부스타방식,위탁관리,22,7,851,유,204,"관리사무소, 노인정, 보육시설, 문고, 주민공동시설, 어린이놀이터, 휴게시설, 유치원, 커뮤니티공간, 자전거보관소",5분이내,,,20분초과,,초등학교(명지초등학교) 중학교(명지중학교) 고등학교(),0,18,Y
2026-08,A10027139,호반써밋명지국제,강서구,명지동,694.0,0,0,0.0,0.0,0.0,0.0,0.0,,,,,True,산정 불완전,평형별 세대수 보완 필요,c38eb7731a2edbf2c405dc922468ded84aa651100a03e86668e60fb8b6b0b8e7,[],현재 확보 자료로 재구성한 과거 추정치; 과거 세대 구성 미확인,False,555b475dcef496b2254b825ba10b0724d7994196dba4c4e18f34e7f5aa4db599,54cb25d3544257419c8c9faa1ee168a8848dbea69689888cc0985fdd2c7a4797,5fb6c1e071a73763f6eb52e67a11f05f6d609819ae4f39c925745faf40f5b4fd,8b30a9aec44c70f7b04a7800,2026-09-17T13:53:18.573481+09:00,호반써밋명지국제,2644010400,부산광역시,강서구,명지동,,부산광역시 강서구 명지동 3344 호반써밋명지국제,분양,지역난방,98539.0,6,694.0,(주)호반건설,스카이리빙,0512712766, ,아파트,부산광역시 강서구 명지국제5로 89,위탁관리,계단식,20170125,0512712767,694,72155.0,0.0,694.0,0.0,0.0,54818.1528,29,29,1,1,46773,위탁관리,6,제일에스테이트서비스 주식회사,위탁관리,4,(주)에스원,위탁관리,8,음식물쓰레기종량제,위탁관리,3,분무식,철근콘크리트구조,4000,종합계약,상주선임,R형,부스타방식,위탁관리,13,0,770,유,168,"관리사무소, 노인정, 보육시설, 문고, 주민공동시설, 어린이놀이터, 휴게시설, 커뮤니티공간, 자전거보관소",5~10분이내,1호선,,15~20분이내,"관공서(구청, 우체국)","초등학교(명호초등학교, 명지신명초등학교) 중학교(명호중학교) 고등학교(경일고등학교)",0,16,Y
2026-08,A10027280,명지 협성휴포레,강서구,명지동,1664.0,0,0,0.0,0.0,0.0,0.0,0.0,,,,,True,산정 불완전,평형별 세대수 보완 필요,c38eb7731a2edbf2c405dc922468ded84aa651100a03e86668e60fb8b6b0b8e7,[],현재 확보 자료로 재구성한 과거 추정치; 과거 세대 구성 미확인,False,555b475dcef496b2254b825ba10b0724d7994196dba4c4e18f34e7f5aa4db599,54cb25d3544257419c8c9faa1ee168a8848dbea69689888cc0985fdd2c7a4797,5fb6c1e071a73763f6eb52e67a11f05f6d609819ae4f39c925745faf40f5b4fd,8b30a9aec44c70f7b04a7800,2026-09-17T13:53:18.573481+09:00,명지 협성휴포레,2644010400,부산광역시,강서구,명지동,,부산광역시 강서구 명지동 3328 명지 협성휴포레,분양,지역난방,190664.56,28,1664.0,(주)협성건설,(주)협성건설,0512922846, ,아파트,부산광역시 강서구 명지국제5로 141,위탁관리,계단식,20161118,0512922848,1664,132140.11,1664.0,0.0,0.0,0.0,96956.1621,20,20,2,38,46773,위탁관리,12,(주)디이씨오,위탁관리,7,(주)비앤에이서비스,위탁관리,16,거점장비수거방식,위탁관리,3,분무식,철근콘크리트구조,7500,종합계약,상주선임,R형,부스타방식,위탁관리,38,23,1682,유,392,"관리사무소, 노인정, 보육시설, 문고, 주민공동시설, 어린이놀이터, 휴게시설, 커뮤니티공간, 자전거보관소, 기타",5분이내,"1호선, 부산-김해경전철",,15~20분이내,병원() 대형상가() 공원(),초등학교() 중학교(),0,15,Y
2026-08,A10027282,중흥S클래스프라디움아파트,강서구,명지동,1033.0,0,0,0.0,0.0,0.0,0.0,0.0,,,,,True,산정 불완전,평형별 세대수 보완 필요,c38eb7731a2edbf2c405dc922468ded84aa651100a03e86668e60fb8b6b0b8e7,[],현재 확보 자료로 재구성한 과거 추정치; 과거 세대 구성 미확인,False,555b475dcef496b2254b825ba10b0724d7994196dba4c4e18f34e7f5aa4db599,54cb25d3544257419c8c9faa1ee168a8848dbea69689888cc0985fdd2c7a4797,5fb6c1e071a73763f6eb52e67a11f05f6d609819ae4f39c925745faf40f5b4fd,8b30a9aec44c70f7b04a7800,2026-09-17T13:53:18.573481+09:00,중흥S클래스프라디움아파트,2644010400,부산광역시,강서구,명지동,,부산광역시 강서구 명지동 3400 중흥S클래스프라디움아파트,분양,지역난방,129859.0,9,1033.0,시티종합건설외 2개사,시티종합건설외 2개사,0512711202, ,아파트,부산광역시 강서구 명지국제7로 133,위탁관리,계단식,20161206,0512711203,1033,85614.45,1033.0,0.0,0.0,0.0,61971.4167,29,29,2,0,46772,위탁관리,8,(주)에이비씨서비스,위탁관리,4,(주)홈스웰,위탁관리,10,음식물쓰레기종량제,위탁관리,6,,철골철근콘크리트구조,2850,단일계약,상주선임,R형,부스타방식,위탁관리,22,0,1194,유,202,"관리사무소, 노인정, 보육시설, 문고, 주민공동시설, 어린이놀이터, 휴게시설, 커뮤니티공간, 자전거보관소",5분이내,,,20분초과,관공서() 병원(),초등학교() 중학교() 고등학교(),0,24,Y
2026-08,A10027581,명지대방노블랜드오션뷰2차아파트,강서구,명지동,600.0,0,0,0.0,0.0,0.0,0.0,0.0,,,,,True,산정 불완전,평형별 세대수 보완 필요,c38eb7731a2edbf2c405dc922468ded84aa651100a03e86668e60fb8b6b0b8e7,[],현재 확보 자료로 재구성한 과거 추정치; 과거 세대 구성 미확인,False,555b475dcef496b2254b825ba10b0724d7994196dba4c4e18f34e7f5aa4db599,54cb25d3544257419c8c9faa1ee168a8848dbea69689888cc0985fdd2c7a4797,5fb6c1e071a73763f6eb52e67a11f05f6d609819ae4f39c925745faf40f5b4fd,8b30a9aec44c70f7b04a7800,2026-09-17T13:53:18.573481+09:00,명지대방노블랜드오션뷰2차아파트,2644010400,부산광역시,강서구,명지동,,부산광역시 강서구 명지동 3417 명지대방노블랜드오션뷰2차아파트,분양,지역난방,93784.86,8,600.0,대방건설주식회사,대방건설주식회사,0512948705, ,아파트,부산광역시 강서구 명지국제5로 11,위탁관리,계단식,20160429,0512948706,600,67745.06,0.0,600.0,0.0,0.0,50998.82,20,20,1,17,46773,위탁관리,6,(주)에이치엠 우성,위탁관리,5,(주)비앤에이서비스,위탁관리,7,음식물쓰레기종량제,위탁관리,4,분무식,철골철근콘크리트구조,3950,종합계약,상주선임,GR형,부스타방식,위탁관리,17,1,687,유,171,"관리사무소, 노인정, 보육시설, 문고, 주민공동시설, 어린이놀이터, 휴게시설, 커뮤니티공간, 자전거보관소",5~10분이내,1호선,,,,,0,14,Y
2026-08,A10027621,명지2차 금강펜테리움 센트럴파크,강서구,명지동,670.0,0,0,0.0,0.0,0.0,0.0,0.0,,,,,True,산정 불완전,평형별 세대수 보완 필요,c38eb7731a2edbf2c405dc922468ded84aa651100a03e86668e60fb8b6b0b8e7,[],현재 확보 자료로 재구성한 과거 추정치; 과거 세대 구성 미확인,False,555b475dcef496b2254b825ba10b0724d7994196dba4c4e18f34e7f5aa4db599,54cb25d3544257419c8c9faa1ee168a8848dbea69689888cc0985fdd2c7a4797,5fb6c1e071a73763f6eb52e67a11f05f6d609819ae4f39c925745faf40f5b4fd,8b30a9aec44c70f7b04a7800,2026-09-17T13:53:18.573481+09:00,명지2차 금강펜테리움 센트럴파크,2644010400,부산광역시,강서구,명지동,,부산광역시 강서구 명지동 1131-1 명지2차 금강펜테리움 센트럴파크,분양,지역난방,94805.695,6,670.0,금강주택,금강산업개발,0512070401,www.aptree.co.kr/home/user/6506,아파트,부산광역시 강서구 명지국제5로 109,위탁관리,계단식,20160325,0512070402,670,67460.44,0.0,670.0,0.0,0.0,50607.6652,29,29,1,12,46773,위탁관리,6,(주)썬앤문,위탁관리,4,(주)비엔에이서비스,위탁관리,7,음식물쓰레기종량제,위탁관리,6,분무식,철근콘크리트구조,3750,단일계약,상주선임,R형,부스타방식,위탁관리,24,0,740,유,176,"관리사무소, 노인정, 보육시설, 문고, 주민공동시설, 어린이놀이터, 휴게시설, 유치원, 커뮤니티공간, 자전거보관소",5분이내,,,,병원() 공원() 기타(),초등학교() 중학교(),0,15,Y
2026-08,A10027656,대방노블랜드오션뷰1차아파트,강서구,명지동,737.0,0,0,0.0,0.0,0.0,0.0,0.0,,,,,True,산정 불완전,평형별 세대수 보완 필요,c38eb7731a2edbf2c405dc922468ded84aa651100a03e86668e60fb8b6b0b8e7,[],현재 확보 자료로 재구성한 과거 추정치; 과거 세대 구성 미확인,False,555b475dcef496b2254b825ba10b0724d7994196dba4c4e18f34e7f5aa4db599,54cb25d3544257419c8c9faa1ee168a8848dbea69689888cc0985fdd2c7a4797,5fb6c1e071a73763f6eb52e67a11f05f6d609819ae4f39c925745faf40f5b4fd,8b30a9aec44c70f7b04a7800,2026-09-17T13:53:18.573481+09:00,대방노블랜드오션뷰1차아파트,2644010400,부산광역시,강서구,명지동,,부산광역시 강서구 명지동 2609-5 대방노블랜드오션뷰1차아파트,분양,지역난방,112252.336,11,737.0,대방건설(주),대방건설(주),0512715561,없음,아파트,부산광역시 강서구 명지국제5로 30,위탁관리,계단식,20151229,0512715562,737,83346.164,0.0,737.0,0.0,0.0,62590.3361,20,20,1,23,46772,위탁관리,6,부경공영(주),위탁관리,6,에스케이쉴더스,위탁관리,8,음식물쓰레기종량제,위탁관리,3,"분무식,기구설치식",철골철근콘크리트구조,3500,단일계약,상주선임,GR형,부스타방식,위탁관리,23,3,839,유,207,"관리사무소, 노인정, 보육시설, 문고, 주민공동시설, 어린이놀이터, 휴게시설, 커뮤니티공간, 자전거보관소, 기타",5분이내,1호선,,20분초과,병원() 대형상가() 공원() 기타(),초등학교() 중학교(),0,12,Y
2026-08,A10027698,명지 국제신도시 호반베르디움1차,강서구,명지동,642.0,0,0,0.0,0.0,0.0,0.0,0.0,,,,,True,산정 불완전,평형별 세대수 보완 필요,c38eb7731a2edbf2c405dc922468ded84aa651100a03e86668e60fb8b6b0b8e7,[],현재 확보 자료로 재구성한 과거 추정치; 과거 세대 구성 미확인,False,555b475dcef496b2254b825ba10b0724d7994196dba4c4e18f34e7f5aa4db599,54cb25d3544257419c8c9faa1ee168a8848dbea69689888cc0985fdd2c7a4797,5fb6c1e071a73763f6eb52e67a11f05f6d609819ae4f39c925745faf40f5b4fd,8b30a9aec44c70f7b04a7800,2026-09-17T13:53:18.573481+09:00,명지 국제신도시 호반베르디움1차,2644010400,부산광역시,강서구,명지동,,부산광역시 강서구 명지동 2484 명지 국제신도시 호반베르디움1차,분양,지역난방,90653.69,8,642.0,(주)호반건설,(주)호반건설주택,0512718826, ,아파트,부산광역시 강서구 명지국제5로 60,위탁관리,계단식,20160203,0512718827,642,66161.05,0.0,642.0,0.0,0.0,49577.969,25,25,1,16,46773,위탁관리,6,(주)디이씨오,위탁관리,4,(주)에스원,위탁관리,8,음식물쓰레기종량제,위탁관리,5,분무식,철골철근콘크리트구조,3750,종합계약,상주선임,R형,부스타방식,위탁관리,36,0,718,유,175,"관리사무소, 노인정, 보육시설, 주민공동시설, 어린이놀이터, 휴게시설, 커뮤니티공간, 자전거보관소",5~10분이내,,,20분초과,관공서() 대형상가() 공원(),초등학교() 중학교(),0,5,Y
2026-08,A10027918,명지1차금강펜테리움센트럴파크,강서구,명지동,850.0,0,0,0.0,0.0,0.0,0.0,0.0,,,,,True,산정 불완전,평형별 세대수 보완 필요,c38eb7731a2edbf2c405dc922468ded84aa651100a03e86668e60fb8b6b0b8e7,[],현재 확보 자료로 재구성한 과거 추정치; 과거 세대 구성 미확인,False,555b475dcef496b2254b825ba10b0724d7994196dba4c4e18f34e7f5aa4db599,54cb25d3544257419c8c9faa1ee168a8848dbea69689888cc0985fdd2c7a4797,5fb6c1e071a73763f6eb52e67a11f05f6d609819ae4f39c925745faf40f5b4fd,8b30a9aec44c70f7b04a7800,2026-09-17T13:53:18.573481+09:00,명지1차금강펜테리움센트럴파크,2644010400,부산광역시,강서구,명지동,,부산광역시 강서구 명지동 1690-1 명지1차금강펜테리움센트럴파크,분양,지역난방,125183.0,8,850.0,(주)금강주택,금강비스타(주),0512711571,mjcentralpark.aptner.co.kr,아파트,부산광역시 강서구 명지국제5로 60,위탁관리,계단식,20150701,0512711574,850,88849.414,0.0,850.0,0.0,0.0,64613.7242,29,29,1,16,46773,위탁관리,8,(주)디이씨오,위탁관리,4,에스원,위탁관리,10,음식물쓰레기종량제,위탁관리,5,분무식,철골철근콘크리트구조,3900,단일계약,상주선임,GR형,부스타방식,위탁관리,16,0,941,유,198,"관리사무소, 노인정, 보육시설, 문고, 주민공동시설, 어린이놀이터, 휴게시설, 커뮤니티공간, 자전거보관소",5분이내,1호선,,5~10분이내,,,0,39,Y
2026-08,A10027953,명지에일린의뜰아파트,강서구,명지동,980.0,0,0,0.0,0.0,0.0,0.0,0.0,,,,,True,산정 불완전,평형별 세대수 보완 필요,c38eb7731a2edbf2c405dc922468ded84aa651100a03e86668e60fb8b6b0b8e7,[],현재 확보 자료로 재구성한 과거 추정치; 과거 세대 구성 미확인,False,555b475dcef496b2254b825ba10b0724d7994196dba4c4e18f34e7f5aa4db599,54cb25d3544257419c8c9faa1ee168a8848dbea69689888cc0985fdd2c7a4797,5fb6c1e071a73763f6eb52e67a11f05f6d609819ae4f39c925745faf40f5b4fd,8b30a9aec44c70f7b04a7800,2026-09-17T13:53:18.573481+09:00,명지에일린의뜰아파트,2644010400,부산광역시,강서구,명지동,,부산광역시 강서구 명지동 1647-1 명지에일린의뜰아파트,분양,지역난방,136872.86,13,980.0,아이에스동서(주),아이에스동서(주),0512918855, ,아파트,부산광역시 강서구 명지국제5로 60,위탁관리,계단식,20150529,0512918856,980,101014.69,0.0,980.0,0.0,0.0,77187.758,20,20,1,27,46773,위탁관리,9,남부건업(주),위탁관리,5,(주)케이티텔레캅,위탁관리,11,음식물쓰레기종량제,위탁관리,6,분무식,철근콘크리트구조,5300,종합계약,상주선임,R형,부스타방식,위탁관리,27,0,1083,유,278,"관리사무소, 노인정, 보육시설, 문고, 주민공동시설, 어린이놀이터, 휴게시설, 유치원, 커뮤니티공간, 자전거보관소",5분이내,1호선,,20분초과,,초등학교(명지초등학교) 중학교(명지중학교),0,10,Y
2026-08,A10028117,명지삼정그린코아,강서구,명지동,610.0,0,0,0.0,0.0,0.0,0.0,0.0,,,,,True,산정 불완전,평형별 세대수 보완 필요,c38eb7731a2edbf2c405dc922468ded84aa651100a03e86668e60fb8b6b0b8e7,[],현재 확보 자료로 재구성한 과거 추정치; 과거 세대 구성 미확인,False,555b475dcef496b2254b825ba10b0724d7994196dba4c4e18f34e7f5aa4db599,54cb25d3544257419c8c9faa1ee168a8848dbea69689888cc0985fdd2c7a4797,5fb6c1e071a73763f6eb52e67a11f05f6d609819ae4f39c925745faf40f5b4fd,8b30a9aec44c70f7b04a7800,2026-09-17T13:53:18.573481+09:00,명지삼정그린코아,2644010400,부산광역시,강서구,명지동,,부산광역시 강서구 명지동 3246 명지삼정그린코아,분양,개별난방,92862.36,13,610.0,(주)삼정,(주)삼정코아건설,0512936668, ,아파트,부산광역시 강서구 명지오션시티10로 114,위탁관리,계단식,20140724,0512936608,610,48632.355,0.0,570.0,40.0,0.0,48632.357,10,10,1,30,46763,위탁관리,6,(주)에이치엠 우성,위탁관리,6,보민테크,위탁관리,7,거점장비수거방식,위탁관리,3,"도포식,분무식",철근콘크리트구조,3500,종합계약,상주선임,R형,부스타방식,위탁관리,30,0,649,유,164,"관리사무소, 노인정, 보육시설, 문고, 주민공동시설, 어린이놀이터, 커뮤니티공간, 자전거보관소",5분이내,1호선,,,공원(),초등학교() 중학교() 고등학교(),0,13,Y
2026-08,A61820001,명지롯데캐슬,강서구,명지동,1122.0,0,0,0.0,0.0,0.0,0.0,0.0,,,,,True,산정 불완전,평형별 세대수 보완 필요,c38eb7731a2edbf2c405dc922468ded84aa651100a03e86668e60fb8b6b0b8e7,[],현재 확보 자료로 재구성한 과거 추정치; 과거 세대 구성 미확인,False,555b475dcef496b2254b825ba10b0724d7994196dba4c4e18f34e7f5aa4db599,54cb25d3544257419c8c9faa1ee168a8848dbea69689888cc0985fdd2c7a4797,5fb6c1e071a73763f6eb52e67a11f05f6d609819ae4f39c925745faf40f5b4fd,8b30a9aec44c70f7b04a7800,2026-09-17T13:53:18.573481+09:00,명지롯데캐슬,2644010400,부산광역시,강서구,명지동,,부산광역시 강서구 명지동 3244 명지롯데캐슬,분양,개별난방,190077.86,16,1122.0,롯데건설,롯데건설,0512063428,mjlotte.aptner.com,아파트,부산광역시 강서구 명지오션시티11로 84,위탁관리,계단식,20081211,0512713413,1133,144513.53,0.0,556.0,446.0,120.0,114807.86,15,15,1,40,46764,위탁관리,10,(주)디이씨오,위탁관리,8,(주)에스원,위탁관리,11,음식물쓰레기종량제,위탁관리,5,분무식,철근콘크리트구조,4900,단일계약,상주선임,R형,부스타방식,위탁관리,40,209,1471,유,223,"관리사무소, 노인정, 보육시설, 문고, 주민공동시설, 어린이놀이터, 휴게시설, 커뮤니티공간, 자전거보관소",5분이내,1호선,,20분초과,병원() 공원(),"초등학교(명호초등학교, 남명초등학교, 오션초등학교) 중학교(명호중학교, 오션중학교) 고등학교(명호고등학교)",0,30,Y
2026-08,A61870404,퀸덤1차아인슈타인타운,강서구,명지동,1112.0,0,0,0.0,0.0,0.0,0.0,0.0,,,,,True,산정 불완전,평형별 세대수 보완 필요,c38eb7731a2edbf2c405dc922468ded84aa651100a03e86668e60fb8b6b0b8e7,[],현재 확보 자료로 재구성한 과거 추정치; 과거 세대 구성 미확인,False,555b475dcef496b2254b825ba10b0724d7994196dba4c4e18f34e7f5aa4db599,54cb25d3544257419c8c9faa1ee168a8848dbea69689888cc0985fdd2c7a4797,5fb6c1e071a73763f6eb52e67a11f05f6d609819ae4f39c925745faf40f5b4fd,8b30a9aec44c70f7b04a7800,2026-09-17T13:53:18.573481+09:00,퀸덤1차아인슈타인타운,2644010400,부산광역시,강서구,명지동,,부산광역시 강서구 명지동 3232 퀸덤1차아인슈타인타운,분양,지역난방,202706.0,17,1112.0,영조주택,대한리츠,0512717781,einsteintown.com,아파트,부산광역시 강서구 명지오션시티11로 51,위탁관리,계단식,20090501,0512717782,1112,145042.19,0.0,480.0,564.0,68.0,112229.9,15,15,2,29,46762,위탁관리,10,주식회사 보민테크,위탁관리,8,(주)에스원,위탁관리,12,음식물쓰레기종량제,위탁관리,3,분무식,철근콘크리트구조,5500,단일계약,상주선임,R형,부스타방식,위탁관리,29,0,1576,유,272,"관리사무소, 노인정, 보육시설, 주민공동시설, 어린이놀이터, 휴게시설, 자전거보관소",5분이내,1호선,,20분초과,"관공서(명지오션시티민원센터) 병원(위앤대우리큰내과의원로드뷰) 대형상가(이마트에브리데이) 공원(명지동근린공원,명지제1공원)","초등학교(명호초,남명초,신호초) 중학교(명호중) 고등학교(명호고)",0,5,Y
2026-08,A61870405,영어도시퀸덤1차링컨타운,강서구,명지동,1102.0,0,0,0.0,0.0,0.0,0.0,0.0,,,,,True,산정 불완전,평형별 세대수 보완 필요,c38eb7731a2edbf2c405dc922468ded84aa651100a03e86668e60fb8b6b0b8e7,[],현재 확보 자료로 재구성한 과거 추정치; 과거 세대 구성 미확인,False,555b475dcef496b2254b825ba10b0724d7994196dba4c4e18f34e7f5aa4db599,54cb25d3544257419c8c9faa1ee168a8848dbea69689888cc0985fdd2c7a4797,5fb6c1e071a73763f6eb52e67a11f05f6d609819ae4f39c925745faf40f5b4fd,8b30a9aec44c70f7b04a7800,2026-09-17T13:53:18.573481+09:00,영어도시퀸덤1차링컨타운,2644010400,부산광역시,강서구,명지동,,부산광역시 강서구 명지동 3231 영어도시퀸덤1차링컨타운,분양,지역난방,199392.0,17,1102.0,영조주택,대한리츠,0512717170,qdlc1.aptner.co.kr,아파트,부산광역시 강서구 명지오션시티10로 16,위탁관리,계단식,20090501,0512717172,1102,145565.39,0.0,429.0,608.0,65.0,111950.07,15,15,2,29,46762,위탁관리,10,(주)케이비아주,위탁관리,7,(주)로이안H&F,위탁관리,12,음식물쓰레기종량제,위탁관리,3,분무식,철근콘크리트구조,6250,단일계약,상주선임,R형,부스타방식,위탁관리,29,0,1556,무,317,"관리사무소, 노인정, 보육시설, 주민공동시설, 어린이놀이터, 휴게시설, 자전거보관소",5~10분이내,,,20분초과,관공서(차량등록사업소) 공원(),초등학교(명호) 중학교(명호) 고등학교(명호),0,32,Y
2026-08,A61870406,영어도시퀸덤에디슨타운,강서구,명지동,652.0,0,0,0.0,0.0,0.0,0.0,0.0,,,,,True,산정 불완전,평형별 세대수 보완 필요,c38eb7731a2edbf2c405dc922468ded84aa651100a03e86668e60fb8b6b0b8e7,[],현재 확보 자료로 재구성한 과거 추정치; 과거 세대 구성 미확인,False,555b475dcef496b2254b825ba10b0724d7994196dba4c4e18f34e7f5aa4db599,54cb25d3544257419c8c9faa1ee168a8848dbea69689888cc0985fdd2c7a4797,5fb6c1e071a73763f6eb52e67a11f05f6d609819ae4f39c925745faf40f5b4fd,8b30a9aec44c70f7b04a7800,2026-09-17T13:53:18.573481+09:00,영어도시퀸덤에디슨타운,2644010400,부산광역시,강서구,명지동,,부산광역시 강서구 명지동 3230-11 영어도시퀸덤에디슨타운,분양,지역난방,125630.7,11,652.0,대한리츠(주),영조주택,0512710541,v2admin.aptner.com,아파트,부산광역시 강서구 명지오션시티10로 17,위탁관리,계단식,20090501,0512710542,652,88379.96,0.0,250.0,355.0,47.0,67356.73,15,15,2,20,46762,위탁관리,6,세화플러스 주식회사,위탁관리(직영+위탁),6,(주)에스원,위탁관리(직영+위탁),7,음식물쓰레기종량제,위탁관리,3,분무식,철근콘크리트구조,3000,단일계약,상주선임,R형,부스타방식,위탁관리,21,0,941,유,224,"관리사무소, 노인정, 보육시설, 문고, 주민공동시설, 어린이놀이터, 자전거보관소",5~10분이내,,,20분초과,관공서(차량등록사업소) 공원(),초등학교(명호) 중학교(명호) 고등학교(명호),0,71,Y
2026-08,A61870410,명지두산위브포세이돈,강서구,명지동,1256.0,0,0,0.0,0.0,0.0,0.0,0.0,,,,,True,산정 불완전,평형별 세대수 보완 필요,c38eb7731a2edbf2c405dc922468ded84aa651100a03e86668e60fb8b6b0b8e7,[],현재 확보 자료로 재구성한 과거 추정치; 과거 세대 구성 미확인,False,555b475dcef496b2254b825ba10b0724d7994196dba4c4e18f34e7f5aa4db599,54cb25d3544257419c8c9faa1ee168a8848dbea69689888cc0985fdd2c7a4797,5fb6c1e071a73763f6eb52e67a11f05f6d609819ae4f39c925745faf40f5b4fd,8b30a9aec44c70f7b04a7800,2026-09-17T13:53:18.573481+09:00,명지두산위브포세이돈,2644010400,부산광역시,강서구,명지동,,부산광역시 강서구 명지동 3234 명지두산위브포세이돈,분양,개별난방,192500.0,16,1256.0,두산건설,현원개발,0512713787,www.mjposeidon.aptner.co.kr,아파트,부산광역시 강서구 명지오션시티11로 22,위탁관리,계단식,20130315,0512713789,1256,140946.0,0.0,1197.0,59.0,0.0,107568.3722,15,15,2,45,46765,위탁관리,10,조은관리시스템 주식회사,위탁관리,6,조은관리시스템(주),위탁관리,15,음식물쓰레기종량제,위탁관리,3,"도포식,분무식",철근콘크리트구조,7000,종합계약,상주선임,GR형,부스타방식,위탁관리,90,20,1429,유,353,"관리사무소, 노인정, 보육시설, 주민공동시설, 어린이놀이터, 휴게시설, 커뮤니티공간, 자전거보관소",5~10분이내,1호선,,20분초과,관공서(오션시티 명지 주민센타) 대형상가(스타필드명지) 공원(을숙도 철새도래지 수변공원),"초등학교(명호초등학교, 남명초등학교,오션초등학교) 중학교(명호중학교,오션중학교) 고등학교(명호고등학교,경일고등학교등)",0,29,Y
2026-08,A61870411,명지오션시티한신휴플러스,강서구,명지동,841.0,0,0,0.0,0.0,0.0,0.0,0.0,,,,,True,산정 불완전,평형별 세대수 보완 필요,c38eb7731a2edbf2c405dc922468ded84aa651100a03e86668e60fb8b6b0b8e7,[],현재 확보 자료로 재구성한 과거 추정치; 과거 세대 구성 미확인,False,555b475dcef496b2254b825ba10b0724d7994196dba4c4e18f34e7f5aa4db599,54cb25d3544257419c8c9faa1ee168a8848dbea69689888cc0985fdd2c7a4797,5fb6c1e071a73763f6eb52e67a11f05f6d609819ae4f39c925745faf40f5b4fd,8b30a9aec44c70f7b04a7800,2026-09-17T13:53:18.573481+09:00,명지오션시티한신휴플러스,2644010400,부산광역시,강서구,명지동,,부산광역시 강서구 명지동 3236 명지오션시티한신휴플러스,분양,개별난방,126910.0,29,841.0,한신공영(주),인베이스디엔시(주),0512712750,mjhanshin.aptner.co.kr,아파트,부산광역시 강서구 명지오션시티1로 155,위탁관리,계단식,20140813,0512712760,841,91887.9,0.0,841.0,0.0,0.0,69671.14,11,11,1,14,46765,위탁관리,7,주)HM우성,위탁관리,6,(주)에스원,위탁관리,11,음식물쓰레기종량제,위탁관리,4,,철골콘크리트구조,3000,단일계약,상주선임,R형,부스타방식,위탁관리,40,0,932,유,312,"관리사무소, 노인정, 보육시설, 주민공동시설, 어린이놀이터, 휴게시설, 커뮤니티공간, 자전거보관소",5~10분이내,1호선,,,관공서() 병원() 대형상가() 공원() 기타(),초등학교() 중학교() 고등학교(),0,19,Y
2026-08,A61881402,명지극동스타클래스,강서구,명지동,1124.0,0,0,0.0,0.0,0.0,0.0,0.0,,,,,True,산정 불완전,평형별 세대수 보완 필요,c38eb7731a2edbf2c405dc922468ded84aa651100a03e86668e60fb8b6b0b8e7,[],현재 확보 자료로 재구성한 과거 추정치; 과거 세대 구성 미확인,False,555b475dcef496b2254b825ba10b0724d7994196dba4c4e18f34e7f5aa4db599,54cb25d3544257419c8c9faa1ee168a8848dbea69689888cc0985fdd2c7a4797,5fb6c1e071a73763f6eb52e67a11f05f6d609819ae4f39c925745faf40f5b4fd,8b30a9aec44c70f7b04a7800,2026-09-17T13:53:18.573481+09:00,명지극동스타클래스,2644010400,부산광역시,강서구,명지동,,부산광역시 강서구 명지동 3233 명지극동스타클래스,분양,개별난방,187292.33,21,1124.0,극동건설(주),엠제이프로잭트금융투자(주),0512712142, ,아파트,부산광역시 강서구 명지오션시티2로 71,위탁관리,계단식,20081125,0512712143,1138,146657.2,0.0,426.0,681.0,17.0,113937.87,15,15,1,41,46765,위탁관리,10,(주)하나종합관리,위탁관리,10,(주)하나종합관리,위탁관리,15,음식물쓰레기종량제,위탁관리,4,분무식,철근콘크리트구조,4500,단일계약,상주선임,R형,부스타방식,위탁관리,41,283,1264,유,256,"관리사무소, 노인정, 보육시설, 문고, 주민공동시설, 어린이놀이터, 휴게시설, 커뮤니티공간, 자전거보관소",5분이내,,,,,초등학교(명호초등학교) 중학교(명호중학교) 고등학교(명호고등학교),0,15,Y
2026-08,A10025154,명지화전지구우방아이유쉘아파트,강서구,화전동,1515.0,0,0,0.0,0.0,0.0,0.0,0.0,,,,,True,산정 불완전,평형별 세대수 보완 필요,c38eb7731a2edbf2c405dc922468ded84aa651100a03e86668e60fb8b6b0b8e7,[],현재 확보 자료로 재구성한 과거 추정치; 과거 세대 구성 미확인,False,555b475dcef496b2254b825ba10b0724d7994196dba4c4e18f34e7f5aa4db599,54cb25d3544257419c8c9faa1ee168a8848dbea69689888cc0985fdd2c7a4797,5fb6c1e071a73763f6eb52e67a11f05f6d609819ae4f39c925745faf40f5b4fd,8b30a9aec44c70f7b04a7800,2026-09-17T13:53:18.573481+09:00,명지화전지구우방아이유쉘아파트,2644011000,부산광역시,강서구,화전동,,부산광역시 강서구 화전동 558 명지화전지구우방아이유쉘아파트,분양,개별난방,190251.08,16,1515.0,SM(주)우방,SM하이플러스카드(주),0519741246, ,아파트,부산광역시 강서구 화전산단4로 74,위탁관리,계단식,20200221,0519741248,1515,186256.0,1515.0,0.0,0.0,0.0,90749.2816,20,20,2,44,46737,위탁관리,10,(주)대호안전관리공사,위탁관리,4,(주)대호안전관리공사,위탁관리,10,음식물쓰레기종량제,위탁관리,3,분무식,철근콘크리트구조,4475,단일계약,상주선임,R형,부스타방식,위탁관리,44,0,1600,유,421,"관리사무소, 노인정, 보육시설, 문고, 주민공동시설, 어린이놀이터, 휴게시설, 커뮤니티공간, 자전거보관소",5~10분이내,1호선,,20분초과,,,0,32,Y
2026-08,A10027026,지사과학단지 삼정그린코아아파트,강서구,지사동,1013.0,0,0,0.0,0.0,0.0,0.0,0.0,,,,,True,산정 불완전,평형별 세대수 보완 필요,c38eb7731a2edbf2c405dc922468ded84aa651100a03e86668e60fb8b6b0b8e7,[],현재 확보 자료로 재구성한 과거 추정치; 과거 세대 구성 미확인,False,555b475dcef496b2254b825ba10b0724d7994196dba4c4e18f34e7f5aa4db599,54cb25d3544257419c8c9faa1ee168a8848dbea69689888cc0985fdd2c7a4797,5fb6c1e071a73763f6eb52e67a11f05f6d609819ae4f39c925745faf40f5b4fd,8b30a9aec44c70f7b04a7800,2026-09-17T13:53:18.573481+09:00,지사과학단지 삼정그린코아아파트,2644011400,부산광역시,강서구,지사동,,부산광역시 강서구 지사동 1185-1 지사과학단지 삼정그린코아아파트,분양,개별난방,124867.0,10,1013.0,삼정기업,삼정기업,0519720555, ,아파트,부산광역시 강서구 과학산단2로20번길 91,위탁관리,계단식,20170427,0519410556,1013,91199.44,674.0,339.0,0.0,0.0,65442.6929,25,25,3,28,46743,위탁관리,7,남부건업(주),위탁관리,6,남부건업(주),위탁관리,9,음식물쓰레기종량제,위탁관리,3,"분무식,기구부착식",철골철근콘크리트구조,3400,단일계약,상주선임,R형,부스타방식,위탁관리,28,173,883,유,176,"관리사무소, 노인정, 보육시설, 문고, 주민공동시설, 어린이놀이터, 휴게시설, 커뮤니티공간, 자전거보관소",5~10분이내,,,20분초과,관공서() 병원() 공원(),초등학교() 중학교(),11,10,Y
2026-08,A10028069,협성.DS엘리시안아파트,강서구,지사동,1277.0,0,0,0.0,0.0,0.0,0.0,0.0,,,,,True,산정 불완전,평형별 세대수 보완 필요,c38eb7731a2edbf2c405dc922468ded84aa651100a03e86668e60fb8b6b0b8e7,[],현재 확보 자료로 재구성한 과거 추정치; 과거 세대 구성 미확인,False,555b475dcef496b2254b825ba10b0724d7994196dba4c4e18f34e7f5aa4db599,54cb25d3544257419c8c9faa1ee168a8848dbea69689888cc0985fdd2c7a4797,5fb6c1e071a73763f6eb52e67a11f05f6d609819ae4f39c925745faf40f5b4fd,8b30a9aec44c70f7b04a7800,2026-09-17T13:53:18.573481+09:00,협성.DS엘리시안아파트,2644011400,부산광역시,강서구,지사동,,부산광역시 강서구 지사동 1186 협성.DS엘리시안아파트,분양,개별난방,166021.3,14,1277.0,(주)협성.(주)DS종합건설,(주)협성.(주)DS종합건설,0519412725, ,아파트,부산광역시 강서구 과학산단로306번길 10,위탁관리(직영+위탁),계단식,20150417,0519412723,1277,115496.66,988.0,289.0,0.0,0.0,80591.8838,25,25,2,35,46743,위탁관리(직영+위탁),9,남부건업(주),위탁관리,8,남부건업(주),위탁관리,11,음식물쓰레기종량제,위탁관리,3,"분무식,기구부착식",철골콘크리트구조,5750,단일계약,상주선임,R형,부스타방식,위탁관리,35,0,1304,유,211,"관리사무소, 노인정, 보육시설, 문고, 주민공동시설, 어린이놀이터, 휴게시설, 유치원, 커뮤니티공간, 자전거보관소, 기타",5분이내,,,20분초과,,초등학교(),0,27,Y
2026-08,A61823001,지사휴먼시아,강서구,지사동,961.0,0,0,0.0,0.0,0.0,0.0,0.0,,,,,True,산정 불완전,평형별 세대수 보완 필요; 임대·혼합 또는 분양 범위 미확인,c38eb7731a2edbf2c405dc922468ded84aa651100a03e86668e60fb8b6b0b8e7,[],현재 확보 자료로 재구성한 과거 추정치; 과거 세대 구성 미확인,False,555b475dcef496b2254b825ba10b0724d7994196dba4c4e18f34e7f5aa4db599,54cb25d3544257419c8c9faa1ee168a8848dbea69689888cc0985fdd2c7a4797,5fb6c1e071a73763f6eb52e67a11f05f6d609819ae4f39c925745faf40f5b4fd,8b30a9aec44c70f7b04a7800,2026-09-17T13:53:18.573481+09:00,지사휴먼시아,2644011400,부산광역시,강서구,지사동,,부산광역시 강서구 지사동 1183-1 지사휴먼시아,임대,개별난방,75729.72,8,961.0,한국토지주택공사,동광건설주식회사,0518325121, ,아파트,부산광역시 강서구 과학산단2로20번길 35,위탁관리,혼합식,20111007,0518325123,961,75243.51,961.0,0.0,0.0,0.0,41381.88,20,20,0,19,46743,위탁관리,8,삼성T.M.S,위탁관리,6,(주)윤성 씨에스,위탁관리,7,음식물쓰레기종량제,위탁관리,4,"분무식,기구부착식",철근콘크리트구조,2600,단일계약,상주선임,R형,부스타방식,위탁관리,19,388,540,무,110,"관리사무소, 노인정, 보육시설, 어린이놀이터, 자전거보관소",5~10분이내,1호선,,20분초과,기타(부산과학산업단지),초등학교(녹산초등학교) 중학교(),11,8,Y
2026-08,A61823002,금강펜테리움,강서구,지사동,1111.0,0,0,0.0,0.0,0.0,0.0,0.0,,,,,True,산정 불완전,평형별 세대수 보완 필요,c38eb7731a2edbf2c405dc922468ded84aa651100a03e86668e60fb8b6b0b8e7,[],현재 확보 자료로 재구성한 과거 추정치; 과거 세대 구성 미확인,False,555b475dcef496b2254b825ba10b0724d7994196dba4c4e18f34e7f5aa4db599,54cb25d3544257419c8c9faa1ee168a8848dbea69689888cc0985fdd2c7a4797,5fb6c1e071a73763f6eb52e67a11f05f6d609819ae4f39c925745faf40f5b4fd,8b30a9aec44c70f7b04a7800,2026-09-17T13:53:18.573481+09:00,금강펜테리움,2644011400,부산광역시,강서구,지사동,,부산광역시 강서구 지사동 1184-1 금강펜테리움,분양,개별난방,140178.05,17,1111.0,금강주택,금강주택,0519411184, ,아파트,부산광역시 강서구 과학산단2로20번길 69,위탁관리,계단식,20131119,0519411195,1111,97164.41,1111.0,0.0,0.0,0.0,66624.3404,25,25,3,27,46743,위탁관리,9,남부건업(주),위탁관리,6,(주)남부건업,위탁관리,12,음식물쓰레기종량제,위탁관리,4,분무식,철근콘크리트구조,5000,단일계약,상주선임,R형,부스타방식,위탁관리,27,60,1057,유,214,"관리사무소, 노인정, 보육시설, 문고, 주민공동시설, 어린이놀이터, 휴게시설, 커뮤니티공간, 자전거보관소",5~10분이내,2호선,,20분초과,대형상가(김해장유아울렛) 기타(지사산업공단),초등학교(녹산초등학교) 중학교(지사중학교),0,23,Y
2026-08,A61829001,신호윌더하임,강서구,신호동,671.0,0,0,0.0,0.0,0.0,0.0,0.0,,,,,True,산정 불완전,평형별 세대수 보완 필요,c38eb7731a2edbf2c405dc922468ded84aa651100a03e86668e60fb8b6b0b8e7,[],현재 확보 자료로 재구성한 과거 추정치; 과거 세대 구성 미확인,False,555b475dcef496b2254b825ba10b0724d7994196dba4c4e18f34e7f5aa4db599,54cb25d3544257419c8c9faa1ee168a8848dbea69689888cc0985fdd2c7a4797,5fb6c1e071a73763f6eb52e67a11f05f6d609819ae4f39c925745faf40f5b4fd,8b30a9aec44c70f7b04a7800,2026-09-17T13:53:18.573481+09:00,신호윌더하임,2644011700,부산광역시,강서구,신호동,,부산광역시 강서구 신호동 205-1 신호윌더하임,분양,개별난방,97108.62,12,671.0,윌건설(주),대한토지신탁(주),0518318285, ,아파트,부산광역시 강서구 신호삼로 55,위탁관리,계단식,20051107,0518318286,671,65521.69,0.0,352.0,319.0,0.0,65521.69,15,15,1,23,46759,위탁관리,6,(주)우림종합관리,위탁관리,5,(주)우림종합관리,위탁관리(직영+위탁),6,음식물쓰레기종량제,위탁관리,3,"도포식,분무식",철근콘크리트구조,1950,종합계약,상주선임,R형,부스타방식,위탁관리,23,324,539,무,131,"관리사무소, 노인정, 보육시설, 주민공동시설, 어린이놀이터, 휴게시설, 자전거보관소",5분이내,1호선,,15~20분이내,관공서(강서소방서) 병원(갑을병원),초등학교(신호초등학교) 중학교(신호중학교) 고등학교(명호고등학교),0,12,Y
2026-08,A61872201,부산신호사랑으로부영1차아파트,강서구,신호동,1064.0,0,0,0.0,0.0,0.0,0.0,0.0,,,,,True,산정 불완전,평형별 세대수 보완 필요; 임대·혼합 또는 분양 범위 미확인,c38eb7731a2edbf2c405dc922468ded84aa651100a03e86668e60fb8b6b0b8e7,[],현재 확보 자료로 재구성한 과거 추정치; 과거 세대 구성 미확인,False,555b475dcef496b2254b825ba10b0724d7994196dba4c4e18f34e7f5aa4db599,54cb25d3544257419c8c9faa1ee168a8848dbea69689888cc0985fdd2c7a4797,5fb6c1e071a73763f6eb52e67a11f05f6d609819ae4f39c925745faf40f5b4fd,8b30a9aec44c70f7b04a7800,2026-09-17T13:53:18.573481+09:00,부산신호사랑으로부영1차아파트,2644011700,부산광역시,강서구,신호동,,부산광역시 강서구 신호동 296-1 부산신호사랑으로부영1차아파트,혼합,개별난방,120551.164,14,1064.0,(주)부영주택,(주)부영주택,0519712563, ,아파트,부산광역시 강서구 신호삼로 27,위탁관리,계단식,20131231,0519712564,1064,113029.44,237.0,787.0,0.0,40.0,86552.0032,20,20,1,0,46760,위탁관리,9,부강주택관리(주),위탁관리,5,(주)재인지엔에스,위탁관리,9,거점장비수거방식,위탁관리,3,"도포식,분무식",철근콘크리트구조,3000,단일계약,상주선임,R형,부스타방식,위탁관리,27,229,848,무,155,"관리사무소, 노인정, 보육시설, 문고, 주민공동시설, 어린이놀이터, 휴게시설, 자전거보관소",5분이내,,,,,"초등학교(신호초,송정초) 중학교(신호중,명호중) 고등학교(명호고,경일고)",0,23,Y
2026-08,A61872202,부산신호 사랑으로 부영2차아파트,강서구,신호동,1388.0,0,0,0.0,0.0,0.0,0.0,0.0,,,,,True,산정 불완전,평형별 세대수 보완 필요; 임대·혼합 또는 분양 범위 미확인,c38eb7731a2edbf2c405dc922468ded84aa651100a03e86668e60fb8b6b0b8e7,[],현재 확보 자료로 재구성한 과거 추정치; 과거 세대 구성 미확인,False,555b475dcef496b2254b825ba10b0724d7994196dba4c4e18f34e7f5aa4db599,54cb25d3544257419c8c9faa1ee168a8848dbea69689888cc0985fdd2c7a4797,5fb6c1e071a73763f6eb52e67a11f05f6d609819ae4f39c925745faf40f5b4fd,8b30a9aec44c70f7b04a7800,2026-09-17T13:53:18.573481+09:00,부산신호 사랑으로 부영2차아파트,2644011700,부산광역시,강서구,신호동,,부산광역시 강서구 신호동 298-1 부산신호 사랑으로 부영2차아파트,혼합,개별난방,192716.97,20,1388.0,(주)부영주택,(주)부영주택,0518326111, ,아파트,부산광역시 강서구 신호사로 27,위탁관리,계단식,20140626,0518326112,1388,147043.92,345.0,979.0,0.0,64.0,112759.9708,20,20,1,38,46760,위탁관리,10,부강주택관리(주),위탁관리,5,주식회사재인지엔에스,위탁관리,11,거점장비수거방식,위탁관리,3,"도포식,분무식",철근콘크리트구조,3600,단일계약,상주선임,R형,부스타방식,위탁관리,38,237,1396,무,184,"관리사무소, 노인정, 보육시설, 문고, 주민공동시설, 어린이놀이터, 휴게시설, 자전거보관소",5분이내,,,,관공서(신호동주민센터) 병원(갑을녹산병원) 공원(),초등학교(신호초등학교) 중학교(신호중학교),0,28,Y
2026-08,A61872203,부산신호사랑으로부영5차,강서구,신호동,1109.0,0,0,0.0,0.0,0.0,0.0,0.0,,,,,True,산정 불완전,평형별 세대수 보완 필요; 임대·혼합 또는 분양 범위 미확인,c38eb7731a2edbf2c405dc922468ded84aa651100a03e86668e60fb8b6b0b8e7,[],현재 확보 자료로 재구성한 과거 추정치; 과거 세대 구성 미확인,False,555b475dcef496b2254b825ba10b0724d7994196dba4c4e18f34e7f5aa4db599,54cb25d3544257419c8c9faa1ee168a8848dbea69689888cc0985fdd2c7a4797,5fb6c1e071a73763f6eb52e67a11f05f6d609819ae4f39c925745faf40f5b4fd,8b30a9aec44c70f7b04a7800,2026-09-17T13:53:18.573481+09:00,부산신호사랑으로부영5차,2644011700,부산광역시,강서구,신호동,,부산광역시 강서구 신호동 302-2 부산신호사랑으로부영5차,임대,개별난방,176137.0,16,1109.0,(주)부영주택,(주)부영주택,0519726996, ,아파트,부산광역시 강서구 신호일로 101,위탁관리,계단식,20141124,0519726997,1109,101334.39,178.0,740.0,0.0,191.0,101334.3914,20,20,1,0,46760,위탁관리,9,부강주택관리(주),위탁관리,5,재인지엔에스(주),위탁관리,9,음식물쓰레기종량제,위탁관리,3,분무식,철골철근콘크리트구조,4190,단일계약,상주선임,R형,부스타방식,위탁관리,32,230,1073,무,30,"관리사무소, 노인정, 보육시설, 문고, 주민공동시설, 어린이놀이터, 휴게시설, 자전거보관소, 기타",10~15분이내,1호선,,15~20분이내,병원() 대형상가() 공원(),초등학교() 중학교() 고등학교(),0,32,Y
2026-08,A61872204,부산신호3사랑으로부영3차,강서구,신호동,1278.0,0,0,0.0,0.0,0.0,0.0,0.0,,,,,True,산정 불완전,평형별 세대수 보완 필요; 임대·혼합 또는 분양 범위 미확인,c38eb7731a2edbf2c405dc922468ded84aa651100a03e86668e60fb8b6b0b8e7,[],현재 확보 자료로 재구성한 과거 추정치; 과거 세대 구성 미확인,False,555b475dcef496b2254b825ba10b0724d7994196dba4c4e18f34e7f5aa4db599,54cb25d3544257419c8c9faa1ee168a8848dbea69689888cc0985fdd2c7a4797,5fb6c1e071a73763f6eb52e67a11f05f6d609819ae4f39c925745faf40f5b4fd,8b30a9aec44c70f7b04a7800,2026-09-17T13:53:18.573481+09:00,부산신호3사랑으로부영3차,2644011700,부산광역시,강서구,신호동,,부산광역시 강서구 신호동 300-1 부산신호3사랑으로부영3차,임대,개별난방,185079.61,19,1278.0,부영주택,부영주택,0518314560, ,아파트,부산광역시 강서구 신호오로 31,위탁관리,계단식,20141008,0518314561,1278,109740.48,272.0,934.0,0.0,72.0,105867.5184,20,20,0,0,46760,위탁관리,9,부강주택관리,위탁관리,5,(주)재인지엔에스,위탁관리,10,차량수거방식,위탁관리,3,도포식,철골철근콘크리트구조,3500,단일계약,상주선임,R형,부스타방식,위탁관리,35,219,1103,무,206,"관리사무소, 노인정, 보육시설, 문고, 주민공동시설, 어린이놀이터, 자전거보관소",5~10분이내,,,20분초과,공원(솔밭공원),"초등학교(신호초등학교, 송정초등학교) 중학교(신호중학교)",0,30,Y
2026-08,A10022890,레이카운티 아파트,연제구,거제동,4470.0,0,0,0.0,0.0,0.0,0.0,0.0,,,,,True,산정 불완전,평형별 세대수 보완 필요; 임대·혼합 또는 분양 범위 미확인,c38eb7731a2edbf2c405dc922468ded84aa651100a03e86668e60fb8b6b0b8e7,[],현재 확보 자료로 재구성한 과거 추정치; 과거 세대 구성 미확인,False,555b475dcef496b2254b825ba10b0724d7994196dba4c4e18f34e7f5aa4db599,54cb25d3544257419c8c9faa1ee168a8848dbea69689888cc0985fdd2c7a4797,5fb6c1e071a73763f6eb52e67a11f05f6d609819ae4f39c925745faf40f5b4fd,8b30a9aec44c70f7b04a7800,2026-09-17T13:53:18.573481+09:00,레이카운티 아파트,2647010100,부산광역시,연제구,거제동,,부산광역시 연제구 거제동 1536- 레이카운티 아파트,혼합,개별난방,706214.0,34,0.0,"삼성, 대림, 현산",거제2구역 재개발조합,0515038512, ,아파트,부산광역시 연제구 아시아드대로 39,위탁관리,계단식,20231129,0515039712,4470,480870.94,0.0,0.0,0.0,0.0,355244.8221,35,35,3,129,47529,위탁관리,44,우리관리(주),위탁관리,28,에스케이쉴더스,위탁관리,48,음식물쓰레기종량제,위탁관리,4,분무식,철근콘크리트구조,22290,단일계약,상주선임,GR형,부스타방식,위탁관리,129,0,5335,유,1499,"관리사무소, 노인정, 보육시설, 문고, 주민공동시설, 어린이놀이터, 휴게시설, 커뮤니티공간, 자전거보관소",5분이내,3호선,,5분이내,"관공서(법원, 검찰청, 경찰청, 시청, 교육청, 연제구청) 병원(부산의료원) 대형상가(홈플러스) 공원(사직종합운동장)",초등학교(창신초등학교) 중학교(거제여자중학교) 고등학교(계성여자고등학교) 대학교(부산굥육대학교),0,109,Y
2026-08,A10025258,아시아드코오롱하늘채,연제구,거제동,660.0,0,0,0.0,0.0,0.0,0.0,0.0,,,,,True,산정 불완전,평형별 세대수 보완 필요,c38eb7731a2edbf2c405dc922468ded84aa651100a03e86668e60fb8b6b0b8e7,[],현재 확보 자료로 재구성한 과거 추정치; 과거 세대 구성 미확인,False,555b475dcef496b2254b825ba10b0724d7994196dba4c4e18f34e7f5aa4db599,54cb25d3544257419c8c9faa1ee168a8848dbea69689888cc0985fdd2c7a4797,5fb6c1e071a73763f6eb52e67a11f05f6d609819ae4f39c925745faf40f5b4fd,8b30a9aec44c70f7b04a7800,2026-09-17T13:53:18.573481+09:00,아시아드코오롱하늘채,2647010100,부산광역시,연제구,거제동,,부산광역시 연제구 거제동 890-1 아시아드코오롱하늘채,분양,개별난방,106521.75,4,660.0,코오롱 건설,(주)성지시앤디,0515079777, ,아파트,부산광역시 연제구 종합운동장로28번길 7,위탁관리,계단식,20191008,0515079776,660,76646.805,0.0,660.0,0.0,0.0,55807.156,42,42,3,18,47501,위탁관리,7,(주)디이씨오,위탁관리,8,에스원,위탁관리,8,음식물쓰레기종량제,위탁관리,3,분무식,철골콘크리트구조,4950,종합계약,상주선임,GR형,부스타방식,위탁관리,18,14,732,유,206,"관리사무소, 노인정, 문고, 주민공동시설, 어린이놀이터, 휴게시설, 유치원, 커뮤니티공간, 자전거보관소",5~10분이내,3호선,,5~10분이내,병원() 대형상가() 공원(),초등학교(),0,15,Y
2026-08,A10025950,거제센트럴자이,연제구,거제동,878.0,0,0,0.0,0.0,0.0,0.0,0.0,,,,,True,산정 불완전,평형별 세대수 보완 필요,c38eb7731a2edbf2c405dc922468ded84aa651100a03e86668e60fb8b6b0b8e7,[],현재 확보 자료로 재구성한 과거 추정치; 과거 세대 구성 미확인,False,555b475dcef496b2254b825ba10b0724d7994196dba4c4e18f34e7f5aa4db599,54cb25d3544257419c8c9faa1ee168a8848dbea69689888cc0985fdd2c7a4797,5fb6c1e071a73763f6eb52e67a11f05f6d609819ae4f39c925745faf40f5b4fd,8b30a9aec44c70f7b04a7800,2026-09-17T13:53:18.573481+09:00,거제센트럴자이,2647010100,부산광역시,연제구,거제동,,부산광역시 연제구 거제동 307-6 거제센트럴자이,분양,개별난방,123334.805,10,878.0,GS건설,거제1구역주택재개발정비사업조합,0518669451, ,아파트,부산광역시 연제구 법원북로 93,위탁관리,계단식,20181029,0518669452,878,87351.71,278.0,593.0,7.0,0.0,65863.3682,29,29,0,21,47507,위탁관리,7,(주)하나종합관리,위탁관리,7,SK쉴더스(주)부산,위탁관리,9,음식물쓰레기종량제,위탁관리,,,철골콘크리트구조,5000,종합계약,상주선임,R형,부스타방식,위탁관리,21,0,961,유,273,"관리사무소, 노인정, 보육시설, 문고, 주민공동시설, 어린이놀이터, 휴게시설, 커뮤니티공간, 자전거보관소",5~10분이내,"1호선, 3호선, 동해선",,5분이내,"관공서(부삽법원, 부산검찰청,부산지방우정청) 병원(세계로병원)",초등학교(교대부속초등학교) 중학교(이사벨중학교) 고등학교(이사벨고등학교.지구촌고등학교) 대학교(부산교육대학교),0,25,Y
2026-08,A61175804,거제현대아파트,연제구,거제동,618.0,0,0,0.0,0.0,0.0,0.0,0.0,,,,,True,산정 불완전,평형별 세대수 보완 필요,c38eb7731a2edbf2c405dc922468ded84aa651100a03e86668e60fb8b6b0b8e7,[],현재 확보 자료로 재구성한 과거 추정치; 과거 세대 구성 미확인,False,555b475dcef496b2254b825ba10b0724d7994196dba4c4e18f34e7f5aa4db599,54cb25d3544257419c8c9faa1ee168a8848dbea69689888cc0985fdd2c7a4797,5fb6c1e071a73763f6eb52e67a11f05f6d609819ae4f39c925745faf40f5b4fd,8b30a9aec44c70f7b04a7800,2026-09-17T13:53:18.573481+09:00,거제현대아파트,2647010100,부산광역시,연제구,거제동,,부산광역시 연제구 거제동 840 거제현대아파트,분양,개별난방,62074.0,6,618.0,현대산업개발,현대산업개발,0518528071,거제현대아파트.ma-um.co.kr,아파트,부산광역시 연제구 거제대로 198,자치관리,계단식,19860528,0518668071,620,60211.8,0.0,618.0,0.0,0.0,49725.96,15,15,1,21,47537,자치관리,4,,위탁관리,12,(주)경동기업,위탁관리,5,음식물쓰레기종량제,위탁관리,6,분무식,철근콘크리트구조,950,종합계약,위탁선임,P형,고가수조식,위탁관리,21,450,0,무,55,"관리사무소, 노인정, 어린이놀이터",5분이내,"1호선, 3호선, 동해선",,5~10분이내,"관공서(부산지방법원,부산검찰청,부산종합청사) 병원(부산의료원) 대형상가(하이마트-거제점) 기타(부산종합운동장)","초등학교(거제초등학교) 중학교(거제여자중학교,거성중학교)",7,0,Y
2026-08,A61176513,거제1차현대홈타운,연제구,거제동,1127.0,0,0,0.0,0.0,0.0,0.0,0.0,,,,,True,산정 불완전,평형별 세대수 보완 필요,c38eb7731a2edbf2c405dc922468ded84aa651100a03e86668e60fb8b6b0b8e7,[],현재 확보 자료로 재구성한 과거 추정치; 과거 세대 구성 미확인,False,555b475dcef496b2254b825ba10b0724d7994196dba4c4e18f34e7f5aa4db599,54cb25d3544257419c8c9faa1ee168a8848dbea69689888cc0985fdd2c7a4797,5fb6c1e071a73763f6eb52e67a11f05f6d609819ae4f39c925745faf40f5b4fd,8b30a9aec44c70f7b04a7800,2026-09-17T13:53:18.573481+09:00,거제1차현대홈타운,2647010100,부산광역시,연제구,거제동,,부산광역시 연제구 거제동 1481 거제1차현대홈타운,분양,개별난방,158505.23,11,1127.0,현대건설,현대건설,0515019153,hebibi.com,아파트,부산광역시 연제구 법원북로 34,위탁관리,계단식,20010728,0515019154,1127,123302.66,456.0,476.0,87.0,108.0,96979.02,30,30,3,21,47508,위탁관리,8,우리관리(주),위탁관리,12,(주)에이비씨서비스,위탁관리,11,음식물쓰레기종량제,위탁관리,3,분무식,철근콘크리트구조,2850,단일계약,상주선임,R형,부스타방식,위탁관리,21,148,1192,무,156,,5~10분이내,,,5분이내,"관공서(부산지방법원,부산검찰청) 병원(미국소아과의원) 기타(부산종합운동장)",초등학교(남문초등학교) 중학교(여명중학교) 대학교(부산교육대학교),0,28,Y
2026-08,A61176612,거제2차현대홈타운아파트,연제구,거제동,1110.0,0,0,0.0,0.0,0.0,0.0,0.0,,,,,True,산정 불완전,평형별 세대수 보완 필요,c38eb7731a2edbf2c405dc922468ded84aa651100a03e86668e60fb8b6b0b8e7,[],현재 확보 자료로 재구성한 과거 추정치; 과거 세대 구성 미확인,False,555b475dcef496b2254b825ba10b0724d7994196dba4c4e18f34e7f5aa4db599,54cb25d3544257419c8c9faa1ee168a8848dbea69689888cc0985fdd2c7a4797,5fb6c1e071a73763f6eb52e67a11f05f6d609819ae4f39c925745faf40f5b4fd,8b30a9aec44c70f7b04a7800,2026-09-17T13:53:18.573481+09:00,거제2차현대홈타운아파트,2647010100,부산광역시,연제구,거제동,,부산광역시 연제구 거제동 1479 거제2차현대홈타운아파트,분양,개별난방,170647.0,13,1110.0,현대건설,현대건설,0515040447,www.joyapt.com/1899,아파트,부산광역시 연제구 법원북로 16,위탁관리,계단식,20020527,0515040448,1110,128271.086,422.0,488.0,96.0,104.0,92783.32,28,28,2,0,47508,위탁관리,9,(주)디이씨오,위탁관리,7,(주)에스원,위탁관리,12,차량수거방식,위탁관리,4,분무식,철근콘크리트구조,4250,단일계약,상주선임,R형,부스타방식,위탁관리,22,142,1128,무,223,"관리사무소, 노인정, 보육시설, 문고, 주민공동시설, 어린이놀이터, 자전거보관소",5분이내,3호선,,5분이내,"관공서(부산지방법원,부산검찰청) 병원(미국소아과의원) 기타(부산종합운동장)",초등학교(남문초등학교) 중학교(여명중학교) 대학교(부산교육대학교),0,26,Y
2026-08,A61176709,거제쌍용스윗닷홈아파트,연제구,거제동,502.0,0,0,0.0,0.0,0.0,0.0,0.0,,,,,True,산정 불완전,평형별 세대수 보완 필요,c38eb7731a2edbf2c405dc922468ded84aa651100a03e86668e60fb8b6b0b8e7,[],현재 확보 자료로 재구성한 과거 추정치; 과거 세대 구성 미확인,False,555b475dcef496b2254b825ba10b0724d7994196dba4c4e18f34e7f5aa4db599,54cb25d3544257419c8c9faa1ee168a8848dbea69689888cc0985fdd2c7a4797,5fb6c1e071a73763f6eb52e67a11f05f6d609819ae4f39c925745faf40f5b4fd,8b30a9aec44c70f7b04a7800,2026-09-17T13:53:18.573481+09:00,거제쌍용스윗닷홈아파트,2647010100,부산광역시,연제구,거제동,,부산광역시 연제구 거제동 1475 거제쌍용스윗닷홈아파트,분양,개별난방,57104.64,5,502.0,(주)쌍용건설,(주)쌍용건설,0515019387, ,아파트,부산광역시 연제구 법원북로 13,위탁관리,계단식,20020601,0515019388,502,41256.6,208.0,218.0,38.0,38.0,41256.6,29,29,2,11,47502,위탁관리,5,(주)HM우성,위탁관리,4,(주)에스원,위탁관리,6,음식물쓰레기종량제,위탁관리,3,분무식,철근콘크리트구조,2350,단일계약,상주선임,R형,부스타방식,위탁관리,11,137,435,유,93,"관리사무소, 노인정, 보육시설, 주민공동시설, 어린이놀이터, 휴게시설, 자전거보관소",5분이내,"3호선, 3호선","종합운동장, 종합운동장",5분이내,"관공서(부산지방법원,부산검찰청) 병원(사직의원) 기타(부산종합운동장)",초등학교(남문초등학교) 중학교(여명중학교) 대학교(부산교육대학교),0,12,Y
2026-08,A61176911,거제동롯데캐슬아파트,연제구,거제동,540.0,0,0,0.0,0.0,0.0,0.0,0.0,,,,,True,산정 불완전,평형별 세대수 보완 필요,c38eb7731a2edbf2c405dc922468ded84aa651100a03e86668e60fb8b6b0b8e7,[],현재 확보 자료로 재구성한 과거 추정치; 과거 세대 구성 미확인,False,555b475dcef496b2254b825ba10b0724d7994196dba4c4e18f34e7f5aa4db599,54cb25d3544257419c8c9faa1ee168a8848dbea69689888cc0985fdd2c7a4797,5fb6c1e071a73763f6eb52e67a11f05f6d609819ae4f39c925745faf40f5b4fd,8b30a9aec44c70f7b04a7800,2026-09-17T13:53:18.573481+09:00,거제동롯데캐슬아파트,2647010100,부산광역시,연제구,거제동,,부산광역시 연제구 거제동 1467-1 거제동롯데캐슬아파트,분양,개별난방,67534.0,6,540.0,(주)롯데건설,(주)롯데건설,0518654556, ,아파트,부산광역시 연제구 세병로 44,위탁관리,계단식,20011129,0518654558,540,44796.84,100.0,360.0,80.0,0.0,44796.84,25,25,1,13,47516,위탁관리,6,(주)명건,위탁관리,6,태영개발(주),위탁관리,5,음식물쓰레기종량제,위탁관리,3,"분무식,독이식",철근콘크리트구조,1500,단일계약,상주선임,P형,고가수조식,위탁관리,13,224,331,무,97,"관리사무소, 노인정, 보육시설, 주민공동시설, 어린이놀이터, 휴게시설, 유치원, 자전거보관소",10~15분이내,"1호선, 3호선",,5~10분이내,관공서(거제동사무소) 병원(율곡병원) 공원(온천천 공원),초등학교(연서초등학교) 중학교(이사벨중학교) 고등학교(이사벨고등학교) 대학교(부산교육대학교),3,9,Y
2026-08,A61177214,거제동월드메르디앙,연제구,거제동,1156.0,0,0,0.0,0.0,0.0,0.0,0.0,,,,,True,산정 불완전,평형별 세대수 보완 필요,c38eb7731a2edbf2c405dc922468ded84aa651100a03e86668e60fb8b6b0b8e7,[],현재 확보 자료로 재구성한 과거 추정치; 과거 세대 구성 미확인,False,555b475dcef496b2254b825ba10b0724d7994196dba4c4e18f34e7f5aa4db599,54cb25d3544257419c8c9faa1ee168a8848dbea69689888cc0985fdd2c7a4797,5fb6c1e071a73763f6eb52e67a11f05f6d609819ae4f39c925745faf40f5b4fd,8b30a9aec44c70f7b04a7800,2026-09-17T13:53:18.573481+09:00,거제동월드메르디앙,2647010100,부산광역시,연제구,거제동,,부산광역시 연제구 거제동 1468-1 거제동월드메르디앙,분양,개별난방,242807.0,10,1156.0,월드건설(주),(주)월드YJD,0518510241,wd1983.aptner.com,아파트,부산광역시 연제구 거제천로 233,위탁관리,계단식,20051209,0518510242,1287,128558.07,0.0,574.0,270.0,312.0,128558.0692,27,27,2,0,47515,위탁관리,10,(주)에이치엠 우성,위탁관리,12,(주)에스원,위탁관리,16,거점장비수거방식,위탁관리,4,"분무식,기구부착식",철근콘크리트구조,5159,단일계약,상주선임,R형,부스타방식,위탁관리,27,0,1868,유,237,"관리사무소, 노인정, 보육시설, 문고, 주민공동시설, 어린이놀이터, 휴게시설, 커뮤니티공간, 자전거보관소",5~10분이내,1호선,,5분이내,"관공서(거제동사무소, 법원, 시청) 병원(대동병원) 백화점(롯데백화점)",초등학교(부산교대부속초등학교) 중학교(이사벨중학교) 고등학교(이사벨고등학교) 대학교(부산교육대학교),0,59,Y
2026-08,A61180503,유림아시아드아파트,연제구,거제동,1330.0,0,0,0.0,0.0,0.0,0.0,0.0,,,,,True,산정 불완전,평형별 세대수 보완 필요,c38eb7731a2edbf2c405dc922468ded84aa651100a03e86668e60fb8b6b0b8e7,[],현재 확보 자료로 재구성한 과거 추정치; 과거 세대 구성 미확인,False,555b475dcef496b2254b825ba10b0724d7994196dba4c4e18f34e7f5aa4db599,54cb25d3544257419c8c9faa1ee168a8848dbea69689888cc0985fdd2c7a4797,5fb6c1e071a73763f6eb52e67a11f05f6d609819ae4f39c925745faf40f5b4fd,8b30a9aec44c70f7b04a7800,2026-09-17T13:53:18.573481+09:00,유림아시아드아파트,2647010100,부산광역시,연제구,거제동,,부산광역시 연제구 거제동 714-144 유림아시아드아파트,분양,개별난방,242906.03,14,1330.0,유림건설,유림종합건설(주),0515067090,양정거제유림아시아트아파트.ma-um.co.kr,아파트,부산광역시 연제구 해맞이로 23,위탁관리,계단식,20010922,0515044635,1330,174957.66,282.0,408.0,350.0,290.0,141380.1338,25,25,5,31,47536,위탁관리,11,(주)삼성T.M.S,위탁관리,16,삼성TMS,위탁관리,12,기타,위탁관리,3,분무식,철근콘크리트구조,4700,단일계약,상주선임,R형,고가수조식,위탁관리,31,293,1730,무,120,"관리사무소, 노인정, 보육시설, 주민공동시설, 어린이놀이터",5~10분이내,1호선,,5분이내,관공서(시청) 병원(농상한의원) 백화점(롯데백화점) 대형상가(LG하이프라자) 공원(부산시민공원),초등학교(거제초등학교) 중학교(거성중학교) 고등학교(계성산업정보고등학교),0,41,Y
2026-08,A10020498,시청앞 행복주택1단지,연제구,연산동,589.0,0,0,0.0,0.0,0.0,0.0,0.0,,,,,True,산정 불완전,평형별 세대수 보완 필요; 임대·혼합 또는 분양 범위 미확인,c38eb7731a2edbf2c405dc922468ded84aa651100a03e86668e60fb8b6b0b8e7,[],현재 확보 자료로 재구성한 과거 추정치; 과거 세대 구성 미확인,False,555b475dcef496b2254b825ba10b0724d7994196dba4c4e18f34e7f5aa4db599,54cb25d3544257419c8c9faa1ee168a8848dbea69689888cc0985fdd2c7a4797,5fb6c1e071a73763f6eb52e67a11f05f6d609819ae4f39c925745faf40f5b4fd,8b30a9aec44c70f7b04a7800,2026-09-17T13:53:18.573481+09:00,시청앞 행복주택1단지,2647010200,부산광역시,연제구,연산동,,부산광역시 연제구 연산동 1590-25 시청앞 행복주택1단지,임대,개별난방,35659.902,1,0.0,GS건설(주),부산도시공사,0518660692, ,아파트,부산광역시 연제구 연제로42번길 46,위탁관리,복도식,20250721,0518660693,589,32617.41,0.0,0.0,0.0,0.0,19285.5113,37,37,4,0,,위탁관리,7,남부공영(주),위탁관리,,남부공영(주),위탁관리,4,음식물쓰레기종량제,관리방식미정,,,철골콘크리트구조,3000,종합계약,상주선임,R형,부스타방식,관리방식미정,9,,466,유,177,"관리사무소, 노인정, 주민공동시설, 어린이놀이터, 휴게시설, 커뮤니티공간, 자전거보관소",,1호선,,,,,0,0,Y
2026-08,A10022365,연산포레서희스타힐스,연제구,연산동,612.0,0,0,0.0,0.0,0.0,0.0,0.0,,,,,True,산정 불완전,평형별 세대수 보완 필요,c38eb7731a2edbf2c405dc922468ded84aa651100a03e86668e60fb8b6b0b8e7,[],현재 확보 자료로 재구성한 과거 추정치; 과거 세대 구성 미확인,False,555b475dcef496b2254b825ba10b0724d7994196dba4c4e18f34e7f5aa4db599,54cb25d3544257419c8c9faa1ee168a8848dbea69689888cc0985fdd2c7a4797,5fb6c1e071a73763f6eb52e67a11f05f6d609819ae4f39c925745faf40f5b4fd,8b30a9aec44c70f7b04a7800,2026-09-17T13:53:18.573481+09:00,연산포레서희스타힐스,2647010200,부산광역시,연제구,연산동,,부산광역시 연제구 연산동 1135-227 연산포레서희스타힐스,분양,개별난방,93528.0,9,612.0,서희건설,부산연산지역주택조합,0518686662,1002236500,아파트,부산광역시 연제구 묘봉산로 30,위탁관리,계단식,20240911,0518686663,612,61844.426,0.0,612.0,0.0,0.0,50095.0316,24,24,3,19,,위탁관리,5,(주)하나종합관리,위탁관리,,(주)하나종합관리,위탁관리,7,차량수거방식,위탁관리,3,,철근콘크리트구조,2950,단일계약,상주선임,GR형,부스타방식,위탁관리,19,0,715,유,160,"관리사무소, 노인정, 보육시설, 주민공동시설, 어린이놀이터, 휴게시설, 커뮤니티공간, 자전거보관소",10~15분이내,"1호선, 3호선",,15~20분이내,,,0,14,Y
2026-08,A10023014,시청앞 행복주택2단지,연제구,연산동,999.0,0,0,0.0,0.0,0.0,0.0,0.0,,,,,True,산정 불완전,평형별 세대수 보완 필요; 임대·혼합 또는 분양 범위 미확인,c38eb7731a2edbf2c405dc922468ded84aa651100a03e86668e60fb8b6b0b8e7,[],현재 확보 자료로 재구성한 과거 추정치; 과거 세대 구성 미확인,False,555b475dcef496b2254b825ba10b0724d7994196dba4c4e18f34e7f5aa4db599,54cb25d3544257419c8c9faa1ee168a8848dbea69689888cc0985fdd2c7a4797,5fb6c1e071a73763f6eb52e67a11f05f6d609819ae4f39c925745faf40f5b4fd,8b30a9aec44c70f7b04a7800,2026-09-17T13:53:18.573481+09:00,시청앞 행복주택2단지,2647010200,부산광역시,연제구,연산동,,부산광역시 연제구 연산동 1590-25 시청앞 행복주택2단지,임대,개별난방,94440.234,2,999.0,GS 건설(주),부산도시공사,0518636200, ,주상복합,부산광역시 연제구 중앙대로1038번길 40,위탁관리,기타,20230905,0518636201,999,84901.45,999.0,0.0,0.0,0.0,33185.8289,37,37,4,0,47600,위탁관리,8,(주)삼성T.M.S,위탁관리,6,(주)삼성T.M.S,위탁관리,6,음식물쓰레기종량제,관리방식미정,5,분무식,철근콘크리트구조,5500,종합계약,상주선임,R형,부스타방식,관리방식미정,13,0,789,유,250,"관리사무소, 노인정, 보육시설, 주민공동시설, 어린이놀이터, 커뮤니티공간, 자전거보관소",5분이내,1호선,,5분이내,,,0,7,Y
2026-08,A10023526,힐스테이트연산 아파트,연제구,연산동,1651.0,0,0,0.0,0.0,0.0,0.0,0.0,,,,,True,산정 불완전,평형별 세대수 보완 필요; 임대·혼합 또는 분양 범위 미확인,c38eb7731a2edbf2c405dc922468ded84aa651100a03e86668e60fb8b6b0b8e7,[],현재 확보 자료로 재구성한 과거 추정치; 과거 세대 구성 미확인,False,555b475dcef496b2254b825ba10b0724d7994196dba4c4e18f34e7f5aa4db599,54cb25d3544257419c8c9faa1ee168a8848dbea69689888cc0985fdd2c7a4797,5fb6c1e071a73763f6eb52e67a11f05f6d609819ae4f39c925745faf40f5b4fd,8b30a9aec44c70f7b04a7800,2026-09-17T13:53:18.573481+09:00,힐스테이트연산 아파트,2647010200,부산광역시,연제구,연산동,,부산광역시 연제구 연산동 2382 힐스테이트연산 아파트,혼합,개별난방,248941.67,18,1651.0,현대건설,연산3구역주택재개발정비사업조합,0518669791, ,아파트,부산광역시 연제구 봉수로 2,위탁관리,계단식,20211130,0518669792,1651,164559.4,505.0,1146.0,0.0,0.0,122831.6616,35,35,4,33,47611,위탁관리,12,(주)하이테크주택,위탁관리,12,(주)에스원,위탁관리,17,음식물쓰레기종량제,위탁관리,3,분무식,철골콘크리트구조,8810,단일계약,상주선임,R형,부스타방식,위탁관리,45,0,1869,유,755,"관리사무소, 노인정, 보육시설, 문고, 주민공동시설, 어린이놀이터, 휴게시설, 유치원, 커뮤니티공간, 자전거보관소, 기타",5분이내,3호선,,5~10분이내,"관공서(연제구청, 국세청, 통계청, 고용노동청) 병원(동의의료원)","초등학교(연산, 연미) 중학교(연제) 고등학교(연제) 대학교(부산여대)",0,38,Y
2026-08,A10024627,연산롯데캐슬골드포레,연제구,연산동,1230.0,0,0,0.0,0.0,0.0,0.0,0.0,,,,,True,산정 불완전,평형별 세대수 보완 필요,c38eb7731a2edbf2c405dc922468ded84aa651100a03e86668e60fb8b6b0b8e7,[],현재 확보 자료로 재구성한 과거 추정치; 과거 세대 구성 미확인,False,555b475dcef496b2254b825ba10b0724d7994196dba4c4e18f34e7f5aa4db599,54cb25d3544257419c8c9faa1ee168a8848dbea69689888cc0985fdd2c7a4797,5fb6c1e071a73763f6eb52e67a11f05f6d609819ae4f39c925745faf40f5b4fd,8b30a9aec44c70f7b04a7800,2026-09-17T13:53:18.573481+09:00,연산롯데캐슬골드포레,2647010200,부산광역시,연제구,연산동,,부산광역시 연제구 연산동 2367 연산롯데캐슬골드포레,분양,개별난방,178934.0,11,1230.0,(주)롯데건설,연산6구역주택재개발정비사업조합,0518678506, ,아파트,부산광역시 연제구 황령산로 615,위탁관리,계단식,20200729,0518678508,1230,128844.09,250.0,944.0,36.0,0.0,94309.8607,36,36,2,33,47608,위탁관리,9,(주)아주관리,위탁관리,5,(주)에스원,위탁관리,13,음식물쓰레기종량제,위탁관리,3,분무식,철근콘크리트구조,4500,종합계약,상주선임,GR형,부스타방식,위탁관리,33,36,1371,유,418,"관리사무소, 노인정, 보육시설, 문고, 주민공동시설, 어린이놀이터, 휴게시설, 커뮤니티공간, 자전거보관소",5분이내,"1호선, 3호선",,10~15분이내,"관공서(연제구청, 연제도서관) 대형상가(e-마트)",초등학교(양동초등학교) 중학교(양동여자중학교) 고등학교(세정고등학교) 대학교(동의대양정캠퍼스),21,8,Y
2026-08,A10025135,시청역 비스타동원아파트,연제구,연산동,740.0,0,0,0.0,0.0,0.0,0.0,0.0,,,,,True,산정 불완전,평형별 세대수 보완 필요,c38eb7731a2edbf2c405dc922468ded84aa651100a03e86668e60fb8b6b0b8e7,[],현재 확보 자료로 재구성한 과거 추정치; 과거 세대 구성 미확인,False,555b475dcef496b2254b825ba10b0724d7994196dba4c4e18f34e7f5aa4db599,54cb25d3544257419c8c9faa1ee168a8848dbea69689888cc0985fdd2c7a4797,5fb6c1e071a73763f6eb52e67a11f05f6d609819ae4f39c925745faf40f5b4fd,8b30a9aec44c70f7b04a7800,2026-09-17T13:53:18.573481+09:00,시청역 비스타동원아파트,2647010200,부산광역시,연제구,연산동,,부산광역시 연제구 연산동 1445-11 시청역 비스타동원아파트,분양,개별난방,132239.3,4,740.0,동원개발(주),월드물산(주),0518682930, ,아파트,부산광역시 연제구 연제로 30,위탁관리,계단식,20191224,0518682931,740,85992.97,0.0,740.0,0.0,0.0,62889.8368,38,38,5,0,47599,위탁관리,8,(주)하나종합관리,위탁관리,6,에스원,위탁관리,10,음식물쓰레기종량제,위탁관리,3,"도포식,분무식",철근콘크리트구조,5950,단일계약,상주선임,R형,부스타방식,위탁관리,13,0,1113,유,249,"관리사무소, 노인정, 보육시설, 문고, 주민공동시설, 어린이놀이터, 휴게시설, 커뮤니티공간, 자전거보관소",5분이내,1호선,,5분이내,"관공서(부산광역시청, 연산2동 행복복지센터) 병원(동의의료원)",초등학교(연산초등학교),0,21,Y
2026-08,A10025559,연산더샵아파트,연제구,연산동,1071.0,0,0,0.0,0.0,0.0,0.0,0.0,,,,,True,산정 불완전,평형별 세대수 보완 필요,c38eb7731a2edbf2c405dc922468ded84aa651100a03e86668e60fb8b6b0b8e7,[],현재 확보 자료로 재구성한 과거 추정치; 과거 세대 구성 미확인,False,555b475dcef496b2254b825ba10b0724d7994196dba4c4e18f34e7f5aa4db599,54cb25d3544257419c8c9faa1ee168a8848dbea69689888cc0985fdd2c7a4797,5fb6c1e071a73763f6eb52e67a11f05f6d609819ae4f39c925745faf40f5b4fd,8b30a9aec44c70f7b04a7800,2026-09-17T13:53:18.573481+09:00,연산더샵아파트,2647010200,부산광역시,연제구,연산동,,부산광역시 연제구 연산동 1990 연산더샵아파트,분양,개별난방,110585.54,11,1071.0,포스코 건설,연산2구역 재개발정비사업 조합,0518679791, ,아파트,부산광역시 연제구 연수로 130,위탁관리,혼합식,20190327,0518679793,1071,110585.54,273.0,798.0,0.0,0.0,81700.5194,30,30,4,28,47610,위탁관리,11,(주)디이씨오,위탁관리,6,(주)하나종합관리,위탁관리,13,음식물쓰레기종량제,위탁관리,5,분무식,철근콘크리트구조,5772,단일계약,상주선임,GR형,부스타방식,위탁관리,56,0,1144,유,435,"관리사무소, 노인정, 보육시설, 문고, 주민공동시설, 어린이놀이터, 휴게시설, 커뮤니티공간, 자전거보관소",5~10분이내,3호선,,10~15분이내,관공서(연제구청) 병원(동의의료원),,0,24,Y
2026-08,A10025994,연제 롯데캐슬앤데시앙,연제구,연산동,1168.0,0,0,0.0,0.0,0.0,0.0,0.0,,,,,True,산정 불완전,평형별 세대수 보완 필요,c38eb7731a2edbf2c405dc922468ded84aa651100a03e86668e60fb8b6b0b8e7,[],현재 확보 자료로 재구성한 과거 추정치; 과거 세대 구성 미확인,False,555b475dcef496b2254b825ba10b0724d7994196dba4c4e18f34e7f5aa4db599,54cb25d3544257419c8c9faa1ee168a8848dbea69689888cc0985fdd2c7a4797,5fb6c1e071a73763f6eb52e67a11f05f6d609819ae4f39c925745faf40f5b4fd,8b30a9aec44c70f7b04a7800,2026-09-17T13:53:18.573481+09:00,연제 롯데캐슬앤데시앙,2647010200,부산광역시,연제구,연산동,,부산광역시 연제구 연산동 772-1 연제 롯데캐슬앤데시앙,분양,개별난방,173481.0,8,1168.0,"롯데건설,태영건설",연산4구역주택재건축정비사업조합,0518682925, ,아파트,부산광역시 연제구 월드컵대로 55,위탁관리,계단식,20181012,0518682926,1168,124200.33,219.0,865.0,84.0,0.0,93209.46,37,37,3,1,47602,위탁관리,9,(주)하나종합관리,위탁관리,8,(주)에스원,위탁관리,11,음식물쓰레기종량제,위탁관리,4,분무식,철근콘크리트구조,4000,단일계약,상주선임,R형,부스타방식,위탁관리,23,11,1314,유,385,"관리사무소, 노인정, 보육시설, 문고, 주민공동시설, 어린이놀이터, 휴게시설, 커뮤니티공간, 자전거보관소",5분이내,"1호선, 3호선",,5분이내,,,0,27,Y
2026-08,A10026902,연산동 일동미라주 더 스타,연제구,연산동,624.0,0,0,0.0,0.0,0.0,0.0,0.0,,,,,True,산정 불완전,평형별 세대수 보완 필요,c38eb7731a2edbf2c405dc922468ded84aa651100a03e86668e60fb8b6b0b8e7,[],현재 확보 자료로 재구성한 과거 추정치; 과거 세대 구성 미확인,False,555b475dcef496b2254b825ba10b0724d7994196dba4c4e18f34e7f5aa4db599,54cb25d3544257419c8c9faa1ee168a8848dbea69689888cc0985fdd2c7a4797,5fb6c1e071a73763f6eb52e67a11f05f6d609819ae4f39c925745faf40f5b4fd,8b30a9aec44c70f7b04a7800,2026-09-17T13:53:18.573481+09:00,연산동 일동미라주 더 스타,2647010200,부산광역시,연제구,연산동,,부산광역시 연제구 연산동 2335 연산동 일동미라주 더 스타,분양,개별난방,84987.0,6,624.0,일동건설,미라주건설,0518530573, ,주상복합,부산광역시 연제구 반송로 80,위탁관리,혼합식,20170627,0518530574,624,57826.2,153.0,471.0,0.0,0.0,40606.6299,34,34,3,11,47552,위탁관리,5,남부건업(주),위탁관리,4,남부건업(주),위탁관리,6,차량수거방식,위탁관리,3,분무식,철근콘크리트구조,3000,단일계약,상주선임,R형,부스타방식,위탁관리,11,0,658,유,128,"관리사무소, 노인정, 보육시설, 문고, 주민공동시설, 어린이놀이터, 커뮤니티공간, 자전거보관소",5분이내,1호선,,5~10분이내,대형상가(홈플러스),,0,9,Y
2026-08,A10027085,센텀리버sk뷰,연제구,연산동,529.0,0,0,0.0,0.0,0.0,0.0,0.0,,,,,True,산정 불완전,평형별 세대수 보완 필요,c38eb7731a2edbf2c405dc922468ded84aa651100a03e86668e60fb8b6b0b8e7,[],현재 확보 자료로 재구성한 과거 추정치; 과거 세대 구성 미확인,False,555b475dcef496b2254b825ba10b0724d7994196dba4c4e18f34e7f5aa4db599,54cb25d3544257419c8c9faa1ee168a8848dbea69689888cc0985fdd2c7a4797,5fb6c1e071a73763f6eb52e67a11f05f6d609819ae4f39c925745faf40f5b4fd,8b30a9aec44c70f7b04a7800,2026-09-17T13:53:18.573481+09:00,센텀리버sk뷰,2647010200,부산광역시,연제구,연산동,,부산광역시 연제구 연산동 2166 센텀리버sk뷰,분양,개별난방,80680.04,6,529.0,sk건설,(주)한대,0517597533,crskv7533.com,아파트,부산광역시 연제구 좌수영로 225,위탁관리,계단식,20170123,0517557532,529,53090.547,0.0,529.0,0.0,0.0,39945.9182,29,29,5,0,47571,위탁관리,6,(주)디이씨오,위탁관리,5,비앤에이써비스,위탁관리,5,음식물쓰레기종량제,위탁관리,3,분무식,철근콘크리트구조,3250,단일계약,상주선임,GR형,부스타방식,위탁관리,13,0,624,유,241,,5분이내,,,20분초과,관공서() 병원() 공원() 기타(),초등학교(토현초등학교) 중학교(토현중학교),0,32,Y
2026-08,A10027159,브라운스톤연제,연제구,연산동,521.0,0,0,0.0,0.0,0.0,0.0,0.0,,,,,True,산정 불완전,평형별 세대수 보완 필요,c38eb7731a2edbf2c405dc922468ded84aa651100a03e86668e60fb8b6b0b8e7,[],현재 확보 자료로 재구성한 과거 추정치; 과거 세대 구성 미확인,False,555b475dcef496b2254b825ba10b0724d7994196dba4c4e18f34e7f5aa4db599,54cb25d3544257419c8c9faa1ee168a8848dbea69689888cc0985fdd2c7a4797,5fb6c1e071a73763f6eb52e67a11f05f6d609819ae4f39c925745faf40f5b4fd,8b30a9aec44c70f7b04a7800,2026-09-17T13:53:18.573481+09:00,브라운스톤연제,2647010200,부산광역시,연제구,연산동,,부산광역시 연제구 연산동 1573 브라운스톤연제,분양,개별난방,79868.52,7,521.0,이수건설,연산4구역 주택재개발정비사업조합,0518652920, ,아파트,부산광역시 연제구 연제로8번길 29,위탁관리,혼합식,20161230,0518652921,521,52153.207,125.0,396.0,0.0,0.0,39418.566,20,20,3,18,47605,위탁관리,5,부경공영(주),위탁관리,4,에스원,위탁관리,5,차량수거방식,위탁관리,3,,철근콘크리트구조,3950,종합계약,상주선임,GR형,부스타방식,위탁관리,18,0,575,유,184,"관리사무소, 노인정, 보육시설, 문고, 주민공동시설, 어린이놀이터, 휴게시설, 커뮤니티공간, 자전거보관소, 기타",5분이내,1호선,,5분이내,관공서(부산광역시청. 연제구청. 부산지방고용노동청) 병원(부산의료원) 대형상가(이마트) 공원(송상현광장),초등학교(연산초등학교) 중학교(연제중학교. 연산중학교) 고등학교(연제고등학교) 대학교(부산교육대학교. 부산 경상대학교),0,12,Y
2026-08,A10027937,더샵 파크시티,연제구,연산동,1758.0,0,0,0.0,0.0,0.0,0.0,0.0,,,,,True,산정 불완전,평형별 세대수 보완 필요,c38eb7731a2edbf2c405dc922468ded84aa651100a03e86668e60fb8b6b0b8e7,[],현재 확보 자료로 재구성한 과거 추정치; 과거 세대 구성 미확인,False,555b475dcef496b2254b825ba10b0724d7994196dba4c4e18f34e7f5aa4db599,54cb25d3544257419c8c9faa1ee168a8848dbea69689888cc0985fdd2c7a4797,5fb6c1e071a73763f6eb52e67a11f05f6d609819ae4f39c925745faf40f5b4fd,8b30a9aec44c70f7b04a7800,2026-09-17T13:53:18.573481+09:00,더샵 파크시티,2647010200,부산광역시,연제구,연산동,,부산광역시 연제구 연산동 2311 더샵 파크시티,분양,개별난방,289326.7,14,1758.0,포스코,포스코,0518667301,https://v2admin.aptner.com/,아파트,부산광역시 연제구 안연로 33,위탁관리,기타,20150603,0518667302,1758,206593.0,0.0,1293.0,465.0,0.0,154039.62,41,41,2,32,47563,위탁관리,20,(주)디이씨오,위탁관리,16,(주)에스원,위탁관리,22,음식물쓰레기종량제,위탁관리,3,"분무식,기구부착식",철근콘크리트구조,8500,단일계약,상주선임,GR형,부스타방식,위탁관리,32,24,2252,유,537,"관리사무소, 노인정, 보육시설, 문고, 주민공동시설, 어린이놀이터, 휴게시설, 커뮤니티공간, 자전거보관소",10~15분이내,"1호선, 2호선",,15~20분이내,,,0,45,Y
2026-08,A10028028,부산센텀푸르지오,연제구,연산동,560.0,0,0,0.0,0.0,0.0,0.0,0.0,,,,,True,산정 불완전,평형별 세대수 보완 필요,c38eb7731a2edbf2c405dc922468ded84aa651100a03e86668e60fb8b6b0b8e7,[],현재 확보 자료로 재구성한 과거 추정치; 과거 세대 구성 미확인,False,555b475dcef496b2254b825ba10b0724d7994196dba4c4e18f34e7f5aa4db599,54cb25d3544257419c8c9faa1ee168a8848dbea69689888cc0985fdd2c7a4797,5fb6c1e071a73763f6eb52e67a11f05f6d609819ae4f39c925745faf40f5b4fd,8b30a9aec44c70f7b04a7800,2026-09-17T13:53:18.573481+09:00,부산센텀푸르지오,2647010200,부산광역시,연제구,연산동,,부산광역시 연제구 연산동 137-15 부산센텀푸르지오,분양,개별난방,82604.99,6,560.0,(주)대우건설,(주)한대,0517597224,www.centumprugio.co.kr,아파트,부산광역시 연제구 고분로 280,위탁관리,계단식,20150129,0517597226,560,58443.36,48.0,512.0,0.0,0.0,44277.7964,28,28,4,14,47571,위탁관리,5,(주)로이안H&F,위탁관리,4,에스원,위탁관리,7,음식물쓰레기종량제,위탁관리,5,분무식,철근콘크리트구조,3750,단일계약,상주선임,R형,부스타방식,위탁관리,14,0,605,유,186,"관리사무소, 노인정, 보육시설, 문고, 주민공동시설, 어린이놀이터, 휴게시설, 커뮤니티공간, 자전거보관소, 기타",5분이내,,,,관공서(연산9동주민센터) 병원(연산병원) 대형상가(하나로마트) 공원(부산사적공원) 기타(부산동암학교),초등학교(과정초등학교) 중학교(토현중학교) 고등학교(부산외국어고등학교) 대학교(부산경상대학교),0,13,Y
2026-08,A61175110,망미주공아파트,연제구,연산동,2038.0,0,0,0.0,0.0,0.0,0.0,0.0,,,,,True,산정 불완전,평형별 세대수 보완 필요,c38eb7731a2edbf2c405dc922468ded84aa651100a03e86668e60fb8b6b0b8e7,[],현재 확보 자료로 재구성한 과거 추정치; 과거 세대 구성 미확인,False,555b475dcef496b2254b825ba10b0724d7994196dba4c4e18f34e7f5aa4db599,54cb25d3544257419c8c9faa1ee168a8848dbea69689888cc0985fdd2c7a4797,5fb6c1e071a73763f6eb52e67a11f05f6d609819ae4f39c925745faf40f5b4fd,8b30a9aec44c70f7b04a7800,2026-09-17T13:53:18.573481+09:00,망미주공아파트,2647010200,부산광역시,연제구,연산동,,부산광역시 연제구 연산동 2220 망미주공아파트,분양,개별난방,200893.0,23,2038.0,대한주택공사,대우건설,0517561555, ,아파트,부산광역시 연제구 토현로 10,위탁관리,혼합식,19861128,0517562250,2038,190467.8,150.0,1848.0,40.0,0.0,148673.81,15,15,0,30,47573,위탁관리,12,(주)명건,위탁관리,48,(주)비앤에이서비스,위탁관리,17,음식물쓰레기종량제,위탁관리,3,분무식,철근콘크리트구조,4350,단일계약,상주선임,P형,고가수조식,위탁관리,30,980,0,무,100,"관리사무소, 노인정, 어린이놀이터",5~10분이내,3호선,,10~15분이내,관공서(연산9동 동사무소) 병원(효성병원),초등학교(토현초등학교) 중학교(토현중학교),20,0,Y
2026-08,A61175209,연산한양아파트,연제구,연산동,1452.0,0,0,0.0,0.0,0.0,0.0,0.0,,,,,True,산정 불완전,평형별 세대수 보완 필요,c38eb7731a2edbf2c405dc922468ded84aa651100a03e86668e60fb8b6b0b8e7,[],현재 확보 자료로 재구성한 과거 추정치; 과거 세대 구성 미확인,False,555b475dcef496b2254b825ba10b0724d7994196dba4c4e18f34e7f5aa4db599,54cb25d3544257419c8c9faa1ee168a8848dbea69689888cc0985fdd2c7a4797,5fb6c1e071a73763f6eb52e67a11f05f6d609819ae4f39c925745faf40f5b4fd,8b30a9aec44c70f7b04a7800,2026-09-17T13:53:18.573481+09:00,연산한양아파트,2647010200,부산광역시,연제구,연산동,,부산광역시 연제구 연산동 387-1 연산한양아파트,분양,개별난방,141725.61,14,1452.0,(주)한양,(주)한양,0517548606,연산한양아파트.ma-um.co.kr,아파트,부산광역시 연제구 온천천남로 110,위탁관리,혼합식,19811106,0517518438,1452,141725.61,480.0,716.0,256.0,0.0,110097.35,15,15,0,36,47566,위탁관리,11,(주)명건,위탁관리,24,(주)목평,위탁관리,14,음식물쓰레기종량제,위탁관리,9,분무식,철근콘크리트구조,3464,종합계약,상주선임,P형,고가수조식,위탁관리,36,1283,0,무,185,"관리사무소, 어린이놀이터, 자전거보관소",5~10분이내,,,,"관공서(연산8동 동사무소,부산소방본부) 병원(청송한의원) 대형상가(삼성디지털프라자-연산한양점) 공원(근린공원) 기타(부산시 연산도서관,연천시장)",초등학교(연천초등학교) 중학교(연천중학교) 대학교(부산경상대학교),3,0,Y
2026-08,A61175901,연산자이,연제구,연산동,1598.0,0,0,0.0,0.0,0.0,0.0,0.0,,,,,True,산정 불완전,평형별 세대수 보완 필요,c38eb7731a2edbf2c405dc922468ded84aa651100a03e86668e60fb8b6b0b8e7,[],현재 확보 자료로 재구성한 과거 추정치; 과거 세대 구성 미확인,False,555b475dcef496b2254b825ba10b0724d7994196dba4c4e18f34e7f5aa4db599,54cb25d3544257419c8c9faa1ee168a8848dbea69689888cc0985fdd2c7a4797,5fb6c1e071a73763f6eb52e67a11f05f6d609819ae4f39c925745faf40f5b4fd,8b30a9aec44c70f7b04a7800,2026-09-17T13:53:18.573481+09:00,연산자이,2647010200,부산광역시,연제구,연산동,,부산광역시 연제구 연산동 2262 연산자이,분양,개별난방,316891.0,19,1598.0,LG건설,(주)한국토지신탁,0518675959,https://ysxi.aptner.com/v2,아파트,부산광역시 연제구 과정로343번길 43,위탁관리,계단식,20100728,0518675966,1598,232939.14,0.0,822.0,379.0,397.0,184767.1751,28,28,3,34,47553,위탁관리,17,(주)하나종합관리,위탁관리,20,에스원,위탁관리,22,음식물쓰레기종량제,위탁관리,4,분무식,철근콘크리트구조,9405,단일계약,상주선임,GR형,부스타방식,위탁관리,34,0,2717,유,439,"관리사무소, 노인정, 보육시설, 문고, 주민공동시설, 어린이놀이터, 휴게시설, 자전거보관소, 기타",10~15분이내,"1호선, 3호선",,15~20분이내,관공서(동래세무서) 대형상가(삼성홈플러스),초등학교(연서초) 중학교(연산중),0,55,Y
2026-08,A61176308,연산선경아파트,연제구,연산동,576.0,0,0,0.0,0.0,0.0,0.0,0.0,,,,,True,산정 불완전,평형별 세대수 보완 필요,c38eb7731a2edbf2c405dc922468ded84aa651100a03e86668e60fb8b6b0b8e7,[],현재 확보 자료로 재구성한 과거 추정치; 과거 세대 구성 미확인,False,555b475dcef496b2254b825ba10b0724d7994196dba4c4e18f34e7f5aa4db599,54cb25d3544257419c8c9faa1ee168a8848dbea69689888cc0985fdd2c7a4797,5fb6c1e071a73763f6eb52e67a11f05f6d609819ae4f39c925745faf40f5b4fd,8b30a9aec44c70f7b04a7800,2026-09-17T13:53:18.573481+09:00,연산선경아파트,2647010200,부산광역시,연제구,연산동,,부산광역시 연제구 연산동 2235-4 연산선경아파트,분양,개별난방,100702.0,7,576.0,에스케이건설주식회사,에스케이건설주식회사,0517563324,연산선경아파트.ma-um.co.kr,아파트,부산광역시 연제구 과정로 74,위탁관리,계단식,19950605,0517547547,576,68045.76,36.0,180.0,288.0,72.0,68045.76,18,18,2,16,47575,위탁관리,6,(주)명건,위탁관리,14,(주)명건,위탁관리,4,음식물쓰레기종량제,위탁관리,8,"분무식,기구부착식",철근콘크리트구조,1600,단일계약,상주선임,P형,부스타방식,위탁관리,16,359,473,무,96,"관리사무소, 노인정, 어린이놀이터, 휴게시설, 유치원, 기타",5~10분이내,3호선,,10~15분이내,관공서(연산9동 동사무소) 병원(효성병원) 백화점(신세계백화점) 대형상가(E 마트),초등학교(토현초등학교) 중학교(토현중학교),0,17,Y
2026-08,A61176411,연산LG아파트,연제구,연산동,2302.0,0,0,0.0,0.0,0.0,0.0,0.0,,,,,True,산정 불완전,평형별 세대수 보완 필요,c38eb7731a2edbf2c405dc922468ded84aa651100a03e86668e60fb8b6b0b8e7,[],현재 확보 자료로 재구성한 과거 추정치; 과거 세대 구성 미확인,False,555b475dcef496b2254b825ba10b0724d7994196dba4c4e18f34e7f5aa4db599,54cb25d3544257419c8c9faa1ee168a8848dbea69689888cc0985fdd2c7a4797,5fb6c1e071a73763f6eb52e67a11f05f6d609819ae4f39c925745faf40f5b4fd,8b30a9aec44c70f7b04a7800,2026-09-17T13:53:18.573481+09:00,연산LG아파트,2647010200,부산광역시,연제구,연산동,,부산광역시 연제구 연산동 243-18 연산LG아파트,분양,개별난방,326306.9,24,2302.0,LG건설,LG건설,0517540331,yj.invil.org,아파트,부산광역시 연제구 고분로 200,위탁관리,계단식,19990327,0517540330,2302,254989.58,736.0,1028.0,246.0,292.0,205355.772,25,25,1,47,47585,위탁관리,14,(주)하나종합관리,위탁관리,96,(주)태협,위탁관리,21,음식물쓰레기종량제,위탁관리,3,분무식,철근콘크리트구조,6900,단일계약,상주선임,P형,고가수조식,위탁관리,47,588,2128,무,361,"관리사무소, 노인정, 보육시설, 주민공동시설, 어린이놀이터, 휴게시설, 커뮤니티공간, 기타",5분이내,"1호선, 3호선",,10~15분이내,"관공서(연산8동 동사무소,부산소방본부,연산경찰서,부산교통정보센터) 병원(부산내과 외) 대형상가(한양스토아부산본점,롯데마트) 공원(온천천근린공원) 기타(부산시 연산도서관)","초등학교(연천초등학교) 중학교(연천중학교) 고등학교(부산외국어고등학교,남일고등학교) 대학교(부산경상대학)",0,55,Y
2026-08,A10025433,수영sk뷰 1단지,수영구,망미동,1147.0,0,0,0.0,0.0,0.0,0.0,0.0,,,,,True,산정 불완전,평형별 세대수 보완 필요,c38eb7731a2edbf2c405dc922468ded84aa651100a03e86668e60fb8b6b0b8e7,[],현재 확보 자료로 재구성한 과거 추정치; 과거 세대 구성 미확인,False,555b475dcef496b2254b825ba10b0724d7994196dba4c4e18f34e7f5aa4db599,54cb25d3544257419c8c9faa1ee168a8848dbea69689888cc0985fdd2c7a4797,5fb6c1e071a73763f6eb52e67a11f05f6d609819ae4f39c925745faf40f5b4fd,8b30a9aec44c70f7b04a7800,2026-09-17T13:53:18.573481+09:00,수영sk뷰 1단지,2650010100,부산광역시,수영구,망미동,,부산광역시 수영구 망미동 1176 수영sk뷰 1단지,분양,개별난방,168493.72,11,1147.0,sk건설,망미1구역주택재개발정비사업조합,0517546614,https://www.joyapt.com/7735,아파트,부산광역시 수영구 망미배산로 56,위탁관리,계단식,20190603,0517546615,1147,116763.56,483.0,664.0,0.0,0.0,84578.669,35,35,5,25,48206,위탁관리,9,세화플러스 주식회사,위탁관리,6,(주)에스원,위탁관리,11,음식물쓰레기종량제,위탁관리,4,분무식,철근콘크리트구조,4750,종합계약,상주선임,R형,부스타방식,위탁관리,25,9,1355,유,335,"관리사무소, 노인정, 보육시설, 주민공동시설, 어린이놀이터, 휴게시설, 자전거보관소, 기타",5분이내,3호선,,10~15분이내,,초등학교() 중학교() 고등학교(),0,27,Y
2026-08,A61313001,망미삼성아파트,수영구,망미동,672.0,0,0,0.0,0.0,0.0,0.0,0.0,,,,,True,산정 불완전,평형별 세대수 보완 필요,c38eb7731a2edbf2c405dc922468ded84aa651100a03e86668e60fb8b6b0b8e7,[],현재 확보 자료로 재구성한 과거 추정치; 과거 세대 구성 미확인,False,555b475dcef496b2254b825ba10b0724d7994196dba4c4e18f34e7f5aa4db599,54cb25d3544257419c8c9faa1ee168a8848dbea69689888cc0985fdd2c7a4797,5fb6c1e071a73763f6eb52e67a11f05f6d609819ae4f39c925745faf40f5b4fd,8b30a9aec44c70f7b04a7800,2026-09-17T13:53:18.573481+09:00,망미삼성아파트,2650010100,부산광역시,수영구,망미동,,부산광역시 수영구 망미동 777 망미삼성아파트,분양,중앙난방,90171.78,13,672.0,삼성물산,삼성물산,0517582157, ,아파트,부산광역시 수영구 망미로30번길 23,위탁관리,계단식,19911128,0517579786,672,75675.93,0.0,300.0,240.0,132.0,75676.98,15,15,0,22,48238,위탁관리,8,(주)장천,위탁관리,14,(주)로이안에이치앤에프부산지점,위탁관리,6,기타,관리방식미정,4,"도포식,분무식",철근콘크리트구조,2000,단일계약,상주선임,P형,고가수조식,위탁관리,22,570,0,무,83,"관리사무소, 노인정, 어린이놀이터, 휴게시설, 자전거보관소, 기타",10~15분이내,3호선,,15~20분이내,관공서(부산지방병무청) 병원(효성병원) 공원(수영사적공원),"초등학교(배산초등교,수미초등교) 중학교(광안중학교) 고등학교(남일고교,부산배화학교,부산여상고교,덕문여고)",20,0,Y
2026-08,A61313002,망미동the#파크리치,수영구,망미동,862.0,0,0,0.0,0.0,0.0,0.0,0.0,,,,,True,산정 불완전,평형별 세대수 보완 필요,c38eb7731a2edbf2c405dc922468ded84aa651100a03e86668e60fb8b6b0b8e7,[],현재 확보 자료로 재구성한 과거 추정치; 과거 세대 구성 미확인,False,555b475dcef496b2254b825ba10b0724d7994196dba4c4e18f34e7f5aa4db599,54cb25d3544257419c8c9faa1ee168a8848dbea69689888cc0985fdd2c7a4797,5fb6c1e071a73763f6eb52e67a11f05f6d609819ae4f39c925745faf40f5b4fd,8b30a9aec44c70f7b04a7800,2026-09-17T13:53:18.573481+09:00,망미동the#파크리치,2650010100,부산광역시,수영구,망미동,,부산광역시 수영구 망미동 693-1 망미동the#파크리치,분양,개별난방,181148.6,8,862.0,포스코건설(주),(주)대경산업개발,0517525969,cafe.naver.com/parkrich862,아파트,부산광역시 수영구 연수로315번길 16,위탁관리,계단식,20070905,0517525970,862,136292.64,0.0,96.0,602.0,164.0,106857.4214,28,28,2,22,48211,위탁관리,7,(주)명건,위탁관리,6,kt텔레캅,위탁관리,9,차량수거방식,위탁관리,3,분무식,철근콘크리트구조,3650,단일계약,상주선임,GR형,부스타방식,위탁관리,22,120,1552,유,202,"관리사무소, 노인정, 보육시설, 어린이놀이터",5분이내,3호선,,5분이내,"관공서(병무청) 병원(좋은강안병원) 대형상가(이마트, 메가마트) 공원(수영사적공원)",초등학교(배산초등학) 중학교(망미) 고등학교(남일고등학),0,34,Y
2026-08,A61313203,센텀수영강변3차 e-편한세상아파트,수영구,망미동,530.0,0,0,0.0,0.0,0.0,0.0,0.0,,,,,True,산정 불완전,평형별 세대수 보완 필요,c38eb7731a2edbf2c405dc922468ded84aa651100a03e86668e60fb8b6b0b8e7,[],현재 확보 자료로 재구성한 과거 추정치; 과거 세대 구성 미확인,False,555b475dcef496b2254b825ba10b0724d7994196dba4c4e18f34e7f5aa4db599,54cb25d3544257419c8c9faa1ee168a8848dbea69689888cc0985fdd2c7a4797,5fb6c1e071a73763f6eb52e67a11f05f6d609819ae4f39c925745faf40f5b4fd,8b30a9aec44c70f7b04a7800,2026-09-17T13:53:18.573481+09:00,센텀수영강변3차 e-편한세상아파트,2650010100,부산광역시,수영구,망미동,,부산광역시 수영구 망미동 1136 센텀수영강변3차 e-편한세상아파트,분양,개별난방,72465.0,4,530.0,대림산업(주),(주)트렌드코리아건설,0517572552, ,아파트,부산광역시 수영구 좌수영로 192,위탁관리,계단식,20050704,0517571552,530,57616.406,0.0,530.0,0.0,0.0,45011.84,29,29,1,12,48213,위탁관리,5,(주)삼성T.M.S,위탁관리,6,(주)삼성티엠에스,위탁관리,5,음식물쓰레기종량제,위탁관리,4,분무식,철근콘크리트구조,2150,단일계약,상주선임,R형,부스타방식,위탁관리,12,241,384,무,110,"관리사무소, 노인정, 보육시설, 문고, 주민공동시설, 어린이놀이터, 자전거보관소",5~10분이내,,,15~20분이내,"관공서(부산지방병무청) 병원(효성병원) 백화점(롯데백화점,신세계백화점) 대형상가(코스트코) 공원(수영사적공원)","초등학교(망미초등교) 중학교(광안중학교,) 고등학교(남일고등학교,덕문여교)",13,5,Y
2026-08,A61375702,수영현대아파트,수영구,수영동,1180.0,0,0,0.0,0.0,0.0,0.0,0.0,,,,,True,산정 불완전,평형별 세대수 보완 필요,c38eb7731a2edbf2c405dc922468ded84aa651100a03e86668e60fb8b6b0b8e7,[],현재 확보 자료로 재구성한 과거 추정치; 과거 세대 구성 미확인,False,555b475dcef496b2254b825ba10b0724d7994196dba4c4e18f34e7f5aa4db599,54cb25d3544257419c8c9faa1ee168a8848dbea69689888cc0985fdd2c7a4797,5fb6c1e071a73763f6eb52e67a11f05f6d609819ae4f39c925745faf40f5b4fd,8b30a9aec44c70f7b04a7800,2026-09-17T13:53:18.573481+09:00,수영현대아파트,2650010200,부산광역시,수영구,수영동,,부산광역시 수영구 수영동 541 수영현대아파트,분양,개별난방,114939.48,11,1180.0,현대산업개발(주),현대산업개발(주),0517554063, ,아파트,부산광역시 수영구 수영로741번길 20,자치관리,혼합식,19880414,0517554039,1180,92034.36,167.0,893.0,120.0,0.0,91997.82,15,15,1,35,48222,자치관리,8,,위탁관리,18,(주)에스코아,위탁관리,8,음식물쓰레기종량제,위탁관리,3,"도포식,분무식",철근콘크리트구조,1750,단일계약,상주선임,P형,부스타방식,위탁관리,35,448,0,무,96,"관리사무소, 노인정, 주민공동시설, 어린이놀이터, 휴게시설, 유치원, 자전거보관소",5분이내,2호선,,5분이내,병원(광민한의원) 백화점(롯데/신세계백화점) 대형상가(홈플러스 센텀점) 공원(수영공원) 기타(팔도시장),"초등학교(수영초등학교,민안초등학교)",0,0,Y
2026-08,A61383101,수영협성르네상스타운,수영구,수영동,684.0,0,0,0.0,0.0,0.0,0.0,0.0,,,,,True,산정 불완전,평형별 세대수 보완 필요,c38eb7731a2edbf2c405dc922468ded84aa651100a03e86668e60fb8b6b0b8e7,[],현재 확보 자료로 재구성한 과거 추정치; 과거 세대 구성 미확인,False,555b475dcef496b2254b825ba10b0724d7994196dba4c4e18f34e7f5aa4db599,54cb25d3544257419c8c9faa1ee168a8848dbea69689888cc0985fdd2c7a4797,5fb6c1e071a73763f6eb52e67a11f05f6d609819ae4f39c925745faf40f5b4fd,8b30a9aec44c70f7b04a7800,2026-09-17T13:53:18.573481+09:00,수영협성르네상스타운,2650010200,부산광역시,수영구,수영동,,부산광역시 수영구 수영동 432-1 수영협성르네상스타운,분양,개별난방,110760.33,7,684.0,(주)협성종합건업,(주)협성종합건업,0517518521,hyupsung8521@hanmail.net,아파트,부산광역시 수영구 수영로741번길 46,위탁관리,계단식,20040723,0519599200,684,82895.56,100.0,384.0,150.0,50.0,65330.3312,25,25,1,16,48221,위탁관리,6,(주)하나티엠,위탁관리,10,에스원,위탁관리,6,음식물쓰레기종량제,위탁관리,6,분무식,철근콘크리트구조,2350,단일계약,상주선임,R형,고가수조식,위탁관리,16,148,760,유,134,"관리사무소, 노인정, 보육시설, 주민공동시설, 어린이놀이터, 휴게시설, 자전거보관소",5분이내,"2호선, 2호선","민락, 민락",10~15분이내,병원(광민한의원) 공원(수영공원) 기타(팔도시장),"초등학교(망미초등교,수영초등교)",19,19,Y
2026-08,A10025075,e편한세상 오션테라스,수영구,민락동,1038.0,0,0,0.0,0.0,0.0,0.0,0.0,,,,,True,산정 불완전,평형별 세대수 보완 필요,c38eb7731a2edbf2c405dc922468ded84aa651100a03e86668e60fb8b6b0b8e7,[],현재 확보 자료로 재구성한 과거 추정치; 과거 세대 구성 미확인,False,555b475dcef496b2254b825ba10b0724d7994196dba4c4e18f34e7f5aa4db599,54cb25d3544257419c8c9faa1ee168a8848dbea69689888cc0985fdd2c7a4797,5fb6c1e071a73763f6eb52e67a11f05f6d609819ae4f39c925745faf40f5b4fd,8b30a9aec44c70f7b04a7800,2026-09-17T13:53:18.573481+09:00,e편한세상 오션테라스,2650010300,부산광역시,수영구,민락동,,부산광역시 수영구 민락동 113-10 e편한세상 오션테라스,분양,개별난방,185428.11,14,1038.0,주식회사 삼호,(주)생보부동산신탁,0517598010, ,아파트,부산광역시 수영구 광안해변로326번길 10,위탁관리,계단식,20200116,0517598012,1038,125149.305,0.0,578.0,452.0,8.0,97890.7506,26,26,3,27,48281,위탁관리,10,주식회사 네오피엠,위탁관리,8,(주)삼성보안공사,위탁관리,11,음식물쓰레기종량제,위탁관리,3,분무식,철근콘크리트구조,7950,단일계약,상주선임,R형,부스타방식,위탁관리,54,4,1444,유,377,"관리사무소, 노인정, 보육시설, 문고, 주민공동시설, 어린이놀이터, 휴게시설, 커뮤니티공간, 자전거보관소",5분이내,2호선,,5~10분이내,,,0,30,Y
2026-08,A10026760,센텀비스타동원아파트,수영구,민락동,840.0,0,0,0.0,0.0,0.0,0.0,0.0,,,,,True,산정 불완전,평형별 세대수 보완 필요,c38eb7731a2edbf2c405dc922468ded84aa651100a03e86668e60fb8b6b0b8e7,[],현재 확보 자료로 재구성한 과거 추정치; 과거 세대 구성 미확인,False,555b475dcef496b2254b825ba10b0724d7994196dba4c4e18f34e7f5aa4db599,54cb25d3544257419c8c9faa1ee168a8848dbea69689888cc0985fdd2c7a4797,5fb6c1e071a73763f6eb52e67a11f05f6d609819ae4f39c925745faf40f5b4fd,8b30a9aec44c70f7b04a7800,2026-09-17T13:53:18.573481+09:00,센텀비스타동원아파트,2650010300,부산광역시,수영구,민락동,,부산광역시 수영구 민락동 778 센텀비스타동원아파트,분양,개별난방,149705.36,5,840.0,(주)동원개발,(주)동진건설산업,0517598861,centumvista.com,아파트,부산광역시 수영구 수영로 754,위탁관리,기타,20170731,0517598863,840,98186.69,0.0,661.0,179.0,0.0,75458.7517,29,29,2,18,48272,위탁관리,7,남부공영(주),위탁관리,7,(주)듀델코리아,위탁관리,10,거점장비수거방식,위탁관리,4,도포식,철근콘크리트구조,4800,종합계약,상주선임,R형,부스타방식,위탁관리,18,0,1049,유,211,"관리사무소, 노인정, 주민공동시설, 어린이놀이터, 휴게시설, 유치원, 커뮤니티공간, 자전거보관소",5분이내,2호선,,5분이내,"병원(수영센텀병원) 백화점(신세계백화점,롯데백화점) 대형상가(홈플러스) 공원(수영강변산책로,수변공원)",초등학교(민안초등학교),0,53,Y
2026-08,A61377105,센텀비치푸르지오아파트,수영구,민락동,1082.0,0,0,0.0,0.0,0.0,0.0,0.0,,,,,True,산정 불완전,평형별 세대수 보완 필요,c38eb7731a2edbf2c405dc922468ded84aa651100a03e86668e60fb8b6b0b8e7,[],현재 확보 자료로 재구성한 과거 추정치; 과거 세대 구성 미확인,False,555b475dcef496b2254b825ba10b0724d7994196dba4c4e18f34e7f5aa4db599,54cb25d3544257419c8c9faa1ee168a8848dbea69689888cc0985fdd2c7a4797,5fb6c1e071a73763f6eb52e67a11f05f6d609819ae4f39c925745faf40f5b4fd,8b30a9aec44c70f7b04a7800,2026-09-17T13:53:18.573481+09:00,센텀비치푸르지오아파트,2650010300,부산광역시,수영구,민락동,,부산광역시 수영구 민락동 108-1 센텀비치푸르지오아파트,분양,개별난방,182385.84,10,1082.0,(주)대우건설,해명주택,0517544431,www.cbprugio.com,아파트,부산광역시 수영구 광안해변로 418,위탁관리,계단식,20030818,0517544432,1082,141318.28,0.0,564.0,394.0,124.0,113285.1,31,31,2,24,48278,위탁관리,8,(주)디이씨오,위탁관리,8,에스원,위탁관리,11,음식물쓰레기종량제,위탁관리,3,분무식,철근콘크리트구조,4050,단일계약,상주선임,R형,부스타방식,위탁관리,24,243,1362,유,154,"관리사무소, 노인정, 보육시설, 문고, 주민공동시설, 어린이놀이터, 휴게시설, 자전거보관소",5분이내,2호선,민락,10~15분이내,"병원(다솜의원) 대형상가(삼성디지털프라자) 공원(민락수변공원) 기타(광안리해수욕장,MBC부산사옥)","초등학교(민락초등교,민안초등교)",0,41,Y
2026-08,A61377106,부산더샵센텀포레,수영구,민락동,1006.0,0,0,0.0,0.0,0.0,0.0,0.0,,,,,True,산정 불완전,평형별 세대수 보완 필요; 임대·혼합 또는 분양 범위 미확인,c38eb7731a2edbf2c405dc922468ded84aa651100a03e86668e60fb8b6b0b8e7,[],현재 확보 자료로 재구성한 과거 추정치; 과거 세대 구성 미확인,False,555b475dcef496b2254b825ba10b0724d7994196dba4c4e18f34e7f5aa4db599,54cb25d3544257419c8c9faa1ee168a8848dbea69689888cc0985fdd2c7a4797,5fb6c1e071a73763f6eb52e67a11f05f6d609819ae4f39c925745faf40f5b4fd,8b30a9aec44c70f7b04a7800,2026-09-17T13:53:18.573481+09:00,부산더샵센텀포레,2650010300,부산광역시,수영구,민락동,,부산광역시 수영구 민락동 356-5 부산더샵센텀포레,혼합,개별난방,170252.0,12,1006.0,포스코 건설,민락 제1구역 주택재개발 정비사업조합,0517558900,http://centumforet.postown.net/apartments/intro,아파트,부산광역시 수영구 수영로 776,위탁관리,계단식,20140731,0517558903,1014,116618.05,196.0,550.0,211.0,49.0,89073.5269,27,27,4,27,48272,위탁관리,9,(주)하나종합관리,위탁관리,6,주식회사 에스원,위탁관리,14,음식물쓰레기종량제,위탁관리,3,분무식,철골철근콘크리트구조,6250,단일계약,상주선임,R형,부스타방식,위탁관리,27,0,1319,유,426,"관리사무소, 노인정, 보육시설, 문고, 주민공동시설, 어린이놀이터",5분이내,2호선,,5분이내,"관공서(민락동주민센터) 병원(한서병원) 백화점(신세계백화점, 롯데백화점) 대형상가(코스트코) 공원(수영사적공원) 기타(수영민속예술관)",초등학교(민안초등학교) 중학교(한바다중학교) 고등학교(덕문여자고등학교),0,27,Y
2026-08,A61377204,롯데캐슬자이안트아파트,수영구,민락동,591.0,0,0,0.0,0.0,0.0,0.0,0.0,,,,,True,산정 불완전,평형별 세대수 보완 필요,c38eb7731a2edbf2c405dc922468ded84aa651100a03e86668e60fb8b6b0b8e7,[],현재 확보 자료로 재구성한 과거 추정치; 과거 세대 구성 미확인,False,555b475dcef496b2254b825ba10b0724d7994196dba4c4e18f34e7f5aa4db599,54cb25d3544257419c8c9faa1ee168a8848dbea69689888cc0985fdd2c7a4797,5fb6c1e071a73763f6eb52e67a11f05f6d609819ae4f39c925745faf40f5b4fd,8b30a9aec44c70f7b04a7800,2026-09-17T13:53:18.573481+09:00,롯데캐슬자이안트아파트,2650010300,부산광역시,수영구,민락동,,부산광역시 수영구 민락동 110-8 롯데캐슬자이안트아파트,분양,개별난방,117039.47,6,591.0,롯데건설,롯데건설,0517612930,http://www.giantapt.com/index.html,아파트,부산광역시 수영구 광안해변로 386,위탁관리,계단식,20031129,0517612931,591,86209.13,0.0,196.0,192.0,203.0,70623.6998,35,35,2,12,48279,위탁관리,6,(주)디이씨오,위탁관리,8,(주)비엔에이서비스,위탁관리,7,음식물쓰레기종량제,위탁관리,4,"도포식,분무식",철근콘크리트구조,2250,단일계약,상주선임,GR형,부스타방식,위탁관리,12,331,708,유,162,"관리사무소, 노인정, 보육시설, 주민공동시설, 어린이놀이터, 휴게시설, 유치원, 커뮤니티공간, 자전거보관소, 기타",5분이내,2호선,,10~15분이내,"공원(민락수변공원) 기타(광안리해수욕장,MBC부산사옥)","초등학교(민락초등교,민안초등교)",32,10,Y
2026-08,A10020002,드파인 광안,수영구,광안동,1233.0,0,0,0.0,0.0,0.0,0.0,0.0,,,,,True,산정 불완전,평형별 세대수 보완 필요,c38eb7731a2edbf2c405dc922468ded84aa651100a03e86668e60fb8b6b0b8e7,[],현재 확보 자료로 재구성한 과거 추정치; 과거 세대 구성 미확인,False,555b475dcef496b2254b825ba10b0724d7994196dba4c4e18f34e7f5aa4db599,54cb25d3544257419c8c9faa1ee168a8848dbea69689888cc0985fdd2c7a4797,5fb6c1e071a73763f6eb52e67a11f05f6d609819ae4f39c925745faf40f5b4fd,8b30a9aec44c70f7b04a7800,2026-09-17T13:53:18.573481+09:00,드파인 광안,2650010400,부산광역시,수영구,광안동,,부산광역시 수영구 광안동 1240-38 드파인 광안,분양,개별난방,200665.69,10,1233.0,에스케이에코플랜트(주),광안2구역주택재개발정비사업조합,0517549301, ,아파트,부산광역시 수영구 수영로545번길 30,위탁관리,계단식,20260630,0517549302,1233,130171.945,64.0,165.0,942.0,62.0,130171.944,31,0,2,0,,위탁관리,12,(주)아스타아이비에스,,,,위탁관리(직영+위탁),12,음식물쓰레기종량제,관리방식미정,,,철근콘크리트구조,7230,종합계약,상주선임,R형,부스타방식,관리방식미정,45,0,1673,유,441,"관리사무소, 노인정, 보육시설, 주민공동시설, 어린이놀이터, 자전거보관소",,,,,,,0,0,Y
2026-08,A10024695,광안자이아파트,수영구,광안동,971.0,0,0,0.0,0.0,0.0,0.0,0.0,,,,,True,산정 불완전,평형별 세대수 보완 필요,c38eb7731a2edbf2c405dc922468ded84aa651100a03e86668e60fb8b6b0b8e7,[],현재 확보 자료로 재구성한 과거 추정치; 과거 세대 구성 미확인,False,555b475dcef496b2254b825ba10b0724d7994196dba4c4e18f34e7f5aa4db599,54cb25d3544257419c8c9faa1ee168a8848dbea69689888cc0985fdd2c7a4797,5fb6c1e071a73763f6eb52e67a11f05f6d609819ae4f39c925745faf40f5b4fd,8b30a9aec44c70f7b04a7800,2026-09-17T13:53:18.573481+09:00,광안자이아파트,2650010400,부산광역시,수영구,광안동,,부산광역시 수영구 광안동 1257 광안자이아파트,분양,개별난방,108221.04,8,971.0,지에스건설(주),광안제1구역 주택재건축정비사업조합,0517173420,ga.xisnd.co.kr,아파트,부산광역시 수영구 호암로29번길 50,위탁관리,계단식,20200806,0517173421,971,107687.54,72.0,814.0,85.0,0.0,79198.57,34,34,3,24,48263,위탁관리,8,(주)디이씨오,위탁관리,7,(주)에스원,위탁관리,9,음식물쓰레기종량제,위탁관리,5,"도포식,분무식",철골철근콘크리트구조,6250,단일계약,상주선임,R형,부스타방식,위탁관리,24,0,1107,유,444,"관리사무소, 노인정, 보육시설, 문고, 주민공동시설, 어린이놀이터, 휴게시설, 커뮤니티공간, 자전거보관소",5~10분이내,2호선,광안역,5~10분이내,,,0,7,Y
2026-08,A61310007,광안쌍용예가디오션,수영구,광안동,928.0,0,0,0.0,0.0,0.0,0.0,0.0,,,,,True,산정 불완전,평형별 세대수 보완 필요,c38eb7731a2edbf2c405dc922468ded84aa651100a03e86668e60fb8b6b0b8e7,[],현재 확보 자료로 재구성한 과거 추정치; 과거 세대 구성 미확인,False,555b475dcef496b2254b825ba10b0724d7994196dba4c4e18f34e7f5aa4db599,54cb25d3544257419c8c9faa1ee168a8848dbea69689888cc0985fdd2c7a4797,5fb6c1e071a73763f6eb52e67a11f05f6d609819ae4f39c925745faf40f5b4fd,8b30a9aec44c70f7b04a7800,2026-09-17T13:53:18.573481+09:00,광안쌍용예가디오션,2650010400,부산광역시,수영구,광안동,,부산광역시 수영구 광안동 1330 광안쌍용예가디오션,분양,개별난방,141083.7,6,928.0,쌍용건설,디자인시티,0517550047,yegato.aptner.co.kr,아파트,부산광역시 수영구 광안로 20,위탁관리,계단식,20141128,0517550057,928,112336.29,39.0,765.0,120.0,4.0,81453.8416,43,43,2,22,48298,위탁관리,9,(주)하나종합관리,위탁관리,6,sk쉴더스,위탁관리,10,기타,위탁관리,4,"분무식,기구부착식",철근콘크리트구조,5500,종합계약,상주선임,GR형,부스타방식,위탁관리,22,5,1124,유,306,"관리사무소, 노인정, 보육시설, 주민공동시설, 어린이놀이터, 휴게시설, 유치원, 커뮤니티공간, 자전거보관소",5분이내,2호선,,5분이내,관공서() 병원() 공원(),초등학교() 중학교(),0,23,Y
2026-08,A61375202,광원아파트,수영구,광안동,589.0,0,0,0.0,0.0,0.0,0.0,0.0,,,,,True,산정 불완전,평형별 세대수 보완 필요,c38eb7731a2edbf2c405dc922468ded84aa651100a03e86668e60fb8b6b0b8e7,[],현재 확보 자료로 재구성한 과거 추정치; 과거 세대 구성 미확인,False,555b475dcef496b2254b825ba10b0724d7994196dba4c4e18f34e7f5aa4db599,54cb25d3544257419c8c9faa1ee168a8848dbea69689888cc0985fdd2c7a4797,5fb6c1e071a73763f6eb52e67a11f05f6d609819ae4f39c925745faf40f5b4fd,8b30a9aec44c70f7b04a7800,2026-09-17T13:53:18.573481+09:00,광원아파트,2650010400,부산광역시,수영구,광안동,,부산광역시 수영구 광안동 526-1 광원아파트,분양,개별난방,74912.0,4,589.0,광원건설,광원,0517583190, ,아파트,부산광역시 수영구 광일로 63,위탁관리,계단식,19951128,0519133192,589,64257.41,265.0,196.0,128.0,0.0,49297.98,25,25,1,13,48250,위탁관리,5,(주)명건,위탁관리,8,듀델코리아,위탁관리,3,거점장비수거방식,위탁관리,6,분무식,철근콘크리트구조,1350,종합계약,상주선임,P형,고가수조식,위탁관리,13,144,369,무,98,"관리사무소, 노인정, 어린이놀이터, 휴게시설",5~10분이내,"2호선, 3호선",,5~10분이내,병원(한서병원) 대형상가(홈플러스익스프레스) 기타(광안리해수욕장),중학교(수영중교),0,37,Y
2026-08,A61375603,비치-그린아파트,수영구,광안동,1038.0,0,0,0.0,0.0,0.0,0.0,0.0,,,,,True,산정 불완전,평형별 세대수 보완 필요,c38eb7731a2edbf2c405dc922468ded84aa651100a03e86668e60fb8b6b0b8e7,[],현재 확보 자료로 재구성한 과거 추정치; 과거 세대 구성 미확인,False,555b475dcef496b2254b825ba10b0724d7994196dba4c4e18f34e7f5aa4db599,54cb25d3544257419c8c9faa1ee168a8848dbea69689888cc0985fdd2c7a4797,5fb6c1e071a73763f6eb52e67a11f05f6d609819ae4f39c925745faf40f5b4fd,8b30a9aec44c70f7b04a7800,2026-09-17T13:53:18.573481+09:00,비치-그린아파트,2650010400,부산광역시,수영구,광안동,,부산광역시 수영구 광안동 529 비치-그린아파트,분양,개별난방,120721.91,9,1038.0,"(죽)국제종합건설, 자유건설",도시개발공사,0517555826,aptworld.co.kr/비치그린,아파트,부산광역시 수영구 광일로 49,위탁관리,혼합식,19960224,0517520577,1038,98790.11,437.0,601.0,0.0,0.0,77140.02,22,22,2,23,48250,위탁관리,8,남부공영(주),위탁관리,11,(주)경동기업,위탁관리,7,음식물쓰레기종량제,위탁관리,3,"도포식,기구부착식",철근콘크리트구조,2150,단일계약,상주선임,P형,고가수조식,위탁관리,23,310,572,무,160,"관리사무소, 노인정, 어린이놀이터, 휴게시설",10~15분이내,2호선,,10~15분이내,"관공서(광안1동사무소, 수영구청) 병원(좋은강안병원 ,한서병원) 기타(광안리해수욕장)",중학교(수영중교),0,18,Y
2026-08,A10023420,남천자이아파트,수영구,남천동,913.0,0,0,0.0,0.0,0.0,0.0,0.0,,,,,True,산정 불완전,평형별 세대수 보완 필요,c38eb7731a2edbf2c405dc922468ded84aa651100a03e86668e60fb8b6b0b8e7,[],현재 확보 자료로 재구성한 과거 추정치; 과거 세대 구성 미확인,False,555b475dcef496b2254b825ba10b0724d7994196dba4c4e18f34e7f5aa4db599,54cb25d3544257419c8c9faa1ee168a8848dbea69689888cc0985fdd2c7a4797,5fb6c1e071a73763f6eb52e67a11f05f6d609819ae4f39c925745faf40f5b4fd,8b30a9aec44c70f7b04a7800,2026-09-17T13:53:18.573481+09:00,남천자이아파트,2650010500,부산광역시,수영구,남천동,,부산광역시 수영구 남천동 148-28 남천자이아파트,분양,개별난방,151226.0,7,913.0,GS건설,남천2구역 주택재건축 정비사업조합,0517108556,xi.co.kr/nc,아파트,부산광역시 수영구 남천동로 46,위탁관리,계단식,20230119,0517108557,917,101258.0,116.0,659.0,132.0,6.0,77499.17,36,36,2,27,48309,위탁관리,11,(주)하나종합관리,위탁관리,8,에스원(주),위탁관리,9,거점장비수거방식,위탁관리,3,"도포식,분무식",철근콘크리트구조,4650,종합계약,상주선임,R형,부스타방식,위탁관리,27,0,1304,유,341,"관리사무소, 노인정, 보육시설, 문고, 주민공동시설, 어린이놀이터, 휴게시설, 커뮤니티공간, 자전거보관소, 기타",5분이내,2호선,,5분이내,"관공서(행정복지센터, 수영구청) 병원(좋은강안병원) 대형상가(메가마트) 공원(광안해변공원)","초등학교(광남초등학교) 중학교(수영중학교) 고등학교(부산동여자고등학교) 대학교(부경대,경성대)",0,26,Y
2026-08,A10023607,더샵남천프레스티지아파트,수영구,남천동,975.0,0,0,0.0,0.0,0.0,0.0,0.0,,,,,True,산정 불완전,평형별 세대수 보완 필요; 임대·혼합 또는 분양 범위 미확인,c38eb7731a2edbf2c405dc922468ded84aa651100a03e86668e60fb8b6b0b8e7,[],현재 확보 자료로 재구성한 과거 추정치; 과거 세대 구성 미확인,False,555b475dcef496b2254b825ba10b0724d7994196dba4c4e18f34e7f5aa4db599,54cb25d3544257419c8c9faa1ee168a8848dbea69689888cc0985fdd2c7a4797,5fb6c1e071a73763f6eb52e67a11f05f6d609819ae4f39c925745faf40f5b4fd,8b30a9aec44c70f7b04a7800,2026-09-17T13:53:18.573481+09:00,더샵남천프레스티지아파트,2650010500,부산광역시,수영구,남천동,,부산광역시 수영구 남천동 599 더샵남천프레스티지아파트,혼합,개별난방,158311.0,10,0.0,포스코건설,남천2구역 재개발정비사업조합,0519110881,thesharpnamchun.net,아파트,부산광역시 수영구 수영로 389,위탁관리,계단식,20220926,0519110882,975,108473.62,0.0,0.0,0.0,0.0,157849.526,35,35,3,34,48318,위탁관리,8,(주)혜강종합관리,위탁관리,9,에스케이쉴더스 주식회사,위탁관리,12,음식물쓰레기종량제,관리방식미정,3,,철근콘크리트구조,6750,단일계약,상주선임,GR형,부스타방식,위탁관리,34,20,1147,유,522,"관리사무소, 노인정, 보육시설, 주민공동시설, 어린이놀이터, 유치원, 커뮤니티공간, 자전거보관소",5분이내,2호선,,5분이내,"관공서(수영구청,우체국,남부경찰서) 병원(좋은강안병원) 백화점(신세계,롯데백화점) 공원(평화공원)",초등학교(남천초등학교) 중학교(남천중학교) 대학교(경성대학교),0,54,Y
2026-08,A61301003,삼익비치아파트,수영구,남천동,3060.0,0,0,0.0,0.0,0.0,0.0,0.0,,,,,True,산정 불완전,평형별 세대수 보완 필요,c38eb7731a2edbf2c405dc922468ded84aa651100a03e86668e60fb8b6b0b8e7,[],현재 확보 자료로 재구성한 과거 추정치; 과거 세대 구성 미확인,False,555b475dcef496b2254b825ba10b0724d7994196dba4c4e18f34e7f5aa4db599,54cb25d3544257419c8c9faa1ee168a8848dbea69689888cc0985fdd2c7a4797,5fb6c1e071a73763f6eb52e67a11f05f6d609819ae4f39c925745faf40f5b4fd,8b30a9aec44c70f7b04a7800,2026-09-17T13:53:18.573481+09:00,삼익비치아파트,2650010500,부산광역시,수영구,남천동,,부산광역시 수영구 남천동 148-4 삼익비치아파트,분양,중앙난방,360000.0,33,3060.0,삼익주낵,삼익주택,0516225975,www.samickbeach.com,아파트,부산광역시 수영구 광안해변로 100,자치관리,혼합식,19791011,0516215266,3060,346930.8,264.0,1692.0,972.0,132.0,271524.84,12,12,0,76,48305,자치관리,47,,자치관리(직영),84,,자치관리(직영),27,음식물쓰레기종량제,위탁관리,12,분무식,철근콘크리트구조,5350,단일계약,상주선임,P형,고가수조식,위탁관리,76,2644,0,무,0,"관리사무소, 노인정, 주민공동시설, 어린이놀이터, 자전거보관소",5~10분이내,2호선,,10~15분이내,관공서(수영구청) 병원(좋은강안병원) 대형상가(메가마트 남천점) 공원(광안리해수욕장) 기타(KBS방송국),"초등학교(광남초,남천초) 중학교(남천중) 고등학교(부산동여고) 대학교(부경대,경성대)",0,0,Y
2026-08,A61381805,남천코오롱하늘채골든비치,수영구,남천동,987.0,0,0,0.0,0.0,0.0,0.0,0.0,,,,,True,산정 불완전,평형별 세대수 보완 필요,c38eb7731a2edbf2c405dc922468ded84aa651100a03e86668e60fb8b6b0b8e7,[],현재 확보 자료로 재구성한 과거 추정치; 과거 세대 구성 미확인,False,555b475dcef496b2254b825ba10b0724d7994196dba4c4e18f34e7f5aa4db599,54cb25d3544257419c8c9faa1ee168a8848dbea69689888cc0985fdd2c7a4797,5fb6c1e071a73763f6eb52e67a11f05f6d609819ae4f39c925745faf40f5b4fd,8b30a9aec44c70f7b04a7800,2026-09-17T13:53:18.573481+09:00,남천코오롱하늘채골든비치,2650010500,부산광역시,수영구,남천동,,부산광역시 수영구 남천동 151 남천코오롱하늘채골든비치,분양,개별난방,219114.22,13,987.0,코오롱건설,삼익재건축조합,0516222334,www.nkhapt.com/,아파트,부산광역시 수영구 남천동로 41,위탁관리,계단식,20090116,0516222328,987,155109.55,1.0,149.0,539.0,298.0,122645.44,26,26,0,13,48306,위탁관리,10,(주)DECO,위탁관리,10,(주)목평인력개발,위탁관리,13,기타,위탁관리,3,분무식,철근콘크리트구조,3900,단일계약,상주선임,R형,부스타방식,위탁관리,24,40,1852,유,115,"관리사무소, 노인정, 보육시설, 문고, 어린이놀이터, 커뮤니티공간",5분이내,2호선,,5분이내,관공서(수영구청) 병원(조은강안병원) 대형상가(메가마트) 기타(광안리해수욕장),초등학교(광남초등교) 고등학교(동여고교) 대학교(부경대학교),0,38,Y
2026-08,A61381903,남천뉴비치아파트,수영구,남천동,990.0,0,0,0.0,0.0,0.0,0.0,0.0,,,,,True,산정 불완전,평형별 세대수 보완 필요,c38eb7731a2edbf2c405dc922468ded84aa651100a03e86668e60fb8b6b0b8e7,[],현재 확보 자료로 재구성한 과거 추정치; 과거 세대 구성 미확인,False,555b475dcef496b2254b825ba10b0724d7994196dba4c4e18f34e7f5aa4db599,54cb25d3544257419c8c9faa1ee168a8848dbea69689888cc0985fdd2c7a4797,5fb6c1e071a73763f6eb52e67a11f05f6d609819ae4f39c925745faf40f5b4fd,8b30a9aec44c70f7b04a7800,2026-09-17T13:53:18.573481+09:00,남천뉴비치아파트,2650010500,부산광역시,수영구,남천동,,부산광역시 수영구 남천동 556-3 남천뉴비치아파트,분양,중앙난방,103282.0,8,990.0,삼익,삼익,0516223725,www.joyapt.com/2044,아파트,부산광역시 수영구 광안해변로15번길 68,자치관리,혼합식,19860528,0516252777,990,102475.02,330.0,360.0,180.0,120.0,83824.65,15,15,0,26,48310,자치관리,11,,자치관리,16,,자치관리,8,음식물쓰레기종량제,위탁관리,3,분무식,철근콘크리트구조,2100,단일계약,상주선임,P형,고가수조식,위탁관리,26,887,0,무,100,"관리사무소, 노인정, 어린이놀이터",5~10분이내,2호선,,5~10분이내,관공서(수영구청) 병원(좋은강안병원) 공원(광안리해수욕장) 기타(KBS방송국),"초등학교(광남초,남천초) 중학교(남천중) 고등학교(부산동여고) 대학교(부경대,경성대)",18,0,Y
2026-08,A61775202,모라백양그린아파트,사상구,모라동,1080.0,0,0,0.0,0.0,0.0,0.0,0.0,,,,,True,산정 불완전,평형별 세대수 보완 필요,c38eb7731a2edbf2c405dc922468ded84aa651100a03e86668e60fb8b6b0b8e7,[],현재 확보 자료로 재구성한 과거 추정치; 과거 세대 구성 미확인,False,555b475dcef496b2254b825ba10b0724d7994196dba4c4e18f34e7f5aa4db599,54cb25d3544257419c8c9faa1ee168a8848dbea69689888cc0985fdd2c7a4797,5fb6c1e071a73763f6eb52e67a11f05f6d609819ae4f39c925745faf40f5b4fd,8b30a9aec44c70f7b04a7800,2026-09-17T13:53:18.573481+09:00,모라백양그린아파트,2653010200,부산광역시,사상구,모라동,,부산광역시 사상구 모라동 552 모라백양그린아파트,분양,개별난방,72445.0,7,1080.0,대한주택공사,대한주택공사,0519872877, ,아파트,부산광역시 사상구 모라로110번길 88,위탁관리,복도식,19920708,0519871132,1081,70576.2,1080.0,0.0,0.0,0.0,50047.2,15,15,1,14,46934,위탁관리,7,남부공영(주),위탁관리,6,태영개발(주),위탁관리,5,차량수거방식,위탁관리,4,분무식,철근콘크리트구조,1710,단일계약,상주선임,P형,고가수조식,위탁관리,14,750,0,무,60,"관리사무소, 노인정, 주민공동시설, 어린이놀이터, 유치원, 자전거보관소",10~15분이내,2호선,,10~15분이내,"관공서(북부산노동부,사상도서관) 병원() 대형상가(홈플러스) 공원(모라체육공원)","초등학교(모산초,모덕초,모동초) 중학교(모동중,모라중) 고등학교(대덕여고)",33,0,Y
2026-08,A61775307,부산모라주공3,사상구,모라동,2385.0,0,0,0.0,0.0,0.0,0.0,0.0,,,,,True,산정 불완전,평형별 세대수 보완 필요; 임대·혼합 또는 분양 범위 미확인,c38eb7731a2edbf2c405dc922468ded84aa651100a03e86668e60fb8b6b0b8e7,[],현재 확보 자료로 재구성한 과거 추정치; 과거 세대 구성 미확인,False,555b475dcef496b2254b825ba10b0724d7994196dba4c4e18f34e7f5aa4db599,54cb25d3544257419c8c9faa1ee168a8848dbea69689888cc0985fdd2c7a4797,5fb6c1e071a73763f6eb52e67a11f05f6d609819ae4f39c925745faf40f5b4fd,8b30a9aec44c70f7b04a7800,2026-09-17T13:53:18.573481+09:00,부산모라주공3,2653010200,부산광역시,사상구,모라동,,부산광역시 사상구 모라동 75 부산모라주공3,임대,중앙난방,107075.0,14,2385.0,한국토지주택공사,한국토지주택공사,0513043225,WWW.kohom.co.kr,아파트,부산광역시 사상구 모라로192번길 20-21,위탁관리,복도식,19930602,0513024948,2385,67025.7,2385.0,0.0,0.0,0.0,67025.7,15,15,0,31,46935,위탁관리,14,주택관리공단(주),위탁관리(직영+위탁),16,주식회사진성티에스,위탁관리(직영+위탁),2,음식물쓰레기종량제,위탁관리,3,분무식,철근콘크리트구조,1050,종합계약,상주선임,R형,부스타방식,위탁관리,33,547,0,무,118,"관리사무소, 노인정, 보육시설, 주민공동시설, 어린이놀이터, 휴게시설, 자전거보관소",5분이내,2호선,,20분초과,관공서(모라3동행복지원센터) 병원(이승재의원) 공원(모라체육) 기타(모라복지관),"초등학교(모동초,모산초,모덕) 중학교(모동중) 고등학교(대덕여자)",15,0,Y
2026-08,A61775401,백양푸른숲입주자대표회의,사상구,모라동,900.0,0,0,0.0,0.0,0.0,0.0,0.0,,,,,True,산정 불완전,평형별 세대수 보완 필요,c38eb7731a2edbf2c405dc922468ded84aa651100a03e86668e60fb8b6b0b8e7,[],현재 확보 자료로 재구성한 과거 추정치; 과거 세대 구성 미확인,False,555b475dcef496b2254b825ba10b0724d7994196dba4c4e18f34e7f5aa4db599,54cb25d3544257419c8c9faa1ee168a8848dbea69689888cc0985fdd2c7a4797,5fb6c1e071a73763f6eb52e67a11f05f6d609819ae4f39c925745faf40f5b4fd,8b30a9aec44c70f7b04a7800,2026-09-17T13:53:18.573481+09:00,백양푸른숲입주자대표회의,2653010200,부산광역시,사상구,모라동,,부산광역시 사상구 모라동 75 백양푸른숲입주자대표회의,분양,개별난방,60839.34,8,900.0,대한주택공사,대한주택공사,0513043227, ,아파트,부산광역시 사상구 모라로192번길 50,위탁관리,복도식,19930724,0513021394,905,59624.34,900.0,0.0,0.0,0.0,41798.16,15,15,0,13,46935,위탁관리,6,(주)우림종합관리,위탁관리,6,(주)목평종합관리,위탁관리,2,차량수거방식,위탁관리,4,분무식,철근콘크리트구조,670,단일계약,위탁선임,P형,부스타방식,위탁관리,13,356,0,무,64,"관리사무소, 노인정, 보육시설, 어린이놀이터, 자전거보관소",5분이내,2호선,,20분초과,관공서(모라3우체국) 병원() 공원(),"초등학교(모동초,모산초,모덕) 중학교(모동중)",10,0,Y
2026-08,A61775706,우성아파트,사상구,모라동,796.0,0,0,0.0,0.0,0.0,0.0,0.0,,,,,True,산정 불완전,평형별 세대수 보완 필요,c38eb7731a2edbf2c405dc922468ded84aa651100a03e86668e60fb8b6b0b8e7,[],현재 확보 자료로 재구성한 과거 추정치; 과거 세대 구성 미확인,False,555b475dcef496b2254b825ba10b0724d7994196dba4c4e18f34e7f5aa4db599,54cb25d3544257419c8c9faa1ee168a8848dbea69689888cc0985fdd2c7a4797,5fb6c1e071a73763f6eb52e67a11f05f6d609819ae4f39c925745faf40f5b4fd,8b30a9aec44c70f7b04a7800,2026-09-17T13:53:18.573481+09:00,우성아파트,2653010200,부산광역시,사상구,모라동,,부산광역시 사상구 모라동 1357 우성아파트,분양,개별난방,89257.0,8,796.0,우성,우성,0513277880, ,아파트,부산광역시 사상구 백양대로 906,자치관리,계단식,19890720,0513250291,801,87012.12,0.0,646.0,90.0,60.0,70669.2,15,15,1,27,46928,자치관리,6,,위탁관리,12,(주)한특,위탁관리,8,음식물쓰레기종량제,위탁관리,5,분무식,철근콘크리트구조,1800,단일계약,상주선임,P형,부스타방식,위탁관리,27,306,0,무,90,"관리사무소, 노인정, 보육시설, 어린이놀이터, 자전거보관소",5~10분이내,2호선,,5~10분이내,"관공서(모라1동사무소,모라우체국,북구청) 병원(다사랑병원) 대형상가(홈플러스) 공원()","초등학교(모산초,모덕초,모라초) 중학교(모라중,구포중,구남중) 고등학교(대덕여자고등학교,사상고등학교,백양고등학교) 대학교(신라대학교)",5,0,Y
2026-08,A61781706,모라주공1단지,사상구,모라동,2529.0,0,0,0.0,0.0,0.0,0.0,0.0,,,,,True,산정 불완전,평형별 세대수 보완 필요; 임대·혼합 또는 분양 범위 미확인,c38eb7731a2edbf2c405dc922468ded84aa651100a03e86668e60fb8b6b0b8e7,[],현재 확보 자료로 재구성한 과거 추정치; 과거 세대 구성 미확인,False,555b475dcef496b2254b825ba10b0724d7994196dba4c4e18f34e7f5aa4db599,54cb25d3544257419c8c9faa1ee168a8848dbea69689888cc0985fdd2c7a4797,5fb6c1e071a73763f6eb52e67a11f05f6d609819ae4f39c925745faf40f5b4fd,8b30a9aec44c70f7b04a7800,2026-09-17T13:53:18.573481+09:00,모라주공1단지,2653010200,부산광역시,사상구,모라동,,부산광역시 사상구 모라동 552 모라주공1단지,임대,중앙난방,113568.0,16,2529.0,한국토지주택공사,한국토지주택공사,0513024946,www.kohom.co.kr,아파트,부산광역시 사상구 모라로110번길 121,위탁관리,복도식,19920515,0513027507,2529,105644.01,2529.0,0.0,0.0,0.0,71115.03,15,15,0,34,46934,위탁관리,14,주택관리공단(주),위탁관리,18,진성티에스,위탁관리,3,음식물쓰레기종량제,위탁관리,3,"분무식,기구설치식",철근콘크리트구조,3650,단일계약,상주선임,R형,부스타방식,위탁관리,35,361,0,무,103,"관리사무소, 노인정, 보육시설, 문고, 주민공동시설, 어린이놀이터, 휴게시설, 자전거보관소",5~10분이내,2호선,모라,15~20분이내,"관공서(북부노동사무소,사상도서관) 병원(세강의원) 대형상가(홈플러스) 공원(모라체육공원)","초등학교(모산초,모동초,모덕초) 중학교(모동중) 고등학교(대덕여고)",9,0,Y
2026-08,A61781805,모라벽산아파트,사상구,모라동,780.0,0,0,0.0,0.0,0.0,0.0,0.0,,,,,True,산정 불완전,평형별 세대수 보완 필요,c38eb7731a2edbf2c405dc922468ded84aa651100a03e86668e60fb8b6b0b8e7,[],현재 확보 자료로 재구성한 과거 추정치; 과거 세대 구성 미확인,False,555b475dcef496b2254b825ba10b0724d7994196dba4c4e18f34e7f5aa4db599,54cb25d3544257419c8c9faa1ee168a8848dbea69689888cc0985fdd2c7a4797,5fb6c1e071a73763f6eb52e67a11f05f6d609819ae4f39c925745faf40f5b4fd,8b30a9aec44c70f7b04a7800,2026-09-17T13:53:18.573481+09:00,모라벽산아파트,2653010200,부산광역시,사상구,모라동,,부산광역시 사상구 모라동 203 모라벽산아파트,분양,개별난방,103998.7,8,780.0,벽산건설,대한주택보증,0513120359, ,아파트,부산광역시 사상구 백양대로934번길 84,위탁관리,계단식,20010915,0513120360,780,79353.42,270.0,426.0,84.0,0.0,62568.72,23,23,3,18,46927,위탁관리,6,남부공영(주),위탁관리,8,주)비앤에이서비스,위탁관리,5,음식물쓰레기종량제,위탁관리,6,분무식,철근콘크리트구조,2000,단일계약,상주선임,P형,고가수조식,위탁관리,18,176,621,무,98,"관리사무소, 노인정, 주민공동시설, 어린이놀이터, 휴게시설, 자전거보관소",15~20분이내,"2호선, 2호선",", ",15~20분이내,"관공서(모라2동사무소,모라동우체국,구포도서관,북구청,북부산등기소) 병원(구포성심병원) 대형상가(구남 탑마트) 공원(백양산 테크 산책로)","초등학교(모라,모산) 중학교(구포중,구남중,모라중) 고등학교(백양고)",0,2,Y
2026-08,A61781807,모라동원타운,사상구,모라동,1110.0,0,0,0.0,0.0,0.0,0.0,0.0,,,,,True,산정 불완전,평형별 세대수 보완 필요,c38eb7731a2edbf2c405dc922468ded84aa651100a03e86668e60fb8b6b0b8e7,[],현재 확보 자료로 재구성한 과거 추정치; 과거 세대 구성 미확인,False,555b475dcef496b2254b825ba10b0724d7994196dba4c4e18f34e7f5aa4db599,54cb25d3544257419c8c9faa1ee168a8848dbea69689888cc0985fdd2c7a4797,5fb6c1e071a73763f6eb52e67a11f05f6d609819ae4f39c925745faf40f5b4fd,8b30a9aec44c70f7b04a7800,2026-09-17T13:53:18.573481+09:00,모라동원타운,2653010200,부산광역시,사상구,모라동,,부산광역시 사상구 모라동 1361 모라동원타운,분양,개별난방,101267.0,8,1110.0,(주)동원개발,(주)동원개발,0513277888,mr1110@in-apt.co.kr,아파트,부산광역시 사상구 백양대로 879,자치관리,계단식,19890731,0513277700,1110,79258.5,300.0,810.0,0.0,0.0,79221.9,15,15,1,37,46930,자치관리,7,,위탁관리,12,(주)비앤에이서비스,위탁관리,8,음식물쓰레기종량제,위탁관리,6,분무식,철근콘크리트구조,450,기타,위탁선임,P형,부스타방식,위탁관리,37,620,0,무,144,"관리사무소, 노인정, 어린이놀이터, 휴게시설, 자전거보관소",5분이내,2호선,,10~15분이내,"관공서(모라1동사무소,북부노동사무소,사상도서관) 병원(다사랑병원) 대형상가(홈플러스) 공원(모라체육공원)","초등학교(모덕초,모산초,모라초) 중학교(모라중) 고등학교(대덕여고) 대학교(신라대학교)",7,0,Y
2026-08,A61781808,우신모라아파트,사상구,모라동,1620.0,0,0,0.0,0.0,0.0,0.0,0.0,,,,,True,산정 불완전,평형별 세대수 보완 필요,c38eb7731a2edbf2c405dc922468ded84aa651100a03e86668e60fb8b6b0b8e7,[],현재 확보 자료로 재구성한 과거 추정치; 과거 세대 구성 미확인,False,555b475dcef496b2254b825ba10b0724d7994196dba4c4e18f34e7f5aa4db599,54cb25d3544257419c8c9faa1ee168a8848dbea69689888cc0985fdd2c7a4797,5fb6c1e071a73763f6eb52e67a11f05f6d609819ae4f39c925745faf40f5b4fd,8b30a9aec44c70f7b04a7800,2026-09-17T13:53:18.573481+09:00,우신모라아파트,2653010200,부산광역시,사상구,모라동,,부산광역시 사상구 모라동 1362 우신모라아파트,분양,개별난방,146121.19,16,1620.0,우신종합건설(주),우신종합건설(주),0513132355,joyapt.com/621,아파트,부산광역시 사상구 백양대로 880,위탁관리,복도식,19920616,0513132358,1620,137206.62,945.0,675.0,0.0,0.0,104327.25,15,15,0,22,46931,위탁관리,8,(주)명건,위탁관리,14,(주)세웅서비스,위탁관리,4,음식물쓰레기종량제,위탁관리,3,분무식,철근콘크리트구조,2850,단일계약,상주선임,기타,부스타방식,위탁관리,22,866,0,무,123,"관리사무소, 노인정, 어린이놀이터, 휴게시설, 유치원, 커뮤니티공간",15~20분이내,2호선,,10~15분이내,"관공서(모라1동사무소,사상구 노인복지관분관,고용노동부 부산북부지청,사상도서관,모라119안전센터) 대형상가(홈플러스 익스프레스) 공원(모라체육공원) 기타(국민은행, 농협은행, 새마을금고, 부산은행)","초등학교(모덕초,모산초,모라초) 중학교(모라중) 고등학교(대덕여고) 대학교(신라대학교)",6,0,Y
2026-08,A10023104,사상 중흥S-클래스 그랜드센트럴,사상구,덕포동,1572.0,0,0,0.0,0.0,0.0,0.0,0.0,,,,,True,산정 불완전,평형별 세대수 보완 필요,c38eb7731a2edbf2c405dc922468ded84aa651100a03e86668e60fb8b6b0b8e7,[],현재 확보 자료로 재구성한 과거 추정치; 과거 세대 구성 미확인,False,555b475dcef496b2254b825ba10b0724d7994196dba4c4e18f34e7f5aa4db599,54cb25d3544257419c8c9faa1ee168a8848dbea69689888cc0985fdd2c7a4797,5fb6c1e071a73763f6eb52e67a11f05f6d609819ae4f39c925745faf40f5b4fd,8b30a9aec44c70f7b04a7800,2026-09-17T13:53:18.573481+09:00,사상 중흥S-클래스 그랜드센트럴,2653010300,부산광역시,사상구,덕포동,,부산광역시 사상구 덕포동 795 사상 중흥S-클래스 그랜드센트럴,분양,개별난방,239831.0,14,1572.0,중흥토건,덕포1구역 주택재개발정비사업조합,0513052721, ,아파트,부산광역시 사상구 사상로 300,위탁관리,혼합식,20231220,0513052722,1572,164499.53,438.0,1076.0,58.0,0.0,117626.3685,38,38,3,31,46951,위탁관리,12,(주)하나종합관리,위탁관리,9,(주)에스원,위탁관리,13,음식물쓰레기종량제,위탁관리,2,분무식,철근콘크리트구조,7917,종합계약,상주선임,R형,부스타방식,위탁관리,31,0,1667,유,593,"관리사무소, 노인정, 보육시설, 문고, 주민공동시설, 어린이놀이터, 휴게시설, 커뮤니티공간, 자전거보관소",5분이내,2호선,,5분이내,관공서(덕포1동 주민센터) 병원(고려병원),고등학교(사상고),0,85,Y
2026-08,A61777903,덕포경동메르빌,사상구,덕포동,517.0,0,0,0.0,0.0,0.0,0.0,0.0,,,,,True,산정 불완전,평형별 세대수 보완 필요,c38eb7731a2edbf2c405dc922468ded84aa651100a03e86668e60fb8b6b0b8e7,[],현재 확보 자료로 재구성한 과거 추정치; 과거 세대 구성 미확인,False,555b475dcef496b2254b825ba10b0724d7994196dba4c4e18f34e7f5aa4db599,54cb25d3544257419c8c9faa1ee168a8848dbea69689888cc0985fdd2c7a4797,5fb6c1e071a73763f6eb52e67a11f05f6d609819ae4f39c925745faf40f5b4fd,8b30a9aec44c70f7b04a7800,2026-09-17T13:53:18.573481+09:00,덕포경동메르빌,2653010300,부산광역시,사상구,덕포동,,부산광역시 사상구 덕포동 793 덕포경동메르빌,분양,개별난방,77631.0,4,517.0,부산서부지원,경동건설,0513046114,joyapt.com/7134,아파트,부산광역시 사상구 덕상로 8-37,위탁관리,계단식,20130625,0513046115,517,51428.098,0.0,517.0,0.0,0.0,39298.3262,27,27,3,9,46957,위탁관리,5,(주)명건,위탁관리,4,(주)명건,위탁관리,4,음식물쓰레기종량제,위탁관리,3,분무식,철근콘크리트구조,2850,단일계약,상주선임,R형,부스타방식,위탁관리,9,560,17,유,94,"관리사무소, 노인정, 보육시설, 주민공동시설, 어린이놀이터, 자전거보관소",10~15분이내,2호선,,10~15분이내,"관공서(사상경찰서,북부소방서) 병원(김옥영소아과) 대형상가(이마트,홈플러스) 기타(시외버스터미널,사상역)","초등학교(사상,덕포,덕상) 중학교(사상,덕포여) 고등학교(서부산공업) 대학교(신라)",0,12,Y
2026-08,A61781005,덕포자유아파트,사상구,덕포동,780.0,0,0,0.0,0.0,0.0,0.0,0.0,,,,,True,산정 불완전,평형별 세대수 보완 필요,c38eb7731a2edbf2c405dc922468ded84aa651100a03e86668e60fb8b6b0b8e7,[],현재 확보 자료로 재구성한 과거 추정치; 과거 세대 구성 미확인,False,555b475dcef496b2254b825ba10b0724d7994196dba4c4e18f34e7f5aa4db599,54cb25d3544257419c8c9faa1ee168a8848dbea69689888cc0985fdd2c7a4797,5fb6c1e071a73763f6eb52e67a11f05f6d609819ae4f39c925745faf40f5b4fd,8b30a9aec44c70f7b04a7800,2026-09-17T13:53:18.573481+09:00,덕포자유아파트,2653010300,부산광역시,사상구,덕포동,,부산광역시 사상구 덕포동 761-1 덕포자유아파트,분양,개별난방,66366.945,7,780.0,자유건설,대우건설,0513034000, ,아파트,부산광역시 사상구 백양대로 820,위탁관리,복도식,19890720,0513054804,780,61239.67,330.0,420.0,30.0,0.0,49836,15,15,1,16,46938,위탁관리,5,(주)삼성T.M.S,위탁관리,12,비앤에이서비스,위탁관리,4,음식물쓰레기종량제,위탁관리,3,"도포식,분무식",철근콘크리트구조,1900,단일계약,상주선임,P형,부스타방식,위탁관리,16,371,11,무,66,"관리사무소, 보육시설, 어린이놀이터, 자전거보관소",15~20분이내,2호선,,5분이내,"관공서(사상도서관,북부노동사무소, 부산상수도사업본부 북부사업소) 병원(사상중앙병원) 공원(덕포체육)","초등학교(모덕,덕상,모산,덕포) 고등학교(대덕여자,서부산공고)",8,0,Y
2026-08,A10023544,센트럴 스타힐스,사상구,괘법동,874.0,0,0,0.0,0.0,0.0,0.0,0.0,,,,,True,산정 불완전,평형별 세대수 보완 필요,c38eb7731a2edbf2c405dc922468ded84aa651100a03e86668e60fb8b6b0b8e7,[],현재 확보 자료로 재구성한 과거 추정치; 과거 세대 구성 미확인,False,555b475dcef496b2254b825ba10b0724d7994196dba4c4e18f34e7f5aa4db599,54cb25d3544257419c8c9faa1ee168a8848dbea69689888cc0985fdd2c7a4797,5fb6c1e071a73763f6eb52e67a11f05f6d609819ae4f39c925745faf40f5b4fd,8b30a9aec44c70f7b04a7800,2026-09-17T13:53:18.573481+09:00,센트럴 스타힐스,2653010400,부산광역시,사상구,괘법동,,부산광역시 사상구 괘법동 526-2 센트럴 스타힐스,분양,개별난방,118057.21,5,874.0,서희건설,사상지역주택조합,0513289890,aptree.kr/home/1753,주상복합,부산광역시 사상구 사상로223번길 23,위탁관리,혼합식,20221104,0513289891,874,84475.4,532.0,342.0,0.0,0.0,60903.1738,39,39,5,22,46963,위탁관리,6,(주)하나종합관리,위탁관리,4,(주)하나종합관리,위탁관리,8,음식물쓰레기종량제,위탁관리,3,,철골철근콘크리트구조,4300,종합계약,상주선임,R형,부스타방식,위탁관리,22,0,791,유,276,"관리사무소, 노인정, 보육시설, 주민공동시설, 어린이놀이터, 휴게시설, 커뮤니티공간, 자전거보관소, 기타",5분이내,"2호선, 부산-김해경전철",,5분이내,관공서() 병원() 백화점() 대형상가() 공원() 기타(),초등학교(),0,18,Y
2026-08,A61776003,괘법2차한신아파트,사상구,괘법동,1094.0,0,0,0.0,0.0,0.0,0.0,0.0,,,,,True,산정 불완전,평형별 세대수 보완 필요,c38eb7731a2edbf2c405dc922468ded84aa651100a03e86668e60fb8b6b0b8e7,[],현재 확보 자료로 재구성한 과거 추정치; 과거 세대 구성 미확인,False,555b475dcef496b2254b825ba10b0724d7994196dba4c4e18f34e7f5aa4db599,54cb25d3544257419c8c9faa1ee168a8848dbea69689888cc0985fdd2c7a4797,5fb6c1e071a73763f6eb52e67a11f05f6d609819ae4f39c925745faf40f5b4fd,8b30a9aec44c70f7b04a7800,2026-09-17T13:53:18.573481+09:00,괘법2차한신아파트,2653010400,부산광역시,사상구,괘법동,,부산광역시 사상구 괘법동 516-3 괘법2차한신아파트,분양,개별난방,105230.28,9,1094.0,한신공영(주),한신공영(주) / 한국토지신탁,0513237440,www.hebibi.com,아파트,부산광역시 사상구 낙동대로1210번길 33,위탁관리,계단식,19980713,0519617440,1094,82983.6,450.0,544.0,100.0,0.0,82983.6,25,25,2,22,46961,위탁관리,7,(주)HM우성,위탁관리,14,(주)한특,위탁관리,8,음식물쓰레기종량제,위탁관리,3,분무식,철근콘크리트구조,2400,단일계약,상주선임,R형,고가수조식,위탁관리,22,318,778,무,219,"관리사무소, 노인정, 보육시설, 어린이놀이터, 유치원, 자전거보관소, 기타",10~15분이내,"2호선, 부산-김해경전철",,10~15분이내,"관공서(사상우체국, 북부산세무서) 병원(김철민한의원) 대형상가(이마트, 홈플러스, 애플아울렛, 르네시떼) 공원(삼락강변체육공원) 기타(시외버스터미널, 사상역, 부산-김해 경전철, 롯데시네마)","초등학교(사상초,창진초,삼덕초,덕포초) 중학교(사상중,덕포여중) 대학교(신라대학교)",0,22,Y
2026-08,A61780802,사상강변동원아파트,사상구,괘법동,600.0,0,0,0.0,0.0,0.0,0.0,0.0,,,,,True,산정 불완전,평형별 세대수 보완 필요,c38eb7731a2edbf2c405dc922468ded84aa651100a03e86668e60fb8b6b0b8e7,[],현재 확보 자료로 재구성한 과거 추정치; 과거 세대 구성 미확인,False,555b475dcef496b2254b825ba10b0724d7994196dba4c4e18f34e7f5aa4db599,54cb25d3544257419c8c9faa1ee168a8848dbea69689888cc0985fdd2c7a4797,5fb6c1e071a73763f6eb52e67a11f05f6d609819ae4f39c925745faf40f5b4fd,8b30a9aec44c70f7b04a7800,2026-09-17T13:53:18.573481+09:00,사상강변동원아파트,2653010400,부산광역시,사상구,괘법동,,부산광역시 사상구 괘법동 519-1 사상강변동원아파트,분양,개별난방,71994.01,6,600.0,동진건설,동원개발,0513276722,http;//www.joyapt.com/1465,아파트,부산광역시 사상구 낙동대로1210번길 34,자치관리,계단식,19991203,0513276723,600,56694.4,200.0,400.0,0.0,0.0,43787,25,25,1,0,46962,자치관리,5,,위탁관리,6,조은관리시스템,위탁관리,4,음식물쓰레기종량제,위탁관리,3,분무식,철근콘크리트구조,1700,단일계약,상주선임,P형,고가수조식,위탁관리,12,206,411,무,64,"관리사무소, 노인정, 보육시설, 주민공동시설, 어린이놀이터, 휴게시설, 자전거보관소",10~15분이내,"2호선, 부산-김해경전철",,5~10분이내,"관공서(덕포1동사무소,사상우체국) 병원(김철민한의원) 대형상가(이마트,홈플러스) 공원(삼락강변체육) 기타(시외버스터미널,사상역)","초등학교(창진초,삼덕초,사상초,덕포초) 중학교(사상중,덕포여중)",0,4,Y
2026-08,A10028191,감전엘에이치,사상구,감전동,622.0,0,0,0.0,0.0,0.0,0.0,0.0,,,,,True,산정 불완전,평형별 세대수 보완 필요; 임대·혼합 또는 분양 범위 미확인,c38eb7731a2edbf2c405dc922468ded84aa651100a03e86668e60fb8b6b0b8e7,[],현재 확보 자료로 재구성한 과거 추정치; 과거 세대 구성 미확인,False,555b475dcef496b2254b825ba10b0724d7994196dba4c4e18f34e7f5aa4db599,54cb25d3544257419c8c9faa1ee168a8848dbea69689888cc0985fdd2c7a4797,5fb6c1e071a73763f6eb52e67a11f05f6d609819ae4f39c925745faf40f5b4fd,8b30a9aec44c70f7b04a7800,2026-09-17T13:53:18.573481+09:00,감전엘에이치,2653010500,부산광역시,사상구,감전동,,부산광역시 사상구 감전동 337 감전엘에이치,임대,개별난방,58815.63,6,622.0,계룡건설,한국토지주택공사,0513177739, ,아파트,부산광역시 사상구 백양대로 539,위탁관리,복도식,20141110,0513117739,622,28144.78,622.0,0.0,0.0,0.0,28144.78,25,25,2,12,46992,위탁관리,5,주식회사 맨투맨써비스,위탁관리,6,(주)한특,위탁관리,4,음식물쓰레기종량제,위탁관리,3,분무식,철근콘크리트구조,1450,종합계약,상주선임,R형,부스타방식,위탁관리,12,107,444,무,105,"관리사무소, 노인정, 보육시설, 문고, 주민공동시설, 어린이놀이터, 휴게시설, 자전거보관소, 기타",5분이내,2호선,,5~10분이내,"관공서(사상구청) 병원(서부산센텀병원) 대형상가(이마트사상점,애플아울렛) 공원(사상근린공원) 기타(부산서부버스터미널)","초등학교(감전초,괘법초,주감초) 중학교(주감중) 고등학교(사상고,에너지과학고) 대학교(신라대)",0,11,Y
2026-08,A10023571,주례롯데캐슬골드스마트,사상구,주례동,998.0,0,0,0.0,0.0,0.0,0.0,0.0,,,,,True,산정 불완전,평형별 세대수 보완 필요; 임대·혼합 또는 분양 범위 미확인,c38eb7731a2edbf2c405dc922468ded84aa651100a03e86668e60fb8b6b0b8e7,[],현재 확보 자료로 재구성한 과거 추정치; 과거 세대 구성 미확인,False,555b475dcef496b2254b825ba10b0724d7994196dba4c4e18f34e7f5aa4db599,54cb25d3544257419c8c9faa1ee168a8848dbea69689888cc0985fdd2c7a4797,5fb6c1e071a73763f6eb52e67a11f05f6d609819ae4f39c925745faf40f5b4fd,8b30a9aec44c70f7b04a7800,2026-09-17T13:53:18.573481+09:00,주례롯데캐슬골드스마트,2653010600,부산광역시,사상구,주례동,,부산광역시 사상구 주례동 1289 주례롯데캐슬골드스마트,혼합,개별난방,158224.0,9,998.0,롯데건설,주례2구역 주택재개발정비사업조합,0513288805, ,아파트,부산광역시 사상구 가야대로255번길 5,위탁관리,계단식,20221027,0513288806,998,106673.83,118.0,880.0,0.0,0.0,79274.1426,37,37,2,23,47002,위탁관리,8,남부공영(주),위탁관리,6,(주)에스원,위탁관리,11,음식물쓰레기종량제,위탁관리,3,분무식,기타철골철근콘크리트구조,4900,종합계약,상주선임,GR형,부스타방식,위탁관리,23,0,1160,유,370,"관리사무소, 노인정, 보육시설, 문고, 주민공동시설, 어린이놀이터, 휴게시설, 커뮤니티공간, 자전거보관소",5분이내,2호선,,5~10분이내,관공서(강서구청) 병원(부산보훈병원),초등학교(주감초등학) 중학교(동주중학교) 고등학교(주례여자고등학교) 대학교(동서대학),0,24,Y
2026-08,A10026975,주례경동리인아파트,사상구,주례동,839.0,0,0,0.0,0.0,0.0,0.0,0.0,,,,,True,산정 불완전,평형별 세대수 보완 필요,c38eb7731a2edbf2c405dc922468ded84aa651100a03e86668e60fb8b6b0b8e7,[],현재 확보 자료로 재구성한 과거 추정치; 과거 세대 구성 미확인,False,555b475dcef496b2254b825ba10b0724d7994196dba4c4e18f34e7f5aa4db599,54cb25d3544257419c8c9faa1ee168a8848dbea69689888cc0985fdd2c7a4797,5fb6c1e071a73763f6eb52e67a11f05f6d609819ae4f39c925745faf40f5b4fd,8b30a9aec44c70f7b04a7800,2026-09-17T13:53:18.573481+09:00,주례경동리인아파트,2653010600,부산광역시,사상구,주례동,,부산광역시 사상구 주례동 116-2 주례경동리인아파트,분양,개별난방,131561.0,11,839.0,경동건설(주),경동건설(주),0517152990, ,아파트,부산광역시 사상구 백양대로 526,위탁관리,계단식,20170512,0517152991,839,85897.69,0.0,839.0,0.0,0.0,62728.8134,26,26,4,0,46993,위탁관리,6,(주)삼성T.M.S,위탁관리,6,부경공영주식회사,위탁관리,7,음식물쓰레기종량제,위탁관리,3,,철근콘크리트구조,3250,종합계약,상주선임,R형,부스타방식,위탁관리,23,9,964,무,113,"관리사무소, 노인정, 보육시설, 주민공동시설, 어린이놀이터, 휴게시설, 커뮤니티공간, 자전거보관소",5분이내,2호선,,20분초과,,초등학교() 중학교(),0,0,Y
2026-08,A61701002,주례한일유앤아이아파트,사상구,주례동,988.0,0,0,0.0,0.0,0.0,0.0,0.0,,,,,True,산정 불완전,평형별 세대수 보완 필요,c38eb7731a2edbf2c405dc922468ded84aa651100a03e86668e60fb8b6b0b8e7,[],현재 확보 자료로 재구성한 과거 추정치; 과거 세대 구성 미확인,False,555b475dcef496b2254b825ba10b0724d7994196dba4c4e18f34e7f5aa4db599,54cb25d3544257419c8c9faa1ee168a8848dbea69689888cc0985fdd2c7a4797,5fb6c1e071a73763f6eb52e67a11f05f6d609819ae4f39c925745faf40f5b4fd,8b30a9aec44c70f7b04a7800,2026-09-17T13:53:18.573481+09:00,주례한일유앤아이아파트,2653010600,부산광역시,사상구,주례동,,부산광역시 사상구 주례동 239 주례한일유앤아이아파트,분양,개별난방,143350.0,12,988.0,한일건설(주),지평선건설(주),0513223213,hi988@in-apt.co.kr,아파트,부산광역시 사상구 백양대로 372-15,자치관리,계단식,20050203,0513223243,988,116968.0,264.0,382.0,216.0,126.0,93914.7,25,25,0,23,46997,자치관리,8,,위탁관리,8,(주)목평인력개발,위탁관리,8,음식물쓰레기종량제,위탁관리,3,분무식,철근콘크리트구조,2700,단일계약,상주선임,GR형,부스타방식,위탁관리,23,411,935,무,213,"관리사무소, 노인정, 보육시설, 문고, 주민공동시설, 어린이놀이터, 휴게시설, 유치원, 커뮤니티공간, 기타",5분이내,2호선,냉정,5~10분이내,"관공서(주례2동파출소,2동사무소,주례소방파출소) 병원(부산보훈병원,삼선병원) 공원(근린공원)","초등학교(주감초,개림초,주학초) 중학교(주레여중,주례중) 고등학교(주례여고) 대학교(경남정보대,동서대)",6,15,Y
2026-08,A61776104,주례반도보라매머드아파트,사상구,주례동,1206.0,0,0,0.0,0.0,0.0,0.0,0.0,,,,,True,산정 불완전,평형별 세대수 보완 필요,c38eb7731a2edbf2c405dc922468ded84aa651100a03e86668e60fb8b6b0b8e7,[],현재 확보 자료로 재구성한 과거 추정치; 과거 세대 구성 미확인,False,555b475dcef496b2254b825ba10b0724d7994196dba4c4e18f34e7f5aa4db599,54cb25d3544257419c8c9faa1ee168a8848dbea69689888cc0985fdd2c7a4797,5fb6c1e071a73763f6eb52e67a11f05f6d609819ae4f39c925745faf40f5b4fd,8b30a9aec44c70f7b04a7800,2026-09-17T13:53:18.573481+09:00,주례반도보라매머드아파트,2653010600,부산광역시,사상구,주례동,,부산광역시 사상구 주례동 10-21 주례반도보라매머드아파트,분양,개별난방,156831.83,12,1206.0,(주)반도종합관리,(주)반도종합관리,0513122230, ,아파트,부산광역시 사상구 백양대로 372-22,위탁관리,계단식,19960925,0519892228,1206,121612.24,515.0,547.0,144.0,0.0,94777.53,25,25,3,29,46997,위탁관리,7,목송산업개발(주),위탁관리,14,(주)듀델코리아,위탁관리,8,음식물쓰레기종량제,위탁관리,3,분무식,철근콘크리트구조,3200,단일계약,상주선임,P형,고가수조식,위탁관리,29,190,943,무,195,"관리사무소, 노인정, 주민공동시설, 어린이놀이터, 자전거보관소",10~15분이내,2호선,,10~15분이내,관공서(주례2동파출소) 병원(부산보훈병원),"초등학교(주양초,개금초) 중학교(개림중)",0,23,Y
2026-08,A61776303,주례럭키아파트,사상구,주례동,2293.0,0,0,0.0,0.0,0.0,0.0,0.0,,,,,True,산정 불완전,평형별 세대수 보완 필요,c38eb7731a2edbf2c405dc922468ded84aa651100a03e86668e60fb8b6b0b8e7,[],현재 확보 자료로 재구성한 과거 추정치; 과거 세대 구성 미확인,False,555b475dcef496b2254b825ba10b0724d7994196dba4c4e18f34e7f5aa4db599,54cb25d3544257419c8c9faa1ee168a8848dbea69689888cc0985fdd2c7a4797,5fb6c1e071a73763f6eb52e67a11f05f6d609819ae4f39c925745faf40f5b4fd,8b30a9aec44c70f7b04a7800,2026-09-17T13:53:18.573481+09:00,주례럭키아파트,2653010600,부산광역시,사상구,주례동,,부산광역시 사상구 주례동 595 주례럭키아파트,분양,중앙난방,175269.42,15,2293.0,LG,LG,0513258802, ,아파트,부산광역시 사상구 가야대로284번길 12,위탁관리,혼합식,19870411,0513258803,1963,168003.88,735.0,1558.0,0.0,0.0,137685.74,15,15,0,50,47015,위탁관리,16,남부공영(주),위탁관리,21,남부공영(주),위탁관리,16,음식물쓰레기종량제,위탁관리,8,,철근콘크리트구조,4700,단일계약,상주선임,P형,고가수조식,위탁관리,50,547,0,무,192,,5분이내,2호선,,5분이내,"관공서(주례3동사무소) 병원(삼선병원,부산보훈병원) 대형상가(삼성디지털프라자-주례점)","초등학교(동주초) 중학교(동주중,주례여중) 대학교(동서대,경남정보대)",0,0,Y
2026-08,A61778608,주례청구아파트,사상구,주례동,831.0,0,0,0.0,0.0,0.0,0.0,0.0,,,,,True,산정 불완전,평형별 세대수 보완 필요,c38eb7731a2edbf2c405dc922468ded84aa651100a03e86668e60fb8b6b0b8e7,[],현재 확보 자료로 재구성한 과거 추정치; 과거 세대 구성 미확인,False,555b475dcef496b2254b825ba10b0724d7994196dba4c4e18f34e7f5aa4db599,54cb25d3544257419c8c9faa1ee168a8848dbea69689888cc0985fdd2c7a4797,5fb6c1e071a73763f6eb52e67a11f05f6d609819ae4f39c925745faf40f5b4fd,8b30a9aec44c70f7b04a7800,2026-09-17T13:53:18.573481+09:00,주례청구아파트,2653010600,부산광역시,사상구,주례동,,부산광역시 사상구 주례동 955-2 주례청구아파트,분양,개별난방,101028.0,12,831.0,청구,청구,0513114430, ,아파트,부산광역시 사상구 백양대로494번길 38,위탁관리,계단식,20020129,0513114431,831,84918.99,267.0,488.0,76.0,0.0,65964.8,20,20,1,21,46993,위탁관리,6,(주)삼성T.M.S,위탁관리,10,(주)비앤에이서비스,위탁관리,5,음식물쓰레기종량제,위탁관리,3,도포식,철근콘크리트구조,2400,단일계약,상주선임,P형,고가수조식,위탁관리,23,340,530,무,156,"관리사무소, 노인정, 주민공동시설, 어린이놀이터, 휴게시설",5분이내,2호선,,5~10분이내,,,0,10,Y
2026-08,A61783202,신주례2차LG아파트,사상구,주례동,874.0,0,0,0.0,0.0,0.0,0.0,0.0,,,,,True,산정 불완전,평형별 세대수 보완 필요,c38eb7731a2edbf2c405dc922468ded84aa651100a03e86668e60fb8b6b0b8e7,[],현재 확보 자료로 재구성한 과거 추정치; 과거 세대 구성 미확인,False,555b475dcef496b2254b825ba10b0724d7994196dba4c4e18f34e7f5aa4db599,54cb25d3544257419c8c9faa1ee168a8848dbea69689888cc0985fdd2c7a4797,5fb6c1e071a73763f6eb52e67a11f05f6d609819ae4f39c925745faf40f5b4fd,8b30a9aec44c70f7b04a7800,2026-09-17T13:53:18.573481+09:00,신주례2차LG아파트,2653010600,부산광역시,사상구,주례동,,부산광역시 사상구 주례동 10-4 신주례2차LG아파트,분양,개별난방,97368.84,7,874.0,LG건설(주),LG건설(주),0513167706, ,아파트,부산광역시 사상구 백양대로342번길 17,위탁관리,혼합식,19961026,0519877707,874,95438.0,470.0,226.0,84.0,94.0,74220.658,25,25,2,0,46997,위탁관리,6,(주)하나종합관리,위탁관리,14,비엔에이서비스,위탁관리,8,음식물쓰레기종량제,위탁관리,3,"분무식,독이식",철근콘크리트구조,2500,단일계약,상주선임,P형,부스타방식,위탁관리,15,243,688,무,135,"관리사무소, 노인정, 보육시설, 어린이놀이터, 커뮤니티공간, 자전거보관소",5분이내,2호선,,5~10분이내,관공서(주례2동파출소) 병원(부산보훈병원),"초등학교(주양초, 개림초) 중학교(개림중)",0,24,Y
2026-08,A61783203,LG신주례1단지아파트,사상구,주례동,953.0,0,0,0.0,0.0,0.0,0.0,0.0,,,,,True,산정 불완전,평형별 세대수 보완 필요,c38eb7731a2edbf2c405dc922468ded84aa651100a03e86668e60fb8b6b0b8e7,[],현재 확보 자료로 재구성한 과거 추정치; 과거 세대 구성 미확인,False,555b475dcef496b2254b825ba10b0724d7994196dba4c4e18f34e7f5aa4db599,54cb25d3544257419c8c9faa1ee168a8848dbea69689888cc0985fdd2c7a4797,5fb6c1e071a73763f6eb52e67a11f05f6d609819ae4f39c925745faf40f5b4fd,8b30a9aec44c70f7b04a7800,2026-09-17T13:53:18.573481+09:00,LG신주례1단지아파트,2653010600,부산광역시,사상구,주례동,,부산광역시 사상구 주례동 3-16 LG신주례1단지아파트,분양,개별난방,107834.53,8,953.0,엘지건설,엘지건설,0513167705, ,아파트,부산광역시 사상구 백양대로342번길 16,위탁관리,혼합식,19961026,0519897704,953,107834.53,439.0,296.0,130.0,88.0,83527.838,25,25,2,16,46997,위탁관리,6,남부공영(주),위탁관리,16,(주)경동기업,위탁관리,9,음식물쓰레기종량제,위탁관리,3,"도포식,분무식",철근콘크리트구조,2400,단일계약,상주선임,P형,부스타방식,위탁관리,16,229,702,무,129,"관리사무소, 노인정, 보육시설, 주민공동시설, 어린이놀이터",5분이내,2호선,,10~15분이내,"관공서(주례2동 지구대) 병원(부산보훈병원, 삼선병원)","초등학교(개림초, 주양초) 중학교(개림중)",19,19,Y
2026-08,A61783402,주례현대무지개아파트,사상구,주례동,977.0,0,0,0.0,0.0,0.0,0.0,0.0,,,,,True,산정 불완전,평형별 세대수 보완 필요,c38eb7731a2edbf2c405dc922468ded84aa651100a03e86668e60fb8b6b0b8e7,[],현재 확보 자료로 재구성한 과거 추정치; 과거 세대 구성 미확인,False,555b475dcef496b2254b825ba10b0724d7994196dba4c4e18f34e7f5aa4db599,54cb25d3544257419c8c9faa1ee168a8848dbea69689888cc0985fdd2c7a4797,5fb6c1e071a73763f6eb52e67a11f05f6d609819ae4f39c925745faf40f5b4fd,8b30a9aec44c70f7b04a7800,2026-09-17T13:53:18.573481+09:00,주례현대무지개아파트,2653010600,부산광역시,사상구,주례동,,부산광역시 사상구 주례동 530-5 주례현대무지개아파트,분양,개별난방,117630.36,8,977.0,현대건설주식회사,.주식회사부원,0513235861, ,아파트,부산광역시 사상구 주례로 93,위탁관리,계단식,19930903,0519869860,977,117232.48,0.0,587.0,390.0,0.0,92876.58,15,15,0,33,47017,위탁관리,8,(주)우림종합관리,위탁관리,16,(주)대산기업,위탁관리,9,음식물쓰레기종량제,위탁관리,6,,철근콘크리트구조,2400,종합계약,상주선임,P형,부스타방식,위탁관리,33,393,213,무,118,"관리사무소, 노인정, 어린이놀이터",10~15분이내,2호선,,10~15분이내,"관공서(주례3동사무소) 병원(삼선병원,부산보훈병원)","초등학교(동주초,주학초) 중학교(동주중,주례여중,주례중) 고등학교(주례여고) 대학교(동서대,경남정보대)",6,6,Y
2026-08,A61776907,학장금강,사상구,학장동,730.0,0,0,0.0,0.0,0.0,0.0,0.0,,,,,True,산정 불완전,평형별 세대수 보완 필요,c38eb7731a2edbf2c405dc922468ded84aa651100a03e86668e60fb8b6b0b8e7,[],현재 확보 자료로 재구성한 과거 추정치; 과거 세대 구성 미확인,False,555b475dcef496b2254b825ba10b0724d7994196dba4c4e18f34e7f5aa4db599,54cb25d3544257419c8c9faa1ee168a8848dbea69689888cc0985fdd2c7a4797,5fb6c1e071a73763f6eb52e67a11f05f6d609819ae4f39c925745faf40f5b4fd,8b30a9aec44c70f7b04a7800,2026-09-17T13:53:18.573481+09:00,학장금강,2653010700,부산광역시,사상구,학장동,,부산광역시 사상구 학장동 819 학장금강,분양,개별난방,76489.52,5,730.0,금강종합건설(주),(주)금정주택,0513113078, ,아파트,부산광역시 사상구 대동로64번길 25,위탁관리,계단식,19921027,0513120992,730,74994.5,0.0,730.0,0.0,0.0,60813.6,15,15,0,25,47051,위탁관리,6,(주)삼성T.M.S,위탁관리,8,(주)비앤에이서비스,위탁관리,6,음식물쓰레기종량제,위탁관리,7,분무식,철근콘크리트구조,1660,단일계약,상주선임,GR형,부스타방식,위탁관리,25,504,0,무,84,"관리사무소, 노인정, 어린이놀이터",5~10분이내,2호선,,,관공서(학장소방파출소) 병원(대동치과) 대형상가(이마트),"초등학교(학진) 중학교(엄궁,학성여)",8,0,Y
2026-08,A61777010,학장무학,사상구,학장동,893.0,0,0,0.0,0.0,0.0,0.0,0.0,,,,,True,산정 불완전,평형별 세대수 보완 필요,c38eb7731a2edbf2c405dc922468ded84aa651100a03e86668e60fb8b6b0b8e7,[],현재 확보 자료로 재구성한 과거 추정치; 과거 세대 구성 미확인,False,555b475dcef496b2254b825ba10b0724d7994196dba4c4e18f34e7f5aa4db599,54cb25d3544257419c8c9faa1ee168a8848dbea69689888cc0985fdd2c7a4797,5fb6c1e071a73763f6eb52e67a11f05f6d609819ae4f39c925745faf40f5b4fd,8b30a9aec44c70f7b04a7800,2026-09-17T13:53:18.573481+09:00,학장무학,2653010700,부산광역시,사상구,학장동,,부산광역시 사상구 학장동 820-1 학장무학,분양,개별난방,92762.44,11,893.0,(주)무학건설,(주)무학건설,0513249175, ,아파트,부산광역시 사상구 대동로 84,자치관리,계단식,19970703,0513259175,893,77772.22,684.0,209.0,0.0,0.0,58804.27,21,21,0,22,47051,자치관리,6,,위탁관리,10,듀델코리아,위탁관리,6,음식물쓰레기종량제,위탁관리,6,"도포식,분무식,기구부착식",철근콘크리트구조,2850,단일계약,상주선임,R형,고가수조식,위탁관리,22,279,397,무,114,"관리사무소, 노인정, 보육시설, 어린이놀이터, 휴게시설, 자전거보관소, 기타",5분이내,2호선,,20분초과,관공서(학장소방파출소) 병원(큰솔병원) 대형상가(롯데마트) 공원(삼락공원),"초등학교(학진) 중학교(엄궁중, 학장중)",9,5,Y
2026-08,A61777105,학장벽산아파트,사상구,학장동,526.0,0,0,0.0,0.0,0.0,0.0,0.0,,,,,True,산정 불완전,평형별 세대수 보완 필요,c38eb7731a2edbf2c405dc922468ded84aa651100a03e86668e60fb8b6b0b8e7,[],현재 확보 자료로 재구성한 과거 추정치; 과거 세대 구성 미확인,False,555b475dcef496b2254b825ba10b0724d7994196dba4c4e18f34e7f5aa4db599,54cb25d3544257419c8c9faa1ee168a8848dbea69689888cc0985fdd2c7a4797,5fb6c1e071a73763f6eb52e67a11f05f6d609819ae4f39c925745faf40f5b4fd,8b30a9aec44c70f7b04a7800,2026-09-17T13:53:18.573481+09:00,학장벽산아파트,2653010700,부산광역시,사상구,학장동,,부산광역시 사상구 학장동 168 학장벽산아파트,분양,개별난방,74370.29,6,526.0,벽산개발(주),벽산건설(주),0513233963, ,아파트,부산광역시 사상구 학감대로 105-21,자치관리,계단식,19940510,0513155975,526,69771.92,0.0,0.0,526.0,0.0,57689.6,18,18,1,17,47053,자치관리,5,,위탁관리,14,(주)경동기업,위탁관리,6,거점장비수거방식,위탁관리,6,분무식,철근콘크리트구조,1150,종합계약,상주선임,P형,고가수조식,위탁관리,17,264,301,무,112,"관리사무소, 노인정, 자전거보관소, 기타",5분이내,1호선,,5분이내,"관공서(학장소방파출소) 병원(부산시립정신병원,대남병원,부산동인병원) 대형상가(학장종합시장)",초등학교(구학) 고등학교(구덕),0,5,Y
2026-08,A61777312,학장반도보라타운,사상구,학장동,998.0,0,0,0.0,0.0,0.0,0.0,0.0,,,,,True,산정 불완전,평형별 세대수 보완 필요,c38eb7731a2edbf2c405dc922468ded84aa651100a03e86668e60fb8b6b0b8e7,[],현재 확보 자료로 재구성한 과거 추정치; 과거 세대 구성 미확인,False,555b475dcef496b2254b825ba10b0724d7994196dba4c4e18f34e7f5aa4db599,54cb25d3544257419c8c9faa1ee168a8848dbea69689888cc0985fdd2c7a4797,5fb6c1e071a73763f6eb52e67a11f05f6d609819ae4f39c925745faf40f5b4fd,8b30a9aec44c70f7b04a7800,2026-09-17T13:53:18.573481+09:00,학장반도보라타운,2653010700,부산광역시,사상구,학장동,,부산광역시 사상구 학장동 573-1 학장반도보라타운,분양,개별난방,130567.0,11,998.0,(주)반도종합건설,(주)반도종합건설,0513236451, ,아파트,부산광역시 사상구 대동로 98,자치관리,계단식,19940829,0513236452,998,104158.65,384.0,458.0,82.0,74.0,82870.98,22,22,1,27,47051,자치관리,6,,위탁관리,12,비앤에이서비스(주),위탁관리,7,음식물쓰레기종량제,위탁관리,3,"분무식,기구부착식",철근콘크리트구조,1800,단일계약,상주선임,P형,부스타방식,위탁관리,27,283,662,무,143,"관리사무소, 노인정, 어린이놀이터",5분이내,2호선,,15~20분이내,병원() 대형상가(이마트),"초등학교(학진초) 중학교(학성여중,엄궁중)",9,10,Y
2026-08,A61777409,구덕대림,사상구,학장동,825.0,0,0,0.0,0.0,0.0,0.0,0.0,,,,,True,산정 불완전,평형별 세대수 보완 필요,c38eb7731a2edbf2c405dc922468ded84aa651100a03e86668e60fb8b6b0b8e7,[],현재 확보 자료로 재구성한 과거 추정치; 과거 세대 구성 미확인,False,555b475dcef496b2254b825ba10b0724d7994196dba4c4e18f34e7f5aa4db599,54cb25d3544257419c8c9faa1ee168a8848dbea69689888cc0985fdd2c7a4797,5fb6c1e071a73763f6eb52e67a11f05f6d609819ae4f39c925745faf40f5b4fd,8b30a9aec44c70f7b04a7800,2026-09-17T13:53:18.573481+09:00,구덕대림,2653010700,부산광역시,사상구,학장동,,부산광역시 사상구 학장동 167-3 구덕대림,분양,개별난방,79198.13,8,825.0,(주)대림산업,(주)대림산업,0513239464, ,아파트,부산광역시 사상구 학감대로49번길 62,위탁관리,혼합식,19910713,0519894997,825,76462.5,195.0,630.0,0.0,0.0,61855.2,15,15,1,23,47054,위탁관리,6,(주)디이씨오,위탁관리,8,(주)삼성보안공사,위탁관리,8,음식물쓰레기종량제,위탁관리,4,"도포식,분무식,독이식",철근콘크리트구조,1850,단일계약,상주선임,P형,고가수조식,위탁관리,23,698,0,무,91,"관리사무소, 노인정, 보육시설, 어린이놀이터, 유치원",5~10분이내,2호선,,,"병원(부산시립정신병원,대남병원,부산동인병원)",초등학교(구학) 고등학교(구덕),14,0,Y
2026-08,A61777410,학장1지구도개공임대,사상구,학장동,720.0,0,0,0.0,0.0,0.0,0.0,0.0,,,,,True,산정 불완전,평형별 세대수 보완 필요; 임대·혼합 또는 분양 범위 미확인,c38eb7731a2edbf2c405dc922468ded84aa651100a03e86668e60fb8b6b0b8e7,[],현재 확보 자료로 재구성한 과거 추정치; 과거 세대 구성 미확인,False,555b475dcef496b2254b825ba10b0724d7994196dba4c4e18f34e7f5aa4db599,54cb25d3544257419c8c9faa1ee168a8848dbea69689888cc0985fdd2c7a4797,5fb6c1e071a73763f6eb52e67a11f05f6d609819ae4f39c925745faf40f5b4fd,8b30a9aec44c70f7b04a7800,2026-09-17T13:53:18.573481+09:00,학장1지구도개공임대,2653010700,부산광역시,사상구,학장동,,부산광역시 사상구 학장동 168-7 학장1지구도개공임대,임대,중앙난방,30110.4,5,720.0,국제종합토건(주),부산도시공사,0513275081, ,아파트,부산광역시 사상구 학감대로49번길 28-39,자치관리,복도식,19930327,0513168081,720,30110.4,720.0,0.0,0.0,0.0,20390.4,15,15,1,10,47054,자치관리,7,,위탁관리,9,(주)코스텍,위탁관리,5,음식물쓰레기종량제,위탁관리,4,,철근콘크리트구조,1000,단일계약,상주선임,R형,부스타방식,위탁관리,10,150,0,무,36,"관리사무소, 노인정",5분이내,2호선,,,"관공서(학장소방파출소) 병원(부산시립정신병원,대남병원,부산동인병원)",초등학교(구학) 중학교(학장여) 고등학교(구덕),0,0,Y
2026-08,A61777411,학장삼정그린코아,사상구,학장동,511.0,0,0,0.0,0.0,0.0,0.0,0.0,,,,,True,산정 불완전,평형별 세대수 보완 필요,c38eb7731a2edbf2c405dc922468ded84aa651100a03e86668e60fb8b6b0b8e7,[],현재 확보 자료로 재구성한 과거 추정치; 과거 세대 구성 미확인,False,555b475dcef496b2254b825ba10b0724d7994196dba4c4e18f34e7f5aa4db599,54cb25d3544257419c8c9faa1ee168a8848dbea69689888cc0985fdd2c7a4797,5fb6c1e071a73763f6eb52e67a11f05f6d609819ae4f39c925745faf40f5b4fd,8b30a9aec44c70f7b04a7800,2026-09-17T13:53:18.573481+09:00,학장삼정그린코아,2653010700,부산광역시,사상구,학장동,,부산광역시 사상구 학장동 858 학장삼정그린코아,분양,개별난방,62905.746,8,511.0,주식회사 삼정기업,주식회사 삼정기업,0513138813, ,아파트,부산광역시 사상구 학감대로123번길 67,위탁관리,계단식,20140428,0513138815,511,45242.11,331.0,180.0,0.0,0.0,33118.5988,24,24,0,13,47052,위탁관리,6,(주)우림종합관리,위탁관리,4,목평인력개발,위탁관리,4,음식물쓰레기종량제,위탁관리,3,분무식,철근콘크리트구조,3000,종합계약,상주선임,R형,부스타방식,위탁관리,14,20,489,유,111,"관리사무소, 노인정, 보육시설, 문고, 주민공동시설, 어린이놀이터, 자전거보관소",5분이내,,,15~20분이내,관공서(학장소방파출소) 병원(부영병원) 대형상가(이마트),"초등학교(학진초, 구학초) 중학교(학장중) 고등학교(구덕고)",0,5,Y
2026-08,A61777711,학장목화,사상구,학장동,999.0,0,0,0.0,0.0,0.0,0.0,0.0,,,,,True,산정 불완전,평형별 세대수 보완 필요,c38eb7731a2edbf2c405dc922468ded84aa651100a03e86668e60fb8b6b0b8e7,[],현재 확보 자료로 재구성한 과거 추정치; 과거 세대 구성 미확인,False,555b475dcef496b2254b825ba10b0724d7994196dba4c4e18f34e7f5aa4db599,54cb25d3544257419c8c9faa1ee168a8848dbea69689888cc0985fdd2c7a4797,5fb6c1e071a73763f6eb52e67a11f05f6d609819ae4f39c925745faf40f5b4fd,8b30a9aec44c70f7b04a7800,2026-09-17T13:53:18.573481+09:00,학장목화,2653010700,부산광역시,사상구,학장동,,부산광역시 사상구 학장동 574-82 학장목화,분양,개별난방,70605.12,9,999.0,도시개발공사,도시개발공사,0513271886, ,아파트,부산광역시 사상구 대동로 104-8,위탁관리,복도식,19930719,0513271833,999,70587.28,999.0,0.0,0.0,0.0,48827.475,20,20,1,9,47051,위탁관리,6,(주)로이안,위탁관리,8,(주)로이안,위탁관리,7,음식물쓰레기종량제,위탁관리,3,분무식,철근콘크리트구조,2250,단일계약,상주선임,P형,부스타방식,위탁관리,9,614,36,무,82,"관리사무소, 노인정, 어린이놀이터, 유치원",5분이내,"2호선, 2호선",", ",15~20분이내,병원(소담한의원) 대형상가(학장종합시장),"초등학교(학진, 학장) 중학교(엄궁,학장여) 고등학교(구덕)",0,4,Y
2026-08,A61777806,학장동2차삼성,사상구,학장동,549.0,0,0,0.0,0.0,0.0,0.0,0.0,,,,,True,산정 불완전,평형별 세대수 보완 필요,c38eb7731a2edbf2c405dc922468ded84aa651100a03e86668e60fb8b6b0b8e7,[],현재 확보 자료로 재구성한 과거 추정치; 과거 세대 구성 미확인,False,555b475dcef496b2254b825ba10b0724d7994196dba4c4e18f34e7f5aa4db599,54cb25d3544257419c8c9faa1ee168a8848dbea69689888cc0985fdd2c7a4797,5fb6c1e071a73763f6eb52e67a11f05f6d609819ae4f39c925745faf40f5b4fd,8b30a9aec44c70f7b04a7800,2026-09-17T13:53:18.573481+09:00,학장동2차삼성,2653010700,부산광역시,사상구,학장동,,부산광역시 사상구 학장동 574-57 학장동2차삼성,분양,개별난방,58153.152,6,549.0,삼성물산,삼성물산,0513168802, ,아파트,부산광역시 사상구 학감대로123번길 75,위탁관리,계단식,19990203,0513168803,556,39663.008,187.0,362.0,0.0,0.0,39663.006,25,25,1,13,47052,위탁관리,5,(주)하나종합관리,위탁관리,4,(주)비엔에이서비스,위탁관리,3,차량수거방식,위탁관리,3,"도포식,분무식",철근콘크리트구조,1400,단일계약,상주선임,R형,부스타방식,위탁관리,13,301,259,무,78,"관리사무소, 노인정, 보육시설, 주민공동시설, 어린이놀이터, 자전거보관소",5분이내,2호선,,10~15분이내,"관공서(사상구청 ,북부세무서) 병원(한솔병원) 백화점(롯데마트) 대형상가(학장종합시장)","초등학교(학장,학진) 중학교(엄궁,학장여중) 고등학교(구덕)",18,12,Y
2026-08,A61784208,신구덕우성,사상구,학장동,763.0,0,0,0.0,0.0,0.0,0.0,0.0,,,,,True,산정 불완전,평형별 세대수 보완 필요,c38eb7731a2edbf2c405dc922468ded84aa651100a03e86668e60fb8b6b0b8e7,[],현재 확보 자료로 재구성한 과거 추정치; 과거 세대 구성 미확인,False,555b475dcef496b2254b825ba10b0724d7994196dba4c4e18f34e7f5aa4db599,54cb25d3544257419c8c9faa1ee168a8848dbea69689888cc0985fdd2c7a4797,5fb6c1e071a73763f6eb52e67a11f05f6d609819ae4f39c925745faf40f5b4fd,8b30a9aec44c70f7b04a7800,2026-09-17T13:53:18.573481+09:00,신구덕우성,2653010700,부산광역시,사상구,학장동,,부산광역시 사상구 학장동 571-3 신구덕우성,분양,개별난방,94164.27,6,763.0,우성건설,우성건설,0513275318, ,아파트,부산광역시 사상구 학감대로 109-16,위탁관리,계단식,20000904,0513275319,763,80177.19,229.0,440.0,94.0,0.0,61080.78,24,24,0,16,47052,위탁관리,6,남부공영(주),위탁관리,8,(주)씨엔에스코리아,위탁관리,7,음식물쓰레기종량제,위탁관리,3,분무식,철근콘크리트구조,1800,단일계약,상주선임,GR형,부스타방식,위탁관리,16,303,466,무,118,"관리사무소, 노인정, 보육시설, 주민공동시설, 어린이놀이터",5분이내,2호선,,10~15분이내,관공서(학장소방파출소) 병원(무림한의원) 대형상가(학장종합시장),초등학교(구학) 중학교(학성여) 고등학교(구덕),2,13,Y
2026-08,A61784213,구학마을아파트,사상구,학장동,1110.0,0,0,0.0,0.0,0.0,0.0,0.0,,,,,True,산정 불완전,평형별 세대수 보완 필요,c38eb7731a2edbf2c405dc922468ded84aa651100a03e86668e60fb8b6b0b8e7,[],현재 확보 자료로 재구성한 과거 추정치; 과거 세대 구성 미확인,False,555b475dcef496b2254b825ba10b0724d7994196dba4c4e18f34e7f5aa4db599,54cb25d3544257419c8c9faa1ee168a8848dbea69689888cc0985fdd2c7a4797,5fb6c1e071a73763f6eb52e67a11f05f6d609819ae4f39c925745faf40f5b4fd,8b30a9aec44c70f7b04a7800,2026-09-17T13:53:18.573481+09:00,구학마을아파트,2653010700,부산광역시,사상구,학장동,,부산광역시 사상구 학장동 168-8 구학마을아파트,분양,개별난방,72618.42,10,1110.0,도시개발공사,도시개발공사,0513228812,없음,아파트,부산광역시 사상구 학감대로49번길 28-19,위탁관리,복도식,19920608,0513230731,1110,72618.42,1110.0,0.0,0.0,0.0,51415.2,15,15,0,11,47054,위탁관리,6,남부건업(주),위탁관리,22,조은관리시스템(주),위탁관리,5,음식물쓰레기종량제,위탁관리,3,분무식,철근콘크리트구조,1450,단일계약,상주선임,P형,고가수조식,위탁관리,11,597,0,무,75,"관리사무소, 노인정, 어린이놀이터",5분이내,2호선,,20분초과,"병원(부산시립정신병원,대남병원,부산동인병원) 대형상가(학장종합시장)",초등학교(구학) 중학교(학장여) 고등학교(구덕),11,0,Y
2026-08,A61776508,엄궁대림아파트,사상구,엄궁동,741.0,0,0,0.0,0.0,0.0,0.0,0.0,,,,,True,산정 불완전,평형별 세대수 보완 필요,c38eb7731a2edbf2c405dc922468ded84aa651100a03e86668e60fb8b6b0b8e7,[],현재 확보 자료로 재구성한 과거 추정치; 과거 세대 구성 미확인,False,555b475dcef496b2254b825ba10b0724d7994196dba4c4e18f34e7f5aa4db599,54cb25d3544257419c8c9faa1ee168a8848dbea69689888cc0985fdd2c7a4797,5fb6c1e071a73763f6eb52e67a11f05f6d609819ae4f39c925745faf40f5b4fd,8b30a9aec44c70f7b04a7800,2026-09-17T13:53:18.573481+09:00,엄궁대림아파트,2653010800,부산광역시,사상구,엄궁동,,부산광역시 사상구 엄궁동 669-2 엄궁대림아파트,분양,개별난방,89059.56,6,741.0,고려개발(주),고려개발(주),0513239114, ,아파트,부산광역시 사상구 엄궁로 158,위탁관리,계단식,19990814,0519889115,741,75247.92,441.0,150.0,150.0,0.0,58921.35,25,25,2,0,47036,위탁관리,6,(주)디이씨오,위탁관리,8,(주)태협,위탁관리,7,음식물쓰레기종량제,위탁관리,3,"도포식,분무식",철근콘크리트구조,2932,단일계약,상주선임,P형,고가수조식,위탁관리,16,278,470,무,144,"관리사무소, 노인정, 어린이놀이터",5분이내,2호선,,20분초과,"관공서(엄궁동사무소,엄궁동우체국,엄궁 파출소) 대형상가(농산물시장, 이마트)","초등학교(학진,엄궁) 중학교(엄궁)",0,15,Y
2026-08,A61776509,엄궁롯데캐슬리버아파트,사상구,엄궁동,1852.0,0,0,0.0,0.0,0.0,0.0,0.0,,,,,True,산정 불완전,평형별 세대수 보완 필요,c38eb7731a2edbf2c405dc922468ded84aa651100a03e86668e60fb8b6b0b8e7,[],현재 확보 자료로 재구성한 과거 추정치; 과거 세대 구성 미확인,False,555b475dcef496b2254b825ba10b0724d7994196dba4c4e18f34e7f5aa4db599,54cb25d3544257419c8c9faa1ee168a8848dbea69689888cc0985fdd2c7a4797,5fb6c1e071a73763f6eb52e67a11f05f6d609819ae4f39c925745faf40f5b4fd,8b30a9aec44c70f7b04a7800,2026-09-17T13:53:18.573481+09:00,엄궁롯데캐슬리버아파트,2653010800,부산광역시,사상구,엄궁동,,부산광역시 사상구 엄궁동 726 엄궁롯데캐슬리버아파트,분양,개별난방,325227.0,18,1852.0,롯데건설,롯데건설,0513143358, ,아파트,부산광역시 사상구 엄궁북로 62,위탁관리,계단식,20100527,0513143357,1869,229610.86,96.0,909.0,685.0,162.0,182643.8706,29,29,3,40,47038,위탁관리,16,(주)아주관리,위탁관리,13,(주)에스원,위탁관리,19,거점장비수거방식,위탁관리,4,분무식,철근콘크리트구조,7470,단일계약,상주선임,R형,부스타방식,위탁관리,43,257,2418,유,565,"관리사무소, 노인정, 보육시설, 문고, 주민공동시설, 어린이놀이터, 휴게시설, 커뮤니티공간, 자전거보관소",5~10분이내,2호선,,,"관공서(엄궁동주민센터) 병원(삼선주례병원) 대형상가(롯데마트,이마트) 공원(삼락생태공원)","초등학교(엄궁초, 동궁초) 중학교(엄궁중) 고등학교(구덕고) 대학교(동아대)",12,122,Y
2026-08,A61776710,엄궁한신2차아파트,사상구,엄궁동,1016.0,0,0,0.0,0.0,0.0,0.0,0.0,,,,,True,산정 불완전,평형별 세대수 보완 필요,c38eb7731a2edbf2c405dc922468ded84aa651100a03e86668e60fb8b6b0b8e7,[],현재 확보 자료로 재구성한 과거 추정치; 과거 세대 구성 미확인,False,555b475dcef496b2254b825ba10b0724d7994196dba4c4e18f34e7f5aa4db599,54cb25d3544257419c8c9faa1ee168a8848dbea69689888cc0985fdd2c7a4797,5fb6c1e071a73763f6eb52e67a11f05f6d609819ae4f39c925745faf40f5b4fd,8b30a9aec44c70f7b04a7800,2026-09-17T13:53:18.573481+09:00,엄궁한신2차아파트,2653010800,부산광역시,사상구,엄궁동,,부산광역시 사상구 엄궁동 683-3 엄궁한신2차아파트,분양,개별난방,129330.945,11,1016.0,(주)한신공영,(주)한신공영,0513226710,joyapt.com/1067,아파트,부산광역시 사상구 엄궁로 40,위탁관리,계단식,19990831,0513226711,1016,95718.74,540.0,376.0,100.0,0.0,74596.24,25,25,3,0,47045,위탁관리,7,(주)명건,위탁관리,16,(주)비앤에이서비스,위탁관리,8,음식물쓰레기종량제,위탁관리,3,분무식,철근콘크리트구조,2700,단일계약,상주선임,R형,고가수조식,위탁관리,22,230,834,무,246,"관리사무소, 노인정, 보육시설, 주민공동시설, 어린이놀이터, 유치원, 자전거보관소",5분이내,"1호선, 2호선",,15~20분이내,"관공서(엄궁파출소,엄궁동사무소,엄궁우체국) 대형상가(농산물시장)","초등학교(동궁,엄궁)",0,52,Y
2026-08,A61776811,엄궁코오롱아파트,사상구,엄궁동,1158.0,0,0,0.0,0.0,0.0,0.0,0.0,,,,,True,산정 불완전,평형별 세대수 보완 필요,c38eb7731a2edbf2c405dc922468ded84aa651100a03e86668e60fb8b6b0b8e7,[],현재 확보 자료로 재구성한 과거 추정치; 과거 세대 구성 미확인,False,555b475dcef496b2254b825ba10b0724d7994196dba4c4e18f34e7f5aa4db599,54cb25d3544257419c8c9faa1ee168a8848dbea69689888cc0985fdd2c7a4797,5fb6c1e071a73763f6eb52e67a11f05f6d609819ae4f39c925745faf40f5b4fd,8b30a9aec44c70f7b04a7800,2026-09-17T13:53:18.573481+09:00,엄궁코오롱아파트,2653010800,부산광역시,사상구,엄궁동,,부산광역시 사상구 엄궁동 680-1 엄궁코오롱아파트,분양,개별난방,132526.6,13,1158.0,코오롱건설,코오롱건설,0513238410, ,아파트,부산광역시 사상구 엄궁로 142,위탁관리,계단식,19990624,0513238450,1158,108997.234,748.0,254.0,156.0,0.0,83875.26,25,25,1,29,47037,위탁관리,8,(주)명건,위탁관리,15,에스엔시(주),위탁관리,10,음식물쓰레기종량제,위탁관리,5,분무식,철근콘크리트구조,2750,단일계약,상주선임,R형,고가수조식,위탁관리,29,262,905,무,242,"관리사무소, 노인정, 보육시설, 주민공동시설, 어린이놀이터, 휴게시설, 유치원",5분이내,1호선,,20분초과,"관공서(엄궁동사무소,엄궁우체국) 대형상가(농산물시장)","초등학교(동궁,엄궁,학진) 중학교(엄궁)",17,19,Y
2026-08,A61778507,엄궁쌍용스윗닷홈,사상구,엄궁동,607.0,0,0,0.0,0.0,0.0,0.0,0.0,,,,,True,산정 불완전,평형별 세대수 보완 필요,c38eb7731a2edbf2c405dc922468ded84aa651100a03e86668e60fb8b6b0b8e7,[],현재 확보 자료로 재구성한 과거 추정치; 과거 세대 구성 미확인,False,555b475dcef496b2254b825ba10b0724d7994196dba4c4e18f34e7f5aa4db599,54cb25d3544257419c8c9faa1ee168a8848dbea69689888cc0985fdd2c7a4797,5fb6c1e071a73763f6eb52e67a11f05f6d609819ae4f39c925745faf40f5b4fd,8b30a9aec44c70f7b04a7800,2026-09-17T13:53:18.573481+09:00,엄궁쌍용스윗닷홈,2653010800,부산광역시,사상구,엄궁동,,부산광역시 사상구 엄궁동 680-2 엄궁쌍용스윗닷홈,분양,개별난방,77813.4,8,607.0,쌍용건설,한국토지신탁,0513129407, ,아파트,부산광역시 사상구 엄궁로 100,위탁관리,계단식,20051124,0513129408,607,60413.51,345.0,222.0,40.0,0.0,44218.1743,26,26,0,15,47046,위탁관리,5,(주)삼성씨에스,위탁관리,5,(주)에스원,위탁관리,6,음식물쓰레기종량제,위탁관리,3,분무식,철근콘크리트구조,2000,단일계약,상주선임,R형,부스타방식,위탁관리,15,195,420,유,120,"관리사무소, 노인정, 보육시설, 문고, 주민공동시설, 어린이놀이터",5분이내,1호선,,,"관공서(엄궁동사무소,엄궁우체국) 대형상가(농산물시장)","초등학교(동궁,엄궁)",0,13,Y
2026-08,A61990514,기장한신그린코아아파트,기장군,기장읍,1131.0,0,0,0.0,0.0,0.0,0.0,0.0,,,,,True,산정 불완전,평형별 세대수 보완 필요,c38eb7731a2edbf2c405dc922468ded84aa651100a03e86668e60fb8b6b0b8e7,[],현재 확보 자료로 재구성한 과거 추정치; 과거 세대 구성 미확인,False,555b475dcef496b2254b825ba10b0724d7994196dba4c4e18f34e7f5aa4db599,54cb25d3544257419c8c9faa1ee168a8848dbea69689888cc0985fdd2c7a4797,5fb6c1e071a73763f6eb52e67a11f05f6d609819ae4f39c925745faf40f5b4fd,8b30a9aec44c70f7b04a7800,2026-09-17T13:53:18.573481+09:00,기장한신그린코아아파트,2671025021,부산광역시,기장군,기장읍,동부리,부산광역시 기장군 기장읍 동부리 151-5 기장한신그린코아아파트,분양,개별난방,118040.78,9,1131.0,한신공영(주),한신공영(주),0517221020, ,아파트,부산광역시 기장군 차성로344번길 13,위탁관리,혼합식,19950518,0517223684,1131,84308.42,528.0,505.0,98.0,0.0,84308.425,25,25,1,2,46062,위탁관리,7,(주)고성공영,위탁관리(직영+위탁),19,(주)고성공영,위탁관리,11,기타,위탁관리,4,"도포식,분무식,독이식",철근콘크리트구조,2950,단일계약,상주선임,P형,부스타방식,위탁관리,26,317,295,무,99,"관리사무소, 노인정, 주민공동시설, 어린이놀이터, 유치원, 자전거보관소, 기타",5분이내,4호선,,15~20분이내,"관공서(기장군청,기장읍소방서,기장우체국,기장도서관,기장체육관,기장종합사회복지관) 병원(기장병원,기장보건소) 대형상가(기장시장, 메가마트, 탑마트) 공원(기장동부그린공원) 기타(기장버스터미널,기장역)","초등학교(기장초,대청초) 중학교(기장중,대청중) 고등학교(기장고)",0,24,Y
2026-08,A61970415,부산기장교리,기장군,기장읍,875.0,0,0,0.0,0.0,0.0,0.0,0.0,,,,,True,산정 불완전,평형별 세대수 보완 필요; 임대·혼합 또는 분양 범위 미확인,c38eb7731a2edbf2c405dc922468ded84aa651100a03e86668e60fb8b6b0b8e7,[],현재 확보 자료로 재구성한 과거 추정치; 과거 세대 구성 미확인,False,555b475dcef496b2254b825ba10b0724d7994196dba4c4e18f34e7f5aa4db599,54cb25d3544257419c8c9faa1ee168a8848dbea69689888cc0985fdd2c7a4797,5fb6c1e071a73763f6eb52e67a11f05f6d609819ae4f39c925745faf40f5b4fd,8b30a9aec44c70f7b04a7800,2026-09-17T13:53:18.573481+09:00,부산기장교리,2671025022,부산광역시,기장군,기장읍,교리,부산광역시 기장군 기장읍 교리 170 부산기장교리,임대,개별난방,56541.05,9,875.0,영남건설,한국토지주택공사,0517221623,www.kohom.or.kr,아파트,부산광역시 기장군 차성로397번길 7,위탁관리,복도식,20031229,0517224949,875,56232.617,875.0,0.0,0.0,0.0,34704.24,15,15,0,0,46057,위탁관리,6,주택관리공단(주)기장교리관리소,위탁관리,6,목송산업개발(주),위탁관리,5,거점장비수거방식,위탁관리,3,분무식,철근콘크리트구조,1200,단일계약,상주선임,R형,부스타방식,위탁관리,18,413,202,무,69,"관리사무소, 노인정, 어린이놀이터, 휴게시설, 자전거보관소",5~10분이내,,,,,,4,9,Y
2026-08,A61990108,이진캐스빌블루1차,기장군,기장읍,620.0,0,0,0.0,0.0,0.0,0.0,0.0,,,,,True,산정 불완전,평형별 세대수 보완 필요,c38eb7731a2edbf2c405dc922468ded84aa651100a03e86668e60fb8b6b0b8e7,[],현재 확보 자료로 재구성한 과거 추정치; 과거 세대 구성 미확인,False,555b475dcef496b2254b825ba10b0724d7994196dba4c4e18f34e7f5aa4db599,54cb25d3544257419c8c9faa1ee168a8848dbea69689888cc0985fdd2c7a4797,5fb6c1e071a73763f6eb52e67a11f05f6d609819ae4f39c925745faf40f5b4fd,8b30a9aec44c70f7b04a7800,2026-09-17T13:53:18.573481+09:00,이진캐스빌블루1차,2671025022,부산광역시,기장군,기장읍,교리,부산광역시 기장군 기장읍 교리 2 이진캐스빌블루1차,분양,개별난방,99650.95,7,620.0,이진종합건설(주),이진종합건설(주),0517222373, ,아파트,부산광역시 기장군 차성로 461,위탁관리,계단식,20110324,0517222374,620,55601.59,0.0,521.0,97.0,2.0,55601.7801,25,25,2,15,46054,위탁관리,6,(주)고성공영,위탁관리,4,(주)에이스플러스,위탁관리,8,차량수거방식,위탁관리,5,분무식,철근콘크리트구조,2550,단일계약,상주선임,R형,부스타방식,위탁관리,30,71,714,유,131,"관리사무소, 노인정, 어린이놀이터, 기타",5분이내,,,20분초과,"관공서(기장군청,기장도서관,기장체육관) 병원(기장고려병원,기장보건소) 대형상가(기장시장, 메가마트, 탑마트) 공원(교리 쌈지공원) 기타(기장역,기장버스터미널)","초등학교(교리초,기장초) 중학교(기장중) 고등학교(기장고등학교)",2,14,Y
2026-08,A61970311,기장서부주공아파트,기장군,기장읍,702.0,0,0,0.0,0.0,0.0,0.0,0.0,,,,,True,산정 불완전,평형별 세대수 보완 필요,c38eb7731a2edbf2c405dc922468ded84aa651100a03e86668e60fb8b6b0b8e7,[],현재 확보 자료로 재구성한 과거 추정치; 과거 세대 구성 미확인,False,555b475dcef496b2254b825ba10b0724d7994196dba4c4e18f34e7f5aa4db599,54cb25d3544257419c8c9faa1ee168a8848dbea69689888cc0985fdd2c7a4797,5fb6c1e071a73763f6eb52e67a11f05f6d609819ae4f39c925745faf40f5b4fd,8b30a9aec44c70f7b04a7800,2026-09-17T13:53:18.573481+09:00,기장서부주공아파트,2671025025,부산광역시,기장군,기장읍,서부리,부산광역시 기장군 기장읍 서부리 101 기장서부주공아파트,분양,개별난방,64386.0,10,702.0,화성산업(주),LH공사,0517229040, ,아파트,부산광역시 기장군 차성서로 123,위탁관리,혼합식,20010530,0519599042,702,58266.2,702.0,0.0,0.0,0.0,40005.38,15,15,1,25,46059,위탁관리,6,(주)하나종합관리,위탁관리,4,(주)에이스플러스,위탁관리,5,음식물쓰레기종량제,위탁관리,3,분무식,철근콘크리트구조,1450,단일계약,상주선임,R형,고가수조식,위탁관리,50,436,168,무,110,"관리사무소, 노인정, 보육시설, 주민공동시설, 어린이놀이터, 자전거보관소",10~15분이내,"4호선, 동해선",,15~20분이내,"관공서(기장군청,기장읍소방서,기장우체국,기장도서관,기장체육관,기장종합사회복지관) 병원(기장고려병원,기장보건소,기장병원) 대형상가(기장시장,탑마트) 기타(기장역,기장버스터미널)","초등학교(기장초,대청초) 중학교(기장중,대청중) 고등학교(기장고)",0,12,Y
2026-08,A10023692,웨이브리즈아파트,기장군,기장읍,728.0,0,0,0.0,0.0,0.0,0.0,0.0,,,,,True,산정 불완전,평형별 세대수 보완 필요; 임대·혼합 또는 분양 범위 미확인,c38eb7731a2edbf2c405dc922468ded84aa651100a03e86668e60fb8b6b0b8e7,[],현재 확보 자료로 재구성한 과거 추정치; 과거 세대 구성 미확인,False,555b475dcef496b2254b825ba10b0724d7994196dba4c4e18f34e7f5aa4db599,54cb25d3544257419c8c9faa1ee168a8848dbea69689888cc0985fdd2c7a4797,5fb6c1e071a73763f6eb52e67a11f05f6d609819ae4f39c925745faf40f5b4fd,8b30a9aec44c70f7b04a7800,2026-09-17T13:53:18.573481+09:00,웨이브리즈아파트,2671025027,부산광역시,기장군,기장읍,청강리,부산광역시 기장군 기장읍 청강리 797-8 웨이브리즈아파트,혼합,개별난방,99333.51,8,728.0,금호건설(주),한국토지주택공사,0517234048, ,아파트,부산광역시 기장군 대변로 43,위탁관리,계단식,20220822,0517234049,728,59099.85,728.0,0.0,0.0,0.0,42412.72,25,25,2,22,46080,위탁관리,7,(주)디이씨오,위탁관리(직영+위탁),4,(주)디이씨오,위탁관리(직영+위탁),7,차량수거방식,위탁관리,3,"도포식,분무식",철골철근콘크리트구조,2850,종합계약,상주선임,GR형,부스타방식,위탁관리,22,0,880,무,419,"관리사무소, 보육시설, 문고, 주민공동시설, 어린이놀이터, 휴게시설, 유치원, 커뮤니티공간, 자전거보관소",5분이내,동해선,,,관공서(기장군청) 병원(기장병원) 대형상가() 공원(도라지공원),"초등학교(용암초등학교,) 중학교(대청중학교, 기장중학교) 고등학교(기장고등학교)",0,58,Y
2026-08,A61970112,기장현대아파트,기장군,기장읍,930.0,0,0,0.0,0.0,0.0,0.0,0.0,,,,,True,산정 불완전,평형별 세대수 보완 필요,c38eb7731a2edbf2c405dc922468ded84aa651100a03e86668e60fb8b6b0b8e7,[],현재 확보 자료로 재구성한 과거 추정치; 과거 세대 구성 미확인,False,555b475dcef496b2254b825ba10b0724d7994196dba4c4e18f34e7f5aa4db599,54cb25d3544257419c8c9faa1ee168a8848dbea69689888cc0985fdd2c7a4797,5fb6c1e071a73763f6eb52e67a11f05f6d609819ae4f39c925745faf40f5b4fd,8b30a9aec44c70f7b04a7800,2026-09-17T13:53:18.573481+09:00,기장현대아파트,2671025027,부산광역시,기장군,기장읍,청강리,부산광역시 기장군 기장읍 청강리 18-2 기장현대아파트,분양,개별난방,92091.35,11,930.0,영진주택(주),현대건설,0517210412, ,아파트,부산광역시 기장군 기장대로 563,위탁관리,계단식,19930823,0517229045,930,87786.0,360.0,570.0,0.0,0.0,69802.2,15,15,0,31,46064,위탁관리,7,남부공영(주),위탁관리,10,삼성보안공사,위탁관리,6,음식물쓰레기종량제,위탁관리,3,"분무식,기구부착식",철근콘크리트구조,1150,기타,상주선임,기타,부스타방식,위탁관리,31,282,228,무,124,"관리사무소, 노인정, 어린이놀이터, 휴게시설, 유치원, 자전거보관소",5분이내,동해선,기장역,10~15분이내,,,12,0,Y
2026-08,A61970210,우신네오빌아파트,기장군,기장읍,524.0,0,0,0.0,0.0,0.0,0.0,0.0,,,,,True,산정 불완전,평형별 세대수 보완 필요,c38eb7731a2edbf2c405dc922468ded84aa651100a03e86668e60fb8b6b0b8e7,[],현재 확보 자료로 재구성한 과거 추정치; 과거 세대 구성 미확인,False,555b475dcef496b2254b825ba10b0724d7994196dba4c4e18f34e7f5aa4db599,54cb25d3544257419c8c9faa1ee168a8848dbea69689888cc0985fdd2c7a4797,5fb6c1e071a73763f6eb52e67a11f05f6d609819ae4f39c925745faf40f5b4fd,8b30a9aec44c70f7b04a7800,2026-09-17T13:53:18.573481+09:00,우신네오빌아파트,2671025027,부산광역시,기장군,기장읍,청강리,부산광역시 기장군 기장읍 청강리 144 우신네오빌아파트,분양,개별난방,66127.64,6,524.0,우신종합건설(주),우신종합건설(주),0517244066,www.joyapt.com/195,아파트,부산광역시 기장군 청강로 76,위탁관리,계단식,20030519,0517244067,524,41147.01,225.0,249.0,50.0,0.0,41151.0458,25,25,2,12,46080,위탁관리,4,(주)하나티엠,위탁관리,8,(주)신성,위탁관리,4,음식물쓰레기종량제,위탁관리,3,분무식,철근콘크리트구조,1500,단일계약,상주선임,R형,부스타방식,위탁관리,12,177,345,무,88,"관리사무소, 노인정, 보육시설, 주민공동시설, 어린이놀이터",5~10분이내,동해선,,20분초과,"관공서(기장군청,기장읍소방서,기장우체국,기장도서관,기장체육관,기장종합사회복지관) 병원(기장보건소,기장병원) 대형상가(기장시장,탑마트,메가마트) 기타(기장역,기장버스터미널)","초등학교(기장초,대청초) 중학교(기장중,대청중) 고등학교(기장고)",0,4,Y
2026-08,A61990609,기장2주공아파트,기장군,기장읍,520.0,0,0,0.0,0.0,0.0,0.0,0.0,,,,,True,산정 불완전,평형별 세대수 보완 필요,c38eb7731a2edbf2c405dc922468ded84aa651100a03e86668e60fb8b6b0b8e7,[],현재 확보 자료로 재구성한 과거 추정치; 과거 세대 구성 미확인,False,555b475dcef496b2254b825ba10b0724d7994196dba4c4e18f34e7f5aa4db599,54cb25d3544257419c8c9faa1ee168a8848dbea69689888cc0985fdd2c7a4797,5fb6c1e071a73763f6eb52e67a11f05f6d609819ae4f39c925745faf40f5b4fd,8b30a9aec44c70f7b04a7800,2026-09-17T13:53:18.573481+09:00,기장2주공아파트,2671025027,부산광역시,기장군,기장읍,청강리,부산광역시 기장군 기장읍 청강리 333 기장2주공아파트,분양,개별난방,24026.0,12,520.0,주택공사,주택공사,0517210884, ,아파트,부산광역시 기장군 청강로 6,위탁관리,계단식,19901008,0517222009,521,23472.02,520.0,0.0,0.0,0.0,20360.52,5,5,0,0,46081,위탁관리,5,(주)고성공영,자치관리,0,,위탁관리,4,음식물쓰레기종량제,위탁관리,4,"분무식,기구부착식",철근콘크리트구조,0,기타,선정안함,기타,수도직결식,,0,214,0,무,45,,5분이내,,,,"관공서(기장군청,기장읍소방서,기장우체국,기장도서관,기장체육관,기장종합사회복지관) 병원(기장병원,기장보건소) 대형상가(탑마트,기장시장) 기타(기장역,기장버스터미널)","초등학교(기장초,대청초) 중학교(기장중,대청중) 고등학교(기장고)",0,0,Y
2026-08,A10026865,동부산 삼정그린코아 더베스트,기장군,기장읍,549.0,0,0,0.0,0.0,0.0,0.0,0.0,,,,,True,산정 불완전,평형별 세대수 보완 필요,c38eb7731a2edbf2c405dc922468ded84aa651100a03e86668e60fb8b6b0b8e7,[],현재 확보 자료로 재구성한 과거 추정치; 과거 세대 구성 미확인,False,555b475dcef496b2254b825ba10b0724d7994196dba4c4e18f34e7f5aa4db599,54cb25d3544257419c8c9faa1ee168a8848dbea69689888cc0985fdd2c7a4797,5fb6c1e071a73763f6eb52e67a11f05f6d609819ae4f39c925745faf40f5b4fd,8b30a9aec44c70f7b04a7800,2026-09-17T13:53:18.573481+09:00,동부산 삼정그린코아 더베스트,2671025034,부산광역시,기장군,기장읍,내리,부산광역시 기장군 기장읍 내리 792 동부산 삼정그린코아 더베스트,분양,개별난방,84809.0,12,549.0,(주)삼정코아건설,(주)삼정코아건설,0517239441,dbstgreen.aptner.com/,아파트,부산광역시 기장군 기장대로 82-8,위탁관리,계단식,20170717,0517239443,549,60286.594,0.0,549.0,0.0,0.0,45697.1614,13,13,1,21,46081,위탁관리,6,(주)디이씨오,위탁관리,6,(주)듀델코리아,위탁관리,6,음식물쓰레기종량제,위탁관리,4,분무식,철근콘크리트구조,3250,단일계약,상주선임,R형,부스타방식,위탁관리,21,0,606,유,186,"관리사무소, 노인정, 보육시설, 주민공동시설, 어린이놀이터, 휴게시설, 커뮤니티공간, 자전거보관소",5분이내,동해선,,5~10분이내,백화점() 대형상가(),초등학교() 중학교(),0,13,Y
2026-08,A61990213,내리 휴먼시아1단지,기장군,기장읍,1002.0,0,0,0.0,0.0,0.0,0.0,0.0,,,,,True,산정 불완전,평형별 세대수 보완 필요; 임대·혼합 또는 분양 범위 미확인,c38eb7731a2edbf2c405dc922468ded84aa651100a03e86668e60fb8b6b0b8e7,[],현재 확보 자료로 재구성한 과거 추정치; 과거 세대 구성 미확인,False,555b475dcef496b2254b825ba10b0724d7994196dba4c4e18f34e7f5aa4db599,54cb25d3544257419c8c9faa1ee168a8848dbea69689888cc0985fdd2c7a4797,5fb6c1e071a73763f6eb52e67a11f05f6d609819ae4f39c925745faf40f5b4fd,8b30a9aec44c70f7b04a7800,2026-09-17T13:53:18.573481+09:00,내리 휴먼시아1단지,2671025034,부산광역시,기장군,기장읍,내리,부산광역시 기장군 기장읍 내리 768 내리 휴먼시아1단지,임대,개별난방,76565.48,12,1002.0,송촌종합건설(주),LH한국토지주택공사,0517227221, ,아파트,부산광역시 기장군 소정안길 68,위탁관리,복도식,20081024,0517227228,1002,46301.46,1002.0,0.0,0.0,0.0,44777.46,15,15,1,21,46076,위탁관리,8,(주)HM우성,위탁관리,8,주)한특,위탁관리,5,음식물쓰레기종량제,위탁관리,3,"도포식,기구부착식",철근콘크리트구조,1600,단일계약,상주선임,R형,부스타방식,위탁관리,21,424,351,무,98,"관리사무소, 노인정, 주민공동시설, 어린이놀이터, 휴게시설, 유치원, 자전거보관소, 기타",5~10분이내,2호선,,15~20분이내,병원(국민건강의원),초등학교(내리초등학교),0,7,Y
2026-08,A10028142,가화만사성정관타운아파트,기장군,정관읍,560.0,0,0,0.0,0.0,0.0,0.0,0.0,,,,,True,산정 불완전,평형별 세대수 보완 필요,c38eb7731a2edbf2c405dc922468ded84aa651100a03e86668e60fb8b6b0b8e7,[],현재 확보 자료로 재구성한 과거 추정치; 과거 세대 구성 미확인,False,555b475dcef496b2254b825ba10b0724d7994196dba4c4e18f34e7f5aa4db599,54cb25d3544257419c8c9faa1ee168a8848dbea69689888cc0985fdd2c7a4797,5fb6c1e071a73763f6eb52e67a11f05f6d609819ae4f39c925745faf40f5b4fd,8b30a9aec44c70f7b04a7800,2026-09-17T13:53:18.573481+09:00,가화만사성정관타운아파트,2671025621,부산광역시,기장군,정관읍,방곡리,부산광역시 기장군 정관읍 방곡리 380 가화만사성정관타운아파트,분양,지역난방,62456.023,8,560.0,(주)가화건설,(주)가화건설,0517286338, ,아파트,부산광역시 기장군 방곡로 39,위탁관리,혼합식,20141215,0517286338,560,62455.887,500.0,60.0,0.0,0.0,35060.1966,15,15,2,16,46019,위탁관리,5,(주)하나종합관리,위탁관리,4,(주)지엔비,위탁관리,4,음식물쓰레기종량제,위탁관리,3,"분무식,독이식",철근콘크리트구조,2650,단일계약,상주선임,R형,부스타방식,위탁관리,32,189,348,유,82,"관리사무소, 노인정, 보육시설, 문고, 주민공동시설, 어린이놀이터, 자전거보관소",5분이내,,,20분초과,"관공서(정관파출소,정관면사무소,정관우체국) 병원(정관치과의원)",초등학교(정관초등학교) 중학교(부산중앙중학교),0,11,Y
2026-08,A61996111,정관동원로얄듀크2차,기장군,정관읍,1249.0,0,0,0.0,0.0,0.0,0.0,0.0,,,,,True,산정 불완전,평형별 세대수 보완 필요,c38eb7731a2edbf2c405dc922468ded84aa651100a03e86668e60fb8b6b0b8e7,[],현재 확보 자료로 재구성한 과거 추정치; 과거 세대 구성 미확인,False,555b475dcef496b2254b825ba10b0724d7994196dba4c4e18f34e7f5aa4db599,54cb25d3544257419c8c9faa1ee168a8848dbea69689888cc0985fdd2c7a4797,5fb6c1e071a73763f6eb52e67a11f05f6d609819ae4f39c925745faf40f5b4fd,8b30a9aec44c70f7b04a7800,2026-09-17T13:53:18.573481+09:00,정관동원로얄듀크2차,2671025622,부산광역시,기장군,정관읍,매학리,부산광역시 기장군 정관읍 매학리 723 정관동원로얄듀크2차,분양,지역난방,168966.0,16,1249.0,(주)동원종합건설,(주)동원종합건설,0517287831,admin.aptner.co.kr,아파트,부산광역시 기장군 정관5로 12,위탁관리,기타,20130826,0517287832,1249,120852.75,480.0,769.0,0.0,0.0,94162.9059,20,20,1,34,46017,위탁관리,10,세화종합관리(주),위탁관리,9,(주)듀델코리아,위탁관리,11,음식물쓰레기종량제,위탁관리,5,분무식,철근콘크리트구조,5600,단일계약,상주선임,R형,부스타방식,위탁관리,34,0,1297,유,236,"관리사무소, 노인정, 보육시설, 문고, 주민공동시설, 어린이놀이터, 휴게시설, 커뮤니티공간, 자전거보관소, 기타",5~10분이내,,,,"관공서(정관면사무소,정관파출소,정관우체국) 병원(동화한의원)",초등학교(정관초),0,10,Y
2026-08,A61996102,정관센트럴파크,기장군,정관읍,588.0,0,0,0.0,0.0,0.0,0.0,0.0,,,,,True,산정 불완전,평형별 세대수 보완 필요,c38eb7731a2edbf2c405dc922468ded84aa651100a03e86668e60fb8b6b0b8e7,[],현재 확보 자료로 재구성한 과거 추정치; 과거 세대 구성 미확인,False,555b475dcef496b2254b825ba10b0724d7994196dba4c4e18f34e7f5aa4db599,54cb25d3544257419c8c9faa1ee168a8848dbea69689888cc0985fdd2c7a4797,5fb6c1e071a73763f6eb52e67a11f05f6d609819ae4f39c925745faf40f5b4fd,8b30a9aec44c70f7b04a7800,2026-09-17T13:53:18.573481+09:00,정관센트럴파크,2671025625,부산광역시,기장군,정관읍,달산리,부산광역시 기장군 정관읍 달산리 1199 정관센트럴파크,분양,지역난방,82638.85,10,588.0,계룡건설산업(주),한국토지주택공사,0517287744, ,아파트,부산광역시 기장군 구연방곡로 10,위탁관리,계단식,20091211,0517286640,588,59477.836,200.0,388.0,0.0,0.0,44813.76,15,15,1,21,46023,위탁관리,5,(주)디이씨오,위탁관리(직영+위탁),4,(주)에스원,위탁관리(직영+위탁),5,음식물쓰레기종량제,위탁관리,3,분무식,철골철근콘크리트구조,2250,단일계약,상주선임,GR형,부스타방식,위탁관리,21,15,647,유,193,"관리사무소, 노인정, 보육시설, 문고, 어린이놀이터, 커뮤니티공간, 자전거보관소",5분이내,,,,관공서(정관면 사무소),"초등학교(정관초등학교, 달산초등학교) 중학교(중앙중학교)",0,18,Y
2026-08,A61996105,정관LH4단지,기장군,정관읍,964.0,0,0,0.0,0.0,0.0,0.0,0.0,,,,,True,산정 불완전,평형별 세대수 보완 필요; 임대·혼합 또는 분양 범위 미확인,c38eb7731a2edbf2c405dc922468ded84aa651100a03e86668e60fb8b6b0b8e7,[],현재 확보 자료로 재구성한 과거 추정치; 과거 세대 구성 미확인,False,555b475dcef496b2254b825ba10b0724d7994196dba4c4e18f34e7f5aa4db599,54cb25d3544257419c8c9faa1ee168a8848dbea69689888cc0985fdd2c7a4797,5fb6c1e071a73763f6eb52e67a11f05f6d609819ae4f39c925745faf40f5b4fd,8b30a9aec44c70f7b04a7800,2026-09-17T13:53:18.573481+09:00,정관LH4단지,2671025625,부산광역시,기장군,정관읍,달산리,부산광역시 기장군 정관읍 달산리 1231 정관LH4단지,임대,지역난방,80894.93,12,964.0,(주)동양건설,한국토지주택공사,0517280051, ,아파트,부산광역시 기장군 산단4로 160,위탁관리,혼합식,20120810,0517280053,965,50762.56,964.0,0.0,0.0,0.0,50762.56,15,15,0,27,46021,위탁관리,8,(주)하이테크주택,위탁관리,6,(주)에스코아,위탁관리,6,음식물쓰레기종량제,위탁관리,3,분무식,철근콘크리트구조,1900,단일계약,상주선임,GR형,부스타방식,위탁관리,27,518,300,무,103,"관리사무소, 노인정, 보육시설, 문고, 주민공동시설, 어린이놀이터, 휴게시설, 유치원, 커뮤니티공간, 자전거보관소",5분이내,,,,관공서(정관읍사무소) 대형상가(홈플러스) 공원(강변공원),"초등학교(달산초등학교,방곡초등학교) 중학교(중앙중학교)",0,18,Y
2026-08,A61996108,정관1차동원로얄듀크,기장군,정관읍,1028.0,0,0,0.0,0.0,0.0,0.0,0.0,,,,,True,산정 불완전,평형별 세대수 보완 필요,c38eb7731a2edbf2c405dc922468ded84aa651100a03e86668e60fb8b6b0b8e7,[],현재 확보 자료로 재구성한 과거 추정치; 과거 세대 구성 미확인,False,555b475dcef496b2254b825ba10b0724d7994196dba4c4e18f34e7f5aa4db599,54cb25d3544257419c8c9faa1ee168a8848dbea69689888cc0985fdd2c7a4797,5fb6c1e071a73763f6eb52e67a11f05f6d609819ae4f39c925745faf40f5b4fd,8b30a9aec44c70f7b04a7800,2026-09-17T13:53:18.573481+09:00,정관1차동원로얄듀크,2671025625,부산광역시,기장군,정관읍,달산리,부산광역시 기장군 정관읍 달산리 1207 정관1차동원로얄듀크,분양,지역난방,133233.12,13,1028.0,동원개발,건설뱅크,0517271028, ,아파트,부산광역시 기장군 산단4로 139,위탁관리,계단식,20130619,0517271026,1028,94265.05,500.0,528.0,0.0,0.0,72043.973,20,20,2,13,46025,위탁관리,8,(주)주우관리,위탁관리,6,(주)비앤에이서비스,위탁관리,10,음식물쓰레기종량제,위탁관리,4,분무식,철근콘크리트구조,5250,단일계약,상주선임,GR형,부스타방식,위탁관리,26,0,1314,유,243,"관리사무소, 노인정, 보육시설, 주민공동시설, 어린이놀이터, 휴게시설, 유치원, 커뮤니티공간, 자전거보관소",5분이내,,,,관공서(정관면 사무소) 대형상가(홈플러스) 공원(중앙공원),초등학교(달산초등학교) 중학교(중앙중학교),0,140,Y
2026-08,A61996112,정관신도시LH5단지,기장군,정관읍,1128.0,0,0,0.0,0.0,0.0,0.0,0.0,,,,,True,산정 불완전,평형별 세대수 보완 필요; 임대·혼합 또는 분양 범위 미확인,c38eb7731a2edbf2c405dc922468ded84aa651100a03e86668e60fb8b6b0b8e7,[],현재 확보 자료로 재구성한 과거 추정치; 과거 세대 구성 미확인,False,555b475dcef496b2254b825ba10b0724d7994196dba4c4e18f34e7f5aa4db599,54cb25d3544257419c8c9faa1ee168a8848dbea69689888cc0985fdd2c7a4797,5fb6c1e071a73763f6eb52e67a11f05f6d609819ae4f39c925745faf40f5b4fd,8b30a9aec44c70f7b04a7800,2026-09-17T13:53:18.573481+09:00,정관신도시LH5단지,2671025625,부산광역시,기장군,정관읍,달산리,부산광역시 기장군 정관읍 달산리 1202 정관신도시LH5단지,임대,지역난방,95202.0,13,1128.0,(주)대보건설,한국토지주택공사,0517286993,www.hebibi.com,아파트,부산광역시 기장군 산단2로 60,위탁관리,혼합식,20131002,0517286995,1128,94863.39,1128.0,0.0,0.0,0.0,58102.68,15,15,0,28,46025,위탁관리,8,(주)우림종합관리,위탁관리,8,(주)에스코아,위탁관리,7,음식물쓰레기종량제,위탁관리,3,"분무식,독이식",철근콘크리트구조,2900,단일계약,상주선임,GR형,부스타방식,위탁관리,28,591,360,무,129,"관리사무소, 노인정, 보육시설, 주민공동시설, 어린이놀이터, 휴게시설, 커뮤니티공간, 자전거보관소",5분이내,"1호선, 3호선",,20분초과,"관공서(정관면 사무소) 대형상가(홈플러스, 탑마트, CGV)",초등학교(달산초등학교) 중학교(중앙중학교) 고등학교(정관고등학교),14,5,Y
2026-08,A10025749,부산정관 행복주택,기장군,정관읍,856.0,0,0,0.0,0.0,0.0,0.0,0.0,,,,,True,산정 불완전,평형별 세대수 보완 필요; 임대·혼합 또는 분양 범위 미확인,c38eb7731a2edbf2c405dc922468ded84aa651100a03e86668e60fb8b6b0b8e7,[],현재 확보 자료로 재구성한 과거 추정치; 과거 세대 구성 미확인,False,555b475dcef496b2254b825ba10b0724d7994196dba4c4e18f34e7f5aa4db599,54cb25d3544257419c8c9faa1ee168a8848dbea69689888cc0985fdd2c7a4797,5fb6c1e071a73763f6eb52e67a11f05f6d609819ae4f39c925745faf40f5b4fd,8b30a9aec44c70f7b04a7800,2026-09-17T13:53:18.573481+09:00,부산정관 행복주택,2671025627,부산광역시,기장군,정관읍,모전리,부산광역시 기장군 정관읍 모전리 717 부산정관 행복주택,임대,지역난방,51015.63,5,856.0,"두산건설(주), (주)협성종합건설",한국토지주택공사,0517285851,WWW.aptree.co.kr/home/user/5061,아파트,부산광역시 기장군 정관1로 51,위탁관리,복도식,20181218,0517285853,864,50557.54,856.0,0.0,0.0,0.0,26067.96,15,15,2,0,46008,위탁관리,7,남부공영(주),위탁관리(직영+위탁),3,남부공영(주),위탁관리(직영+위탁),5,음식물쓰레기종량제,위탁관리,3,분무식,철골콘크리트구조,2400,단일계약,상주선임,GR형,부스타방식,위탁관리,15,282,321,유,130,"관리사무소, 노인정, 보육시설, 문고, 주민공동시설, 어린이놀이터, 휴게시설, 커뮤니티공간, 자전거보관소",5분이내,,,20분초과,"관공서(정관읍사무소, 기장소방서) 대형상가(정관 홈플러스) 공원(솔빛공원)",초등학교(모전초등학교) 중학교(신정중학교),8,5,Y
2026-08,A10026813,정관 엘에이치 7단지,기장군,정관읍,1934.0,0,0,0.0,0.0,0.0,0.0,0.0,,,,,True,산정 불완전,평형별 세대수 보완 필요; 임대·혼합 또는 분양 범위 미확인,c38eb7731a2edbf2c405dc922468ded84aa651100a03e86668e60fb8b6b0b8e7,[],현재 확보 자료로 재구성한 과거 추정치; 과거 세대 구성 미확인,False,555b475dcef496b2254b825ba10b0724d7994196dba4c4e18f34e7f5aa4db599,54cb25d3544257419c8c9faa1ee168a8848dbea69689888cc0985fdd2c7a4797,5fb6c1e071a73763f6eb52e67a11f05f6d609819ae4f39c925745faf40f5b4fd,8b30a9aec44c70f7b04a7800,2026-09-17T13:53:18.573481+09:00,정관 엘에이치 7단지,2671025627,부산광역시,기장군,정관읍,모전리,부산광역시 기장군 정관읍 모전리 681 정관 엘에이치 7단지,임대,지역난방,119561.9,16,1934.0,에이스건설,한국토지주택공사,0517276434,joyapt.com/5214,아파트,부산광역시 기장군 모전로 41,위탁관리,복도식,20170706,0517276436,1934,119229.836,1934.0,0.0,0.0,0.0,61838.26,15,15,2,32,46005,위탁관리,12,(주)에이치엠 우성,위탁관리,8,(주)한특,위탁관리,9,거점장비수거방식,위탁관리,3,"도포식,기구부착식",철근콘크리트구조,4550,단일계약,상주선임,GR형,부스타방식,위탁관리,32,890,780,유,189,"관리사무소, 노인정, 보육시설, 주민공동시설, 어린이놀이터, 자전거보관소",5분이내,,,20분초과,관공서(정관읍사무소),초등학교(모전) 중학교(모전),15,19,Y
2026-08,A10028081,정관이지더원3차아파트,기장군,정관읍,1035.0,0,0,0.0,0.0,0.0,0.0,0.0,,,,,True,산정 불완전,평형별 세대수 보완 필요,c38eb7731a2edbf2c405dc922468ded84aa651100a03e86668e60fb8b6b0b8e7,[],현재 확보 자료로 재구성한 과거 추정치; 과거 세대 구성 미확인,False,555b475dcef496b2254b825ba10b0724d7994196dba4c4e18f34e7f5aa4db599,54cb25d3544257419c8c9faa1ee168a8848dbea69689888cc0985fdd2c7a4797,5fb6c1e071a73763f6eb52e67a11f05f6d609819ae4f39c925745faf40f5b4fd,8b30a9aec44c70f7b04a7800,2026-09-17T13:53:18.573481+09:00,정관이지더원3차아파트,2671025627,부산광역시,기장군,정관읍,모전리,부산광역시 기장군 정관읍 모전리 730 정관이지더원3차아파트,분양,지역난방,157717.0,16,1035.0,(주)라인,(주)이지하우징,0517272930,www.hebibi.com/4859,아파트,부산광역시 기장군 정관로 385,위탁관리,계단식,20150330,0517272940,1037,107265.98,0.0,1035.0,0.0,0.0,82399.0625,18,18,2,0,46008,위탁관리,8,(주)주우관리,위탁관리,8,(주)주우관리,위탁관리,11,음식물쓰레기종량제,위탁관리,4,분무식,철골콘크리트구조,3350,단일계약,상주선임,GR형,부스타방식,위탁관리,27,7,1323,유,209,"관리사무소, 노인정, 보육시설, 문고, 주민공동시설, 어린이놀이터, 휴게시설, 커뮤니티공간, 자전거보관소, 기타",5분이내,1호선,,,관공서(정관읍사무소) 병원(정관정형외과의원) 공원(솔마루공원),초등학교(모전초등학교) 중학교(모전중학교) 고등학교(신정고등학교),0,27,Y
2026-08,A61990110,정관신도시이지더원1차,기장군,정관읍,978.0,0,0,0.0,0.0,0.0,0.0,0.0,,,,,True,산정 불완전,평형별 세대수 보완 필요,c38eb7731a2edbf2c405dc922468ded84aa651100a03e86668e60fb8b6b0b8e7,[],현재 확보 자료로 재구성한 과거 추정치; 과거 세대 구성 미확인,False,555b475dcef496b2254b825ba10b0724d7994196dba4c4e18f34e7f5aa4db599,54cb25d3544257419c8c9faa1ee168a8848dbea69689888cc0985fdd2c7a4797,5fb6c1e071a73763f6eb52e67a11f05f6d609819ae4f39c925745faf40f5b4fd,8b30a9aec44c70f7b04a7800,2026-09-17T13:53:18.573481+09:00,정관신도시이지더원1차,2671025627,부산광역시,기장군,정관읍,모전리,부산광역시 기장군 정관읍 모전리 723 정관신도시이지더원1차,분양,지역난방,129960.234,13,978.0,(주)남흥건설,(주)이지디앤씨,0517287896, ,아파트,부산광역시 기장군 정관1로 18,위탁관리,계단식,20111201,0517287898,978,94211.42,392.0,586.0,0.0,0.0,73171.7688,20,20,2,24,46008,위탁관리,7,(주)북성산업,위탁관리,6,(주)케이비시스템,위탁관리,10,음식물쓰레기종량제,위탁관리,4,분무식,철근콘크리트구조,2600,단일계약,상주선임,R형,부스타방식,위탁관리,24,933,165,유,267,"관리사무소, 노인정, 보육시설, 문고, 주민공동시설, 어린이놀이터",5~10분이내,,,,관공서(정관읍사무소) 대형상가(홈플러스),초등학교(모전초등학교) 중학교(모전중학교) 고등학교(신정고등학교),0,24,Y
2026-08,A61996103,정관신도시휴먼시아2단지,기장군,정관읍,1301.0,0,0,0.0,0.0,0.0,0.0,0.0,,,,,True,산정 불완전,평형별 세대수 보완 필요; 임대·혼합 또는 분양 범위 미확인,c38eb7731a2edbf2c405dc922468ded84aa651100a03e86668e60fb8b6b0b8e7,[],현재 확보 자료로 재구성한 과거 추정치; 과거 세대 구성 미확인,False,555b475dcef496b2254b825ba10b0724d7994196dba4c4e18f34e7f5aa4db599,54cb25d3544257419c8c9faa1ee168a8848dbea69689888cc0985fdd2c7a4797,5fb6c1e071a73763f6eb52e67a11f05f6d609819ae4f39c925745faf40f5b4fd,8b30a9aec44c70f7b04a7800,2026-09-17T13:53:18.573481+09:00,정관신도시휴먼시아2단지,2671025627,부산광역시,기장군,정관읍,모전리,부산광역시 기장군 정관읍 모전리 768 정관신도시휴먼시아2단지,임대,지역난방,111476.63,15,1301.0,LIG,한국토지주택공사,0517272768,kohom.or.kr,아파트,부산광역시 기장군 정관2로 24,위탁관리,혼합식,20100104,0517272769,1301,111234.65,1301.0,0.0,0.0,0.0,71542.25,15,15,1,35,46010,위탁관리,9,주택관리공단(주)정관휴먼시아2,위탁관리,10,(주)진성티애스,위탁관리,6,차량수거방식,위탁관리,3,분무식,철근콘크리트구조,2400,단일계약,상주선임,R형,부스타방식,위탁관리,35,679,422,무,142,"관리사무소, 노인정, 보육시설, 문고, 어린이놀이터, 커뮤니티공간, 자전거보관소",5분이내,,,,관공서(정관읍 행정복지센터) 병원(일신기독병원) 공원(),"초등학교(정원초등학교, 신정초등학교) 중학교(신정중학교, 정관중학교, 모전중학교) 고등학교(신정고등학교, 정관고등학교)",10,12,Y
2026-08,A61996106,EGthe12차,기장군,정관읍,756.0,0,0,0.0,0.0,0.0,0.0,0.0,,,,,True,산정 불완전,평형별 세대수 보완 필요,c38eb7731a2edbf2c405dc922468ded84aa651100a03e86668e60fb8b6b0b8e7,[],현재 확보 자료로 재구성한 과거 추정치; 과거 세대 구성 미확인,False,555b475dcef496b2254b825ba10b0724d7994196dba4c4e18f34e7f5aa4db599,54cb25d3544257419c8c9faa1ee168a8848dbea69689888cc0985fdd2c7a4797,5fb6c1e071a73763f6eb52e67a11f05f6d609819ae4f39c925745faf40f5b4fd,8b30a9aec44c70f7b04a7800,2026-09-17T13:53:18.573481+09:00,EGthe12차,2671025627,부산광역시,기장군,정관읍,모전리,부산광역시 기장군 정관읍 모전리 735 EGthe12차,분양,지역난방,102464.85,8,756.0,라인건설,이지개발,0517275599,http://egthe1-2.co.kr/,아파트,부산광역시 기장군 정관2로 9,위탁관리,계단식,20121123,0517279922,758,73545.55,356.0,400.0,0.0,0.0,55320.434,20,20,1,19,46007,위탁관리,6,(주)하나종합관리,위탁관리,6,(주)DECO,위탁관리,8,음식물쓰레기종량제,위탁관리,3,분무식,철근콘크리트구조,2000,단일계약,상주선임,R형,부스타방식,위탁관리,19,84,750,유,218,"관리사무소, 노인정, 보육시설, 문고, 주민공동시설, 어린이놀이터, 커뮤니티공간, 자전거보관소",5분이내,3호선,,20분초과,관공서(정관면사무소) 대형상가(홈플러스),초등학교(신정초) 중학교(신정중) 고등학교(신정고),6,54,Y
2026-08,A61996109,정관롯데캐슬2차,기장군,정관읍,911.0,0,0,0.0,0.0,0.0,0.0,0.0,,,,,True,산정 불완전,평형별 세대수 보완 필요,c38eb7731a2edbf2c405dc922468ded84aa651100a03e86668e60fb8b6b0b8e7,[],현재 확보 자료로 재구성한 과거 추정치; 과거 세대 구성 미확인,False,555b475dcef496b2254b825ba10b0724d7994196dba4c4e18f34e7f5aa4db599,54cb25d3544257419c8c9faa1ee168a8848dbea69689888cc0985fdd2c7a4797,5fb6c1e071a73763f6eb52e67a11f05f6d609819ae4f39c925745faf40f5b4fd,8b30a9aec44c70f7b04a7800,2026-09-17T13:53:18.573481+09:00,정관롯데캐슬2차,2671025627,부산광역시,기장군,정관읍,모전리,부산광역시 기장군 정관읍 모전리 759 정관롯데캐슬2차,분양,지역난방,187026.61,15,911.0,롯데건설(주),롯데건설(주),0517288612,jklotte.aptner.co.kr/,아파트,부산광역시 기장군 정관3로 51,위탁관리,계단식,20130619,0517288613,923,128168.18,0.0,0.0,871.0,40.0,101644.5782,20,20,4,26,46009,위탁관리,8,부경공영(주),위탁관리,8,부경공영주식회사,위탁관리,11,음식물쓰레기종량제,위탁관리,3,"분무식,기구부착식",철근콘크리트구조,4250,종합계약,상주선임,R형,부스타방식,위탁관리,26,0,1458,유,392,"관리사무소, 노인정, 보육시설, 문고, 주민공동시설, 어린이놀이터, 휴게시설, 유치원, 커뮤니티공간, 자전거보관소",5분이내,,,20분초과,"관공서(정관읍사무소) 대형상가(홈플러스) 공원(죽향공원,소두방공원,구목정공원,중앙공원) 기타(해운대CC클럽)","초등학교(신정초,정원초,모전초,정관초,가동초) 중학교(신정중,모전중,중앙중) 고등학교(신정고)",0,35,Y
2026-08,A61996110,정관동일스위트2차,기장군,정관읍,1638.0,0,0,0.0,0.0,0.0,0.0,0.0,,,,,True,산정 불완전,평형별 세대수 보완 필요,c38eb7731a2edbf2c405dc922468ded84aa651100a03e86668e60fb8b6b0b8e7,[],현재 확보 자료로 재구성한 과거 추정치; 과거 세대 구성 미확인,False,555b475dcef496b2254b825ba10b0724d7994196dba4c4e18f34e7f5aa4db599,54cb25d3544257419c8c9faa1ee168a8848dbea69689888cc0985fdd2c7a4797,5fb6c1e071a73763f6eb52e67a11f05f6d609819ae4f39c925745faf40f5b4fd,8b30a9aec44c70f7b04a7800,2026-09-17T13:53:18.573481+09:00,정관동일스위트2차,2671025627,부산광역시,기장군,정관읍,모전리,부산광역시 기장군 정관읍 모전리 776 정관동일스위트2차,분양,지역난방,231690.0,16,1638.0,(주)동일건설,(주)이스트건설,0517286771,www.jgdongilsuite2.co.kr,아파트,부산광역시 기장군 정관3로 23,위탁관리,계단식,20130830,0517286773,1638,161677.16,620.0,1018.0,0.0,0.0,122192.5196,20,20,2,47,46010,위탁관리,12,(주)디이씨오,위탁관리,7,(주)비앤에이서비스,위탁관리,19,차량수거방식,위탁관리,3,도포식,철근콘크리트구조,8200,단일계약,상주선임,R형,부스타방식,위탁관리,48,51,1795,유,366,"관리사무소, 노인정, 보육시설, 문고, 주민공동시설, 어린이놀이터, 휴게시설, 커뮤니티공간, 자전거보관소",5~10분이내,,,20분초과,관공서(정관읍사무소) 대형상가(홈플러스),초등학교(신정초) 중학교(신정중),0,74,Y
2026-08,A61996114,정관동일스위트3차,기장군,정관읍,1500.0,0,0,0.0,0.0,0.0,0.0,0.0,,,,,True,산정 불완전,평형별 세대수 보완 필요,c38eb7731a2edbf2c405dc922468ded84aa651100a03e86668e60fb8b6b0b8e7,[],현재 확보 자료로 재구성한 과거 추정치; 과거 세대 구성 미확인,False,555b475dcef496b2254b825ba10b0724d7994196dba4c4e18f34e7f5aa4db599,54cb25d3544257419c8c9faa1ee168a8848dbea69689888cc0985fdd2c7a4797,5fb6c1e071a73763f6eb52e67a11f05f6d609819ae4f39c925745faf40f5b4fd,8b30a9aec44c70f7b04a7800,2026-09-17T13:53:18.573481+09:00,정관동일스위트3차,2671025627,부산광역시,기장군,정관읍,모전리,부산광역시 기장군 정관읍 모전리 728 정관동일스위트3차,분양,지역난방,227783.42,17,1500.0,(주)동일,(주)동일,0517287845,www.deiiss.co.kr,아파트,부산광역시 기장군 모전1길 9,위탁관리,계단식,20140530,0517287847,1516,124378.33,0.0,1140.0,360.0,0.0,124378.33,20,20,2,39,46008,위탁관리,9,(주)하나종합관리,위탁관리,10,(주)듀델코리아,위탁관리,15,음식물쓰레기종량제,위탁관리,3,분무식,철골콘크리트구조,7500,단일계약,상주선임,R형,부스타방식,위탁관리,39,57,1810,유,281,"관리사무소, 노인정, 보육시설, 문고, 주민공동시설, 어린이놀이터, 휴게시설, 커뮤니티공간, 자전거보관소, 기타",5분이내,,,20분초과,관공서() 공원() 기타(),초등학교() 중학교() 고등학교(),0,22,Y
2026-08,A61996204,정관신도시현진아파트,기장군,정관읍,690.0,0,0,0.0,0.0,0.0,0.0,0.0,,,,,True,산정 불완전,평형별 세대수 보완 필요,c38eb7731a2edbf2c405dc922468ded84aa651100a03e86668e60fb8b6b0b8e7,[],현재 확보 자료로 재구성한 과거 추정치; 과거 세대 구성 미확인,False,555b475dcef496b2254b825ba10b0724d7994196dba4c4e18f34e7f5aa4db599,54cb25d3544257419c8c9faa1ee168a8848dbea69689888cc0985fdd2c7a4797,5fb6c1e071a73763f6eb52e67a11f05f6d609819ae4f39c925745faf40f5b4fd,8b30a9aec44c70f7b04a7800,2026-09-17T13:53:18.573481+09:00,정관신도시현진아파트,2671025627,부산광역시,기장군,정관읍,모전리,부산광역시 기장군 정관읍 모전리 755 정관신도시현진아파트,분양,지역난방,152713.0,14,690.0,(주)현진,(주)현진,0517270340,jkevervil.com,아파트,부산광역시 기장군 정관2로 40,위탁관리,계단식,20090123,0517270341,690,103542.09,0.0,236.0,311.0,143.0,80397.338,15,15,2,0,46009,위탁관리,7,(주)하이테크주택,위탁관리,8,(주)장천,위탁관리,8,차량수거방식,위탁관리,3,분무식,철근콘크리트구조,3500,종합계약,상주선임,R형,부스타방식,위탁관리,27,60,1157,유,196,,5분이내,,,,,,0,10,Y
2026-08,A10027503,정관양우내안애,기장군,정관읍,830.0,0,0,0.0,0.0,0.0,0.0,0.0,,,,,True,산정 불완전,평형별 세대수 보완 필요,c38eb7731a2edbf2c405dc922468ded84aa651100a03e86668e60fb8b6b0b8e7,[],현재 확보 자료로 재구성한 과거 추정치; 과거 세대 구성 미확인,False,555b475dcef496b2254b825ba10b0724d7994196dba4c4e18f34e7f5aa4db599,54cb25d3544257419c8c9faa1ee168a8848dbea69689888cc0985fdd2c7a4797,5fb6c1e071a73763f6eb52e67a11f05f6d609819ae4f39c925745faf40f5b4fd,8b30a9aec44c70f7b04a7800,2026-09-17T13:53:18.573481+09:00,정관양우내안애,2671025628,부산광역시,기장군,정관읍,용수리,부산광역시 기장군 정관읍 용수리 1275 정관양우내안애,분양,지역난방,92514.0,13,830.0,부산도시공사,부산도시공사,0517281860,jgyangwoo.aptner.com,아파트,부산광역시 기장군 정관5로 144,위탁관리,계단식,20160624,0517281861,830,69051.02,830.0,0.0,0.0,0.0,49732.4468,15,15,1,28,46013,위탁관리,6,남부공영(주),위탁관리,5,남부건업,위탁관리,8,음식물쓰레기종량제,위탁관리,3,분무식,철근콘크리트구조,3150,단일계약,상주선임,R형,부스타방식,위탁관리,28,107,723,무,149,"관리사무소, 노인정, 보육시설, 문고, 주민공동시설, 어린이놀이터, 휴게시설, 유치원, 커뮤니티공간, 자전거보관소, 기타",5분이내,1호선,,20분초과,,,10,13,Y
2026-08,A61996005,정관신도시롯데캐슬,기장군,정관읍,761.0,0,0,0.0,0.0,0.0,0.0,0.0,,,,,True,산정 불완전,평형별 세대수 보완 필요,c38eb7731a2edbf2c405dc922468ded84aa651100a03e86668e60fb8b6b0b8e7,[],현재 확보 자료로 재구성한 과거 추정치; 과거 세대 구성 미확인,False,555b475dcef496b2254b825ba10b0724d7994196dba4c4e18f34e7f5aa4db599,54cb25d3544257419c8c9faa1ee168a8848dbea69689888cc0985fdd2c7a4797,5fb6c1e071a73763f6eb52e67a11f05f6d609819ae4f39c925745faf40f5b4fd,8b30a9aec44c70f7b04a7800,2026-09-17T13:53:18.573481+09:00,정관신도시롯데캐슬,2671025628,부산광역시,기장군,정관읍,용수리,부산광역시 기장군 정관읍 용수리 1364 정관신도시롯데캐슬,분양,지역난방,144279.0,17,761.0,롯데건설(주),롯데건설(주),0517272091,https://jglc1.aptner.com/v2,아파트,부산광역시 기장군 정관3로 52,위탁관리,기타,20081127,0517272092,761,100552.1,0.0,289.0,385.0,87.0,80957.39,15,15,2,27,46012,위탁관리,6,"주식회사 제이티엠(JTM Co.,Ltd.)",위탁관리,8,(주)B&A서비스,위탁관리,10,차량수거방식,위탁관리,3,분무식,철근콘크리트구조,4250,종합계약,상주선임,R형,부스타방식,위탁관리,27,0,1174,유,318,"관리사무소, 노인정, 보육시설, 문고, 주민공동시설, 어린이놀이터, 커뮤니티공간, 자전거보관소, 기타",5분이내,,,,공원(좌광천) 기타(신도시내 다수의 상가 편익시설 입점 예정),초등학교(신정초등학교) 중학교(신정중학교) 고등학교(신정고등학교),0,30,Y
2026-08,A61996107,정관동일스위트1차,기장군,정관읍,1758.0,0,0,0.0,0.0,0.0,0.0,0.0,,,,,True,산정 불완전,평형별 세대수 보완 필요,c38eb7731a2edbf2c405dc922468ded84aa651100a03e86668e60fb8b6b0b8e7,[],현재 확보 자료로 재구성한 과거 추정치; 과거 세대 구성 미확인,False,555b475dcef496b2254b825ba10b0724d7994196dba4c4e18f34e7f5aa4db599,54cb25d3544257419c8c9faa1ee168a8848dbea69689888cc0985fdd2c7a4797,5fb6c1e071a73763f6eb52e67a11f05f6d609819ae4f39c925745faf40f5b4fd,8b30a9aec44c70f7b04a7800,2026-09-17T13:53:18.573481+09:00,정관동일스위트1차,2671025628,부산광역시,기장군,정관읍,용수리,부산광역시 기장군 정관읍 용수리 1387 정관동일스위트1차,분양,지역난방,236826.66,19,1758.0,(주)동일,(주)동일,0517282910,www.정관동일스위트1차.com,아파트,부산광역시 기장군 정관4로 24,위탁관리,계단식,20121220,0517282911,1768,172139.77,664.0,1094.0,0.0,0.0,131118.7601,20,20,0,42,46016,위탁관리,11,우리관리(주),위탁관리,7,태협,위탁관리,15,거점장비수거방식,위탁관리,4,"도포식,분무식",철근콘크리트구조,8250,단일계약,상주선임,GR형,부스타방식,위탁관리,42,44,1898,유,358,,5분이내,,,,관공서() 병원() 대형상가() 공원() 기타(신도시내 다수의 상가 편익시설 입점 예정),초등학교() 중학교() 고등학교(),0,45,Y
2026-08,A61996115,정관이진캐스빌,기장군,정관읍,539.0,0,0,0.0,0.0,0.0,0.0,0.0,,,,,True,산정 불완전,평형별 세대수 보완 필요,c38eb7731a2edbf2c405dc922468ded84aa651100a03e86668e60fb8b6b0b8e7,[],현재 확보 자료로 재구성한 과거 추정치; 과거 세대 구성 미확인,False,555b475dcef496b2254b825ba10b0724d7994196dba4c4e18f34e7f5aa4db599,54cb25d3544257419c8c9faa1ee168a8848dbea69689888cc0985fdd2c7a4797,5fb6c1e071a73763f6eb52e67a11f05f6d609819ae4f39c925745faf40f5b4fd,8b30a9aec44c70f7b04a7800,2026-09-17T13:53:18.573481+09:00,정관이진캐스빌,2671025628,부산광역시,기장군,정관읍,용수리,부산광역시 기장군 정관읍 용수리 1336 정관이진캐스빌,분양,지역난방,82232.0,9,539.0,이진주택,이진주택,0517287734, ,아파트,부산광역시 기장군 정관로 545,위탁관리,계단식,20141008,0517287880,539,54399.992,187.0,352.0,0.0,0.0,41104.9979,15,15,2,22,46015,위탁관리,5,(주)명건,위탁관리,5,(주)듀델코리아,위탁관리,5,음식물쓰레기종량제,위탁관리,3,"분무식,독이식",조적구조,3000,단일계약,상주선임,GR형,부스타방식,위탁관리,22,0,675,유,157,"관리사무소, 노인정, 보육시설, 문고, 주민공동시설, 어린이놀이터, 휴게시설, 커뮤니티공간, 자전거보관소",5분이내,동해선,,20분초과,관공서() 병원() 대형상가() 공원(),초등학교() 중학교() 고등학교(),0,25,Y
2026-08,A61996303,정관신도시 신동아파밀리에,기장군,정관읍,655.0,0,0,0.0,0.0,0.0,0.0,0.0,,,,,True,산정 불완전,평형별 세대수 보완 필요,c38eb7731a2edbf2c405dc922468ded84aa651100a03e86668e60fb8b6b0b8e7,[],현재 확보 자료로 재구성한 과거 추정치; 과거 세대 구성 미확인,False,555b475dcef496b2254b825ba10b0724d7994196dba4c4e18f34e7f5aa4db599,54cb25d3544257419c8c9faa1ee168a8848dbea69689888cc0985fdd2c7a4797,5fb6c1e071a73763f6eb52e67a11f05f6d609819ae4f39c925745faf40f5b4fd,8b30a9aec44c70f7b04a7800,2026-09-17T13:53:18.573481+09:00,정관신도시 신동아파밀리에,2671025628,부산광역시,기장군,정관읍,용수리,부산광역시 기장군 정관읍 용수리 1322 정관신도시 신동아파밀리에,분양,지역난방,97169.83,13,655.0,신동아건설(주),신동아건설(주),0517279658, ,아파트,부산광역시 기장군 정관5로 75,자치관리(직영),계단식,20081219,0517279659,655,97169.83,0.0,0.0,400.0,255.0,80607.02,15,15,0,0,46014,자치관리(직영),6,,위탁관리,6,(주)세웅서비스,위탁관리,8,음식물쓰레기종량제,위탁관리,4,"분무식,기구부착식",철근콘크리트구조,3150,단일계약,상주선임,GR형,부스타방식,위탁관리,20,226,929,유,193,"관리사무소, 노인정, 보육시설, 문고, 주민공동시설, 어린이놀이터, 휴게시설, 커뮤니티공간, 자전거보관소",5분이내,,,,관공서(정관면사무소) 기타(신도시내 편의시설 입점예정),초등학교(가동초등학교),0,24,Y
2026-08,A61996306,정관한진해모로,기장군,정관읍,763.0,0,0,0.0,0.0,0.0,0.0,0.0,,,,,True,산정 불완전,평형별 세대수 보완 필요,c38eb7731a2edbf2c405dc922468ded84aa651100a03e86668e60fb8b6b0b8e7,[],현재 확보 자료로 재구성한 과거 추정치; 과거 세대 구성 미확인,False,555b475dcef496b2254b825ba10b0724d7994196dba4c4e18f34e7f5aa4db599,54cb25d3544257419c8c9faa1ee168a8848dbea69689888cc0985fdd2c7a4797,5fb6c1e071a73763f6eb52e67a11f05f6d609819ae4f39c925745faf40f5b4fd,8b30a9aec44c70f7b04a7800,2026-09-17T13:53:18.573481+09:00,정관한진해모로,2671025628,부산광역시,기장군,정관읍,용수리,부산광역시 기장군 정관읍 용수리 1403 정관한진해모로,분양,지역난방,154006.0,15,763.0,(주)한진중공업,(주)한진중공업,0517279667, ,아파트,부산광역시 기장군 정관로 548,위탁관리,계단식,20081224,0517279668,763,94010.266,0.0,0.0,565.0,198.0,94010.2679,15,15,2,30,46016,위탁관리,7,우리관리(주),위탁관리,8,부경공영(주),위탁관리,10,거점장비수거방식,위탁관리,4,"분무식,기구부착식",철근콘크리트구조,3500,단일계약,상주선임,R형,부스타방식,위탁관리,30,151,1211,유,238,"관리사무소, 노인정, 보육시설, 문고, 어린이놀이터, 휴게시설, 자전거보관소",5분이내,,,,기타(정관신도시내 편익시설 입점예정),초등학교() 중학교() 고등학교(),28,15,Y
2026-08,A61996308,정관신도시휴먼시아1단지,기장군,정관읍,1533.0,0,0,0.0,0.0,0.0,0.0,0.0,,,,,True,산정 불완전,평형별 세대수 보완 필요; 임대·혼합 또는 분양 범위 미확인,c38eb7731a2edbf2c405dc922468ded84aa651100a03e86668e60fb8b6b0b8e7,[],현재 확보 자료로 재구성한 과거 추정치; 과거 세대 구성 미확인,False,555b475dcef496b2254b825ba10b0724d7994196dba4c4e18f34e7f5aa4db599,54cb25d3544257419c8c9faa1ee168a8848dbea69689888cc0985fdd2c7a4797,5fb6c1e071a73763f6eb52e67a11f05f6d609819ae4f39c925745faf40f5b4fd,8b30a9aec44c70f7b04a7800,2026-09-17T13:53:18.573481+09:00,정관신도시휴먼시아1단지,2671025628,부산광역시,기장군,정관읍,용수리,부산광역시 기장군 정관읍 용수리 1359 정관신도시휴먼시아1단지,임대,지역난방,130153.0,19,1533.0,"남양건설,혜림건설",LH,0517276688,www.kohom.or.kr,아파트,부산광역시 기장군 정관4로 23,위탁관리,혼합식,20081229,0517276685,1533,115266.07,1533.0,0.0,0.0,0.0,87846.75,15,15,1,52,46011,위탁관리,9,주택관리공단,위탁관리,12,명가종합관리,위탁관리,8,차량수거방식,위탁관리,3,분무식,철근콘크리트구조,2850,단일계약,상주선임,R형,부스타방식,위탁관리,52,854,442,무,172,"관리사무소, 노인정, 보육시설, 문고, 주민공동시설, 어린이놀이터, 자전거보관소",5~10분이내,,,,병원() 대형상가() 공원(),초등학교() 중학교() 고등학교(),1,7,Y
2026-08,A10020313,일광동원로얄듀크,기장군,일광읍,1134.0,0,0,0.0,0.0,0.0,0.0,0.0,,,,,True,산정 불완전,평형별 세대수 보완 필요; 임대·혼합 또는 분양 범위 미확인,c38eb7731a2edbf2c405dc922468ded84aa651100a03e86668e60fb8b6b0b8e7,[],현재 확보 자료로 재구성한 과거 추정치; 과거 세대 구성 미확인,False,555b475dcef496b2254b825ba10b0724d7994196dba4c4e18f34e7f5aa4db599,54cb25d3544257419c8c9faa1ee168a8848dbea69689888cc0985fdd2c7a4797,5fb6c1e071a73763f6eb52e67a11f05f6d609819ae4f39c925745faf40f5b4fd,8b30a9aec44c70f7b04a7800,2026-09-17T13:53:18.573481+09:00,일광동원로얄듀크,2671025921,부산광역시,기장군,일광읍,삼성리,부산광역시 기장군 일광읍 삼성리 771- 일광동원로얄듀크,임대,개별난방,131488.17,7,0.0,(주)동원개발,부산도시공사,0517212470, ,아파트,부산광역시 기장군 해빛4로 20,위탁관리,계단식,20251219,0517212469,1134,83760.89,0.0,0.0,0.0,0.0,60160.0632,1,25,2,0,,위탁관리,9,(주)정엔지니어링,위탁관리,,(주)정엔지니어링,위탁관리,8,음식물쓰레기종량제,관리방식미정,0,,철근콘크리트구조,6960,종합계약,상주선임,R형,부스타방식,관리방식미정,30,0,1248,유,486,"관리사무소, 노인정, 보육시설, 문고, 주민공동시설, 어린이놀이터, 휴게시설, 자전거보관소, 기타",,동해선,,,"관공서(기장군청, 일광읍행정복지센터) 병원(기장보건소) 대형상가(메가마트)",초등학교(해빛초등학교) 중학교(일광중학교) 고등학교(장안고등학교),0,63,Y
2026-08,A10023283,금호센트럴베이 행복주택 일광,기장군,일광읍,999.0,0,0,0.0,0.0,0.0,0.0,0.0,,,,,True,산정 불완전,평형별 세대수 보완 필요; 임대·혼합 또는 분양 범위 미확인,c38eb7731a2edbf2c405dc922468ded84aa651100a03e86668e60fb8b6b0b8e7,[],현재 확보 자료로 재구성한 과거 추정치; 과거 세대 구성 미확인,False,555b475dcef496b2254b825ba10b0724d7994196dba4c4e18f34e7f5aa4db599,54cb25d3544257419c8c9faa1ee168a8848dbea69689888cc0985fdd2c7a4797,5fb6c1e071a73763f6eb52e67a11f05f6d609819ae4f39c925745faf40f5b4fd,8b30a9aec44c70f7b04a7800,2026-09-17T13:53:18.573481+09:00,금호센트럴베이 행복주택 일광,2671025921,부산광역시,기장군,일광읍,삼성리,부산광역시 기장군 일광읍 삼성리 853 금호센트럴베이 행복주택 일광,임대,개별난방,76623.586,8,999.0,금호건설,부산도시공사,0517227007, ,아파트,부산광역시 기장군 해빛1로 61,위탁관리,복도식,20230324,0517228008,1000,55780.47,999.0,0.0,0.0,0.0,38975.3181,25,25,1,19,46048,위탁관리,8,주식회사 네오피엠,위탁관리,6,(주)네오피엠,위탁관리,6,음식물쓰레기종량제,위탁관리,4,분무식,철근콘크리트구조,3250,종합계약,상주선임,R형,부스타방식,위탁관리,19,241,557,유,167,"관리사무소, 노인정, 보육시설, 문고, 주민공동시설, 어린이놀이터, 휴게시설, 커뮤니티공간, 자전거보관소, 기타",5분이내,동해선,,10~15분이내,,,6,16,Y
2026-08,A10023778,이지더원2차포레온아파트,기장군,일광읍,786.0,0,0,0.0,0.0,0.0,0.0,0.0,,,,,True,산정 불완전,평형별 세대수 보완 필요; 임대·혼합 또는 분양 범위 미확인,c38eb7731a2edbf2c405dc922468ded84aa651100a03e86668e60fb8b6b0b8e7,[],현재 확보 자료로 재구성한 과거 추정치; 과거 세대 구성 미확인,False,555b475dcef496b2254b825ba10b0724d7994196dba4c4e18f34e7f5aa4db599,54cb25d3544257419c8c9faa1ee168a8848dbea69689888cc0985fdd2c7a4797,5fb6c1e071a73763f6eb52e67a11f05f6d609819ae4f39c925745faf40f5b4fd,8b30a9aec44c70f7b04a7800,2026-09-17T13:53:18.573481+09:00,이지더원2차포레온아파트,2671025921,부산광역시,기장군,일광읍,삼성리,부산광역시 기장군 일광읍 삼성리 812 이지더원2차포레온아파트,임대,개별난방,96727.0,8,786.0,"(주)동양건설산업,(주)라인건설",(주)동양이노텍,0517235009, ,아파트,부산광역시 기장군 해빛5로 26,위탁관리,계단식,20220526,0517235010,786,46863.19,786.0,0.0,0.0,0.0,46863.1916,29,29,2,18,46048,위탁관리,7,(주)대호안전관리공사,위탁관리,4,에이원서비스(주),위탁관리,9,음식물쓰레기종량제,,,,철근콘크리트구조,3550,단일계약,상주선임,R형,부스타방식,위탁관리,18,0,865,유,220,"관리사무소, 노인정, 주민공동시설, 어린이놀이터, 커뮤니티공간, 자전거보관소",5분이내,동해선,,15~20분이내,,,0,20,Y
2026-08,A10023912,일광한신더휴센트럴포레,기장군,일광읍,1298.0,0,0,0.0,0.0,0.0,0.0,0.0,,,,,True,산정 불완전,평형별 세대수 보완 필요,c38eb7731a2edbf2c405dc922468ded84aa651100a03e86668e60fb8b6b0b8e7,[],현재 확보 자료로 재구성한 과거 추정치; 과거 세대 구성 미확인,False,555b475dcef496b2254b825ba10b0724d7994196dba4c4e18f34e7f5aa4db599,54cb25d3544257419c8c9faa1ee168a8848dbea69689888cc0985fdd2c7a4797,5fb6c1e071a73763f6eb52e67a11f05f6d609819ae4f39c925745faf40f5b4fd,8b30a9aec44c70f7b04a7800,2026-09-17T13:53:18.573481+09:00,일광한신더휴센트럴포레,2671025921,부산광역시,기장군,일광읍,삼성리,부산광역시 기장군 일광읍 삼성리 792 일광한신더휴센트럴포레,분양,개별난방,188708.16,14,1298.0,한신공영,한신공영,0517218797, ,아파트,부산광역시 기장군 해빛3로 62,위탁관리,계단식,20200619,0517218799,1298,133006.42,328.0,970.0,0.0,0.0,99094.6796,26,26,2,32,46048,위탁관리,11,(주)주우관리,위탁관리,8,sk쉴드스,위탁관리,12,음식물쓰레기종량제,위탁관리,4,분무식,철골콘크리트구조,5250,단일계약,상주선임,GR형,부스타방식,위탁관리,32,10,1564,유,540,"관리사무소, 노인정, 주민공동시설, 어린이놀이터, 자전거보관소",5분이내,"4호선, 동해선",,10~15분이내,,,0,35,Y
2026-08,A10024606,일광 대성베르힐,기장군,일광읍,518.0,0,0,0.0,0.0,0.0,0.0,0.0,,,,,True,산정 불완전,평형별 세대수 보완 필요,c38eb7731a2edbf2c405dc922468ded84aa651100a03e86668e60fb8b6b0b8e7,[],현재 확보 자료로 재구성한 과거 추정치; 과거 세대 구성 미확인,False,555b475dcef496b2254b825ba10b0724d7994196dba4c4e18f34e7f5aa4db599,54cb25d3544257419c8c9faa1ee168a8848dbea69689888cc0985fdd2c7a4797,5fb6c1e071a73763f6eb52e67a11f05f6d609819ae4f39c925745faf40f5b4fd,8b30a9aec44c70f7b04a7800,2026-09-17T13:53:18.573481+09:00,일광 대성베르힐,2671025921,부산광역시,기장군,일광읍,삼성리,부산광역시 기장군 일광읍 삼성리 589 일광 대성베르힐,분양,개별난방,80786.21,7,518.0,디에스종합건설(주),디에스종합건설(주),0517238533, ,아파트,부산광역시 기장군 해빛5로 14,위탁관리,계단식,20200923,0517238535,518,56256.402,0.0,518.0,0.0,0.0,43777.829,25,25,2,12,46048,위탁관리,5,(주)하나종합관리,위탁관리,4,(주)하나종합관리,위탁관리,5,음식물쓰레기종량제,위탁관리,3,분무식,철근콘크리트구조,3000,종합계약,상주선임,R형,부스타방식,위탁관리,13,0,649,유,215,"관리사무소, 노인정, 보육시설, 주민공동시설, 어린이놀이터, 커뮤니티공간, 자전거보관소",5분이내,동해선,,15~20분이내,관공서(),초등학교() 중학교(),0,14,Y
2026-08,A10024909,일광자이푸르지오 2단지,기장군,일광읍,1059.0,0,0,0.0,0.0,0.0,0.0,0.0,,,,,True,산정 불완전,평형별 세대수 보완 필요,c38eb7731a2edbf2c405dc922468ded84aa651100a03e86668e60fb8b6b0b8e7,[],현재 확보 자료로 재구성한 과거 추정치; 과거 세대 구성 미확인,False,555b475dcef496b2254b825ba10b0724d7994196dba4c4e18f34e7f5aa4db599,54cb25d3544257419c8c9faa1ee168a8848dbea69689888cc0985fdd2c7a4797,5fb6c1e071a73763f6eb52e67a11f05f6d609819ae4f39c925745faf40f5b4fd,8b30a9aec44c70f7b04a7800,2026-09-17T13:53:18.573481+09:00,일광자이푸르지오 2단지,2671025921,부산광역시,기장군,일광읍,삼성리,부산광역시 기장군 일광읍 삼성리 785 일광자이푸르지오 2단지,분양,개별난방,155550.31,11,1059.0,GS건설컨소시엄,부산도시공사,0517143280,igxip.xisnd.co.kr/,아파트,부산광역시 기장군 해빛로 29,위탁관리,계단식,20200123,0517143281,1059,115351.53,0.0,1059.0,0.0,0.0,88131.7402,29,29,1,1,46048,위탁관리,8,(주)삼성씨에스,위탁관리,6,부경공영(주),위탁관리,13,차량수거방식,위탁관리,3,분무식,철근콘크리트구조,6000,단일계약,상주선임,R형,부스타방식,위탁관리,25,5,1272,유,383,"관리사무소, 노인정, 보육시설, 문고, 주민공동시설, 어린이놀이터, 휴게시설, 커뮤니티공간, 자전거보관소",5분이내,동해선,,10~15분이내,,초등학교(일광초등학교 / 해빛초등학교) 중학교(일광중학교),0,26,Y
2026-08,A10024919,일광신도시비스타동원1차아파트,기장군,일광읍,701.0,0,0,0.0,0.0,0.0,0.0,0.0,,,,,True,산정 불완전,평형별 세대수 보완 필요,c38eb7731a2edbf2c405dc922468ded84aa651100a03e86668e60fb8b6b0b8e7,[],현재 확보 자료로 재구성한 과거 추정치; 과거 세대 구성 미확인,False,555b475dcef496b2254b825ba10b0724d7994196dba4c4e18f34e7f5aa4db599,54cb25d3544257419c8c9faa1ee168a8848dbea69689888cc0985fdd2c7a4797,5fb6c1e071a73763f6eb52e67a11f05f6d609819ae4f39c925745faf40f5b4fd,8b30a9aec44c70f7b04a7800,2026-09-17T13:53:18.573481+09:00,일광신도시비스타동원1차아파트,2671025921,부산광역시,기장군,일광읍,삼성리,부산광역시 기장군 일광읍 삼성리 820 일광신도시비스타동원1차아파트,분양,개별난방,145640.58,8,701.0,(주)동원개발,(주)동진건설산업,0517226881, ,아파트,부산광역시 기장군 해빛2로 24,위탁관리,계단식,20200326,0517226882,701,142117.7,0.0,0.0,697.0,4.0,71432.5029,31,31,2,17,46048,위탁관리,7,주식회사 맨투맨써비스,위탁관리,4,케이티텔레캅,위탁관리,8,차량수거방식,위탁관리,3,분무식,철골콘크리트구조,4750,종합계약,상주선임,GR형,부스타방식,위탁관리,17,0,1309,유,281,"관리사무소, 노인정, 보육시설, 문고, 주민공동시설, 어린이놀이터, 휴게시설, 유치원, 커뮤니티공간, 자전거보관소",5분이내,동해선,,5~10분이내,,,0,27,Y
2026-08,A10024933,일광 이지더원1차오션포레,기장군,일광읍,653.0,0,0,0.0,0.0,0.0,0.0,0.0,,,,,True,산정 불완전,평형별 세대수 보완 필요,c38eb7731a2edbf2c405dc922468ded84aa651100a03e86668e60fb8b6b0b8e7,[],현재 확보 자료로 재구성한 과거 추정치; 과거 세대 구성 미확인,False,555b475dcef496b2254b825ba10b0724d7994196dba4c4e18f34e7f5aa4db599,54cb25d3544257419c8c9faa1ee168a8848dbea69689888cc0985fdd2c7a4797,5fb6c1e071a73763f6eb52e67a11f05f6d609819ae4f39c925745faf40f5b4fd,8b30a9aec44c70f7b04a7800,2026-09-17T13:53:18.573481+09:00,일광 이지더원1차오션포레,2671025921,부산광역시,기장군,일광읍,삼성리,부산광역시 기장군 일광읍 삼성리 746 일광 이지더원1차오션포레,분양,개별난방,81876.0,7,653.0,EG건설,(주)이지아산산업,0517220060, ,아파트,부산광역시 기장군 해빛4로 1,위탁관리,계단식,20200327,0517220062,653,52285.734,653.0,0.0,0.0,0.0,38933.5193,26,26,3,17,46048,위탁관리,6,(주)하나종합관리,위탁관리,4,에스원,위탁관리,8,음식물쓰레기종량제,위탁관리,3,,철근콘크리트구조,2600,단일계약,상주선임,GR형,부스타방식,위탁관리,17,0,735,유,230,"관리사무소, 노인정, 보육시설, 문고, 주민공동시설, 어린이놀이터, 휴게시설, 커뮤니티공간, 자전거보관소",5~10분이내,동해선,,,병원(),초등학교(해빛초등학교),0,15,Y
2026-08,A10025042,e편한세상일광아파트,기장군,일광읍,913.0,0,0,0.0,0.0,0.0,0.0,0.0,,,,,True,산정 불완전,평형별 세대수 보완 필요,c38eb7731a2edbf2c405dc922468ded84aa651100a03e86668e60fb8b6b0b8e7,[],현재 확보 자료로 재구성한 과거 추정치; 과거 세대 구성 미확인,False,555b475dcef496b2254b825ba10b0724d7994196dba4c4e18f34e7f5aa4db599,54cb25d3544257419c8c9faa1ee168a8848dbea69689888cc0985fdd2c7a4797,5fb6c1e071a73763f6eb52e67a11f05f6d609819ae4f39c925745faf40f5b4fd,8b30a9aec44c70f7b04a7800,2026-09-17T13:53:18.573481+09:00,e편한세상일광아파트,2671025921,부산광역시,기장군,일광읍,삼성리,부산광역시 기장군 일광읍 삼성리 773 e편한세상일광아파트,분양,개별난방,133068.62,10,913.0,대림산업(주),부산도시공사,0517219885, ,아파트,부산광역시 기장군 해빛2로 21,위탁관리,계단식,20200123,0517219887,913,97745.77,0.0,913.0,0.0,0.0,73028.8308,29,29,2,0,46048,위탁관리,9,남부공영(주),위탁관리,6,에스원,위탁관리,12,음식물쓰레기종량제,위탁관리,3,"도포식,독이식",철골철근콘크리트구조,3750,단일계약,상주선임,R형,부스타방식,위탁관리,19,0,1097,유,257,"관리사무소, 노인정, 보육시설, 문고, 주민공동시설, 어린이놀이터, 휴게시설, 커뮤니티공간, 자전거보관소",10~15분이내,,,10~15분이내,,,0,23,Y
2026-08,A10024476,일광신도시 비스타동원2차아파트,기장군,일광읍,917.0,0,0,0.0,0.0,0.0,0.0,0.0,,,,,True,산정 불완전,평형별 세대수 보완 필요,c38eb7731a2edbf2c405dc922468ded84aa651100a03e86668e60fb8b6b0b8e7,[],현재 확보 자료로 재구성한 과거 추정치; 과거 세대 구성 미확인,False,555b475dcef496b2254b825ba10b0724d7994196dba4c4e18f34e7f5aa4db599,54cb25d3544257419c8c9faa1ee168a8848dbea69689888cc0985fdd2c7a4797,5fb6c1e071a73763f6eb52e67a11f05f6d609819ae4f39c925745faf40f5b4fd,8b30a9aec44c70f7b04a7800,2026-09-17T13:53:18.573481+09:00,일광신도시 비스타동원2차아파트,2671025922,부산광역시,기장군,일광읍,이천리,부산광역시 기장군 일광읍 이천리 944 일광신도시 비스타동원2차아파트,분양,개별난방,188976.16,11,917.0,(주)동원개발,(주)동원개발,0517246661, ,아파트,부산광역시 기장군 해송1로 33,위탁관리,계단식,20201230,0517246662,917,119142.28,0.0,0.0,912.0,5.0,92559.3725,31,31,2,27,46044,위탁관리,9,(주)하나종합관리,위탁관리,5,(주)하나종합관리,위탁관리,13,음식물쓰레기종량제,위탁관리,3,분무식,철골철근콘크리트구조,5500,단일계약,상주선임,GR형,부스타방식,위탁관리,54,0,1778,유,394,"관리사무소, 노인정, 주민공동시설, 어린이놀이터, 유치원, 커뮤니티공간, 자전거보관소",5분이내,동해선,,5분이내,"관공서(기장군청, 기장경찰서) 병원(기장병원) 대형상가(메가마트)",,0,45,Y
2026-08,A61987101,고촌휴먼시아,기장군,철마면,1084.0,0,0,0.0,0.0,0.0,0.0,0.0,,,,,True,산정 불완전,평형별 세대수 보완 필요; 임대·혼합 또는 분양 범위 미확인,c38eb7731a2edbf2c405dc922468ded84aa651100a03e86668e60fb8b6b0b8e7,[],현재 확보 자료로 재구성한 과거 추정치; 과거 세대 구성 미확인,False,555b475dcef496b2254b825ba10b0724d7994196dba4c4e18f34e7f5aa4db599,54cb25d3544257419c8c9faa1ee168a8848dbea69689888cc0985fdd2c7a4797,5fb6c1e071a73763f6eb52e67a11f05f6d609819ae4f39c925745faf40f5b4fd,8b30a9aec44c70f7b04a7800,2026-09-17T13:53:18.573481+09:00,고촌휴먼시아,2671033029,부산광역시,기장군,철마면,고촌리,부산광역시 기장군 철마면 고촌리 615 고촌휴먼시아,임대,개별난방,82981.18,12,1084.0,한국토지주택공사,한국토지주택공사,0517227715,www.apthome.co.kr,아파트,부산광역시 기장군 고촌로44번길 16,위탁관리,혼합식,20100104,0517227725,1085,82456.13,1084.0,0.0,0.0,0.0,47445.2,15,15,1,24,46051,위탁관리,8,(주)에이치엠 우성,위탁관리,8,(주)한특,위탁관리,5,거점장비수거방식,위탁관리,4,분무식,철근콘크리트구조,2150,단일계약,상주선임,R형,부스타방식,위탁관리,24,413,424,무,103,"관리사무소, 노인정, 보육시설, 문고, 주민공동시설, 어린이놀이터, 휴게시설",5~10분이내,4호선,,,,초등학교(신진),0,17,Y
