kapt_code,area_group_id,source,source_tier
A60275104,exclusive_59_34,KB부동산 단지 시세/평형정보 | https://kbland.kr/map?complex=5905,TIER_2_KB_OFFICIAL_API
A60275104,exclusive_84_96,KB부동산 단지 시세/평형정보 | https://kbland.kr/map?complex=5905,TIER_2_KB_OFFICIAL_API
A60275104,exclusive_119_37,KB부동산 단지 시세/평형정보 | https://kbland.kr/map?complex=5905,TIER_2_KB_OFFICIAL_API
A60270501,exclusive_60,KB부동산 단지 시세/평형정보 | https://kbland.kr/map?complex=12874,TIER_2_KB_OFFICIAL_API
A60270501,exclusive_85,KB부동산 단지 시세/평형정보 | https://kbland.kr/map?complex=12874,TIER_2_KB_OFFICIAL_API
A60270501,exclusive_117_59,KB부동산 단지 시세/평형정보 | https://kbland.kr/map?complex=12874,TIER_2_KB_OFFICIAL_API
A10022434,exclusive_59_62,KB부동산 단지 시세/평형정보 | https://kbland.kr/map?complex=1097603,TIER_2_KB_OFFICIAL_API
A10022434,exclusive_59_98,KB부동산 단지 시세/평형정보 | https://kbland.kr/map?complex=1097603,TIER_2_KB_OFFICIAL_API
A10022434,exclusive_59_95,KB부동산 단지 시세/평형정보 | https://kbland.kr/map?complex=1097603,TIER_2_KB_OFFICIAL_API
A10022434,exclusive_59_99,KB부동산 단지 시세/평형정보 | https://kbland.kr/map?complex=1097603,TIER_2_KB_OFFICIAL_API
A10022434,exclusive_59_97,KB부동산 단지 시세/평형정보 | https://kbland.kr/map?complex=1097603,TIER_2_KB_OFFICIAL_API
A10022434,exclusive_59_94,KB부동산 단지 시세/평형정보 | https://kbland.kr/map?complex=1097603,TIER_2_KB_OFFICIAL_API
A10022434,exclusive_84_38,KB부동산 단지 시세/평형정보 | https://kbland.kr/map?complex=1097603,TIER_2_KB_OFFICIAL_API
A10022434,exclusive_84_84,KB부동산 단지 시세/평형정보 | https://kbland.kr/map?complex=1097603,TIER_2_KB_OFFICIAL_API
A10022434,exclusive_84_8,KB부동산 단지 시세/평형정보 | https://kbland.kr/map?complex=1097603,TIER_2_KB_OFFICIAL_API
A10022434,exclusive_84_92,KB부동산 단지 시세/평형정보 | https://kbland.kr/map?complex=1097603,TIER_2_KB_OFFICIAL_API
A10022434,exclusive_84_92_33평C,KB부동산 단지 시세/평형정보 | https://kbland.kr/map?complex=1097603,TIER_2_KB_OFFICIAL_API
A10022434,exclusive_99_93,KB부동산 단지 시세/평형정보 | https://kbland.kr/map?complex=1097603,TIER_2_KB_OFFICIAL_API
A10022434,exclusive_110_14,KB부동산 단지 시세/평형정보 | https://kbland.kr/map?complex=1097603,TIER_2_KB_OFFICIAL_API
A10022434,exclusive_115_97,KB부동산 단지 시세/평형정보 | https://kbland.kr/map?complex=1097603,TIER_2_KB_OFFICIAL_API
A10023790,exclusive_84_86,KB부동산 단지 시세/평형정보 | https://kbland.kr/map?complex=39443,TIER_2_KB_OFFICIAL_API
A10023790,exclusive_84_51,KB부동산 단지 시세/평형정보 | https://kbland.kr/map?complex=39443,TIER_2_KB_OFFICIAL_API
A10023790,exclusive_92_75,KB부동산 단지 시세/평형정보 | https://kbland.kr/map?complex=39443,TIER_2_KB_OFFICIAL_API
A10023790,exclusive_92_9,KB부동산 단지 시세/평형정보 | https://kbland.kr/map?complex=39443,TIER_2_KB_OFFICIAL_API
A10023790,exclusive_105_47,KB부동산 단지 시세/평형정보 | https://kbland.kr/map?complex=39443,TIER_2_KB_OFFICIAL_API
A10023790,exclusive_105_53,KB부동산 단지 시세/평형정보 | https://kbland.kr/map?complex=39443,TIER_2_KB_OFFICIAL_API
A10023790,exclusive_116_55,KB부동산 단지 시세/평형정보 | https://kbland.kr/map?complex=39443,TIER_2_KB_OFFICIAL_API
A10023790,exclusive_116_12,KB부동산 단지 시세/평형정보 | https://kbland.kr/map?complex=39443,TIER_2_KB_OFFICIAL_API
A10023790,exclusive_138_86,KB부동산 단지 시세/평형정보 | https://kbland.kr/map?complex=39443,TIER_2_KB_OFFICIAL_API
A10024998,exclusive_72_71,KB부동산 단지 시세/평형정보 | https://kbland.kr/map?complex=33795,TIER_2_KB_OFFICIAL_API
A10024998,exclusive_73_9,KB부동산 단지 시세/평형정보 | https://kbland.kr/map?complex=33795,TIER_2_KB_OFFICIAL_API
A10024998,exclusive_84_94,KB부동산 단지 시세/평형정보 | https://kbland.kr/map?complex=33795,TIER_2_KB_OFFICIAL_API
A10024998,exclusive_84_96,KB부동산 단지 시세/평형정보 | https://kbland.kr/map?complex=33795,TIER_2_KB_OFFICIAL_API
A10025359,exclusive_69_48,KB부동산 단지 시세/평형정보 | https://kbland.kr/map?complex=33044,TIER_2_KB_OFFICIAL_API
A10025359,exclusive_69_93,KB부동산 단지 시세/평형정보 | https://kbland.kr/map?complex=33044,TIER_2_KB_OFFICIAL_API
A10025359,exclusive_69_73,KB부동산 단지 시세/평형정보 | https://kbland.kr/map?complex=33044,TIER_2_KB_OFFICIAL_API
A10025359,exclusive_84_68,KB부동산 단지 시세/평형정보 | https://kbland.kr/map?complex=33044,TIER_2_KB_OFFICIAL_API
A10025359,exclusive_84_7,KB부동산 단지 시세/평형정보 | https://kbland.kr/map?complex=33044,TIER_2_KB_OFFICIAL_API
A10025359,exclusive_84_87,KB부동산 단지 시세/평형정보 | https://kbland.kr/map?complex=33044,TIER_2_KB_OFFICIAL_API
A10025380,exclusive_59_66,KB부동산 단지 시세/평형정보 | https://kbland.kr/map?complex=31737,TIER_2_KB_OFFICIAL_API
A10025380,exclusive_69_21,KB부동산 단지 시세/평형정보 | https://kbland.kr/map?complex=31737,TIER_2_KB_OFFICIAL_API
A10025380,exclusive_69_51,KB부동산 단지 시세/평형정보 | https://kbland.kr/map?complex=31737,TIER_2_KB_OFFICIAL_API
A10025380,exclusive_82_87,KB부동산 단지 시세/평형정보 | https://kbland.kr/map?complex=31737,TIER_2_KB_OFFICIAL_API
A10023208,exclusive_59_87,KB부동산 단지 시세/평형정보 | https://kbland.kr/map?complex=45796,TIER_2_KB_OFFICIAL_API
A10023208,exclusive_75_55,KB부동산 단지 시세/평형정보 | https://kbland.kr/map?complex=45796,TIER_2_KB_OFFICIAL_API
A10023208,exclusive_75_64,KB부동산 단지 시세/평형정보 | https://kbland.kr/map?complex=45796,TIER_2_KB_OFFICIAL_API
A10023208,exclusive_75_67,KB부동산 단지 시세/평형정보 | https://kbland.kr/map?complex=45796,TIER_2_KB_OFFICIAL_API
A10023208,exclusive_84_63,KB부동산 단지 시세/평형정보 | https://kbland.kr/map?complex=45796,TIER_2_KB_OFFICIAL_API
A10023208,exclusive_84_9,KB부동산 단지 시세/평형정보 | https://kbland.kr/map?complex=45796,TIER_2_KB_OFFICIAL_API
A10026746,exclusive_59_92,KB부동산 단지 시세/평형정보 | https://kbland.kr/map?complex=29905,TIER_2_KB_OFFICIAL_API
A10026746,exclusive_59_95,KB부동산 단지 시세/평형정보 | https://kbland.kr/map?complex=29905,TIER_2_KB_OFFICIAL_API
A10026746,exclusive_84_98,KB부동산 단지 시세/평형정보 | https://kbland.kr/map?complex=29905,TIER_2_KB_OFFICIAL_API
A10026746,exclusive_84_95,KB부동산 단지 시세/평형정보 | https://kbland.kr/map?complex=29905,TIER_2_KB_OFFICIAL_API
A10026746,exclusive_118_89,KB부동산 단지 시세/평형정보 | https://kbland.kr/map?complex=29905,TIER_2_KB_OFFICIAL_API
A60106001,exclusive_60,KB부동산 단지 시세/평형정보 | https://kbland.kr/map?complex=5407,TIER_2_KB_OFFICIAL_API
A60106001,exclusive_84_21,KB부동산 단지 시세/평형정보 | https://kbland.kr/map?complex=5407,TIER_2_KB_OFFICIAL_API
A60106001,exclusive_98_68,KB부동산 단지 시세/평형정보 | https://kbland.kr/map?complex=5407,TIER_2_KB_OFFICIAL_API
A60106001,exclusive_115_04,KB부동산 단지 시세/평형정보 | https://kbland.kr/map?complex=5407,TIER_2_KB_OFFICIAL_API
A60106002,exclusive_84_95,KB부동산 단지 시세/평형정보 | https://kbland.kr/map?complex=14680,TIER_2_KB_OFFICIAL_API
A60106002,exclusive_84_98,KB부동산 단지 시세/평형정보 | https://kbland.kr/map?complex=14680,TIER_2_KB_OFFICIAL_API
A60106002,exclusive_84_99,KB부동산 단지 시세/평형정보 | https://kbland.kr/map?complex=14680,TIER_2_KB_OFFICIAL_API
A60106002,exclusive_84_99_32평B,KB부동산 단지 시세/평형정보 | https://kbland.kr/map?complex=14680,TIER_2_KB_OFFICIAL_API
A60106002,exclusive_84_99_32평B1,KB부동산 단지 시세/평형정보 | https://kbland.kr/map?complex=14680,TIER_2_KB_OFFICIAL_API
A60106002,exclusive_84_99_32평C,KB부동산 단지 시세/평형정보 | https://kbland.kr/map?complex=14680,TIER_2_KB_OFFICIAL_API
A60106002,exclusive_84_99_32평D,KB부동산 단지 시세/평형정보 | https://kbland.kr/map?complex=14680,TIER_2_KB_OFFICIAL_API
A60106002,exclusive_84_99_32평D1,KB부동산 단지 시세/평형정보 | https://kbland.kr/map?complex=14680,TIER_2_KB_OFFICIAL_API
A60106002,exclusive_127,KB부동산 단지 시세/평형정보 | https://kbland.kr/map?complex=14680,TIER_2_KB_OFFICIAL_API
A60106002,exclusive_127_05,KB부동산 단지 시세/평형정보 | https://kbland.kr/map?complex=14680,TIER_2_KB_OFFICIAL_API
A60106002,exclusive_127_24,KB부동산 단지 시세/평형정보 | https://kbland.kr/map?complex=14680,TIER_2_KB_OFFICIAL_API
A60106002,exclusive_127_24_48평A1,KB부동산 단지 시세/평형정보 | https://kbland.kr/map?complex=14680,TIER_2_KB_OFFICIAL_API
A60106002,exclusive_127_29,KB부동산 단지 시세/평형정보 | https://kbland.kr/map?complex=14680,TIER_2_KB_OFFICIAL_API
A60106002,exclusive_150_59,KB부동산 단지 시세/평형정보 | https://kbland.kr/map?complex=14680,TIER_2_KB_OFFICIAL_API
A60106002,exclusive_225_83,KB부동산 단지 시세/평형정보 | https://kbland.kr/map?complex=14680,TIER_2_KB_OFFICIAL_API
A60106002,exclusive_227_27,KB부동산 단지 시세/평형정보 | https://kbland.kr/map?complex=14680,TIER_2_KB_OFFICIAL_API
A60681702,exclusive_59_7,KB부동산 단지 시세/평형정보 | https://kbland.kr/map?complex=6034,TIER_2_KB_OFFICIAL_API
A60681702,exclusive_84_81,KB부동산 단지 시세/평형정보 | https://kbland.kr/map?complex=6034,TIER_2_KB_OFFICIAL_API
A60681702,exclusive_99_96,KB부동산 단지 시세/평형정보 | https://kbland.kr/map?complex=6034,TIER_2_KB_OFFICIAL_API
A60681702,exclusive_134_82,KB부동산 단지 시세/평형정보 | https://kbland.kr/map?complex=6034,TIER_2_KB_OFFICIAL_API
A60681702,exclusive_167_66,KB부동산 단지 시세/평형정보 | https://kbland.kr/map?complex=6034,TIER_2_KB_OFFICIAL_API
A60675801,exclusive_84_78,KB부동산 단지 시세/평형정보 | https://kbland.kr/map?complex=6037,TIER_2_KB_OFFICIAL_API
A60675801,exclusive_84_92,KB부동산 단지 시세/평형정보 | https://kbland.kr/map?complex=6037,TIER_2_KB_OFFICIAL_API
A60675801,exclusive_122_74,KB부동산 단지 시세/평형정보 | https://kbland.kr/map?complex=6037,TIER_2_KB_OFFICIAL_API
A60675801,exclusive_149_22,KB부동산 단지 시세/평형정보 | https://kbland.kr/map?complex=6037,TIER_2_KB_OFFICIAL_API
A60675801,exclusive_189_85,KB부동산 단지 시세/평형정보 | https://kbland.kr/map?complex=6037,TIER_2_KB_OFFICIAL_API
A60607003,exclusive_59_96,KB부동산 단지 시세/평형정보 | https://kbland.kr/map?complex=13741,TIER_2_KB_OFFICIAL_API
A60607003,exclusive_74_46,KB부동산 단지 시세/평형정보 | https://kbland.kr/map?complex=13741,TIER_2_KB_OFFICIAL_API
A60607003,exclusive_84_97,KB부동산 단지 시세/평형정보 | https://kbland.kr/map?complex=13741,TIER_2_KB_OFFICIAL_API
A60607003,exclusive_101_79,KB부동산 단지 시세/평형정보 | https://kbland.kr/map?complex=13741,TIER_2_KB_OFFICIAL_API
A10023837,exclusive_84_82,KB부동산 단지 시세/평형정보 | https://kbland.kr/map?complex=44307,TIER_2_KB_OFFICIAL_API
A10023837,exclusive_84_93,KB부동산 단지 시세/평형정보 | https://kbland.kr/map?complex=44307,TIER_2_KB_OFFICIAL_API
A10023837,exclusive_84_91,KB부동산 단지 시세/평형정보 | https://kbland.kr/map?complex=44307,TIER_2_KB_OFFICIAL_API
A10023837,exclusive_84_84,KB부동산 단지 시세/평형정보 | https://kbland.kr/map?complex=44307,TIER_2_KB_OFFICIAL_API
A10023837,exclusive_84_8,KB부동산 단지 시세/평형정보 | https://kbland.kr/map?complex=44307,TIER_2_KB_OFFICIAL_API
A10023837,exclusive_84_98,KB부동산 단지 시세/평형정보 | https://kbland.kr/map?complex=44307,TIER_2_KB_OFFICIAL_API
A10023837,exclusive_115_84,KB부동산 단지 시세/평형정보 | https://kbland.kr/map?complex=44307,TIER_2_KB_OFFICIAL_API
A10023837,exclusive_115_73,KB부동산 단지 시세/평형정보 | https://kbland.kr/map?complex=44307,TIER_2_KB_OFFICIAL_API
A60675110,exclusive_45_5,KB부동산 단지 시세/평형정보 | https://kbland.kr/map?complex=6054,TIER_2_KB_OFFICIAL_API
A60675110,exclusive_57_09,KB부동산 단지 시세/평형정보 | https://kbland.kr/map?complex=6054,TIER_2_KB_OFFICIAL_API
A60680909,exclusive_85_76,KB부동산 단지 시세/평형정보 | https://kbland.kr/map?complex=6056,TIER_2_KB_OFFICIAL_API
A60680909,exclusive_116_63,KB부동산 단지 시세/평형정보 | https://kbland.kr/map?complex=6056,TIER_2_KB_OFFICIAL_API
A60680909,exclusive_121_26,KB부동산 단지 시세/평형정보 | https://kbland.kr/map?complex=6056,TIER_2_KB_OFFICIAL_API
A60680909,exclusive_146_99,KB부동산 단지 시세/평형정보 | https://kbland.kr/map?complex=6056,TIER_2_KB_OFFICIAL_API
A60680912,exclusive_46_27,KB부동산 단지 시세/평형정보 | https://kbland.kr/map?complex=6057,TIER_2_KB_OFFICIAL_API
A61479902,exclusive_84_81,KB부동산 단지 시세/평형정보 | https://kbland.kr/map?complex=14276,TIER_2_KB_OFFICIAL_API
A61479902,exclusive_84_85,KB부동산 단지 시세/평형정보 | https://kbland.kr/map?complex=14276,TIER_2_KB_OFFICIAL_API
A61479902,exclusive_84_86,KB부동산 단지 시세/평형정보 | https://kbland.kr/map?complex=14276,TIER_2_KB_OFFICIAL_API
A61479902,exclusive_84_85_38평A,KB부동산 단지 시세/평형정보 | https://kbland.kr/map?complex=14276,TIER_2_KB_OFFICIAL_API
A61479902,exclusive_110_93,KB부동산 단지 시세/평형정보 | https://kbland.kr/map?complex=14276,TIER_2_KB_OFFICIAL_API
A61479902,exclusive_109_54,KB부동산 단지 시세/평형정보 | https://kbland.kr/map?complex=14276,TIER_2_KB_OFFICIAL_API
A61479902,exclusive_118_61,KB부동산 단지 시세/평형정보 | https://kbland.kr/map?complex=14276,TIER_2_KB_OFFICIAL_API
A61479902,exclusive_130_34,KB부동산 단지 시세/평형정보 | https://kbland.kr/map?complex=14276,TIER_2_KB_OFFICIAL_API
A61404006,exclusive_59_72,KB부동산 단지 시세/평형정보 | https://kbland.kr/map?complex=5515,TIER_2_KB_OFFICIAL_API
A61404006,exclusive_59_84,KB부동산 단지 시세/평형정보 | https://kbland.kr/map?complex=5515,TIER_2_KB_OFFICIAL_API
A61404006,exclusive_84_98,KB부동산 단지 시세/평형정보 | https://kbland.kr/map?complex=5515,TIER_2_KB_OFFICIAL_API
A61404006,exclusive_124_09,KB부동산 단지 시세/평형정보 | https://kbland.kr/map?complex=5515,TIER_2_KB_OFFICIAL_API
A61404007,exclusive_25_97,KB부동산 단지 시세/평형정보 | https://kbland.kr/map?complex=13082,TIER_2_KB_OFFICIAL_API
A61404007,exclusive_33_74,KB부동산 단지 시세/평형정보 | https://kbland.kr/map?complex=13082,TIER_2_KB_OFFICIAL_API
A61404007,exclusive_52_76,KB부동산 단지 시세/평형정보 | https://kbland.kr/map?complex=13082,TIER_2_KB_OFFICIAL_API
A61404007,exclusive_59_94,KB부동산 단지 시세/평형정보 | https://kbland.kr/map?complex=13082,TIER_2_KB_OFFICIAL_API
A61404007,exclusive_72_21,KB부동산 단지 시세/평형정보 | https://kbland.kr/map?complex=13082,TIER_2_KB_OFFICIAL_API
A61404007,exclusive_84_81,KB부동산 단지 시세/평형정보 | https://kbland.kr/map?complex=13082,TIER_2_KB_OFFICIAL_API
A61404007,exclusive_102_55,KB부동산 단지 시세/평형정보 | https://kbland.kr/map?complex=13082,TIER_2_KB_OFFICIAL_API
A61404007,exclusive_113_03,KB부동산 단지 시세/평형정보 | https://kbland.kr/map?complex=13082,TIER_2_KB_OFFICIAL_API
A61404007,exclusive_141_19,KB부동산 단지 시세/평형정보 | https://kbland.kr/map?complex=13082,TIER_2_KB_OFFICIAL_API
A61477302,exclusive_28_8,KB부동산 단지 시세/평형정보 | https://kbland.kr/map?complex=13167,TIER_2_KB_OFFICIAL_API
A61477302,exclusive_30_49,KB부동산 단지 시세/평형정보 | https://kbland.kr/map?complex=13167,TIER_2_KB_OFFICIAL_API
A61477302,exclusive_33_74,KB부동산 단지 시세/평형정보 | https://kbland.kr/map?complex=13167,TIER_2_KB_OFFICIAL_API
A61477302,exclusive_38_53,KB부동산 단지 시세/평형정보 | https://kbland.kr/map?complex=13167,TIER_2_KB_OFFICIAL_API
A61477302,exclusive_39_82,KB부동산 단지 시세/평형정보 | https://kbland.kr/map?complex=13167,TIER_2_KB_OFFICIAL_API
A61477302,exclusive_41_76,KB부동산 단지 시세/평형정보 | https://kbland.kr/map?complex=13167,TIER_2_KB_OFFICIAL_API
A61477302,exclusive_44_64,KB부동산 단지 시세/평형정보 | https://kbland.kr/map?complex=13167,TIER_2_KB_OFFICIAL_API
A61477302,exclusive_45_15,KB부동산 단지 시세/평형정보 | https://kbland.kr/map?complex=13167,TIER_2_KB_OFFICIAL_API
A61477302,exclusive_46_33,KB부동산 단지 시세/평형정보 | https://kbland.kr/map?complex=13167,TIER_2_KB_OFFICIAL_API
A61477302,exclusive_60_99,KB부동산 단지 시세/평형정보 | https://kbland.kr/map?complex=13167,TIER_2_KB_OFFICIAL_API
A61477302,exclusive_64_23,KB부동산 단지 시세/평형정보 | https://kbland.kr/map?complex=13167,TIER_2_KB_OFFICIAL_API
A61486301,exclusive_84_98,KB부동산 단지 시세/평형정보 | https://kbland.kr/map?complex=14284,TIER_2_KB_OFFICIAL_API
A61486301,exclusive_84_76,KB부동산 단지 시세/평형정보 | https://kbland.kr/map?complex=14284,TIER_2_KB_OFFICIAL_API
A61486301,exclusive_84_86,KB부동산 단지 시세/평형정보 | https://kbland.kr/map?complex=14284,TIER_2_KB_OFFICIAL_API
A61486301,exclusive_84_97,KB부동산 단지 시세/평형정보 | https://kbland.kr/map?complex=14284,TIER_2_KB_OFFICIAL_API
A61486301,exclusive_126_72,KB부동산 단지 시세/평형정보 | https://kbland.kr/map?complex=14284,TIER_2_KB_OFFICIAL_API
A61486301,exclusive_128_91,KB부동산 단지 시세/평형정보 | https://kbland.kr/map?complex=14284,TIER_2_KB_OFFICIAL_API
A61473002,exclusive_59_9,KB부동산 단지 시세/평형정보 | https://kbland.kr/map?complex=5514,TIER_2_KB_OFFICIAL_API
A61473002,exclusive_71_02,KB부동산 단지 시세/평형정보 | https://kbland.kr/map?complex=5514,TIER_2_KB_OFFICIAL_API
A61473002,exclusive_78_76,KB부동산 단지 시세/평형정보 | https://kbland.kr/map?complex=5514,TIER_2_KB_OFFICIAL_API
A61473002,exclusive_84_64,KB부동산 단지 시세/평형정보 | https://kbland.kr/map?complex=5514,TIER_2_KB_OFFICIAL_API
A61473002,exclusive_122_84,KB부동산 단지 시세/평형정보 | https://kbland.kr/map?complex=5514,TIER_2_KB_OFFICIAL_API
A10023750,exclusive_59_99,KB부동산 단지 시세/평형정보 | https://kbland.kr/map?complex=46959,TIER_2_KB_OFFICIAL_API
A10023750,exclusive_69_99,KB부동산 단지 시세/평형정보 | https://kbland.kr/map?complex=46959,TIER_2_KB_OFFICIAL_API
A10023750,exclusive_84_96,KB부동산 단지 시세/평형정보 | https://kbland.kr/map?complex=46959,TIER_2_KB_OFFICIAL_API
A10023750,exclusive_84_99,KB부동산 단지 시세/평형정보 | https://kbland.kr/map?complex=46959,TIER_2_KB_OFFICIAL_API
A10027052,exclusive_30_14,KB부동산 단지 시세/평형정보 | https://kbland.kr/map?complex=29268,TIER_2_KB_OFFICIAL_API
A10027052,exclusive_59_89,KB부동산 단지 시세/평형정보 | https://kbland.kr/map?complex=29268,TIER_2_KB_OFFICIAL_API
A10027052,exclusive_59_8,KB부동산 단지 시세/평형정보 | https://kbland.kr/map?complex=29268,TIER_2_KB_OFFICIAL_API
A10027052,exclusive_59_79,KB부동산 단지 시세/평형정보 | https://kbland.kr/map?complex=29268,TIER_2_KB_OFFICIAL_API
A10027052,exclusive_62_76,KB부동산 단지 시세/평형정보 | https://kbland.kr/map?complex=29268,TIER_2_KB_OFFICIAL_API
A10027052,exclusive_74_7,KB부동산 단지 시세/평형정보 | https://kbland.kr/map?complex=29268,TIER_2_KB_OFFICIAL_API
A61476002,exclusive_59_94,KB부동산 단지 시세/평형정보 | https://kbland.kr/map?complex=5508,TIER_2_KB_OFFICIAL_API
A61476002,exclusive_84_93,KB부동산 단지 시세/평형정보 | https://kbland.kr/map?complex=5508,TIER_2_KB_OFFICIAL_API
A61476002,exclusive_119,KB부동산 단지 시세/평형정보 | https://kbland.kr/map?complex=5508,TIER_2_KB_OFFICIAL_API
A61483202,exclusive_84_87,KB부동산 단지 시세/평형정보 | https://kbland.kr/map?complex=14814,TIER_2_KB_OFFICIAL_API
A61483202,exclusive_84_98,KB부동산 단지 시세/평형정보 | https://kbland.kr/map?complex=14814,TIER_2_KB_OFFICIAL_API
A61483202,exclusive_84_78,KB부동산 단지 시세/평형정보 | https://kbland.kr/map?complex=14814,TIER_2_KB_OFFICIAL_API
A61483202,exclusive_84_91,KB부동산 단지 시세/평형정보 | https://kbland.kr/map?complex=14814,TIER_2_KB_OFFICIAL_API
A61483202,exclusive_84_65,KB부동산 단지 시세/평형정보 | https://kbland.kr/map?complex=14814,TIER_2_KB_OFFICIAL_API
A61483202,exclusive_117_02,KB부동산 단지 시세/평형정보 | https://kbland.kr/map?complex=14814,TIER_2_KB_OFFICIAL_API
A61483202,exclusive_119_73,KB부동산 단지 시세/평형정보 | https://kbland.kr/map?complex=14814,TIER_2_KB_OFFICIAL_API
A61483202,exclusive_118_02,KB부동산 단지 시세/평형정보 | https://kbland.kr/map?complex=14814,TIER_2_KB_OFFICIAL_API
A61483202,exclusive_141_4,KB부동산 단지 시세/평형정보 | https://kbland.kr/map?complex=14814,TIER_2_KB_OFFICIAL_API
A10025540,exclusive_84_99,KB부동산 단지 시세/평형정보 | https://kbland.kr/map?complex=31209,TIER_2_KB_OFFICIAL_API
A10025540,exclusive_84_97,KB부동산 단지 시세/평형정보 | https://kbland.kr/map?complex=31209,TIER_2_KB_OFFICIAL_API
A10025540,exclusive_84_99_35평C,KB부동산 단지 시세/평형정보 | https://kbland.kr/map?complex=31209,TIER_2_KB_OFFICIAL_API
A10025540,exclusive_84_97_35평A,KB부동산 단지 시세/평형정보 | https://kbland.kr/map?complex=31209,TIER_2_KB_OFFICIAL_API
A61478807,exclusive_39_34,KB부동산 단지 시세/평형정보 | https://kbland.kr/map?complex=5535,TIER_2_KB_OFFICIAL_API
A61478807,exclusive_59_72,KB부동산 단지 시세/평형정보 | https://kbland.kr/map?complex=5535,TIER_2_KB_OFFICIAL_API
A61478807,exclusive_84_88,KB부동산 단지 시세/평형정보 | https://kbland.kr/map?complex=5535,TIER_2_KB_OFFICIAL_API
A61478807,exclusive_134_85,KB부동산 단지 시세/평형정보 | https://kbland.kr/map?complex=5535,TIER_2_KB_OFFICIAL_API
A61485906,exclusive_59_89,KB부동산 단지 시세/평형정보 | https://kbland.kr/map?complex=5537,TIER_2_KB_OFFICIAL_API
A61485906,exclusive_76_56,KB부동산 단지 시세/평형정보 | https://kbland.kr/map?complex=5537,TIER_2_KB_OFFICIAL_API
A61485906,exclusive_84_72,KB부동산 단지 시세/평형정보 | https://kbland.kr/map?complex=5537,TIER_2_KB_OFFICIAL_API
A61486005,exclusive_59_96,KB부동산 단지 시세/평형정보 | https://kbland.kr/map?complex=15291,TIER_2_KB_OFFICIAL_API
A61486005,exclusive_59_96_24평B,KB부동산 단지 시세/평형정보 | https://kbland.kr/map?complex=15291,TIER_2_KB_OFFICIAL_API
A61486005,exclusive_84_98,KB부동산 단지 시세/평형정보 | https://kbland.kr/map?complex=15291,TIER_2_KB_OFFICIAL_API
A61486005,exclusive_84_87,KB부동산 단지 시세/평형정보 | https://kbland.kr/map?complex=15291,TIER_2_KB_OFFICIAL_API
A61486005,exclusive_84_98_34평A1,KB부동산 단지 시세/평형정보 | https://kbland.kr/map?complex=15291,TIER_2_KB_OFFICIAL_API
A61486005,exclusive_84_89,KB부동산 단지 시세/평형정보 | https://kbland.kr/map?complex=15291,TIER_2_KB_OFFICIAL_API
A61486005,exclusive_121_84,KB부동산 단지 시세/평형정보 | https://kbland.kr/map?complex=15291,TIER_2_KB_OFFICIAL_API
A61486008,exclusive_59_91,KB부동산 단지 시세/평형정보 | https://kbland.kr/map?complex=5531,TIER_2_KB_OFFICIAL_API
A61486008,exclusive_84_98,KB부동산 단지 시세/평형정보 | https://kbland.kr/map?complex=5531,TIER_2_KB_OFFICIAL_API
A61486008,exclusive_134_93,KB부동산 단지 시세/평형정보 | https://kbland.kr/map?complex=5531,TIER_2_KB_OFFICIAL_API
A10020721,exclusive_59_94,KB부동산 단지 시세/평형정보 | https://kbland.kr/map?complex=429022,TIER_2_KB_OFFICIAL_API
A10020721,exclusive_59_95,KB부동산 단지 시세/평형정보 | https://kbland.kr/map?complex=429022,TIER_2_KB_OFFICIAL_API
A10020721,exclusive_59_94_23평C,KB부동산 단지 시세/평형정보 | https://kbland.kr/map?complex=429022,TIER_2_KB_OFFICIAL_API
A10020721,exclusive_65_09,KB부동산 단지 시세/평형정보 | https://kbland.kr/map?complex=429022,TIER_2_KB_OFFICIAL_API
A10020721,exclusive_65_09_25평B,KB부동산 단지 시세/평형정보 | https://kbland.kr/map?complex=429022,TIER_2_KB_OFFICIAL_API
A10020721,exclusive_84_98,KB부동산 단지 시세/평형정보 | https://kbland.kr/map?complex=429022,TIER_2_KB_OFFICIAL_API
A10020721,exclusive_84_9,KB부동산 단지 시세/평형정보 | https://kbland.kr/map?complex=429022,TIER_2_KB_OFFICIAL_API
A10020721,exclusive_84_98_33평C,KB부동산 단지 시세/평형정보 | https://kbland.kr/map?complex=429022,TIER_2_KB_OFFICIAL_API
A10026861,exclusive_39_86,KB부동산 단지 시세/평형정보 | https://kbland.kr/map?complex=30157,TIER_2_KB_OFFICIAL_API
A10026861,exclusive_67_88,KB부동산 단지 시세/평형정보 | https://kbland.kr/map?complex=30157,TIER_2_KB_OFFICIAL_API
A10026861,exclusive_79_93,KB부동산 단지 시세/평형정보 | https://kbland.kr/map?complex=30157,TIER_2_KB_OFFICIAL_API
A10026861,exclusive_79_78,KB부동산 단지 시세/평형정보 | https://kbland.kr/map?complex=30157,TIER_2_KB_OFFICIAL_API
A10026861,exclusive_84_97,KB부동산 단지 시세/평형정보 | https://kbland.kr/map?complex=30157,TIER_2_KB_OFFICIAL_API
A10026861,exclusive_110_82,KB부동산 단지 시세/평형정보 | https://kbland.kr/map?complex=30157,TIER_2_KB_OFFICIAL_API
A10028147,exclusive_67_8,KB부동산 단지 시세/평형정보 | https://kbland.kr/map?complex=26500,TIER_2_KB_OFFICIAL_API
A10028147,exclusive_67_8_26평D,KB부동산 단지 시세/평형정보 | https://kbland.kr/map?complex=26500,TIER_2_KB_OFFICIAL_API
A10028147,exclusive_67_96,KB부동산 단지 시세/평형정보 | https://kbland.kr/map?complex=26500,TIER_2_KB_OFFICIAL_API
A10028147,exclusive_68_61,KB부동산 단지 시세/평형정보 | https://kbland.kr/map?complex=26500,TIER_2_KB_OFFICIAL_API
A10028147,exclusive_67_95,KB부동산 단지 시세/평형정보 | https://kbland.kr/map?complex=26500,TIER_2_KB_OFFICIAL_API
A10028147,exclusive_79_42,KB부동산 단지 시세/평형정보 | https://kbland.kr/map?complex=26500,TIER_2_KB_OFFICIAL_API
A10028147,exclusive_79_27,KB부동산 단지 시세/평형정보 | https://kbland.kr/map?complex=26500,TIER_2_KB_OFFICIAL_API
A10028147,exclusive_79_7,KB부동산 단지 시세/평형정보 | https://kbland.kr/map?complex=26500,TIER_2_KB_OFFICIAL_API
A10028147,exclusive_84_99,KB부동산 단지 시세/평형정보 | https://kbland.kr/map?complex=26500,TIER_2_KB_OFFICIAL_API
A10028147,exclusive_84_99_33평A,KB부동산 단지 시세/평형정보 | https://kbland.kr/map?complex=26500,TIER_2_KB_OFFICIAL_API
A10028147,exclusive_100_86,KB부동산 단지 시세/평형정보 | https://kbland.kr/map?complex=26500,TIER_2_KB_OFFICIAL_API
A10028147,exclusive_110_34,KB부동산 단지 시세/평형정보 | https://kbland.kr/map?complex=26500,TIER_2_KB_OFFICIAL_API
A61409002,exclusive_84_83,KB부동산 단지 시세/평형정보 | https://kbland.kr/map?complex=15228,TIER_2_KB_OFFICIAL_API
A61409002,exclusive_84_98,KB부동산 단지 시세/평형정보 | https://kbland.kr/map?complex=15228,TIER_2_KB_OFFICIAL_API
A61409002,exclusive_84_9,KB부동산 단지 시세/평형정보 | https://kbland.kr/map?complex=15228,TIER_2_KB_OFFICIAL_API
A61409002,exclusive_107_63,KB부동산 단지 시세/평형정보 | https://kbland.kr/map?complex=15228,TIER_2_KB_OFFICIAL_API
A61409002,exclusive_125_98,KB부동산 단지 시세/평형정보 | https://kbland.kr/map?complex=15228,TIER_2_KB_OFFICIAL_API
A61409005,exclusive_70_3,KB부동산 단지 시세/평형정보 | https://kbland.kr/map?complex=19701,TIER_2_KB_OFFICIAL_API
A61409005,exclusive_70_3_29평A,KB부동산 단지 시세/평형정보 | https://kbland.kr/map?complex=19701,TIER_2_KB_OFFICIAL_API
A61409005,exclusive_84_92,KB부동산 단지 시세/평형정보 | https://kbland.kr/map?complex=19701,TIER_2_KB_OFFICIAL_API
A61409005,exclusive_84_92_35평B,KB부동산 단지 시세/평형정보 | https://kbland.kr/map?complex=19701,TIER_2_KB_OFFICIAL_API
A61409005,exclusive_100_71,KB부동산 단지 시세/평형정보 | https://kbland.kr/map?complex=19701,TIER_2_KB_OFFICIAL_API
A61409005,exclusive_105_29,KB부동산 단지 시세/평형정보 | https://kbland.kr/map?complex=19701,TIER_2_KB_OFFICIAL_API
A61409005,exclusive_118_11,KB부동산 단지 시세/평형정보 | https://kbland.kr/map?complex=19701,TIER_2_KB_OFFICIAL_API
A61409005,exclusive_115_73,KB부동산 단지 시세/평형정보 | https://kbland.kr/map?complex=19701,TIER_2_KB_OFFICIAL_API
A61409005,exclusive_118_11_46평B,KB부동산 단지 시세/평형정보 | https://kbland.kr/map?complex=19701,TIER_2_KB_OFFICIAL_API
A61409005,exclusive_129_77,KB부동산 단지 시세/평형정보 | https://kbland.kr/map?complex=19701,TIER_2_KB_OFFICIAL_API
A61409005,exclusive_129_77_49평B,KB부동산 단지 시세/평형정보 | https://kbland.kr/map?complex=19701,TIER_2_KB_OFFICIAL_API
A61409005,exclusive_138_59,KB부동산 단지 시세/평형정보 | https://kbland.kr/map?complex=19701,TIER_2_KB_OFFICIAL_API
A61409005,exclusive_138_59_52평B,KB부동산 단지 시세/평형정보 | https://kbland.kr/map?complex=19701,TIER_2_KB_OFFICIAL_API
A61409302,exclusive_51_63,KB부동산 단지 시세/평형정보 | https://kbland.kr/map?complex=15049,TIER_2_KB_OFFICIAL_API
A61409302,exclusive_59_98,KB부동산 단지 시세/평형정보 | https://kbland.kr/map?complex=15049,TIER_2_KB_OFFICIAL_API
A61409302,exclusive_59_98_24평B,KB부동산 단지 시세/평형정보 | https://kbland.kr/map?complex=15049,TIER_2_KB_OFFICIAL_API
A61409302,exclusive_59_99,KB부동산 단지 시세/평형정보 | https://kbland.kr/map?complex=15049,TIER_2_KB_OFFICIAL_API
A61409302,exclusive_84_96,KB부동산 단지 시세/평형정보 | https://kbland.kr/map?complex=15049,TIER_2_KB_OFFICIAL_API
A61409302,exclusive_84_8,KB부동산 단지 시세/평형정보 | https://kbland.kr/map?complex=15049,TIER_2_KB_OFFICIAL_API
A61479403,exclusive_94_41,KB부동산 단지 시세/평형정보 | https://kbland.kr/map?complex=13083,TIER_2_KB_OFFICIAL_API
A61479403,exclusive_95_04,KB부동산 단지 시세/평형정보 | https://kbland.kr/map?complex=13083,TIER_2_KB_OFFICIAL_API
A61479403,exclusive_116_84,KB부동산 단지 시세/평형정보 | https://kbland.kr/map?complex=13083,TIER_2_KB_OFFICIAL_API
A61484004,exclusive_84_41,KB부동산 단지 시세/평형정보 | https://kbland.kr/map?complex=5550,TIER_2_KB_OFFICIAL_API
A61484004,exclusive_84_78,KB부동산 단지 시세/평형정보 | https://kbland.kr/map?complex=5550,TIER_2_KB_OFFICIAL_API
A61484004,exclusive_84_9,KB부동산 단지 시세/평형정보 | https://kbland.kr/map?complex=5550,TIER_2_KB_OFFICIAL_API
A61484004,exclusive_125_85,KB부동산 단지 시세/평형정보 | https://kbland.kr/map?complex=5550,TIER_2_KB_OFFICIAL_API
A61484004,exclusive_147_24,KB부동산 단지 시세/평형정보 | https://kbland.kr/map?complex=5550,TIER_2_KB_OFFICIAL_API
A61484004,exclusive_148_35,KB부동산 단지 시세/평형정보 | https://kbland.kr/map?complex=5550,TIER_2_KB_OFFICIAL_API
A61484004,exclusive_149_47,KB부동산 단지 시세/평형정보 | https://kbland.kr/map?complex=5550,TIER_2_KB_OFFICIAL_API
A61484004,exclusive_158_95,KB부동산 단지 시세/평형정보 | https://kbland.kr/map?complex=5550,TIER_2_KB_OFFICIAL_API
A61484004,exclusive_164_29,KB부동산 단지 시세/평형정보 | https://kbland.kr/map?complex=5550,TIER_2_KB_OFFICIAL_API
A61484004,exclusive_174_19,KB부동산 단지 시세/평형정보 | https://kbland.kr/map?complex=5550,TIER_2_KB_OFFICIAL_API
A61484005,exclusive_59_8,KB부동산 단지 시세/평형정보 | https://kbland.kr/map?complex=5551,TIER_2_KB_OFFICIAL_API
A61484005,exclusive_59_8_24평B,KB부동산 단지 시세/평형정보 | https://kbland.kr/map?complex=5551,TIER_2_KB_OFFICIAL_API
A61484005,exclusive_84_76,KB부동산 단지 시세/평형정보 | https://kbland.kr/map?complex=5551,TIER_2_KB_OFFICIAL_API
A61484005,exclusive_134_67,KB부동산 단지 시세/평형정보 | https://kbland.kr/map?complex=5551,TIER_2_KB_OFFICIAL_API
A61484005,exclusive_172_47,KB부동산 단지 시세/평형정보 | https://kbland.kr/map?complex=5551,TIER_2_KB_OFFICIAL_API
A10023021,exclusive_59_99,KB부동산 단지 시세/평형정보 | https://kbland.kr/map?complex=314859,TIER_2_KB_OFFICIAL_API
A10023021,exclusive_84_99,KB부동산 단지 시세/평형정보 | https://kbland.kr/map?complex=314859,TIER_2_KB_OFFICIAL_API
A10023021,exclusive_84_99_34평B,KB부동산 단지 시세/평형정보 | https://kbland.kr/map?complex=314859,TIER_2_KB_OFFICIAL_API
A10025434,exclusive_59_79,KB부동산 단지 시세/평형정보 | https://kbland.kr/map?complex=32588,TIER_2_KB_OFFICIAL_API
A10025434,exclusive_62_21,KB부동산 단지 시세/평형정보 | https://kbland.kr/map?complex=32588,TIER_2_KB_OFFICIAL_API
A10025434,exclusive_62_21_27평A,KB부동산 단지 시세/평형정보 | https://kbland.kr/map?complex=32588,TIER_2_KB_OFFICIAL_API
A10025434,exclusive_64_44,KB부동산 단지 시세/평형정보 | https://kbland.kr/map?complex=32588,TIER_2_KB_OFFICIAL_API
A10025434,exclusive_81_68,KB부동산 단지 시세/평형정보 | https://kbland.kr/map?complex=32588,TIER_2_KB_OFFICIAL_API
A10025434,exclusive_81_68_35평B,KB부동산 단지 시세/평형정보 | https://kbland.kr/map?complex=32588,TIER_2_KB_OFFICIAL_API
A10025434,exclusive_82_66,KB부동산 단지 시세/평형정보 | https://kbland.kr/map?complex=32588,TIER_2_KB_OFFICIAL_API
A10025434,exclusive_82_66_35평B1,KB부동산 단지 시세/평형정보 | https://kbland.kr/map?complex=32588,TIER_2_KB_OFFICIAL_API
A10025434,exclusive_82_66_35평C,KB부동산 단지 시세/평형정보 | https://kbland.kr/map?complex=32588,TIER_2_KB_OFFICIAL_API
A61410304,exclusive_44_76,KB부동산 단지 시세/평형정보 | https://kbland.kr/map?complex=5560,TIER_2_KB_OFFICIAL_API
A61410304,exclusive_64_44,KB부동산 단지 시세/평형정보 | https://kbland.kr/map?complex=5560,TIER_2_KB_OFFICIAL_API
A61410304,exclusive_64_43,KB부동산 단지 시세/평형정보 | https://kbland.kr/map?complex=5560,TIER_2_KB_OFFICIAL_API
A61410304,exclusive_79_95,KB부동산 단지 시세/평형정보 | https://kbland.kr/map?complex=5560,TIER_2_KB_OFFICIAL_API
A61410304,exclusive_92_74,KB부동산 단지 시세/평형정보 | https://kbland.kr/map?complex=5560,TIER_2_KB_OFFICIAL_API
A61410304,exclusive_107_56,KB부동산 단지 시세/평형정보 | https://kbland.kr/map?complex=5560,TIER_2_KB_OFFICIAL_API
A61410304,exclusive_108_26,KB부동산 단지 시세/평형정보 | https://kbland.kr/map?complex=5560,TIER_2_KB_OFFICIAL_API
A61475202,exclusive_59_72,KB부동산 단지 시세/평형정보 | https://kbland.kr/map?complex=5563,TIER_2_KB_OFFICIAL_API
A61475202,exclusive_84_77,KB부동산 단지 시세/평형정보 | https://kbland.kr/map?complex=5563,TIER_2_KB_OFFICIAL_API
A61475202,exclusive_84_94,KB부동산 단지 시세/평형정보 | https://kbland.kr/map?complex=5563,TIER_2_KB_OFFICIAL_API
A61475202,exclusive_111_41,KB부동산 단지 시세/평형정보 | https://kbland.kr/map?complex=5563,TIER_2_KB_OFFICIAL_API
A61475903,exclusive_59_72,KB부동산 단지 시세/평형정보 | https://kbland.kr/map?complex=5556,TIER_2_KB_OFFICIAL_API
A61475903,exclusive_84_94,KB부동산 단지 시세/평형정보 | https://kbland.kr/map?complex=5556,TIER_2_KB_OFFICIAL_API
A61475903,exclusive_111_41,KB부동산 단지 시세/평형정보 | https://kbland.kr/map?complex=5556,TIER_2_KB_OFFICIAL_API
A61477806,exclusive_59_93,KB부동산 단지 시세/평형정보 | https://kbland.kr/map?complex=5557,TIER_2_KB_OFFICIAL_API
A61477806,exclusive_66_43,KB부동산 단지 시세/평형정보 | https://kbland.kr/map?complex=5557,TIER_2_KB_OFFICIAL_API
A61477806,exclusive_77_78,KB부동산 단지 시세/평형정보 | https://kbland.kr/map?complex=5557,TIER_2_KB_OFFICIAL_API
A61477806,exclusive_83_88,KB부동산 단지 시세/평형정보 | https://kbland.kr/map?complex=5557,TIER_2_KB_OFFICIAL_API
A61477806,exclusive_84_98,KB부동산 단지 시세/평형정보 | https://kbland.kr/map?complex=5557,TIER_2_KB_OFFICIAL_API
A61477806,exclusive_83_6,KB부동산 단지 시세/평형정보 | https://kbland.kr/map?complex=5557,TIER_2_KB_OFFICIAL_API
A61479605,exclusive_59_99,KB부동산 단지 시세/평형정보 | https://kbland.kr/map?complex=13271,TIER_2_KB_OFFICIAL_API
A61479605,exclusive_80_23,KB부동산 단지 시세/평형정보 | https://kbland.kr/map?complex=13271,TIER_2_KB_OFFICIAL_API
A61479605,exclusive_84_97,KB부동산 단지 시세/평형정보 | https://kbland.kr/map?complex=13271,TIER_2_KB_OFFICIAL_API
A61479605,exclusive_110_22,KB부동산 단지 시세/평형정보 | https://kbland.kr/map?complex=13271,TIER_2_KB_OFFICIAL_API
A61479605,exclusive_126_89,KB부동산 단지 시세/평형정보 | https://kbland.kr/map?complex=13271,TIER_2_KB_OFFICIAL_API
A61482207,exclusive_32_39,KB부동산 단지 시세/평형정보 | https://kbland.kr/map?complex=5573,TIER_2_KB_OFFICIAL_API
A61482207,exclusive_41_3,KB부동산 단지 시세/평형정보 | https://kbland.kr/map?complex=5573,TIER_2_KB_OFFICIAL_API
A61482207,exclusive_49_94,KB부동산 단지 시세/평형정보 | https://kbland.kr/map?complex=5573,TIER_2_KB_OFFICIAL_API
A61482207,exclusive_59_2,KB부동산 단지 시세/평형정보 | https://kbland.kr/map?complex=5573,TIER_2_KB_OFFICIAL_API
A61482207,exclusive_59_28,KB부동산 단지 시세/평형정보 | https://kbland.kr/map?complex=5573,TIER_2_KB_OFFICIAL_API
A61482207,exclusive_59_38,KB부동산 단지 시세/평형정보 | https://kbland.kr/map?complex=5573,TIER_2_KB_OFFICIAL_API
A61482207,exclusive_59_39,KB부동산 단지 시세/평형정보 | https://kbland.kr/map?complex=5573,TIER_2_KB_OFFICIAL_API
A61482207,exclusive_58_01,KB부동산 단지 시세/평형정보 | https://kbland.kr/map?complex=5573,TIER_2_KB_OFFICIAL_API
A61482207,exclusive_61_52,KB부동산 단지 시세/평형정보 | https://kbland.kr/map?complex=5573,TIER_2_KB_OFFICIAL_API
A61482207,exclusive_66_56,KB부동산 단지 시세/평형정보 | https://kbland.kr/map?complex=5573,TIER_2_KB_OFFICIAL_API
A61482207,exclusive_79_07,KB부동산 단지 시세/평형정보 | https://kbland.kr/map?complex=5573,TIER_2_KB_OFFICIAL_API
A61482302,exclusive_59_54,KB부동산 단지 시세/평형정보 | https://kbland.kr/map?complex=5566,TIER_2_KB_OFFICIAL_API
A61482302,exclusive_59_55,KB부동산 단지 시세/평형정보 | https://kbland.kr/map?complex=5566,TIER_2_KB_OFFICIAL_API
A61482302,exclusive_59_89,KB부동산 단지 시세/평형정보 | https://kbland.kr/map?complex=5566,TIER_2_KB_OFFICIAL_API
A61482302,exclusive_59_91,KB부동산 단지 시세/평형정보 | https://kbland.kr/map?complex=5566,TIER_2_KB_OFFICIAL_API
A61482302,exclusive_84_5,KB부동산 단지 시세/평형정보 | https://kbland.kr/map?complex=5566,TIER_2_KB_OFFICIAL_API
A61482302,exclusive_84_5_30평C,KB부동산 단지 시세/평형정보 | https://kbland.kr/map?complex=5566,TIER_2_KB_OFFICIAL_API
A61482302,exclusive_84_97,KB부동산 단지 시세/평형정보 | https://kbland.kr/map?complex=5566,TIER_2_KB_OFFICIAL_API
A61482303,exclusive_49_61,KB부동산 단지 시세/평형정보 | https://kbland.kr/map?complex=5564,TIER_2_KB_OFFICIAL_API
A61482303,exclusive_49_99,KB부동산 단지 시세/평형정보 | https://kbland.kr/map?complex=5564,TIER_2_KB_OFFICIAL_API
A61482303,exclusive_49_99_21평C,KB부동산 단지 시세/평형정보 | https://kbland.kr/map?complex=5564,TIER_2_KB_OFFICIAL_API
A61482303,exclusive_59_89,KB부동산 단지 시세/평형정보 | https://kbland.kr/map?complex=5564,TIER_2_KB_OFFICIAL_API
A61482303,exclusive_59_54,KB부동산 단지 시세/평형정보 | https://kbland.kr/map?complex=5564,TIER_2_KB_OFFICIAL_API
A61482303,exclusive_59_91,KB부동산 단지 시세/평형정보 | https://kbland.kr/map?complex=5564,TIER_2_KB_OFFICIAL_API
A61482303,exclusive_84_5,KB부동산 단지 시세/평형정보 | https://kbland.kr/map?complex=5564,TIER_2_KB_OFFICIAL_API
A61482303,exclusive_84_97,KB부동산 단지 시세/평형정보 | https://kbland.kr/map?complex=5564,TIER_2_KB_OFFICIAL_API
A10020213,exclusive_59_86,KB부동산 단지 시세/평형정보 | https://kbland.kr/map?complex=2136163,TIER_2_KB_OFFICIAL_API
A10020213,exclusive_59_85,KB부동산 단지 시세/평형정보 | https://kbland.kr/map?complex=2136163,TIER_2_KB_OFFICIAL_API
A10020213,exclusive_77_66,KB부동산 단지 시세/평형정보 | https://kbland.kr/map?complex=2136163,TIER_2_KB_OFFICIAL_API
A10020213,exclusive_84_95,KB부동산 단지 시세/평형정보 | https://kbland.kr/map?complex=2136163,TIER_2_KB_OFFICIAL_API
A10020213,exclusive_84_75,KB부동산 단지 시세/평형정보 | https://kbland.kr/map?complex=2136163,TIER_2_KB_OFFICIAL_API
A61476403,exclusive_69_28,KB부동산 단지 시세/평형정보 | https://kbland.kr/map?complex=5495,TIER_2_KB_OFFICIAL_API
A61476403,exclusive_77_04,KB부동산 단지 시세/평형정보 | https://kbland.kr/map?complex=5495,TIER_2_KB_OFFICIAL_API
A61476403,exclusive_84_99,KB부동산 단지 시세/평형정보 | https://kbland.kr/map?complex=5495,TIER_2_KB_OFFICIAL_API
A61476403,exclusive_85,KB부동산 단지 시세/평형정보 | https://kbland.kr/map?complex=5495,TIER_2_KB_OFFICIAL_API
A61476403,exclusive_122_57,KB부동산 단지 시세/평형정보 | https://kbland.kr/map?complex=5495,TIER_2_KB_OFFICIAL_API
A61476403,exclusive_123_3,KB부동산 단지 시세/평형정보 | https://kbland.kr/map?complex=5495,TIER_2_KB_OFFICIAL_API
A61476403,exclusive_136_68,KB부동산 단지 시세/평형정보 | https://kbland.kr/map?complex=5495,TIER_2_KB_OFFICIAL_API
A61476403,exclusive_174_2,KB부동산 단지 시세/평형정보 | https://kbland.kr/map?complex=5495,TIER_2_KB_OFFICIAL_API
A61479502,exclusive_71_65,KB부동산 단지 시세/평형정보 | https://kbland.kr/map?complex=13269,TIER_2_KB_OFFICIAL_API
A61479502,exclusive_84_85,KB부동산 단지 시세/평형정보 | https://kbland.kr/map?complex=13269,TIER_2_KB_OFFICIAL_API
A61479502,exclusive_114_99,KB부동산 단지 시세/평형정보 | https://kbland.kr/map?complex=13269,TIER_2_KB_OFFICIAL_API
A61479502,exclusive_130_59,KB부동산 단지 시세/평형정보 | https://kbland.kr/map?complex=13269,TIER_2_KB_OFFICIAL_API
A10023409,exclusive_73_84,KB부동산 단지 시세/평형정보 | https://kbland.kr/map?complex=43586,TIER_2_KB_OFFICIAL_API
A10023409,exclusive_74_12,KB부동산 단지 시세/평형정보 | https://kbland.kr/map?complex=43586,TIER_2_KB_OFFICIAL_API
A10023409,exclusive_84_74,KB부동산 단지 시세/평형정보 | https://kbland.kr/map?complex=43586,TIER_2_KB_OFFICIAL_API
A10023409,exclusive_84_92,KB부동산 단지 시세/평형정보 | https://kbland.kr/map?complex=43586,TIER_2_KB_OFFICIAL_API
A10023409,exclusive_112,KB부동산 단지 시세/평형정보 | https://kbland.kr/map?complex=43586,TIER_2_KB_OFFICIAL_API
A10026363,exclusive_74_92,KB부동산 단지 시세/평형정보 | https://kbland.kr/map?complex=29812,TIER_2_KB_OFFICIAL_API
A10026363,exclusive_84_39,KB부동산 단지 시세/평형정보 | https://kbland.kr/map?complex=29812,TIER_2_KB_OFFICIAL_API
A10026363,exclusive_84_82,KB부동산 단지 시세/평형정보 | https://kbland.kr/map?complex=29812,TIER_2_KB_OFFICIAL_API
A10026363,exclusive_84_49,KB부동산 단지 시세/평형정보 | https://kbland.kr/map?complex=29812,TIER_2_KB_OFFICIAL_API
A10026363,exclusive_84_99,KB부동산 단지 시세/평형정보 | https://kbland.kr/map?complex=29812,TIER_2_KB_OFFICIAL_API
A10026363,exclusive_84_32,KB부동산 단지 시세/평형정보 | https://kbland.kr/map?complex=29812,TIER_2_KB_OFFICIAL_API
A61475512,exclusive_32_39,KB부동산 단지 시세/평형정보 | https://kbland.kr/map?complex=5575,TIER_2_KB_OFFICIAL_API
A61475512,exclusive_41_3,KB부동산 단지 시세/평형정보 | https://kbland.kr/map?complex=5575,TIER_2_KB_OFFICIAL_API
A61475512,exclusive_49_94,KB부동산 단지 시세/평형정보 | https://kbland.kr/map?complex=5575,TIER_2_KB_OFFICIAL_API
A61475512,exclusive_58_01,KB부동산 단지 시세/평형정보 | https://kbland.kr/map?complex=5575,TIER_2_KB_OFFICIAL_API
A61475512,exclusive_61_52,KB부동산 단지 시세/평형정보 | https://kbland.kr/map?complex=5575,TIER_2_KB_OFFICIAL_API
A61475512,exclusive_66_56,KB부동산 단지 시세/평형정보 | https://kbland.kr/map?complex=5575,TIER_2_KB_OFFICIAL_API
A61475512,exclusive_79_07,KB부동산 단지 시세/평형정보 | https://kbland.kr/map?complex=5575,TIER_2_KB_OFFICIAL_API
A61477009,exclusive_44_87,KB부동산 단지 시세/평형정보 | https://kbland.kr/map?complex=36293,TIER_2_KB_OFFICIAL_API
A61477009,exclusive_56_88,KB부동산 단지 시세/평형정보 | https://kbland.kr/map?complex=36293,TIER_2_KB_OFFICIAL_API
A61477105,exclusive_59_76,KB부동산 단지 시세/평형정보 | https://kbland.kr/map?complex=5583,TIER_2_KB_OFFICIAL_API
A61477105,exclusive_59_76_22평A,KB부동산 단지 시세/평형정보 | https://kbland.kr/map?complex=5583,TIER_2_KB_OFFICIAL_API
A61477105,exclusive_74_59,KB부동산 단지 시세/평형정보 | https://kbland.kr/map?complex=5583,TIER_2_KB_OFFICIAL_API
A61477105,exclusive_84_99,KB부동산 단지 시세/평형정보 | https://kbland.kr/map?complex=5583,TIER_2_KB_OFFICIAL_API
A61477105,exclusive_102_39,KB부동산 단지 시세/평형정보 | https://kbland.kr/map?complex=5583,TIER_2_KB_OFFICIAL_API
A61477105,exclusive_102_61,KB부동산 단지 시세/평형정보 | https://kbland.kr/map?complex=5583,TIER_2_KB_OFFICIAL_API
A61477105,exclusive_120_39,KB부동산 단지 시세/평형정보 | https://kbland.kr/map?complex=5583,TIER_2_KB_OFFICIAL_API
A61477105,exclusive_140_58,KB부동산 단지 시세/평형정보 | https://kbland.kr/map?complex=5583,TIER_2_KB_OFFICIAL_API
A61477403,exclusive_39_66,KB부동산 단지 시세/평형정보 | https://kbland.kr/map?complex=5585,TIER_2_KB_OFFICIAL_API
A61477403,exclusive_39_67,KB부동산 단지 시세/평형정보 | https://kbland.kr/map?complex=5585,TIER_2_KB_OFFICIAL_API
A61480908,exclusive_84_98,KB부동산 단지 시세/평형정보 | https://kbland.kr/map?complex=5577,TIER_2_KB_OFFICIAL_API
A61480908,exclusive_117_95,KB부동산 단지 시세/평형정보 | https://kbland.kr/map?complex=5577,TIER_2_KB_OFFICIAL_API
A61480908,exclusive_131_66,KB부동산 단지 시세/평형정보 | https://kbland.kr/map?complex=5577,TIER_2_KB_OFFICIAL_API
A10026360,exclusive_67_89,KB부동산 단지 시세/평형정보 | https://kbland.kr/map?complex=31355,TIER_2_KB_OFFICIAL_API
A10026360,exclusive_67_91,KB부동산 단지 시세/평형정보 | https://kbland.kr/map?complex=31355,TIER_2_KB_OFFICIAL_API
A10026360,exclusive_75_86,KB부동산 단지 시세/평형정보 | https://kbland.kr/map?complex=31355,TIER_2_KB_OFFICIAL_API
A10026360,exclusive_84_86,KB부동산 단지 시세/평형정보 | https://kbland.kr/map?complex=31355,TIER_2_KB_OFFICIAL_API
A10027972,exclusive_55_35,KB부동산 단지 시세/평형정보 | https://kbland.kr/map?complex=29234,TIER_2_KB_OFFICIAL_API
A10027972,exclusive_55_35_24평,KB부동산 단지 시세/평형정보 | https://kbland.kr/map?complex=29234,TIER_2_KB_OFFICIAL_API
A10027972,exclusive_55_35_24평H,KB부동산 단지 시세/평형정보 | https://kbland.kr/map?complex=29234,TIER_2_KB_OFFICIAL_API
A10027972,exclusive_55_35_24평I,KB부동산 단지 시세/평형정보 | https://kbland.kr/map?complex=29234,TIER_2_KB_OFFICIAL_API
A10027972,exclusive_72_77,KB부동산 단지 시세/평형정보 | https://kbland.kr/map?complex=29234,TIER_2_KB_OFFICIAL_API
A10027972,exclusive_72_2,KB부동산 단지 시세/평형정보 | https://kbland.kr/map?complex=29234,TIER_2_KB_OFFICIAL_API
A10027972,exclusive_79_16,KB부동산 단지 시세/평형정보 | https://kbland.kr/map?complex=29234,TIER_2_KB_OFFICIAL_API
A10027972,exclusive_78_94,KB부동산 단지 시세/평형정보 | https://kbland.kr/map?complex=29234,TIER_2_KB_OFFICIAL_API
A10027972,exclusive_84_98,KB부동산 단지 시세/평형정보 | https://kbland.kr/map?complex=29234,TIER_2_KB_OFFICIAL_API
A10027972,exclusive_84_98_34평,KB부동산 단지 시세/평형정보 | https://kbland.kr/map?complex=29234,TIER_2_KB_OFFICIAL_API
A10027972,exclusive_96_79,KB부동산 단지 시세/평형정보 | https://kbland.kr/map?complex=29234,TIER_2_KB_OFFICIAL_API
A10027972,exclusive_96_79_38평B,KB부동산 단지 시세/평형정보 | https://kbland.kr/map?complex=29234,TIER_2_KB_OFFICIAL_API
A10027972,exclusive_109_07,KB부동산 단지 시세/평형정보 | https://kbland.kr/map?complex=29234,TIER_2_KB_OFFICIAL_API
A60710004,exclusive_51_86,KB부동산 단지 시세/평형정보 | https://kbland.kr/map?complex=13826,TIER_2_KB_OFFICIAL_API
A60710004,exclusive_59_91,KB부동산 단지 시세/평형정보 | https://kbland.kr/map?complex=13826,TIER_2_KB_OFFICIAL_API
A60710004,exclusive_59_98,KB부동산 단지 시세/평형정보 | https://kbland.kr/map?complex=13826,TIER_2_KB_OFFICIAL_API
A60710004,exclusive_74_65,KB부동산 단지 시세/평형정보 | https://kbland.kr/map?complex=13826,TIER_2_KB_OFFICIAL_API
A60710004,exclusive_84_92,KB부동산 단지 시세/평형정보 | https://kbland.kr/map?complex=13826,TIER_2_KB_OFFICIAL_API
A60777604,exclusive_59_87,KB부동산 단지 시세/평형정보 | https://kbland.kr/map?complex=5494,TIER_2_KB_OFFICIAL_API
A60777604,exclusive_77_85,KB부동산 단지 시세/평형정보 | https://kbland.kr/map?complex=5494,TIER_2_KB_OFFICIAL_API
A60777604,exclusive_84_83,KB부동산 단지 시세/평형정보 | https://kbland.kr/map?complex=5494,TIER_2_KB_OFFICIAL_API
A60777604,exclusive_118_53,KB부동산 단지 시세/평형정보 | https://kbland.kr/map?complex=5494,TIER_2_KB_OFFICIAL_API
A60777604,exclusive_141_69,KB부동산 단지 시세/평형정보 | https://kbland.kr/map?complex=5494,TIER_2_KB_OFFICIAL_API
A60778502,exclusive_59_69,KB부동산 단지 시세/평형정보 | https://kbland.kr/map?complex=14533,TIER_2_KB_OFFICIAL_API
A60778502,exclusive_74_65,KB부동산 단지 시세/평형정보 | https://kbland.kr/map?complex=14533,TIER_2_KB_OFFICIAL_API
A60778502,exclusive_84_92,KB부동산 단지 시세/평형정보 | https://kbland.kr/map?complex=14533,TIER_2_KB_OFFICIAL_API
A60782701,exclusive_84_95,KB부동산 단지 시세/평형정보 | https://kbland.kr/map?complex=5485,TIER_2_KB_OFFICIAL_API
A60782701,exclusive_134_82,KB부동산 단지 시세/평형정보 | https://kbland.kr/map?complex=5485,TIER_2_KB_OFFICIAL_API
A60782701,exclusive_146_69,KB부동산 단지 시세/평형정보 | https://kbland.kr/map?complex=5485,TIER_2_KB_OFFICIAL_API
A60782701,exclusive_151_55,KB부동산 단지 시세/평형정보 | https://kbland.kr/map?complex=5485,TIER_2_KB_OFFICIAL_API
A60782701,exclusive_182_99,KB부동산 단지 시세/평형정보 | https://kbland.kr/map?complex=5485,TIER_2_KB_OFFICIAL_API
A60782701,exclusive_187_85,KB부동산 단지 시세/평형정보 | https://kbland.kr/map?complex=5485,TIER_2_KB_OFFICIAL_API
A10025662,exclusive_84_82,KB부동산 단지 시세/평형정보 | https://kbland.kr/map?complex=31578,TIER_2_KB_OFFICIAL_API
A10025662,exclusive_84_64,KB부동산 단지 시세/평형정보 | https://kbland.kr/map?complex=31578,TIER_2_KB_OFFICIAL_API
A60775407,exclusive_59_95,KB부동산 단지 시세/평형정보 | https://kbland.kr/map?complex=5417,TIER_2_KB_OFFICIAL_API
A60775407,exclusive_84_86,KB부동산 단지 시세/평형정보 | https://kbland.kr/map?complex=5417,TIER_2_KB_OFFICIAL_API
A60775407,exclusive_84_98,KB부동산 단지 시세/평형정보 | https://kbland.kr/map?complex=5417,TIER_2_KB_OFFICIAL_API
A60775407,exclusive_121_79,KB부동산 단지 시세/평형정보 | https://kbland.kr/map?complex=5417,TIER_2_KB_OFFICIAL_API
A60775605,exclusive_40_3,KB부동산 단지 시세/평형정보 | https://kbland.kr/map?complex=5414,TIER_2_KB_OFFICIAL_API
A60775605,exclusive_52_44,KB부동산 단지 시세/평형정보 | https://kbland.kr/map?complex=5414,TIER_2_KB_OFFICIAL_API
A60775605,exclusive_59_64,KB부동산 단지 시세/평형정보 | https://kbland.kr/map?complex=5414,TIER_2_KB_OFFICIAL_API
A60775605,exclusive_84_87,KB부동산 단지 시세/평형정보 | https://kbland.kr/map?complex=5414,TIER_2_KB_OFFICIAL_API
A60775605,exclusive_134_88,KB부동산 단지 시세/평형정보 | https://kbland.kr/map?complex=5414,TIER_2_KB_OFFICIAL_API
A60776006,exclusive_82_91,KB부동산 단지 시세/평형정보 | https://kbland.kr/map?complex=5418,TIER_2_KB_OFFICIAL_API
A60776006,exclusive_96_4,KB부동산 단지 시세/평형정보 | https://kbland.kr/map?complex=5418,TIER_2_KB_OFFICIAL_API
A60776006,exclusive_113_39,KB부동산 단지 시세/평형정보 | https://kbland.kr/map?complex=5418,TIER_2_KB_OFFICIAL_API
A60776006,exclusive_133_42,KB부동산 단지 시세/평형정보 | https://kbland.kr/map?complex=5418,TIER_2_KB_OFFICIAL_API
A60780104,exclusive_59_9,KB부동산 단지 시세/평형정보 | https://kbland.kr/map?complex=5416,TIER_2_KB_OFFICIAL_API
A60780104,exclusive_84_83,KB부동산 단지 시세/평형정보 | https://kbland.kr/map?complex=5416,TIER_2_KB_OFFICIAL_API
A60780108,exclusive_71_01,KB부동산 단지 시세/평형정보 | https://kbland.kr/map?complex=15051,TIER_2_KB_OFFICIAL_API
A60780108,exclusive_76_61,KB부동산 단지 시세/평형정보 | https://kbland.kr/map?complex=15051,TIER_2_KB_OFFICIAL_API
A60780108,exclusive_84_95,KB부동산 단지 시세/평형정보 | https://kbland.kr/map?complex=15051,TIER_2_KB_OFFICIAL_API
A60780108,exclusive_84_93,KB부동산 단지 시세/평형정보 | https://kbland.kr/map?complex=15051,TIER_2_KB_OFFICIAL_API
A60780108,exclusive_84_98,KB부동산 단지 시세/평형정보 | https://kbland.kr/map?complex=15051,TIER_2_KB_OFFICIAL_API
A60780108,exclusive_105_18,KB부동산 단지 시세/평형정보 | https://kbland.kr/map?complex=15051,TIER_2_KB_OFFICIAL_API
A60780108,exclusive_112_17,KB부동산 단지 시세/평형정보 | https://kbland.kr/map?complex=15051,TIER_2_KB_OFFICIAL_API
A60780108,exclusive_124_97,KB부동산 단지 시세/평형정보 | https://kbland.kr/map?complex=15051,TIER_2_KB_OFFICIAL_API
A60702002,exclusive_84_87,KB부동산 단지 시세/평형정보 | https://kbland.kr/map?complex=5411,TIER_2_KB_OFFICIAL_API
A60702002,exclusive_112_37,KB부동산 단지 시세/평형정보 | https://kbland.kr/map?complex=5411,TIER_2_KB_OFFICIAL_API
A60702002,exclusive_124_7,KB부동산 단지 시세/평형정보 | https://kbland.kr/map?complex=5411,TIER_2_KB_OFFICIAL_API
A60702002,exclusive_134_77,KB부동산 단지 시세/평형정보 | https://kbland.kr/map?complex=5411,TIER_2_KB_OFFICIAL_API
A60702002,exclusive_152_71,KB부동산 단지 시세/평형정보 | https://kbland.kr/map?complex=5411,TIER_2_KB_OFFICIAL_API
A60702002,exclusive_174_16,KB부동산 단지 시세/평형정보 | https://kbland.kr/map?complex=5411,TIER_2_KB_OFFICIAL_API
A60702002,exclusive_201_4,KB부동산 단지 시세/평형정보 | https://kbland.kr/map?complex=5411,TIER_2_KB_OFFICIAL_API
A60702002,exclusive_234_08,KB부동산 단지 시세/평형정보 | https://kbland.kr/map?complex=5411,TIER_2_KB_OFFICIAL_API
A10023781,exclusive_84_93,KB부동산 단지 시세/평형정보 | https://kbland.kr/map?complex=45594,TIER_2_KB_OFFICIAL_API
A10023781,exclusive_84_96,KB부동산 단지 시세/평형정보 | https://kbland.kr/map?complex=45594,TIER_2_KB_OFFICIAL_API
A10023781,exclusive_109_98,KB부동산 단지 시세/평형정보 | https://kbland.kr/map?complex=45594,TIER_2_KB_OFFICIAL_API
A10023781,exclusive_137_32,KB부동산 단지 시세/평형정보 | https://kbland.kr/map?complex=45594,TIER_2_KB_OFFICIAL_API
A10023781,exclusive_137_9,KB부동산 단지 시세/평형정보 | https://kbland.kr/map?complex=45594,TIER_2_KB_OFFICIAL_API
A10025687,exclusive_39_59,KB부동산 단지 시세/평형정보 | https://kbland.kr/map?complex=34200,TIER_2_KB_OFFICIAL_API
A10025687,exclusive_45_95,KB부동산 단지 시세/평형정보 | https://kbland.kr/map?complex=34200,TIER_2_KB_OFFICIAL_API
A10025687,exclusive_45_93,KB부동산 단지 시세/평형정보 | https://kbland.kr/map?complex=34200,TIER_2_KB_OFFICIAL_API
A10025687,exclusive_59_94,KB부동산 단지 시세/평형정보 | https://kbland.kr/map?complex=34200,TIER_2_KB_OFFICIAL_API
A10025687,exclusive_59_9,KB부동산 단지 시세/평형정보 | https://kbland.kr/map?complex=34200,TIER_2_KB_OFFICIAL_API
A10025687,exclusive_59_99,KB부동산 단지 시세/평형정보 | https://kbland.kr/map?complex=34200,TIER_2_KB_OFFICIAL_API
A10025687,exclusive_59_88,KB부동산 단지 시세/평형정보 | https://kbland.kr/map?complex=34200,TIER_2_KB_OFFICIAL_API
A10025687,exclusive_59_88_26평D,KB부동산 단지 시세/평형정보 | https://kbland.kr/map?complex=34200,TIER_2_KB_OFFICIAL_API
A10025687,exclusive_59_92,KB부동산 단지 시세/평형정보 | https://kbland.kr/map?complex=34200,TIER_2_KB_OFFICIAL_API
A10025687,exclusive_84_93,KB부동산 단지 시세/평형정보 | https://kbland.kr/map?complex=34200,TIER_2_KB_OFFICIAL_API
A10025687,exclusive_84_96,KB부동산 단지 시세/평형정보 | https://kbland.kr/map?complex=34200,TIER_2_KB_OFFICIAL_API
A10025687,exclusive_84_96_34평C,KB부동산 단지 시세/평형정보 | https://kbland.kr/map?complex=34200,TIER_2_KB_OFFICIAL_API
A10023417,exclusive_74_77,KB부동산 단지 시세/평형정보 | https://kbland.kr/map?complex=43564,TIER_2_KB_OFFICIAL_API
A10023417,exclusive_84_88,KB부동산 단지 시세/평형정보 | https://kbland.kr/map?complex=43564,TIER_2_KB_OFFICIAL_API
A10023417,exclusive_84_88_35평B,KB부동산 단지 시세/평형정보 | https://kbland.kr/map?complex=43564,TIER_2_KB_OFFICIAL_API
A10023417,exclusive_84_9,KB부동산 단지 시세/평형정보 | https://kbland.kr/map?complex=43564,TIER_2_KB_OFFICIAL_API
A10023417,exclusive_84_74,KB부동산 단지 시세/평형정보 | https://kbland.kr/map?complex=43564,TIER_2_KB_OFFICIAL_API
A10025463,exclusive_84_47,KB부동산 단지 시세/평형정보 | https://kbland.kr/map?complex=30915,TIER_2_KB_OFFICIAL_API
A10025463,exclusive_84_57,KB부동산 단지 시세/평형정보 | https://kbland.kr/map?complex=30915,TIER_2_KB_OFFICIAL_API
A10025463,exclusive_84_61,KB부동산 단지 시세/평형정보 | https://kbland.kr/map?complex=30915,TIER_2_KB_OFFICIAL_API
A10025463,exclusive_84_37,KB부동산 단지 시세/평형정보 | https://kbland.kr/map?complex=30915,TIER_2_KB_OFFICIAL_API
A10025463,exclusive_105_31,KB부동산 단지 시세/평형정보 | https://kbland.kr/map?complex=30915,TIER_2_KB_OFFICIAL_API
A10025463,exclusive_105_31_43평B,KB부동산 단지 시세/평형정보 | https://kbland.kr/map?complex=30915,TIER_2_KB_OFFICIAL_API
A10026316,exclusive_84_56,KB부동산 단지 시세/평형정보 | https://kbland.kr/map?complex=30755,TIER_2_KB_OFFICIAL_API
A10026316,exclusive_84_91,KB부동산 단지 시세/평형정보 | https://kbland.kr/map?complex=30755,TIER_2_KB_OFFICIAL_API
A10026316,exclusive_84_86,KB부동산 단지 시세/평형정보 | https://kbland.kr/map?complex=30755,TIER_2_KB_OFFICIAL_API
A10026316,exclusive_84_79,KB부동산 단지 시세/평형정보 | https://kbland.kr/map?complex=30755,TIER_2_KB_OFFICIAL_API
A10026316,exclusive_84_67,KB부동산 단지 시세/평형정보 | https://kbland.kr/map?complex=30755,TIER_2_KB_OFFICIAL_API
A60775306,exclusive_84_72,KB부동산 단지 시세/평형정보 | https://kbland.kr/map?complex=5434,TIER_2_KB_OFFICIAL_API
A60775306,exclusive_84_64,KB부동산 단지 시세/평형정보 | https://kbland.kr/map?complex=5434,TIER_2_KB_OFFICIAL_API
A60775306,exclusive_132_49,KB부동산 단지 시세/평형정보 | https://kbland.kr/map?complex=5434,TIER_2_KB_OFFICIAL_API
A60775306,exclusive_132_49_46평B,KB부동산 단지 시세/평형정보 | https://kbland.kr/map?complex=5434,TIER_2_KB_OFFICIAL_API
A60775306,exclusive_163_96,KB부동산 단지 시세/평형정보 | https://kbland.kr/map?complex=5434,TIER_2_KB_OFFICIAL_API
A60775306,exclusive_163_96_57평B,KB부동산 단지 시세/평형정보 | https://kbland.kr/map?complex=5434,TIER_2_KB_OFFICIAL_API
A60775306,exclusive_190_55,KB부동산 단지 시세/평형정보 | https://kbland.kr/map?complex=5434,TIER_2_KB_OFFICIAL_API
A60783306,exclusive_84_81,KB부동산 단지 시세/평형정보 | https://kbland.kr/map?complex=15340,TIER_2_KB_OFFICIAL_API
A60783306,exclusive_84_97,KB부동산 단지 시세/평형정보 | https://kbland.kr/map?complex=15340,TIER_2_KB_OFFICIAL_API
A60783306,exclusive_119_3,KB부동산 단지 시세/평형정보 | https://kbland.kr/map?complex=15340,TIER_2_KB_OFFICIAL_API
A60783306,exclusive_119_93,KB부동산 단지 시세/평형정보 | https://kbland.kr/map?complex=15340,TIER_2_KB_OFFICIAL_API
A60783306,exclusive_117_9,KB부동산 단지 시세/평형정보 | https://kbland.kr/map?complex=15340,TIER_2_KB_OFFICIAL_API
A60783306,exclusive_117_77,KB부동산 단지 시세/평형정보 | https://kbland.kr/map?complex=15340,TIER_2_KB_OFFICIAL_API
A60783306,exclusive_134_9,KB부동산 단지 시세/평형정보 | https://kbland.kr/map?complex=15340,TIER_2_KB_OFFICIAL_API
A60783306,exclusive_135_81,KB부동산 단지 시세/평형정보 | https://kbland.kr/map?complex=15340,TIER_2_KB_OFFICIAL_API
A60783306,exclusive_136_89,KB부동산 단지 시세/평형정보 | https://kbland.kr/map?complex=15340,TIER_2_KB_OFFICIAL_API
A60783306,exclusive_171_48,KB부동산 단지 시세/평형정보 | https://kbland.kr/map?complex=15340,TIER_2_KB_OFFICIAL_API
A60783306,exclusive_196_97,KB부동산 단지 시세/평형정보 | https://kbland.kr/map?complex=15340,TIER_2_KB_OFFICIAL_API
A60783306,exclusive_222_89,KB부동산 단지 시세/평형정보 | https://kbland.kr/map?complex=15340,TIER_2_KB_OFFICIAL_API
A60783306,exclusive_223_1,KB부동산 단지 시세/평형정보 | https://kbland.kr/map?complex=15340,TIER_2_KB_OFFICIAL_API
A60784207,exclusive_84_88,KB부동산 단지 시세/평형정보 | https://kbland.kr/map?complex=13877,TIER_2_KB_OFFICIAL_API
A60784207,exclusive_84_88_32평D,KB부동산 단지 시세/평형정보 | https://kbland.kr/map?complex=13877,TIER_2_KB_OFFICIAL_API
A60784207,exclusive_84_95,KB부동산 단지 시세/평형정보 | https://kbland.kr/map?complex=13877,TIER_2_KB_OFFICIAL_API
A60784207,exclusive_84_95_35평A,KB부동산 단지 시세/평형정보 | https://kbland.kr/map?complex=13877,TIER_2_KB_OFFICIAL_API
A60784207,exclusive_101_4,KB부동산 단지 시세/평형정보 | https://kbland.kr/map?complex=13877,TIER_2_KB_OFFICIAL_API
A60784207,exclusive_128_53,KB부동산 단지 시세/평형정보 | https://kbland.kr/map?complex=13877,TIER_2_KB_OFFICIAL_API
A60784207,exclusive_128_26,KB부동산 단지 시세/평형정보 | https://kbland.kr/map?complex=13877,TIER_2_KB_OFFICIAL_API
A60784207,exclusive_148_45,KB부동산 단지 시세/평형정보 | https://kbland.kr/map?complex=13877,TIER_2_KB_OFFICIAL_API
A60784207,exclusive_163_43,KB부동산 단지 시세/평형정보 | https://kbland.kr/map?complex=13877,TIER_2_KB_OFFICIAL_API
A60784207,exclusive_182_46,KB부동산 단지 시세/평형정보 | https://kbland.kr/map?complex=13877,TIER_2_KB_OFFICIAL_API
A10022591,exclusive_59_9,KB부동산 단지 시세/평형정보 | https://kbland.kr/map?complex=550539,TIER_2_KB_OFFICIAL_API
A10022591,exclusive_59_9_23평B,KB부동산 단지 시세/평형정보 | https://kbland.kr/map?complex=550539,TIER_2_KB_OFFICIAL_API
A10022591,exclusive_84_91,KB부동산 단지 시세/평형정보 | https://kbland.kr/map?complex=550539,TIER_2_KB_OFFICIAL_API
A10022591,exclusive_84_89,KB부동산 단지 시세/평형정보 | https://kbland.kr/map?complex=550539,TIER_2_KB_OFFICIAL_API
A10022591,exclusive_84_89_33평A,KB부동산 단지 시세/평형정보 | https://kbland.kr/map?complex=550539,TIER_2_KB_OFFICIAL_API
A10027341,exclusive_54_34,KB부동산 단지 시세/평형정보 | https://kbland.kr/map?complex=27382,TIER_2_KB_OFFICIAL_API
A10027341,exclusive_59_99,KB부동산 단지 시세/평형정보 | https://kbland.kr/map?complex=27382,TIER_2_KB_OFFICIAL_API
A10027341,exclusive_59_99_26평A-1,KB부동산 단지 시세/평형정보 | https://kbland.kr/map?complex=27382,TIER_2_KB_OFFICIAL_API
A10027341,exclusive_73_29,KB부동산 단지 시세/평형정보 | https://kbland.kr/map?complex=27382,TIER_2_KB_OFFICIAL_API
A10027341,exclusive_84_99,KB부동산 단지 시세/평형정보 | https://kbland.kr/map?complex=27382,TIER_2_KB_OFFICIAL_API
A10027341,exclusive_84_99_33평A-1,KB부동산 단지 시세/평형정보 | https://kbland.kr/map?complex=27382,TIER_2_KB_OFFICIAL_API
A10027341,exclusive_84_98,KB부동산 단지 시세/평형정보 | https://kbland.kr/map?complex=27382,TIER_2_KB_OFFICIAL_API
A10027341,exclusive_84_9,KB부동산 단지 시세/평형정보 | https://kbland.kr/map?complex=27382,TIER_2_KB_OFFICIAL_API
A10027341,exclusive_84_99_33평B-2,KB부동산 단지 시세/평형정보 | https://kbland.kr/map?complex=27382,TIER_2_KB_OFFICIAL_API
A10027341,exclusive_84_99_33평A-2,KB부동산 단지 시세/평형정보 | https://kbland.kr/map?complex=27382,TIER_2_KB_OFFICIAL_API
A10027341,exclusive_84_98_33평D-1,KB부동산 단지 시세/평형정보 | https://kbland.kr/map?complex=27382,TIER_2_KB_OFFICIAL_API
A10027341,exclusive_84_98_33평C-2,KB부동산 단지 시세/평형정보 | https://kbland.kr/map?complex=27382,TIER_2_KB_OFFICIAL_API
A10027341,exclusive_84_9_33평C1-2,KB부동산 단지 시세/평형정보 | https://kbland.kr/map?complex=27382,TIER_2_KB_OFFICIAL_API
A10027341,exclusive_98_58,KB부동산 단지 시세/평형정보 | https://kbland.kr/map?complex=27382,TIER_2_KB_OFFICIAL_API
A10027341,exclusive_102_06,KB부동산 단지 시세/평형정보 | https://kbland.kr/map?complex=27382,TIER_2_KB_OFFICIAL_API
A60712001,exclusive_49_28,KB부동산 단지 시세/평형정보 | https://kbland.kr/map?complex=14279,TIER_2_KB_OFFICIAL_API
A60712001,exclusive_80_43,KB부동산 단지 시세/평형정보 | https://kbland.kr/map?complex=14279,TIER_2_KB_OFFICIAL_API
A60712001,exclusive_84_92,KB부동산 단지 시세/평형정보 | https://kbland.kr/map?complex=14279,TIER_2_KB_OFFICIAL_API
A60712001,exclusive_84_92_33평B,KB부동산 단지 시세/평형정보 | https://kbland.kr/map?complex=14279,TIER_2_KB_OFFICIAL_API
A60712001,exclusive_94_62,KB부동산 단지 시세/평형정보 | https://kbland.kr/map?complex=14279,TIER_2_KB_OFFICIAL_API
A60712001,exclusive_112_44,KB부동산 단지 시세/평형정보 | https://kbland.kr/map?complex=14279,TIER_2_KB_OFFICIAL_API
A60712001,exclusive_112_44_43평B,KB부동산 단지 시세/평형정보 | https://kbland.kr/map?complex=14279,TIER_2_KB_OFFICIAL_API
A60712001,exclusive_131_57,KB부동산 단지 시세/평형정보 | https://kbland.kr/map?complex=14279,TIER_2_KB_OFFICIAL_API
A60712001,exclusive_165_16,KB부동산 단지 시세/평형정보 | https://kbland.kr/map?complex=14279,TIER_2_KB_OFFICIAL_API
A60712204,exclusive_59_8,KB부동산 단지 시세/평형정보 | https://kbland.kr/map?complex=5474,TIER_2_KB_OFFICIAL_API
A60712204,exclusive_59_82,KB부동산 단지 시세/평형정보 | https://kbland.kr/map?complex=5474,TIER_2_KB_OFFICIAL_API
A60712204,exclusive_59_98,KB부동산 단지 시세/평형정보 | https://kbland.kr/map?complex=5474,TIER_2_KB_OFFICIAL_API
A60712204,exclusive_84_94,KB부동산 단지 시세/평형정보 | https://kbland.kr/map?complex=5474,TIER_2_KB_OFFICIAL_API
A60712204,exclusive_126_65,KB부동산 단지 시세/평형정보 | https://kbland.kr/map?complex=5474,TIER_2_KB_OFFICIAL_API
A60712204,exclusive_164_93,KB부동산 단지 시세/평형정보 | https://kbland.kr/map?complex=5474,TIER_2_KB_OFFICIAL_API
A60776402,exclusive_84_99,KB부동산 단지 시세/평형정보 | https://kbland.kr/map?complex=16124,TIER_2_KB_OFFICIAL_API
A60776402,exclusive_84_97,KB부동산 단지 시세/평형정보 | https://kbland.kr/map?complex=16124,TIER_2_KB_OFFICIAL_API
A60776402,exclusive_120_42,KB부동산 단지 시세/평형정보 | https://kbland.kr/map?complex=16124,TIER_2_KB_OFFICIAL_API
A60776402,exclusive_159_52,KB부동산 단지 시세/평형정보 | https://kbland.kr/map?complex=16124,TIER_2_KB_OFFICIAL_API
A60778608,exclusive_59_93,KB부동산 단지 시세/평형정보 | https://kbland.kr/map?complex=14653,TIER_2_KB_OFFICIAL_API
A60778608,exclusive_84_96,KB부동산 단지 시세/평형정보 | https://kbland.kr/map?complex=14653,TIER_2_KB_OFFICIAL_API
A60778608,exclusive_119,KB부동산 단지 시세/평형정보 | https://kbland.kr/map?complex=14653,TIER_2_KB_OFFICIAL_API
A60778608,exclusive_134_31,KB부동산 단지 시세/평형정보 | https://kbland.kr/map?complex=14653,TIER_2_KB_OFFICIAL_API
A60778608,exclusive_154_53,KB부동산 단지 시세/평형정보 | https://kbland.kr/map?complex=14653,TIER_2_KB_OFFICIAL_API
A10022847,exclusive_59_89,KB부동산 단지 시세/평형정보 | https://kbland.kr/map?complex=1072913,TIER_2_KB_OFFICIAL_API
A10022847,exclusive_59_93,KB부동산 단지 시세/평형정보 | https://kbland.kr/map?complex=1072913,TIER_2_KB_OFFICIAL_API
A10022847,exclusive_59_85,KB부동산 단지 시세/평형정보 | https://kbland.kr/map?complex=1072913,TIER_2_KB_OFFICIAL_API
A10022847,exclusive_76_59,KB부동산 단지 시세/평형정보 | https://kbland.kr/map?complex=1072913,TIER_2_KB_OFFICIAL_API
A10022847,exclusive_84_92,KB부동산 단지 시세/평형정보 | https://kbland.kr/map?complex=1072913,TIER_2_KB_OFFICIAL_API
A10022847,exclusive_84_98,KB부동산 단지 시세/평형정보 | https://kbland.kr/map?complex=1072913,TIER_2_KB_OFFICIAL_API
A10022847,exclusive_100_19,KB부동산 단지 시세/평형정보 | https://kbland.kr/map?complex=1072913,TIER_2_KB_OFFICIAL_API
A10022847,exclusive_100_16,KB부동산 단지 시세/평형정보 | https://kbland.kr/map?complex=1072913,TIER_2_KB_OFFICIAL_API
A10022847,exclusive_114_98,KB부동산 단지 시세/평형정보 | https://kbland.kr/map?complex=1072913,TIER_2_KB_OFFICIAL_API
A10022847,exclusive_114_68,KB부동산 단지 시세/평형정보 | https://kbland.kr/map?complex=1072913,TIER_2_KB_OFFICIAL_API
A10026094,exclusive_59_99,KB부동산 단지 시세/평형정보 | https://kbland.kr/map?complex=31369,TIER_2_KB_OFFICIAL_API
A10026094,exclusive_59_97,KB부동산 단지 시세/평형정보 | https://kbland.kr/map?complex=31369,TIER_2_KB_OFFICIAL_API
A10026094,exclusive_74_29,KB부동산 단지 시세/평형정보 | https://kbland.kr/map?complex=31369,TIER_2_KB_OFFICIAL_API
A10026094,exclusive_84_99,KB부동산 단지 시세/평형정보 | https://kbland.kr/map?complex=31369,TIER_2_KB_OFFICIAL_API
A10026094,exclusive_84_96,KB부동산 단지 시세/평형정보 | https://kbland.kr/map?complex=31369,TIER_2_KB_OFFICIAL_API
A10026094,exclusive_99_51,KB부동산 단지 시세/평형정보 | https://kbland.kr/map?complex=31369,TIER_2_KB_OFFICIAL_API
A10026094,exclusive_111_97,KB부동산 단지 시세/평형정보 | https://kbland.kr/map?complex=31369,TIER_2_KB_OFFICIAL_API
A10026184,exclusive_39_78,KB부동산 단지 시세/평형정보 | https://kbland.kr/map?complex=31111,TIER_2_KB_OFFICIAL_API
A10026184,exclusive_59_98,KB부동산 단지 시세/평형정보 | https://kbland.kr/map?complex=31111,TIER_2_KB_OFFICIAL_API
A10026184,exclusive_59_87,KB부동산 단지 시세/평형정보 | https://kbland.kr/map?complex=31111,TIER_2_KB_OFFICIAL_API
A10026184,exclusive_74_95,KB부동산 단지 시세/평형정보 | https://kbland.kr/map?complex=31111,TIER_2_KB_OFFICIAL_API
A10026184,exclusive_84_98,KB부동산 단지 시세/평형정보 | https://kbland.kr/map?complex=31111,TIER_2_KB_OFFICIAL_API
A10026184,exclusive_84_92,KB부동산 단지 시세/평형정보 | https://kbland.kr/map?complex=31111,TIER_2_KB_OFFICIAL_API
A10026184,exclusive_84_96,KB부동산 단지 시세/평형정보 | https://kbland.kr/map?complex=31111,TIER_2_KB_OFFICIAL_API
A10026184,exclusive_99_93,KB부동산 단지 시세/평형정보 | https://kbland.kr/map?complex=31111,TIER_2_KB_OFFICIAL_API
A10026452,exclusive_39_7,KB부동산 단지 시세/평형정보 | https://kbland.kr/map?complex=30004,TIER_2_KB_OFFICIAL_API
A10026452,exclusive_49_31,KB부동산 단지 시세/평형정보 | https://kbland.kr/map?complex=30004,TIER_2_KB_OFFICIAL_API
A10026452,exclusive_59_94,KB부동산 단지 시세/평형정보 | https://kbland.kr/map?complex=30004,TIER_2_KB_OFFICIAL_API
A10026452,exclusive_59_99,KB부동산 단지 시세/평형정보 | https://kbland.kr/map?complex=30004,TIER_2_KB_OFFICIAL_API
A10026452,exclusive_59_96,KB부동산 단지 시세/평형정보 | https://kbland.kr/map?complex=30004,TIER_2_KB_OFFICIAL_API
A10026452,exclusive_59_94_25평D,KB부동산 단지 시세/평형정보 | https://kbland.kr/map?complex=30004,TIER_2_KB_OFFICIAL_API
A10026452,exclusive_84_98,KB부동산 단지 시세/평형정보 | https://kbland.kr/map?complex=30004,TIER_2_KB_OFFICIAL_API
A10026452,exclusive_84_98_33평C,KB부동산 단지 시세/평형정보 | https://kbland.kr/map?complex=30004,TIER_2_KB_OFFICIAL_API
A10026452,exclusive_84_95,KB부동산 단지 시세/평형정보 | https://kbland.kr/map?complex=30004,TIER_2_KB_OFFICIAL_API
A10026452,exclusive_84_95_33평D,KB부동산 단지 시세/평형정보 | https://kbland.kr/map?complex=30004,TIER_2_KB_OFFICIAL_API
A10026452,exclusive_84_98_34평B,KB부동산 단지 시세/평형정보 | https://kbland.kr/map?complex=30004,TIER_2_KB_OFFICIAL_API
A10026452,exclusive_84_95_34평A,KB부동산 단지 시세/평형정보 | https://kbland.kr/map?complex=30004,TIER_2_KB_OFFICIAL_API
A10026452,exclusive_100_95,KB부동산 단지 시세/평형정보 | https://kbland.kr/map?complex=30004,TIER_2_KB_OFFICIAL_API
A10026452,exclusive_100_99,KB부동산 단지 시세/평형정보 | https://kbland.kr/map?complex=30004,TIER_2_KB_OFFICIAL_API
A10026452,exclusive_121_97,KB부동산 단지 시세/평형정보 | https://kbland.kr/map?complex=30004,TIER_2_KB_OFFICIAL_API
A10026452,exclusive_121_97_46평B,KB부동산 단지 시세/평형정보 | https://kbland.kr/map?complex=30004,TIER_2_KB_OFFICIAL_API
A60874408,exclusive_29_24,KB부동산 단지 시세/평형정보 | https://kbland.kr/map?complex=13192,TIER_2_KB_OFFICIAL_API
A60874408,exclusive_29_24_13평B,KB부동산 단지 시세/평형정보 | https://kbland.kr/map?complex=13192,TIER_2_KB_OFFICIAL_API
A60874408,exclusive_44_45,KB부동산 단지 시세/평형정보 | https://kbland.kr/map?complex=13192,TIER_2_KB_OFFICIAL_API
A60874408,exclusive_73_13,KB부동산 단지 시세/평형정보 | https://kbland.kr/map?complex=13192,TIER_2_KB_OFFICIAL_API
A60874408,exclusive_84_96,KB부동산 단지 시세/평형정보 | https://kbland.kr/map?complex=13192,TIER_2_KB_OFFICIAL_API
A60874408,exclusive_112_04,KB부동산 단지 시세/평형정보 | https://kbland.kr/map?complex=13192,TIER_2_KB_OFFICIAL_API
A60874408,exclusive_129_2,KB부동산 단지 시세/평형정보 | https://kbland.kr/map?complex=13192,TIER_2_KB_OFFICIAL_API
A60874408,exclusive_147_59,KB부동산 단지 시세/평형정보 | https://kbland.kr/map?complex=13192,TIER_2_KB_OFFICIAL_API
A60874408,exclusive_160_33,KB부동산 단지 시세/평형정보 | https://kbland.kr/map?complex=13192,TIER_2_KB_OFFICIAL_API
A60874408,exclusive_198_1,KB부동산 단지 시세/평형정보 | https://kbland.kr/map?complex=13192,TIER_2_KB_OFFICIAL_API
A60874408,exclusive_221_09,KB부동산 단지 시세/평형정보 | https://kbland.kr/map?complex=13192,TIER_2_KB_OFFICIAL_API
A60874408,exclusive_221_38,KB부동산 단지 시세/평형정보 | https://kbland.kr/map?complex=13192,TIER_2_KB_OFFICIAL_API
A60874408,exclusive_262_42,KB부동산 단지 시세/평형정보 | https://kbland.kr/map?complex=13192,TIER_2_KB_OFFICIAL_API
A60875509,exclusive_59_99,KB부동산 단지 시세/평형정보 | https://kbland.kr/map?complex=5324,TIER_2_KB_OFFICIAL_API
A60875509,exclusive_84_95,KB부동산 단지 시세/평형정보 | https://kbland.kr/map?complex=5324,TIER_2_KB_OFFICIAL_API
A60875509,exclusive_134_78,KB부동산 단지 시세/평형정보 | https://kbland.kr/map?complex=5324,TIER_2_KB_OFFICIAL_API
A60877710,exclusive_59_86,KB부동산 단지 시세/평형정보 | https://kbland.kr/map?complex=5328,TIER_2_KB_OFFICIAL_API
A60877710,exclusive_59_99,KB부동산 단지 시세/평형정보 | https://kbland.kr/map?complex=5328,TIER_2_KB_OFFICIAL_API
A60877710,exclusive_84_98,KB부동산 단지 시세/평형정보 | https://kbland.kr/map?complex=5328,TIER_2_KB_OFFICIAL_API
A60877710,exclusive_134_98,KB부동산 단지 시세/평형정보 | https://kbland.kr/map?complex=5328,TIER_2_KB_OFFICIAL_API
A60877710,exclusive_164_34,KB부동산 단지 시세/평형정보 | https://kbland.kr/map?complex=5328,TIER_2_KB_OFFICIAL_API
A60877907,exclusive_59_8,KB부동산 단지 시세/평형정보 | https://kbland.kr/map?complex=5329,TIER_2_KB_OFFICIAL_API
A60877907,exclusive_59_99,KB부동산 단지 시세/평형정보 | https://kbland.kr/map?complex=5329,TIER_2_KB_OFFICIAL_API
A60877907,exclusive_84_99,KB부동산 단지 시세/평형정보 | https://kbland.kr/map?complex=5329,TIER_2_KB_OFFICIAL_API
A60877907,exclusive_84_91,KB부동산 단지 시세/평형정보 | https://kbland.kr/map?complex=5329,TIER_2_KB_OFFICIAL_API
A60877907,exclusive_140_14,KB부동산 단지 시세/평형정보 | https://kbland.kr/map?complex=5329,TIER_2_KB_OFFICIAL_API
A60877907,exclusive_201_94,KB부동산 단지 시세/평형정보 | https://kbland.kr/map?complex=5329,TIER_2_KB_OFFICIAL_API
A10023436,exclusive_39_95,KB부동산 단지 시세/평형정보 | https://kbland.kr/map?complex=47451,TIER_2_KB_OFFICIAL_API
A10023436,exclusive_59_97,KB부동산 단지 시세/평형정보 | https://kbland.kr/map?complex=47451,TIER_2_KB_OFFICIAL_API
A10023436,exclusive_59_74,KB부동산 단지 시세/평형정보 | https://kbland.kr/map?complex=47451,TIER_2_KB_OFFICIAL_API
A10023436,exclusive_73_9,KB부동산 단지 시세/평형정보 | https://kbland.kr/map?complex=47451,TIER_2_KB_OFFICIAL_API
A10023436,exclusive_73_86,KB부동산 단지 시세/평형정보 | https://kbland.kr/map?complex=47451,TIER_2_KB_OFFICIAL_API
A10023436,exclusive_73_86_31평B,KB부동산 단지 시세/평형정보 | https://kbland.kr/map?complex=47451,TIER_2_KB_OFFICIAL_API
A10023436,exclusive_84_99,KB부동산 단지 시세/평형정보 | https://kbland.kr/map?complex=47451,TIER_2_KB_OFFICIAL_API
A10023436,exclusive_84_72,KB부동산 단지 시세/평형정보 | https://kbland.kr/map?complex=47451,TIER_2_KB_OFFICIAL_API
A10023436,exclusive_84_94,KB부동산 단지 시세/평형정보 | https://kbland.kr/map?complex=47451,TIER_2_KB_OFFICIAL_API
A60809002,exclusive_84_9,KB부동산 단지 시세/평형정보 | https://kbland.kr/map?complex=15459,TIER_2_KB_OFFICIAL_API
A60809002,exclusive_84_88,KB부동산 단지 시세/평형정보 | https://kbland.kr/map?complex=15459,TIER_2_KB_OFFICIAL_API
A60809002,exclusive_84_78,KB부동산 단지 시세/평형정보 | https://kbland.kr/map?complex=15459,TIER_2_KB_OFFICIAL_API
A60809002,exclusive_130_17,KB부동산 단지 시세/평형정보 | https://kbland.kr/map?complex=15459,TIER_2_KB_OFFICIAL_API
A60809002,exclusive_151_27,KB부동산 단지 시세/평형정보 | https://kbland.kr/map?complex=15459,TIER_2_KB_OFFICIAL_API
A60809002,exclusive_171_5,KB부동산 단지 시세/평형정보 | https://kbland.kr/map?complex=15459,TIER_2_KB_OFFICIAL_API
A60876301,exclusive_59_96,KB부동산 단지 시세/평형정보 | https://kbland.kr/map?complex=5385,TIER_2_KB_OFFICIAL_API
A60876301,exclusive_84_93,KB부동산 단지 시세/평형정보 | https://kbland.kr/map?complex=5385,TIER_2_KB_OFFICIAL_API
A60876301,exclusive_84_99,KB부동산 단지 시세/평형정보 | https://kbland.kr/map?complex=5385,TIER_2_KB_OFFICIAL_API
A60876301,exclusive_110_6,KB부동산 단지 시세/평형정보 | https://kbland.kr/map?complex=5385,TIER_2_KB_OFFICIAL_API
A60876402,exclusive_52_29,KB부동산 단지 시세/평형정보 | https://kbland.kr/map?complex=5384,TIER_2_KB_OFFICIAL_API
A60876402,exclusive_59_62,KB부동산 단지 시세/평형정보 | https://kbland.kr/map?complex=5384,TIER_2_KB_OFFICIAL_API
A60876402,exclusive_72_43,KB부동산 단지 시세/평형정보 | https://kbland.kr/map?complex=5384,TIER_2_KB_OFFICIAL_API
A60876402,exclusive_84_99,KB부동산 단지 시세/평형정보 | https://kbland.kr/map?complex=5384,TIER_2_KB_OFFICIAL_API
A61202008,exclusive_59_99,KB부동산 단지 시세/평형정보 | https://kbland.kr/map?complex=25692,TIER_2_KB_OFFICIAL_API
A61202008,exclusive_59_99_24평C,KB부동산 단지 시세/평형정보 | https://kbland.kr/map?complex=25692,TIER_2_KB_OFFICIAL_API
A61202008,exclusive_59_96,KB부동산 단지 시세/평형정보 | https://kbland.kr/map?complex=25692,TIER_2_KB_OFFICIAL_API
A61202008,exclusive_74_93,KB부동산 단지 시세/평형정보 | https://kbland.kr/map?complex=25692,TIER_2_KB_OFFICIAL_API
A61202008,exclusive_74_99,KB부동산 단지 시세/평형정보 | https://kbland.kr/map?complex=25692,TIER_2_KB_OFFICIAL_API
A61202008,exclusive_84_99,KB부동산 단지 시세/평형정보 | https://kbland.kr/map?complex=25692,TIER_2_KB_OFFICIAL_API
A61202008,exclusive_84_86,KB부동산 단지 시세/평형정보 | https://kbland.kr/map?complex=25692,TIER_2_KB_OFFICIAL_API
A61202008,exclusive_84_99_34평B,KB부동산 단지 시세/평형정보 | https://kbland.kr/map?complex=25692,TIER_2_KB_OFFICIAL_API
A60883003,exclusive_84_65,KB부동산 단지 시세/평형정보 | https://kbland.kr/map?complex=14864,TIER_2_KB_OFFICIAL_API
A60883003,exclusive_84_65_33평A,KB부동산 단지 시세/평형정보 | https://kbland.kr/map?complex=14864,TIER_2_KB_OFFICIAL_API
A60883003,exclusive_126_13,KB부동산 단지 시세/평형정보 | https://kbland.kr/map?complex=14864,TIER_2_KB_OFFICIAL_API
A60883003,exclusive_153_97,KB부동산 단지 시세/평형정보 | https://kbland.kr/map?complex=14864,TIER_2_KB_OFFICIAL_API
A10020004,exclusive_36_2,KB부동산 단지 시세/평형정보 | https://kbland.kr/map?complex=961704,TIER_2_KB_OFFICIAL_API
A10020004,exclusive_36_2_22평B,KB부동산 단지 시세/평형정보 | https://kbland.kr/map?complex=961704,TIER_2_KB_OFFICIAL_API
A10020004,exclusive_59_96,KB부동산 단지 시세/평형정보 | https://kbland.kr/map?complex=961704,TIER_2_KB_OFFICIAL_API
A10020004,exclusive_59_96_25평B,KB부동산 단지 시세/평형정보 | https://kbland.kr/map?complex=961704,TIER_2_KB_OFFICIAL_API
A10020004,exclusive_84_95,KB부동산 단지 시세/평형정보 | https://kbland.kr/map?complex=961704,TIER_2_KB_OFFICIAL_API
A10023533,exclusive_59_95,KB부동산 단지 시세/평형정보 | https://kbland.kr/map?complex=45612,TIER_2_KB_OFFICIAL_API
A10023533,exclusive_59_51,KB부동산 단지 시세/평형정보 | https://kbland.kr/map?complex=45612,TIER_2_KB_OFFICIAL_API
A10023533,exclusive_72_94,KB부동산 단지 시세/평형정보 | https://kbland.kr/map?complex=45612,TIER_2_KB_OFFICIAL_API
A10023533,exclusive_72_97,KB부동산 단지 시세/평형정보 | https://kbland.kr/map?complex=45612,TIER_2_KB_OFFICIAL_API
A10023533,exclusive_74_94,KB부동산 단지 시세/평형정보 | https://kbland.kr/map?complex=45612,TIER_2_KB_OFFICIAL_API
A10023533,exclusive_74_97,KB부동산 단지 시세/평형정보 | https://kbland.kr/map?complex=45612,TIER_2_KB_OFFICIAL_API
A10023533,exclusive_74_9,KB부동산 단지 시세/평형정보 | https://kbland.kr/map?complex=45612,TIER_2_KB_OFFICIAL_API
A10023533,exclusive_74_85,KB부동산 단지 시세/평형정보 | https://kbland.kr/map?complex=45612,TIER_2_KB_OFFICIAL_API
A10023533,exclusive_74_85_31평C,KB부동산 단지 시세/평형정보 | https://kbland.kr/map?complex=45612,TIER_2_KB_OFFICIAL_API
A10023533,exclusive_74_85_31평D,KB부동산 단지 시세/평형정보 | https://kbland.kr/map?complex=45612,TIER_2_KB_OFFICIAL_API
A10023872,exclusive_59_9,KB부동산 단지 시세/평형정보 | https://kbland.kr/map?complex=43588,TIER_2_KB_OFFICIAL_API
A10023872,exclusive_59_8,KB부동산 단지 시세/평형정보 | https://kbland.kr/map?complex=43588,TIER_2_KB_OFFICIAL_API
A10023872,exclusive_84_99,KB부동산 단지 시세/평형정보 | https://kbland.kr/map?complex=43588,TIER_2_KB_OFFICIAL_API
A10023872,exclusive_84_86,KB부동산 단지 시세/평형정보 | https://kbland.kr/map?complex=43588,TIER_2_KB_OFFICIAL_API
A10023872,exclusive_84_96,KB부동산 단지 시세/평형정보 | https://kbland.kr/map?complex=43588,TIER_2_KB_OFFICIAL_API
A10025508,exclusive_33_68,KB부동산 단지 시세/평형정보 | https://kbland.kr/map?complex=33363,TIER_2_KB_OFFICIAL_API
A10025508,exclusive_59_98,KB부동산 단지 시세/평형정보 | https://kbland.kr/map?complex=33363,TIER_2_KB_OFFICIAL_API
A10025508,exclusive_59_95,KB부동산 단지 시세/평형정보 | https://kbland.kr/map?complex=33363,TIER_2_KB_OFFICIAL_API
A10025508,exclusive_84_69,KB부동산 단지 시세/평형정보 | https://kbland.kr/map?complex=33363,TIER_2_KB_OFFICIAL_API
A10025508,exclusive_84_77,KB부동산 단지 시세/평형정보 | https://kbland.kr/map?complex=33363,TIER_2_KB_OFFICIAL_API
A60804003,exclusive_59_92,KB부동산 단지 시세/평형정보 | https://kbland.kr/map?complex=5337,TIER_2_KB_OFFICIAL_API
A60804003,exclusive_84_85,KB부동산 단지 시세/평형정보 | https://kbland.kr/map?complex=5337,TIER_2_KB_OFFICIAL_API
A60804003,exclusive_114_99,KB부동산 단지 시세/평형정보 | https://kbland.kr/map?complex=5337,TIER_2_KB_OFFICIAL_API
A60804003,exclusive_149_98,KB부동산 단지 시세/평형정보 | https://kbland.kr/map?complex=5337,TIER_2_KB_OFFICIAL_API
A60804003,exclusive_197_92,KB부동산 단지 시세/평형정보 | https://kbland.kr/map?complex=5337,TIER_2_KB_OFFICIAL_API
A60872101,exclusive_42_09,KB부동산 단지 시세/평형정보 | https://kbland.kr/map?complex=5338,TIER_2_KB_OFFICIAL_API
A60872101,exclusive_42_49,KB부동산 단지 시세/평형정보 | https://kbland.kr/map?complex=5338,TIER_2_KB_OFFICIAL_API
A60872101,exclusive_50_71,KB부동산 단지 시세/평형정보 | https://kbland.kr/map?complex=5338,TIER_2_KB_OFFICIAL_API
A60872101,exclusive_59,KB부동산 단지 시세/평형정보 | https://kbland.kr/map?complex=5338,TIER_2_KB_OFFICIAL_API
A60872101,exclusive_59_4,KB부동산 단지 시세/평형정보 | https://kbland.kr/map?complex=5338,TIER_2_KB_OFFICIAL_API
A60872101,exclusive_59_63,KB부동산 단지 시세/평형정보 | https://kbland.kr/map?complex=5338,TIER_2_KB_OFFICIAL_API
A60872101,exclusive_59_67,KB부동산 단지 시세/평형정보 | https://kbland.kr/map?complex=5338,TIER_2_KB_OFFICIAL_API
A60872101,exclusive_75_91,KB부동산 단지 시세/평형정보 | https://kbland.kr/map?complex=5338,TIER_2_KB_OFFICIAL_API
A60872101,exclusive_84_76,KB부동산 단지 시세/평형정보 | https://kbland.kr/map?complex=5338,TIER_2_KB_OFFICIAL_API
A60872101,exclusive_84_91,KB부동산 단지 시세/평형정보 | https://kbland.kr/map?complex=5338,TIER_2_KB_OFFICIAL_API
A60872101,exclusive_92_7,KB부동산 단지 시세/평형정보 | https://kbland.kr/map?complex=5338,TIER_2_KB_OFFICIAL_API
A60872101,exclusive_106_79,KB부동산 단지 시세/평형정보 | https://kbland.kr/map?complex=5338,TIER_2_KB_OFFICIAL_API
A60872101,exclusive_130_11,KB부동산 단지 시세/평형정보 | https://kbland.kr/map?complex=5338,TIER_2_KB_OFFICIAL_API
A60872101,exclusive_133_83,KB부동산 단지 시세/평형정보 | https://kbland.kr/map?complex=5338,TIER_2_KB_OFFICIAL_API
A60877107,exclusive_59_96,KB부동산 단지 시세/평형정보 | https://kbland.kr/map?complex=5354,TIER_2_KB_OFFICIAL_API
A60877107,exclusive_59_96_24평B,KB부동산 단지 시세/평형정보 | https://kbland.kr/map?complex=5354,TIER_2_KB_OFFICIAL_API
A60877107,exclusive_84_87,KB부동산 단지 시세/평형정보 | https://kbland.kr/map?complex=5354,TIER_2_KB_OFFICIAL_API
A60877107,exclusive_116_85,KB부동산 단지 시세/평형정보 | https://kbland.kr/map?complex=5354,TIER_2_KB_OFFICIAL_API
A60875305,exclusive_59_92,KB부동산 단지 시세/평형정보 | https://kbland.kr/map?complex=5357,TIER_2_KB_OFFICIAL_API
A60875305,exclusive_72_36,KB부동산 단지 시세/평형정보 | https://kbland.kr/map?complex=5357,TIER_2_KB_OFFICIAL_API
A60875305,exclusive_84_99,KB부동산 단지 시세/평형정보 | https://kbland.kr/map?complex=5357,TIER_2_KB_OFFICIAL_API
A60880104,exclusive_59_99,KB부동산 단지 시세/평형정보 | https://kbland.kr/map?complex=13601,TIER_2_KB_OFFICIAL_API
A60880104,exclusive_59_91,KB부동산 단지 시세/평형정보 | https://kbland.kr/map?complex=13601,TIER_2_KB_OFFICIAL_API
A60880104,exclusive_74_07,KB부동산 단지 시세/평형정보 | https://kbland.kr/map?complex=13601,TIER_2_KB_OFFICIAL_API
A60880104,exclusive_80_16,KB부동산 단지 시세/평형정보 | https://kbland.kr/map?complex=13601,TIER_2_KB_OFFICIAL_API
A60880104,exclusive_84_97,KB부동산 단지 시세/평형정보 | https://kbland.kr/map?complex=13601,TIER_2_KB_OFFICIAL_API
A61674912,exclusive_59_77,KB부동산 단지 시세/평형정보 | https://kbland.kr/map?complex=13527,TIER_2_KB_OFFICIAL_API
A61674912,exclusive_76_72,KB부동산 단지 시세/평형정보 | https://kbland.kr/map?complex=13527,TIER_2_KB_OFFICIAL_API
A61674912,exclusive_84_68,KB부동산 단지 시세/평형정보 | https://kbland.kr/map?complex=13527,TIER_2_KB_OFFICIAL_API
A61676006,exclusive_85_99,KB부동산 단지 시세/평형정보 | https://kbland.kr/map?complex=5667,TIER_2_KB_OFFICIAL_API
A61676006,exclusive_99_99,KB부동산 단지 시세/평형정보 | https://kbland.kr/map?complex=5667,TIER_2_KB_OFFICIAL_API
A61676006,exclusive_125_77,KB부동산 단지 시세/평형정보 | https://kbland.kr/map?complex=5667,TIER_2_KB_OFFICIAL_API
A61676316,exclusive_41_85,KB부동산 단지 시세/평형정보 | https://kbland.kr/map?complex=5665,TIER_2_KB_OFFICIAL_API
A61676316,exclusive_42_66,KB부동산 단지 시세/평형정보 | https://kbland.kr/map?complex=5665,TIER_2_KB_OFFICIAL_API
A61676316,exclusive_49_77,KB부동산 단지 시세/평형정보 | https://kbland.kr/map?complex=5665,TIER_2_KB_OFFICIAL_API
A61676316,exclusive_58_65,KB부동산 단지 시세/평형정보 | https://kbland.kr/map?complex=5665,TIER_2_KB_OFFICIAL_API
A61676316,exclusive_59_97,KB부동산 단지 시세/평형정보 | https://kbland.kr/map?complex=5665,TIER_2_KB_OFFICIAL_API
A61676509,exclusive_41_85,KB부동산 단지 시세/평형정보 | https://kbland.kr/map?complex=5668,TIER_2_KB_OFFICIAL_API
A61676509,exclusive_42_75,KB부동산 단지 시세/평형정보 | https://kbland.kr/map?complex=5668,TIER_2_KB_OFFICIAL_API
A61676509,exclusive_49_77,KB부동산 단지 시세/평형정보 | https://kbland.kr/map?complex=5668,TIER_2_KB_OFFICIAL_API
A61676605,exclusive_48_89,KB부동산 단지 시세/평형정보 | https://kbland.kr/map?complex=5669,TIER_2_KB_OFFICIAL_API
A61676605,exclusive_49_32,KB부동산 단지 시세/평형정보 | https://kbland.kr/map?complex=5669,TIER_2_KB_OFFICIAL_API
A61676605,exclusive_49_32_20평D,KB부동산 단지 시세/평형정보 | https://kbland.kr/map?complex=5669,TIER_2_KB_OFFICIAL_API
A61676605,exclusive_48_89_20평C,KB부동산 단지 시세/평형정보 | https://kbland.kr/map?complex=5669,TIER_2_KB_OFFICIAL_API
A61677013,exclusive_59_79,KB부동산 단지 시세/평형정보 | https://kbland.kr/map?complex=5659,TIER_2_KB_OFFICIAL_API
A61677013,exclusive_59_7,KB부동산 단지 시세/평형정보 | https://kbland.kr/map?complex=5659,TIER_2_KB_OFFICIAL_API
A61677013,exclusive_83_5,KB부동산 단지 시세/평형정보 | https://kbland.kr/map?complex=5659,TIER_2_KB_OFFICIAL_API
A61677013,exclusive_84_76,KB부동산 단지 시세/평형정보 | https://kbland.kr/map?complex=5659,TIER_2_KB_OFFICIAL_API
A61681107,exclusive_68_12,KB부동산 단지 시세/평형정보 | https://kbland.kr/map?complex=5666,TIER_2_KB_OFFICIAL_API
A61684110,exclusive_59_89,KB부동산 단지 시세/평형정보 | https://kbland.kr/map?complex=12107,TIER_2_KB_OFFICIAL_API
A61684110,exclusive_59_79,KB부동산 단지 시세/평형정보 | https://kbland.kr/map?complex=12107,TIER_2_KB_OFFICIAL_API
A61684110,exclusive_82_63,KB부동산 단지 시세/평형정보 | https://kbland.kr/map?complex=12107,TIER_2_KB_OFFICIAL_API
A61684110,exclusive_83_11,KB부동산 단지 시세/평형정보 | https://kbland.kr/map?complex=12107,TIER_2_KB_OFFICIAL_API
A61684110,exclusive_83_11_33평A,KB부동산 단지 시세/평형정보 | https://kbland.kr/map?complex=12107,TIER_2_KB_OFFICIAL_API
A61612010,exclusive_59_93,KB부동산 단지 시세/평형정보 | https://kbland.kr/map?complex=5650,TIER_2_KB_OFFICIAL_API
A61612010,exclusive_84_99,KB부동산 단지 시세/평형정보 | https://kbland.kr/map?complex=5650,TIER_2_KB_OFFICIAL_API
A61612010,exclusive_99_91,KB부동산 단지 시세/평형정보 | https://kbland.kr/map?complex=5650,TIER_2_KB_OFFICIAL_API
A61612010,exclusive_119_34,KB부동산 단지 시세/평형정보 | https://kbland.kr/map?complex=5650,TIER_2_KB_OFFICIAL_API
A61612010,exclusive_134_94,KB부동산 단지 시세/평형정보 | https://kbland.kr/map?complex=5650,TIER_2_KB_OFFICIAL_API
A61612017,exclusive_59_89,KB부동산 단지 시세/평형정보 | https://kbland.kr/map?complex=12816,TIER_2_KB_OFFICIAL_API
A61612017,exclusive_84_97,KB부동산 단지 시세/평형정보 | https://kbland.kr/map?complex=12816,TIER_2_KB_OFFICIAL_API
A61612017,exclusive_84_97_32평A,KB부동산 단지 시세/평형정보 | https://kbland.kr/map?complex=12816,TIER_2_KB_OFFICIAL_API
A61612017,exclusive_84_92,KB부동산 단지 시세/평형정보 | https://kbland.kr/map?complex=12816,TIER_2_KB_OFFICIAL_API
A61612017,exclusive_133_53,KB부동산 단지 시세/평형정보 | https://kbland.kr/map?complex=12816,TIER_2_KB_OFFICIAL_API
A61612017,exclusive_128_32,KB부동산 단지 시세/평형정보 | https://kbland.kr/map?complex=12816,TIER_2_KB_OFFICIAL_API
A61612017,exclusive_131_07,KB부동산 단지 시세/평형정보 | https://kbland.kr/map?complex=12816,TIER_2_KB_OFFICIAL_API
A61612018,exclusive_59_8,KB부동산 단지 시세/평형정보 | https://kbland.kr/map?complex=5663,TIER_2_KB_OFFICIAL_API
A61612018,exclusive_59_44,KB부동산 단지 시세/평형정보 | https://kbland.kr/map?complex=5663,TIER_2_KB_OFFICIAL_API
A61612018,exclusive_84_76,KB부동산 단지 시세/평형정보 | https://kbland.kr/map?complex=5663,TIER_2_KB_OFFICIAL_API
A61612018,exclusive_116_81,KB부동산 단지 시세/평형정보 | https://kbland.kr/map?complex=5663,TIER_2_KB_OFFICIAL_API
A61612018,exclusive_142_18,KB부동산 단지 시세/평형정보 | https://kbland.kr/map?complex=5663,TIER_2_KB_OFFICIAL_API
A61612019,exclusive_59_8,KB부동산 단지 시세/평형정보 | https://kbland.kr/map?complex=5647,TIER_2_KB_OFFICIAL_API
A61612019,exclusive_59_8_24평A,KB부동산 단지 시세/평형정보 | https://kbland.kr/map?complex=5647,TIER_2_KB_OFFICIAL_API
A61612019,exclusive_75_86,KB부동산 단지 시세/평형정보 | https://kbland.kr/map?complex=5647,TIER_2_KB_OFFICIAL_API
A61612019,exclusive_84_98,KB부동산 단지 시세/평형정보 | https://kbland.kr/map?complex=5647,TIER_2_KB_OFFICIAL_API
A61612019,exclusive_84_98_31평C,KB부동산 단지 시세/평형정보 | https://kbland.kr/map?complex=5647,TIER_2_KB_OFFICIAL_API
A61612019,exclusive_84_99,KB부동산 단지 시세/평형정보 | https://kbland.kr/map?complex=5647,TIER_2_KB_OFFICIAL_API
A61612019,exclusive_111_74,KB부동산 단지 시세/평형정보 | https://kbland.kr/map?complex=5647,TIER_2_KB_OFFICIAL_API
A61612019,exclusive_139_9,KB부동산 단지 시세/평형정보 | https://kbland.kr/map?complex=5647,TIER_2_KB_OFFICIAL_API
A61673302,exclusive_84_99,KB부동산 단지 시세/평형정보 | https://kbland.kr/map?complex=12837,TIER_2_KB_OFFICIAL_API
A61673302,exclusive_84_99_32평B,KB부동산 단지 시세/평형정보 | https://kbland.kr/map?complex=12837,TIER_2_KB_OFFICIAL_API
A61673305,exclusive_59_92,KB부동산 단지 시세/평형정보 | https://kbland.kr/map?complex=5655,TIER_2_KB_OFFICIAL_API
A61673308,exclusive_59_69,KB부동산 단지 시세/평형정보 | https://kbland.kr/map?complex=22067,TIER_2_KB_OFFICIAL_API
A61673308,exclusive_59_98,KB부동산 단지 시세/평형정보 | https://kbland.kr/map?complex=22067,TIER_2_KB_OFFICIAL_API
A61673308,exclusive_71_91,KB부동산 단지 시세/평형정보 | https://kbland.kr/map?complex=22067,TIER_2_KB_OFFICIAL_API
A61673308,exclusive_84_95,KB부동산 단지 시세/평형정보 | https://kbland.kr/map?complex=22067,TIER_2_KB_OFFICIAL_API
A61673308,exclusive_84_77,KB부동산 단지 시세/평형정보 | https://kbland.kr/map?complex=22067,TIER_2_KB_OFFICIAL_API
A61673308,exclusive_84_82,KB부동산 단지 시세/평형정보 | https://kbland.kr/map?complex=22067,TIER_2_KB_OFFICIAL_API
A61673308,exclusive_98_07,KB부동산 단지 시세/평형정보 | https://kbland.kr/map?complex=22067,TIER_2_KB_OFFICIAL_API
A61673308,exclusive_115_03,KB부동산 단지 시세/평형정보 | https://kbland.kr/map?complex=22067,TIER_2_KB_OFFICIAL_API
A61673308,exclusive_116_03,KB부동산 단지 시세/평형정보 | https://kbland.kr/map?complex=22067,TIER_2_KB_OFFICIAL_API
A61673308,exclusive_115_95,KB부동산 단지 시세/평형정보 | https://kbland.kr/map?complex=22067,TIER_2_KB_OFFICIAL_API
A61673308,exclusive_131_05,KB부동산 단지 시세/평형정보 | https://kbland.kr/map?complex=22067,TIER_2_KB_OFFICIAL_API
A61673308,exclusive_131_78,KB부동산 단지 시세/평형정보 | https://kbland.kr/map?complex=22067,TIER_2_KB_OFFICIAL_API
A61673308,exclusive_145_65,KB부동산 단지 시세/평형정보 | https://kbland.kr/map?complex=22067,TIER_2_KB_OFFICIAL_API
A61673308,exclusive_145_49,KB부동산 단지 시세/평형정보 | https://kbland.kr/map?complex=22067,TIER_2_KB_OFFICIAL_API
A61673308,exclusive_171_77,KB부동산 단지 시세/평형정보 | https://kbland.kr/map?complex=22067,TIER_2_KB_OFFICIAL_API
A61679206,exclusive_74_48,KB부동산 단지 시세/평형정보 | https://kbland.kr/map?complex=5652,TIER_2_KB_OFFICIAL_API
A61679206,exclusive_84_89,KB부동산 단지 시세/평형정보 | https://kbland.kr/map?complex=5652,TIER_2_KB_OFFICIAL_API
A61679207,exclusive_49_42,KB부동산 단지 시세/평형정보 | https://kbland.kr/map?complex=389318,TIER_2_KB_OFFICIAL_API
A61683305,exclusive_59_82,KB부동산 단지 시세/평형정보 | https://kbland.kr/map?complex=5660,TIER_2_KB_OFFICIAL_API
A10023725,exclusive_59_99,KB부동산 단지 시세/평형정보 | https://kbland.kr/map?complex=45099,TIER_2_KB_OFFICIAL_API
A10023725,exclusive_84_95,KB부동산 단지 시세/평형정보 | https://kbland.kr/map?complex=45099,TIER_2_KB_OFFICIAL_API
A10025235,exclusive_59_81,KB부동산 단지 시세/평형정보 | https://kbland.kr/map?complex=34695,TIER_2_KB_OFFICIAL_API
A10025235,exclusive_59_98,KB부동산 단지 시세/평형정보 | https://kbland.kr/map?complex=34695,TIER_2_KB_OFFICIAL_API
A10025235,exclusive_59_99,KB부동산 단지 시세/평형정보 | https://kbland.kr/map?complex=34695,TIER_2_KB_OFFICIAL_API
A10025235,exclusive_74_85,KB부동산 단지 시세/평형정보 | https://kbland.kr/map?complex=34695,TIER_2_KB_OFFICIAL_API
A10025235,exclusive_74_98,KB부동산 단지 시세/평형정보 | https://kbland.kr/map?complex=34695,TIER_2_KB_OFFICIAL_API
A10025235,exclusive_74_4,KB부동산 단지 시세/평형정보 | https://kbland.kr/map?complex=34695,TIER_2_KB_OFFICIAL_API
A10025235,exclusive_74_81,KB부동산 단지 시세/평형정보 | https://kbland.kr/map?complex=34695,TIER_2_KB_OFFICIAL_API
A10025235,exclusive_74_95,KB부동산 단지 시세/평형정보 | https://kbland.kr/map?complex=34695,TIER_2_KB_OFFICIAL_API
A10025235,exclusive_84_82,KB부동산 단지 시세/평형정보 | https://kbland.kr/map?complex=34695,TIER_2_KB_OFFICIAL_API
A10025235,exclusive_84_95,KB부동산 단지 시세/평형정보 | https://kbland.kr/map?complex=34695,TIER_2_KB_OFFICIAL_API
A10025235,exclusive_114_4,KB부동산 단지 시세/평형정보 | https://kbland.kr/map?complex=34695,TIER_2_KB_OFFICIAL_API
A10025235,exclusive_114_92,KB부동산 단지 시세/평형정보 | https://kbland.kr/map?complex=34695,TIER_2_KB_OFFICIAL_API
A61673103,exclusive_59_88,KB부동산 단지 시세/평형정보 | https://kbland.kr/map?complex=13477,TIER_2_KB_OFFICIAL_API
A61673103,exclusive_84_98,KB부동산 단지 시세/평형정보 | https://kbland.kr/map?complex=13477,TIER_2_KB_OFFICIAL_API
A61673103,exclusive_99_19,KB부동산 단지 시세/평형정보 | https://kbland.kr/map?complex=13477,TIER_2_KB_OFFICIAL_API
A61675601,exclusive_59_94,KB부동산 단지 시세/평형정보 | https://kbland.kr/map?complex=14200,TIER_2_KB_OFFICIAL_API
A61675601,exclusive_59_91,KB부동산 단지 시세/평형정보 | https://kbland.kr/map?complex=14200,TIER_2_KB_OFFICIAL_API
A61675601,exclusive_84_99,KB부동산 단지 시세/평형정보 | https://kbland.kr/map?complex=14200,TIER_2_KB_OFFICIAL_API
A61675806,exclusive_57_78,KB부동산 단지 시세/평형정보 | https://kbland.kr/map?complex=5635,TIER_2_KB_OFFICIAL_API
A61675806,exclusive_68_7,KB부동산 단지 시세/평형정보 | https://kbland.kr/map?complex=5635,TIER_2_KB_OFFICIAL_API
A61675806,exclusive_82_2,KB부동산 단지 시세/평형정보 | https://kbland.kr/map?complex=5635,TIER_2_KB_OFFICIAL_API
A61678209,exclusive_75_57,KB부동산 단지 시세/평형정보 | https://kbland.kr/map?complex=5634,TIER_2_KB_OFFICIAL_API
A61678209,exclusive_84_69,KB부동산 단지 시세/평형정보 | https://kbland.kr/map?complex=5634,TIER_2_KB_OFFICIAL_API
A61678209,exclusive_84_9,KB부동산 단지 시세/평형정보 | https://kbland.kr/map?complex=5634,TIER_2_KB_OFFICIAL_API
A61678209,exclusive_106_2,KB부동산 단지 시세/평형정보 | https://kbland.kr/map?complex=5634,TIER_2_KB_OFFICIAL_API
A61678209,exclusive_116_06,KB부동산 단지 시세/평형정보 | https://kbland.kr/map?complex=5634,TIER_2_KB_OFFICIAL_API
A61678209,exclusive_119_69,KB부동산 단지 시세/평형정보 | https://kbland.kr/map?complex=5634,TIER_2_KB_OFFICIAL_API
A61678209,exclusive_134_99,KB부동산 단지 시세/평형정보 | https://kbland.kr/map?complex=5634,TIER_2_KB_OFFICIAL_API
A61678209,exclusive_148_26,KB부동산 단지 시세/평형정보 | https://kbland.kr/map?complex=5634,TIER_2_KB_OFFICIAL_API
A61678706,exclusive_79_19,KB부동산 단지 시세/평형정보 | https://kbland.kr/map?complex=5630,TIER_2_KB_OFFICIAL_API
A61678706,exclusive_84_28,KB부동산 단지 시세/평형정보 | https://kbland.kr/map?complex=5630,TIER_2_KB_OFFICIAL_API
A61678804,exclusive_84_94,KB부동산 단지 시세/평형정보 | https://kbland.kr/map?complex=5631,TIER_2_KB_OFFICIAL_API
A61682607,exclusive_84_78,KB부동산 단지 시세/평형정보 | https://kbland.kr/map?complex=5629,TIER_2_KB_OFFICIAL_API
A61682607,exclusive_84_92,KB부동산 단지 시세/평형정보 | https://kbland.kr/map?complex=5629,TIER_2_KB_OFFICIAL_API
A61682607,exclusive_132_18,KB부동산 단지 시세/평형정보 | https://kbland.kr/map?complex=5629,TIER_2_KB_OFFICIAL_API
A61682607,exclusive_134_14,KB부동산 단지 시세/평형정보 | https://kbland.kr/map?complex=5629,TIER_2_KB_OFFICIAL_API
A61682907,exclusive_59_84,KB부동산 단지 시세/평형정보 | https://kbland.kr/map?complex=5637,TIER_2_KB_OFFICIAL_API
A61682907,exclusive_77_82,KB부동산 단지 시세/평형정보 | https://kbland.kr/map?complex=5637,TIER_2_KB_OFFICIAL_API
A61682907,exclusive_84_96,KB부동산 단지 시세/평형정보 | https://kbland.kr/map?complex=5637,TIER_2_KB_OFFICIAL_API
A61682908,exclusive_59_67,KB부동산 단지 시세/평형정보 | https://kbland.kr/map?complex=5632,TIER_2_KB_OFFICIAL_API
A61682908,exclusive_59_85,KB부동산 단지 시세/평형정보 | https://kbland.kr/map?complex=5632,TIER_2_KB_OFFICIAL_API
A61682908,exclusive_74_6,KB부동산 단지 시세/평형정보 | https://kbland.kr/map?complex=5632,TIER_2_KB_OFFICIAL_API
A61682908,exclusive_84_99,KB부동산 단지 시세/평형정보 | https://kbland.kr/map?complex=5632,TIER_2_KB_OFFICIAL_API
A61682908,exclusive_113_82,KB부동산 단지 시세/평형정보 | https://kbland.kr/map?complex=5632,TIER_2_KB_OFFICIAL_API
A10022905,exclusive_59_99,KB부동산 단지 시세/평형정보 | https://kbland.kr/map?complex=383941,TIER_2_KB_OFFICIAL_API
A10022905,exclusive_59_99_23평C,KB부동산 단지 시세/평형정보 | https://kbland.kr/map?complex=383941,TIER_2_KB_OFFICIAL_API
A10022905,exclusive_59_99_23평D,KB부동산 단지 시세/평형정보 | https://kbland.kr/map?complex=383941,TIER_2_KB_OFFICIAL_API
A10022905,exclusive_59_99_24평B,KB부동산 단지 시세/평형정보 | https://kbland.kr/map?complex=383941,TIER_2_KB_OFFICIAL_API
A10022905,exclusive_74_95,KB부동산 단지 시세/평형정보 | https://kbland.kr/map?complex=383941,TIER_2_KB_OFFICIAL_API
A10022905,exclusive_74_71,KB부동산 단지 시세/평형정보 | https://kbland.kr/map?complex=383941,TIER_2_KB_OFFICIAL_API
A10022905,exclusive_84_83,KB부동산 단지 시세/평형정보 | https://kbland.kr/map?complex=383941,TIER_2_KB_OFFICIAL_API
A10022905,exclusive_84_83_33평B,KB부동산 단지 시세/평형정보 | https://kbland.kr/map?complex=383941,TIER_2_KB_OFFICIAL_API
A10022905,exclusive_84_83_33평C,KB부동산 단지 시세/평형정보 | https://kbland.kr/map?complex=383941,TIER_2_KB_OFFICIAL_API
A10023684,exclusive_59_99,KB부동산 단지 시세/평형정보 | https://kbland.kr/map?complex=48640,TIER_2_KB_OFFICIAL_API
A10023684,exclusive_74_55,KB부동산 단지 시세/평형정보 | https://kbland.kr/map?complex=48640,TIER_2_KB_OFFICIAL_API
A10023684,exclusive_74_71,KB부동산 단지 시세/평형정보 | https://kbland.kr/map?complex=48640,TIER_2_KB_OFFICIAL_API
A10023684,exclusive_74_71_30평C,KB부동산 단지 시세/평형정보 | https://kbland.kr/map?complex=48640,TIER_2_KB_OFFICIAL_API
A10023684,exclusive_84_97,KB부동산 단지 시세/평형정보 | https://kbland.kr/map?complex=48640,TIER_2_KB_OFFICIAL_API
A61610003,exclusive_59_96,KB부동산 단지 시세/평형정보 | https://kbland.kr/map?complex=13084,TIER_2_KB_OFFICIAL_API
A61610003,exclusive_84_75,KB부동산 단지 시세/평형정보 | https://kbland.kr/map?complex=13084,TIER_2_KB_OFFICIAL_API
A61610003,exclusive_122_06,KB부동산 단지 시세/평형정보 | https://kbland.kr/map?complex=13084,TIER_2_KB_OFFICIAL_API
A61670501,exclusive_59_61,KB부동산 단지 시세/평형정보 | https://kbland.kr/map?complex=15303,TIER_2_KB_OFFICIAL_API
A61670501,exclusive_59_97,KB부동산 단지 시세/평형정보 | https://kbland.kr/map?complex=15303,TIER_2_KB_OFFICIAL_API
A61670501,exclusive_78_19,KB부동산 단지 시세/평형정보 | https://kbland.kr/map?complex=15303,TIER_2_KB_OFFICIAL_API
A61670501,exclusive_84_36,KB부동산 단지 시세/평형정보 | https://kbland.kr/map?complex=15303,TIER_2_KB_OFFICIAL_API
A61670501,exclusive_102_01,KB부동산 단지 시세/평형정보 | https://kbland.kr/map?complex=15303,TIER_2_KB_OFFICIAL_API
A61670501,exclusive_121_81,KB부동산 단지 시세/평형정보 | https://kbland.kr/map?complex=15303,TIER_2_KB_OFFICIAL_API
A61677608,exclusive_44_87,KB부동산 단지 시세/평형정보 | https://kbland.kr/map?complex=22234,TIER_2_KB_OFFICIAL_API
A61677608,exclusive_55_77,KB부동산 단지 시세/평형정보 | https://kbland.kr/map?complex=22234,TIER_2_KB_OFFICIAL_API
A61682303,exclusive_38_64,KB부동산 단지 시세/평형정보 | https://kbland.kr/map?complex=5607,TIER_2_KB_OFFICIAL_API
A61682303,exclusive_36_16,KB부동산 단지 시세/평형정보 | https://kbland.kr/map?complex=5607,TIER_2_KB_OFFICIAL_API
A61682303,exclusive_36_34,KB부동산 단지 시세/평형정보 | https://kbland.kr/map?complex=5607,TIER_2_KB_OFFICIAL_API
A61682303,exclusive_41_3,KB부동산 단지 시세/평형정보 | https://kbland.kr/map?complex=5607,TIER_2_KB_OFFICIAL_API
A61682303,exclusive_44_94,KB부동산 단지 시세/평형정보 | https://kbland.kr/map?complex=5607,TIER_2_KB_OFFICIAL_API
A61682303,exclusive_41_3_18평,KB부동산 단지 시세/평형정보 | https://kbland.kr/map?complex=5607,TIER_2_KB_OFFICIAL_API
A61682303,exclusive_49_94,KB부동산 단지 시세/평형정보 | https://kbland.kr/map?complex=5607,TIER_2_KB_OFFICIAL_API
A61682303,exclusive_49_94_22평,KB부동산 단지 시세/평형정보 | https://kbland.kr/map?complex=5607,TIER_2_KB_OFFICIAL_API
A10024201,exclusive_39_79,KB부동산 단지 시세/평형정보 | https://kbland.kr/map?complex=42482,TIER_2_KB_OFFICIAL_API
A10024201,exclusive_48_73,KB부동산 단지 시세/평형정보 | https://kbland.kr/map?complex=42482,TIER_2_KB_OFFICIAL_API
A10024201,exclusive_59_72,KB부동산 단지 시세/평형정보 | https://kbland.kr/map?complex=42482,TIER_2_KB_OFFICIAL_API
A10024201,exclusive_59_94,KB부동산 단지 시세/평형정보 | https://kbland.kr/map?complex=42482,TIER_2_KB_OFFICIAL_API
A10024201,exclusive_74_9,KB부동산 단지 시세/평형정보 | https://kbland.kr/map?complex=42482,TIER_2_KB_OFFICIAL_API
A10024201,exclusive_84_96,KB부동산 단지 시세/평형정보 | https://kbland.kr/map?complex=42482,TIER_2_KB_OFFICIAL_API
A10024201,exclusive_84_85,KB부동산 단지 시세/평형정보 | https://kbland.kr/map?complex=42482,TIER_2_KB_OFFICIAL_API
A61609002,exclusive_73_11,KB부동산 단지 시세/평형정보 | https://kbland.kr/map?complex=25382,TIER_2_KB_OFFICIAL_API
A61609002,exclusive_84_98,KB부동산 단지 시세/평형정보 | https://kbland.kr/map?complex=25382,TIER_2_KB_OFFICIAL_API
A61609002,exclusive_84_98_34평B,KB부동산 단지 시세/평형정보 | https://kbland.kr/map?complex=25382,TIER_2_KB_OFFICIAL_API
A61609002,exclusive_99_24,KB부동산 단지 시세/평형정보 | https://kbland.kr/map?complex=25382,TIER_2_KB_OFFICIAL_API
A61680707,exclusive_59_26,KB부동산 단지 시세/평형정보 | https://kbland.kr/map?complex=5590,TIER_2_KB_OFFICIAL_API
A61680707,exclusive_61_2,KB부동산 단지 시세/평형정보 | https://kbland.kr/map?complex=5590,TIER_2_KB_OFFICIAL_API
A61680707,exclusive_72_87,KB부동산 단지 시세/평형정보 | https://kbland.kr/map?complex=5590,TIER_2_KB_OFFICIAL_API
A61680707,exclusive_78_18,KB부동산 단지 시세/평형정보 | https://kbland.kr/map?complex=5590,TIER_2_KB_OFFICIAL_API
A61680707,exclusive_84_73,KB부동산 단지 시세/평형정보 | https://kbland.kr/map?complex=5590,TIER_2_KB_OFFICIAL_API
A61680707,exclusive_84_91,KB부동산 단지 시세/평형정보 | https://kbland.kr/map?complex=5590,TIER_2_KB_OFFICIAL_API
A61273306,exclusive_59_91,KB부동산 단지 시세/평형정보 | https://kbland.kr/map?complex=6216,TIER_2_KB_OFFICIAL_API
A61280805,exclusive_84_87,KB부동산 단지 시세/평형정보 | https://kbland.kr/map?complex=6225,TIER_2_KB_OFFICIAL_API
A10023647,exclusive_39_94,KB부동산 단지 시세/평형정보 | https://kbland.kr/map?complex=47519,TIER_2_KB_OFFICIAL_API
A10023647,exclusive_59_87,KB부동산 단지 시세/평형정보 | https://kbland.kr/map?complex=47519,TIER_2_KB_OFFICIAL_API
A10023647,exclusive_64_98,KB부동산 단지 시세/평형정보 | https://kbland.kr/map?complex=47519,TIER_2_KB_OFFICIAL_API
A10023647,exclusive_84_61,KB부동산 단지 시세/평형정보 | https://kbland.kr/map?complex=47519,TIER_2_KB_OFFICIAL_API
A10023647,exclusive_84_91,KB부동산 단지 시세/평형정보 | https://kbland.kr/map?complex=47519,TIER_2_KB_OFFICIAL_API
A10023647,exclusive_102_92,KB부동산 단지 시세/평형정보 | https://kbland.kr/map?complex=47519,TIER_2_KB_OFFICIAL_API
A61206110,exclusive_59_93,KB부동산 단지 시세/평형정보 | https://kbland.kr/map?complex=13908,TIER_2_KB_OFFICIAL_API
A61206110,exclusive_59_62,KB부동산 단지 시세/평형정보 | https://kbland.kr/map?complex=13908,TIER_2_KB_OFFICIAL_API
A61206110,exclusive_84_97,KB부동산 단지 시세/평형정보 | https://kbland.kr/map?complex=13908,TIER_2_KB_OFFICIAL_API
A61206113,exclusive_59_97,KB부동산 단지 시세/평형정보 | https://kbland.kr/map?complex=6212,TIER_2_KB_OFFICIAL_API
A61206113,exclusive_59_96,KB부동산 단지 시세/평형정보 | https://kbland.kr/map?complex=6212,TIER_2_KB_OFFICIAL_API
A61206113,exclusive_77_67,KB부동산 단지 시세/평형정보 | https://kbland.kr/map?complex=6212,TIER_2_KB_OFFICIAL_API
A61206113,exclusive_84_92,KB부동산 단지 시세/평형정보 | https://kbland.kr/map?complex=6212,TIER_2_KB_OFFICIAL_API
A61206113,exclusive_126_84,KB부동산 단지 시세/평형정보 | https://kbland.kr/map?complex=6212,TIER_2_KB_OFFICIAL_API
A61206113,exclusive_154_91,KB부동산 단지 시세/평형정보 | https://kbland.kr/map?complex=6212,TIER_2_KB_OFFICIAL_API
A61206114,exclusive_59_96,KB부동산 단지 시세/평형정보 | https://kbland.kr/map?complex=13213,TIER_2_KB_OFFICIAL_API
A61206114,exclusive_84_97,KB부동산 단지 시세/평형정보 | https://kbland.kr/map?complex=13213,TIER_2_KB_OFFICIAL_API
A61206114,exclusive_101_79,KB부동산 단지 시세/평형정보 | https://kbland.kr/map?complex=13213,TIER_2_KB_OFFICIAL_API
A61206114,exclusive_122_98,KB부동산 단지 시세/평형정보 | https://kbland.kr/map?complex=13213,TIER_2_KB_OFFICIAL_API
A61206114,exclusive_142_65,KB부동산 단지 시세/평형정보 | https://kbland.kr/map?complex=13213,TIER_2_KB_OFFICIAL_API
A61206118,exclusive_84_93,KB부동산 단지 시세/평형정보 | https://kbland.kr/map?complex=15485,TIER_2_KB_OFFICIAL_API
A61206118,exclusive_84_99,KB부동산 단지 시세/평형정보 | https://kbland.kr/map?complex=15485,TIER_2_KB_OFFICIAL_API
A61206118,exclusive_84_97,KB부동산 단지 시세/평형정보 | https://kbland.kr/map?complex=15485,TIER_2_KB_OFFICIAL_API
A61206118,exclusive_84_97_33평A,KB부동산 단지 시세/평형정보 | https://kbland.kr/map?complex=15485,TIER_2_KB_OFFICIAL_API
A61206118,exclusive_100_99,KB부동산 단지 시세/평형정보 | https://kbland.kr/map?complex=15485,TIER_2_KB_OFFICIAL_API
A61206118,exclusive_119_35,KB부동산 단지 시세/평형정보 | https://kbland.kr/map?complex=15485,TIER_2_KB_OFFICIAL_API
A61206118,exclusive_119_61,KB부동산 단지 시세/평형정보 | https://kbland.kr/map?complex=15485,TIER_2_KB_OFFICIAL_API
A61206118,exclusive_129_74,KB부동산 단지 시세/평형정보 | https://kbland.kr/map?complex=15485,TIER_2_KB_OFFICIAL_API
A61206118,exclusive_135_19,KB부동산 단지 시세/평형정보 | https://kbland.kr/map?complex=15485,TIER_2_KB_OFFICIAL_API
A61270515,exclusive_59_96,KB부동산 단지 시세/평형정보 | https://kbland.kr/map?complex=12927,TIER_2_KB_OFFICIAL_API
A61270515,exclusive_59_76,KB부동산 단지 시세/평형정보 | https://kbland.kr/map?complex=12927,TIER_2_KB_OFFICIAL_API
A61270515,exclusive_84_97,KB부동산 단지 시세/평형정보 | https://kbland.kr/map?complex=12927,TIER_2_KB_OFFICIAL_API
A61270515,exclusive_101_79,KB부동산 단지 시세/평형정보 | https://kbland.kr/map?complex=12927,TIER_2_KB_OFFICIAL_API
A61270515,exclusive_127_36,KB부동산 단지 시세/평형정보 | https://kbland.kr/map?complex=12927,TIER_2_KB_OFFICIAL_API
A61270515,exclusive_154_06,KB부동산 단지 시세/평형정보 | https://kbland.kr/map?complex=12927,TIER_2_KB_OFFICIAL_API
A61271919,exclusive_59_92,KB부동산 단지 시세/평형정보 | https://kbland.kr/map?complex=12115,TIER_2_KB_OFFICIAL_API
A61271919,exclusive_75_57,KB부동산 단지 시세/평형정보 | https://kbland.kr/map?complex=12115,TIER_2_KB_OFFICIAL_API
A61271919,exclusive_84_8,KB부동산 단지 시세/평형정보 | https://kbland.kr/map?complex=12115,TIER_2_KB_OFFICIAL_API
A61271919,exclusive_101_55,KB부동산 단지 시세/평형정보 | https://kbland.kr/map?complex=12115,TIER_2_KB_OFFICIAL_API
A61271919,exclusive_101_67,KB부동산 단지 시세/평형정보 | https://kbland.kr/map?complex=12115,TIER_2_KB_OFFICIAL_API
A61271919,exclusive_118_72,KB부동산 단지 시세/평형정보 | https://kbland.kr/map?complex=12115,TIER_2_KB_OFFICIAL_API
A61271919,exclusive_118_73,KB부동산 단지 시세/평형정보 | https://kbland.kr/map?complex=12115,TIER_2_KB_OFFICIAL_API
A61271919,exclusive_134_58,KB부동산 단지 시세/평형정보 | https://kbland.kr/map?complex=12115,TIER_2_KB_OFFICIAL_API
A61271919,exclusive_134_7,KB부동산 단지 시세/평형정보 | https://kbland.kr/map?complex=12115,TIER_2_KB_OFFICIAL_API
A61272011,exclusive_57_09,KB부동산 단지 시세/평형정보 | https://kbland.kr/map?complex=6191,TIER_2_KB_OFFICIAL_API
A61272011,exclusive_64_98,KB부동산 단지 시세/평형정보 | https://kbland.kr/map?complex=6191,TIER_2_KB_OFFICIAL_API
A61272011,exclusive_73_8,KB부동산 단지 시세/평형정보 | https://kbland.kr/map?complex=6191,TIER_2_KB_OFFICIAL_API
A61272011,exclusive_76_35,KB부동산 단지 시세/평형정보 | https://kbland.kr/map?complex=6191,TIER_2_KB_OFFICIAL_API
A61272011,exclusive_84_81,KB부동산 단지 시세/평형정보 | https://kbland.kr/map?complex=6191,TIER_2_KB_OFFICIAL_API
A61272011,exclusive_84_87,KB부동산 단지 시세/평형정보 | https://kbland.kr/map?complex=6191,TIER_2_KB_OFFICIAL_API
A61272011,exclusive_101_53,KB부동산 단지 시세/평형정보 | https://kbland.kr/map?complex=6191,TIER_2_KB_OFFICIAL_API
A61279802,exclusive_56_97,KB부동산 단지 시세/평형정보 | https://kbland.kr/map?complex=6196,TIER_2_KB_OFFICIAL_API
A61281117,exclusive_59_99,KB부동산 단지 시세/평형정보 | https://kbland.kr/map?complex=6200,TIER_2_KB_OFFICIAL_API
A61281117,exclusive_84_98,KB부동산 단지 시세/평형정보 | https://kbland.kr/map?complex=6200,TIER_2_KB_OFFICIAL_API
A61281117,exclusive_126_93,KB부동산 단지 시세/평형정보 | https://kbland.kr/map?complex=6200,TIER_2_KB_OFFICIAL_API
A61205002,exclusive_84_99,KB부동산 단지 시세/평형정보 | https://kbland.kr/map?complex=13992,TIER_2_KB_OFFICIAL_API
A61205002,exclusive_84_99_33평A,KB부동산 단지 시세/평형정보 | https://kbland.kr/map?complex=13992,TIER_2_KB_OFFICIAL_API
A61205002,exclusive_84_97,KB부동산 단지 시세/평형정보 | https://kbland.kr/map?complex=13992,TIER_2_KB_OFFICIAL_API
A61205002,exclusive_84_98,KB부동산 단지 시세/평형정보 | https://kbland.kr/map?complex=13992,TIER_2_KB_OFFICIAL_API
A61205002,exclusive_84_98_34평A1,KB부동산 단지 시세/평형정보 | https://kbland.kr/map?complex=13992,TIER_2_KB_OFFICIAL_API
A61205002,exclusive_84_97_34평A,KB부동산 단지 시세/평형정보 | https://kbland.kr/map?complex=13992,TIER_2_KB_OFFICIAL_API
A61205002,exclusive_117_41,KB부동산 단지 시세/평형정보 | https://kbland.kr/map?complex=13992,TIER_2_KB_OFFICIAL_API
A61205003,exclusive_98_51,KB부동산 단지 시세/평형정보 | https://kbland.kr/map?complex=15822,TIER_2_KB_OFFICIAL_API
A61205003,exclusive_109_14,KB부동산 단지 시세/평형정보 | https://kbland.kr/map?complex=15822,TIER_2_KB_OFFICIAL_API
A61205003,exclusive_115_93,KB부동산 단지 시세/평형정보 | https://kbland.kr/map?complex=15822,TIER_2_KB_OFFICIAL_API
A61205003,exclusive_135_65,KB부동산 단지 시세/평형정보 | https://kbland.kr/map?complex=15822,TIER_2_KB_OFFICIAL_API
A61205003,exclusive_164_32,KB부동산 단지 시세/평형정보 | https://kbland.kr/map?complex=15822,TIER_2_KB_OFFICIAL_API
A61205003,exclusive_209_89,KB부동산 단지 시세/평형정보 | https://kbland.kr/map?complex=15822,TIER_2_KB_OFFICIAL_API
A61205003,exclusive_215_64,KB부동산 단지 시세/평형정보 | https://kbland.kr/map?complex=15822,TIER_2_KB_OFFICIAL_API
A61205003,exclusive_244_67,KB부동산 단지 시세/평형정보 | https://kbland.kr/map?complex=15822,TIER_2_KB_OFFICIAL_API
A61205003,exclusive_244_98,KB부동산 단지 시세/평형정보 | https://kbland.kr/map?complex=15822,TIER_2_KB_OFFICIAL_API
A61271204,exclusive_84_63,KB부동산 단지 시세/평형정보 | https://kbland.kr/map?complex=13778,TIER_2_KB_OFFICIAL_API
A61271204,exclusive_84_65,KB부동산 단지 시세/평형정보 | https://kbland.kr/map?complex=13778,TIER_2_KB_OFFICIAL_API
A61271204,exclusive_100_94,KB부동산 단지 시세/평형정보 | https://kbland.kr/map?complex=13778,TIER_2_KB_OFFICIAL_API
A61271204,exclusive_125_41,KB부동산 단지 시세/평형정보 | https://kbland.kr/map?complex=13778,TIER_2_KB_OFFICIAL_API
A61271204,exclusive_126_9,KB부동산 단지 시세/평형정보 | https://kbland.kr/map?complex=13778,TIER_2_KB_OFFICIAL_API
A61271204,exclusive_151_91,KB부동산 단지 시세/평형정보 | https://kbland.kr/map?complex=13778,TIER_2_KB_OFFICIAL_API
A61271204,exclusive_175_12,KB부동산 단지 시세/평형정보 | https://kbland.kr/map?complex=13778,TIER_2_KB_OFFICIAL_API
A61271302,exclusive_84_63,KB부동산 단지 시세/평형정보 | https://kbland.kr/map?complex=13943,TIER_2_KB_OFFICIAL_API
A61271302,exclusive_84_65,KB부동산 단지 시세/평형정보 | https://kbland.kr/map?complex=13943,TIER_2_KB_OFFICIAL_API
A61271302,exclusive_100_94,KB부동산 단지 시세/평형정보 | https://kbland.kr/map?complex=13943,TIER_2_KB_OFFICIAL_API
A61271302,exclusive_127_48,KB부동산 단지 시세/평형정보 | https://kbland.kr/map?complex=13943,TIER_2_KB_OFFICIAL_API
A61274815,exclusive_49_96,KB부동산 단지 시세/평형정보 | https://kbland.kr/map?complex=6167,TIER_2_KB_OFFICIAL_API
A61274815,exclusive_49_98,KB부동산 단지 시세/평형정보 | https://kbland.kr/map?complex=6167,TIER_2_KB_OFFICIAL_API
A61274815,exclusive_49_99,KB부동산 단지 시세/평형정보 | https://kbland.kr/map?complex=6167,TIER_2_KB_OFFICIAL_API
A61274815,exclusive_50_6,KB부동산 단지 시세/평형정보 | https://kbland.kr/map?complex=6167,TIER_2_KB_OFFICIAL_API
A61274815,exclusive_53_24,KB부동산 단지 시세/평형정보 | https://kbland.kr/map?complex=6167,TIER_2_KB_OFFICIAL_API
A61274815,exclusive_53_71,KB부동산 단지 시세/평형정보 | https://kbland.kr/map?complex=6167,TIER_2_KB_OFFICIAL_API
A61274815,exclusive_70_58,KB부동산 단지 시세/평형정보 | https://kbland.kr/map?complex=6167,TIER_2_KB_OFFICIAL_API
A61274815,exclusive_71_2,KB부동산 단지 시세/평형정보 | https://kbland.kr/map?complex=6167,TIER_2_KB_OFFICIAL_API
A61278214,exclusive_59_6,KB부동산 단지 시세/평형정보 | https://kbland.kr/map?complex=661804,TIER_2_KB_OFFICIAL_API
A61278214,exclusive_75_79,KB부동산 단지 시세/평형정보 | https://kbland.kr/map?complex=661804,TIER_2_KB_OFFICIAL_API
A61278214,exclusive_76_06,KB부동산 단지 시세/평형정보 | https://kbland.kr/map?complex=661804,TIER_2_KB_OFFICIAL_API
A61278214,exclusive_84_84,KB부동산 단지 시세/평형정보 | https://kbland.kr/map?complex=661804,TIER_2_KB_OFFICIAL_API
A61278214,exclusive_84_4,KB부동산 단지 시세/평형정보 | https://kbland.kr/map?complex=661804,TIER_2_KB_OFFICIAL_API
A61281512,exclusive_74_22,KB부동산 단지 시세/평형정보 | https://kbland.kr/map?complex=13558,TIER_2_KB_OFFICIAL_API
A61281512,exclusive_84_94,KB부동산 단지 시세/평형정보 | https://kbland.kr/map?complex=13558,TIER_2_KB_OFFICIAL_API
A61283211,exclusive_36_33,KB부동산 단지 시세/평형정보 | https://kbland.kr/map?complex=6180,TIER_2_KB_OFFICIAL_API
A61283211,exclusive_47_79,KB부동산 단지 시세/평형정보 | https://kbland.kr/map?complex=6180,TIER_2_KB_OFFICIAL_API
A61283211,exclusive_50_31,KB부동산 단지 시세/평형정보 | https://kbland.kr/map?complex=6180,TIER_2_KB_OFFICIAL_API
A61283211,exclusive_58_59,KB부동산 단지 시세/평형정보 | https://kbland.kr/map?complex=6180,TIER_2_KB_OFFICIAL_API
A61283410,exclusive_59_64,KB부동산 단지 시세/평형정보 | https://kbland.kr/map?complex=6163,TIER_2_KB_OFFICIAL_API
A61283410,exclusive_84_78,KB부동산 단지 시세/평형정보 | https://kbland.kr/map?complex=6163,TIER_2_KB_OFFICIAL_API
A61283410,exclusive_84_93,KB부동산 단지 시세/평형정보 | https://kbland.kr/map?complex=6163,TIER_2_KB_OFFICIAL_API
A61283410,exclusive_84_95,KB부동산 단지 시세/평형정보 | https://kbland.kr/map?complex=6163,TIER_2_KB_OFFICIAL_API
A61286403,exclusive_73_4,KB부동산 단지 시세/평형정보 | https://kbland.kr/map?complex=13952,TIER_2_KB_OFFICIAL_API
A61286403,exclusive_84_84,KB부동산 단지 시세/평형정보 | https://kbland.kr/map?complex=13952,TIER_2_KB_OFFICIAL_API
A61286403,exclusive_84_98,KB부동산 단지 시세/평형정보 | https://kbland.kr/map?complex=13952,TIER_2_KB_OFFICIAL_API
A61286403,exclusive_123_86,KB부동산 단지 시세/평형정보 | https://kbland.kr/map?complex=13952,TIER_2_KB_OFFICIAL_API
A10022568,exclusive_69_91,KB부동산 단지 시세/평형정보 | https://kbland.kr/map?complex=1037915,TIER_2_KB_OFFICIAL_API
A10022568,exclusive_84_62,KB부동산 단지 시세/평형정보 | https://kbland.kr/map?complex=1037915,TIER_2_KB_OFFICIAL_API
A10022568,exclusive_84_96,KB부동산 단지 시세/평형정보 | https://kbland.kr/map?complex=1037915,TIER_2_KB_OFFICIAL_API
A10022568,exclusive_84_51,KB부동산 단지 시세/평형정보 | https://kbland.kr/map?complex=1037915,TIER_2_KB_OFFICIAL_API
A10022568,exclusive_84_94,KB부동산 단지 시세/평형정보 | https://kbland.kr/map?complex=1037915,TIER_2_KB_OFFICIAL_API
A10022568,exclusive_84_97,KB부동산 단지 시세/평형정보 | https://kbland.kr/map?complex=1037915,TIER_2_KB_OFFICIAL_API
A10022568,exclusive_84_97_36평H,KB부동산 단지 시세/평형정보 | https://kbland.kr/map?complex=1037915,TIER_2_KB_OFFICIAL_API
A10022568,exclusive_84_8,KB부동산 단지 시세/평형정보 | https://kbland.kr/map?complex=1037915,TIER_2_KB_OFFICIAL_API
A10022568,exclusive_84_43,KB부동산 단지 시세/평형정보 | https://kbland.kr/map?complex=1037915,TIER_2_KB_OFFICIAL_API
A10023542,exclusive_84_54,KB부동산 단지 시세/평형정보 | https://kbland.kr/map?complex=42014,TIER_2_KB_OFFICIAL_API
A10023542,exclusive_84_43,KB부동산 단지 시세/평형정보 | https://kbland.kr/map?complex=42014,TIER_2_KB_OFFICIAL_API
A10023542,exclusive_84_99,KB부동산 단지 시세/평형정보 | https://kbland.kr/map?complex=42014,TIER_2_KB_OFFICIAL_API
A10025214,exclusive_84_94,KB부동산 단지 시세/평형정보 | https://kbland.kr/map?complex=32797,TIER_2_KB_OFFICIAL_API
A10025214,exclusive_84_94_35평Z,KB부동산 단지 시세/평형정보 | https://kbland.kr/map?complex=32797,TIER_2_KB_OFFICIAL_API
A10025214,exclusive_84_94_35평C,KB부동산 단지 시세/평형정보 | https://kbland.kr/map?complex=32797,TIER_2_KB_OFFICIAL_API
A10025214,exclusive_84_94_35평D,KB부동산 단지 시세/평형정보 | https://kbland.kr/map?complex=32797,TIER_2_KB_OFFICIAL_API
A10025214,exclusive_104_74,KB부동산 단지 시세/평형정보 | https://kbland.kr/map?complex=32797,TIER_2_KB_OFFICIAL_API
A61202004,exclusive_84_98,KB부동산 단지 시세/평형정보 | https://kbland.kr/map?complex=14223,TIER_2_KB_OFFICIAL_API
A61202004,exclusive_84_97,KB부동산 단지 시세/평형정보 | https://kbland.kr/map?complex=14223,TIER_2_KB_OFFICIAL_API
A61202004,exclusive_84_97_34평A,KB부동산 단지 시세/평형정보 | https://kbland.kr/map?complex=14223,TIER_2_KB_OFFICIAL_API
A61202004,exclusive_97_58,KB부동산 단지 시세/평형정보 | https://kbland.kr/map?complex=14223,TIER_2_KB_OFFICIAL_API
A61202004,exclusive_108_51,KB부동산 단지 시세/평형정보 | https://kbland.kr/map?complex=14223,TIER_2_KB_OFFICIAL_API
A61202004,exclusive_109_57,KB부동산 단지 시세/평형정보 | https://kbland.kr/map?complex=14223,TIER_2_KB_OFFICIAL_API
A61202004,exclusive_125_09,KB부동산 단지 시세/평형정보 | https://kbland.kr/map?complex=14223,TIER_2_KB_OFFICIAL_API
A61202004,exclusive_131_48,KB부동산 단지 시세/평형정보 | https://kbland.kr/map?complex=14223,TIER_2_KB_OFFICIAL_API
A61202004,exclusive_132_11,KB부동산 단지 시세/평형정보 | https://kbland.kr/map?complex=14223,TIER_2_KB_OFFICIAL_API
A61202004,exclusive_168_55,KB부동산 단지 시세/평형정보 | https://kbland.kr/map?complex=14223,TIER_2_KB_OFFICIAL_API
A61202004,exclusive_203_16,KB부동산 단지 시세/평형정보 | https://kbland.kr/map?complex=14223,TIER_2_KB_OFFICIAL_API
A61202004,exclusive_205_78,KB부동산 단지 시세/평형정보 | https://kbland.kr/map?complex=14223,TIER_2_KB_OFFICIAL_API
A61202007,exclusive_99_4,KB부동산 단지 시세/평형정보 | https://kbland.kr/map?complex=16104,TIER_2_KB_OFFICIAL_API
A61202007,exclusive_99_4_44평AE,KB부동산 단지 시세/평형정보 | https://kbland.kr/map?complex=16104,TIER_2_KB_OFFICIAL_API
A61202007,exclusive_100_96,KB부동산 단지 시세/평형정보 | https://kbland.kr/map?complex=16104,TIER_2_KB_OFFICIAL_API
A61202007,exclusive_104_49,KB부동산 단지 시세/평형정보 | https://kbland.kr/map?complex=16104,TIER_2_KB_OFFICIAL_API
A61202007,exclusive_111_07,KB부동산 단지 시세/평형정보 | https://kbland.kr/map?complex=16104,TIER_2_KB_OFFICIAL_API
A61202007,exclusive_118_37,KB부동산 단지 시세/평형정보 | https://kbland.kr/map?complex=16104,TIER_2_KB_OFFICIAL_API
A61202007,exclusive_127_65,KB부동산 단지 시세/평형정보 | https://kbland.kr/map?complex=16104,TIER_2_KB_OFFICIAL_API
A61202007,exclusive_145_8,KB부동산 단지 시세/평형정보 | https://kbland.kr/map?complex=16104,TIER_2_KB_OFFICIAL_API
A61202007,exclusive_157_01,KB부동산 단지 시세/평형정보 | https://kbland.kr/map?complex=16104,TIER_2_KB_OFFICIAL_API
A61202007,exclusive_156_57,KB부동산 단지 시세/평형정보 | https://kbland.kr/map?complex=16104,TIER_2_KB_OFFICIAL_API
A61202007,exclusive_159_54,KB부동산 단지 시세/평형정보 | https://kbland.kr/map?complex=16104,TIER_2_KB_OFFICIAL_API
A61202007,exclusive_168_89,KB부동산 단지 시세/평형정보 | https://kbland.kr/map?complex=16104,TIER_2_KB_OFFICIAL_API
A61202007,exclusive_204_9,KB부동산 단지 시세/평형정보 | https://kbland.kr/map?complex=16104,TIER_2_KB_OFFICIAL_API
A61202007,exclusive_209_83,KB부동산 단지 시세/평형정보 | https://kbland.kr/map?complex=16104,TIER_2_KB_OFFICIAL_API
A61202007,exclusive_222_59,KB부동산 단지 시세/평형정보 | https://kbland.kr/map?complex=16104,TIER_2_KB_OFFICIAL_API
A61271101,exclusive_59_86,KB부동산 단지 시세/평형정보 | https://kbland.kr/map?complex=6108,TIER_2_KB_OFFICIAL_API
A61271101,exclusive_84_84,KB부동산 단지 시세/평형정보 | https://kbland.kr/map?complex=6108,TIER_2_KB_OFFICIAL_API
A61271101,exclusive_123_78,KB부동산 단지 시세/평형정보 | https://kbland.kr/map?complex=6108,TIER_2_KB_OFFICIAL_API
A61274011,exclusive_59_83,KB부동산 단지 시세/평형정보 | https://kbland.kr/map?complex=6105,TIER_2_KB_OFFICIAL_API
A61274011,exclusive_84_93,KB부동산 단지 시세/평형정보 | https://kbland.kr/map?complex=6105,TIER_2_KB_OFFICIAL_API
A61274011,exclusive_134_82,KB부동산 단지 시세/평형정보 | https://kbland.kr/map?complex=6105,TIER_2_KB_OFFICIAL_API
A61274011,exclusive_164_63,KB부동산 단지 시세/평형정보 | https://kbland.kr/map?complex=6105,TIER_2_KB_OFFICIAL_API
A61274013,exclusive_80_79,KB부동산 단지 시세/평형정보 | https://kbland.kr/map?complex=16105,TIER_2_KB_OFFICIAL_API
A61274013,exclusive_83_01,KB부동산 단지 시세/평형정보 | https://kbland.kr/map?complex=16105,TIER_2_KB_OFFICIAL_API
A61274013,exclusive_80_57,KB부동산 단지 시세/평형정보 | https://kbland.kr/map?complex=16105,TIER_2_KB_OFFICIAL_API
A61274013,exclusive_85_94,KB부동산 단지 시세/평형정보 | https://kbland.kr/map?complex=16105,TIER_2_KB_OFFICIAL_API
A61274013,exclusive_80_79_37평A-1,KB부동산 단지 시세/평형정보 | https://kbland.kr/map?complex=16105,TIER_2_KB_OFFICIAL_API
A61274013,exclusive_83_01_38평B-1,KB부동산 단지 시세/평형정보 | https://kbland.kr/map?complex=16105,TIER_2_KB_OFFICIAL_API
A61274013,exclusive_85_94_38평F-1,KB부동산 단지 시세/평형정보 | https://kbland.kr/map?complex=16105,TIER_2_KB_OFFICIAL_API
A61274013,exclusive_83_01_39평C,KB부동산 단지 시세/평형정보 | https://kbland.kr/map?complex=16105,TIER_2_KB_OFFICIAL_API
A61274013,exclusive_89_34,KB부동산 단지 시세/평형정보 | https://kbland.kr/map?complex=16105,TIER_2_KB_OFFICIAL_API
A61274013,exclusive_89_49,KB부동산 단지 시세/평형정보 | https://kbland.kr/map?complex=16105,TIER_2_KB_OFFICIAL_API
A61274013,exclusive_87_3,KB부동산 단지 시세/평형정보 | https://kbland.kr/map?complex=16105,TIER_2_KB_OFFICIAL_API
A61274013,exclusive_88_78,KB부동산 단지 시세/평형정보 | https://kbland.kr/map?complex=16105,TIER_2_KB_OFFICIAL_API
A61274013,exclusive_89_34_40평B-2,KB부동산 단지 시세/평형정보 | https://kbland.kr/map?complex=16105,TIER_2_KB_OFFICIAL_API
A61274013,exclusive_90_99,KB부동산 단지 시세/평형정보 | https://kbland.kr/map?complex=16105,TIER_2_KB_OFFICIAL_API
A61274013,exclusive_92_74,KB부동산 단지 시세/평형정보 | https://kbland.kr/map?complex=16105,TIER_2_KB_OFFICIAL_API
A61274013,exclusive_92_15,KB부동산 단지 시세/평형정보 | https://kbland.kr/map?complex=16105,TIER_2_KB_OFFICIAL_API
A61274013,exclusive_94_17,KB부동산 단지 시세/평형정보 | https://kbland.kr/map?complex=16105,TIER_2_KB_OFFICIAL_API
A61274013,exclusive_93_04,KB부동산 단지 시세/평형정보 | https://kbland.kr/map?complex=16105,TIER_2_KB_OFFICIAL_API
A61274013,exclusive_94_45,KB부동산 단지 시세/평형정보 | https://kbland.kr/map?complex=16105,TIER_2_KB_OFFICIAL_API
A61274013,exclusive_90_84,KB부동산 단지 시세/평형정보 | https://kbland.kr/map?complex=16105,TIER_2_KB_OFFICIAL_API
A61274013,exclusive_92_89,KB부동산 단지 시세/평형정보 | https://kbland.kr/map?complex=16105,TIER_2_KB_OFFICIAL_API
A61274013,exclusive_92_15_42평A-2,KB부동산 단지 시세/평형정보 | https://kbland.kr/map?complex=16105,TIER_2_KB_OFFICIAL_API
A61274013,exclusive_93_99,KB부동산 단지 시세/평형정보 | https://kbland.kr/map?complex=16105,TIER_2_KB_OFFICIAL_API
A61274013,exclusive_94_17_42평H-2,KB부동산 단지 시세/평형정보 | https://kbland.kr/map?complex=16105,TIER_2_KB_OFFICIAL_API
A61274013,exclusive_98_55,KB부동산 단지 시세/평형정보 | https://kbland.kr/map?complex=16105,TIER_2_KB_OFFICIAL_API
A61274013,exclusive_94_11,KB부동산 단지 시세/평형정보 | https://kbland.kr/map?complex=16105,TIER_2_KB_OFFICIAL_API
A61274013,exclusive_98_47,KB부동산 단지 시세/평형정보 | https://kbland.kr/map?complex=16105,TIER_2_KB_OFFICIAL_API
A61274013,exclusive_99_79,KB부동산 단지 시세/평형정보 | https://kbland.kr/map?complex=16105,TIER_2_KB_OFFICIAL_API
A61274013,exclusive_97_29,KB부동산 단지 시세/평형정보 | https://kbland.kr/map?complex=16105,TIER_2_KB_OFFICIAL_API
A61274013,exclusive_96_81,KB부동산 단지 시세/평형정보 | https://kbland.kr/map?complex=16105,TIER_2_KB_OFFICIAL_API
A61274013,exclusive_98_55_44평G-2,KB부동산 단지 시세/평형정보 | https://kbland.kr/map?complex=16105,TIER_2_KB_OFFICIAL_API
A61274013,exclusive_103_03,KB부동산 단지 시세/평형정보 | https://kbland.kr/map?complex=16105,TIER_2_KB_OFFICIAL_API
A61274013,exclusive_98_18,KB부동산 단지 시세/평형정보 | https://kbland.kr/map?complex=16105,TIER_2_KB_OFFICIAL_API
A61274013,exclusive_98_47_44평D-1,KB부동산 단지 시세/평형정보 | https://kbland.kr/map?complex=16105,TIER_2_KB_OFFICIAL_API
A61274013,exclusive_100_46,KB부동산 단지 시세/평형정보 | https://kbland.kr/map?complex=16105,TIER_2_KB_OFFICIAL_API
A61274013,exclusive_98_92,KB부동산 단지 시세/평형정보 | https://kbland.kr/map?complex=16105,TIER_2_KB_OFFICIAL_API
A61274013,exclusive_100_43,KB부동산 단지 시세/평형정보 | https://kbland.kr/map?complex=16105,TIER_2_KB_OFFICIAL_API
A61274013,exclusive_102_42,KB부동산 단지 시세/평형정보 | https://kbland.kr/map?complex=16105,TIER_2_KB_OFFICIAL_API
A61274013,exclusive_103_03_46평B-1,KB부동산 단지 시세/평형정보 | https://kbland.kr/map?complex=16105,TIER_2_KB_OFFICIAL_API
A61274013,exclusive_107_97,KB부동산 단지 시세/평형정보 | https://kbland.kr/map?complex=16105,TIER_2_KB_OFFICIAL_API
A61274013,exclusive_108_1,KB부동산 단지 시세/평형정보 | https://kbland.kr/map?complex=16105,TIER_2_KB_OFFICIAL_API
A61274013,exclusive_110_15,KB부동산 단지 시세/평형정보 | https://kbland.kr/map?complex=16105,TIER_2_KB_OFFICIAL_API
A61274013,exclusive_110_44,KB부동산 단지 시세/평형정보 | https://kbland.kr/map?complex=16105,TIER_2_KB_OFFICIAL_API
A61274013,exclusive_106_87,KB부동산 단지 시세/평형정보 | https://kbland.kr/map?complex=16105,TIER_2_KB_OFFICIAL_API
A61274013,exclusive_107_61,KB부동산 단지 시세/평형정보 | https://kbland.kr/map?complex=16105,TIER_2_KB_OFFICIAL_API
A61274013,exclusive_110_12,KB부동산 단지 시세/평형정보 | https://kbland.kr/map?complex=16105,TIER_2_KB_OFFICIAL_API
A61274013,exclusive_110_47,KB부동산 단지 시세/평형정보 | https://kbland.kr/map?complex=16105,TIER_2_KB_OFFICIAL_API
A61274013,exclusive_111_9,KB부동산 단지 시세/평형정보 | https://kbland.kr/map?complex=16105,TIER_2_KB_OFFICIAL_API
A61274013,exclusive_112_13,KB부동산 단지 시세/평형정보 | https://kbland.kr/map?complex=16105,TIER_2_KB_OFFICIAL_API
A61274013,exclusive_112_6,KB부동산 단지 시세/평형정보 | https://kbland.kr/map?complex=16105,TIER_2_KB_OFFICIAL_API
A61274013,exclusive_111_02,KB부동산 단지 시세/평형정보 | https://kbland.kr/map?complex=16105,TIER_2_KB_OFFICIAL_API
A61274013,exclusive_108_76,KB부동산 단지 시세/평형정보 | https://kbland.kr/map?complex=16105,TIER_2_KB_OFFICIAL_API
A61274013,exclusive_112_99,KB부동산 단지 시세/평형정보 | https://kbland.kr/map?complex=16105,TIER_2_KB_OFFICIAL_API
A61274013,exclusive_110_15_49평C-2,KB부동산 단지 시세/평형정보 | https://kbland.kr/map?complex=16105,TIER_2_KB_OFFICIAL_API
A61274013,exclusive_114_38,KB부동산 단지 시세/평형정보 | https://kbland.kr/map?complex=16105,TIER_2_KB_OFFICIAL_API
A61274013,exclusive_111_61,KB부동산 단지 시세/평형정보 | https://kbland.kr/map?complex=16105,TIER_2_KB_OFFICIAL_API
A61274013,exclusive_111_9_50평E-2,KB부동산 단지 시세/평형정보 | https://kbland.kr/map?complex=16105,TIER_2_KB_OFFICIAL_API
A61274013,exclusive_110_12_50평D-2,KB부동산 단지 시세/평형정보 | https://kbland.kr/map?complex=16105,TIER_2_KB_OFFICIAL_API
A61274013,exclusive_111_02_50평B-1,KB부동산 단지 시세/평형정보 | https://kbland.kr/map?complex=16105,TIER_2_KB_OFFICIAL_API
A61274013,exclusive_115_68,KB부동산 단지 시세/평형정보 | https://kbland.kr/map?complex=16105,TIER_2_KB_OFFICIAL_API
A61274013,exclusive_112_6_51평F-2,KB부동산 단지 시세/평형정보 | https://kbland.kr/map?complex=16105,TIER_2_KB_OFFICIAL_API
A61274013,exclusive_114_38_51평A-2,KB부동산 단지 시세/평형정보 | https://kbland.kr/map?complex=16105,TIER_2_KB_OFFICIAL_API
A61274013,exclusive_117_74,KB부동산 단지 시세/평형정보 | https://kbland.kr/map?complex=16105,TIER_2_KB_OFFICIAL_API
A61274013,exclusive_119_85,KB부동산 단지 시세/평형정보 | https://kbland.kr/map?complex=16105,TIER_2_KB_OFFICIAL_API
A61274013,exclusive_117_4,KB부동산 단지 시세/평형정보 | https://kbland.kr/map?complex=16105,TIER_2_KB_OFFICIAL_API
A61274013,exclusive_117_74_53평A-1,KB부동산 단지 시세/평형정보 | https://kbland.kr/map?complex=16105,TIER_2_KB_OFFICIAL_API
A61274013,exclusive_119_44,KB부동산 단지 시세/평형정보 | https://kbland.kr/map?complex=16105,TIER_2_KB_OFFICIAL_API
A61274013,exclusive_117_63,KB부동산 단지 시세/평형정보 | https://kbland.kr/map?complex=16105,TIER_2_KB_OFFICIAL_API
A61274013,exclusive_119_85_53평C-1,KB부동산 단지 시세/평형정보 | https://kbland.kr/map?complex=16105,TIER_2_KB_OFFICIAL_API
A61274013,exclusive_126_13,KB부동산 단지 시세/평형정보 | https://kbland.kr/map?complex=16105,TIER_2_KB_OFFICIAL_API
A61274013,exclusive_126_36,KB부동산 단지 시세/평형정보 | https://kbland.kr/map?complex=16105,TIER_2_KB_OFFICIAL_API
A61274013,exclusive_127_66,KB부동산 단지 시세/평형정보 | https://kbland.kr/map?complex=16105,TIER_2_KB_OFFICIAL_API
A61274013,exclusive_120_99,KB부동산 단지 시세/평형정보 | https://kbland.kr/map?complex=16105,TIER_2_KB_OFFICIAL_API
A61274013,exclusive_125_73,KB부동산 단지 시세/평형정보 | https://kbland.kr/map?complex=16105,TIER_2_KB_OFFICIAL_API
A61274013,exclusive_126_36_56평D-2,KB부동산 단지 시세/평형정보 | https://kbland.kr/map?complex=16105,TIER_2_KB_OFFICIAL_API
A61274013,exclusive_126_6,KB부동산 단지 시세/평형정보 | https://kbland.kr/map?complex=16105,TIER_2_KB_OFFICIAL_API
A61274013,exclusive_126_79,KB부동산 단지 시세/평형정보 | https://kbland.kr/map?complex=16105,TIER_2_KB_OFFICIAL_API
A61274013,exclusive_124_01,KB부동산 단지 시세/평형정보 | https://kbland.kr/map?complex=16105,TIER_2_KB_OFFICIAL_API
A61274013,exclusive_124_72,KB부동산 단지 시세/평형정보 | https://kbland.kr/map?complex=16105,TIER_2_KB_OFFICIAL_API
A61274013,exclusive_126_65,KB부동산 단지 시세/평형정보 | https://kbland.kr/map?complex=16105,TIER_2_KB_OFFICIAL_API
A61274013,exclusive_125_65,KB부동산 단지 시세/평형정보 | https://kbland.kr/map?complex=16105,TIER_2_KB_OFFICIAL_API
A61274013,exclusive_127_26,KB부동산 단지 시세/평형정보 | https://kbland.kr/map?complex=16105,TIER_2_KB_OFFICIAL_API
A61274013,exclusive_127_63,KB부동산 단지 시세/평형정보 | https://kbland.kr/map?complex=16105,TIER_2_KB_OFFICIAL_API
A61274013,exclusive_135_23,KB부동산 단지 시세/평형정보 | https://kbland.kr/map?complex=16105,TIER_2_KB_OFFICIAL_API
A61274013,exclusive_135_94,KB부동산 단지 시세/평형정보 | https://kbland.kr/map?complex=16105,TIER_2_KB_OFFICIAL_API
A61274013,exclusive_135_94_59평E-2,KB부동산 단지 시세/평형정보 | https://kbland.kr/map?complex=16105,TIER_2_KB_OFFICIAL_API
A61274013,exclusive_138_72,KB부동산 단지 시세/평형정보 | https://kbland.kr/map?complex=16105,TIER_2_KB_OFFICIAL_API
A61274013,exclusive_139_31,KB부동산 단지 시세/평형정보 | https://kbland.kr/map?complex=16105,TIER_2_KB_OFFICIAL_API
A61274013,exclusive_132_21,KB부동산 단지 시세/평형정보 | https://kbland.kr/map?complex=16105,TIER_2_KB_OFFICIAL_API
A61274013,exclusive_135_94_61평D,KB부동산 단지 시세/평형정보 | https://kbland.kr/map?complex=16105,TIER_2_KB_OFFICIAL_API
A61274013,exclusive_138_72_62평A-2,KB부동산 단지 시세/평형정보 | https://kbland.kr/map?complex=16105,TIER_2_KB_OFFICIAL_API
A61274013,exclusive_136_15,KB부동산 단지 시세/평형정보 | https://kbland.kr/map?complex=16105,TIER_2_KB_OFFICIAL_API
A61274013,exclusive_136_55,KB부동산 단지 시세/평형정보 | https://kbland.kr/map?complex=16105,TIER_2_KB_OFFICIAL_API
A61274013,exclusive_139_44,KB부동산 단지 시세/평형정보 | https://kbland.kr/map?complex=16105,TIER_2_KB_OFFICIAL_API
A61274013,exclusive_137_97,KB부동산 단지 시세/평형정보 | https://kbland.kr/map?complex=16105,TIER_2_KB_OFFICIAL_API
A61274013,exclusive_142_61,KB부동산 단지 시세/평형정보 | https://kbland.kr/map?complex=16105,TIER_2_KB_OFFICIAL_API
A61274013,exclusive_146_03,KB부동산 단지 시세/평형정보 | https://kbland.kr/map?complex=16105,TIER_2_KB_OFFICIAL_API
A61274013,exclusive_146_2,KB부동산 단지 시세/평형정보 | https://kbland.kr/map?complex=16105,TIER_2_KB_OFFICIAL_API
A61274013,exclusive_154_62,KB부동산 단지 시세/평형정보 | https://kbland.kr/map?complex=16105,TIER_2_KB_OFFICIAL_API
A61274013,exclusive_146_27,KB부동산 단지 시세/평형정보 | https://kbland.kr/map?complex=16105,TIER_2_KB_OFFICIAL_API
A61274013,exclusive_150_53,KB부동산 단지 시세/평형정보 | https://kbland.kr/map?complex=16105,TIER_2_KB_OFFICIAL_API
A61274013,exclusive_154_62_68평E-1,KB부동산 단지 시세/평형정보 | https://kbland.kr/map?complex=16105,TIER_2_KB_OFFICIAL_API
A61274013,exclusive_156_5,KB부동산 단지 시세/평형정보 | https://kbland.kr/map?complex=16105,TIER_2_KB_OFFICIAL_API
A61274013,exclusive_157_51,KB부동산 단지 시세/평형정보 | https://kbland.kr/map?complex=16105,TIER_2_KB_OFFICIAL_API
A61274013,exclusive_150_11,KB부동산 단지 시세/평형정보 | https://kbland.kr/map?complex=16105,TIER_2_KB_OFFICIAL_API
A61274013,exclusive_154_77,KB부동산 단지 시세/평형정보 | https://kbland.kr/map?complex=16105,TIER_2_KB_OFFICIAL_API
A61274013,exclusive_156_5_69평C,KB부동산 단지 시세/평형정보 | https://kbland.kr/map?complex=16105,TIER_2_KB_OFFICIAL_API
A61274013,exclusive_154_65,KB부동산 단지 시세/평형정보 | https://kbland.kr/map?complex=16105,TIER_2_KB_OFFICIAL_API
A61274013,exclusive_156_5_70평B-2,KB부동산 단지 시세/평형정보 | https://kbland.kr/map?complex=16105,TIER_2_KB_OFFICIAL_API
A61274013,exclusive_161_66,KB부동산 단지 시세/평형정보 | https://kbland.kr/map?complex=16105,TIER_2_KB_OFFICIAL_API
A61274013,exclusive_158_98,KB부동산 단지 시세/평형정보 | https://kbland.kr/map?complex=16105,TIER_2_KB_OFFICIAL_API
A61274013,exclusive_162_82,KB부동산 단지 시세/평형정보 | https://kbland.kr/map?complex=16105,TIER_2_KB_OFFICIAL_API
A61274013,exclusive_155_24,KB부동산 단지 시세/평형정보 | https://kbland.kr/map?complex=16105,TIER_2_KB_OFFICIAL_API
A61274013,exclusive_158_47,KB부동산 단지 시세/평형정보 | https://kbland.kr/map?complex=16105,TIER_2_KB_OFFICIAL_API
A61274013,exclusive_161_49,KB부동산 단지 시세/평형정보 | https://kbland.kr/map?complex=16105,TIER_2_KB_OFFICIAL_API
A61274013,exclusive_161_66_71평E-2,KB부동산 단지 시세/평형정보 | https://kbland.kr/map?complex=16105,TIER_2_KB_OFFICIAL_API
A61274013,exclusive_160_65,KB부동산 단지 시세/평형정보 | https://kbland.kr/map?complex=16105,TIER_2_KB_OFFICIAL_API
A61274013,exclusive_160_57,KB부동산 단지 시세/평형정보 | https://kbland.kr/map?complex=16105,TIER_2_KB_OFFICIAL_API
A61274013,exclusive_166_38,KB부동산 단지 시세/평형정보 | https://kbland.kr/map?complex=16105,TIER_2_KB_OFFICIAL_API
A61274013,exclusive_164_47,KB부동산 단지 시세/평형정보 | https://kbland.kr/map?complex=16105,TIER_2_KB_OFFICIAL_API
A61274013,exclusive_161_6,KB부동산 단지 시세/평형정보 | https://kbland.kr/map?complex=16105,TIER_2_KB_OFFICIAL_API
A61274013,exclusive_163_14,KB부동산 단지 시세/평형정보 | https://kbland.kr/map?complex=16105,TIER_2_KB_OFFICIAL_API
A61274013,exclusive_168_5,KB부동산 단지 시세/평형정보 | https://kbland.kr/map?complex=16105,TIER_2_KB_OFFICIAL_API
A61274013,exclusive_165_03,KB부동산 단지 시세/평형정보 | https://kbland.kr/map?complex=16105,TIER_2_KB_OFFICIAL_API
A61274013,exclusive_165_66,KB부동산 단지 시세/평형정보 | https://kbland.kr/map?complex=16105,TIER_2_KB_OFFICIAL_API
A61274013,exclusive_166_38_75평B-2,KB부동산 단지 시세/평형정보 | https://kbland.kr/map?complex=16105,TIER_2_KB_OFFICIAL_API
A61274013,exclusive_165_76,KB부동산 단지 시세/평형정보 | https://kbland.kr/map?complex=16105,TIER_2_KB_OFFICIAL_API
A61274013,exclusive_169_34,KB부동산 단지 시세/평형정보 | https://kbland.kr/map?complex=16105,TIER_2_KB_OFFICIAL_API
A61274013,exclusive_170_05,KB부동산 단지 시세/평형정보 | https://kbland.kr/map?complex=16105,TIER_2_KB_OFFICIAL_API
A61274013,exclusive_168_01,KB부동산 단지 시세/평형정보 | https://kbland.kr/map?complex=16105,TIER_2_KB_OFFICIAL_API
A61274013,exclusive_167_93,KB부동산 단지 시세/평형정보 | https://kbland.kr/map?complex=16105,TIER_2_KB_OFFICIAL_API
A61274013,exclusive_179_7,KB부동산 단지 시세/평형정보 | https://kbland.kr/map?complex=16105,TIER_2_KB_OFFICIAL_API
A61274013,exclusive_180_19,KB부동산 단지 시세/평형정보 | https://kbland.kr/map?complex=16105,TIER_2_KB_OFFICIAL_API
A61274013,exclusive_173_62,KB부동산 단지 시세/평형정보 | https://kbland.kr/map?complex=16105,TIER_2_KB_OFFICIAL_API
A61274013,exclusive_174_36,KB부동산 단지 시세/평형정보 | https://kbland.kr/map?complex=16105,TIER_2_KB_OFFICIAL_API
A61274013,exclusive_179_7_79평C-2,KB부동산 단지 시세/평형정보 | https://kbland.kr/map?complex=16105,TIER_2_KB_OFFICIAL_API
A61274013,exclusive_177_75,KB부동산 단지 시세/평형정보 | https://kbland.kr/map?complex=16105,TIER_2_KB_OFFICIAL_API
A61274013,exclusive_184_36,KB부동산 단지 시세/평형정보 | https://kbland.kr/map?complex=16105,TIER_2_KB_OFFICIAL_API
A61274013,exclusive_184_62,KB부동산 단지 시세/평형정보 | https://kbland.kr/map?complex=16105,TIER_2_KB_OFFICIAL_API
A61274013,exclusive_172_42,KB부동산 단지 시세/평형정보 | https://kbland.kr/map?complex=16105,TIER_2_KB_OFFICIAL_API
A61274013,exclusive_184_36_80평E-2,KB부동산 단지 시세/평형정보 | https://kbland.kr/map?complex=16105,TIER_2_KB_OFFICIAL_API
A61274013,exclusive_179_47,KB부동산 단지 시세/평형정보 | https://kbland.kr/map?complex=16105,TIER_2_KB_OFFICIAL_API
A61274013,exclusive_181_64,KB부동산 단지 시세/평형정보 | https://kbland.kr/map?complex=16105,TIER_2_KB_OFFICIAL_API
A61274013,exclusive_182_03,KB부동산 단지 시세/평형정보 | https://kbland.kr/map?complex=16105,TIER_2_KB_OFFICIAL_API
A61274013,exclusive_185_08,KB부동산 단지 시세/평형정보 | https://kbland.kr/map?complex=16105,TIER_2_KB_OFFICIAL_API
A61274013,exclusive_183_17,KB부동산 단지 시세/평형정보 | https://kbland.kr/map?complex=16105,TIER_2_KB_OFFICIAL_API
A61274013,exclusive_185_54,KB부동산 단지 시세/평형정보 | https://kbland.kr/map?complex=16105,TIER_2_KB_OFFICIAL_API
A61274013,exclusive_190_24,KB부동산 단지 시세/평형정보 | https://kbland.kr/map?complex=16105,TIER_2_KB_OFFICIAL_API
A61274013,exclusive_191_18,KB부동산 단지 시세/평형정보 | https://kbland.kr/map?complex=16105,TIER_2_KB_OFFICIAL_API
A61274013,exclusive_191_6,KB부동산 단지 시세/평형정보 | https://kbland.kr/map?complex=16105,TIER_2_KB_OFFICIAL_API
A61274013,exclusive_193_03,KB부동산 단지 시세/평형정보 | https://kbland.kr/map?complex=16105,TIER_2_KB_OFFICIAL_API
A61274013,exclusive_197_54,KB부동산 단지 시세/평형정보 | https://kbland.kr/map?complex=16105,TIER_2_KB_OFFICIAL_API
A61274013,exclusive_194_79,KB부동산 단지 시세/평형정보 | https://kbland.kr/map?complex=16105,TIER_2_KB_OFFICIAL_API
A61274013,exclusive_194_79_87평SC,KB부동산 단지 시세/평형정보 | https://kbland.kr/map?complex=16105,TIER_2_KB_OFFICIAL_API
A61274013,exclusive_196_83,KB부동산 단지 시세/평형정보 | https://kbland.kr/map?complex=16105,TIER_2_KB_OFFICIAL_API
A61274013,exclusive_199_86,KB부동산 단지 시세/평형정보 | https://kbland.kr/map?complex=16105,TIER_2_KB_OFFICIAL_API
A61274013,exclusive_200_62,KB부동산 단지 시세/평형정보 | https://kbland.kr/map?complex=16105,TIER_2_KB_OFFICIAL_API
A61274013,exclusive_199_04,KB부동산 단지 시세/평형정보 | https://kbland.kr/map?complex=16105,TIER_2_KB_OFFICIAL_API
A61274013,exclusive_202_64,KB부동산 단지 시세/평형정보 | https://kbland.kr/map?complex=16105,TIER_2_KB_OFFICIAL_API
A61274013,exclusive_200_3,KB부동산 단지 시세/평형정보 | https://kbland.kr/map?complex=16105,TIER_2_KB_OFFICIAL_API
A61274013,exclusive_203_81,KB부동산 단지 시세/평형정보 | https://kbland.kr/map?complex=16105,TIER_2_KB_OFFICIAL_API
A61274013,exclusive_206_35,KB부동산 단지 시세/평형정보 | https://kbland.kr/map?complex=16105,TIER_2_KB_OFFICIAL_API
A61274013,exclusive_205_21,KB부동산 단지 시세/평형정보 | https://kbland.kr/map?complex=16105,TIER_2_KB_OFFICIAL_API
A61274013,exclusive_202_03,KB부동산 단지 시세/평형정보 | https://kbland.kr/map?complex=16105,TIER_2_KB_OFFICIAL_API
A61274013,exclusive_207_4,KB부동산 단지 시세/평형정보 | https://kbland.kr/map?complex=16105,TIER_2_KB_OFFICIAL_API
A61274013,exclusive_205_34,KB부동산 단지 시세/평형정보 | https://kbland.kr/map?complex=16105,TIER_2_KB_OFFICIAL_API
A61274013,exclusive_201_04,KB부동산 단지 시세/평형정보 | https://kbland.kr/map?complex=16105,TIER_2_KB_OFFICIAL_API
A61274013,exclusive_208_3,KB부동산 단지 시세/평형정보 | https://kbland.kr/map?complex=16105,TIER_2_KB_OFFICIAL_API
A61274013,exclusive_205_53,KB부동산 단지 시세/평형정보 | https://kbland.kr/map?complex=16105,TIER_2_KB_OFFICIAL_API
A61274013,exclusive_212_86,KB부동산 단지 시세/평형정보 | https://kbland.kr/map?complex=16105,TIER_2_KB_OFFICIAL_API
A61274013,exclusive_214_96,KB부동산 단지 시세/평형정보 | https://kbland.kr/map?complex=16105,TIER_2_KB_OFFICIAL_API
A61274013,exclusive_212_32,KB부동산 단지 시세/평형정보 | https://kbland.kr/map?complex=16105,TIER_2_KB_OFFICIAL_API
A61274013,exclusive_213_92,KB부동산 단지 시세/평형정보 | https://kbland.kr/map?complex=16105,TIER_2_KB_OFFICIAL_API
A61274013,exclusive_221_14,KB부동산 단지 시세/평형정보 | https://kbland.kr/map?complex=16105,TIER_2_KB_OFFICIAL_API
A61274013,exclusive_221_49,KB부동산 단지 시세/평형정보 | https://kbland.kr/map?complex=16105,TIER_2_KB_OFFICIAL_API
A61274013,exclusive_223_77,KB부동산 단지 시세/평형정보 | https://kbland.kr/map?complex=16105,TIER_2_KB_OFFICIAL_API
A61274013,exclusive_219_01,KB부동산 단지 시세/평형정보 | https://kbland.kr/map?complex=16105,TIER_2_KB_OFFICIAL_API
A61274013,exclusive_221_44,KB부동산 단지 시세/평형정보 | https://kbland.kr/map?complex=16105,TIER_2_KB_OFFICIAL_API
A61274013,exclusive_219_94,KB부동산 단지 시세/평형정보 | https://kbland.kr/map?complex=16105,TIER_2_KB_OFFICIAL_API
A61274013,exclusive_223_46,KB부동산 단지 시세/평형정보 | https://kbland.kr/map?complex=16105,TIER_2_KB_OFFICIAL_API
A61274013,exclusive_232_91,KB부동산 단지 시세/평형정보 | https://kbland.kr/map?complex=16105,TIER_2_KB_OFFICIAL_API
A61274013,exclusive_229_85,KB부동산 단지 시세/평형정보 | https://kbland.kr/map?complex=16105,TIER_2_KB_OFFICIAL_API
A61274013,exclusive_229_37,KB부동산 단지 시세/평형정보 | https://kbland.kr/map?complex=16105,TIER_2_KB_OFFICIAL_API
A61274013,exclusive_224_26,KB부동산 단지 시세/평형정보 | https://kbland.kr/map?complex=16105,TIER_2_KB_OFFICIAL_API
A61274013,exclusive_237_33,KB부동산 단지 시세/평형정보 | https://kbland.kr/map?complex=16105,TIER_2_KB_OFFICIAL_API
A61274013,exclusive_230_37,KB부동산 단지 시세/평형정보 | https://kbland.kr/map?complex=16105,TIER_2_KB_OFFICIAL_API
A61274013,exclusive_238_55,KB부동산 단지 시세/평형정보 | https://kbland.kr/map?complex=16105,TIER_2_KB_OFFICIAL_API
A61274013,exclusive_233_15,KB부동산 단지 시세/평형정보 | https://kbland.kr/map?complex=16105,TIER_2_KB_OFFICIAL_API
A61274013,exclusive_231_36,KB부동산 단지 시세/평형정보 | https://kbland.kr/map?complex=16105,TIER_2_KB_OFFICIAL_API
A61274013,exclusive_234_57,KB부동산 단지 시세/평형정보 | https://kbland.kr/map?complex=16105,TIER_2_KB_OFFICIAL_API
A61274013,exclusive_235_25,KB부동산 단지 시세/평형정보 | https://kbland.kr/map?complex=16105,TIER_2_KB_OFFICIAL_API
A61274013,exclusive_240_22,KB부동산 단지 시세/평형정보 | https://kbland.kr/map?complex=16105,TIER_2_KB_OFFICIAL_API
A61274013,exclusive_244_99,KB부동산 단지 시세/평형정보 | https://kbland.kr/map?complex=16105,TIER_2_KB_OFFICIAL_API
A61274013,exclusive_244_99_105평A,KB부동산 단지 시세/평형정보 | https://kbland.kr/map?complex=16105,TIER_2_KB_OFFICIAL_API
A61274013,exclusive_243_54,KB부동산 단지 시세/평형정보 | https://kbland.kr/map?complex=16105,TIER_2_KB_OFFICIAL_API
A61274013,exclusive_241_9,KB부동산 단지 시세/평형정보 | https://kbland.kr/map?complex=16105,TIER_2_KB_OFFICIAL_API
A61274013,exclusive_244_79,KB부동산 단지 시세/평형정보 | https://kbland.kr/map?complex=16105,TIER_2_KB_OFFICIAL_API
A61274013,exclusive_250_75,KB부동산 단지 시세/평형정보 | https://kbland.kr/map?complex=16105,TIER_2_KB_OFFICIAL_API
A61274013,exclusive_285_86,KB부동산 단지 시세/평형정보 | https://kbland.kr/map?complex=16105,TIER_2_KB_OFFICIAL_API
A61274114,exclusive_58_69,KB부동산 단지 시세/평형정보 | https://kbland.kr/map?complex=6103,TIER_2_KB_OFFICIAL_API
A61274114,exclusive_59_55,KB부동산 단지 시세/평형정보 | https://kbland.kr/map?complex=6103,TIER_2_KB_OFFICIAL_API
A61274114,exclusive_59_53,KB부동산 단지 시세/평형정보 | https://kbland.kr/map?complex=6103,TIER_2_KB_OFFICIAL_API
A61274114,exclusive_84_95,KB부동산 단지 시세/평형정보 | https://kbland.kr/map?complex=6103,TIER_2_KB_OFFICIAL_API
A61274114,exclusive_84_77,KB부동산 단지 시세/평형정보 | https://kbland.kr/map?complex=6103,TIER_2_KB_OFFICIAL_API
A61274114,exclusive_84_25,KB부동산 단지 시세/평형정보 | https://kbland.kr/map?complex=6103,TIER_2_KB_OFFICIAL_API
A61274114,exclusive_84_88,KB부동산 단지 시세/평형정보 | https://kbland.kr/map?complex=6103,TIER_2_KB_OFFICIAL_API
A61274114,exclusive_123_98,KB부동산 단지 시세/평형정보 | https://kbland.kr/map?complex=6103,TIER_2_KB_OFFICIAL_API
A61274114,exclusive_175_41,KB부동산 단지 시세/평형정보 | https://kbland.kr/map?complex=6103,TIER_2_KB_OFFICIAL_API
A61274114,exclusive_187_38,KB부동산 단지 시세/평형정보 | https://kbland.kr/map?complex=6103,TIER_2_KB_OFFICIAL_API
A61274114,exclusive_191_43,KB부동산 단지 시세/평형정보 | https://kbland.kr/map?complex=6103,TIER_2_KB_OFFICIAL_API
A61274508,exclusive_59_8,KB부동산 단지 시세/평형정보 | https://kbland.kr/map?complex=6109,TIER_2_KB_OFFICIAL_API
A61274508,exclusive_84_96,KB부동산 단지 시세/평형정보 | https://kbland.kr/map?complex=6109,TIER_2_KB_OFFICIAL_API
A61274508,exclusive_114_92,KB부동산 단지 시세/평형정보 | https://kbland.kr/map?complex=6109,TIER_2_KB_OFFICIAL_API
A61274707,exclusive_63,KB부동산 단지 시세/평형정보 | https://kbland.kr/map?complex=6101,TIER_2_KB_OFFICIAL_API
A61274707,exclusive_84_69,KB부동산 단지 시세/평형정보 | https://kbland.kr/map?complex=6101,TIER_2_KB_OFFICIAL_API
A61274707,exclusive_84_99,KB부동산 단지 시세/평형정보 | https://kbland.kr/map?complex=6101,TIER_2_KB_OFFICIAL_API
A61274707,exclusive_75_15,KB부동산 단지 시세/평형정보 | https://kbland.kr/map?complex=6101,TIER_2_KB_OFFICIAL_API
A61274707,exclusive_114_39,KB부동산 단지 시세/평형정보 | https://kbland.kr/map?complex=6101,TIER_2_KB_OFFICIAL_API
A61274707,exclusive_128_6,KB부동산 단지 시세/평형정보 | https://kbland.kr/map?complex=6101,TIER_2_KB_OFFICIAL_API
A61274707,exclusive_128_27,KB부동산 단지 시세/평형정보 | https://kbland.kr/map?complex=6101,TIER_2_KB_OFFICIAL_API
A61274707,exclusive_163_94,KB부동산 단지 시세/평형정보 | https://kbland.kr/map?complex=6101,TIER_2_KB_OFFICIAL_API
A61278912,exclusive_59_81,KB부동산 단지 시세/평형정보 | https://kbland.kr/map?complex=6102,TIER_2_KB_OFFICIAL_API
A61278912,exclusive_84_51,KB부동산 단지 시세/평형정보 | https://kbland.kr/map?complex=6102,TIER_2_KB_OFFICIAL_API
A61278912,exclusive_84_93,KB부동산 단지 시세/평형정보 | https://kbland.kr/map?complex=6102,TIER_2_KB_OFFICIAL_API
A61278912,exclusive_101_72,KB부동산 단지 시세/평형정보 | https://kbland.kr/map?complex=6102,TIER_2_KB_OFFICIAL_API
A61278912,exclusive_131_27,KB부동산 단지 시세/평형정보 | https://kbland.kr/map?complex=6102,TIER_2_KB_OFFICIAL_API
A61278912,exclusive_164_41,KB부동산 단지 시세/평형정보 | https://kbland.kr/map?complex=6102,TIER_2_KB_OFFICIAL_API
A61286810,exclusive_71_69,KB부동산 단지 시세/평형정보 | https://kbland.kr/map?complex=14153,TIER_2_KB_OFFICIAL_API
A61286810,exclusive_84_9,KB부동산 단지 시세/평형정보 | https://kbland.kr/map?complex=14153,TIER_2_KB_OFFICIAL_API
A61286810,exclusive_118_98,KB부동산 단지 시세/평형정보 | https://kbland.kr/map?complex=14153,TIER_2_KB_OFFICIAL_API
A10024591,exclusive_84_91,KB부동산 단지 시세/평형정보 | https://kbland.kr/map?complex=36116,TIER_2_KB_OFFICIAL_API
A10024591,exclusive_84_99,KB부동산 단지 시세/평형정보 | https://kbland.kr/map?complex=36116,TIER_2_KB_OFFICIAL_API
A10024591,exclusive_84_99_35평B,KB부동산 단지 시세/평형정보 | https://kbland.kr/map?complex=36116,TIER_2_KB_OFFICIAL_API
A10024591,exclusive_95_91,KB부동산 단지 시세/평형정보 | https://kbland.kr/map?complex=36116,TIER_2_KB_OFFICIAL_API
A10028037,exclusive_44_63,KB부동산 단지 시세/평형정보 | https://kbland.kr/map?complex=22942,TIER_2_KB_OFFICIAL_API
A10028037,exclusive_52_73,KB부동산 단지 시세/평형정보 | https://kbland.kr/map?complex=22942,TIER_2_KB_OFFICIAL_API
A10028037,exclusive_59_95,KB부동산 단지 시세/평형정보 | https://kbland.kr/map?complex=22942,TIER_2_KB_OFFICIAL_API
A10028037,exclusive_59_96,KB부동산 단지 시세/평형정보 | https://kbland.kr/map?complex=22942,TIER_2_KB_OFFICIAL_API
A10028037,exclusive_81_37,KB부동산 단지 시세/평형정보 | https://kbland.kr/map?complex=22942,TIER_2_KB_OFFICIAL_API
A10028037,exclusive_80_94,KB부동산 단지 시세/평형정보 | https://kbland.kr/map?complex=22942,TIER_2_KB_OFFICIAL_API
A10028037,exclusive_84_96,KB부동산 단지 시세/평형정보 | https://kbland.kr/map?complex=22942,TIER_2_KB_OFFICIAL_API
A10028037,exclusive_98_19,KB부동산 단지 시세/평형정보 | https://kbland.kr/map?complex=22942,TIER_2_KB_OFFICIAL_API
A10028037,exclusive_101_13,KB부동산 단지 시세/평형정보 | https://kbland.kr/map?complex=22942,TIER_2_KB_OFFICIAL_API
A10028037,exclusive_98_55,KB부동산 단지 시세/평형정보 | https://kbland.kr/map?complex=22942,TIER_2_KB_OFFICIAL_API
A10028037,exclusive_84_58,KB부동산 단지 시세/평형정보 | https://kbland.kr/map?complex=22942,TIER_2_KB_OFFICIAL_API
A10028037,exclusive_102_31,KB부동산 단지 시세/평형정보 | https://kbland.kr/map?complex=22942,TIER_2_KB_OFFICIAL_API
A10028037,exclusive_106_34,KB부동산 단지 시세/평형정보 | https://kbland.kr/map?complex=22942,TIER_2_KB_OFFICIAL_API
A10028037,exclusive_105_88,KB부동산 단지 시세/평형정보 | https://kbland.kr/map?complex=22942,TIER_2_KB_OFFICIAL_API
A10028037,exclusive_109_27,KB부동산 단지 시세/평형정보 | https://kbland.kr/map?complex=22942,TIER_2_KB_OFFICIAL_API
A10028037,exclusive_115_49,KB부동산 단지 시세/평형정보 | https://kbland.kr/map?complex=22942,TIER_2_KB_OFFICIAL_API
A10028037,exclusive_114_75,KB부동산 단지 시세/평형정보 | https://kbland.kr/map?complex=22942,TIER_2_KB_OFFICIAL_API
A10028037,exclusive_114_75_46평VF,KB부동산 단지 시세/평형정보 | https://kbland.kr/map?complex=22942,TIER_2_KB_OFFICIAL_API
A10028037,exclusive_114_75_46평VE,KB부동산 단지 시세/평형정보 | https://kbland.kr/map?complex=22942,TIER_2_KB_OFFICIAL_API
A10028037,exclusive_114_75_46평VI,KB부동산 단지 시세/평형정보 | https://kbland.kr/map?complex=22942,TIER_2_KB_OFFICIAL_API
A10028037,exclusive_114_75_46평VH,KB부동산 단지 시세/평형정보 | https://kbland.kr/map?complex=22942,TIER_2_KB_OFFICIAL_API
A10028037,exclusive_116_53,KB부동산 단지 시세/평형정보 | https://kbland.kr/map?complex=22942,TIER_2_KB_OFFICIAL_API
A10028037,exclusive_125_07,KB부동산 단지 시세/평형정보 | https://kbland.kr/map?complex=22942,TIER_2_KB_OFFICIAL_API
A10028037,exclusive_129_15,KB부동산 단지 시세/평형정보 | https://kbland.kr/map?complex=22942,TIER_2_KB_OFFICIAL_API
A10028037,exclusive_129_87,KB부동산 단지 시세/평형정보 | https://kbland.kr/map?complex=22942,TIER_2_KB_OFFICIAL_API
A10028037,exclusive_134_31,KB부동산 단지 시세/평형정보 | https://kbland.kr/map?complex=22942,TIER_2_KB_OFFICIAL_API
A10028037,exclusive_132_52,KB부동산 단지 시세/평형정보 | https://kbland.kr/map?complex=22942,TIER_2_KB_OFFICIAL_API
A10028037,exclusive_132_74,KB부동산 단지 시세/평형정보 | https://kbland.kr/map?complex=22942,TIER_2_KB_OFFICIAL_API
A10028037,exclusive_153_57,KB부동산 단지 시세/평형정보 | https://kbland.kr/map?complex=22942,TIER_2_KB_OFFICIAL_API
A10028037,exclusive_153_01,KB부동산 단지 시세/평형정보 | https://kbland.kr/map?complex=22942,TIER_2_KB_OFFICIAL_API
A10028037,exclusive_158_61,KB부동산 단지 시세/평형정보 | https://kbland.kr/map?complex=22942,TIER_2_KB_OFFICIAL_API
A10028037,exclusive_233_14,KB부동산 단지 시세/평형정보 | https://kbland.kr/map?complex=22942,TIER_2_KB_OFFICIAL_API
A10028037,exclusive_241_89,KB부동산 단지 시세/평형정보 | https://kbland.kr/map?complex=22942,TIER_2_KB_OFFICIAL_API
A61201007,exclusive_84_97,KB부동산 단지 시세/평형정보 | https://kbland.kr/map?complex=12592,TIER_2_KB_OFFICIAL_API
A61201007,exclusive_101_92,KB부동산 단지 시세/평형정보 | https://kbland.kr/map?complex=12592,TIER_2_KB_OFFICIAL_API
A61201007,exclusive_125_19,KB부동산 단지 시세/평형정보 | https://kbland.kr/map?complex=12592,TIER_2_KB_OFFICIAL_API
A61203012,exclusive_59_58,KB부동산 단지 시세/평형정보 | https://kbland.kr/map?complex=6143,TIER_2_KB_OFFICIAL_API
A61203012,exclusive_84_9,KB부동산 단지 시세/평형정보 | https://kbland.kr/map?complex=6143,TIER_2_KB_OFFICIAL_API
A61203012,exclusive_134_99,KB부동산 단지 시세/평형정보 | https://kbland.kr/map?complex=6143,TIER_2_KB_OFFICIAL_API
A61203013,exclusive_59_94,KB부동산 단지 시세/평형정보 | https://kbland.kr/map?complex=6145,TIER_2_KB_OFFICIAL_API
A61203013,exclusive_84_9,KB부동산 단지 시세/평형정보 | https://kbland.kr/map?complex=6145,TIER_2_KB_OFFICIAL_API
A61203013,exclusive_134_97,KB부동산 단지 시세/평형정보 | https://kbland.kr/map?complex=6145,TIER_2_KB_OFFICIAL_API
A61203014,exclusive_58_8,KB부동산 단지 시세/평형정보 | https://kbland.kr/map?complex=6152,TIER_2_KB_OFFICIAL_API
A61203014,exclusive_84_03,KB부동산 단지 시세/평형정보 | https://kbland.kr/map?complex=6152,TIER_2_KB_OFFICIAL_API
A61203014,exclusive_101_94,KB부동산 단지 시세/평형정보 | https://kbland.kr/map?complex=6152,TIER_2_KB_OFFICIAL_API
A61203014,exclusive_134_47,KB부동산 단지 시세/평형정보 | https://kbland.kr/map?complex=6152,TIER_2_KB_OFFICIAL_API
A61203015,exclusive_58_2,KB부동산 단지 시세/평형정보 | https://kbland.kr/map?complex=6139,TIER_2_KB_OFFICIAL_API
A61203015,exclusive_84_93,KB부동산 단지 시세/평형정보 | https://kbland.kr/map?complex=6139,TIER_2_KB_OFFICIAL_API
A61203015,exclusive_128_37,KB부동산 단지 시세/평형정보 | https://kbland.kr/map?complex=6139,TIER_2_KB_OFFICIAL_API
A61203015,exclusive_134_25,KB부동산 단지 시세/평형정보 | https://kbland.kr/map?complex=6139,TIER_2_KB_OFFICIAL_API
A61203015,exclusive_164_85,KB부동산 단지 시세/평형정보 | https://kbland.kr/map?complex=6139,TIER_2_KB_OFFICIAL_API
A61203016,exclusive_55_68,KB부동산 단지 시세/평형정보 | https://kbland.kr/map?complex=6125,TIER_2_KB_OFFICIAL_API
A61203016,exclusive_84_93,KB부동산 단지 시세/평형정보 | https://kbland.kr/map?complex=6125,TIER_2_KB_OFFICIAL_API
A61203016,exclusive_101_73,KB부동산 단지 시세/평형정보 | https://kbland.kr/map?complex=6125,TIER_2_KB_OFFICIAL_API
A61203016,exclusive_134_88,KB부동산 단지 시세/평형정보 | https://kbland.kr/map?complex=6125,TIER_2_KB_OFFICIAL_API
A61203016,exclusive_150_98,KB부동산 단지 시세/평형정보 | https://kbland.kr/map?complex=6125,TIER_2_KB_OFFICIAL_API
A61203017,exclusive_58_44,KB부동산 단지 시세/평형정보 | https://kbland.kr/map?complex=6146,TIER_2_KB_OFFICIAL_API
A61203017,exclusive_83_6,KB부동산 단지 시세/평형정보 | https://kbland.kr/map?complex=6146,TIER_2_KB_OFFICIAL_API
A61203017,exclusive_99_78,KB부동산 단지 시세/평형정보 | https://kbland.kr/map?complex=6146,TIER_2_KB_OFFICIAL_API
A61203017,exclusive_134_19,KB부동산 단지 시세/평형정보 | https://kbland.kr/map?complex=6146,TIER_2_KB_OFFICIAL_API
A61203019,exclusive_59_91,KB부동산 단지 시세/평형정보 | https://kbland.kr/map?complex=6135,TIER_2_KB_OFFICIAL_API
A61203019,exclusive_59_94,KB부동산 단지 시세/평형정보 | https://kbland.kr/map?complex=6135,TIER_2_KB_OFFICIAL_API
A61203019,exclusive_84_99,KB부동산 단지 시세/평형정보 | https://kbland.kr/map?complex=6135,TIER_2_KB_OFFICIAL_API
A61203019,exclusive_134_97,KB부동산 단지 시세/평형정보 | https://kbland.kr/map?complex=6135,TIER_2_KB_OFFICIAL_API
A61203019,exclusive_164_91,KB부동산 단지 시세/평형정보 | https://kbland.kr/map?complex=6135,TIER_2_KB_OFFICIAL_API
A61203020,exclusive_59_88,KB부동산 단지 시세/평형정보 | https://kbland.kr/map?complex=6129,TIER_2_KB_OFFICIAL_API
A61203020,exclusive_84_93,KB부동산 단지 시세/평형정보 | https://kbland.kr/map?complex=6129,TIER_2_KB_OFFICIAL_API
A61203020,exclusive_99_96,KB부동산 단지 시세/평형정보 | https://kbland.kr/map?complex=6129,TIER_2_KB_OFFICIAL_API
A61203020,exclusive_134_83,KB부동산 단지 시세/평형정보 | https://kbland.kr/map?complex=6129,TIER_2_KB_OFFICIAL_API
A61203020,exclusive_164_76,KB부동산 단지 시세/평형정보 | https://kbland.kr/map?complex=6129,TIER_2_KB_OFFICIAL_API
A61203021,exclusive_39_95,KB부동산 단지 시세/평형정보 | https://kbland.kr/map?complex=6142,TIER_2_KB_OFFICIAL_API
A61203021,exclusive_49_73,KB부동산 단지 시세/평형정보 | https://kbland.kr/map?complex=6142,TIER_2_KB_OFFICIAL_API
A61203021,exclusive_59_9,KB부동산 단지 시세/평형정보 | https://kbland.kr/map?complex=6142,TIER_2_KB_OFFICIAL_API
A61203021,exclusive_59_99,KB부동산 단지 시세/평형정보 | https://kbland.kr/map?complex=6142,TIER_2_KB_OFFICIAL_API
A61203023,exclusive_59_6,KB부동산 단지 시세/평형정보 | https://kbland.kr/map?complex=6154,TIER_2_KB_OFFICIAL_API
A61203023,exclusive_59_76,KB부동산 단지 시세/평형정보 | https://kbland.kr/map?complex=6154,TIER_2_KB_OFFICIAL_API
A61203023,exclusive_84_93,KB부동산 단지 시세/평형정보 | https://kbland.kr/map?complex=6154,TIER_2_KB_OFFICIAL_API
A61203024,exclusive_59_94,KB부동산 단지 시세/평형정보 | https://kbland.kr/map?complex=6126,TIER_2_KB_OFFICIAL_API
A61203024,exclusive_59_94_24평A,KB부동산 단지 시세/평형정보 | https://kbland.kr/map?complex=6126,TIER_2_KB_OFFICIAL_API
A61203024,exclusive_84_96,KB부동산 단지 시세/평형정보 | https://kbland.kr/map?complex=6126,TIER_2_KB_OFFICIAL_API
A61203024,exclusive_101_94,KB부동산 단지 시세/평형정보 | https://kbland.kr/map?complex=6126,TIER_2_KB_OFFICIAL_API
A61203024,exclusive_134_64,KB부동산 단지 시세/평형정보 | https://kbland.kr/map?complex=6126,TIER_2_KB_OFFICIAL_API
A61203024,exclusive_155_31,KB부동산 단지 시세/평형정보 | https://kbland.kr/map?complex=6126,TIER_2_KB_OFFICIAL_API
A61203026,exclusive_56_34,KB부동산 단지 시세/평형정보 | https://kbland.kr/map?complex=6128,TIER_2_KB_OFFICIAL_API
A61203026,exclusive_84_36,KB부동산 단지 시세/평형정보 | https://kbland.kr/map?complex=6128,TIER_2_KB_OFFICIAL_API
A61203026,exclusive_101_76,KB부동산 단지 시세/평형정보 | https://kbland.kr/map?complex=6128,TIER_2_KB_OFFICIAL_API
A61203026,exclusive_134_19,KB부동산 단지 시세/평형정보 | https://kbland.kr/map?complex=6128,TIER_2_KB_OFFICIAL_API
A61203026,exclusive_155_41,KB부동산 단지 시세/평형정보 | https://kbland.kr/map?complex=6128,TIER_2_KB_OFFICIAL_API
A61203027,exclusive_49_94,KB부동산 단지 시세/평형정보 | https://kbland.kr/map?complex=6140,TIER_2_KB_OFFICIAL_API
A61203027,exclusive_59_98,KB부동산 단지 시세/평형정보 | https://kbland.kr/map?complex=6140,TIER_2_KB_OFFICIAL_API
A61203028,exclusive_59_98,KB부동산 단지 시세/평형정보 | https://kbland.kr/map?complex=6138,TIER_2_KB_OFFICIAL_API
A61203028,exclusive_84_95,KB부동산 단지 시세/평형정보 | https://kbland.kr/map?complex=6138,TIER_2_KB_OFFICIAL_API
A61203028,exclusive_101_97,KB부동산 단지 시세/평형정보 | https://kbland.kr/map?complex=6138,TIER_2_KB_OFFICIAL_API
A61203028,exclusive_134_94,KB부동산 단지 시세/평형정보 | https://kbland.kr/map?complex=6138,TIER_2_KB_OFFICIAL_API
A61203031,exclusive_59_85,KB부동산 단지 시세/평형정보 | https://kbland.kr/map?complex=6158,TIER_2_KB_OFFICIAL_API
A61203032,exclusive_59_94,KB부동산 단지 시세/평형정보 | https://kbland.kr/map?complex=6132,TIER_2_KB_OFFICIAL_API
A61203032,exclusive_84_96,KB부동산 단지 시세/평형정보 | https://kbland.kr/map?complex=6132,TIER_2_KB_OFFICIAL_API
A61203032,exclusive_134_64,KB부동산 단지 시세/평형정보 | https://kbland.kr/map?complex=6132,TIER_2_KB_OFFICIAL_API
A61203032,exclusive_155_31,KB부동산 단지 시세/평형정보 | https://kbland.kr/map?complex=6132,TIER_2_KB_OFFICIAL_API
A61203035,exclusive_59_85,KB부동산 단지 시세/평형정보 | https://kbland.kr/map?complex=6151,TIER_2_KB_OFFICIAL_API
A61203035,exclusive_84_93,KB부동산 단지 시세/평형정보 | https://kbland.kr/map?complex=6151,TIER_2_KB_OFFICIAL_API
A61203035,exclusive_116_25,KB부동산 단지 시세/평형정보 | https://kbland.kr/map?complex=6151,TIER_2_KB_OFFICIAL_API
A61203035,exclusive_133_29,KB부동산 단지 시세/평형정보 | https://kbland.kr/map?complex=6151,TIER_2_KB_OFFICIAL_API
A61203035,exclusive_153_84,KB부동산 단지 시세/평형정보 | https://kbland.kr/map?complex=6151,TIER_2_KB_OFFICIAL_API
A61203036,exclusive_59_94,KB부동산 단지 시세/평형정보 | https://kbland.kr/map?complex=6144,TIER_2_KB_OFFICIAL_API
A61203036,exclusive_84_9,KB부동산 단지 시세/평형정보 | https://kbland.kr/map?complex=6144,TIER_2_KB_OFFICIAL_API
A61203036,exclusive_101_7,KB부동산 단지 시세/평형정보 | https://kbland.kr/map?complex=6144,TIER_2_KB_OFFICIAL_API
A61203036,exclusive_134_97,KB부동산 단지 시세/평형정보 | https://kbland.kr/map?complex=6144,TIER_2_KB_OFFICIAL_API
A61203037,exclusive_59_81,KB부동산 단지 시세/평형정보 | https://kbland.kr/map?complex=6131,TIER_2_KB_OFFICIAL_API
A61203037,exclusive_84_97,KB부동산 단지 시세/평형정보 | https://kbland.kr/map?complex=6131,TIER_2_KB_OFFICIAL_API
A61203037,exclusive_101_98,KB부동산 단지 시세/평형정보 | https://kbland.kr/map?complex=6131,TIER_2_KB_OFFICIAL_API
A61203037,exclusive_118_68,KB부동산 단지 시세/평형정보 | https://kbland.kr/map?complex=6131,TIER_2_KB_OFFICIAL_API
A61203037,exclusive_134_25,KB부동산 단지 시세/평형정보 | https://kbland.kr/map?complex=6131,TIER_2_KB_OFFICIAL_API
A61203037,exclusive_164_84,KB부동산 단지 시세/평형정보 | https://kbland.kr/map?complex=6131,TIER_2_KB_OFFICIAL_API
A61203038,exclusive_39_95,KB부동산 단지 시세/평형정보 | https://kbland.kr/map?complex=6141,TIER_2_KB_OFFICIAL_API
A61203038,exclusive_39_96,KB부동산 단지 시세/평형정보 | https://kbland.kr/map?complex=6141,TIER_2_KB_OFFICIAL_API
A61203038,exclusive_49_73,KB부동산 단지 시세/평형정보 | https://kbland.kr/map?complex=6141,TIER_2_KB_OFFICIAL_API
A61203038,exclusive_49_98,KB부동산 단지 시세/평형정보 | https://kbland.kr/map?complex=6141,TIER_2_KB_OFFICIAL_API
A61203038,exclusive_59_91,KB부동산 단지 시세/평형정보 | https://kbland.kr/map?complex=6141,TIER_2_KB_OFFICIAL_API
A61203038,exclusive_59_99,KB부동산 단지 시세/평형정보 | https://kbland.kr/map?complex=6141,TIER_2_KB_OFFICIAL_API
A61203039,exclusive_49_83,KB부동산 단지 시세/평형정보 | https://kbland.kr/map?complex=6153,TIER_2_KB_OFFICIAL_API
A61203039,exclusive_59_94,KB부동산 단지 시세/평형정보 | https://kbland.kr/map?complex=6153,TIER_2_KB_OFFICIAL_API
A61203039,exclusive_84_97,KB부동산 단지 시세/평형정보 | https://kbland.kr/map?complex=6153,TIER_2_KB_OFFICIAL_API
A61203039,exclusive_101_79,KB부동산 단지 시세/평형정보 | https://kbland.kr/map?complex=6153,TIER_2_KB_OFFICIAL_API
A61203039,exclusive_117_98,KB부동산 단지 시세/평형정보 | https://kbland.kr/map?complex=6153,TIER_2_KB_OFFICIAL_API
A61203039,exclusive_134_94,KB부동산 단지 시세/평형정보 | https://kbland.kr/map?complex=6153,TIER_2_KB_OFFICIAL_API
A61203039,exclusive_162_27,KB부동산 단지 시세/평형정보 | https://kbland.kr/map?complex=6153,TIER_2_KB_OFFICIAL_API
A61275302,exclusive_59_44,KB부동산 단지 시세/평형정보 | https://kbland.kr/map?complex=6127,TIER_2_KB_OFFICIAL_API
A61275302,exclusive_84_41,KB부동산 단지 시세/평형정보 | https://kbland.kr/map?complex=6127,TIER_2_KB_OFFICIAL_API
A61275302,exclusive_102_08,KB부동산 단지 시세/평형정보 | https://kbland.kr/map?complex=6127,TIER_2_KB_OFFICIAL_API
A61275302,exclusive_134,KB부동산 단지 시세/평형정보 | https://kbland.kr/map?complex=6127,TIER_2_KB_OFFICIAL_API
A10023440,exclusive_84_92,KB부동산 단지 시세/평형정보 | https://kbland.kr/map?complex=47133,TIER_2_KB_OFFICIAL_API
A10023440,exclusive_84_92_34평A-1,KB부동산 단지 시세/평형정보 | https://kbland.kr/map?complex=47133,TIER_2_KB_OFFICIAL_API
A10023440,exclusive_84_97,KB부동산 단지 시세/평형정보 | https://kbland.kr/map?complex=47133,TIER_2_KB_OFFICIAL_API
A10023440,exclusive_84_97_34평C,KB부동산 단지 시세/평형정보 | https://kbland.kr/map?complex=47133,TIER_2_KB_OFFICIAL_API
A10023440,exclusive_100_85,KB부동산 단지 시세/평형정보 | https://kbland.kr/map?complex=47133,TIER_2_KB_OFFICIAL_API
A10023440,exclusive_114_97,KB부동산 단지 시세/평형정보 | https://kbland.kr/map?complex=47133,TIER_2_KB_OFFICIAL_API
A10024383,exclusive_74_97,KB부동산 단지 시세/평형정보 | https://kbland.kr/map?complex=41390,TIER_2_KB_OFFICIAL_API
A10024383,exclusive_74_97_29평D-1,KB부동산 단지 시세/평형정보 | https://kbland.kr/map?complex=41390,TIER_2_KB_OFFICIAL_API
A10024383,exclusive_84_98,KB부동산 단지 시세/평형정보 | https://kbland.kr/map?complex=41390,TIER_2_KB_OFFICIAL_API
A10024383,exclusive_84_99,KB부동산 단지 시세/평형정보 | https://kbland.kr/map?complex=41390,TIER_2_KB_OFFICIAL_API
A10024383,exclusive_84_98_33평B,KB부동산 단지 시세/평형정보 | https://kbland.kr/map?complex=41390,TIER_2_KB_OFFICIAL_API
A60474905,exclusive_59_91,KB부동산 단지 시세/평형정보 | https://kbland.kr/map?complex=5768,TIER_2_KB_OFFICIAL_API
A60474905,exclusive_84_36,KB부동산 단지 시세/평형정보 | https://kbland.kr/map?complex=5768,TIER_2_KB_OFFICIAL_API
A60474905,exclusive_133_45,KB부동산 단지 시세/평형정보 | https://kbland.kr/map?complex=5768,TIER_2_KB_OFFICIAL_API
A60476101,exclusive_73_17,KB부동산 단지 시세/평형정보 | https://kbland.kr/map?complex=5770,TIER_2_KB_OFFICIAL_API
A60476101,exclusive_84_93,KB부동산 단지 시세/평형정보 | https://kbland.kr/map?complex=5770,TIER_2_KB_OFFICIAL_API
A60476101,exclusive_84_96,KB부동산 단지 시세/평형정보 | https://kbland.kr/map?complex=5770,TIER_2_KB_OFFICIAL_API
A60476206,exclusive_84_93,KB부동산 단지 시세/평형정보 | https://kbland.kr/map?complex=1074880,TIER_2_KB_OFFICIAL_API
A60476206,exclusive_84_96,KB부동산 단지 시세/평형정보 | https://kbland.kr/map?complex=1074880,TIER_2_KB_OFFICIAL_API
A60476206,exclusive_122_52,KB부동산 단지 시세/평형정보 | https://kbland.kr/map?complex=1074880,TIER_2_KB_OFFICIAL_API
A60476206,exclusive_122_76,KB부동산 단지 시세/평형정보 | https://kbland.kr/map?complex=1074880,TIER_2_KB_OFFICIAL_API
A60476206,exclusive_138_56,KB부동산 단지 시세/평형정보 | https://kbland.kr/map?complex=1074880,TIER_2_KB_OFFICIAL_API
A10023928,exclusive_59_93,KB부동산 단지 시세/평형정보 | https://kbland.kr/map?complex=47792,TIER_2_KB_OFFICIAL_API
A10023928,exclusive_59_95,KB부동산 단지 시세/평형정보 | https://kbland.kr/map?complex=47792,TIER_2_KB_OFFICIAL_API
A10023928,exclusive_76_66,KB부동산 단지 시세/평형정보 | https://kbland.kr/map?complex=47792,TIER_2_KB_OFFICIAL_API
A10023928,exclusive_84_89,KB부동산 단지 시세/평형정보 | https://kbland.kr/map?complex=47792,TIER_2_KB_OFFICIAL_API
A10027236,exclusive_74_96,KB부동산 단지 시세/평형정보 | https://kbland.kr/map?complex=29662,TIER_2_KB_OFFICIAL_API
A10027236,exclusive_74_96_29평A-1,KB부동산 단지 시세/평형정보 | https://kbland.kr/map?complex=29662,TIER_2_KB_OFFICIAL_API
A10027236,exclusive_74_98,KB부동산 단지 시세/평형정보 | https://kbland.kr/map?complex=29662,TIER_2_KB_OFFICIAL_API
A10027236,exclusive_84_66,KB부동산 단지 시세/평형정보 | https://kbland.kr/map?complex=29662,TIER_2_KB_OFFICIAL_API
A10027236,exclusive_84_74,KB부동산 단지 시세/평형정보 | https://kbland.kr/map?complex=29662,TIER_2_KB_OFFICIAL_API
A10027236,exclusive_84_74_33평A-1,KB부동산 단지 시세/평형정보 | https://kbland.kr/map?complex=29662,TIER_2_KB_OFFICIAL_API
A10027236,exclusive_84_77,KB부동산 단지 시세/평형정보 | https://kbland.kr/map?complex=29662,TIER_2_KB_OFFICIAL_API
A10027236,exclusive_84_77_33평B-1,KB부동산 단지 시세/평형정보 | https://kbland.kr/map?complex=29662,TIER_2_KB_OFFICIAL_API
A10027236,exclusive_84_9,KB부동산 단지 시세/평형정보 | https://kbland.kr/map?complex=29662,TIER_2_KB_OFFICIAL_API
A10027236,exclusive_84_9_33평A-3,KB부동산 단지 시세/평형정보 | https://kbland.kr/map?complex=29662,TIER_2_KB_OFFICIAL_API
A60403002,exclusive_55_65,KB부동산 단지 시세/평형정보 | https://kbland.kr/map?complex=5790,TIER_2_KB_OFFICIAL_API
A60403002,exclusive_58_62,KB부동산 단지 시세/평형정보 | https://kbland.kr/map?complex=5790,TIER_2_KB_OFFICIAL_API
A60403002,exclusive_63_3,KB부동산 단지 시세/평형정보 | https://kbland.kr/map?complex=5790,TIER_2_KB_OFFICIAL_API
A60403002,exclusive_84_95,KB부동산 단지 시세/평형정보 | https://kbland.kr/map?complex=5790,TIER_2_KB_OFFICIAL_API
A60403002,exclusive_84_95_31평,KB부동산 단지 시세/평형정보 | https://kbland.kr/map?complex=5790,TIER_2_KB_OFFICIAL_API
A60403002,exclusive_143_51,KB부동산 단지 시세/평형정보 | https://kbland.kr/map?complex=5790,TIER_2_KB_OFFICIAL_API
A60403002,exclusive_156_8,KB부동산 단지 시세/평형정보 | https://kbland.kr/map?complex=5790,TIER_2_KB_OFFICIAL_API
A60475903,exclusive_74_07,KB부동산 단지 시세/평형정보 | https://kbland.kr/map?complex=5785,TIER_2_KB_OFFICIAL_API
A60475903,exclusive_78_94,KB부동산 단지 시세/평형정보 | https://kbland.kr/map?complex=5785,TIER_2_KB_OFFICIAL_API
A60475903,exclusive_71_4,KB부동산 단지 시세/평형정보 | https://kbland.kr/map?complex=5785,TIER_2_KB_OFFICIAL_API
A60475903,exclusive_84_77,KB부동산 단지 시세/평형정보 | https://kbland.kr/map?complex=5785,TIER_2_KB_OFFICIAL_API
A60475903,exclusive_84_29,KB부동산 단지 시세/평형정보 | https://kbland.kr/map?complex=5785,TIER_2_KB_OFFICIAL_API
A60475903,exclusive_84_95,KB부동산 단지 시세/평형정보 | https://kbland.kr/map?complex=5785,TIER_2_KB_OFFICIAL_API
A60475903,exclusive_84_76,KB부동산 단지 시세/평형정보 | https://kbland.kr/map?complex=5785,TIER_2_KB_OFFICIAL_API
A60475903,exclusive_84_96,KB부동산 단지 시세/평형정보 | https://kbland.kr/map?complex=5785,TIER_2_KB_OFFICIAL_API
A60475903,exclusive_94_93,KB부동산 단지 시세/평형정보 | https://kbland.kr/map?complex=5785,TIER_2_KB_OFFICIAL_API
A60475903,exclusive_84_9,KB부동산 단지 시세/평형정보 | https://kbland.kr/map?complex=5785,TIER_2_KB_OFFICIAL_API
A60475903,exclusive_108_68,KB부동산 단지 시세/평형정보 | https://kbland.kr/map?complex=5785,TIER_2_KB_OFFICIAL_API
A60475903,exclusive_112_03,KB부동산 단지 시세/평형정보 | https://kbland.kr/map?complex=5785,TIER_2_KB_OFFICIAL_API
A60475903,exclusive_114_82,KB부동산 단지 시세/평형정보 | https://kbland.kr/map?complex=5785,TIER_2_KB_OFFICIAL_API
A60475903,exclusive_118_86,KB부동산 단지 시세/평형정보 | https://kbland.kr/map?complex=5785,TIER_2_KB_OFFICIAL_API
A60475903,exclusive_132_84,KB부동산 단지 시세/평형정보 | https://kbland.kr/map?complex=5785,TIER_2_KB_OFFICIAL_API
A60475903,exclusive_143_28,KB부동산 단지 시세/평형정보 | https://kbland.kr/map?complex=5785,TIER_2_KB_OFFICIAL_API
A60476805,exclusive_59_16,KB부동산 단지 시세/평형정보 | https://kbland.kr/map?complex=5784,TIER_2_KB_OFFICIAL_API
A60476805,exclusive_59_97,KB부동산 단지 시세/평형정보 | https://kbland.kr/map?complex=5784,TIER_2_KB_OFFICIAL_API
A60476805,exclusive_80_55,KB부동산 단지 시세/평형정보 | https://kbland.kr/map?complex=5784,TIER_2_KB_OFFICIAL_API
A60476805,exclusive_81_78,KB부동산 단지 시세/평형정보 | https://kbland.kr/map?complex=5784,TIER_2_KB_OFFICIAL_API
A60476805,exclusive_84_96,KB부동산 단지 시세/평형정보 | https://kbland.kr/map?complex=5784,TIER_2_KB_OFFICIAL_API
A60483404,exclusive_75_09,KB부동산 단지 시세/평형정보 | https://kbland.kr/map?complex=5783,TIER_2_KB_OFFICIAL_API
A60483404,exclusive_84_96,KB부동산 단지 시세/평형정보 | https://kbland.kr/map?complex=5783,TIER_2_KB_OFFICIAL_API
A60483404,exclusive_84_96_35평,KB부동산 단지 시세/평형정보 | https://kbland.kr/map?complex=5783,TIER_2_KB_OFFICIAL_API
A60483404,exclusive_122_99,KB부동산 단지 시세/평형정보 | https://kbland.kr/map?complex=5783,TIER_2_KB_OFFICIAL_API
A60483404,exclusive_136_65,KB부동산 단지 시세/평형정보 | https://kbland.kr/map?complex=5783,TIER_2_KB_OFFICIAL_API
A60483404,exclusive_137_89,KB부동산 단지 시세/평형정보 | https://kbland.kr/map?complex=5783,TIER_2_KB_OFFICIAL_API
A60483404,exclusive_141_13,KB부동산 단지 시세/평형정보 | https://kbland.kr/map?complex=5783,TIER_2_KB_OFFICIAL_API
A60483404,exclusive_136_65_53평,KB부동산 단지 시세/평형정보 | https://kbland.kr/map?complex=5783,TIER_2_KB_OFFICIAL_API
A10022280,exclusive_39_99,KB부동산 단지 시세/평형정보 | https://kbland.kr/map?complex=340360,TIER_2_KB_OFFICIAL_API
A10022280,exclusive_59_93,KB부동산 단지 시세/평형정보 | https://kbland.kr/map?complex=340360,TIER_2_KB_OFFICIAL_API
A10022280,exclusive_59_85,KB부동산 단지 시세/평형정보 | https://kbland.kr/map?complex=340360,TIER_2_KB_OFFICIAL_API
A10022280,exclusive_70_34,KB부동산 단지 시세/평형정보 | https://kbland.kr/map?complex=340360,TIER_2_KB_OFFICIAL_API
A10022280,exclusive_70_05,KB부동산 단지 시세/평형정보 | https://kbland.kr/map?complex=340360,TIER_2_KB_OFFICIAL_API
A10022280,exclusive_84_95,KB부동산 단지 시세/평형정보 | https://kbland.kr/map?complex=340360,TIER_2_KB_OFFICIAL_API
A10022280,exclusive_84_95_35평B,KB부동산 단지 시세/평형정보 | https://kbland.kr/map?complex=340360,TIER_2_KB_OFFICIAL_API
A10022280,exclusive_99_7,KB부동산 단지 시세/평형정보 | https://kbland.kr/map?complex=340360,TIER_2_KB_OFFICIAL_API
A60477315,exclusive_61_08,KB부동산 단지 시세/평형정보 | https://kbland.kr/map?complex=5793,TIER_2_KB_OFFICIAL_API
A60477315,exclusive_66_03,KB부동산 단지 시세/평형정보 | https://kbland.kr/map?complex=5793,TIER_2_KB_OFFICIAL_API
A60477315,exclusive_72_54,KB부동산 단지 시세/평형정보 | https://kbland.kr/map?complex=5793,TIER_2_KB_OFFICIAL_API
A60477315,exclusive_79_92,KB부동산 단지 시세/평형정보 | https://kbland.kr/map?complex=5793,TIER_2_KB_OFFICIAL_API
A60477315,exclusive_84_89,KB부동산 단지 시세/평형정보 | https://kbland.kr/map?complex=5793,TIER_2_KB_OFFICIAL_API
A60484514,exclusive_43_55,KB부동산 단지 시세/평형정보 | https://kbland.kr/map?complex=14957,TIER_2_KB_OFFICIAL_API
A60484514,exclusive_59_99,KB부동산 단지 시세/평형정보 | https://kbland.kr/map?complex=14957,TIER_2_KB_OFFICIAL_API
A60484514,exclusive_84_99,KB부동산 단지 시세/평형정보 | https://kbland.kr/map?complex=14957,TIER_2_KB_OFFICIAL_API
A60405002,exclusive_84_96,KB부동산 단지 시세/평형정보 | https://kbland.kr/map?complex=25408,TIER_2_KB_OFFICIAL_API
A60405002,exclusive_84_96_33평A,KB부동산 단지 시세/평형정보 | https://kbland.kr/map?complex=25408,TIER_2_KB_OFFICIAL_API
A60405002,exclusive_84_99,KB부동산 단지 시세/평형정보 | https://kbland.kr/map?complex=25408,TIER_2_KB_OFFICIAL_API
A60405002,exclusive_101_85,KB부동산 단지 시세/평형정보 | https://kbland.kr/map?complex=25408,TIER_2_KB_OFFICIAL_API
A60405002,exclusive_101_35,KB부동산 단지 시세/평형정보 | https://kbland.kr/map?complex=25408,TIER_2_KB_OFFICIAL_API
A60405002,exclusive_119_94,KB부동산 단지 시세/평형정보 | https://kbland.kr/map?complex=25408,TIER_2_KB_OFFICIAL_API
A60405002,exclusive_119_63,KB부동산 단지 시세/평형정보 | https://kbland.kr/map?complex=25408,TIER_2_KB_OFFICIAL_API
A60474307,exclusive_52_11,KB부동산 단지 시세/평형정보 | https://kbland.kr/map?complex=5818,TIER_2_KB_OFFICIAL_API
A60475305,exclusive_39_78,KB부동산 단지 시세/평형정보 | https://kbland.kr/map?complex=5821,TIER_2_KB_OFFICIAL_API
A60475408,exclusive_45_5,KB부동산 단지 시세/평형정보 | https://kbland.kr/map?complex=5817,TIER_2_KB_OFFICIAL_API
A60475412,exclusive_41_27,KB부동산 단지 시세/평형정보 | https://kbland.kr/map?complex=5820,TIER_2_KB_OFFICIAL_API
A60475507,exclusive_99_92,KB부동산 단지 시세/평형정보 | https://kbland.kr/map?complex=5829,TIER_2_KB_OFFICIAL_API
A60475507,exclusive_134_96,KB부동산 단지 시세/평형정보 | https://kbland.kr/map?complex=5829,TIER_2_KB_OFFICIAL_API
A60475509,exclusive_48_51,KB부동산 단지 시세/평형정보 | https://kbland.kr/map?complex=5835,TIER_2_KB_OFFICIAL_API
A60475612,exclusive_73_4,KB부동산 단지 시세/평형정보 | https://kbland.kr/map?complex=5816,TIER_2_KB_OFFICIAL_API
A60475612,exclusive_78_11,KB부동산 단지 시세/평형정보 | https://kbland.kr/map?complex=5816,TIER_2_KB_OFFICIAL_API
A60475612,exclusive_78_3,KB부동산 단지 시세/평형정보 | https://kbland.kr/map?complex=5816,TIER_2_KB_OFFICIAL_API
A60475612,exclusive_79_8,KB부동산 단지 시세/평형정보 | https://kbland.kr/map?complex=5816,TIER_2_KB_OFFICIAL_API
A60475612,exclusive_84_88,KB부동산 단지 시세/평형정보 | https://kbland.kr/map?complex=5816,TIER_2_KB_OFFICIAL_API
A60475612,exclusive_115_53,KB부동산 단지 시세/평형정보 | https://kbland.kr/map?complex=5816,TIER_2_KB_OFFICIAL_API
A60475612,exclusive_142_32,KB부동산 단지 시세/평형정보 | https://kbland.kr/map?complex=5816,TIER_2_KB_OFFICIAL_API
A60475612,exclusive_142_35,KB부동산 단지 시세/평형정보 | https://kbland.kr/map?complex=5816,TIER_2_KB_OFFICIAL_API
A60475612,exclusive_185_23,KB부동산 단지 시세/평형정보 | https://kbland.kr/map?complex=5816,TIER_2_KB_OFFICIAL_API
A60475710,exclusive_59_76,KB부동산 단지 시세/평형정보 | https://kbland.kr/map?complex=5815,TIER_2_KB_OFFICIAL_API
A60475710,exclusive_84_87,KB부동산 단지 시세/평형정보 | https://kbland.kr/map?complex=5815,TIER_2_KB_OFFICIAL_API
A60475710,exclusive_121_65,KB부동산 단지 시세/평형정보 | https://kbland.kr/map?complex=5815,TIER_2_KB_OFFICIAL_API
A60475710,exclusive_191_43,KB부동산 단지 시세/평형정보 | https://kbland.kr/map?complex=5815,TIER_2_KB_OFFICIAL_API
A60476511,exclusive_57_06,KB부동산 단지 시세/평형정보 | https://kbland.kr/map?complex=5826,TIER_2_KB_OFFICIAL_API
A60476511,exclusive_84_97,KB부동산 단지 시세/평형정보 | https://kbland.kr/map?complex=5826,TIER_2_KB_OFFICIAL_API
A60476511,exclusive_120_82,KB부동산 단지 시세/평형정보 | https://kbland.kr/map?complex=5826,TIER_2_KB_OFFICIAL_API
A60476511,exclusive_144_61,KB부동산 단지 시세/평형정보 | https://kbland.kr/map?complex=5826,TIER_2_KB_OFFICIAL_API
A60476604,exclusive_43_33,KB부동산 단지 시세/평형정보 | https://kbland.kr/map?complex=5822,TIER_2_KB_OFFICIAL_API
A60476604,exclusive_47_68,KB부동산 단지 시세/평형정보 | https://kbland.kr/map?complex=5822,TIER_2_KB_OFFICIAL_API
A60476604,exclusive_62,KB부동산 단지 시세/평형정보 | https://kbland.kr/map?complex=5822,TIER_2_KB_OFFICIAL_API
A60476604,exclusive_68_9,KB부동산 단지 시세/평형정보 | https://kbland.kr/map?complex=5822,TIER_2_KB_OFFICIAL_API
A60476604,exclusive_77,KB부동산 단지 시세/평형정보 | https://kbland.kr/map?complex=5822,TIER_2_KB_OFFICIAL_API
A60476604,exclusive_84_9,KB부동산 단지 시세/평형정보 | https://kbland.kr/map?complex=5822,TIER_2_KB_OFFICIAL_API
A60482708,exclusive_99_92,KB부동산 단지 시세/평형정보 | https://kbland.kr/map?complex=5827,TIER_2_KB_OFFICIAL_API
A60482708,exclusive_134_96,KB부동산 단지 시세/평형정보 | https://kbland.kr/map?complex=5827,TIER_2_KB_OFFICIAL_API
A10026651,exclusive_59_94,KB부동산 단지 시세/평형정보 | https://kbland.kr/map?complex=31341,TIER_2_KB_OFFICIAL_API
A10026651,exclusive_59_98,KB부동산 단지 시세/평형정보 | https://kbland.kr/map?complex=31341,TIER_2_KB_OFFICIAL_API
A10026651,exclusive_59_99,KB부동산 단지 시세/평형정보 | https://kbland.kr/map?complex=31341,TIER_2_KB_OFFICIAL_API
A10026651,exclusive_74_95,KB부동산 단지 시세/평형정보 | https://kbland.kr/map?complex=31341,TIER_2_KB_OFFICIAL_API
A10026651,exclusive_74_97,KB부동산 단지 시세/평형정보 | https://kbland.kr/map?complex=31341,TIER_2_KB_OFFICIAL_API
A10026651,exclusive_84_6,KB부동산 단지 시세/평형정보 | https://kbland.kr/map?complex=31341,TIER_2_KB_OFFICIAL_API
A10026651,exclusive_84_95,KB부동산 단지 시세/평형정보 | https://kbland.kr/map?complex=31341,TIER_2_KB_OFFICIAL_API
A10026651,exclusive_84_99,KB부동산 단지 시세/평형정보 | https://kbland.kr/map?complex=31341,TIER_2_KB_OFFICIAL_API
A60481703,exclusive_49_98,KB부동산 단지 시세/평형정보 | https://kbland.kr/map?complex=5837,TIER_2_KB_OFFICIAL_API
A60481703,exclusive_59_97,KB부동산 단지 시세/평형정보 | https://kbland.kr/map?complex=5837,TIER_2_KB_OFFICIAL_API
A60481703,exclusive_84_6,KB부동산 단지 시세/평형정보 | https://kbland.kr/map?complex=5837,TIER_2_KB_OFFICIAL_API
A60480608,exclusive_59_86,KB부동산 단지 시세/평형정보 | https://kbland.kr/map?complex=5845,TIER_2_KB_OFFICIAL_API
A60480608,exclusive_59_97,KB부동산 단지 시세/평형정보 | https://kbland.kr/map?complex=5845,TIER_2_KB_OFFICIAL_API
A60480608,exclusive_84_99,KB부동산 단지 시세/평형정보 | https://kbland.kr/map?complex=5845,TIER_2_KB_OFFICIAL_API
A60480608,exclusive_120_79,KB부동산 단지 시세/평형정보 | https://kbland.kr/map?complex=5845,TIER_2_KB_OFFICIAL_API
A60976902,exclusive_59_79,KB부동산 단지 시세/평형정보 | https://kbland.kr/map?complex=5302,TIER_2_KB_OFFICIAL_API
A60976902,exclusive_84_62,KB부동산 단지 시세/평형정보 | https://kbland.kr/map?complex=5302,TIER_2_KB_OFFICIAL_API
A60976902,exclusive_150_28,KB부동산 단지 시세/평형정보 | https://kbland.kr/map?complex=5302,TIER_2_KB_OFFICIAL_API
A60976902,exclusive_186_65,KB부동산 단지 시세/평형정보 | https://kbland.kr/map?complex=5302,TIER_2_KB_OFFICIAL_API
A60931004,exclusive_84_99,KB부동산 단지 시세/평형정보 | https://kbland.kr/map?complex=21533,TIER_2_KB_OFFICIAL_API
A60931004,exclusive_84_99_34평B,KB부동산 단지 시세/평형정보 | https://kbland.kr/map?complex=21533,TIER_2_KB_OFFICIAL_API
A60931004,exclusive_132_39,KB부동산 단지 시세/평형정보 | https://kbland.kr/map?complex=21533,TIER_2_KB_OFFICIAL_API
A60931004,exclusive_132_06,KB부동산 단지 시세/평형정보 | https://kbland.kr/map?complex=21533,TIER_2_KB_OFFICIAL_API
A60931004,exclusive_157_79,KB부동산 단지 시세/평형정보 | https://kbland.kr/map?complex=21533,TIER_2_KB_OFFICIAL_API
A60931004,exclusive_156_82,KB부동산 단지 시세/평형정보 | https://kbland.kr/map?complex=21533,TIER_2_KB_OFFICIAL_API
A60931207,exclusive_59_96,KB부동산 단지 시세/평형정보 | https://kbland.kr/map?complex=14004,TIER_2_KB_OFFICIAL_API
A60931207,exclusive_59_81,KB부동산 단지 시세/평형정보 | https://kbland.kr/map?complex=14004,TIER_2_KB_OFFICIAL_API
A60931207,exclusive_77_1,KB부동산 단지 시세/평형정보 | https://kbland.kr/map?complex=14004,TIER_2_KB_OFFICIAL_API
A60931207,exclusive_84_98,KB부동산 단지 시세/평형정보 | https://kbland.kr/map?complex=14004,TIER_2_KB_OFFICIAL_API
A60931207,exclusive_110_72,KB부동산 단지 시세/평형정보 | https://kbland.kr/map?complex=14004,TIER_2_KB_OFFICIAL_API
A60931207,exclusive_119_68,KB부동산 단지 시세/평형정보 | https://kbland.kr/map?complex=14004,TIER_2_KB_OFFICIAL_API
A60931207,exclusive_133_57,KB부동산 단지 시세/평형정보 | https://kbland.kr/map?complex=14004,TIER_2_KB_OFFICIAL_API
A60931207,exclusive_175_89,KB부동산 단지 시세/평형정보 | https://kbland.kr/map?complex=14004,TIER_2_KB_OFFICIAL_API
A60931207,exclusive_201_26,KB부동산 단지 시세/평형정보 | https://kbland.kr/map?complex=14004,TIER_2_KB_OFFICIAL_API
A60931207,exclusive_230_27,KB부동산 단지 시세/평형정보 | https://kbland.kr/map?complex=14004,TIER_2_KB_OFFICIAL_API
A60971101,exclusive_59_96,KB부동산 단지 시세/평형정보 | https://kbland.kr/map?complex=14003,TIER_2_KB_OFFICIAL_API
A60971101,exclusive_59_81,KB부동산 단지 시세/평형정보 | https://kbland.kr/map?complex=14003,TIER_2_KB_OFFICIAL_API
A60971101,exclusive_77_1,KB부동산 단지 시세/평형정보 | https://kbland.kr/map?complex=14003,TIER_2_KB_OFFICIAL_API
A60971101,exclusive_84_98,KB부동산 단지 시세/평형정보 | https://kbland.kr/map?complex=14003,TIER_2_KB_OFFICIAL_API
A60971101,exclusive_96_42,KB부동산 단지 시세/평형정보 | https://kbland.kr/map?complex=14003,TIER_2_KB_OFFICIAL_API
A60971101,exclusive_110_72,KB부동산 단지 시세/평형정보 | https://kbland.kr/map?complex=14003,TIER_2_KB_OFFICIAL_API
A60971101,exclusive_119_68,KB부동산 단지 시세/평형정보 | https://kbland.kr/map?complex=14003,TIER_2_KB_OFFICIAL_API
A60975204,exclusive_84_96,KB부동산 단지 시세/평형정보 | https://kbland.kr/map?complex=293624,TIER_2_KB_OFFICIAL_API
A60975204,exclusive_85,KB부동산 단지 시세/평형정보 | https://kbland.kr/map?complex=293624,TIER_2_KB_OFFICIAL_API
A60975204,exclusive_101_94,KB부동산 단지 시세/평형정보 | https://kbland.kr/map?complex=293624,TIER_2_KB_OFFICIAL_API
A60975204,exclusive_120_69,KB부동산 단지 시세/평형정보 | https://kbland.kr/map?complex=293624,TIER_2_KB_OFFICIAL_API
A60975204,exclusive_125_78,KB부동산 단지 시세/평형정보 | https://kbland.kr/map?complex=293624,TIER_2_KB_OFFICIAL_API
A60975204,exclusive_135_23,KB부동산 단지 시세/평형정보 | https://kbland.kr/map?complex=293624,TIER_2_KB_OFFICIAL_API
A60975204,exclusive_166_71,KB부동산 단지 시세/평형정보 | https://kbland.kr/map?complex=293624,TIER_2_KB_OFFICIAL_API
A60976105,exclusive_84_82,KB부동산 단지 시세/평형정보 | https://kbland.kr/map?complex=5268,TIER_2_KB_OFFICIAL_API
A60976105,exclusive_84_96,KB부동산 단지 시세/평형정보 | https://kbland.kr/map?complex=5268,TIER_2_KB_OFFICIAL_API
A60976105,exclusive_122_22,KB부동산 단지 시세/평형정보 | https://kbland.kr/map?complex=5268,TIER_2_KB_OFFICIAL_API
A60976105,exclusive_139_68,KB부동산 단지 시세/평형정보 | https://kbland.kr/map?complex=5268,TIER_2_KB_OFFICIAL_API
A60976105,exclusive_166_15,KB부동산 단지 시세/평형정보 | https://kbland.kr/map?complex=5268,TIER_2_KB_OFFICIAL_API
A60976105,exclusive_183_45,KB부동산 단지 시세/평형정보 | https://kbland.kr/map?complex=5268,TIER_2_KB_OFFICIAL_API
A60976105,exclusive_183_66,KB부동산 단지 시세/평형정보 | https://kbland.kr/map?complex=5268,TIER_2_KB_OFFICIAL_API
A60980506,exclusive_73_08,KB부동산 단지 시세/평형정보 | https://kbland.kr/map?complex=5263,TIER_2_KB_OFFICIAL_API
A60980506,exclusive_84_84,KB부동산 단지 시세/평형정보 | https://kbland.kr/map?complex=5263,TIER_2_KB_OFFICIAL_API
A60980506,exclusive_84_97,KB부동산 단지 시세/평형정보 | https://kbland.kr/map?complex=5263,TIER_2_KB_OFFICIAL_API
A10026780,exclusive_37_22,KB부동산 단지 시세/평형정보 | https://kbland.kr/map?complex=29934,TIER_2_KB_OFFICIAL_API
A10026780,exclusive_49_64,KB부동산 단지 시세/평형정보 | https://kbland.kr/map?complex=29934,TIER_2_KB_OFFICIAL_API
A10026780,exclusive_59_9,KB부동산 단지 시세/평형정보 | https://kbland.kr/map?complex=29934,TIER_2_KB_OFFICIAL_API
A10026780,exclusive_59_93,KB부동산 단지 시세/평형정보 | https://kbland.kr/map?complex=29934,TIER_2_KB_OFFICIAL_API
A10026780,exclusive_84_89,KB부동산 단지 시세/평형정보 | https://kbland.kr/map?complex=29934,TIER_2_KB_OFFICIAL_API
A10026780,exclusive_84_89_35평B,KB부동산 단지 시세/평형정보 | https://kbland.kr/map?complex=29934,TIER_2_KB_OFFICIAL_API
A10026780,exclusive_84_84,KB부동산 단지 시세/평형정보 | https://kbland.kr/map?complex=29934,TIER_2_KB_OFFICIAL_API
A10026780,exclusive_102_81,KB부동산 단지 시세/평형정보 | https://kbland.kr/map?complex=29934,TIER_2_KB_OFFICIAL_API
A10026780,exclusive_114_73,KB부동산 단지 시세/평형정보 | https://kbland.kr/map?complex=29934,TIER_2_KB_OFFICIAL_API
A60939002,exclusive_59_97,KB부동산 단지 시세/평형정보 | https://kbland.kr/map?complex=21536,TIER_2_KB_OFFICIAL_API
A60939002,exclusive_84_99,KB부동산 단지 시세/평형정보 | https://kbland.kr/map?complex=21536,TIER_2_KB_OFFICIAL_API
A60939002,exclusive_101_88,KB부동산 단지 시세/평형정보 | https://kbland.kr/map?complex=21536,TIER_2_KB_OFFICIAL_API
A60939002,exclusive_127_62,KB부동산 단지 시세/평형정보 | https://kbland.kr/map?complex=21536,TIER_2_KB_OFFICIAL_API
A60939002,exclusive_150_13,KB부동산 단지 시세/평형정보 | https://kbland.kr/map?complex=21536,TIER_2_KB_OFFICIAL_API
A60939002,exclusive_164_98,KB부동산 단지 시세/평형정보 | https://kbland.kr/map?complex=21536,TIER_2_KB_OFFICIAL_API
A60939003,exclusive_59_99,KB부동산 단지 시세/평형정보 | https://kbland.kr/map?complex=20050,TIER_2_KB_OFFICIAL_API
A60939003,exclusive_59_99_26평A,KB부동산 단지 시세/평형정보 | https://kbland.kr/map?complex=20050,TIER_2_KB_OFFICIAL_API
A60939003,exclusive_59_99_27평C,KB부동산 단지 시세/평형정보 | https://kbland.kr/map?complex=20050,TIER_2_KB_OFFICIAL_API
A60939003,exclusive_59_99_27평D,KB부동산 단지 시세/평형정보 | https://kbland.kr/map?complex=20050,TIER_2_KB_OFFICIAL_API
A60939003,exclusive_67_37,KB부동산 단지 시세/평형정보 | https://kbland.kr/map?complex=20050,TIER_2_KB_OFFICIAL_API
A60939003,exclusive_67_4,KB부동산 단지 시세/평형정보 | https://kbland.kr/map?complex=20050,TIER_2_KB_OFFICIAL_API
A60939003,exclusive_67_41,KB부동산 단지 시세/평형정보 | https://kbland.kr/map?complex=20050,TIER_2_KB_OFFICIAL_API
A60939003,exclusive_84_99,KB부동산 단지 시세/평형정보 | https://kbland.kr/map?complex=20050,TIER_2_KB_OFFICIAL_API
A60939003,exclusive_84_99_34평F,KB부동산 단지 시세/평형정보 | https://kbland.kr/map?complex=20050,TIER_2_KB_OFFICIAL_API
A60939003,exclusive_84_99_34평E,KB부동산 단지 시세/평형정보 | https://kbland.kr/map?complex=20050,TIER_2_KB_OFFICIAL_API
A60939003,exclusive_84_99_34평D,KB부동산 단지 시세/평형정보 | https://kbland.kr/map?complex=20050,TIER_2_KB_OFFICIAL_API
A60939003,exclusive_84_99_34평B,KB부동산 단지 시세/평형정보 | https://kbland.kr/map?complex=20050,TIER_2_KB_OFFICIAL_API
A60939003,exclusive_84_99_34평A,KB부동산 단지 시세/평형정보 | https://kbland.kr/map?complex=20050,TIER_2_KB_OFFICIAL_API
A60939003,exclusive_84_99_35평G,KB부동산 단지 시세/평형정보 | https://kbland.kr/map?complex=20050,TIER_2_KB_OFFICIAL_API
A60939003,exclusive_84_99_35평H,KB부동산 단지 시세/평형정보 | https://kbland.kr/map?complex=20050,TIER_2_KB_OFFICIAL_API
A60939003,exclusive_84_99_35평J,KB부동산 단지 시세/평형정보 | https://kbland.kr/map?complex=20050,TIER_2_KB_OFFICIAL_API
A60939003,exclusive_84_99_35평I,KB부동산 단지 시세/평형정보 | https://kbland.kr/map?complex=20050,TIER_2_KB_OFFICIAL_API
A60939003,exclusive_104_86,KB부동산 단지 시세/평형정보 | https://kbland.kr/map?complex=20050,TIER_2_KB_OFFICIAL_API
A60939003,exclusive_104_17,KB부동산 단지 시세/평형정보 | https://kbland.kr/map?complex=20050,TIER_2_KB_OFFICIAL_API
A60939003,exclusive_132_27,KB부동산 단지 시세/평형정보 | https://kbland.kr/map?complex=20050,TIER_2_KB_OFFICIAL_API
A60939003,exclusive_132_21,KB부동산 단지 시세/평형정보 | https://kbland.kr/map?complex=20050,TIER_2_KB_OFFICIAL_API
A60939003,exclusive_132_86,KB부동산 단지 시세/평형정보 | https://kbland.kr/map?complex=20050,TIER_2_KB_OFFICIAL_API
A60939003,exclusive_147_65,KB부동산 단지 시세/평형정보 | https://kbland.kr/map?complex=20050,TIER_2_KB_OFFICIAL_API
A60939003,exclusive_147_27,KB부동산 단지 시세/평형정보 | https://kbland.kr/map?complex=20050,TIER_2_KB_OFFICIAL_API
A60939003,exclusive_164_72,KB부동산 단지 시세/평형정보 | https://kbland.kr/map?complex=20050,TIER_2_KB_OFFICIAL_API
A60939004,exclusive_74_04,KB부동산 단지 시세/평형정보 | https://kbland.kr/map?complex=19915,TIER_2_KB_OFFICIAL_API
A60939004,exclusive_84_9,KB부동산 단지 시세/평형정보 | https://kbland.kr/map?complex=19915,TIER_2_KB_OFFICIAL_API
A60939004,exclusive_84_86,KB부동산 단지 시세/평형정보 | https://kbland.kr/map?complex=19915,TIER_2_KB_OFFICIAL_API
A60939004,exclusive_84_94,KB부동산 단지 시세/평형정보 | https://kbland.kr/map?complex=19915,TIER_2_KB_OFFICIAL_API
A60939004,exclusive_114_7,KB부동산 단지 시세/평형정보 | https://kbland.kr/map?complex=19915,TIER_2_KB_OFFICIAL_API
A60939005,exclusive_75_97,KB부동산 단지 시세/평형정보 | https://kbland.kr/map?complex=25090,TIER_2_KB_OFFICIAL_API
A60939005,exclusive_84_96,KB부동산 단지 시세/평형정보 | https://kbland.kr/map?complex=25090,TIER_2_KB_OFFICIAL_API
A60939005,exclusive_84_94,KB부동산 단지 시세/평형정보 | https://kbland.kr/map?complex=25090,TIER_2_KB_OFFICIAL_API
A10024226,exclusive_59_94,KB부동산 단지 시세/평형정보 | https://kbland.kr/map?complex=39445,TIER_2_KB_OFFICIAL_API
A10024226,exclusive_59_82,KB부동산 단지 시세/평형정보 | https://kbland.kr/map?complex=39445,TIER_2_KB_OFFICIAL_API
A10024226,exclusive_59_82_24평C,KB부동산 단지 시세/평형정보 | https://kbland.kr/map?complex=39445,TIER_2_KB_OFFICIAL_API
A10024226,exclusive_59_99,KB부동산 단지 시세/평형정보 | https://kbland.kr/map?complex=39445,TIER_2_KB_OFFICIAL_API
A10024226,exclusive_84_66,KB부동산 단지 시세/평형정보 | https://kbland.kr/map?complex=39445,TIER_2_KB_OFFICIAL_API
A10024226,exclusive_84_98,KB부동산 단지 시세/평형정보 | https://kbland.kr/map?complex=39445,TIER_2_KB_OFFICIAL_API
A10024226,exclusive_107_98,KB부동산 단지 시세/평형정보 | https://kbland.kr/map?complex=39445,TIER_2_KB_OFFICIAL_API
A60932003,exclusive_84_41,KB부동산 단지 시세/평형정보 | https://kbland.kr/map?complex=15109,TIER_2_KB_OFFICIAL_API
A60932003,exclusive_84_81,KB부동산 단지 시세/평형정보 | https://kbland.kr/map?complex=15109,TIER_2_KB_OFFICIAL_API
A60932003,exclusive_107_89,KB부동산 단지 시세/평형정보 | https://kbland.kr/map?complex=15109,TIER_2_KB_OFFICIAL_API
A60932003,exclusive_145_64,KB부동산 단지 시세/평형정보 | https://kbland.kr/map?complex=15109,TIER_2_KB_OFFICIAL_API
A60970301,exclusive_40_95,KB부동산 단지 시세/평형정보 | https://kbland.kr/map?complex=5281,TIER_2_KB_OFFICIAL_API
A60970301,exclusive_59_93,KB부동산 단지 시세/평형정보 | https://kbland.kr/map?complex=5281,TIER_2_KB_OFFICIAL_API
A60970301,exclusive_84_96,KB부동산 단지 시세/평형정보 | https://kbland.kr/map?complex=5281,TIER_2_KB_OFFICIAL_API
A60970301,exclusive_84_95,KB부동산 단지 시세/평형정보 | https://kbland.kr/map?complex=5281,TIER_2_KB_OFFICIAL_API
A60970301,exclusive_114_99,KB부동산 단지 시세/평형정보 | https://kbland.kr/map?complex=5281,TIER_2_KB_OFFICIAL_API
A60970301,exclusive_134_64,KB부동산 단지 시세/평형정보 | https://kbland.kr/map?complex=5281,TIER_2_KB_OFFICIAL_API
A60970301,exclusive_155_31,KB부동산 단지 시세/평형정보 | https://kbland.kr/map?complex=5281,TIER_2_KB_OFFICIAL_API
A60975303,exclusive_59_99,KB부동산 단지 시세/평형정보 | https://kbland.kr/map?complex=5275,TIER_2_KB_OFFICIAL_API
A60975303,exclusive_84_95,KB부동산 단지 시세/평형정보 | https://kbland.kr/map?complex=5275,TIER_2_KB_OFFICIAL_API
A60975303,exclusive_115_51,KB부동산 단지 시세/평형정보 | https://kbland.kr/map?complex=5275,TIER_2_KB_OFFICIAL_API
A60975303,exclusive_134_12,KB부동산 단지 시세/평형정보 | https://kbland.kr/map?complex=5275,TIER_2_KB_OFFICIAL_API
A60975303,exclusive_170_76,KB부동산 단지 시세/평형정보 | https://kbland.kr/map?complex=5275,TIER_2_KB_OFFICIAL_API
A60975404,exclusive_57_33,KB부동산 단지 시세/평형정보 | https://kbland.kr/map?complex=5276,TIER_2_KB_OFFICIAL_API
A60975404,exclusive_54_9,KB부동산 단지 시세/평형정보 | https://kbland.kr/map?complex=5276,TIER_2_KB_OFFICIAL_API
A60975404,exclusive_58_59,KB부동산 단지 시세/평형정보 | https://kbland.kr/map?complex=5276,TIER_2_KB_OFFICIAL_API
A60975404,exclusive_58_41,KB부동산 단지 시세/평형정보 | https://kbland.kr/map?complex=5276,TIER_2_KB_OFFICIAL_API
A60975404,exclusive_57_15,KB부동산 단지 시세/평형정보 | https://kbland.kr/map?complex=5276,TIER_2_KB_OFFICIAL_API
A60975404,exclusive_57_15_23평A,KB부동산 단지 시세/평형정보 | https://kbland.kr/map?complex=5276,TIER_2_KB_OFFICIAL_API
A60975404,exclusive_57_33_24평C,KB부동산 단지 시세/평형정보 | https://kbland.kr/map?complex=5276,TIER_2_KB_OFFICIAL_API
A60975404,exclusive_59_76,KB부동산 단지 시세/평형정보 | https://kbland.kr/map?complex=5276,TIER_2_KB_OFFICIAL_API
A60975502,exclusive_30_78,KB부동산 단지 시세/평형정보 | https://kbland.kr/map?complex=5277,TIER_2_KB_OFFICIAL_API
A60975502,exclusive_47_19,KB부동산 단지 시세/평형정보 | https://kbland.kr/map?complex=5277,TIER_2_KB_OFFICIAL_API
A60975502,exclusive_59_91,KB부동산 단지 시세/평형정보 | https://kbland.kr/map?complex=5277,TIER_2_KB_OFFICIAL_API
A60975502,exclusive_59_81,KB부동산 단지 시세/평형정보 | https://kbland.kr/map?complex=5277,TIER_2_KB_OFFICIAL_API
A60975502,exclusive_84_93,KB부동산 단지 시세/평형정보 | https://kbland.kr/map?complex=5277,TIER_2_KB_OFFICIAL_API
A60975502,exclusive_134_82,KB부동산 단지 시세/평형정보 | https://kbland.kr/map?complex=5277,TIER_2_KB_OFFICIAL_API
A60975502,exclusive_163_85,KB부동산 단지 시세/평형정보 | https://kbland.kr/map?complex=5277,TIER_2_KB_OFFICIAL_API
A60982103,exclusive_59_82,KB부동산 단지 시세/평형정보 | https://kbland.kr/map?complex=5278,TIER_2_KB_OFFICIAL_API
A60982103,exclusive_84_87,KB부동산 단지 시세/평형정보 | https://kbland.kr/map?complex=5278,TIER_2_KB_OFFICIAL_API
A60982103,exclusive_134_4,KB부동산 단지 시세/평형정보 | https://kbland.kr/map?complex=5278,TIER_2_KB_OFFICIAL_API
A60982103,exclusive_180_16,KB부동산 단지 시세/평형정보 | https://kbland.kr/map?complex=5278,TIER_2_KB_OFFICIAL_API
A10020020,exclusive_84_99,KB부동산 단지 시세/평형정보 | https://kbland.kr/map?complex=1025812,TIER_2_KB_OFFICIAL_API
A10020020,exclusive_84_99_34평B,KB부동산 단지 시세/평형정보 | https://kbland.kr/map?complex=1025812,TIER_2_KB_OFFICIAL_API
A10020020,exclusive_84_99_34평A,KB부동산 단지 시세/평형정보 | https://kbland.kr/map?complex=1025812,TIER_2_KB_OFFICIAL_API
A10020020,exclusive_110_98,KB부동산 단지 시세/평형정보 | https://kbland.kr/map?complex=1025812,TIER_2_KB_OFFICIAL_API
A10020020,exclusive_110_96,KB부동산 단지 시세/평형정보 | https://kbland.kr/map?complex=1025812,TIER_2_KB_OFFICIAL_API
A10020020,exclusive_110_98_43평A,KB부동산 단지 시세/평형정보 | https://kbland.kr/map?complex=1025812,TIER_2_KB_OFFICIAL_API
A10020569,exclusive_74_42,KB부동산 단지 시세/평형정보 | https://kbland.kr/map?complex=659248,TIER_2_KB_OFFICIAL_API
A10020569,exclusive_74_96,KB부동산 단지 시세/평형정보 | https://kbland.kr/map?complex=659248,TIER_2_KB_OFFICIAL_API
A10020569,exclusive_84_88,KB부동산 단지 시세/평형정보 | https://kbland.kr/map?complex=659248,TIER_2_KB_OFFICIAL_API
A10020569,exclusive_84_65,KB부동산 단지 시세/평형정보 | https://kbland.kr/map?complex=659248,TIER_2_KB_OFFICIAL_API
A10020569,exclusive_84_59,KB부동산 단지 시세/평형정보 | https://kbland.kr/map?complex=659248,TIER_2_KB_OFFICIAL_API
A10020569,exclusive_84_72,KB부동산 단지 시세/평형정보 | https://kbland.kr/map?complex=659248,TIER_2_KB_OFFICIAL_API
A10020569,exclusive_84_76,KB부동산 단지 시세/평형정보 | https://kbland.kr/map?complex=659248,TIER_2_KB_OFFICIAL_API
A10020569,exclusive_84_97,KB부동산 단지 시세/평형정보 | https://kbland.kr/map?complex=659248,TIER_2_KB_OFFICIAL_API
A10020569,exclusive_84_56,KB부동산 단지 시세/평형정보 | https://kbland.kr/map?complex=659248,TIER_2_KB_OFFICIAL_API
A10020569,exclusive_84_97_34평G,KB부동산 단지 시세/평형정보 | https://kbland.kr/map?complex=659248,TIER_2_KB_OFFICIAL_API
A10020645,exclusive_70_23,KB부동산 단지 시세/평형정보 | https://kbland.kr/map?complex=545730,TIER_2_KB_OFFICIAL_API
A10020645,exclusive_70_44,KB부동산 단지 시세/평형정보 | https://kbland.kr/map?complex=545730,TIER_2_KB_OFFICIAL_API
A10020645,exclusive_84_4,KB부동산 단지 시세/평형정보 | https://kbland.kr/map?complex=545730,TIER_2_KB_OFFICIAL_API
A10020645,exclusive_84_21,KB부동산 단지 시세/평형정보 | https://kbland.kr/map?complex=545730,TIER_2_KB_OFFICIAL_API
A10020645,exclusive_84_32,KB부동산 단지 시세/평형정보 | https://kbland.kr/map?complex=545730,TIER_2_KB_OFFICIAL_API
A10020645,exclusive_84_26,KB부동산 단지 시세/평형정보 | https://kbland.kr/map?complex=545730,TIER_2_KB_OFFICIAL_API
A10020645,exclusive_84_2,KB부동산 단지 시세/평형정보 | https://kbland.kr/map?complex=545730,TIER_2_KB_OFFICIAL_API
A10020645,exclusive_84_45,KB부동산 단지 시세/평형정보 | https://kbland.kr/map?complex=545730,TIER_2_KB_OFFICIAL_API
A10020649,exclusive_68_97,KB부동산 단지 시세/평형정보 | https://kbland.kr/map?complex=553270,TIER_2_KB_OFFICIAL_API
A10020649,exclusive_68_99,KB부동산 단지 시세/평형정보 | https://kbland.kr/map?complex=553270,TIER_2_KB_OFFICIAL_API
A10020649,exclusive_71_81,KB부동산 단지 시세/평형정보 | https://kbland.kr/map?complex=553270,TIER_2_KB_OFFICIAL_API
A10020649,exclusive_79_99,KB부동산 단지 시세/평형정보 | https://kbland.kr/map?complex=553270,TIER_2_KB_OFFICIAL_API
A10020649,exclusive_79_98,KB부동산 단지 시세/평형정보 | https://kbland.kr/map?complex=553270,TIER_2_KB_OFFICIAL_API
A10020649,exclusive_84_98,KB부동산 단지 시세/평형정보 | https://kbland.kr/map?complex=553270,TIER_2_KB_OFFICIAL_API
A10020649,exclusive_84_98_33평A,KB부동산 단지 시세/평형정보 | https://kbland.kr/map?complex=553270,TIER_2_KB_OFFICIAL_API
A10020649,exclusive_84_99,KB부동산 단지 시세/평형정보 | https://kbland.kr/map?complex=553270,TIER_2_KB_OFFICIAL_API
A10020649,exclusive_84_99_35평P,KB부동산 단지 시세/평형정보 | https://kbland.kr/map?complex=553270,TIER_2_KB_OFFICIAL_API
A10022541,exclusive_102_02,KB부동산 단지 시세/평형정보 | https://kbland.kr/map?complex=432314,TIER_2_KB_OFFICIAL_API
A10022541,exclusive_107_84,KB부동산 단지 시세/평형정보 | https://kbland.kr/map?complex=432314,TIER_2_KB_OFFICIAL_API
A10022541,exclusive_132_46,KB부동산 단지 시세/평형정보 | https://kbland.kr/map?complex=432314,TIER_2_KB_OFFICIAL_API
A10022541,exclusive_132_24,KB부동산 단지 시세/평형정보 | https://kbland.kr/map?complex=432314,TIER_2_KB_OFFICIAL_API
A10022541,exclusive_132_96,KB부동산 단지 시세/평형정보 | https://kbland.kr/map?complex=432314,TIER_2_KB_OFFICIAL_API
A10024664,exclusive_80_78,KB부동산 단지 시세/평형정보 | https://kbland.kr/map?complex=39467,TIER_2_KB_OFFICIAL_API
A10024664,exclusive_80_78_32평B,KB부동산 단지 시세/평형정보 | https://kbland.kr/map?complex=39467,TIER_2_KB_OFFICIAL_API
A10024664,exclusive_84_99,KB부동산 단지 시세/평형정보 | https://kbland.kr/map?complex=39467,TIER_2_KB_OFFICIAL_API
A10024664,exclusive_84_95,KB부동산 단지 시세/평형정보 | https://kbland.kr/map?complex=39467,TIER_2_KB_OFFICIAL_API
A10024664,exclusive_99_92,KB부동산 단지 시세/평형정보 | https://kbland.kr/map?complex=39467,TIER_2_KB_OFFICIAL_API
A10024664,exclusive_113_93,KB부동산 단지 시세/평형정보 | https://kbland.kr/map?complex=39467,TIER_2_KB_OFFICIAL_API
A10024697,exclusive_80_78,KB부동산 단지 시세/평형정보 | https://kbland.kr/map?complex=39465,TIER_2_KB_OFFICIAL_API
A10024697,exclusive_84_99,KB부동산 단지 시세/평형정보 | https://kbland.kr/map?complex=39465,TIER_2_KB_OFFICIAL_API
A10024697,exclusive_84_95,KB부동산 단지 시세/평형정보 | https://kbland.kr/map?complex=39465,TIER_2_KB_OFFICIAL_API
A10024697,exclusive_99_92,KB부동산 단지 시세/평형정보 | https://kbland.kr/map?complex=39465,TIER_2_KB_OFFICIAL_API
A10024697,exclusive_113_93,KB부동산 단지 시세/평형정보 | https://kbland.kr/map?complex=39465,TIER_2_KB_OFFICIAL_API
A10026157,exclusive_74_62,KB부동산 단지 시세/평형정보 | https://kbland.kr/map?complex=33649,TIER_2_KB_OFFICIAL_API
A10026157,exclusive_74_62_30평A2,KB부동산 단지 시세/평형정보 | https://kbland.kr/map?complex=33649,TIER_2_KB_OFFICIAL_API
A10026157,exclusive_74_8,KB부동산 단지 시세/평형정보 | https://kbland.kr/map?complex=33649,TIER_2_KB_OFFICIAL_API
A10026157,exclusive_84_56,KB부동산 단지 시세/평형정보 | https://kbland.kr/map?complex=33649,TIER_2_KB_OFFICIAL_API
A10026157,exclusive_84_61,KB부동산 단지 시세/평형정보 | https://kbland.kr/map?complex=33649,TIER_2_KB_OFFICIAL_API
A10026157,exclusive_84_61_35평A2,KB부동산 단지 시세/평형정보 | https://kbland.kr/map?complex=33649,TIER_2_KB_OFFICIAL_API
A10026445,exclusive_67_62,KB부동산 단지 시세/평형정보 | https://kbland.kr/map?complex=30511,TIER_2_KB_OFFICIAL_API
A10026445,exclusive_75_45,KB부동산 단지 시세/평형정보 | https://kbland.kr/map?complex=30511,TIER_2_KB_OFFICIAL_API
A10026445,exclusive_75_95,KB부동산 단지 시세/평형정보 | https://kbland.kr/map?complex=30511,TIER_2_KB_OFFICIAL_API
A10026445,exclusive_84_66,KB부동산 단지 시세/평형정보 | https://kbland.kr/map?complex=30511,TIER_2_KB_OFFICIAL_API
A10027139,exclusive_70_74,KB부동산 단지 시세/평형정보 | https://kbland.kr/map?complex=29765,TIER_2_KB_OFFICIAL_API
A10027139,exclusive_70_8,KB부동산 단지 시세/평형정보 | https://kbland.kr/map?complex=29765,TIER_2_KB_OFFICIAL_API
A10027139,exclusive_70_81,KB부동산 단지 시세/평형정보 | https://kbland.kr/map?complex=29765,TIER_2_KB_OFFICIAL_API
A10027139,exclusive_84_8,KB부동산 단지 시세/평형정보 | https://kbland.kr/map?complex=29765,TIER_2_KB_OFFICIAL_API
A10027280,exclusive_54_22,KB부동산 단지 시세/평형정보 | https://kbland.kr/map?complex=29143,TIER_2_KB_OFFICIAL_API
A10027280,exclusive_54_31,KB부동산 단지 시세/평형정보 | https://kbland.kr/map?complex=29143,TIER_2_KB_OFFICIAL_API
A10027280,exclusive_59_93,KB부동산 단지 시세/평형정보 | https://kbland.kr/map?complex=29143,TIER_2_KB_OFFICIAL_API
A10027280,exclusive_59_98,KB부동산 단지 시세/평형정보 | https://kbland.kr/map?complex=29143,TIER_2_KB_OFFICIAL_API
A10027280,exclusive_59_92,KB부동산 단지 시세/평형정보 | https://kbland.kr/map?complex=29143,TIER_2_KB_OFFICIAL_API
A10027280,exclusive_59_95,KB부동산 단지 시세/평형정보 | https://kbland.kr/map?complex=29143,TIER_2_KB_OFFICIAL_API
A10027282,exclusive_59_99,KB부동산 단지 시세/평형정보 | https://kbland.kr/map?complex=29576,TIER_2_KB_OFFICIAL_API
A10027282,exclusive_59_99_25평E,KB부동산 단지 시세/평형정보 | https://kbland.kr/map?complex=29576,TIER_2_KB_OFFICIAL_API
A10027282,exclusive_59_98,KB부동산 단지 시세/평형정보 | https://kbland.kr/map?complex=29576,TIER_2_KB_OFFICIAL_API
A10027282,exclusive_59_99_25평D,KB부동산 단지 시세/평형정보 | https://kbland.kr/map?complex=29576,TIER_2_KB_OFFICIAL_API
A10027282,exclusive_59_99_25평B,KB부동산 단지 시세/평형정보 | https://kbland.kr/map?complex=29576,TIER_2_KB_OFFICIAL_API
A10027282,exclusive_59_99_25평B1,KB부동산 단지 시세/평형정보 | https://kbland.kr/map?complex=29576,TIER_2_KB_OFFICIAL_API
A10027282,exclusive_59_97,KB부동산 단지 시세/평형정보 | https://kbland.kr/map?complex=29576,TIER_2_KB_OFFICIAL_API
A10027581,exclusive_84_99,KB부동산 단지 시세/평형정보 | https://kbland.kr/map?complex=28808,TIER_2_KB_OFFICIAL_API
A10027581,exclusive_84_99_34평B,KB부동산 단지 시세/평형정보 | https://kbland.kr/map?complex=28808,TIER_2_KB_OFFICIAL_API
A10027621,exclusive_66_52,KB부동산 단지 시세/평형정보 | https://kbland.kr/map?complex=28807,TIER_2_KB_OFFICIAL_API
A10027621,exclusive_66_06,KB부동산 단지 시세/평형정보 | https://kbland.kr/map?complex=28807,TIER_2_KB_OFFICIAL_API
A10027621,exclusive_66_66,KB부동산 단지 시세/평형정보 | https://kbland.kr/map?complex=28807,TIER_2_KB_OFFICIAL_API
A10027621,exclusive_84_25,KB부동산 단지 시세/평형정보 | https://kbland.kr/map?complex=28807,TIER_2_KB_OFFICIAL_API
A10027621,exclusive_84_32,KB부동산 단지 시세/평형정보 | https://kbland.kr/map?complex=28807,TIER_2_KB_OFFICIAL_API
A10027656,exclusive_84_91,KB부동산 단지 시세/평형정보 | https://kbland.kr/map?complex=27635,TIER_2_KB_OFFICIAL_API
A10027656,exclusive_84_93,KB부동산 단지 시세/평형정보 | https://kbland.kr/map?complex=27635,TIER_2_KB_OFFICIAL_API
A10027698,exclusive_66_91,KB부동산 단지 시세/평형정보 | https://kbland.kr/map?complex=28794,TIER_2_KB_OFFICIAL_API
A10027698,exclusive_74_81,KB부동산 단지 시세/평형정보 | https://kbland.kr/map?complex=28794,TIER_2_KB_OFFICIAL_API
A10027698,exclusive_74_93,KB부동산 단지 시세/평형정보 | https://kbland.kr/map?complex=28794,TIER_2_KB_OFFICIAL_API
A10027698,exclusive_84_96,KB부동산 단지 시세/평형정보 | https://kbland.kr/map?complex=28794,TIER_2_KB_OFFICIAL_API
A10027918,exclusive_61_25,KB부동산 단지 시세/평형정보 | https://kbland.kr/map?complex=27120,TIER_2_KB_OFFICIAL_API
A10027918,exclusive_61_25_27평B,KB부동산 단지 시세/평형정보 | https://kbland.kr/map?complex=27120,TIER_2_KB_OFFICIAL_API
A10027918,exclusive_84_39,KB부동산 단지 시세/평형정보 | https://kbland.kr/map?complex=27120,TIER_2_KB_OFFICIAL_API
A10027918,exclusive_84_25,KB부동산 단지 시세/평형정보 | https://kbland.kr/map?complex=27120,TIER_2_KB_OFFICIAL_API
A10027918,exclusive_84_24,KB부동산 단지 시세/평형정보 | https://kbland.kr/map?complex=27120,TIER_2_KB_OFFICIAL_API
A61820001,exclusive_84_94,KB부동산 단지 시세/평형정보 | https://kbland.kr/map?complex=15912,TIER_2_KB_OFFICIAL_API
A61820001,exclusive_84_93,KB부동산 단지 시세/평형정보 | https://kbland.kr/map?complex=15912,TIER_2_KB_OFFICIAL_API
A61820001,exclusive_101_88,KB부동산 단지 시세/평형정보 | https://kbland.kr/map?complex=15912,TIER_2_KB_OFFICIAL_API
A61820001,exclusive_125_79,KB부동산 단지 시세/평형정보 | https://kbland.kr/map?complex=15912,TIER_2_KB_OFFICIAL_API
A61820001,exclusive_126_77,KB부동산 단지 시세/평형정보 | https://kbland.kr/map?complex=15912,TIER_2_KB_OFFICIAL_API
A61820001,exclusive_147_94,KB부동산 단지 시세/평형정보 | https://kbland.kr/map?complex=15912,TIER_2_KB_OFFICIAL_API
A61870404,exclusive_84_97,KB부동산 단지 시세/평형정보 | https://kbland.kr/map?complex=16015,TIER_2_KB_OFFICIAL_API
A61870404,exclusive_84_85,KB부동산 단지 시세/평형정보 | https://kbland.kr/map?complex=16015,TIER_2_KB_OFFICIAL_API
A61870404,exclusive_101_4,KB부동산 단지 시세/평형정보 | https://kbland.kr/map?complex=16015,TIER_2_KB_OFFICIAL_API
A61870404,exclusive_101_86,KB부동산 단지 시세/평형정보 | https://kbland.kr/map?complex=16015,TIER_2_KB_OFFICIAL_API
A61870404,exclusive_101_86_39평D,KB부동산 단지 시세/평형정보 | https://kbland.kr/map?complex=16015,TIER_2_KB_OFFICIAL_API
A61870404,exclusive_117_27,KB부동산 단지 시세/평형정보 | https://kbland.kr/map?complex=16015,TIER_2_KB_OFFICIAL_API
A61870404,exclusive_116_02,KB부동산 단지 시세/평형정보 | https://kbland.kr/map?complex=16015,TIER_2_KB_OFFICIAL_API
A61870404,exclusive_144_5,KB부동산 단지 시세/평형정보 | https://kbland.kr/map?complex=16015,TIER_2_KB_OFFICIAL_API
A61870405,exclusive_84_97,KB부동산 단지 시세/평형정보 | https://kbland.kr/map?complex=16014,TIER_2_KB_OFFICIAL_API
A61870405,exclusive_84_85,KB부동산 단지 시세/평형정보 | https://kbland.kr/map?complex=16014,TIER_2_KB_OFFICIAL_API
A61870405,exclusive_84_81,KB부동산 단지 시세/평형정보 | https://kbland.kr/map?complex=16014,TIER_2_KB_OFFICIAL_API
A61870405,exclusive_84_84,KB부동산 단지 시세/평형정보 | https://kbland.kr/map?complex=16014,TIER_2_KB_OFFICIAL_API
A61870405,exclusive_101_4,KB부동산 단지 시세/평형정보 | https://kbland.kr/map?complex=16014,TIER_2_KB_OFFICIAL_API
A61870405,exclusive_101_86,KB부동산 단지 시세/평형정보 | https://kbland.kr/map?complex=16014,TIER_2_KB_OFFICIAL_API
A61870405,exclusive_101_88,KB부동산 단지 시세/평형정보 | https://kbland.kr/map?complex=16014,TIER_2_KB_OFFICIAL_API
A61870405,exclusive_101_86_39평D,KB부동산 단지 시세/평형정보 | https://kbland.kr/map?complex=16014,TIER_2_KB_OFFICIAL_API
A61870405,exclusive_117_27,KB부동산 단지 시세/평형정보 | https://kbland.kr/map?complex=16014,TIER_2_KB_OFFICIAL_API
A61870405,exclusive_116_55,KB부동산 단지 시세/평형정보 | https://kbland.kr/map?complex=16014,TIER_2_KB_OFFICIAL_API
A61870405,exclusive_116_02,KB부동산 단지 시세/평형정보 | https://kbland.kr/map?complex=16014,TIER_2_KB_OFFICIAL_API
A61870405,exclusive_144_5,KB부동산 단지 시세/평형정보 | https://kbland.kr/map?complex=16014,TIER_2_KB_OFFICIAL_API
A61870405,exclusive_232_09,KB부동산 단지 시세/평형정보 | https://kbland.kr/map?complex=16014,TIER_2_KB_OFFICIAL_API
A61870406,exclusive_84_97,KB부동산 단지 시세/평형정보 | https://kbland.kr/map?complex=16013,TIER_2_KB_OFFICIAL_API
A61870406,exclusive_84_85,KB부동산 단지 시세/평형정보 | https://kbland.kr/map?complex=16013,TIER_2_KB_OFFICIAL_API
A61870406,exclusive_84_81,KB부동산 단지 시세/평형정보 | https://kbland.kr/map?complex=16013,TIER_2_KB_OFFICIAL_API
A61870406,exclusive_84_84,KB부동산 단지 시세/평형정보 | https://kbland.kr/map?complex=16013,TIER_2_KB_OFFICIAL_API
A61870406,exclusive_101_86,KB부동산 단지 시세/평형정보 | https://kbland.kr/map?complex=16013,TIER_2_KB_OFFICIAL_API
A61870406,exclusive_101_4,KB부동산 단지 시세/평형정보 | https://kbland.kr/map?complex=16013,TIER_2_KB_OFFICIAL_API
A61870406,exclusive_117_27,KB부동산 단지 시세/평형정보 | https://kbland.kr/map?complex=16013,TIER_2_KB_OFFICIAL_API
A61870406,exclusive_144_5,KB부동산 단지 시세/평형정보 | https://kbland.kr/map?complex=16013,TIER_2_KB_OFFICIAL_API
A61870406,exclusive_232_09,KB부동산 단지 시세/평형정보 | https://kbland.kr/map?complex=16013,TIER_2_KB_OFFICIAL_API
A61870410,exclusive_70_86,KB부동산 단지 시세/평형정보 | https://kbland.kr/map?complex=24705,TIER_2_KB_OFFICIAL_API
A61870410,exclusive_84_98,KB부동산 단지 시세/평형정보 | https://kbland.kr/map?complex=24705,TIER_2_KB_OFFICIAL_API
A61870410,exclusive_84_98_33평A,KB부동산 단지 시세/평형정보 | https://kbland.kr/map?complex=24705,TIER_2_KB_OFFICIAL_API
A61870410,exclusive_84_97,KB부동산 단지 시세/평형정보 | https://kbland.kr/map?complex=24705,TIER_2_KB_OFFICIAL_API
A61870410,exclusive_84_98_34평D,KB부동산 단지 시세/평형정보 | https://kbland.kr/map?complex=24705,TIER_2_KB_OFFICIAL_API
A61870410,exclusive_127_79,KB부동산 단지 시세/평형정보 | https://kbland.kr/map?complex=24705,TIER_2_KB_OFFICIAL_API
A61870411,exclusive_74_65,KB부동산 단지 시세/평형정보 | https://kbland.kr/map?complex=27031,TIER_2_KB_OFFICIAL_API
A61870411,exclusive_74_74,KB부동산 단지 시세/평형정보 | https://kbland.kr/map?complex=27031,TIER_2_KB_OFFICIAL_API
A61870411,exclusive_84_99,KB부동산 단지 시세/평형정보 | https://kbland.kr/map?complex=27031,TIER_2_KB_OFFICIAL_API
A61870411,exclusive_84_99_33평E,KB부동산 단지 시세/평형정보 | https://kbland.kr/map?complex=27031,TIER_2_KB_OFFICIAL_API
A61870411,exclusive_84_99_33평A,KB부동산 단지 시세/평형정보 | https://kbland.kr/map?complex=27031,TIER_2_KB_OFFICIAL_API
A61870411,exclusive_84_99_33평B,KB부동산 단지 시세/평형정보 | https://kbland.kr/map?complex=27031,TIER_2_KB_OFFICIAL_API
A61870411,exclusive_84_99_34평C,KB부동산 단지 시세/평형정보 | https://kbland.kr/map?complex=27031,TIER_2_KB_OFFICIAL_API
A10027026,exclusive_59_95,KB부동산 단지 시세/평형정보 | https://kbland.kr/map?complex=30234,TIER_2_KB_OFFICIAL_API
A10027026,exclusive_59_98,KB부동산 단지 시세/평형정보 | https://kbland.kr/map?complex=30234,TIER_2_KB_OFFICIAL_API
A10027026,exclusive_59_99,KB부동산 단지 시세/평형정보 | https://kbland.kr/map?complex=30234,TIER_2_KB_OFFICIAL_API
A10027026,exclusive_66_3,KB부동산 단지 시세/평형정보 | https://kbland.kr/map?complex=30234,TIER_2_KB_OFFICIAL_API
A10027026,exclusive_75_23,KB부동산 단지 시세/평형정보 | https://kbland.kr/map?complex=30234,TIER_2_KB_OFFICIAL_API
A10027026,exclusive_81_33,KB부동산 단지 시세/평형정보 | https://kbland.kr/map?complex=30234,TIER_2_KB_OFFICIAL_API
A10028069,exclusive_59_95,KB부동산 단지 시세/평형정보 | https://kbland.kr/map?complex=27115,TIER_2_KB_OFFICIAL_API
A10028069,exclusive_59_93,KB부동산 단지 시세/평형정보 | https://kbland.kr/map?complex=27115,TIER_2_KB_OFFICIAL_API
A10028069,exclusive_59_99,KB부동산 단지 시세/평형정보 | https://kbland.kr/map?complex=27115,TIER_2_KB_OFFICIAL_API
A10028069,exclusive_68_13,KB부동산 단지 시세/평형정보 | https://kbland.kr/map?complex=27115,TIER_2_KB_OFFICIAL_API
A10028069,exclusive_84_98,KB부동산 단지 시세/평형정보 | https://kbland.kr/map?complex=27115,TIER_2_KB_OFFICIAL_API
A10028069,exclusive_84_88,KB부동산 단지 시세/평형정보 | https://kbland.kr/map?complex=27115,TIER_2_KB_OFFICIAL_API
A61823002,exclusive_59_98,KB부동산 단지 시세/평형정보 | https://kbland.kr/map?complex=25699,TIER_2_KB_OFFICIAL_API
A61823002,exclusive_59_95,KB부동산 단지 시세/평형정보 | https://kbland.kr/map?complex=25699,TIER_2_KB_OFFICIAL_API
A61823002,exclusive_59_93,KB부동산 단지 시세/평형정보 | https://kbland.kr/map?complex=25699,TIER_2_KB_OFFICIAL_API
A61823002,exclusive_59_94,KB부동산 단지 시세/평형정보 | https://kbland.kr/map?complex=25699,TIER_2_KB_OFFICIAL_API
A61823002,exclusive_59_94_26평B,KB부동산 단지 시세/평형정보 | https://kbland.kr/map?complex=25699,TIER_2_KB_OFFICIAL_API
A61823002,exclusive_59_97,KB부동산 단지 시세/평형정보 | https://kbland.kr/map?complex=25699,TIER_2_KB_OFFICIAL_API
A61823002,exclusive_59_98_26평C,KB부동산 단지 시세/평형정보 | https://kbland.kr/map?complex=25699,TIER_2_KB_OFFICIAL_API
A61829001,exclusive_84_99,KB부동산 단지 시세/평형정보 | https://kbland.kr/map?complex=13789,TIER_2_KB_OFFICIAL_API
A61829001,exclusive_97_37,KB부동산 단지 시세/평형정보 | https://kbland.kr/map?complex=13789,TIER_2_KB_OFFICIAL_API
A61829001,exclusive_127_63,KB부동산 단지 시세/평형정보 | https://kbland.kr/map?complex=13789,TIER_2_KB_OFFICIAL_API
A10025950,exclusive_39_49,KB부동산 단지 시세/평형정보 | https://kbland.kr/map?complex=33306,TIER_2_KB_OFFICIAL_API
A10025950,exclusive_59_96,KB부동산 단지 시세/평형정보 | https://kbland.kr/map?complex=33306,TIER_2_KB_OFFICIAL_API
A10025950,exclusive_74_97,KB부동산 단지 시세/평형정보 | https://kbland.kr/map?complex=33306,TIER_2_KB_OFFICIAL_API
A10025950,exclusive_84_99,KB부동산 단지 시세/평형정보 | https://kbland.kr/map?complex=33306,TIER_2_KB_OFFICIAL_API
A10025950,exclusive_84_95,KB부동산 단지 시세/평형정보 | https://kbland.kr/map?complex=33306,TIER_2_KB_OFFICIAL_API
A10025950,exclusive_84_86,KB부동산 단지 시세/평형정보 | https://kbland.kr/map?complex=33306,TIER_2_KB_OFFICIAL_API
A10025950,exclusive_99_85,KB부동산 단지 시세/평형정보 | https://kbland.kr/map?complex=33306,TIER_2_KB_OFFICIAL_API
A10025950,exclusive_99_93,KB부동산 단지 시세/평형정보 | https://kbland.kr/map?complex=33306,TIER_2_KB_OFFICIAL_API
A10025950,exclusive_103_98,KB부동산 단지 시세/평형정보 | https://kbland.kr/map?complex=33306,TIER_2_KB_OFFICIAL_API
A61175804,exclusive_72_77,KB부동산 단지 시세/평형정보 | https://kbland.kr/map?complex=5956,TIER_2_KB_OFFICIAL_API
A61175804,exclusive_84_96,KB부동산 단지 시세/평형정보 | https://kbland.kr/map?complex=5956,TIER_2_KB_OFFICIAL_API
A61176513,exclusive_59_84,KB부동산 단지 시세/평형정보 | https://kbland.kr/map?complex=5973,TIER_2_KB_OFFICIAL_API
A61176513,exclusive_59_93,KB부동산 단지 시세/평형정보 | https://kbland.kr/map?complex=5973,TIER_2_KB_OFFICIAL_API
A61176513,exclusive_70_71,KB부동산 단지 시세/평형정보 | https://kbland.kr/map?complex=5973,TIER_2_KB_OFFICIAL_API
A61176513,exclusive_84_93,KB부동산 단지 시세/평형정보 | https://kbland.kr/map?complex=5973,TIER_2_KB_OFFICIAL_API
A61176513,exclusive_84_96,KB부동산 단지 시세/평형정보 | https://kbland.kr/map?complex=5973,TIER_2_KB_OFFICIAL_API
A61176513,exclusive_84_93_32평D,KB부동산 단지 시세/평형정보 | https://kbland.kr/map?complex=5973,TIER_2_KB_OFFICIAL_API
A61176513,exclusive_84_96_32평C,KB부동산 단지 시세/평형정보 | https://kbland.kr/map?complex=5973,TIER_2_KB_OFFICIAL_API
A61176513,exclusive_128_09,KB부동산 단지 시세/평형정보 | https://kbland.kr/map?complex=5973,TIER_2_KB_OFFICIAL_API
A61176513,exclusive_156_42,KB부동산 단지 시세/평형정보 | https://kbland.kr/map?complex=5973,TIER_2_KB_OFFICIAL_API
A61176513,exclusive_179_77,KB부동산 단지 시세/평형정보 | https://kbland.kr/map?complex=5973,TIER_2_KB_OFFICIAL_API
A61176612,exclusive_59_67,KB부동산 단지 시세/평형정보 | https://kbland.kr/map?complex=5974,TIER_2_KB_OFFICIAL_API
A61176612,exclusive_59_67_27평A,KB부동산 단지 시세/평형정보 | https://kbland.kr/map?complex=5974,TIER_2_KB_OFFICIAL_API
A61176612,exclusive_84_71,KB부동산 단지 시세/평형정보 | https://kbland.kr/map?complex=5974,TIER_2_KB_OFFICIAL_API
A61176612,exclusive_121_06,KB부동산 단지 시세/평형정보 | https://kbland.kr/map?complex=5974,TIER_2_KB_OFFICIAL_API
A61176612,exclusive_140_72,KB부동산 단지 시세/평형정보 | https://kbland.kr/map?complex=5974,TIER_2_KB_OFFICIAL_API
A61176911,exclusive_59_66,KB부동산 단지 시세/평형정보 | https://kbland.kr/map?complex=5965,TIER_2_KB_OFFICIAL_API
A61176911,exclusive_84_93,KB부동산 단지 시세/평형정보 | https://kbland.kr/map?complex=5965,TIER_2_KB_OFFICIAL_API
A61176911,exclusive_103_16,KB부동산 단지 시세/평형정보 | https://kbland.kr/map?complex=5965,TIER_2_KB_OFFICIAL_API
A61177214,exclusive_84_91,KB부동산 단지 시세/평형정보 | https://kbland.kr/map?complex=13867,TIER_2_KB_OFFICIAL_API
A61177214,exclusive_84_99,KB부동산 단지 시세/평형정보 | https://kbland.kr/map?complex=13867,TIER_2_KB_OFFICIAL_API
A61177214,exclusive_101_99,KB부동산 단지 시세/평형정보 | https://kbland.kr/map?complex=13867,TIER_2_KB_OFFICIAL_API
A61177214,exclusive_127_16,KB부동산 단지 시세/평형정보 | https://kbland.kr/map?complex=13867,TIER_2_KB_OFFICIAL_API
A61177214,exclusive_141_26,KB부동산 단지 시세/평형정보 | https://kbland.kr/map?complex=13867,TIER_2_KB_OFFICIAL_API
A61177214,exclusive_157_85,KB부동산 단지 시세/평형정보 | https://kbland.kr/map?complex=13867,TIER_2_KB_OFFICIAL_API
A61177214,exclusive_181_74,KB부동산 단지 시세/평형정보 | https://kbland.kr/map?complex=13867,TIER_2_KB_OFFICIAL_API
A61180503,exclusive_45_06,KB부동산 단지 시세/평형정보 | https://kbland.kr/map?complex=5981,TIER_2_KB_OFFICIAL_API
A61180503,exclusive_59_93,KB부동산 단지 시세/평형정보 | https://kbland.kr/map?complex=5981,TIER_2_KB_OFFICIAL_API
A61180503,exclusive_84_38,KB부동산 단지 시세/평형정보 | https://kbland.kr/map?complex=5981,TIER_2_KB_OFFICIAL_API
A61180503,exclusive_84_97,KB부동산 단지 시세/평형정보 | https://kbland.kr/map?complex=5981,TIER_2_KB_OFFICIAL_API
A61180503,exclusive_84_78,KB부동산 단지 시세/평형정보 | https://kbland.kr/map?complex=5981,TIER_2_KB_OFFICIAL_API
A61180503,exclusive_130_89,KB부동산 단지 시세/평형정보 | https://kbland.kr/map?complex=5981,TIER_2_KB_OFFICIAL_API
A61180503,exclusive_146_1,KB부동산 단지 시세/평형정보 | https://kbland.kr/map?complex=5981,TIER_2_KB_OFFICIAL_API
A61180503,exclusive_168_53,KB부동산 단지 시세/평형정보 | https://kbland.kr/map?complex=5981,TIER_2_KB_OFFICIAL_API
A10022365,exclusive_75_85,KB부동산 단지 시세/평형정보 | https://kbland.kr/map?complex=349751,TIER_2_KB_OFFICIAL_API
A10022365,exclusive_84_85,KB부동산 단지 시세/평형정보 | https://kbland.kr/map?complex=349751,TIER_2_KB_OFFICIAL_API
A10022365,exclusive_84_94,KB부동산 단지 시세/평형정보 | https://kbland.kr/map?complex=349751,TIER_2_KB_OFFICIAL_API
A10024627,exclusive_39_87,KB부동산 단지 시세/평형정보 | https://kbland.kr/map?complex=39355,TIER_2_KB_OFFICIAL_API
A10024627,exclusive_59_94,KB부동산 단지 시세/평형정보 | https://kbland.kr/map?complex=39355,TIER_2_KB_OFFICIAL_API
A10024627,exclusive_59_84,KB부동산 단지 시세/평형정보 | https://kbland.kr/map?complex=39355,TIER_2_KB_OFFICIAL_API
A10024627,exclusive_72_83,KB부동산 단지 시세/평형정보 | https://kbland.kr/map?complex=39355,TIER_2_KB_OFFICIAL_API
A10024627,exclusive_84_98,KB부동산 단지 시세/평형정보 | https://kbland.kr/map?complex=39355,TIER_2_KB_OFFICIAL_API
A10024627,exclusive_84_99,KB부동산 단지 시세/평형정보 | https://kbland.kr/map?complex=39355,TIER_2_KB_OFFICIAL_API
A10024627,exclusive_105_79,KB부동산 단지 시세/평형정보 | https://kbland.kr/map?complex=39355,TIER_2_KB_OFFICIAL_API
A10025135,exclusive_84_99,KB부동산 단지 시세/평형정보 | https://kbland.kr/map?complex=33371,TIER_2_KB_OFFICIAL_API
A10025135,exclusive_84_99_34평D,KB부동산 단지 시세/평형정보 | https://kbland.kr/map?complex=33371,TIER_2_KB_OFFICIAL_API
A10025135,exclusive_84_98,KB부동산 단지 시세/평형정보 | https://kbland.kr/map?complex=33371,TIER_2_KB_OFFICIAL_API
A10025135,exclusive_84_97,KB부동산 단지 시세/평형정보 | https://kbland.kr/map?complex=33371,TIER_2_KB_OFFICIAL_API
A10025559,exclusive_39_96,KB부동산 단지 시세/평형정보 | https://kbland.kr/map?complex=32992,TIER_2_KB_OFFICIAL_API
A10025559,exclusive_59_88,KB부동산 단지 시세/평형정보 | https://kbland.kr/map?complex=32992,TIER_2_KB_OFFICIAL_API
A10025559,exclusive_74_9,KB부동산 단지 시세/평형정보 | https://kbland.kr/map?complex=32992,TIER_2_KB_OFFICIAL_API
A10025559,exclusive_84_98,KB부동산 단지 시세/평형정보 | https://kbland.kr/map?complex=32992,TIER_2_KB_OFFICIAL_API
A10025559,exclusive_84_78,KB부동산 단지 시세/평형정보 | https://kbland.kr/map?complex=32992,TIER_2_KB_OFFICIAL_API
A10025559,exclusive_84_77,KB부동산 단지 시세/평형정보 | https://kbland.kr/map?complex=32992,TIER_2_KB_OFFICIAL_API
A10025994,exclusive_59_91,KB부동산 단지 시세/평형정보 | https://kbland.kr/map?complex=31272,TIER_2_KB_OFFICIAL_API
A10025994,exclusive_59_94,KB부동산 단지 시세/평형정보 | https://kbland.kr/map?complex=31272,TIER_2_KB_OFFICIAL_API
A10025994,exclusive_72_04,KB부동산 단지 시세/평형정보 | https://kbland.kr/map?complex=31272,TIER_2_KB_OFFICIAL_API
A10025994,exclusive_84_82,KB부동산 단지 시세/평형정보 | https://kbland.kr/map?complex=31272,TIER_2_KB_OFFICIAL_API
A10025994,exclusive_84_83,KB부동산 단지 시세/평형정보 | https://kbland.kr/map?complex=31272,TIER_2_KB_OFFICIAL_API
A10025994,exclusive_84_98,KB부동산 단지 시세/평형정보 | https://kbland.kr/map?complex=31272,TIER_2_KB_OFFICIAL_API
A10025994,exclusive_84_9,KB부동산 단지 시세/평형정보 | https://kbland.kr/map?complex=31272,TIER_2_KB_OFFICIAL_API
A10025994,exclusive_84_96,KB부동산 단지 시세/평형정보 | https://kbland.kr/map?complex=31272,TIER_2_KB_OFFICIAL_API
A10025994,exclusive_101_89,KB부동산 단지 시세/평형정보 | https://kbland.kr/map?complex=31272,TIER_2_KB_OFFICIAL_API
A10027937,exclusive_69_9,KB부동산 단지 시세/평형정보 | https://kbland.kr/map?complex=26892,TIER_2_KB_OFFICIAL_API
A10027937,exclusive_69_93,KB부동산 단지 시세/평형정보 | https://kbland.kr/map?complex=26892,TIER_2_KB_OFFICIAL_API
A10027937,exclusive_74_97,KB부동산 단지 시세/평형정보 | https://kbland.kr/map?complex=26892,TIER_2_KB_OFFICIAL_API
A10027937,exclusive_84_98,KB부동산 단지 시세/평형정보 | https://kbland.kr/map?complex=26892,TIER_2_KB_OFFICIAL_API
A10027937,exclusive_84_91,KB부동산 단지 시세/평형정보 | https://kbland.kr/map?complex=26892,TIER_2_KB_OFFICIAL_API
A10027937,exclusive_84_98_34평I,KB부동산 단지 시세/평형정보 | https://kbland.kr/map?complex=26892,TIER_2_KB_OFFICIAL_API
A10027937,exclusive_84_98_34평H,KB부동산 단지 시세/평형정보 | https://kbland.kr/map?complex=26892,TIER_2_KB_OFFICIAL_API
A10027937,exclusive_84_97,KB부동산 단지 시세/평형정보 | https://kbland.kr/map?complex=26892,TIER_2_KB_OFFICIAL_API
A10027937,exclusive_84_99,KB부동산 단지 시세/평형정보 | https://kbland.kr/map?complex=26892,TIER_2_KB_OFFICIAL_API
A10027937,exclusive_84_96,KB부동산 단지 시세/평형정보 | https://kbland.kr/map?complex=26892,TIER_2_KB_OFFICIAL_API
A10027937,exclusive_84_94,KB부동산 단지 시세/평형정보 | https://kbland.kr/map?complex=26892,TIER_2_KB_OFFICIAL_API
A10027937,exclusive_84_91_34평B,KB부동산 단지 시세/평형정보 | https://kbland.kr/map?complex=26892,TIER_2_KB_OFFICIAL_API
A10027937,exclusive_101_97,KB부동산 단지 시세/평형정보 | https://kbland.kr/map?complex=26892,TIER_2_KB_OFFICIAL_API
A10027937,exclusive_101_94,KB부동산 단지 시세/평형정보 | https://kbland.kr/map?complex=26892,TIER_2_KB_OFFICIAL_API
A10027937,exclusive_101_95,KB부동산 단지 시세/평형정보 | https://kbland.kr/map?complex=26892,TIER_2_KB_OFFICIAL_API
A10028028,exclusive_59_97,KB부동산 단지 시세/평형정보 | https://kbland.kr/map?complex=26647,TIER_2_KB_OFFICIAL_API
A10028028,exclusive_74_62,KB부동산 단지 시세/평형정보 | https://kbland.kr/map?complex=26647,TIER_2_KB_OFFICIAL_API
A10028028,exclusive_84_99,KB부동산 단지 시세/평형정보 | https://kbland.kr/map?complex=26647,TIER_2_KB_OFFICIAL_API
A10028028,exclusive_84_97,KB부동산 단지 시세/평형정보 | https://kbland.kr/map?complex=26647,TIER_2_KB_OFFICIAL_API
A61175110,exclusive_54_9,KB부동산 단지 시세/평형정보 | https://kbland.kr/map?complex=5984,TIER_2_KB_OFFICIAL_API
A61175110,exclusive_61_56,KB부동산 단지 시세/평형정보 | https://kbland.kr/map?complex=5984,TIER_2_KB_OFFICIAL_API
A61175110,exclusive_64_62,KB부동산 단지 시세/평형정보 | https://kbland.kr/map?complex=5984,TIER_2_KB_OFFICIAL_API
A61175110,exclusive_75_24,KB부동산 단지 시세/평형정보 | https://kbland.kr/map?complex=5984,TIER_2_KB_OFFICIAL_API
A61175110,exclusive_69_08,KB부동산 단지 시세/평형정보 | https://kbland.kr/map?complex=5984,TIER_2_KB_OFFICIAL_API
A61175110,exclusive_75_75,KB부동산 단지 시세/평형정보 | https://kbland.kr/map?complex=5984,TIER_2_KB_OFFICIAL_API
A61175110,exclusive_84_15,KB부동산 단지 시세/평형정보 | https://kbland.kr/map?complex=5984,TIER_2_KB_OFFICIAL_API
A61175110,exclusive_116_04,KB부동산 단지 시세/평형정보 | https://kbland.kr/map?complex=5984,TIER_2_KB_OFFICIAL_API
A61175901,exclusive_84_51,KB부동산 단지 시세/평형정보 | https://kbland.kr/map?complex=16103,TIER_2_KB_OFFICIAL_API
A61175901,exclusive_84_65,KB부동산 단지 시세/평형정보 | https://kbland.kr/map?complex=16103,TIER_2_KB_OFFICIAL_API
A61175901,exclusive_84_86,KB부동산 단지 시세/평형정보 | https://kbland.kr/map?complex=16103,TIER_2_KB_OFFICIAL_API
A61175901,exclusive_120_63,KB부동산 단지 시세/평형정보 | https://kbland.kr/map?complex=16103,TIER_2_KB_OFFICIAL_API
A61175901,exclusive_121_67,KB부동산 단지 시세/평형정보 | https://kbland.kr/map?complex=16103,TIER_2_KB_OFFICIAL_API
A61175901,exclusive_131_9,KB부동산 단지 시세/평형정보 | https://kbland.kr/map?complex=16103,TIER_2_KB_OFFICIAL_API
A61175901,exclusive_159_83,KB부동산 단지 시세/평형정보 | https://kbland.kr/map?complex=16103,TIER_2_KB_OFFICIAL_API
A61175901,exclusive_161_69,KB부동산 단지 시세/평형정보 | https://kbland.kr/map?complex=16103,TIER_2_KB_OFFICIAL_API
A61175901,exclusive_182_76,KB부동산 단지 시세/평형정보 | https://kbland.kr/map?complex=16103,TIER_2_KB_OFFICIAL_API
A61175901,exclusive_240_03,KB부동산 단지 시세/평형정보 | https://kbland.kr/map?complex=16103,TIER_2_KB_OFFICIAL_API
A61176308,exclusive_59_55,KB부동산 단지 시세/평형정보 | https://kbland.kr/map?complex=5987,TIER_2_KB_OFFICIAL_API
A61176308,exclusive_84_75,KB부동산 단지 시세/평형정보 | https://kbland.kr/map?complex=5987,TIER_2_KB_OFFICIAL_API
A61176308,exclusive_134_62,KB부동산 단지 시세/평형정보 | https://kbland.kr/map?complex=5987,TIER_2_KB_OFFICIAL_API
A61176308,exclusive_164_95,KB부동산 단지 시세/평형정보 | https://kbland.kr/map?complex=5987,TIER_2_KB_OFFICIAL_API
A61176411,exclusive_60,KB부동산 단지 시세/평형정보 | https://kbland.kr/map?complex=5994,TIER_2_KB_OFFICIAL_API
A61176411,exclusive_59_99,KB부동산 단지 시세/평형정보 | https://kbland.kr/map?complex=5994,TIER_2_KB_OFFICIAL_API
A61176411,exclusive_84_99,KB부동산 단지 시세/평형정보 | https://kbland.kr/map?complex=5994,TIER_2_KB_OFFICIAL_API
A61176411,exclusive_119_25,KB부동산 단지 시세/평형정보 | https://kbland.kr/map?complex=5994,TIER_2_KB_OFFICIAL_API
A61176411,exclusive_141_51,KB부동산 단지 시세/평형정보 | https://kbland.kr/map?complex=5994,TIER_2_KB_OFFICIAL_API
A61176411,exclusive_175_98,KB부동산 단지 시세/평형정보 | https://kbland.kr/map?complex=5994,TIER_2_KB_OFFICIAL_API
A10025433,exclusive_59_96,KB부동산 단지 시세/평형정보 | https://kbland.kr/map?complex=32016,TIER_2_KB_OFFICIAL_API
A10025433,exclusive_59_98,KB부동산 단지 시세/평형정보 | https://kbland.kr/map?complex=32016,TIER_2_KB_OFFICIAL_API
A10025433,exclusive_59_91,KB부동산 단지 시세/평형정보 | https://kbland.kr/map?complex=32016,TIER_2_KB_OFFICIAL_API
A10025433,exclusive_59_96_25평B-3,KB부동산 단지 시세/평형정보 | https://kbland.kr/map?complex=32016,TIER_2_KB_OFFICIAL_API
A10025433,exclusive_59_96_25평A-3,KB부동산 단지 시세/평형정보 | https://kbland.kr/map?complex=32016,TIER_2_KB_OFFICIAL_API
A10025433,exclusive_59_91_25평C-3,KB부동산 단지 시세/평형정보 | https://kbland.kr/map?complex=32016,TIER_2_KB_OFFICIAL_API
A10025433,exclusive_73_48,KB부동산 단지 시세/평형정보 | https://kbland.kr/map?complex=32016,TIER_2_KB_OFFICIAL_API
A10025433,exclusive_84_98,KB부동산 단지 시세/평형정보 | https://kbland.kr/map?complex=32016,TIER_2_KB_OFFICIAL_API
A61313001,exclusive_84_59,KB부동산 단지 시세/평형정보 | https://kbland.kr/map?complex=5946,TIER_2_KB_OFFICIAL_API
A61313001,exclusive_84_86,KB부동산 단지 시세/평형정보 | https://kbland.kr/map?complex=5946,TIER_2_KB_OFFICIAL_API
A61313001,exclusive_84_92,KB부동산 단지 시세/평형정보 | https://kbland.kr/map?complex=5946,TIER_2_KB_OFFICIAL_API
A61313001,exclusive_84_95,KB부동산 단지 시세/평형정보 | https://kbland.kr/map?complex=5946,TIER_2_KB_OFFICIAL_API
A61313001,exclusive_115_71,KB부동산 단지 시세/평형정보 | https://kbland.kr/map?complex=5946,TIER_2_KB_OFFICIAL_API
A61313001,exclusive_133_94,KB부동산 단지 시세/평형정보 | https://kbland.kr/map?complex=5946,TIER_2_KB_OFFICIAL_API
A61313001,exclusive_147_89,KB부동산 단지 시세/평형정보 | https://kbland.kr/map?complex=5946,TIER_2_KB_OFFICIAL_API
A61313001,exclusive_163_44,KB부동산 단지 시세/평형정보 | https://kbland.kr/map?complex=5946,TIER_2_KB_OFFICIAL_API
A61313203,exclusive_84_97,KB부동산 단지 시세/평형정보 | https://kbland.kr/map?complex=13555,TIER_2_KB_OFFICIAL_API
A61313203,exclusive_84_73,KB부동산 단지 시세/평형정보 | https://kbland.kr/map?complex=13555,TIER_2_KB_OFFICIAL_API
A61375702,exclusive_52_38,KB부동산 단지 시세/평형정보 | https://kbland.kr/map?complex=426731,TIER_2_KB_OFFICIAL_API
A61375702,exclusive_53_46,KB부동산 단지 시세/평형정보 | https://kbland.kr/map?complex=426731,TIER_2_KB_OFFICIAL_API
A61375702,exclusive_52_29,KB부동산 단지 시세/평형정보 | https://kbland.kr/map?complex=426731,TIER_2_KB_OFFICIAL_API
A61375702,exclusive_53_37,KB부동산 단지 시세/평형정보 | https://kbland.kr/map?complex=426731,TIER_2_KB_OFFICIAL_API
A61375702,exclusive_62_1,KB부동산 단지 시세/평형정보 | https://kbland.kr/map?complex=426731,TIER_2_KB_OFFICIAL_API
A61375702,exclusive_68_85,KB부동산 단지 시세/평형정보 | https://kbland.kr/map?complex=426731,TIER_2_KB_OFFICIAL_API
A61375702,exclusive_68_76,KB부동산 단지 시세/평형정보 | https://kbland.kr/map?complex=426731,TIER_2_KB_OFFICIAL_API
A61375702,exclusive_62_01,KB부동산 단지 시세/평형정보 | https://kbland.kr/map?complex=426731,TIER_2_KB_OFFICIAL_API
A61375702,exclusive_84_21,KB부동산 단지 시세/평형정보 | https://kbland.kr/map?complex=426731,TIER_2_KB_OFFICIAL_API
A61375702,exclusive_84_37,KB부동산 단지 시세/평형정보 | https://kbland.kr/map?complex=426731,TIER_2_KB_OFFICIAL_API
A61375702,exclusive_84_13,KB부동산 단지 시세/평형정보 | https://kbland.kr/map?complex=426731,TIER_2_KB_OFFICIAL_API
A61375702,exclusive_125_25,KB부동산 단지 시세/평형정보 | https://kbland.kr/map?complex=426731,TIER_2_KB_OFFICIAL_API
A61383101,exclusive_59_99,KB부동산 단지 시세/평형정보 | https://kbland.kr/map?complex=13128,TIER_2_KB_OFFICIAL_API
A61383101,exclusive_84_94,KB부동산 단지 시세/평형정보 | https://kbland.kr/map?complex=13128,TIER_2_KB_OFFICIAL_API
A61383101,exclusive_126_55,KB부동산 단지 시세/평형정보 | https://kbland.kr/map?complex=13128,TIER_2_KB_OFFICIAL_API
A61383101,exclusive_154_56,KB부동산 단지 시세/평형정보 | https://kbland.kr/map?complex=13128,TIER_2_KB_OFFICIAL_API
A10026760,exclusive_84_93,KB부동산 단지 시세/평형정보 | https://kbland.kr/map?complex=29371,TIER_2_KB_OFFICIAL_API
A10026760,exclusive_84_82,KB부동산 단지 시세/평형정보 | https://kbland.kr/map?complex=29371,TIER_2_KB_OFFICIAL_API
A10026760,exclusive_88_67,KB부동산 단지 시세/평형정보 | https://kbland.kr/map?complex=29371,TIER_2_KB_OFFICIAL_API
A10026760,exclusive_109_18,KB부동산 단지 시세/평형정보 | https://kbland.kr/map?complex=29371,TIER_2_KB_OFFICIAL_API
A10026760,exclusive_109_18_42평E,KB부동산 단지 시세/평형정보 | https://kbland.kr/map?complex=29371,TIER_2_KB_OFFICIAL_API
A61377105,exclusive_73_09,KB부동산 단지 시세/평형정보 | https://kbland.kr/map?complex=12212,TIER_2_KB_OFFICIAL_API
A61377105,exclusive_84_88,KB부동산 단지 시세/평형정보 | https://kbland.kr/map?complex=12212,TIER_2_KB_OFFICIAL_API
A61377105,exclusive_84_98,KB부동산 단지 시세/평형정보 | https://kbland.kr/map?complex=12212,TIER_2_KB_OFFICIAL_API
A61377105,exclusive_84_97,KB부동산 단지 시세/평형정보 | https://kbland.kr/map?complex=12212,TIER_2_KB_OFFICIAL_API
A61377105,exclusive_98_94,KB부동산 단지 시세/평형정보 | https://kbland.kr/map?complex=12212,TIER_2_KB_OFFICIAL_API
A61377105,exclusive_131_18,KB부동산 단지 시세/평형정보 | https://kbland.kr/map?complex=12212,TIER_2_KB_OFFICIAL_API
A61377105,exclusive_132_19,KB부동산 단지 시세/평형정보 | https://kbland.kr/map?complex=12212,TIER_2_KB_OFFICIAL_API
A61377105,exclusive_150_8,KB부동산 단지 시세/평형정보 | https://kbland.kr/map?complex=12212,TIER_2_KB_OFFICIAL_API
A10024695,exclusive_59_85,KB부동산 단지 시세/평형정보 | https://kbland.kr/map?complex=39499,TIER_2_KB_OFFICIAL_API
A10024695,exclusive_73_67,KB부동산 단지 시세/평형정보 | https://kbland.kr/map?complex=39499,TIER_2_KB_OFFICIAL_API
A10024695,exclusive_84_48,KB부동산 단지 시세/평형정보 | https://kbland.kr/map?complex=39499,TIER_2_KB_OFFICIAL_API
A10024695,exclusive_84_93,KB부동산 단지 시세/평형정보 | https://kbland.kr/map?complex=39499,TIER_2_KB_OFFICIAL_API
A10024695,exclusive_84_57,KB부동산 단지 시세/평형정보 | https://kbland.kr/map?complex=39499,TIER_2_KB_OFFICIAL_API
A10024695,exclusive_100_43,KB부동산 단지 시세/평형정보 | https://kbland.kr/map?complex=39499,TIER_2_KB_OFFICIAL_API
A61310007,exclusive_59_99,KB부동산 단지 시세/평형정보 | https://kbland.kr/map?complex=25696,TIER_2_KB_OFFICIAL_API
A61310007,exclusive_84_97,KB부동산 단지 시세/평형정보 | https://kbland.kr/map?complex=25696,TIER_2_KB_OFFICIAL_API
A61310007,exclusive_84_98,KB부동산 단지 시세/평형정보 | https://kbland.kr/map?complex=25696,TIER_2_KB_OFFICIAL_API
A61310007,exclusive_84_95,KB부동산 단지 시세/평형정보 | https://kbland.kr/map?complex=25696,TIER_2_KB_OFFICIAL_API
A61310007,exclusive_84_98_35평B,KB부동산 단지 시세/평형정보 | https://kbland.kr/map?complex=25696,TIER_2_KB_OFFICIAL_API
A61310007,exclusive_84_96,KB부동산 단지 시세/평형정보 | https://kbland.kr/map?complex=25696,TIER_2_KB_OFFICIAL_API
A61310007,exclusive_84_98_35평C,KB부동산 단지 시세/평형정보 | https://kbland.kr/map?complex=25696,TIER_2_KB_OFFICIAL_API
A61310007,exclusive_84_98_35평A,KB부동산 단지 시세/평형정보 | https://kbland.kr/map?complex=25696,TIER_2_KB_OFFICIAL_API
A61310007,exclusive_112_01,KB부동산 단지 시세/평형정보 | https://kbland.kr/map?complex=25696,TIER_2_KB_OFFICIAL_API
A61310007,exclusive_113_5,KB부동산 단지 시세/평형정보 | https://kbland.kr/map?complex=25696,TIER_2_KB_OFFICIAL_API
A61310007,exclusive_153_56,KB부동산 단지 시세/평형정보 | https://kbland.kr/map?complex=25696,TIER_2_KB_OFFICIAL_API
A61310007,exclusive_161_28,KB부동산 단지 시세/평형정보 | https://kbland.kr/map?complex=25696,TIER_2_KB_OFFICIAL_API
A61375202,exclusive_59_94,KB부동산 단지 시세/평형정보 | https://kbland.kr/map?complex=5926,TIER_2_KB_OFFICIAL_API
A61375202,exclusive_84_99,KB부동산 단지 시세/평형정보 | https://kbland.kr/map?complex=5926,TIER_2_KB_OFFICIAL_API
A61375202,exclusive_130_9,KB부동산 단지 시세/평형정보 | https://kbland.kr/map?complex=5926,TIER_2_KB_OFFICIAL_API
A61375603,exclusive_59_76,KB부동산 단지 시세/평형정보 | https://kbland.kr/map?complex=5927,TIER_2_KB_OFFICIAL_API
A61375603,exclusive_59_76_22평B,KB부동산 단지 시세/평형정보 | https://kbland.kr/map?complex=5927,TIER_2_KB_OFFICIAL_API
A61375603,exclusive_84_9,KB부동산 단지 시세/평형정보 | https://kbland.kr/map?complex=5927,TIER_2_KB_OFFICIAL_API
A10023420,exclusive_59_96,KB부동산 단지 시세/평형정보 | https://kbland.kr/map?complex=730329,TIER_2_KB_OFFICIAL_API
A10023420,exclusive_59_99,KB부동산 단지 시세/평형정보 | https://kbland.kr/map?complex=730329,TIER_2_KB_OFFICIAL_API
A10023420,exclusive_59_98,KB부동산 단지 시세/평형정보 | https://kbland.kr/map?complex=730329,TIER_2_KB_OFFICIAL_API
A10023420,exclusive_59_99_24평B,KB부동산 단지 시세/평형정보 | https://kbland.kr/map?complex=730329,TIER_2_KB_OFFICIAL_API
A10023420,exclusive_74_99,KB부동산 단지 시세/평형정보 | https://kbland.kr/map?complex=730329,TIER_2_KB_OFFICIAL_API
A10023420,exclusive_74_98,KB부동산 단지 시세/평형정보 | https://kbland.kr/map?complex=730329,TIER_2_KB_OFFICIAL_API
A10023420,exclusive_74_99_30평B,KB부동산 단지 시세/평형정보 | https://kbland.kr/map?complex=730329,TIER_2_KB_OFFICIAL_API
A10023420,exclusive_77_98,KB부동산 단지 시세/평형정보 | https://kbland.kr/map?complex=730329,TIER_2_KB_OFFICIAL_API
A10023420,exclusive_84_98,KB부동산 단지 시세/평형정보 | https://kbland.kr/map?complex=730329,TIER_2_KB_OFFICIAL_API
A10023420,exclusive_84_99,KB부동산 단지 시세/평형정보 | https://kbland.kr/map?complex=730329,TIER_2_KB_OFFICIAL_API
A10023420,exclusive_84_99_33평D,KB부동산 단지 시세/평형정보 | https://kbland.kr/map?complex=730329,TIER_2_KB_OFFICIAL_API
A10023420,exclusive_84_98_33평C2,KB부동산 단지 시세/평형정보 | https://kbland.kr/map?complex=730329,TIER_2_KB_OFFICIAL_API
A10023420,exclusive_84_98_33평B1,KB부동산 단지 시세/평형정보 | https://kbland.kr/map?complex=730329,TIER_2_KB_OFFICIAL_API
A10023420,exclusive_84_98_33평B2-2,KB부동산 단지 시세/평형정보 | https://kbland.kr/map?complex=730329,TIER_2_KB_OFFICIAL_API
A10023420,exclusive_84_99_33평A1,KB부동산 단지 시세/평형정보 | https://kbland.kr/map?complex=730329,TIER_2_KB_OFFICIAL_API
A10023420,exclusive_84_99_34평B2-1,KB부동산 단지 시세/평형정보 | https://kbland.kr/map?complex=730329,TIER_2_KB_OFFICIAL_API
A10023420,exclusive_101_68,KB부동산 단지 시세/평형정보 | https://kbland.kr/map?complex=730329,TIER_2_KB_OFFICIAL_API
A10023420,exclusive_115_41,KB부동산 단지 시세/평형정보 | https://kbland.kr/map?complex=730329,TIER_2_KB_OFFICIAL_API
A10023420,exclusive_125_97,KB부동산 단지 시세/평형정보 | https://kbland.kr/map?complex=730329,TIER_2_KB_OFFICIAL_API
A10023420,exclusive_142_59,KB부동산 단지 시세/평형정보 | https://kbland.kr/map?complex=730329,TIER_2_KB_OFFICIAL_API
A10023420,exclusive_145_39,KB부동산 단지 시세/평형정보 | https://kbland.kr/map?complex=730329,TIER_2_KB_OFFICIAL_API
A10023420,exclusive_145_9,KB부동산 단지 시세/평형정보 | https://kbland.kr/map?complex=730329,TIER_2_KB_OFFICIAL_API
A10023420,exclusive_145_39_58평B,KB부동산 단지 시세/평형정보 | https://kbland.kr/map?complex=730329,TIER_2_KB_OFFICIAL_API
A10023420,exclusive_157_04,KB부동산 단지 시세/평형정보 | https://kbland.kr/map?complex=730329,TIER_2_KB_OFFICIAL_API
A10023420,exclusive_157_24,KB부동산 단지 시세/평형정보 | https://kbland.kr/map?complex=730329,TIER_2_KB_OFFICIAL_API
A61301003,exclusive_41_52,KB부동산 단지 시세/평형정보 | https://kbland.kr/map?complex=5918,TIER_2_KB_OFFICIAL_API
A61301003,exclusive_41_54,KB부동산 단지 시세/평형정보 | https://kbland.kr/map?complex=5918,TIER_2_KB_OFFICIAL_API
A61301003,exclusive_61_09,KB부동산 단지 시세/평형정보 | https://kbland.kr/map?complex=5918,TIER_2_KB_OFFICIAL_API
A61301003,exclusive_60_83,KB부동산 단지 시세/평형정보 | https://kbland.kr/map?complex=5918,TIER_2_KB_OFFICIAL_API
A61301003,exclusive_73_92,KB부동산 단지 시세/평형정보 | https://kbland.kr/map?complex=5918,TIER_2_KB_OFFICIAL_API
A61301003,exclusive_84_82,KB부동산 단지 시세/평형정보 | https://kbland.kr/map?complex=5918,TIER_2_KB_OFFICIAL_API
A61301003,exclusive_84_83,KB부동산 단지 시세/평형정보 | https://kbland.kr/map?complex=5918,TIER_2_KB_OFFICIAL_API
A61301003,exclusive_95_17,KB부동산 단지 시세/평형정보 | https://kbland.kr/map?complex=5918,TIER_2_KB_OFFICIAL_API
A61301003,exclusive_115_6,KB부동산 단지 시세/평형정보 | https://kbland.kr/map?complex=5918,TIER_2_KB_OFFICIAL_API
A61301003,exclusive_131_27,KB부동산 단지 시세/평형정보 | https://kbland.kr/map?complex=5918,TIER_2_KB_OFFICIAL_API
A61301003,exclusive_148_2,KB부동산 단지 시세/평형정보 | https://kbland.kr/map?complex=5918,TIER_2_KB_OFFICIAL_API
A61775202,exclusive_41_3,KB부동산 단지 시세/평형정보 | https://kbland.kr/map?complex=5732,TIER_2_KB_OFFICIAL_API
A61775202,exclusive_41_3_18평,KB부동산 단지 시세/평형정보 | https://kbland.kr/map?complex=5732,TIER_2_KB_OFFICIAL_API
A61775202,exclusive_49_94,KB부동산 단지 시세/평형정보 | https://kbland.kr/map?complex=5732,TIER_2_KB_OFFICIAL_API
A61775202,exclusive_49_94_22평,KB부동산 단지 시세/평형정보 | https://kbland.kr/map?complex=5732,TIER_2_KB_OFFICIAL_API
A61775706,exclusive_72_42,KB부동산 단지 시세/평형정보 | https://kbland.kr/map?complex=5730,TIER_2_KB_OFFICIAL_API
A61775706,exclusive_84_54,KB부동산 단지 시세/평형정보 | https://kbland.kr/map?complex=5730,TIER_2_KB_OFFICIAL_API
A61775706,exclusive_123_1,KB부동산 단지 시세/평형정보 | https://kbland.kr/map?complex=5730,TIER_2_KB_OFFICIAL_API
A61775706,exclusive_135_88,KB부동산 단지 시세/평형정보 | https://kbland.kr/map?complex=5730,TIER_2_KB_OFFICIAL_API
A61781805,exclusive_59_88,KB부동산 단지 시세/평형정보 | https://kbland.kr/map?complex=5731,TIER_2_KB_OFFICIAL_API
A61781805,exclusive_84_9,KB부동산 단지 시세/평형정보 | https://kbland.kr/map?complex=5731,TIER_2_KB_OFFICIAL_API
A61781805,exclusive_121_83,KB부동산 단지 시세/평형정보 | https://kbland.kr/map?complex=5731,TIER_2_KB_OFFICIAL_API
A61781807,exclusive_59_7,KB부동산 단지 시세/평형정보 | https://kbland.kr/map?complex=5734,TIER_2_KB_OFFICIAL_API
A61781807,exclusive_67_45,KB부동산 단지 시세/평형정보 | https://kbland.kr/map?complex=5734,TIER_2_KB_OFFICIAL_API
A61781807,exclusive_76_87,KB부동산 단지 시세/평형정보 | https://kbland.kr/map?complex=5734,TIER_2_KB_OFFICIAL_API
A61781807,exclusive_76_33,KB부동산 단지 시세/평형정보 | https://kbland.kr/map?complex=5734,TIER_2_KB_OFFICIAL_API
A61781807,exclusive_84_97,KB부동산 단지 시세/평형정보 | https://kbland.kr/map?complex=5734,TIER_2_KB_OFFICIAL_API
A61781807,exclusive_84_99,KB부동산 단지 시세/평형정보 | https://kbland.kr/map?complex=5734,TIER_2_KB_OFFICIAL_API
A61781808,exclusive_47_37,KB부동산 단지 시세/평형정보 | https://kbland.kr/map?complex=5741,TIER_2_KB_OFFICIAL_API
A61781808,exclusive_59_67,KB부동산 단지 시세/평형정보 | https://kbland.kr/map?complex=5741,TIER_2_KB_OFFICIAL_API
A61781808,exclusive_59_67_23평B,KB부동산 단지 시세/평형정보 | https://kbland.kr/map?complex=5741,TIER_2_KB_OFFICIAL_API
A61781808,exclusive_59_99,KB부동산 단지 시세/평형정보 | https://kbland.kr/map?complex=5741,TIER_2_KB_OFFICIAL_API
A61781808,exclusive_74_93,KB부동산 단지 시세/평형정보 | https://kbland.kr/map?complex=5741,TIER_2_KB_OFFICIAL_API
A61781808,exclusive_78_84,KB부동산 단지 시세/평형정보 | https://kbland.kr/map?complex=5741,TIER_2_KB_OFFICIAL_API
A61777903,exclusive_68_53,KB부동산 단지 시세/평형정보 | https://kbland.kr/map?complex=25060,TIER_2_KB_OFFICIAL_API
A61777903,exclusive_68_53_27평B,KB부동산 단지 시세/평형정보 | https://kbland.kr/map?complex=25060,TIER_2_KB_OFFICIAL_API
A61777903,exclusive_74,KB부동산 단지 시세/평형정보 | https://kbland.kr/map?complex=25060,TIER_2_KB_OFFICIAL_API
A61777903,exclusive_73_51,KB부동산 단지 시세/평형정보 | https://kbland.kr/map?complex=25060,TIER_2_KB_OFFICIAL_API
A61777903,exclusive_73_89,KB부동산 단지 시세/평형정보 | https://kbland.kr/map?complex=25060,TIER_2_KB_OFFICIAL_API
A61777903,exclusive_77_08,KB부동산 단지 시세/평형정보 | https://kbland.kr/map?complex=25060,TIER_2_KB_OFFICIAL_API
A61777903,exclusive_81_13,KB부동산 단지 시세/평형정보 | https://kbland.kr/map?complex=25060,TIER_2_KB_OFFICIAL_API
A61777903,exclusive_82_35,KB부동산 단지 시세/평형정보 | https://kbland.kr/map?complex=25060,TIER_2_KB_OFFICIAL_API
A61777903,exclusive_84_89,KB부동산 단지 시세/평형정보 | https://kbland.kr/map?complex=25060,TIER_2_KB_OFFICIAL_API
A61777903,exclusive_84_89_34평B,KB부동산 단지 시세/평형정보 | https://kbland.kr/map?complex=25060,TIER_2_KB_OFFICIAL_API
A61781005,exclusive_38_64,KB부동산 단지 시세/평형정보 | https://kbland.kr/map?complex=5715,TIER_2_KB_OFFICIAL_API
A61781005,exclusive_39_72,KB부동산 단지 시세/평형정보 | https://kbland.kr/map?complex=5715,TIER_2_KB_OFFICIAL_API
A61781005,exclusive_45_12,KB부동산 단지 시세/평형정보 | https://kbland.kr/map?complex=5715,TIER_2_KB_OFFICIAL_API
A61781005,exclusive_46_2,KB부동산 단지 시세/평형정보 | https://kbland.kr/map?complex=5715,TIER_2_KB_OFFICIAL_API
A61781005,exclusive_54,KB부동산 단지 시세/평형정보 | https://kbland.kr/map?complex=5715,TIER_2_KB_OFFICIAL_API
A61781005,exclusive_63_99,KB부동산 단지 시세/평형정보 | https://kbland.kr/map?complex=5715,TIER_2_KB_OFFICIAL_API
A61781005,exclusive_61_56,KB부동산 단지 시세/평형정보 | https://kbland.kr/map?complex=5715,TIER_2_KB_OFFICIAL_API
A61781005,exclusive_61_56_24평B,KB부동산 단지 시세/평형정보 | https://kbland.kr/map?complex=5715,TIER_2_KB_OFFICIAL_API
A61781005,exclusive_66_51,KB부동산 단지 시세/평형정보 | https://kbland.kr/map?complex=5715,TIER_2_KB_OFFICIAL_API
A61781005,exclusive_84_94,KB부동산 단지 시세/평형정보 | https://kbland.kr/map?complex=5715,TIER_2_KB_OFFICIAL_API
A61781005,exclusive_84_94_30평B,KB부동산 단지 시세/평형정보 | https://kbland.kr/map?complex=5715,TIER_2_KB_OFFICIAL_API
A61781005,exclusive_84_94_30평C,KB부동산 단지 시세/평형정보 | https://kbland.kr/map?complex=5715,TIER_2_KB_OFFICIAL_API
A61781005,exclusive_122_85,KB부동산 단지 시세/평형정보 | https://kbland.kr/map?complex=5715,TIER_2_KB_OFFICIAL_API
A10023544,exclusive_59_99,KB부동산 단지 시세/평형정보 | https://kbland.kr/map?complex=48448,TIER_2_KB_OFFICIAL_API
A10023544,exclusive_59_99_25평A2,KB부동산 단지 시세/평형정보 | https://kbland.kr/map?complex=48448,TIER_2_KB_OFFICIAL_API
A10023544,exclusive_59_91,KB부동산 단지 시세/평형정보 | https://kbland.kr/map?complex=48448,TIER_2_KB_OFFICIAL_API
A10023544,exclusive_59_91_25평B2,KB부동산 단지 시세/평형정보 | https://kbland.kr/map?complex=48448,TIER_2_KB_OFFICIAL_API
A10023544,exclusive_84_8,KB부동산 단지 시세/평형정보 | https://kbland.kr/map?complex=48448,TIER_2_KB_OFFICIAL_API
A10023544,exclusive_84_85,KB부동산 단지 시세/평형정보 | https://kbland.kr/map?complex=48448,TIER_2_KB_OFFICIAL_API
A61780802,exclusive_59_95,KB부동산 단지 시세/평형정보 | https://kbland.kr/map?complex=5725,TIER_2_KB_OFFICIAL_API
A61780802,exclusive_74_12,KB부동산 단지 시세/평형정보 | https://kbland.kr/map?complex=5725,TIER_2_KB_OFFICIAL_API
A61780802,exclusive_84_86,KB부동산 단지 시세/평형정보 | https://kbland.kr/map?complex=5725,TIER_2_KB_OFFICIAL_API
A10026975,exclusive_67_75,KB부동산 단지 시세/평형정보 | https://kbland.kr/map?complex=29759,TIER_2_KB_OFFICIAL_API
A10026975,exclusive_72_62,KB부동산 단지 시세/평형정보 | https://kbland.kr/map?complex=29759,TIER_2_KB_OFFICIAL_API
A10026975,exclusive_74_52,KB부동산 단지 시세/평형정보 | https://kbland.kr/map?complex=29759,TIER_2_KB_OFFICIAL_API
A10026975,exclusive_80_16,KB부동산 단지 시세/평형정보 | https://kbland.kr/map?complex=29759,TIER_2_KB_OFFICIAL_API
A10026975,exclusive_84_53,KB부동산 단지 시세/평형정보 | https://kbland.kr/map?complex=29759,TIER_2_KB_OFFICIAL_API
A10026975,exclusive_84_77,KB부동산 단지 시세/평형정보 | https://kbland.kr/map?complex=29759,TIER_2_KB_OFFICIAL_API
A10026975,exclusive_84_92,KB부동산 단지 시세/평형정보 | https://kbland.kr/map?complex=29759,TIER_2_KB_OFFICIAL_API
A61701002,exclusive_59_67,KB부동산 단지 시세/평형정보 | https://kbland.kr/map?complex=13182,TIER_2_KB_OFFICIAL_API
A61701002,exclusive_59_73,KB부동산 단지 시세/평형정보 | https://kbland.kr/map?complex=13182,TIER_2_KB_OFFICIAL_API
A61701002,exclusive_84_36,KB부동산 단지 시세/평형정보 | https://kbland.kr/map?complex=13182,TIER_2_KB_OFFICIAL_API
A61701002,exclusive_125_16,KB부동산 단지 시세/평형정보 | https://kbland.kr/map?complex=13182,TIER_2_KB_OFFICIAL_API
A61701002,exclusive_149_93,KB부동산 단지 시세/평형정보 | https://kbland.kr/map?complex=13182,TIER_2_KB_OFFICIAL_API
A61778608,exclusive_59_99,KB부동산 단지 시세/평형정보 | https://kbland.kr/map?complex=5686,TIER_2_KB_OFFICIAL_API
A61778608,exclusive_59_76,KB부동산 단지 시세/평형정보 | https://kbland.kr/map?complex=5686,TIER_2_KB_OFFICIAL_API
A61778608,exclusive_75_06,KB부동산 단지 시세/평형정보 | https://kbland.kr/map?complex=5686,TIER_2_KB_OFFICIAL_API
A61778608,exclusive_84_99,KB부동산 단지 시세/평형정보 | https://kbland.kr/map?complex=5686,TIER_2_KB_OFFICIAL_API
A61778608,exclusive_84_91,KB부동산 단지 시세/평형정보 | https://kbland.kr/map?complex=5686,TIER_2_KB_OFFICIAL_API
A61778608,exclusive_122_8,KB부동산 단지 시세/평형정보 | https://kbland.kr/map?complex=5686,TIER_2_KB_OFFICIAL_API
A61776907,exclusive_79_34,KB부동산 단지 시세/평형정보 | https://kbland.kr/map?complex=5690,TIER_2_KB_OFFICIAL_API
A61776907,exclusive_84_96,KB부동산 단지 시세/평형정보 | https://kbland.kr/map?complex=5690,TIER_2_KB_OFFICIAL_API
A61776907,exclusive_84_81,KB부동산 단지 시세/평형정보 | https://kbland.kr/map?complex=5690,TIER_2_KB_OFFICIAL_API
A61777010,exclusive_59_99,KB부동산 단지 시세/평형정보 | https://kbland.kr/map?complex=5692,TIER_2_KB_OFFICIAL_API
A61777010,exclusive_84_91,KB부동산 단지 시세/평형정보 | https://kbland.kr/map?complex=5692,TIER_2_KB_OFFICIAL_API
A61777105,exclusive_95_95,KB부동산 단지 시세/평형정보 | https://kbland.kr/map?complex=5698,TIER_2_KB_OFFICIAL_API
A61777105,exclusive_119_24,KB부동산 단지 시세/평형정보 | https://kbland.kr/map?complex=5698,TIER_2_KB_OFFICIAL_API
A61777312,exclusive_59_88,KB부동산 단지 시세/평형정보 | https://kbland.kr/map?complex=5691,TIER_2_KB_OFFICIAL_API
A61777312,exclusive_84_9,KB부동산 단지 시세/평형정보 | https://kbland.kr/map?complex=5691,TIER_2_KB_OFFICIAL_API
A61777312,exclusive_131_88,KB부동산 단지 시세/평형정보 | https://kbland.kr/map?complex=5691,TIER_2_KB_OFFICIAL_API
A61777312,exclusive_137_55,KB부동산 단지 시세/평형정보 | https://kbland.kr/map?complex=5691,TIER_2_KB_OFFICIAL_API
A61777411,exclusive_59_88,KB부동산 단지 시세/평형정보 | https://kbland.kr/map?complex=25714,TIER_2_KB_OFFICIAL_API
A61777411,exclusive_59_91,KB부동산 단지 시세/평형정보 | https://kbland.kr/map?complex=25714,TIER_2_KB_OFFICIAL_API
A61777411,exclusive_59_99,KB부동산 단지 시세/평형정보 | https://kbland.kr/map?complex=25714,TIER_2_KB_OFFICIAL_API
A61777411,exclusive_69_91,KB부동산 단지 시세/평형정보 | https://kbland.kr/map?complex=25714,TIER_2_KB_OFFICIAL_API
A61777411,exclusive_84_95,KB부동산 단지 시세/평형정보 | https://kbland.kr/map?complex=25714,TIER_2_KB_OFFICIAL_API
A61777711,exclusive_40_42,KB부동산 단지 시세/평형정보 | https://kbland.kr/map?complex=5702,TIER_2_KB_OFFICIAL_API
A61777711,exclusive_49_96,KB부동산 단지 시세/평형정보 | https://kbland.kr/map?complex=5702,TIER_2_KB_OFFICIAL_API
A61777806,exclusive_59_79,KB부동산 단지 시세/평형정보 | https://kbland.kr/map?complex=5697,TIER_2_KB_OFFICIAL_API
A61777806,exclusive_59_94,KB부동산 단지 시세/평형정보 | https://kbland.kr/map?complex=5697,TIER_2_KB_OFFICIAL_API
A61777806,exclusive_74_13,KB부동산 단지 시세/평형정보 | https://kbland.kr/map?complex=5697,TIER_2_KB_OFFICIAL_API
A61777806,exclusive_84_99,KB부동산 단지 시세/평형정보 | https://kbland.kr/map?complex=5697,TIER_2_KB_OFFICIAL_API
A61784208,exclusive_59_98,KB부동산 단지 시세/평형정보 | https://kbland.kr/map?complex=5693,TIER_2_KB_OFFICIAL_API
A61784208,exclusive_75_65,KB부동산 단지 시세/평형정보 | https://kbland.kr/map?complex=5693,TIER_2_KB_OFFICIAL_API
A61784208,exclusive_84_97,KB부동산 단지 시세/평형정보 | https://kbland.kr/map?complex=5693,TIER_2_KB_OFFICIAL_API
A61784208,exclusive_110_48,KB부동산 단지 시세/평형정보 | https://kbland.kr/map?complex=5693,TIER_2_KB_OFFICIAL_API
A61784208,exclusive_134_99,KB부동산 단지 시세/평형정보 | https://kbland.kr/map?complex=5693,TIER_2_KB_OFFICIAL_API
A61784213,exclusive_46_32,KB부동산 단지 시세/평형정보 | https://kbland.kr/map?complex=15573,TIER_2_KB_OFFICIAL_API
A61776508,exclusive_59_85,KB부동산 단지 시세/평형정보 | https://kbland.kr/map?complex=5707,TIER_2_KB_OFFICIAL_API
A61776508,exclusive_84_87,KB부동산 단지 시세/평형정보 | https://kbland.kr/map?complex=5707,TIER_2_KB_OFFICIAL_API
A61776508,exclusive_131_98,KB부동산 단지 시세/평형정보 | https://kbland.kr/map?complex=5707,TIER_2_KB_OFFICIAL_API
A61776509,exclusive_59_99,KB부동산 단지 시세/평형정보 | https://kbland.kr/map?complex=21574,TIER_2_KB_OFFICIAL_API
A61776509,exclusive_72_44,KB부동산 단지 시세/평형정보 | https://kbland.kr/map?complex=21574,TIER_2_KB_OFFICIAL_API
A61776509,exclusive_84_96,KB부동산 단지 시세/평형정보 | https://kbland.kr/map?complex=21574,TIER_2_KB_OFFICIAL_API
A61776509,exclusive_84_99,KB부동산 단지 시세/평형정보 | https://kbland.kr/map?complex=21574,TIER_2_KB_OFFICIAL_API
A61776509,exclusive_84_98,KB부동산 단지 시세/평형정보 | https://kbland.kr/map?complex=21574,TIER_2_KB_OFFICIAL_API
A61776509,exclusive_101_11,KB부동산 단지 시세/평형정보 | https://kbland.kr/map?complex=21574,TIER_2_KB_OFFICIAL_API
A61776509,exclusive_101_11_38평B,KB부동산 단지 시세/평형정보 | https://kbland.kr/map?complex=21574,TIER_2_KB_OFFICIAL_API
A61776509,exclusive_126_27,KB부동산 단지 시세/평형정보 | https://kbland.kr/map?complex=21574,TIER_2_KB_OFFICIAL_API
A61776509,exclusive_126_39,KB부동산 단지 시세/평형정보 | https://kbland.kr/map?complex=21574,TIER_2_KB_OFFICIAL_API
A61776509,exclusive_145_13,KB부동산 단지 시세/평형정보 | https://kbland.kr/map?complex=21574,TIER_2_KB_OFFICIAL_API
A61776710,exclusive_59_99,KB부동산 단지 시세/평형정보 | https://kbland.kr/map?complex=5711,TIER_2_KB_OFFICIAL_API
A61776710,exclusive_59_98,KB부동산 단지 시세/평형정보 | https://kbland.kr/map?complex=5711,TIER_2_KB_OFFICIAL_API
A61776710,exclusive_73_2,KB부동산 단지 시세/평형정보 | https://kbland.kr/map?complex=5711,TIER_2_KB_OFFICIAL_API
A61776710,exclusive_84_9,KB부동산 단지 시세/평형정보 | https://kbland.kr/map?complex=5711,TIER_2_KB_OFFICIAL_API
A61776710,exclusive_118_51,KB부동산 단지 시세/평형정보 | https://kbland.kr/map?complex=5711,TIER_2_KB_OFFICIAL_API
A61776811,exclusive_59_9,KB부동산 단지 시세/평형정보 | https://kbland.kr/map?complex=5709,TIER_2_KB_OFFICIAL_API
A61776811,exclusive_59_94,KB부동산 단지 시세/평형정보 | https://kbland.kr/map?complex=5709,TIER_2_KB_OFFICIAL_API
A61776811,exclusive_84_85,KB부동산 단지 시세/평형정보 | https://kbland.kr/map?complex=5709,TIER_2_KB_OFFICIAL_API
A61776811,exclusive_105_42,KB부동산 단지 시세/평형정보 | https://kbland.kr/map?complex=5709,TIER_2_KB_OFFICIAL_API
A61776811,exclusive_105_3,KB부동산 단지 시세/평형정보 | https://kbland.kr/map?complex=5709,TIER_2_KB_OFFICIAL_API
A61776811,exclusive_134_64,KB부동산 단지 시세/평형정보 | https://kbland.kr/map?complex=5709,TIER_2_KB_OFFICIAL_API
A61990108,exclusive_71_72,KB부동산 단지 시세/평형정보 | https://kbland.kr/map?complex=22088,TIER_2_KB_OFFICIAL_API
A61990108,exclusive_84_92,KB부동산 단지 시세/평형정보 | https://kbland.kr/map?complex=22088,TIER_2_KB_OFFICIAL_API
A61990108,exclusive_84_9,KB부동산 단지 시세/평형정보 | https://kbland.kr/map?complex=22088,TIER_2_KB_OFFICIAL_API
A61990108,exclusive_84_97,KB부동산 단지 시세/평형정보 | https://kbland.kr/map?complex=22088,TIER_2_KB_OFFICIAL_API
A61990108,exclusive_84_94,KB부동산 단지 시세/평형정보 | https://kbland.kr/map?complex=22088,TIER_2_KB_OFFICIAL_API
A61990108,exclusive_106_77,KB부동산 단지 시세/평형정보 | https://kbland.kr/map?complex=22088,TIER_2_KB_OFFICIAL_API
A61990108,exclusive_115_64,KB부동산 단지 시세/평형정보 | https://kbland.kr/map?complex=22088,TIER_2_KB_OFFICIAL_API
A61990108,exclusive_119_89,KB부동산 단지 시세/평형정보 | https://kbland.kr/map?complex=22088,TIER_2_KB_OFFICIAL_API
A61990108,exclusive_134_69,KB부동산 단지 시세/평형정보 | https://kbland.kr/map?complex=22088,TIER_2_KB_OFFICIAL_API
A61990108,exclusive_162_6,KB부동산 단지 시세/평형정보 | https://kbland.kr/map?complex=22088,TIER_2_KB_OFFICIAL_API
A61990108,exclusive_181_95,KB부동산 단지 시세/평형정보 | https://kbland.kr/map?complex=22088,TIER_2_KB_OFFICIAL_API
A61970112,exclusive_59_95,KB부동산 단지 시세/평형정보 | https://kbland.kr/map?complex=6230,TIER_2_KB_OFFICIAL_API
A61970112,exclusive_84_03,KB부동산 단지 시세/평형정보 | https://kbland.kr/map?complex=6230,TIER_2_KB_OFFICIAL_API
A61970112,exclusive_84_69,KB부동산 단지 시세/평형정보 | https://kbland.kr/map?complex=6230,TIER_2_KB_OFFICIAL_API
A61970112,exclusive_84_6,KB부동산 단지 시세/평형정보 | https://kbland.kr/map?complex=6230,TIER_2_KB_OFFICIAL_API
A61970210,exclusive_49_47,KB부동산 단지 시세/평형정보 | https://kbland.kr/map?complex=12117,TIER_2_KB_OFFICIAL_API
A61970210,exclusive_59_98,KB부동산 단지 시세/평형정보 | https://kbland.kr/map?complex=12117,TIER_2_KB_OFFICIAL_API
A61970210,exclusive_84_98,KB부동산 단지 시세/평형정보 | https://kbland.kr/map?complex=12117,TIER_2_KB_OFFICIAL_API
A61970210,exclusive_130_04,KB부동산 단지 시세/평형정보 | https://kbland.kr/map?complex=12117,TIER_2_KB_OFFICIAL_API
A10026865,exclusive_79_98,KB부동산 단지 시세/평형정보 | https://kbland.kr/map?complex=31050,TIER_2_KB_OFFICIAL_API
A10026865,exclusive_79_98_32평C,KB부동산 단지 시세/평형정보 | https://kbland.kr/map?complex=31050,TIER_2_KB_OFFICIAL_API
A10026865,exclusive_79_97,KB부동산 단지 시세/평형정보 | https://kbland.kr/map?complex=31050,TIER_2_KB_OFFICIAL_API
A10026865,exclusive_84_98,KB부동산 단지 시세/평형정보 | https://kbland.kr/map?complex=31050,TIER_2_KB_OFFICIAL_API
A10028142,exclusive_59_95,KB부동산 단지 시세/평형정보 | https://kbland.kr/map?complex=28940,TIER_2_KB_OFFICIAL_API
A10028142,exclusive_59_94,KB부동산 단지 시세/평형정보 | https://kbland.kr/map?complex=28940,TIER_2_KB_OFFICIAL_API
A10028142,exclusive_59_91,KB부동산 단지 시세/평형정보 | https://kbland.kr/map?complex=28940,TIER_2_KB_OFFICIAL_API
A10028142,exclusive_84_77,KB부동산 단지 시세/평형정보 | https://kbland.kr/map?complex=28940,TIER_2_KB_OFFICIAL_API
A61996111,exclusive_59_99,KB부동산 단지 시세/평형정보 | https://kbland.kr/map?complex=25254,TIER_2_KB_OFFICIAL_API
A61996111,exclusive_59_99_24평A,KB부동산 단지 시세/평형정보 | https://kbland.kr/map?complex=25254,TIER_2_KB_OFFICIAL_API
A61996111,exclusive_84_99,KB부동산 단지 시세/평형정보 | https://kbland.kr/map?complex=25254,TIER_2_KB_OFFICIAL_API
A61996111,exclusive_84_99_32평C,KB부동산 단지 시세/평형정보 | https://kbland.kr/map?complex=25254,TIER_2_KB_OFFICIAL_API
A61996102,exclusive_59_81,KB부동산 단지 시세/평형정보 | https://kbland.kr/map?complex=22222,TIER_2_KB_OFFICIAL_API
A61996102,exclusive_59_83,KB부동산 단지 시세/평형정보 | https://kbland.kr/map?complex=22222,TIER_2_KB_OFFICIAL_API
A61996102,exclusive_84_41,KB부동산 단지 시세/평형정보 | https://kbland.kr/map?complex=22222,TIER_2_KB_OFFICIAL_API
A61996102,exclusive_84_53,KB부동산 단지 시세/평형정보 | https://kbland.kr/map?complex=22222,TIER_2_KB_OFFICIAL_API
A61996102,exclusive_84_59,KB부동산 단지 시세/평형정보 | https://kbland.kr/map?complex=22222,TIER_2_KB_OFFICIAL_API
A61996102,exclusive_84_73,KB부동산 단지 시세/평형정보 | https://kbland.kr/map?complex=22222,TIER_2_KB_OFFICIAL_API
A61996102,exclusive_84_93,KB부동산 단지 시세/평형정보 | https://kbland.kr/map?complex=22222,TIER_2_KB_OFFICIAL_API
A61996102,exclusive_84_99,KB부동산 단지 시세/평형정보 | https://kbland.kr/map?complex=22222,TIER_2_KB_OFFICIAL_API
A61996108,exclusive_59_99,KB부동산 단지 시세/평형정보 | https://kbland.kr/map?complex=25049,TIER_2_KB_OFFICIAL_API
A61996108,exclusive_59_99_24평B,KB부동산 단지 시세/평형정보 | https://kbland.kr/map?complex=25049,TIER_2_KB_OFFICIAL_API
A61996108,exclusive_79_6,KB부동산 단지 시세/평형정보 | https://kbland.kr/map?complex=25049,TIER_2_KB_OFFICIAL_API
A61996108,exclusive_79_65,KB부동산 단지 시세/평형정보 | https://kbland.kr/map?complex=25049,TIER_2_KB_OFFICIAL_API
A61996109,exclusive_101_81,KB부동산 단지 시세/평형정보 | https://kbland.kr/map?complex=21142,TIER_2_KB_OFFICIAL_API
A61996109,exclusive_101_58,KB부동산 단지 시세/평형정보 | https://kbland.kr/map?complex=21142,TIER_2_KB_OFFICIAL_API
A61996109,exclusive_101_58_38평B,KB부동산 단지 시세/평형정보 | https://kbland.kr/map?complex=21142,TIER_2_KB_OFFICIAL_API
A61996109,exclusive_127_26,KB부동산 단지 시세/평형정보 | https://kbland.kr/map?complex=21142,TIER_2_KB_OFFICIAL_API
A61996109,exclusive_127_26_48평B,KB부동산 단지 시세/평형정보 | https://kbland.kr/map?complex=21142,TIER_2_KB_OFFICIAL_API
A61996109,exclusive_149_61,KB부동산 단지 시세/평형정보 | https://kbland.kr/map?complex=21142,TIER_2_KB_OFFICIAL_API
A61996110,exclusive_59_93,KB부동산 단지 시세/평형정보 | https://kbland.kr/map?complex=25048,TIER_2_KB_OFFICIAL_API
A61996110,exclusive_59_98,KB부동산 단지 시세/평형정보 | https://kbland.kr/map?complex=25048,TIER_2_KB_OFFICIAL_API
A61996110,exclusive_78_53,KB부동산 단지 시세/평형정보 | https://kbland.kr/map?complex=25048,TIER_2_KB_OFFICIAL_API
A61996110,exclusive_84_98,KB부동산 단지 시세/평형정보 | https://kbland.kr/map?complex=25048,TIER_2_KB_OFFICIAL_API
A61996110,exclusive_84_98_33평C,KB부동산 단지 시세/평형정보 | https://kbland.kr/map?complex=25048,TIER_2_KB_OFFICIAL_API
A61996110,exclusive_84_98_34평B,KB부동산 단지 시세/평형정보 | https://kbland.kr/map?complex=25048,TIER_2_KB_OFFICIAL_API
A61996114,exclusive_65_98,KB부동산 단지 시세/평형정보 | https://kbland.kr/map?complex=25763,TIER_2_KB_OFFICIAL_API
A61996114,exclusive_65_93,KB부동산 단지 시세/평형정보 | https://kbland.kr/map?complex=25763,TIER_2_KB_OFFICIAL_API
A61996114,exclusive_75_57,KB부동산 단지 시세/평형정보 | https://kbland.kr/map?complex=25763,TIER_2_KB_OFFICIAL_API
A61996114,exclusive_84_99,KB부동산 단지 시세/평형정보 | https://kbland.kr/map?complex=25763,TIER_2_KB_OFFICIAL_API
A61996114,exclusive_84_91,KB부동산 단지 시세/평형정보 | https://kbland.kr/map?complex=25763,TIER_2_KB_OFFICIAL_API
A61996114,exclusive_100_23,KB부동산 단지 시세/평형정보 | https://kbland.kr/map?complex=25763,TIER_2_KB_OFFICIAL_API
A61996114,exclusive_100_76,KB부동산 단지 시세/평형정보 | https://kbland.kr/map?complex=25763,TIER_2_KB_OFFICIAL_API
A61996204,exclusive_84_98,KB부동산 단지 시세/평형정보 | https://kbland.kr/map?complex=15938,TIER_2_KB_OFFICIAL_API
A61996204,exclusive_84_98_37평A,KB부동산 단지 시세/평형정보 | https://kbland.kr/map?complex=15938,TIER_2_KB_OFFICIAL_API
A61996204,exclusive_116_02,KB부동산 단지 시세/평형정보 | https://kbland.kr/map?complex=15938,TIER_2_KB_OFFICIAL_API
A61996204,exclusive_132_24,KB부동산 단지 시세/평형정보 | https://kbland.kr/map?complex=15938,TIER_2_KB_OFFICIAL_API
A61996204,exclusive_143_69,KB부동산 단지 시세/평형정보 | https://kbland.kr/map?complex=15938,TIER_2_KB_OFFICIAL_API
A61996204,exclusive_166_18,KB부동산 단지 시세/평형정보 | https://kbland.kr/map?complex=15938,TIER_2_KB_OFFICIAL_API
A61996005,exclusive_84_85,KB부동산 단지 시세/평형정보 | https://kbland.kr/map?complex=15934,TIER_2_KB_OFFICIAL_API
A61996005,exclusive_84_85_33평B,KB부동산 단지 시세/평형정보 | https://kbland.kr/map?complex=15934,TIER_2_KB_OFFICIAL_API
A61996005,exclusive_84_9,KB부동산 단지 시세/평형정보 | https://kbland.kr/map?complex=15934,TIER_2_KB_OFFICIAL_API
A61996005,exclusive_101_74,KB부동산 단지 시세/평형정보 | https://kbland.kr/map?complex=15934,TIER_2_KB_OFFICIAL_API
A61996005,exclusive_122_42,KB부동산 단지 시세/평형정보 | https://kbland.kr/map?complex=15934,TIER_2_KB_OFFICIAL_API
A61996005,exclusive_123_35,KB부동산 단지 시세/평형정보 | https://kbland.kr/map?complex=15934,TIER_2_KB_OFFICIAL_API
A61996005,exclusive_146_81,KB부동산 단지 시세/평형정보 | https://kbland.kr/map?complex=15934,TIER_2_KB_OFFICIAL_API
A61996107,exclusive_59_49,KB부동산 단지 시세/평형정보 | https://kbland.kr/map?complex=24325,TIER_2_KB_OFFICIAL_API
A61996107,exclusive_59_65,KB부동산 단지 시세/평형정보 | https://kbland.kr/map?complex=24325,TIER_2_KB_OFFICIAL_API
A61996107,exclusive_59_83,KB부동산 단지 시세/평형정보 | https://kbland.kr/map?complex=24325,TIER_2_KB_OFFICIAL_API
A61996107,exclusive_59_82,KB부동산 단지 시세/평형정보 | https://kbland.kr/map?complex=24325,TIER_2_KB_OFFICIAL_API
A61996107,exclusive_74_52,KB부동산 단지 시세/평형정보 | https://kbland.kr/map?complex=24325,TIER_2_KB_OFFICIAL_API
A61996107,exclusive_74_25,KB부동산 단지 시세/평형정보 | https://kbland.kr/map?complex=24325,TIER_2_KB_OFFICIAL_API
A61996107,exclusive_84_87,KB부동산 단지 시세/평형정보 | https://kbland.kr/map?complex=24325,TIER_2_KB_OFFICIAL_API
A61996107,exclusive_84_99,KB부동산 단지 시세/평형정보 | https://kbland.kr/map?complex=24325,TIER_2_KB_OFFICIAL_API
A61996107,exclusive_84_98,KB부동산 단지 시세/평형정보 | https://kbland.kr/map?complex=24325,TIER_2_KB_OFFICIAL_API
A61996107,exclusive_84_99_33평B,KB부동산 단지 시세/평형정보 | https://kbland.kr/map?complex=24325,TIER_2_KB_OFFICIAL_API
A10024606,exclusive_84_55,KB부동산 단지 시세/평형정보 | https://kbland.kr/map?complex=42210,TIER_2_KB_OFFICIAL_API
A10024606,exclusive_84_38,KB부동산 단지 시세/평형정보 | https://kbland.kr/map?complex=42210,TIER_2_KB_OFFICIAL_API
A10024606,exclusive_84_5,KB부동산 단지 시세/평형정보 | https://kbland.kr/map?complex=42210,TIER_2_KB_OFFICIAL_API
A10024909,exclusive_63_89,KB부동산 단지 시세/평형정보 | https://kbland.kr/map?complex=37605,TIER_2_KB_OFFICIAL_API
A10024909,exclusive_75_55,KB부동산 단지 시세/평형정보 | https://kbland.kr/map?complex=37605,TIER_2_KB_OFFICIAL_API
A10024909,exclusive_84_97,KB부동산 단지 시세/평형정보 | https://kbland.kr/map?complex=37605,TIER_2_KB_OFFICIAL_API
A10024909,exclusive_84_98,KB부동산 단지 시세/평형정보 | https://kbland.kr/map?complex=37605,TIER_2_KB_OFFICIAL_API
A10024909,exclusive_84_9,KB부동산 단지 시세/평형정보 | https://kbland.kr/map?complex=37605,TIER_2_KB_OFFICIAL_API
A10024909,exclusive_84_96,KB부동산 단지 시세/평형정보 | https://kbland.kr/map?complex=37605,TIER_2_KB_OFFICIAL_API
A10024909,exclusive_84_95,KB부동산 단지 시세/평형정보 | https://kbland.kr/map?complex=37605,TIER_2_KB_OFFICIAL_API
A10024919,exclusive_96_17,KB부동산 단지 시세/평형정보 | https://kbland.kr/map?complex=39543,TIER_2_KB_OFFICIAL_API
A10024919,exclusive_96_17_37평A,KB부동산 단지 시세/평형정보 | https://kbland.kr/map?complex=39543,TIER_2_KB_OFFICIAL_API
A10024919,exclusive_104_2,KB부동산 단지 시세/평형정보 | https://kbland.kr/map?complex=39543,TIER_2_KB_OFFICIAL_API
A10024919,exclusive_159_9,KB부동산 단지 시세/평형정보 | https://kbland.kr/map?complex=39543,TIER_2_KB_OFFICIAL_API
A10024933,exclusive_59_61,KB부동산 단지 시세/평형정보 | https://kbland.kr/map?complex=39023,TIER_2_KB_OFFICIAL_API
A10024933,exclusive_59_62,KB부동산 단지 시세/평형정보 | https://kbland.kr/map?complex=39023,TIER_2_KB_OFFICIAL_API
A10025042,exclusive_74_97,KB부동산 단지 시세/평형정보 | https://kbland.kr/map?complex=37602,TIER_2_KB_OFFICIAL_API
A10025042,exclusive_74_97_30평A,KB부동산 단지 시세/평형정보 | https://kbland.kr/map?complex=37602,TIER_2_KB_OFFICIAL_API
A10025042,exclusive_79_98,KB부동산 단지 시세/평형정보 | https://kbland.kr/map?complex=37602,TIER_2_KB_OFFICIAL_API
A10025042,exclusive_84_98,KB부동산 단지 시세/평형정보 | https://kbland.kr/map?complex=37602,TIER_2_KB_OFFICIAL_API
A10025042,exclusive_84_97,KB부동산 단지 시세/평형정보 | https://kbland.kr/map?complex=37602,TIER_2_KB_OFFICIAL_API
A10024476,exclusive_96_17,KB부동산 단지 시세/평형정보 | https://kbland.kr/map?complex=41423,TIER_2_KB_OFFICIAL_API
A10024476,exclusive_96_17_37평,KB부동산 단지 시세/평형정보 | https://kbland.kr/map?complex=41423,TIER_2_KB_OFFICIAL_API
A10024476,exclusive_104_2,KB부동산 단지 시세/평형정보 | https://kbland.kr/map?complex=41423,TIER_2_KB_OFFICIAL_API
A10024476,exclusive_159_9,KB부동산 단지 시세/평형정보 | https://kbland.kr/map?complex=41423,TIER_2_KB_OFFICIAL_API
A61404203,exclusive_28_58,KB부동산 단지 시세/평형정보 | https://kbland.kr/map?complex=13556,TIER_2_KB_OFFICIAL_API
A61404203,exclusive_29_87,KB부동산 단지 시세/평형정보 | https://kbland.kr/map?complex=13556,TIER_2_KB_OFFICIAL_API
A61404203,exclusive_32_6,KB부동산 단지 시세/평형정보 | https://kbland.kr/map?complex=13556,TIER_2_KB_OFFICIAL_API
A61404203,exclusive_34_07,KB부동산 단지 시세/평형정보 | https://kbland.kr/map?complex=13556,TIER_2_KB_OFFICIAL_API
A61404203,exclusive_46_31,KB부동산 단지 시세/평형정보 | https://kbland.kr/map?complex=13556,TIER_2_KB_OFFICIAL_API
A61404203,exclusive_52_1,KB부동산 단지 시세/평형정보 | https://kbland.kr/map?complex=13556,TIER_2_KB_OFFICIAL_API
A61404203,exclusive_59_05,KB부동산 단지 시세/평형정보 | https://kbland.kr/map?complex=13556,TIER_2_KB_OFFICIAL_API
A10026391,exclusive_98_99,KB부동산 단지 시세/평형정보 | https://kbland.kr/map?complex=29506,TIER_2_KB_OFFICIAL_API
A10026391,exclusive_98_99_39평D2-1,KB부동산 단지 시세/평형정보 | https://kbland.kr/map?complex=29506,TIER_2_KB_OFFICIAL_API
A10026391,exclusive_98_99_39평D2-1ab,KB부동산 단지 시세/평형정보 | https://kbland.kr/map?complex=29506,TIER_2_KB_OFFICIAL_API
A10026391,exclusive_99_13,KB부동산 단지 시세/평형정보 | https://kbland.kr/map?complex=29506,TIER_2_KB_OFFICIAL_API
A10026391,exclusive_99_13_39평D3-1ab,KB부동산 단지 시세/평형정보 | https://kbland.kr/map?complex=29506,TIER_2_KB_OFFICIAL_API
A10026391,exclusive_99_03,KB부동산 단지 시세/평형정보 | https://kbland.kr/map?complex=29506,TIER_2_KB_OFFICIAL_API
A10026391,exclusive_99_03_39평D4-1ab,KB부동산 단지 시세/평형정보 | https://kbland.kr/map?complex=29506,TIER_2_KB_OFFICIAL_API
A10026391,exclusive_99_54,KB부동산 단지 시세/평형정보 | https://kbland.kr/map?complex=29506,TIER_2_KB_OFFICIAL_API
A10026391,exclusive_99_28,KB부동산 단지 시세/평형정보 | https://kbland.kr/map?complex=29506,TIER_2_KB_OFFICIAL_API
A10026391,exclusive_99_28_39평E2-1b,KB부동산 단지 시세/평형정보 | https://kbland.kr/map?complex=29506,TIER_2_KB_OFFICIAL_API
A10026391,exclusive_99_7,KB부동산 단지 시세/평형정보 | https://kbland.kr/map?complex=29506,TIER_2_KB_OFFICIAL_API
A10026391,exclusive_99_46,KB부동산 단지 시세/평형정보 | https://kbland.kr/map?complex=29506,TIER_2_KB_OFFICIAL_API
A10026391,exclusive_100_2,KB부동산 단지 시세/평형정보 | https://kbland.kr/map?complex=29506,TIER_2_KB_OFFICIAL_API
A10026391,exclusive_100_1,KB부동산 단지 시세/평형정보 | https://kbland.kr/map?complex=29506,TIER_2_KB_OFFICIAL_API
A10026391,exclusive_100_49,KB부동산 단지 시세/평형정보 | https://kbland.kr/map?complex=29506,TIER_2_KB_OFFICIAL_API
A10026391,exclusive_99_81,KB부동산 단지 시세/평형정보 | https://kbland.kr/map?complex=29506,TIER_2_KB_OFFICIAL_API
A10026391,exclusive_104_19,KB부동산 단지 시세/평형정보 | https://kbland.kr/map?complex=29506,TIER_2_KB_OFFICIAL_API
A10026391,exclusive_104_19_41평C4-1,KB부동산 단지 시세/평형정보 | https://kbland.kr/map?complex=29506,TIER_2_KB_OFFICIAL_API
A10026391,exclusive_106_72,KB부동산 단지 시세/평형정보 | https://kbland.kr/map?complex=29506,TIER_2_KB_OFFICIAL_API
A10026391,exclusive_108_14,KB부동산 단지 시세/평형정보 | https://kbland.kr/map?complex=29506,TIER_2_KB_OFFICIAL_API
A10026391,exclusive_107_59,KB부동산 단지 시세/평형정보 | https://kbland.kr/map?complex=29506,TIER_2_KB_OFFICIAL_API
A10026391,exclusive_110_26,KB부동산 단지 시세/평형정보 | https://kbland.kr/map?complex=29506,TIER_2_KB_OFFICIAL_API
A10026391,exclusive_111_17,KB부동산 단지 시세/평형정보 | https://kbland.kr/map?complex=29506,TIER_2_KB_OFFICIAL_API
A10026391,exclusive_111_89,KB부동산 단지 시세/평형정보 | https://kbland.kr/map?complex=29506,TIER_2_KB_OFFICIAL_API
A10026391,exclusive_111_89_44평C3-1,KB부동산 단지 시세/평형정보 | https://kbland.kr/map?complex=29506,TIER_2_KB_OFFICIAL_API
A10026391,exclusive_112_23,KB부동산 단지 시세/평형정보 | https://kbland.kr/map?complex=29506,TIER_2_KB_OFFICIAL_API
A10026391,exclusive_117_42,KB부동산 단지 시세/평형정보 | https://kbland.kr/map?complex=29506,TIER_2_KB_OFFICIAL_API
A10026391,exclusive_118_28,KB부동산 단지 시세/평형정보 | https://kbland.kr/map?complex=29506,TIER_2_KB_OFFICIAL_API
A10026391,exclusive_117_28,KB부동산 단지 시세/평형정보 | https://kbland.kr/map?complex=29506,TIER_2_KB_OFFICIAL_API
A10026391,exclusive_117_38,KB부동산 단지 시세/평형정보 | https://kbland.kr/map?complex=29506,TIER_2_KB_OFFICIAL_API
A10026391,exclusive_121_69,KB부동산 단지 시세/평형정보 | https://kbland.kr/map?complex=29506,TIER_2_KB_OFFICIAL_API
A10026391,exclusive_121_69_48평E1-1a,KB부동산 단지 시세/평형정보 | https://kbland.kr/map?complex=29506,TIER_2_KB_OFFICIAL_API
A10026391,exclusive_121_91,KB부동산 단지 시세/평형정보 | https://kbland.kr/map?complex=29506,TIER_2_KB_OFFICIAL_API
A10026391,exclusive_121_91_48평D1-1a,KB부동산 단지 시세/평형정보 | https://kbland.kr/map?complex=29506,TIER_2_KB_OFFICIAL_API
A10026391,exclusive_123_46,KB부동산 단지 시세/평형정보 | https://kbland.kr/map?complex=29506,TIER_2_KB_OFFICIAL_API
A10026391,exclusive_123_69,KB부동산 단지 시세/평형정보 | https://kbland.kr/map?complex=29506,TIER_2_KB_OFFICIAL_API
A10026391,exclusive_124_11,KB부동산 단지 시세/평형정보 | https://kbland.kr/map?complex=29506,TIER_2_KB_OFFICIAL_API
A10026391,exclusive_124_34,KB부동산 단지 시세/평형정보 | https://kbland.kr/map?complex=29506,TIER_2_KB_OFFICIAL_API
A10026391,exclusive_124_23,KB부동산 단지 시세/평형정보 | https://kbland.kr/map?complex=29506,TIER_2_KB_OFFICIAL_API
A10026391,exclusive_124_23_49평B3-1a,KB부동산 단지 시세/평형정보 | https://kbland.kr/map?complex=29506,TIER_2_KB_OFFICIAL_API
A10026391,exclusive_126_58,KB부동산 단지 시세/평형정보 | https://kbland.kr/map?complex=29506,TIER_2_KB_OFFICIAL_API
A10026391,exclusive_133_07,KB부동산 단지 시세/평형정보 | https://kbland.kr/map?complex=29506,TIER_2_KB_OFFICIAL_API
A10026391,exclusive_134_08,KB부동산 단지 시세/평형정보 | https://kbland.kr/map?complex=29506,TIER_2_KB_OFFICIAL_API
A10026391,exclusive_134_43,KB부동산 단지 시세/평형정보 | https://kbland.kr/map?complex=29506,TIER_2_KB_OFFICIAL_API
A10026391,exclusive_134_43_53평B1-1a,KB부동산 단지 시세/평형정보 | https://kbland.kr/map?complex=29506,TIER_2_KB_OFFICIAL_API
A10026391,exclusive_134_31,KB부동산 단지 시세/평형정보 | https://kbland.kr/map?complex=29506,TIER_2_KB_OFFICIAL_API
A10026391,exclusive_134_31_53평B2-1a,KB부동산 단지 시세/평형정보 | https://kbland.kr/map?complex=29506,TIER_2_KB_OFFICIAL_API
A10026391,exclusive_133_69,KB부동산 단지 시세/평형정보 | https://kbland.kr/map?complex=29506,TIER_2_KB_OFFICIAL_API
A10026391,exclusive_134_52,KB부동산 단지 시세/평형정보 | https://kbland.kr/map?complex=29506,TIER_2_KB_OFFICIAL_API
A10026391,exclusive_141_08,KB부동산 단지 시세/평형정보 | https://kbland.kr/map?complex=29506,TIER_2_KB_OFFICIAL_API
A10026391,exclusive_141_83,KB부동산 단지 시세/평형정보 | https://kbland.kr/map?complex=29506,TIER_2_KB_OFFICIAL_API
A10026391,exclusive_142_15,KB부동산 단지 시세/평형정보 | https://kbland.kr/map?complex=29506,TIER_2_KB_OFFICIAL_API
A10026391,exclusive_142_91,KB부동산 단지 시세/평형정보 | https://kbland.kr/map?complex=29506,TIER_2_KB_OFFICIAL_API
A10026391,exclusive_142_91_56평C2-1,KB부동산 단지 시세/평형정보 | https://kbland.kr/map?complex=29506,TIER_2_KB_OFFICIAL_API
A10026391,exclusive_143_06,KB부동산 단지 시세/평형정보 | https://kbland.kr/map?complex=29506,TIER_2_KB_OFFICIAL_API
A10026391,exclusive_143_06_56평C1-1a,KB부동산 단지 시세/평형정보 | https://kbland.kr/map?complex=29506,TIER_2_KB_OFFICIAL_API
A10026391,exclusive_142_89,KB부동산 단지 시세/평형정보 | https://kbland.kr/map?complex=29506,TIER_2_KB_OFFICIAL_API
A10026391,exclusive_143_89,KB부동산 단지 시세/평형정보 | https://kbland.kr/map?complex=29506,TIER_2_KB_OFFICIAL_API
A10026391,exclusive_144_18,KB부동산 단지 시세/평형정보 | https://kbland.kr/map?complex=29506,TIER_2_KB_OFFICIAL_API
A10026391,exclusive_144_97,KB부동산 단지 시세/평형정보 | https://kbland.kr/map?complex=29506,TIER_2_KB_OFFICIAL_API
A10026391,exclusive_145_55,KB부동산 단지 시세/평형정보 | https://kbland.kr/map?complex=29506,TIER_2_KB_OFFICIAL_API
A10026391,exclusive_143_47,KB부동산 단지 시세/평형정보 | https://kbland.kr/map?complex=29506,TIER_2_KB_OFFICIAL_API
A10026391,exclusive_144_73,KB부동산 단지 시세/평형정보 | https://kbland.kr/map?complex=29506,TIER_2_KB_OFFICIAL_API
A10026391,exclusive_148_02,KB부동산 단지 시세/평형정보 | https://kbland.kr/map?complex=29506,TIER_2_KB_OFFICIAL_API
A10026391,exclusive_148_52,KB부동산 단지 시세/평형정보 | https://kbland.kr/map?complex=29506,TIER_2_KB_OFFICIAL_API
A10026391,exclusive_165_41,KB부동산 단지 시세/평형정보 | https://kbland.kr/map?complex=29506,TIER_2_KB_OFFICIAL_API
A10026391,exclusive_165_41_65평A-1,KB부동산 단지 시세/평형정보 | https://kbland.kr/map?complex=29506,TIER_2_KB_OFFICIAL_API
A10026391,exclusive_169_09,KB부동산 단지 시세/평형정보 | https://kbland.kr/map?complex=29506,TIER_2_KB_OFFICIAL_API
A10026391,exclusive_180_73,KB부동산 단지 시세/평형정보 | https://kbland.kr/map?complex=29506,TIER_2_KB_OFFICIAL_API
A10026391,exclusive_182_56,KB부동산 단지 시세/평형정보 | https://kbland.kr/map?complex=29506,TIER_2_KB_OFFICIAL_API
A10026391,exclusive_199_89,KB부동산 단지 시세/평형정보 | https://kbland.kr/map?complex=29506,TIER_2_KB_OFFICIAL_API
A10026391,exclusive_244_99,KB부동산 단지 시세/평형정보 | https://kbland.kr/map?complex=29506,TIER_2_KB_OFFICIAL_API
A61609206,exclusive_59_88,KB부동산 단지 시세/평형정보 | https://kbland.kr/map?complex=13367,TIER_2_KB_OFFICIAL_API
A61609206,exclusive_84_91,KB부동산 단지 시세/평형정보 | https://kbland.kr/map?complex=13367,TIER_2_KB_OFFICIAL_API
A61609206,exclusive_118_45,KB부동산 단지 시세/평형정보 | https://kbland.kr/map?complex=13367,TIER_2_KB_OFFICIAL_API
A61279804,exclusive_59_52,KB부동산 단지 시세/평형정보 | https://kbland.kr/map?complex=6197,TIER_2_KB_OFFICIAL_API
A61279804,exclusive_59_91,KB부동산 단지 시세/평형정보 | https://kbland.kr/map?complex=6197,TIER_2_KB_OFFICIAL_API
A61279804,exclusive_76_56,KB부동산 단지 시세/평형정보 | https://kbland.kr/map?complex=6197,TIER_2_KB_OFFICIAL_API
A61279804,exclusive_84_77,KB부동산 단지 시세/평형정보 | https://kbland.kr/map?complex=6197,TIER_2_KB_OFFICIAL_API
A61279804,exclusive_103_05,KB부동산 단지 시세/평형정보 | https://kbland.kr/map?complex=6197,TIER_2_KB_OFFICIAL_API
A61279804,exclusive_124_59,KB부동산 단지 시세/평형정보 | https://kbland.kr/map?complex=6197,TIER_2_KB_OFFICIAL_API
A61279804,exclusive_151_26,KB부동산 단지 시세/평형정보 | https://kbland.kr/map?complex=6197,TIER_2_KB_OFFICIAL_API
A61274213,exclusive_84_84,KB부동산 단지 시세/평형정보 | https://kbland.kr/map?complex=6104,TIER_2_KB_OFFICIAL_API
A61274213,exclusive_134_63,KB부동산 단지 시세/평형정보 | https://kbland.kr/map?complex=6104,TIER_2_KB_OFFICIAL_API
A61274213,exclusive_145_12,KB부동산 단지 시세/평형정보 | https://kbland.kr/map?complex=6104,TIER_2_KB_OFFICIAL_API
A61274213,exclusive_159_15,KB부동산 단지 시세/평형정보 | https://kbland.kr/map?complex=6104,TIER_2_KB_OFFICIAL_API
A61274213,exclusive_202_68,KB부동산 단지 시세/평형정보 | https://kbland.kr/map?complex=6104,TIER_2_KB_OFFICIAL_API
A10028117,exclusive_70_69,KB부동산 단지 시세/평형정보 | https://kbland.kr/map?complex=26489,TIER_2_KB_OFFICIAL_API
A10028117,exclusive_70_69_28평,KB부동산 단지 시세/평형정보 | https://kbland.kr/map?complex=26489,TIER_2_KB_OFFICIAL_API
A10028117,exclusive_79_17,KB부동산 단지 시세/평형정보 | https://kbland.kr/map?complex=26489,TIER_2_KB_OFFICIAL_API
A10028117,exclusive_84_95,KB부동산 단지 시세/평형정보 | https://kbland.kr/map?complex=26489,TIER_2_KB_OFFICIAL_API
A10028117,exclusive_84_94,KB부동산 단지 시세/평형정보 | https://kbland.kr/map?complex=26489,TIER_2_KB_OFFICIAL_API
A10028117,exclusive_98_2,KB부동산 단지 시세/평형정보 | https://kbland.kr/map?complex=26489,TIER_2_KB_OFFICIAL_API
A61777409,exclusive_59_94,KB부동산 단지 시세/평형정보 | https://kbland.kr/map?complex=5701,TIER_2_KB_OFFICIAL_API
A61777409,exclusive_75_61,KB부동산 단지 시세/평형정보 | https://kbland.kr/map?complex=5701,TIER_2_KB_OFFICIAL_API
A61777409,exclusive_84_99,KB부동산 단지 시세/평형정보 | https://kbland.kr/map?complex=5701,TIER_2_KB_OFFICIAL_API
A61996115,exclusive_59_88,KB부동산 단지 시세/평형정보 | https://kbland.kr/map?complex=26361,TIER_2_KB_OFFICIAL_API
A61996115,exclusive_84_92,KB부동산 단지 시세/평형정보 | https://kbland.kr/map?complex=26361,TIER_2_KB_OFFICIAL_API
A61996115,exclusive_84_98,KB부동산 단지 시세/평형정보 | https://kbland.kr/map?complex=26361,TIER_2_KB_OFFICIAL_API
A10024535,exclusive_39_53,KB부동산 단지 시세/평형정보 | https://kbland.kr/map?complex=38311,TIER_2_KB_OFFICIAL_API
A10024535,exclusive_39_53_18평A,KB부동산 단지 시세/평형정보 | https://kbland.kr/map?complex=38311,TIER_2_KB_OFFICIAL_API
A10024535,exclusive_59_92,KB부동산 단지 시세/평형정보 | https://kbland.kr/map?complex=38311,TIER_2_KB_OFFICIAL_API
A10024535,exclusive_72_53,KB부동산 단지 시세/평형정보 | https://kbland.kr/map?complex=38311,TIER_2_KB_OFFICIAL_API
A10024535,exclusive_84_95,KB부동산 단지 시세/평형정보 | https://kbland.kr/map?complex=38311,TIER_2_KB_OFFICIAL_API
A10024535,exclusive_84_92,KB부동산 단지 시세/평형정보 | https://kbland.kr/map?complex=38311,TIER_2_KB_OFFICIAL_API
A10024535,exclusive_98_65,KB부동산 단지 시세/평형정보 | https://kbland.kr/map?complex=38311,TIER_2_KB_OFFICIAL_API
A10028182,exclusive_59_88,KB부동산 단지 시세/평형정보 | https://kbland.kr/map?complex=26187,TIER_2_KB_OFFICIAL_API
A10028182,exclusive_59_88_25평A,KB부동산 단지 시세/평형정보 | https://kbland.kr/map?complex=26187,TIER_2_KB_OFFICIAL_API
A10028182,exclusive_84_78,KB부동산 단지 시세/평형정보 | https://kbland.kr/map?complex=26187,TIER_2_KB_OFFICIAL_API
A10028182,exclusive_84_99,KB부동산 단지 시세/평형정보 | https://kbland.kr/map?complex=26187,TIER_2_KB_OFFICIAL_API
A10028182,exclusive_102_78,KB부동산 단지 시세/평형정보 | https://kbland.kr/map?complex=26187,TIER_2_KB_OFFICIAL_API
A10028182,exclusive_129_71,KB부동산 단지 시세/평형정보 | https://kbland.kr/map?complex=26187,TIER_2_KB_OFFICIAL_API
A61478901,exclusive_39_98,KB부동산 단지 시세/평형정보 | https://kbland.kr/map?complex=16130,TIER_2_KB_OFFICIAL_API
A61478901,exclusive_59_9,KB부동산 단지 시세/평형정보 | https://kbland.kr/map?complex=16130,TIER_2_KB_OFFICIAL_API
A61478901,exclusive_59_74,KB부동산 단지 시세/평형정보 | https://kbland.kr/map?complex=16130,TIER_2_KB_OFFICIAL_API
A61478901,exclusive_59_9_25평B,KB부동산 단지 시세/평형정보 | https://kbland.kr/map?complex=16130,TIER_2_KB_OFFICIAL_API
A61478901,exclusive_84_92,KB부동산 단지 시세/평형정보 | https://kbland.kr/map?complex=16130,TIER_2_KB_OFFICIAL_API
A61478901,exclusive_100_14,KB부동산 단지 시세/평형정보 | https://kbland.kr/map?complex=16130,TIER_2_KB_OFFICIAL_API
A61478901,exclusive_117_61,KB부동산 단지 시세/평형정보 | https://kbland.kr/map?complex=16130,TIER_2_KB_OFFICIAL_API
A61478901,exclusive_127_25,KB부동산 단지 시세/평형정보 | https://kbland.kr/map?complex=16130,TIER_2_KB_OFFICIAL_API
A61478901,exclusive_149_6,KB부동산 단지 시세/평형정보 | https://kbland.kr/map?complex=16130,TIER_2_KB_OFFICIAL_API
A10025593,exclusive_39_91,KB부동산 단지 시세/평형정보 | https://kbland.kr/map?complex=34178,TIER_2_KB_OFFICIAL_API
A10025593,exclusive_50_96,KB부동산 단지 시세/평형정보 | https://kbland.kr/map?complex=34178,TIER_2_KB_OFFICIAL_API
A10025593,exclusive_50_98,KB부동산 단지 시세/평형정보 | https://kbland.kr/map?complex=34178,TIER_2_KB_OFFICIAL_API
A10025593,exclusive_59_89,KB부동산 단지 시세/평형정보 | https://kbland.kr/map?complex=34178,TIER_2_KB_OFFICIAL_API
A10025593,exclusive_59_98,KB부동산 단지 시세/평형정보 | https://kbland.kr/map?complex=34178,TIER_2_KB_OFFICIAL_API
A10025593,exclusive_72_96,KB부동산 단지 시세/평형정보 | https://kbland.kr/map?complex=34178,TIER_2_KB_OFFICIAL_API
A10025593,exclusive_84_98,KB부동산 단지 시세/평형정보 | https://kbland.kr/map?complex=34178,TIER_2_KB_OFFICIAL_API
A10025593,exclusive_84_97,KB부동산 단지 시세/평형정보 | https://kbland.kr/map?complex=34178,TIER_2_KB_OFFICIAL_API
A10027989,exclusive_59_89,KB부동산 단지 시세/평형정보 | https://kbland.kr/map?complex=27681,TIER_2_KB_OFFICIAL_API
A10027989,exclusive_84_96,KB부동산 단지 시세/평형정보 | https://kbland.kr/map?complex=27681,TIER_2_KB_OFFICIAL_API
A10027989,exclusive_84_97,KB부동산 단지 시세/평형정보 | https://kbland.kr/map?complex=27681,TIER_2_KB_OFFICIAL_API
A10027989,exclusive_84_99,KB부동산 단지 시세/평형정보 | https://kbland.kr/map?complex=27681,TIER_2_KB_OFFICIAL_API
A60471810,exclusive_59_95,KB부동산 단지 시세/평형정보 | https://kbland.kr/map?complex=24378,TIER_2_KB_OFFICIAL_API
A60471810,exclusive_84_98,KB부동산 단지 시세/평형정보 | https://kbland.kr/map?complex=24378,TIER_2_KB_OFFICIAL_API
A60471810,exclusive_84_96,KB부동산 단지 시세/평형정보 | https://kbland.kr/map?complex=24378,TIER_2_KB_OFFICIAL_API
A60471810,exclusive_84_98_34평F,KB부동산 단지 시세/평형정보 | https://kbland.kr/map?complex=24378,TIER_2_KB_OFFICIAL_API
A60471810,exclusive_102_29,KB부동산 단지 시세/평형정보 | https://kbland.kr/map?complex=24378,TIER_2_KB_OFFICIAL_API
A60471810,exclusive_124_94,KB부동산 단지 시세/평형정보 | https://kbland.kr/map?complex=24378,TIER_2_KB_OFFICIAL_API
A60471810,exclusive_140_22,KB부동산 단지 시세/평형정보 | https://kbland.kr/map?complex=24378,TIER_2_KB_OFFICIAL_API
A10027159,exclusive_59_99,KB부동산 단지 시세/평형정보 | https://kbland.kr/map?complex=1061231,TIER_2_KB_OFFICIAL_API
A10027159,exclusive_59_99_25평B,KB부동산 단지 시세/평형정보 | https://kbland.kr/map?complex=1061231,TIER_2_KB_OFFICIAL_API
A10027159,exclusive_74_95,KB부동산 단지 시세/평형정보 | https://kbland.kr/map?complex=1061231,TIER_2_KB_OFFICIAL_API
A10027159,exclusive_74_95_29평B,KB부동산 단지 시세/평형정보 | https://kbland.kr/map?complex=1061231,TIER_2_KB_OFFICIAL_API
A10027159,exclusive_84_95,KB부동산 단지 시세/평형정보 | https://kbland.kr/map?complex=1061231,TIER_2_KB_OFFICIAL_API
A10027159,exclusive_84_95_33평A,KB부동산 단지 시세/평형정보 | https://kbland.kr/map?complex=1061231,TIER_2_KB_OFFICIAL_API
A10020002,exclusive_59_89,KB부동산 단지 시세/평형정보 | https://kbland.kr/map?complex=1849534,TIER_2_KB_OFFICIAL_API
A10020002,exclusive_78_86,KB부동산 단지 시세/평형정보 | https://kbland.kr/map?complex=1849534,TIER_2_KB_OFFICIAL_API
A10020002,exclusive_78_27,KB부동산 단지 시세/평형정보 | https://kbland.kr/map?complex=1849534,TIER_2_KB_OFFICIAL_API
A10020002,exclusive_84_95,KB부동산 단지 시세/평형정보 | https://kbland.kr/map?complex=1849534,TIER_2_KB_OFFICIAL_API
A10020002,exclusive_84_89,KB부동산 단지 시세/평형정보 | https://kbland.kr/map?complex=1849534,TIER_2_KB_OFFICIAL_API
A10020002,exclusive_100_83,KB부동산 단지 시세/평형정보 | https://kbland.kr/map?complex=1849534,TIER_2_KB_OFFICIAL_API
A10020002,exclusive_115_18,KB부동산 단지 시세/평형정보 | https://kbland.kr/map?complex=1849534,TIER_2_KB_OFFICIAL_API
A10023104,exclusive_59_94,KB부동산 단지 시세/평형정보 | https://kbland.kr/map?complex=49064,TIER_2_KB_OFFICIAL_API
A10023104,exclusive_74_96,KB부동산 단지 시세/평형정보 | https://kbland.kr/map?complex=49064,TIER_2_KB_OFFICIAL_API
A10023104,exclusive_79_85,KB부동산 단지 시세/평형정보 | https://kbland.kr/map?complex=49064,TIER_2_KB_OFFICIAL_API
A10023104,exclusive_84_96,KB부동산 단지 시세/평형정보 | https://kbland.kr/map?complex=49064,TIER_2_KB_OFFICIAL_API
A10023104,exclusive_99_9,KB부동산 단지 시세/평형정보 | https://kbland.kr/map?complex=49064,TIER_2_KB_OFFICIAL_API
A60607004,exclusive_59_98,KB부동산 단지 시세/평형정보 | https://kbland.kr/map?complex=22295,TIER_2_KB_OFFICIAL_API
A60607004,exclusive_84_96,KB부동산 단지 시세/평형정보 | https://kbland.kr/map?complex=22295,TIER_2_KB_OFFICIAL_API
A60607004,exclusive_84_96_33평A,KB부동산 단지 시세/평형정보 | https://kbland.kr/map?complex=22295,TIER_2_KB_OFFICIAL_API
A60607004,exclusive_118_71,KB부동산 단지 시세/평형정보 | https://kbland.kr/map?complex=22295,TIER_2_KB_OFFICIAL_API
A61475403,exclusive_42_63,KB부동산 단지 시세/평형정보 | https://kbland.kr/map?complex=5523,TIER_2_KB_OFFICIAL_API
A61475403,exclusive_59_95,KB부동산 단지 시세/평형정보 | https://kbland.kr/map?complex=5523,TIER_2_KB_OFFICIAL_API
A61475403,exclusive_84_99,KB부동산 단지 시세/평형정보 | https://kbland.kr/map?complex=5523,TIER_2_KB_OFFICIAL_API
A61475403,exclusive_114_98,KB부동산 단지 시세/평형정보 | https://kbland.kr/map?complex=5523,TIER_2_KB_OFFICIAL_API
A61479104,exclusive_59_95,KB부동산 단지 시세/평형정보 | https://kbland.kr/map?complex=5524,TIER_2_KB_OFFICIAL_API
A61479104,exclusive_84_99,KB부동산 단지 시세/평형정보 | https://kbland.kr/map?complex=5524,TIER_2_KB_OFFICIAL_API
A61479104,exclusive_114_98,KB부동산 단지 시세/평형정보 | https://kbland.kr/map?complex=5524,TIER_2_KB_OFFICIAL_API
A61403001,exclusive_103_23,KB부동산 단지 시세/평형정보 | https://kbland.kr/map?complex=20048,TIER_2_KB_OFFICIAL_API
A61403001,exclusive_103_9,KB부동산 단지 시세/평형정보 | https://kbland.kr/map?complex=20048,TIER_2_KB_OFFICIAL_API
A61403001,exclusive_105_5,KB부동산 단지 시세/평형정보 | https://kbland.kr/map?complex=20048,TIER_2_KB_OFFICIAL_API
A61403001,exclusive_109_18,KB부동산 단지 시세/평형정보 | https://kbland.kr/map?complex=20048,TIER_2_KB_OFFICIAL_API
A61403001,exclusive_116_25,KB부동산 단지 시세/평형정보 | https://kbland.kr/map?complex=20048,TIER_2_KB_OFFICIAL_API
A61403001,exclusive_118_39,KB부동산 단지 시세/평형정보 | https://kbland.kr/map?complex=20048,TIER_2_KB_OFFICIAL_API
A61403001,exclusive_119_08,KB부동산 단지 시세/평형정보 | https://kbland.kr/map?complex=20048,TIER_2_KB_OFFICIAL_API
A61403001,exclusive_121_21,KB부동산 단지 시세/평형정보 | https://kbland.kr/map?complex=20048,TIER_2_KB_OFFICIAL_API
A61403001,exclusive_125_12,KB부동산 단지 시세/평형정보 | https://kbland.kr/map?complex=20048,TIER_2_KB_OFFICIAL_API
A61403001,exclusive_126_26,KB부동산 단지 시세/평형정보 | https://kbland.kr/map?complex=20048,TIER_2_KB_OFFICIAL_API
A61403001,exclusive_130_25,KB부동산 단지 시세/평형정보 | https://kbland.kr/map?complex=20048,TIER_2_KB_OFFICIAL_API
A61403001,exclusive_129_96,KB부동산 단지 시세/평형정보 | https://kbland.kr/map?complex=20048,TIER_2_KB_OFFICIAL_API
A61403001,exclusive_141_7,KB부동산 단지 시세/평형정보 | https://kbland.kr/map?complex=20048,TIER_2_KB_OFFICIAL_API
A61403001,exclusive_142_62,KB부동산 단지 시세/평형정보 | https://kbland.kr/map?complex=20048,TIER_2_KB_OFFICIAL_API
A61403001,exclusive_144_35,KB부동산 단지 시세/평형정보 | https://kbland.kr/map?complex=20048,TIER_2_KB_OFFICIAL_API
A61403001,exclusive_149_21,KB부동산 단지 시세/평형정보 | https://kbland.kr/map?complex=20048,TIER_2_KB_OFFICIAL_API
A61403001,exclusive_153_16,KB부동산 단지 시세/평형정보 | https://kbland.kr/map?complex=20048,TIER_2_KB_OFFICIAL_API
A61403001,exclusive_154_28,KB부동산 단지 시세/평형정보 | https://kbland.kr/map?complex=20048,TIER_2_KB_OFFICIAL_API
A61403001,exclusive_154_46,KB부동산 단지 시세/평형정보 | https://kbland.kr/map?complex=20048,TIER_2_KB_OFFICIAL_API
A61403001,exclusive_156_89,KB부동산 단지 시세/평형정보 | https://kbland.kr/map?complex=20048,TIER_2_KB_OFFICIAL_API
A61403001,exclusive_156_99,KB부동산 단지 시세/평형정보 | https://kbland.kr/map?complex=20048,TIER_2_KB_OFFICIAL_API
A61403001,exclusive_157_92,KB부동산 단지 시세/평형정보 | https://kbland.kr/map?complex=20048,TIER_2_KB_OFFICIAL_API
A61403001,exclusive_155_82,KB부동산 단지 시세/평형정보 | https://kbland.kr/map?complex=20048,TIER_2_KB_OFFICIAL_API
A61403001,exclusive_175_85,KB부동산 단지 시세/평형정보 | https://kbland.kr/map?complex=20048,TIER_2_KB_OFFICIAL_API
A61403001,exclusive_180_36,KB부동산 단지 시세/평형정보 | https://kbland.kr/map?complex=20048,TIER_2_KB_OFFICIAL_API
A61403001,exclusive_183_68,KB부동산 단지 시세/평형정보 | https://kbland.kr/map?complex=20048,TIER_2_KB_OFFICIAL_API
A61403001,exclusive_183_41,KB부동산 단지 시세/평형정보 | https://kbland.kr/map?complex=20048,TIER_2_KB_OFFICIAL_API
A61403001,exclusive_181_99,KB부동산 단지 시세/평형정보 | https://kbland.kr/map?complex=20048,TIER_2_KB_OFFICIAL_API
A61403001,exclusive_191_38,KB부동산 단지 시세/평형정보 | https://kbland.kr/map?complex=20048,TIER_2_KB_OFFICIAL_API
A61403001,exclusive_194_54,KB부동산 단지 시세/평형정보 | https://kbland.kr/map?complex=20048,TIER_2_KB_OFFICIAL_API
A61403001,exclusive_199_58,KB부동산 단지 시세/평형정보 | https://kbland.kr/map?complex=20048,TIER_2_KB_OFFICIAL_API
A61403001,exclusive_199_09,KB부동산 단지 시세/평형정보 | https://kbland.kr/map?complex=20048,TIER_2_KB_OFFICIAL_API
A61403001,exclusive_200_86,KB부동산 단지 시세/평형정보 | https://kbland.kr/map?complex=20048,TIER_2_KB_OFFICIAL_API
A61403001,exclusive_202_41,KB부동산 단지 시세/평형정보 | https://kbland.kr/map?complex=20048,TIER_2_KB_OFFICIAL_API
A61403001,exclusive_210_17,KB부동산 단지 시세/평형정보 | https://kbland.kr/map?complex=20048,TIER_2_KB_OFFICIAL_API
A61403001,exclusive_241_89,KB부동산 단지 시세/평형정보 | https://kbland.kr/map?complex=20048,TIER_2_KB_OFFICIAL_API
A61403001,exclusive_242_67,KB부동산 단지 시세/평형정보 | https://kbland.kr/map?complex=20048,TIER_2_KB_OFFICIAL_API
A61402003,exclusive_22_28,KB부동산 단지 시세/평형정보 | https://kbland.kr/map?complex=13166,TIER_2_KB_OFFICIAL_API
A61402003,exclusive_23,KB부동산 단지 시세/평형정보 | https://kbland.kr/map?complex=13166,TIER_2_KB_OFFICIAL_API
A61402003,exclusive_23_88,KB부동산 단지 시세/평형정보 | https://kbland.kr/map?complex=13166,TIER_2_KB_OFFICIAL_API
A61402003,exclusive_24_3,KB부동산 단지 시세/평형정보 | https://kbland.kr/map?complex=13166,TIER_2_KB_OFFICIAL_API
A61402003,exclusive_24_59,KB부동산 단지 시세/평형정보 | https://kbland.kr/map?complex=13166,TIER_2_KB_OFFICIAL_API
A61402003,exclusive_28_62,KB부동산 단지 시세/평형정보 | https://kbland.kr/map?complex=13166,TIER_2_KB_OFFICIAL_API
A61402003,exclusive_29_03,KB부동산 단지 시세/평형정보 | https://kbland.kr/map?complex=13166,TIER_2_KB_OFFICIAL_API
A61402003,exclusive_31_14,KB부동산 단지 시세/평형정보 | https://kbland.kr/map?complex=13166,TIER_2_KB_OFFICIAL_API
A61402003,exclusive_32_58,KB부동산 단지 시세/평형정보 | https://kbland.kr/map?complex=13166,TIER_2_KB_OFFICIAL_API
A61402003,exclusive_39_06,KB부동산 단지 시세/평형정보 | https://kbland.kr/map?complex=13166,TIER_2_KB_OFFICIAL_API
A61402003,exclusive_56_23,KB부동산 단지 시세/평형정보 | https://kbland.kr/map?complex=13166,TIER_2_KB_OFFICIAL_API
A61409003,exclusive_59_82,KB부동산 단지 시세/평형정보 | https://kbland.kr/map?complex=5552,TIER_2_KB_OFFICIAL_API
A61409003,exclusive_76_2,KB부동산 단지 시세/평형정보 | https://kbland.kr/map?complex=5552,TIER_2_KB_OFFICIAL_API
A60777205,exclusive_59_91,KB부동산 단지 시세/평형정보 | https://kbland.kr/map?complex=5490,TIER_2_KB_OFFICIAL_API
A60777205,exclusive_59_81,KB부동산 단지 시세/평형정보 | https://kbland.kr/map?complex=5490,TIER_2_KB_OFFICIAL_API
A60777205,exclusive_84_93,KB부동산 단지 시세/평형정보 | https://kbland.kr/map?complex=5490,TIER_2_KB_OFFICIAL_API
A60777205,exclusive_84_96,KB부동산 단지 시세/평형정보 | https://kbland.kr/map?complex=5490,TIER_2_KB_OFFICIAL_API
A60777205,exclusive_115_65,KB부동산 단지 시세/평형정보 | https://kbland.kr/map?complex=5490,TIER_2_KB_OFFICIAL_API
A60777205,exclusive_134_97,KB부동산 단지 시세/평형정보 | https://kbland.kr/map?complex=5490,TIER_2_KB_OFFICIAL_API
A60777205,exclusive_164_78,KB부동산 단지 시세/평형정보 | https://kbland.kr/map?complex=5490,TIER_2_KB_OFFICIAL_API
A60777205,exclusive_202_49,KB부동산 단지 시세/평형정보 | https://kbland.kr/map?complex=5490,TIER_2_KB_OFFICIAL_API
A60701003,exclusive_84_92,KB부동산 단지 시세/평형정보 | https://kbland.kr/map?complex=21539,TIER_2_KB_OFFICIAL_API
A60701003,exclusive_84_97,KB부동산 단지 시세/평형정보 | https://kbland.kr/map?complex=21539,TIER_2_KB_OFFICIAL_API
A60701003,exclusive_84_97_34평C,KB부동산 단지 시세/평형정보 | https://kbland.kr/map?complex=21539,TIER_2_KB_OFFICIAL_API
A60701003,exclusive_131_77,KB부동산 단지 시세/평형정보 | https://kbland.kr/map?complex=21539,TIER_2_KB_OFFICIAL_API
A60701003,exclusive_131_77_50평C,KB부동산 단지 시세/평형정보 | https://kbland.kr/map?complex=21539,TIER_2_KB_OFFICIAL_API
A60701003,exclusive_134_18,KB부동산 단지 시세/평형정보 | https://kbland.kr/map?complex=21539,TIER_2_KB_OFFICIAL_API
A60701003,exclusive_183_68,KB부동산 단지 시세/평형정보 | https://kbland.kr/map?complex=21539,TIER_2_KB_OFFICIAL_API
A10024982,exclusive_59_94,KB부동산 단지 시세/평형정보 | https://kbland.kr/map?complex=29093,TIER_2_KB_OFFICIAL_API
A10024982,exclusive_69_18,KB부동산 단지 시세/평형정보 | https://kbland.kr/map?complex=29093,TIER_2_KB_OFFICIAL_API
A10024982,exclusive_84_92,KB부동산 단지 시세/평형정보 | https://kbland.kr/map?complex=29093,TIER_2_KB_OFFICIAL_API
A10024982,exclusive_84_93,KB부동산 단지 시세/평형정보 | https://kbland.kr/map?complex=29093,TIER_2_KB_OFFICIAL_API
A10024982,exclusive_84_47,KB부동산 단지 시세/평형정보 | https://kbland.kr/map?complex=29093,TIER_2_KB_OFFICIAL_API
A10024982,exclusive_84_59,KB부동산 단지 시세/평형정보 | https://kbland.kr/map?complex=29093,TIER_2_KB_OFFICIAL_API
A60782005,exclusive_59_73,KB부동산 단지 시세/평형정보 | https://kbland.kr/map?complex=5473,TIER_2_KB_OFFICIAL_API
A60782005,exclusive_59_76,KB부동산 단지 시세/평형정보 | https://kbland.kr/map?complex=5473,TIER_2_KB_OFFICIAL_API
A60782005,exclusive_75_29,KB부동산 단지 시세/평형정보 | https://kbland.kr/map?complex=5473,TIER_2_KB_OFFICIAL_API
A60782005,exclusive_84_76,KB부동산 단지 시세/평형정보 | https://kbland.kr/map?complex=5473,TIER_2_KB_OFFICIAL_API
A60782005,exclusive_116_24,KB부동산 단지 시세/평형정보 | https://kbland.kr/map?complex=5473,TIER_2_KB_OFFICIAL_API
A60782005,exclusive_144_37,KB부동산 단지 시세/평형정보 | https://kbland.kr/map?complex=5473,TIER_2_KB_OFFICIAL_API
A60809003,exclusive_84_27,KB부동산 단지 시세/평형정보 | https://kbland.kr/map?complex=15692,TIER_2_KB_OFFICIAL_API
A60809003,exclusive_84_96,KB부동산 단지 시세/평형정보 | https://kbland.kr/map?complex=15692,TIER_2_KB_OFFICIAL_API
A60809003,exclusive_98_4,KB부동산 단지 시세/평형정보 | https://kbland.kr/map?complex=15692,TIER_2_KB_OFFICIAL_API
A60809003,exclusive_122_27,KB부동산 단지 시세/평형정보 | https://kbland.kr/map?complex=15692,TIER_2_KB_OFFICIAL_API
A60809003,exclusive_123_3,KB부동산 단지 시세/평형정보 | https://kbland.kr/map?complex=15692,TIER_2_KB_OFFICIAL_API
A60809003,exclusive_126_61,KB부동산 단지 시세/평형정보 | https://kbland.kr/map?complex=15692,TIER_2_KB_OFFICIAL_API
A60809003,exclusive_149_54,KB부동산 단지 시세/평형정보 | https://kbland.kr/map?complex=15692,TIER_2_KB_OFFICIAL_API
A60809003,exclusive_171_67,KB부동산 단지 시세/평형정보 | https://kbland.kr/map?complex=15692,TIER_2_KB_OFFICIAL_API
A60809003,exclusive_174_1,KB부동산 단지 시세/평형정보 | https://kbland.kr/map?complex=15692,TIER_2_KB_OFFICIAL_API
A60809003,exclusive_200_89,KB부동산 단지 시세/평형정보 | https://kbland.kr/map?complex=15692,TIER_2_KB_OFFICIAL_API
A60809003,exclusive_208_68,KB부동산 단지 시세/평형정보 | https://kbland.kr/map?complex=15692,TIER_2_KB_OFFICIAL_API
A60809003,exclusive_223_24,KB부동산 단지 시세/평형정보 | https://kbland.kr/map?complex=15692,TIER_2_KB_OFFICIAL_API
A60809003,exclusive_223_24_89평B,KB부동산 단지 시세/평형정보 | https://kbland.kr/map?complex=15692,TIER_2_KB_OFFICIAL_API
A60809003,exclusive_244_86,KB부동산 단지 시세/평형정보 | https://kbland.kr/map?complex=15692,TIER_2_KB_OFFICIAL_API
A60883203,exclusive_59_96,KB부동산 단지 시세/평형정보 | https://kbland.kr/map?complex=14046,TIER_2_KB_OFFICIAL_API
A60883203,exclusive_84_97,KB부동산 단지 시세/평형정보 | https://kbland.kr/map?complex=14046,TIER_2_KB_OFFICIAL_API
A60883203,exclusive_84_95,KB부동산 단지 시세/평형정보 | https://kbland.kr/map?complex=14046,TIER_2_KB_OFFICIAL_API
A60883203,exclusive_84_97_33평C,KB부동산 단지 시세/평형정보 | https://kbland.kr/map?complex=14046,TIER_2_KB_OFFICIAL_API
A60883203,exclusive_117_8,KB부동산 단지 시세/평형정보 | https://kbland.kr/map?complex=14046,TIER_2_KB_OFFICIAL_API
A60871104,exclusive_59_93,KB부동산 단지 시세/평형정보 | https://kbland.kr/map?complex=5368,TIER_2_KB_OFFICIAL_API
A60871104,exclusive_77_48,KB부동산 단지 시세/평형정보 | https://kbland.kr/map?complex=5368,TIER_2_KB_OFFICIAL_API
A60871104,exclusive_84_96,KB부동산 단지 시세/평형정보 | https://kbland.kr/map?complex=5368,TIER_2_KB_OFFICIAL_API
A60871104,exclusive_99_75,KB부동산 단지 시세/평형정보 | https://kbland.kr/map?complex=5368,TIER_2_KB_OFFICIAL_API
A60871104,exclusive_119_04,KB부동산 단지 시세/평형정보 | https://kbland.kr/map?complex=5368,TIER_2_KB_OFFICIAL_API
A61676814,exclusive_39_43,KB부동산 단지 시세/평형정보 | https://kbland.kr/map?complex=36689,TIER_2_KB_OFFICIAL_API
A61676814,exclusive_39_41,KB부동산 단지 시세/평형정보 | https://kbland.kr/map?complex=36689,TIER_2_KB_OFFICIAL_API
A61676814,exclusive_42_29,KB부동산 단지 시세/평형정보 | https://kbland.kr/map?complex=36689,TIER_2_KB_OFFICIAL_API
A61676814,exclusive_48_85,KB부동산 단지 시세/평형정보 | https://kbland.kr/map?complex=36689,TIER_2_KB_OFFICIAL_API
A61681108,exclusive_67_97,KB부동산 단지 시세/평형정보 | https://kbland.kr/map?complex=36335,TIER_2_KB_OFFICIAL_API
A61612011,exclusive_59_9,KB부동산 단지 시세/평형정보 | https://kbland.kr/map?complex=5657,TIER_2_KB_OFFICIAL_API
A61612011,exclusive_84_98,KB부동산 단지 시세/평형정보 | https://kbland.kr/map?complex=5657,TIER_2_KB_OFFICIAL_API
A61612011,exclusive_83_77,KB부동산 단지 시세/평형정보 | https://kbland.kr/map?complex=5657,TIER_2_KB_OFFICIAL_API
A61612011,exclusive_116_19,KB부동산 단지 시세/평형정보 | https://kbland.kr/map?complex=5657,TIER_2_KB_OFFICIAL_API
A61612011,exclusive_143_57,KB부동산 단지 시세/평형정보 | https://kbland.kr/map?complex=5657,TIER_2_KB_OFFICIAL_API
A61612013,exclusive_59_89,KB부동산 단지 시세/평형정보 | https://kbland.kr/map?complex=5662,TIER_2_KB_OFFICIAL_API
A61612013,exclusive_59_94,KB부동산 단지 시세/평형정보 | https://kbland.kr/map?complex=5662,TIER_2_KB_OFFICIAL_API
A61612013,exclusive_69_33,KB부동산 단지 시세/평형정보 | https://kbland.kr/map?complex=5662,TIER_2_KB_OFFICIAL_API
A61612013,exclusive_84_97,KB부동산 단지 시세/평형정보 | https://kbland.kr/map?complex=5662,TIER_2_KB_OFFICIAL_API
A61612013,exclusive_114_9,KB부동산 단지 시세/평형정보 | https://kbland.kr/map?complex=5662,TIER_2_KB_OFFICIAL_API
A61612013,exclusive_147_19,KB부동산 단지 시세/평형정보 | https://kbland.kr/map?complex=5662,TIER_2_KB_OFFICIAL_API
A61612016,exclusive_49_82,KB부동산 단지 시세/평형정보 | https://kbland.kr/map?complex=5654,TIER_2_KB_OFFICIAL_API
A61612016,exclusive_59_4,KB부동산 단지 시세/평형정보 | https://kbland.kr/map?complex=5654,TIER_2_KB_OFFICIAL_API
A61612016,exclusive_59_57,KB부동산 단지 시세/평형정보 | https://kbland.kr/map?complex=5654,TIER_2_KB_OFFICIAL_API
A61612016,exclusive_84_34,KB부동산 단지 시세/평형정보 | https://kbland.kr/map?complex=5654,TIER_2_KB_OFFICIAL_API
A61673304,exclusive_59_99,KB부동산 단지 시세/평형정보 | https://kbland.kr/map?complex=13016,TIER_2_KB_OFFICIAL_API
A61673304,exclusive_59_99_26평B,KB부동산 단지 시세/평형정보 | https://kbland.kr/map?complex=13016,TIER_2_KB_OFFICIAL_API
A61673304,exclusive_84_99,KB부동산 단지 시세/평형정보 | https://kbland.kr/map?complex=13016,TIER_2_KB_OFFICIAL_API
A61673304,exclusive_124_56,KB부동산 단지 시세/평형정보 | https://kbland.kr/map?complex=13016,TIER_2_KB_OFFICIAL_API
A61679208,exclusive_84_91,KB부동산 단지 시세/평형정보 | https://kbland.kr/map?complex=5653,TIER_2_KB_OFFICIAL_API
A61679208,exclusive_99_66,KB부동산 단지 시세/평형정보 | https://kbland.kr/map?complex=5653,TIER_2_KB_OFFICIAL_API
A61679208,exclusive_133_86,KB부동산 단지 시세/평형정보 | https://kbland.kr/map?complex=5653,TIER_2_KB_OFFICIAL_API
A61679208,exclusive_158_58,KB부동산 단지 시세/평형정보 | https://kbland.kr/map?complex=5653,TIER_2_KB_OFFICIAL_API
A61685214,exclusive_59_8,KB부동산 단지 시세/평형정보 | https://kbland.kr/map?complex=5646,TIER_2_KB_OFFICIAL_API
A61685214,exclusive_84_93,KB부동산 단지 시세/평형정보 | https://kbland.kr/map?complex=5646,TIER_2_KB_OFFICIAL_API
A61685214,exclusive_118_98,KB부동산 단지 시세/평형정보 | https://kbland.kr/map?complex=5646,TIER_2_KB_OFFICIAL_API
A61685214,exclusive_142_53,KB부동산 단지 시세/평형정보 | https://kbland.kr/map?complex=5646,TIER_2_KB_OFFICIAL_API
A61680705,exclusive_59_73,KB부동산 단지 시세/평형정보 | https://kbland.kr/map?complex=5594,TIER_2_KB_OFFICIAL_API
A61680705,exclusive_59_76,KB부동산 단지 시세/평형정보 | https://kbland.kr/map?complex=5594,TIER_2_KB_OFFICIAL_API
A61680705,exclusive_75_29,KB부동산 단지 시세/평형정보 | https://kbland.kr/map?complex=5594,TIER_2_KB_OFFICIAL_API
A61680705,exclusive_84_76,KB부동산 단지 시세/평형정보 | https://kbland.kr/map?complex=5594,TIER_2_KB_OFFICIAL_API
A61680705,exclusive_116_96,KB부동산 단지 시세/평형정보 | https://kbland.kr/map?complex=5594,TIER_2_KB_OFFICIAL_API
A61273507,exclusive_59_92,KB부동산 단지 시세/평형정보 | https://kbland.kr/map?complex=6218,TIER_2_KB_OFFICIAL_API
A61273507,exclusive_59_98,KB부동산 단지 시세/평형정보 | https://kbland.kr/map?complex=6218,TIER_2_KB_OFFICIAL_API
A61273507,exclusive_84_9,KB부동산 단지 시세/평형정보 | https://kbland.kr/map?complex=6218,TIER_2_KB_OFFICIAL_API
A61282705,exclusive_84_97,KB부동산 단지 시세/평형정보 | https://kbland.kr/map?complex=12309,TIER_2_KB_OFFICIAL_API
A61282705,exclusive_84_94,KB부동산 단지 시세/평형정보 | https://kbland.kr/map?complex=12309,TIER_2_KB_OFFICIAL_API
A61282705,exclusive_84_94_32평A,KB부동산 단지 시세/평형정보 | https://kbland.kr/map?complex=12309,TIER_2_KB_OFFICIAL_API
A10025181,exclusive_144_25,KB부동산 단지 시세/평형정보 | https://kbland.kr/map?complex=31733,TIER_2_KB_OFFICIAL_API
A10025181,exclusive_161_98,KB부동산 단지 시세/평형정보 | https://kbland.kr/map?complex=31733,TIER_2_KB_OFFICIAL_API
A10025181,exclusive_186,KB부동산 단지 시세/평형정보 | https://kbland.kr/map?complex=31733,TIER_2_KB_OFFICIAL_API
A10025181,exclusive_244_29,KB부동산 단지 시세/평형정보 | https://kbland.kr/map?complex=31733,TIER_2_KB_OFFICIAL_API
A10025181,exclusive_244_61,KB부동산 단지 시세/평형정보 | https://kbland.kr/map?complex=31733,TIER_2_KB_OFFICIAL_API
A61203022,exclusive_59_6,KB부동산 단지 시세/평형정보 | https://kbland.kr/map?complex=6157,TIER_2_KB_OFFICIAL_API
A61203022,exclusive_59_76,KB부동산 단지 시세/평형정보 | https://kbland.kr/map?complex=6157,TIER_2_KB_OFFICIAL_API
A61203025,exclusive_59_73,KB부동산 단지 시세/평형정보 | https://kbland.kr/map?complex=6133,TIER_2_KB_OFFICIAL_API
A61203025,exclusive_84_99,KB부동산 단지 시세/평형정보 | https://kbland.kr/map?complex=6133,TIER_2_KB_OFFICIAL_API
A61203025,exclusive_101_78,KB부동산 단지 시세/평형정보 | https://kbland.kr/map?complex=6133,TIER_2_KB_OFFICIAL_API
A61203025,exclusive_134_95,KB부동산 단지 시세/평형정보 | https://kbland.kr/map?complex=6133,TIER_2_KB_OFFICIAL_API
A61203025,exclusive_164_74,KB부동산 단지 시세/평형정보 | https://kbland.kr/map?complex=6133,TIER_2_KB_OFFICIAL_API
A61203029,exclusive_59_52,KB부동산 단지 시세/평형정보 | https://kbland.kr/map?complex=6156,TIER_2_KB_OFFICIAL_API
A61203029,exclusive_59_52_22평S,KB부동산 단지 시세/평형정보 | https://kbland.kr/map?complex=6156,TIER_2_KB_OFFICIAL_API
A61203029,exclusive_84_64,KB부동산 단지 시세/평형정보 | https://kbland.kr/map?complex=6156,TIER_2_KB_OFFICIAL_API
A61203029,exclusive_84_84,KB부동산 단지 시세/평형정보 | https://kbland.kr/map?complex=6156,TIER_2_KB_OFFICIAL_API
A61203033,exclusive_59_73,KB부동산 단지 시세/평형정보 | https://kbland.kr/map?complex=6134,TIER_2_KB_OFFICIAL_API
A61203033,exclusive_84_99,KB부동산 단지 시세/평형정보 | https://kbland.kr/map?complex=6134,TIER_2_KB_OFFICIAL_API
A61203033,exclusive_101_78,KB부동산 단지 시세/평형정보 | https://kbland.kr/map?complex=6134,TIER_2_KB_OFFICIAL_API
A61203033,exclusive_134_95,KB부동산 단지 시세/평형정보 | https://kbland.kr/map?complex=6134,TIER_2_KB_OFFICIAL_API
A61203033,exclusive_164_74,KB부동산 단지 시세/평형정보 | https://kbland.kr/map?complex=6134,TIER_2_KB_OFFICIAL_API
A61203034,exclusive_50_57,KB부동산 단지 시세/평형정보 | https://kbland.kr/map?complex=6130,TIER_2_KB_OFFICIAL_API
A61203034,exclusive_59_95,KB부동산 단지 시세/평형정보 | https://kbland.kr/map?complex=6130,TIER_2_KB_OFFICIAL_API
A61203034,exclusive_84_88,KB부동산 단지 시세/평형정보 | https://kbland.kr/map?complex=6130,TIER_2_KB_OFFICIAL_API
A61203034,exclusive_115_64,KB부동산 단지 시세/평형정보 | https://kbland.kr/map?complex=6130,TIER_2_KB_OFFICIAL_API
A61203034,exclusive_134_01,KB부동산 단지 시세/평형정보 | https://kbland.kr/map?complex=6130,TIER_2_KB_OFFICIAL_API
A60402003,exclusive_59_67,KB부동산 단지 시세/평형정보 | https://kbland.kr/map?complex=12610,TIER_2_KB_OFFICIAL_API
A60402003,exclusive_74_2,KB부동산 단지 시세/평형정보 | https://kbland.kr/map?complex=12610,TIER_2_KB_OFFICIAL_API
A60402003,exclusive_84_77,KB부동산 단지 시세/평형정보 | https://kbland.kr/map?complex=12610,TIER_2_KB_OFFICIAL_API
A60402003,exclusive_84_77_32평B,KB부동산 단지 시세/평형정보 | https://kbland.kr/map?complex=12610,TIER_2_KB_OFFICIAL_API
A60402003,exclusive_84_98,KB부동산 단지 시세/평형정보 | https://kbland.kr/map?complex=12610,TIER_2_KB_OFFICIAL_API
A60402003,exclusive_124_23,KB부동산 단지 시세/평형정보 | https://kbland.kr/map?complex=12610,TIER_2_KB_OFFICIAL_API
A60474002,exclusive_59_99,KB부동산 단지 시세/평형정보 | https://kbland.kr/map?complex=13085,TIER_2_KB_OFFICIAL_API
A60474002,exclusive_84_99,KB부동산 단지 시세/평형정보 | https://kbland.kr/map?complex=13085,TIER_2_KB_OFFICIAL_API
A60474516,exclusive_49_14,KB부동산 단지 시세/평형정보 | https://kbland.kr/map?complex=12187,TIER_2_KB_OFFICIAL_API
A60474516,exclusive_59_07,KB부동산 단지 시세/평형정보 | https://kbland.kr/map?complex=12187,TIER_2_KB_OFFICIAL_API
A60405001,exclusive_59_91,KB부동산 단지 시세/평형정보 | https://kbland.kr/map?complex=343677,TIER_2_KB_OFFICIAL_API
A60405001,exclusive_84_97,KB부동산 단지 시세/평형정보 | https://kbland.kr/map?complex=343677,TIER_2_KB_OFFICIAL_API
A60405001,exclusive_84_99,KB부동산 단지 시세/평형정보 | https://kbland.kr/map?complex=343677,TIER_2_KB_OFFICIAL_API
A60405001,exclusive_106_06,KB부동산 단지 시세/평형정보 | https://kbland.kr/map?complex=343677,TIER_2_KB_OFFICIAL_API
A60405001,exclusive_117_59,KB부동산 단지 시세/평형정보 | https://kbland.kr/map?complex=343677,TIER_2_KB_OFFICIAL_API
A60405001,exclusive_140_43,KB부동산 단지 시세/평형정보 | https://kbland.kr/map?complex=343677,TIER_2_KB_OFFICIAL_API
A60405001,exclusive_183_54,KB부동산 단지 시세/평형정보 | https://kbland.kr/map?complex=343677,TIER_2_KB_OFFICIAL_API
A10027306,exclusive_59_92,KB부동산 단지 시세/평형정보 | https://kbland.kr/map?complex=29875,TIER_2_KB_OFFICIAL_API
A10027306,exclusive_59_71,KB부동산 단지 시세/평형정보 | https://kbland.kr/map?complex=29875,TIER_2_KB_OFFICIAL_API
A10027306,exclusive_72_96,KB부동산 단지 시세/평형정보 | https://kbland.kr/map?complex=29875,TIER_2_KB_OFFICIAL_API
A10027306,exclusive_72_97,KB부동산 단지 시세/평형정보 | https://kbland.kr/map?complex=29875,TIER_2_KB_OFFICIAL_API
A10027306,exclusive_84_14,KB부동산 단지 시세/평형정보 | https://kbland.kr/map?complex=29875,TIER_2_KB_OFFICIAL_API
A10027306,exclusive_84_99,KB부동산 단지 시세/평형정보 | https://kbland.kr/map?complex=29875,TIER_2_KB_OFFICIAL_API
A10027306,exclusive_84_88,KB부동산 단지 시세/평형정보 | https://kbland.kr/map?complex=29875,TIER_2_KB_OFFICIAL_API
A10027306,exclusive_84_86,KB부동산 단지 시세/평형정보 | https://kbland.kr/map?complex=29875,TIER_2_KB_OFFICIAL_API
A10027306,exclusive_84_97,KB부동산 단지 시세/평형정보 | https://kbland.kr/map?complex=29875,TIER_2_KB_OFFICIAL_API
A10027306,exclusive_84_85,KB부동산 단지 시세/평형정보 | https://kbland.kr/map?complex=29875,TIER_2_KB_OFFICIAL_API
A10027325,exclusive_64_77,KB부동산 단지 시세/평형정보 | https://kbland.kr/map?complex=29346,TIER_2_KB_OFFICIAL_API
A10027325,exclusive_64_82,KB부동산 단지 시세/평형정보 | https://kbland.kr/map?complex=29346,TIER_2_KB_OFFICIAL_API
A10027325,exclusive_84_84,KB부동산 단지 시세/평형정보 | https://kbland.kr/map?complex=29346,TIER_2_KB_OFFICIAL_API
A10027325,exclusive_84_74,KB부동산 단지 시세/평형정보 | https://kbland.kr/map?complex=29346,TIER_2_KB_OFFICIAL_API
A10027325,exclusive_84_95,KB부동산 단지 시세/평형정보 | https://kbland.kr/map?complex=29346,TIER_2_KB_OFFICIAL_API
A10027325,exclusive_100_98,KB부동산 단지 시세/평형정보 | https://kbland.kr/map?complex=29346,TIER_2_KB_OFFICIAL_API
A10027325,exclusive_100_49,KB부동산 단지 시세/평형정보 | https://kbland.kr/map?complex=29346,TIER_2_KB_OFFICIAL_API
A10027325,exclusive_101_65,KB부동산 단지 시세/평형정보 | https://kbland.kr/map?complex=29346,TIER_2_KB_OFFICIAL_API
A10027325,exclusive_101_65_41평B,KB부동산 단지 시세/평형정보 | https://kbland.kr/map?complex=29346,TIER_2_KB_OFFICIAL_API
A10027325,exclusive_114_16,KB부동산 단지 시세/평형정보 | https://kbland.kr/map?complex=29346,TIER_2_KB_OFFICIAL_API
A10027325,exclusive_114,KB부동산 단지 시세/평형정보 | https://kbland.kr/map?complex=29346,TIER_2_KB_OFFICIAL_API
A10020264,exclusive_84_42,KB부동산 단지 시세/평형정보 | https://kbland.kr/map?complex=804012,TIER_2_KB_OFFICIAL_API
A10020264,exclusive_84_95,KB부동산 단지 시세/평형정보 | https://kbland.kr/map?complex=804012,TIER_2_KB_OFFICIAL_API
A10020264,exclusive_84_95_33평AP,KB부동산 단지 시세/평형정보 | https://kbland.kr/map?complex=804012,TIER_2_KB_OFFICIAL_API
A10020264,exclusive_84_95_33평A-1,KB부동산 단지 시세/평형정보 | https://kbland.kr/map?complex=804012,TIER_2_KB_OFFICIAL_API
A10020264,exclusive_84_98,KB부동산 단지 시세/평형정보 | https://kbland.kr/map?complex=804012,TIER_2_KB_OFFICIAL_API
A10020264,exclusive_106_42,KB부동산 단지 시세/평형정보 | https://kbland.kr/map?complex=804012,TIER_2_KB_OFFICIAL_API
A10020264,exclusive_106_42_39평P,KB부동산 단지 시세/평형정보 | https://kbland.kr/map?complex=804012,TIER_2_KB_OFFICIAL_API
A10022696,exclusive_84_93,KB부동산 단지 시세/평형정보 | https://kbland.kr/map?complex=433181,TIER_2_KB_OFFICIAL_API
A10022696,exclusive_84_88,KB부동산 단지 시세/평형정보 | https://kbland.kr/map?complex=433181,TIER_2_KB_OFFICIAL_API
A10022696,exclusive_84_91,KB부동산 단지 시세/평형정보 | https://kbland.kr/map?complex=433181,TIER_2_KB_OFFICIAL_API
A10025776,exclusive_91_63,KB부동산 단지 시세/평형정보 | https://kbland.kr/map?complex=35316,TIER_2_KB_OFFICIAL_API
A10025776,exclusive_135_3,KB부동산 단지 시세/평형정보 | https://kbland.kr/map?complex=35316,TIER_2_KB_OFFICIAL_API
A10025776,exclusive_135_8,KB부동산 단지 시세/평형정보 | https://kbland.kr/map?complex=35316,TIER_2_KB_OFFICIAL_API
A10025776,exclusive_135_55,KB부동산 단지 시세/평형정보 | https://kbland.kr/map?complex=35316,TIER_2_KB_OFFICIAL_API
A10027953,exclusive_66_93,KB부동산 단지 시세/평형정보 | https://kbland.kr/map?complex=27117,TIER_2_KB_OFFICIAL_API
A10027953,exclusive_75_7,KB부동산 단지 시세/평형정보 | https://kbland.kr/map?complex=27117,TIER_2_KB_OFFICIAL_API
A10027953,exclusive_75_28,KB부동산 단지 시세/평형정보 | https://kbland.kr/map?complex=27117,TIER_2_KB_OFFICIAL_API
A10027953,exclusive_84_99,KB부동산 단지 시세/평형정보 | https://kbland.kr/map?complex=27117,TIER_2_KB_OFFICIAL_API
A10027953,exclusive_84_98,KB부동산 단지 시세/평형정보 | https://kbland.kr/map?complex=27117,TIER_2_KB_OFFICIAL_API
A61881402,exclusive_84_97,KB부동산 단지 시세/평형정보 | https://kbland.kr/map?complex=15913,TIER_2_KB_OFFICIAL_API
A61881402,exclusive_84_97_34평C,KB부동산 단지 시세/평형정보 | https://kbland.kr/map?complex=15913,TIER_2_KB_OFFICIAL_API
A61881402,exclusive_84_99,KB부동산 단지 시세/평형정보 | https://kbland.kr/map?complex=15913,TIER_2_KB_OFFICIAL_API
A61881402,exclusive_101_96,KB부동산 단지 시세/평형정보 | https://kbland.kr/map?complex=15913,TIER_2_KB_OFFICIAL_API
A61881402,exclusive_101_99,KB부동산 단지 시세/평형정보 | https://kbland.kr/map?complex=15913,TIER_2_KB_OFFICIAL_API
A61881402,exclusive_101_92,KB부동산 단지 시세/평형정보 | https://kbland.kr/map?complex=15913,TIER_2_KB_OFFICIAL_API
A61881402,exclusive_114_49,KB부동산 단지 시세/평형정보 | https://kbland.kr/map?complex=15913,TIER_2_KB_OFFICIAL_API
A61881402,exclusive_133_77,KB부동산 단지 시세/평형정보 | https://kbland.kr/map?complex=15913,TIER_2_KB_OFFICIAL_API
A61881402,exclusive_149_87,KB부동산 단지 시세/평형정보 | https://kbland.kr/map?complex=15913,TIER_2_KB_OFFICIAL_API
A61881402,exclusive_202_34,KB부동산 단지 시세/평형정보 | https://kbland.kr/map?complex=15913,TIER_2_KB_OFFICIAL_API
A61176709,exclusive_59_99,KB부동산 단지 시세/평형정보 | https://kbland.kr/map?complex=5966,TIER_2_KB_OFFICIAL_API
A61176709,exclusive_59_99_27평B,KB부동산 단지 시세/평형정보 | https://kbland.kr/map?complex=5966,TIER_2_KB_OFFICIAL_API
A61176709,exclusive_84_97,KB부동산 단지 시세/평형정보 | https://kbland.kr/map?complex=5966,TIER_2_KB_OFFICIAL_API
A61176709,exclusive_122_45,KB부동산 단지 시세/평형정보 | https://kbland.kr/map?complex=5966,TIER_2_KB_OFFICIAL_API
A61176709,exclusive_147_4,KB부동산 단지 시세/평형정보 | https://kbland.kr/map?complex=5966,TIER_2_KB_OFFICIAL_API
A10026902,exclusive_31_73,KB부동산 단지 시세/평형정보 | https://kbland.kr/map?complex=29064,TIER_2_KB_OFFICIAL_API
A10026902,exclusive_39_2,KB부동산 단지 시세/평형정보 | https://kbland.kr/map?complex=29064,TIER_2_KB_OFFICIAL_API
A10026902,exclusive_70_99,KB부동산 단지 시세/평형정보 | https://kbland.kr/map?complex=29064,TIER_2_KB_OFFICIAL_API
A10026902,exclusive_77_35,KB부동산 단지 시세/평형정보 | https://kbland.kr/map?complex=29064,TIER_2_KB_OFFICIAL_API
A10026902,exclusive_77_86,KB부동산 단지 시세/평형정보 | https://kbland.kr/map?complex=29064,TIER_2_KB_OFFICIAL_API
A10027085,exclusive_64_01,KB부동산 단지 시세/평형정보 | https://kbland.kr/map?complex=29481,TIER_2_KB_OFFICIAL_API
A10027085,exclusive_84_99,KB부동산 단지 시세/평형정보 | https://kbland.kr/map?complex=29481,TIER_2_KB_OFFICIAL_API
A10027085,exclusive_84_95,KB부동산 단지 시세/평형정보 | https://kbland.kr/map?complex=29481,TIER_2_KB_OFFICIAL_API
A61313002,exclusive_84_98,KB부동산 단지 시세/평형정보 | https://kbland.kr/map?complex=15056,TIER_2_KB_OFFICIAL_API
A61313002,exclusive_101_81,KB부동산 단지 시세/평형정보 | https://kbland.kr/map?complex=15056,TIER_2_KB_OFFICIAL_API
A61313002,exclusive_117_61,KB부동산 단지 시세/평형정보 | https://kbland.kr/map?complex=15056,TIER_2_KB_OFFICIAL_API
A61313002,exclusive_127_38,KB부동산 단지 시세/평형정보 | https://kbland.kr/map?complex=15056,TIER_2_KB_OFFICIAL_API
A61313002,exclusive_129_34,KB부동산 단지 시세/평형정보 | https://kbland.kr/map?complex=15056,TIER_2_KB_OFFICIAL_API
A61313002,exclusive_149_85,KB부동산 단지 시세/평형정보 | https://kbland.kr/map?complex=15056,TIER_2_KB_OFFICIAL_API
A61313002,exclusive_179_49,KB부동산 단지 시세/평형정보 | https://kbland.kr/map?complex=15056,TIER_2_KB_OFFICIAL_API
A61377204,exclusive_84_93,KB부동산 단지 시세/평형정보 | https://kbland.kr/map?complex=12359,TIER_2_KB_OFFICIAL_API
A61377204,exclusive_121_19,KB부동산 단지 시세/평형정보 | https://kbland.kr/map?complex=12359,TIER_2_KB_OFFICIAL_API
A61377204,exclusive_141_81,KB부동산 단지 시세/평형정보 | https://kbland.kr/map?complex=12359,TIER_2_KB_OFFICIAL_API
A61377204,exclusive_170_03,KB부동산 단지 시세/평형정보 | https://kbland.kr/map?complex=12359,TIER_2_KB_OFFICIAL_API
A61381805,exclusive_84_97,KB부동산 단지 시세/평형정보 | https://kbland.kr/map?complex=15924,TIER_2_KB_OFFICIAL_API
A61381805,exclusive_101_97,KB부동산 단지 시세/평형정보 | https://kbland.kr/map?complex=15924,TIER_2_KB_OFFICIAL_API
A61381805,exclusive_118_56,KB부동산 단지 시세/평형정보 | https://kbland.kr/map?complex=15924,TIER_2_KB_OFFICIAL_API
A61381805,exclusive_126_23,KB부동산 단지 시세/평형정보 | https://kbland.kr/map?complex=15924,TIER_2_KB_OFFICIAL_API
A61381805,exclusive_129_64,KB부동산 단지 시세/평형정보 | https://kbland.kr/map?complex=15924,TIER_2_KB_OFFICIAL_API
A61381805,exclusive_125_5,KB부동산 단지 시세/평형정보 | https://kbland.kr/map?complex=15924,TIER_2_KB_OFFICIAL_API
A61381805,exclusive_147_58,KB부동산 단지 시세/평형정보 | https://kbland.kr/map?complex=15924,TIER_2_KB_OFFICIAL_API
A61381805,exclusive_170_8,KB부동산 단지 시세/평형정보 | https://kbland.kr/map?complex=15924,TIER_2_KB_OFFICIAL_API
A61381805,exclusive_236_87,KB부동산 단지 시세/평형정보 | https://kbland.kr/map?complex=15924,TIER_2_KB_OFFICIAL_API
A61381805,exclusive_269_68,KB부동산 단지 시세/평형정보 | https://kbland.kr/map?complex=15924,TIER_2_KB_OFFICIAL_API
A61381903,exclusive_41_46,KB부동산 단지 시세/평형정보 | https://kbland.kr/map?complex=5915,TIER_2_KB_OFFICIAL_API
A61381903,exclusive_42_93,KB부동산 단지 시세/평형정보 | https://kbland.kr/map?complex=5915,TIER_2_KB_OFFICIAL_API
A61381903,exclusive_75_42,KB부동산 단지 시세/평형정보 | https://kbland.kr/map?complex=5915,TIER_2_KB_OFFICIAL_API
A61381903,exclusive_84_96,KB부동산 단지 시세/평형정보 | https://kbland.kr/map?complex=5915,TIER_2_KB_OFFICIAL_API
A61381903,exclusive_102_52,KB부동산 단지 시세/평형정보 | https://kbland.kr/map?complex=5915,TIER_2_KB_OFFICIAL_API
A61381903,exclusive_123_19,KB부동산 단지 시세/평형정보 | https://kbland.kr/map?complex=5915,TIER_2_KB_OFFICIAL_API
A61381903,exclusive_145_05,KB부동산 단지 시세/평형정보 | https://kbland.kr/map?complex=5915,TIER_2_KB_OFFICIAL_API
A61381903,exclusive_182_67,KB부동산 단지 시세/평형정보 | https://kbland.kr/map?complex=5915,TIER_2_KB_OFFICIAL_API
A61381903,exclusive_209_76,KB부동산 단지 시세/평형정보 | https://kbland.kr/map?complex=5915,TIER_2_KB_OFFICIAL_API
A61775401,exclusive_41_3,KB부동산 단지 시세/평형정보 | https://kbland.kr/map?complex=5728,TIER_2_KB_OFFICIAL_API
A61775401,exclusive_41_16,KB부동산 단지 시세/평형정보 | https://kbland.kr/map?complex=5728,TIER_2_KB_OFFICIAL_API
A61775401,exclusive_41_66,KB부동산 단지 시세/평형정보 | https://kbland.kr/map?complex=5728,TIER_2_KB_OFFICIAL_API
A61775401,exclusive_49_94,KB부동산 단지 시세/평형정보 | https://kbland.kr/map?complex=5728,TIER_2_KB_OFFICIAL_API
A61775401,exclusive_49_94_22평,KB부동산 단지 시세/평형정보 | https://kbland.kr/map?complex=5728,TIER_2_KB_OFFICIAL_API
A61776003,exclusive_59_84,KB부동산 단지 시세/평형정보 | https://kbland.kr/map?complex=5726,TIER_2_KB_OFFICIAL_API
A61776003,exclusive_73_4,KB부동산 단지 시세/평형정보 | https://kbland.kr/map?complex=5726,TIER_2_KB_OFFICIAL_API
A61776003,exclusive_84_96,KB부동산 단지 시세/평형정보 | https://kbland.kr/map?complex=5726,TIER_2_KB_OFFICIAL_API
A61776003,exclusive_115_02,KB부동산 단지 시세/평형정보 | https://kbland.kr/map?complex=5726,TIER_2_KB_OFFICIAL_API
A61783202,exclusive_59_97,KB부동산 단지 시세/평형정보 | https://kbland.kr/map?complex=5671,TIER_2_KB_OFFICIAL_API
A61783202,exclusive_84_97,KB부동산 단지 시세/평형정보 | https://kbland.kr/map?complex=5671,TIER_2_KB_OFFICIAL_API
A61783202,exclusive_134_94,KB부동산 단지 시세/평형정보 | https://kbland.kr/map?complex=5671,TIER_2_KB_OFFICIAL_API
A61783202,exclusive_164_85,KB부동산 단지 시세/평형정보 | https://kbland.kr/map?complex=5671,TIER_2_KB_OFFICIAL_API
A61783203,exclusive_59_97,KB부동산 단지 시세/평형정보 | https://kbland.kr/map?complex=5571,TIER_2_KB_OFFICIAL_API
A61783203,exclusive_84_97,KB부동산 단지 시세/평형정보 | https://kbland.kr/map?complex=5571,TIER_2_KB_OFFICIAL_API
A61783203,exclusive_134_94,KB부동산 단지 시세/평형정보 | https://kbland.kr/map?complex=5571,TIER_2_KB_OFFICIAL_API
A61783203,exclusive_164_85,KB부동산 단지 시세/평형정보 | https://kbland.kr/map?complex=5571,TIER_2_KB_OFFICIAL_API
A61783402,exclusive_76_51,KB부동산 단지 시세/평형정보 | https://kbland.kr/map?complex=5672,TIER_2_KB_OFFICIAL_API
A61783402,exclusive_84_99,KB부동산 단지 시세/평형정보 | https://kbland.kr/map?complex=5672,TIER_2_KB_OFFICIAL_API
A61783402,exclusive_105_24,KB부동산 단지 시세/평형정보 | https://kbland.kr/map?complex=5672,TIER_2_KB_OFFICIAL_API
A61783402,exclusive_109_64,KB부동산 단지 시세/평형정보 | https://kbland.kr/map?complex=5672,TIER_2_KB_OFFICIAL_API
A61783402,exclusive_114_62,KB부동산 단지 시세/평형정보 | https://kbland.kr/map?complex=5672,TIER_2_KB_OFFICIAL_API
A61778507,exclusive_59_93,KB부동산 단지 시세/평형정보 | https://kbland.kr/map?complex=13777,TIER_2_KB_OFFICIAL_API
A61778507,exclusive_84_96,KB부동산 단지 시세/평형정보 | https://kbland.kr/map?complex=13777,TIER_2_KB_OFFICIAL_API
A61778507,exclusive_116_96,KB부동산 단지 시세/평형정보 | https://kbland.kr/map?complex=13777,TIER_2_KB_OFFICIAL_API
A61996303,exclusive_107_83,KB부동산 단지 시세/평형정보 | https://kbland.kr/map?complex=15935,TIER_2_KB_OFFICIAL_API
A61996303,exclusive_110_33,KB부동산 단지 시세/평형정보 | https://kbland.kr/map?complex=15935,TIER_2_KB_OFFICIAL_API
A61996303,exclusive_116_69,KB부동산 단지 시세/평형정보 | https://kbland.kr/map?complex=15935,TIER_2_KB_OFFICIAL_API
A61996303,exclusive_138_22,KB부동산 단지 시세/평형정보 | https://kbland.kr/map?complex=15935,TIER_2_KB_OFFICIAL_API
A61996303,exclusive_140_11,KB부동산 단지 시세/평형정보 | https://kbland.kr/map?complex=15935,TIER_2_KB_OFFICIAL_API
A61996303,exclusive_139_93,KB부동산 단지 시세/평형정보 | https://kbland.kr/map?complex=15935,TIER_2_KB_OFFICIAL_API
A61996303,exclusive_152_64,KB부동산 단지 시세/평형정보 | https://kbland.kr/map?complex=15935,TIER_2_KB_OFFICIAL_API
A61996306,exclusive_110_13,KB부동산 단지 시세/평형정보 | https://kbland.kr/map?complex=15937,TIER_2_KB_OFFICIAL_API
A61996306,exclusive_109_63,KB부동산 단지 시세/평형정보 | https://kbland.kr/map?complex=15937,TIER_2_KB_OFFICIAL_API
A61996306,exclusive_109_3,KB부동산 단지 시세/평형정보 | https://kbland.kr/map?complex=15937,TIER_2_KB_OFFICIAL_API
A61996306,exclusive_122_91,KB부동산 단지 시세/평형정보 | https://kbland.kr/map?complex=15937,TIER_2_KB_OFFICIAL_API
A61996306,exclusive_123_48,KB부동산 단지 시세/평형정보 | https://kbland.kr/map?complex=15937,TIER_2_KB_OFFICIAL_API
A61996306,exclusive_135_61,KB부동산 단지 시세/평형정보 | https://kbland.kr/map?complex=15937,TIER_2_KB_OFFICIAL_API
A61996306,exclusive_147_13,KB부동산 단지 시세/평형정보 | https://kbland.kr/map?complex=15937,TIER_2_KB_OFFICIAL_API
A10024875,exclusive_59_92,KB부동산 단지 시세/평형정보 | https://kbland.kr/map?complex=37881,TIER_2_KB_OFFICIAL_API
A10024875,exclusive_59_96,KB부동산 단지 시세/평형정보 | https://kbland.kr/map?complex=37881,TIER_2_KB_OFFICIAL_API
A10024875,exclusive_74_44,KB부동산 단지 시세/평형정보 | https://kbland.kr/map?complex=37881,TIER_2_KB_OFFICIAL_API
A10024875,exclusive_74_9,KB부동산 단지 시세/평형정보 | https://kbland.kr/map?complex=37881,TIER_2_KB_OFFICIAL_API
A10024875,exclusive_74_43,KB부동산 단지 시세/평형정보 | https://kbland.kr/map?complex=37881,TIER_2_KB_OFFICIAL_API
A10024875,exclusive_84_95,KB부동산 단지 시세/평형정보 | https://kbland.kr/map?complex=37881,TIER_2_KB_OFFICIAL_API
A10024875,exclusive_84_94,KB부동산 단지 시세/평형정보 | https://kbland.kr/map?complex=37881,TIER_2_KB_OFFICIAL_API
A10026034,exclusive_39_93,KB부동산 단지 시세/평형정보 | https://kbland.kr/map?complex=30140,TIER_2_KB_OFFICIAL_API
A10026034,exclusive_39_93_17평A,KB부동산 단지 시세/평형정보 | https://kbland.kr/map?complex=30140,TIER_2_KB_OFFICIAL_API
A10026034,exclusive_59_87,KB부동산 단지 시세/평형정보 | https://kbland.kr/map?complex=30140,TIER_2_KB_OFFICIAL_API
A10026034,exclusive_74_61,KB부동산 단지 시세/평형정보 | https://kbland.kr/map?complex=30140,TIER_2_KB_OFFICIAL_API
A10026034,exclusive_84_72,KB부동산 단지 시세/평형정보 | https://kbland.kr/map?complex=30140,TIER_2_KB_OFFICIAL_API
A10026034,exclusive_84_65,KB부동산 단지 시세/평형정보 | https://kbland.kr/map?complex=30140,TIER_2_KB_OFFICIAL_API
A10026034,exclusive_84_94,KB부동산 단지 시세/평형정보 | https://kbland.kr/map?complex=30140,TIER_2_KB_OFFICIAL_API
A10026034,exclusive_84_65_34평A,KB부동산 단지 시세/평형정보 | https://kbland.kr/map?complex=30140,TIER_2_KB_OFFICIAL_API
A10026034,exclusive_102_79,KB부동산 단지 시세/평형정보 | https://kbland.kr/map?complex=30140,TIER_2_KB_OFFICIAL_API
A10026034,exclusive_115_82,KB부동산 단지 시세/평형정보 | https://kbland.kr/map?complex=30140,TIER_2_KB_OFFICIAL_API
A10023704,exclusive_39_99,KB부동산 단지 시세/평형정보 | https://kbland.kr/map?complex=47314,TIER_2_KB_OFFICIAL_API
A10023704,exclusive_49_83,KB부동산 단지 시세/평형정보 | https://kbland.kr/map?complex=47314,TIER_2_KB_OFFICIAL_API
A10023704,exclusive_59_78,KB부동산 단지 시세/평형정보 | https://kbland.kr/map?complex=47314,TIER_2_KB_OFFICIAL_API
A10023704,exclusive_67_67,KB부동산 단지 시세/평형정보 | https://kbland.kr/map?complex=47314,TIER_2_KB_OFFICIAL_API
A10023704,exclusive_76_95,KB부동산 단지 시세/평형정보 | https://kbland.kr/map?complex=47314,TIER_2_KB_OFFICIAL_API
A10023704,exclusive_76_52,KB부동산 단지 시세/평형정보 | https://kbland.kr/map?complex=47314,TIER_2_KB_OFFICIAL_API
A10023704,exclusive_84_94,KB부동산 단지 시세/평형정보 | https://kbland.kr/map?complex=47314,TIER_2_KB_OFFICIAL_API
A10023704,exclusive_83_89,KB부동산 단지 시세/평형정보 | https://kbland.kr/map?complex=47314,TIER_2_KB_OFFICIAL_API
A10023704,exclusive_114_8,KB부동산 단지 시세/평형정보 | https://kbland.kr/map?complex=47314,TIER_2_KB_OFFICIAL_API
A10024303,exclusive_39_9,KB부동산 단지 시세/평형정보 | https://kbland.kr/map?complex=41388,TIER_2_KB_OFFICIAL_API
A10024303,exclusive_39_97,KB부동산 단지 시세/평형정보 | https://kbland.kr/map?complex=41388,TIER_2_KB_OFFICIAL_API
A10024303,exclusive_49_95,KB부동산 단지 시세/평형정보 | https://kbland.kr/map?complex=41388,TIER_2_KB_OFFICIAL_API
A10024303,exclusive_49_95_21평B,KB부동산 단지 시세/평형정보 | https://kbland.kr/map?complex=41388,TIER_2_KB_OFFICIAL_API
A10024303,exclusive_59_97,KB부동산 단지 시세/평형정보 | https://kbland.kr/map?complex=41388,TIER_2_KB_OFFICIAL_API
A10024303,exclusive_72_38,KB부동산 단지 시세/평형정보 | https://kbland.kr/map?complex=41388,TIER_2_KB_OFFICIAL_API
A10024303,exclusive_72_9,KB부동산 단지 시세/평형정보 | https://kbland.kr/map?complex=41388,TIER_2_KB_OFFICIAL_API
A10024303,exclusive_84_94,KB부동산 단지 시세/평형정보 | https://kbland.kr/map?complex=41388,TIER_2_KB_OFFICIAL_API
A10024303,exclusive_84_88,KB부동산 단지 시세/평형정보 | https://kbland.kr/map?complex=41388,TIER_2_KB_OFFICIAL_API
A10024303,exclusive_84_95,KB부동산 단지 시세/평형정보 | https://kbland.kr/map?complex=41388,TIER_2_KB_OFFICIAL_API
A10024303,exclusive_84_97,KB부동산 단지 시세/평형정보 | https://kbland.kr/map?complex=41388,TIER_2_KB_OFFICIAL_API
A10024303,exclusive_102_96,KB부동산 단지 시세/평형정보 | https://kbland.kr/map?complex=41388,TIER_2_KB_OFFICIAL_API
A10023040,exclusive_59_93,KB부동산 단지 시세/평형정보 | https://kbland.kr/map?complex=49327,TIER_2_KB_OFFICIAL_API
A10023040,exclusive_59_99,KB부동산 단지 시세/평형정보 | https://kbland.kr/map?complex=49327,TIER_2_KB_OFFICIAL_API
A10023040,exclusive_73_84,KB부동산 단지 시세/평형정보 | https://kbland.kr/map?complex=49327,TIER_2_KB_OFFICIAL_API
A10023040,exclusive_73_96,KB부동산 단지 시세/평형정보 | https://kbland.kr/map?complex=49327,TIER_2_KB_OFFICIAL_API
A10023040,exclusive_84_99,KB부동산 단지 시세/평형정보 | https://kbland.kr/map?complex=49327,TIER_2_KB_OFFICIAL_API
A10023040,exclusive_84_97,KB부동산 단지 시세/평형정보 | https://kbland.kr/map?complex=49327,TIER_2_KB_OFFICIAL_API
A10023040,exclusive_102_93,KB부동산 단지 시세/평형정보 | https://kbland.kr/map?complex=49327,TIER_2_KB_OFFICIAL_API
A10023040,exclusive_102_98,KB부동산 단지 시세/평형정보 | https://kbland.kr/map?complex=49327,TIER_2_KB_OFFICIAL_API
A10023616,exclusive_51_95,KB부동산 단지 시세/평형정보 | https://kbland.kr/map?complex=46155,TIER_2_KB_OFFICIAL_API
A10023616,exclusive_51_95_23평B,KB부동산 단지 시세/평형정보 | https://kbland.kr/map?complex=46155,TIER_2_KB_OFFICIAL_API
A10023616,exclusive_51_93,KB부동산 단지 시세/평형정보 | https://kbland.kr/map?complex=46155,TIER_2_KB_OFFICIAL_API
A10023616,exclusive_51_91,KB부동산 단지 시세/평형정보 | https://kbland.kr/map?complex=46155,TIER_2_KB_OFFICIAL_API
A10023616,exclusive_59_76,KB부동산 단지 시세/평형정보 | https://kbland.kr/map?complex=46155,TIER_2_KB_OFFICIAL_API
A10023616,exclusive_74_97,KB부동산 단지 시세/평형정보 | https://kbland.kr/map?complex=46155,TIER_2_KB_OFFICIAL_API
A10023616,exclusive_84_94,KB부동산 단지 시세/평형정보 | https://kbland.kr/map?complex=46155,TIER_2_KB_OFFICIAL_API
A10023616,exclusive_84_89,KB부동산 단지 시세/평형정보 | https://kbland.kr/map?complex=46155,TIER_2_KB_OFFICIAL_API
A10023616,exclusive_84_85,KB부동산 단지 시세/평형정보 | https://kbland.kr/map?complex=46155,TIER_2_KB_OFFICIAL_API
A10023616,exclusive_84_86,KB부동산 단지 시세/평형정보 | https://kbland.kr/map?complex=46155,TIER_2_KB_OFFICIAL_API
A10023616,exclusive_91_36,KB부동산 단지 시세/평형정보 | https://kbland.kr/map?complex=46155,TIER_2_KB_OFFICIAL_API
A10023616,exclusive_99_88,KB부동산 단지 시세/평형정보 | https://kbland.kr/map?complex=46155,TIER_2_KB_OFFICIAL_API
A10023616,exclusive_99_64,KB부동산 단지 시세/평형정보 | https://kbland.kr/map?complex=46155,TIER_2_KB_OFFICIAL_API
A10023616,exclusive_110_42,KB부동산 단지 시세/평형정보 | https://kbland.kr/map?complex=46155,TIER_2_KB_OFFICIAL_API
A10023616,exclusive_111_53,KB부동산 단지 시세/평형정보 | https://kbland.kr/map?complex=46155,TIER_2_KB_OFFICIAL_API
A10023616,exclusive_114_84,KB부동산 단지 시세/평형정보 | https://kbland.kr/map?complex=46155,TIER_2_KB_OFFICIAL_API
A10023616,exclusive_117_92,KB부동산 단지 시세/평형정보 | https://kbland.kr/map?complex=46155,TIER_2_KB_OFFICIAL_API
A10023616,exclusive_121_33,KB부동산 단지 시세/평형정보 | https://kbland.kr/map?complex=46155,TIER_2_KB_OFFICIAL_API
A10023616,exclusive_121_61,KB부동산 단지 시세/평형정보 | https://kbland.kr/map?complex=46155,TIER_2_KB_OFFICIAL_API
A10023616,exclusive_122_59,KB부동산 단지 시세/평형정보 | https://kbland.kr/map?complex=46155,TIER_2_KB_OFFICIAL_API
A10023616,exclusive_123_74,KB부동산 단지 시세/평형정보 | https://kbland.kr/map?complex=46155,TIER_2_KB_OFFICIAL_API
A10023616,exclusive_124_88,KB부동산 단지 시세/평형정보 | https://kbland.kr/map?complex=46155,TIER_2_KB_OFFICIAL_API
A10023616,exclusive_125_8,KB부동산 단지 시세/평형정보 | https://kbland.kr/map?complex=46155,TIER_2_KB_OFFICIAL_API
A10023616,exclusive_126_91,KB부동산 단지 시세/평형정보 | https://kbland.kr/map?complex=46155,TIER_2_KB_OFFICIAL_API
A10023616,exclusive_132_96,KB부동산 단지 시세/평형정보 | https://kbland.kr/map?complex=46155,TIER_2_KB_OFFICIAL_API
A10022574,exclusive_59_94,KB부동산 단지 시세/평형정보 | https://kbland.kr/map?complex=384466,TIER_2_KB_OFFICIAL_API
A10022574,exclusive_59_99,KB부동산 단지 시세/평형정보 | https://kbland.kr/map?complex=384466,TIER_2_KB_OFFICIAL_API
A10022574,exclusive_84_96,KB부동산 단지 시세/평형정보 | https://kbland.kr/map?complex=384466,TIER_2_KB_OFFICIAL_API
A10024953,exclusive_39_16,KB부동산 단지 시세/평형정보 | https://kbland.kr/map?complex=36124,TIER_2_KB_OFFICIAL_API
A10024953,exclusive_59_91,KB부동산 단지 시세/평형정보 | https://kbland.kr/map?complex=36124,TIER_2_KB_OFFICIAL_API
A10024953,exclusive_72_9,KB부동산 단지 시세/평형정보 | https://kbland.kr/map?complex=36124,TIER_2_KB_OFFICIAL_API
A10024953,exclusive_84_91,KB부동산 단지 시세/평형정보 | https://kbland.kr/map?complex=36124,TIER_2_KB_OFFICIAL_API
A10024953,exclusive_84_95,KB부동산 단지 시세/평형정보 | https://kbland.kr/map?complex=36124,TIER_2_KB_OFFICIAL_API
A10022844,exclusive_59_02,KB부동산 단지 시세/평형정보 | https://kbland.kr/map?complex=296298,TIER_2_KB_OFFICIAL_API
A10022844,exclusive_59_2,KB부동산 단지 시세/평형정보 | https://kbland.kr/map?complex=296298,TIER_2_KB_OFFICIAL_API
A10022844,exclusive_72_13,KB부동산 단지 시세/평형정보 | https://kbland.kr/map?complex=296298,TIER_2_KB_OFFICIAL_API
A10022844,exclusive_84_8,KB부동산 단지 시세/평형정보 | https://kbland.kr/map?complex=296298,TIER_2_KB_OFFICIAL_API
A10022844,exclusive_84_8_34평B,KB부동산 단지 시세/평형정보 | https://kbland.kr/map?complex=296298,TIER_2_KB_OFFICIAL_API
A10022844,exclusive_101_89,KB부동산 단지 시세/평형정보 | https://kbland.kr/map?complex=296298,TIER_2_KB_OFFICIAL_API
A10022844,exclusive_101_92,KB부동산 단지 시세/평형정보 | https://kbland.kr/map?complex=296298,TIER_2_KB_OFFICIAL_API
A10023627,exclusive_39_97,KB부동산 단지 시세/평형정보 | https://kbland.kr/map?complex=46580,TIER_2_KB_OFFICIAL_API
A10023627,exclusive_59_92,KB부동산 단지 시세/평형정보 | https://kbland.kr/map?complex=46580,TIER_2_KB_OFFICIAL_API
A10023627,exclusive_59_99,KB부동산 단지 시세/평형정보 | https://kbland.kr/map?complex=46580,TIER_2_KB_OFFICIAL_API
A10023627,exclusive_84_99,KB부동산 단지 시세/평형정보 | https://kbland.kr/map?complex=46580,TIER_2_KB_OFFICIAL_API
A10023627,exclusive_84_96,KB부동산 단지 시세/평형정보 | https://kbland.kr/map?complex=46580,TIER_2_KB_OFFICIAL_API
A10023627,exclusive_102_53,KB부동산 단지 시세/평형정보 | https://kbland.kr/map?complex=46580,TIER_2_KB_OFFICIAL_API
A10025342,exclusive_37_83,KB부동산 단지 시세/평형정보 | https://kbland.kr/map?complex=434284,TIER_2_KB_OFFICIAL_API
A10025342,exclusive_59_99,KB부동산 단지 시세/평형정보 | https://kbland.kr/map?complex=434284,TIER_2_KB_OFFICIAL_API
A10025342,exclusive_59_99_24평C-1,KB부동산 단지 시세/평형정보 | https://kbland.kr/map?complex=434284,TIER_2_KB_OFFICIAL_API
A10025342,exclusive_59_98,KB부동산 단지 시세/평형정보 | https://kbland.kr/map?complex=434284,TIER_2_KB_OFFICIAL_API
A10025342,exclusive_65_23,KB부동산 단지 시세/평형정보 | https://kbland.kr/map?complex=434284,TIER_2_KB_OFFICIAL_API
A10025342,exclusive_65_21,KB부동산 단지 시세/평형정보 | https://kbland.kr/map?complex=434284,TIER_2_KB_OFFICIAL_API
A10025342,exclusive_76_33,KB부동산 단지 시세/평형정보 | https://kbland.kr/map?complex=434284,TIER_2_KB_OFFICIAL_API
A10025342,exclusive_76_33_30평B-1,KB부동산 단지 시세/평형정보 | https://kbland.kr/map?complex=434284,TIER_2_KB_OFFICIAL_API
A10025342,exclusive_76_22,KB부동산 단지 시세/평형정보 | https://kbland.kr/map?complex=434284,TIER_2_KB_OFFICIAL_API
A10025342,exclusive_84_98,KB부동산 단지 시세/평형정보 | https://kbland.kr/map?complex=434284,TIER_2_KB_OFFICIAL_API
A10025342,exclusive_84_68,KB부동산 단지 시세/평형정보 | https://kbland.kr/map?complex=434284,TIER_2_KB_OFFICIAL_API
A10025342,exclusive_84_98_33평B-1,KB부동산 단지 시세/평형정보 | https://kbland.kr/map?complex=434284,TIER_2_KB_OFFICIAL_API
A10025342,exclusive_84_9,KB부동산 단지 시세/평형정보 | https://kbland.kr/map?complex=434284,TIER_2_KB_OFFICIAL_API
A10022002,exclusive_39_93,KB부동산 단지 시세/평형정보 | https://kbland.kr/map?complex=438934,TIER_2_KB_OFFICIAL_API
A10022002,exclusive_49_97,KB부동산 단지 시세/평형정보 | https://kbland.kr/map?complex=438934,TIER_2_KB_OFFICIAL_API
A10022002,exclusive_59_98,KB부동산 단지 시세/평형정보 | https://kbland.kr/map?complex=438934,TIER_2_KB_OFFICIAL_API
A10022002,exclusive_59_98_26평C,KB부동산 단지 시세/평형정보 | https://kbland.kr/map?complex=438934,TIER_2_KB_OFFICIAL_API
A10022002,exclusive_59_98_26평D,KB부동산 단지 시세/평형정보 | https://kbland.kr/map?complex=438934,TIER_2_KB_OFFICIAL_API
A10022002,exclusive_59_98_26평B,KB부동산 단지 시세/평형정보 | https://kbland.kr/map?complex=438934,TIER_2_KB_OFFICIAL_API
A10022002,exclusive_72_78,KB부동산 단지 시세/평형정보 | https://kbland.kr/map?complex=438934,TIER_2_KB_OFFICIAL_API
A10022002,exclusive_72_72,KB부동산 단지 시세/평형정보 | https://kbland.kr/map?complex=438934,TIER_2_KB_OFFICIAL_API
A10022002,exclusive_72_91,KB부동산 단지 시세/평형정보 | https://kbland.kr/map?complex=438934,TIER_2_KB_OFFICIAL_API
A10022002,exclusive_72_97,KB부동산 단지 시세/평형정보 | https://kbland.kr/map?complex=438934,TIER_2_KB_OFFICIAL_API
A10022002,exclusive_72_97_30평C,KB부동산 단지 시세/평형정보 | https://kbland.kr/map?complex=438934,TIER_2_KB_OFFICIAL_API
A10022002,exclusive_84_99,KB부동산 단지 시세/평형정보 | https://kbland.kr/map?complex=438934,TIER_2_KB_OFFICIAL_API
A10022002,exclusive_84_99_35평E,KB부동산 단지 시세/평형정보 | https://kbland.kr/map?complex=438934,TIER_2_KB_OFFICIAL_API
A10022002,exclusive_84_98,KB부동산 단지 시세/평형정보 | https://kbland.kr/map?complex=438934,TIER_2_KB_OFFICIAL_API
A10022002,exclusive_84_97,KB부동산 단지 시세/평형정보 | https://kbland.kr/map?complex=438934,TIER_2_KB_OFFICIAL_API
A10022002,exclusive_84_98_35평B,KB부동산 단지 시세/평형정보 | https://kbland.kr/map?complex=438934,TIER_2_KB_OFFICIAL_API
A10022002,exclusive_84_98_35평F,KB부동산 단지 시세/평형정보 | https://kbland.kr/map?complex=438934,TIER_2_KB_OFFICIAL_API
A10022002,exclusive_97_73,KB부동산 단지 시세/평형정보 | https://kbland.kr/map?complex=438934,TIER_2_KB_OFFICIAL_API
A10022002,exclusive_115_99,KB부동산 단지 시세/평형정보 | https://kbland.kr/map?complex=438934,TIER_2_KB_OFFICIAL_API
A10022002,exclusive_120_87,KB부동산 단지 시세/평형정보 | https://kbland.kr/map?complex=438934,TIER_2_KB_OFFICIAL_API
A10022002,exclusive_120_87_51평B,KB부동산 단지 시세/평형정보 | https://kbland.kr/map?complex=438934,TIER_2_KB_OFFICIAL_API
A10022002,exclusive_135_09,KB부동산 단지 시세/평형정보 | https://kbland.kr/map?complex=438934,TIER_2_KB_OFFICIAL_API
A10022002,exclusive_132_57,KB부동산 단지 시세/평형정보 | https://kbland.kr/map?complex=438934,TIER_2_KB_OFFICIAL_API
A10022002,exclusive_145_77,KB부동산 단지 시세/평형정보 | https://kbland.kr/map?complex=438934,TIER_2_KB_OFFICIAL_API
A10022002,exclusive_147_1,KB부동산 단지 시세/평형정보 | https://kbland.kr/map?complex=438934,TIER_2_KB_OFFICIAL_API
A10027054,exclusive_59_9,KB부동산 단지 시세/평형정보 | https://kbland.kr/map?complex=28722,TIER_2_KB_OFFICIAL_API
A10027054,exclusive_84_85,KB부동산 단지 시세/평형정보 | https://kbland.kr/map?complex=28722,TIER_2_KB_OFFICIAL_API
A10027054,exclusive_84_97,KB부동산 단지 시세/평형정보 | https://kbland.kr/map?complex=28722,TIER_2_KB_OFFICIAL_API
A10027054,exclusive_84_89,KB부동산 단지 시세/평형정보 | https://kbland.kr/map?complex=28722,TIER_2_KB_OFFICIAL_API
A10027054,exclusive_112_78,KB부동산 단지 시세/평형정보 | https://kbland.kr/map?complex=28722,TIER_2_KB_OFFICIAL_API
A10027054,exclusive_112_79,KB부동산 단지 시세/평형정보 | https://kbland.kr/map?complex=28722,TIER_2_KB_OFFICIAL_API
A10027054,exclusive_123_93,KB부동산 단지 시세/평형정보 | https://kbland.kr/map?complex=28722,TIER_2_KB_OFFICIAL_API
A10027054,exclusive_124_73,KB부동산 단지 시세/평형정보 | https://kbland.kr/map?complex=28722,TIER_2_KB_OFFICIAL_API
A10022999,exclusive_59_96,KB부동산 단지 시세/평형정보 | https://kbland.kr/map?complex=50324,TIER_2_KB_OFFICIAL_API
A10022999,exclusive_59_98,KB부동산 단지 시세/평형정보 | https://kbland.kr/map?complex=50324,TIER_2_KB_OFFICIAL_API
A10022999,exclusive_74_97,KB부동산 단지 시세/평형정보 | https://kbland.kr/map?complex=50324,TIER_2_KB_OFFICIAL_API
A10022999,exclusive_74_91,KB부동산 단지 시세/평형정보 | https://kbland.kr/map?complex=50324,TIER_2_KB_OFFICIAL_API
A10022999,exclusive_84_96,KB부동산 단지 시세/평형정보 | https://kbland.kr/map?complex=50324,TIER_2_KB_OFFICIAL_API
A10022999,exclusive_84_98,KB부동산 단지 시세/평형정보 | https://kbland.kr/map?complex=50324,TIER_2_KB_OFFICIAL_API
A10022999,exclusive_84_99,KB부동산 단지 시세/평형정보 | https://kbland.kr/map?complex=50324,TIER_2_KB_OFFICIAL_API
A10020289,exclusive_39_94,KB부동산 단지 시세/평형정보 | https://kbland.kr/map?complex=1072481,TIER_2_KB_OFFICIAL_API
A10020289,exclusive_59_78,KB부동산 단지 시세/평형정보 | https://kbland.kr/map?complex=1072481,TIER_2_KB_OFFICIAL_API
A10020289,exclusive_59_96,KB부동산 단지 시세/평형정보 | https://kbland.kr/map?complex=1072481,TIER_2_KB_OFFICIAL_API
A10020289,exclusive_75_47,KB부동산 단지 시세/평형정보 | https://kbland.kr/map?complex=1072481,TIER_2_KB_OFFICIAL_API
A10020289,exclusive_75_45,KB부동산 단지 시세/평형정보 | https://kbland.kr/map?complex=1072481,TIER_2_KB_OFFICIAL_API
A10020289,exclusive_75_34,KB부동산 단지 시세/평형정보 | https://kbland.kr/map?complex=1072481,TIER_2_KB_OFFICIAL_API
A10020289,exclusive_84_97,KB부동산 단지 시세/평형정보 | https://kbland.kr/map?complex=1072481,TIER_2_KB_OFFICIAL_API
A10020289,exclusive_84_99,KB부동산 단지 시세/평형정보 | https://kbland.kr/map?complex=1072481,TIER_2_KB_OFFICIAL_API
A10020289,exclusive_84_94,KB부동산 단지 시세/평형정보 | https://kbland.kr/map?complex=1072481,TIER_2_KB_OFFICIAL_API
A10024341,exclusive_39_75,KB부동산 단지 시세/평형정보 | https://kbland.kr/map?complex=42231,TIER_2_KB_OFFICIAL_API
A10024341,exclusive_59_92,KB부동산 단지 시세/평형정보 | https://kbland.kr/map?complex=42231,TIER_2_KB_OFFICIAL_API
A10024341,exclusive_59_98,KB부동산 단지 시세/평형정보 | https://kbland.kr/map?complex=42231,TIER_2_KB_OFFICIAL_API
A10024341,exclusive_59_99,KB부동산 단지 시세/평형정보 | https://kbland.kr/map?complex=42231,TIER_2_KB_OFFICIAL_API
A10024341,exclusive_74_95,KB부동산 단지 시세/평형정보 | https://kbland.kr/map?complex=42231,TIER_2_KB_OFFICIAL_API
A10024341,exclusive_74_98,KB부동산 단지 시세/평형정보 | https://kbland.kr/map?complex=42231,TIER_2_KB_OFFICIAL_API
A10024341,exclusive_84_92,KB부동산 단지 시세/평형정보 | https://kbland.kr/map?complex=42231,TIER_2_KB_OFFICIAL_API
A10024341,exclusive_84_94,KB부동산 단지 시세/평형정보 | https://kbland.kr/map?complex=42231,TIER_2_KB_OFFICIAL_API
A10024341,exclusive_84_95,KB부동산 단지 시세/평형정보 | https://kbland.kr/map?complex=42231,TIER_2_KB_OFFICIAL_API
A10027790,exclusive_39_98,KB부동산 단지 시세/평형정보 | https://kbland.kr/map?complex=28225,TIER_2_KB_OFFICIAL_API
A10027790,exclusive_69_98,KB부동산 단지 시세/평형정보 | https://kbland.kr/map?complex=28225,TIER_2_KB_OFFICIAL_API
A10027790,exclusive_69_98_27평B,KB부동산 단지 시세/평형정보 | https://kbland.kr/map?complex=28225,TIER_2_KB_OFFICIAL_API
A10027790,exclusive_84_98,KB부동산 단지 시세/평형정보 | https://kbland.kr/map?complex=28225,TIER_2_KB_OFFICIAL_API
A10027790,exclusive_84_98_33평B,KB부동산 단지 시세/평형정보 | https://kbland.kr/map?complex=28225,TIER_2_KB_OFFICIAL_API
A10027790,exclusive_100_98,KB부동산 단지 시세/평형정보 | https://kbland.kr/map?complex=28225,TIER_2_KB_OFFICIAL_API
A10027790,exclusive_100_98_39평B,KB부동산 단지 시세/평형정보 | https://kbland.kr/map?complex=28225,TIER_2_KB_OFFICIAL_API
A10022405,exclusive_39_66,KB부동산 단지 시세/평형정보 | https://kbland.kr/map?complex=503420,TIER_2_KB_OFFICIAL_API
A10022405,exclusive_39_71,KB부동산 단지 시세/평형정보 | https://kbland.kr/map?complex=503420,TIER_2_KB_OFFICIAL_API
A10022405,exclusive_59_99,KB부동산 단지 시세/평형정보 | https://kbland.kr/map?complex=503420,TIER_2_KB_OFFICIAL_API
A10022405,exclusive_59_97,KB부동산 단지 시세/평형정보 | https://kbland.kr/map?complex=503420,TIER_2_KB_OFFICIAL_API
A10022405,exclusive_74_71,KB부동산 단지 시세/평형정보 | https://kbland.kr/map?complex=503420,TIER_2_KB_OFFICIAL_API
A10022405,exclusive_74_74,KB부동산 단지 시세/평형정보 | https://kbland.kr/map?complex=503420,TIER_2_KB_OFFICIAL_API
A10022405,exclusive_84_98,KB부동산 단지 시세/평형정보 | https://kbland.kr/map?complex=503420,TIER_2_KB_OFFICIAL_API
A10022405,exclusive_84_98_34평B,KB부동산 단지 시세/평형정보 | https://kbland.kr/map?complex=503420,TIER_2_KB_OFFICIAL_API
A10026484,exclusive_59_81,KB부동산 단지 시세/평형정보 | https://kbland.kr/map?complex=31062,TIER_2_KB_OFFICIAL_API
A10026484,exclusive_74_99,KB부동산 단지 시세/평형정보 | https://kbland.kr/map?complex=31062,TIER_2_KB_OFFICIAL_API
A10026484,exclusive_84_96,KB부동산 단지 시세/평형정보 | https://kbland.kr/map?complex=31062,TIER_2_KB_OFFICIAL_API
A10026484,exclusive_84_76,KB부동산 단지 시세/평형정보 | https://kbland.kr/map?complex=31062,TIER_2_KB_OFFICIAL_API
A10026484,exclusive_84_96_33평D,KB부동산 단지 시세/평형정보 | https://kbland.kr/map?complex=31062,TIER_2_KB_OFFICIAL_API
A10026484,exclusive_84_91,KB부동산 단지 시세/평형정보 | https://kbland.kr/map?complex=31062,TIER_2_KB_OFFICIAL_API
A10026484,exclusive_84_98,KB부동산 단지 시세/평형정보 | https://kbland.kr/map?complex=31062,TIER_2_KB_OFFICIAL_API
A61202011,exclusive_53_1,KB부동산 단지 시세/평형정보 | https://kbland.kr/map?complex=26554,TIER_2_KB_OFFICIAL_API
A61202011,exclusive_84_99,KB부동산 단지 시세/평형정보 | https://kbland.kr/map?complex=26554,TIER_2_KB_OFFICIAL_API
A61202011,exclusive_84_97,KB부동산 단지 시세/평형정보 | https://kbland.kr/map?complex=26554,TIER_2_KB_OFFICIAL_API
A61202011,exclusive_84_99_34평C,KB부동산 단지 시세/평형정보 | https://kbland.kr/map?complex=26554,TIER_2_KB_OFFICIAL_API
A61202011,exclusive_84_97_35평D,KB부동산 단지 시세/평형정보 | https://kbland.kr/map?complex=26554,TIER_2_KB_OFFICIAL_API
A61202011,exclusive_105_99,KB부동산 단지 시세/평형정보 | https://kbland.kr/map?complex=26554,TIER_2_KB_OFFICIAL_API
A61202011,exclusive_124_67,KB부동산 단지 시세/평형정보 | https://kbland.kr/map?complex=26554,TIER_2_KB_OFFICIAL_API
A61202011,exclusive_126_71,KB부동산 단지 시세/평형정보 | https://kbland.kr/map?complex=26554,TIER_2_KB_OFFICIAL_API
A61288603,exclusive_59_86,KB부동산 단지 시세/평형정보 | https://kbland.kr/map?complex=25695,TIER_2_KB_OFFICIAL_API
A61288603,exclusive_84_98,KB부동산 단지 시세/평형정보 | https://kbland.kr/map?complex=25695,TIER_2_KB_OFFICIAL_API
A61288603,exclusive_84_98_33평B,KB부동산 단지 시세/평형정보 | https://kbland.kr/map?complex=25695,TIER_2_KB_OFFICIAL_API
A61288603,exclusive_101_59,KB부동산 단지 시세/평형정보 | https://kbland.kr/map?complex=25695,TIER_2_KB_OFFICIAL_API
A61288603,exclusive_114_43,KB부동산 단지 시세/평형정보 | https://kbland.kr/map?complex=25695,TIER_2_KB_OFFICIAL_API
A61288603,exclusive_123_05,KB부동산 단지 시세/평형정보 | https://kbland.kr/map?complex=25695,TIER_2_KB_OFFICIAL_API
A61288603,exclusive_140_73,KB부동산 단지 시세/평형정보 | https://kbland.kr/map?complex=25695,TIER_2_KB_OFFICIAL_API
A10023969,exclusive_39_98,KB부동산 단지 시세/평형정보 | https://kbland.kr/map?complex=44308,TIER_2_KB_OFFICIAL_API
A10023969,exclusive_39_98_18평A,KB부동산 단지 시세/평형정보 | https://kbland.kr/map?complex=44308,TIER_2_KB_OFFICIAL_API
A10023969,exclusive_59_94,KB부동산 단지 시세/평형정보 | https://kbland.kr/map?complex=44308,TIER_2_KB_OFFICIAL_API
A10023969,exclusive_59_79,KB부동산 단지 시세/평형정보 | https://kbland.kr/map?complex=44308,TIER_2_KB_OFFICIAL_API
A10023969,exclusive_74_99,KB부동산 단지 시세/평형정보 | https://kbland.kr/map?complex=44308,TIER_2_KB_OFFICIAL_API
A10023969,exclusive_84_97,KB부동산 단지 시세/평형정보 | https://kbland.kr/map?complex=44308,TIER_2_KB_OFFICIAL_API
A10023969,exclusive_84_85,KB부동산 단지 시세/평형정보 | https://kbland.kr/map?complex=44308,TIER_2_KB_OFFICIAL_API
A10023969,exclusive_84_93,KB부동산 단지 시세/평형정보 | https://kbland.kr/map?complex=44308,TIER_2_KB_OFFICIAL_API
A10023526,exclusive_39_92,KB부동산 단지 시세/평형정보 | https://kbland.kr/map?complex=43374,TIER_2_KB_OFFICIAL_API
A10023526,exclusive_59_97,KB부동산 단지 시세/평형정보 | https://kbland.kr/map?complex=43374,TIER_2_KB_OFFICIAL_API
A10023526,exclusive_74_67,KB부동산 단지 시세/평형정보 | https://kbland.kr/map?complex=43374,TIER_2_KB_OFFICIAL_API
A10023526,exclusive_84_96,KB부동산 단지 시세/평형정보 | https://kbland.kr/map?complex=43374,TIER_2_KB_OFFICIAL_API
A10023526,exclusive_84_95,KB부동산 단지 시세/평형정보 | https://kbland.kr/map?complex=43374,TIER_2_KB_OFFICIAL_API
A10023526,exclusive_84_9,KB부동산 단지 시세/평형정보 | https://kbland.kr/map?complex=43374,TIER_2_KB_OFFICIAL_API
A61377106,exclusive_59_94,KB부동산 단지 시세/평형정보 | https://kbland.kr/map?complex=23666,TIER_2_KB_OFFICIAL_API
A61377106,exclusive_84_89,KB부동산 단지 시세/평형정보 | https://kbland.kr/map?complex=23666,TIER_2_KB_OFFICIAL_API
A61377106,exclusive_84_91,KB부동산 단지 시세/평형정보 | https://kbland.kr/map?complex=23666,TIER_2_KB_OFFICIAL_API
A61377106,exclusive_84_93,KB부동산 단지 시세/평형정보 | https://kbland.kr/map?complex=23666,TIER_2_KB_OFFICIAL_API
A61377106,exclusive_84_83,KB부동산 단지 시세/평형정보 | https://kbland.kr/map?complex=23666,TIER_2_KB_OFFICIAL_API
A61377106,exclusive_99_14,KB부동산 단지 시세/평형정보 | https://kbland.kr/map?complex=23666,TIER_2_KB_OFFICIAL_API
A61377106,exclusive_129_72,KB부동산 단지 시세/평형정보 | https://kbland.kr/map?complex=23666,TIER_2_KB_OFFICIAL_API
A61377106,exclusive_128_6,KB부동산 단지 시세/평형정보 | https://kbland.kr/map?complex=23666,TIER_2_KB_OFFICIAL_API
A61377106,exclusive_154_18,KB부동산 단지 시세/평형정보 | https://kbland.kr/map?complex=23666,TIER_2_KB_OFFICIAL_API
A10023607,exclusive_39_36,KB부동산 단지 시세/평형정보 | https://kbland.kr/map?complex=46846,TIER_2_KB_OFFICIAL_API
A10023607,exclusive_59_18,KB부동산 단지 시세/평형정보 | https://kbland.kr/map?complex=46846,TIER_2_KB_OFFICIAL_API
A10023607,exclusive_59_95,KB부동산 단지 시세/평형정보 | https://kbland.kr/map?complex=46846,TIER_2_KB_OFFICIAL_API
A10023607,exclusive_84_12,KB부동산 단지 시세/평형정보 | https://kbland.kr/map?complex=46846,TIER_2_KB_OFFICIAL_API
A10023607,exclusive_84_42,KB부동산 단지 시세/평형정보 | https://kbland.kr/map?complex=46846,TIER_2_KB_OFFICIAL_API
A10023607,exclusive_84_49,KB부동산 단지 시세/평형정보 | https://kbland.kr/map?complex=46846,TIER_2_KB_OFFICIAL_API
A10023607,exclusive_92_04,KB부동산 단지 시세/평형정보 | https://kbland.kr/map?complex=46846,TIER_2_KB_OFFICIAL_API
A10023607,exclusive_93_36,KB부동산 단지 시세/평형정보 | https://kbland.kr/map?complex=46846,TIER_2_KB_OFFICIAL_API
A10023607,exclusive_107_35,KB부동산 단지 시세/평형정보 | https://kbland.kr/map?complex=46846,TIER_2_KB_OFFICIAL_API
A10023607,exclusive_107_52,KB부동산 단지 시세/평형정보 | https://kbland.kr/map?complex=46846,TIER_2_KB_OFFICIAL_API
A10023571,exclusive_39_72,KB부동산 단지 시세/평형정보 | https://kbland.kr/map?complex=46964,TIER_2_KB_OFFICIAL_API
A10023571,exclusive_59_92,KB부동산 단지 시세/평형정보 | https://kbland.kr/map?complex=46964,TIER_2_KB_OFFICIAL_API
A10023571,exclusive_73_67,KB부동산 단지 시세/평형정보 | https://kbland.kr/map?complex=46964,TIER_2_KB_OFFICIAL_API
A10023571,exclusive_84_87,KB부동산 단지 시세/평형정보 | https://kbland.kr/map?complex=46964,TIER_2_KB_OFFICIAL_API
A10023571,exclusive_84_85,KB부동산 단지 시세/평형정보 | https://kbland.kr/map?complex=46964,TIER_2_KB_OFFICIAL_API
A10023571,exclusive_84_91,KB부동산 단지 시세/평형정보 | https://kbland.kr/map?complex=46964,TIER_2_KB_OFFICIAL_API
A10023692,exclusive_55_99,KB부동산 단지 시세/평형정보 | https://kbland.kr/map?complex=47703,TIER_2_KB_OFFICIAL_API
A10023692,exclusive_55_99_23평B,KB부동산 단지 시세/평형정보 | https://kbland.kr/map?complex=47703,TIER_2_KB_OFFICIAL_API
A10023692,exclusive_55_99_23평C,KB부동산 단지 시세/평형정보 | https://kbland.kr/map?complex=47703,TIER_2_KB_OFFICIAL_API
A10023692,exclusive_59_99,KB부동산 단지 시세/평형정보 | https://kbland.kr/map?complex=47703,TIER_2_KB_OFFICIAL_API
A10023692,exclusive_59_99_25평B,KB부동산 단지 시세/평형정보 | https://kbland.kr/map?complex=47703,TIER_2_KB_OFFICIAL_API
A10024328,exclusive_39_74,KB부동산 단지 시세/평형정보 (),TIER_2_KB_OFFICIAL_API
A10024328,exclusive_59_99,KB부동산 단지 시세/평형정보 (),TIER_2_KB_OFFICIAL_API
A10024328,exclusive_73_9,KB부동산 단지 시세/평형정보 (),TIER_2_KB_OFFICIAL_API
A10024328,exclusive_74_45,KB부동산 단지 시세/평형정보 (),TIER_2_KB_OFFICIAL_API
A10024328,exclusive_84_42,KB부동산 단지 시세/평형정보 (),TIER_2_KB_OFFICIAL_API
A10024328,exclusive_84_51,KB부동산 단지 시세/평형정보 (),TIER_2_KB_OFFICIAL_API
A10023963,exclusive_59_93,KB부동산 단지 시세/평형정보 (),TIER_2_KB_OFFICIAL_API
A10023963,exclusive_73_82,KB부동산 단지 시세/평형정보 (),TIER_2_KB_OFFICIAL_API
A10023963,exclusive_73_63,KB부동산 단지 시세/평형정보 (),TIER_2_KB_OFFICIAL_API
A10023963,exclusive_84_87,KB부동산 단지 시세/평형정보 (),TIER_2_KB_OFFICIAL_API
A10023963,exclusive_73_63_29평,KB부동산 단지 시세/평형정보 (),TIER_2_KB_OFFICIAL_API
A10023963,exclusive_74_77,KB부동산 단지 시세/평형정보 (),TIER_2_KB_OFFICIAL_API
A10023625,exclusive_59_96,KB부동산 단지 시세/평형정보 (),TIER_2_KB_OFFICIAL_API
A10023625,exclusive_59_98,KB부동산 단지 시세/평형정보 (),TIER_2_KB_OFFICIAL_API
A10023625,exclusive_59_99,KB부동산 단지 시세/평형정보 (),TIER_2_KB_OFFICIAL_API
A10023625,exclusive_74_66,KB부동산 단지 시세/평형정보 (),TIER_2_KB_OFFICIAL_API
A10023625,exclusive_74_51,KB부동산 단지 시세/평형정보 (),TIER_2_KB_OFFICIAL_API
A10023625,exclusive_84_7,KB부동산 단지 시세/평형정보 (),TIER_2_KB_OFFICIAL_API
A10023625,exclusive_84_99,KB부동산 단지 시세/평형정보 (),TIER_2_KB_OFFICIAL_API
A10023625,exclusive_84_99_34평B,KB부동산 단지 시세/평형정보 (),TIER_2_KB_OFFICIAL_API
A10023625,exclusive_84_94,KB부동산 단지 시세/평형정보 (),TIER_2_KB_OFFICIAL_API
A10023625,exclusive_84_98,KB부동산 단지 시세/평형정보 (),TIER_2_KB_OFFICIAL_API
A10023625,exclusive_99_83,KB부동산 단지 시세/평형정보 (),TIER_2_KB_OFFICIAL_API
A10023625,exclusive_99_81,KB부동산 단지 시세/평형정보 (),TIER_2_KB_OFFICIAL_API
A10023625,exclusive_107_86,KB부동산 단지 시세/평형정보 (),TIER_2_KB_OFFICIAL_API
A10023625,exclusive_107_86_43평B,KB부동산 단지 시세/평형정보 (),TIER_2_KB_OFFICIAL_API
A10023625,exclusive_39_42,KB부동산 단지 시세/평형정보 (),TIER_2_KB_OFFICIAL_API
A10023625,exclusive_39_42_17평B,KB부동산 단지 시세/평형정보 (),TIER_2_KB_OFFICIAL_API
A10023625,exclusive_59_96_26평D,KB부동산 단지 시세/평형정보 (),TIER_2_KB_OFFICIAL_API
A10024602,exclusive_42_68,KB부동산 단지 시세/평형정보 (),TIER_2_KB_OFFICIAL_API
A10024602,exclusive_52_6,KB부동산 단지 시세/평형정보 (),TIER_2_KB_OFFICIAL_API
A10024602,exclusive_59_78,KB부동산 단지 시세/평형정보 (),TIER_2_KB_OFFICIAL_API
A10024602,exclusive_65_1,KB부동산 단지 시세/평형정보 (),TIER_2_KB_OFFICIAL_API
A10024602,exclusive_72_71,KB부동산 단지 시세/평형정보 (),TIER_2_KB_OFFICIAL_API
A10024602,exclusive_72_74,KB부동산 단지 시세/평형정보 (),TIER_2_KB_OFFICIAL_API
A10024602,exclusive_72_58,KB부동산 단지 시세/평형정보 (),TIER_2_KB_OFFICIAL_API
A10024602,exclusive_84_93,KB부동산 단지 시세/평형정보 (),TIER_2_KB_OFFICIAL_API
A10024602,exclusive_84_72,KB부동산 단지 시세/평형정보 (),TIER_2_KB_OFFICIAL_API
A10024602,exclusive_101_41,KB부동산 단지 시세/평형정보 (),TIER_2_KB_OFFICIAL_API
A10024602,exclusive_36_76,KB부동산 단지 시세/평형정보 (),TIER_2_KB_OFFICIAL_API
A10024602,exclusive_59_78_26평,KB부동산 단지 시세/평형정보 (),TIER_2_KB_OFFICIAL_API
A61481111,exclusive_60,KB부동산 단지 시세/평형정보 (),TIER_2_KB_OFFICIAL_API
A61481111,exclusive_59_99,KB부동산 단지 시세/평형정보 (),TIER_2_KB_OFFICIAL_API
A61481111,exclusive_84_99,KB부동산 단지 시세/평형정보 (),TIER_2_KB_OFFICIAL_API
A61481111,exclusive_118_47,KB부동산 단지 시세/평형정보 (),TIER_2_KB_OFFICIAL_API
A61481111,exclusive_134_92,KB부동산 단지 시세/평형정보 (),TIER_2_KB_OFFICIAL_API
A61481111,exclusive_164_97,KB부동산 단지 시세/평형정보 (),TIER_2_KB_OFFICIAL_API
A60802001,exclusive_59_99,KB부동산 단지 시세/평형정보 (),TIER_2_KB_OFFICIAL_API
A60802001,exclusive_84_36,KB부동산 단지 시세/평형정보 (),TIER_2_KB_OFFICIAL_API
A60802001,exclusive_84_38,KB부동산 단지 시세/평형정보 (),TIER_2_KB_OFFICIAL_API
A60802001,exclusive_84_92,KB부동산 단지 시세/평형정보 (),TIER_2_KB_OFFICIAL_API
A60802001,exclusive_84_69,KB부동산 단지 시세/평형정보 (),TIER_2_KB_OFFICIAL_API
A60802001,exclusive_102_14,KB부동산 단지 시세/평형정보 (),TIER_2_KB_OFFICIAL_API
A60802001,exclusive_99_98,KB부동산 단지 시세/평형정보 (),TIER_2_KB_OFFICIAL_API
A60802001,exclusive_99_51,KB부동산 단지 시세/평형정보 (),TIER_2_KB_OFFICIAL_API
A60802001,exclusive_102_38,KB부동산 단지 시세/평형정보 (),TIER_2_KB_OFFICIAL_API
A60802001,exclusive_115_07,KB부동산 단지 시세/평형정보 (),TIER_2_KB_OFFICIAL_API
A60802001,exclusive_118_19,KB부동산 단지 시세/평형정보 (),TIER_2_KB_OFFICIAL_API
A60802001,exclusive_118_32,KB부동산 단지 시세/평형정보 (),TIER_2_KB_OFFICIAL_API
A60802001,exclusive_115_29,KB부동산 단지 시세/평형정보 (),TIER_2_KB_OFFICIAL_API
A60802001,exclusive_134_05,KB부동산 단지 시세/평형정보 (),TIER_2_KB_OFFICIAL_API
A60802001,exclusive_134_54,KB부동산 단지 시세/평형정보 (),TIER_2_KB_OFFICIAL_API
A60802001,exclusive_134_45,KB부동산 단지 시세/평형정보 (),TIER_2_KB_OFFICIAL_API
A60802001,exclusive_155_58,KB부동산 단지 시세/평형정보 (),TIER_2_KB_OFFICIAL_API
A60802001,exclusive_155_39,KB부동산 단지 시세/평형정보 (),TIER_2_KB_OFFICIAL_API
A60802001,exclusive_163_69,KB부동산 단지 시세/평형정보 (),TIER_2_KB_OFFICIAL_API
A60802001,exclusive_163_68,KB부동산 단지 시세/평형정보 (),TIER_2_KB_OFFICIAL_API
A60802001,exclusive_95_86,KB부동산 단지 시세/평형정보 (),TIER_2_KB_OFFICIAL_API
A60802001,exclusive_96_15,KB부동산 단지 시세/평형정보 (),TIER_2_KB_OFFICIAL_API
A60802001,exclusive_109_7,KB부동산 단지 시세/평형정보 (),TIER_2_KB_OFFICIAL_API
A10024704,exclusive_72_58,KB부동산 단지 시세/평형정보 (),TIER_2_KB_OFFICIAL_API
A10024704,exclusive_74_6,KB부동산 단지 시세/평형정보 (),TIER_2_KB_OFFICIAL_API
A10024704,exclusive_79_62,KB부동산 단지 시세/평형정보 (),TIER_2_KB_OFFICIAL_API
A10024704,exclusive_79_96,KB부동산 단지 시세/평형정보 (),TIER_2_KB_OFFICIAL_API
A10024704,exclusive_84_61,KB부동산 단지 시세/평형정보 (),TIER_2_KB_OFFICIAL_API
A10024704,exclusive_84_67,KB부동산 단지 시세/평형정보 (),TIER_2_KB_OFFICIAL_API
A10024704,exclusive_84_39,KB부동산 단지 시세/평형정보 (),TIER_2_KB_OFFICIAL_API
A10024704,exclusive_84_61_32평D,KB부동산 단지 시세/평형정보 (),TIER_2_KB_OFFICIAL_API
A10024704,exclusive_84_66,KB부동산 단지 시세/평형정보 (),TIER_2_KB_OFFICIAL_API
A10024704,exclusive_72_58_29평B,KB부동산 단지 시세/평형정보 (),TIER_2_KB_OFFICIAL_API
A10024704,exclusive_84_39_34평E,KB부동산 단지 시세/평형정보 (),TIER_2_KB_OFFICIAL_API
A10024249,exclusive_59_96,KB부동산 단지 시세/평형정보 (),TIER_2_KB_OFFICIAL_API
A10024249,exclusive_59_96_25평B,KB부동산 단지 시세/평형정보 (),TIER_2_KB_OFFICIAL_API
A10024249,exclusive_74_98,KB부동산 단지 시세/평형정보 (),TIER_2_KB_OFFICIAL_API
A10024249,exclusive_84_95,KB부동산 단지 시세/평형정보 (),TIER_2_KB_OFFICIAL_API
A10024249,exclusive_84_98,KB부동산 단지 시세/평형정보 (),TIER_2_KB_OFFICIAL_API
A10024249,exclusive_75_28,KB부동산 단지 시세/평형정보 (),TIER_2_KB_OFFICIAL_API
A10023912,exclusive_59_81,KB부동산 단지 시세/평형정보 (),TIER_2_KB_OFFICIAL_API
A10023912,exclusive_75_95,KB부동산 단지 시세/평형정보 (),TIER_2_KB_OFFICIAL_API
A10023912,exclusive_75_95_30평B,KB부동산 단지 시세/평형정보 (),TIER_2_KB_OFFICIAL_API
A10023912,exclusive_84_93,KB부동산 단지 시세/평형정보 (),TIER_2_KB_OFFICIAL_API
A10023912,exclusive_84_96,KB부동산 단지 시세/평형정보 (),TIER_2_KB_OFFICIAL_API
A60608002,exclusive_48_45,KB부동산 단지 시세/평형정보 (),TIER_2_KB_OFFICIAL_API
A60608002,exclusive_52_05,KB부동산 단지 시세/평형정보 (),TIER_2_KB_OFFICIAL_API
A60608002,exclusive_53_85,KB부동산 단지 시세/평형정보 (),TIER_2_KB_OFFICIAL_API
A60608002,exclusive_56_01,KB부동산 단지 시세/평형정보 (),TIER_2_KB_OFFICIAL_API
A60608002,exclusive_58_8,KB부동산 단지 시세/평형정보 (),TIER_2_KB_OFFICIAL_API
A60608002,exclusive_61_05,KB부동산 단지 시세/평형정보 (),TIER_2_KB_OFFICIAL_API
A60608002,exclusive_66_09,KB부동산 단지 시세/평형정보 (),TIER_2_KB_OFFICIAL_API
A60608002,exclusive_84_45,KB부동산 단지 시세/평형정보 (),TIER_2_KB_OFFICIAL_API
A10028138,exclusive_59_76,KB부동산 단지 시세/평형정보 (),TIER_2_KB_OFFICIAL_API
A10028138,exclusive_59_9,KB부동산 단지 시세/평형정보 (),TIER_2_KB_OFFICIAL_API
A10028138,exclusive_59_76_25평A,KB부동산 단지 시세/평형정보 (),TIER_2_KB_OFFICIAL_API
A10028138,exclusive_59_63,KB부동산 단지 시세/평형정보 (),TIER_2_KB_OFFICIAL_API
A10028138,exclusive_71_04,KB부동산 단지 시세/평형정보 (),TIER_2_KB_OFFICIAL_API
A10028138,exclusive_73_57,KB부동산 단지 시세/평형정보 (),TIER_2_KB_OFFICIAL_API
A10028138,exclusive_84_97,KB부동산 단지 시세/평형정보 (),TIER_2_KB_OFFICIAL_API
A10028138,exclusive_84_95,KB부동산 단지 시세/평형정보 (),TIER_2_KB_OFFICIAL_API
A60472901,exclusive_84_55,KB부동산 단지 시세/평형정보 (),TIER_2_KB_OFFICIAL_API
A60472901,exclusive_84_77,KB부동산 단지 시세/평형정보 (),TIER_2_KB_OFFICIAL_API
A60472901,exclusive_84_99,KB부동산 단지 시세/평형정보 (),TIER_2_KB_OFFICIAL_API
A60472901,exclusive_104,KB부동산 단지 시세/평형정보 (),TIER_2_KB_OFFICIAL_API
A60472901,exclusive_104_66,KB부동산 단지 시세/평형정보 (),TIER_2_KB_OFFICIAL_API
A60472901,exclusive_105_19,KB부동산 단지 시세/평형정보 (),TIER_2_KB_OFFICIAL_API
A60472901,exclusive_121_96,KB부동산 단지 시세/평형정보 (),TIER_2_KB_OFFICIAL_API
A10020378,exclusive_84_9,KB부동산 단지 시세/평형정보 (),TIER_2_KB_OFFICIAL_API
A10020378,exclusive_84_95,KB부동산 단지 시세/평형정보 (),TIER_2_KB_OFFICIAL_API
A10020378,exclusive_95_34,KB부동산 단지 시세/평형정보 (),TIER_2_KB_OFFICIAL_API
A10020378,exclusive_93_79,KB부동산 단지 시세/평형정보 (),TIER_2_KB_OFFICIAL_API
A10020378,exclusive_95_38,KB부동산 단지 시세/평형정보 (),TIER_2_KB_OFFICIAL_API
A10020378,exclusive_99_66,KB부동산 단지 시세/평형정보 (),TIER_2_KB_OFFICIAL_API
A10020378,exclusive_103_2,KB부동산 단지 시세/평형정보 (),TIER_2_KB_OFFICIAL_API
A10020378,exclusive_110_44,KB부동산 단지 시세/평형정보 (),TIER_2_KB_OFFICIAL_API
A10027503,exclusive_59_89,KB부동산 단지 시세/평형정보 (),TIER_2_KB_OFFICIAL_API
A10027503,exclusive_59_99,KB부동산 단지 시세/평형정보 (),TIER_2_KB_OFFICIAL_API
A10027503,exclusive_59_95,KB부동산 단지 시세/평형정보 (),TIER_2_KB_OFFICIAL_API
A10024005,exclusive_59_96,KB부동산 단지 시세/평형정보 (),TIER_2_KB_OFFICIAL_API
A10024005,exclusive_59_97,KB부동산 단지 시세/평형정보 (),TIER_2_KB_OFFICIAL_API
A10024005,exclusive_59_99,KB부동산 단지 시세/평형정보 (),TIER_2_KB_OFFICIAL_API
A10024005,exclusive_74_86,KB부동산 단지 시세/평형정보 (),TIER_2_KB_OFFICIAL_API
A10024005,exclusive_84_81,KB부동산 단지 시세/평형정보 (),TIER_2_KB_OFFICIAL_API
A10024005,exclusive_84_88,KB부동산 단지 시세/평형정보 (),TIER_2_KB_OFFICIAL_API
A10024005,exclusive_84_87,KB부동산 단지 시세/평형정보 (),TIER_2_KB_OFFICIAL_API
A60879704,exclusive_59_95,KB부동산 단지 시세/평형정보 (),TIER_2_KB_OFFICIAL_API
A60879704,exclusive_84_84,KB부동산 단지 시세/평형정보 (),TIER_2_KB_OFFICIAL_API
A60879704,exclusive_115_45,KB부동산 단지 시세/평형정보 (),TIER_2_KB_OFFICIAL_API
A61282215,exclusive_70_45,KB부동산 단지 시세/평형정보 (),TIER_2_KB_OFFICIAL_API
A61282215,exclusive_84_22,KB부동산 단지 시세/평형정보 (),TIER_2_KB_OFFICIAL_API
A61282215,exclusive_115_45,KB부동산 단지 시세/평형정보 (),TIER_2_KB_OFFICIAL_API
A61282215,exclusive_134_65,KB부동산 단지 시세/평형정보 (),TIER_2_KB_OFFICIAL_API
A61282215,exclusive_142_86,KB부동산 단지 시세/평형정보 (),TIER_2_KB_OFFICIAL_API
A61282215,exclusive_163_34,KB부동산 단지 시세/평형정보 (),TIER_2_KB_OFFICIAL_API
A61282215,exclusive_173_08,KB부동산 단지 시세/평형정보 (),TIER_2_KB_OFFICIAL_API
A61282215,exclusive_191_8,KB부동산 단지 시세/평형정보 (),TIER_2_KB_OFFICIAL_API
A61203018,exclusive_59_81,KB부동산 단지 시세/평형정보 (),TIER_2_KB_OFFICIAL_API
A61203018,exclusive_59_81_22평B,KB부동산 단지 시세/평형정보 (),TIER_2_KB_OFFICIAL_API
A61203018,exclusive_84_97,KB부동산 단지 시세/평형정보 (),TIER_2_KB_OFFICIAL_API
A61203018,exclusive_101_98,KB부동산 단지 시세/평형정보 (),TIER_2_KB_OFFICIAL_API
A61203018,exclusive_134_11,KB부동산 단지 시세/평형정보 (),TIER_2_KB_OFFICIAL_API
A61203018,exclusive_164_84,KB부동산 단지 시세/평형정보 (),TIER_2_KB_OFFICIAL_API
A60482013,exclusive_49_08,KB부동산 단지 시세/평형정보 (),TIER_2_KB_OFFICIAL_API
A61776104,exclusive_59_76,KB부동산 단지 시세/평형정보 (),TIER_2_KB_OFFICIAL_API
A61776104,exclusive_59_88,KB부동산 단지 시세/평형정보 (),TIER_2_KB_OFFICIAL_API
A61776104,exclusive_84_99,KB부동산 단지 시세/평형정보 (),TIER_2_KB_OFFICIAL_API
A61776104,exclusive_113_59,KB부동산 단지 시세/평형정보 (),TIER_2_KB_OFFICIAL_API
A61776104,exclusive_129_06,KB부동산 단지 시세/평형정보 (),TIER_2_KB_OFFICIAL_API
A61990514,exclusive_59_85,KB부동산 단지 시세/평형정보 (),TIER_2_KB_OFFICIAL_API
A61990514,exclusive_84_98,KB부동산 단지 시세/평형정보 (),TIER_2_KB_OFFICIAL_API
A61990514,exclusive_99_9,KB부동산 단지 시세/평형정보 (),TIER_2_KB_OFFICIAL_API
A61970311,exclusive_46_2,KB부동산 단지 시세/평형정보 (),TIER_2_KB_OFFICIAL_API
A61970311,exclusive_59_83,KB부동산 단지 시세/평형정보 (),TIER_2_KB_OFFICIAL_API
A61970311,exclusive_59_92,KB부동산 단지 시세/평형정보 (),TIER_2_KB_OFFICIAL_API
A61990609,exclusive_32_76,KB부동산 단지 시세/평형정보 (),TIER_2_KB_OFFICIAL_API
A61990609,exclusive_39_3,KB부동산 단지 시세/평형정보 (),TIER_2_KB_OFFICIAL_API
A61990609,exclusive_39_69,KB부동산 단지 시세/평형정보 (),TIER_2_KB_OFFICIAL_API
A61990609,exclusive_39_99,KB부동산 단지 시세/평형정보 (),TIER_2_KB_OFFICIAL_API
A61990609,exclusive_42_48,KB부동산 단지 시세/평형정보 (),TIER_2_KB_OFFICIAL_API
A10028081,exclusive_65_65,KB부동산 단지 시세/평형정보 (),TIER_2_KB_OFFICIAL_API
A10028081,exclusive_74_16,KB부동산 단지 시세/평형정보 (),TIER_2_KB_OFFICIAL_API
A10028081,exclusive_84_97,KB부동산 단지 시세/평형정보 (),TIER_2_KB_OFFICIAL_API
A61990110,exclusive_59_88,KB부동산 단지 시세/평형정보 (),TIER_2_KB_OFFICIAL_API
A61990110,exclusive_84_78,KB부동산 단지 시세/평형정보 (),TIER_2_KB_OFFICIAL_API
A61990110,exclusive_84_88,KB부동산 단지 시세/평형정보 (),TIER_2_KB_OFFICIAL_API
A61996106,exclusive_59_89,KB부동산 단지 시세/평형정보 (),TIER_2_KB_OFFICIAL_API
A61996106,exclusive_59_99,KB부동산 단지 시세/평형정보 (),TIER_2_KB_OFFICIAL_API
A61996106,exclusive_84_96,KB부동산 단지 시세/평형정보 (),TIER_2_KB_OFFICIAL_API
A10022267,exclusive_38_5,KB부동산 단지 시세/평형정보 (),TIER_2_KB_OFFICIAL_API
A10022267,exclusive_59_76,KB부동산 단지 시세/평형정보 (),TIER_2_KB_OFFICIAL_API
A10022267,exclusive_59_76_24평A,KB부동산 단지 시세/평형정보 (),TIER_2_KB_OFFICIAL_API
A10022267,exclusive_74_97,KB부동산 단지 시세/평형정보 (),TIER_2_KB_OFFICIAL_API
A10022267,exclusive_74_96,KB부동산 단지 시세/평형정보 (),TIER_2_KB_OFFICIAL_API
A10022267,exclusive_74_96_30평B,KB부동산 단지 시세/평형정보 (),TIER_2_KB_OFFICIAL_API
A10022267,exclusive_84_89,KB부동산 단지 시세/평형정보 (),TIER_2_KB_OFFICIAL_API
A10022267,exclusive_84_93,KB부동산 단지 시세/평형정보 (),TIER_2_KB_OFFICIAL_API
A10022267,exclusive_101_99,KB부동산 단지 시세/평형정보 (),TIER_2_KB_OFFICIAL_API
A10020870,exclusive_39_56,KB부동산 단지 시세/평형정보 (),TIER_2_KB_OFFICIAL_API
A10020870,exclusive_46_25,KB부동산 단지 시세/평형정보 (),TIER_2_KB_OFFICIAL_API
A10020870,exclusive_59_97,KB부동산 단지 시세/평형정보 (),TIER_2_KB_OFFICIAL_API
A10020870,exclusive_59_97_27평A3,KB부동산 단지 시세/평형정보 (),TIER_2_KB_OFFICIAL_API
A10020870,exclusive_59_97_27평A2,KB부동산 단지 시세/평형정보 (),TIER_2_KB_OFFICIAL_API
A10020870,exclusive_72_37,KB부동산 단지 시세/평형정보 (),TIER_2_KB_OFFICIAL_API
A10020870,exclusive_72_27,KB부동산 단지 시세/평형정보 (),TIER_2_KB_OFFICIAL_API
A10020870,exclusive_72_27_31평C-2,KB부동산 단지 시세/평형정보 (),TIER_2_KB_OFFICIAL_API
A10020870,exclusive_72_37_31평A-3,KB부동산 단지 시세/평형정보 (),TIER_2_KB_OFFICIAL_API
A10020870,exclusive_72_38,KB부동산 단지 시세/평형정보 (),TIER_2_KB_OFFICIAL_API
A10020870,exclusive_72_38_31평B-2,KB부동산 단지 시세/평형정보 (),TIER_2_KB_OFFICIAL_API
A10020870,exclusive_72_37_31평A-2,KB부동산 단지 시세/평형정보 (),TIER_2_KB_OFFICIAL_API
A10020870,exclusive_84_92,KB부동산 단지 시세/평형정보 (),TIER_2_KB_OFFICIAL_API
A10020870,exclusive_84_92_35평A-3,KB부동산 단지 시세/평형정보 (),TIER_2_KB_OFFICIAL_API
A10020870,exclusive_84_89,KB부동산 단지 시세/평형정보 (),TIER_2_KB_OFFICIAL_API
A10020870,exclusive_84_92_36평C-2,KB부동산 단지 시세/평형정보 (),TIER_2_KB_OFFICIAL_API
A10020870,exclusive_84_92_36평A-2,KB부동산 단지 시세/평형정보 (),TIER_2_KB_OFFICIAL_API
A10020870,exclusive_84_92_36평A-1,KB부동산 단지 시세/평형정보 (),TIER_2_KB_OFFICIAL_API
A10020870,exclusive_100_94,KB부동산 단지 시세/평형정보 (),TIER_2_KB_OFFICIAL_API
A10027690,exclusive_59_9,KB부동산 단지 시세/평형정보 (),TIER_2_KB_OFFICIAL_API
A10027690,exclusive_84_91,KB부동산 단지 시세/평형정보 (),TIER_2_KB_OFFICIAL_API
A10027690,exclusive_84_97,KB부동산 단지 시세/평형정보 (),TIER_2_KB_OFFICIAL_API
A10027690,exclusive_84_82,KB부동산 단지 시세/평형정보 (),TIER_2_KB_OFFICIAL_API
A10027690,exclusive_108_27,KB부동산 단지 시세/평형정보 (),TIER_2_KB_OFFICIAL_API
A10027690,exclusive_108_73,KB부동산 단지 시세/평형정보 (),TIER_2_KB_OFFICIAL_API
A10027690,exclusive_108_79,KB부동산 단지 시세/평형정보 (),TIER_2_KB_OFFICIAL_API
A10027690,exclusive_125_94,KB부동산 단지 시세/평형정보 (),TIER_2_KB_OFFICIAL_API
A10027690,exclusive_126_56,KB부동산 단지 시세/평형정보 (),TIER_2_KB_OFFICIAL_API
A10027690,exclusive_84_97_34평B,KB부동산 단지 시세/평형정보 (),TIER_2_KB_OFFICIAL_API
A10027690,exclusive_84_82_34평A,KB부동산 단지 시세/평형정보 (),TIER_2_KB_OFFICIAL_API
A10023975,exclusive_59_98,KB부동산 단지 시세/평형정보 (),TIER_2_KB_OFFICIAL_API
A10023975,exclusive_59_9,KB부동산 단지 시세/평형정보 (),TIER_2_KB_OFFICIAL_API
A10023975,exclusive_75_52,KB부동산 단지 시세/평형정보 (),TIER_2_KB_OFFICIAL_API
A10023975,exclusive_75_95,KB부동산 단지 시세/평형정보 (),TIER_2_KB_OFFICIAL_API
A10023975,exclusive_84_98,KB부동산 단지 시세/평형정보 (),TIER_2_KB_OFFICIAL_API
A10023975,exclusive_84_98_34평D,KB부동산 단지 시세/평형정보 (),TIER_2_KB_OFFICIAL_API
A10023975,exclusive_84_94,KB부동산 단지 시세/평형정보 (),TIER_2_KB_OFFICIAL_API
A10023975,exclusive_84_99,KB부동산 단지 시세/평형정보 (),TIER_2_KB_OFFICIAL_API
A10023975,exclusive_89_67,KB부동산 단지 시세/평형정보 (),TIER_2_KB_OFFICIAL_API
A10023975,exclusive_89_67_36평B,KB부동산 단지 시세/평형정보 (),TIER_2_KB_OFFICIAL_API
A10023975,exclusive_100_85,KB부동산 단지 시세/평형정보 (),TIER_2_KB_OFFICIAL_API
A10023975,exclusive_114_83,KB부동산 단지 시세/평형정보 (),TIER_2_KB_OFFICIAL_API
A10023975,exclusive_114_91,KB부동산 단지 시세/평형정보 (),TIER_2_KB_OFFICIAL_API
A10023975,exclusive_75_52_31평A,KB부동산 단지 시세/평형정보 (),TIER_2_KB_OFFICIAL_API
A10023975,exclusive_89_67_35평B,KB부동산 단지 시세/평형정보 (),TIER_2_KB_OFFICIAL_API
A10023975,exclusive_29_89,KB부동산 단지 시세/평형정보 (),TIER_2_KB_OFFICIAL_API
A10023975,exclusive_49_85,KB부동산 단지 시세/평형정보 (),TIER_2_KB_OFFICIAL_API
A10028145,exclusive_59_78,KB부동산 단지 시세/평형정보 (),TIER_2_KB_OFFICIAL_API
A10028145,exclusive_84_57,KB부동산 단지 시세/평형정보 (),TIER_2_KB_OFFICIAL_API
A10028145,exclusive_84_57_30평D,KB부동산 단지 시세/평형정보 (),TIER_2_KB_OFFICIAL_API
A10028145,exclusive_84_48,KB부동산 단지 시세/평형정보 (),TIER_2_KB_OFFICIAL_API
A10028145,exclusive_84_67,KB부동산 단지 시세/평형정보 (),TIER_2_KB_OFFICIAL_API
A10028145,exclusive_122_53,KB부동산 단지 시세/평형정보 (),TIER_2_KB_OFFICIAL_API
A10024318,exclusive_51_58,KB부동산 단지 시세/평형정보 (),TIER_2_KB_OFFICIAL_API
A10024318,exclusive_59_96,KB부동산 단지 시세/평형정보 (),TIER_2_KB_OFFICIAL_API
A10024318,exclusive_59_91,KB부동산 단지 시세/평형정보 (),TIER_2_KB_OFFICIAL_API
A10024318,exclusive_74_92,KB부동산 단지 시세/평형정보 (),TIER_2_KB_OFFICIAL_API
A10024318,exclusive_84_93,KB부동산 단지 시세/평형정보 (),TIER_2_KB_OFFICIAL_API
A10024318,exclusive_84_91,KB부동산 단지 시세/평형정보 (),TIER_2_KB_OFFICIAL_API
A10025923,exclusive_74_84,KB부동산 단지 시세/평형정보 (),TIER_2_KB_OFFICIAL_API
A10025923,exclusive_74_9,KB부동산 단지 시세/평형정보 (),TIER_2_KB_OFFICIAL_API
A10025923,exclusive_74_9_29평A1,KB부동산 단지 시세/평형정보 (),TIER_2_KB_OFFICIAL_API
A10025923,exclusive_84_88,KB부동산 단지 시세/평형정보 (),TIER_2_KB_OFFICIAL_API
A61872201,exclusive_147_1,KB부동산 단지 시세/평형정보 (),TIER_2_KB_OFFICIAL_API
A61872202,exclusive_147_1,KB부동산 단지 시세/평형정보 (),TIER_2_KB_OFFICIAL_API
A10022890,exclusive_59_98,KB부동산 단지 시세/평형정보 (),TIER_2_KB_OFFICIAL_API
A10022890,exclusive_59_99,KB부동산 단지 시세/평형정보 (),TIER_2_KB_OFFICIAL_API
A10022890,exclusive_84_82,KB부동산 단지 시세/평형정보 (),TIER_2_KB_OFFICIAL_API
A10022890,exclusive_84_98,KB부동산 단지 시세/평형정보 (),TIER_2_KB_OFFICIAL_API
A10022890,exclusive_75_93,KB부동산 단지 시세/평형정보 (),TIER_2_KB_OFFICIAL_API
A10022890,exclusive_75_9,KB부동산 단지 시세/평형정보 (),TIER_2_KB_OFFICIAL_API
A10022890,exclusive_101_65,KB부동산 단지 시세/평형정보 (),TIER_2_KB_OFFICIAL_API
A10022890,exclusive_101_86,KB부동산 단지 시세/평형정보 (),TIER_2_KB_OFFICIAL_API
A10022890,exclusive_114_64,KB부동산 단지 시세/평형정보 (),TIER_2_KB_OFFICIAL_API
A10022890,exclusive_114_94,KB부동산 단지 시세/평형정보 (),TIER_2_KB_OFFICIAL_API
A10022890,exclusive_39_43,KB부동산 단지 시세/평형정보 (),TIER_2_KB_OFFICIAL_API
A10022890,exclusive_49_86,KB부동산 단지 시세/평형정보 (),TIER_2_KB_OFFICIAL_API
A10022890,exclusive_49_86_22평A,KB부동산 단지 시세/평형정보 (),TIER_2_KB_OFFICIAL_API
